batch_idx,num_blocks,num_txs,threads,merge_cap,seq_time_s,seq_tput,par_time_s,par_tput,concat_time_s,concat_tput,cgraph_time_s,cgraph_tput,graph_time_s,graph_tput,integrated_time_s,integrated_tput,vegeta_time_s,vegeta_tput,phase_pre_execute_s,phase_graph_build_s,phase_integrate_s,phase_execute_s,phase_total_s,vegeta_speculate_s,num_integrated_groups,omakase_graph_bytes,vegeta_sched_bytes,calldata_bytes,par_re_exec,par_validation_aborts,par_cascade_aborts,par_wrote_new_loc,concat_re_exec,concat_validation_aborts,concat_cascade_aborts,concat_wrote_new_loc,cgraph_re_exec,cgraph_validation_aborts,cgraph_cascade_aborts,cgraph_wrote_new_loc,graph_re_exec,graph_validation_aborts,graph_cascade_aborts,graph_wrote_new_loc,integ_re_exec,integ_validation_aborts,integ_cascade_aborts,integ_wrote_new_loc,vegeta_re_exec,vegeta_validation_aborts,vegeta_cascade_aborts,vegeta_wrote_new_loc,digest_seq,digest_par,digest_concat,logical_seq,logical_integ,logical_vegeta
0,50,6989,8,10,0.571213,12235.37,0.254361,27476.69,0.177823,39303.08,0.151524,46124.66,0.240320,29082.11,0.207226,33726.47,0.387866,18019.09,0.578775,0.040068,0.052272,0.207226,0.878341,0.088391,35,605707,700587,4866580,4293,0,0,0,6720,0,0,0,0,0,0,0,0,0,0,0,0,0,0,0,0,0,0,0,3476563824499336429,3476563824499336429,3476563824499336429,15200431971007624194,15200431971007624194,15200431971007624194
1,50,6690,8,10,0.607427,11013.68,0.279614,23925.86,0.175371,38147.59,0.156924,42631.98,0.261961,25538.17,0.216886,30845.66,0.401415,16666.06,0.608811,0.043575,0.047948,0.216886,0.917220,0.080815,31,621379,673229,4772744,3440,0,0,0,6811,0,0,0,0,0,0,0,0,0,0,0,0,0,0,0,0,0,0,0,10603272714092645717,10603272714092645717,10603272714092645717,5761159389541779451,5761159389541779451,5761159389541779451
2,50,7072,8,10,0.648029,10913.09,0.307155,23024.20,0.172191,41070.75,0.144810,48836.27,0.285008,24813.30,0.241539,29278.94,0.420016,16837.47,0.654809,0.042954,0.048359,0.241539,0.987660,0.086246,32,627621,704501,4892640,4128,0,0,0,6015,0,0,0,0,0,0,0,0,0,0,0,0,0,0,0,0,0,0,0,627083677640450968,627083677640450968,627083677640450968,968356864525223812,968356864525223812,968356864525223812
3,50,7481,8,10,0.629480,11884.42,0.267931,27921.40,0.164759,45405.75,0.148024,50539.13,0.245462,30477.19,0.223999,33397.42,0.426985,17520.50,0.634959,0.035779,0.037059,0.223999,0.931797,0.100433,36,621459,923334,5081828,5457,0,0,0,7626,0,0,0,0,0,0,0,0,0,0,0,0,0,0,0,0,0,0,0,16535823242510956479,16535823242510956479,16535823242510956479,2313455629592635345,2313455629592635345,2313455629592635345
4,50,6855,8,10,0.649642,10551.97,0.301597,22729.00,0.140682,48726.97,0.135981,50411.50,0.279486,24527.15,0.240086,28552.29,0.424454,16150.18,0.653674,0.034210,0.037707,0.240086,0.965677,0.084702,33,596839,636539,4906812,3049,0,0,0,4151,0,0,0,0,0,0,0,0,0,0,0,0,0,0,0,0,0,0,0,11007202485841022962,11007202485841022962,11007202485841022962,4135875871157336263,4135875871157336263,4135875871157336263
5,50,7076,8,10,0.575777,12289.48,0.237668,29772.60,0.146070,48442.57,0.131806,53684.95,0.226647,31220.38,0.204452,34609.61,0.352420,20078.29,0.582078,0.035428,0.036611,0.204452,0.858570,0.088604,38,619289,656684,4772880,2839,0,0,0,4950,0,0,0,0,0,0,0,0,0,0,0,0,0,0,0,0,0,0,0,12958455954013688511,12958455954013688511,12958455954013688511,9048998284835604403,9048998284835604403,9048998284835604403
6,50,7277,8,10,0.647681,11235.48,0.307730,23647.37,0.156049,46632.83,0.144679,50297.49,0.281865,25817.28,0.239489,30385.54,0.439225,16567.81,0.654675,0.035480,0.042728,0.239489,0.972372,0.093274,32,633403,747568,4958516,4388,0,0,0,5882,0,0,0,0,0,0,0,0,0,0,0,0,0,0,0,0,0,0,0,8008603675448931862,8008603675448931862,8008603675448931862,3455978990490605766,3455978990490605766,3455978990490605766
7,50,6624,8,10,0.614362,10781.92,0.297092,22296.12,0.150422,44036.25,0.142801,46386.32,0.282009,23488.58,0.229109,28912.02,0.409179,16188.50,0.620908,0.034539,0.041147,0.229109,0.925703,0.075305,27,605133,670998,4687680,3179,0,0,0,5082,0,0,0,0,0,0,0,0,0,0,0,0,0,0,0,0,0,0,0,18389321380492458203,18389321380492458203,18389321380492458203,7913619071373092485,7913619071373092485,7913619071373092485
8,50,7057,8,10,0.543383,12987.15,0.251723,28034.74,0.169912,41533.37,0.156353,45134.91,0.238601,29576.62,0.216752,32557.95,0.381447,18500.59,0.550485,0.038051,0.035936,0.216752,0.841224,0.088601,35,599631,718971,4911652,4602,0,0,0,7971,0,0,0,0,0,0,0,0,0,0,0,0,0,0,0,0,0,0,0,9209040104382841953,9209040104382841953,9209040104382841953,4653631279161211721,4653631279161211721,4653631279161211721
9,50,7009,8,10,0.586945,11941.50,0.249714,28068.08,0.154762,45288.88,0.145849,48056.64,0.236324,29658.42,0.215489,32525.95,0.363432,19285.59,0.589740,0.036947,0.034806,0.215489,0.876983,0.088406,39,603188,662763,4863876,2966,0,0,0,5285,0,0,0,0,0,0,0,0,0,0,0,0,0,0,0,0,0,0,0,5767212852351297570,5767212852351297570,5767212852351297570,8256325625970062867,8256325625970062867,8256325625970062867
10,50,6704,8,10,0.617005,10865.39,0.284141,23593.90,0.146512,45757.20,0.136973,48944.01,0.265585,25242.42,0.243520,27529.58,0.406020,16511.51,0.623290,0.033836,0.035501,0.243520,0.936146,0.078847,38,586747,625437,4750944,2722,0,0,0,5041,0,0,0,0,0,0,0,0,0,0,0,0,0,0,0,0,0,0,0,2778691264666042640,2778691264666042640,2778691264666042640,11037753917467948990,11037753917467948990,11037753917467948990
11,50,6671,8,10,0.598237,11151.11,0.262159,25446.39,0.172183,38743.73,0.155027,43031.33,0.242873,27467.05,0.219405,30404.89,0.381593,17481.97,0.599896,0.038399,0.036440,0.219405,0.894140,0.080763,34,580406,630111,4749468,3438,0,0,0,6048,0,0,0,0,0,0,0,0,0,0,0,0,0,0,0,0,0,0,0,2677751538418407242,2677751538418407242,2677751538418407242,3659147364645023878,3659147364645023878,3659147364645023878
12,50,7300,8,10,0.588169,12411.39,0.259165,28167.43,0.165038,44232.33,0.155950,46809.84,0.241325,30249.61,0.213283,34226.78,0.399268,18283.48,0.589746,0.036620,0.039073,0.213283,0.878721,0.089655,35,630472,769077,5126352,4827,0,0,0,7721,0,0,0,0,0,0,0,0,0,0,0,0,0,0,0,0,0,0,0,6300270687787679736,6300270687787679736,6300270687787679736,11633963139403555835,11633963139403555835,11633963139403555835
13,50,6760,8,10,0.825305,8190.91,0.496940,13603.25,0.343194,19697.30,0.309320,21854.36,0.437416,15454.40,0.344059,19647.82,0.600472,11257.81,0.833409,0.035031,0.048442,0.344059,1.260941,0.082952,18,624925,671230,4754848,3238,0,0,0,3221,0,0,0,0,0,0,0,0,0,0,0,0,0,0,0,0,0,0,0,5929285406915775442,5929285406915775442,5929285406915775442,15890090354195497643,15890090354195497643,15890090354195497643
14,50,6207,8,10,0.777909,7979.08,0.462004,13434.96,0.296456,20937.36,0.285997,21703.03,0.434222,14294.52,0.312727,19848.00,0.576850,10760.16,0.788029,0.026250,0.044165,0.312727,1.171170,0.066524,18,580368,644963,4349308,3196,0,0,0,1695,0,0,0,0,0,0,0,0,0,0,0,0,0,0,0,0,0,0,0,10017735517902047300,10017735517902047300,10017735517902047300,3102314785732151929,3102314785732151929,3102314785732151929
15,50,6890,8,10,0.664417,10370.00,0.388829,17719.85,0.242944,28360.39,0.184692,37305.36,0.369666,18638.44,0.299091,23036.45,0.508267,13555.86,0.670025,0.031475,0.043582,0.299091,1.044173,0.085401,22,561590,665110,4495400,3704,0,0,0,3752,0,0,0,0,0,0,0,0,0,0,0,0,0,0,0,0,0,0,0,13683836618440256741,13683836618440256741,13683836618440256741,1173555389140532928,1173555389140532928,1173555389140532928
16,50,6469,8,10,0.567928,11390.53,0.244370,26472.20,0.130548,49552.63,0.125513,51540.68,0.233958,27650.25,0.216036,29944.03,0.351036,18428.29,0.574965,0.033479,0.034955,0.216036,0.859436,0.075680,38,584500,613760,4601332,2396,0,0,0,4391,0,0,0,0,0,0,0,0,0,0,0,0,0,0,0,0,0,0,0,7695341129357160669,7695341129357160669,7695341129357160669,8359682066750310659,8359682066750310659,8359682066750310659
17,50,6947,8,10,0.599210,11593.59,0.252612,27500.63,0.173120,40128.34,0.162505,42749.35,0.241364,28782.29,0.220199,31548.76,0.370532,18748.72,0.603308,0.034137,0.036720,0.220199,0.894364,0.087427,40,630205,670160,5077932,3360,0,0,0,6666,0,0,0,0,0,0,0,0,0,0,0,0,0,0,0,0,0,0,0,8447759966964302882,8447759966964302882,8447759966964302882,3672749868537038303,3672749868537038303,3672749868537038303
18,50,7262,8,10,0.548379,13242.66,0.199530,36395.55,0.143442,50626.62,0.132571,54778.22,0.185350,39180.03,0.179490,40459.14,0.314798,23068.77,0.550631,0.036184,0.030662,0.179490,0.796968,0.095178,48,602655,711790,4956824,3851,0,0,0,5833,0,0,0,0,0,0,0,0,0,0,0,0,0,0,0,0,0,0,0,11447128538962730229,11447128538962730229,11447128538962730229,6119836332480847532,6119836332480847532,6119836332480847532
19,50,6822,8,10,0.656728,10387.86,0.302515,22550.93,0.169119,40338.44,0.135614,50304.69,0.270899,25182.85,0.241160,28288.33,0.406722,16773.12,0.660970,0.032446,0.039039,0.241160,0.973615,0.085920,37,627531,665051,4842424,2717,0,0,0,3882,0,0,0,0,0,0,0,0,0,0,0,0,0,0,0,0,0,0,0,8147616059601984741,8147616059601984741,8147616059601984741,7974346178235210327,7974346178235210327,7974346178235210327
20,50,6743,8,10,0.742029,9087.25,0.373263,18065.03,0.256279,26311.12,0.223937,30111.17,0.360075,18726.65,0.305225,22091.91,0.510715,13203.05,0.750689,0.028455,0.042301,0.305225,1.126671,0.084924,25,595601,684681,4788988,3708,0,0,0,3596,0,0,0,0,0,0,0,0,0,0,0,0,0,0,0,0,0,0,0,9550737671545444440,9550737671545444440,9550737671545444440,6652109311039125270,6652109311039125270,6652109311039125270
21,50,7482,8,10,0.627495,11923.60,0.315775,23694.08,0.152625,49022.24,0.129234,57894.91,0.304550,24567.41,0.268930,27821.35,0.427787,17489.99,0.632002,0.036927,0.038800,0.268930,0.976659,0.092267,34,610795,693450,4883816,3834,0,0,0,4921,0,0,0,0,0,0,0,0,0,0,0,0,0,0,0,0,0,0,0,14844997399583591753,14844997399583591753,14844997399583591753,5424629995309992718,5424629995309992718,5424629995309992718
22,50,7153,8,10,0.634449,11274.34,0.324061,22072.97,0.168428,42469.23,0.141213,50653.90,0.305890,23384.21,0.252303,28350.79,0.428500,16693.11,0.639617,0.036440,0.047129,0.252303,0.975490,0.090128,25,626246,675511,4833700,3350,0,0,0,4503,0,0,0,0,0,0,0,0,0,0,0,0,0,0,0,0,0,0,0,8586528721005886230,8586528721005886230,8586528721005886230,1601258157042392787,1601258157042392787,1601258157042392787
23,50,7259,8,10,0.659476,11007.23,0.313637,23144.56,0.165680,43813.31,0.140251,51757.20,0.302786,23974.07,0.253105,28679.76,0.463321,15667.33,0.665093,0.034737,0.043177,0.253105,0.996113,0.097215,28,630584,783734,4868076,5617,0,0,0,6831,0,0,0,0,0,0,0,0,0,0,0,0,0,0,0,0,0,0,0,1539215919866432352,1539215919866432352,1539215919866432352,7002900012103200984,7002900012103200984,7002900012103200984
24,50,6930,8,10,0.637217,10875.42,0.289822,23911.26,0.144612,47921.44,0.132608,52259.22,0.275464,25157.57,0.240833,28775.15,0.418833,16545.96,0.642733,0.035521,0.037391,0.240833,0.956477,0.083883,36,618804,678474,4829128,3296,0,0,0,4848,0,0,0,0,0,0,0,0,0,0,0,0,0,0,0,0,0,0,0,1104528882930906892,1104528882930906892,1104528882930906892,6399982940388702508,6399982940388702508,6399982940388702508
25,50,6250,8,10,0.572096,10924.75,0.267338,23378.60,0.137812,45351.60,0.118523,52732.41,0.251372,24863.57,0.198805,31437.77,0.373945,16713.69,0.576502,0.033177,0.040888,0.198805,0.849373,0.066709,22,598513,630323,4287528,2488,0,0,0,4100,0,0,0,0,0,0,0,0,0,0,0,0,0,0,0,0,0,0,0,9192229564305370423,9192229564305370423,9192229564305370423,15428002617586206726,15428002617586206726,15428002617586206726
26,50,7357,8,10,0.673624,10921.52,0.299160,24592.17,0.165566,44435.43,0.152357,48287.79,0.287389,25599.45,0.260420,28250.50,0.417311,17629.56,0.669782,0.038689,0.038124,0.260420,1.007015,0.109836,34,633905,733830,4987956,4340,0,0,0,4983,0,0,0,0,0,0,0,0,0,0,0,0,0,0,0,0,0,0,0,11557511515921873524,11557511515921873524,11557511515921873524,1352079773952597571,1352079773952597571,1352079773952597571
27,50,7093,8,10,0.585904,12106.09,0.275545,25741.74,0.162124,43750.58,0.153391,46241.43,0.252133,28131.95,0.229855,30858.53,0.399699,17745.85,0.588368,0.035050,0.036068,0.229855,0.889341,0.086749,35,595629,653309,4719508,3606,0,0,0,5416,0,0,0,0,0,0,0,0,0,0,0,0,0,0,0,0,0,0,0,14481030008495257153,14481030008495257153,14481030008495257153,9387896500708611129,9387896500708611129,9387896500708611129
28,50,6667,8,10,0.626375,10643.78,0.335798,19854.20,0.196963,33849.03,0.182456,36540.29,0.311305,21416.28,0.259338,25707.72,0.448835,14854.01,0.641838,0.032510,0.044521,0.259338,0.978208,0.078388,34,632535,682830,4758572,4100,0,0,0,7539,0,0,0,0,0,0,0,0,0,0,0,0,0,0,0,0,0,0,0,3304110710503884005,3304110710503884005,3304110710503884005,383005591154425778,383005591154425778,383005591154425778
29,50,7443,8,10,0.624720,11914.13,0.262790,28322.99,0.168849,44080.83,0.150793,49358.93,0.245937,30263.80,0.221504,33602.07,0.391814,18996.25,0.626182,0.035907,0.036669,0.221504,0.920262,0.092410,40,604231,730196,5023916,4418,0,0,0,6822,0,0,0,0,0,0,0,0,0,0,0,0,0,0,0,0,0,0,0,9257518110684247914,9257518110684247914,9257518110684247914,5121400642195113393,5121400642195113393,5121400642195113393
30,50,6455,8,10,0.543723,11871.86,0.227351,28392.23,0.166178,38843.90,0.164163,39320.69,0.215852,29904.77,0.207661,31084.30,0.335009,19268.17,0.549042,0.031726,0.035403,0.207661,0.823832,0.076562,39,580104,618259,4859324,2984,0,0,0,6581,0,0,0,0,0,0,0,0,0,0,0,0,0,0,0,0,0,0,0,13259705456524810376,13259705456524810376,13259705456524810376,17158739710521956318,17158739710521956318,17158739710521956318
31,50,6933,8,10,0.555844,12472.92,0.233671,29669.88,0.160693,43144.34,0.152034,45601.65,0.221190,31344.12,0.212866,32569.80,0.356119,19468.23,0.556725,0.032926,0.033767,0.212866,0.836284,0.081512,39,591961,676611,4868468,3321,0,0,0,6129,0,0,0,0,0,0,0,0,0,0,0,0,0,0,0,0,0,0,0,1237033726986740123,1237033726986740123,1237033726986740123,14893793501422111804,14893793501422111804,14893793501422111804
32,50,7507,8,10,0.604015,12428.49,0.287533,26108.32,0.176974,42418.66,0.166228,45160.82,0.267822,28029.77,0.226098,33202.46,0.419269,17904.98,0.605697,0.036986,0.047954,0.226098,0.916735,0.102328,31,647848,854908,5184588,5640,0,0,0,8529,0,0,0,0,0,0,0,0,0,0,0,0,0,0,0,0,0,0,0,11395421574727155245,11395421574727155245,11395421574727155245,17324437608918765815,17324437608918765815,17324437608918765815
33,50,6807,8,10,0.638956,10653.31,0.320945,21209.24,0.200726,33911.95,0.177332,38385.58,0.276375,24629.57,0.248747,27365.17,0.448228,15186.45,0.644694,0.033027,0.036645,0.248747,0.963112,0.079533,34,581238,632738,4696348,3821,0,0,0,6959,0,0,0,0,0,0,0,0,0,0,0,0,0,0,0,0,0,0,0,16664135252468510413,16664135252468510413,16664135252468510413,12185496192249419438,12185496192249419438,12185496192249419438
34,50,7145,8,10,0.537439,13294.53,0.268639,26597.05,0.199554,35804.82,0.180872,39503.18,0.249373,28651.87,0.226301,31572.98,0.366087,19517.22,0.542027,0.035399,0.034262,0.226301,0.837989,0.083523,38,582556,632726,4847684,3959,0,0,0,7962,0,0,0,0,0,0,0,0,0,0,0,0,0,0,0,0,0,0,0,6272937986779427910,6272937986779427910,6272937986779427910,12616290260051149171,12616290260051149171,12616290260051149171
35,50,7237,8,10,0.497699,14540.91,0.209249,34585.51,0.166557,43450.60,0.160062,45213.75,0.200539,36087.79,0.188355,38422.20,0.329054,21993.33,0.501830,0.034264,0.036867,0.188355,0.761315,0.091410,37,581144,693444,4978484,4650,0,0,0,8764,0,0,0,0,0,0,0,0,0,0,0,0,0,0,0,0,0,0,0,2156222875581455942,2156222875581455942,2156222875581455942,15186252286857334095,15186252286857334095,15186252286857334095
36,50,7170,8,10,0.533549,13438.30,0.237161,30232.67,0.189308,37874.87,0.182126,39368.44,0.225342,31818.32,0.213246,33623.19,0.376416,19048.05,0.537972,0.034645,0.036544,0.213246,0.822407,0.086276,39,604998,881103,5021032,5819,0,0,0,10217,0,0,0,0,0,0,0,0,0,0,0,0,0,0,0,0,0,0,0,9757193621098713358,9757193621098713358,9757193621098713358,10204676307896387687,10204676307896387687,10204676307896387687
37,50,7021,8,10,0.591977,11860.25,0.267588,26238.05,0.182230,38528.19,0.170560,41164.46,0.249483,28142.21,0.219981,31916.32,0.406266,17281.78,0.598063,0.037525,0.037282,0.219981,0.892851,0.085733,37,635459,721224,5036884,4187,0,0,0,8759,0,0,0,0,0,0,0,0,0,0,0,0,0,0,0,0,0,0,0,5804412806571837865,5804412806571837865,5804412806571837865,4369370245297978593,4369370245297978593,4369370245297978593
38,50,7455,8,10,0.618980,12044.01,0.273559,27251.92,0.203080,36709.60,0.189170,39408.93,0.261025,28560.47,0.232606,32049.96,0.416915,17881.36,0.620755,0.035790,0.038527,0.232606,0.927678,0.095881,35,622907,735232,5190780,5209,0,0,0,9643,0,0,0,0,0,0,0,0,0,0,0,0,0,0,0,0,0,0,0,17741869222881887074,17741869222881887074,17741869222881887074,14920918558653454004,14920918558653454004,14920918558653454004
39,50,7415,8,10,0.619565,11968.08,0.275553,26909.49,0.202654,36589.53,0.190250,38975.05,0.267515,27718.07,0.239248,30993.00,0.407267,18206.73,0.621953,0.037846,0.036819,0.239248,0.935866,0.093587,38,625473,679678,5111100,4011,0,0,0,7487,0,0,0,0,0,0,0,0,0,0,0,0,0,0,0,0,0,0,0,5896676410059330294,5896676410059330294,5896676410059330294,10406342228781257151,10406342228781257151,10406342228781257151
40,50,7371,8,10,0.564341,13061.24,0.230046,32041.38,0.209478,35187.44,0.189365,38924.85,0.226349,32564.80,0.213740,34485.81,0.366572,20107.90,0.570687,0.036954,0.035788,0.213740,0.857169,0.093217,38,622017,679962,5076300,4088,0,0,0,8917,0,0,0,0,0,0,0,0,0,0,0,0,0,0,0,0,0,0,0,759957090460984890,759957090460984890,759957090460984890,9415039361301033948,9415039361301033948,9415039361301033948
41,50,7503,8,10,0.601416,12475.56,0.263846,28437.03,0.185387,40472.11,0.178295,42081.99,0.249214,30106.60,0.217957,34424.27,0.399055,18801.92,0.604955,0.044467,0.038079,0.217957,0.905458,0.105747,40,632008,719258,5057212,4676,0,0,0,9032,0,0,0,0,0,0,0,0,0,0,0,0,0,0,0,0,0,0,0,10439239351247633426,10439239351247633426,10439239351247633426,18330101560584478860,18330101560584478860,18330101560584478860
42,50,7451,8,10,0.510305,14601.06,0.210115,35461.61,0.163942,45449.06,0.155855,47807.16,0.204596,36418.09,0.193735,38459.84,0.337933,22048.72,0.516161,0.039902,0.035579,0.193735,0.785377,0.092645,39,605864,682554,4872012,4295,0,0,0,7683,0,0,0,0,0,0,0,0,0,0,0,0,0,0,0,0,0,0,0,7072337678099430735,7072337678099430735,7072337678099430735,1717557767782670076,1717557767782670076,1717557767782670076
43,50,7567,8,10,0.534524,14156.52,0.223257,33893.65,0.184950,40913.81,0.175937,43009.72,0.213904,35375.74,0.200396,37760.16,0.344535,21962.95,0.536473,0.035840,0.040039,0.200396,0.812749,0.098338,38,611592,681832,4985436,4313,0,0,0,8178,0,0,0,0,0,0,0,0,0,0,0,0,0,0,0,0,0,0,0,15747826789909336322,15747826789909336322,15747826789909336322,14873164911228263161,14873164911228263161,14873164911228263161
44,50,8064,8,10,0.575659,14008.30,0.220464,36577.41,0.189010,42664.46,0.175882,45848.93,0.207889,38789.99,0.195368,41276.04,0.342552,23540.96,0.577625,0.036681,0.037021,0.195368,0.846694,0.114218,41,652295,762575,5342176,4850,0,0,0,7853,0,0,0,0,0,0,0,0,0,0,0,0,0,0,0,0,0,0,0,12402855105063611290,12402855105063611290,12402855105063611290,7222752758228146557,7222752758228146557,7222752758228146557
45,50,8103,8,10,0.606509,13360.05,0.280647,28872.61,0.194548,41650.49,0.176482,45914.09,0.260873,31061.08,0.227427,35629.05,0.434827,18634.98,0.612263,0.037791,0.043513,0.227427,0.920993,0.106092,31,651838,778178,5470012,6566,0,0,0,10521,0,0,0,0,0,0,0,0,0,0,0,0,0,0,0,0,0,0,0,6497693555595097949,6497693555595097949,6497693555595097949,14667995151940398389,14667995151940398389,14667995151940398389
46,50,8088,8,10,0.525686,15385.62,0.247695,32653.00,0.207340,39008.31,0.198279,40791.05,0.236930,34136.66,0.224292,36060.06,0.412490,19607.75,0.531290,0.037096,0.039504,0.224292,0.832183,0.105600,39,643827,1024462,5310816,7786,0,0,0,11962,0,0,0,0,0,0,0,0,0,0,0,0,0,0,0,0,0,0,0,15580922632963901631,15580922632963901631,15580922632963901631,16945311545370070555,16945311545370070555,16945311545370070555
47,50,7522,8,10,0.543608,13837.19,0.234448,32083.88,0.194030,38767.18,0.175125,42952.25,0.228635,32899.53,0.209367,35927.26,0.374488,20086.08,0.555390,0.034971,0.038178,0.209367,0.837906,0.101965,35,623666,762141,4956584,4326,0,0,0,8145,0,0,0,0,0,0,0,0,0,0,0,0,0,0,0,0,0,0,0,6734818579979223144,6734818579979223144,6734818579979223144,10804605438244048298,10804605438244048298,10804605438244048298
48,50,7599,8,10,0.576361,13184.44,0.253749,29946.88,0.192714,39431.58,0.182682,41596.98,0.243726,31178.48,0.217998,34858.11,0.369452,20568.28,0.583766,0.033747,0.038182,0.217998,0.873693,0.096535,37,630801,699626,5160796,4464,0,0,0,8755,0,0,0,0,0,0,0,0,0,0,0,0,0,0,0,0,0,0,0,9527723532796644032,9527723532796644032,9527723532796644032,17765155243535418942,17765155243535418942,17765155243535418942
49,50,7794,8,10,0.531930,14652.31,0.221510,35185.72,0.182035,42815.97,0.175085,44515.55,0.210085,37099.35,0.197799,39403.73,0.347576,22423.85,0.539232,0.037432,0.034531,0.197799,0.808994,0.102439,43,634696,736426,5230280,4782,0,0,0,8799,0,0,0,0,0,0,0,0,0,0,0,0,0,0,0,0,0,0,0,10583252088360655475,10583252088360655475,10583252088360655475,2884978068654572020,2884978068654572020,2884978068654572020
50,50,7869,8,10,0.625421,12581.92,0.263456,29868.41,0.222953,35294.38,0.198781,39586.32,0.250349,31432.17,0.229343,34311.12,0.406987,19334.76,0.626942,0.039531,0.046995,0.229343,0.942811,0.107444,38,667883,788903,5414228,5227,0,0,0,9705,0,0,0,0,0,0,0,0,0,0,0,0,0,0,0,0,0,0,0,8676390659842387594,8676390659842387594,8676390659842387594,15875648125430436503,15875648125430436503,15875648125430436503
51,50,7706,8,10,0.594596,12960.06,0.222181,34683.40,0.181941,42354.32,0.176532,43652.24,0.211541,36427.90,0.200960,38345.87,0.362692,21246.67,0.601833,0.033304,0.043884,0.200960,0.879981,0.104367,40,660453,712013,5347624,3887,0,0,0,8188,0,0,0,0,0,0,0,0,0,0,0,0,0,0,0,0,0,0,0,7155670931608852328,7155670931608852328,7155670931608852328,14274360652950568390,14274360652950568390,14274360652950568390
52,50,7640,8,10,0.612283,12477.90,0.292887,26085.17,0.211778,36075.56,0.200409,38122.10,0.271566,28133.10,0.251410,30388.59,0.418434,18258.55,0.619172,0.036919,0.036915,0.251410,0.944416,0.097765,40,654295,720115,5295360,4767,0,0,0,9391,0,0,0,0,0,0,0,0,0,0,0,0,0,0,0,0,0,0,0,9247262284619601159,9247262284619601159,9247262284619601159,10691178944062959334,10691178944062959334,10691178944062959334
53,50,7364,8,10,0.550077,13387.21,0.226817,32466.68,0.186364,39514.09,0.170549,43178.13,0.214768,34288.11,0.202943,36285.97,0.355650,20705.75,0.551266,0.034693,0.047386,0.202943,0.836288,0.090009,41,599119,652789,4882512,3680,0,0,0,7882,0,0,0,0,0,0,0,0,0,0,0,0,0,0,0,0,0,0,0,1507347278405871906,1507347278405871906,1507347278405871906,3002418867812798491,3002418867812798491,3002418867812798491
54,50,7620,8,10,0.580818,13119.42,0.232942,32711.98,0.175766,43353.02,0.172012,44299.27,0.223939,34027.06,0.216947,35123.72,0.358900,21231.55,0.587870,0.035760,0.048866,0.216947,0.889444,0.097897,41,633596,681431,5389552,3752,0,0,0,7432,0,0,0,0,0,0,0,0,0,0,0,0,0,0,0,0,0,0,0,11759878203887325311,11759878203887325311,11759878203887325311,6590501501335889911,6590501501335889911,6590501501335889911
55,50,8287,8,10,0.512728,16162.56,0.200226,41388.19,0.165380,50108.90,0.163572,50662.59,0.193661,42791.23,0.191757,43216.13,0.328463,25229.65,0.518030,0.040882,0.035333,0.191757,0.786002,0.112496,47,633050,724245,5371132,4988,0,0,0,8579,0,0,0,0,0,0,0,0,0,0,0,0,0,0,0,0,0,0,0,6301830073733979315,6301830073733979315,6301830073733979315,9527017385141190919,9527017385141190919,9527017385141190919
56,50,8829,8,10,0.568776,15522.80,0.235198,37538.61,0.169693,52029.27,0.159763,55263.19,0.218165,40469.34,0.208629,42319.11,0.396659,22258.40,0.565414,0.040771,0.040086,0.208629,0.854900,0.131885,41,672324,1123869,5627988,7294,0,0,0,10357,0,0,0,0,0,0,0,0,0,0,0,0,0,0,0,0,0,0,0,17359330701402027190,17359330701402027190,17359330701402027190,5147084102305183987,5147084102305183987,5147084102305183987
57,50,8304,8,10,0.542139,15317.11,0.230015,36102.05,0.185260,44823.46,0.180110,46105.08,0.220083,37731.20,0.206170,40277.39,0.369915,22448.43,0.546738,0.038475,0.046553,0.206170,0.837936,0.119542,42,654005,927235,5425344,5773,0,0,0,9808,0,0,0,0,0,0,0,0,0,0,0,0,0,0,0,0,0,0,0,14450934623481894167,14450934623481894167,14450934623481894167,4503811169984340797,4503811169984340797,4503811169984340797
58,50,7989,8,10,0.539777,14800.56,0.224912,35520.57,0.182039,43886.20,0.176380,45294.13,0.216094,36969.97,0.200193,39906.45,0.344525,23188.46,0.534468,0.036624,0.040870,0.200193,0.812155,0.108888,40,649622,711772,5283828,4406,0,0,0,8500,0,0,0,0,0,0,0,0,0,0,0,0,0,0,0,0,0,0,0,3677588618810079043,3677588618810079043,3677588618810079043,2643068960975381580,2643068960975381580,2643068960975381580
59,50,7761,8,10,0.543742,14273.31,0.206559,37572.79,0.173453,44744.14,0.164296,47237.93,0.195266,39745.78,0.189121,41037.16,0.335711,23118.07,0.545805,0.038078,0.034044,0.189121,0.807049,0.102371,43,638320,694240,5222052,3687,0,0,0,7342,0,0,0,0,0,0,0,0,0,0,0,0,0,0,0,0,0,0,0,130787268514783625,130787268514783625,130787268514783625,2630253768854606481,2630253768854606481,2630253768854606481
60,50,7727,8,10,0.514756,15010.98,0.206795,37365.46,0.173527,44529.00,0.165485,46693.16,0.196100,39403.45,0.195799,39463.97,0.323349,23896.76,0.522911,0.033091,0.030949,0.195799,0.782751,0.103318,45,632221,689061,5126460,4132,0,0,0,8484,0,0,0,0,0,0,0,0,0,0,0,0,0,0,0,0,0,0,0,532019978388374405,532019978388374405,532019978388374405,12320390689829388893,12320390689829388893,12320390689829388893
61,50,8293,8,10,0.565953,14653.15,0.222902,37204.64,0.167259,49581.84,0.146196,56725.05,0.214816,38605.15,0.207933,39883.13,0.355930,23299.53,0.551757,0.039935,0.038630,0.207933,0.838255,0.114851,43,655290,722520,5263060,4092,0,0,0,6973,0,0,0,0,0,0,0,0,0,0,0,0,0,0,0,0,0,0,0,9183208013865826170,9183208013865826170,9183208013865826170,963409234208611341,963409234208611341,963409234208611341
62,50,9406,8,10,0.464993,20228.25,0.237532,39598.91,0.214438,43863.58,0.190913,49268.58,0.239950,39199.76,0.197868,47536.78,0.472839,19892.59,0.469925,0.045319,0.051986,0.197868,0.765097,0.144244,28,766475,1738120,5982104,18580,0,0,0,26457,0,0,0,0,0,0,0,0,0,0,0,0,0,0,0,0,0,0,0,15296598381027570104,15296598381027570104,15296598381027570104,15842631531306483011,15842631531306483011,15842631531306483011
63,50,7894,8,10,0.451658,17477.81,0.160377,49221.67,0.107166,73661.39,0.094141,83852.97,0.147017,53694.44,0.144385,54673.14,0.249688,31615.46,0.456544,0.036130,0.029116,0.144385,0.666176,0.099663,48,564033,607593,4986232,2399,0,0,0,2797,0,0,0,0,0,0,0,0,0,0,0,0,0,0,0,0,0,0,0,15754205274480977079,15754205274480977079,15754205274480977079,12058462695275286279,12058462695275286279,12058462695275286279
64,50,8338,8,10,0.476370,17503.21,0.162074,51445.72,0.132450,62951.92,0.125455,66462.09,0.152999,54497.22,0.149754,55678.01,0.288254,28925.93,0.474437,0.036475,0.030361,0.149754,0.691027,0.113871,49,626518,795538,5315816,4805,0,0,0,6302,0,0,0,0,0,0,0,0,0,0,0,0,0,0,0,0,0,0,0,12493962887880304726,12493962887880304726,12493962887880304726,1753735242673023717,1753735242673023717,1753735242673023717
65,50,7335,8,10,0.518725,14140.44,0.192388,38126.05,0.130153,56356.93,0.124400,58963.20,0.179450,40875.00,0.172298,42571.50,0.306888,23901.25,0.523674,0.033417,0.032148,0.172298,0.761538,0.093769,44,599160,653635,4995036,2826,0,0,0,4416,0,0,0,0,0,0,0,0,0,0,0,0,0,0,0,0,0,0,0,16817453076934884148,16817453076934884148,16817453076934884148,6449295400641305874,6449295400641305874,6449295400641305874
66,50,7358,8,10,0.542243,13569.57,0.206361,35656.01,0.154615,47589.18,0.146999,50054.62,0.193799,37967.11,0.191905,38341.87,0.329737,22314.74,0.549265,0.033428,0.032219,0.191905,0.806818,0.095802,45,603299,655984,5019224,3463,0,0,0,5881,0,0,0,0,0,0,0,0,0,0,0,0,0,0,0,0,0,0,0,11437405946642706677,11437405946642706677,11437405946642706677,2751637896132484980,2751637896132484980,2751637896132484980
67,50,7450,8,10,0.517996,14382.35,0.227801,32704.01,0.171277,43496.78,0.154008,48373.97,0.211475,35228.74,0.196354,37941.60,0.329402,22616.73,0.524151,0.036063,0.035809,0.196354,0.792377,0.097131,40,615786,662326,5024840,3636,0,0,0,7044,0,0,0,0,0,0,0,0,0,0,0,0,0,0,0,0,0,0,0,14224969905578353895,14224969905578353895,14224969905578353895,5246606012745385565,5246606012745385565,5246606012745385565
68,50,9487,8,10,0.509148,18633.09,0.222226,42690.83,0.190433,49817.92,0.166513,56974.37,0.211251,44908.74,0.189848,49971.47,0.443455,21393.37,0.514118,0.042554,0.046626,0.189848,0.793147,0.139158,35,687516,1833281,5887228,12795,0,0,0,16179,0,0,0,0,0,0,0,0,0,0,0,0,0,0,0,0,0,0,0,12252607458145870547,12252607458145870547,12252607458145870547,1185298937004605596,1185298937004605596,1185298937004605596
69,50,7736,8,10,0.517816,14939.68,0.206057,37543.00,0.176829,43748.57,0.167046,46310.71,0.193545,39970.11,0.185244,41761.09,0.324759,23820.77,0.520990,0.036087,0.035649,0.185244,0.777969,0.101385,39,616754,680464,5128256,4335,0,0,0,8376,0,0,0,0,0,0,0,0,0,0,0,0,0,0,0,0,0,0,0,7806471077880171914,7806471077880171914,7806471077880171914,4470449384539969925,4470449384539969925,4470449384539969925
70,50,7029,8,10,0.552172,12729.73,0.231613,30348.01,0.166956,42100.79,0.160572,43774.83,0.225654,31149.48,0.202158,34769.83,0.350915,20030.49,0.549131,0.036379,0.034153,0.202158,0.821821,0.083178,39,593132,637577,4887924,3567,0,0,0,7131,0,0,0,0,0,0,0,0,0,0,0,0,0,0,0,0,0,0,0,12953066814224507658,12953066814224507658,12953066814224507658,16648205651887704173,16648205651887704173,16648205651887704173
71,50,7700,8,10,0.560766,13731.22,0.227666,33821.48,0.173757,44314.87,0.164161,46905.31,0.203995,37746.01,0.202753,37977.16,0.362600,21235.51,0.561091,0.034550,0.039366,0.202753,0.837761,0.102596,44,622586,735791,5218160,4637,0,0,0,8017,0,0,0,0,0,0,0,0,0,0,0,0,0,0,0,0,0,0,0,10938552517242255915,10938552517242255915,10938552517242255915,4718482639249595491,4718482639249595491,4718482639249595491
72,50,6916,8,10,0.559731,12355.95,0.223478,30947.15,0.160805,43008.53,0.153878,44944.83,0.205445,33663.46,0.199881,34600.66,0.339737,20356.94,0.558000,0.036329,0.031563,0.199881,0.825773,0.082922,44,612872,651412,4790864,3181,0,0,0,6586,0,0,0,0,0,0,0,0,0,0,0,0,0,0,0,0,0,0,0,8470324293934124748,8470324293934124748,8470324293934124748,13173179984022711129,13173179984022711129,13173179984022711129
73,50,7314,8,10,0.482052,15172.65,0.204145,35827.51,0.157655,46392.53,0.149894,48794.37,0.188077,38888.36,0.171785,42576.51,0.329130,22222.25,0.483507,0.037244,0.039399,0.171785,0.731936,0.093375,34,631815,782855,4858088,5197,0,0,0,8165,0,0,0,0,0,0,0,0,0,0,0,0,0,0,0,0,0,0,0,10139897511670252552,10139897511670252552,10139897511670252552,1312870600600867944,1312870600600867944,1312870600600867944
74,50,7344,8,10,0.482362,15225.09,0.200550,36619.35,0.154080,47663.59,0.146885,49998.30,0.192797,38091.93,0.177060,41477.55,0.336498,21824.77,0.487998,0.035353,0.034298,0.177060,0.734709,0.098607,39,611598,753848,4900128,5063,0,0,0,8299,0,0,0,0,0,0,0,0,0,0,0,0,0,0,0,0,0,0,0,16609221784426223034,16609221784426223034,16609221784426223034,16317342450379850363,16317342450379850363,16317342450379850363
75,50,7219,8,10,0.529113,13643.59,0.226092,31929.47,0.156884,46014.86,0.146776,49183.68,0.210425,34306.72,0.202196,35702.98,0.334920,21554.41,0.523743,0.033527,0.031129,0.202196,0.790594,0.086314,41,581862,626657,4811244,3357,0,0,0,6310,0,0,0,0,0,0,0,0,0,0,0,0,0,0,0,0,0,0,0,3614445586085540160,3614445586085540160,3614445586085540160,17058848020041550047,17058848020041550047,17058848020041550047
76,50,6966,8,10,0.527947,13194.51,0.210272,33128.53,0.158324,43998.32,0.152012,45825.33,0.201112,34637.43,0.190139,36636.39,0.334024,20854.82,0.532453,0.034830,0.032787,0.190139,0.790209,0.083149,40,589773,631698,4705944,3291,0,0,0,7294,0,0,0,0,0,0,0,0,0,0,0,0,0,0,0,0,0,0,0,463647056685292244,463647056685292244,463647056685292244,13941414639859977875,13941414639859977875,13941414639859977875
77,50,7800,8,10,0.537683,14506.70,0.224045,34814.43,0.168951,46167.21,0.161841,48195.46,0.197130,39567.73,0.188704,41334.68,0.346164,22532.68,0.543941,0.041034,0.035020,0.188704,0.808699,0.104443,43,662363,740903,5132576,4448,0,0,0,8027,0,0,0,0,0,0,0,0,0,0,0,0,0,0,0,0,0,0,0,4546477614852050185,4546477614852050185,4546477614852050185,2341408870233102298,2341408870233102298,2341408870233102298
78,50,7762,8,10,0.584893,13270.81,0.278842,27836.52,0.179953,43133.41,0.168157,46159.23,0.262894,29525.19,0.234428,33110.37,0.400702,19371.02,0.588338,0.037173,0.037740,0.234428,0.897679,0.102220,37,637053,705328,5139304,4316,0,0,0,8213,0,0,0,0,0,0,0,0,0,0,0,0,0,0,0,0,0,0,0,13373524827077899988,13373524827077899988,13373524827077899988,14665368832970956736,14665368832970956736,14665368832970956736
79,50,8042,8,10,0.550782,14601.05,0.208174,38631.13,0.154773,51959.93,0.144393,55695.06,0.197750,40667.60,0.189039,42541.55,0.351873,22854.82,0.555149,0.037860,0.036313,0.189039,0.818360,0.104554,45,652985,771055,5235880,4633,0,0,0,7415,0,0,0,0,0,0,0,0,0,0,0,0,0,0,0,0,0,0,0,9468656714313343773,9468656714313343773,9468656714313343773,9003091217622044420,9003091217622044420,9003091217622044420
80,50,8118,8,10,0.528668,15355.57,0.230609,35202.37,0.193551,41942.50,0.185877,43674.16,0.214132,37911.13,0.202013,40185.51,0.376016,21589.53,0.532506,0.039655,0.045743,0.202013,0.819917,0.110114,37,657661,821621,5480408,5934,0,0,0,10561,0,0,0,0,0,0,0,0,0,0,0,0,0,0,0,0,0,0,0,13844722168819008534,13844722168819008534,13844722168819008534,4997870445980136542,4997870445980136542,4997870445980136542
81,50,7946,8,10,0.542667,14642.50,0.223674,35524.91,0.180136,44111.05,0.168778,47079.58,0.210291,37785.72,0.200913,39549.46,0.351391,22612.96,0.539241,0.044910,0.038215,0.200913,0.823279,0.097764,40,612196,684501,5160520,4216,0,0,0,7815,0,0,0,0,0,0,0,0,0,0,0,0,0,0,0,0,0,0,0,10816119794341657007,10816119794341657007,10816119794341657007,7141647527300834000,7141647527300834000,7141647527300834000
82,50,8015,8,10,0.573435,13977.16,0.257116,31172.66,0.193557,41408.95,0.177814,45075.11,0.236307,33917.70,0.210604,38057.18,0.408950,19598.96,0.579328,0.036096,0.041763,0.210604,0.867791,0.101599,33,632816,788431,5306332,5662,0,0,0,8939,0,0,0,0,0,0,0,0,0,0,0,0,0,0,0,0,0,0,0,3225055050293146203,3225055050293146203,3225055050293146203,15066570521117652226,15066570521117652226,15066570521117652226
83,50,7881,8,10,0.519030,15184.08,0.213372,36935.44,0.179341,43944.12,0.170244,46292.35,0.197754,39852.49,0.189152,41664.86,0.355915,22142.92,0.524739,0.037059,0.044322,0.189152,0.795273,0.112116,36,626647,821777,5219172,6218,0,0,0,9831,0,0,0,0,0,0,0,0,0,0,0,0,0,0,0,0,0,0,0,13187795554316385222,13187795554316385222,13187795554316385222,11872455459976697484,11872455459976697484,11872455459976697484
84,50,7153,8,10,0.607985,11765.10,0.270207,26472.32,0.172026,41580.88,0.165247,43286.63,0.239287,29892.97,0.232737,30734.24,0.400048,17880.35,0.603066,0.034690,0.031136,0.232737,0.901629,0.085755,44,598947,645397,4876964,3637,0,0,0,7032,0,0,0,0,0,0,0,0,0,0,0,0,0,0,0,0,0,0,0,6242732523888922182,6242732523888922182,6242732523888922182,7506165069349359992,7506165069349359992,7506165069349359992
85,50,7226,8,10,0.567185,12740.12,0.234800,30775.14,0.174787,41341.67,0.163910,44085.16,0.217870,33166.64,0.207565,34813.27,0.352686,20488.51,0.570228,0.035256,0.041313,0.207565,0.854362,0.091989,39,593997,654442,5007720,3972,0,0,0,7558,0,0,0,0,0,0,0,0,0,0,0,0,0,0,0,0,0,0,0,14451141057605035466,14451141057605035466,14451141057605035466,12333308277456881820,12333308277456881820,12333308277456881820
86,50,7464,8,10,0.590796,12633.81,0.271068,27535.51,0.219143,34059.99,0.198267,37646.21,0.237343,31448.11,0.223292,33427.12,0.396364,18831.16,0.596744,0.036258,0.037446,0.223292,0.893740,0.099568,39,616143,697653,5093088,4993,0,0,0,9534,0,0,0,0,0,0,0,0,0,0,0,0,0,0,0,0,0,0,0,1412457118349937365,1412457118349937365,1412457118349937365,12904852576407365439,12904852576407365439,12904852576407365439
87,50,7071,8,10,0.610040,11591.05,0.263261,26859.28,0.185960,38024.29,0.175686,40247.96,0.230051,30736.67,0.217989,32437.40,0.393203,17983.08,0.618457,0.031440,0.034282,0.217989,0.902168,0.091344,41,620131,667826,5035836,3657,0,0,0,7936,0,0,0,0,0,0,0,0,0,0,0,0,0,0,0,0,0,0,0,11379858937475602335,11379858937475602335,11379858937475602335,13617446230686148326,13617446230686148326,13617446230686148326
88,50,7447,8,10,0.531391,14014.17,0.228915,32531.73,0.195434,38104.93,0.186628,39902.93,0.218461,34088.51,0.204243,36461.45,0.382503,19469.11,0.541004,0.031685,0.037410,0.204243,0.814342,0.100911,40,658318,831258,5228732,6010,0,0,0,10056,0,0,0,0,0,0,0,0,0,0,0,0,0,0,0,0,0,0,0,17708787684268156004,17708787684268156004,17708787684268156004,10864036857536871966,10864036857536871966,10864036857536871966
89,50,7756,8,10,0.558504,13887.09,0.236389,32810.37,0.219911,35268.82,0.205670,37710.95,0.226650,34220.17,0.222299,34890.01,0.375128,20675.63,0.557651,0.039029,0.048926,0.222299,0.867905,0.103649,44,655516,762096,5372112,5527,0,0,0,11014,0,0,0,0,0,0,0,0,0,0,0,0,0,0,0,0,0,0,0,17576675348862519919,17576675348862519919,17576675348862519919,7860885824222714032,7860885824222714032,7860885824222714032
90,50,7215,8,10,0.573319,12584.62,0.274354,26298.13,0.227910,31657.17,0.215442,33489.27,0.261334,27608.39,0.252162,28612.56,0.411821,17519.76,0.580063,0.035140,0.032576,0.252162,0.899940,0.089938,46,633783,723103,5110364,5652,0,0,0,11158,0,0,0,0,0,0,0,0,0,0,0,0,0,0,0,0,0,0,0,343754320877171707,343754320877171707,343754320877171707,17922862925728243524,17922862925728243524,17922862925728243524
91,50,7802,8,10,0.535693,14564.32,0.261976,29781.39,0.229747,33959.03,0.213802,36491.76,0.254098,30704.63,0.231734,33667.97,0.423198,18435.79,0.542182,0.038143,0.039744,0.231734,0.851803,0.104569,40,676877,1004242,5430248,8958,0,0,0,15099,0,0,0,0,0,0,0,0,0,0,0,0,0,0,0,0,0,0,0,7789306833174780917,7789306833174780917,7789306833174780917,16262781056953843915,16262781056953843915,16262781056953843915
92,50,7654,8,10,0.565833,13526.96,0.228356,33517.83,0.186267,41091.62,0.175698,43563.40,0.214920,35613.20,0.204451,37436.81,0.359103,21314.19,0.572343,0.037311,0.045230,0.204451,0.859336,0.102351,39,616725,697145,5187416,4385,0,0,0,8409,0,0,0,0,0,0,0,0,0,0,0,0,0,0,0,0,0,0,0,13256159171504288280,13256159171504288280,13256159171504288280,14255705013767870433,14255705013767870433,14255705013767870433
93,50,7195,8,10,0.555044,12962.95,0.254245,28299.45,0.223682,32166.23,0.211929,33950.01,0.240164,29958.76,0.233618,30798.18,0.391369,18384.18,0.550923,0.036399,0.031221,0.233618,0.852161,0.090248,48,610195,722435,5158252,5650,0,0,0,10216,0,0,0,0,0,0,0,0,0,0,0,0,0,0,0,0,0,0,0,2888583357168629987,2888583357168629987,2888583357168629987,6210084059117381818,6210084059117381818,6210084059117381818
94,50,7135,8,10,0.536709,13293.98,0.235215,30333.96,0.199496,35765.10,0.188136,37924.76,0.225666,31617.48,0.209561,34047.40,0.373876,19083.89,0.540786,0.036550,0.034707,0.209561,0.821603,0.088432,43,608078,689123,4944636,5112,0,0,0,9431,0,0,0,0,0,0,0,0,0,0,0,0,0,0,0,0,0,0,0,6847683536699973139,6847683536699973139,6847683536699973139,125548336650051746,125548336650051746,125548336650051746
95,50,7282,8,10,0.548248,13282.31,0.224890,32380.31,0.190169,38292.17,0.176796,41188.68,0.215756,33751.14,0.205071,35509.59,0.360192,20217.01,0.551802,0.037607,0.034415,0.205071,0.828895,0.095650,40,621289,725739,5029832,5136,0,0,0,9005,0,0,0,0,0,0,0,0,0,0,0,0,0,0,0,0,0,0,0,5588747925606052639,5588747925606052639,5588747925606052639,16215743634663957415,16215743634663957415,16215743634663957415
96,50,6698,8,10,0.543393,12326.25,0.228351,29332.06,0.179490,37316.86,0.168942,39646.76,0.220920,30318.62,0.206362,32457.50,0.366497,18275.72,0.549358,0.031262,0.033130,0.206362,0.820113,0.081118,41,594293,664468,4699432,4179,0,0,0,7946,0,0,0,0,0,0,0,0,0,0,0,0,0,0,0,0,0,0,0,479309570444654627,479309570444654627,479309570444654627,813139031078096467,813139031078096467,813139031078096467
97,50,7050,8,10,0.576367,12231.79,0.256296,27507.30,0.190776,36954.29,0.179487,39278.54,0.244470,28837.88,0.219167,32167.32,0.385510,18287.44,0.583176,0.034412,0.033335,0.219167,0.870089,0.095609,42,622832,690122,5060648,4505,0,0,0,8965,0,0,0,0,0,0,0,0,0,0,0,0,0,0,0,0,0,0,0,3654102230696478330,3654102230696478330,3654102230696478330,2478669967257725446,2478669967257725446,2478669967257725446
98,50,7368,8,10,0.612335,12032.64,0.248241,29680.78,0.163792,44983.91,0.158876,46375.67,0.232265,31722.34,0.223643,32945.34,0.396967,18560.74,0.616669,0.037498,0.036247,0.223643,0.914057,0.092659,37,614720,712650,5053184,4344,0,0,0,7339,0,0,0,0,0,0,0,0,0,0,0,0,0,0,0,0,0,0,0,5405008749925124208,5405008749925124208,5405008749925124208,9972255472434773355,9972255472434773355,9972255472434773355
99,50,7156,8,10,0.624649,11456.03,0.313262,22843.52,0.206538,34647.43,0.196511,36415.25,0.293046,24419.41,0.245158,29189.30,0.443891,16121.06,0.627360,0.035776,0.039265,0.245158,0.947559,0.091146,33,622173,707458,4945264,4260,0,0,0,7084,0,0,0,0,0,0,0,0,0,0,0,0,0,0,0,0,0,0,0,11152203962412513804,11152203962412513804,11152203962412513804,15735423647437454102,15735423647437454102,15735423647437454102
100,50,7327,8,10,1.022343,7166.87,0.751329,9752.05,0.562226,13032.12,0.562184,13033.09,0.742847,9863.40,0.711962,10291.28,0.914064,8015.85,1.019994,0.037554,0.041062,0.711962,1.810572,0.086295,36,592394,765349,4908828,8541,0,0,0,8997,0,0,0,0,0,0,0,0,0,0,0,0,0,0,0,0,0,0,0,4521211036663615880,4521211036663615880,4521211036663615880,8399958614041057709,8399958614041057709,8399958614041057709
101,50,7308,8,10,1.041451,7017.13,0.736428,9923.58,0.549038,13310.56,0.456817,15997.64,0.728742,10028.24,0.626232,11669.80,0.890370,8207.82,1.030428,0.032951,0.053439,0.626232,1.743050,0.087345,25,576759,676209,4868752,5980,0,0,0,6858,0,0,0,0,0,0,0,0,0,0,0,0,0,0,0,0,0,0,0,2563275471938802412,2563275471938802412,2563275471938802412,1557550815135060043,1557550815135060043,1557550815135060043
102,50,7413,8,10,0.897052,8263.73,0.594294,12473.62,0.392006,18910.43,0.384215,19293.89,0.578277,12819.12,0.496379,14934.14,0.782062,9478.79,0.897022,0.035570,0.049127,0.496379,1.478097,0.089479,28,606986,917061,5039924,7081,0,0,0,7687,0,0,0,0,0,0,0,0,0,0,0,0,0,0,0,0,0,0,0,8762837417928882318,8762837417928882318,8762837417928882318,17019269437119952026,17019269437119952026,17019269437119952026
103,50,7292,8,10,0.950817,7669.19,0.682779,10679.89,0.510280,14290.19,0.502607,14508.37,0.664274,10977.40,0.602673,12099.44,0.803142,9079.34,0.966216,0.025579,0.051058,0.602673,1.645526,0.085426,29,590035,716975,5041712,5636,0,0,0,5352,0,0,0,0,0,0,0,0,0,0,0,0,0,0,0,0,0,0,0,1547999879215529938,1547999879215529938,1547999879215529938,15903621148917003803,15903621148917003803,15903621148917003803
104,50,7184,8,10,1.239463,5796.06,0.929992,7724.80,0.723022,9936.08,0.735316,9769.95,0.899485,7986.79,0.794490,9042.28,1.089083,6596.37,1.236163,0.034632,0.054580,0.794490,2.119865,0.082765,20,568661,904686,4756448,7089,0,0,0,4220,0,0,0,0,0,0,0,0,0,0,0,0,0,0,0,0,0,0,0,6107658589320724944,6107658589320724944,6107658589320724944,9218325049179035251,9218325049179035251,9218325049179035251
105,50,6560,8,10,0.960209,6831.85,0.725052,9047.63,0.498677,13154.80,0.497358,13189.71,0.715592,9167.23,0.654210,10027.36,0.869880,7541.27,0.963411,0.028987,0.041222,0.654210,1.687830,0.070968,31,567119,686064,4798592,7114,0,0,0,8881,0,0,0,0,0,0,0,0,0,0,0,0,0,0,0,0,0,0,0,17107435515883954815,17107435515883954815,17107435515883954815,6951879229907484687,6951879229907484687,6951879229907484687
106,50,6559,8,10,1.259160,5209.03,0.991253,6616.88,0.740248,8860.54,0.740340,8859.44,0.981667,6681.49,0.836795,7838.24,1.141010,5748.42,1.307488,0.000000,0.044579,0.836795,2.188862,0.070139,27,546369,641669,4725916,5996,0,0,0,5051,0,0,0,0,0,0,0,0,0,0,0,0,0,0,0,0,0,0,0,2234852918338431676,2234852918338431676,2234852918338431676,76933222990165089,76933222990165089,76933222990165089
107,50,6780,8,10,1.312164,5167.04,1.016953,6666.98,0.809745,8373.01,0.808856,8382.20,1.000269,6778.18,0.875791,7741.57,1.183555,5728.51,1.346432,0.000000,0.046568,0.875791,2.268792,0.076300,22,551959,674284,4596720,6667,0,0,0,3617,0,0,0,0,0,0,0,0,0,0,0,0,0,0,0,0,0,0,0,16199576587101925588,16199576587101925588,16199576587101925588,17691913044048500099,17691913044048500099,17691913044048500099
108,50,6038,8,10,1.091954,5529.54,0.809901,7455.23,0.564818,10690.17,0.559087,10799.74,0.790734,7635.94,0.653769,9235.68,0.961371,6280.61,1.077098,0.031993,0.048825,0.653769,1.811685,0.059654,19,515957,602807,4258808,5597,0,0,0,4811,0,0,0,0,0,0,0,0,0,0,0,0,0,0,0,0,0,0,0,15244953614532737969,15244953614532737969,15244953614532737969,6361386628743727625,6361386628743727625,6361386628743727625
109,50,7264,8,10,0.826142,8792.68,0.583536,12448.26,0.326274,22263.49,0.307654,23610.95,0.552242,13153.65,0.468245,15513.24,0.736304,9865.49,0.826515,0.036548,0.046250,0.468245,1.377558,0.087661,32,593124,758779,5011744,8472,0,0,0,13167,0,0,0,0,0,0,0,0,0,0,0,0,0,0,0,0,0,0,0,8112080433122038370,8112080433122038370,8112080433122038370,18186567029758261213,18186567029758261213,18186567029758261213
110,50,8125,8,10,0.881005,9222.43,0.616000,13189.94,0.446355,18203.02,0.376148,21600.53,0.604906,13431.84,0.432009,18807.48,0.773200,10508.28,0.877844,0.037010,0.059733,0.432009,1.406595,0.106423,22,622113,808723,5267412,8080,0,0,0,11417,0,0,0,0,0,0,0,0,0,0,0,0,0,0,0,0,0,0,0,6725099825539667930,6725099825539667930,6725099825539667930,6665581061659792950,6665581061659792950,6665581061659792950
111,50,7294,8,10,1.008797,7230.40,0.738256,9880.04,0.547633,13319.13,0.553293,13182.88,0.721524,10109.15,0.629321,11590.27,0.893594,8162.54,1.000033,0.032891,0.056131,0.629321,1.718376,0.089278,21,568077,780112,4758776,7164,0,0,0,4579,0,0,0,0,0,0,0,0,0,0,0,0,0,0,0,0,0,0,0,13789988266235721128,13789988266235721128,13789988266235721128,5073488151688039068,5073488151688039068,5073488151688039068
112,50,7928,8,10,0.588096,13480.80,0.313588,25281.61,0.201479,39349.09,0.192683,41145.30,0.297438,26654.26,0.277293,28590.67,0.464914,17052.62,0.592697,0.039739,0.040048,0.277293,0.949778,0.114027,41,648866,780961,5252832,6526,0,0,0,10132,0,0,0,0,0,0,0,0,0,0,0,0,0,0,0,0,0,0,0,8095911302720584256,8095911302720584256,8095911302720584256,3067512179143678255,3067512179143678255,3067512179143678255
113,50,7613,8,10,0.576243,13211.44,0.320099,23783.26,0.230139,33079.94,0.196737,38696.34,0.300350,25347.08,0.281183,27074.92,0.432606,17598.00,0.582556,0.039599,0.039039,0.281183,0.942377,0.099762,44,666100,754010,5229012,5804,0,0,0,10096,0,0,0,0,0,0,0,0,0,0,0,0,0,0,0,0,0,0,0,2508975433260825764,2508975433260825764,2508975433260825764,15820467083701375602,15820467083701375602,15820467083701375602
114,50,7304,8,10,0.593767,12301.12,0.341033,21417.30,0.194327,37586.21,0.183308,39845.51,0.318661,22920.92,0.263987,27668.01,0.476726,15321.18,0.601292,0.035812,0.044576,0.263987,0.945668,0.081183,35,621366,860371,5000928,5196,0,0,0,9640,0,0,0,0,0,0,0,0,0,0,0,0,0,0,0,0,0,0,0,4538427735752506978,4538427735752506978,4538427735752506978,1377674705444815852,1377674705444815852,1377674705444815852
115,50,6898,8,10,0.618287,11156.64,0.323532,21320.92,0.190206,36266.00,0.183699,37550.47,0.313810,21981.44,0.247911,27824.51,0.464261,14858.03,0.624082,0.032927,0.044478,0.247911,0.949399,0.079464,32,610252,724072,4828232,5058,0,0,0,9074,0,0,0,0,0,0,0,0,0,0,0,0,0,0,0,0,0,0,0,9217479684373761141,9217479684373761141,9217479684373761141,3467611834711237003,3467611834711237003,3467611834711237003
116,50,6960,8,10,0.598227,11634.37,0.306946,22675.01,0.217369,32019.25,0.205425,33880.91,0.293085,23747.39,0.254429,27355.41,0.447403,15556.44,0.603545,0.033835,0.037372,0.254429,0.929181,0.078164,39,611222,695072,4935136,5163,0,0,0,9534,0,0,0,0,0,0,0,0,0,0,0,0,0,0,0,0,0,0,0,1771978936500285299,1771978936500285299,1771978936500285299,9965531392899678147,9965531392899678147,9965531392899678147
117,50,6624,8,10,0.588302,11259.53,0.279190,23725.74,0.184559,35890.91,0.181512,36493.45,0.267855,24729.77,0.217497,30455.61,0.408084,16231.95,0.591895,0.031789,0.034303,0.217497,0.875484,0.071970,38,573809,629419,4595328,4407,0,0,0,8633,0,0,0,0,0,0,0,0,0,0,0,0,0,0,0,0,0,0,0,747979550326675388,747979550326675388,747979550326675388,1792483490787596831,1792483490787596831,1792483490787596831
118,50,6959,8,10,0.628115,11079.18,0.326606,21307.02,0.211513,32901.05,0.185371,37540.85,0.289248,24058.95,0.235389,29563.82,0.446310,15592.30,0.635283,0.033438,0.041827,0.235389,0.945937,0.078855,33,613029,685284,4840604,4798,0,0,0,9020,0,0,0,0,0,0,0,0,0,0,0,0,0,0,0,0,0,0,0,454712821991820230,454712821991820230,454712821991820230,5735401634749688142,5735401634749688142,5735401634749688142
119,50,7247,8,10,0.658785,11000.55,0.351082,20641.91,0.196715,36840.01,0.186260,38908.06,0.332858,21772.07,0.260965,27770.02,0.507308,14285.20,0.662681,0.036063,0.042810,0.260965,1.002518,0.085644,33,638845,742570,5011804,5515,0,0,0,9088,0,0,0,0,0,0,0,0,0,0,0,0,0,0,0,0,0,0,0,3554059240015873897,3554059240015873897,3554059240015873897,3573170708030121438,3573170708030121438,3573170708030121438
120,50,6995,8,10,0.670575,10431.35,0.365534,19136.41,0.233690,29932.84,0.213527,32759.36,0.341510,20482.58,0.277912,25169.87,0.512177,13657.38,0.672937,0.034332,0.037211,0.277912,1.022391,0.080272,38,635271,720026,5069196,5487,0,0,0,9583,0,0,0,0,0,0,0,0,0,0,0,0,0,0,0,0,0,0,0,15090575283651276580,15090575283651276580,15090575283651276580,449702664469315397,449702664469315397,449702664469315397
121,50,7599,8,10,0.677333,11219.01,0.347699,21855.09,0.211092,35998.57,0.202683,37491.97,0.322849,23537.31,0.277862,27348.14,0.499289,15219.65,0.684408,0.037679,0.038924,0.277862,1.038873,0.094659,36,640535,733325,5110972,5420,0,0,0,9517,0,0,0,0,0,0,0,0,0,0,0,0,0,0,0,0,0,0,0,13594334334773982654,13594334334773982654,13594334334773982654,9568857365028409302,9568857365028409302,9568857365028409302
122,50,7236,8,10,1.046503,6914.46,0.730954,9899.39,0.630099,11483.91,0.556157,13010.71,0.716525,10098.74,0.671912,10769.27,0.877725,8244.04,1.045397,0.047358,0.049353,0.671912,1.814020,0.084648,35,589622,675157,4916528,5465,0,0,0,8012,0,0,0,0,0,0,0,0,0,0,0,0,0,0,0,0,0,0,0,3317835917293753880,3317835917293753880,3317835917293753880,17955429733876042114,17955429733876042114,17955429733876042114
123,50,7070,8,10,0.620579,11392.58,0.319726,22112.68,0.187762,37653.98,0.175727,40232.76,0.305126,23170.75,0.241854,29232.51,0.442579,15974.56,0.626663,0.035305,0.042040,0.241854,0.945862,0.081607,32,632909,689019,4977688,4370,0,0,0,8411,0,0,0,0,0,0,0,0,0,0,0,0,0,0,0,0,0,0,0,3127929579273108907,3127929579273108907,3127929579273108907,16124976165536928489,16124976165536928489,16124976165536928489
124,50,7278,8,10,0.600735,12115.17,0.294283,24731.27,0.206512,35242.48,0.186378,39049.60,0.284515,25580.35,0.230424,31585.31,0.434462,16751.74,0.609006,0.032466,0.042783,0.230424,0.914679,0.085449,33,605004,682199,4815992,4648,0,0,0,8943,0,0,0,0,0,0,0,0,0,0,0,0,0,0,0,0,0,0,0,2821417862321303478,2821417862321303478,2821417862321303478,10701644703726163861,10701644703726163861,10701644703726163861
125,50,7359,8,10,0.715000,10292.31,0.385020,19113.32,0.238496,30855.82,0.203920,36087.68,0.364352,20197.50,0.296553,24815.09,0.515817,14266.68,0.720012,0.033499,0.040481,0.296553,1.090545,0.084800,36,597850,684330,4997564,5264,0,0,0,6915,0,0,0,0,0,0,0,0,0,0,0,0,0,0,0,0,0,0,0,1999872991750034701,1999872991750034701,1999872991750034701,1658313900190687520,1658313900190687520,1658313900190687520
126,50,7835,8,10,0.710116,11033.40,0.363744,21539.88,0.203271,38544.52,0.180285,43458.88,0.344205,22762.60,0.283699,27617.30,0.514602,15225.37,0.717399,0.031160,0.043639,0.283699,1.075898,0.090168,34,592569,767394,4952716,4615,0,0,0,6204,0,0,0,0,0,0,0,0,0,0,0,0,0,0,0,0,0,0,0,8300347871246765233,8300347871246765233,8300347871246765233,6976944971776971069,6976944971776971069,6976944971776971069
127,50,11610,8,10,0.578323,20075.29,0.282553,41089.65,0.218448,53147.75,0.210084,55263.73,0.268163,43294.51,0.243100,47758.18,0.516936,22459.24,0.578124,0.048223,0.044336,0.243100,0.913782,0.164661,43,706732,1496667,6141416,9364,0,0,0,13126,0,0,0,0,0,0,0,0,0,0,0,0,0,0,0,0,0,0,0,17334160221974149280,17334160221974149280,17334160221974149280,9755351942309949761,9755351942309949761,9755351942309949761
128,50,12230,8,10,0.586633,20847.79,0.291504,41954.87,0.200259,61070.93,0.192397,63566.44,0.272581,44867.37,0.243388,50248.99,0.513642,23810.35,0.592708,0.044594,0.047049,0.243388,0.927739,0.167997,38,682562,1332967,6096344,8163,0,0,0,11027,0,0,0,0,0,0,0,0,0,0,0,0,0,0,0,0,0,0,0,17006452738303021941,17006452738303021941,17006452738303021941,14728009630048238029,14728009630048238029,14728009630048238029
129,50,10122,8,10,0.605892,16705.95,0.321423,31491.22,0.214075,47282.53,0.200985,50362.05,0.301943,33522.90,0.281770,35922.93,0.516226,19607.70,0.623820,0.027326,0.043919,0.281770,0.976836,0.130545,41,646684,1076554,5639464,7198,0,0,0,10392,0,0,0,0,0,0,0,0,0,0,0,0,0,0,0,0,0,0,0,5029935163270508008,5029935163270508008,5029935163270508008,13205183715317191535,13205183715317191535,13205183715317191535
130,50,7541,8,10,0.720353,10468.47,0.409612,18410.09,0.247938,30414.85,0.218190,34561.66,0.398054,18944.66,0.352922,21367.32,0.539567,13976.03,0.742198,0.021163,0.043246,0.352922,1.159529,0.098180,35,625009,718499,5153972,5923,0,0,0,8358,0,0,0,0,0,0,0,0,0,0,0,0,0,0,0,0,0,0,0,13557610962112776863,13557610962112776863,13557610962112776863,3874286340362093345,3874286340362093345,3874286340362093345
131,50,7531,8,10,0.745792,10097.98,0.433280,17381.37,0.228986,32888.53,0.203776,36957.16,0.413454,18214.83,0.352345,21373.95,0.585750,12857.02,0.753628,0.036090,0.046644,0.352345,1.188707,0.091613,32,614417,692962,5112364,5114,0,0,0,7495,0,0,0,0,0,0,0,0,0,0,0,0,0,0,0,0,0,0,0,9267490450462034690,9267490450462034690,9267490450462034690,13553778919585894830,13553778919585894830,13553778919585894830
132,50,7590,8,10,0.710788,10678.28,0.372000,20403.23,0.206413,36770.94,0.194054,39112.78,0.354113,21433.82,0.302058,25127.66,0.556784,13631.85,0.721506,0.031716,0.042145,0.302058,1.097425,0.091686,34,614367,714267,5056152,4856,0,0,0,7708,0,0,0,0,0,0,0,0,0,0,0,0,0,0,0,0,0,0,0,7073711386802396945,7073711386802396945,7073711386802396945,8042965405405356514,8042965405405356514,8042965405405356514
133,50,7492,8,10,0.603698,12410.17,0.290702,25772.12,0.192714,38876.24,0.182902,40961.89,0.272422,27501.45,0.241506,31022.02,0.410238,18262.56,0.609911,0.031990,0.036585,0.241506,0.919992,0.088914,39,595036,655066,4882512,4420,0,0,0,8847,0,0,0,0,0,0,0,0,0,0,0,0,0,0,0,0,0,0,0,14297507056978739102,14297507056978739102,14297507056978739102,15994039279412768772,15994039279412768772,15994039279412768772
134,50,7808,8,10,0.598328,13049.70,0.251077,31098.02,0.207796,37575.28,0.198364,39362.03,0.240900,32411.75,0.229300,34051.52,0.427282,18273.65,0.602550,0.034927,0.034239,0.229300,0.901015,0.097053,43,612734,692464,5117952,5254,0,0,0,9468,0,0,0,0,0,0,0,0,0,0,0,0,0,0,0,0,0,0,0,18175419696107476500,18175419696107476500,18175419696107476500,10384485710158427607,10384485710158427607,10384485710158427607
135,50,7195,8,10,0.555717,12947.23,0.280278,25670.93,0.187448,38383.98,0.179494,40085.01,0.264580,27194.07,0.240288,29943.27,0.416140,17289.87,0.561465,0.034525,0.033222,0.240288,0.869499,0.083844,42,560294,682269,4897260,5208,0,0,0,9122,0,0,0,0,0,0,0,0,0,0,0,0,0,0,0,0,0,0,0,18340205417371072465,18340205417371072465,18340205417371072465,16682269754849158650,16682269754849158650,16682269754849158650
136,50,8094,8,10,0.598433,13525.31,0.324668,24930.06,0.234652,34493.64,0.217497,37214.23,0.308478,26238.53,0.284017,28498.32,0.466243,17360.05,0.603515,0.038504,0.036746,0.284017,0.962782,0.105089,44,631519,767489,5383672,6724,0,0,0,11686,0,0,0,0,0,0,0,0,0,0,0,0,0,0,0,0,0,0,0,17182305802342553338,17182305802342553338,17182305802342553338,12587763352694866019,12587763352694866019,12587763352694866019
137,50,7450,8,10,0.862328,8639.40,0.574905,12958.66,0.389179,19142.85,0.299800,24849.92,0.556078,13397.40,0.511493,14565.22,0.734669,10140.62,0.875742,0.021418,0.039613,0.511493,1.448266,0.088334,40,604956,714041,5084296,7059,0,0,0,11165,0,0,0,0,0,0,0,0,0,0,0,0,0,0,0,0,0,0,0,16948822052908607197,16948822052908607197,16948822052908607197,879844724759714642,879844724759714642,879844724759714642
138,50,7763,8,10,0.627924,12362.95,0.350969,22118.76,0.260046,29852.39,0.239440,32421.47,0.336424,23075.08,0.308505,25163.32,0.505708,15350.75,0.632148,0.037119,0.034942,0.308505,1.012714,0.098667,45,616902,752667,5154924,6926,0,0,0,11998,0,0,0,0,0,0,0,0,0,0,0,0,0,0,0,0,0,0,0,5149187593525924791,5149187593525924791,5149187593525924791,3321830463001922998,3321830463001922998,3321830463001922998
139,50,7810,8,10,0.669882,11658.77,0.364753,21411.75,0.239851,32561.95,0.229664,34006.20,0.349746,22330.50,0.309018,25273.60,0.509844,15318.41,0.676268,0.036266,0.037731,0.309018,1.059283,0.095873,42,622449,709184,5234824,5712,0,0,0,10442,0,0,0,0,0,0,0,0,0,0,0,0,0,0,0,0,0,0,0,12161635111364082613,12161635111364082613,12161635111364082613,13671539801911314709,13671539801911314709,13671539801911314709
140,50,7161,8,10,0.583050,12281.96,0.321851,22249.44,0.222872,32130.54,0.210050,34091.86,0.310395,23070.62,0.267790,26741.15,0.458193,15628.77,0.589387,0.031925,0.036783,0.267790,0.925884,0.081655,41,584474,674654,4741316,5761,0,0,0,10677,0,0,0,0,0,0,0,0,0,0,0,0,0,0,0,0,0,0,0,15166995687759073463,15166995687759073463,15166995687759073463,2429457260909571941,2429457260909571941,2429457260909571941
141,50,7755,8,10,0.672004,11540.11,0.324872,23870.96,0.254505,30470.92,0.239847,32333.09,0.306669,25287.87,0.295738,26222.56,0.497339,15592.99,0.678950,0.040481,0.041227,0.295738,1.056396,0.096425,47,631759,773254,5070732,6720,0,0,0,12457,0,0,0,0,0,0,0,0,0,0,0,0,0,0,0,0,0,0,0,3927653504518795169,3927653504518795169,3927653504518795169,8978881375394405711,8978881375394405711,8978881375394405711
142,50,7555,8,10,0.843066,8961.34,0.514326,14689.11,0.301941,25021.42,0.274624,27510.35,0.503382,15008.47,0.450216,16780.83,0.669026,11292.53,0.847919,0.030471,0.040840,0.450216,1.369446,0.087691,38,602568,709873,5020044,6420,0,0,0,7295,0,0,0,0,0,0,0,0,0,0,0,0,0,0,0,0,0,0,0,17219125099325960350,17219125099325960350,17219125099325960350,3255269783468078721,3255269783468078721,3255269783468078721
143,50,7128,8,10,0.821791,8673.74,0.504017,14142.39,0.293883,24254.52,0.248873,28641.16,0.483165,14752.72,0.391542,18204.92,0.685043,10405.18,0.825287,0.050782,0.052246,0.391542,1.319856,0.084751,31,586806,674131,4929280,6018,0,0,0,9782,0,0,0,0,0,0,0,0,0,0,0,0,0,0,0,0,0,0,0,4279580614585288920,4279580614585288920,4279580614585288920,3188936556611308563,3188936556611308563,3188936556611308563
144,50,7180,8,10,0.758258,9469.07,0.402343,17845.48,0.218817,32812.78,0.204130,35173.64,0.383771,18709.09,0.325008,22091.74,0.563384,12744.42,0.761392,0.033805,0.040014,0.325008,1.160220,0.083437,39,585773,648863,4896976,4933,0,0,0,7770,0,0,0,0,0,0,0,0,0,0,0,0,0,0,0,0,0,0,0,6904809400742522583,6904809400742522583,6904809400742522583,7755585672770890670,7755585672770890670,7755585672770890670
145,50,8233,8,10,0.793986,10369.20,0.427413,19262.41,0.262206,31398.97,0.222970,36924.19,0.407821,20187.80,0.329312,25000.64,0.586405,14039.77,0.796375,0.045959,0.042570,0.329312,1.214215,0.117290,33,631122,715947,5307108,4822,0,0,0,5882,0,0,0,0,0,0,0,0,0,0,0,0,0,0,0,0,0,0,0,15829115992589037952,15829115992589037952,15829115992589037952,12436423718213132830,12436423718213132830,12436423718213132830
146,50,7782,8,10,0.620082,12549.96,0.303339,25654.46,0.198309,39241.80,0.190778,40790.83,0.284736,27330.62,0.263420,29542.17,0.452658,17191.80,0.626751,0.033529,0.036804,0.263420,0.960504,0.099280,41,619268,750773,5158136,5370,0,0,0,9295,0,0,0,0,0,0,0,0,0,0,0,0,0,0,0,0,0,0,0,6443715930859954664,6443715930859954664,6443715930859954664,1445150575846240480,1445150575846240480,1445150575846240480
147,50,7108,8,10,0.784842,9056.60,0.457978,15520.38,0.364654,19492.47,0.240210,29590.75,0.433853,16383.42,0.350844,20259.69,0.607196,11706.27,0.789078,0.035345,0.043934,0.350844,1.219201,0.086851,32,596726,675881,4938896,5671,0,0,0,9703,0,0,0,0,0,0,0,0,0,0,0,0,0,0,0,0,0,0,0,12569587599572299083,12569587599572299083,12569587599572299083,14986636746363915434,14986636746363915434,14986636746363915434
148,50,7628,8,10,0.681936,11185.80,0.338298,22548.18,0.235074,32449.36,0.204632,37276.59,0.325266,23451.59,0.286073,26664.51,0.467543,16315.08,0.686845,0.035470,0.037042,0.286073,1.045430,0.093657,42,606690,688060,5068656,5328,0,0,0,7693,0,0,0,0,0,0,0,0,0,0,0,0,0,0,0,0,0,0,0,11485568384412021476,11485568384412021476,11485568384412021476,5449948822780122696,5449948822780122696,5449948822780122696
149,50,8131,8,10,0.739239,10999.16,0.405574,20048.12,0.222253,36584.44,0.198819,40896.53,0.391169,20786.41,0.329730,24659.55,0.569256,14283.55,0.745772,0.038404,0.045953,0.329730,1.159859,0.102529,32,641453,768508,5288748,6839,0,0,0,9518,0,0,0,0,0,0,0,0,0,0,0,0,0,0,0,0,0,0,0,868290553177586247,868290553177586247,868290553177586247,7791288011027688713,7791288011027688713,7791288011027688713
150,50,7743,8,10,0.626073,12367.58,0.311521,24855.49,0.231867,33394.21,0.194975,39712.78,0.294632,26280.26,0.268035,28888.07,0.458977,16870.13,0.632331,0.034665,0.037208,0.268035,0.972239,0.092907,39,606559,741154,5078780,5705,0,0,0,8943,0,0,0,0,0,0,0,0,0,0,0,0,0,0,0,0,0,0,0,17062717800575951515,17062717800575951515,17062717800575951515,14884031154737768295,14884031154737768295,14884031154737768295
151,50,7664,8,10,0.564384,13579.41,0.245016,31279.61,0.204477,37480.94,0.197665,38772.63,0.236142,32455.01,0.224871,34081.83,0.404395,18951.76,0.570978,0.037332,0.035382,0.224871,0.868562,0.096860,45,606663,701753,5088544,5509,0,0,0,10623,0,0,0,0,0,0,0,0,0,0,0,0,0,0,0,0,0,0,0,18022501988712196127,18022501988712196127,18022501988712196127,14422749816506439243,14422749816506439243,14422749816506439243
152,50,7318,8,10,0.793387,9223.75,0.483079,15148.65,0.398831,18348.62,0.306907,23844.39,0.474235,15431.15,0.367019,19939.01,0.624782,11712.89,0.796328,0.033542,0.049340,0.367019,1.246230,0.091454,30,566720,649065,4792408,4926,0,0,0,9258,0,0,0,0,0,0,0,0,0,0,0,0,0,0,0,0,0,0,0,5829029590265325384,5829029590265325384,5829029590265325384,17673525169016002505,17673525169016002505,17673525169016002505
153,50,6956,8,10,0.723132,9619.27,0.413468,16823.56,0.254523,27329.58,0.223093,31179.88,0.396465,17545.05,0.334057,20822.78,0.534374,13017.11,0.727762,0.031586,0.039067,0.334057,1.132472,0.078776,36,557973,614373,4739536,4351,0,0,0,6057,0,0,0,0,0,0,0,0,0,0,0,0,0,0,0,0,0,0,0,16736753921875036927,16736753921875036927,16736753921875036927,12760258923038801167,12760258923038801167,12760258923038801167
154,50,7486,8,10,0.603850,12397.12,0.293594,25497.81,0.200411,37353.23,0.184504,40573.68,0.277746,26952.64,0.244976,30558.11,0.425750,17583.09,0.608883,0.035135,0.035201,0.244976,0.924194,0.090162,42,587629,657959,4926072,4843,0,0,0,9021,0,0,0,0,0,0,0,0,0,0,0,0,0,0,0,0,0,0,0,10386805354454975042,10386805354454975042,10386805354454975042,17961961440082274424,17961961440082274424,17961961440082274424
155,50,7640,8,10,0.742669,10287.22,0.456892,16721.67,0.250148,30541.89,0.214956,35542.15,0.445065,17166.03,0.329461,23189.40,0.629549,12135.66,0.742656,0.035730,0.046394,0.329461,1.154242,0.092841,32,578279,874004,4822784,7084,0,0,0,7684,0,0,0,0,0,0,0,0,0,0,0,0,0,0,0,0,0,0,0,2503226323813006887,2503226323813006887,2503226323813006887,17989706735406617460,17989706735406617460,17989706735406617460
156,50,7312,8,10,0.783278,9335.12,0.494546,14785.28,0.331771,22039.29,0.244227,29939.41,0.483023,15137.99,0.392867,18611.89,0.669984,10913.70,0.780299,0.036278,0.038587,0.392867,1.248031,0.085597,41,573674,714589,4815040,6317,0,0,0,8980,0,0,0,0,0,0,0,0,0,0,0,0,0,0,0,0,0,0,0,15723773022573547871,15723773022573547871,15723773022573547871,5732436985246419155,5732436985246419155,5732436985246419155
157,50,7973,8,10,0.602664,13229.59,0.284567,28018.05,0.228780,34850.07,0.220745,36118.66,0.268731,29669.05,0.255566,31197.43,0.448842,17763.50,0.605989,0.038471,0.036383,0.255566,0.936409,0.099728,45,621292,715987,5230964,6151,0,0,0,11295,0,0,0,0,0,0,0,0,0,0,0,0,0,0,0,0,0,0,0,3611093370208631071,3611093370208631071,3611093370208631071,2944225753017002291,2944225753017002291,2944225753017002291
158,50,7803,8,10,0.656823,11879.92,0.363148,21487.13,0.240901,32390.93,0.228604,34133.31,0.354100,22036.17,0.320860,24318.99,0.528324,14769.36,0.668149,0.030713,0.036018,0.320860,1.055741,0.097010,44,619782,745022,5252076,6922,0,0,0,10636,0,0,0,0,0,0,0,0,0,0,0,0,0,0,0,0,0,0,0,1439156871477644226,1439156871477644226,1439156871477644226,8149178524806710810,8149178524806710810,8149178524806710810
159,50,8040,8,10,0.693374,11595.47,0.401867,20006.62,0.230345,34904.15,0.217607,36947.33,0.398006,20200.72,0.369124,21781.29,0.542810,14811.83,0.698046,0.038221,0.040482,0.369124,1.145873,0.107822,43,654688,924528,5476576,7359,0,0,0,11155,0,0,0,0,0,0,0,0,0,0,0,0,0,0,0,0,0,0,0,12618349598510542043,12618349598510542043,12618349598510542043,17537914276102524727,17537914276102524727,17537914276102524727
160,50,8018,8,10,0.511036,15689.69,0.264191,30349.26,0.238669,33594.62,0.221005,36279.78,0.248147,32311.52,0.245451,32666.38,0.387868,20671.96,0.516654,0.037483,0.053416,0.245451,0.853004,0.102231,45,629993,727093,5317960,6058,0,0,0,11732,0,0,0,0,0,0,0,0,0,0,0,0,0,0,0,0,0,0,0,13169845982623658699,13169845982623658699,13169845982623658699,4997893574244807041,4997893574244807041,4997893574244807041
161,50,7281,8,10,0.840800,8659.61,0.514643,14147.66,0.306087,23787.32,0.211110,34489.05,0.504235,14439.69,0.435206,16730.01,0.665369,10942.80,0.849461,0.032658,0.045314,0.435206,1.362639,0.086011,32,575552,639997,4902500,4733,0,0,0,7251,0,0,0,0,0,0,0,0,0,0,0,0,0,0,0,0,0,0,0,232760279201169874,232760279201169874,232760279201169874,5453701051683489918,5453701051683489918,5453701051683489918
162,50,7301,8,10,0.766682,9522.85,0.431432,16922.71,0.283367,25765.21,0.192675,37892.83,0.418317,17453.28,0.352530,20710.28,0.576797,12657.83,0.767269,0.038118,0.056439,0.352530,1.214356,0.085790,28,590769,700459,4942644,5261,0,0,0,8847,0,0,0,0,0,0,0,0,0,0,0,0,0,0,0,0,0,0,0,3040357657775437796,3040357657775437796,3040357657775437796,5072418952639461103,5072418952639461103,5072418952639461103
163,50,8104,8,10,0.682139,11880.28,0.367437,22055.50,0.203659,39792.06,0.192942,42002.36,0.356822,22711.58,0.301274,26899.12,0.504291,16070.09,0.693414,0.028332,0.051073,0.301274,1.074092,0.103782,32,623091,714541,5194688,5640,0,0,0,8925,0,0,0,0,0,0,0,0,0,0,0,0,0,0,0,0,0,0,0,1654688194456505925,1654688194456505925,1654688194456505925,17081060543844721777,17081060543844721777,17081060543844721777
164,50,8370,8,10,0.608471,13755.80,0.315794,26504.61,0.189913,44072.87,0.181236,46182.78,0.301773,27736.04,0.258363,32396.31,0.440321,19008.87,0.615715,0.037802,0.043776,0.258363,0.955656,0.111615,34,645672,741442,5341992,5757,0,0,0,8908,0,0,0,0,0,0,0,0,0,0,0,0,0,0,0,0,0,0,0,9114358369566611073,9114358369566611073,9114358369566611073,16266108278091452094,16266108278091452094,16266108278091452094
165,50,8057,8,10,0.520817,15469.91,0.219258,36746.72,0.195099,41297.00,0.188050,42844.94,0.209815,38400.42,0.200464,40191.79,0.348046,23149.21,0.525843,0.037693,0.049499,0.200464,0.813500,0.108912,38,614760,679655,5085412,4692,0,0,0,8603,0,0,0,0,0,0,0,0,0,0,0,0,0,0,0,0,0,0,0,12219997636552068339,12219997636552068339,12219997636552068339,10131115258612857162,10131115258612857162,10131115258612857162
166,50,8105,8,10,0.585699,13838.17,0.256077,31650.69,0.191701,42279.32,0.180754,44839.89,0.234734,34528.43,0.212836,38080.97,0.402028,20160.29,0.594227,0.036740,0.045514,0.212836,0.889317,0.109314,36,631883,728188,5150116,4971,0,0,0,8825,0,0,0,0,0,0,0,0,0,0,0,0,0,0,0,0,0,0,0,953924665066655662,953924665066655662,953924665066655662,13768022521157564548,13768022521157564548,13768022521157564548
167,50,8284,8,10,0.529335,15649.84,0.279006,29691.14,0.249147,33249.48,0.228835,36200.71,0.257134,32216.61,0.249278,33231.99,0.406687,20369.49,0.539851,0.034744,0.037862,0.249278,0.861735,0.104724,45,627408,788908,5400336,6830,0,0,0,11520,0,0,0,0,0,0,0,0,0,0,0,0,0,0,0,0,0,0,0,6714232444111214971,6714232444111214971,6714232444111214971,10913984304590486866,10913984304590486866,10913984304590486866
168,50,7971,8,10,0.492166,16195.76,0.239517,33279.41,0.225666,35322.06,0.209033,38132.79,0.225117,35408.21,0.222685,35794.97,0.355403,22428.09,0.500672,0.035466,0.035979,0.222685,0.794802,0.101254,47,634980,718510,5255340,5427,0,0,0,10616,0,0,0,0,0,0,0,0,0,0,0,0,0,0,0,0,0,0,0,673941336991406134,673941336991406134,673941336991406134,6927980030809479865,6927980030809479865,6927980030809479865
169,50,8633,8,10,0.545090,15837.76,0.250131,34513.96,0.221026,39058.74,0.213036,40523.75,0.240953,35828.62,0.231817,37240.64,0.390534,22105.61,0.546891,0.040787,0.038203,0.231817,0.857698,0.121292,44,666145,771130,5599172,5775,0,0,0,10916,0,0,0,0,0,0,0,0,0,0,0,0,0,0,0,0,0,0,0,1872517603692368246,1872517603692368246,1872517603692368246,4479923898486108320,4479923898486108320,4479923898486108320
170,50,8267,8,10,0.552173,14971.75,0.238853,34611.28,0.207869,39770.18,0.200262,41280.98,0.228521,36176.08,0.223054,37062.72,0.387161,21352.86,0.539552,0.038259,0.041097,0.223054,0.841962,0.106023,39,622021,726956,5059244,5420,0,0,0,10171,0,0,0,0,0,0,0,0,0,0,0,0,0,0,0,0,0,0,0,3884606036024566151,3884606036024566151,3884606036024566151,3984709421315271874,3984709421315271874,3984709421315271874
171,50,8103,8,10,0.541439,14965.68,0.248440,32615.46,0.231881,34944.66,0.220984,36667.78,0.245180,33049.24,0.236354,34283.29,0.399758,20269.79,0.548107,0.037656,0.036795,0.236354,0.858912,0.104448,45,633321,749671,5141372,6143,0,0,0,11115,0,0,0,0,0,0,0,0,0,0,0,0,0,0,0,0,0,0,0,17732950920826435124,17732950920826435124,17732950920826435124,5849907438407459240,5849907438407459240,5849907438407459240
172,50,8017,8,10,0.505490,15859.86,0.239648,33453.18,0.219602,36507.01,0.212352,37753.39,0.236493,33899.51,0.227704,35207.93,0.362986,22086.25,0.511728,0.034771,0.036542,0.227704,0.810745,0.101706,47,620633,716468,5130244,5774,0,0,0,10911,0,0,0,0,0,0,0,0,0,0,0,0,0,0,0,0,0,0,0,13270985626188257611,13270985626188257611,13270985626188257611,2580572409198692142,2580572409198692142,2580572409198692142
173,50,9007,8,10,0.562859,16002.24,0.257597,34965.45,0.228515,39415.40,0.219683,41000.00,0.249030,36168.38,0.237536,37918.53,0.421308,21378.66,0.569003,0.039843,0.040890,0.237536,0.887272,0.123885,44,696683,889048,5638268,6629,0,0,0,11952,0,0,0,0,0,0,0,0,0,0,0,0,0,0,0,0,0,0,0,3406988211343207290,3406988211343207290,3406988211343207290,10244422397905921661,10244422397905921661,10244422397905921661
174,50,7867,8,10,0.562739,13979.83,0.242623,32424.73,0.213774,36800.59,0.204656,38440.05,0.231098,34041.79,0.225870,34829.75,0.402310,19554.58,0.571272,0.035429,0.043989,0.225870,0.876560,0.103235,44,633304,720279,5162156,5607,0,0,0,10787,0,0,0,0,0,0,0,0,0,0,0,0,0,0,0,0,0,0,0,4351521777811863420,4351521777811863420,4351521777811863420,13547127061194205803,13547127061194205803,13547127061194205803
175,50,8120,8,10,0.572731,14177.68,0.269251,30157.76,0.246969,32878.57,0.232973,34853.75,0.257959,31477.89,0.252887,32109.27,0.427293,19003.35,0.581895,0.034686,0.035652,0.252887,0.905120,0.102963,48,652418,777223,5542304,6422,0,0,0,12441,0,0,0,0,0,0,0,0,0,0,0,0,0,0,0,0,0,0,0,9975563223173353297,9975563223173353297,9975563223173353297,14021802627963323306,14021802627963323306,14021802627963323306
176,50,8002,8,10,0.515681,15517.35,0.266840,29987.98,0.232577,34405.85,0.221127,36187.34,0.255981,31260.09,0.253784,31530.69,0.403429,19834.97,0.523187,0.035063,0.037660,0.253784,0.849694,0.100355,47,620861,725621,5181896,6235,0,0,0,11687,0,0,0,0,0,0,0,0,0,0,0,0,0,0,0,0,0,0,0,13919110185742348056,13919110185742348056,13919110185742348056,8237172868128237963,8237172868128237963,8237172868128237963
177,50,8125,8,10,0.532804,15249.52,0.261941,31018.45,0.242731,33473.22,0.237921,34150.00,0.250394,32448.86,0.252634,32161.18,0.390810,20790.16,0.538975,0.042021,0.035990,0.252634,0.869619,0.105253,48,663520,768915,5459956,6196,0,0,0,12005,0,0,0,0,0,0,0,0,0,0,0,0,0,0,0,0,0,0,0,1073651394126465963,1073651394126465963,1073651394126465963,11389924236540009102,11389924236540009102,11389924236540009102
178,50,8004,8,10,1.580295,5064.88,1.293612,6187.33,1.184700,6756.14,1.132461,7067.79,1.272479,6290.08,1.215792,6583.36,1.441214,5553.65,1.602034,0.021722,0.053327,1.215792,2.892875,0.096450,26,590668,675978,5041776,5184,0,0,0,5433,0,0,0,0,0,0,0,0,0,0,0,0,0,0,0,0,0,0,0,3936709054121426917,3936709054121426917,3936709054121426917,15876212972201017717,15876212972201017717,15876212972201017717
179,50,8159,8,10,0.736332,11080.60,0.452254,18040.74,0.328048,24871.38,0.246134,33148.57,0.432858,18849.15,0.377284,21625.64,0.587865,13879.04,0.739310,0.033900,0.047405,0.377284,1.197899,0.102199,39,620483,700333,5097180,5220,0,0,0,9615,0,0,0,0,0,0,0,0,0,0,0,0,0,0,0,0,0,0,0,16063602230926496833,16063602230926496833,16063602230926496833,10257798327243064998,10257798327243064998,10257798327243064998
180,50,8033,8,10,0.610556,13156.86,0.315678,25446.85,0.219172,36651.55,0.207214,38766.62,0.307777,26100.07,0.282015,28484.34,0.467899,17168.24,0.605907,0.038310,0.041140,0.282015,0.967371,0.098687,42,616191,729466,5065988,6076,0,0,0,11277,0,0,0,0,0,0,0,0,0,0,0,0,0,0,0,0,0,0,0,11385896116542439130,11385896116542439130,11385896116542439130,4306765228212529867,4306765228212529867,4306765228212529867
181,50,8977,8,10,0.530748,16913.86,0.234806,38231.52,0.189593,47348.68,0.183956,48799.66,0.222013,40434.58,0.203799,44048.40,0.402774,22287.94,0.533416,0.042254,0.043704,0.203799,0.823173,0.115161,35,657981,819371,5611364,6221,0,0,0,9664,0,0,0,0,0,0,0,0,0,0,0,0,0,0,0,0,0,0,0,4763326277107799120,4763326277107799120,4763326277107799120,15503520020649477061,15503520020649477061,15503520020649477061
182,50,8428,8,10,0.578490,14568.97,0.317638,26533.37,0.229847,36667.87,0.214302,39327.76,0.309539,27227.60,0.287208,29344.63,0.441165,19103.95,0.585166,0.034104,0.043814,0.287208,0.950291,0.107563,42,635442,726547,5208336,5882,0,0,0,10426,0,0,0,0,0,0,0,0,0,0,0,0,0,0,0,0,0,0,0,11459799321139611860,11459799321139611860,11459799321139611860,9355643367586797044,9355643367586797044,9355643367586797044
183,50,8087,8,10,0.532696,15181.26,0.274306,29481.67,0.206408,39179.64,0.197090,41032.04,0.266877,30302.31,0.247091,32728.87,0.393961,20527.41,0.541430,0.039093,0.036452,0.247091,0.864066,0.102823,44,629647,719437,5076476,5998,0,0,0,10059,0,0,0,0,0,0,0,0,0,0,0,0,0,0,0,0,0,0,0,4684444311586907302,4684444311586907302,4684444311586907302,16194216689556059214,16194216689556059214,16194216689556059214
184,50,8420,8,10,0.540219,15586.27,0.287987,29237.44,0.258103,32622.66,0.243327,34603.63,0.269902,31196.46,0.261469,32202.64,0.423593,19877.56,0.544013,0.038105,0.035265,0.261469,0.878852,0.108288,48,647871,770546,5354928,7190,0,0,0,12900,0,0,0,0,0,0,0,0,0,0,0,0,0,0,0,0,0,0,0,607977080983332311,607977080983332311,607977080983332311,17236186535888165662,17236186535888165662,17236186535888165662
185,50,7622,8,10,0.631700,12065.85,0.353934,21535.08,0.280435,27179.21,0.204338,37300.88,0.347768,21916.89,0.307505,24786.57,0.509907,14947.82,0.634660,0.034320,0.038264,0.307505,1.014749,0.090200,40,584692,671652,4908728,5580,0,0,0,10418,0,0,0,0,0,0,0,0,0,0,0,0,0,0,0,0,0,0,0,11447103040412264307,11447103040412264307,11447103040412264307,15489735005782903840,15489735005782903840,15489735005782903840
186,50,7516,8,10,0.587860,12785.35,0.332429,22609.31,0.280911,26755.85,0.248718,30218.98,0.326062,23050.87,0.302214,24869.76,0.471896,15927.22,0.595203,0.035555,0.037888,0.302214,0.970860,0.088929,42,612949,723459,5081456,6433,0,0,0,11976,0,0,0,0,0,0,0,0,0,0,0,0,0,0,0,0,0,0,0,7323402197425907116,7323402197425907116,7323402197425907116,12750337724292295993,12750337724292295993,12750337724292295993
187,50,7994,8,10,0.724419,11035.04,0.460610,17355.23,0.279295,28622.10,0.269861,29622.66,0.456755,17501.72,0.439467,18190.22,0.617207,12951.89,0.730256,0.036176,0.035435,0.439467,1.241334,0.105470,45,638264,771039,5345672,7290,0,0,0,12054,0,0,0,0,0,0,0,0,0,0,0,0,0,0,0,0,0,0,0,9465462481331438841,9465462481331438841,9465462481331438841,15301798365900960836,15301798365900960836,15301798365900960836
188,50,7609,8,10,0.556612,13670.21,0.316080,24073.00,0.245989,30932.30,0.233515,32584.57,0.311643,24415.76,0.287691,26448.49,0.456304,16675.30,0.555709,0.037929,0.036658,0.287691,0.917987,0.089412,43,609930,717045,5069316,6550,0,0,0,12218,0,0,0,0,0,0,0,0,0,0,0,0,0,0,0,0,0,0,0,6538082702594674491,6538082702594674491,6538082702594674491,9461086488385917687,9461086488385917687,9461086488385917687
189,50,7827,8,10,0.573713,13642.71,0.304623,25694.05,0.283367,27621.39,0.264861,29551.31,0.289844,27004.17,0.287691,27206.31,0.452955,17279.88,0.579958,0.037641,0.033477,0.287691,0.938766,0.099913,49,665738,790538,5426092,7738,0,0,0,13274,0,0,0,0,0,0,0,0,0,0,0,0,0,0,0,0,0,0,0,9147266125799334808,9147266125799334808,9147266125799334808,11112634945772369659,11112634945772369659,11112634945772369659
190,50,7789,8,10,0.493676,15777.54,0.259420,30024.65,0.245570,31718.07,0.232319,33527.16,0.248751,31312.39,0.243223,32024.12,0.377740,20620.02,0.501813,0.036685,0.049939,0.243223,0.831661,0.094170,48,626799,734059,5255380,6499,0,0,0,12318,0,0,0,0,0,0,0,0,0,0,0,0,0,0,0,0,0,0,0,697081200791697421,697081200791697421,697081200791697421,12242290251725283643,12242290251725283643,12242290251725283643
191,50,7414,8,10,0.712097,10411.50,0.459733,16126.75,0.289179,25638.10,0.250399,29608.73,0.423687,17498.76,0.410040,18081.14,0.586701,12636.75,0.717513,0.037366,0.037126,0.410040,1.202045,0.087485,45,610539,701239,5037080,6034,0,0,0,10619,0,0,0,0,0,0,0,0,0,0,0,0,0,0,0,0,0,0,0,4132753097109821562,4132753097109821562,4132753097109821562,9573495152619506503,9573495152619506503,9573495152619506503
192,50,7473,8,10,0.571665,13072.34,0.289818,25785.11,0.261474,28580.28,0.249155,29993.42,0.282866,26418.90,0.278747,26809.28,0.439971,16985.21,0.580021,0.034124,0.031818,0.278747,0.924710,0.087220,48,609436,734071,5235268,7160,0,0,0,12809,0,0,0,0,0,0,0,0,0,0,0,0,0,0,0,0,0,0,0,3754441584122098151,3754441584122098151,3754441584122098151,1185140583552895718,1185140583552895718,1185140583552895718
193,50,7860,8,10,0.504664,15574.73,0.271832,28914.94,0.255755,30732.57,0.241409,32558.88,0.260209,30206.50,0.261655,30039.59,0.398696,19714.28,0.510155,0.037999,0.034245,0.261655,0.844054,0.097783,49,627806,746421,5196240,7333,0,0,0,13275,0,0,0,0,0,0,0,0,0,0,0,0,0,0,0,0,0,0,0,14107130127583881515,14107130127583881515,14107130127583881515,6803360834409256690,6803360834409256690,6803360834409256690
194,50,7701,8,10,0.544884,14133.28,0.259140,29717.54,0.255294,30165.22,0.239792,32115.31,0.254693,30236.46,0.256092,30071.26,0.396153,19439.44,0.550375,0.038931,0.035307,0.256092,0.880705,0.100352,47,672355,784530,5393556,6893,0,0,0,13074,0,0,0,0,0,0,0,0,0,0,0,0,0,0,0,0,0,0,0,15468819691528894528,15468819691528894528,15468819691528894528,10200374550656281378,10200374550656281378,10200374550656281378
195,50,7729,8,10,0.588611,13130.91,0.274262,28181.11,0.256594,30121.54,0.240505,32136.59,0.270793,28542.08,0.267319,28913.00,0.435183,17760.36,0.593084,0.041782,0.035713,0.267319,0.937898,0.099475,47,676658,792678,5451556,7048,0,0,0,12711,0,0,0,0,0,0,0,0,0,0,0,0,0,0,0,0,0,0,0,1693905732218492725,1693905732218492725,1693905732218492725,14345726165159047647,14345726165159047647,14345726165159047647
196,50,7738,8,10,0.615578,12570.29,0.297509,26009.27,0.217370,35598.25,0.203995,37932.32,0.287727,26893.59,0.260955,29652.61,0.453801,17051.51,0.616048,0.038767,0.035764,0.260955,0.951534,0.095319,43,633150,709150,5192552,5318,0,0,0,8590,0,0,0,0,0,0,0,0,0,0,0,0,0,0,0,0,0,0,0,2129430369633752200,2129430369633752200,2129430369633752200,18314024627480372665,18314024627480372665,18314024627480372665
197,50,7411,8,10,0.579867,12780.52,0.259662,28540.98,0.211012,35121.30,0.201053,36860.97,0.241759,30654.46,0.236587,31324.65,0.408621,18136.63,0.584162,0.034091,0.034428,0.236587,0.889268,0.091000,42,613687,714592,4976524,5737,0,0,0,10266,0,0,0,0,0,0,0,0,0,0,0,0,0,0,0,0,0,0,0,16618826150013356162,16618826150013356162,16618826150013356162,94775423018538448,94775423018538448,94775423018538448
198,50,7609,8,10,0.504110,15093.92,0.239545,31764.33,0.221276,34386.99,0.213013,35720.88,0.232801,32684.50,0.235512,32308.34,0.369806,20575.66,0.513107,0.035469,0.032607,0.235512,0.816695,0.092588,49,611932,702622,4975684,5625,0,0,0,10709,0,0,0,0,0,0,0,0,0,0,0,0,0,0,0,0,0,0,0,13837102255631959548,13837102255631959548,13837102255631959548,10692301293085154831,10692301293085154831,10692301293085154831
199,50,8239,8,10,0.541259,15221.91,0.249490,33023.39,0.218198,37759.21,0.210430,39153.20,0.245692,33533.83,0.233437,35294.35,0.421651,19539.86,0.547714,0.038436,0.038273,0.233437,0.857860,0.107917,43,657253,836878,5470460,6966,0,0,0,11594,0,0,0,0,0,0,0,0,0,0,0,0,0,0,0,0,0,0,0,14436789114909007619,14436789114909007619,14436789114909007619,4692933671095788795,4692933671095788795,4692933671095788795
200,50,8645,8,10,0.612028,14125.18,0.284451,30391.92,0.219025,39470.29,0.210731,41023.93,0.265438,32568.81,0.238419,36259.74,0.418512,20656.53,0.619709,0.037457,0.040236,0.238419,0.935821,0.128516,39,685595,801725,5727060,6368,0,0,0,11006,0,0,0,0,0,0,0,0,0,0,0,0,0,0,0,0,0,0,0,11833226250433560168,11833226250433560168,11833226250433560168,5860499832184246524,5860499832184246524,5860499832184246524
201,50,9427,8,10,0.590850,15954.98,0.277606,33958.16,0.248647,37913.20,0.234176,40256.01,0.268705,35083.12,0.248728,37900.83,0.489631,19253.27,0.598329,0.042299,0.045380,0.248728,0.934735,0.155502,42,736988,1817338,6150060,10949,0,0,0,16320,0,0,0,0,0,0,0,0,0,0,0,0,0,0,0,0,0,0,0,12093011267839942879,12093011267839942879,12093011267839942879,9016633086319134586,9016633086319134586,9016633086319134586
202,50,8739,8,10,0.574664,15207.15,0.266125,32837.92,0.239255,36525.90,0.226359,38606.75,0.255485,34205.47,0.247003,35380.11,0.403248,21671.52,0.580764,0.037428,0.055150,0.247003,0.920345,0.136602,43,688561,806766,5680172,6779,0,0,0,12848,0,0,0,0,0,0,0,0,0,0,0,0,0,0,0,0,0,0,0,7375444298619910516,7375444298619910516,7375444298619910516,6556682818247469225,6556682818247469225,6556682818247469225
203,50,8509,8,10,0.653451,13021.64,0.316455,26888.47,0.229476,37080.20,0.212074,40122.78,0.299149,28444.02,0.265988,31990.20,0.467480,18201.86,0.662200,0.039085,0.045758,0.265988,1.013030,0.127574,37,707984,835404,5785204,6439,0,0,0,11584,0,0,0,0,0,0,0,0,0,0,0,0,0,0,0,0,0,0,0,16626938713139341058,16626938713139341058,16626938713139341058,9323390076752944611,9323390076752944611,9323390076752944611
204,50,8761,8,10,0.721978,12134.71,0.411869,21271.30,0.279054,31395.35,0.255538,34284.49,0.391607,22371.91,0.344006,25467.56,0.563912,15536.12,0.730001,0.039366,0.045072,0.344006,1.158445,0.130719,37,709390,865920,5744036,8105,0,0,0,13920,0,0,0,0,0,0,0,0,0,0,0,0,0,0,0,0,0,0,0,13850839678687567444,13850839678687567444,13850839678687567444,11399746474577537759,11399746474577537759,11399746474577537759
205,50,8559,8,10,0.680037,12586.08,0.331299,25834.70,0.254489,33632.05,0.240635,35568.39,0.316507,27042.07,0.296747,28842.77,0.505556,16929.87,0.687493,0.040793,0.040751,0.296747,1.065784,0.125157,42,710042,833747,5778460,7233,0,0,0,12705,0,0,0,0,0,0,0,0,0,0,0,0,0,0,0,0,0,0,0,219832879464325754,219832879464325754,219832879464325754,560691830505633713,560691830505633713,560691830505633713
206,50,8666,8,10,0.559566,15487.00,0.273335,31704.64,0.248334,34896.53,0.241625,35865.43,0.263237,32920.91,0.254352,34070.89,0.423557,20460.08,0.566665,0.040316,0.044831,0.254352,0.906164,0.126847,42,718438,874188,5694760,8047,0,0,0,13240,0,0,0,0,0,0,0,0,0,0,0,0,0,0,0,0,0,0,0,908988240391394872,908988240391394872,908988240391394872,8844701328412358883,8844701328412358883,8844701328412358883
207,50,8764,8,10,0.631565,13876.65,0.302962,28927.76,0.259352,33791.96,0.244339,35868.15,0.293278,29882.91,0.277241,31611.47,0.456041,19217.56,0.639827,0.038490,0.042948,0.277241,0.998507,0.136570,44,708549,834974,5861680,7495,0,0,0,13596,0,0,0,0,0,0,0,0,0,0,0,0,0,0,0,0,0,0,0,9572755936667410904,9572755936667410904,9572755936667410904,11151010673805004131,11151010673805004131,11151010673805004131
208,50,8353,8,10,0.683009,12229.70,0.347668,24025.83,0.242532,34440.87,0.216180,38639.07,0.332505,25121.42,0.296505,28171.52,0.513389,16270.31,0.687366,0.034854,0.045491,0.296505,1.064216,0.114925,37,686671,794336,5620484,6171,0,0,0,11868,0,0,0,0,0,0,0,0,0,0,0,0,0,0,0,0,0,0,0,7193097852179384146,7193097852179384146,7193097852179384146,10785343642550435367,10785343642550435367,10785343642550435367
209,50,9128,8,10,0.633117,14417.57,0.310830,29366.56,0.260035,35103.00,0.244265,37369.21,0.301358,30289.60,0.286219,31891.70,0.472056,19336.70,0.640940,0.040935,0.041063,0.286219,1.009157,0.148420,43,726871,884071,5961824,8060,0,0,0,13887,0,0,0,0,0,0,0,0,0,0,0,0,0,0,0,0,0,0,0,7341706632296091937,7341706632296091937,7341706632296091937,16636983677252772995,16636983677252772995,16636983677252772995
210,50,8252,8,10,0.596820,13826.62,0.305860,26979.70,0.280263,29443.81,0.252673,32658.80,0.282364,29224.68,0.276662,29826.99,0.428512,19257.32,0.603933,0.039541,0.037758,0.276662,0.957894,0.114200,45,681561,785771,5627344,6547,0,0,0,12007,0,0,0,0,0,0,0,0,0,0,0,0,0,0,0,0,0,0,0,6531211592009733036,6531211592009733036,6531211592009733036,18195526302269916172,18195526302269916172,18195526302269916172
211,50,8246,8,10,0.630673,13074.93,0.306515,26902.46,0.254080,32454.36,0.245482,33591.12,0.295361,27918.37,0.280823,29363.67,0.475290,17349.40,0.635837,0.040485,0.038623,0.280823,0.995768,0.114881,44,689122,834027,5623224,7649,0,0,0,13691,0,0,0,0,0,0,0,0,0,0,0,0,0,0,0,0,0,0,0,185070235593573690,185070235593573690,185070235593573690,9044583950199500630,9044583950199500630,9044583950199500630
212,50,8143,8,10,0.577646,14096.86,0.282468,28828.06,0.235715,34545.96,0.224708,36238.15,0.272116,29924.76,0.252307,32274.22,0.422643,19266.86,0.582278,0.038417,0.039441,0.252307,0.912442,0.110214,43,667946,789691,5467644,6730,0,0,0,12241,0,0,0,0,0,0,0,0,0,0,0,0,0,0,0,0,0,0,0,4845687022462734507,4845687022462734507,4845687022462734507,11182501599279154196,11182501599279154196,11182501599279154196
213,50,8260,8,10,0.656907,12574.09,0.360213,22930.89,0.286685,28812.11,0.239014,34558.65,0.346643,23828.57,0.287077,28772.78,0.505739,16332.52,0.664482,0.038395,0.044738,0.287077,1.034692,0.125413,37,696357,830262,5687248,7332,0,0,0,12314,0,0,0,0,0,0,0,0,0,0,0,0,0,0,0,0,0,0,0,3436794120489102000,3436794120489102000,3436794120489102000,9680018077955839855,9680018077955839855,9680018077955839855
214,50,8509,8,10,0.602674,14118.73,0.279300,30465.50,0.243119,34999.27,0.235124,36189.38,0.269675,31552.79,0.258071,32971.55,0.428167,19873.08,0.610963,0.041991,0.043003,0.258071,0.954028,0.123148,42,700909,825369,5849876,7122,0,0,0,12660,0,0,0,0,0,0,0,0,0,0,0,0,0,0,0,0,0,0,0,3801359693033721730,3801359693033721730,3801359693033721730,10077649816718065424,10077649816718065424,10077649816718065424
215,50,8710,8,10,0.593956,14664.38,0.278484,31276.49,0.229081,38021.45,0.219892,39610.26,0.272657,31944.93,0.255652,34069.69,0.435629,19994.07,0.598348,0.042151,0.043073,0.255652,0.939225,0.128915,40,694337,832787,5740184,7331,0,0,0,12207,0,0,0,0,0,0,0,0,0,0,0,0,0,0,0,0,0,0,0,4076469092370636947,4076469092370636947,4076469092370636947,16482795292873835158,16482795292873835158,16482795292873835158
216,50,8096,8,10,0.674815,11997.36,0.326689,24781.96,0.235890,34321.12,0.218086,37122.96,0.317963,25462.10,0.287105,28198.76,0.489792,16529.47,0.675965,0.036536,0.040036,0.287105,1.039642,0.114439,41,673845,774275,5540576,6088,0,0,0,10735,0,0,0,0,0,0,0,0,0,0,0,0,0,0,0,0,0,0,0,6988850661689741608,6988850661689741608,6988850661689741608,6134087157475909734,6134087157475909734,6134087157475909734
217,50,8304,8,10,0.599926,13841.71,0.292386,28400.79,0.220299,37694.25,0.208461,39834.72,0.276237,30061.17,0.253432,32766.13,0.425469,19517.31,0.608093,0.039350,0.043165,0.253432,0.944040,0.118648,40,678463,784838,5630784,5995,0,0,0,10368,0,0,0,0,0,0,0,0,0,0,0,0,0,0,0,0,0,0,0,1956341668649748022,1956341668649748022,1956341668649748022,4379268010709781719,4379268010709781719,4379268010709781719
218,50,8633,8,10,0.679388,12707.02,0.328600,26272.04,0.247003,34950.94,0.231765,37249.01,0.310480,27805.32,0.277014,31164.49,0.492173,17540.59,0.676476,0.044621,0.041933,0.277014,1.040044,0.128412,41,692073,837703,5820868,7455,0,0,0,12670,0,0,0,0,0,0,0,0,0,0,0,0,0,0,0,0,0,0,0,7458090363779157688,7458090363779157688,7458090363779157688,8476473508706270843,8476473508706270843,8476473508706270843
219,50,8042,8,10,0.575076,13984.24,0.270022,29782.75,0.224597,35806.36,0.213536,37661.16,0.259546,30984.92,0.245367,32775.39,0.408102,19705.85,0.579619,0.038703,0.038138,0.245367,0.901828,0.117611,41,662800,779455,5587592,6327,0,0,0,11496,0,0,0,0,0,0,0,0,0,0,0,0,0,0,0,0,0,0,0,11683785460697963019,11683785460697963019,11683785460697963019,9962824522080895419,9962824522080895419,9962824522080895419
220,50,8809,8,10,0.605135,14557.09,0.280241,31433.62,0.232461,37894.56,0.223844,39353.24,0.263475,33433.87,0.249439,35315.25,0.462308,19054.40,0.611552,0.042956,0.040951,0.249439,0.944898,0.130424,41,699681,1225571,5829892,9191,0,0,0,13578,0,0,0,0,0,0,0,0,0,0,0,0,0,0,0,0,0,0,0,15141372721121782744,15141372721121782744,15141372721121782744,17066938569943671275,17066938569943671275,17066938569943671275
221,50,8366,8,10,0.595779,14042.12,0.279730,29907.43,0.244520,34214.01,0.233438,35838.21,0.267695,31251.96,0.251532,33260.20,0.417408,20042.74,0.606380,0.038708,0.043062,0.251532,0.939682,0.119969,43,686009,805649,5723832,6889,0,0,0,11919,0,0,0,0,0,0,0,0,0,0,0,0,0,0,0,0,0,0,0,14561150779751516777,14561150779751516777,14561150779751516777,13434134801266471142,13434134801266471142,13434134801266471142
222,50,9238,8,10,0.634459,14560.44,0.309610,29837.58,0.253536,36436.63,0.239388,38590.00,0.294205,31399.89,0.274965,33597.01,0.493903,18704.08,0.642349,0.044762,0.041673,0.274965,1.003749,0.141307,43,725683,1070243,6038168,9941,0,0,0,14554,0,0,0,0,0,0,0,0,0,0,0,0,0,0,0,0,0,0,0,5878335726481528620,5878335726481528620,5878335726481528620,555586223757532284,555586223757532284,555586223757532284
223,50,8683,8,10,0.552215,15723.95,0.262576,33068.56,0.218027,39825.26,0.207581,41829.38,0.250179,34707.17,0.234110,37089.41,0.412022,21074.10,0.559165,0.040172,0.038521,0.234110,0.871967,0.120812,44,676465,909250,5821644,8222,0,0,0,12519,0,0,0,0,0,0,0,0,0,0,0,0,0,0,0,0,0,0,0,12825894862662604579,12825894862662604579,12825894862662604579,6634963239605983792,6634963239605983792,6634963239605983792
224,50,8797,8,10,0.631147,13938.11,0.297210,29598.56,0.239491,36732.11,0.225362,39034.96,0.278184,31622.94,0.259398,33913.18,0.469987,18717.54,0.639389,0.043572,0.056685,0.259398,0.999043,0.132080,39,697338,921448,5907796,8100,0,0,0,12579,0,0,0,0,0,0,0,0,0,0,0,0,0,0,0,0,0,0,0,9093190422510306495,9093190422510306495,9093190422510306495,17100332875731336990,17100332875731336990,17100332875731336990
225,50,8190,8,10,0.599337,13665.10,0.271518,30163.78,0.217351,37680.94,0.212479,38545.05,0.252521,32432.96,0.236204,34673.44,0.415996,19687.70,0.605330,0.039404,0.039561,0.236204,0.920500,0.114781,41,670671,775896,5744152,6399,0,0,0,11136,0,0,0,0,0,0,0,0,0,0,0,0,0,0,0,0,0,0,0,8470703801516735088,8470703801516735088,8470703801516735088,1061684695829746983,1061684695829746983,1061684695829746983
226,50,7772,8,10,0.633607,12266.27,0.283727,27392.57,0.234600,33128.74,0.202142,38448.21,0.270828,28697.17,0.241544,32176.33,0.429466,18096.90,0.641271,0.035644,0.038450,0.241544,0.956908,0.107134,38,659153,778213,5549616,6186,0,0,0,10739,0,0,0,0,0,0,0,0,0,0,0,0,0,0,0,0,0,0,0,13665888122887774122,13665888122887774122,13665888122887774122,3455523639359970125,3455523639359970125,3455523639359970125
227,50,8087,8,10,0.666941,12125.51,0.340037,23782.73,0.229441,35246.60,0.210953,38335.46,0.327514,24692.04,0.269520,30005.16,0.484029,16707.69,0.673413,0.038430,0.043804,0.269520,1.025167,0.118424,33,681176,801156,5647772,6480,0,0,0,11102,0,0,0,0,0,0,0,0,0,0,0,0,0,0,0,0,0,0,0,15759760399571146691,15759760399571146691,15759760399571146691,18418400912332242510,18418400912332242510,18418400912332242510
228,50,8272,8,10,0.756626,10932.75,0.348403,23742.62,0.227065,36430.15,0.205669,40219.98,0.321854,25701.07,0.291028,28423.36,0.546762,15129.06,0.757911,0.036669,0.038512,0.291028,1.124120,0.121029,40,658273,760808,5577344,5964,0,0,0,9877,0,0,0,0,0,0,0,0,0,0,0,0,0,0,0,0,0,0,0,9865141564764193941,9865141564764193941,9865141564764193941,11963138183446804933,11963138183446804933,11963138183446804933
229,50,8255,8,10,0.872417,9462.22,0.440935,18721.59,0.243920,33843.04,0.216164,38188.66,0.404052,20430.54,0.319204,25861.24,0.658131,12543.09,0.875565,0.039972,0.044948,0.319204,1.279689,0.120340,33,704084,811609,5677532,6189,0,0,0,9168,0,0,0,0,0,0,0,0,0,0,0,0,0,0,0,0,0,0,0,9148243890390447285,9148243890390447285,9148243890390447285,5599246581150211620,5599246581150211620,5599246581150211620
230,50,8796,8,10,0.766147,11480.83,0.365225,24083.80,0.217516,40438.41,0.207098,42472.57,0.315375,27890.64,0.285654,30792.50,0.565726,15548.18,0.770849,0.040309,0.041861,0.285654,1.138673,0.136024,36,687870,851090,5740688,6874,0,0,0,9410,0,0,0,0,0,0,0,0,0,0,0,0,0,0,0,0,0,0,0,11609642637736436831,11609642637736436831,11609642637736436831,9590877027099310841,9590877027099310841,9590877027099310841
231,50,8205,8,10,0.760906,10783.20,0.357234,22968.13,0.236692,34665.34,0.207369,39567.19,0.330660,24813.98,0.289230,28368.39,0.580920,14124.14,0.765853,0.040303,0.040428,0.289230,1.135815,0.112506,36,661724,849684,5448884,7346,0,0,0,9493,0,0,0,0,0,0,0,0,0,0,0,0,0,0,0,0,0,0,0,13202554398697612957,13202554398697612957,13202554398697612957,6663734870953465300,6663734870953465300,6663734870953465300
232,50,8363,8,10,0.820065,10197.97,0.377545,22151.02,0.239718,34886.79,0.229100,36503.75,0.343367,24355.86,0.306341,27299.67,0.609328,13724.96,0.826042,0.037666,0.040734,0.306341,1.210783,0.122898,37,668161,799746,5588300,6491,0,0,0,9184,0,0,0,0,0,0,0,0,0,0,0,0,0,0,0,0,0,0,0,5094743522652545047,5094743522652545047,5094743522652545047,16655086825248640699,16655086825248640699,16655086825248640699
233,50,7715,8,10,0.804832,9585.85,0.379686,20319.41,0.234714,32869.76,0.232371,33201.18,0.352118,21910.26,0.293018,26329.45,0.580406,13292.42,0.809494,0.036386,0.039887,0.293018,1.178786,0.102752,31,627644,710234,5579820,5511,0,0,0,6185,0,0,0,0,0,0,0,0,0,0,0,0,0,0,0,0,0,0,0,18270362426156568340,18270362426156568340,18270362426156568340,575372115129382937,575372115129382937,575372115129382937
234,50,8610,8,10,0.867097,9929.69,0.363325,23697.77,0.238119,36158.45,0.223017,38606.87,0.311504,27640.13,0.271847,31672.22,0.541951,15887.05,0.879528,0.039880,0.046298,0.271847,1.237553,0.152839,34,812655,920730,6313256,6852,0,0,0,10178,0,0,0,0,0,0,0,0,0,0,0,0,0,0,0,0,0,0,0,5365352353566192979,5365352353566192979,5365352353566192979,17305736526964953966,17305736526964953966,17305736526964953966
235,50,8029,8,10,0.815366,9847.12,0.369441,21732.81,0.244889,32786.22,0.246107,32624.03,0.324893,24712.76,0.293467,27359.08,0.566856,14164.09,0.815188,0.040163,0.039474,0.293467,1.188292,0.121887,34,663260,767065,5387188,5898,0,0,0,5196,0,0,0,0,0,0,0,0,0,0,0,0,0,0,0,0,0,0,0,7016105436597116300,7016105436597116300,7016105436597116300,12033838221084869608,12033838221084869608,12033838221084869608
236,50,8038,8,10,0.679469,11829.82,0.320236,25100.21,0.219703,36585.75,0.212160,37886.54,0.293720,27366.16,0.253071,31761.83,0.483371,16629.04,0.685651,0.038179,0.041183,0.253071,1.018084,0.122962,33,661491,756851,5388344,5882,0,0,0,9375,0,0,0,0,0,0,0,0,0,0,0,0,0,0,0,0,0,0,0,7762077870456389536,7762077870456389536,7762077870456389536,4690765847799843430,4690765847799843430,4690765847799843430
237,50,8426,8,10,0.664844,12673.65,0.277937,30316.21,0.227924,36968.46,0.215242,39146.56,0.261726,32194.02,0.249242,33806.44,0.445853,18898.60,0.673956,0.036575,0.039669,0.249242,0.999443,0.127075,42,682027,782572,5743752,6200,0,0,0,11144,0,0,0,0,0,0,0,0,0,0,0,0,0,0,0,0,0,0,0,16867061914355298584,16867061914355298584,16867061914355298584,17302494236951417219,17302494236951417219,17302494236951417219
238,50,8473,8,10,0.763105,11103.32,0.345948,24492.11,0.204799,41372.37,0.194559,43549.75,0.310463,27291.48,0.263679,32133.79,0.548614,15444.36,0.766822,0.038429,0.042731,0.263679,1.111661,0.121083,33,685828,832098,5598436,6443,0,0,0,8439,0,0,0,0,0,0,0,0,0,0,0,0,0,0,0,0,0,0,0,14231289827551253893,14231289827551253893,14231289827551253893,11502322750541150195,11502322750541150195,11502322750541150195
239,50,7313,8,10,0.852047,8582.86,0.377590,19367.57,0.237513,30789.94,0.234155,31231.44,0.339948,21512.14,0.286092,25561.74,0.588005,12436.96,0.859151,0.036051,0.041898,0.286092,1.223192,0.092923,30,654825,755655,5125252,5342,0,0,0,4415,0,0,0,0,0,0,0,0,0,0,0,0,0,0,0,0,0,0,0,10970770203947748266,10970770203947748266,10970770203947748266,8329085118372591035,8329085118372591035,8329085118372591035
240,50,7923,8,10,0.887842,8923.88,0.421950,18777.10,0.244745,32372.44,0.244660,32383.68,0.375472,21101.43,0.314869,25162.84,0.648249,12222.15,0.894490,0.036641,0.043093,0.314869,1.289093,0.111293,28,648312,728222,5438444,5143,0,0,0,4790,0,0,0,0,0,0,0,0,0,0,0,0,0,0,0,0,0,0,0,1129550612421132887,1129550612421132887,1129550612421132887,3296109796446228193,3296109796446228193,3296109796446228193
241,50,8293,8,10,0.934436,8874.87,0.424541,19534.04,0.244601,33904.13,0.240196,34525.91,0.379091,21876.04,0.341239,24302.58,0.665342,12464.28,0.935425,0.041198,0.039377,0.341239,1.357239,0.115466,37,662022,772967,5357204,5472,0,0,0,6512,0,0,0,0,0,0,0,0,0,0,0,0,0,0,0,0,0,0,0,3672983393544004373,3672983393544004373,3672983393544004373,15250548163796051023,15250548163796051023,15250548163796051023
242,50,8850,8,10,0.609748,14514.20,0.285474,31001.09,0.206502,42856.77,0.193246,45796.45,0.271757,32565.85,0.236004,37499.31,0.436139,20291.69,0.612261,0.039770,0.044567,0.236004,0.932603,0.130290,35,679342,820582,5635272,6338,0,0,0,9429,0,0,0,0,0,0,0,0,0,0,0,0,0,0,0,0,0,0,0,2463805630584553166,2463805630584553166,2463805630584553166,11295172091329689012,11295172091329689012,11295172091329689012
243,50,8309,8,10,0.658277,12622.35,0.310767,26737.07,0.204305,40669.57,0.189097,43940.43,0.289514,28699.79,0.243445,34130.95,0.470606,17655.98,0.665973,0.037495,0.041535,0.243445,0.988447,0.110214,36,654232,745932,5628276,5584,0,0,0,9040,0,0,0,0,0,0,0,0,0,0,0,0,0,0,0,0,0,0,0,839516778422411297,839516778422411297,839516778422411297,1964011293172713320,1964011293172713320,1964011293172713320
244,50,8718,8,10,0.639456,13633.47,0.302878,28783.90,0.200542,43472.15,0.186399,46770.71,0.285133,30575.25,0.254411,34267.42,0.443913,19639.00,0.645256,0.042370,0.043685,0.254411,0.985722,0.127400,35,656540,752330,5838360,5473,0,0,0,9688,0,0,0,0,0,0,0,0,0,0,0,0,0,0,0,0,0,0,0,1415568888768900019,1415568888768900019,1415568888768900019,866371539744856520,866371539744856520,866371539744856520
245,50,8281,8,10,0.652631,12688.63,0.330554,25051.88,0.196378,42168.74,0.180357,45914.44,0.309497,26756.34,0.256369,32301.08,0.478168,17318.19,0.658912,0.037999,0.043322,0.256369,0.996602,0.111001,30,657086,754086,5602340,5616,0,0,0,7879,0,0,0,0,0,0,0,0,0,0,0,0,0,0,0,0,0,0,0,4351357392535770492,4351357392535770492,4351357392535770492,1556704841675209407,1556704841675209407,1556704841675209407
246,50,8248,8,10,0.724532,11383.90,0.341242,24170.51,0.207194,39808.03,0.184804,44631.11,0.315665,26128.99,0.264944,31131.15,0.531986,15504.18,0.726740,0.036820,0.042013,0.264944,1.070516,0.123486,33,636301,738031,5649344,5552,0,0,0,8723,0,0,0,0,0,0,0,0,0,0,0,0,0,0,0,0,0,0,0,9319827387483363812,9319827387483363812,9319827387483363812,2784681787108160246,2784681787108160246,2784681787108160246
247,50,9506,8,10,0.745033,12759.16,0.345334,27526.99,0.228132,41668.92,0.191902,49535.67,0.311838,30483.76,0.289331,32855.15,0.522957,18177.41,0.750966,0.042959,0.040526,0.289331,1.123782,0.144937,38,694509,821394,5919912,6129,0,0,0,8796,0,0,0,0,0,0,0,0,0,0,0,0,0,0,0,0,0,0,0,1738589826840351819,1738589826840351819,1738589826840351819,9385733666459415936,9385733666459415936,9385733666459415936
248,50,8702,8,10,0.812150,10714.77,0.357465,24343.66,0.204138,42627.99,0.185714,46857.05,0.326386,26661.64,0.290792,29925.13,0.540418,16102.34,0.817017,0.038947,0.039703,0.290792,1.186459,0.124098,37,649521,760126,5637144,5823,0,0,0,6740,0,0,0,0,0,0,0,0,0,0,0,0,0,0,0,0,0,0,0,15465763393550426381,15465763393550426381,15465763393550426381,17807426432794490087,17807426432794490087,17807426432794490087
249,50,8417,8,10,0.643102,13088.13,0.291041,28920.34,0.194425,43291.82,0.175790,47880.91,0.273191,30809.97,0.260795,32274.36,0.426588,19730.97,0.656325,0.030963,0.038053,0.260795,0.986136,0.124034,36,640893,723683,5712484,5301,0,0,0,8284,0,0,0,0,0,0,0,0,0,0,0,0,0,0,0,0,0,0,0,9291197702589607259,9291197702589607259,9291197702589607259,13389587764230375742,13389587764230375742,13389587764230375742
250,50,9155,8,10,0.662633,13816.09,0.292051,31347.32,0.206643,44303.44,0.195724,46775.16,0.272973,33538.17,0.246985,37067.08,0.443654,20635.45,0.670710,0.039025,0.042519,0.246985,0.999238,0.139093,35,691728,791313,5924332,5606,0,0,0,9525,0,0,0,0,0,0,0,0,0,0,0,0,0,0,0,0,0,0,0,6681329743451240849,6681329743451240849,6681329743451240849,4015081409160568132,4015081409160568132,4015081409160568132
251,50,8157,8,10,0.674217,12098.47,0.320756,25430.55,0.249551,32686.71,0.213447,38215.50,0.309743,26334.77,0.271595,30033.67,0.481080,16955.59,0.678939,0.038457,0.040641,0.271595,1.029632,0.113507,33,645480,733905,5508372,5406,0,0,0,9128,0,0,0,0,0,0,0,0,0,0,0,0,0,0,0,0,0,0,0,1389146396663805915,1389146396663805915,1389146396663805915,13489607131672341126,13489607131672341126,13489607131672341126
252,50,8814,8,10,0.610621,14434.49,0.258554,34089.60,0.210437,41884.20,0.197046,44730.67,0.248892,35412.99,0.230567,38227.56,0.405025,21761.62,0.617175,0.040464,0.041647,0.230567,0.929853,0.135812,38,673251,774726,5696056,5853,0,0,0,10420,0,0,0,0,0,0,0,0,0,0,0,0,0,0,0,0,0,0,0,556537818378715194,556537818378715194,556537818378715194,11873264801278582480,11873264801278582480,11873264801278582480
253,50,8998,8,10,0.713280,12614.95,0.325756,27621.89,0.207896,43281.30,0.194972,46150.17,0.300495,29943.89,0.255863,35167.27,0.509603,17656.90,0.720092,0.038484,0.049182,0.255863,1.063621,0.139290,34,687630,805590,5809016,6333,0,0,0,9233,0,0,0,0,0,0,0,0,0,0,0,0,0,0,0,0,0,0,0,15784000142199723092,15784000142199723092,15784000142199723092,11351664541221898279,11351664541221898279,11351664541221898279
254,50,8721,8,10,0.619501,14077.47,0.267820,32562.95,0.209188,41689.87,0.193313,45113.35,0.254301,34293.97,0.234802,37141.89,0.425581,20492.01,0.621006,0.040461,0.041812,0.234802,0.938081,0.129931,37,670548,816978,5616804,6317,0,0,0,10250,0,0,0,0,0,0,0,0,0,0,0,0,0,0,0,0,0,0,0,3103142172680191839,3103142172680191839,3103142172680191839,2105626378884276383,2105626378884276383,2105626378884276383
255,50,8409,8,10,0.730144,11516.90,0.346679,24255.84,0.225477,37294.20,0.212759,39523.60,0.328627,25588.27,0.297066,28306.83,0.537819,15635.37,0.752406,0.020597,0.041149,0.297066,1.111219,0.118571,37,659175,769280,5547780,6141,0,0,0,9985,0,0,0,0,0,0,0,0,0,0,0,0,0,0,0,0,0,0,0,12236509970333637904,12236509970333637904,12236509970333637904,1542720591910263192,1542720591910263192,1542720591910263192
256,50,8227,8,10,0.740827,11105.15,0.335788,24500.60,0.226455,36329.44,0.219730,37441.43,0.311352,26423.45,0.296281,27767.53,0.535128,15373.90,0.740745,0.040315,0.036631,0.296281,1.113972,0.112133,39,629519,730444,5141772,5589,0,0,0,6594,0,0,0,0,0,0,0,0,0,0,0,0,0,0,0,0,0,0,0,8605898735765116598,8605898735765116598,8605898735765116598,17003082863564466942,17003082863564466942,17003082863564466942
257,50,8291,8,10,0.882869,9390.98,0.396543,20908.21,0.232891,35600.31,0.201512,41143.94,0.369941,22411.69,0.325953,25436.21,0.616846,13440.95,0.879160,0.040090,0.040652,0.325953,1.285855,0.119216,33,655818,744688,5415532,5424,0,0,0,6285,0,0,0,0,0,0,0,0,0,0,0,0,0,0,0,0,0,0,0,13959637201501413406,13959637201501413406,13959637201501413406,76315664613250665,76315664613250665,76315664613250665
258,50,8653,8,10,0.696325,12426.67,0.324355,26677.57,0.223444,38725.54,0.212644,40692.35,0.310079,27905.81,0.282721,30606.18,0.510156,16961.46,0.701376,0.041218,0.041063,0.282721,1.066377,0.124342,38,664292,792337,5765012,6685,0,0,0,10391,0,0,0,0,0,0,0,0,0,0,0,0,0,0,0,0,0,0,0,14221046754529912567,14221046754529912567,14221046754529912567,5179049823066257066,5179049823066257066,5179049823066257066
259,50,9140,8,10,0.759631,12032.16,0.337140,27110.39,0.222199,41134.21,0.221943,41181.68,0.310644,29422.78,0.285247,32042.39,0.556856,16413.58,0.758924,0.041107,0.040461,0.285247,1.125739,0.137365,38,672347,793537,5881296,6342,0,0,0,8020,0,0,0,0,0,0,0,0,0,0,0,0,0,0,0,0,0,0,0,9330499503254622361,9330499503254622361,9330499503254622361,4457891530637713378,4457891530637713378,4457891530637713378
260,50,8608,8,10,0.713442,12065.44,0.318207,27051.54,0.209415,41104.97,0.201071,42810.80,0.294578,29221.49,0.259915,33118.48,0.491474,17514.65,0.711679,0.040802,0.038282,0.259915,1.050679,0.123727,35,637654,736284,5632800,5682,0,0,0,8631,0,0,0,0,0,0,0,0,0,0,0,0,0,0,0,0,0,0,0,7268735990510878127,7268735990510878127,7268735990510878127,10400578744902007202,10400578744902007202,10400578744902007202
261,50,8336,8,10,0.709593,11747.57,0.324581,25682.33,0.209599,39771.16,0.198770,41937.89,0.304851,27344.54,0.259109,32171.78,0.518260,16084.59,0.718635,0.036149,0.041682,0.259109,1.055576,0.115629,34,641982,755592,5616832,6174,0,0,0,10061,0,0,0,0,0,0,0,0,0,0,0,0,0,0,0,0,0,0,0,8270588467861101456,8270588467861101456,8270588467861101456,12200181153766644487,12200181153766644487,12200181153766644487
262,50,8712,8,10,0.678464,12840.77,0.323725,26911.70,0.221977,39247.23,0.204310,42641.19,0.300726,28969.91,0.274465,31741.71,0.479993,18150.25,0.684626,0.042361,0.041027,0.274465,1.042479,0.130114,36,653528,759928,5725472,5905,0,0,0,8272,0,0,0,0,0,0,0,0,0,0,0,0,0,0,0,0,0,0,0,2445098395150428298,2445098395150428298,2445098395150428298,12341221591345129695,12341221591345129695,12341221591345129695
263,50,8494,8,10,0.630464,13472.61,0.283914,29917.56,0.211747,40113.90,0.190970,44478.29,0.267149,31795.00,0.233494,36377.88,0.447365,18986.74,0.635172,0.042871,0.039012,0.233494,0.950549,0.120831,35,638547,752857,5575416,5779,0,0,0,9609,0,0,0,0,0,0,0,0,0,0,0,0,0,0,0,0,0,0,0,5509553806983924558,5509553806983924558,5509553806983924558,6512577770829115725,6512577770829115725,6512577770829115725
264,50,8699,8,10,0.649741,13388.40,0.308216,28223.69,0.227576,38224.53,0.212309,40973.27,0.286114,30403.97,0.269966,32222.57,0.461557,18847.08,0.656408,0.038636,0.037968,0.269966,1.002978,0.130150,39,667149,779294,5757580,6099,0,0,0,10725,0,0,0,0,0,0,0,0,0,0,0,0,0,0,0,0,0,0,0,10636642476455838771,10636642476455838771,10636642476455838771,4209574404196426973,4209574404196426973,4209574404196426973
265,50,9441,8,10,0.828522,11394.99,0.387801,24344.95,0.238100,39651.48,0.193347,48829.42,0.356331,26495.04,0.313477,30117.08,0.594016,15893.50,0.834486,0.042358,0.044497,0.313477,1.234818,0.139646,37,690651,803891,5907300,6098,0,0,0,7082,0,0,0,0,0,0,0,0,0,0,0,0,0,0,0,0,0,0,0,725348361020267407,725348361020267407,725348361020267407,15033170301879023475,15033170301879023475,15033170301879023475
266,50,8397,8,10,0.826992,10153.67,0.368044,22815.23,0.217984,38521.11,0.204829,40995.10,0.338573,24801.13,0.286482,29310.70,0.599540,14005.75,0.829311,0.038670,0.041025,0.286482,1.195489,0.118292,33,646399,738744,5443124,5704,0,0,0,7804,0,0,0,0,0,0,0,0,0,0,0,0,0,0,0,0,0,0,0,10168402428207003324,10168402428207003324,10168402428207003324,3601619883145477604,3601619883145477604,3601619883145477604
267,50,8848,8,10,0.697627,12682.99,0.316960,27915.16,0.212637,41610.89,0.204309,43306.91,0.291086,30396.48,0.258519,34225.74,0.491263,18010.71,0.705695,0.037627,0.044029,0.258519,1.045869,0.132273,35,678576,843911,5750208,6056,0,0,0,10122,0,0,0,0,0,0,0,0,0,0,0,0,0,0,0,0,0,0,0,3781004045209572617,3781004045209572617,3781004045209572617,14553338621986925993,14553338621986925993,14553338621986925993
268,50,9142,8,10,0.671832,13607.56,0.333739,27392.69,0.229969,39753.17,0.223596,40886.25,0.311876,29312.95,0.268745,34017.35,0.476720,19176.88,0.675910,0.041349,0.047099,0.268745,1.033104,0.135960,35,688610,798230,5801592,6178,0,0,0,10332,0,0,0,0,0,0,0,0,0,0,0,0,0,0,0,0,0,0,0,1740726246031016076,1740726246031016076,1740726246031016076,1916522609388410376,1916522609388410376,1916522609388410376
269,50,8775,8,10,0.677294,12955.98,0.310749,28238.27,0.224995,39000.88,0.213272,41144.67,0.283831,30916.29,0.255156,34390.69,0.478899,18323.26,0.682306,0.038880,0.041473,0.255156,1.017815,0.134682,35,669642,782727,5656988,6233,0,0,0,9474,0,0,0,0,0,0,0,0,0,0,0,0,0,0,0,0,0,0,0,13076130249540030285,13076130249540030285,13076130249540030285,2079687135401604509,2079687135401604509,2079687135401604509
270,50,9073,8,10,0.710101,12777.05,0.330880,27420.85,0.237863,38143.86,0.228985,39622.66,0.323993,28003.68,0.298057,30440.46,0.498930,18184.91,0.716080,0.043935,0.040829,0.298057,1.098901,0.143578,42,707187,823937,5979172,6574,0,0,0,11295,0,0,0,0,0,0,0,0,0,0,0,0,0,0,0,0,0,0,0,599165124278250010,599165124278250010,599165124278250010,2231210271980630116,2231210271980630116,2231210271980630116
271,50,8195,8,10,0.646181,12682.21,0.272137,30113.50,0.224727,36466.41,0.211900,38673.86,0.260347,31477.17,0.244732,33485.55,0.440728,18594.23,0.652264,0.037945,0.034663,0.244732,0.969604,0.113687,43,649971,750991,5347116,5799,0,0,0,10705,0,0,0,0,0,0,0,0,0,0,0,0,0,0,0,0,0,0,0,8702863408933452537,8702863408933452537,8702863408933452537,1628898186225674243,1628898186225674243,1628898186225674243
272,50,8363,8,10,0.715296,11691.66,0.320465,26096.47,0.225116,37149.81,0.206502,40498.42,0.295838,28268.86,0.259276,32255.21,0.496079,16858.22,0.718016,0.039751,0.039061,0.259276,1.056104,0.113981,37,656379,751524,5370956,5715,0,0,0,9339,0,0,0,0,0,0,0,0,0,0,0,0,0,0,0,0,0,0,0,100030859537797461,100030859537797461,100030859537797461,2139260116468680042,2139260116468680042,2139260116468680042
273,50,8763,8,10,0.842406,10402.35,0.386306,22684.08,0.256990,34098.54,0.228161,38407.17,0.350406,25008.16,0.306300,28609.20,0.600778,14586.08,0.846346,0.037348,0.042123,0.306300,1.232118,0.132003,35,668197,770722,5645868,5799,0,0,0,8604,0,0,0,0,0,0,0,0,0,0,0,0,0,0,0,0,0,0,0,15383272727855917000,15383272727855917000,15383272727855917000,17679049274209523206,17679049274209523206,17679049274209523206
274,50,9037,8,10,0.778644,11606.07,0.339977,26581.20,0.212749,42477.38,0.203203,44472.85,0.311178,29041.24,0.283748,31848.63,0.558244,16188.26,0.776860,0.044720,0.040359,0.283748,1.145688,0.132185,38,675404,782064,5670964,5900,0,0,0,9142,0,0,0,0,0,0,0,0,0,0,0,0,0,0,0,0,0,0,0,1287610874688756325,1287610874688756325,1287610874688756325,16197211496289213207,16197211496289213207,16197211496289213207
275,50,9678,8,10,0.681044,14210.53,0.305971,31630.44,0.224286,43150.28,0.214201,45181.82,0.291556,33194.30,0.262502,36868.25,0.476946,20291.60,0.689359,0.042474,0.042829,0.262502,1.037164,0.153343,39,716730,832600,6018200,6310,0,0,0,11081,0,0,0,0,0,0,0,0,0,0,0,0,0,0,0,0,0,0,0,15341421276486912481,15341421276486912481,15341421276486912481,11005254302246291593,11005254302246291593,11005254302246291593
276,50,9124,8,10,0.600966,15182.23,0.278407,32772.21,0.236004,38660.42,0.228522,39926.11,0.265130,34413.30,0.255313,35736.47,0.419881,21729.94,0.608311,0.040101,0.041512,0.255313,0.945238,0.142665,43,693084,804844,5853968,6308,0,0,0,12212,0,0,0,0,0,0,0,0,0,0,0,0,0,0,0,0,0,0,0,12140029823174461341,12140029823174461341,12140029823174461341,10665943035002695208,10665943035002695208,10665943035002695208
277,50,9857,8,10,0.630712,15628.37,0.274547,35902.72,0.228656,43108.49,0.216404,45549.16,0.263584,37395.98,0.249190,39556.14,0.447863,22008.96,0.637533,0.043342,0.045934,0.249190,0.975999,0.160080,40,736427,943552,6129252,7555,0,0,0,11861,0,0,0,0,0,0,0,0,0,0,0,0,0,0,0,0,0,0,0,3602215901033268547,3602215901033268547,3602215901033268547,6651798981736342859,6651798981736342859,6651798981736342859
278,50,9609,8,10,0.594653,16159.00,0.289345,33209.50,0.236274,40668.95,0.224333,42833.59,0.272376,35278.46,0.256830,37413.86,0.437137,21981.65,0.601954,0.043550,0.041200,0.256830,0.943534,0.162184,41,715100,912325,5924836,7357,0,0,0,12188,0,0,0,0,0,0,0,0,0,0,0,0,0,0,0,0,0,0,0,15537000129186536174,15537000129186536174,15537000129186536174,12926699513356926310,12926699513356926310,12926699513356926310
279,50,9269,8,10,0.599434,15462.92,0.270088,34318.44,0.239207,38748.87,0.227244,40788.84,0.265381,34927.15,0.248889,37241.53,0.430068,21552.41,0.608396,0.041479,0.040327,0.248889,0.939091,0.145466,42,696372,814797,5947444,6425,0,0,0,11424,0,0,0,0,0,0,0,0,0,0,0,0,0,0,0,0,0,0,0,11067705516031119494,11067705516031119494,11067705516031119494,4818118209666651676,4818118209666651676,4818118209666651676
280,50,9298,8,10,0.645991,14393.38,0.299703,31024.07,0.228127,40758.07,0.216140,43018.50,0.291946,31848.40,0.275936,33696.19,0.454201,20471.11,0.649747,0.045108,0.042431,0.275936,1.013223,0.148496,41,693242,805197,5868776,6199,0,0,0,10650,0,0,0,0,0,0,0,0,0,0,0,0,0,0,0,0,0,0,0,15126312957094873948,15126312957094873948,15126312957094873948,8170693344091896895,8170693344091896895,8170693344091896895
281,50,8950,8,10,0.651670,13733.94,0.312811,28611.51,0.247538,36156.06,0.238877,37466.93,0.297882,30045.40,0.272318,32865.97,0.471574,18978.98,0.657657,0.041880,0.052341,0.272318,1.024196,0.125364,40,689076,786991,5709656,6010,0,0,0,11035,0,0,0,0,0,0,0,0,0,0,0,0,0,0,0,0,0,0,0,3581473773005058815,3581473773005058815,3581473773005058815,9603539724387904042,9603539724387904042,9603539724387904042
282,50,9439,8,10,0.667648,14137.69,0.334852,28188.57,0.284838,33138.14,0.268603,35141.11,0.322190,29296.34,0.306635,30782.58,0.532391,17729.45,0.674457,0.040723,0.041456,0.306635,1.063271,0.143457,44,715691,893581,6035452,8412,0,0,0,13856,0,0,0,0,0,0,0,0,0,0,0,0,0,0,0,0,0,0,0,11452998261640330352,11452998261640330352,11452998261640330352,5579569784890440656,5579569784890440656,5579569784890440656
283,50,10020,8,10,0.718321,13949.19,0.355166,28212.16,0.270451,37049.19,0.255530,39212.66,0.325656,30768.63,0.308149,32516.69,0.590324,16973.73,0.719694,0.044009,0.043712,0.308149,1.115565,0.153459,42,730800,1040470,6083888,10079,0,0,0,15671,0,0,0,0,0,0,0,0,0,0,0,0,0,0,0,0,0,0,0,13044575845195110268,13044575845195110268,13044575845195110268,12658789931761429788,12658789931761429788,12658789931761429788
284,50,9141,8,10,0.726271,12586.21,0.355984,25678.13,0.279581,32695.37,0.254118,35971.41,0.326265,28017.10,0.317328,28806.15,0.579428,15775.90,0.735230,0.039453,0.038919,0.317328,1.130930,0.133947,47,699700,869905,5852628,7926,0,0,0,13232,0,0,0,0,0,0,0,0,0,0,0,0,0,0,0,0,0,0,0,9219069770670582764,9219069770670582764,9219069770670582764,12687661765612495263,12687661765612495263,12687661765612495263
285,50,10237,8,10,0.715109,14315.30,0.333650,30681.84,0.270174,37890.42,0.254545,40216.85,0.310579,32961.04,0.290174,35278.79,0.566736,18063.07,0.720367,0.045730,0.045790,0.290174,1.102061,0.162981,42,747309,1009414,6206964,9472,0,0,0,13964,0,0,0,0,0,0,0,0,0,0,0,0,0,0,0,0,0,0,0,703181699675591412,703181699675591412,703181699675591412,11935263776823792161,11935263776823792161,11935263776823792161
286,50,8603,8,10,0.829388,10372.71,0.409324,21017.60,0.232129,37061.23,0.213480,40298.89,0.364531,23600.16,0.318545,27007.21,0.611856,14060.49,0.834334,0.046900,0.047452,0.318545,1.247231,0.129799,33,663629,773989,5440876,5876,0,0,0,8146,0,0,0,0,0,0,0,0,0,0,0,0,0,0,0,0,0,0,0,7232764949825190627,7232764949825190627,7232764949825190627,3112233580724147087,3112233580724147087,3112233580724147087
287,50,8889,8,10,0.755923,11759.13,0.351746,25271.07,0.228635,38878.61,0.216584,41041.82,0.322756,27540.90,0.283841,31316.82,0.540837,16435.63,0.762137,0.039141,0.044365,0.283841,1.129484,0.134619,34,688644,795844,5541348,5883,0,0,0,9545,0,0,0,0,0,0,0,0,0,0,0,0,0,0,0,0,0,0,0,15973477672553672970,15973477672553672970,15973477672553672970,2845952088299796061,2845952088299796061,2845952088299796061
288,50,9576,8,10,0.632536,15139.05,0.292106,32782.64,0.261609,36604.18,0.251534,38070.46,0.286745,33395.54,0.261566,36610.25,0.449011,21326.89,0.643783,0.047411,0.056003,0.261566,1.008763,0.152373,39,757962,923457,6108512,7937,0,0,0,13378,0,0,0,0,0,0,0,0,0,0,0,0,0,0,0,0,0,0,0,8753876262916481848,8753876262916481848,8753876262916481848,15196292328276555005,15196292328276555005,15196292328276555005
289,50,8450,8,10,0.560073,15087.32,0.272999,30952.54,0.249522,33864.74,0.239834,35232.72,0.262268,32218.89,0.258913,32636.49,0.419772,20130.00,0.567390,0.038349,0.038248,0.258913,0.902900,0.111471,46,677021,828966,5582824,8153,0,0,0,14949,0,0,0,0,0,0,0,0,0,0,0,0,0,0,0,0,0,0,0,8165932670869883585,8165932670869883585,8165932670869883585,8925752279345935444,8925752279345935444,8925752279345935444
290,50,8626,8,10,0.663864,12993.63,0.326154,26447.66,0.256734,33598.94,0.246149,35043.77,0.310147,27812.63,0.276651,31180.11,0.506418,17033.35,0.665831,0.039440,0.042465,0.276651,1.024386,0.119640,41,680762,786107,5500264,6527,0,0,0,12000,0,0,0,0,0,0,0,0,0,0,0,0,0,0,0,0,0,0,0,13882368304350575842,13882368304350575842,13882368304350575842,17897816029727547903,17897816029727547903,17897816029727547903
291,50,9324,8,10,0.791221,11784.31,0.370524,25164.39,0.247965,37602.07,0.224482,41535.57,0.332914,28007.24,0.298711,31214.07,0.603626,15446.65,0.797585,0.042317,0.042275,0.298711,1.180888,0.133790,37,685240,812455,5778288,6820,0,0,0,10935,0,0,0,0,0,0,0,0,0,0,0,0,0,0,0,0,0,0,0,1670478559765136669,1670478559765136669,1670478559765136669,9529051168088737801,9529051168088737801,9529051168088737801
292,50,9002,8,10,0.732905,12282.63,0.380039,23687.04,0.262445,34300.57,0.251208,35834.85,0.345739,26037.01,0.319467,28178.22,0.593384,15170.62,0.737159,0.040825,0.040305,0.319467,1.137755,0.124981,44,682245,868960,5701704,7912,0,0,0,12243,0,0,0,0,0,0,0,0,0,0,0,0,0,0,0,0,0,0,0,14036406093492983820,14036406093492983820,14036406093492983820,241466478677198856,241466478677198856,241466478677198856
293,50,8841,8,10,0.600119,14732.09,0.308237,28682.43,0.262576,33670.26,0.254838,34692.68,0.292788,30195.93,0.280709,31495.27,0.465793,18980.55,0.598381,0.046531,0.042515,0.280709,0.968137,0.135017,40,686936,852381,5719524,7709,0,0,0,13464,0,0,0,0,0,0,0,0,0,0,0,0,0,0,0,0,0,0,0,18233911472371563869,18233911472371563869,18233911472371563869,13628619746869423563,13628619746869423563,13628619746869423563
294,50,9826,8,10,0.630626,15581.35,0.286493,34297.52,0.270314,36350.39,0.249270,39419.17,0.281298,34930.97,0.267813,36689.75,0.455627,21565.87,0.640793,0.040687,0.044688,0.267813,0.993982,0.168682,42,754773,974863,6267624,8231,0,0,0,14355,0,0,0,0,0,0,0,0,0,0,0,0,0,0,0,0,0,0,0,8281733306721385532,8281733306721385532,8281733306721385532,3977936285503404183,3977936285503404183,3977936285503404183
295,50,9219,8,10,0.684114,13475.82,0.318915,28907.43,0.261386,35269.65,0.252607,36495.42,0.300486,30680.31,0.284217,32436.47,0.511202,18033.96,0.685459,0.041718,0.043024,0.284217,1.054417,0.140533,42,705370,871475,5802700,8102,0,0,0,13574,0,0,0,0,0,0,0,0,0,0,0,0,0,0,0,0,0,0,0,10992363838969124513,10992363838969124513,10992363838969124513,9201455478347952111,9201455478347952111,9201455478347952111
296,50,9269,8,10,0.862881,10741.92,0.404247,22929.07,0.285757,32436.60,0.230281,40250.82,0.369849,25061.60,0.329623,28120.00,0.650887,14240.57,0.873473,0.038680,0.051768,0.329623,1.293544,0.142245,37,706133,866083,5870996,7355,0,0,0,11340,0,0,0,0,0,0,0,0,0,0,0,0,0,0,0,0,0,0,0,17432100615417067120,17432100615417067120,17432100615417067120,8570612085030396697,8570612085030396697,8570612085030396697
297,50,9557,8,10,0.777851,12286.42,0.366427,26081.63,0.248043,38529.58,0.243225,39292.90,0.329801,28978.10,0.308409,30988.10,0.583152,16388.52,0.784263,0.040754,0.043457,0.308409,1.176883,0.146738,39,710772,826997,5886132,6986,0,0,0,8666,0,0,0,0,0,0,0,0,0,0,0,0,0,0,0,0,0,0,0,7502239587056107078,7502239587056107078,7502239587056107078,7446688607157522952,7446688607157522952,7446688607157522952
298,50,9175,8,10,0.681940,13454.27,0.320192,28654.65,0.267335,34320.17,0.254283,36081.79,0.302212,30359.46,0.285069,32185.22,0.516667,17758.05,0.689463,0.039428,0.041255,0.285069,1.055215,0.130098,42,702197,833822,5828028,7390,0,0,0,12396,0,0,0,0,0,0,0,0,0,0,0,0,0,0,0,0,0,0,0,14712267992611325848,14712267992611325848,14712267992611325848,12882091412455364902,12882091412455364902,12882091412455364902
299,50,9201,8,10,0.736535,12492.27,0.353703,26013.35,0.280713,32777.22,0.255062,36073.52,0.328035,28048.83,0.314733,29234.35,0.572906,16060.23,0.758112,0.029376,0.040668,0.314733,1.142889,0.138821,44,709567,907442,5828228,8323,0,0,0,13628,0,0,0,0,0,0,0,0,0,0,0,0,0,0,0,0,0,0,0,17886181391446305172,17886181391446305172,17886181391446305172,14516383400488630391,14516383400488630391,14516383400488630391
