batch_idx,num_blocks,num_txs,threads,merge_cap,seq_time_s,seq_tput,par_time_s,par_tput,concat_time_s,concat_tput,cgraph_time_s,cgraph_tput,graph_time_s,graph_tput,integrated_time_s,integrated_tput,vegeta_time_s,vegeta_tput,phase_pre_execute_s,phase_graph_build_s,phase_integrate_s,phase_execute_s,phase_total_s,vegeta_speculate_s,num_integrated_groups,omakase_graph_bytes,vegeta_sched_bytes,calldata_bytes,par_re_exec,par_validation_aborts,par_cascade_aborts,par_wrote_new_loc,concat_re_exec,concat_validation_aborts,concat_cascade_aborts,concat_wrote_new_loc,cgraph_re_exec,cgraph_validation_aborts,cgraph_cascade_aborts,cgraph_wrote_new_loc,graph_re_exec,graph_validation_aborts,graph_cascade_aborts,graph_wrote_new_loc,integ_re_exec,integ_validation_aborts,integ_cascade_aborts,integ_wrote_new_loc,vegeta_re_exec,vegeta_validation_aborts,vegeta_cascade_aborts,vegeta_wrote_new_loc,digest_seq,digest_par,digest_concat,logical_seq,logical_integ,logical_vegeta
0,20,3090,8,10,0.216048,14302.41,0.089235,34627.58,0.067543,45748.61,0.065045,47505.44,0.081521,37904.40,0.078794,39216.33,0.150764,20495.67,0.218459,0.016614,0.018349,0.078794,0.332216,0.041872,17,237009,304244,1967784,2188,0,0,0,3170,0,0,0,0,0,0,0,0,0,0,0,0,0,0,0,0,0,0,0,686702012818712268,686702012818712268,686702012818712268,14586148914516135152,14586148914516135152,14586148914516135152
1,20,2523,8,10,0.222263,11351.40,0.098686,25565.85,0.058405,43198.18,0.056473,44675.92,0.091452,27588.19,0.076437,33007.65,0.147084,17153.52,0.227011,0.012223,0.017356,0.076437,0.333027,0.029012,14,236430,255205,1801996,1320,0,0,0,2055,0,0,0,0,0,0,0,0,0,0,0,0,0,0,0,0,0,0,0,6521381903774253816,6521381903774253816,6521381903774253816,18357676156648144582,18357676156648144582,18357676156648144582
2,20,2778,8,10,0.276701,10039.71,0.144659,19203.82,0.103452,26853.14,0.077987,35621.24,0.137378,20221.53,0.109106,25461.55,0.192006,14468.33,0.280064,0.014374,0.019423,0.109106,0.422967,0.035622,11,270280,288525,2110216,1410,0,0,0,2624,0,0,0,0,0,0,0,0,0,0,0,0,0,0,0,0,0,0,0,6654109515372485039,6654109515372485039,6654109515372485039,15050799892088049741,15050799892088049741,15050799892088049741
3,20,2534,8,10,0.218965,11572.64,0.094748,26744.73,0.077424,32728.78,0.064851,39073.98,0.090289,28065.49,0.078748,32178.50,0.143540,17653.62,0.220633,0.013767,0.013856,0.078748,0.327003,0.029974,14,231548,248848,1795224,1330,0,0,0,2457,0,0,0,0,0,0,0,0,0,0,0,0,0,0,0,0,0,0,0,7969998440545384534,7969998440545384534,7969998440545384534,14261351217139437446,14261351217139437446,14261351217139437446
4,20,2754,8,10,0.248796,11069.30,0.111418,24717.66,0.062032,44396.39,0.057560,47845.79,0.106299,25908.08,0.085188,32328.31,0.160086,17203.30,0.251328,0.012912,0.016623,0.085188,0.366051,0.032912,13,251819,276994,1964104,1399,0,0,0,2488,0,0,0,0,0,0,0,0,0,0,0,0,0,0,0,0,0,0,0,6593328698384315193,6593328698384315193,6593328698384315193,10567955952898419932,10567955952898419932,10567955952898419932
5,20,2666,8,10,0.259889,10258.23,0.134842,19771.26,0.077774,34278.97,0.059573,44752.14,0.126685,21044.38,0.102044,26126.04,0.177948,14981.91,0.268200,0.012108,0.018187,0.102044,0.400539,0.030214,12,248090,262285,1923208,1184,0,0,0,1827,0,0,0,0,0,0,0,0,0,0,0,0,0,0,0,0,0,0,0,10481237711759563077,10481237711759563077,10481237711759563077,17048960545897866958,17048960545897866958,17048960545897866958
6,20,3136,8,10,0.245519,12772.93,0.107538,29161.88,0.068412,45839.61,0.066843,46916.10,0.094504,33183.69,0.089482,35046.07,0.160668,19518.53,0.247014,0.015018,0.015296,0.089482,0.366811,0.041772,16,266395,321865,2051840,2331,0,0,0,3242,0,0,0,0,0,0,0,0,0,0,0,0,0,0,0,0,0,0,0,10299547738363348173,10299547738363348173,10299547738363348173,784348110623519742,784348110623519742,784348110623519742
7,20,3292,8,10,0.261303,12598.41,0.114522,28745.54,0.064745,50845.82,0.055907,58883.94,0.102308,32177.35,0.092981,35404.93,0.182927,17996.24,0.262212,0.016221,0.016131,0.092981,0.387546,0.046738,15,266337,537952,2136208,3334,0,0,0,3750,0,0,0,0,0,0,0,0,0,0,0,0,0,0,0,0,0,0,0,3543905425394619924,3543905425394619924,3543905425394619924,14213574323479907995,14213574323479907995,14213574323479907995
8,20,2588,8,10,0.231348,11186.63,0.090824,28494.66,0.057497,45011.07,0.056124,46112.10,0.079979,32358.63,0.070100,36918.71,0.134757,19205.00,0.230940,0.012094,0.014215,0.070100,0.327349,0.034884,13,221917,238557,1859600,1141,0,0,0,2047,0,0,0,0,0,0,0,0,0,0,0,0,0,0,0,0,0,0,0,11756761180456426282,11756761180456426282,11756761180456426282,1909746616216147690,1909746616216147690,1909746616216147690
9,20,2871,8,10,0.289126,9929.91,0.128514,22339.90,0.074481,38546.93,0.061544,46649.27,0.118089,24312.12,0.101789,28205.34,0.192404,14921.75,0.291473,0.015837,0.015787,0.101789,0.424886,0.035109,14,246341,267176,2003612,1459,0,0,0,2058,0,0,0,0,0,0,0,0,0,0,0,0,0,0,0,0,0,0,0,17889563241294940359,17889563241294940359,17889563241294940359,15305296199014862470,15305296199014862470,15305296199014862470
10,20,2571,8,10,0.259271,9916.25,0.127872,20106.07,0.067623,38019.75,0.064923,39600.56,0.123441,20827.70,0.109482,23483.42,0.175055,14686.81,0.261450,0.013488,0.013541,0.109482,0.397961,0.028462,14,227631,240151,1880556,1097,0,0,0,1857,0,0,0,0,0,0,0,0,0,0,0,0,0,0,0,0,0,0,0,11204282806573789995,11204282806573789995,11204282806573789995,13919357204207368609,13919357204207368609,13919357204207368609
11,20,2877,8,10,0.266068,10813.04,0.126014,22830.71,0.057163,50329.49,0.052614,54680.90,0.113103,25436.97,0.094300,30508.98,0.171051,16819.55,0.269025,0.015077,0.016315,0.094300,0.394716,0.038046,13,257475,275625,2002452,1374,0,0,0,1694,0,0,0,0,0,0,0,0,0,0,0,0,0,0,0,0,0,0,0,1374122962226860288,1374122962226860288,1374122962226860288,15677288879295981765,15677288879295981765,15677288879295981765
12,20,2906,8,10,0.225730,12873.82,0.089292,32545.00,0.057742,50327.16,0.054590,53232.96,0.081405,35697.95,0.080590,36059.01,0.140732,20649.16,0.225885,0.016074,0.012245,0.080590,0.334794,0.037430,19,231126,251296,1980968,1351,0,0,0,2132,0,0,0,0,0,0,0,0,0,0,0,0,0,0,0,0,0,0,0,10290506966862840820,10290506966862840820,10290506966862840820,18347421243585882267,18347421243585882267,18347421243585882267
13,20,2985,8,10,0.240288,12422.60,0.105413,28317.13,0.070732,42201.61,0.056892,52468.27,0.103001,28980.27,0.090562,32960.88,0.150316,19858.20,0.240747,0.014458,0.016237,0.090562,0.362004,0.037467,14,258068,272633,1997572,1156,0,0,0,2005,0,0,0,0,0,0,0,0,0,0,0,0,0,0,0,0,0,0,0,5710161170504812001,5710161170504812001,5710161170504812001,2215684524499208291,2215684524499208291,2215684524499208291
14,20,2592,8,10,0.234989,11030.29,0.089643,28914.64,0.060161,43084.13,0.049205,52677.81,0.085388,30355.69,0.075338,34404.75,0.138031,18778.37,0.236251,0.013567,0.014252,0.075338,0.339408,0.031809,14,241828,253518,1818144,965,0,0,0,1508,0,0,0,0,0,0,0,0,0,0,0,0,0,0,0,0,0,0,0,8531486363925066834,8531486363925066834,8531486363925066834,3857680301470038217,3857680301470038217,3857680301470038217
15,20,2993,8,10,0.224619,13324.77,0.122729,24387.14,0.063341,47251.92,0.058812,50891.31,0.098572,30363.50,0.082713,36185.32,0.157546,18997.58,0.226343,0.015265,0.015786,0.082713,0.340108,0.040738,14,253919,326709,1990084,1950,0,0,0,2841,0,0,0,0,0,0,0,0,0,0,0,0,0,0,0,0,0,0,0,14704859870568116784,14704859870568116784,14704859870568116784,9684730073886120245,9684730073886120245,9684730073886120245
16,20,2943,8,10,0.312685,9412.01,0.156703,18780.81,0.072481,40603.73,0.056928,51696.60,0.141329,20823.78,0.119502,24627.15,0.212261,13865.04,0.312925,0.016548,0.015545,0.119502,0.464522,0.036605,12,258597,293612,1994684,1871,0,0,0,2132,0,0,0,0,0,0,0,0,0,0,0,0,0,0,0,0,0,0,0,1696807049783284098,1696807049783284098,1696807049783284098,15239699858927628863,15239699858927628863,15239699858927628863
17,20,2548,8,10,0.214865,11858.63,0.081919,31103.97,0.052046,48956.52,0.049352,51628.66,0.076768,33190.76,0.071411,35680.55,0.129095,19737.44,0.212956,0.017670,0.015494,0.071411,0.317530,0.028026,15,223892,234882,1821008,999,0,0,0,1780,0,0,0,0,0,0,0,0,0,0,0,0,0,0,0,0,0,0,0,3532677534745972493,3532677534745972493,3532677534745972493,17906916964175116012,17906916964175116012,17906916964175116012
18,20,2769,8,10,0.254932,10861.73,0.121032,22878.18,0.064014,43256.12,0.054943,50397.25,0.112452,24623.92,0.088441,31309.06,0.169870,16300.67,0.257910,0.013849,0.018347,0.088441,0.378546,0.032174,10,255430,301985,1927876,1355,0,0,0,2065,0,0,0,0,0,0,0,0,0,0,0,0,0,0,0,0,0,0,0,4251236995553310396,4251236995553310396,4251236995553310396,4587977891186711692,4587977891186711692,4587977891186711692
19,20,2648,8,10,0.256566,10320.93,0.131354,20159.27,0.066759,39665.27,0.064463,41077.91,0.123918,21368.94,0.093485,28325.53,0.178530,14832.28,0.258035,0.013323,0.015944,0.093485,0.380785,0.031590,12,246698,261378,1912544,1357,0,0,0,2544,0,0,0,0,0,0,0,0,0,0,0,0,0,0,0,0,0,0,0,17226745198389130538,17226745198389130538,17226745198389130538,12431903016727057673,12431903016727057673,12431903016727057673
20,20,2866,8,10,0.243342,11777.66,0.122961,23308.12,0.070799,40481.04,0.066432,43142.13,0.116069,24692.27,0.100958,28388.05,0.178632,16044.19,0.243839,0.014219,0.015006,0.100958,0.374022,0.036742,14,251220,290110,1957032,1796,0,0,0,3030,0,0,0,0,0,0,0,0,0,0,0,0,0,0,0,0,0,0,0,12243457849387404090,12243457849387404090,12243457849387404090,10175891580717725346,10175891580717725346,10175891580717725346
21,20,2922,8,10,0.211762,13798.51,0.081805,35719.31,0.057329,50968.76,0.055795,52370.15,0.076805,38044.30,0.074306,39323.68,0.143457,20368.54,0.212205,0.014740,0.013135,0.074306,0.314386,0.037999,16,241438,310393,2064616,2055,0,0,0,3010,0,0,0,0,0,0,0,0,0,0,0,0,0,0,0,0,0,0,0,17770992249628654598,17770992249628654598,17770992249628654598,3428913214474373776,3428913214474373776,3428913214474373776
22,20,2671,8,10,0.195099,13690.47,0.079805,33468.91,0.061718,43277.19,0.060030,44494.76,0.076322,34996.67,0.073317,36430.83,0.119640,22325.34,0.196920,0.013516,0.013125,0.073317,0.296878,0.031749,17,219590,240025,1846844,1463,0,0,0,2760,0,0,0,0,0,0,0,0,0,0,0,0,0,0,0,0,0,0,0,4275454243398039198,4275454243398039198,4275454243398039198,2665781689088907846,2665781689088907846,2665781689088907846
23,20,2959,8,10,0.276269,10710.57,0.117813,25115.99,0.062003,47723.49,0.060093,49240.54,0.112748,26244.41,0.096586,30635.82,0.175179,16891.30,0.276823,0.016233,0.016111,0.096586,0.405754,0.037725,14,268148,304483,2112732,1287,0,0,0,1919,0,0,0,0,0,0,0,0,0,0,0,0,0,0,0,0,0,0,0,6720845535413754904,6720845535413754904,6720845535413754904,5257340085858489107,5257340085858489107,5257340085858489107
24,20,2648,8,10,0.208779,12683.27,0.089226,29677.55,0.055987,47297.06,0.055324,47863.84,0.084581,31307.44,0.077666,34094.68,0.130587,20277.65,0.208839,0.014298,0.013853,0.077666,0.314656,0.032143,15,222423,236723,1794304,1019,0,0,0,1991,0,0,0,0,0,0,0,0,0,0,0,0,0,0,0,0,0,0,0,3130401926240740797,3130401926240740797,3130401926240740797,12854648504343733986,12854648504343733986,12854648504343733986
25,20,2726,8,10,0.269288,10122.99,0.132108,20634.57,0.070992,38398.71,0.066874,40763.53,0.119967,22722.89,0.111773,24388.76,0.182318,14951.94,0.268796,0.014857,0.014035,0.111773,0.409462,0.033935,14,232706,250121,1888952,1230,0,0,0,1786,0,0,0,0,0,0,0,0,0,0,0,0,0,0,0,0,0,0,0,7820160767269671781,7820160767269671781,7820160767269671781,1952272941605089887,1952272941605089887,1952272941605089887
26,20,2657,8,10,0.213170,12464.20,0.082411,32240.91,0.064575,41145.70,0.059256,44839.18,0.075840,35034.20,0.072916,36439.11,0.125163,21228.33,0.214282,0.013585,0.010908,0.072916,0.311691,0.030908,19,227229,243104,1903364,1132,0,0,0,2461,0,0,0,0,0,0,0,0,0,0,0,0,0,0,0,0,0,0,0,538083090502736912,538083090502736912,538083090502736912,1176602120199180149,1176602120199180149,1176602120199180149
27,20,2770,8,10,0.255067,10859.88,0.123541,22421.72,0.060081,46104.30,0.056472,49051.10,0.115855,23909.13,0.096563,28686.06,0.174017,15917.95,0.255629,0.014508,0.016307,0.096563,0.383006,0.033090,13,244009,260209,1946632,1215,0,0,0,1993,0,0,0,0,0,0,0,0,0,0,0,0,0,0,0,0,0,0,0,3756395993557827291,3756395993557827291,3756395993557827291,10681230879800028746,10681230879800028746,10681230879800028746
28,20,2623,8,10,0.258561,10144.60,0.119806,21893.79,0.074707,35110.68,0.072096,36381.98,0.115049,22799.05,0.094095,27876.21,0.172926,15168.38,0.259663,0.013750,0.015727,0.094095,0.383235,0.033766,12,238502,258332,1913948,1453,0,0,0,2242,0,0,0,0,0,0,0,0,0,0,0,0,0,0,0,0,0,0,0,6754157188220233025,6754157188220233025,6754157188220233025,18024142540530823740,18024142540530823740,18024142540530823740
29,20,2599,8,10,0.229400,11329.55,0.098820,26300.36,0.057840,44934.14,0.049545,52457.86,0.081311,31963.79,0.078487,33113.81,0.134184,19368.91,0.228441,0.013187,0.010281,0.078487,0.330395,0.029634,19,224707,243782,1847516,1166,0,0,0,1786,0,0,0,0,0,0,0,0,0,0,0,0,0,0,0,0,0,0,0,5695758770638295455,5695758770638295455,5695758770638295455,1925735535567402414,1925735535567402414,1925735535567402414
30,20,2786,8,10,0.245505,11348.03,0.104020,26783.21,0.063947,43567.48,0.060507,46044.19,0.098877,28176.38,0.084557,32948.24,0.158256,17604.42,0.245589,0.017686,0.016559,0.084557,0.364391,0.032962,13,245169,268324,2010376,1451,0,0,0,2392,0,0,0,0,0,0,0,0,0,0,0,0,0,0,0,0,0,0,0,13929294806948098074,13929294806948098074,13929294806948098074,11472553426156925052,11472553426156925052,11472553426156925052
31,20,3069,8,10,0.249453,12302.94,0.117467,26126.56,0.081214,37789.27,0.060716,50547.12,0.107354,28587.77,0.088532,34665.53,0.180636,16990.01,0.251151,0.013435,0.016975,0.088532,0.370093,0.039565,13,273034,374179,2116244,2312,0,0,0,3676,0,0,0,0,0,0,0,0,0,0,0,0,0,0,0,0,0,0,0,9156983670432785982,9156983670432785982,9156983670432785982,13850603613797456061,13850603613797456061,13850603613797456061
32,20,2789,8,10,0.242973,11478.62,0.120370,23170.24,0.079294,35172.87,0.063182,44141.99,0.120323,23179.27,0.105919,26331.33,0.172957,16125.43,0.243781,0.014391,0.014073,0.105919,0.378164,0.031947,16,243833,267088,2004500,1571,0,0,0,2871,0,0,0,0,0,0,0,0,0,0,0,0,0,0,0,0,0,0,0,7794026458272421634,7794026458272421634,7794026458272421634,6714682270338865527,6714682270338865527,6714682270338865527
33,20,2581,8,10,0.310334,8316.85,0.181471,14222.62,0.116124,22226.21,0.110571,23342.43,0.155920,16553.32,0.128478,20089.10,0.210335,12270.92,0.311815,0.015112,0.016493,0.128478,0.471898,0.030743,9,238298,249168,1824660,972,0,0,0,1107,0,0,0,0,0,0,0,0,0,0,0,0,0,0,0,0,0,0,0,16263225848273824514,16263225848273824514,16263225848273824514,5815349011801184907,5815349011801184907,5815349011801184907
34,20,2835,8,10,0.365781,7750.54,0.230950,12275.37,0.160265,17689.51,0.159225,17805.00,0.198015,14317.06,0.161970,17503.21,0.271390,10446.23,0.368763,0.018092,0.019691,0.161970,0.568516,0.036652,9,255063,281548,1925420,1507,0,0,0,1075,0,0,0,0,0,0,0,0,0,0,0,0,0,0,0,0,0,0,0,14536429785934743739,14536429785934743739,14536429785934743739,9336061908656174368,9336061908656174368,9336061908656174368
35,20,2359,8,10,0.349819,6743.49,0.203799,11575.16,0.133867,17622.01,0.133240,17704.91,0.199468,11826.48,0.133218,17707.82,0.250274,9425.67,0.348655,0.011677,0.017214,0.133218,0.510764,0.023729,7,224152,234372,1654716,925,0,0,0,740,0,0,0,0,0,0,0,0,0,0,0,0,0,0,0,0,0,0,0,4359780056678967495,4359780056678967495,4359780056678967495,3807000236869755109,3807000236869755109,3807000236869755109
36,20,2455,8,10,0.289392,8483.31,0.174540,14065.53,0.117874,20827.39,0.105833,23197.03,0.159412,15400.32,0.127490,19256.38,0.213147,11517.90,0.294256,0.011377,0.016996,0.127490,0.450120,0.027153,8,228636,241081,1738108,1099,0,0,0,1076,0,0,0,0,0,0,0,0,0,0,0,0,0,0,0,0,0,0,0,17926380183170045705,17926380183170045705,17926380183170045705,8399724969808683845,8399724969808683845,8399724969808683845
37,20,3256,8,10,0.316437,10289.57,0.198424,16409.33,0.131031,24849.05,0.113837,28602.40,0.184754,17623.39,0.146795,22180.57,0.267486,12172.60,0.317718,0.016455,0.020935,0.146795,0.501903,0.046568,8,272890,396525,2133152,2933,0,0,0,2454,0,0,0,0,0,0,0,0,0,0,0,0,0,0,0,0,0,0,0,13539138522949365347,13539138522949365347,13539138522949365347,17692244872654780085,17692244872654780085,17692244872654780085
38,20,2430,8,10,0.277347,8761.59,0.173124,14036.21,0.130599,18606.54,0.108207,22456.98,0.166547,14590.52,0.137044,17731.48,0.209927,11575.46,0.277993,0.014060,0.018512,0.137044,0.447609,0.026220,6,210872,219632,1636856,871,0,0,0,1110,0,0,0,0,0,0,0,0,0,0,0,0,0,0,0,0,0,0,0,4320698031837746342,4320698031837746342,4320698031837746342,12792880887242233480,12792880887242233480,12792880887242233480
39,20,2597,8,10,0.214997,12079.21,0.102960,25223.29,0.050917,51004.13,0.045966,56498.71,0.087830,29568.46,0.080682,32188.10,0.142001,18288.65,0.215777,0.012432,0.012125,0.080682,0.321016,0.027571,16,205408,218463,1681876,1012,0,0,0,1552,0,0,0,0,0,0,0,0,0,0,0,0,0,0,0,0,0,0,0,14868605690704326866,14868605690704326866,14868605690704326866,4417731321171656878,4417731321171656878,4417731321171656878
40,20,2593,8,10,0.211320,12270.48,0.083412,31086.83,0.047397,54708.65,0.044667,58052.01,0.080203,32330.37,0.075005,34570.99,0.123130,21059.05,0.211941,0.013172,0.011231,0.075005,0.311350,0.029607,17,220792,231707,1807620,898,0,0,0,1367,0,0,0,0,0,0,0,0,0,0,0,0,0,0,0,0,0,0,0,4313921236664120129,4313921236664120129,4313921236664120129,9375384926263467015,9375384926263467015,9375384926263467015
41,20,2640,8,10,0.243566,10838.93,0.121394,21747.34,0.060548,43601.88,0.053235,49591.82,0.113312,23298.40,0.097004,27215.40,0.164925,16007.29,0.244590,0.013832,0.016126,0.097004,0.371552,0.031318,11,247576,259451,1899072,1024,0,0,0,1858,0,0,0,0,0,0,0,0,0,0,0,0,0,0,0,0,0,0,0,13481035532997197293,13481035532997197293,13481035532997197293,6984693596830214261,6984693596830214261,6984693596830214261
42,20,2572,8,10,0.237549,10827.23,0.094906,27100.58,0.066924,38431.43,0.053392,48171.65,0.089289,28805.47,0.078994,32559.45,0.137551,18698.48,0.238336,0.012534,0.013975,0.078994,0.343838,0.030543,16,252861,265191,1910544,1021,0,0,0,1671,0,0,0,0,0,0,0,0,0,0,0,0,0,0,0,0,0,0,0,6130159533915712598,6130159533915712598,6130159533915712598,1760105276275741680,1760105276275741680,1760105276275741680
43,20,2798,8,10,0.231254,12099.25,0.091882,30452.01,0.059369,47128.95,0.053551,52248.86,0.088973,31447.77,0.083669,33441.42,0.136569,20487.82,0.232927,0.011871,0.011756,0.083669,0.340223,0.033717,18,247212,260367,2008184,1131,0,0,0,1915,0,0,0,0,0,0,0,0,0,0,0,0,0,0,0,0,0,0,0,11358316074080252570,11358316074080252570,11358316074080252570,15994201990857473450,15994201990857473450,15994201990857473450
44,20,2813,8,10,0.239877,11726.82,0.103141,27273.23,0.081052,34705.93,0.076145,36942.60,0.098844,28458.95,0.090607,31046.20,0.154109,18253.29,0.240688,0.012819,0.013762,0.090607,0.357875,0.037069,16,246264,267204,2053844,1659,0,0,0,3659,0,0,0,0,0,0,0,0,0,0,0,0,0,0,0,0,0,0,0,5296550648317639485,5296550648317639485,5296550648317639485,2340715894698771689,2340715894698771689,2340715894698771689
45,20,3079,8,10,0.218949,14062.63,0.079791,38588.46,0.061752,49860.76,0.053445,57610.64,0.078246,39350.44,0.074705,41215.65,0.139920,22005.49,0.217792,0.014624,0.011341,0.074705,0.318462,0.042093,20,240537,327887,2030876,2003,0,0,0,2751,0,0,0,0,0,0,0,0,0,0,0,0,0,0,0,0,0,0,0,2929610323527024946,2929610323527024946,2929610323527024946,8745627143476053194,8745627143476053194,8745627143476053194
46,20,2816,8,10,0.226901,12410.70,0.083688,33648.94,0.055210,51005.25,0.051487,54693.37,0.078338,35946.77,0.076766,36682.77,0.126588,22245.33,0.228542,0.014563,0.011735,0.076766,0.331606,0.034979,19,239508,253988,1961984,1235,0,0,0,1792,0,0,0,0,0,0,0,0,0,0,0,0,0,0,0,0,0,0,0,1033180901351829346,1033180901351829346,1033180901351829346,9658161494960774280,9658161494960774280,9658161494960774280
47,20,2887,8,10,0.243645,11849.19,0.102214,28244.73,0.058840,49065.29,0.051809,55723.89,0.094388,30586.55,0.089824,32140.71,0.136061,21218.37,0.245950,0.013928,0.014221,0.089824,0.363922,0.037026,17,256108,272393,2003644,1147,0,0,0,1959,0,0,0,0,0,0,0,0,0,0,0,0,0,0,0,0,0,0,0,11745225526744954934,11745225526744954934,11745225526744954934,16932531329794749919,16932531329794749919,16932531329794749919
48,20,2750,8,10,0.263723,10427.62,0.120327,22854.39,0.067076,40998.46,0.054902,50088.87,0.103542,26559.24,0.092153,29841.83,0.163590,16810.27,0.259339,0.015319,0.015844,0.092153,0.382655,0.035289,14,256972,272882,1942072,1156,0,0,0,1755,0,0,0,0,0,0,0,0,0,0,0,0,0,0,0,0,0,0,0,1692122566879861790,1692122566879861790,1692122566879861790,12716600943565138325,12716600943565138325,12716600943565138325
49,20,2552,8,10,0.252060,10124.59,0.113893,22406.98,0.079135,32248.52,0.066497,38377.47,0.097729,26113.16,0.094860,26902.85,0.150892,16912.75,0.254441,0.012828,0.011308,0.094860,0.373437,0.031350,18,237061,249691,1860672,949,0,0,0,1273,0,0,0,0,0,0,0,0,0,0,0,0,0,0,0,0,0,0,0,10018740075971197030,10018740075971197030,10018740075971197030,15258694030258165477,15258694030258165477,15258694030258165477
50,20,2545,8,10,0.333203,7638.00,0.175679,14486.68,0.151625,16784.84,0.122154,20834.37,0.173930,14632.30,0.146366,17387.93,0.240932,10563.13,0.335455,0.013284,0.016567,0.146366,0.511672,0.029436,9,238196,257971,1798084,1098,0,0,0,1405,0,0,0,0,0,0,0,0,0,0,0,0,0,0,0,0,0,0,0,2981297077815794112,2981297077815794112,2981297077815794112,14977989108237702301,14977989108237702301,14977989108237702301
51,20,2585,8,10,0.290643,8894.09,0.152412,16960.65,0.100191,25800.84,0.087671,29485.19,0.143481,18016.38,0.114780,22521.29,0.194435,13294.91,0.291663,0.014093,0.014553,0.114780,0.435089,0.033317,12,233469,247329,1955396,1254,0,0,0,1802,0,0,0,0,0,0,0,0,0,0,0,0,0,0,0,0,0,0,0,16225395356021519575,16225395356021519575,16225395356021519575,15953780011992729904,15953780011992729904,15953780011992729904
52,20,3348,8,10,0.230904,14499.53,0.103040,32492.09,0.075237,44499.14,0.061787,54185.73,0.092045,36373.43,0.090015,37193.85,0.161929,20675.75,0.233258,0.014925,0.013391,0.090015,0.351588,0.045373,18,255456,353031,2118224,2500,0,0,0,3045,0,0,0,0,0,0,0,0,0,0,0,0,0,0,0,0,0,0,0,15175389480764323358,15175389480764323358,15175389480764323358,9729229554929071500,9729229554929071500,9729229554929071500
53,20,2691,8,10,0.245601,10956.81,0.119054,22603.16,0.058613,45910.99,0.049907,53920.26,0.114185,23566.92,0.100183,26860.78,0.157032,17136.63,0.247655,0.014205,0.014587,0.100183,0.376630,0.030470,13,229265,243625,1813964,1214,0,0,0,1560,0,0,0,0,0,0,0,0,0,0,0,0,0,0,0,0,0,0,0,12364667010105726543,12364667010105726543,12364667010105726543,6373057707939407520,6373057707939407520,6373057707939407520
54,20,3056,8,10,0.266772,11455.46,0.136015,22468.05,0.066575,45902.99,0.051751,59052.13,0.129297,23635.48,0.110617,27626.77,0.183394,16663.55,0.267209,0.014584,0.015306,0.110617,0.407716,0.038204,13,250010,276175,1987136,1400,0,0,0,1815,0,0,0,0,0,0,0,0,0,0,0,0,0,0,0,0,0,0,0,13683140807365453385,13683140807365453385,13683140807365453385,7796447176524491376,7796447176524491376,7796447176524491376
55,20,2963,8,10,0.273673,10826.81,0.150939,19630.43,0.076121,38924.72,0.063109,46950.15,0.135819,21815.77,0.124589,23782.19,0.187916,15767.67,0.276343,0.013708,0.016395,0.124589,0.431035,0.035081,11,238952,256942,1905900,1345,0,0,0,1405,0,0,0,0,0,0,0,0,0,0,0,0,0,0,0,0,0,0,0,1760871218165511677,1760871218165511677,1760871218165511677,15881196912795283535,15881196912795283535,15881196912795283535
56,20,2860,8,10,0.241562,11839.59,0.114355,25009.87,0.073757,38775.91,0.063836,44802.54,0.108142,26446.76,0.086395,33103.80,0.158591,18033.79,0.244840,0.016012,0.019220,0.086395,0.366467,0.040113,10,271396,295101,2021136,1252,0,0,0,1813,0,0,0,0,0,0,0,0,0,0,0,0,0,0,0,0,0,0,0,2686093548687298959,2686093548687298959,2686093548687298959,5877193887386132478,5877193887386132478,5877193887386132478
57,20,2736,8,10,0.247360,11060.81,0.123789,22102.20,0.068227,40101.26,0.062890,43504.35,0.115807,23625.60,0.096770,28273.08,0.170047,16089.70,0.248474,0.016582,0.014127,0.096770,0.375954,0.034725,14,233112,253172,1866368,1400,0,0,0,2118,0,0,0,0,0,0,0,0,0,0,0,0,0,0,0,0,0,0,0,8878227122587081976,8878227122587081976,8878227122587081976,13533635313169467321,13533635313169467321,13533635313169467321
58,20,3019,8,10,0.250296,12061.71,0.125882,23982.84,0.068421,44124.01,0.057434,52564.74,0.120011,25155.99,0.093620,32247.41,0.195777,15420.57,0.251432,0.016126,0.019605,0.093620,0.380783,0.038722,8,272180,378665,2050284,3434,0,0,0,4270,0,0,0,0,0,0,0,0,0,0,0,0,0,0,0,0,0,0,0,4034155709332313664,4034155709332313664,4034155709332313664,7352952519320081763,7352952519320081763,7352952519320081763
59,20,2834,8,10,0.281377,10071.89,0.125884,22512.84,0.077509,36563.33,0.069897,40545.18,0.121060,23409.79,0.107466,26371.07,0.171779,16497.97,0.284577,0.013269,0.014550,0.107466,0.419863,0.037709,13,241190,275365,1858088,1570,0,0,0,1639,0,0,0,0,0,0,0,0,0,0,0,0,0,0,0,0,0,0,0,16379591827178765044,16379591827178765044,16379591827178765044,7447295625917383501,7447295625917383501,7447295625917383501
60,20,2925,8,10,0.237537,12313.86,0.105698,27673.21,0.067650,43237.34,0.052382,55840.32,0.096602,30279.01,0.084193,34741.40,0.156926,18639.39,0.237172,0.015241,0.013356,0.084193,0.349962,0.037210,17,243835,282605,1963060,1608,0,0,0,2531,0,0,0,0,0,0,0,0,0,0,0,0,0,0,0,0,0,0,0,14580906263294790978,14580906263294790978,14580906263294790978,4245945515744159932,4245945515744159932,4245945515744159932
61,20,2686,8,10,0.280700,9568.94,0.133599,20104.87,0.062496,42978.56,0.055660,48257.06,0.126533,21227.65,0.101755,26396.78,0.185105,14510.71,0.281579,0.014065,0.016896,0.101755,0.414294,0.031011,10,254490,269150,1930104,1156,0,0,0,1834,0,0,0,0,0,0,0,0,0,0,0,0,0,0,0,0,0,0,0,11751699659641478848,11751699659641478848,11751699659641478848,5629686257386514150,5629686257386514150,5629686257386514150
62,20,2683,8,10,0.233273,11501.54,0.101809,26353.23,0.050515,53112.62,0.048589,55218.36,0.092345,29053.99,0.085620,31336.09,0.145383,18454.69,0.236201,0.014848,0.013405,0.085620,0.350074,0.031514,15,243008,257663,1859852,1062,0,0,0,1497,0,0,0,0,0,0,0,0,0,0,0,0,0,0,0,0,0,0,0,11922115478244936268,11922115478244936268,11922115478244936268,7607327496279021837,7607327496279021837,7607327496279021837
63,20,2356,8,10,0.208247,11313.51,0.097567,24147.49,0.044859,52520.25,0.039564,59548.82,0.094794,24854.01,0.067750,34774.99,0.135259,17418.38,0.210189,0.013071,0.016758,0.067750,0.307768,0.023641,8,256432,266072,1628112,752,0,0,0,918,0,0,0,0,0,0,0,0,0,0,0,0,0,0,0,0,0,0,0,5947169769972681106,5947169769972681106,5947169769972681106,11190583810176231549,11190583810176231549,11190583810176231549
64,20,2530,8,10,0.246451,10265.75,0.119159,21232.18,0.066442,38078.27,0.053940,46903.79,0.109838,23033.91,0.095770,26417.54,0.164991,15334.16,0.252229,0.009700,0.013456,0.095770,0.371154,0.027377,13,219552,233307,1735528,1149,0,0,0,2050,0,0,0,0,0,0,0,0,0,0,0,0,0,0,0,0,0,0,0,17848961471593543581,17848961471593543581,17848961471593543581,12754093736584227497,12754093736584227497,12754093736584227497
65,20,2756,8,10,0.265621,10375.70,0.103123,26725.46,0.072511,38008.11,0.061456,44844.82,0.095939,28726.70,0.090436,30474.62,0.145329,18963.89,0.266731,0.015691,0.014395,0.090436,0.387253,0.037204,15,249883,264298,1914192,1103,0,0,0,1509,0,0,0,0,0,0,0,0,0,0,0,0,0,0,0,0,0,0,0,16049976914138290999,16049976914138290999,16049976914138290999,11129218523762480531,11129218523762480531,11129218523762480531
66,20,2739,8,10,0.292217,9373.18,0.149527,18317.73,0.104712,26157.35,0.098204,27890.83,0.144613,18940.15,0.119999,22825.24,0.189101,14484.32,0.293320,0.013725,0.015996,0.119999,0.443040,0.035680,11,241305,258855,1928844,1186,0,0,0,1774,0,0,0,0,0,0,0,0,0,0,0,0,0,0,0,0,0,0,0,2908734929109342725,2908734929109342725,2908734929109342725,15319303098195373493,15319303098195373493,15319303098195373493
67,20,3207,8,10,0.221154,14501.20,0.088957,36051.17,0.058323,54987.05,0.057702,55578.76,0.081292,39450.21,0.081279,39456.76,0.151895,21113.28,0.221230,0.016123,0.013673,0.081279,0.332306,0.052719,16,260896,339696,2046044,2769,0,0,0,3144,0,0,0,0,0,0,0,0,0,0,0,0,0,0,0,0,0,0,0,17003041225547515541,17003041225547515541,17003041225547515541,4874827904024004941,4874827904024004941,4874827904024004941
68,20,2839,8,10,0.232648,12202.97,0.107823,26330.26,0.064123,44274.15,0.057367,49488.66,0.103753,27362.97,0.091947,30876.55,0.164978,17208.32,0.235159,0.014515,0.012973,0.091947,0.354594,0.031715,14,230683,257178,1846044,1611,0,0,0,2635,0,0,0,0,0,0,0,0,0,0,0,0,0,0,0,0,0,0,0,3418674925380244533,3418674925380244533,3418674925380244533,12270871998572405188,12270871998572405188,12270871998572405188
69,20,2909,8,10,0.239977,12122.02,0.112916,25762.50,0.077331,37617.44,0.066932,43462.02,0.108305,26859.42,0.097498,29836.64,0.158443,18359.88,0.242381,0.014201,0.015332,0.097498,0.369411,0.038253,13,246767,267112,1972340,1339,0,0,0,1924,0,0,0,0,0,0,0,0,0,0,0,0,0,0,0,0,0,0,0,17618637623043891837,17618637623043891837,17618637623043891837,16880697195080631502,16880697195080631502,16880697195080631502
70,20,2896,8,10,0.273083,10604.82,0.149806,19331.64,0.102997,28117.33,0.090623,31956.63,0.142487,20324.72,0.128389,22556.45,0.205513,14091.58,0.273974,0.014047,0.014398,0.128389,0.430808,0.036551,15,256987,280922,2028672,1866,0,0,0,3181,0,0,0,0,0,0,0,0,0,0,0,0,0,0,0,0,0,0,0,16204711715450223099,16204711715450223099,16204711715450223099,10923151625286608824,10923151625286608824,10923151625286608824
71,20,2506,8,10,0.242436,10336.73,0.131669,19032.51,0.090013,27840.46,0.078456,31941.59,0.119743,20928.16,0.088419,28342.43,0.172530,14524.99,0.247602,0.013370,0.016018,0.088419,0.365408,0.027879,13,270298,289218,1877576,1476,0,0,0,2990,0,0,0,0,0,0,0,0,0,0,0,0,0,0,0,0,0,0,0,7884982336193866434,7884982336193866434,7884982336193866434,7701602832892934825,7701602832892934825,7701602832892934825
72,20,2828,8,10,0.230091,12290.78,0.106907,26452.97,0.068403,41343.19,0.065856,42941.98,0.102261,27654.63,0.094603,29893.45,0.161445,17516.75,0.230806,0.014761,0.013200,0.094603,0.353369,0.033283,16,230412,249822,1884208,1506,0,0,0,3009,0,0,0,0,0,0,0,0,0,0,0,0,0,0,0,0,0,0,0,7178866415692599116,7178866415692599116,7178866415692599116,9044688775648828438,9044688775648828438,9044688775648828438
73,20,2735,8,10,0.258402,10584.28,0.103819,26343.87,0.057693,47405.88,0.054237,50426.66,0.097452,28065.19,0.089302,30626.43,0.156257,17503.24,0.257854,0.015539,0.012261,0.089302,0.374956,0.032221,17,229199,266674,1868092,1403,0,0,0,2232,0,0,0,0,0,0,0,0,0,0,0,0,0,0,0,0,0,0,0,17713263126994440769,17713263126994440769,17713263126994440769,7206463260999847942,7206463260999847942,7206463260999847942
74,20,3145,8,10,0.236336,13307.33,0.105721,29748.16,0.072943,43115.62,0.059837,52559.12,0.101014,31134.39,0.091490,34375.43,0.158494,19842.98,0.238292,0.016604,0.016452,0.091490,0.362838,0.041991,14,249870,326390,2123940,2207,0,0,0,2887,0,0,0,0,0,0,0,0,0,0,0,0,0,0,0,0,0,0,0,5089496702600739029,5089496702600739029,5089496702600739029,9292154383826708042,9292154383826708042,9292154383826708042
75,20,2502,8,10,0.206915,12091.94,0.078850,31730.93,0.062351,40127.77,0.055448,45123.55,0.075305,33224.89,0.071683,34903.74,0.118775,21065.02,0.206955,0.014770,0.011148,0.071683,0.304555,0.029375,18,219846,230866,1857144,968,0,0,0,2407,0,0,0,0,0,0,0,0,0,0,0,0,0,0,0,0,0,0,0,8235010886278041679,8235010886278041679,8235010886278041679,12943610060925799321,12943610060925799321,12943610060925799321
76,20,2736,8,10,0.218926,12497.39,0.093852,29152.39,0.076330,35844.50,0.070831,38626.94,0.085620,31955.33,0.083766,32662.43,0.138261,19788.65,0.219665,0.014580,0.012664,0.083766,0.330675,0.035033,17,245096,266016,2040288,1495,0,0,0,3339,0,0,0,0,0,0,0,0,0,0,0,0,0,0,0,0,0,0,0,15148266511499659129,15148266511499659129,15148266511499659129,12350316205700837510,12350316205700837510,12350316205700837510
77,20,2521,8,10,0.204417,12332.64,0.094031,26810.43,0.070741,35637.04,0.066400,37966.79,0.087058,28957.58,0.078079,32287.96,0.129203,19511.94,0.206172,0.013495,0.017918,0.078079,0.315664,0.026937,13,215090,227840,1813476,1180,0,0,0,2528,0,0,0,0,0,0,0,0,0,0,0,0,0,0,0,0,0,0,0,13820254339535671347,13820254339535671347,13820254339535671347,11170175948397146891,11170175948397146891,11170175948397146891
78,20,2781,8,10,0.238086,11680.64,0.105306,26408.67,0.065949,42169.18,0.060149,46235.33,0.097712,28461.14,0.090010,30896.45,0.155619,17870.61,0.242316,0.013132,0.013813,0.090010,0.359272,0.033337,15,247492,291397,2042036,1231,0,0,0,2146,0,0,0,0,0,0,0,0,0,0,0,0,0,0,0,0,0,0,0,17288785598682678302,17288785598682678302,17288785598682678302,10023887591674125425,10023887591674125425,10023887591674125425
79,20,2848,8,10,0.229631,12402.50,0.096156,29618.46,0.067120,42431.29,0.062631,45472.85,0.090761,31378.99,0.086027,33105.85,0.150753,18891.86,0.231933,0.014680,0.012940,0.086027,0.345581,0.034780,16,244541,278751,1974848,1439,0,0,0,2599,0,0,0,0,0,0,0,0,0,0,0,0,0,0,0,0,0,0,0,4181237048632370223,4181237048632370223,4181237048632370223,7925335226840091609,7925335226840091609,7925335226840091609
80,20,2711,8,10,0.233437,11613.41,0.105159,25779.96,0.076618,35383.46,0.071880,37715.52,0.100817,26890.21,0.098624,27488.21,0.155041,17485.68,0.233510,0.014540,0.012313,0.098624,0.358987,0.033255,18,236255,259350,1934684,1549,0,0,0,3124,0,0,0,0,0,0,0,0,0,0,0,0,0,0,0,0,0,0,0,4908035162113881400,4908035162113881400,4908035162113881400,17346635617193828322,17346635617193828322,17346635617193828322
81,20,3004,8,10,0.241563,12435.68,0.121229,24779.55,0.062310,48210.72,0.057902,51880.83,0.111226,27008.13,0.085783,35018.45,0.174139,17250.58,0.244310,0.013870,0.019017,0.085783,0.362981,0.043546,11,269170,382440,2101008,2565,0,0,0,3280,0,0,0,0,0,0,0,0,0,0,0,0,0,0,0,0,0,0,0,14311163789920751335,14311163789920751335,14311163789920751335,9883521827531771412,9883521827531771412,9883521827531771412
82,20,3009,8,10,0.230657,13045.36,0.108344,27772.64,0.084350,35672.64,0.068338,44031.37,0.094332,31897.82,0.084289,35698.49,0.159958,18811.20,0.232433,0.015681,0.015443,0.084289,0.347846,0.038470,13,250894,328234,2010852,2226,0,0,0,3266,0,0,0,0,0,0,0,0,0,0,0,0,0,0,0,0,0,0,0,15247420361432590017,15247420361432590017,15247420361432590017,2796525675786972205,2796525675786972205,2796525675786972205
83,20,2723,8,10,0.254399,10703.66,0.145854,18669.36,0.087570,31095.08,0.075330,36147.74,0.117628,23149.24,0.099500,27366.88,0.179705,15152.58,0.253915,0.013566,0.013552,0.099500,0.380532,0.033065,15,230100,255375,1864076,1687,0,0,0,3217,0,0,0,0,0,0,0,0,0,0,0,0,0,0,0,0,0,0,0,9589308792636662860,9589308792636662860,9589308792636662860,16889902382628603464,16889902382628603464,16889902382628603464
84,20,2867,8,10,0.284916,10062.63,0.130817,21916.04,0.072472,39559.86,0.067184,42673.89,0.121993,23501.44,0.108014,26542.87,0.196806,14567.61,0.286133,0.015381,0.015123,0.108014,0.424652,0.034158,13,242667,262247,1970316,1572,0,0,0,2137,0,0,0,0,0,0,0,0,0,0,0,0,0,0,0,0,0,0,0,3238972982116541224,3238972982116541224,3238972982116541224,5202405136058632494,5202405136058632494,5202405136058632494
85,20,2795,8,10,0.234228,11932.83,0.119026,23482.26,0.074230,37653.16,0.069743,40075.69,0.114190,24476.65,0.103031,27127.68,0.162261,17225.28,0.235842,0.013103,0.012977,0.103031,0.364953,0.031746,15,229240,251335,1892396,1557,0,0,0,2889,0,0,0,0,0,0,0,0,0,0,0,0,0,0,0,0,0,0,0,11905471770353551573,11905471770353551573,11905471770353551573,11186896790968456173,11186896790968456173,11186896790968456173
86,20,2853,8,10,0.200805,14207.79,0.103082,27676.87,0.078923,36149.12,0.072785,39197.79,0.090157,31644.64,0.084762,33659.01,0.135750,21016.61,0.202808,0.013365,0.014866,0.084762,0.315801,0.033451,15,224410,244025,1919860,1582,0,0,0,3346,0,0,0,0,0,0,0,0,0,0,0,0,0,0,0,0,0,0,0,3660433981680615159,3660433981680615159,3660433981680615159,4334217301504564063,4334217301504564063,4334217301504564063
87,20,2871,8,10,0.218737,13125.37,0.105297,27265.66,0.073925,38836.81,0.070416,40772.11,0.096633,29710.30,0.085904,33420.86,0.150172,19118.12,0.220848,0.013629,0.014295,0.085904,0.334676,0.036223,15,243943,263208,1961500,1513,0,0,0,3046,0,0,0,0,0,0,0,0,0,0,0,0,0,0,0,0,0,0,0,13876128801367877904,13876128801367877904,13876128801367877904,14363815093632193878,14363815093632193878,14363815093632193878
88,20,2851,8,10,0.188245,15145.18,0.075681,37671.27,0.066121,43117.73,0.063521,44882.62,0.072664,39235.23,0.071977,39610.01,0.119432,23871.32,0.190766,0.014470,0.012997,0.071977,0.290210,0.036271,17,232301,270821,2047724,1609,0,0,0,3181,0,0,0,0,0,0,0,0,0,0,0,0,0,0,0,0,0,0,0,17353521527397009200,17353521527397009200,17353521527397009200,7175533118246375057,7175533118246375057,7175533118246375057
89,20,3012,8,10,0.195868,15377.70,0.076233,39510.61,0.069816,43142.26,0.064798,46483.05,0.075248,40027.53,0.070455,42750.44,0.132134,22794.98,0.196360,0.015337,0.016857,0.070455,0.299009,0.038166,15,233806,296781,2004688,2284,0,0,0,3398,0,0,0,0,0,0,0,0,0,0,0,0,0,0,0,0,0,0,0,929329883382421263,929329883382421263,929329883382421263,17517332648278012198,17517332648278012198,17517332648278012198
90,20,2687,8,10,0.205847,13053.39,0.090415,29718.40,0.072747,36936.41,0.070209,38271.67,0.088178,30472.31,0.081995,32770.37,0.136020,19754.43,0.205232,0.015029,0.012734,0.081995,0.314989,0.031832,15,232981,253696,1943612,1519,0,0,0,3114,0,0,0,0,0,0,0,0,0,0,0,0,0,0,0,0,0,0,0,8831373357254323659,8831373357254323659,8831373357254323659,3179375369546794722,3179375369546794722,3179375369546794722
91,20,3068,8,10,0.229178,13386.96,0.105781,29003.44,0.074792,41020.27,0.070895,43275.13,0.098502,31146.44,0.086381,35517.26,0.169649,18084.35,0.232551,0.014730,0.017706,0.086381,0.351367,0.037783,14,255084,497064,2111792,3171,0,0,0,4583,0,0,0,0,0,0,0,0,0,0,0,0,0,0,0,0,0,0,0,484490767726389615,484490767726389615,484490767726389615,7019958752438688092,7019958752438688092,7019958752438688092
92,20,2908,8,10,0.211501,13749.34,0.085115,34165.60,0.077779,37387.81,0.073257,39695.83,0.080935,35929.98,0.079396,36626.67,0.139281,20878.72,0.211904,0.015395,0.011773,0.079396,0.318468,0.035045,19,243400,267895,2011984,1835,0,0,0,3727,0,0,0,0,0,0,0,0,0,0,0,0,0,0,0,0,0,0,0,9448976949752213576,9448976949752213576,9448976949752213576,12872396960488724777,12872396960488724777,12872396960488724777
93,20,2829,8,10,0.239436,11815.26,0.103701,27280.47,0.067415,41964.04,0.063727,44392.37,0.100431,28168.58,0.087712,32253.33,0.165694,17073.63,0.237041,0.014844,0.014433,0.087712,0.354030,0.034056,14,244421,303491,1984180,1966,0,0,0,3215,0,0,0,0,0,0,0,0,0,0,0,0,0,0,0,0,0,0,0,8036174564497255203,8036174564497255203,8036174564497255203,8539081542000230768,8539081542000230768,8539081542000230768
94,20,2699,8,10,0.252922,10671.29,0.119147,22652.73,0.073355,36793.63,0.068157,39599.73,0.111315,24246.46,0.093704,28803.56,0.171173,15767.65,0.253645,0.015185,0.015513,0.093704,0.378046,0.032612,13,264571,280181,2006348,1397,0,0,0,2858,0,0,0,0,0,0,0,0,0,0,0,0,0,0,0,0,0,0,0,18097561142130952297,18097561142130952297,18097561142130952297,8239528201378061792,8239528201378061792,8239528201378061792
95,20,2806,8,10,0.247300,11346.53,0.111623,25138.10,0.085695,32744.06,0.073513,38169.96,0.102797,27296.63,0.093155,30121.85,0.159262,17618.81,0.245738,0.015918,0.013820,0.093155,0.368631,0.034658,14,246936,275611,1967480,1815,0,0,0,3381,0,0,0,0,0,0,0,0,0,0,0,0,0,0,0,0,0,0,0,457114588619755049,457114588619755049,457114588619755049,6685638550495151789,6685638550495151789,6685638550495151789
96,20,3233,8,10,0.268771,12028.83,0.118843,27204.01,0.085375,37868.27,0.078683,41089.08,0.113654,28446.07,0.100893,32043.74,0.188860,17118.46,0.270184,0.016618,0.016492,0.100893,0.404187,0.044683,14,259498,331963,2231940,2462,0,0,0,3982,0,0,0,0,0,0,0,0,0,0,0,0,0,0,0,0,0,0,0,17056793641885106985,17056793641885106985,17056793641885106985,18163360548220063384,18163360548220063384,18163360548220063384
97,20,2876,8,10,0.214503,13407.73,0.090853,31655.64,0.068918,41730.79,0.064967,44268.51,0.087268,32955.79,0.084450,34055.48,0.139128,20671.55,0.215178,0.013843,0.013696,0.084450,0.327167,0.033783,16,232629,252924,1975760,1463,0,0,0,3259,0,0,0,0,0,0,0,0,0,0,0,0,0,0,0,0,0,0,0,5435564407267891819,5435564407267891819,5435564407267891819,15933383987667697849,15933383987667697849,15933383987667697849
98,20,2963,8,10,0.243079,12189.47,0.114228,25939.30,0.076115,38927.69,0.072025,41138.30,0.106408,27845.74,0.097754,30310.74,0.165434,17910.48,0.245957,0.013665,0.014117,0.097754,0.371492,0.036283,15,254071,278276,2057644,1775,0,0,0,2958,0,0,0,0,0,0,0,0,0,0,0,0,0,0,0,0,0,0,0,17737387673098679654,17737387673098679654,17737387673098679654,11396833792852065237,11396833792852065237,11396833792852065237
99,20,2992,8,10,0.268201,11155.80,0.126711,23612.70,0.096064,31146.04,0.081457,36731.05,0.112003,26713.50,0.097224,30774.41,0.172476,17347.36,0.269084,0.015473,0.015225,0.097224,0.397005,0.039796,15,255246,276136,2069056,1520,0,0,0,2905,0,0,0,0,0,0,0,0,0,0,0,0,0,0,0,0,0,0,0,12754604013916883166,12754604013916883166,12754604013916883166,15998950823439041031,15998950823439041031,15998950823439041031
100,20,2938,8,10,0.205777,14277.62,0.088180,33318.29,0.077989,37671.99,0.073050,40218.81,0.088142,33332.75,0.080359,36560.83,0.133700,21974.50,0.208325,0.013755,0.013435,0.080359,0.315875,0.036753,16,241050,259270,2007432,1482,0,0,0,3334,0,0,0,0,0,0,0,0,0,0,0,0,0,0,0,0,0,0,0,3215516759187003553,3215516759187003553,3215516759187003553,3588108615830361524,3588108615830361524,3588108615830361524
101,20,2984,8,10,0.247822,12040.92,0.099928,29861.48,0.093121,32044.40,0.081457,36632.71,0.096608,30887.61,0.090953,32808.25,0.157276,18973.06,0.245699,0.017247,0.017053,0.090953,0.370952,0.038708,15,258597,287312,2081952,1801,0,0,0,3311,0,0,0,0,0,0,0,0,0,0,0,0,0,0,0,0,0,0,0,2331277936142264600,2331277936142264600,2331277936142264600,11186883825565473337,11186883825565473337,11186883825565473337
102,20,2920,8,10,0.226362,12899.70,0.088927,32835.92,0.076406,38216.80,0.072518,40266.13,0.086897,33602.92,0.084006,34759.39,0.149156,19576.78,0.226916,0.015573,0.011566,0.084006,0.338061,0.038748,18,245054,268809,2007776,1668,0,0,0,3269,0,0,0,0,0,0,0,0,0,0,0,0,0,0,0,0,0,0,0,15501509213772792536,15501509213772792536,15501509213772792536,10981897304492330375,10981897304492330375,10981897304492330375
103,20,2976,8,10,0.266510,11166.57,0.124466,23910.22,0.078497,37912.46,0.068256,43600.43,0.116093,25634.59,0.105462,28218.69,0.176960,16817.38,0.269010,0.015182,0.013555,0.105462,0.403209,0.039476,17,254872,274257,1997728,1486,0,0,0,2824,0,0,0,0,0,0,0,0,0,0,0,0,0,0,0,0,0,0,0,17747476799608189478,17747476799608189478,17747476799608189478,2580428922166392773,2580428922166392773,2580428922166392773
104,20,3056,8,10,0.225340,13561.72,0.091168,33520.67,0.078193,39082.80,0.075584,40431.90,0.090363,33819.02,0.080401,38009.43,0.150998,20238.66,0.226297,0.015028,0.013783,0.080401,0.335508,0.045602,15,254452,309572,2038624,2351,0,0,0,4009,0,0,0,0,0,0,0,0,0,0,0,0,0,0,0,0,0,0,0,5376795234079975929,5376795234079975929,5376795234079975929,8930039941932695105,8930039941932695105,8930039941932695105
105,20,3111,8,10,0.225003,13826.48,0.093035,33439.15,0.062815,49526.28,0.059687,52121.58,0.087769,35445.30,0.078974,39392.86,0.149578,20798.54,0.226289,0.016474,0.014819,0.078974,0.336555,0.040771,15,260798,308738,2013756,2023,0,0,0,2939,0,0,0,0,0,0,0,0,0,0,0,0,0,0,0,0,0,0,0,4738503351690229190,4738503351690229190,4738503351690229190,3598686424717209599,3598686424717209599,3598686424717209599
106,20,2899,8,10,0.188683,15364.35,0.079567,36434.48,0.069605,41649.22,0.067511,42941.34,0.074875,38717.89,0.075627,38332.64,0.125457,23107.48,0.189536,0.013897,0.013586,0.075627,0.292647,0.034179,14,231602,253187,1894796,1691,0,0,0,3555,0,0,0,0,0,0,0,0,0,0,0,0,0,0,0,0,0,0,0,17899068605732087790,17899068605732087790,17899068605732087790,17513386960388302172,17513386960388302172,17513386960388302172
107,20,2865,8,10,0.201168,14241.81,0.078967,36281.16,0.065985,43418.84,0.060570,47300.42,0.075005,38197.67,0.073091,39197.77,0.125421,22843.04,0.203415,0.013000,0.012627,0.073091,0.302132,0.036014,18,230193,250518,1910404,1417,0,0,0,2666,0,0,0,0,0,0,0,0,0,0,0,0,0,0,0,0,0,0,0,11906741584214320110,11906741584214320110,11906741584214320110,6236898987458961271,6236898987458961271,6236898987458961271
108,20,3062,8,10,0.213446,14345.54,0.090030,34010.70,0.077157,39685.16,0.076513,40019.21,0.088374,34648.16,0.082762,36997.73,0.140580,21781.22,0.215299,0.015434,0.014900,0.082762,0.328395,0.039062,17,247857,278087,2031640,1916,0,0,0,3589,0,0,0,0,0,0,0,0,0,0,0,0,0,0,0,0,0,0,0,10998281568877549234,10998281568877549234,10998281568877549234,12365338827931845781,12365338827931845781,12365338827931845781
109,20,3081,8,10,0.216290,14244.79,0.091171,33793.68,0.065948,46718.49,0.061262,50292.05,0.085673,35962.44,0.079529,38740.42,0.137970,22331.01,0.217397,0.015403,0.013438,0.079529,0.325767,0.041349,16,247006,273856,2006852,1710,0,0,0,2752,0,0,0,0,0,0,0,0,0,0,0,0,0,0,0,0,0,0,0,7236592869452710126,7236592869452710126,7236592869452710126,10306872340613657202,10306872340613657202,10306872340613657202
110,20,3148,8,10,0.220195,14296.40,0.075748,41558.86,0.064003,49185.12,0.061260,51387.11,0.071948,43753.61,0.073274,42962.09,0.123438,25502.77,0.222678,0.014746,0.012301,0.073274,0.322999,0.045218,19,256955,276840,2077680,1397,0,0,0,2763,0,0,0,0,0,0,0,0,0,0,0,0,0,0,0,0,0,0,0,7353463586561420423,7353463586561420423,7353463586561420423,13972680068446622327,13972680068446622327,13972680068446622327
111,20,3372,8,10,0.243508,13847.58,0.101999,33059.23,0.079287,42529.27,0.076328,44177.54,0.088935,37915.45,0.082833,40708.47,0.152313,22138.65,0.244322,0.016144,0.018285,0.082833,0.361583,0.050170,14,273989,352704,2227440,2326,0,0,0,3361,0,0,0,0,0,0,0,0,0,0,0,0,0,0,0,0,0,0,0,10526502276718427403,10526502276718427403,10526502276718427403,6220087944739627059,6220087944739627059,6220087944739627059
112,20,3259,8,10,0.250847,12992.00,0.109499,29762.92,0.076593,42549.38,0.072202,45137.00,0.103896,31367.98,0.094513,34482.08,0.169990,19171.73,0.261746,0.006833,0.014391,0.094513,0.377482,0.042405,16,264921,298826,2209548,2068,0,0,0,3441,0,0,0,0,0,0,0,0,0,0,0,0,0,0,0,0,0,0,0,2324614793767013228,2324614793767013228,2324614793767013228,17705783346150256085,17705783346150256085,17705783346150256085
113,20,3017,8,10,0.213341,14141.65,0.080135,37649.18,0.063540,47482.21,0.062822,48024.43,0.073508,41043.03,0.074475,40510.38,0.132691,22736.96,0.215245,0.014674,0.012984,0.074475,0.317378,0.039853,17,250195,278795,2032932,1968,0,0,0,3129,0,0,0,0,0,0,0,0,0,0,0,0,0,0,0,0,0,0,0,11862088237130051329,11862088237130051329,11862088237130051329,9851021423963980804,9851021423963980804,9851021423963980804
114,20,3371,8,10,0.252946,13326.94,0.135090,24953.66,0.104084,32387.22,0.076555,44033.75,0.124152,27152.14,0.091700,36761.00,0.204207,16507.79,0.252751,0.016086,0.016544,0.091700,0.377081,0.043127,12,258073,333588,2264588,3615,0,0,0,5910,0,0,0,0,0,0,0,0,0,0,0,0,0,0,0,0,0,0,0,14673684313433204503,14673684313433204503,14673684313433204503,3609630803280992290,3609630803280992290,3609630803280992290
115,20,2777,8,10,0.216247,12841.78,0.099582,27886.59,0.079338,35002.23,0.074918,37067.07,0.096008,28924.53,0.088890,31240.76,0.152542,18204.79,0.218275,0.014652,0.013821,0.088890,0.335638,0.034029,16,240398,267283,1947364,2048,0,0,0,3893,0,0,0,0,0,0,0,0,0,0,0,0,0,0,0,0,0,0,0,5273838506877531699,5273838506877531699,5273838506877531699,9287007365316385281,9287007365316385281,9287007365316385281
116,20,3181,8,10,0.212576,14964.06,0.098114,32421.53,0.090745,35054.38,0.084127,37811.70,0.094820,33547.94,0.094889,33523.24,0.153857,20675.07,0.211820,0.016654,0.015138,0.094889,0.338501,0.040392,17,261321,295571,2151540,2230,0,0,0,4104,0,0,0,0,0,0,0,0,0,0,0,0,0,0,0,0,0,0,0,9507128122505079615,9507128122505079615,9507128122505079615,3232118056979642592,3232118056979642592,3232118056979642592
117,20,3642,8,10,0.188696,19300.91,0.084851,42922.12,0.071050,51259.54,0.067472,53978.14,0.078687,46284.72,0.070786,51450.87,0.167018,21805.98,0.188121,0.018275,0.016831,0.070786,0.294013,0.050160,15,264673,606513,2205736,4461,0,0,0,5798,0,0,0,0,0,0,0,0,0,0,0,0,0,0,0,0,0,0,0,4932241201702220607,4932241201702220607,4932241201702220607,13707669797772671788,13707669797772671788,13707669797772671788
118,20,2991,8,10,0.218089,13714.61,0.110524,27062.04,0.070112,42660.39,0.068248,43825.17,0.099971,29918.56,0.090136,33183.02,0.156691,19088.46,0.219060,0.015634,0.013752,0.090136,0.338582,0.036245,16,244841,277521,1966844,1839,0,0,0,3165,0,0,0,0,0,0,0,0,0,0,0,0,0,0,0,0,0,0,0,11842094073326584581,11842094073326584581,11842094073326584581,318792879626109758,318792879626109758,318792879626109758
119,20,3019,8,10,0.232360,12992.77,0.093361,32336.84,0.089106,33881.05,0.073065,41319.40,0.091137,33125.94,0.084619,35677.51,0.154702,19514.99,0.232032,0.017535,0.014771,0.084619,0.348958,0.046126,13,256260,339715,1995916,1471,0,0,0,2779,0,0,0,0,0,0,0,0,0,0,0,0,0,0,0,0,0,0,0,16925646710723427026,16925646710723427026,16925646710723427026,10854069944151258158,10854069944151258158,10854069944151258158
120,20,2925,8,10,0.211262,13845.38,0.085149,34351.38,0.072799,40179.09,0.068374,42779.26,0.082293,35543.55,0.074782,39113.48,0.133976,21832.19,0.213161,0.015692,0.017007,0.074782,0.320642,0.036459,15,250601,269246,2041236,1507,0,0,0,2986,0,0,0,0,0,0,0,0,0,0,0,0,0,0,0,0,0,0,0,17838041363047503725,17838041363047503725,17838041363047503725,9785519594707468494,9785519594707468494,9785519594707468494
121,20,3121,8,10,0.247305,12620.05,0.117540,26552.66,0.081351,38364.81,0.076159,40980.26,0.113650,27461.53,0.096372,32385.06,0.163772,19056.96,0.251115,0.015797,0.014324,0.096372,0.377607,0.041337,16,257504,293914,2114564,2111,0,0,0,3932,0,0,0,0,0,0,0,0,0,0,0,0,0,0,0,0,0,0,0,16828937093379999083,16828937093379999083,16828937093379999083,7205886283867104255,7205886283867104255,7205886283867104255
122,20,3002,8,10,0.236976,12667.96,0.093433,32130.14,0.067426,44523.10,0.064327,46668.06,0.089279,33624.89,0.084273,35622.51,0.154730,19401.56,0.239351,0.016508,0.012705,0.084273,0.352837,0.036943,17,243643,264643,2020200,1485,0,0,0,2889,0,0,0,0,0,0,0,0,0,0,0,0,0,0,0,0,0,0,0,16902832536065437266,16902832536065437266,16902832536065437266,10640583384376710587,10640583384376710587,10640583384376710587
123,20,3153,8,10,0.205412,15349.61,0.088862,35481.84,0.074016,42598.66,0.070047,45012.88,0.084849,37160.26,0.081119,38868.90,0.135021,23351.93,0.204165,0.016373,0.015149,0.081119,0.316806,0.042711,16,254142,324782,2096292,2401,0,0,0,3982,0,0,0,0,0,0,0,0,0,0,0,0,0,0,0,0,0,0,0,4005526128022177858,4005526128022177858,4005526128022177858,12184687436530680660,12184687436530680660,12184687436530680660
124,20,3192,8,10,0.209321,15249.29,0.085951,37137.65,0.076040,41977.68,0.075249,42419.19,0.083667,38151.27,0.079356,40223.67,0.132417,24105.59,0.211120,0.014927,0.013425,0.079356,0.318828,0.042289,17,259607,283467,2118784,1756,0,0,0,3490,0,0,0,0,0,0,0,0,0,0,0,0,0,0,0,0,0,0,0,5655389796962312185,5655389796962312185,5655389796962312185,4537293644380894514,4537293644380894514,4537293644380894514
125,20,2915,8,10,0.222091,13125.26,0.089526,32560.41,0.080848,36055.20,0.074319,39222.74,0.087629,33265.05,0.079571,36634.11,0.149073,19554.21,0.224307,0.015183,0.014976,0.079571,0.334037,0.036693,17,246159,270439,2039212,1739,0,0,0,3869,0,0,0,0,0,0,0,0,0,0,0,0,0,0,0,0,0,0,0,2536019414326090148,2536019414326090148,2536019414326090148,14154157404777422573,14154157404777422573,14154157404777422573
126,20,3521,8,10,0.257511,13673.20,0.102069,34496.13,0.097144,36245.02,0.083279,42279.81,0.095938,36700.80,0.090967,38706.31,0.163504,21534.67,0.258806,0.017982,0.017831,0.090967,0.385585,0.053228,15,294750,382530,2376036,2557,0,0,0,4077,0,0,0,0,0,0,0,0,0,0,0,0,0,0,0,0,0,0,0,12478396906843781664,12478396906843781664,12478396906843781664,7822928785585709116,7822928785585709116,7822928785585709116
127,20,2851,8,10,0.252637,11284.98,0.120800,23600.92,0.078417,36357.09,0.073801,38631.03,0.114640,24869.20,0.108688,26231.09,0.171013,16671.26,0.251951,0.017377,0.013630,0.108688,0.391646,0.035804,16,253736,271221,1995852,1480,0,0,0,3015,0,0,0,0,0,0,0,0,0,0,0,0,0,0,0,0,0,0,0,4552643890660700353,4552643890660700353,4552643890660700353,16085006058300404014,16085006058300404014,16085006058300404014
128,20,3207,8,10,0.257732,12443.14,0.085891,37337.95,0.074517,43036.94,0.069890,45886.09,0.081640,39282.08,0.081187,39501.53,0.148633,21576.58,0.260490,0.015816,0.012728,0.081187,0.370221,0.047241,20,276222,297167,2267452,1574,0,0,0,3033,0,0,0,0,0,0,0,0,0,0,0,0,0,0,0,0,0,0,0,513945438175155542,513945438175155542,513945438175155542,8578425410991260405,8578425410991260405,8578425410991260405
129,20,3081,8,10,0.230335,13376.19,0.087971,35023.09,0.076499,40274.78,0.072011,42785.22,0.083791,36770.18,0.083530,36885.11,0.141349,21797.04,0.227958,0.015450,0.016815,0.083530,0.343752,0.039189,16,257469,279559,2083300,1611,0,0,0,3369,0,0,0,0,0,0,0,0,0,0,0,0,0,0,0,0,0,0,0,5145049977985083580,5145049977985083580,5145049977985083580,3515404289811830412,3515404289811830412,3515404289811830412
130,20,3063,8,10,0.230926,13264.02,0.109987,27848.76,0.081806,37442.20,0.077163,39695.02,0.107027,28618.95,0.098773,31010.66,0.164000,18676.81,0.232889,0.015983,0.013350,0.098773,0.360995,0.038974,17,250403,277883,2020252,1917,0,0,0,3730,0,0,0,0,0,0,0,0,0,0,0,0,0,0,0,0,0,0,0,10168439801712769505,10168439801712769505,10168439801712769505,4675986706974375773,4675986706974375773,4675986706974375773
131,20,3092,8,10,0.231525,13354.94,0.098453,31405.76,0.084948,36398.62,0.079602,38843.32,0.092644,33375.08,0.085218,36283.32,0.151711,20380.80,0.232398,0.016907,0.015508,0.085218,0.350031,0.040055,15,266880,291655,2194256,1921,0,0,0,3784,0,0,0,0,0,0,0,0,0,0,0,0,0,0,0,0,0,0,0,3320903453884248383,3320903453884248383,3320903453884248383,14282094179541068967,14282094179541068967,14282094179541068967
132,20,2797,8,10,0.250910,11147.43,0.126253,22153.99,0.081407,34358.06,0.076568,36529.68,0.111510,25082.90,0.102160,27378.50,0.165303,16920.46,0.253287,0.013849,0.014091,0.102160,0.383387,0.034409,16,248292,268757,1959892,1627,0,0,0,3115,0,0,0,0,0,0,0,0,0,0,0,0,0,0,0,0,0,0,0,10860175277657028905,10860175277657028905,10860175277657028905,6623324659269048487,6623324659269048487,6623324659269048487
133,20,3042,8,10,0.204155,14900.43,0.084438,36026.54,0.073781,41229.90,0.067895,44804.46,0.079544,38242.76,0.078438,38782.27,0.131288,23170.49,0.206736,0.013486,0.015504,0.078438,0.314164,0.038163,16,239770,269695,1978952,1703,0,0,0,3034,0,0,0,0,0,0,0,0,0,0,0,0,0,0,0,0,0,0,0,10797413633250582228,10797413633250582228,10797413633250582228,8258351259416716074,8258351259416716074,8258351259416716074
134,20,3010,8,10,0.244324,12319.72,0.099844,30147.09,0.081038,37142.93,0.070926,42438.49,0.093643,32143.36,0.082958,36283.43,0.162157,18562.23,0.245512,0.014296,0.015899,0.082958,0.358665,0.038169,16,248069,264914,2024520,1246,0,0,0,2792,0,0,0,0,0,0,0,0,0,0,0,0,0,0,0,0,0,0,0,15353375516047887283,15353375516047887283,15353375516047887283,13806124562884656475,13806124562884656475,13806124562884656475
135,20,2910,8,10,0.250125,11634.18,0.100331,29004.00,0.066987,43441.44,0.063651,45718.36,0.093420,31149.51,0.091680,31740.94,0.152907,19031.15,0.250247,0.015032,0.012798,0.091680,0.369756,0.035024,17,251524,266049,2067800,1287,0,0,0,2497,0,0,0,0,0,0,0,0,0,0,0,0,0,0,0,0,0,0,0,8217427020176510445,8217427020176510445,8217427020176510445,15741290645535091441,15741290645535091441,15741290645535091441
136,20,3015,8,10,0.221183,13631.26,0.094119,32033.76,0.072078,41829.89,0.069594,43322.58,0.086856,34712.58,0.083279,36203.59,0.136438,22097.95,0.223596,0.012797,0.017623,0.083279,0.337294,0.039264,17,249341,268086,2095772,1499,0,0,0,3086,0,0,0,0,0,0,0,0,0,0,0,0,0,0,0,0,0,0,0,7603815640711967478,7603815640711967478,7603815640711967478,13041340647538396750,13041340647538396750,13041340647538396750
137,20,3351,8,10,0.209419,16001.44,0.080711,41518.75,0.067806,49420.33,0.065234,51369.19,0.080341,41709.48,0.078612,42627.15,0.137969,24288.05,0.211149,0.015423,0.017937,0.078612,0.323120,0.044149,17,250456,293711,2221020,2228,0,0,0,3282,0,0,0,0,0,0,0,0,0,0,0,0,0,0,0,0,0,0,0,476243405819262662,476243405819262662,476243405819262662,11615752658347910414,11615752658347910414,11615752658347910414
138,20,3332,8,10,0.213437,15611.14,0.075446,44164.30,0.064804,51416.36,0.063616,52377.07,0.072768,45789.50,0.071450,46634.14,0.130644,25504.52,0.214427,0.015955,0.013077,0.071450,0.314909,0.048172,19,255854,287739,2167440,1937,0,0,0,3215,0,0,0,0,0,0,0,0,0,0,0,0,0,0,0,0,0,0,0,2528019799366026471,2528019799366026471,2528019799366026471,15666419233765555730,15666419233765555730,15666419233765555730
139,20,3299,8,10,0.206195,15999.39,0.084164,39197.11,0.076776,42969.43,0.071939,45858.49,0.083428,39543.15,0.083077,39710.26,0.132365,24923.55,0.208100,0.016289,0.014274,0.083077,0.321740,0.043942,18,259471,290091,2208652,2005,0,0,0,3695,0,0,0,0,0,0,0,0,0,0,0,0,0,0,0,0,0,0,0,12209104724367385980,12209104724367385980,12209104724367385980,11958974424831973885,11958974424831973885,11958974424831973885
140,20,3109,8,10,0.251317,12370.83,0.114208,27222.35,0.067497,46061.19,0.065010,47823.11,0.107664,28876.76,0.101539,30618.67,0.169035,18392.59,0.253873,0.013816,0.014671,0.101539,0.383900,0.039236,15,250876,281901,2054804,1594,0,0,0,3001,0,0,0,0,0,0,0,0,0,0,0,0,0,0,0,0,0,0,0,3019920104092837210,3019920104092837210,3019920104092837210,14697502711538454648,14697502711538454648,14697502711538454648
141,20,4189,8,10,0.210702,19881.13,0.088818,47163.68,0.077828,53823.87,0.064861,64584.63,0.076017,55106.12,0.072621,57683.25,0.167597,24994.49,0.213911,0.017980,0.023048,0.072621,0.327559,0.071507,16,300531,699466,2570196,4930,0,0,0,5647,0,0,0,0,0,0,0,0,0,0,0,0,0,0,0,0,0,0,0,9677736884860696632,9677736884860696632,9677736884860696632,16289448263132168707,16289448263132168707,16289448263132168707
142,20,3216,8,10,0.214865,14967.54,0.080599,39901.11,0.062231,51678.81,0.058242,55218.18,0.074660,43075.04,0.073501,43754.73,0.134212,23962.07,0.216070,0.016106,0.012673,0.073501,0.318350,0.045117,19,256552,290057,2113664,1701,0,0,0,2773,0,0,0,0,0,0,0,0,0,0,0,0,0,0,0,0,0,0,0,17224839368853465336,17224839368853465336,17224839368853465336,11873084493287300346,11873084493287300346,11873084493287300346
143,20,2970,8,10,0.211470,14044.52,0.096136,30893.65,0.079763,37235.08,0.073033,40666.62,0.087460,33958.39,0.085774,34625.88,0.146492,20274.10,0.214207,0.013313,0.015785,0.085774,0.329079,0.036048,17,246066,275726,2038952,1846,0,0,0,3732,0,0,0,0,0,0,0,0,0,0,0,0,0,0,0,0,0,0,0,6832189670800577118,6832189670800577118,6832189670800577118,13525644760616686999,13525644760616686999,13525644760616686999
144,20,3649,8,10,0.214891,16980.67,0.086815,42031.79,0.071641,50934.65,0.068749,53077.35,0.084511,43178.03,0.086943,41970.26,0.155553,23458.22,0.217041,0.016954,0.013795,0.086943,0.334733,0.059491,19,272304,503954,2275716,3162,0,0,0,4114,0,0,0,0,0,0,0,0,0,0,0,0,0,0,0,0,0,0,0,13675668080800774788,13675668080800774788,13675668080800774788,8294553001459527076,8294553001459527076,8294553001459527076
145,20,3391,8,10,0.198768,17060.07,0.083091,40810.83,0.076334,44423.40,0.073694,46014.42,0.080909,41911.03,0.079195,42818.40,0.130506,25983.54,0.199850,0.018149,0.014433,0.079195,0.311627,0.049570,17,268965,300220,2206876,2110,0,0,0,3614,0,0,0,0,0,0,0,0,0,0,0,0,0,0,0,0,0,0,0,13314976793184100692,13314976793184100692,13314976793184100692,10001058751039439607,10001058751039439607,10001058751039439607
146,20,3143,8,10,0.211321,14873.11,0.089653,35057.41,0.070111,44828.88,0.069239,45393.29,0.083752,37527.59,0.079086,39741.76,0.134884,23301.46,0.214327,0.015350,0.016459,0.079086,0.325221,0.040956,17,257459,278224,2078748,1568,0,0,0,3273,0,0,0,0,0,0,0,0,0,0,0,0,0,0,0,0,0,0,0,15125809690575794103,15125809690575794103,15125809690575794103,5907638894024531568,5907638894024531568,5907638894024531568
147,20,2846,8,10,0.229132,12420.80,0.105323,27021.66,0.068842,41341.10,0.064953,43816.59,0.091546,31088.35,0.078137,36423.29,0.148394,19178.62,0.228148,0.015514,0.014373,0.078137,0.336172,0.034017,14,242958,259563,1942168,1365,0,0,0,2643,0,0,0,0,0,0,0,0,0,0,0,0,0,0,0,0,0,0,0,1324409668179969973,1324409668179969973,1324409668179969973,2511287242620274012,2511287242620274012,2511287242620274012
148,20,3184,8,10,0.213163,14936.95,0.081963,38846.74,0.069690,45688.12,0.063995,49754.03,0.075363,42248.79,0.076009,41889.92,0.129828,24524.83,0.215684,0.016375,0.013170,0.076009,0.321237,0.043414,18,258685,288330,2121984,1646,0,0,0,2815,0,0,0,0,0,0,0,0,0,0,0,0,0,0,0,0,0,0,0,5449911574233807047,5449911574233807047,5449911574233807047,17282634634350603567,17282634634350603567,17282634634350603567
149,20,3186,8,10,0.220921,14421.42,0.083220,38284.22,0.075290,42316.17,0.071239,44722.95,0.078719,40473.22,0.075071,42439.72,0.138250,23045.23,0.224045,0.015758,0.013818,0.075071,0.328691,0.043705,18,259875,279675,2156104,1453,0,0,0,2947,0,0,0,0,0,0,0,0,0,0,0,0,0,0,0,0,0,0,0,11926176511472532457,11926176511472532457,11926176511472532457,9336326104566989665,9336326104566989665,9336326104566989665
150,20,3048,8,10,0.213560,14272.33,0.081557,37372.76,0.068231,44671.50,0.063309,48145.04,0.079889,38152.82,0.077040,39563.65,0.130856,23292.84,0.215952,0.014893,0.013570,0.077040,0.321456,0.041739,17,255099,276554,2045440,1516,0,0,0,2946,0,0,0,0,0,0,0,0,0,0,0,0,0,0,0,0,0,0,0,15974116613254683829,15974116613254683829,15974116613254683829,7168991462796635976,7168991462796635976,7168991462796635976
151,20,3081,8,10,0.202909,15184.12,0.088258,34909.09,0.072825,42307.06,0.068997,44654.13,0.083747,36789.31,0.079386,38810.53,0.136787,22523.99,0.203557,0.017041,0.012676,0.079386,0.312659,0.039805,18,248432,272912,2024164,1822,0,0,0,3250,0,0,0,0,0,0,0,0,0,0,0,0,0,0,0,0,0,0,0,16262187102111026376,16262187102111026376,16262187102111026376,5168477075090867638,5168477075090867638,5168477075090867638
152,20,3223,8,10,0.214882,14998.95,0.078954,40821.43,0.072077,44715.85,0.064935,49633.88,0.076531,42113.81,0.076417,42176.27,0.127357,25306.86,0.216933,0.015755,0.013343,0.076417,0.322449,0.046153,18,258809,282979,2104540,1620,0,0,0,3021,0,0,0,0,0,0,0,0,0,0,0,0,0,0,0,0,0,0,0,9245947588416387315,9245947588416387315,9245947588416387315,251286715850388296,251286715850388296,251286715850388296
153,20,3415,8,10,0.218159,15653.75,0.089729,38058.85,0.058172,58704.73,0.056965,59949.41,0.084923,40213.12,0.079533,42937.95,0.143079,23867.97,0.220604,0.016935,0.015462,0.079533,0.332534,0.047225,16,269633,301778,2161148,1746,0,0,0,2655,0,0,0,0,0,0,0,0,0,0,0,0,0,0,0,0,0,0,0,6758556565242601128,6758556565242601128,6758556565242601128,13547999284144072071,13547999284144072071,13547999284144072071
154,20,3253,8,10,0.221571,14681.54,0.091521,35543.79,0.076706,42408.52,0.059981,54233.84,0.089498,36347.20,0.087051,37368.87,0.144032,22585.19,0.223379,0.014869,0.012807,0.087051,0.338106,0.044669,18,255538,277358,2054228,1519,0,0,0,2896,0,0,0,0,0,0,0,0,0,0,0,0,0,0,0,0,0,0,0,13082171121573474010,13082171121573474010,13082171121573474010,13440861866884711450,13440861866884711450,13440861866884711450
155,20,4047,8,10,0.245490,16485.40,0.115366,35079.75,0.101499,39872.35,0.088765,45592.15,0.115542,35026.14,0.084754,47749.69,0.228526,17709.15,0.247956,0.019229,0.025472,0.084754,0.377412,0.066073,9,350427,780097,2688220,8007,0,0,0,11080,0,0,0,0,0,0,0,0,0,0,0,0,0,0,0,0,0,0,0,13361722012464696015,13361722012464696015,13361722012464696015,14487922633979235701,14487922633979235701,14487922633979235701
156,20,3854,8,10,0.162158,23767.02,0.102987,37422.09,0.101252,38063.27,0.095854,40206.80,0.104085,37027.53,0.099310,38807.78,0.208421,18491.39,0.164354,0.018889,0.017155,0.099310,0.299708,0.061188,17,327304,851994,2483800,9567,0,0,0,14018,0,0,0,0,0,0,0,0,0,0,0,0,0,0,0,0,0,0,0,14624460382774470213,14624460382774470213,14624460382774470213,12816635053416655655,12816635053416655655,12816635053416655655
157,20,2971,8,10,0.130708,22730.06,0.049671,59813.22,0.037980,78225.60,0.032749,90719.74,0.043174,68815.24,0.042227,70357.80,0.075712,39240.86,0.131896,0.012177,0.010887,0.042227,0.197187,0.032934,20,188539,210089,1694028,935,0,0,0,1227,0,0,0,0,0,0,0,0,0,0,0,0,0,0,0,0,0,0,0,2004539520768899245,2004539520768899245,2004539520768899245,4592949843143958191,4592949843143958191,4592949843143958191
158,20,3253,8,10,0.189697,17148.40,0.067953,47871.10,0.045819,70996.79,0.039706,81928.10,0.063537,51198.68,0.059542,54633.85,0.107140,30362.23,0.190819,0.014461,0.013224,0.059542,0.278046,0.044460,18,240250,259190,2068436,1142,0,0,0,1293,0,0,0,0,0,0,0,0,0,0,0,0,0,0,0,0,0,0,0,1174437872074878309,1174437872074878309,1174437872074878309,14247228338255394390,14247228338255394390,14247228338255394390
159,20,3175,8,10,0.192285,16511.91,0.063786,49776.12,0.043825,72447.64,0.039455,80471.27,0.060006,52911.47,0.059379,53470.02,0.105514,30090.83,0.192468,0.017928,0.015198,0.059379,0.284973,0.039465,20,223988,244343,2033852,822,0,0,0,970,0,0,0,0,0,0,0,0,0,0,0,0,0,0,0,0,0,0,0,15726212542221759836,15726212542221759836,15726212542221759836,8486708952944386803,8486708952944386803,8486708952944386803
160,20,3341,8,10,0.177224,18851.88,0.062026,53864.88,0.049817,67065.57,0.046671,71586.66,0.057587,58016.84,0.057838,57764.84,0.116845,28593.55,0.178942,0.015584,0.012191,0.057838,0.264555,0.047473,20,250832,341522,2113780,2009,0,0,0,2582,0,0,0,0,0,0,0,0,0,0,0,0,0,0,0,0,0,0,0,11709220933387667217,11709220933387667217,11709220933387667217,13140792691849063989,13140792691849063989,13140792691849063989
161,20,3307,8,10,0.196040,16869.01,0.074091,44634.25,0.057274,57739.79,0.053750,61525.88,0.062624,52806.92,0.063569,52022.12,0.117518,28140.35,0.198439,0.013378,0.013262,0.063569,0.288648,0.042314,18,246773,296953,2086828,1729,0,0,0,2614,0,0,0,0,0,0,0,0,0,0,0,0,0,0,0,0,0,0,0,12052509456729199914,12052509456729199914,12052509456729199914,10374067317555427782,10374067317555427782,10374067317555427782
162,20,3181,8,10,0.217511,14624.55,0.082506,38554.59,0.054455,58415.26,0.047883,66433.03,0.077187,41211.44,0.073626,43204.74,0.131044,24274.21,0.219363,0.014645,0.012762,0.073626,0.320396,0.042574,18,251258,286523,2127508,1382,0,0,0,1833,0,0,0,0,0,0,0,0,0,0,0,0,0,0,0,0,0,0,0,14466105838146434175,14466105838146434175,14466105838146434175,7648424450756508677,7648424450756508677,7648424450756508677
163,20,3043,8,10,0.200001,15214.94,0.067559,45041.95,0.046971,64784.77,0.045178,67355.76,0.060680,50148.33,0.056457,53899.06,0.114373,26605.94,0.199521,0.016371,0.012705,0.056457,0.285054,0.039298,19,243654,276284,2055468,1240,0,0,0,1592,0,0,0,0,0,0,0,0,0,0,0,0,0,0,0,0,0,0,0,5203143587563018467,5203143587563018467,5203143587563018467,8352189712198838092,8352189712198838092,8352189712198838092
164,20,2801,8,10,0.199570,14035.21,0.072170,38811.39,0.054381,51507.13,0.052344,53511.02,0.066227,42293.75,0.062009,45170.57,0.116198,24105.35,0.201467,0.014024,0.012131,0.062009,0.289631,0.035752,17,233161,247891,1927268,1075,0,0,0,2008,0,0,0,0,0,0,0,0,0,0,0,0,0,0,0,0,0,0,0,1356188352472098097,1356188352472098097,1356188352472098097,5559120638770348754,5559120638770348754,5559120638770348754
165,20,2862,8,10,0.222121,12884.84,0.085848,33337.83,0.058479,48940.81,0.054326,52681.55,0.081023,35323.15,0.079932,35805.48,0.132367,21621.65,0.223523,0.015595,0.011717,0.079932,0.330767,0.034673,19,241360,259785,2020504,1234,0,0,0,2292,0,0,0,0,0,0,0,0,0,0,0,0,0,0,0,0,0,0,0,2569691344983634208,2569691344983634208,2569691344983634208,1529427159719637177,1529427159719637177,1529427159719637177
166,20,3007,8,10,0.209254,14370.12,0.081316,36979.34,0.059415,50610.44,0.056222,53484.12,0.074888,40153.41,0.071576,42011.16,0.129456,23227.91,0.212968,0.013493,0.012121,0.071576,0.310158,0.041739,17,240544,264224,2011132,1543,0,0,0,2419,0,0,0,0,0,0,0,0,0,0,0,0,0,0,0,0,0,0,0,14028836361166492618,14028836361166492618,14028836361166492618,7362690773729255683,7362690773729255683,7362690773729255683
167,20,2942,8,10,0.206915,14218.41,0.083258,35335.95,0.074074,39716.98,0.063409,46397.40,0.075145,39150.75,0.071753,41001.97,0.123174,23884.94,0.209420,0.014840,0.013880,0.071753,0.309892,0.036480,16,246323,264443,1976792,1220,0,0,0,2389,0,0,0,0,0,0,0,0,0,0,0,0,0,0,0,0,0,0,0,8041738872829200843,8041738872829200843,8041738872829200843,14032002703899826328,14032002703899826328,14032002703899826328
168,20,3088,8,10,0.194011,15916.62,0.074483,41459.27,0.066024,46770.67,0.061259,50408.79,0.072591,42539.61,0.071015,43483.57,0.122871,25132.13,0.196032,0.014604,0.015366,0.071015,0.297017,0.041277,18,243383,265933,2058272,1690,0,0,0,3089,0,0,0,0,0,0,0,0,0,0,0,0,0,0,0,0,0,0,0,8214442942976128036,8214442942976128036,8214442942976128036,13332908822236748848,13332908822236748848,13332908822236748848
169,20,2909,8,10,0.229083,12698.46,0.110347,26362.30,0.078613,37004.28,0.063964,45478.57,0.099880,29124.82,0.092900,31313.32,0.154508,18827.52,0.231268,0.015628,0.015897,0.092900,0.355693,0.038279,15,247475,263925,1977364,1320,0,0,0,2525,0,0,0,0,0,0,0,0,0,0,0,0,0,0,0,0,0,0,0,10463742646357107070,10463742646357107070,10463742646357107070,4518311883589527530,4518311883589527530,4518311883589527530
170,20,4893,8,10,0.205321,23830.94,0.098619,49615.41,0.076457,63996.83,0.058917,83048.72,0.086994,56245.56,0.070850,69061.84,0.232837,21014.74,0.206797,0.020126,0.022200,0.070850,0.319972,0.081763,12,315774,1414594,2759444,9939,0,0,0,9948,0,0,0,0,0,0,0,0,0,0,0,0,0,0,0,0,0,0,0,14137042304260453134,14137042304260453134,14137042304260453134,10813490858055598105,10813490858055598105,10813490858055598105
171,20,3046,8,10,0.202177,15066.04,0.086936,35037.19,0.082435,36950.47,0.076731,39697.03,0.085679,35551.32,0.087892,34656.00,0.148160,20558.86,0.203256,0.014630,0.011185,0.087892,0.316963,0.036676,20,244612,283007,2096920,2392,0,0,0,4324,0,0,0,0,0,0,0,0,0,0,0,0,0,0,0,0,0,0,0,1771846571084511106,1771846571084511106,1771846571084511106,1436287768711759870,1436287768711759870,1436287768711759870
172,20,2952,8,10,0.216792,13616.73,0.079828,36979.33,0.058676,50309.99,0.057551,51294.01,0.075214,39248.20,0.072903,40492.29,0.127676,23121.03,0.216338,0.016129,0.012850,0.072903,0.318220,0.036851,18,241821,257811,1965536,1263,0,0,0,2330,0,0,0,0,0,0,0,0,0,0,0,0,0,0,0,0,0,0,0,9648100423779221036,9648100423779221036,9648100423779221036,1805147432416855844,1805147432416855844,1805147432416855844
173,20,3129,8,10,0.212867,14699.34,0.085295,36684.61,0.075939,41204.24,0.070844,44167.51,0.080132,39048.15,0.078253,39985.72,0.133678,23406.98,0.214704,0.013959,0.014010,0.078253,0.320925,0.038963,17,245305,267225,2072324,1738,0,0,0,3307,0,0,0,0,0,0,0,0,0,0,0,0,0,0,0,0,0,0,0,7673425460334429154,7673425460334429154,7673425460334429154,10416987259152747834,10416987259152747834,10416987259152747834
174,20,3203,8,10,0.195018,16424.17,0.076040,42122.53,0.071693,44676.32,0.068445,46796.52,0.076177,42046.69,0.074667,42897.32,0.126775,25265.21,0.197147,0.014273,0.017843,0.074667,0.303929,0.045201,16,256758,291108,2121260,2099,0,0,0,3393,0,0,0,0,0,0,0,0,0,0,0,0,0,0,0,0,0,0,0,7435758942819007001,7435758942819007001,7435758942819007001,4067668514448917413,4067668514448917413,4067668514448917413
175,20,2949,8,10,0.228433,12909.69,0.105409,27976.73,0.077249,38175.12,0.074069,39814.24,0.100670,29293.64,0.096505,30558.04,0.156343,18862.32,0.232013,0.019823,0.015407,0.096505,0.363748,0.037266,17,250553,274158,2062516,1799,0,0,0,3258,0,0,0,0,0,0,0,0,0,0,0,0,0,0,0,0,0,0,0,11704426771029044814,11704426771029044814,11704426771029044814,15620588614036721376,15620588614036721376,15620588614036721376
176,20,2681,8,10,0.214173,12517.90,0.090237,29710.79,0.064700,41437.08,0.063787,42030.73,0.088198,30397.48,0.080125,33460.03,0.137653,19476.56,0.216626,0.012094,0.012756,0.080125,0.321601,0.029882,16,224765,240235,1819268,1288,0,0,0,2642,0,0,0,0,0,0,0,0,0,0,0,0,0,0,0,0,0,0,0,14769458514378357304,14769458514378357304,14769458514378357304,5058727323870102653,5058727323870102653,5058727323870102653
177,20,2784,8,10,0.227237,12251.53,0.090879,30634.21,0.057437,48470.24,0.056051,49668.66,0.084060,33119.23,0.081297,34245.00,0.136041,20464.41,0.229352,0.012713,0.012240,0.081297,0.335602,0.032352,17,237198,249453,2002144,1112,0,0,0,2047,0,0,0,0,0,0,0,0,0,0,0,0,0,0,0,0,0,0,0,18295944904236961560,18295944904236961560,18295944904236961560,12156829750222752715,12156829750222752715,12156829750222752715
178,20,3364,8,10,0.209665,16044.62,0.087168,38592.01,0.070426,47766.75,0.065653,51239.27,0.079798,42156.35,0.076957,43713.00,0.146857,22906.60,0.211679,0.015704,0.020717,0.076957,0.325057,0.048023,15,259345,345010,2221008,2606,0,0,0,4031,0,0,0,0,0,0,0,0,0,0,0,0,0,0,0,0,0,0,0,18336688541436681114,18336688541436681114,18336688541436681114,3448318059350566396,3448318059350566396,3448318059350566396
179,20,2951,8,10,0.223038,13230.96,0.085762,34409.33,0.064901,45469.03,0.064684,45621.57,0.073925,39919.09,0.073183,40323.69,0.136025,21694.56,0.222354,0.015665,0.015015,0.073183,0.326216,0.037246,18,243857,264512,2001148,1467,0,0,0,2681,0,0,0,0,0,0,0,0,0,0,0,0,0,0,0,0,0,0,0,13961617067341827724,13961617067341827724,13961617067341827724,10055227965592295012,10055227965592295012,10055227965592295012
180,20,2873,8,10,0.232202,12372.83,0.104476,27499.06,0.068583,41890.69,0.067113,42808.57,0.090545,31730.08,0.088157,32589.40,0.146396,19624.79,0.234207,0.013719,0.013172,0.088157,0.349256,0.035318,17,239027,253282,1966340,1278,0,0,0,2487,0,0,0,0,0,0,0,0,0,0,0,0,0,0,0,0,0,0,0,6149936860170978007,6149936860170978007,6149936860170978007,8275800363162936898,8275800363162936898,8275800363162936898
181,20,2636,8,10,0.212103,12427.95,0.076462,34474.43,0.063279,41656.90,0.059504,44299.20,0.075099,35100.14,0.072588,36314.52,0.124201,21223.66,0.214111,0.014628,0.012212,0.072588,0.313539,0.030506,18,240584,254009,1851856,1113,0,0,0,2516,0,0,0,0,0,0,0,0,0,0,0,0,0,0,0,0,0,0,0,4798779695661178683,4798779695661178683,4798779695661178683,8702464642208260099,8702464642208260099,8702464642208260099
182,20,3196,8,10,0.202219,15804.68,0.077305,41342.53,0.061545,51929.13,0.054021,59162.36,0.073291,43607.01,0.060122,53158.58,0.149136,21430.17,0.203599,0.021710,0.022380,0.060122,0.307810,0.044520,11,289387,419407,2089488,3104,0,0,0,4249,0,0,0,0,0,0,0,0,0,0,0,0,0,0,0,0,0,0,0,14545853518077193132,14545853518077193132,14545853518077193132,6568042224667381506,6568042224667381506,6568042224667381506
183,20,2769,8,10,0.182801,15147.61,0.075612,36621.35,0.059106,46847.75,0.055993,49452.17,0.070787,39117.18,0.066917,41379.86,0.116612,23745.40,0.184513,0.013875,0.012098,0.066917,0.277403,0.032602,16,225329,240944,1809508,1260,0,0,0,2397,0,0,0,0,0,0,0,0,0,0,0,0,0,0,0,0,0,0,0,6291543423171931511,6291543423171931511,6291543423171931511,17432712062076551121,17432712062076551121,17432712062076551121
184,20,2756,8,10,0.207619,13274.30,0.086953,31695.32,0.066515,41434.35,0.065017,42389.00,0.082474,33416.49,0.076931,35824.42,0.128922,21377.25,0.211229,0.014850,0.012749,0.076931,0.315759,0.034309,17,250360,266625,1931760,1368,0,0,0,2785,0,0,0,0,0,0,0,0,0,0,0,0,0,0,0,0,0,0,0,16092275584076948193,16092275584076948193,16092275584076948193,11804636211351486584,11804636211351486584,11804636211351486584
185,20,3334,8,10,0.207154,16094.33,0.078328,42564.66,0.068294,48818.40,0.061606,54118.31,0.074457,44777.32,0.069429,48020.37,0.148829,22401.50,0.208781,0.016559,0.015382,0.069429,0.310151,0.050402,16,278147,392802,2236248,3191,0,0,0,4530,0,0,0,0,0,0,0,0,0,0,0,0,0,0,0,0,0,0,0,10643853971404785989,10643853971404785989,10643853971404785989,14507263079651968265,14507263079651968265,14507263079651968265
186,20,2729,8,10,0.186158,14659.58,0.086809,31436.82,0.058291,46816.98,0.056097,48647.68,0.080743,33798.64,0.075925,35943.46,0.129723,21037.13,0.188592,0.014152,0.013365,0.075925,0.292033,0.034401,15,219114,239204,1781348,1478,0,0,0,2849,0,0,0,0,0,0,0,0,0,0,0,0,0,0,0,0,0,0,0,15760612381555510748,15760612381555510748,15760612381555510748,9838601998961777745,9838601998961777745,9838601998961777745
187,20,2644,8,10,0.186709,14161.04,0.076443,34587.64,0.057303,46140.36,0.055136,47954.28,0.073204,36118.22,0.064674,40882.03,0.119141,22192.26,0.187077,0.013987,0.012551,0.064674,0.278289,0.029081,14,224860,238205,1786416,1181,0,0,0,2426,0,0,0,0,0,0,0,0,0,0,0,0,0,0,0,0,0,0,0,6815844727170956555,6815844727170956555,6815844727170956555,3117987938247983430,3117987938247983430,3117987938247983430
188,20,2918,8,10,0.223982,13027.83,0.104564,27906.47,0.058677,49729.86,0.058985,49470.29,0.101147,28849.04,0.090915,32095.83,0.150666,19367.36,0.227262,0.012091,0.013370,0.090915,0.343638,0.034789,16,237094,255184,1937976,1334,0,0,0,2343,0,0,0,0,0,0,0,0,0,0,0,0,0,0,0,0,0,0,0,1350179737132152380,1350179737132152380,1350179737132152380,16535392812973765396,16535392812973765396,16535392812973765396
189,20,2938,8,10,0.201543,14577.57,0.077806,37760.75,0.065280,45006.11,0.062287,47168.77,0.071978,40818.13,0.069084,42527.93,0.128337,22892.86,0.202985,0.014638,0.012490,0.069084,0.299196,0.036761,17,234245,255110,1969384,1468,0,0,0,2496,0,0,0,0,0,0,0,0,0,0,0,0,0,0,0,0,0,0,0,5766222547053052851,5766222547053052851,5766222547053052851,17423770333627683758,17423770333627683758,17423770333627683758
190,20,2759,8,10,0.216553,12740.54,0.090761,30398.43,0.065131,42360.60,0.062703,44001.15,0.084321,32720.31,0.077729,35495.10,0.139003,19848.51,0.218849,0.014202,0.012815,0.077729,0.323596,0.032199,15,230736,248011,1848444,1391,0,0,0,2891,0,0,0,0,0,0,0,0,0,0,0,0,0,0,0,0,0,0,0,13767952461932846082,13767952461932846082,13767952461932846082,251130395357437027,251130395357437027,251130395357437027
191,20,2759,8,10,0.209994,13138.48,0.079155,34855.85,0.062807,43928.38,0.058504,47159.45,0.076408,36108.65,0.075382,36600.02,0.133659,20642.09,0.212308,0.013687,0.011925,0.075382,0.313302,0.032592,17,235583,252023,1865436,1268,0,0,0,2722,0,0,0,0,0,0,0,0,0,0,0,0,0,0,0,0,0,0,0,9647057050315637662,9647057050315637662,9647057050315637662,2651335249290439262,2651335249290439262,2651335249290439262
192,20,3222,8,10,0.216151,14906.23,0.083914,38396.49,0.069565,46316.19,0.064835,49695.04,0.078856,40859.37,0.075525,42661.53,0.133223,24185.07,0.219285,0.014401,0.016293,0.075525,0.325503,0.044967,16,264177,298747,2131448,1705,0,0,0,3219,0,0,0,0,0,0,0,0,0,0,0,0,0,0,0,0,0,0,0,2589082463387872678,2589082463387872678,2589082463387872678,15260816574194979274,15260816574194979274,15260816574194979274
193,20,3168,8,10,0.222159,14260.05,0.099947,31696.93,0.076282,41529.93,0.066171,47875.77,0.082724,38296.05,0.082437,38429.41,0.147618,21460.86,0.223973,0.015236,0.013435,0.082437,0.335080,0.042004,17,267625,303325,2075360,2033,0,0,0,3641,0,0,0,0,0,0,0,0,0,0,0,0,0,0,0,0,0,0,0,9384857220623245919,9384857220623245919,9384857220623245919,5390141602726680220,5390141602726680220,5390141602726680220
194,20,2858,8,10,0.204612,13967.91,0.076141,37535.62,0.059215,48264.71,0.056421,50654.83,0.068352,41812.91,0.069938,40864.74,0.122950,23245.22,0.206241,0.015005,0.012062,0.069938,0.303246,0.034671,19,254015,270495,1917832,1381,0,0,0,2420,0,0,0,0,0,0,0,0,0,0,0,0,0,0,0,0,0,0,0,10538484996277657778,10538484996277657778,10538484996277657778,5648303742432565630,5648303742432565630,5648303742432565630
195,20,3232,8,10,0.246242,13125.31,0.113528,28468.75,0.073786,43802.62,0.070125,46088.86,0.103940,31094.84,0.088236,36628.88,0.171122,18887.12,0.248699,0.014966,0.014879,0.088236,0.366781,0.042245,16,268248,306578,2149280,2040,0,0,0,3326,0,0,0,0,0,0,0,0,0,0,0,0,0,0,0,0,0,0,0,12793002443359837356,12793002443359837356,12793002443359837356,498519893685306181,498519893685306181,498519893685306181
196,20,3119,8,10,0.240110,12989.88,0.121031,25770.17,0.070219,44418.40,0.068684,45410.59,0.117278,26594.83,0.103477,30141.89,0.173735,17952.59,0.241959,0.014323,0.014885,0.103477,0.374644,0.043958,14,249357,272672,2043612,1673,0,0,0,3033,0,0,0,0,0,0,0,0,0,0,0,0,0,0,0,0,0,0,0,17642781906133406171,17642781906133406171,17642781906133406171,2382697242313087766,2382697242313087766,2382697242313087766
197,20,2912,8,10,0.202139,14405.90,0.076216,38207.20,0.057740,50432.56,0.056182,51831.85,0.071916,40491.74,0.070059,41564.93,0.122391,23792.62,0.204357,0.014648,0.012258,0.070059,0.301321,0.036374,18,243778,258143,1932768,1180,0,0,0,2341,0,0,0,0,0,0,0,0,0,0,0,0,0,0,0,0,0,0,0,15935309324507447887,15935309324507447887,15935309324507447887,12900543340401608559,12900543340401608559,12900543340401608559
198,20,3425,8,10,0.227951,15025.17,0.091708,37346.63,0.067877,50459.24,0.060241,56854.90,0.085890,39876.67,0.077939,43944.36,0.152885,22402.45,0.230177,0.016148,0.015866,0.077939,0.340130,0.047329,16,281603,364703,2186148,2338,0,0,0,3696,0,0,0,0,0,0,0,0,0,0,0,0,0,0,0,0,0,0,0,12746367146890861918,12746367146890861918,12746367146890861918,16867626358800148722,16867626358800148722,16867626358800148722
199,20,3116,8,10,0.216466,14394.89,0.079862,39017.26,0.057486,54204.04,0.055165,56485.26,0.074374,41896.12,0.074424,41867.99,0.134429,23179.46,0.218057,0.015112,0.014622,0.074424,0.322216,0.038575,17,247052,274287,2063376,1618,0,0,0,2577,0,0,0,0,0,0,0,0,0,0,0,0,0,0,0,0,0,0,0,1411143548005252076,1411143548005252076,1411143548005252076,2830838465950569353,2830838465950569353,2830838465950569353
200,20,3434,8,10,0.206352,16641.46,0.083039,41354.29,0.071723,47878.66,0.068174,50371.14,0.076453,44916.63,0.074638,46008.58,0.155893,22027.89,0.207488,0.016487,0.015377,0.074638,0.313991,0.049644,15,270833,377283,2234440,3010,0,0,0,4348,0,0,0,0,0,0,0,0,0,0,0,0,0,0,0,0,0,0,0,5787162826719622339,5787162826719622339,5787162826719622339,12088702904399299179,12088702904399299179,12088702904399299179
201,20,3152,8,10,0.211692,14889.55,0.093548,33693.93,0.084850,37147.85,0.078085,40366.37,0.090960,34652.66,0.085915,36687.33,0.148036,21292.05,0.212056,0.016161,0.018068,0.085915,0.332201,0.040881,15,260226,306166,2199328,2263,0,0,0,4151,0,0,0,0,0,0,0,0,0,0,0,0,0,0,0,0,0,0,0,440822619207285850,440822619207285850,440822619207285850,5032126900177487031,5032126900177487031,5032126900177487031
202,20,3045,8,10,0.217837,13978.34,0.091049,33443.56,0.076416,39847.48,0.070702,43068.00,0.084659,35968.01,0.078507,38786.31,0.134522,22635.73,0.221110,0.012111,0.015023,0.078507,0.326751,0.037825,14,247128,269233,2051220,1492,0,0,0,3001,0,0,0,0,0,0,0,0,0,0,0,0,0,0,0,0,0,0,0,15565364241095081801,15565364241095081801,15565364241095081801,11858356564249517117,11858356564249517117,11858356564249517117
203,20,3307,8,10,0.225074,14692.93,0.100304,32969.70,0.074900,44152.04,0.069802,47377.09,0.090960,36356.76,0.088362,37425.66,0.152363,21704.73,0.228787,0.013180,0.013262,0.088362,0.343591,0.041089,17,256122,285737,2164044,1840,0,0,0,3166,0,0,0,0,0,0,0,0,0,0,0,0,0,0,0,0,0,0,0,11644575319963154479,11644575319963154479,11644575319963154479,4144714783348757355,4144714783348757355,4144714783348757355
204,20,3126,8,10,0.203412,15367.80,0.081692,38265.83,0.066029,47343.03,0.062667,49882.68,0.078498,39822.61,0.069792,44790.02,0.138327,22598.68,0.205736,0.013500,0.014830,0.069792,0.303859,0.038531,15,235548,267703,1991896,1737,0,0,0,2933,0,0,0,0,0,0,0,0,0,0,0,0,0,0,0,0,0,0,0,2705167812610239017,2705167812610239017,2705167812610239017,1666079494060910034,1666079494060910034,1666079494060910034
205,20,3171,8,10,0.248508,12760.17,0.107687,29446.47,0.075339,42089.51,0.070673,44868.93,0.092297,34356.42,0.083646,37909.54,0.181759,17446.20,0.249893,0.014716,0.014815,0.083646,0.363070,0.037818,13,248683,340668,2114380,2390,0,0,0,3425,0,0,0,0,0,0,0,0,0,0,0,0,0,0,0,0,0,0,0,3288900143142066957,3288900143142066957,3288900143142066957,6018794737220064653,6018794737220064653,6018794737220064653
206,20,3165,8,10,0.214880,14729.16,0.095717,33066.08,0.078760,40185.59,0.066306,47733.53,0.088828,35630.49,0.085920,36836.52,0.147124,21512.44,0.217168,0.012451,0.016456,0.085920,0.331996,0.041221,14,254978,298228,2082356,1944,0,0,0,3014,0,0,0,0,0,0,0,0,0,0,0,0,0,0,0,0,0,0,0,9524122732224518102,9524122732224518102,9524122732224518102,9190864617797739654,9190864617797739654,9190864617797739654
207,20,3759,8,10,0.216940,17327.40,0.096727,38862.01,0.074747,50289.96,0.072680,51719.88,0.088140,42647.90,0.081211,46287.10,0.156863,23963.59,0.224092,0.012859,0.019814,0.081211,0.337977,0.058787,13,280425,380790,2396956,3020,0,0,0,4620,0,0,0,0,0,0,0,0,0,0,0,0,0,0,0,0,0,0,0,11715656826733576257,11715656826733576257,11715656826733576257,14673655729741409456,14673655729741409456,14673655729741409456
208,20,2973,8,10,0.211476,14058.34,0.085517,34764.86,0.070491,42175.64,0.064082,46393.79,0.080818,36786.45,0.073682,40348.98,0.144653,20552.69,0.213883,0.012897,0.015282,0.073682,0.315743,0.038126,14,242056,308896,2003860,2185,0,0,0,3425,0,0,0,0,0,0,0,0,0,0,0,0,0,0,0,0,0,0,0,10508927861167949168,10508927861167949168,10508927861167949168,16980870824388704997,16980870824388704997,16980870824388704997
209,20,2828,8,10,0.203201,13917.27,0.080090,35310.18,0.068173,41482.90,0.067271,42038.92,0.078101,36209.33,0.074698,37859.23,0.137327,20593.12,0.205657,0.012476,0.015074,0.074698,0.307905,0.036608,14,233321,281626,1927952,2031,0,0,0,3525,0,0,0,0,0,0,0,0,0,0,0,0,0,0,0,0,0,0,0,12974817211095,12974817211095,12974817211095,3773096051454216624,3773096051454216624,3773096051454216624
210,20,2626,8,10,0.269505,9743.77,0.135433,19389.66,0.075313,34867.99,0.063395,41422.67,0.111808,23486.64,0.103900,25274.40,0.190915,13754.84,0.272094,0.013157,0.013087,0.103900,0.402238,0.029413,15,234285,247245,1845352,1249,0,0,0,2479,0,0,0,0,0,0,0,0,0,0,0,0,0,0,0,0,0,0,0,16854287638320783315,16854287638320783315,16854287638320783315,4182061282012245748,4182061282012245748,4182061282012245748
211,20,3064,8,10,0.216093,14179.06,0.084625,36206.96,0.066322,46199.04,0.064362,47605.66,0.077969,39297.77,0.077761,39402.84,0.137983,22205.59,0.220316,0.013433,0.013606,0.077761,0.325116,0.038706,19,243744,266514,2052032,1661,0,0,0,2956,0,0,0,0,0,0,0,0,0,0,0,0,0,0,0,0,0,0,0,10365718911515732109,10365718911515732109,10365718911515732109,3263141453991257431,3263141453991257431,3263141453991257431
212,20,2902,8,10,0.230771,12575.22,0.092705,31303.68,0.071956,40330.05,0.070172,41355.34,0.089578,32396.42,0.080138,36212.64,0.149349,19430.96,0.229861,0.013749,0.013273,0.080138,0.337020,0.035415,16,236669,256869,1918200,1622,0,0,0,2900,0,0,0,0,0,0,0,0,0,0,0,0,0,0,0,0,0,0,0,6186782865966219105,6186782865966219105,6186782865966219105,15412481354205208426,15412481354205208426,15412481354205208426
213,20,2864,8,10,0.231515,12370.67,0.098749,29002.77,0.061107,46868.50,0.057796,49553.55,0.087691,32660.28,0.082419,34749.14,0.139342,20553.72,0.234365,0.013811,0.013891,0.082419,0.344486,0.039420,16,234254,254749,1970048,1274,0,0,0,2369,0,0,0,0,0,0,0,0,0,0,0,0,0,0,0,0,0,0,0,9162742218823275921,9162742218823275921,9162742218823275921,1721702076118164177,1721702076118164177,1721702076118164177
214,20,2923,8,10,0.225176,12980.96,0.087450,33424.92,0.073696,39662.95,0.070794,41288.69,0.085010,34384.34,0.080991,36090.40,0.142187,20557.51,0.224649,0.014039,0.015573,0.080991,0.335252,0.035004,16,243992,274462,2099052,1775,0,0,0,3270,0,0,0,0,0,0,0,0,0,0,0,0,0,0,0,0,0,0,0,1745812422472858821,1745812422472858821,1745812422472858821,5992431317935276011,5992431317935276011,5992431317935276011
215,20,3160,8,10,0.229362,13777.38,0.102466,30839.49,0.079148,39925.39,0.073678,42889.29,0.091031,34713.39,0.082718,38202.05,0.154072,20509.92,0.231553,0.016148,0.014389,0.082718,0.344809,0.044204,15,252404,300844,2112096,2442,0,0,0,3725,0,0,0,0,0,0,0,0,0,0,0,0,0,0,0,0,0,0,0,16182202589226435129,16182202589226435129,16182202589226435129,11922639553191393074,11922639553191393074,11922639553191393074
216,20,2898,8,10,0.252074,11496.61,0.127649,22702.85,0.109809,26391.24,0.089523,32371.46,0.104097,27839.49,0.098868,29311.95,0.170683,16978.89,0.254562,0.014623,0.013141,0.098868,0.381194,0.034742,17,245081,268216,1997256,1711,0,0,0,3624,0,0,0,0,0,0,0,0,0,0,0,0,0,0,0,0,0,0,0,639685674722409816,639685674722409816,639685674722409816,16989984230002164839,16989984230002164839,16989984230002164839
217,20,2768,8,10,0.234737,11791.92,0.097945,28260.71,0.066690,41505.53,0.065229,42435.19,0.088587,31246.01,0.083824,33021.76,0.146773,18859.05,0.237342,0.013583,0.013359,0.083824,0.348107,0.033007,17,236172,252242,1954752,1356,0,0,0,2615,0,0,0,0,0,0,0,0,0,0,0,0,0,0,0,0,0,0,0,12584414242774871908,12584414242774871908,12584414242774871908,8305442799333063224,8305442799333063224,8305442799333063224
218,20,2865,8,10,0.244538,11715.99,0.103202,27761.15,0.072058,39759.48,0.069881,40998.45,0.086400,33159.61,0.081720,35058.85,0.153263,18693.37,0.245917,0.013935,0.014963,0.081720,0.356536,0.035300,16,247997,267552,2005348,1581,0,0,0,3027,0,0,0,0,0,0,0,0,0,0,0,0,0,0,0,0,0,0,0,1502649281062367842,1502649281062367842,1502649281062367842,7554743692381933841,7554743692381933841,7554743692381933841
219,20,2844,8,10,0.240762,11812.47,0.101481,28025.05,0.077175,36851.39,0.073923,38472.65,0.092619,30706.53,0.089036,31942.25,0.159813,17795.77,0.243625,0.014306,0.013611,0.089036,0.360578,0.040493,17,254620,276625,2059472,1603,0,0,0,3218,0,0,0,0,0,0,0,0,0,0,0,0,0,0,0,0,0,0,0,7750545287534217348,7750545287534217348,7750545287534217348,938274535836551570,938274535836551570,938274535836551570
220,20,3171,8,10,0.231813,13679.10,0.096487,32864.61,0.084003,37748.77,0.078000,40653.70,0.089341,35493.14,0.087151,36384.98,0.173074,18321.67,0.233801,0.015797,0.015523,0.087151,0.352273,0.044618,17,287693,380818,2261516,2776,0,0,0,4659,0,0,0,0,0,0,0,0,0,0,0,0,0,0,0,0,0,0,0,16219856727320779445,16219856727320779445,16219856727320779445,8498489498260987395,8498489498260987395,8498489498260987395
221,20,2983,8,10,0.199735,14934.78,0.086471,34496.94,0.073961,40331.89,0.066775,44672.27,0.081105,36779.32,0.076552,38967.10,0.147366,20242.18,0.201248,0.015219,0.013760,0.076552,0.306778,0.038085,17,257564,326094,2070076,2508,0,0,0,3937,0,0,0,0,0,0,0,0,0,0,0,0,0,0,0,0,0,0,0,4853254180718693196,4853254180718693196,4853254180718693196,9550045582040931735,9550045582040931735,9550045582040931735
222,20,3169,8,10,0.218607,14496.32,0.094239,33627.31,0.081239,39008.43,0.077861,40700.61,0.086762,36525.17,0.082715,38312.35,0.151083,20975.26,0.220167,0.014942,0.018536,0.082715,0.336360,0.043425,16,257145,318335,2092292,2425,0,0,0,4704,0,0,0,0,0,0,0,0,0,0,0,0,0,0,0,0,0,0,0,16520218687067697990,16520218687067697990,16520218687067697990,9360928001886541856,9360928001886541856,9360928001886541856
223,20,2918,8,10,0.207105,14089.49,0.092438,31567.23,0.085291,34212.32,0.080818,36105.99,0.089569,32578.31,0.087127,33491.30,0.141661,20598.41,0.209503,0.015274,0.014003,0.087127,0.325907,0.036205,19,248652,275242,2060472,1928,0,0,0,3946,0,0,0,0,0,0,0,0,0,0,0,0,0,0,0,0,0,0,0,3677106649860234341,3677106649860234341,3677106649860234341,2436244085440056429,2436244085440056429,2436244085440056429
224,20,2962,8,10,0.229822,12888.23,0.094131,31466.74,0.086866,34098.42,0.080532,36780.30,0.092013,32191.23,0.092764,31930.48,0.153228,19330.62,0.230635,0.015813,0.016091,0.092764,0.355303,0.038870,18,262780,292865,2116488,1950,0,0,0,3876,0,0,0,0,0,0,0,0,0,0,0,0,0,0,0,0,0,0,0,5292790292003349423,5292790292003349423,5292790292003349423,10704238051864837095,10704238051864837095,10704238051864837095
225,20,2970,8,10,0.242399,12252.53,0.106280,27945.11,0.086004,34533.39,0.081292,36535.06,0.102843,28878.95,0.098539,30140.47,0.168442,17632.17,0.243639,0.014973,0.012850,0.098539,0.370000,0.038970,18,260713,293103,2091880,2221,0,0,0,4336,0,0,0,0,0,0,0,0,0,0,0,0,0,0,0,0,0,0,0,16913016318366721563,16913016318366721563,16913016318366721563,5910971064253844302,5910971064253844302,5910971064253844302
226,20,2908,8,10,0.212009,13716.37,0.106272,27363.79,0.101292,28709.20,0.094081,30909.61,0.100845,28836.36,0.101599,28622.27,0.154713,18796.08,0.212096,0.015652,0.011745,0.101599,0.341092,0.035350,20,255660,301525,2070736,2510,0,0,0,4670,0,0,0,0,0,0,0,0,0,0,0,0,0,0,0,0,0,0,0,17491677285750312176,17491677285750312176,17491677285750312176,5407437633380107591,5407437633380107591,5407437633380107591
227,20,2836,8,10,0.236425,11995.35,0.109725,25846.41,0.088375,32090.53,0.082897,34211.06,0.102419,27690.13,0.098360,28833.00,0.166848,16997.56,0.239686,0.013465,0.011678,0.098360,0.363189,0.034540,19,250580,285580,2066448,2294,0,0,0,4377,0,0,0,0,0,0,0,0,0,0,0,0,0,0,0,0,0,0,0,11054880421201836039,11054880421201836039,11054880421201836039,5792179849998620088,5792179849998620088,5792179849998620088
228,20,2878,8,10,0.222950,12908.70,0.099893,28810.90,0.090647,31749.55,0.084968,33871.60,0.094901,30326.43,0.095846,30027.44,0.155461,18512.67,0.224945,0.014033,0.010982,0.095846,0.345806,0.037305,20,246043,273393,2021304,2092,0,0,0,4027,0,0,0,0,0,0,0,0,0,0,0,0,0,0,0,0,0,0,0,6245115788061168981,6245115788061168981,6245115788061168981,6876997345615378527,6876997345615378527,6876997345615378527
229,20,3425,8,10,0.202330,16927.79,0.103675,33035.99,0.087744,39034.19,0.078004,43908.04,0.104169,32879.21,0.084472,40546.00,0.190578,17971.68,0.205372,0.017031,0.019059,0.084472,0.325934,0.048255,13,297664,573744,2290244,5534,0,0,0,8090,0,0,0,0,0,0,0,0,0,0,0,0,0,0,0,0,0,0,0,16706102334297571398,16706102334297571398,16706102334297571398,7863548471755312039,7863548471755312039,7863548471755312039
230,20,3432,8,10,0.236583,14506.56,0.086502,39675.46,0.064158,53493.14,0.059840,57352.62,0.080945,42399.24,0.077971,44016.59,0.148767,23069.61,0.238883,0.015692,0.014996,0.077971,0.347541,0.049925,16,261115,313965,2255680,2380,0,0,0,3454,0,0,0,0,0,0,0,0,0,0,0,0,0,0,0,0,0,0,0,10110332000028687622,10110332000028687622,10110332000028687622,17110179640041126248,17110179640041126248,17110179640041126248
231,20,2857,8,10,0.223141,12803.54,0.110618,25827.69,0.082161,34773.03,0.080092,35671.46,0.090087,31713.75,0.089608,31883.25,0.140590,20321.49,0.225560,0.013264,0.019027,0.089608,0.347460,0.036675,17,239037,258582,1999940,1506,0,0,0,3288,0,0,0,0,0,0,0,0,0,0,0,0,0,0,0,0,0,0,0,17606902225607385297,17606902225607385297,17606902225607385297,3552244643127263846,3552244643127263846,3552244643127263846
232,20,2772,8,10,0.230614,12020.07,0.097071,28556.56,0.074077,37420.76,0.069598,39828.87,0.088717,31245.33,0.082648,33539.86,0.148668,18645.62,0.232816,0.015841,0.013507,0.082648,0.344812,0.032520,16,237824,255474,1979504,1364,0,0,0,3180,0,0,0,0,0,0,0,0,0,0,0,0,0,0,0,0,0,0,0,8220981813957256264,8220981813957256264,8220981813957256264,15483661809636390858,15483661809636390858,15483661809636390858
233,20,3139,8,10,0.220505,14235.51,0.114346,27451.74,0.106946,29351.25,0.101870,30813.72,0.107234,29272.44,0.106504,29473.11,0.172669,18179.27,0.218413,0.021428,0.017152,0.106504,0.363497,0.043516,19,269656,349421,2314892,3338,0,0,0,5769,0,0,0,0,0,0,0,0,0,0,0,0,0,0,0,0,0,0,0,13028309072336781759,13028309072336781759,13028309072336781759,8557867107304335372,8557867107304335372,8557867107304335372
234,20,2649,8,10,0.208860,12683.16,0.087476,30282.58,0.077349,34247.37,0.073252,36162.95,0.081389,32547.49,0.083282,31807.70,0.142998,18524.78,0.210899,0.012120,0.010748,0.083282,0.317049,0.030306,20,219288,242138,1795652,1723,0,0,0,3284,0,0,0,0,0,0,0,0,0,0,0,0,0,0,0,0,0,0,0,7244344763938424447,7244344763938424447,7244344763938424447,8714489429232744309,8714489429232744309,8714489429232744309
235,20,3047,8,10,0.228582,13330.00,0.100293,30381.13,0.074396,40956.30,0.070603,43156.74,0.097360,31296.11,0.086399,35266.61,0.162185,18787.16,0.231571,0.013498,0.014597,0.086399,0.346065,0.040239,16,246661,285121,2039996,2247,0,0,0,3474,0,0,0,0,0,0,0,0,0,0,0,0,0,0,0,0,0,0,0,10137732142553579231,10137732142553579231,10137732142553579231,12613796489297437433,12613796489297437433,12613796489297437433
236,20,2824,8,10,0.209196,13499.33,0.092275,30604.24,0.081229,34765.91,0.079100,35701.70,0.086346,32705.74,0.085826,32903.74,0.142694,19790.66,0.210860,0.013526,0.012048,0.085826,0.322260,0.034094,19,244668,276948,1956800,2007,0,0,0,3844,0,0,0,0,0,0,0,0,0,0,0,0,0,0,0,0,0,0,0,10176998331737894864,10176998331737894864,10176998331737894864,2071858929337857651,2071858929337857651,2071858929337857651
237,20,2893,8,10,0.232548,12440.42,0.098043,29507.48,0.072587,39855.68,0.067365,42945.41,0.092675,31216.76,0.080166,36087.52,0.154679,18703.25,0.233933,0.013676,0.014304,0.080166,0.342079,0.035639,15,242252,301677,1996852,2198,0,0,0,3335,0,0,0,0,0,0,0,0,0,0,0,0,0,0,0,0,0,0,0,9512153250406091161,9512153250406091161,9512153250406091161,13777414509812512919,13777414509812512919,13777414509812512919
238,20,2770,8,10,0.215356,12862.44,0.088123,31433.50,0.078838,35135.13,0.072514,38199.65,0.083187,33298.41,0.082496,33577.33,0.144141,19217.26,0.216415,0.013615,0.011945,0.082496,0.324472,0.037263,18,238396,262371,1936936,1799,0,0,0,3447,0,0,0,0,0,0,0,0,0,0,0,0,0,0,0,0,0,0,0,11533035798737255663,11533035798737255663,11533035798737255663,3310797371478108330,3310797371478108330,3310797371478108330
239,20,2883,8,10,0.207631,13885.18,0.086339,33391.70,0.077697,37105.56,0.074200,38854.46,0.086281,33414.05,0.081885,35208.08,0.135873,21218.32,0.210000,0.015001,0.017569,0.081885,0.324455,0.037881,18,257390,288745,2043884,1893,0,0,0,3509,0,0,0,0,0,0,0,0,0,0,0,0,0,0,0,0,0,0,0,17124282861132998527,17124282861132998527,17124282861132998527,9498731500590422341,9498731500590422341,9498731500590422341
240,20,2572,8,10,0.196558,13085.18,0.086803,29630.16,0.069922,36783.63,0.066620,38606.74,0.077742,33083.99,0.073607,34942.43,0.133388,19282.15,0.197177,0.014085,0.012678,0.073607,0.297547,0.030597,17,233019,252024,1834896,1450,0,0,0,2712,0,0,0,0,0,0,0,0,0,0,0,0,0,0,0,0,0,0,0,7202628932873430849,7202628932873430849,7202628932873430849,4812466976830165697,4812466976830165697,4812466976830165697
241,20,2801,8,10,0.236346,11851.25,0.098981,28298.29,0.080067,34983.36,0.069170,40494.48,0.098393,28467.34,0.088712,31573.99,0.163570,17124.20,0.240725,0.011374,0.013359,0.088712,0.354170,0.035608,16,241084,282744,1918020,1894,0,0,0,3380,0,0,0,0,0,0,0,0,0,0,0,0,0,0,0,0,0,0,0,157335951839524453,157335951839524453,157335951839524453,15321410838481272430,15321410838481272430,15321410838481272430
242,20,2851,8,10,0.221307,12882.58,0.089760,31762.42,0.071239,40019.97,0.068671,41516.73,0.087868,32446.24,0.078756,36200.33,0.138917,20523.08,0.223326,0.013102,0.016197,0.078756,0.331382,0.036833,15,249625,270500,2034476,1661,0,0,0,3248,0,0,0,0,0,0,0,0,0,0,0,0,0,0,0,0,0,0,0,12348140297068218244,12348140297068218244,12348140297068218244,17729387322816393959,17729387322816393959,17729387322816393959
243,20,2747,8,10,0.228924,11999.62,0.112647,24385.88,0.073925,37159.41,0.069602,39467.10,0.107082,25653.30,0.096208,28552.76,0.160815,17081.71,0.228794,0.013060,0.013914,0.096208,0.351976,0.035361,15,241738,270968,1937324,1889,0,0,0,3195,0,0,0,0,0,0,0,0,0,0,0,0,0,0,0,0,0,0,0,10641995417918549375,10641995417918549375,10641995417918549375,8930346196288913039,8930346196288913039,8930346196288913039
244,20,2777,8,10,0.247007,11242.58,0.100021,27764.08,0.079140,35089.82,0.075714,36677.37,0.091847,30235.21,0.092446,30039.27,0.157732,17605.79,0.242216,0.013700,0.012225,0.092446,0.360587,0.038763,18,251659,278354,2035364,1787,0,0,0,3426,0,0,0,0,0,0,0,0,0,0,0,0,0,0,0,0,0,0,0,2809277873164401224,2809277873164401224,2809277873164401224,10801459765302084769,10801459765302084769,10801459765302084769
245,20,2990,8,10,0.239686,12474.65,0.104813,28527.00,0.070343,42505.77,0.064854,46103.65,0.099574,30027.89,0.090555,33018.66,0.167658,17833.93,0.241564,0.014846,0.014702,0.090555,0.361667,0.039457,14,248799,303699,2020280,2119,0,0,0,3801,0,0,0,0,0,0,0,0,0,0,0,0,0,0,0,0,0,0,0,17822172895348929459,17822172895348929459,17822172895348929459,13032998308442380624,13032998308442380624,13032998308442380624
246,20,2809,8,10,0.249027,11279.88,0.106810,26299.11,0.068461,41030.52,0.064717,43404.16,0.098294,28577.56,0.088991,31564.85,0.161454,17398.20,0.250712,0.014041,0.015097,0.088991,0.368841,0.033209,14,239807,262337,1994948,1569,0,0,0,2883,0,0,0,0,0,0,0,0,0,0,0,0,0,0,0,0,0,0,0,5342635422387888276,5342635422387888276,5342635422387888276,5032847204849295508,5032847204849295508,5032847204849295508
247,20,3083,8,10,0.240746,12806.02,0.088519,34828.56,0.059611,51718.44,0.057287,53816.60,0.077574,39742.94,0.078054,39498.10,0.142489,21636.71,0.241159,0.015627,0.012652,0.078054,0.347492,0.040470,19,251107,290932,2042924,1596,0,0,0,2176,0,0,0,0,0,0,0,0,0,0,0,0,0,0,0,0,0,0,0,12483278699283703056,12483278699283703056,12483278699283703056,15846979225918007155,15846979225918007155,15846979225918007155
248,20,2977,8,10,0.228167,13047.44,0.107722,27636.05,0.082039,36287.84,0.076936,38694.47,0.102108,29155.39,0.085467,34832.14,0.160920,18499.91,0.231380,0.015102,0.014858,0.085467,0.346808,0.039353,15,257145,286745,2087524,1793,0,0,0,2938,0,0,0,0,0,0,0,0,0,0,0,0,0,0,0,0,0,0,0,5133729937494093316,5133729937494093316,5133729937494093316,8472888432707997204,8472888432707997204,8472888432707997204
249,20,2665,8,10,0.280089,9514.82,0.155178,17173.78,0.096915,27498.37,0.091245,29207.16,0.147865,18023.17,0.117819,22619.40,0.214775,12408.34,0.281357,0.012791,0.014517,0.117819,0.426485,0.032335,13,240035,276395,1852772,1678,0,0,0,2923,0,0,0,0,0,0,0,0,0,0,0,0,0,0,0,0,0,0,0,11997409718892207276,11997409718892207276,11997409718892207276,3427983271374933629,3427983271374933629,3427983271374933629
250,20,2850,8,10,0.433803,6569.81,0.327475,8702.95,0.253258,11253.35,0.247216,11528.37,0.321735,8858.23,0.310757,9171.14,0.390764,7293.40,0.435870,0.013397,0.014154,0.310757,0.774178,0.034198,16,239075,308500,1972264,3555,0,0,0,5280,0,0,0,0,0,0,0,0,0,0,0,0,0,0,0,0,0,0,0,6650013560783273960,6650013560783273960,6650013560783273960,5118070017309884107,5118070017309884107,5118070017309884107
251,20,2835,8,10,0.369789,7666.53,0.283348,10005.37,0.220191,12875.19,0.195207,14523.07,0.281397,10074.75,0.270879,10465.91,0.337397,8402.56,0.371324,0.014337,0.012295,0.270879,0.668835,0.032136,17,229716,305501,1896236,3463,0,0,0,5552,0,0,0,0,0,0,0,0,0,0,0,0,0,0,0,0,0,0,0,1117555639305783417,1117555639305783417,1117555639305783417,16054729793661351680,16054729793661351680,16054729793661351680
252,20,3099,8,10,0.399505,7757.11,0.283055,10948.40,0.127805,24247.94,0.127745,24259.24,0.274875,11274.22,0.229415,13508.27,0.349506,8866.81,0.400046,0.014015,0.019091,0.229415,0.662567,0.036562,11,234432,283547,2009868,2998,0,0,0,4140,0,0,0,0,0,0,0,0,0,0,0,0,0,0,0,0,0,0,0,6970705997758198341,6970705997758198341,6970705997758198341,9905377579744510466,9905377579744510466,9905377579744510466
253,20,2672,8,10,0.413029,6469.28,0.286257,9334.27,0.225592,11844.38,0.209637,12745.84,0.282058,9473.24,0.214701,12445.24,0.351149,7609.30,0.414455,0.011772,0.020470,0.214701,0.661398,0.028724,5,209624,240319,1784288,1774,0,0,0,2917,0,0,0,0,0,0,0,0,0,0,0,0,0,0,0,0,0,0,0,7775007525034447218,7775007525034447218,7775007525034447218,7570293680536824481,7570293680536824481,7570293680536824481
254,20,3179,8,10,0.436063,7290.22,0.314850,10096.87,0.233000,13643.76,0.234198,13573.96,0.311827,10194.74,0.303132,10487.19,0.378071,8408.47,0.434647,0.015942,0.015726,0.303132,0.769447,0.042246,15,256306,303691,2114924,2568,0,0,0,3510,0,0,0,0,0,0,0,0,0,0,0,0,0,0,0,0,0,0,0,7490411638604265469,7490411638604265469,7490411638604265469,18379355572033502474,18379355572033502474,18379355572033502474
255,20,2748,8,10,0.485806,5656.58,0.332498,8264.71,0.266525,10310.47,0.252414,10886.89,0.319718,8595.08,0.268347,10240.48,0.395955,6940.19,0.468955,0.016025,0.025209,0.268347,0.778536,0.031095,7,224863,255933,1827024,2195,0,0,0,3176,0,0,0,0,0,0,0,0,0,0,0,0,0,0,0,0,0,0,0,10955631836837783092,10955631836837783092,10955631836837783092,5466022505878279912,5466022505878279912,5466022505878279912
256,20,2929,8,10,0.283232,10341.35,0.171146,17114.06,0.113129,25890.87,0.105559,27747.42,0.165835,17662.10,0.149534,19587.57,0.236279,12396.38,0.284270,0.014913,0.016682,0.149534,0.465398,0.035538,14,252089,324849,2077572,3363,0,0,0,5741,0,0,0,0,0,0,0,0,0,0,0,0,0,0,0,0,0,0,0,4344159884180830977,4344159884180830977,4344159884180830977,10922807543512590148,10922807543512590148,10922807543512590148
257,20,3030,8,10,0.303378,9987.54,0.203644,14878.92,0.136386,22216.39,0.126724,23910.17,0.195277,15516.44,0.169797,17844.89,0.273667,11071.84,0.306729,0.012750,0.015387,0.169797,0.504662,0.037605,14,236615,454635,2077400,2369,0,0,0,3851,0,0,0,0,0,0,0,0,0,0,0,0,0,0,0,0,0,0,0,2160357454749899532,2160357454749899532,2160357454749899532,2752885754497420692,2752885754497420692,2752885754497420692
258,20,3104,8,10,0.369784,8394.08,0.263999,11757.61,0.186916,16606.37,0.187144,16586.15,0.261840,11854.59,0.221308,14025.68,0.323621,9591.45,0.371749,0.014766,0.022904,0.221308,0.630727,0.039578,9,253530,336060,2131936,2697,0,0,0,2954,0,0,0,0,0,0,0,0,0,0,0,0,0,0,0,0,0,0,0,9167184252807672924,9167184252807672924,9167184252807672924,7929889986670362882,7929889986670362882,7929889986670362882
259,20,2894,8,10,0.425693,6798.33,0.314291,9208.02,0.245873,11770.32,0.245127,11806.13,0.304826,9493.95,0.289934,9981.57,0.363241,7967.16,0.424044,0.015266,0.016334,0.289934,0.745579,0.032854,13,229924,262559,1967704,2057,0,0,0,3609,0,0,0,0,0,0,0,0,0,0,0,0,0,0,0,0,0,0,0,14778875483846570992,14778875483846570992,14778875483846570992,8800514650132712117,8800514650132712117,8800514650132712117
260,20,2896,8,10,0.468289,6184.21,0.365434,7924.81,0.301999,9589.43,0.301539,9604.05,0.355868,8137.84,0.311050,9310.39,0.408423,7090.69,0.470887,0.011623,0.020144,0.311050,0.813705,0.032681,7,225413,254858,1962400,1924,0,0,0,2891,0,0,0,0,0,0,0,0,0,0,0,0,0,0,0,0,0,0,0,12593374035096448627,12593374035096448627,12593374035096448627,8083557238880019408,8083557238880019408,8083557238880019408
261,20,2779,8,10,0.561147,4952.35,0.415097,6694.82,0.312705,8886.97,0.309563,8977.17,0.395293,7030.22,0.310170,8959.59,0.492768,5639.57,0.556779,0.015216,0.022590,0.310170,0.904755,0.032791,5,223235,382510,1825196,2782,0,0,0,1567,0,0,0,0,0,0,0,0,0,0,0,0,0,0,0,0,0,0,0,13025638022033762079,13025638022033762079,13025638022033762079,7609163944166880575,7609163944166880575,7609163944166880575
262,20,2832,8,10,0.427165,6629.75,0.324876,8717.18,0.249608,11345.78,0.239496,11824.84,0.313951,9020.53,0.254123,11144.19,0.401384,7055.59,0.426555,0.016229,0.020236,0.254123,0.717143,0.032800,7,234325,409245,1989600,4037,0,0,0,5455,0,0,0,0,0,0,0,0,0,0,0,0,0,0,0,0,0,0,0,8606683745196546941,8606683745196546941,8606683745196546941,13210402026664018027,13210402026664018027,13210402026664018027
263,20,2646,8,10,0.384857,6875.28,0.292326,9051.53,0.192073,13776.02,0.191007,13852.91,0.282906,9352.94,0.269051,9834.55,0.345672,7654.66,0.384531,0.013563,0.014791,0.269051,0.681936,0.029437,15,224543,273053,1894136,2843,0,0,0,4773,0,0,0,0,0,0,0,0,0,0,0,0,0,0,0,0,0,0,0,7859007060938731817,7859007060938731817,7859007060938731817,2937096649898346609,2937096649898346609,2937096649898346609
264,20,2591,8,10,0.372289,6959.65,0.281013,9220.21,0.196610,13178.40,0.192359,13469.63,0.272832,9496.67,0.266463,9723.66,0.337319,7681.16,0.374120,0.013185,0.013131,0.266463,0.666899,0.027591,16,228264,271084,1883708,2766,0,0,0,4298,0,0,0,0,0,0,0,0,0,0,0,0,0,0,0,0,0,0,0,17063067568705691073,17063067568705691073,17063067568705691073,12265805064104699519,12265805064104699519,12265805064104699519
265,20,2619,8,10,0.474310,5521.70,0.378222,6924.50,0.303399,8632.20,0.303859,8619.12,0.370624,7066.46,0.343661,7620.89,0.439275,5962.09,0.481197,0.009575,0.014529,0.343661,0.848962,0.028433,13,220094,266289,2003756,2668,0,0,0,3972,0,0,0,0,0,0,0,0,0,0,0,0,0,0,0,0,0,0,0,2909494043507457350,2909494043507457350,2909494043507457350,9293084869970399700,9293084869970399700,9293084869970399700
266,20,2517,8,10,0.438161,5744.46,0.347230,7248.81,0.251615,10003.38,0.250422,10051.05,0.336554,7478.74,0.310453,8107.51,0.393666,6393.75,0.441356,0.010677,0.015643,0.310453,0.778129,0.026389,12,216670,250600,1807476,2388,0,0,0,2368,0,0,0,0,0,0,0,0,0,0,0,0,0,0,0,0,0,0,0,13121877409164193377,13121877409164193377,13121877409164193377,2374036287880058908,2374036287880058908,2374036287880058908
267,20,2858,8,10,0.610691,4679.94,0.490798,5823.18,0.373650,7648.88,0.370408,7715.81,0.489120,5843.15,0.374551,7630.47,0.554148,5157.46,0.611463,0.011853,0.024363,0.374551,1.022230,0.035011,5,221615,257805,1856424,2347,0,0,0,1657,0,0,0,0,0,0,0,0,0,0,0,0,0,0,0,0,0,0,0,6286759918165072035,6286759918165072035,6286759918165072035,952799793791194659,952799793791194659,952799793791194659
268,20,2786,8,10,0.551075,5055.57,0.408007,6828.31,0.318263,8753.76,0.316622,8799.14,0.399895,6966.83,0.316554,8801.02,0.487996,5709.06,0.555954,0.008034,0.021965,0.316554,0.902508,0.031136,5,220236,278391,1853320,2659,0,0,0,2526,0,0,0,0,0,0,0,0,0,0,0,0,0,0,0,0,0,0,0,5652350059680050737,5652350059680050737,5652350059680050737,12387511186237393975,12387511186237393975,12387511186237393975
269,20,2559,8,10,0.501275,5104.98,0.394097,6493.33,0.314640,8133.11,0.309468,8269.03,0.386148,6626.99,0.352217,7265.41,0.463497,5521.08,0.500379,0.013508,0.016142,0.352217,0.882246,0.027832,11,219713,262868,1801660,2633,0,0,0,2200,0,0,0,0,0,0,0,0,0,0,0,0,0,0,0,0,0,0,0,4445459231053856082,4445459231053856082,4445459231053856082,5057632067274044528,5057632067274044528,5057632067274044528
270,20,2501,8,10,0.481792,5191.04,0.355659,7032.01,0.250327,9990.91,0.248654,10058.14,0.346756,7212.57,0.254006,9846.23,0.421147,5938.54,0.483270,0.011173,0.022247,0.254006,0.770696,0.025465,4,207199,240084,1732276,2239,0,0,0,3232,0,0,0,0,0,0,0,0,0,0,0,0,0,0,0,0,0,0,0,13970131251361620938,13970131251361620938,13970131251361620938,6555432204699103788,6555432204699103788,6555432204699103788
271,20,2301,8,10,0.419293,5487.81,0.320107,7188.22,0.255688,8999.25,0.250373,9190.27,0.318655,7220.99,0.296911,7749.80,0.371956,6186.22,0.411028,0.013978,0.013823,0.296911,0.735739,0.022135,13,200146,229251,1632404,1922,0,0,0,3172,0,0,0,0,0,0,0,0,0,0,0,0,0,0,0,0,0,0,0,13238821421739533098,13238821421739533098,13238821421739533098,1847561874838008235,1847561874838008235,1847561874838008235
272,20,2606,8,10,0.355707,7326.25,0.242587,10742.52,0.145851,17867.57,0.130520,19966.36,0.238147,10942.83,0.226765,11492.08,0.322475,8081.25,0.355496,0.014138,0.014805,0.226765,0.611203,0.029718,16,224036,275176,1829624,2677,0,0,0,4620,0,0,0,0,0,0,0,0,0,0,0,0,0,0,0,0,0,0,0,18153204300221933437,18153204300221933437,18153204300221933437,1249228659518122090,1249228659518122090,1249228659518122090
273,20,2622,8,10,0.371547,7056.98,0.280847,9336.04,0.177648,14759.53,0.167938,15612.92,0.264308,9920.24,0.241641,10850.81,0.339971,7712.42,0.376215,0.010501,0.016354,0.241641,0.644711,0.028168,15,221860,283625,1898328,3207,0,0,0,5442,0,0,0,0,0,0,0,0,0,0,0,0,0,0,0,0,0,0,0,16556357429622799542,16556357429622799542,16556357429622799542,4202767994365942335,4202767994365942335,4202767994365942335
274,20,3272,8,10,0.293324,11154.89,0.192393,17006.89,0.127019,25759.99,0.111880,29245.60,0.176788,18508.00,0.151726,21565.24,0.249629,13107.46,0.295112,0.023038,0.015651,0.151726,0.485526,0.041946,17,255840,333450,2177920,3849,0,0,0,5930,0,0,0,0,0,0,0,0,0,0,0,0,0,0,0,0,0,0,0,3071052704561639623,3071052704561639623,3071052704561639623,6195256589526302011,6195256589526302011,6195256589526302011
275,20,3506,8,10,0.270053,12982.65,0.145176,24149.92,0.089661,39102.74,0.086414,40571.99,0.144841,24205.92,0.131469,26667.94,0.223187,15708.80,0.269071,0.017658,0.016842,0.131469,0.435040,0.048599,15,262462,340902,2198152,3207,0,0,0,4565,0,0,0,0,0,0,0,0,0,0,0,0,0,0,0,0,0,0,0,2611377916336910482,2611377916336910482,2611377916336910482,8824051663298712868,8824051663298712868,8824051663298712868
276,20,3084,8,10,0.403201,7648.79,0.293991,10490.12,0.226528,13614.21,0.216625,14236.56,0.286320,10771.18,0.219048,14079.13,0.359925,8568.45,0.403801,0.014462,0.025386,0.219048,0.662697,0.038276,5,239689,313664,2056176,3197,0,0,0,4308,0,0,0,0,0,0,0,0,0,0,0,0,0,0,0,0,0,0,0,2385874201368629250,2385874201368629250,2385874201368629250,10808077424537072742,10808077424537072742,10808077424537072742
277,20,2881,8,10,0.484635,5944.68,0.396146,7272.56,0.338347,8514.94,0.313132,9200.60,0.396770,7261.13,0.362292,7952.14,0.452661,6364.59,0.482826,0.014527,0.017134,0.362292,0.876780,0.035105,12,221319,273054,1863268,2707,0,0,0,4044,0,0,0,0,0,0,0,0,0,0,0,0,0,0,0,0,0,0,0,13609334662078123105,13609334662078123105,13609334662078123105,2964221896456192107,2964221896456192107,2964221896456192107
278,20,3036,8,10,0.488767,6211.55,0.391937,7746.15,0.321239,9450.90,0.318049,9545.71,0.379678,7996.25,0.330495,9186.23,0.459127,6612.55,0.489589,0.014706,0.024200,0.330495,0.858990,0.039885,6,233029,372094,1995920,3708,0,0,0,4454,0,0,0,0,0,0,0,0,0,0,0,0,0,0,0,0,0,0,0,10772292578061073248,10772292578061073248,10772292578061073248,15500479886625309727,15500479886625309727,15500479886625309727
279,20,2912,8,10,0.243115,11977.89,0.131302,22177.81,0.083327,34946.83,0.077692,37481.11,0.124421,23404.42,0.112099,25976.93,0.197316,14758.02,0.245586,0.014128,0.013896,0.112099,0.385709,0.035183,17,233691,289121,1912672,2464,0,0,0,3929,0,0,0,0,0,0,0,0,0,0,0,0,0,0,0,0,0,0,0,11123503116524161518,11123503116524161518,11123503116524161518,11950490038693454324,11950490038693454324,11950490038693454324
280,20,2992,8,10,0.222030,13475.68,0.112973,26484.20,0.081079,36902.33,0.080196,37308.42,0.105042,28483.81,0.102483,29195.07,0.172814,17313.43,0.223339,0.015351,0.014479,0.102483,0.355652,0.040343,17,260881,305491,2075488,2417,0,0,0,3942,0,0,0,0,0,0,0,0,0,0,0,0,0,0,0,0,0,0,0,9377948746141476432,9377948746141476432,9377948746141476432,17305873226574463534,17305873226574463534,17305873226574463534
281,20,3223,8,10,0.260340,12379.95,0.149701,21529.63,0.079821,40377.68,0.074772,43104.21,0.142357,22640.30,0.132850,24260.50,0.213331,15107.97,0.262745,0.014888,0.016446,0.132850,0.426930,0.049324,16,263594,323019,2136956,2697,0,0,0,3687,0,0,0,0,0,0,0,0,0,0,0,0,0,0,0,0,0,0,0,1110556774104983492,1110556774104983492,1110556774104983492,15725692994718154267,15725692994718154267,15725692994718154267
282,20,3176,8,10,0.208624,15223.59,0.101542,31277.85,0.083324,38116.37,0.078339,40541.60,0.092343,34393.50,0.094783,33508.16,0.155740,20392.90,0.210040,0.014990,0.012729,0.094783,0.332542,0.044129,20,246298,288973,2027648,2601,0,0,0,4423,0,0,0,0,0,0,0,0,0,0,0,0,0,0,0,0,0,0,0,11595973926759682484,11595973926759682484,11595973926759682484,1696219182732694052,1696219182732694052,1696219182732694052
283,20,3122,8,10,0.225255,13859.82,0.124833,25009.45,0.087863,35532.42,0.083941,37192.73,0.105048,29719.70,0.099335,31429.07,0.177890,17550.15,0.227414,0.015790,0.014406,0.099335,0.356944,0.039920,17,261825,300670,2120520,2434,0,0,0,4243,0,0,0,0,0,0,0,0,0,0,0,0,0,0,0,0,0,0,0,5058162574265894316,5058162574265894316,5058162574265894316,16647852642376303699,16647852642376303699,16647852642376303699
284,20,3028,8,10,0.261432,11582.36,0.149422,20264.82,0.105149,28797.13,0.081138,37319.23,0.149340,20275.84,0.142212,21292.14,0.200067,15134.94,0.265564,0.015436,0.016303,0.142212,0.439514,0.041429,17,282368,316818,2121232,2160,0,0,0,3506,0,0,0,0,0,0,0,0,0,0,0,0,0,0,0,0,0,0,0,1867216150101928614,1867216150101928614,1867216150101928614,13541224875340530432,13541224875340530432,13541224875340530432
285,20,3013,8,10,0.240533,12526.36,0.149107,20206.97,0.094908,31746.49,0.072057,41814.27,0.138009,21831.92,0.112523,26776.74,0.206803,14569.45,0.242583,0.014731,0.020649,0.112523,0.390486,0.033495,11,261970,385180,2026484,2035,0,0,0,3942,0,0,0,0,0,0,0,0,0,0,0,0,0,0,0,0,0,0,0,13323534850843436416,13323534850843436416,13323534850843436416,7529391093171865171,7529391093171865171,7529391093171865171
286,20,2626,8,10,0.224199,11712.81,0.123563,21252.33,0.078874,33293.81,0.074912,35054.52,0.120172,21851.96,0.106068,24757.80,0.172165,15252.81,0.231076,0.008637,0.014335,0.106068,0.360115,0.028174,16,233526,282176,1921640,1967,0,0,0,3717,0,0,0,0,0,0,0,0,0,0,0,0,0,0,0,0,0,0,0,2080488265055086324,2080488265055086324,2080488265055086324,4857285841334696707,4857285841334696707,4857285841334696707
287,20,2838,8,10,0.275324,10307.86,0.155254,18279.70,0.100607,28208.83,0.077354,36688.24,0.149833,18941.03,0.097983,28964.16,0.222791,12738.40,0.275546,0.016144,0.021451,0.097983,0.411124,0.031663,9,255196,332191,1985848,1993,0,0,0,3401,0,0,0,0,0,0,0,0,0,0,0,0,0,0,0,0,0,0,0,14790410167479747113,14790410167479747113,14790410167479747113,13754529739064253245,13754529739064253245,13754529739064253245
288,20,2803,8,10,0.236892,11832.39,0.129911,21576.37,0.083039,33755.28,0.080450,34841.55,0.121405,23088.10,0.117519,23851.44,0.185250,15130.94,0.238828,0.012938,0.012990,0.117519,0.382275,0.031668,18,240127,310772,1949484,2111,0,0,0,4006,0,0,0,0,0,0,0,0,0,0,0,0,0,0,0,0,0,0,0,5065345633461257205,5065345633461257205,5065345633461257205,10043622235587879593,10043622235587879593,10043622235587879593
289,20,2922,8,10,0.247342,11813.62,0.111060,26310.01,0.073355,39833.70,0.071030,41137.80,0.101073,28909.80,0.083320,35069.51,0.172688,16920.69,0.247555,0.018043,0.018745,0.083320,0.367663,0.036291,13,240799,274124,1945704,2021,0,0,0,3397,0,0,0,0,0,0,0,0,0,0,0,0,0,0,0,0,0,0,0,10658457009966316412,10658457009966316412,10658457009966316412,5989866081680280556,5989866081680280556,5989866081680280556
290,20,2857,8,10,0.260486,10967.96,0.134502,21241.28,0.080280,35587.76,0.074005,38605.61,0.126733,22543.50,0.098386,29038.83,0.201382,14186.96,0.263096,0.014128,0.017309,0.098386,0.392919,0.032670,13,259466,293771,2010244,1877,0,0,0,3337,0,0,0,0,0,0,0,0,0,0,0,0,0,0,0,0,0,0,0,12242212715414698663,12242212715414698663,12242212715414698663,2380039444681401477,2380039444681401477,2380039444681401477
291,20,2702,8,10,0.212373,12722.87,0.104802,25781.89,0.092091,29340.44,0.086708,31162.11,0.102739,26299.67,0.095811,28201.37,0.160346,16851.07,0.216734,0.013612,0.011786,0.095811,0.337943,0.030198,19,229166,264961,1934296,2256,0,0,0,4104,0,0,0,0,0,0,0,0,0,0,0,0,0,0,0,0,0,0,0,345260379949887144,345260379949887144,345260379949887144,16737099973116100318,16737099973116100318,16737099973116100318
292,20,2715,8,10,0.238723,11373.03,0.116627,23279.27,0.085099,31904.19,0.079872,33991.93,0.108746,24966.53,0.099254,27354.20,0.169770,15992.20,0.241172,0.013781,0.012787,0.099254,0.366993,0.030671,18,233424,258994,1878860,2006,0,0,0,3643,0,0,0,0,0,0,0,0,0,0,0,0,0,0,0,0,0,0,0,18198345680935131853,18198345680935131853,18198345680935131853,12193778850033899694,12193778850033899694,12193778850033899694
293,20,2577,8,10,0.228644,11270.78,0.107536,23964.14,0.080201,32131.82,0.076925,33500.13,0.103560,24884.05,0.088919,28981.53,0.162511,15857.40,0.230222,0.014299,0.012720,0.088919,0.346160,0.028130,16,220825,243905,1784548,1739,0,0,0,3276,0,0,0,0,0,0,0,0,0,0,0,0,0,0,0,0,0,0,0,10641285154662096548,10641285154662096548,10641285154662096548,4799461809039161699,4799461809039161699,4799461809039161699
294,20,2733,8,10,0.250376,10915.58,0.127402,21451.72,0.072894,37492.54,0.068723,39768.12,0.121305,22530.00,0.093208,29321.67,0.188416,14505.13,0.252627,0.014652,0.015354,0.093208,0.375841,0.030658,13,242150,262860,1922516,1691,0,0,0,3007,0,0,0,0,0,0,0,0,0,0,0,0,0,0,0,0,0,0,0,7060813004937746932,7060813004937746932,7060813004937746932,3402233669641980673,3402233669641980673,3402233669641980673
295,20,2828,8,10,0.251426,11247.83,0.113731,24865.73,0.086936,32529.78,0.082586,34243.29,0.107055,26416.26,0.095718,29545.00,0.185309,15261.02,0.254201,0.014012,0.013349,0.095718,0.377280,0.032130,16,242299,275249,1956048,2110,0,0,0,4301,0,0,0,0,0,0,0,0,0,0,0,0,0,0,0,0,0,0,0,14481024029497058396,14481024029497058396,14481024029497058396,798354613602706264,798354613602706264,798354613602706264
296,20,2729,8,10,0.251582,10847.34,0.113510,24041.91,0.072177,37810.05,0.070700,38599.54,0.107684,25342.77,0.093339,29237.52,0.177788,15349.73,0.252397,0.013787,0.013790,0.093339,0.373312,0.031157,16,240726,269291,1916452,1859,0,0,0,3399,0,0,0,0,0,0,0,0,0,0,0,0,0,0,0,0,0,0,0,6418611235630472445,6418611235630472445,6418611235630472445,12598908062403827584,12598908062403827584,12598908062403827584
297,20,2905,8,10,0.251241,11562.58,0.151883,19126.55,0.087172,33324.86,0.074991,38738.23,0.144711,20074.53,0.109300,26578.30,0.198408,14641.58,0.252338,0.016966,0.020089,0.109300,0.398692,0.033706,10,263254,290644,1987684,1816,0,0,0,3147,0,0,0,0,0,0,0,0,0,0,0,0,0,0,0,0,0,0,0,11404534108138954668,11404534108138954668,11404534108138954668,6857507895842483274,6857507895842483274,6857507895842483274
298,20,2928,8,10,0.271568,10781.84,0.138083,21204.58,0.075303,38882.93,0.072987,40116.72,0.132132,22159.71,0.106639,27457.12,0.209330,13987.50,0.272866,0.015816,0.015592,0.106639,0.410914,0.035110,15,251487,285007,1987808,1944,0,0,0,3580,0,0,0,0,0,0,0,0,0,0,0,0,0,0,0,0,0,0,0,15709313048996177719,15709313048996177719,15709313048996177719,94405304034978385,94405304034978385,94405304034978385
299,20,2816,8,10,0.267551,10525.11,0.139274,20219.16,0.081581,34518.03,0.071556,39353.88,0.133495,21094.38,0.105590,26669.07,0.204191,13791.01,0.271426,0.015126,0.015544,0.105590,0.407686,0.033402,14,254108,307663,2004416,2489,0,0,0,3872,0,0,0,0,0,0,0,0,0,0,0,0,0,0,0,0,0,0,0,17826130124039220083,17826130124039220083,17826130124039220083,7203637885777485242,7203637885777485242,7203637885777485242
300,20,2776,8,10,0.272805,10175.76,0.135562,20477.66,0.079261,35023.49,0.074378,37323.06,0.129756,21394.06,0.111601,24874.36,0.202848,13685.09,0.274193,0.015166,0.016046,0.111601,0.417006,0.031586,15,253719,290494,2092256,2195,0,0,0,3627,0,0,0,0,0,0,0,0,0,0,0,0,0,0,0,0,0,0,0,5883272306373498114,5883272306373498114,5883272306373498114,13311617477191632956,13311617477191632956,13311617477191632956
301,20,2760,8,10,0.253935,10868.94,0.148794,18549.13,0.117730,23443.45,0.102578,26906.39,0.135480,20372.08,0.132185,20879.79,0.202556,13625.85,0.257235,0.014382,0.012485,0.132185,0.416287,0.032026,18,256605,292605,2010368,2325,0,0,0,4869,0,0,0,0,0,0,0,0,0,0,0,0,0,0,0,0,0,0,0,16226651289783062301,16226651289783062301,16226651289783062301,4538575753453287865,4538575753453287865,4538575753453287865
302,20,2974,8,10,0.278753,10668.95,0.152614,19487.06,0.088031,33783.55,0.080856,36781.64,0.147070,20221.62,0.100668,29542.73,0.221617,13419.56,0.281882,0.016412,0.017206,0.100668,0.416168,0.035639,12,267464,298164,2055192,2141,0,0,0,3693,0,0,0,0,0,0,0,0,0,0,0,0,0,0,0,0,0,0,0,4572584151417168543,4572584151417168543,4572584151417168543,1942986683709902224,1942986683709902224,1942986683709902224
303,20,2823,8,10,0.315491,8947.97,0.166970,16907.18,0.088871,31765.17,0.081710,34548.92,0.150583,18747.13,0.112749,25037.92,0.225328,12528.43,0.317290,0.016310,0.015067,0.112749,0.461415,0.034776,13,237955,270495,1955836,1929,0,0,0,3269,0,0,0,0,0,0,0,0,0,0,0,0,0,0,0,0,0,0,0,15279955615916490539,15279955615916490539,15279955615916490539,16060523147900895987,16060523147900895987,16060523147900895987
304,20,3261,8,10,0.234265,13920.16,0.114201,28554.92,0.076490,42632.79,0.075782,43031.22,0.107041,30464.91,0.092942,35086.25,0.172092,18949.12,0.235736,0.017068,0.015402,0.092942,0.361148,0.040649,16,260063,301593,2066516,2209,0,0,0,3756,0,0,0,0,0,0,0,0,0,0,0,0,0,0,0,0,0,0,0,11754802208141900402,11754802208141900402,11754802208141900402,9969686668446094359,9969686668446094359,9969686668446094359
305,20,3044,8,10,0.216878,14035.54,0.106203,28662.03,0.086849,35049.52,0.083901,36280.76,0.099927,30462.37,0.099698,30532.21,0.167424,18181.34,0.219260,0.014585,0.013476,0.099698,0.347019,0.036581,19,241960,284285,2049968,2499,0,0,0,4357,0,0,0,0,0,0,0,0,0,0,0,0,0,0,0,0,0,0,0,6154912339340067492,6154912339340067492,6154912339340067492,15463382514241717944,15463382514241717944,15463382514241717944
306,20,2812,8,10,0.704415,3991.97,0.552073,5093.53,0.516558,5443.72,0.500554,5617.77,0.550949,5103.92,0.515824,5451.47,0.615643,4567.58,0.703162,0.017983,0.017570,0.515824,1.254538,0.032587,9,228426,258586,1934320,2088,0,0,0,2935,0,0,0,0,0,0,0,0,0,0,0,0,0,0,0,0,0,0,0,16249308228724716554,16249308228724716554,16249308228724716554,8352538248424758067,8352538248424758067,8352538248424758067
307,20,2724,8,10,0.261243,10427.08,0.146516,18591.85,0.087997,30955.71,0.076773,35481.10,0.140461,19393.31,0.114591,23771.42,0.189673,14361.59,0.262484,0.014746,0.012930,0.114591,0.404751,0.031203,18,253650,277915,1950448,1802,0,0,0,3541,0,0,0,0,0,0,0,0,0,0,0,0,0,0,0,0,0,0,0,6760648148552508625,6760648148552508625,6760648148552508625,9896106574740349622,9896106574740349622,9896106574740349622
308,20,2873,8,10,0.230197,12480.60,0.108692,26432.45,0.074597,38513.75,0.070848,40551.50,0.101457,28317.33,0.099686,28820.36,0.166989,17204.76,0.231272,0.014031,0.012018,0.099686,0.357006,0.033587,19,238286,263101,1954852,1795,0,0,0,3308,0,0,0,0,0,0,0,0,0,0,0,0,0,0,0,0,0,0,0,1849593801520234134,1849593801520234134,1849593801520234134,3565347777452215060,3565347777452215060,3565347777452215060
309,20,2853,8,10,0.259190,11007.38,0.133584,21357.33,0.073167,38992.90,0.065806,43354.67,0.125429,22745.97,0.085474,33378.46,0.180662,15791.90,0.260929,0.016948,0.019376,0.085474,0.382728,0.033080,8,260209,280289,2004628,1631,0,0,0,3013,0,0,0,0,0,0,0,0,0,0,0,0,0,0,0,0,0,0,0,6352101689578565476,6352101689578565476,6352101689578565476,3335023836890489647,3335023836890489647,3335023836890489647
310,20,2667,8,10,0.251693,10596.25,0.152509,17487.53,0.088834,30022.39,0.083138,32079.03,0.142261,18747.27,0.108187,24651.83,0.190761,13980.86,0.253828,0.012314,0.019870,0.108187,0.394199,0.029078,10,240239,275694,1849900,1712,0,0,0,3148,0,0,0,0,0,0,0,0,0,0,0,0,0,0,0,0,0,0,0,4700049474109526680,4700049474109526680,4700049474109526680,12832891900054584982,12832891900054584982,12832891900054584982
311,20,3046,8,10,0.261096,11666.21,0.107826,28249.31,0.070522,43192.01,0.065900,46221.53,0.101376,30046.66,0.090151,33787.94,0.170010,17916.57,0.259456,0.015139,0.015199,0.090151,0.379944,0.037785,15,254407,280302,2038328,1762,0,0,0,3005,0,0,0,0,0,0,0,0,0,0,0,0,0,0,0,0,0,0,0,11551427369446379069,11551427369446379069,11551427369446379069,369751047084149621,369751047084149621,369751047084149621
312,20,3097,8,10,0.224308,13806.89,0.101409,30539.66,0.076501,40483.26,0.072023,43000.25,0.092254,33570.51,0.084208,36777.87,0.151186,20484.73,0.227584,0.012959,0.015358,0.084208,0.340109,0.037614,15,236680,263940,1961828,1944,0,0,0,3454,0,0,0,0,0,0,0,0,0,0,0,0,0,0,0,0,0,0,0,10250781044409782035,10250781044409782035,10250781044409782035,2454925239053657423,2454925239053657423,2454925239053657423
313,20,2979,8,10,0.348310,8552.74,0.209448,14223.09,0.170172,17505.78,0.137132,21723.61,0.199578,14926.48,0.163460,18224.59,0.271409,10976.06,0.346426,0.012795,0.019638,0.163460,0.542320,0.034536,10,229760,278815,1973004,2402,0,0,0,4219,0,0,0,0,0,0,0,0,0,0,0,0,0,0,0,0,0,0,0,6744564775137431856,6744564775137431856,6744564775137431856,4171315158715579843,4171315158715579843,4171315158715579843
314,20,2848,8,10,0.248922,11441.32,0.122006,23343.02,0.081884,34780.81,0.078950,36073.26,0.117446,24249.52,0.099470,28631.64,0.170487,16705.06,0.251034,0.013605,0.015034,0.099470,0.379142,0.032526,16,241768,267778,1990496,2013,0,0,0,3607,0,0,0,0,0,0,0,0,0,0,0,0,0,0,0,0,0,0,0,3676311031525027586,3676311031525027586,3676311031525027586,16539215008379559185,16539215008379559185,16539215008379559185
315,20,2822,8,10,0.280292,10068.06,0.132320,21327.09,0.073147,38579.63,0.066474,42452.86,0.122495,23037.66,0.099504,28360.81,0.192397,14667.62,0.282846,0.013974,0.016631,0.099504,0.412954,0.031979,13,228992,256847,1874808,1687,0,0,0,2457,0,0,0,0,0,0,0,0,0,0,0,0,0,0,0,0,0,0,0,13153206244333370597,13153206244333370597,13153206244333370597,12924831176409038715,12924831176409038715,12924831176409038715
316,20,3131,8,10,0.315178,9934.07,0.169509,18471.00,0.100059,31291.42,0.097083,32250.60,0.165114,18962.62,0.139621,22424.91,0.233967,13382.25,0.313628,0.014242,0.020608,0.139621,0.488100,0.035401,12,234788,293213,1960812,1736,0,0,0,1974,0,0,0,0,0,0,0,0,0,0,0,0,0,0,0,0,0,0,0,9389309007636010106,9389309007636010106,9389309007636010106,13496581868907511517,13496581868907511517,13496581868907511517
317,20,3959,8,10,0.243793,16239.19,0.125515,31541.94,0.087371,45312.76,0.080107,49421.48,0.119911,33016.05,0.106575,37147.65,0.209908,18860.61,0.250006,0.016151,0.017972,0.106575,0.390704,0.051472,17,266357,450472,2260028,2689,0,0,0,4296,0,0,0,0,0,0,0,0,0,0,0,0,0,0,0,0,0,0,0,14036551138980368265,14036551138980368265,14036551138980368265,13151131477451799952,13151131477451799952,13151131477451799952
318,20,4324,8,10,0.214891,20121.80,0.099892,43286.96,0.086265,50124.88,0.078615,55002.47,0.092342,46826.08,0.092191,46902.82,0.196662,21986.96,0.217410,0.018567,0.016909,0.092191,0.345077,0.057560,18,265645,590735,2290448,3961,0,0,0,5135,0,0,0,0,0,0,0,0,0,0,0,0,0,0,0,0,0,0,0,2765143472211961574,2765143472211961574,2765143472211961574,11046726561170138674,11046726561170138674,11046726561170138674
319,20,5209,8,10,0.237758,21908.82,0.116122,44858.10,0.095697,54432.29,0.087689,59403.01,0.109997,47355.88,0.100275,51947.03,0.221006,23569.45,0.239947,0.022113,0.022466,0.100275,0.384801,0.080202,16,303519,672794,2708036,4102,0,0,0,5715,0,0,0,0,0,0,0,0,0,0,0,0,0,0,0,0,0,0,0,10393380931750007605,10393380931750007605,10393380931750007605,9888183443565660771,9888183443565660771,9888183443565660771
320,20,4527,8,10,0.210360,21520.26,0.099565,45467.83,0.081591,55483.98,0.077447,58452.64,0.096438,46942.23,0.088906,50918.99,0.182085,24862.08,0.213322,0.019613,0.020893,0.088906,0.342734,0.060260,17,267955,454890,2360892,3264,0,0,0,4795,0,0,0,0,0,0,0,0,0,0,0,0,0,0,0,0,0,0,0,17040482285895833113,17040482285895833113,17040482285895833113,17832245064202204189,17832245064202204189,17832245064202204189
321,20,4274,8,10,0.277050,15426.81,0.139727,30588.28,0.079841,53531.36,0.077626,55058.62,0.127418,33543.11,0.111055,38485.33,0.211528,20205.36,0.279645,0.017020,0.016914,0.111055,0.424635,0.055608,15,257960,356805,2292776,2320,0,0,0,3476,0,0,0,0,0,0,0,0,0,0,0,0,0,0,0,0,0,0,0,12531770644131858532,12531770644131858532,12531770644131858532,10140779707337872179,10140779707337872179,10140779707337872179
322,20,6453,8,10,0.205807,31354.58,0.104771,61591.30,0.077781,82964.19,0.071958,89677.85,0.089170,72367.33,0.088685,72762.87,0.238600,27045.28,0.211332,0.019227,0.019313,0.088685,0.338556,0.096587,19,301954,952814,2752852,4425,0,0,0,4972,0,0,0,0,0,0,0,0,0,0,0,0,0,0,0,0,0,0,0,5057134228687472374,5057134228687472374,5057134228687472374,16209048225463157619,16209048225463157619,16209048225463157619
323,20,3934,8,10,0.223966,17565.14,0.109788,35832.81,0.088741,44331.04,0.085796,45853.01,0.102302,38454.64,0.096821,40631.49,0.187662,20963.25,0.225471,0.022296,0.018645,0.096821,0.363233,0.050712,18,263127,370267,2293368,2890,0,0,0,4631,0,0,0,0,0,0,0,0,0,0,0,0,0,0,0,0,0,0,0,3514206728213367975,3514206728213367975,3514206728213367975,16485544491384476890,16485544491384476890,16485544491384476890
324,20,3164,8,10,0.275400,11488.74,0.166276,19028.55,0.091730,34492.66,0.085665,36934.38,0.161460,19596.16,0.140089,22585.65,0.225834,14010.32,0.278384,0.014237,0.015955,0.140089,0.448665,0.037630,15,238250,274745,2035920,2359,0,0,0,3257,0,0,0,0,0,0,0,0,0,0,0,0,0,0,0,0,0,0,0,9528195943704502329,9528195943704502329,9528195943704502329,1762953781001390787,1762953781001390787,1762953781001390787
325,20,3045,8,10,0.271731,11205.94,0.153094,19889.76,0.101711,29937.90,0.097605,31197.10,0.149611,20352.76,0.149890,20314.84,0.216411,14070.44,0.273925,0.015373,0.012779,0.149890,0.451967,0.043016,19,256926,309271,2084276,2790,0,0,0,4892,0,0,0,0,0,0,0,0,0,0,0,0,0,0,0,0,0,0,0,14133587486530427319,14133587486530427319,14133587486530427319,14666445693820465039,14666445693820465039,14666445693820465039
326,20,2985,8,10,0.336694,8865.60,0.203677,14655.54,0.125720,23743.28,0.126454,23605.43,0.196225,15212.13,0.166944,17880.26,0.252383,11827.25,0.337861,0.016102,0.021418,0.166944,0.542325,0.037257,10,249016,275236,2065252,2022,0,0,0,2639,0,0,0,0,0,0,0,0,0,0,0,0,0,0,0,0,0,0,0,5263984080438170212,5263984080438170212,5263984080438170212,2853391608933618883,2853391608933618883,2853391608933618883
327,20,3111,8,10,0.312090,9968.29,0.191763,16223.11,0.160155,19424.98,0.115293,26983.40,0.189591,16408.99,0.155248,20038.96,0.250652,12411.63,0.314150,0.014553,0.018725,0.155248,0.502676,0.038863,12,247787,282647,2108668,2254,0,0,0,4143,0,0,0,0,0,0,0,0,0,0,0,0,0,0,0,0,0,0,0,12643467315214680110,12643467315214680110,12643467315214680110,14219460889127362897,14219460889127362897,14219460889127362897
328,20,2815,8,10,0.258551,10887.61,0.131824,21354.17,0.083602,33671.56,0.077410,36364.80,0.127698,22044.12,0.103531,27189.90,0.198003,14216.96,0.261300,0.013646,0.017226,0.103531,0.395703,0.033580,14,241112,269162,1963804,1844,0,0,0,3289,0,0,0,0,0,0,0,0,0,0,0,0,0,0,0,0,0,0,0,7940458024956872951,7940458024956872951,7940458024956872951,9801632021821772131,9801632021821772131,9801632021821772131
329,20,3116,8,10,0.291248,10698.77,0.163082,19106.97,0.088671,35141.24,0.078338,39776.47,0.154088,20222.22,0.128930,24168.22,0.221214,14085.88,0.296646,0.011354,0.016118,0.128930,0.453047,0.037997,14,244585,275145,2044336,2037,0,0,0,2987,0,0,0,0,0,0,0,0,0,0,0,0,0,0,0,0,0,0,0,1885711459742574610,1885711459742574610,1885711459742574610,7843954503739099551,7843954503739099551,7843954503739099551
330,20,3201,8,10,0.337041,9497.35,0.187105,17108.04,0.129216,24772.54,0.099039,32320.50,0.180703,17714.13,0.138599,23095.33,0.273162,11718.33,0.335823,0.017389,0.019194,0.138599,0.511005,0.039887,11,261744,326634,2163716,2225,0,0,0,3604,0,0,0,0,0,0,0,0,0,0,0,0,0,0,0,0,0,0,0,11582255573926784705,11582255573926784705,11582255573926784705,13780701599168424995,13780701599168424995,13780701599168424995
331,20,2902,8,10,0.243052,11939.85,0.113277,25618.51,0.089321,32489.62,0.085045,34123.05,0.107943,26884.44,0.099140,29271.63,0.182608,15891.95,0.244700,0.013776,0.016040,0.099140,0.373656,0.034337,15,227667,251782,1908248,1905,0,0,0,3351,0,0,0,0,0,0,0,0,0,0,0,0,0,0,0,0,0,0,0,5747881115939183307,5747881115939183307,5747881115939183307,17276460131919848746,17276460131919848746,17276460131919848746
332,20,2891,8,10,0.264463,10931.58,0.135367,21356.82,0.070819,40822.43,0.068778,42033.56,0.126370,22877.32,0.112417,25716.69,0.196585,14706.12,0.266354,0.013948,0.015382,0.112417,0.408101,0.033812,16,232690,256950,1882124,1778,0,0,0,3258,0,0,0,0,0,0,0,0,0,0,0,0,0,0,0,0,0,0,0,16163748147747592197,16163748147747592197,16163748147747592197,13122785058449457564,13122785058449457564,13122785058449457564
333,20,2960,8,10,0.270264,10952.27,0.129221,22906.57,0.077916,37989.58,0.072690,40721.03,0.122844,24095.56,0.095725,30922.07,0.184587,16035.79,0.271732,0.016076,0.016426,0.095725,0.399958,0.034638,13,257980,282090,2042880,1803,0,0,0,3341,0,0,0,0,0,0,0,0,0,0,0,0,0,0,0,0,0,0,0,12424897293721129345,12424897293721129345,12424897293721129345,2617630143471359228,2617630143471359228,2617630143471359228
334,20,3128,8,10,0.209173,14954.13,0.095005,32924.75,0.075761,41287.55,0.073839,42362.66,0.090536,34549.94,0.092532,33804.54,0.137632,22727.27,0.210799,0.015064,0.012527,0.092532,0.330922,0.038668,19,229322,251877,1941696,1748,0,0,0,3307,0,0,0,0,0,0,0,0,0,0,0,0,0,0,0,0,0,0,0,6424711917550061166,6424711917550061166,6424711917550061166,15375187821314510181,15375187821314510181,15375187821314510181
335,20,3223,8,10,0.241148,13365.21,0.094578,34077.70,0.073158,44055.38,0.071285,45213.12,0.092408,34878.05,0.088347,36481.06,0.162123,19879.99,0.244464,0.016042,0.016686,0.088347,0.365540,0.041412,17,252430,282630,2085308,1961,0,0,0,3332,0,0,0,0,0,0,0,0,0,0,0,0,0,0,0,0,0,0,0,4243861140527375009,4243861140527375009,4243861140527375009,15550607001058778669,15550607001058778669,15550607001058778669
336,20,2986,8,10,0.252974,11803.57,0.106686,27988.56,0.086774,34411.03,0.084249,35442.72,0.099564,29990.75,0.095201,31365.35,0.185329,16111.88,0.255454,0.014958,0.013280,0.095201,0.378893,0.036423,17,240146,272876,2064584,2230,0,0,0,3810,0,0,0,0,0,0,0,0,0,0,0,0,0,0,0,0,0,0,0,16262684943267884833,16262684943267884833,16262684943267884833,18070633105448789366,18070633105448789366,18070633105448789366
337,20,3150,8,10,0.210764,14945.64,0.099379,31696.98,0.081396,38699.63,0.078546,40104.05,0.095233,33076.84,0.088821,35464.43,0.169347,18600.91,0.211765,0.015370,0.014050,0.088821,0.330006,0.040759,17,235915,327805,2004440,2803,0,0,0,4293,0,0,0,0,0,0,0,0,0,0,0,0,0,0,0,0,0,0,0,12648450539848737711,12648450539848737711,12648450539848737711,3889649603943691578,3889649603943691578,3889649603943691578
338,20,2784,8,10,0.247998,11225.87,0.132483,21014.07,0.077085,36116.15,0.073289,37986.60,0.128699,21631.81,0.108080,25758.62,0.183426,15177.76,0.248738,0.015380,0.014755,0.108080,0.386953,0.032027,15,226279,249879,1996480,1793,0,0,0,3302,0,0,0,0,0,0,0,0,0,0,0,0,0,0,0,0,0,0,0,11187723109885779122,11187723109885779122,11187723109885779122,13770622250496228336,13770622250496228336,13770622250496228336
339,20,2860,8,10,0.205384,13925.10,0.099008,28886.59,0.074387,38447.46,0.071664,39908.72,0.093745,30508.44,0.090404,31635.89,0.148884,19209.61,0.207402,0.013436,0.011705,0.090404,0.322946,0.031923,19,218258,241543,1864400,1665,0,0,0,3343,0,0,0,0,0,0,0,0,0,0,0,0,0,0,0,0,0,0,0,6793833382080866489,6793833382080866489,6793833382080866489,14419377992878104831,14419377992878104831,14419377992878104831
340,20,3065,8,10,0.206202,14864.09,0.106314,28829.57,0.082335,37226.10,0.079974,38325.09,0.099463,30815.42,0.091630,33449.80,0.159899,19168.37,0.209141,0.014085,0.013138,0.091630,0.327994,0.038007,18,239494,298849,2038212,2520,0,0,0,4261,0,0,0,0,0,0,0,0,0,0,0,0,0,0,0,0,0,0,0,10674171214888840718,10674171214888840718,10674171214888840718,12510054526480577551,12510054526480577551,12510054526480577551
341,20,3278,8,10,0.274947,11922.30,0.150232,21819.56,0.083113,39440.26,0.079347,41312.17,0.142019,23081.48,0.127866,25636.28,0.212989,15390.49,0.277314,0.015494,0.014661,0.127866,0.435335,0.042649,17,249142,283287,2147544,2178,0,0,0,3109,0,0,0,0,0,0,0,0,0,0,0,0,0,0,0,0,0,0,0,14713069751149029845,14713069751149029845,14713069751149029845,6646005967017606578,6646005967017606578,6646005967017606578
342,20,3342,8,10,0.232558,14370.60,0.127783,26153.74,0.112268,29768.17,0.106188,31472.53,0.122730,27230.61,0.123700,27016.87,0.185554,18010.96,0.234223,0.017739,0.012855,0.123700,0.388517,0.045146,20,270736,334396,2247128,3163,0,0,0,5587,0,0,0,0,0,0,0,0,0,0,0,0,0,0,0,0,0,0,0,3410179309300579124,3410179309300579124,3410179309300579124,15719632958101447643,15719632958101447643,15719632958101447643
343,20,2970,8,10,0.355776,8347.94,0.245931,12076.54,0.172905,17177.05,0.160083,18552.91,0.244479,12148.29,0.223512,13287.88,0.318584,9322.52,0.359380,0.013237,0.015335,0.223512,0.611464,0.034122,15,237083,280238,2016360,2762,0,0,0,4355,0,0,0,0,0,0,0,0,0,0,0,0,0,0,0,0,0,0,0,9915593691977071664,9915593691977071664,9915593691977071664,16261340774534614337,16261340774534614337,16261340774534614337
344,20,2889,8,10,0.391044,7387.92,0.265411,10885.02,0.213839,13510.16,0.135773,21278.13,0.254874,11335.03,0.232827,12408.37,0.331206,8722.68,0.395488,0.014196,0.016657,0.232827,0.659168,0.035134,15,240020,284760,2018724,3036,0,0,0,4957,0,0,0,0,0,0,0,0,0,0,0,0,0,0,0,0,0,0,0,12924865117503442228,12924865117503442228,12924865117503442228,5322672402091120303,5322672402091120303,5322672402091120303
345,20,3206,8,10,0.290466,11037.44,0.168728,19001.02,0.095245,33660.71,0.092720,34577.33,0.161233,19884.26,0.141401,22673.12,0.238587,13437.47,0.292281,0.014569,0.014942,0.141401,0.463193,0.041361,16,240991,288791,2038904,2658,0,0,0,3947,0,0,0,0,0,0,0,0,0,0,0,0,0,0,0,0,0,0,0,2967328067067785284,2967328067067785284,2967328067067785284,2005842323827441092,2005842323827441092,2005842323827441092
346,20,3035,8,10,0.240028,12644.34,0.132343,22932.90,0.111587,27198.58,0.104591,29017.74,0.124776,24323.66,0.121268,25027.19,0.197958,15331.57,0.242644,0.014649,0.013165,0.121268,0.391726,0.037750,19,253882,324322,2104428,3087,0,0,0,5034,0,0,0,0,0,0,0,0,0,0,0,0,0,0,0,0,0,0,0,13922307602150786882,13922307602150786882,13922307602150786882,12704672772191073002,12704672772191073002,12704672772191073002
347,20,2986,8,10,0.244662,12204.59,0.130048,22960.68,0.096432,30964.81,0.085633,34869.89,0.121144,24648.28,0.106628,28003.95,0.180816,16514.01,0.246503,0.014925,0.013315,0.106628,0.381371,0.038905,18,240538,271923,2004648,2287,0,0,0,4043,0,0,0,0,0,0,0,0,0,0,0,0,0,0,0,0,0,0,0,12137815325168616424,12137815325168616424,12137815325168616424,11680149944229001407,11680149944229001407,11680149944229001407
348,20,2927,8,10,0.281406,10401.33,0.163292,17924.93,0.095758,30566.59,0.091109,32126.21,0.154895,18896.69,0.150976,19387.15,0.227761,12851.22,0.282140,0.014016,0.012532,0.150976,0.459664,0.034576,18,234813,266553,1984668,2270,0,0,0,3831,0,0,0,0,0,0,0,0,0,0,0,0,0,0,0,0,0,0,0,4771836178988654636,4771836178988654636,4771836178988654636,11440881294245859648,11440881294245859648,11440881294245859648
349,20,3419,8,10,0.253034,13512.02,0.127209,26877.01,0.098852,34587.14,0.095916,35645.65,0.119159,28692.73,0.108936,31385.37,0.187758,18209.59,0.256177,0.015600,0.014856,0.108936,0.395569,0.045359,18,269127,310262,2257100,2477,0,0,0,4591,0,0,0,0,0,0,0,0,0,0,0,0,0,0,0,0,0,0,0,7748280246265259412,7748280246265259412,7748280246265259412,5879281110377788375,5879281110377788375,5879281110377788375
350,20,3091,8,10,0.218564,14142.29,0.122738,25183.70,0.088223,35036.12,0.081303,38018.47,0.114525,26989.66,0.103278,29929.06,0.179763,17194.86,0.222526,0.012293,0.013508,0.103278,0.351604,0.035810,17,224936,271741,1941484,2595,0,0,0,4637,0,0,0,0,0,0,0,0,0,0,0,0,0,0,0,0,0,0,0,12179527616364589150,12179527616364589150,12179527616364589150,15403424953310922514,15403424953310922514,15403424953310922514
351,20,2792,8,10,0.252730,11047.38,0.140999,19801.63,0.106611,26188.78,0.092141,30301.51,0.138736,20124.60,0.111913,24947.99,0.202017,13820.62,0.254695,0.015054,0.017168,0.111913,0.398830,0.032210,14,248000,283080,1945344,2364,0,0,0,4676,0,0,0,0,0,0,0,0,0,0,0,0,0,0,0,0,0,0,0,11379240204738404850,11379240204738404850,11379240204738404850,7671950299193577071,7671950299193577071,7671950299193577071
352,20,2850,8,10,0.259434,10985.45,0.130725,21801.46,0.088642,32151.90,0.084984,33535.78,0.126792,22477.73,0.114213,24953.40,0.191235,14903.14,0.261465,0.015444,0.014465,0.114213,0.405587,0.033802,16,248390,278690,1920744,2064,0,0,0,3760,0,0,0,0,0,0,0,0,0,0,0,0,0,0,0,0,0,0,0,8644334199928514246,8644334199928514246,8644334199928514246,4613125640884214254,4613125640884214254,4613125640884214254
353,20,2877,8,10,0.244086,11786.83,0.119570,24061.29,0.095703,30061.76,0.091689,31377.91,0.112947,25472.23,0.111732,25749.15,0.188177,15288.83,0.247184,0.015525,0.011776,0.111732,0.386217,0.033034,20,238245,293740,1889332,2399,0,0,0,4639,0,0,0,0,0,0,0,0,0,0,0,0,0,0,0,0,0,0,0,14589358548700922558,14589358548700922558,14589358548700922558,4097601306047961188,4097601306047961188,4097601306047961188
354,20,3306,8,10,0.277201,11926.38,0.133607,24744.13,0.104066,31768.19,0.097525,33899.11,0.121626,27181.73,0.116710,28326.63,0.199051,16608.77,0.279564,0.015675,0.013347,0.116710,0.425296,0.041742,18,256662,320657,2115144,2918,0,0,0,4893,0,0,0,0,0,0,0,0,0,0,0,0,0,0,0,0,0,0,0,5264097590025956666,5264097590025956666,5264097590025956666,6990366572187382838,6990366572187382838,6990366572187382838
355,20,2964,8,10,0.424940,6975.10,0.295550,10028.76,0.228100,12994.33,0.207372,14293.13,0.287078,10324.72,0.258644,11459.78,0.351923,8422.30,0.426914,0.012837,0.016111,0.258644,0.714505,0.034022,13,240793,294093,1990992,2720,0,0,0,3942,0,0,0,0,0,0,0,0,0,0,0,0,0,0,0,0,0,0,0,6773210136694573768,6773210136694573768,6773210136694573768,12385154106944290017,12385154106944290017,12385154106944290017
356,20,3000,8,10,0.306006,9803.73,0.162563,18454.39,0.105284,28494.44,0.097553,30752.56,0.157655,19028.90,0.148676,20178.16,0.234019,12819.46,0.310906,0.011837,0.013586,0.148676,0.485004,0.035363,17,241768,276668,2017792,2452,0,0,0,4624,0,0,0,0,0,0,0,0,0,0,0,0,0,0,0,0,0,0,0,11618018574406518310,11618018574406518310,11618018574406518310,7171466632255384083,7171466632255384083,7171466632255384083
357,20,3037,8,10,0.251078,12095.82,0.136171,22302.81,0.100170,30318.41,0.094765,32047.77,0.129476,23456.04,0.124204,24451.63,0.191351,15871.35,0.255784,0.013584,0.012503,0.124204,0.406075,0.035471,18,235200,268140,1987540,2497,0,0,0,4410,0,0,0,0,0,0,0,0,0,0,0,0,0,0,0,0,0,0,0,16401303096315923107,16401303096315923107,16401303096315923107,11165298110133157626,11165298110133157626,11165298110133157626
358,20,2825,8,10,0.439361,6429.79,0.308628,9153.42,0.238329,11853.36,0.217755,12973.30,0.302327,9344.18,0.232828,12133.42,0.377593,7481.61,0.438029,0.014155,0.023094,0.232828,0.708106,0.032537,6,233259,278479,1941092,2717,0,0,0,4575,0,0,0,0,0,0,0,0,0,0,0,0,0,0,0,0,0,0,0,11896014017167518831,11896014017167518831,11896014017167518831,8621207863387791324,8621207863387791324,8621207863387791324
359,20,2857,8,10,0.245714,11627.32,0.118226,24165.54,0.087844,32523.68,0.082394,34674.88,0.110277,25907.54,0.100865,28325.04,0.190765,14976.51,0.248507,0.015615,0.013311,0.100865,0.378297,0.036493,17,238354,266624,2011908,2174,0,0,0,3904,0,0,0,0,0,0,0,0,0,0,0,0,0,0,0,0,0,0,0,247131504098230430,247131504098230430,247131504098230430,471463576199856013,471463576199856013,471463576199856013
360,20,2880,8,10,0.321677,8953.09,0.167967,17146.26,0.105190,27379.03,0.082078,35088.72,0.150160,19179.50,0.129237,22284.70,0.234143,12300.18,0.323712,0.015046,0.013432,0.129237,0.481427,0.033870,17,235113,259198,1948736,1874,0,0,0,3191,0,0,0,0,0,0,0,0,0,0,0,0,0,0,0,0,0,0,0,13382881365502312190,13382881365502312190,13382881365502312190,12072041384295238052,12072041384295238052,12072041384295238052
361,20,2866,8,10,0.298090,9614.54,0.179993,15922.84,0.085860,33380.09,0.082137,34893.02,0.171347,16726.28,0.145682,19673.02,0.232658,12318.53,0.299330,0.013745,0.016113,0.145682,0.474869,0.032799,15,227222,252162,1921096,2042,0,0,0,2943,0,0,0,0,0,0,0,0,0,0,0,0,0,0,0,0,0,0,0,8131257727898510257,8131257727898510257,8131257727898510257,7530279199809375793,7530279199809375793,7530279199809375793
362,20,2801,8,10,0.262237,10681.18,0.123898,22607.26,0.096875,28913.49,0.084404,33185.60,0.119154,23507.31,0.104098,26907.39,0.184695,15165.53,0.263357,0.015330,0.013777,0.104098,0.396562,0.032938,16,232819,255534,1952196,1783,0,0,0,3312,0,0,0,0,0,0,0,0,0,0,0,0,0,0,0,0,0,0,0,2172274218120441359,2172274218120441359,2172274218120441359,15324504680345345757,15324504680345345757,15324504680345345757
363,20,3304,8,10,0.355595,9291.46,0.191383,17263.85,0.131712,25085.11,0.129706,25473.00,0.184403,17917.28,0.153645,21504.12,0.257280,12842.03,0.357469,0.015986,0.017099,0.153645,0.544199,0.045645,12,258537,287717,2155008,1780,0,0,0,1949,0,0,0,0,0,0,0,0,0,0,0,0,0,0,0,0,0,0,0,18369905690752340642,18369905690752340642,18369905690752340642,8640246123984586439,8640246123984586439,8640246123984586439
364,20,3562,8,10,0.325105,10956.44,0.170491,20892.60,0.089082,39985.71,0.081943,43469.42,0.163004,21852.21,0.132112,26961.97,0.243035,14656.30,0.317995,0.017304,0.017982,0.132112,0.485393,0.057053,12,263204,310199,2227048,2301,0,0,0,3224,0,0,0,0,0,0,0,0,0,0,0,0,0,0,0,0,0,0,0,12626098471503403846,12626098471503403846,12626098471503403846,3304417511120478070,3304417511120478070,3304417511120478070
365,20,3331,8,10,0.252597,13187.03,0.110223,30220.63,0.073965,45034.93,0.069361,48023.95,0.102719,32428.38,0.085561,38931.15,0.176182,18906.64,0.255360,0.014814,0.016761,0.085561,0.372497,0.045292,14,259742,312437,2123084,2503,0,0,0,3844,0,0,0,0,0,0,0,0,0,0,0,0,0,0,0,0,0,0,0,4743251452556467566,4743251452556467566,4743251452556467566,4331139119730899421,4331139119730899421,4331139119730899421
366,20,3035,8,10,0.240381,12625.81,0.132529,22900.58,0.078004,38908.39,0.071485,42456.21,0.125924,24101.92,0.111640,27185.72,0.183947,16499.31,0.238591,0.012666,0.015888,0.111640,0.378785,0.036980,14,237500,303100,2006540,1914,0,0,0,3485,0,0,0,0,0,0,0,0,0,0,0,0,0,0,0,0,0,0,0,9310030612046525207,9310030612046525207,9310030612046525207,7454568188302084491,7454568188302084491,7454568188302084491
367,20,2799,8,10,0.245298,11410.60,0.114486,24448.31,0.094658,29569.75,0.090334,30984.98,0.107408,26059.54,0.105282,26585.67,0.169769,16487.13,0.248612,0.013566,0.012918,0.105282,0.380378,0.033283,19,244616,268956,2030044,1995,0,0,0,4006,0,0,0,0,0,0,0,0,0,0,0,0,0,0,0,0,0,0,0,4096374442652112859,4096374442652112859,4096374442652112859,15115776620388287202,15115776620388287202,15115776620388287202
368,20,2972,8,10,0.268770,11057.80,0.129744,22906.72,0.108743,27330.44,0.100406,29599.91,0.121934,24373.75,0.115694,25688.49,0.196999,15086.33,0.270461,0.015272,0.012663,0.115694,0.414090,0.038585,19,256127,302012,2104112,2944,0,0,0,5081,0,0,0,0,0,0,0,0,0,0,0,0,0,0,0,0,0,0,0,9957008371749713851,9957008371749713851,9957008371749713851,3726223461615484393,3726223461615484393,3726223461615484393
369,20,2753,8,10,0.395637,6958.41,0.267668,10285.12,0.206758,13315.10,0.194799,14132.51,0.263956,10429.76,0.208829,13183.03,0.332302,8284.63,0.399462,0.011751,0.019674,0.208829,0.639716,0.031659,7,218009,240149,1833252,1681,0,0,0,2209,0,0,0,0,0,0,0,0,0,0,0,0,0,0,0,0,0,0,0,8320402958887159034,8320402958887159034,8320402958887159034,12323170896624944375,12323170896624944375,12323170896624944375
370,20,2971,8,10,0.319597,9296.08,0.168422,17640.23,0.142049,20915.32,0.094444,31457.89,0.155505,19105.47,0.142475,20852.80,0.220102,13498.31,0.319398,0.014711,0.014365,0.142475,0.490949,0.036613,17,237469,271309,1999276,2061,0,0,0,3925,0,0,0,0,0,0,0,0,0,0,0,0,0,0,0,0,0,0,0,12301169256383464379,12301169256383464379,12301169256383464379,13256831660029350902,13256831660029350902,13256831660029350902
371,20,3026,8,10,0.256288,11807.05,0.125892,24036.52,0.084819,35676.01,0.078043,38773.68,0.120882,25032.70,0.108296,27941.86,0.178791,16924.76,0.256566,0.015304,0.013702,0.108296,0.393869,0.036194,16,241828,272188,2021128,2059,0,0,0,3727,0,0,0,0,0,0,0,0,0,0,0,0,0,0,0,0,0,0,0,18284062570313754294,18284062570313754294,18284062570313754294,14738725086217803321,14738725086217803321,14738725086217803321
372,20,3274,8,10,0.235006,13931.54,0.110566,29611.24,0.086804,37717.30,0.077307,42350.39,0.107182,30546.26,0.101798,32161.60,0.165004,19841.93,0.236996,0.020471,0.017083,0.101798,0.376348,0.041105,18,245397,282882,2047656,2309,0,0,0,4065,0,0,0,0,0,0,0,0,0,0,0,0,0,0,0,0,0,0,0,6588499550407985503,6588499550407985503,6588499550407985503,7999868013543098949,7999868013543098949,7999868013543098949
373,20,3159,8,10,0.361197,8745.91,0.220143,14349.78,0.145246,21749.38,0.103916,30399.61,0.216910,14563.63,0.174926,18059.02,0.281730,11212.85,0.362923,0.015462,0.023049,0.174926,0.576361,0.040893,8,256650,293365,2127004,2589,0,0,0,3961,0,0,0,0,0,0,0,0,0,0,0,0,0,0,0,0,0,0,0,4827142407861207745,4827142407861207745,4827142407861207745,7693244640448840289,7693244640448840289,7693244640448840289
374,20,3329,8,10,0.252106,13204.78,0.118165,28172.56,0.089870,37042.20,0.079898,41665.47,0.108841,30585.86,0.098936,33647.89,0.192314,17310.21,0.254107,0.016349,0.015395,0.098936,0.384788,0.042176,16,266799,336824,2162340,3142,0,0,0,4432,0,0,0,0,0,0,0,0,0,0,0,0,0,0,0,0,0,0,0,13365449009360000735,13365449009360000735,13365449009360000735,4360437960870767277,4360437960870767277,4360437960870767277
375,20,3574,8,10,0.237950,15019.93,0.116513,30674.66,0.087230,40972.14,0.083165,42974.78,0.109905,32519.00,0.107003,33400.98,0.179199,19944.34,0.240148,0.015977,0.015364,0.107003,0.378492,0.045688,17,262995,358675,2166040,2812,0,0,0,3866,0,0,0,0,0,0,0,0,0,0,0,0,0,0,0,0,0,0,0,14022444325354628141,14022444325354628141,14022444325354628141,18081060611236504574,18081060611236504574,18081060611236504574
376,20,2850,8,10,0.210035,13569.14,0.094295,30224.26,0.076728,37144.42,0.073499,38776.19,0.088851,32076.10,0.086279,33032.38,0.142043,20064.36,0.211878,0.013583,0.019262,0.086279,0.331003,0.031859,18,225272,252742,1939208,1992,0,0,0,3537,0,0,0,0,0,0,0,0,0,0,0,0,0,0,0,0,0,0,0,1909224745531930148,1909224745531930148,1909224745531930148,10139086293089373636,10139086293089373636,10139086293089373636
377,20,2736,8,10,0.301254,9082.03,0.155950,17544.13,0.087754,31178.23,0.084980,32195.81,0.149217,18335.77,0.133448,20502.40,0.229776,11907.23,0.302344,0.014697,0.013158,0.133448,0.463646,0.031106,16,233978,262313,1972896,2203,0,0,0,3483,0,0,0,0,0,0,0,0,0,0,0,0,0,0,0,0,0,0,0,13740215406734128118,13740215406734128118,13740215406734128118,4079325860494507065,4079325860494507065,4079325860494507065
378,20,2752,8,10,0.221769,12409.31,0.103204,26665.61,0.076448,35998.27,0.074417,36980.77,0.097775,28146.29,0.088026,31263.35,0.166746,16504.10,0.223618,0.015184,0.012446,0.088026,0.339274,0.031847,18,222652,249922,1826880,1816,0,0,0,3514,0,0,0,0,0,0,0,0,0,0,0,0,0,0,0,0,0,0,0,17149808796823565357,17149808796823565357,17149808796823565357,12906919476439851373,12906919476439851373,12906919476439851373
379,20,3495,8,10,0.229614,15221.20,0.087431,39974.39,0.077952,44835.54,0.075703,46167.18,0.085247,40998.57,0.085274,40985.73,0.149388,23395.41,0.231726,0.016950,0.013576,0.085274,0.347526,0.049661,19,268325,319255,2262300,2540,0,0,0,4128,0,0,0,0,0,0,0,0,0,0,0,0,0,0,0,0,0,0,0,12351897404301530593,12351897404301530593,12351897404301530593,7680298099073576019,7680298099073576019,7680298099073576019
380,20,3140,8,10,0.193087,16262.12,0.078210,40148.47,0.070312,44658.40,0.069975,44873.30,0.075530,41572.82,0.075910,41364.79,0.137546,22828.64,0.195000,0.014542,0.012503,0.075910,0.297955,0.044069,19,237448,287388,1995728,2234,0,0,0,3818,0,0,0,0,0,0,0,0,0,0,0,0,0,0,0,0,0,0,0,13668864507054821946,13668864507054821946,13668864507054821946,86206290543452695,86206290543452695,86206290543452695
381,20,2811,8,10,0.262343,10714.99,0.137162,20494.03,0.091263,30801.22,0.074156,37906.62,0.129730,21668.11,0.111078,25306.64,0.191889,14649.12,0.264238,0.014706,0.013931,0.111078,0.403952,0.031963,15,219842,241867,1872012,1812,0,0,0,3470,0,0,0,0,0,0,0,0,0,0,0,0,0,0,0,0,0,0,0,15771324417550543130,15771324417550543130,15771324417550543130,11148848746073560623,11148848746073560623,11148848746073560623
382,20,2706,8,10,0.444675,6085.34,0.320370,8446.48,0.260408,10391.37,0.250755,10791.40,0.315636,8573.18,0.296327,9131.81,0.376283,7191.40,0.447129,0.011705,0.012502,0.296327,0.767662,0.030354,15,216664,241384,1858536,1951,0,0,0,2510,0,0,0,0,0,0,0,0,0,0,0,0,0,0,0,0,0,0,0,8008581970629210604,8008581970629210604,8008581970629210604,5208470719863860521,5208470719863860521,5208470719863860521
383,20,2736,8,10,0.382496,7153.01,0.255559,10705.96,0.190939,14329.18,0.186414,14676.99,0.249054,10985.57,0.186164,14696.76,0.308860,8858.37,0.384180,0.012322,0.022352,0.186164,0.605017,0.030256,5,216059,235159,1819840,1643,0,0,0,2903,0,0,0,0,0,0,0,0,0,0,0,0,0,0,0,0,0,0,0,16270754662471833932,16270754662471833932,16270754662471833932,10596049621896581164,10596049621896581164,10596049621896581164
384,20,2881,8,10,0.236628,12175.25,0.101573,28363.70,0.076796,37514.74,0.073911,38979.14,0.099833,28858.05,0.094685,30427.24,0.153262,18797.89,0.238054,0.014664,0.011773,0.094685,0.359176,0.034759,19,234680,257640,1985828,1787,0,0,0,3668,0,0,0,0,0,0,0,0,0,0,0,0,0,0,0,0,0,0,0,8585597391544971475,8585597391544971475,8585597391544971475,2732377854707424675,2732377854707424675,2732377854707424675
385,20,2969,8,10,0.281032,10564.64,0.142823,20788.03,0.111145,26712.91,0.075997,39067.53,0.133159,22296.65,0.118922,24965.91,0.200404,14815.04,0.282789,0.014902,0.014874,0.118922,0.431488,0.037160,16,242612,277467,2018308,2199,0,0,0,3893,0,0,0,0,0,0,0,0,0,0,0,0,0,0,0,0,0,0,0,10516959921088576225,10516959921088576225,10516959921088576225,12172499269029239814,12172499269029239814,12172499269029239814
386,20,3034,8,10,0.219531,13820.35,0.097699,31054.57,0.079495,38165.72,0.072027,42122.94,0.094662,32050.75,0.084093,36079.20,0.150514,20157.61,0.220423,0.014718,0.013476,0.084093,0.332710,0.036567,17,234707,258742,1972616,1635,0,0,0,3256,0,0,0,0,0,0,0,0,0,0,0,0,0,0,0,0,0,0,0,375146542415259556,375146542415259556,375146542415259556,15035324899510640446,15035324899510640446,15035324899510640446
387,20,2868,8,10,0.222560,12886.44,0.117035,24505.49,0.077635,36942.04,0.071311,40218.44,0.110312,25998.95,0.093636,30629.14,0.175796,16314.41,0.224241,0.013921,0.013259,0.093636,0.345058,0.032481,16,223094,247004,1863696,1823,0,0,0,3242,0,0,0,0,0,0,0,0,0,0,0,0,0,0,0,0,0,0,0,653041605877675855,653041605877675855,653041605877675855,5590961652716261156,5590961652716261156,5590961652716261156
388,20,2864,8,10,0.369617,7748.57,0.248831,11509.82,0.198989,14392.72,0.186800,15331.88,0.246000,11642.29,0.218866,13085.61,0.306368,9348.24,0.366967,0.013314,0.016751,0.218866,0.615899,0.033101,13,221898,246428,1849664,1850,0,0,0,3227,0,0,0,0,0,0,0,0,0,0,0,0,0,0,0,0,0,0,0,5446173396859448104,5446173396859448104,5446173396859448104,11534780056518124740,11534780056518124740,11534780056518124740
389,20,3391,8,10,0.259091,13088.05,0.143023,23709.55,0.079430,42691.58,0.074501,45516.08,0.136114,24912.99,0.118239,28679.10,0.222771,15221.89,0.261905,0.014930,0.016284,0.118239,0.411358,0.045362,16,243597,502322,2044572,4209,0,0,0,5422,0,0,0,0,0,0,0,0,0,0,0,0,0,0,0,0,0,0,0,10950897944219245084,10950897944219245084,10950897944219245084,3584317838950393899,3584317838950393899,3584317838950393899
390,20,2985,8,10,0.269222,11087.51,0.158148,18874.67,0.124188,24036.14,0.094495,31589.03,0.157744,18923.09,0.147100,20292.36,0.239602,12458.17,0.270741,0.013696,0.014807,0.147100,0.446344,0.035249,16,226215,317430,1896516,2847,0,0,0,4771,0,0,0,0,0,0,0,0,0,0,0,0,0,0,0,0,0,0,0,5074412406571595452,5074412406571595452,5074412406571595452,3319796996794708177,3319796996794708177,3319796996794708177
391,20,2926,8,10,0.380792,7683.99,0.264497,11062.51,0.217794,13434.71,0.187580,15598.71,0.261077,11207.43,0.216271,13529.32,0.328990,8893.89,0.383155,0.013221,0.022019,0.216271,0.634665,0.034512,8,230326,264671,1951704,2382,0,0,0,3972,0,0,0,0,0,0,0,0,0,0,0,0,0,0,0,0,0,0,0,13861360655956477221,13861360655956477221,13861360655956477221,10082281580739258794,10082281580739258794,10082281580739258794
392,20,2929,8,10,0.255620,11458.41,0.129654,22590.97,0.085366,34311.09,0.083004,35287.50,0.124141,23594.07,0.114771,25520.29,0.202993,14429.10,0.256509,0.014435,0.013408,0.114771,0.399124,0.034496,17,237259,267509,1986628,2175,0,0,0,3964,0,0,0,0,0,0,0,0,0,0,0,0,0,0,0,0,0,0,0,2593375974532629330,2593375974532629330,2593375974532629330,12096224965467295114,12096224965467295114,12096224965467295114
393,20,3229,8,10,0.255043,12660.61,0.113852,28361.33,0.092946,34740.63,0.086091,37507.04,0.107994,29899.80,0.106530,30310.57,0.182863,17658.03,0.256730,0.015046,0.012674,0.106530,0.390980,0.042241,20,250264,287319,2110388,2478,0,0,0,4479,0,0,0,0,0,0,0,0,0,0,0,0,0,0,0,0,0,0,0,9490958484947348327,9490958484947348327,9490958484947348327,10132263583285625786,10132263583285625786,10132263583285625786
394,20,3216,8,10,0.218266,14734.31,0.108252,29708.34,0.091558,35125.38,0.089408,35970.12,0.105086,30603.58,0.097846,32867.83,0.160303,20062.03,0.219833,0.015704,0.014041,0.097846,0.347425,0.039229,18,250902,293647,2100768,2506,0,0,0,4674,0,0,0,0,0,0,0,0,0,0,0,0,0,0,0,0,0,0,0,6518804574638931008,6518804574638931008,6518804574638931008,9241013929342494849,9241013929342494849,9241013929342494849
395,20,3264,8,10,0.294389,11087.37,0.176476,18495.45,0.135047,24169.35,0.104949,31100.87,0.171909,18986.76,0.146134,22335.74,0.250827,13012.97,0.295428,0.014259,0.015333,0.146134,0.471154,0.040598,15,245480,319830,2131200,3116,0,0,0,5109,0,0,0,0,0,0,0,0,0,0,0,0,0,0,0,0,0,0,0,6525793298530848278,6525793298530848278,6525793298530848278,237302580905125868,237302580905125868,237302580905125868
396,20,3026,8,10,0.253543,11934.84,0.132306,22871.25,0.090174,33557.39,0.086471,34994.47,0.126623,23897.78,0.121520,24901.26,0.200316,15106.15,0.255848,0.016251,0.012373,0.121520,0.405992,0.037681,19,243504,274539,2047880,2179,0,0,0,4542,0,0,0,0,0,0,0,0,0,0,0,0,0,0,0,0,0,0,0,11477351961302489394,11477351961302489394,11477351961302489394,8090740258546383682,8090740258546383682,8090740258546383682
397,20,3243,8,10,0.300980,10774.79,0.162744,19927.00,0.139923,23177.09,0.092128,35200.84,0.158058,20517.76,0.153534,21122.35,0.218677,14830.11,0.302312,0.018233,0.014797,0.153534,0.488876,0.044618,18,282123,320228,2316716,2784,0,0,0,5009,0,0,0,0,0,0,0,0,0,0,0,0,0,0,0,0,0,0,0,8992768359883033566,8992768359883033566,8992768359883033566,709114525403644953,709114525403644953,709114525403644953
398,20,3043,8,10,0.319947,9510.94,0.196293,15502.33,0.163406,18622.29,0.125949,24160.66,0.191376,15900.62,0.168255,18085.67,0.247955,12272.39,0.320914,0.016484,0.018967,0.168255,0.524619,0.039720,14,253169,296814,2122412,2395,0,0,0,4328,0,0,0,0,0,0,0,0,0,0,0,0,0,0,0,0,0,0,0,16065566896839095046,16065566896839095046,16065566896839095046,3866918599673775291,3866918599673775291,3866918599673775291
399,20,3267,8,10,0.184500,17707.30,0.091023,35891.95,0.086546,37748.90,0.083953,38914.46,0.089405,36541.61,0.088628,36861.85,0.150645,21686.75,0.187023,0.015747,0.012669,0.088628,0.304068,0.042341,20,250194,458139,2110444,3301,0,0,0,5706,0,0,0,0,0,0,0,0,0,0,0,0,0,0,0,0,0,0,0,15886939464148072322,15886939464148072322,15886939464148072322,8641249265673783611,8641249265673783611,8641249265673783611
400,20,3365,8,10,0.209209,16084.40,0.104980,32053.85,0.091044,36960.19,0.087776,38336.15,0.098274,34240.86,0.093800,35874.33,0.156641,21482.18,0.212257,0.016336,0.022745,0.093800,0.345138,0.044785,18,262366,305731,2206900,2656,0,0,0,4744,0,0,0,0,0,0,0,0,0,0,0,0,0,0,0,0,0,0,0,7532623968421970970,7532623968421970970,7532623968421970970,2192573053841057844,2192573053841057844,2192573053841057844
401,20,3073,8,10,0.199896,15373.01,0.099815,30787.02,0.105259,29194.67,0.086707,35441.23,0.092608,33182.92,0.092877,33086.92,0.142794,21520.47,0.202735,0.014888,0.017395,0.092877,0.327895,0.038664,17,245523,280838,2102052,2164,0,0,0,4388,0,0,0,0,0,0,0,0,0,0,0,0,0,0,0,0,0,0,0,2596090149206063123,2596090149206063123,2596090149206063123,17729896516292923420,17729896516292923420,17729896516292923420
402,20,3165,8,10,0.213382,14832.52,0.111877,28290.10,0.093057,34011.59,0.087422,36203.79,0.100649,31445.93,0.098742,32053.37,0.158766,19935.01,0.216177,0.014950,0.012609,0.098742,0.342478,0.039948,19,247053,283733,2064564,2358,0,0,0,4214,0,0,0,0,0,0,0,0,0,0,0,0,0,0,0,0,0,0,0,2642407075535614400,2642407075535614400,2642407075535614400,13712480691383717702,13712480691383717702,13712480691383717702
403,20,2941,8,10,0.410864,7158.08,0.261025,11267.10,0.144103,20409.05,0.144300,20381.12,0.252533,11646.00,0.191956,15321.24,0.333336,8822.93,0.407068,0.014671,0.025854,0.191956,0.639549,0.035264,5,231819,257004,2002228,1932,0,0,0,2765,0,0,0,0,0,0,0,0,0,0,0,0,0,0,0,0,0,0,0,9799484507788393347,9799484507788393347,9799484507788393347,14904539807941164262,14904539807941164262,14904539807941164262
404,20,2755,8,10,0.331023,8322.69,0.208995,13182.16,0.158656,17364.62,0.140395,19623.14,0.201191,13693.44,0.157112,17535.24,0.258053,10676.09,0.329351,0.013761,0.020648,0.157112,0.520872,0.030656,9,218784,239784,1844716,1691,0,0,0,3375,0,0,0,0,0,0,0,0,0,0,0,0,0,0,0,0,0,0,0,1876275406203433775,1876275406203433775,1876275406203433775,1040520225569102032,1040520225569102032,1040520225569102032
405,20,2850,8,10,0.331869,8587.73,0.199471,14287.77,0.109982,25913.24,0.109062,26131.98,0.191439,14887.28,0.156985,18154.62,0.256078,11129.40,0.332913,0.014875,0.020045,0.156985,0.524818,0.032138,9,227610,258275,1948008,1797,0,0,0,3061,0,0,0,0,0,0,0,0,0,0,0,0,0,0,0,0,0,0,0,7686417109399764388,7686417109399764388,7686417109399764388,1223321351944921564,1223321351944921564,1223321351944921564
406,20,2958,8,10,0.225286,13129.99,0.097733,30266.01,0.084633,34950.85,0.078503,37679.94,0.096497,30653.79,0.089673,32986.51,0.156243,18932.07,0.228569,0.013050,0.012334,0.089673,0.343626,0.035513,19,242685,306725,2012568,2412,0,0,0,4205,0,0,0,0,0,0,0,0,0,0,0,0,0,0,0,0,0,0,0,12318682746348428060,12318682746348428060,12318682746348428060,14085983701317236947,14085983701317236947,14085983701317236947
407,20,2977,8,10,0.376120,7915.02,0.251241,11849.18,0.205375,14495.45,0.194373,15315.89,0.248571,11976.46,0.239980,12405.20,0.313788,9487.31,0.377127,0.017745,0.015342,0.239980,0.650194,0.035593,15,237129,270619,1972580,2162,0,0,0,3517,0,0,0,0,0,0,0,0,0,0,0,0,0,0,0,0,0,0,0,4684195551999295539,4684195551999295539,4684195551999295539,9534111499161891085,9534111499161891085,9534111499161891085
408,20,3243,8,10,0.277045,11705.70,0.167771,19329.91,0.101272,32022.65,0.091755,35343.94,0.157212,20628.24,0.139244,23289.98,0.212482,15262.47,0.279849,0.014131,0.019813,0.139244,0.453037,0.040767,14,243203,273233,2080044,2105,0,0,0,3740,0,0,0,0,0,0,0,0,0,0,0,0,0,0,0,0,0,0,0,16943317370672659356,16943317370672659356,16943317370672659356,2624795530287393883,2624795530287393883,2624795530287393883
409,20,3377,8,10,0.223635,15100.51,0.089405,37771.83,0.070470,47921.27,0.063350,53306.90,0.087443,38619.57,0.078467,43037.11,0.144267,23407.98,0.224736,0.016630,0.015403,0.078467,0.335237,0.045699,15,263233,306148,2124132,2446,0,0,0,3867,0,0,0,0,0,0,0,0,0,0,0,0,0,0,0,0,0,0,0,1067313141255644048,1067313141255644048,1067313141255644048,12206227068899801408,12206227068899801408,12206227068899801408
410,20,3579,8,10,0.216777,16510.04,0.103427,34604.03,0.075051,47687.80,0.071831,49825.62,0.100809,35502.74,0.089954,39786.82,0.155387,23032.88,0.219057,0.016025,0.016411,0.089954,0.341447,0.049839,14,259436,312686,2161900,2843,0,0,0,4340,0,0,0,0,0,0,0,0,0,0,0,0,0,0,0,0,0,0,0,6604224604588117258,6604224604588117258,6604224604588117258,1751259229509834798,1751259229509834798,1751259229509834798
411,20,3228,8,10,0.258929,12466.72,0.137935,23402.39,0.077217,41804.53,0.073031,44200.65,0.134645,23974.09,0.113307,28488.98,0.190012,16988.43,0.262690,0.014301,0.017048,0.113307,0.407345,0.042078,13,251037,280082,2071728,1858,0,0,0,2963,0,0,0,0,0,0,0,0,0,0,0,0,0,0,0,0,0,0,0,3186489921772269111,3186489921772269111,3186489921772269111,17848078536370413843,17848078536370413843,17848078536370413843
412,20,3214,8,10,0.242222,13268.81,0.116509,27585.93,0.085214,37716.67,0.080221,40064.25,0.112754,28504.58,0.103152,31157.97,0.164879,19493.06,0.245706,0.014105,0.016303,0.103152,0.379266,0.042381,16,262671,289456,2173464,2057,0,0,0,3677,0,0,0,0,0,0,0,0,0,0,0,0,0,0,0,0,0,0,0,2550288412978722544,2550288412978722544,2550288412978722544,3791845934049233406,3791845934049233406,3791845934049233406
413,20,3088,8,10,0.203150,15200.62,0.082053,37634.16,0.075354,40979.85,0.072625,42519.66,0.079176,39001.63,0.076116,40569.73,0.133227,23178.40,0.205455,0.015456,0.017630,0.076116,0.314656,0.043561,16,239480,265595,1981664,1790,0,0,0,3190,0,0,0,0,0,0,0,0,0,0,0,0,0,0,0,0,0,0,0,11755282042752177202,11755282042752177202,11755282042752177202,17178372019980503716,17178372019980503716,17178372019980503716
414,20,3318,8,10,0.208726,15896.43,0.085200,38943.56,0.073915,44889.23,0.070921,46784.64,0.082217,40356.61,0.076575,43330.10,0.140955,23539.38,0.212605,0.014853,0.014165,0.076575,0.318197,0.044670,17,247808,273278,2038648,1746,0,0,0,3168,0,0,0,0,0,0,0,0,0,0,0,0,0,0,0,0,0,0,0,10320906930186518258,10320906930186518258,10320906930186518258,3799895688496636304,3799895688496636304,3799895688496636304
415,20,3081,8,10,0.218026,14131.31,0.093656,32896.93,0.076541,40252.87,0.073502,41917.33,0.091237,33769.25,0.087516,35205.01,0.144616,21304.65,0.221229,0.015666,0.013340,0.087516,0.337750,0.042355,17,244037,271997,1969444,1902,0,0,0,3469,0,0,0,0,0,0,0,0,0,0,0,0,0,0,0,0,0,0,0,14524800421554277833,14524800421554277833,14524800421554277833,6766853805007791088,6766853805007791088,6766853805007791088
416,20,3338,8,10,0.250441,13328.48,0.109357,30523.86,0.073020,45713.73,0.070366,47437.81,0.100684,33153.11,0.092565,36061.06,0.177090,18849.13,0.253818,0.017019,0.018894,0.092565,0.382296,0.044435,15,260347,285087,2144488,1711,0,0,0,2904,0,0,0,0,0,0,0,0,0,0,0,0,0,0,0,0,0,0,0,3891945796090140439,3891945796090140439,3891945796090140439,16992155381776878652,16992155381776878652,16992155381776878652
417,20,3550,8,10,0.231858,15311.07,0.103061,34445.52,0.072950,48663.42,0.071528,49630.80,0.093237,38075.17,0.086476,41051.77,0.167128,21241.15,0.235389,0.016023,0.016345,0.086476,0.354233,0.047267,15,261280,322480,2164664,2516,0,0,0,3916,0,0,0,0,0,0,0,0,0,0,0,0,0,0,0,0,0,0,0,7075790078818827335,7075790078818827335,7075790078818827335,6837679982381291180,6837679982381291180,6837679982381291180
418,20,3405,8,10,0.211411,16106.07,0.096750,35193.76,0.092520,36802.83,0.089109,38211.49,0.094271,36119.38,0.095339,35714.68,0.156862,21707.02,0.213615,0.015678,0.014223,0.095339,0.338854,0.045223,19,259636,365961,2250484,3188,0,0,0,4928,0,0,0,0,0,0,0,0,0,0,0,0,0,0,0,0,0,0,0,12211841965815808324,12211841965815808324,12211841965815808324,3850923555534021699,3850923555534021699,3850923555534021699
419,20,3015,8,10,0.198263,15207.05,0.121867,24740.10,0.109615,27505.32,0.097618,30885.60,0.109014,27657.12,0.107800,27968.58,0.160315,18806.76,0.200688,0.014888,0.012363,0.107800,0.335738,0.034834,19,233991,271571,2021372,2534,0,0,0,4530,0,0,0,0,0,0,0,0,0,0,0,0,0,0,0,0,0,0,0,10905001083092658214,10905001083092658214,10905001083092658214,8882839673448037468,8882839673448037468,8882839673448037468
420,20,3049,8,10,0.197495,15438.36,0.086335,35316.12,0.077806,39187.38,0.074585,40879.66,0.085542,35643.44,0.081912,37222.95,0.137824,22122.42,0.199329,0.018640,0.016502,0.081912,0.316383,0.037328,18,244878,277493,2033700,2033,0,0,0,3773,0,0,0,0,0,0,0,0,0,0,0,0,0,0,0,0,0,0,0,7653155149466669326,7653155149466669326,7653155149466669326,9750326263782580184,9750326263782580184,9750326263782580184
421,20,3209,8,10,0.203043,15804.52,0.105505,30415.50,0.101811,31519.22,0.091379,35117.51,0.095823,33488.73,0.098099,32711.93,0.143391,22379.44,0.200389,0.015565,0.012991,0.098099,0.327045,0.041970,20,253086,290216,2135044,2304,0,0,0,4165,0,0,0,0,0,0,0,0,0,0,0,0,0,0,0,0,0,0,0,4053773512730301901,4053773512730301901,4053773512730301901,1491872529832006811,1491872529832006811,1491872529832006811
422,20,3545,8,10,0.204315,17350.66,0.086433,41014.63,0.079199,44760.93,0.075800,46768.06,0.083364,42524.30,0.080350,44119.58,0.135445,26172.89,0.207306,0.016271,0.014841,0.080350,0.318769,0.053452,17,277283,306103,2249956,1978,0,0,0,3738,0,0,0,0,0,0,0,0,0,0,0,0,0,0,0,0,0,0,0,12790255937983730365,12790255937983730365,12790255937983730365,10625627015674868585,10625627015674868585,10625627015674868585
423,20,3323,8,10,0.227494,14607.00,0.106332,31251.04,0.087959,37778.88,0.082072,40488.94,0.099661,33342.98,0.092542,35908.06,0.163765,20291.22,0.229716,0.016197,0.015012,0.092542,0.353467,0.046150,16,261021,292381,2179084,2202,0,0,0,4036,0,0,0,0,0,0,0,0,0,0,0,0,0,0,0,0,0,0,0,16077563012404716086,16077563012404716086,16077563012404716086,9635790405397659713,9635790405397659713,9635790405397659713
424,20,3478,8,10,0.209609,16592.81,0.104643,33236.84,0.098339,35367.59,0.093100,37357.67,0.101831,34154.49,0.100586,34577.22,0.158621,21926.54,0.212188,0.015624,0.013333,0.100586,0.341732,0.045092,20,264857,323447,2256728,2760,0,0,0,4915,0,0,0,0,0,0,0,0,0,0,0,0,0,0,0,0,0,0,0,10132185636781687130,10132185636781687130,10132185636781687130,1840310082558144740,1840310082558144740,1840310082558144740
425,20,3595,8,10,0.217909,16497.73,0.093104,38612.83,0.083213,43202.49,0.079159,45414.83,0.089684,40085.08,0.086772,41430.50,0.164325,21877.33,0.220459,0.017672,0.018045,0.086772,0.342948,0.048454,14,264009,323184,2157292,2289,0,0,0,4073,0,0,0,0,0,0,0,0,0,0,0,0,0,0,0,0,0,0,0,5291016003806370592,5291016003806370592,5291016003806370592,6680841251922928492,6680841251922928492,6680841251922928492
426,20,3053,8,10,0.211541,14432.16,0.094396,32342.53,0.077997,39142.77,0.074183,41154.76,0.092149,33131.22,0.092307,33074.46,0.152220,20056.48,0.213269,0.015468,0.012426,0.092307,0.333471,0.037736,18,234191,262381,1891188,1998,0,0,0,3561,0,0,0,0,0,0,0,0,0,0,0,0,0,0,0,0,0,0,0,16446489623714592410,16446489623714592410,16446489623714592410,3956144524721577011,3956144524721577011,3956144524721577011
427,20,3208,8,10,0.206568,15529.96,0.091358,35114.74,0.084299,38055.22,0.081507,39358.41,0.090150,35585.29,0.085798,37390.31,0.135552,23666.24,0.208086,0.015135,0.013946,0.085798,0.322965,0.040628,17,245993,276663,2017568,2092,0,0,0,3919,0,0,0,0,0,0,0,0,0,0,0,0,0,0,0,0,0,0,0,14738777802831562225,14738777802831562225,14738777802831562225,16462845568903880287,16462845568903880287,16462845568903880287
428,20,3189,8,10,0.198683,16050.69,0.083863,38026.16,0.081609,39076.38,0.077556,41118.80,0.084105,37917.10,0.082281,38757.49,0.142979,22303.97,0.200706,0.015160,0.015037,0.082281,0.313184,0.040430,18,246086,294636,1988052,2131,0,0,0,4078,0,0,0,0,0,0,0,0,0,0,0,0,0,0,0,0,0,0,0,3479765067618625180,3479765067618625180,3479765067618625180,12154486126106562462,12154486126106562462,12154486126106562462
429,20,3325,8,10,0.241486,13768.90,0.118142,28144.18,0.109383,30397.85,0.101845,32647.49,0.113934,29183.59,0.108633,30607.52,0.189731,17524.79,0.245293,0.016014,0.014186,0.108633,0.384127,0.043999,19,265063,319763,2146516,3039,0,0,0,5432,0,0,0,0,0,0,0,0,0,0,0,0,0,0,0,0,0,0,0,2045045168514272127,2045045168514272127,2045045168514272127,15988546531497318773,15988546531497318773,15988546531497318773
430,20,3052,8,10,0.201530,15144.14,0.094573,32271.24,0.089817,33980.32,0.087052,35059.39,0.094651,32244.91,0.094735,32216.09,0.148990,20484.59,0.204413,0.015642,0.012241,0.094735,0.327031,0.038228,20,241679,284894,2005424,2653,0,0,0,4670,0,0,0,0,0,0,0,0,0,0,0,0,0,0,0,0,0,0,0,14345393528630036753,14345393528630036753,14345393528630036753,9130125057441678258,9130125057441678258,9130125057441678258
431,20,3289,8,10,0.207974,15814.51,0.093689,35105.54,0.079642,41297.49,0.075707,43443.64,0.090469,36354.89,0.086338,38094.28,0.146641,22428.92,0.210877,0.015040,0.014146,0.086338,0.326402,0.042593,17,251984,286264,2085956,2115,0,0,0,3587,0,0,0,0,0,0,0,0,0,0,0,0,0,0,0,0,0,0,0,16777342139571945845,16777342139571945845,16777342139571945845,4909385826086129189,4909385826086129189,4909385826086129189
432,20,3462,8,10,0.205393,16855.46,0.107697,32145.62,0.100193,34553.22,0.097049,35672.55,0.107448,32220.36,0.107059,32337.40,0.162134,21352.74,0.209753,0.015754,0.013795,0.107059,0.346361,0.045352,20,262557,311197,2158872,2796,0,0,0,5198,0,0,0,0,0,0,0,0,0,0,0,0,0,0,0,0,0,0,0,15032437742473988007,15032437742473988007,15032437742473988007,16177993585000313336,16177993585000313336,16177993585000313336
433,20,3348,8,10,0.202769,16511.42,0.101861,32868.21,0.089114,37570.06,0.082871,40400.19,0.098858,33866.68,0.094327,35493.55,0.150639,22225.38,0.205239,0.016389,0.014320,0.094327,0.330275,0.043690,18,259199,294074,2117584,2313,0,0,0,4245,0,0,0,0,0,0,0,0,0,0,0,0,0,0,0,0,0,0,0,7933122981985078813,7933122981985078813,7933122981985078813,16192797673546021912,16192797673546021912,16192797673546021912
434,20,3873,8,10,0.246395,15718.69,0.094147,41137.82,0.083451,46410.53,0.082991,46667.59,0.092859,41708.50,0.089775,43141.18,0.176155,21986.35,0.250951,0.016577,0.016646,0.089775,0.373949,0.055772,17,301897,429087,2400676,2798,0,0,0,4799,0,0,0,0,0,0,0,0,0,0,0,0,0,0,0,0,0,0,0,3443227440167287727,3443227440167287727,3443227440167287727,16436017383258473643,16436017383258473643,16436017383258473643
435,20,3313,8,10,0.260721,12707.05,0.113124,29286.39,0.096165,34451.08,0.092073,35982.44,0.105257,31475.22,0.104367,31743.60,0.184525,17954.22,0.262987,0.017545,0.014646,0.104367,0.399546,0.048484,18,278483,325183,2257636,2685,0,0,0,4608,0,0,0,0,0,0,0,0,0,0,0,0,0,0,0,0,0,0,0,10253977203824255252,10253977203824255252,10253977203824255252,8651131081377049183,8651131081377049183,8651131081377049183
436,20,3041,8,10,0.198165,15345.83,0.087292,34836.98,0.078779,38601.51,0.075291,40389.84,0.082771,36740.00,0.080297,37872.10,0.142147,21393.28,0.200831,0.014305,0.014099,0.080297,0.309531,0.036304,17,231804,259289,1904900,1949,0,0,0,3623,0,0,0,0,0,0,0,0,0,0,0,0,0,0,0,0,0,0,0,16437308817355817924,16437308817355817924,16437308817355817924,13645608749162318678,13645608749162318678,13645608749162318678
437,20,2997,8,10,0.220305,13603.85,0.092668,32341.41,0.078185,38332.23,0.076870,38988.15,0.088482,33871.29,0.084332,35538.00,0.154388,19412.15,0.222137,0.013768,0.012554,0.084332,0.332792,0.036225,19,242017,268277,2008564,1922,0,0,0,3887,0,0,0,0,0,0,0,0,0,0,0,0,0,0,0,0,0,0,0,5533035806987353763,5533035806987353763,5533035806987353763,2365893573451822946,2365893573451822946,2365893573451822946
438,20,3250,8,10,0.228994,14192.53,0.103059,31535.38,0.092976,34955.23,0.089212,36430.25,0.101586,31992.46,0.097062,33483.68,0.169423,19182.79,0.231769,0.014782,0.013564,0.097062,0.357177,0.041445,19,256879,294154,2160488,2293,0,0,0,4636,0,0,0,0,0,0,0,0,0,0,0,0,0,0,0,0,0,0,0,10569082128832279694,10569082128832279694,10569082128832279694,8094897185839800323,8094897185839800323,8094897185839800323
439,20,3386,8,10,0.231449,14629.59,0.116285,29118.06,0.112576,30077.53,0.103133,32831.33,0.114412,29594.82,0.110689,30590.10,0.180895,18718.02,0.234244,0.016586,0.013642,0.110689,0.375161,0.044587,19,276539,350599,2372872,3150,0,0,0,5213,0,0,0,0,0,0,0,0,0,0,0,0,0,0,0,0,0,0,0,5769954741097119338,5769954741097119338,5769954741097119338,8972402064475668302,8972402064475668302,8972402064475668302
440,20,3135,8,10,0.195886,16004.18,0.092111,34035.15,0.089871,34883.42,0.084217,37225.09,0.090462,34655.59,0.089375,35076.84,0.149023,21037.05,0.197318,0.015207,0.013963,0.089375,0.315863,0.036430,19,235561,268091,2007036,2332,0,0,0,4046,0,0,0,0,0,0,0,0,0,0,0,0,0,0,0,0,0,0,0,1270838718035901194,1270838718035901194,1270838718035901194,9442125944229959514,9442125944229959514,9442125944229959514
441,20,3224,8,10,0.218000,14788.97,0.113281,28460.25,0.089096,36185.52,0.085258,37814.78,0.108385,29745.69,0.105178,30652.81,0.171682,18778.90,0.219452,0.016449,0.014314,0.105178,0.355392,0.042306,18,250476,291411,2066752,2387,0,0,0,4242,0,0,0,0,0,0,0,0,0,0,0,0,0,0,0,0,0,0,0,12153563519914040991,12153563519914040991,12153563519914040991,17811047846619150987,17811047846619150987,17811047846619150987
442,20,3272,8,10,0.203419,16085.03,0.104547,31296.83,0.099953,32735.35,0.094340,34683.05,0.103222,31698.65,0.102277,31991.49,0.156173,20951.14,0.205932,0.016980,0.014708,0.102277,0.339897,0.043061,18,267671,328046,2216128,2910,0,0,0,5040,0,0,0,0,0,0,0,0,0,0,0,0,0,0,0,0,0,0,0,3906866179757275755,3906866179757275755,3906866179757275755,10928639373403913215,10928639373403913215,10928639373403913215
443,20,3243,8,10,0.231321,14019.46,0.114182,28402.12,0.111739,29023.05,0.096290,33679.50,0.106437,30468.72,0.106251,30522.07,0.168915,19198.97,0.232279,0.015068,0.013902,0.106251,0.367500,0.041297,19,266717,302622,2190732,2343,0,0,0,4647,0,0,0,0,0,0,0,0,0,0,0,0,0,0,0,0,0,0,0,8321652245310928881,8321652245310928881,8321652245310928881,1635085512804686524,1635085512804686524,1635085512804686524
444,20,3253,8,10,0.206981,15716.42,0.099308,32756.72,0.097870,33237.98,0.089914,36179.05,0.097919,33221.34,0.098267,33103.58,0.150706,21585.11,0.209597,0.015406,0.012903,0.098267,0.336174,0.043113,20,263956,304366,2161204,2589,0,0,0,4792,0,0,0,0,0,0,0,0,0,0,0,0,0,0,0,0,0,0,0,4050985502635688027,4050985502635688027,4050985502635688027,518439134761402335,518439134761402335,518439134761402335
445,20,3204,8,10,0.352231,9096.31,0.237500,13490.50,0.225055,14236.50,0.167474,19131.34,0.235496,13605.34,0.234828,13644.03,0.298800,10722.88,0.353192,0.014166,0.014392,0.234828,0.616578,0.039438,17,246854,291454,2079056,2520,0,0,0,4572,0,0,0,0,0,0,0,0,0,0,0,0,0,0,0,0,0,0,0,18420657222809651045,18420657222809651045,18420657222809651045,763534638385001126,763534638385001126,763534638385001126
446,20,3207,8,10,1.112481,2882.74,0.982932,3262.69,0.931872,3441.46,0.928864,3452.60,0.978667,3276.91,0.931639,3442.32,1.042289,3076.88,1.100792,0.026823,0.030432,0.931639,2.089687,0.038393,4,226327,250482,1978236,1759,0,0,0,1393,0,0,0,0,0,0,0,0,0,0,0,0,0,0,0,0,0,0,0,6939281356898347951,6939281356898347951,6939281356898347951,5569546568683536497,5569546568683536497,5569546568683536497
447,20,3365,8,10,0.245672,13697.14,0.126903,26516.25,0.082093,40990.01,0.079484,42335.78,0.123458,27256.33,0.116468,28892.15,0.186085,18083.14,0.246893,0.015317,0.014530,0.116468,0.393208,0.043480,17,243572,277912,2042740,2111,0,0,0,3890,0,0,0,0,0,0,0,0,0,0,0,0,0,0,0,0,0,0,0,12106059984454640128,12106059984454640128,12106059984454640128,9103075925678388713,9103075925678388713,9103075925678388713
448,20,3218,8,10,0.204162,15761.98,0.087933,36596.24,0.077194,41687.24,0.072837,44180.66,0.084356,38148.04,0.081734,39371.57,0.142545,22575.38,0.206033,0.014968,0.013065,0.081734,0.315801,0.039768,18,241005,266630,1994056,1830,0,0,0,3273,0,0,0,0,0,0,0,0,0,0,0,0,0,0,0,0,0,0,0,14326724628701064891,14326724628701064891,14326724628701064891,3537551357877930924,3537551357877930924,3537551357877930924
449,20,3169,8,10,0.406370,7798.31,0.302568,10473.69,0.210980,15020.41,0.196939,16091.31,0.286365,11066.30,0.275726,11493.31,0.347853,9110.18,0.408413,0.015496,0.014284,0.275726,0.713919,0.039448,18,253393,289833,2044868,2486,0,0,0,4336,0,0,0,0,0,0,0,0,0,0,0,0,0,0,0,0,0,0,0,11798278231609743178,11798278231609743178,11798278231609743178,4863575095957041621,4863575095957041621,4863575095957041621
450,20,3038,8,10,0.270558,11228.63,0.151923,19997.01,0.128353,23669.10,0.087647,34661.62,0.153006,19855.46,0.150303,20212.47,0.204517,14854.49,0.273669,0.014676,0.014186,0.150303,0.452834,0.035787,17,230767,261477,1889816,2154,0,0,0,3974,0,0,0,0,0,0,0,0,0,0,0,0,0,0,0,0,0,0,0,12689007081178824626,12689007081178824626,12689007081178824626,8344729821313952581,8344729821313952581,8344729821313952581
451,20,3188,8,10,0.225540,14134.93,0.103317,30856.51,0.089545,35602.25,0.085859,37130.70,0.102031,31245.48,0.099608,32005.36,0.164503,19379.62,0.225766,0.016727,0.012640,0.099608,0.354742,0.039670,19,257763,298078,2079056,2430,0,0,0,4296,0,0,0,0,0,0,0,0,0,0,0,0,0,0,0,0,0,0,0,9204968815685854765,9204968815685854765,9204968815685854765,4886934677235413890,4886934677235413890,4886934677235413890
452,20,3640,8,10,0.222942,16327.13,0.111503,32644.97,0.086906,41884.55,0.079639,45706.46,0.098296,37031.11,0.094287,38605.70,0.186967,19468.71,0.224606,0.016040,0.017025,0.094287,0.351957,0.045189,15,249104,335129,2169920,2715,0,0,0,3916,0,0,0,0,0,0,0,0,0,0,0,0,0,0,0,0,0,0,0,10851790321862493884,10851790321862493884,10851790321862493884,2489550342403693408,2489550342403693408,2489550342403693408
453,20,3698,8,10,0.213733,17301.94,0.086716,42645.02,0.072705,50863.10,0.069072,53538.39,0.086594,42705.00,0.079029,46792.69,0.159646,23163.81,0.215785,0.016829,0.018649,0.079029,0.330293,0.047910,15,268934,345489,2328232,2661,0,0,0,3893,0,0,0,0,0,0,0,0,0,0,0,0,0,0,0,0,0,0,0,1141767795772841482,1141767795772841482,1141767795772841482,96344785306837448,96344785306837448,96344785306837448
454,20,3446,8,10,0.201896,17068.21,0.098819,34871.86,0.085081,40502.44,0.079126,43550.69,0.090723,37983.96,0.085777,40174.06,0.149017,23124.95,0.203576,0.015788,0.014881,0.085777,0.320021,0.045227,17,267604,308664,2210328,2316,0,0,0,4105,0,0,0,0,0,0,0,0,0,0,0,0,0,0,0,0,0,0,0,15217366571574521679,15217366571574521679,15217366571574521679,2432326067505192043,2432326067505192043,2432326067505192043
455,20,3506,8,10,0.187319,18716.70,0.081700,42912.86,0.077638,45158.46,0.074277,47201.38,0.080137,43750.15,0.081560,42986.78,0.129915,26986.89,0.190231,0.015981,0.014596,0.081560,0.302368,0.045889,18,258073,291988,2116072,2156,0,0,0,3788,0,0,0,0,0,0,0,0,0,0,0,0,0,0,0,0,0,0,0,1230952890188624152,1230952890188624152,1230952890188624152,11612183805392851985,11612183805392851985,11612183805392851985
456,20,3348,8,10,0.291563,11482.92,0.183960,18199.60,0.101230,33073.29,0.098394,34026.41,0.181815,18414.29,0.175617,19064.23,0.240866,13899.84,0.293484,0.015634,0.014263,0.175617,0.498997,0.042749,19,258087,298762,2107856,2620,0,0,0,4498,0,0,0,0,0,0,0,0,0,0,0,0,0,0,0,0,0,0,0,8070953978301535944,8070953978301535944,8070953978301535944,12832124262709696689,12832124262709696689,12832124262709696689
457,20,3240,8,10,0.187849,17247.89,0.087922,36850.81,0.084661,38270.30,0.082318,39359.53,0.087531,37015.61,0.087981,36826.07,0.136752,23692.47,0.189525,0.015577,0.013385,0.087981,0.306469,0.040661,19,244917,279282,1996992,2303,0,0,0,4362,0,0,0,0,0,0,0,0,0,0,0,0,0,0,0,0,0,0,0,16742216378762487547,16742216378762487547,16742216378762487547,13002485195329461853,13002485195329461853,13002485195329461853
458,20,3146,8,10,0.255304,12322.54,0.145573,21611.21,0.087578,35922.21,0.083919,37488.58,0.143333,21948.92,0.125477,25072.33,0.196407,16017.74,0.258211,0.015951,0.015737,0.125477,0.415376,0.039680,15,254421,293956,2048232,2485,0,0,0,4177,0,0,0,0,0,0,0,0,0,0,0,0,0,0,0,0,0,0,0,4201637930747010391,4201637930747010391,4201637930747010391,993652716497345424,993652716497345424,993652716497345424
459,20,3275,8,10,0.190697,17173.83,0.084267,38864.71,0.074986,43675.04,0.072163,45383.41,0.083252,39338.38,0.078724,41601.02,0.130704,25056.56,0.194778,0.014301,0.014921,0.078724,0.302724,0.041546,17,249591,281996,2015660,2200,0,0,0,3721,0,0,0,0,0,0,0,0,0,0,0,0,0,0,0,0,0,0,0,8779206597981012236,8779206597981012236,8779206597981012236,5301384641925605902,5301384641925605902,5301384641925605902
460,20,3356,8,10,0.212794,15771.10,0.116460,28816.68,0.113904,29463.34,0.104973,31970.13,0.112731,29770.02,0.113096,29673.79,0.173799,19309.67,0.214905,0.018036,0.013989,0.113096,0.360027,0.044980,20,276920,340455,2213648,3261,0,0,0,5246,0,0,0,0,0,0,0,0,0,0,0,0,0,0,0,0,0,0,0,4650665042884750262,4650665042884750262,4650665042884750262,6856644146604430691,6856644146604430691,6856644146604430691
461,20,3519,8,10,0.222567,15810.93,0.119243,29511.09,0.101278,34745.94,0.091399,38501.72,0.108440,32451.14,0.102251,34415.15,0.173509,20281.34,0.223897,0.015826,0.013981,0.102251,0.355955,0.046589,18,255725,297625,2147356,2751,0,0,0,5063,0,0,0,0,0,0,0,0,0,0,0,0,0,0,0,0,0,0,0,12581779251779638855,12581779251779638855,12581779251779638855,8172301853963945057,8172301853963945057,8172301853963945057
462,20,3080,8,10,0.210216,14651.58,0.101485,30349.38,0.084020,36657.91,0.080127,38439.19,0.095648,32201.30,0.090062,34198.52,0.163804,18802.99,0.213003,0.014245,0.013352,0.090062,0.330663,0.035598,17,230045,260705,1962560,2233,0,0,0,3889,0,0,0,0,0,0,0,0,0,0,0,0,0,0,0,0,0,0,0,3329271191136089477,3329271191136089477,3329271191136089477,9681024530815467271,9681024530815467271,9681024530815467271
463,20,3059,8,10,0.214884,14235.61,0.103655,29511.45,0.085271,35873.89,0.081234,37656.44,0.099546,30729.53,0.094055,32523.46,0.174056,17574.81,0.218835,0.014028,0.012510,0.094055,0.339429,0.036406,19,235727,273567,1990124,2497,0,0,0,3855,0,0,0,0,0,0,0,0,0,0,0,0,0,0,0,0,0,0,0,16593723330262101191,16593723330262101191,16593723330262101191,15999757677572022917,15999757677572022917,15999757677572022917
464,20,3028,8,10,0.312537,9688.46,0.202348,14964.34,0.154348,19618.01,0.137522,22018.26,0.202052,14986.23,0.171138,17693.30,0.261721,11569.56,0.314042,0.015436,0.019993,0.171138,0.520609,0.035302,11,234146,269846,1949968,2142,0,0,0,3795,0,0,0,0,0,0,0,0,0,0,0,0,0,0,0,0,0,0,0,13927585754009013539,13927585754009013539,13927585754009013539,10102200293658151617,10102200293658151617,10102200293658151617
465,20,3008,8,10,0.260760,11535.51,0.149379,20136.70,0.077692,38716.81,0.077807,38659.71,0.156872,19174.91,0.135518,22196.30,0.204377,14717.92,0.262755,0.014261,0.016118,0.135518,0.428652,0.035319,15,235731,267166,1931936,2107,0,0,0,3422,0,0,0,0,0,0,0,0,0,0,0,0,0,0,0,0,0,0,0,14222912417291360057,14222912417291360057,14222912417291360057,14678792374803957083,14678792374803957083,14678792374803957083
466,20,3026,8,10,0.230051,13153.62,0.125918,24031.50,0.121067,24994.49,0.118792,25473.02,0.126283,23962.05,0.125793,24055.30,0.190078,15919.77,0.235128,0.011943,0.011672,0.125793,0.384536,0.036793,20,252276,309341,2115816,2877,0,0,0,5400,0,0,0,0,0,0,0,0,0,0,0,0,0,0,0,0,0,0,0,6534954175264195608,6534954175264195608,6534954175264195608,15721235763133164701,15721235763133164701,15721235763133164701
467,20,2994,8,10,0.420612,7118.19,0.299490,9996.99,0.251335,11912.37,0.219473,13641.79,0.301886,9917.66,0.278736,10741.35,0.362313,8263.57,0.416037,0.014306,0.015182,0.278736,0.724262,0.036198,15,252299,297074,2079496,2759,0,0,0,5269,0,0,0,0,0,0,0,0,0,0,0,0,0,0,0,0,0,0,0,10723489016218764226,10723489016218764226,10723489016218764226,1268824830461298067,1268824830461298067,1268824830461298067
468,20,3243,8,10,0.218372,14850.80,0.124682,26010.25,0.118563,27352.52,0.110040,29471.01,0.120505,26911.63,0.121246,26747.32,0.188244,17227.60,0.221561,0.015984,0.013081,0.121246,0.371871,0.041826,20,265498,331143,2240364,3472,0,0,0,6336,0,0,0,0,0,0,0,0,0,0,0,0,0,0,0,0,0,0,0,12796550930489637149,12796550930489637149,12796550930489637149,9747769246305335753,9747769246305335753,9747769246305335753
469,20,3239,8,10,0.194863,16621.94,0.093613,34599.91,0.088680,36524.69,0.085299,37972.31,0.094776,34175.28,0.090568,35763.08,0.149101,21723.60,0.195993,0.015641,0.012866,0.090568,0.315069,0.045771,20,245409,289774,2059516,2565,0,0,0,4518,0,0,0,0,0,0,0,0,0,0,0,0,0,0,0,0,0,0,0,1006859551588876883,1006859551588876883,1006859551588876883,6104993857054352358,6104993857054352358,6104993857054352358
470,20,3049,8,10,0.210427,14489.61,0.123780,24632.51,0.091384,33364.80,0.084946,35893.39,0.122456,24898.81,0.117397,25971.60,0.168077,18140.45,0.210425,0.015690,0.012815,0.117397,0.356327,0.035338,18,236074,269919,1956612,2165,0,0,0,4350,0,0,0,0,0,0,0,0,0,0,0,0,0,0,0,0,0,0,0,17832399973391776763,17832399973391776763,17832399973391776763,9165507495754938628,9165507495754938628,9165507495754938628
471,20,2988,8,10,0.202249,14773.84,0.105703,28267.92,0.095678,31229.74,0.092084,32448.51,0.105723,28262.48,0.102547,29137.75,0.163140,18315.52,0.202070,0.014388,0.015784,0.102547,0.334790,0.034738,19,244566,287686,2002672,2692,0,0,0,4745,0,0,0,0,0,0,0,0,0,0,0,0,0,0,0,0,0,0,0,7170347316346485817,7170347316346485817,7170347316346485817,2934370680575972787,2934370680575972787,2934370680575972787
472,20,3115,8,10,0.256095,12163.44,0.156326,19926.27,0.119177,26137.55,0.113775,27378.60,0.148998,20906.37,0.140177,22221.84,0.232983,13370.05,0.259063,0.015404,0.013493,0.140177,0.428137,0.038459,19,263530,334235,2225484,3900,0,0,0,6012,0,0,0,0,0,0,0,0,0,0,0,0,0,0,0,0,0,0,0,2728307804462932928,2728307804462932928,2728307804462932928,10889987073757116226,10889987073757116226,10889987073757116226
473,20,3178,8,10,0.220847,14390.05,0.117295,27094.02,0.111710,28448.66,0.106258,29908.32,0.113191,28076.55,0.111773,28432.63,0.171168,18566.57,0.223128,0.016324,0.012995,0.111773,0.364221,0.040654,20,261145,305810,2165864,2814,0,0,0,5312,0,0,0,0,0,0,0,0,0,0,0,0,0,0,0,0,0,0,0,8547266588297012525,8547266588297012525,8547266588297012525,12549663241929381229,12549663241929381229,12549663241929381229
474,20,3106,8,10,0.244241,12716.97,0.117468,26441.31,0.105443,29456.71,0.095337,32579.04,0.113832,27285.72,0.111697,27807.31,0.183887,16890.82,0.246138,0.017611,0.013317,0.111697,0.388763,0.040567,20,270353,309933,2144776,2691,0,0,0,4885,0,0,0,0,0,0,0,0,0,0,0,0,0,0,0,0,0,0,0,1396435262275882889,1396435262275882889,1396435262275882889,323132442556126018,323132442556126018,323132442556126018
475,20,3026,8,10,0.195708,15461.82,0.105190,28767.01,0.098859,30609.14,0.095377,31726.76,0.104595,28930.77,0.104332,29003.44,0.154554,19578.97,0.197952,0.014477,0.019829,0.104332,0.336591,0.035708,19,244904,291389,2037128,2780,0,0,0,4870,0,0,0,0,0,0,0,0,0,0,0,0,0,0,0,0,0,0,0,701453353924091788,701453353924091788,701453353924091788,14892757529815901959,14892757529815901959,14892757529815901959
476,20,3262,8,10,0.197030,16555.86,0.099759,32698.85,0.095670,34096.51,0.090052,36223.40,0.096765,33710.49,0.096411,33834.25,0.150772,21635.34,0.200949,0.015937,0.013171,0.096411,0.326468,0.041156,19,259586,300576,2141080,2459,0,0,0,4819,0,0,0,0,0,0,0,0,0,0,0,0,0,0,0,0,0,0,0,12665779121459248677,12665779121459248677,12665779121459248677,3019587338316675737,3019587338316675737,3019587338316675737
477,20,2917,8,10,0.241199,12093.76,0.146789,19872.01,0.132444,22024.35,0.109251,26699.99,0.126426,23072.73,0.123892,23544.62,0.193473,15077.02,0.241772,0.014550,0.011950,0.123892,0.392164,0.033676,19,240465,277655,2034964,2518,0,0,0,4987,0,0,0,0,0,0,0,0,0,0,0,0,0,0,0,0,0,0,0,11967329210111907659,11967329210111907659,11967329210111907659,12781430423359869515,12781430423359869515,12781430423359869515
478,20,3022,8,10,0.358023,8440.79,0.252666,11960.46,0.193458,15620.99,0.183778,16443.78,0.249711,12101.98,0.238569,12667.22,0.310052,9746.75,0.360058,0.023234,0.014557,0.238569,0.636418,0.036268,16,238570,274030,2019928,2280,0,0,0,3768,0,0,0,0,0,0,0,0,0,0,0,0,0,0,0,0,0,0,0,15829342829275747567,15829342829275747567,15829342829275747567,12572249628669257696,12572249628669257696,12572249628669257696
479,20,2976,8,10,0.219385,13565.21,0.107731,27624.30,0.102487,29037.88,0.096000,31000.13,0.102260,29102.36,0.102059,29159.73,0.169421,17565.70,0.220454,0.016807,0.012522,0.102059,0.351841,0.035791,20,253813,291648,2059360,2535,0,0,0,4309,0,0,0,0,0,0,0,0,0,0,0,0,0,0,0,0,0,0,0,12745808814367915985,12745808814367915985,12745808814367915985,11735070461167371225,11735070461167371225,11735070461167371225
480,20,3015,8,10,0.254323,11855.00,0.115527,26097.90,0.100990,29854.47,0.095986,31410.80,0.113545,26553.35,0.114396,26355.72,0.192492,15662.98,0.260222,0.011095,0.012677,0.114396,0.398390,0.037214,20,255696,309876,2165628,2912,0,0,0,4918,0,0,0,0,0,0,0,0,0,0,0,0,0,0,0,0,0,0,0,16505807415985022121,16505807415985022121,16505807415985022121,17264059660508678569,17264059660508678569,17264059660508678569
481,20,2973,8,10,0.207284,14342.65,0.105482,28184.88,0.113566,26178.71,0.099375,29916.87,0.106596,27890.38,0.106886,27814.58,0.156809,18959.43,0.210461,0.012501,0.013393,0.106886,0.343242,0.034402,18,231347,268427,2013492,2473,0,0,0,4353,0,0,0,0,0,0,0,0,0,0,0,0,0,0,0,0,0,0,0,5726355345133980484,5726355345133980484,5726355345133980484,13846614149374783703,13846614149374783703,13846614149374783703
482,20,2963,8,10,0.204819,14466.41,0.113092,26199.95,0.106534,27812.80,0.101874,29085.01,0.112721,26286.24,0.115422,25671.05,0.176607,16777.40,0.207300,0.014528,0.011862,0.115422,0.349111,0.034437,20,238841,297616,2041804,3154,0,0,0,5549,0,0,0,0,0,0,0,0,0,0,0,0,0,0,0,0,0,0,0,1064668897143590249,1064668897143590249,1064668897143590249,9929969383610006092,9929969383610006092,9929969383610006092
483,20,3173,8,10,0.205041,15474.93,0.106633,29756.40,0.099431,31911.66,0.092633,34253.33,0.104645,30321.53,0.102623,30918.97,0.162052,19580.16,0.205259,0.015808,0.012595,0.102623,0.336286,0.040062,19,248826,290051,2100692,2660,0,0,0,4718,0,0,0,0,0,0,0,0,0,0,0,0,0,0,0,0,0,0,0,7220028343862954249,7220028343862954249,7220028343862954249,16265130208899932317,16265130208899932317,16265130208899932317
484,20,3209,8,10,0.211269,15189.15,0.108799,29494.66,0.100862,31815.60,0.094653,33902.68,0.103578,30981.39,0.104164,30807.29,0.162092,19797.42,0.213649,0.016332,0.012200,0.104164,0.346345,0.041332,20,262532,314522,2109892,3171,0,0,0,5291,0,0,0,0,0,0,0,0,0,0,0,0,0,0,0,0,0,0,0,16645649459440174235,16645649459440174235,16645649459440174235,7663585721723647031,7663585721723647031,7663585721723647031
485,20,3123,8,10,0.191202,16333.54,0.101650,30722.95,0.096809,32259.37,0.092494,33764.36,0.098916,31572.15,0.099600,31355.51,0.150145,20799.83,0.194245,0.016029,0.013316,0.099600,0.323190,0.039182,19,253204,298779,2061740,2574,0,0,0,4747,0,0,0,0,0,0,0,0,0,0,0,0,0,0,0,0,0,0,0,1450298074523830274,1450298074523830274,1450298074523830274,11706016332169604967,11706016332169604967,11706016332169604967
486,20,3127,8,10,0.215360,14519.89,0.103264,30281.55,0.101605,30776.13,0.098055,31890.11,0.104218,30004.43,0.103863,30107.04,0.162002,19302.26,0.218271,0.016596,0.013754,0.103863,0.352485,0.040902,19,281311,329461,2214556,2865,0,0,0,5127,0,0,0,0,0,0,0,0,0,0,0,0,0,0,0,0,0,0,0,3304950560458088321,3304950560458088321,3304950560458088321,12687368636493554759,12687368636493554759,12687368636493554759
487,20,2989,8,10,0.256604,11648.29,0.107192,27884.63,0.101436,29466.94,0.094298,31697.45,0.104284,28662.25,0.103210,28960.35,0.170774,17502.63,0.258146,0.016063,0.013830,0.103210,0.391249,0.037798,18,267886,305611,2160660,2520,0,0,0,4669,0,0,0,0,0,0,0,0,0,0,0,0,0,0,0,0,0,0,0,862483276080508240,862483276080508240,862483276080508240,13665740391407697350,13665740391407697350,13665740391407697350
488,20,3012,8,10,0.217046,13877.26,0.104485,28827.15,0.093213,32313.10,0.087770,34317.07,0.100188,30063.59,0.102216,29466.96,0.169456,17774.58,0.219608,0.014506,0.011902,0.102216,0.348231,0.036218,20,248702,284437,2056176,2471,0,0,0,4524,0,0,0,0,0,0,0,0,0,0,0,0,0,0,0,0,0,0,0,7342439254175166905,7342439254175166905,7342439254175166905,6226586707803723135,6226586707803723135,6226586707803723135
489,20,3179,8,10,0.258959,12276.08,0.119980,26496.08,0.115529,27516.78,0.107419,29594.37,0.117213,27121.67,0.114185,27840.86,0.187725,16934.37,0.259976,0.016907,0.014956,0.114185,0.406023,0.044184,18,297910,358920,2351980,3322,0,0,0,5707,0,0,0,0,0,0,0,0,0,0,0,0,0,0,0,0,0,0,0,12609507596332469411,12609507596332469411,12609507596332469411,5767331986586350002,5767331986586350002,5767331986586350002
490,20,2979,8,10,0.233770,12743.31,0.118921,25050.24,0.094887,31395.14,0.084395,35298.32,0.116348,25604.12,0.106338,28014.34,0.179771,16571.09,0.236370,0.013695,0.013194,0.106338,0.369597,0.035872,18,248402,281972,2052908,2230,0,0,0,4318,0,0,0,0,0,0,0,0,0,0,0,0,0,0,0,0,0,0,0,12769409338080141996,12769409338080141996,12769409338080141996,7738094645214990647,7738094645214990647,7738094645214990647
491,20,3284,8,10,0.265740,12357.95,0.132498,24785.21,0.088095,37277.86,0.079960,41070.40,0.127270,25803.40,0.110911,29609.20,0.198598,16535.91,0.269896,0.015918,0.015220,0.110911,0.411946,0.042760,16,264758,292953,2156368,2001,0,0,0,2764,0,0,0,0,0,0,0,0,0,0,0,0,0,0,0,0,0,0,0,16891048135220134703,16891048135220134703,16891048135220134703,1788167460750279591,1788167460750279591,1788167460750279591
492,20,2941,8,10,0.222719,13204.99,0.097875,30048.57,0.081617,36034.31,0.077624,37887.93,0.092381,31835.71,0.085506,34395.39,0.157762,18642.05,0.224224,0.015845,0.013523,0.085506,0.339098,0.033826,16,242753,271128,1970612,2073,0,0,0,3848,0,0,0,0,0,0,0,0,0,0,0,0,0,0,0,0,0,0,0,6014859380160903191,6014859380160903191,6014859380160903191,17532627987890218123,17532627987890218123,17532627987890218123
493,20,2876,8,10,0.247343,11627.58,0.108118,26600.66,0.078530,36622.75,0.076286,37700.46,0.097947,29362.69,0.091850,31311.86,0.175053,16429.27,0.249132,0.015568,0.014204,0.091850,0.370754,0.033556,16,244054,272674,1947920,2063,0,0,0,3721,0,0,0,0,0,0,0,0,0,0,0,0,0,0,0,0,0,0,0,6502931696958372667,6502931696958372667,6502931696958372667,17704923681391232967,17704923681391232967,17704923681391232967
494,20,3069,8,10,0.226823,13530.38,0.100077,30666.48,0.083922,36569.83,0.079817,38450.26,0.094928,32329.79,0.095278,32211.06,0.161173,19041.61,0.229157,0.013992,0.013607,0.095278,0.352034,0.039226,18,246870,305015,2041268,2544,0,0,0,4704,0,0,0,0,0,0,0,0,0,0,0,0,0,0,0,0,0,0,0,17063753144597825976,17063753144597825976,17063753144597825976,15058842254668087941,15058842254668087941,15058842254668087941
495,20,2964,8,10,0.212194,13968.36,0.099176,29886.26,0.095418,31063.19,0.086804,34145.97,0.098320,30146.58,0.095836,30927.98,0.155512,19059.64,0.213305,0.016643,0.012618,0.095836,0.338402,0.036395,20,250627,290277,2005968,2505,0,0,0,4591,0,0,0,0,0,0,0,0,0,0,0,0,0,0,0,0,0,0,0,16077276588850992988,16077276588850992988,16077276588850992988,6965950790498302449,6965950790498302449,6965950790498302449
496,20,3119,8,10,0.184292,16924.24,0.090978,34282.85,0.085763,36367.63,0.077104,40451.68,0.087059,35826.33,0.087788,35528.70,0.139249,22398.72,0.185706,0.015500,0.011804,0.087788,0.300798,0.037721,19,238754,274194,1933692,2152,0,0,0,3834,0,0,0,0,0,0,0,0,0,0,0,0,0,0,0,0,0,0,0,5446288069598442964,5446288069598442964,5446288069598442964,13633782208384384521,13633782208384384521,13633782208384384521
497,20,3113,8,10,0.206490,15075.79,0.096184,32365.17,0.083915,37097.02,0.080285,38774.61,0.091175,34143.29,0.090388,34440.30,0.154821,20107.10,0.208341,0.015882,0.013662,0.090388,0.328272,0.038635,16,247663,306748,2058340,2723,0,0,0,4356,0,0,0,0,0,0,0,0,0,0,0,0,0,0,0,0,0,0,0,17401544075510751716,17401544075510751716,17401544075510751716,1080724559784717719,1080724559784717719,1080724559784717719
498,20,3275,8,10,0.240375,13624.54,0.112424,29130.67,0.089928,36418.21,0.083469,39236.10,0.103829,31542.22,0.099473,32923.60,0.181328,18061.18,0.244252,0.015064,0.014808,0.099473,0.373596,0.045106,17,272459,321734,2298060,2524,0,0,0,4880,0,0,0,0,0,0,0,0,0,0,0,0,0,0,0,0,0,0,0,14884274427824904726,14884274427824904726,14884274427824904726,7404346016476552875,7404346016476552875,7404346016476552875
499,20,3377,8,10,0.200115,16875.26,0.098801,34179.96,0.087484,38601.22,0.086025,39255.92,0.098503,34283.06,0.092108,36663.46,0.159137,21220.67,0.202807,0.016412,0.014041,0.092108,0.325368,0.043250,18,259682,346547,2150084,2868,0,0,0,4713,0,0,0,0,0,0,0,0,0,0,0,0,0,0,0,0,0,0,0,5604191330554877662,5604191330554877662,5604191330554877662,7436766075080510837,7436766075080510837,7436766075080510837
500,20,3581,8,10,0.223616,16014.04,0.102085,35078.66,0.091114,39302.45,0.087262,41037.15,0.093389,38345.13,0.093847,38157.71,0.155347,23051.67,0.226169,0.016228,0.014794,0.093847,0.351038,0.053162,18,274788,322078,2279604,2517,0,0,0,4652,0,0,0,0,0,0,0,0,0,0,0,0,0,0,0,0,0,0,0,6025245067263185403,6025245067263185403,6025245067263185403,15709743625639052137,15709743625639052137,15709743625639052137
501,20,3457,8,10,0.292966,11800.00,0.143450,24099.02,0.089572,38594.64,0.087801,39372.99,0.132181,26153.55,0.110792,31202.65,0.201042,17195.39,0.293594,0.015765,0.017003,0.110792,0.437153,0.053470,15,286412,337802,2377380,2689,0,0,0,4198,0,0,0,0,0,0,0,0,0,0,0,0,0,0,0,0,0,0,0,1360563336780186992,1360563336780186992,1360563336780186992,9740994082875324355,9740994082875324355,9740994082875324355
502,20,3457,8,10,0.215546,16038.30,0.095680,36130.97,0.086774,39839.18,0.081540,42396.31,0.093894,36818.22,0.087993,39287.44,0.151747,22781.40,0.217591,0.015664,0.015573,0.087993,0.336820,0.050284,17,273238,342063,2323780,2915,0,0,0,4828,0,0,0,0,0,0,0,0,0,0,0,0,0,0,0,0,0,0,0,17417024973468317759,17417024973468317759,17417024973468317759,8657092155369954420,8657092155369954420,8657092155369954420
503,20,3344,8,10,0.231976,14415.28,0.109765,30465.16,0.102854,32512.24,0.092413,36185.40,0.105938,31565.76,0.098329,34008.25,0.165538,20200.77,0.234737,0.016839,0.015294,0.098329,0.365199,0.048211,17,278428,328248,2307584,2622,0,0,0,5025,0,0,0,0,0,0,0,0,0,0,0,0,0,0,0,0,0,0,0,13894753229916590219,13894753229916590219,13894753229916590219,1787255857011188088,1787255857011188088,1787255857011188088
504,20,4233,8,10,0.242888,17427.76,0.111212,38062.48,0.098507,42971.66,0.092722,45652.36,0.105246,40220.20,0.098748,42866.61,0.247198,17123.90,0.247253,0.018519,0.020635,0.098748,0.385155,0.078730,14,309717,1288872,2588772,6147,0,0,0,7958,0,0,0,0,0,0,0,0,0,0,0,0,0,0,0,0,0,0,0,294978587256941385,294978587256941385,294978587256941385,5969556591400412638,5969556591400412638,5969556591400412638
505,20,3365,8,10,0.226058,14885.55,0.109455,30743.13,0.096500,34870.36,0.092045,36558.04,0.107716,31239.65,0.106273,31663.63,0.166435,20218.12,0.228777,0.016289,0.013249,0.106273,0.364588,0.044523,20,262960,303740,2141076,2559,0,0,0,4753,0,0,0,0,0,0,0,0,0,0,0,0,0,0,0,0,0,0,0,5636143349921579674,5636143349921579674,5636143349921579674,5253732176192195279,5253732176192195279,5253732176192195279
506,20,3707,8,10,0.241883,15325.58,0.110670,33495.96,0.098723,37549.60,0.094707,39141.92,0.106127,34929.99,0.104608,35437.02,0.166681,22240.05,0.244527,0.017587,0.016751,0.104608,0.383474,0.066139,17,295275,355380,2442796,3181,0,0,0,5167,0,0,0,0,0,0,0,0,0,0,0,0,0,0,0,0,0,0,0,3188892671056153045,3188892671056153045,3188892671056153045,3876642382324760386,3876642382324760386,3876642382324760386
507,20,3460,8,10,0.221529,15618.70,0.097863,35355.67,0.085937,40262.14,0.083305,41534.10,0.092017,37601.77,0.088139,39256.00,0.153701,22511.24,0.224513,0.015515,0.021057,0.088139,0.349224,0.055418,15,267793,318413,2242928,2598,0,0,0,4545,0,0,0,0,0,0,0,0,0,0,0,0,0,0,0,0,0,0,0,13537995186308025565,13537995186308025565,13537995186308025565,3690886712475373499,3690886712475373499,3690886712475373499
508,20,3436,8,10,0.268856,12780.05,0.120648,28479.54,0.093769,36643.19,0.086559,39695.33,0.113255,30338.64,0.102718,33450.94,0.182633,18813.68,0.271651,0.016731,0.015077,0.102718,0.406176,0.051389,18,283044,330594,2362704,2596,0,0,0,4269,0,0,0,0,0,0,0,0,0,0,0,0,0,0,0,0,0,0,0,5490190277219688484,5490190277219688484,5490190277219688484,8470683749012283157,8470683749012283157,8470683749012283157
509,20,3280,8,10,0.279203,11747.74,0.143743,22818.58,0.092015,35646.43,0.080349,40821.83,0.137765,23808.69,0.105167,31188.59,0.205819,15936.30,0.278595,0.017178,0.019690,0.105167,0.420630,0.047181,11,287473,334043,2275872,2563,0,0,0,3809,0,0,0,0,0,0,0,0,0,0,0,0,0,0,0,0,0,0,0,15530805274972758979,15530805274972758979,15530805274972758979,17612138184399307839,17612138184399307839,17612138184399307839
510,20,3593,8,10,0.282007,12740.81,0.146338,24552.67,0.106899,33611.14,0.101191,35507.25,0.137406,26148.82,0.120297,29867.85,0.210399,17077.04,0.285704,0.017189,0.018590,0.120297,0.441780,0.057499,15,298328,360388,2356036,3280,0,0,0,5197,0,0,0,0,0,0,0,0,0,0,0,0,0,0,0,0,0,0,0,3411030297941494590,3411030297941494590,3411030297941494590,3179593143617142345,3179593143617142345,3179593143617142345
511,20,3328,8,10,0.322093,10332.41,0.201731,16497.19,0.110047,30241.68,0.108870,30568.64,0.193264,17219.94,0.160423,20745.19,0.259353,12831.93,0.323903,0.013665,0.019522,0.160423,0.517513,0.044919,11,264106,319971,2179040,3167,0,0,0,4982,0,0,0,0,0,0,0,0,0,0,0,0,0,0,0,0,0,0,0,15910650995485497387,15910650995485497387,15910650995485497387,139813681960945533,139813681960945533,139813681960945533
512,20,3566,8,10,0.250269,14248.68,0.124176,28717.23,0.108502,32865.82,0.104898,33994.79,0.121459,29359.76,0.121267,29406.19,0.188504,18917.42,0.252147,0.018075,0.013970,0.121267,0.405460,0.052537,20,285741,346206,2348088,3160,0,0,0,5537,0,0,0,0,0,0,0,0,0,0,0,0,0,0,0,0,0,0,0,9835155061476400886,9835155061476400886,9835155061476400886,16811483365418684644,16811483365418684644,16811483365418684644
513,20,3215,8,10,0.236038,13620.70,0.108080,29746.39,0.098214,32734.77,0.093690,34315.45,0.105009,30616.46,0.100840,31882.32,0.170408,18866.46,0.239362,0.015322,0.015146,0.100840,0.370670,0.044248,15,265695,312710,2175580,2706,0,0,0,5046,0,0,0,0,0,0,0,0,0,0,0,0,0,0,0,0,0,0,0,12378721498749951020,12378721498749951020,12378721498749951020,2384305161391421725,2384305161391421725,2384305161391421725
514,20,3618,8,10,0.320925,11273.68,0.159824,22637.43,0.105135,34413.01,0.100622,35956.18,0.147066,24601.24,0.131693,27473.09,0.236382,15305.72,0.322018,0.018314,0.016999,0.131693,0.489024,0.058334,17,305562,360392,2463752,3167,0,0,0,5375,0,0,0,0,0,0,0,0,0,0,0,0,0,0,0,0,0,0,0,6190482052063492487,6190482052063492487,6190482052063492487,9068430601830795799,9068430601830795799,9068430601830795799
515,20,3608,8,10,0.216953,16630.31,0.103035,35017.22,0.097218,37112.48,0.092329,39077.84,0.100953,35739.38,0.100405,35934.58,0.166400,21682.67,0.219827,0.016983,0.016619,0.100405,0.353834,0.057374,17,289371,364511,2331136,3313,0,0,0,5641,0,0,0,0,0,0,0,0,0,0,0,0,0,0,0,0,0,0,0,9509836490409758904,9509836490409758904,9509836490409758904,5157739482790302219,5157739482790302219,5157739482790302219
516,20,3260,8,10,0.229584,14199.62,0.111441,29253.19,0.091972,35445.64,0.085702,38038.71,0.103210,31585.94,0.096304,33851.07,0.166546,19574.23,0.232487,0.016210,0.017240,0.096304,0.362241,0.042756,15,286057,331297,2197872,2905,0,0,0,4682,0,0,0,0,0,0,0,0,0,0,0,0,0,0,0,0,0,0,0,2382820230605864189,2382820230605864189,2382820230605864189,17259245394008087490,17259245394008087490,17259245394008087490
517,20,3527,8,10,0.263610,13379.61,0.132755,26567.78,0.112775,31274.64,0.104782,33660.26,0.126160,27956.60,0.116637,30239.12,0.201680,17488.10,0.262836,0.018114,0.015255,0.116637,0.412843,0.054155,18,290204,353964,2338620,3383,0,0,0,5907,0,0,0,0,0,0,0,0,0,0,0,0,0,0,0,0,0,0,0,13937243747761080210,13937243747761080210,13937243747761080210,3533219806290583675,3533219806290583675,3533219806290583675
518,20,3602,8,10,0.254380,14159.93,0.121528,29639.15,0.098267,36655.23,0.094169,38250.18,0.115331,31231.77,0.110373,32634.91,0.186000,19365.59,0.256321,0.015997,0.014915,0.110373,0.397606,0.055147,18,280357,332532,2324360,3097,0,0,0,5572,0,0,0,0,0,0,0,0,0,0,0,0,0,0,0,0,0,0,0,6726912500947519727,6726912500947519727,6726912500947519727,2916933819340250403,2916933819340250403,2916933819340250403
519,20,3433,8,10,0.228622,15016.04,0.107208,32021.72,0.101940,33676.76,0.095790,35838.70,0.103163,33277.44,0.102281,33564.46,0.161220,21293.88,0.230438,0.016874,0.014274,0.102281,0.363867,0.054625,18,280998,326858,2364452,2769,0,0,0,4802,0,0,0,0,0,0,0,0,0,0,0,0,0,0,0,0,0,0,0,1989608745708991071,1989608745708991071,1989608745708991071,6727224675549280995,6727224675549280995,6727224675549280995
520,20,3412,8,10,0.227167,15019.77,0.099649,34240.02,0.089268,38222.15,0.084239,40503.81,0.094156,36237.77,0.092954,36706.20,0.165059,20671.40,0.229432,0.016837,0.015393,0.092954,0.354617,0.049037,16,277052,327382,2283728,2674,0,0,0,4379,0,0,0,0,0,0,0,0,0,0,0,0,0,0,0,0,0,0,0,10038329277184246945,10038329277184246945,10038329277184246945,17081206498032326801,17081206498032326801,17081206498032326801
521,20,3349,8,10,0.311419,10754.01,0.167532,19990.23,0.097025,34516.71,0.091713,36516.28,0.162341,20629.40,0.141068,23740.29,0.242819,13792.17,0.314012,0.015530,0.017159,0.141068,0.487770,0.045916,14,270369,314774,2284404,2439,0,0,0,4570,0,0,0,0,0,0,0,0,0,0,0,0,0,0,0,0,0,0,0,5033544867294261025,5033544867294261025,5033544867294261025,14677064170690137583,14677064170690137583,14677064170690137583
522,20,3582,8,10,0.285447,12548.72,0.152714,23455.59,0.092322,38798.90,0.087678,40854.10,0.146588,24435.87,0.119744,29913.93,0.217558,16464.60,0.288536,0.018273,0.018378,0.119744,0.444931,0.057511,13,294106,346341,2311064,2825,0,0,0,4733,0,0,0,0,0,0,0,0,0,0,0,0,0,0,0,0,0,0,0,11342978150061098521,11342978150061098521,11342978150061098521,968468410507528686,968468410507528686,968468410507528686
523,20,3361,8,10,0.230129,14604.85,0.110356,30456.11,0.102258,32867.97,0.098988,33953.60,0.108353,31018.86,0.110038,30543.88,0.174525,19257.94,0.232027,0.015439,0.017785,0.110038,0.375290,0.049891,20,271525,321920,2258148,2750,0,0,0,5109,0,0,0,0,0,0,0,0,0,0,0,0,0,0,0,0,0,0,0,15177557595478659960,15177557595478659960,15177557595478659960,5218468843477407328,5218468843477407328,5218468843477407328
524,20,3777,8,10,0.256775,14709.38,0.121759,31020.42,0.100717,37501.16,0.093598,40353.32,0.114204,33072.43,0.110175,34281.80,0.190216,19856.33,0.260132,0.019932,0.016358,0.110175,0.406597,0.060930,17,300490,367990,2444964,3162,0,0,0,5536,0,0,0,0,0,0,0,0,0,0,0,0,0,0,0,0,0,0,0,4103276003894303772,4103276003894303772,4103276003894303772,12933729428427038106,12933729428427038106,12933729428427038106
525,20,3315,8,10,0.220063,15063.88,0.109495,30275.37,0.100546,32970.13,0.096603,34315.78,0.106974,30988.80,0.104350,31768.07,0.164575,20142.82,0.222441,0.015861,0.014216,0.104350,0.356868,0.047762,18,270314,318354,2237996,2898,0,0,0,4810,0,0,0,0,0,0,0,0,0,0,0,0,0,0,0,0,0,0,0,17347978414988325995,17347978414988325995,17347978414988325995,5663167478445178543,5663167478445178543,5663167478445178543
526,20,3387,8,10,0.267074,12681.90,0.139669,24250.28,0.124670,27167.78,0.105968,31962.42,0.125874,26907.87,0.117593,28802.67,0.189994,17826.83,0.271056,0.016445,0.014931,0.117593,0.420025,0.045508,18,278036,315791,2306828,2453,0,0,0,4888,0,0,0,0,0,0,0,0,0,0,0,0,0,0,0,0,0,0,0,12165251191520860321,12165251191520860321,12165251191520860321,14471456696103297163,14471456696103297163,14471456696103297163
527,20,3155,8,10,0.235426,13401.21,0.112209,28117.25,0.098323,32088.02,0.090356,34917.31,0.105432,29924.52,0.099743,31631.26,0.169492,18614.42,0.237131,0.015868,0.014104,0.099743,0.366847,0.045452,16,265497,308977,2220588,2612,0,0,0,4361,0,0,0,0,0,0,0,0,0,0,0,0,0,0,0,0,0,0,0,18041575470318163365,18041575470318163365,18041575470318163365,13989739162037800012,13989739162037800012,13989739162037800012
528,20,3339,8,10,0.257178,12983.25,0.128582,25967.81,0.115461,28918.95,0.109901,30381.95,0.124169,26890.68,0.123820,26966.65,0.198538,16817.96,0.261047,0.015575,0.013238,0.123820,0.413679,0.047546,20,284627,358372,2283052,3335,0,0,0,5932,0,0,0,0,0,0,0,0,0,0,0,0,0,0,0,0,0,0,0,1061425684002999048,1061425684002999048,1061425684002999048,3814924508447275944,3814924508447275944,3814924508447275944
529,20,3302,8,10,0.248102,13309.04,0.121964,27073.56,0.095189,34688.92,0.091993,35893.86,0.117973,27989.51,0.115099,28688.29,0.184505,17896.55,0.251794,0.015463,0.014662,0.115099,0.397019,0.044726,18,272209,318304,2202104,2657,0,0,0,5018,0,0,0,0,0,0,0,0,0,0,0,0,0,0,0,0,0,0,0,8298579539678062577,8298579539678062577,8298579539678062577,17250156258690348611,17250156258690348611,17250156258690348611
530,20,3252,8,10,0.227489,14295.20,0.105373,30861.77,0.088022,36945.19,0.083545,38925.31,0.103100,31542.07,0.098158,33130.32,0.165253,19678.88,0.227642,0.016644,0.017633,0.098158,0.360077,0.042387,17,260882,307152,2158128,2543,0,0,0,4492,0,0,0,0,0,0,0,0,0,0,0,0,0,0,0,0,0,0,0,14442700139184270805,14442700139184270805,14442700139184270805,8583953719395046031,8583953719395046031,8583953719395046031
531,20,3391,8,10,0.227080,14933.09,0.106946,31707.70,0.096053,35303.42,0.092005,36856.82,0.101874,33286.29,0.100517,33735.49,0.160707,21100.56,0.228027,0.016518,0.014653,0.100517,0.359715,0.046779,18,268117,316427,2231580,2770,0,0,0,4816,0,0,0,0,0,0,0,0,0,0,0,0,0,0,0,0,0,0,0,17317438750174081604,17317438750174081604,17317438750174081604,2566195552946226863,2566195552946226863,2566195552946226863
532,20,3130,8,10,0.253218,12360.90,0.129508,24168.36,0.099788,31366.39,0.099141,31571.24,0.126184,24805.10,0.112178,27902.16,0.192213,16283.99,0.256913,0.015248,0.014726,0.112178,0.399065,0.047681,17,271986,325461,2206184,2881,0,0,0,4853,0,0,0,0,0,0,0,0,0,0,0,0,0,0,0,0,0,0,0,12794804194955971072,12794804194955971072,12794804194955971072,6011286230398521118,6011286230398521118,6011286230398521118
533,20,3336,8,10,0.291071,11461.14,0.172325,19358.72,0.114998,29009.15,0.105035,31760.95,0.159612,20900.72,0.125261,26632.47,0.223015,14958.64,0.295137,0.016355,0.019372,0.125261,0.456124,0.049531,13,293404,355569,2344032,3193,0,0,0,5299,0,0,0,0,0,0,0,0,0,0,0,0,0,0,0,0,0,0,0,9485761658613478454,9485761658613478454,9485761658613478454,8871383996092889085,8871383996092889085,8871383996092889085
534,20,3294,8,10,0.236895,13904.88,0.128235,25687.14,0.123743,26619.61,0.083448,39473.56,0.124964,26359.59,0.101691,32392.32,0.186959,17618.85,0.238745,0.015662,0.017001,0.101691,0.373099,0.050293,15,269914,315344,2214968,2618,0,0,0,3895,0,0,0,0,0,0,0,0,0,0,0,0,0,0,0,0,0,0,0,15758306106389637509,15758306106389637509,15758306106389637509,9039706752621562998,9039706752621562998,9039706752621562998
535,20,3382,8,10,0.224104,15091.22,0.108697,31114.16,0.102788,32902.56,0.098510,34331.70,0.104861,32252.32,0.102362,33039.53,0.165692,20411.31,0.227809,0.016913,0.015343,0.102362,0.362428,0.050873,17,284275,340810,2321176,3018,0,0,0,5167,0,0,0,0,0,0,0,0,0,0,0,0,0,0,0,0,0,0,0,7718594977484378918,7718594977484378918,7718594977484378918,12399759943643800359,12399759943643800359,12399759943643800359
536,20,3112,8,10,0.232835,13365.69,0.103285,30130.34,0.092970,33473.06,0.087921,35395.57,0.100614,30930.19,0.099615,31240.22,0.163306,19056.26,0.233570,0.014787,0.015898,0.099615,0.363870,0.039621,17,260780,301045,2171296,2567,0,0,0,4743,0,0,0,0,0,0,0,0,0,0,0,0,0,0,0,0,0,0,0,2534545282580766715,2534545282580766715,2534545282580766715,14757016676149198275,14757016676149198275,14757016676149198275
537,20,3542,8,10,0.263209,13457.01,0.120674,29351.84,0.093987,37686.19,0.090135,39296.51,0.115361,30703.55,0.103753,34138.61,0.186826,18958.80,0.264702,0.018477,0.016667,0.103753,0.403599,0.053640,16,285583,331708,2437656,2798,0,0,0,4932,0,0,0,0,0,0,0,0,0,0,0,0,0,0,0,0,0,0,0,11013501362853833864,11013501362853833864,11013501362853833864,16084952117732780498,16084952117732780498,16084952117732780498
538,20,3277,8,10,0.240695,13614.74,0.122404,26772.11,0.097477,33618.09,0.091338,35877.83,0.117304,27935.92,0.106958,30638.27,0.177948,18415.48,0.243126,0.017359,0.014902,0.106958,0.382344,0.046464,16,268804,317389,2209492,2873,0,0,0,4829,0,0,0,0,0,0,0,0,0,0,0,0,0,0,0,0,0,0,0,5000831727974477772,5000831727974477772,5000831727974477772,17071326052737114718,17071326052737114718,17071326052737114718
539,20,3906,8,10,0.234871,16630.39,0.105141,37150.26,0.089339,43721.34,0.084530,46208.26,0.100342,38926.75,0.092215,42357.53,0.171592,22763.24,0.238573,0.018343,0.018235,0.092215,0.367366,0.062241,15,295804,367204,2450440,3254,0,0,0,5100,0,0,0,0,0,0,0,0,0,0,0,0,0,0,0,0,0,0,0,6212365224858822472,6212365224858822472,6212365224858822472,18044504568811835612,18044504568811835612,18044504568811835612
540,20,3213,8,10,0.219627,14629.34,0.099259,32369.73,0.093028,34537.84,0.087558,36695.79,0.097202,33055.04,0.097165,33067.60,0.157172,20442.62,0.221675,0.017248,0.012910,0.097165,0.348998,0.044054,20,264008,302928,2194516,2376,0,0,0,4550,0,0,0,0,0,0,0,0,0,0,0,0,0,0,0,0,0,0,0,5620522750187281346,5620522750187281346,5620522750187281346,11447219031821140351,11447219031821140351,11447219031821140351
541,20,3172,8,10,0.309815,10238.36,0.167848,18898.09,0.091339,34727.72,0.077939,40698.27,0.161746,19610.97,0.130270,24349.38,0.228695,13870.00,0.311863,0.015999,0.018925,0.130270,0.477058,0.045096,11,272824,307734,2195184,2137,0,0,0,3501,0,0,0,0,0,0,0,0,0,0,0,0,0,0,0,0,0,0,0,9840891683379888917,9840891683379888917,9840891683379888917,3269349757042196115,3269349757042196115,3269349757042196115
542,20,3346,8,10,0.264214,12663.99,0.123108,27179.48,0.090797,36851.46,0.087216,38364.70,0.114455,29234.22,0.106796,31330.70,0.191918,17434.51,0.265905,0.016460,0.013701,0.106796,0.402862,0.046042,19,263547,306252,2245448,2567,0,0,0,4498,0,0,0,0,0,0,0,0,0,0,0,0,0,0,0,0,0,0,0,6582033603806627655,6582033603806627655,6582033603806627655,7676041706286736623,7676041706286736623,7676041706286736623
543,20,3333,8,10,0.244210,13648.11,0.119786,27824.63,0.094013,35452.48,0.087609,38044.12,0.110447,30177.34,0.105202,31681.93,0.183086,18204.57,0.247075,0.015700,0.015314,0.105202,0.383290,0.049066,17,273148,323213,2260820,2483,0,0,0,3964,0,0,0,0,0,0,0,0,0,0,0,0,0,0,0,0,0,0,0,11909542528610162455,11909542528610162455,11909542528610162455,189572680490693040,189572680490693040,189572680490693040
544,20,3336,8,10,0.231126,14433.66,0.113337,29434.38,0.083119,40135.37,0.079152,42146.98,0.110303,30243.98,0.096926,34418.18,0.161663,20635.57,0.233679,0.015958,0.017375,0.096926,0.363938,0.049077,14,278781,318986,2275392,2222,0,0,0,4136,0,0,0,0,0,0,0,0,0,0,0,0,0,0,0,0,0,0,0,14174810842503161070,14174810842503161070,14174810842503161070,7781800530013708243,7781800530013708243,7781800530013708243
545,20,3292,8,10,0.295661,11134.39,0.143992,22862.36,0.088835,37057.27,0.087871,37463.93,0.135570,24282.64,0.107716,30561.87,0.217248,15153.19,0.296441,0.016191,0.016391,0.107716,0.436739,0.045473,15,268967,326607,2342576,3121,0,0,0,4788,0,0,0,0,0,0,0,0,0,0,0,0,0,0,0,0,0,0,0,1294798581443241388,1294798581443241388,1294798581443241388,9244089381966228682,9244089381966228682,9244089381966228682
546,20,3612,8,10,0.262766,13746.09,0.124267,29066.40,0.108539,33278.47,0.103365,34944.27,0.121954,29617.80,0.119470,30233.49,0.193818,18636.02,0.265821,0.017405,0.014105,0.119470,0.416800,0.058269,19,282320,343735,2316592,2838,0,0,0,5260,0,0,0,0,0,0,0,0,0,0,0,0,0,0,0,0,0,0,0,17377129615159996323,17377129615159996323,17377129615159996323,6750091907207843003,6750091907207843003,6750091907207843003
547,20,3239,8,10,0.215934,14999.93,0.106252,30484.08,0.087611,36970.24,0.082287,39362.03,0.101591,31882.81,0.091655,35338.87,0.159668,20285.81,0.220064,0.015317,0.015006,0.091655,0.342043,0.045600,18,269153,310713,2231036,2395,0,0,0,4744,0,0,0,0,0,0,0,0,0,0,0,0,0,0,0,0,0,0,0,18414113822597895599,18414113822597895599,18414113822597895599,17807789142691975214,17807789142691975214,17807789142691975214
548,20,3221,8,10,0.232516,13852.79,0.109424,29436.08,0.097283,33109.72,0.089579,35957.22,0.105086,30650.95,0.097621,32995.05,0.172631,18658.26,0.235684,0.022015,0.015682,0.097621,0.371001,0.046565,16,272627,326037,2293396,2994,0,0,0,4555,0,0,0,0,0,0,0,0,0,0,0,0,0,0,0,0,0,0,0,6948615330629332367,6948615330629332367,6948615330629332367,9601028543139562556,9601028543139562556,9601028543139562556
549,20,3311,8,10,0.244775,13526.69,0.110155,30057.68,0.081603,40574.72,0.081057,40847.62,0.105643,31341.54,0.092690,35721.40,0.172486,19195.77,0.245631,0.015306,0.015218,0.092690,0.368844,0.052110,15,261806,310066,2224860,2496,0,0,0,3929,0,0,0,0,0,0,0,0,0,0,0,0,0,0,0,0,0,0,0,6252251932645689471,6252251932645689471,6252251932645689471,170574907526946902,170574907526946902,170574907526946902
550,20,3260,8,10,0.266468,12234.09,0.125111,26056.93,0.102248,31883.40,0.096197,33888.87,0.114483,28475.78,0.114380,28501.46,0.193496,16847.93,0.270066,0.015988,0.013205,0.114380,0.413640,0.043060,19,268290,314415,2249584,2795,0,0,0,4666,0,0,0,0,0,0,0,0,0,0,0,0,0,0,0,0,0,0,0,5889297818935070139,5889297818935070139,5889297818935070139,11806390615432993082,11806390615432993082,11806390615432993082
551,20,3786,8,10,0.236517,16007.31,0.115169,32873.56,0.097270,38922.68,0.089976,42077.93,0.109094,34704.01,0.094992,39856.06,0.202856,18663.52,0.238854,0.018239,0.017690,0.094992,0.369775,0.060776,15,295826,752086,2429736,4842,0,0,0,6618,0,0,0,0,0,0,0,0,0,0,0,0,0,0,0,0,0,0,0,12243499514978873869,12243499514978873869,12243499514978873869,459147249320024523,459147249320024523,459147249320024523
552,20,3533,8,10,0.222272,15894.92,0.098517,35861.65,0.092787,38076.47,0.087949,40171.01,0.094603,37345.48,0.093382,37833.77,0.148370,23812.11,0.224744,0.018597,0.016243,0.093382,0.352966,0.055849,15,282202,332637,2420308,2712,0,0,0,4733,0,0,0,0,0,0,0,0,0,0,0,0,0,0,0,0,0,0,0,13158073699117689606,13158073699117689606,13158073699117689606,12449647604515820686,12449647604515820686,12449647604515820686
553,20,3261,8,10,0.245244,13296.98,0.113355,28767.97,0.094967,34338.34,0.089859,36290.38,0.110581,29489.68,0.101502,32127.30,0.170839,19088.11,0.247719,0.016913,0.014539,0.101502,0.380674,0.044401,17,268314,310239,2221268,2507,0,0,0,4592,0,0,0,0,0,0,0,0,0,0,0,0,0,0,0,0,0,0,0,16928131274519409777,16928131274519409777,16928131274519409777,7683873870953924837,7683873870953924837,7683873870953924837
554,20,3335,8,10,0.236600,14095.55,0.111202,29990.42,0.099173,33628.23,0.090866,36702.57,0.102470,32546.02,0.098241,33947.04,0.170830,19522.36,0.236654,0.018270,0.017115,0.098241,0.370280,0.046273,17,271058,321843,2232828,2746,0,0,0,4808,0,0,0,0,0,0,0,0,0,0,0,0,0,0,0,0,0,0,0,12445484674235672329,12445484674235672329,12445484674235672329,15686657343181847555,15686657343181847555,15686657343181847555
555,20,3358,8,10,0.280857,11956.25,0.126366,26573.56,0.102783,32670.84,0.095912,35011.15,0.122479,27416.84,0.116267,28881.75,0.200639,16736.51,0.282942,0.016246,0.015354,0.116267,0.430809,0.050342,16,271723,315453,2289624,2895,0,0,0,5052,0,0,0,0,0,0,0,0,0,0,0,0,0,0,0,0,0,0,0,4812715826977609617,4812715826977609617,4812715826977609617,7993786537013612745,7993786537013612745,7993786537013612745
556,20,3527,8,10,0.247556,14247.31,0.123342,28595.17,0.100131,35223.83,0.094427,37351.54,0.119591,29492.07,0.107295,32872.04,0.184591,19107.07,0.251483,0.016164,0.017164,0.107295,0.392106,0.053023,16,295942,383457,2385788,3360,0,0,0,5209,0,0,0,0,0,0,0,0,0,0,0,0,0,0,0,0,0,0,0,6626840261963784114,6626840261963784114,6626840261963784114,12410061313229479065,12410061313229479065,12410061313229479065
557,20,4619,8,10,0.210129,21981.73,0.105493,43785.08,0.095861,48184.18,0.087591,52733.64,0.098836,46734.03,0.091010,50752.58,0.206179,22402.82,0.212984,0.019067,0.017190,0.091010,0.340251,0.071240,18,310805,675970,2704268,7179,0,0,0,8911,0,0,0,0,0,0,0,0,0,0,0,0,0,0,0,0,0,0,0,1093812677279461952,1093812677279461952,1093812677279461952,11915202233388220593,11915202233388220593,11915202233388220593
558,20,3089,8,10,0.212215,14555.97,0.102631,30098.00,0.090016,34316.14,0.083026,37205.37,0.099984,30894.95,0.095227,32438.35,0.152553,20248.71,0.214883,0.015072,0.012421,0.095227,0.337603,0.041605,19,248105,291205,2163204,2700,0,0,0,4327,0,0,0,0,0,0,0,0,0,0,0,0,0,0,0,0,0,0,0,16918018151347203612,16918018151347203612,16918018151347203612,6318276551641173671,6318276551641173671,6318276551641173671
559,20,3328,8,10,0.239967,13868.59,0.107373,30994.66,0.079308,41962.89,0.075123,44300.93,0.104038,31988.43,0.096306,34556.49,0.165481,20111.06,0.243573,0.015497,0.014692,0.096306,0.370067,0.046681,17,275573,313408,2316928,2190,0,0,0,3555,0,0,0,0,0,0,0,0,0,0,0,0,0,0,0,0,0,0,0,12270780194322862029,12270780194322862029,12270780194322862029,12500478046726585461,12500478046726585461,12500478046726585461
560,20,3395,8,10,0.263988,12860.45,0.126431,26852.50,0.103156,32911.28,0.091665,37036.84,0.113867,29815.61,0.107749,31508.37,0.188587,18002.30,0.265368,0.016128,0.015999,0.107749,0.405244,0.051162,16,282609,328249,2428588,2607,0,0,0,4872,0,0,0,0,0,0,0,0,0,0,0,0,0,0,0,0,0,0,0,2718237814845221078,2718237814845221078,2718237814845221078,7942560912488269848,7942560912488269848,7942560912488269848
561,20,3771,8,10,0.253136,14897.14,0.126364,29842.28,0.092885,40598.78,0.087976,42863.78,0.114972,32799.41,0.102765,36695.29,0.201016,18759.68,0.254854,0.016901,0.016428,0.102765,0.390949,0.056327,16,275498,435723,2341420,4018,0,0,0,5615,0,0,0,0,0,0,0,0,0,0,0,0,0,0,0,0,0,0,0,11961951153012967339,11961951153012967339,11961951153012967339,7258667794694725369,7258667794694725369,7258667794694725369
562,20,3241,8,10,0.231394,14006.44,0.098477,32911.35,0.092869,34898.69,0.084598,38310.54,0.095047,34098.94,0.093093,34814.57,0.159193,20358.95,0.233662,0.016841,0.015485,0.093093,0.359082,0.044378,17,267640,304515,2245700,2476,0,0,0,4488,0,0,0,0,0,0,0,0,0,0,0,0,0,0,0,0,0,0,0,13115856254890318893,13115856254890318893,13115856254890318893,16206867474090592831,16206867474090592831,16206867474090592831
563,20,3284,8,10,0.227376,14443.02,0.102316,32096.59,0.092377,35550.14,0.086970,37760.04,0.097508,33679.14,0.092803,35386.87,0.157713,20822.65,0.228543,0.015442,0.014928,0.092803,0.351715,0.048376,15,270858,316158,2367376,2656,0,0,0,4191,0,0,0,0,0,0,0,0,0,0,0,0,0,0,0,0,0,0,0,3802173129242951104,3802173129242951104,3802173129242951104,2745845549725123031,2745845549725123031,2745845549725123031
564,20,3296,8,10,0.254249,12963.65,0.121731,27076.13,0.086302,38191.42,0.082561,39922.09,0.109748,30032.47,0.103571,31823.64,0.178682,18446.18,0.258148,0.016283,0.014770,0.103571,0.392772,0.044835,16,271404,312699,2268864,2596,0,0,0,4379,0,0,0,0,0,0,0,0,0,0,0,0,0,0,0,0,0,0,0,13325061016784036375,13325061016784036375,13325061016784036375,7717676405855052801,7717676405855052801,7717676405855052801
565,20,3413,8,10,0.270117,12635.28,0.121696,28045.19,0.094659,36055.68,0.085071,40119.62,0.112901,30229.93,0.105033,32494.54,0.192343,17744.38,0.272820,0.015537,0.014835,0.105033,0.408225,0.048566,15,277131,345316,2374516,3114,0,0,0,4916,0,0,0,0,0,0,0,0,0,0,0,0,0,0,0,0,0,0,0,13533158211461558591,13533158211461558591,13533158211461558591,1224879075255822523,1224879075255822523,1224879075255822523
566,20,3099,8,10,0.242665,12770.71,0.102045,30368.88,0.090328,34308.41,0.082094,37749.44,0.099566,31125.05,0.099966,31000.53,0.161195,19225.13,0.244755,0.014966,0.015576,0.099966,0.375263,0.043625,16,255705,297180,2134764,2346,0,0,0,4229,0,0,0,0,0,0,0,0,0,0,0,0,0,0,0,0,0,0,0,9284167759984233989,9284167759984233989,9284167759984233989,3534768778784393828,3534768778784393828,3534768778784393828
567,20,2905,8,10,0.227223,12784.81,0.102976,28210.39,0.074722,38877.38,0.071538,40607.60,0.098216,29577.80,0.085124,34126.86,0.155577,18672.48,0.229620,0.013834,0.016623,0.085124,0.345201,0.041580,12,256030,290475,2151492,2032,0,0,0,3396,0,0,0,0,0,0,0,0,0,0,0,0,0,0,0,0,0,0,0,17610991159981927421,17610991159981927421,17610991159981927421,1843067022364934023,1843067022364934023,1843067022364934023
568,20,3243,8,10,0.251649,12886.99,0.142387,22775.92,0.094074,34472.77,0.080852,40110.18,0.131020,24751.98,0.098184,33029.70,0.188965,17161.88,0.253990,0.016846,0.018898,0.098184,0.387918,0.048768,12,282578,337713,2272972,2789,0,0,0,3936,0,0,0,0,0,0,0,0,0,0,0,0,0,0,0,0,0,0,0,14536665095742210286,14536665095742210286,14536665095742210286,1678728745615396825,1678728745615396825,1678728745615396825
569,20,3199,8,10,0.310094,10316.21,0.158320,20205.96,0.103494,30910.12,0.092185,34701.82,0.147315,21715.31,0.121594,26308.78,0.227008,14091.99,0.312348,0.016441,0.015749,0.121594,0.466132,0.044226,14,268885,308685,2263644,2520,0,0,0,4148,0,0,0,0,0,0,0,0,0,0,0,0,0,0,0,0,0,0,0,14442383898093649165,14442383898093649165,14442383898093649165,15364010141443465466,15364010141443465466,15364010141443465466
570,20,3347,8,10,0.309546,10812.61,0.136657,24492.01,0.085007,39373.23,0.078293,42749.93,0.120765,27714.91,0.100572,33279.73,0.215847,15506.33,0.311700,0.016256,0.016061,0.100572,0.444590,0.052855,13,268317,314202,2272940,2450,0,0,0,3805,0,0,0,0,0,0,0,0,0,0,0,0,0,0,0,0,0,0,0,1882555135578045313,1882555135578045313,1882555135578045313,1716020243085472651,1716020243085472651,1716020243085472651
571,20,3337,8,10,0.307906,10837.72,0.136604,24428.24,0.101476,32884.50,0.093483,35696.26,0.126279,26425.68,0.124753,26748.86,0.232492,14353.19,0.308970,0.015682,0.012694,0.124753,0.462098,0.047778,20,266739,310114,2281220,2580,0,0,0,4512,0,0,0,0,0,0,0,0,0,0,0,0,0,0,0,0,0,0,0,18083891220086942542,18083891220086942542,18083891220086942542,11530162650773831324,11530162650773831324,11530162650773831324
572,20,3312,8,10,0.308654,10730.46,0.161395,20521.03,0.087045,38049.27,0.082476,40157.13,0.152668,21694.19,0.119351,27750.09,0.228962,14465.26,0.313703,0.017129,0.018490,0.119351,0.468673,0.047527,14,283040,316610,2269824,2217,0,0,0,3694,0,0,0,0,0,0,0,0,0,0,0,0,0,0,0,0,0,0,0,2597980197099921686,2597980197099921686,2597980197099921686,8719071907290974177,8719071907290974177,8719071907290974177
573,20,2908,8,10,0.326818,8897.91,0.178649,16277.76,0.096366,30176.74,0.089879,32354.66,0.163616,17773.36,0.116552,24950.22,0.265976,10933.34,0.330610,0.012996,0.017383,0.116552,0.477541,0.039713,11,259209,298564,2057040,2257,0,0,0,3463,0,0,0,0,0,0,0,0,0,0,0,0,0,0,0,0,0,0,0,580438246103135522,580438246103135522,580438246103135522,17243577354162654713,17243577354162654713,17243577354162654713
574,20,3623,8,10,0.368434,9833.52,0.175213,20677.65,0.099475,36421.20,0.093732,38652.84,0.157611,22987.04,0.136753,26493.04,0.271760,13331.61,0.368491,0.017220,0.016023,0.136753,0.538486,0.053653,14,285052,332927,2373852,2580,0,0,0,3673,0,0,0,0,0,0,0,0,0,0,0,0,0,0,0,0,0,0,0,15188419160460199712,15188419160460199712,15188419160460199712,970557703518307811,970557703518307811,970557703518307811
575,20,3890,8,10,0.309205,12580.67,0.141234,27542.90,0.088275,44066.92,0.084857,45842.00,0.121186,32099.32,0.105046,37031.46,0.239256,16258.76,0.313746,0.015938,0.019565,0.105046,0.454294,0.064031,14,280556,382876,2402728,3432,0,0,0,3857,0,0,0,0,0,0,0,0,0,0,0,0,0,0,0,0,0,0,0,4571742343267163037,4571742343267163037,4571742343267163037,7835380234605691521,7835380234605691521,7835380234605691521
576,20,3171,8,10,0.314002,10098.68,0.149016,21279.57,0.107107,29605.96,0.105657,30012.28,0.130916,24221.70,0.122949,25791.18,0.231502,13697.48,0.313075,0.014083,0.013980,0.122949,0.464087,0.042001,17,260491,302156,2166796,2428,0,0,0,3727,0,0,0,0,0,0,0,0,0,0,0,0,0,0,0,0,0,0,0,10950749570067193138,10950749570067193138,10950749570067193138,1055261820982154437,1055261820982154437,1055261820982154437
577,20,3419,8,10,0.264418,12930.29,0.128888,26526.89,0.107952,31671.48,0.088974,38426.86,0.114497,29861.11,0.104486,32722.00,0.190085,17986.70,0.266539,0.016901,0.015300,0.104486,0.403226,0.052279,17,274467,349037,2250380,2702,0,0,0,4107,0,0,0,0,0,0,0,0,0,0,0,0,0,0,0,0,0,0,0,6426049409425926077,6426049409425926077,6426049409425926077,4471903356799060273,4471903356799060273,4471903356799060273
578,20,3157,8,10,0.326372,9673.01,0.150094,21033.45,0.098415,32078.42,0.096114,32846.30,0.137073,23031.51,0.113698,27766.42,0.229738,13741.72,0.330558,0.014585,0.015246,0.113698,0.474088,0.044060,14,269113,309968,2162868,2306,0,0,0,3166,0,0,0,0,0,0,0,0,0,0,0,0,0,0,0,0,0,0,0,15776204147700835822,15776204147700835822,15776204147700835822,2126647620790958573,2126647620790958573,2126647620790958573
579,20,3364,8,10,0.319506,10528.76,0.154292,21802.78,0.086697,38801.87,0.084181,39961.74,0.141898,23707.12,0.117688,28584.15,0.260396,12918.78,0.321556,0.015950,0.015809,0.117688,0.471003,0.045569,14,264967,356737,2206800,3423,0,0,0,4353,0,0,0,0,0,0,0,0,0,0,0,0,0,0,0,0,0,0,0,10902313489022138798,10902313489022138798,10902313489022138798,3233926625019533736,3233926625019533736,3233926625019533736
580,20,3246,8,10,0.333944,9720.18,0.149509,21711.00,0.089958,36083.58,0.079394,40884.92,0.138280,23474.16,0.116808,27789.30,0.246064,13191.70,0.332051,0.021071,0.019092,0.116808,0.489021,0.047541,14,269091,324341,2175512,2539,0,0,0,4091,0,0,0,0,0,0,0,0,0,0,0,0,0,0,0,0,0,0,0,1085349404596883011,1085349404596883011,1085349404596883011,1336173788812993226,1336173788812993226,1336173788812993226
581,20,3459,8,10,0.325546,10625.21,0.150246,23022.22,0.100234,34509.30,0.098195,35225.84,0.135424,25542.05,0.129507,26709.03,0.245028,14116.76,0.324343,0.015866,0.013599,0.129507,0.483315,0.052019,18,261313,316413,2237612,2579,0,0,0,3585,0,0,0,0,0,0,0,0,0,0,0,0,0,0,0,0,0,0,0,16691789790484565890,16691789790484565890,16691789790484565890,15187417992575042443,15187417992575042443,15187417992575042443
582,20,3137,8,10,0.320592,9785.02,0.146784,21371.48,0.103378,30344.82,0.101562,30887.46,0.135482,23154.44,0.123916,25315.63,0.238815,13135.70,0.323971,0.014506,0.013952,0.123916,0.476344,0.043555,16,261064,299689,2394532,2620,0,0,0,4427,0,0,0,0,0,0,0,0,0,0,0,0,0,0,0,0,0,0,0,9274575060201113455,9274575060201113455,9274575060201113455,7805457686550213396,7805457686550213396,7805457686550213396
583,20,3078,8,10,0.323488,9515.04,0.158809,19381.73,0.110037,27972.35,0.110034,27973.05,0.139864,22007.12,0.139841,22010.69,0.237963,12934.80,0.325500,0.013932,0.013806,0.139841,0.493079,0.041578,16,243135,278660,2179608,2135,0,0,0,2326,0,0,0,0,0,0,0,0,0,0,0,0,0,0,0,0,0,0,0,2403723733388526794,2403723733388526794,2403723733388526794,11903936229145736616,11903936229145736616,11903936229145736616
584,20,3158,8,10,0.329001,9598.76,0.154701,20413.54,0.089810,35163.18,0.081784,38613.71,0.138097,22867.99,0.126850,24895.60,0.227215,13898.73,0.329525,0.015916,0.013477,0.126850,0.485768,0.042956,17,261202,290877,2180856,2016,0,0,0,3427,0,0,0,0,0,0,0,0,0,0,0,0,0,0,0,0,0,0,0,13535438329557062369,13535438329557062369,13535438329557062369,4837467207620700650,4837467207620700650,4837467207620700650
585,20,3249,8,10,0.308176,10542.67,0.138513,23456.36,0.084955,38243.98,0.081192,40016.12,0.123821,26239.45,0.101494,32011.84,0.201152,16151.95,0.312226,0.015468,0.017554,0.101494,0.446742,0.049945,14,279120,305170,2328452,1989,0,0,0,3388,0,0,0,0,0,0,0,0,0,0,0,0,0,0,0,0,0,0,0,12040593172144996739,12040593172144996739,12040593172144996739,7983296763853464096,7983296763853464096,7983296763853464096
586,20,3484,8,10,0.373845,9319.36,0.147572,23608.77,0.104470,33349.38,0.100295,34737.46,0.127329,27362.23,0.122041,28547.78,0.235956,14765.45,0.373858,0.020187,0.019096,0.122041,0.535182,0.068209,13,369895,426680,2692880,3734,0,0,0,4938,0,0,0,0,0,0,0,0,0,0,0,0,0,0,0,0,0,0,0,2006898117090859185,2006898117090859185,2006898117090859185,17872151451756454652,17872151451756454652,17872151451756454652
587,20,3299,8,10,0.368953,8941.52,0.149015,22138.65,0.101217,32593.33,0.100191,32927.20,0.126323,26115.56,0.121495,27153.35,0.228599,14431.37,0.362692,0.015446,0.015812,0.121495,0.515445,0.054324,16,293520,329950,2347628,2107,0,0,0,2573,0,0,0,0,0,0,0,0,0,0,0,0,0,0,0,0,0,0,0,8086190000665750017,8086190000665750017,8086190000665750017,17178978803375983605,17178978803375983605,17178978803375983605
588,20,3173,8,10,0.326332,9723.23,0.145998,21733.23,0.107917,29402.33,0.097925,32402.46,0.129280,24543.57,0.118985,26667.21,0.220484,14391.04,0.326645,0.013846,0.014746,0.118985,0.474222,0.047144,14,260396,292631,2105972,2218,0,0,0,3393,0,0,0,0,0,0,0,0,0,0,0,0,0,0,0,0,0,0,0,16865753546915815722,16865753546915815722,16865753546915815722,17343047888183707970,17343047888183707970,17343047888183707970
589,20,3434,8,10,0.317927,10801.23,0.143156,23987.79,0.089739,38266.68,0.091081,37702.82,0.127125,27012.82,0.104923,32728.77,0.224144,15320.52,0.318795,0.016551,0.016434,0.104923,0.456703,0.055974,12,272984,333364,2225512,2720,0,0,0,2739,0,0,0,0,0,0,0,0,0,0,0,0,0,0,0,0,0,0,0,17799976667007562664,17799976667007562664,17799976667007562664,2950703994180929293,2950703994180929293,2950703994180929293
590,20,3160,8,10,0.314560,10045.78,0.149448,21144.46,0.098908,31948.80,0.096591,32715.19,0.133005,23758.54,0.118712,26618.97,0.221460,14268.96,0.317583,0.015110,0.015110,0.118712,0.466515,0.048422,13,265523,301238,2139264,2437,0,0,0,3219,0,0,0,0,0,0,0,0,0,0,0,0,0,0,0,0,0,0,0,9966789374516043898,9966789374516043898,9966789374516043898,7560829059950220730,7560829059950220730,7560829059950220730
591,20,3049,8,10,0.243634,12514.69,0.112831,27022.78,0.080212,38011.88,0.075177,40557.39,0.104497,29177.89,0.090121,33832.16,0.172910,17633.45,0.246025,0.014738,0.015028,0.090121,0.365912,0.044286,14,251058,285208,2046692,2055,0,0,0,3711,0,0,0,0,0,0,0,0,0,0,0,0,0,0,0,0,0,0,0,67416933302339607,67416933302339607,67416933302339607,15618223339536522925,15618223339536522925,15618223339536522925
592,20,3355,8,10,0.221789,15127.00,0.100062,33529.20,0.089376,37538.04,0.082275,40777.95,0.094161,35630.43,0.091700,36586.53,0.142932,23472.76,0.227872,0.012329,0.014268,0.091700,0.346169,0.052107,15,268564,311139,2234828,2490,0,0,0,4217,0,0,0,0,0,0,0,0,0,0,0,0,0,0,0,0,0,0,0,3022021101971950060,3022021101971950060,3022021101971950060,10890219636058839343,10890219636058839343,10890219636058839343
593,20,3315,8,10,0.238432,13903.34,0.095847,34586.27,0.090943,36451.24,0.084866,39061.56,0.094699,35005.60,0.092770,35733.46,0.163403,20287.30,0.240126,0.015552,0.012979,0.092770,0.361428,0.050563,19,279045,318535,2276524,2492,0,0,0,4521,0,0,0,0,0,0,0,0,0,0,0,0,0,0,0,0,0,0,0,2493358568637362910,2493358568637362910,2493358568637362910,3937474763487903448,3937474763487903448,3937474763487903448
594,20,3585,8,10,0.329006,10896.47,0.136132,26334.65,0.095118,37690.14,0.088901,40325.95,0.124286,28844.86,0.115275,31099.63,0.223476,16041.98,0.331118,0.017469,0.014931,0.115275,0.478792,0.054161,16,279328,323303,2434788,2661,0,0,0,4471,0,0,0,0,0,0,0,0,0,0,0,0,0,0,0,0,0,0,0,4281480245014340927,4281480245014340927,4281480245014340927,17815817109127842534,17815817109127842534,17815817109127842534
595,20,3433,8,10,0.319703,10738.09,0.159247,21557.74,0.089483,38364.76,0.089954,38164.13,0.144667,23730.42,0.125711,27308.71,0.249512,13758.84,0.321732,0.017197,0.015218,0.125711,0.479858,0.048174,14,255602,346837,2152260,3026,0,0,0,3695,0,0,0,0,0,0,0,0,0,0,0,0,0,0,0,0,0,0,0,2900963179725230289,2900963179725230289,2900963179725230289,6351216062703252355,6351216062703252355,6351216062703252355
596,20,3768,8,10,0.297016,12686.19,0.122419,30779.59,0.083882,44920.43,0.075417,49962.15,0.112559,33475.79,0.096482,39053.84,0.200647,18779.25,0.298621,0.019575,0.017526,0.096482,0.432204,0.059528,14,312289,358154,2517824,2442,0,0,0,3683,0,0,0,0,0,0,0,0,0,0,0,0,0,0,0,0,0,0,0,7960281527283044215,7960281527283044215,7960281527283044215,924294075623411210,924294075623411210,924294075623411210
597,20,2631,8,10,0.313140,8402.00,0.138192,19038.69,0.089988,29237.20,0.076015,34611.43,0.122666,21448.41,0.096845,27167.11,0.213649,12314.61,0.314883,0.018801,0.018476,0.096845,0.449006,0.031847,9,286011,319036,1974684,1875,0,0,0,3099,0,0,0,0,0,0,0,0,0,0,0,0,0,0,0,0,0,0,0,7102784316375221277,7102784316375221277,7102784316375221277,6652312264082225970,6652312264082225970,6652312264082225970
598,20,2924,8,10,0.333269,8773.70,0.145651,20075.45,0.094973,30787.81,0.095325,30673.86,0.128646,22729.10,0.112601,25967.88,0.240337,12166.25,0.333998,0.015986,0.014947,0.112601,0.477532,0.034981,13,246157,297382,2011152,2421,0,0,0,2339,0,0,0,0,0,0,0,0,0,0,0,0,0,0,0,0,0,0,0,4844998467904636738,4844998467904636738,4844998467904636738,1131908512346243176,1131908512346243176,1131908512346243176
599,20,3030,8,10,0.348452,8695.61,0.156437,19368.81,0.100610,30116.35,0.087945,34453.52,0.141722,21379.89,0.114885,26374.29,0.233018,13003.26,0.348840,0.016268,0.014503,0.114885,0.494495,0.040346,14,240594,266344,2067768,1822,0,0,0,2597,0,0,0,0,0,0,0,0,0,0,0,0,0,0,0,0,0,0,0,333745646968257784,333745646968257784,333745646968257784,5699928597370342125,5699928597370342125,5699928597370342125
600,20,2993,8,10,0.318478,9397.83,0.156737,19095.68,0.097799,30603.73,0.094751,31588.10,0.136803,21878.19,0.114465,26147.65,0.239565,12493.48,0.320862,0.015166,0.015143,0.114465,0.465637,0.038672,12,241887,277252,2018308,2187,0,0,0,2761,0,0,0,0,0,0,0,0,0,0,0,0,0,0,0,0,0,0,0,3779019709960575488,3779019709960575488,3779019709960575488,1986747966075861453,1986747966075861453,1986747966075861453
601,20,3430,8,10,0.366376,9361.97,0.171663,19981.03,0.103302,33203.75,0.100928,33984.79,0.156451,21923.84,0.136037,25213.75,0.254395,13482.96,0.364348,0.016549,0.016570,0.136037,0.533503,0.053054,15,279348,309293,2400280,1910,0,0,0,1930,0,0,0,0,0,0,0,0,0,0,0,0,0,0,0,0,0,0,0,7091282612816755994,7091282612816755994,7091282612816755994,2155928242253760785,2155928242253760785,2155928242253760785
602,20,3109,8,10,0.357542,8695.49,0.156332,19887.16,0.091738,33890.01,0.089288,34820.06,0.142781,21774.53,0.124825,24906.96,0.253003,12288.41,0.358251,0.013574,0.014387,0.124825,0.511037,0.042124,15,252150,284065,2023636,1965,0,0,0,2318,0,0,0,0,0,0,0,0,0,0,0,0,0,0,0,0,0,0,0,2963122582798553153,2963122582798553153,2963122582798553153,4504655278825496664,4504655278825496664,4504655278825496664
603,20,3278,8,10,0.415844,7882.76,0.189560,17292.67,0.106349,30822.91,0.105793,30985.11,0.169615,19326.08,0.155689,21054.75,0.295571,11090.38,0.418227,0.015556,0.015483,0.155689,0.604954,0.044546,14,270952,300637,2193560,1963,0,0,0,2606,0,0,0,0,0,0,0,0,0,0,0,0,0,0,0,0,0,0,0,7126584160130708138,7126584160130708138,7126584160130708138,3793054474883853554,3793054474883853554,3793054474883853554
604,20,3406,8,10,0.365575,9316.84,0.163754,20799.55,0.101773,33466.53,0.098695,34510.35,0.143801,23685.51,0.143912,23667.30,0.269930,12618.08,0.366194,0.016849,0.013685,0.143912,0.540640,0.048249,18,265997,329942,2159864,2376,0,0,0,2467,0,0,0,0,0,0,0,0,0,0,0,0,0,0,0,0,0,0,0,13724659458409412074,13724659458409412074,13724659458409412074,7649195849982170706,7649195849982170706,7649195849982170706
605,20,3697,8,10,0.290928,12707.61,0.133112,27773.56,0.096732,38218.92,0.082349,44894.13,0.124315,29738.89,0.111094,33278.26,0.204133,18110.73,0.293070,0.016810,0.017579,0.111094,0.438551,0.054150,16,284309,345409,2342116,2676,0,0,0,3875,0,0,0,0,0,0,0,0,0,0,0,0,0,0,0,0,0,0,0,4984406258283006133,4984406258283006133,4984406258283006133,6084896751218115775,6084896751218115775,6084896751218115775
606,20,3448,8,10,0.207245,16637.28,0.101332,34026.69,0.077515,44481.83,0.071477,48239.23,0.097550,35346.03,0.087656,39335.37,0.151771,22718.41,0.209980,0.015839,0.016850,0.087656,0.330326,0.049802,14,267566,331901,2209568,2439,0,0,0,3834,0,0,0,0,0,0,0,0,0,0,0,0,0,0,0,0,0,0,0,14335548590887393301,14335548590887393301,14335548590887393301,10863874078393688622,10863874078393688622,10863874078393688622
607,20,3376,8,10,0.252143,13389.22,0.112972,29883.60,0.087925,38396.56,0.074853,45101.66,0.107680,31352.10,0.098082,34420.08,0.177947,18971.89,0.255307,0.015333,0.015509,0.098082,0.384231,0.048091,16,259273,294553,2180128,2149,0,0,0,3891,0,0,0,0,0,0,0,0,0,0,0,0,0,0,0,0,0,0,0,18054147229257727187,18054147229257727187,18054147229257727187,14889348696907570923,14889348696907570923,14889348696907570923
608,20,3298,8,10,0.278801,11829.24,0.137993,23899.68,0.084117,39207.46,0.078542,41990.50,0.128005,25764.54,0.109279,30179.49,0.198865,16584.13,0.282390,0.014810,0.014431,0.109279,0.420910,0.042605,16,270120,306480,2222248,2347,0,0,0,3522,0,0,0,0,0,0,0,0,0,0,0,0,0,0,0,0,0,0,0,958115360255322171,958115360255322171,958115360255322171,11898760864445334181,11898760864445334181,11898760864445334181
609,20,3340,8,10,0.234532,14241.12,0.106567,31341.91,0.077686,42993.68,0.069853,47814.86,0.100560,33214.12,0.086939,38417.91,0.167200,19976.04,0.237222,0.014013,0.015329,0.086939,0.353502,0.044318,13,252306,288171,2309488,2118,0,0,0,3448,0,0,0,0,0,0,0,0,0,0,0,0,0,0,0,0,0,0,0,1554647796086332034,1554647796086332034,1554647796086332034,3823968599381021439,3823968599381021439,3823968599381021439
610,20,3206,8,10,0.247849,12935.28,0.121854,26310.14,0.077355,41445.54,0.074796,42863.51,0.116746,27461.22,0.105792,30304.61,0.170872,18762.54,0.247116,0.015013,0.013381,0.105792,0.381303,0.044553,16,239117,273992,2144472,2118,0,0,0,3563,0,0,0,0,0,0,0,0,0,0,0,0,0,0,0,0,0,0,0,14807221050951509564,14807221050951509564,14807221050951509564,16302151967207133027,16302151967207133027,16302151967207133027
611,20,3852,8,10,0.268344,14354.73,0.127048,30319.18,0.083145,46328.78,0.078736,48922.96,0.120875,31867.52,0.108091,35636.64,0.194042,19851.34,0.267923,0.017959,0.018517,0.108091,0.412490,0.060681,14,291883,339063,2567504,2510,0,0,0,3837,0,0,0,0,0,0,0,0,0,0,0,0,0,0,0,0,0,0,0,7473657859398968424,7473657859398968424,7473657859398968424,14191292527537747911,14191292527537747911,14191292527537747911
612,20,3429,8,10,0.263258,13025.26,0.121528,28215.65,0.076767,44667.77,0.074265,46172.53,0.109862,31211.82,0.089147,38464.41,0.189229,18120.89,0.264963,0.016563,0.016729,0.089147,0.387402,0.046951,13,265695,297595,2389524,2162,0,0,0,3359,0,0,0,0,0,0,0,0,0,0,0,0,0,0,0,0,0,0,0,9110379138839543165,9110379138839543165,9110379138839543165,4135834333908028645,4135834333908028645,4135834333908028645
613,20,3257,8,10,0.276320,11787.06,0.140637,23158.99,0.084794,38410.63,0.082688,39389.13,0.129010,25246.14,0.106696,30525.88,0.201860,16134.91,0.277479,0.016588,0.017346,0.106696,0.418109,0.041300,11,258595,296000,2108804,2133,0,0,0,2597,0,0,0,0,0,0,0,0,0,0,0,0,0,0,0,0,0,0,0,8878242469803719843,8878242469803719843,8878242469803719843,15634451956721526597,15634451956721526597,15634451956721526597
614,20,3255,8,10,0.237959,13678.83,0.122169,26643.41,0.080913,40228.42,0.075289,43233.56,0.114230,28495.19,0.098495,33047.36,0.174128,18693.15,0.239712,0.015660,0.017502,0.098495,0.371368,0.045409,12,258336,299766,2230396,2162,0,0,0,3522,0,0,0,0,0,0,0,0,0,0,0,0,0,0,0,0,0,0,0,5331562050239565311,5331562050239565311,5331562050239565311,8166478859228262935,8166478859228262935,8166478859228262935
615,20,3162,8,10,0.239767,13187.83,0.120706,26195.81,0.091934,34394.21,0.068964,45849.84,0.115708,27327.40,0.091402,34594.31,0.174526,18117.63,0.242133,0.016010,0.017528,0.091402,0.367073,0.042957,14,265010,299855,2203208,2166,0,0,0,3378,0,0,0,0,0,0,0,0,0,0,0,0,0,0,0,0,0,0,0,301236168855910586,301236168855910586,301236168855910586,5930524518455581288,5930524518455581288,5930524518455581288
616,20,3543,8,10,0.310006,11428.80,0.142755,24818.79,0.089282,39683.17,0.076725,46178.03,0.130175,27217.21,0.121965,29049.28,0.229888,15411.85,0.311918,0.016015,0.015416,0.121965,0.465314,0.057494,15,254583,307618,2406300,2517,0,0,0,3548,0,0,0,0,0,0,0,0,0,0,0,0,0,0,0,0,0,0,0,10969128810126407583,10969128810126407583,10969128810126407583,4996414101822230024,4996414101822230024,4996414101822230024
617,20,3491,8,10,0.346864,10064.48,0.150003,23272.88,0.085322,40915.71,0.078087,44706.58,0.137832,25327.95,0.115033,30347.89,0.235116,14847.98,0.348016,0.017029,0.019279,0.115033,0.499358,0.052491,10,270544,307404,2314508,2154,0,0,0,2607,0,0,0,0,0,0,0,0,0,0,0,0,0,0,0,0,0,0,0,9671737318953419766,9671737318953419766,9671737318953419766,14975986118252831401,14975986118252831401,14975986118252831401
618,20,3936,8,10,0.278126,14151.86,0.121262,32458.59,0.077213,50975.85,0.072118,54577.25,0.112820,34887.45,0.108856,36157.73,0.188691,20859.54,0.276178,0.017389,0.013822,0.108856,0.416245,0.060256,18,276539,330694,2446176,2581,0,0,0,3399,0,0,0,0,0,0,0,0,0,0,0,0,0,0,0,0,0,0,0,6239093474796281186,6239093474796281186,6239093474796281186,11004816297461140148,11004816297461140148,11004816297461140148
619,20,3622,8,10,0.300713,12044.72,0.146928,24651.50,0.107631,33652.03,0.108484,33387.39,0.132487,27338.63,0.126535,28624.57,0.220145,16452.81,0.301561,0.017476,0.020755,0.126535,0.466327,0.055188,15,264134,313854,2199064,2485,0,0,0,2730,0,0,0,0,0,0,0,0,0,0,0,0,0,0,0,0,0,0,0,9976582892449353217,9976582892449353217,9976582892449353217,2547033823145699042,2547033823145699042,2547033823145699042
620,20,3668,8,10,0.358745,10224.54,0.161203,22753.88,0.102860,35659.97,0.091987,39875.07,0.143355,25586.85,0.131508,27891.88,0.252740,14512.96,0.359837,0.016274,0.015330,0.131508,0.522948,0.054481,16,270092,329342,2285360,2647,0,0,0,2444,0,0,0,0,0,0,0,0,0,0,0,0,0,0,0,0,0,0,0,13538255056118439537,13538255056118439537,13538255056118439537,3547985169668890526,3547985169668890526,3547985169668890526
621,20,3282,8,10,0.311777,10526.75,0.136045,24124.42,0.068397,47984.90,0.061334,53510.15,0.126768,25889.89,0.105972,30970.50,0.204038,16085.25,0.313503,0.015124,0.014808,0.105972,0.449407,0.045196,14,240010,275545,2207272,1977,0,0,0,2163,0,0,0,0,0,0,0,0,0,0,0,0,0,0,0,0,0,0,0,6656129235019609561,6656129235019609561,6656129235019609561,1097894101428737301,1097894101428737301,1097894101428737301
622,20,3337,8,10,0.251354,13276.08,0.105597,31601.30,0.079893,41768.45,0.074878,44565.68,0.096744,34493.15,0.088341,37773.94,0.154002,21668.55,0.253035,0.016418,0.013900,0.088341,0.371694,0.045874,16,259150,284985,2207044,1959,0,0,0,3716,0,0,0,0,0,0,0,0,0,0,0,0,0,0,0,0,0,0,0,1841808059119545214,1841808059119545214,1841808059119545214,1225599505404850985,1225599505404850985,1225599505404850985
623,20,3284,8,10,0.268373,12236.70,0.130472,25170.24,0.081274,40406.76,0.074923,43831.80,0.122541,26799.23,0.103993,31579.10,0.187554,17509.64,0.270758,0.015224,0.015577,0.103993,0.405551,0.046518,13,247286,282241,2313808,2182,0,0,0,3483,0,0,0,0,0,0,0,0,0,0,0,0,0,0,0,0,0,0,0,8404006354998389643,8404006354998389643,8404006354998389643,14163809326487517207,14163809326487517207,14163809326487517207
624,20,3548,8,10,0.263943,13442.30,0.118174,30023.52,0.083818,42329.58,0.068223,52005.99,0.112064,31660.43,0.105270,33703.94,0.179114,19808.63,0.266187,0.017517,0.014622,0.105270,0.403595,0.056420,16,273876,311696,2336144,2182,0,0,0,3398,0,0,0,0,0,0,0,0,0,0,0,0,0,0,0,0,0,0,0,5710837928903428182,5710837928903428182,5710837928903428182,14924573712141986988,14924573712141986988,14924573712141986988
625,20,3710,8,10,0.265477,13974.85,0.122873,30193.77,0.080220,46247.57,0.073271,50634.04,0.115061,32243.64,0.098254,37759.19,0.180049,20605.48,0.268620,0.015376,0.016162,0.098254,0.398413,0.055313,15,275028,314703,2381368,2287,0,0,0,3741,0,0,0,0,0,0,0,0,0,0,0,0,0,0,0,0,0,0,0,14403617247486381568,14403617247486381568,14403617247486381568,3487341914713685261,3487341914713685261,3487341914713685261
626,20,3524,8,10,0.256757,13725.04,0.111552,31590.68,0.082030,42960.14,0.077313,45580.68,0.101647,34669.01,0.093020,37884.16,0.166328,21187.04,0.258594,0.016010,0.015213,0.093020,0.382838,0.052759,15,272201,302551,2316208,1965,0,0,0,3850,0,0,0,0,0,0,0,0,0,0,0,0,0,0,0,0,0,0,0,7889421742205053735,7889421742205053735,7889421742205053735,9870279520599184669,9870279520599184669,9870279520599184669
627,20,3512,8,10,0.276873,12684.50,0.128953,27234.82,0.086168,40757.42,0.081546,43067.66,0.119092,29489.69,0.113808,30858.99,0.196809,17844.75,0.278367,0.017244,0.014998,0.113808,0.424417,0.054918,16,276712,321842,2355104,2429,0,0,0,4055,0,0,0,0,0,0,0,0,0,0,0,0,0,0,0,0,0,0,0,3444563563150925478,3444563563150925478,3444563563150925478,12962173070150132788,12962173070150132788,12962173070150132788
628,20,3192,8,10,0.295000,10820.36,0.145145,21991.86,0.121347,26304.84,0.092712,34429.35,0.141095,22623.10,0.128609,24819.49,0.218806,14588.24,0.296696,0.015763,0.015330,0.128609,0.456397,0.041500,16,252002,281702,2179584,1901,0,0,0,3893,0,0,0,0,0,0,0,0,0,0,0,0,0,0,0,0,0,0,0,16246390415674109256,16246390415674109256,16246390415674109256,15084528237000722639,15084528237000722639,15084528237000722639
629,20,3374,8,10,0.243470,13857.96,0.112523,29984.95,0.086545,38985.27,0.083555,40380.77,0.107214,31469.87,0.092018,36666.79,0.176512,19114.80,0.245817,0.016292,0.015499,0.092018,0.369625,0.048795,13,261265,304420,2200440,2351,0,0,0,3893,0,0,0,0,0,0,0,0,0,0,0,0,0,0,0,0,0,0,0,1040566937139785496,1040566937139785496,1040566937139785496,16108290678817652299,16108290678817652299,16108290678817652299
630,20,3580,8,10,0.227113,15763.05,0.095503,37485.71,0.084504,42364.65,0.081883,43720.97,0.091610,39078.58,0.089123,40169.29,0.147735,24232.53,0.228436,0.016622,0.019518,0.089123,0.353698,0.058035,16,277634,319384,2307440,2335,0,0,0,3824,0,0,0,0,0,0,0,0,0,0,0,0,0,0,0,0,0,0,0,758031598412658569,758031598412658569,758031598412658569,4130223149397216577,4130223149397216577,4130223149397216577
631,20,3464,8,10,0.223429,15503.78,0.092365,37503.30,0.074209,46678.95,0.069493,49846.81,0.089170,38847.36,0.080873,42832.61,0.145338,23834.16,0.225524,0.014866,0.015007,0.080873,0.336270,0.050498,16,258132,291717,2227648,2042,0,0,0,3599,0,0,0,0,0,0,0,0,0,0,0,0,0,0,0,0,0,0,0,2506604856442469814,2506604856442469814,2506604856442469814,8515168751610778973,8515168751610778973,8515168751610778973
632,20,3312,8,10,0.290606,11396.87,0.138591,23897.63,0.085279,38837.20,0.078411,42239.00,0.128690,25736.18,0.122978,26931.65,0.209883,15780.19,0.293003,0.015852,0.014430,0.122978,0.446263,0.050978,17,271369,309839,2214944,2340,0,0,0,3827,0,0,0,0,0,0,0,0,0,0,0,0,0,0,0,0,0,0,0,700181888769358105,700181888769358105,700181888769358105,1347048709615024484,1347048709615024484,1347048709615024484
633,20,4012,8,10,0.318279,12605.30,0.142376,28179.00,0.097047,41340.62,0.100725,39831.22,0.124316,32272.71,0.118312,33910.22,0.233082,17212.79,0.319215,0.018237,0.018192,0.118312,0.473956,0.064370,16,289577,350362,2472560,3108,0,0,0,3440,0,0,0,0,0,0,0,0,0,0,0,0,0,0,0,0,0,0,0,3225955011277318854,3225955011277318854,3225955011277318854,9701119880544403872,9701119880544403872,9701119880544403872
634,20,3444,8,10,0.276147,12471.62,0.117309,29358.24,0.088269,39016.97,0.080243,42919.64,0.110700,31111.20,0.093686,36761.17,0.184559,18660.71,0.269534,0.017665,0.015218,0.093686,0.396103,0.051103,15,264169,309014,2282480,2442,0,0,0,3794,0,0,0,0,0,0,0,0,0,0,0,0,0,0,0,0,0,0,0,11972088065508939563,11972088065508939563,11972088065508939563,10079513647425434286,10079513647425434286,10079513647425434286
635,20,3885,8,10,0.236442,16431.07,0.095814,40547.11,0.084976,45718.78,0.078895,49242.36,0.093470,41564.21,0.091904,42272.57,0.157081,24732.41,0.239046,0.015905,0.016497,0.091904,0.363352,0.064861,17,281323,359693,2443764,2869,0,0,0,4380,0,0,0,0,0,0,0,0,0,0,0,0,0,0,0,0,0,0,0,12439066303851042018,12439066303851042018,12439066303851042018,9005643061688343830,9005643061688343830,9005643061688343830
636,20,3111,8,10,0.231558,13435.10,0.105767,29413.75,0.075107,41420.91,0.071735,43367.95,0.097420,31933.96,0.093595,33238.82,0.169670,18335.65,0.233216,0.015897,0.015639,0.093595,0.358347,0.040904,13,262365,300595,2080956,2120,0,0,0,3483,0,0,0,0,0,0,0,0,0,0,0,0,0,0,0,0,0,0,0,8453161200321205705,8453161200321205705,8453161200321205705,12819212203099003084,12819212203099003084,12819212203099003084
637,20,3284,8,10,0.298675,10995.24,0.141526,23204.29,0.087419,37566.17,0.079443,41337.95,0.133165,24661.21,0.116419,28208.55,0.208678,15737.17,0.300518,0.014950,0.014825,0.116419,0.446712,0.043104,14,248409,290534,2133616,2208,0,0,0,3826,0,0,0,0,0,0,0,0,0,0,0,0,0,0,0,0,0,0,0,6638368216321285932,6638368216321285932,6638368216321285932,10474003061145470199,10474003061145470199,10474003061145470199
638,20,3321,8,10,0.256095,12967.82,0.117458,28274.03,0.074621,44505.16,0.072317,45923.11,0.110710,29997.22,0.097885,33927.63,0.180172,18432.39,0.257732,0.015509,0.016242,0.097885,0.387368,0.045155,13,260577,298112,2187012,2136,0,0,0,3595,0,0,0,0,0,0,0,0,0,0,0,0,0,0,0,0,0,0,0,17792939386305107406,17792939386305107406,17792939386305107406,15336106116465591332,15336106116465591332,15336106116465591332
639,20,3529,8,10,0.326013,10824.72,0.156285,22580.59,0.111377,31685.23,0.097529,36184.09,0.146376,24109.08,0.135626,26020.14,0.253604,13915.39,0.329843,0.016916,0.014781,0.135626,0.497166,0.054638,18,277049,337324,2319236,3211,0,0,0,4907,0,0,0,0,0,0,0,0,0,0,0,0,0,0,0,0,0,0,0,17684134340600426424,17684134340600426424,17684134340600426424,16785593267367008796,16785593267367008796,16785593267367008796
640,20,3272,8,10,0.307244,10649.53,0.144261,22681.14,0.104106,31429.46,0.097298,33628.76,0.132911,24618.04,0.123374,26521.08,0.230692,14183.40,0.307454,0.015692,0.014933,0.123374,0.461452,0.044451,15,250175,289635,2044448,2177,0,0,0,3300,0,0,0,0,0,0,0,0,0,0,0,0,0,0,0,0,0,0,0,7373403140408124050,7373403140408124050,7373403140408124050,17031146397076173724,17031146397076173724,17031146397076173724
641,20,3251,8,10,0.291271,11161.42,0.139695,23272.14,0.095339,34099.36,0.098134,33128.21,0.123807,26258.55,0.120841,26903.20,0.213272,15243.45,0.289884,0.014187,0.012435,0.120841,0.437347,0.041637,17,244298,282638,1996652,2266,0,0,0,3303,0,0,0,0,0,0,0,0,0,0,0,0,0,0,0,0,0,0,0,16258737851656705930,16258737851656705930,16258737851656705930,15085559522157431345,15085559522157431345,15085559522157431345
642,20,3319,8,10,0.379214,8752.31,0.156326,21231.23,0.112580,29481.38,0.079733,41626.35,0.146997,22578.74,0.133311,24896.73,0.242482,13687.60,0.381479,0.016178,0.014987,0.133311,0.545955,0.047298,15,265514,304439,2172444,2075,0,0,0,3534,0,0,0,0,0,0,0,0,0,0,0,0,0,0,0,0,0,0,0,4582018800596496992,4582018800596496992,4582018800596496992,324897186032510660,324897186032510660,324897186032510660
643,20,3365,8,10,0.382831,8789.77,0.168690,19947.78,0.106041,31733.10,0.104390,32234.81,0.156049,21563.76,0.134927,24939.40,0.269944,12465.56,0.386825,0.013426,0.016628,0.134927,0.551805,0.049628,14,264060,305155,2186292,2232,0,0,0,2213,0,0,0,0,0,0,0,0,0,0,0,0,0,0,0,0,0,0,0,4837538297527023691,4837538297527023691,4837538297527023691,10441189625326482946,10441189625326482946,10441189625326482946
644,20,3311,8,10,0.260926,12689.44,0.123237,26866.89,0.082387,40188.50,0.077046,42974.35,0.115050,28778.76,0.097248,34047.00,0.186442,17758.83,0.264609,0.014840,0.017703,0.097248,0.394400,0.049269,13,261290,293265,2157468,2168,0,0,0,3374,0,0,0,0,0,0,0,0,0,0,0,0,0,0,0,0,0,0,0,17280769215344328273,17280769215344328273,17280769215344328273,5933332619487725657,5933332619487725657,5933332619487725657
645,20,3528,8,10,0.246073,14337.21,0.103311,34149.23,0.082069,42987.98,0.076672,46014.05,0.095303,37018.77,0.092144,38287.78,0.174411,20228.10,0.248225,0.016759,0.015020,0.092144,0.372149,0.049611,16,267728,316763,2257440,2604,0,0,0,3929,0,0,0,0,0,0,0,0,0,0,0,0,0,0,0,0,0,0,0,16205884007284874087,16205884007284874087,16205884007284874087,3321177196243107497,3321177196243107497,3321177196243107497
646,20,3440,8,10,0.268920,12791.89,0.135481,25391.04,0.093080,36957.52,0.087461,39331.72,0.123477,27859.45,0.113477,30314.65,0.204411,16828.81,0.271350,0.015773,0.015555,0.113477,0.416155,0.049197,16,268846,328136,2413248,2859,0,0,0,4010,0,0,0,0,0,0,0,0,0,0,0,0,0,0,0,0,0,0,0,8382056834730464992,8382056834730464992,8382056834730464992,5008269146119559678,5008269146119559678,5008269146119559678
647,20,3712,8,10,0.346504,10712.73,0.159449,23280.22,0.097227,38178.66,0.087535,42405.72,0.147254,25208.15,0.118765,31254.88,0.262926,14118.02,0.347452,0.016597,0.017828,0.118765,0.500642,0.058300,13,271770,319690,2344448,2530,0,0,0,3783,0,0,0,0,0,0,0,0,0,0,0,0,0,0,0,0,0,0,0,8913093812981989802,8913093812981989802,8913093812981989802,9434779278224616259,9434779278224616259,9434779278224616259
648,20,3643,8,10,0.314647,11578.04,0.141150,25809.50,0.106861,34090.90,0.103965,35040.67,0.127478,28577.58,0.121855,29896.08,0.234914,15507.79,0.316823,0.016316,0.014879,0.121855,0.469874,0.058876,15,271540,330380,2246476,2885,0,0,0,3738,0,0,0,0,0,0,0,0,0,0,0,0,0,0,0,0,0,0,0,9213756432182747055,9213756432182747055,9213756432182747055,17349174417666220966,17349174417666220966,17349174417666220966
649,20,3470,8,10,0.276904,12531.40,0.121983,28446.61,0.076127,45581.98,0.074154,46794.56,0.112883,30739.84,0.107968,32139.21,0.195700,17731.22,0.278643,0.017544,0.015724,0.107968,0.419879,0.046935,16,256755,290905,2384696,2236,0,0,0,3442,0,0,0,0,0,0,0,0,0,0,0,0,0,0,0,0,0,0,0,16332988735159658730,16332988735159658730,16332988735159658730,9051366235849838906,9051366235849838906,9051366235849838906
650,20,3377,8,10,0.248423,13593.78,0.110004,30698.90,0.081062,41659.60,0.079093,42696.73,0.102116,33070.32,0.096857,34865.90,0.167747,20131.51,0.252171,0.014410,0.014018,0.096857,0.377456,0.048967,15,252883,289768,2254404,2228,0,0,0,3860,0,0,0,0,0,0,0,0,0,0,0,0,0,0,0,0,0,0,0,15075818441149976658,15075818441149976658,15075818441149976658,8684824763334718444,8684824763334718444,8684824763334718444
651,20,3486,8,10,0.325912,10696.12,0.149077,23383.92,0.096160,36252.14,0.099027,35202.49,0.128591,27109.22,0.116400,29948.53,0.233780,14911.45,0.329025,0.015627,0.014826,0.116400,0.475878,0.049453,16,256350,295540,2256696,2113,0,0,0,2510,0,0,0,0,0,0,0,0,0,0,0,0,0,0,0,0,0,0,0,4218564675511185181,4218564675511185181,4218564675511185181,16648763216382305947,16648763216382305947,16648763216382305947
652,20,3465,8,10,0.279785,12384.50,0.128186,27031.13,0.080206,43201.34,0.076742,45151.12,0.113481,30533.64,0.098466,35189.71,0.194646,17801.50,0.279646,0.015095,0.015970,0.098466,0.409178,0.049209,13,255876,302946,2191044,2406,0,0,0,3770,0,0,0,0,0,0,0,0,0,0,0,0,0,0,0,0,0,0,0,8234334775429495911,8234334775429495911,8234334775429495911,9593454290817056557,9593454290817056557,9593454290817056557
653,20,3309,8,10,0.267638,12363.73,0.119064,27791.88,0.080876,40914.67,0.077943,42454.31,0.108925,30378.57,0.102717,32214.69,0.195188,16952.91,0.270782,0.014887,0.014519,0.102717,0.402905,0.047226,16,261978,319973,2325908,2729,0,0,0,4275,0,0,0,0,0,0,0,0,0,0,0,0,0,0,0,0,0,0,0,8305691054838621711,8305691054838621711,8305691054838621711,17464854978514751346,17464854978514751346,17464854978514751346
654,20,3307,8,10,0.301170,10980.50,0.141709,23336.59,0.089340,37015.75,0.081033,40810.45,0.133976,24683.56,0.127283,25981.53,0.220300,15011.38,0.303806,0.014742,0.014350,0.127283,0.460181,0.045981,15,252549,283649,2221580,2184,0,0,0,3801,0,0,0,0,0,0,0,0,0,0,0,0,0,0,0,0,0,0,0,18269237827631411316,18269237827631411316,18269237827631411316,5195314564670075412,5195314564670075412,5195314564670075412
655,20,3725,8,10,0.281339,13240.26,0.124123,30010.45,0.094838,39277.70,0.082637,45076.71,0.112238,33188.33,0.100198,37176.23,0.200607,18568.65,0.283757,0.017673,0.017065,0.100198,0.418694,0.060833,15,270803,321243,2388436,2348,0,0,0,3346,0,0,0,0,0,0,0,0,0,0,0,0,0,0,0,0,0,0,0,6990307631958753896,6990307631958753896,6990307631958753896,4862590033828069124,4862590033828069124,4862590033828069124
656,20,3340,8,10,0.275760,12111.98,0.144348,23138.55,0.100343,33285.96,0.081121,41173.02,0.135490,24651.24,0.123477,27049.59,0.203501,16412.70,0.277068,0.015236,0.015341,0.123477,0.431122,0.046945,14,255327,294532,2159216,2306,0,0,0,3459,0,0,0,0,0,0,0,0,0,0,0,0,0,0,0,0,0,0,0,3341678372548973272,3341678372548973272,3341678372548973272,7854733559081903318,7854733559081903318,7854733559081903318
657,20,3426,8,10,0.230473,14865.07,0.107907,31749.68,0.085417,40109.20,0.080771,42416.35,0.102229,33513.04,0.094223,36360.45,0.164328,20848.50,0.232548,0.017076,0.014421,0.094223,0.358268,0.045967,16,253517,295032,2248840,2286,0,0,0,3906,0,0,0,0,0,0,0,0,0,0,0,0,0,0,0,0,0,0,0,7053999047417553529,7053999047417553529,7053999047417553529,3437602283834826300,3437602283834826300,3437602283834826300
658,20,3407,8,10,0.275029,12387.80,0.121162,28119.32,0.083138,40979.96,0.078177,43580.32,0.114248,29820.99,0.102939,33097.32,0.193076,17645.89,0.270483,0.018032,0.016213,0.102939,0.407667,0.051234,14,256484,294764,2252892,2115,0,0,0,3870,0,0,0,0,0,0,0,0,0,0,0,0,0,0,0,0,0,0,0,7933614796030406169,7933614796030406169,7933614796030406169,14797657605400400793,14797657605400400793,14797657605400400793
659,20,3308,8,10,0.259539,12745.65,0.110390,29966.46,0.081202,40737.95,0.072889,45384.21,0.102614,32237.36,0.089565,36933.92,0.178519,18530.20,0.260610,0.016892,0.015732,0.089565,0.382798,0.047366,13,255944,307214,2251504,2546,0,0,0,4109,0,0,0,0,0,0,0,0,0,0,0,0,0,0,0,0,0,0,0,13649767650497915137,13649767650497915137,13649767650497915137,14965194743030757954,14965194743030757954,14965194743030757954
660,20,3314,8,10,0.243521,13608.69,0.112664,29414.81,0.088227,37562.09,0.082867,39991.89,0.105099,31532.07,0.099218,33401.31,0.176223,18805.72,0.245863,0.015442,0.014596,0.099218,0.375119,0.048677,16,255623,309663,2234088,2725,0,0,0,4286,0,0,0,0,0,0,0,0,0,0,0,0,0,0,0,0,0,0,0,3965389106449520678,3965389106449520678,3965389106449520678,16259233401461609796,16259233401461609796,16259233401461609796
661,20,3626,8,10,0.262807,13797.18,0.125740,28837.30,0.096595,37538.04,0.090252,40176.26,0.115957,31270.08,0.107510,33727.17,0.187381,19350.97,0.267122,0.014912,0.016461,0.107510,0.406005,0.056672,15,277905,319090,2348104,2485,0,0,0,4018,0,0,0,0,0,0,0,0,0,0,0,0,0,0,0,0,0,0,0,14698938079675547664,14698938079675547664,14698938079675547664,3973188081986922717,3973188081986922717,3973188081986922717
662,20,4047,8,10,0.284932,14203.37,0.137028,29534.21,0.085916,47104.33,0.078320,51672.36,0.123584,32747.02,0.113139,35770.11,0.206754,19573.97,0.286873,0.017166,0.017285,0.113139,0.434463,0.063311,15,285427,337557,2518492,2630,0,0,0,3550,0,0,0,0,0,0,0,0,0,0,0,0,0,0,0,0,0,0,0,15633074294115328946,15633074294115328946,15633074294115328946,12437831904777700224,12437831904777700224,12437831904777700224
663,20,3581,8,10,0.310107,11547.64,0.137181,26104.29,0.091723,39041.25,0.075807,47238.41,0.126054,28408.42,0.096768,37006.12,0.207863,17227.73,0.311146,0.015818,0.017035,0.096768,0.440767,0.050248,13,272029,309744,2299956,2290,0,0,0,3649,0,0,0,0,0,0,0,0,0,0,0,0,0,0,0,0,0,0,0,5995501709181727162,5995501709181727162,5995501709181727162,12800439254999007596,12800439254999007596,12800439254999007596
664,20,3572,8,10,0.380270,9393.33,0.183340,19482.91,0.107172,33329.49,0.097627,36588.39,0.164908,21660.61,0.141226,25292.76,0.285969,12490.85,0.381836,0.016414,0.015917,0.141226,0.555394,0.052123,13,266816,307131,2264240,2318,0,0,0,1752,0,0,0,0,0,0,0,0,0,0,0,0,0,0,0,0,0,0,0,242161802853950291,242161802853950291,242161802853950291,9701959143061424900,9701959143061424900,9701959143061424900
665,20,3117,8,10,0.319932,9742.70,0.145772,21382.75,0.100019,31163.94,0.080961,38500.06,0.133216,23398.11,0.117117,26614.52,0.232060,13431.87,0.321610,0.015525,0.013609,0.117117,0.467860,0.042318,16,248291,281491,2062356,2143,0,0,0,3438,0,0,0,0,0,0,0,0,0,0,0,0,0,0,0,0,0,0,0,4367612839022473590,4367612839022473590,4367612839022473590,9898971520934634313,9898971520934634313,9898971520934634313
666,20,3625,8,10,0.342478,10584.62,0.155033,23382.12,0.096393,37606.27,0.083815,43250.16,0.141459,25625.75,0.128395,28233.23,0.254503,14243.47,0.344944,0.015452,0.018154,0.128395,0.506945,0.053080,13,266535,308150,2270980,2389,0,0,0,2953,0,0,0,0,0,0,0,0,0,0,0,0,0,0,0,0,0,0,0,8354522836879157428,8354522836879157428,8354522836879157428,8404579803498468626,8404579803498468626,8404579803498468626
667,20,3454,8,10,0.306650,11263.65,0.128073,26969.06,0.088637,38967.96,0.080499,42907.37,0.116808,29569.83,0.108487,31837.94,0.212237,16274.30,0.305902,0.017404,0.015350,0.108487,0.447142,0.048508,16,264905,297570,2270712,2131,0,0,0,3814,0,0,0,0,0,0,0,0,0,0,0,0,0,0,0,0,0,0,0,3488869638468536127,3488869638468536127,3488869638468536127,1265354286106182333,1265354286106182333,1265354286106182333
668,20,3360,8,10,0.274448,12242.76,0.117135,28684.87,0.074856,44886.01,0.072453,46374.67,0.111152,30228.76,0.105739,31776.41,0.194706,17256.79,0.277572,0.016461,0.014730,0.105739,0.414502,0.047182,15,250833,287643,2185856,1868,0,0,0,3416,0,0,0,0,0,0,0,0,0,0,0,0,0,0,0,0,0,0,0,9177484031905995933,9177484031905995933,9177484031905995933,180570395085681253,180570395085681253,180570395085681253
669,20,3689,8,10,0.279625,13192.68,0.139219,26497.88,0.098920,37292.81,0.089832,41065.47,0.125961,29286.77,0.120538,30604.36,0.201380,18318.64,0.280391,0.017828,0.017093,0.120538,0.435851,0.059440,17,294411,407801,2403428,3113,0,0,0,4908,0,0,0,0,0,0,0,0,0,0,0,0,0,0,0,0,0,0,0,3313396938262436939,3313396938262436939,3313396938262436939,13952253479402413214,13952253479402413214,13952253479402413214
670,20,3871,8,10,0.277605,13944.26,0.131277,29487.27,0.091430,42338.29,0.084515,45802.78,0.125200,30918.51,0.101265,38226.28,0.195111,19840.00,0.282017,0.016056,0.017968,0.101265,0.417307,0.061430,12,285959,335039,2420668,2680,0,0,0,3880,0,0,0,0,0,0,0,0,0,0,0,0,0,0,0,0,0,0,0,8817273847143869679,8817273847143869679,8817273847143869679,6006807019744323725,6006807019744323725,6006807019744323725
671,20,3561,8,10,0.264781,13448.86,0.141983,25080.44,0.095447,37308.49,0.087253,40812.21,0.130860,27212.25,0.115835,30742.09,0.195064,18255.57,0.267854,0.016492,0.015927,0.115835,0.416108,0.052575,16,267281,305891,2225476,2351,0,0,0,3786,0,0,0,0,0,0,0,0,0,0,0,0,0,0,0,0,0,0,0,12904343825916040821,12904343825916040821,12904343825916040821,3862522879161616044,3862522879161616044,3862522879161616044
672,20,3471,8,10,0.287751,12062.53,0.139922,24806.63,0.096060,36133.69,0.087819,39524.53,0.119490,29048.40,0.107291,32351.38,0.213440,16262.17,0.290995,0.016027,0.017737,0.107291,0.432049,0.051238,14,269887,324907,2275324,2908,0,0,0,4313,0,0,0,0,0,0,0,0,0,0,0,0,0,0,0,0,0,0,0,14539522823507908240,14539522823507908240,14539522823507908240,17743934703228223160,17743934703228223160,17743934703228223160
673,20,3332,8,10,0.279338,11928.18,0.123959,26879.88,0.097609,34136.19,0.087495,38082.14,0.119129,27969.64,0.110487,30157.42,0.199344,16714.87,0.281709,0.015315,0.015089,0.110487,0.422599,0.046356,15,260087,297747,2171792,2389,0,0,0,3881,0,0,0,0,0,0,0,0,0,0,0,0,0,0,0,0,0,0,0,3099279430737347935,3099279430737347935,3099279430737347935,14819149532270909322,14819149532270909322,14819149532270909322
674,20,3682,8,10,0.242671,15172.83,0.105984,34741.05,0.087213,42218.25,0.082617,44567.20,0.097043,37941.99,0.091290,40332.91,0.165022,22312.16,0.243209,0.016890,0.018089,0.091290,0.369479,0.059981,13,275038,317373,2365320,2497,0,0,0,3790,0,0,0,0,0,0,0,0,0,0,0,0,0,0,0,0,0,0,0,478076183787421730,478076183787421730,478076183787421730,8889551087817631087,8889551087817631087,8889551087817631087
675,20,3658,8,10,0.316779,11547.49,0.164738,22204.98,0.101002,36217.19,0.095310,38379.91,0.160600,22777.04,0.129140,28325.80,0.232584,15727.63,0.319005,0.019239,0.018769,0.129140,0.486153,0.058515,13,283844,330894,2442056,2683,0,0,0,4006,0,0,0,0,0,0,0,0,0,0,0,0,0,0,0,0,0,0,0,16296046765247959439,16296046765247959439,16296046765247959439,7964063636903662731,7964063636903662731,7964063636903662731
676,20,3423,8,10,0.256388,13350.85,0.112863,30328.72,0.094136,36362.16,0.087690,39035.39,0.107412,31868.06,0.106237,32220.28,0.182061,18801.36,0.259836,0.016471,0.014240,0.106237,0.396784,0.051936,17,269378,313073,2292732,2553,0,0,0,4442,0,0,0,0,0,0,0,0,0,0,0,0,0,0,0,0,0,0,0,9465948812008953393,9465948812008953393,9465948812008953393,1818664171638176653,1818664171638176653,1818664171638176653
677,20,3816,8,10,0.268507,14211.91,0.103517,36863.42,0.090171,42319.76,0.085182,44798.03,0.100069,38133.85,0.093988,40600.89,0.179463,21263.48,0.269526,0.018015,0.016236,0.093988,0.397766,0.062319,16,293808,347313,2401824,2426,0,0,0,3652,0,0,0,0,0,0,0,0,0,0,0,0,0,0,0,0,0,0,0,11067360229669858978,11067360229669858978,11067360229669858978,4265519760186887361,4265519760186887361,4265519760186887361
678,20,3138,8,10,0.273297,11482.00,0.113226,27714.38,0.088927,35287.42,0.084032,37343.02,0.107517,29186.10,0.098947,31714.03,0.188703,16629.27,0.273733,0.015027,0.013797,0.098947,0.401503,0.039975,16,248931,287676,2059912,2511,0,0,0,4108,0,0,0,0,0,0,0,0,0,0,0,0,0,0,0,0,0,0,0,13461566290928306852,13461566290928306852,13461566290928306852,10106828420846563445,10106828420846563445,10106828420846563445
679,20,3233,8,10,0.247462,13064.64,0.106878,30249.45,0.092755,34855.36,0.086635,37317.57,0.103889,31119.66,0.101165,31957.56,0.170642,18946.13,0.249401,0.015626,0.013147,0.101165,0.379339,0.044578,18,261197,295972,2129764,2082,0,0,0,4121,0,0,0,0,0,0,0,0,0,0,0,0,0,0,0,0,0,0,0,6691374690818841784,6691374690818841784,6691374690818841784,13408272263352733746,13408272263352733746,13408272263352733746
680,20,3406,8,10,0.288808,11793.28,0.135379,25159.03,0.087626,38869.57,0.082973,41049.50,0.130205,26158.78,0.106768,31901.01,0.197792,17220.15,0.291989,0.017037,0.016742,0.106768,0.432537,0.046370,14,265427,306427,2156280,2322,0,0,0,3815,0,0,0,0,0,0,0,0,0,0,0,0,0,0,0,0,0,0,0,16471037687685943460,16471037687685943460,16471037687685943460,10837203551478746121,10837203551478746121,10837203551478746121
681,20,3309,8,10,0.269734,12267.62,0.111918,29566.38,0.083867,39455.50,0.081166,40768.45,0.103486,31975.20,0.099369,33300.11,0.189214,17488.18,0.269442,0.016845,0.014416,0.099369,0.400072,0.046338,16,259046,298621,2136084,2384,0,0,0,3667,0,0,0,0,0,0,0,0,0,0,0,0,0,0,0,0,0,0,0,16242497906459897284,16242497906459897284,16242497906459897284,6150670411829394485,6150670411829394485,6150670411829394485
682,20,3382,8,10,0.321347,10524.44,0.146524,23081.59,0.105251,32132.73,0.102553,32978.16,0.128216,26377.39,0.123928,27289.94,0.225778,14979.33,0.323610,0.016756,0.014646,0.123928,0.478941,0.044538,18,267464,304804,2188024,2335,0,0,0,3305,0,0,0,0,0,0,0,0,0,0,0,0,0,0,0,0,0,0,0,10847494587391003062,10847494587391003062,10847494587391003062,6599934827325654416,6599934827325654416,6599934827325654416
683,20,3489,8,10,0.298727,11679.56,0.129609,26919.39,0.091506,38128.80,0.084457,41311.18,0.118212,29514.67,0.107424,32478.88,0.209993,16614.81,0.299798,0.017554,0.017592,0.107424,0.442368,0.058985,14,263732,314407,2277540,2608,0,0,0,3558,0,0,0,0,0,0,0,0,0,0,0,0,0,0,0,0,0,0,0,1912826161085542262,1912826161085542262,1912826161085542262,10536323193043333843,10536323193043333843,10536323193043333843
684,20,3540,8,10,0.380296,9308.54,0.181350,19520.22,0.117509,30125.39,0.114956,30794.38,0.165393,21403.56,0.135269,26170.00,0.280726,12610.14,0.383041,0.015985,0.017710,0.135269,0.552005,0.051761,14,268907,297987,2258896,2082,0,0,0,2528,0,0,0,0,0,0,0,0,0,0,0,0,0,0,0,0,0,0,0,12504919036817157450,12504919036817157450,12504919036817157450,17647252619245305490,17647252619245305490,17647252619245305490
685,20,3689,8,10,0.343580,10736.95,0.161547,22835.46,0.094010,39240.48,0.082224,44865.09,0.145701,25319.05,0.112974,32653.60,0.256731,14369.15,0.347710,0.016878,0.018668,0.112974,0.496229,0.057481,12,271842,317352,2287236,2538,0,0,0,3294,0,0,0,0,0,0,0,0,0,0,0,0,0,0,0,0,0,0,0,8384012212343333625,8384012212343333625,8384012212343333625,16602589846482782558,16602589846482782558,16602589846482782558
686,20,3615,8,10,0.315573,11455.37,0.126478,28581.95,0.093447,38685.12,0.084874,42592.50,0.115934,31181.43,0.114974,31442.00,0.222780,16226.80,0.318744,0.016153,0.015319,0.114974,0.465189,0.052297,17,276583,319658,2300252,2449,0,0,0,3828,0,0,0,0,0,0,0,0,0,0,0,0,0,0,0,0,0,0,0,1100697975614290606,1100697975614290606,1100697975614290606,6601684730693548419,6601684730693548419,6601684730693548419
687,20,3799,8,10,0.275809,13774.00,0.119446,31805.28,0.086293,44024.57,0.082417,46094.92,0.110398,34411.92,0.102759,36970.05,0.199733,19020.35,0.274005,0.018687,0.016184,0.102759,0.411635,0.058502,16,275288,322363,2334460,2628,0,0,0,4123,0,0,0,0,0,0,0,0,0,0,0,0,0,0,0,0,0,0,0,6056680376373700681,6056680376373700681,6056680376373700681,14976403235223758081,14976403235223758081,14976403235223758081
688,20,3930,8,10,0.253672,15492.44,0.117434,33465.71,0.083365,47141.98,0.080849,48608.93,0.111343,35296.21,0.104632,37560.18,0.172351,22802.28,0.256647,0.018107,0.016388,0.104632,0.395774,0.060239,17,285283,332588,2391272,2348,0,0,0,4258,0,0,0,0,0,0,0,0,0,0,0,0,0,0,0,0,0,0,0,9736707458926978447,9736707458926978447,9736707458926978447,3002814240751494332,3002814240751494332,3002814240751494332
689,20,3682,8,10,0.275027,13387.78,0.117681,31287.84,0.088464,41621.37,0.085770,42928.65,0.110525,33313.86,0.109006,33778.02,0.188509,19532.26,0.276889,0.017242,0.018092,0.109006,0.421228,0.058483,17,283138,322703,2375944,2452,0,0,0,4091,0,0,0,0,0,0,0,0,0,0,0,0,0,0,0,0,0,0,0,17690396611631450741,17690396611631450741,17690396611631450741,1977528305518907256,1977528305518907256,1977528305518907256
690,20,3536,8,10,0.241872,14619.32,0.106611,33167.34,0.093173,37950.95,0.090385,39121.35,0.102356,34546.26,0.099244,35629.18,0.168594,20973.50,0.244453,0.017762,0.015496,0.099244,0.376955,0.049238,17,269417,310502,2260672,2486,0,0,0,4366,0,0,0,0,0,0,0,0,0,0,0,0,0,0,0,0,0,0,0,16943126226339031765,16943126226339031765,16943126226339031765,3764936006670430902,3764936006670430902,3764936006670430902
691,20,3607,8,10,0.228082,15814.48,0.105929,34051.18,0.092569,38965.65,0.088943,40554.16,0.101881,35404.10,0.096633,37326.66,0.158461,22762.75,0.230614,0.016829,0.014180,0.096633,0.358257,0.060386,18,276375,325260,2359580,2570,0,0,0,5019,0,0,0,0,0,0,0,0,0,0,0,0,0,0,0,0,0,0,0,7738514810029830440,7738514810029830440,7738514810029830440,13467137535729918778,13467137535729918778,13467137535729918778
692,20,3866,8,10,0.254546,15187.81,0.114393,33795.69,0.096753,39957.28,0.084043,46000.30,0.105662,36588.39,0.100944,38298.37,0.175542,22023.19,0.256928,0.017181,0.019734,0.100944,0.394787,0.061900,15,282568,320623,2387528,2213,0,0,0,4182,0,0,0,0,0,0,0,0,0,0,0,0,0,0,0,0,0,0,0,14643376815289513607,14643376815289513607,14643376815289513607,2714903300903107831,2714903300903107831,2714903300903107831
693,20,3757,8,10,0.246690,15229.64,0.107464,34960.58,0.084991,44204.71,0.080012,46955.46,0.100480,37390.43,0.099503,37757.73,0.163298,23006.96,0.248563,0.018908,0.017172,0.099503,0.384146,0.060315,16,291804,331319,2444468,2382,0,0,0,3687,0,0,0,0,0,0,0,0,0,0,0,0,0,0,0,0,0,0,0,8887434366147667852,8887434366147667852,8887434366147667852,11493949979142742870,11493949979142742870,11493949979142742870
694,20,4215,8,10,0.262804,16038.59,0.119161,35372.28,0.100614,41892.90,0.095990,43910.98,0.112658,37414.11,0.111125,37930.31,0.203920,20669.92,0.263794,0.020207,0.016327,0.111125,0.411453,0.069560,19,309347,460692,2530972,4112,0,0,0,5773,0,0,0,0,0,0,0,0,0,0,0,0,0,0,0,0,0,0,0,7683161641523572535,7683161641523572535,7683161641523572535,4360459789820377000,4360459789820377000,4360459789820377000
695,20,4193,8,10,0.240959,17401.28,0.113963,36792.61,0.089428,46886.90,0.086579,48429.88,0.107394,39043.07,0.098663,42498.28,0.186684,22460.45,0.243750,0.019025,0.018094,0.098663,0.379533,0.073114,15,300549,434434,2466180,3722,0,0,0,5185,0,0,0,0,0,0,0,0,0,0,0,0,0,0,0,0,0,0,0,11259229262677639757,11259229262677639757,11259229262677639757,919951076293428620,919951076293428620,919951076293428620
696,20,3727,8,10,0.244808,15224.15,0.122479,30429.75,0.100517,37078.21,0.094989,39236.14,0.111964,33287.38,0.109492,34038.96,0.173718,21454.34,0.248573,0.017367,0.015606,0.109492,0.391037,0.066489,15,281454,324244,2333180,2549,0,0,0,5067,0,0,0,0,0,0,0,0,0,0,0,0,0,0,0,0,0,0,0,11290901367286330456,11290901367286330456,11290901367286330456,10413641512684313495,10413641512684313495,10413641512684313495
697,20,3622,8,10,0.259902,13936.02,0.112983,32057.95,0.094564,38302.08,0.089696,40380.87,0.108866,33270.23,0.102694,35269.94,0.179308,20199.89,0.262046,0.018111,0.015381,0.102694,0.398232,0.053724,18,280180,319140,2399352,2415,0,0,0,4685,0,0,0,0,0,0,0,0,0,0,0,0,0,0,0,0,0,0,0,2428272696265831247,2428272696265831247,2428272696265831247,16080163026862095210,16080163026862095210,16080163026862095210
698,20,3505,8,10,0.225676,15531.10,0.104944,33398.89,0.096054,36490.07,0.089120,39329.07,0.101872,34405.97,0.097953,35782.52,0.159857,21925.78,0.228981,0.016689,0.014707,0.097953,0.358330,0.056980,18,270063,314013,2290020,2418,0,0,0,4614,0,0,0,0,0,0,0,0,0,0,0,0,0,0,0,0,0,0,0,4430553878174419812,4430553878174419812,4430553878174419812,7725730497556536297,7725730497556536297,7725730497556536297
699,20,3831,8,10,0.227275,16856.26,0.105270,36392.03,0.095706,40028.92,0.088216,43427.25,0.099232,38606.57,0.096250,39802.79,0.165281,23178.77,0.228107,0.018529,0.017195,0.096250,0.360081,0.058119,16,279226,335291,2383548,2758,0,0,0,4711,0,0,0,0,0,0,0,0,0,0,0,0,0,0,0,0,0,0,0,14442579043830979642,14442579043830979642,14442579043830979642,4892655098592414050,4892655098592414050,4892655098592414050
700,20,3586,8,10,0.246411,14552.92,0.114318,31368.52,0.089592,40025.77,0.085193,42092.86,0.108721,32983.57,0.101530,35319.45,0.169926,21103.31,0.248118,0.018372,0.015128,0.101530,0.383149,0.053847,17,269352,306242,2259304,2349,0,0,0,4130,0,0,0,0,0,0,0,0,0,0,0,0,0,0,0,0,0,0,0,8332474864141417777,8332474864141417777,8332474864141417777,2543048508864046642,2543048508864046642,2543048508864046642
701,20,3827,8,10,0.285966,13382.69,0.136910,27952.63,0.089843,42596.54,0.085819,44593.71,0.130102,29415.44,0.120471,31766.87,0.203484,18807.34,0.288493,0.017381,0.016415,0.120471,0.442761,0.063738,17,283375,332250,2401228,2582,0,0,0,4027,0,0,0,0,0,0,0,0,0,0,0,0,0,0,0,0,0,0,0,9269607183577894536,9269607183577894536,9269607183577894536,5815998642221336315,5815998642221336315,5815998642221336315
702,20,3668,8,10,0.249798,14683.85,0.121466,30197.73,0.103528,35430.09,0.097102,37774.66,0.116996,31351.51,0.104991,34936.17,0.183707,19966.63,0.250195,0.018160,0.019875,0.104991,0.393221,0.055489,15,280893,328983,2373616,2639,0,0,0,4910,0,0,0,0,0,0,0,0,0,0,0,0,0,0,0,0,0,0,0,7040987514504514946,7040987514504514946,7040987514504514946,14501337880826455781,14501337880826455781,14501337880826455781
703,20,3627,8,10,0.239306,15156.35,0.104430,34731.27,0.089029,40739.67,0.085150,42595.38,0.102204,35487.84,0.094199,38503.74,0.166823,21741.63,0.243612,0.016457,0.018785,0.094199,0.373053,0.051810,16,274324,310339,2273228,2096,0,0,0,4051,0,0,0,0,0,0,0,0,0,0,0,0,0,0,0,0,0,0,0,1883469780457681228,1883469780457681228,1883469780457681228,17392975948887652456,17392975948887652456,17392975948887652456
704,20,3540,8,10,0.275401,12854.01,0.136776,25881.80,0.100468,35235.21,0.094892,37305.41,0.126756,27927.59,0.116108,30488.96,0.198761,17810.36,0.276995,0.017747,0.015465,0.116108,0.426313,0.049158,17,274374,314374,2271056,2496,0,0,0,4279,0,0,0,0,0,0,0,0,0,0,0,0,0,0,0,0,0,0,0,12557525922817158773,12557525922817158773,12557525922817158773,15362741071770951450,15362741071770951450,15362741071770951450
705,20,3952,8,10,0.254677,15517.69,0.121210,32604.58,0.113356,34863.48,0.101336,38999.14,0.120487,32800.35,0.111233,35528.99,0.201706,19592.87,0.256643,0.019259,0.016937,0.111233,0.404073,0.064534,17,299095,383620,2502176,3299,0,0,0,4764,0,0,0,0,0,0,0,0,0,0,0,0,0,0,0,0,0,0,0,8099659315399815282,8099659315399815282,8099659315399815282,18109416851292326510,18109416851292326510,18109416851292326510
706,20,3625,8,10,0.238995,15167.70,0.128785,28147.76,0.116477,31121.95,0.105580,34334.26,0.125245,28943.37,0.124968,29007.44,0.202326,17916.59,0.239415,0.018748,0.014788,0.124968,0.397918,0.051541,18,274942,340197,2319204,3447,0,0,0,5952,0,0,0,0,0,0,0,0,0,0,0,0,0,0,0,0,0,0,0,940238566787823263,940238566787823263,940238566787823263,816041257275620827,816041257275620827,816041257275620827
707,20,3527,8,10,0.325613,10831.89,0.151051,23349.78,0.104913,33618.29,0.091900,38378.47,0.135740,25983.57,0.122446,28804.51,0.238806,14769.31,0.326029,0.019664,0.016745,0.122446,0.484883,0.048491,14,262865,308545,2248604,2759,0,0,0,4494,0,0,0,0,0,0,0,0,0,0,0,0,0,0,0,0,0,0,0,6406306612402999980,6406306612402999980,6406306612402999980,429818690499539610,429818690499539610,429818690499539610
708,20,4145,8,10,0.290124,14286.99,0.142229,29143.18,0.123274,33624.29,0.113859,36404.61,0.130455,31773.44,0.130882,31669.68,0.240195,17256.80,0.292122,0.021370,0.015820,0.130882,0.460195,0.065035,20,309705,401455,2561156,4053,0,0,0,6734,0,0,0,0,0,0,0,0,0,0,0,0,0,0,0,0,0,0,0,17157391788044669854,17157391788044669854,17157391788044669854,3197301210476964034,3197301210476964034,3197301210476964034
709,20,4210,8,10,0.277044,15196.12,0.139699,30136.22,0.110696,38032.00,0.104744,40193.37,0.129682,32463.95,0.120195,35026.55,0.259974,16193.91,0.279669,0.019271,0.017205,0.120195,0.436340,0.067362,16,299884,500234,2488200,4878,0,0,0,6952,0,0,0,0,0,0,0,0,0,0,0,0,0,0,0,0,0,0,0,12264869925972793229,12264869925972793229,12264869925972793229,9401414614263691349,9401414614263691349,9401414614263691349
710,20,3591,8,10,0.305460,11756.04,0.153676,23367.38,0.121467,29563.61,0.112428,31940.48,0.137493,26117.76,0.139840,25679.43,0.253616,14159.22,0.308682,0.017774,0.014708,0.139840,0.481004,0.052552,19,286439,349129,2350812,3487,0,0,0,5520,0,0,0,0,0,0,0,0,0,0,0,0,0,0,0,0,0,0,0,8225198760980056289,8225198760980056289,8225198760980056289,5028996869547653828,5028996869547653828,5028996869547653828
711,20,3626,8,10,0.258994,14000.33,0.128633,28188.70,0.100304,36149.93,0.096394,37616.42,0.121454,29855.04,0.117104,30963.92,0.204511,17730.07,0.261724,0.017060,0.013698,0.117104,0.409586,0.052461,19,266583,328123,2214536,2972,0,0,0,5127,0,0,0,0,0,0,0,0,0,0,0,0,0,0,0,0,0,0,0,3425205507255689471,3425205507255689471,3425205507255689471,8276141963470540872,8276141963470540872,8276141963470540872
712,20,3882,8,10,0.310910,12485.91,0.144303,26901.78,0.104509,37145.09,0.097251,39917.12,0.129337,30014.59,0.122344,31730.31,0.243526,15940.81,0.313814,0.020217,0.016182,0.122344,0.472556,0.059612,18,294630,372175,2518184,3103,0,0,0,4694,0,0,0,0,0,0,0,0,0,0,0,0,0,0,0,0,0,0,0,6374836155335618174,6374836155335618174,6374836155335618174,5833936257057395256,5833936257057395256,5833936257057395256
713,20,3788,8,10,0.264473,14322.81,0.131306,28848.71,0.110504,34279.45,0.102888,36816.58,0.121251,31241.04,0.113942,33245.04,0.214642,17647.98,0.267189,0.017573,0.017879,0.113942,0.416582,0.061133,16,283020,362505,2365616,3212,0,0,0,4816,0,0,0,0,0,0,0,0,0,0,0,0,0,0,0,0,0,0,0,3159213408376190563,3159213408376190563,3159213408376190563,7031461679886149059,7031461679886149059,7031461679886149059
714,20,4491,8,10,0.304272,14759.84,0.138269,32480.10,0.104506,42973.53,0.098598,45548.59,0.128710,34892.27,0.116111,38678.66,0.239019,18789.28,0.307021,0.020476,0.020104,0.116111,0.463712,0.071470,15,316337,467387,2610444,4741,0,0,0,6021,0,0,0,0,0,0,0,0,0,0,0,0,0,0,0,0,0,0,0,9506580316368527817,9506580316368527817,9506580316368527817,1885545034853500623,1885545034853500623,1885545034853500623
715,20,3456,8,10,0.281994,12255.56,0.136880,25248.34,0.083850,41216.39,0.081400,42456.85,0.121489,28447.02,0.115138,30016.07,0.213209,16209.46,0.284746,0.017172,0.015452,0.115138,0.432508,0.050957,15,259381,312436,2154752,2435,0,0,0,3836,0,0,0,0,0,0,0,0,0,0,0,0,0,0,0,0,0,0,0,16267609555227860513,16267609555227860513,16267609555227860513,14341071628092994102,14341071628092994102,14341071628092994102
716,20,3340,8,10,0.374690,8914.04,0.180071,18548.20,0.100337,33287.71,0.096313,34678.58,0.162241,20586.60,0.140110,23838.48,0.269620,12387.82,0.371636,0.016139,0.017644,0.140110,0.545529,0.051869,12,262702,301982,2135152,2217,0,0,0,2863,0,0,0,0,0,0,0,0,0,0,0,0,0,0,0,0,0,0,0,3537856283290829666,3537856283290829666,3537856283290829666,5094868878031443237,5094868878031443237,5094868878031443237
717,20,3510,8,10,0.328428,10687.29,0.148613,23618.35,0.083120,42228.11,0.080561,43569.64,0.135103,25980.24,0.118749,29558.20,0.232765,15079.62,0.331251,0.017707,0.015129,0.118749,0.482836,0.052735,17,276573,309953,2232120,2018,0,0,0,3042,0,0,0,0,0,0,0,0,0,0,0,0,0,0,0,0,0,0,0,15232281962979007269,15232281962979007269,15232281962979007269,869563924575613145,869563924575613145,869563924575613145
718,20,3596,8,10,0.331666,10842.22,0.155459,23131.50,0.090815,39596.77,0.083342,43147.31,0.139272,25820.01,0.121920,29494.64,0.236083,15231.93,0.332126,0.019081,0.016816,0.121920,0.489945,0.053008,14,279380,319390,2232784,2373,0,0,0,3642,0,0,0,0,0,0,0,0,0,0,0,0,0,0,0,0,0,0,0,9772660551661954607,9772660551661954607,9772660551661954607,15505259572391370015,15505259572391370015,15505259572391370015
719,20,3590,8,10,0.275368,13037.12,0.134233,26744.46,0.096065,37370.61,0.091088,39412.51,0.123190,29142.05,0.115705,31027.11,0.202732,17708.11,0.277989,0.018471,0.016139,0.115705,0.428305,0.055488,14,274237,326072,2227416,2560,0,0,0,4509,0,0,0,0,0,0,0,0,0,0,0,0,0,0,0,0,0,0,0,2409333420510139520,2409333420510139520,2409333420510139520,14561852598534281842,14561852598534281842,14561852598534281842
720,20,3586,8,10,0.256651,13972.30,0.102174,35096.83,0.086537,41438.94,0.083711,42837.85,0.098152,36535.13,0.089944,39869.27,0.159683,22457.04,0.257305,0.016858,0.019661,0.089944,0.383767,0.052093,15,291645,324245,2279944,2200,0,0,0,4246,0,0,0,0,0,0,0,0,0,0,0,0,0,0,0,0,0,0,0,13688272027970930976,13688272027970930976,13688272027970930976,6080086472456013579,6080086472456013579,6080086472456013579
721,20,3788,8,10,0.238116,15908.22,0.114997,32939.85,0.098882,38308.15,0.090544,41836.24,0.109690,34533.79,0.107218,35329.74,0.171562,22079.54,0.239505,0.017496,0.014818,0.107218,0.379037,0.061632,18,292392,351267,2336976,2832,0,0,0,4942,0,0,0,0,0,0,0,0,0,0,0,0,0,0,0,0,0,0,0,12993704600689470130,12993704600689470130,12993704600689470130,9681105392651205372,9681105392651205372,9681105392651205372
722,20,3969,8,10,0.255428,15538.61,0.139912,28367.87,0.139557,28440.08,0.130955,30308.14,0.134828,29437.59,0.135063,29386.22,0.215603,18408.84,0.257456,0.024607,0.015324,0.135063,0.432450,0.062146,20,317089,429294,2707876,4783,0,0,0,7726,0,0,0,0,0,0,0,0,0,0,0,0,0,0,0,0,0,0,0,11755230032014527371,11755230032014527371,11755230032014527371,3056018331222488363,3056018331222488363,3056018331222488363
723,20,3401,8,10,0.222356,15295.29,0.110704,30721.64,0.103809,32761.94,0.099623,34138.59,0.108373,31382.32,0.109414,31083.71,0.171543,19825.96,0.225380,0.016364,0.013840,0.109414,0.364998,0.045414,19,273580,340855,2294660,3542,0,0,0,6281,0,0,0,0,0,0,0,0,0,0,0,0,0,0,0,0,0,0,0,18422039957275406585,18422039957275406585,18422039957275406585,11661324196437925180,11661324196437925180,11661324196437925180
724,20,3282,8,10,0.224639,14610.08,0.097992,33492.41,0.090114,36420.36,0.083648,39235.76,0.094886,34588.74,0.091386,35913.62,0.161596,20309.93,0.227362,0.015722,0.013412,0.091386,0.347882,0.043039,18,260277,306762,2071880,2711,0,0,0,5231,0,0,0,0,0,0,0,0,0,0,0,0,0,0,0,0,0,0,0,18342037564810960947,18342037564810960947,18342037564810960947,2556767056106568520,2556767056106568520,2556767056106568520
725,20,3466,8,10,0.288336,12020.70,0.145882,23758.90,0.089784,38603.57,0.084845,40850.96,0.134664,25738.18,0.108800,31856.55,0.220079,15748.90,0.288797,0.018265,0.017337,0.108800,0.433199,0.046481,13,261784,297834,2147624,2371,0,0,0,3968,0,0,0,0,0,0,0,0,0,0,0,0,0,0,0,0,0,0,0,5875734504047705534,5875734504047705534,5875734504047705534,7516059532229085773,7516059532229085773,7516059532229085773
726,20,3345,8,10,0.265272,12609.69,0.133163,25119.53,0.122366,27336.07,0.111730,29938.19,0.122800,27239.34,0.121699,27485.78,0.205018,16315.63,0.267930,0.017194,0.015179,0.121699,0.422002,0.047844,18,281336,332976,2222820,3205,0,0,0,5549,0,0,0,0,0,0,0,0,0,0,0,0,0,0,0,0,0,0,0,1871085322377172250,1871085322377172250,1871085322377172250,473078181621847996,473078181621847996,473078181621847996
727,20,3575,8,10,0.261857,13652.47,0.130767,27338.69,0.097348,36723.84,0.085462,41831.46,0.119830,29833.98,0.104604,34176.56,0.199153,17951.04,0.262974,0.017856,0.015911,0.104604,0.401345,0.050268,17,264620,302835,2223452,2485,0,0,0,4091,0,0,0,0,0,0,0,0,0,0,0,0,0,0,0,0,0,0,0,2649372755206738317,2649372755206738317,2649372755206738317,6587678790650626466,6587678790650626466,6587678790650626466
728,20,3639,8,10,0.279035,13041.37,0.126747,28710.77,0.095443,38127.56,0.087225,41719.77,0.113209,32144.23,0.110290,32994.73,0.208113,17485.71,0.280347,0.018353,0.015032,0.110290,0.424023,0.051693,17,269039,319174,2241980,2800,0,0,0,4486,0,0,0,0,0,0,0,0,0,0,0,0,0,0,0,0,0,0,0,9987525673735716456,9987525673735716456,9987525673735716456,3383377468743887985,3383377468743887985,3383377468743887985
729,20,3925,8,10,0.362560,10825.80,0.165786,23675.07,0.108454,36190.60,0.106978,36689.70,0.144034,27250.45,0.131196,29917.05,0.277594,14139.38,0.364145,0.018439,0.017198,0.131196,0.530977,0.059281,16,289223,345743,2442676,2961,0,0,0,4694,0,0,0,0,0,0,0,0,0,0,0,0,0,0,0,0,0,0,0,17537515469406968696,17537515469406968696,17537515469406968696,15446065543736031436,15446065543736031436,15446065543736031436
730,20,3549,8,10,0.318062,11158.20,0.165554,21437.06,0.116655,30423.17,0.110366,32156.70,0.151074,23491.73,0.142266,24946.30,0.274842,12912.88,0.319157,0.019354,0.015001,0.142266,0.495778,0.050229,18,279576,354291,2347412,3326,0,0,0,5070,0,0,0,0,0,0,0,0,0,0,0,0,0,0,0,0,0,0,0,3706286777129689214,3706286777129689214,3706286777129689214,12554401603105359144,12554401603105359144,12554401603105359144
731,20,3602,8,10,0.294603,12226.61,0.150123,23993.69,0.092679,38865.33,0.083036,43378.79,0.132915,27099.98,0.128575,28014.72,0.227481,15834.32,0.295524,0.017090,0.014707,0.128575,0.455897,0.050898,17,256641,341996,2160488,3007,0,0,0,4466,0,0,0,0,0,0,0,0,0,0,0,0,0,0,0,0,0,0,0,5751023299514488737,5751023299514488737,5751023299514488737,156399305884501171,156399305884501171,156399305884501171
732,20,3503,8,10,0.238885,14663.98,0.126647,27659.65,0.109934,31864.65,0.102940,34029.46,0.120676,29028.03,0.119698,29265.32,0.187700,18662.78,0.242405,0.016371,0.015294,0.119698,0.393768,0.049025,17,274117,326817,2266172,3176,0,0,0,5356,0,0,0,0,0,0,0,0,0,0,0,0,0,0,0,0,0,0,0,2568874216422408631,2568874216422408631,2568874216422408631,4384613273470363227,4384613273470363227,4384613273470363227
733,20,3691,8,10,0.235482,15674.22,0.126477,29183.17,0.109810,33612.49,0.104248,35405.81,0.116775,31607.76,0.118470,31155.63,0.190576,19367.58,0.237885,0.017967,0.014737,0.118470,0.389058,0.055652,19,284791,365456,2321644,3206,0,0,0,5364,0,0,0,0,0,0,0,0,0,0,0,0,0,0,0,0,0,0,0,17192169356200670163,17192169356200670163,17192169356200670163,5298096565564470901,5298096565564470901,5298096565564470901
734,20,3498,8,10,0.244128,14328.55,0.116972,29904.71,0.104324,33530.27,0.101017,34627.92,0.113202,30900.54,0.111179,31462.69,0.182226,19195.97,0.245935,0.017131,0.014989,0.111179,0.389235,0.056292,16,274056,332781,2325512,3157,0,0,0,5080,0,0,0,0,0,0,0,0,0,0,0,0,0,0,0,0,0,0,0,14879407221661973220,14879407221661973220,14879407221661973220,8533980730475534736,8533980730475534736,8533980730475534736
735,20,3649,8,10,0.243883,14962.11,0.113820,32059.31,0.103300,35324.31,0.097912,37268.11,0.110682,32968.38,0.107066,34081.65,0.173616,21017.62,0.246635,0.017696,0.015166,0.107066,0.386564,0.059856,17,285357,349772,2386404,3374,0,0,0,5407,0,0,0,0,0,0,0,0,0,0,0,0,0,0,0,0,0,0,0,2624753002598615901,2624753002598615901,2624753002598615901,16964985502564120557,16964985502564120557,16964985502564120557
736,20,3906,8,10,0.262994,14852.04,0.124402,31398.28,0.104060,37536.14,0.098846,39515.88,0.115737,33748.81,0.107803,36232.65,0.195242,20005.93,0.266704,0.017367,0.017324,0.107803,0.409198,0.070515,17,306344,433369,2492808,3513,0,0,0,5534,0,0,0,0,0,0,0,0,0,0,0,0,0,0,0,0,0,0,0,3155642297091994344,3155642297091994344,3155642297091994344,8737676646154250497,8737676646154250497,8737676646154250497
737,20,4171,8,10,0.276700,15074.08,0.127610,32685.42,0.121886,34220.62,0.114739,36352.16,0.124028,33629.42,0.123000,33910.58,0.203797,20466.46,0.278392,0.020631,0.019024,0.123000,0.441048,0.066094,17,317304,397704,2664908,3399,0,0,0,5449,0,0,0,0,0,0,0,0,0,0,0,0,0,0,0,0,0,0,0,10012624848366839902,10012624848366839902,10012624848366839902,6050459091693280008,6050459091693280008,6050459091693280008
738,20,3615,8,10,0.247888,14583.19,0.124352,29070.74,0.102892,35133.92,0.095451,37872.73,0.109216,33099.43,0.105371,34307.38,0.183064,19747.18,0.248851,0.017776,0.015424,0.105371,0.387422,0.057337,18,277114,336004,2263196,3020,0,0,0,4926,0,0,0,0,0,0,0,0,0,0,0,0,0,0,0,0,0,0,0,13441379186973658153,13441379186973658153,13441379186973658153,5012464222929508397,5012464222929508397,5012464222929508397
739,20,3704,8,10,0.284883,13001.81,0.130251,28437.39,0.090879,40757.68,0.088363,41917.85,0.122348,30274.39,0.110523,33513.35,0.216074,17142.28,0.287097,0.017111,0.015566,0.110523,0.430296,0.056690,16,274024,329489,2263008,2934,0,0,0,4189,0,0,0,0,0,0,0,0,0,0,0,0,0,0,0,0,0,0,0,4951237922188259632,4951237922188259632,4951237922188259632,3978548100066702747,3978548100066702747,3978548100066702747
740,20,3652,8,10,0.304230,12004.08,0.125839,29021.17,0.096540,37828.74,0.086230,42351.68,0.115834,31527.75,0.104517,34941.81,0.220285,16578.56,0.306060,0.018812,0.015803,0.104517,0.445191,0.059012,16,275584,351639,2299056,2751,0,0,0,4485,0,0,0,0,0,0,0,0,0,0,0,0,0,0,0,0,0,0,0,2666134525738513934,2666134525738513934,2666134525738513934,2918903193824116406,2918903193824116406,2918903193824116406
741,20,3597,8,10,0.332737,10810.34,0.154978,23209.82,0.105661,34042.95,0.105898,33966.60,0.136365,26377.69,0.127728,28161.39,0.245841,14631.41,0.334938,0.017031,0.015849,0.127728,0.495547,0.052288,16,278614,336714,2320820,2913,0,0,0,4670,0,0,0,0,0,0,0,0,0,0,0,0,0,0,0,0,0,0,0,3926644909854402808,3926644909854402808,3926644909854402808,3523207317360417629,3523207317360417629,3523207317360417629
742,20,3774,8,10,0.395883,9533.12,0.210452,17932.85,0.116739,32328.49,0.112737,33476.04,0.195093,19344.58,0.160185,23560.29,0.315459,11963.50,0.400901,0.015064,0.017971,0.160185,0.594120,0.054960,14,287998,338508,2361432,3111,0,0,0,3338,0,0,0,0,0,0,0,0,0,0,0,0,0,0,0,0,0,0,0,18241037456692541462,18241037456692541462,18241037456692541462,10527358553317821931,10527358553317821931,10527358553317821931
743,20,3576,8,10,0.316405,11301.96,0.154377,23164.10,0.118876,30081.81,0.119001,30050.18,0.136127,26269.56,0.134283,26630.32,0.241211,14825.19,0.320365,0.016674,0.016710,0.134283,0.488032,0.049713,16,273958,305463,2262560,2337,0,0,0,3110,0,0,0,0,0,0,0,0,0,0,0,0,0,0,0,0,0,0,0,8437620303230791064,8437620303230791064,8437620303230791064,12515708130435199722,12515708130435199722,12515708130435199722
744,20,4227,8,10,0.291426,14504.53,0.129333,32683.16,0.097863,43193.15,0.093927,45003.16,0.116717,36215.91,0.112091,37710.43,0.217029,19476.69,0.291909,0.018727,0.017668,0.112091,0.440395,0.074422,16,300751,360756,2513260,3223,0,0,0,4884,0,0,0,0,0,0,0,0,0,0,0,0,0,0,0,0,0,0,0,4294582808952593721,4294582808952593721,4294582808952593721,1571702991221634401,1571702991221634401,1571702991221634401
745,20,3726,8,10,0.279122,13349.02,0.131529,28328.34,0.102925,36201.04,0.098128,37970.70,0.121249,30730.11,0.114767,32465.69,0.210896,17667.46,0.280734,0.020816,0.017055,0.114767,0.433372,0.056026,15,279358,341148,2331992,3157,0,0,0,5358,0,0,0,0,0,0,0,0,0,0,0,0,0,0,0,0,0,0,0,10074400698932449881,10074400698932449881,10074400698932449881,2248758609683785115,2248758609683785115,2248758609683785115
746,20,3625,8,10,0.259010,13995.62,0.121498,29835.78,0.105152,34473.87,0.098725,36718.21,0.116975,30989.44,0.116196,31197.20,0.199380,18181.38,0.261301,0.019064,0.019280,0.116196,0.415842,0.050043,20,278010,325175,2318660,2825,0,0,0,5011,0,0,0,0,0,0,0,0,0,0,0,0,0,0,0,0,0,0,0,5163681155934167650,5163681155934167650,5163681155934167650,16547688884109816490,16547688884109816490,16547688884109816490
747,20,3582,8,10,0.286470,12503.92,0.138771,25812.39,0.104799,34179.69,0.100091,35787.37,0.128593,27855.40,0.120424,29744.80,0.223914,15997.21,0.288144,0.017558,0.015746,0.120424,0.441871,0.049777,17,279805,323860,2295608,2879,0,0,0,5254,0,0,0,0,0,0,0,0,0,0,0,0,0,0,0,0,0,0,0,2205498889072607373,2205498889072607373,2205498889072607373,7954666185785040639,7954666185785040639,7954666185785040639
748,20,3750,8,10,0.268851,13948.27,0.128085,29277.40,0.114560,32733.89,0.108123,34682.59,0.122955,30499.04,0.120227,31191.03,0.207170,18101.11,0.271210,0.018547,0.015130,0.120227,0.425114,0.061497,19,293581,355966,2413656,3309,0,0,0,5579,0,0,0,0,0,0,0,0,0,0,0,0,0,0,0,0,0,0,0,9957138557797298739,9957138557797298739,9957138557797298739,1415594583905536796,1415594583905536796,1415594583905536796
749,20,3693,8,10,0.331258,11148.40,0.151609,24358.73,0.110787,33334.20,0.093638,39439.16,0.137383,26881.08,0.129785,28454.68,0.262238,14082.62,0.333781,0.017594,0.015699,0.129785,0.496860,0.054167,17,281010,395115,2296340,3289,0,0,0,5126,0,0,0,0,0,0,0,0,0,0,0,0,0,0,0,0,0,0,0,11816775755011807017,11816775755011807017,11816775755011807017,18221941898602179662,18221941898602179662,18221941898602179662
