batch_idx,num_blocks,num_txs,threads,merge_cap,seq_time_s,seq_tput,par_time_s,par_tput,concat_time_s,concat_tput,cgraph_time_s,cgraph_tput,graph_time_s,graph_tput,integrated_time_s,integrated_tput,vegeta_time_s,vegeta_tput,phase_pre_execute_s,phase_graph_build_s,phase_integrate_s,phase_execute_s,phase_total_s,vegeta_speculate_s,num_integrated_groups,omakase_graph_bytes,vegeta_sched_bytes,calldata_bytes,par_re_exec,par_validation_aborts,par_cascade_aborts,par_wrote_new_loc,concat_re_exec,concat_validation_aborts,concat_cascade_aborts,concat_wrote_new_loc,cgraph_re_exec,cgraph_validation_aborts,cgraph_cascade_aborts,cgraph_wrote_new_loc,graph_re_exec,graph_validation_aborts,graph_cascade_aborts,graph_wrote_new_loc,integ_re_exec,integ_validation_aborts,integ_cascade_aborts,integ_wrote_new_loc,vegeta_re_exec,vegeta_validation_aborts,vegeta_cascade_aborts,vegeta_wrote_new_loc,digest_seq,digest_par,digest_concat,logical_seq,logical_integ,logical_vegeta
0,5,1084,8,10,0.052722,20560.59,0.024922,43495.64,0.019893,54491.62,0.024841,43636.77,0.026880,40327.90,0.025250,42930.24,0.027757,39052.98,0.053063,0.005286,0.005963,0.025250,0.089562,0.004297,4,90229,90214,663252,572,0,0,0,962,0,0,0,531,0,0,0,229,0,0,0,300,0,0,0,218,0,0,0,13772188144494186047,3415827631611427299,3415827631611427299,15592232131869894734,14391277438535582273,13141169821095039263
1,5,872,8,10,0.037047,23537.91,0.020083,43420.02,0.018823,46325.67,0.022233,39221.47,0.022461,38823.28,0.021243,41049.46,0.024309,35872.05,0.043222,0.000142,0.009759,0.021243,0.074365,0.003252,1,72811,72786,392536,598,0,0,0,761,0,0,0,493,0,0,0,289,0,0,0,433,0,0,0,277,0,0,0,12450215867845658266,12450215867845658266,12450215867845658266,11162860213398258494,11661450082400027233,144668674008558423
2,5,792,8,10,0.042128,18799.74,0.020323,38970.46,0.019418,40786.12,0.021979,36035.08,0.023131,34240.49,0.022017,35972.38,0.023241,34077.54,0.041769,0.006155,0.008565,0.022017,0.078506,0.003713,1,87033,87013,498442,546,0,0,0,793,0,0,0,414,0,0,0,254,0,0,0,393,0,0,0,382,0,0,0,12434101687986151333,7278365747660015439,7278365747660015439,12407731796981435513,9503417341572792256,3852131466766740728
3,5,833,8,10,0.034705,24002.23,0.018659,44642.18,0.017098,48718.13,0.019460,42805.29,0.020667,40305.24,0.019758,42160.41,0.021290,39125.84,0.034470,0.004967,0.007843,0.019758,0.067039,0.003213,1,76865,76870,465309,517,0,0,0,701,0,0,0,435,0,0,0,303,0,0,0,368,0,0,0,271,0,0,0,10335282437752264429,15705745778895633214,15705745778895633214,1885175362091550598,2428491096948939052,15716131273965483637
4,5,846,8,10,0.156058,5421.07,0.040324,20979.82,0.024708,34239.44,0.027107,31209.97,0.042622,19848.99,0.028013,30200.48,0.043457,19467.74,0.068464,0.006245,0.008755,0.028013,0.111477,0.004206,2,108335,108320,430898,611,0,0,0,813,0,0,0,381,0,0,0,282,0,0,0,353,0,0,0,220,0,0,0,485800701058389663,3472778065919235319,3472778065919235319,9407901217139671968,12425468715520926805,6348673288121743586
5,5,678,8,10,0.061509,11022.70,0.035832,18921.65,0.024656,27498.48,0.023913,28353.17,0.037242,18205.48,0.023661,28654.59,0.037126,18261.97,0.056272,0.004141,0.007956,0.023661,0.092030,0.003480,1,67310,67265,358717,376,0,0,0,486,0,0,0,228,0,0,0,158,0,0,0,303,0,0,0,87,0,0,0,17539034122466506856,9933121159257970496,9933121159257970496,4147237997736450097,1693964347670914790,9360973311644171961
6,5,1132,8,10,0.056744,19949.33,0.026176,43246.39,0.024126,46919.37,0.026681,42427.14,0.028620,39553.01,0.026736,42339.16,0.032190,35165.79,0.056527,0.007985,0.009605,0.026736,0.100854,0.004733,2,106961,106931,600298,716,0,0,0,947,0,0,0,628,0,0,0,426,0,0,0,586,0,0,0,355,0,0,0,18007344766794967647,5551798943169805751,5551798943169805751,7888778623332704362,11024671837308288805,6604475146578039037
7,5,801,8,10,0.051209,15641.86,0.024131,33193.16,0.020180,39692.82,0.023279,34408.57,0.026441,30293.99,0.023527,34045.75,0.026758,29934.97,0.051627,0.005165,0.007849,0.023527,0.088169,0.004311,2,92597,92577,508108,587,0,0,0,801,0,0,0,550,0,0,0,278,0,0,0,355,0,0,0,318,0,0,0,801152723517525764,14468230960475514857,14468230960475514857,10941599187090624331,13497322053454582744,653433220454709482
8,5,850,8,10,0.039338,21607.40,0.019355,43915.89,0.016873,50375.08,0.020630,41201.79,0.023283,36507.07,0.018876,45029.88,0.024503,34689.89,0.039639,0.005036,0.007695,0.018876,0.071247,0.003189,2,78797,78747,385131,568,0,0,0,767,0,0,0,411,0,0,0,241,0,0,0,280,0,0,0,233,0,0,0,5605069160209643713,18378758235886868113,18378758235886868113,14128025182266078571,5078510655105578201,3972193743812507954
9,5,757,8,10,0.035595,21267.02,0.014601,51846.12,0.013167,57494.24,0.014265,53066.86,0.018588,40724.68,0.015641,48397.84,0.017955,42159.96,0.035004,0.004946,0.008635,0.015641,0.064226,0.003760,1,77630,77630,528190,411,0,0,0,533,0,0,0,354,0,0,0,236,0,0,0,432,0,0,0,282,0,0,0,5355792580972638184,5892222932413450101,5892222932413450101,768560090762251597,7028667380881473722,6819642001645727946
10,5,835,8,10,0.041122,20305.64,0.019324,43211.41,0.018587,44925.03,0.021800,38303.15,0.024423,34189.30,0.022193,37624.05,0.025875,32270.70,0.041638,0.004996,0.009610,0.022193,0.078437,0.003666,1,88449,88439,409040,469,0,0,0,602,0,0,0,356,0,0,0,227,0,0,0,246,0,0,0,248,0,0,0,16956869462473590969,16231652990471851627,16231652990471851627,6505898981608460773,7024441162751686030,14006583327898341586
11,5,1015,8,10,0.041305,24573.31,0.023109,43922.23,0.021317,47615.59,0.025661,39553.68,0.026560,38215.28,0.024306,41759.98,0.027627,36739.99,0.041849,0.005441,0.009570,0.024306,0.081166,0.004236,1,91504,91479,457805,1123,0,0,0,1492,0,0,0,496,0,0,0,433,0,0,0,535,0,0,0,279,0,0,0,16931682640868874999,1474555170016973228,1474555170016973228,5575788880668635603,11615850538292237789,17358401370442437345
12,5,858,8,10,0.044397,19325.75,0.023100,37142.54,0.021268,40342.27,0.024204,35448.46,0.024871,34497.67,0.022673,37842.75,0.025667,33428.02,0.043912,0.006171,0.006804,0.022673,0.079561,0.003934,3,92808,92798,518983,592,0,0,0,993,0,0,0,496,0,0,0,409,0,0,0,417,0,0,0,371,0,0,0,15629729325914984778,16493667450561912388,16493667450561912388,11881426185460473948,3863740688408489084,8120188386469002114
13,5,742,8,10,0.038639,19203.26,0.017363,42735.34,0.014778,50210.12,0.016345,45396.85,0.016657,44546.35,0.015354,48326.35,0.018698,39682.97,0.036766,0.004829,0.007372,0.015354,0.064320,0.003448,1,68712,68697,372714,355,0,0,0,519,0,0,0,243,0,0,0,227,0,0,0,308,0,0,0,200,0,0,0,10239765145230757047,10239765145230757047,10239765145230757047,1216984141282718614,16386828588263442778,5998721389398514874
14,5,882,8,10,0.047308,18643.77,0.021198,41608.22,0.019891,44342.11,0.021974,40138.88,0.024712,35690.72,0.022486,39223.73,0.029914,29484.72,0.047440,0.005197,0.009168,0.022486,0.084291,0.003769,1,87160,87145,419662,650,0,0,0,901,0,0,0,386,0,0,0,316,0,0,0,347,0,0,0,276,0,0,0,5597519038564608754,5597519038564608754,5597519038564608754,12305478070725527516,3169349791872193550,17991374903045408346
15,5,862,8,10,0.049039,17577.98,0.024058,35830.72,0.020429,42195.25,0.023076,37354.06,0.025605,33664.73,0.022971,37524.97,0.028908,29818.92,0.049572,0.004586,0.009100,0.022971,0.086230,0.003460,1,83099,83069,631837,610,0,0,0,857,0,0,0,443,0,0,0,320,0,0,0,404,0,0,0,309,0,0,0,16601456558638775347,995668264719326922,995668264719326922,10069469126341418210,3105632324346627183,18022661977143103985
16,5,1001,8,10,0.047197,21208.82,0.022966,43587.02,0.018695,53542.46,0.025837,38742.39,0.028485,35141.65,0.025074,39922.32,0.031199,32084.36,0.047167,0.005416,0.009551,0.025074,0.087207,0.004077,1,89521,89466,303474,646,0,0,0,827,0,0,0,318,0,0,0,199,0,0,0,226,0,0,0,232,0,0,0,2919578132636087955,121061779751589959,121061779751589959,16916321174166578947,15917411825295615578,7629923164877710697
17,5,835,8,10,0.043650,19129.55,0.022674,36825.80,0.019568,42671.16,0.019674,42442.12,0.021423,38976.10,0.018996,43955.61,0.024309,34349.21,0.043821,0.004345,0.006623,0.018996,0.073786,0.003586,2,73393,73398,514213,582,0,0,0,744,0,0,0,374,0,0,0,304,0,0,0,392,0,0,0,300,0,0,0,9673085439980819883,9673085439980819883,9673085439980819883,2630793432909423755,15968475562249748682,5793269451225233565
18,5,1361,8,10,0.045622,29832.01,0.024953,54541.73,0.019193,70910.29,0.022140,61473.32,0.026216,51914.65,0.022010,61835.78,0.029474,46176.28,0.045262,0.006942,0.011082,0.022010,0.085295,0.004735,1,97497,97507,635759,440,0,0,0,764,0,0,0,570,0,0,0,339,0,0,0,394,0,0,0,231,0,0,0,3987725021934979634,8775216711574872638,8775216711574872638,9499917031520683136,14121297939970396083,17004787002261766422
19,5,1036,8,10,0.048779,21238.60,0.023587,43922.35,0.022535,45972.58,0.028177,36767.93,0.028871,35883.96,0.027445,37748.04,0.029458,35169.10,0.049326,0.005147,0.005822,0.027445,0.087740,0.004533,4,92808,92818,604738,932,0,0,0,1356,0,0,0,449,0,0,0,237,0,0,0,327,0,0,0,266,0,0,0,18156136901782651372,18156136901782651372,18156136901782651372,15279664735138483009,14740141044685168182,8089559819192511422
20,5,809,8,10,0.040418,20016.02,0.022072,36653.07,0.021361,37871.92,0.025621,31575.36,0.026735,30260.10,0.025914,31218.84,0.028274,28613.28,0.040729,0.004990,0.009011,0.025914,0.080644,0.003321,1,78514,78504,423363,553,0,0,0,947,0,0,0,502,0,0,0,311,0,0,0,423,0,0,0,276,0,0,0,17809097869814794592,10353895965193398932,10353895965193398932,6902175874529153330,9937513267281376408,15440606116735985301
21,5,836,8,10,0.041652,20071.13,0.022046,37920.99,0.016740,49941.22,0.019524,42819.88,0.023650,35349.25,0.019443,42998.13,0.027191,30745.32,0.041706,0.005041,0.006964,0.019443,0.073154,0.003156,2,69919,69879,476661,564,0,0,0,728,0,0,0,416,0,0,0,246,0,0,0,401,0,0,0,262,0,0,0,16212993402644934298,8200155357234210355,8200155357234210355,127545182107158193,17804099464102033733,2845258507408926132
22,5,951,8,10,0.041437,22950.57,0.022155,42925.60,0.017865,53233.83,0.020289,46871.77,0.021631,43964.27,0.021139,44988.24,0.026650,35685.05,0.041124,0.005790,0.007685,0.021139,0.075737,0.004091,2,79571,79581,392693,564,0,0,0,870,0,0,0,436,0,0,0,258,0,0,0,342,0,0,0,343,0,0,0,14024649321385407196,1333915025696933496,1333915025696933496,17707051064752214394,586878198102413132,1678520640259921385
23,5,769,8,10,0.043803,17555.79,0.023433,32816.58,0.019084,40294.81,0.022520,34147.82,0.025702,29919.61,0.021874,35155.98,0.025980,29599.22,0.043063,0.006144,0.004414,0.021874,0.075496,0.003105,4,74139,74144,545348,518,0,0,0,788,0,0,0,401,0,0,0,221,0,0,0,266,0,0,0,296,0,0,0,16501854942982164739,8880457952153114584,8880457952153114584,3911815016142158381,14480665748356574310,5128424812992716344
24,5,822,8,10,0.048497,16949.42,0.027939,29420.80,0.020560,39979.96,0.023124,35547.43,0.027271,30141.85,0.027428,29969.49,0.029943,27451.78,0.049051,0.004399,0.004692,0.027428,0.085570,0.003360,4,77372,77332,393492,661,0,0,0,923,0,0,0,501,0,0,0,308,0,0,0,298,0,0,0,296,0,0,0,2550360671456006231,6212153621758052726,6212153621758052726,8023128614763521925,371377215953283857,1523089507939110649
25,5,889,8,10,0.045879,19376.88,0.023897,37202.07,0.022414,39662.30,0.027710,32082.17,0.029081,30569.63,0.028177,31550.57,0.027994,31756.68,0.046757,0.005116,0.004211,0.028177,0.084261,0.004157,5,86868,86833,532082,567,0,0,0,962,0,0,0,435,0,0,0,333,0,0,0,294,0,0,0,266,0,0,0,12219147534992943131,12994973804597677848,12994973804597677848,14608932964131721599,10239317831994310519,106493146343572485
26,5,858,8,10,0.045032,19053.22,0.020711,41427.59,0.018177,47202.07,0.024325,35272.31,0.025510,33634.44,0.024408,35152.16,0.026796,32019.28,0.044975,0.005937,0.008364,0.024408,0.083684,0.004152,1,85207,85172,407229,522,0,0,0,835,0,0,0,377,0,0,0,274,0,0,0,407,0,0,0,243,0,0,0,9678087318060148472,9678087318060148472,9678087318060148472,5957257794071663208,15951108773442902943,17570191906709092138
27,5,1138,8,10,0.045687,24908.49,0.019693,57787.43,0.017571,64765.95,0.019450,58508.23,0.020382,55834.32,0.019995,56915.56,0.022025,51669.19,0.045778,0.006677,0.009379,0.019995,0.081830,0.005098,2,104270,104285,475327,667,0,0,0,705,0,0,0,381,0,0,0,352,0,0,0,511,0,0,0,286,0,0,0,3120897531108613381,3168090741628049832,3168090741628049832,12151062003386488162,7950012625815635033,14009209651011167196
28,5,750,8,10,0.045135,16616.84,0.022872,32791.02,0.019042,39386.16,0.027248,27524.99,0.026972,27806.24,0.025708,29173.24,0.030080,24933.82,0.044951,0.004679,0.006688,0.025708,0.082027,0.003368,2,80828,80808,473057,623,0,0,0,859,0,0,0,534,0,0,0,297,0,0,0,350,0,0,0,345,0,0,0,3639338500506741687,6191677922996109418,6191677922996109418,7527205324313961622,15788434578883357544,5363445433807476040
29,5,917,8,10,0.038702,23693.92,0.017266,53109.03,0.015970,57420.91,0.016843,54444.30,0.017863,51335.22,0.016327,56163.60,0.018797,48783.50,0.038419,0.004912,0.008904,0.016327,0.068563,0.003687,1,76054,76034,388486,372,0,0,0,521,0,0,0,415,0,0,0,169,0,0,0,379,0,0,0,238,0,0,0,17470811165391043778,9408417721705755471,9408417721705755471,11243821562440351471,10051132719445654556,16752820257442429024
30,5,1084,8,10,0.045895,23618.94,0.024644,43986.63,0.023333,46458.28,0.028429,38130.52,0.028550,37969.12,0.026201,41372.88,0.031077,34881.60,0.045853,0.006178,0.009538,0.026201,0.087769,0.003908,1,91866,91826,443816,919,0,0,0,1140,0,0,0,483,0,0,0,376,0,0,0,500,0,0,0,218,0,0,0,7009880902407520954,7009880902407520954,7009880902407520954,16993956399938877027,7997920519711141086,14093473300513266535
31,5,709,8,10,0.041059,17267.63,0.021404,33125.08,0.015959,44427.28,0.016943,41846.56,0.022127,32043.01,0.018721,37871.29,0.021215,33419.64,0.040658,0.004324,0.006296,0.018721,0.069999,0.002692,2,68749,68734,433031,447,0,0,0,617,0,0,0,295,0,0,0,214,0,0,0,327,0,0,0,264,0,0,0,14565704173100063985,14565704173100063985,14565704173100063985,13720297769411739320,9281743281237108734,9874674992394895303
32,5,971,8,10,0.050823,19105.68,0.021922,44292.59,0.019496,49805.88,0.023287,41697.48,0.027462,35358.48,0.023502,41316.06,0.028555,34004.10,0.051295,0.005674,0.009991,0.023502,0.090462,0.004476,1,93062,93042,453019,508,0,0,0,689,0,0,0,457,0,0,0,314,0,0,0,385,0,0,0,214,0,0,0,11721007837204857706,10691148812721876141,10691148812721876141,2199917216898306500,7276709898677764517,12841820713741217984
33,5,872,8,10,0.048019,18159.55,0.022903,38073.64,0.017293,50423.99,0.020479,42580.41,0.022788,38265.75,0.018266,47740.06,0.026970,32332.57,0.047942,0.005745,0.008746,0.018266,0.080698,0.003607,1,84886,84851,519321,498,0,0,0,708,0,0,0,399,0,0,0,294,0,0,0,428,0,0,0,416,0,0,0,9259457372001698811,9259457372001698811,9259457372001698811,17622334010015884413,16278550988454927208,12730689382284653842
34,5,791,8,10,0.054705,14459.28,0.028224,28025.38,0.019762,40025.37,0.020914,37822.44,0.029179,27108.95,0.021104,37481.13,0.029224,27067.00,0.054458,0.005380,0.009015,0.021104,0.089957,0.003505,1,90417,90417,577291,556,0,0,0,816,0,0,0,458,0,0,0,348,0,0,0,540,0,0,0,387,0,0,0,3117731439893969420,5575666022658489649,5575666022658489649,8630544421013236482,9047818480670791389,16605832309507891548
35,5,802,8,10,0.043773,18321.70,0.022475,35684.04,0.016910,47428.60,0.019974,40152.47,0.024948,32146.24,0.022687,35350.54,0.025643,31275.16,0.043851,0.004220,0.004271,0.022687,0.075029,0.002998,4,73579,73549,380772,503,0,0,0,669,0,0,0,409,0,0,0,271,0,0,0,257,0,0,0,253,0,0,0,11460736833593790146,11460736833593790146,11460736833593790146,13109752906888054860,9332454350328573360,330640409435632841
36,5,797,8,10,0.041226,19332.64,0.021130,37719.12,0.015070,52886.90,0.017369,45886.24,0.020705,38492.30,0.013596,58618.38,0.022444,35510.33,0.041399,0.004092,0.007566,0.013596,0.066653,0.002708,1,65606,65571,362041,442,0,0,0,585,0,0,0,417,0,0,0,179,0,0,0,258,0,0,0,227,0,0,0,915024863355814804,5149714134236063772,5149714134236063772,7185166139822808889,9532523519447478119,5813143785915276338
37,5,641,8,10,0.031137,20586.68,0.017351,36943.59,0.015135,42352.79,0.014871,43102.95,0.016422,39033.34,0.017341,36964.54,0.017174,37323.32,0.031908,0.003140,0.003596,0.017341,0.055985,0.002537,4,62860,62855,250991,352,0,0,0,589,0,0,0,320,0,0,0,193,0,0,0,203,0,0,0,182,0,0,0,793876538083622341,793876538083622341,793876538083622341,581489609234749427,2550716993807813328,13210650753503532946
38,5,1087,8,10,0.055800,19480.29,0.023430,46393.04,0.021274,51096.15,0.026680,40742.73,0.028537,38091.31,0.048362,22476.34,0.027445,39606.23,0.056426,0.006939,0.009773,0.048362,0.121500,0.004899,2,121763,121778,512724,755,0,0,0,948,0,0,0,474,0,0,0,375,0,0,0,63,0,0,0,313,0,0,0,3333848042724699331,3333848042724699331,3333848042724699331,3012398882678472125,13353287594245810239,17545977773188636328
39,5,755,8,10,0.039210,19255.22,0.017134,44065.71,0.016480,45812.44,0.018986,39766.87,0.019966,37813.83,0.018517,40773.94,0.022758,33175.08,0.039005,0.004867,0.008281,0.018517,0.070669,0.003101,1,74873,74863,604856,504,0,0,0,689,0,0,0,329,0,0,0,210,0,0,0,282,0,0,0,241,0,0,0,364173836412415601,364173836412415601,364173836412415601,9272480490995348821,3793324996243918299,5665864710567498026
40,5,904,8,10,0.049354,18316.54,0.022700,39823.77,0.020580,43925.94,0.025410,35576.01,0.026461,34163.31,0.023773,38026.11,0.026152,34567.60,0.049583,0.005499,0.008841,0.023773,0.087697,0.004095,1,85635,85630,624055,740,0,0,0,962,0,0,0,508,0,0,0,297,0,0,0,331,0,0,0,224,0,0,0,2292799408139212601,14918276567904810674,14918276567904810674,5272128520106322960,9677249582977900056,5006720791701523978
41,5,918,8,10,0.051281,17901.44,0.027701,33139.65,0.022439,40910.92,0.024502,37466.09,0.029328,31301.17,0.023622,38861.55,0.028843,31827.73,0.051910,0.005272,0.009599,0.023622,0.090403,0.003795,1,92380,92370,407209,737,0,0,0,1132,0,0,0,470,0,0,0,337,0,0,0,394,0,0,0,253,0,0,0,14150649396073844756,14150649396073844756,14150649396073844756,1362905415150702467,7963656513298037081,12668336662960046041
42,5,772,8,10,0.045819,16849.07,0.028577,27015.02,0.018442,41861.26,0.017737,43523.88,0.025720,30015.20,0.020917,36907.68,0.026963,28631.94,0.046116,0.004708,0.007587,0.020917,0.079328,0.002939,1,70788,70753,358375,505,0,0,0,630,0,0,0,354,0,0,0,315,0,0,0,439,0,0,0,279,0,0,0,12258049473482673756,14603298503351273478,14603298503351273478,10784851819500909575,9424145197717307983,6239955783341029870
43,5,999,8,10,0.067218,14862.19,0.035556,28096.49,0.028005,35672.61,0.028047,35618.34,0.036419,27430.41,0.023842,41901.08,0.038398,26016.78,0.066706,0.007226,0.012339,0.023842,0.110113,0.004758,1,111038,111008,432109,787,0,0,0,1081,0,0,0,652,0,0,0,414,0,0,0,443,0,0,0,390,0,0,0,6398661219032688937,18070729384182062683,18070729384182062683,6238023795056746653,16042238239864838505,2216304772008358358
44,5,833,8,10,0.173778,4793.47,0.147116,5662.20,0.140571,5925.82,0.132173,6302.34,0.140989,5908.26,0.142321,5852.98,0.142842,5831.61,0.171917,0.005806,0.008825,0.142321,0.328869,0.003665,1,75341,75336,431958,582,0,0,0,843,0,0,0,425,0,0,0,368,0,0,0,463,0,0,0,299,0,0,0,4636119230819436600,4636119230819436600,4636119230819436600,6681789453336515356,4262997779769105162,1884699269258157125
45,5,841,8,10,0.042309,19877.65,0.021616,38905.80,0.020164,41707.39,0.023492,35799.24,0.025384,33130.96,0.022255,37789.29,0.024317,34584.69,0.042163,0.005288,0.007955,0.022255,0.077661,0.004099,2,88703,88668,396885,778,0,0,0,953,0,0,0,535,0,0,0,371,0,0,0,444,0,0,0,349,0,0,0,8304810474838887030,8304810474838887030,8304810474838887030,7364219905754908704,9498563518286929643,11383152898813642596
46,5,853,8,10,0.042661,19995.02,0.023507,36286.42,0.022038,38705.28,0.024728,34495.32,0.024881,34283.15,0.023952,35612.64,0.024698,34536.85,0.042385,0.005070,0.008395,0.023952,0.079802,0.003451,1,81451,81461,516100,794,0,0,0,1275,0,0,0,481,0,0,0,436,0,0,0,560,0,0,0,385,0,0,0,3088369429390089897,3570628564607625652,3570628564607625652,7929789112419857450,4964616464351745965,1856164384370025098
47,5,801,8,10,0.042520,18838.19,0.028507,28098.37,0.019413,41261.90,0.023831,33611.82,0.029155,27473.62,0.024968,32081.40,0.027881,28728.94,0.042635,0.004436,0.008160,0.024968,0.080199,0.003127,1,73696,73701,365220,666,0,0,0,1083,0,0,0,401,0,0,0,276,0,0,0,406,0,0,0,241,0,0,0,4762676581984690083,4762676581984690083,4762676581984690083,13023372189696250965,11879647775251342340,1159586661284901796
48,5,1041,8,10,0.056867,18305.97,0.032730,31805.73,0.031302,33256.25,0.032469,32061.12,0.033399,31168.25,0.029849,34874.98,0.034337,30317.23,0.057557,0.005658,0.009089,0.029849,0.102153,0.004075,2,97427,97372,478574,1023,0,0,0,1411,0,0,0,782,0,0,0,610,0,0,0,559,0,0,0,446,0,0,0,14206121728522151757,7702043503243787832,7702043503243787832,3922876562790122199,6345848643973769831,9575296337752233343
49,5,799,8,10,0.038315,20853.26,0.022901,34889.37,0.021132,37809.43,0.023666,33761.34,0.025885,30867.46,0.029906,26716.89,0.026809,29803.60,0.037202,0.005236,0.005317,0.029906,0.077660,0.003045,5,74322,74297,482141,741,0,0,0,968,0,0,0,341,0,0,0,330,0,0,0,341,0,0,0,265,0,0,0,16602927901300236181,226103247171356584,226103247171356584,1326729902510759175,2473688402242147228,15766430522147078602
50,5,895,8,10,0.064336,13911.32,0.036163,24748.79,0.024854,36011.00,0.027489,32558.98,0.037918,23603.48,0.034681,25806.40,0.040785,21944.31,0.064700,0.005361,0.005820,0.034681,0.110562,0.003672,3,86379,86369,444424,706,0,0,0,811,0,0,0,295,0,0,0,278,0,0,0,329,0,0,0,245,0,0,0,18068533924282324714,17173571571106453474,17173571571106453474,16307306990765715962,5840720989495844693,2624606145121248343
51,5,831,8,10,0.039063,21273.18,0.023147,35900.36,0.020968,39631.90,0.023225,35779.86,0.024960,33293.45,0.023257,35731.12,0.026351,31536.39,0.038635,0.004563,0.004071,0.023257,0.070526,0.003207,5,73731,73741,406851,645,0,0,0,933,0,0,0,520,0,0,0,420,0,0,0,401,0,0,0,403,0,0,0,16575819790946116189,16575819790946116189,16575819790946116189,1303242985854500342,2586796425140852999,10979910042859347327
52,5,863,8,10,0.049043,17596.70,0.025010,34506.09,0.020279,42556.33,0.032383,26649.59,0.033501,25760.70,0.031025,27816.07,0.034823,24782.12,0.049480,0.005736,0.006513,0.031025,0.092754,0.003352,3,78226,78226,493188,752,0,0,0,1064,0,0,0,684,0,0,0,393,0,0,0,532,0,0,0,513,0,0,0,6754536432761439056,8508059847246233726,8508059847246233726,11351324079776711591,15339239781151041563,2429187851881176264
53,5,861,8,10,0.039685,21695.92,0.019508,44134.87,0.017102,50346.04,0.021913,39291.90,0.022156,38861.61,0.019340,44518.60,0.024026,35836.37,0.040280,0.004347,0.009127,0.019340,0.073095,0.003221,1,75331,75291,294072,494,0,0,0,733,0,0,0,496,0,0,0,251,0,0,0,351,0,0,0,246,0,0,0,4851946425734972891,4851946425734972891,4851946425734972891,7484556570060859311,70649081854554686,4237459367684847890
54,5,824,8,10,0.043010,19158.34,0.022484,36648.72,0.021294,38696.60,0.023716,34743.87,0.025116,32808.03,0.023174,35557.54,0.025417,32418.86,0.042180,0.006189,0.007359,0.023174,0.078901,0.003196,2,80484,80449,494495,658,0,0,0,967,0,0,0,381,0,0,0,295,0,0,0,474,0,0,0,324,0,0,0,2031957122259617165,15227116981816486032,15227116981816486032,17275781175752564619,7631360584827284641,15192682235248790133
55,5,667,8,10,0.034521,19321.62,0.018927,35240.11,0.014717,45321.15,0.017724,37631.67,0.020782,32095.07,0.017494,38128.45,0.022345,29850.07,0.034446,0.003854,0.005775,0.017494,0.061568,0.002420,2,58227,58227,381509,510,0,0,0,663,0,0,0,339,0,0,0,208,0,0,0,346,0,0,0,260,0,0,0,2773992506333116418,2773992506333116418,2773992506333116418,6406343010288258797,15837568786689227464,16281370831144272402
56,5,972,8,10,0.076998,12623.68,0.042583,22825.78,0.025287,38438.80,0.027776,34994.45,0.042714,22756.26,0.042345,22954.09,0.052335,18572.66,0.076547,0.006412,0.006125,0.042345,0.131430,0.003771,5,89964,89984,437876,790,0,0,0,1103,0,0,0,573,0,0,0,365,0,0,0,327,0,0,0,272,0,0,0,11937788943176043186,12254046837940367506,12254046837940367506,4686008701467496223,11682797007484798670,2607520763023937171
57,5,817,8,10,0.049044,16658.49,0.024468,33391.19,0.019084,42810.12,0.022135,36909.96,0.024718,33052.58,0.022281,36668.67,0.026922,30346.98,0.049242,0.006273,0.008825,0.022281,0.086621,0.004317,1,96850,96830,318669,436,0,0,0,673,0,0,0,325,0,0,0,262,0,0,0,335,0,0,0,236,0,0,0,8742663523469340582,13822018689590225151,13822018689590225151,5407527742522891847,16299193768698374163,6914417439915204919
58,5,760,8,10,0.057577,13199.68,0.030114,25237.21,0.024682,30791.68,0.025301,30038.76,0.030296,25085.92,0.015944,47667.53,0.031009,24508.76,0.057582,0.004334,0.007798,0.015944,0.085657,0.002910,1,70691,70691,375901,382,0,0,0,674,0,0,0,427,0,0,0,180,0,0,0,275,0,0,0,240,0,0,0,17687475865545589202,17687475865545589202,17687475865545589202,13006479322478123778,3951887585588517376,6090503138122508345
59,5,1069,8,10,0.066984,15959.00,0.030703,34817.98,0.024146,44273.04,0.025473,41965.65,0.032736,32655.55,0.024066,44419.12,0.030978,34508.06,0.066379,0.010170,0.016016,0.024066,0.116631,0.006941,1,151152,151132,616147,788,0,0,0,1052,0,0,0,631,0,0,0,515,0,0,0,568,0,0,0,445,0,0,0,11401752209103188550,10858707252601627213,10858707252601627213,16637699723829970807,6905916879403164773,4939984374500797448
60,5,1085,8,10,0.041876,25910.05,0.022666,47868.99,0.019053,56946.42,0.019385,55971.16,0.022248,48768.75,0.020523,52866.96,0.022973,47228.63,0.042655,0.005515,0.009733,0.020523,0.078426,0.003858,1,95394,95354,320902,762,0,0,0,1071,0,0,0,523,0,0,0,327,0,0,0,520,0,0,0,215,0,0,0,14024434839859643060,14024434839859643060,14024434839859643060,10752505780255360523,5650121221391327237,3788604094313339582
61,5,886,8,10,0.044845,19756.75,0.023438,37802.41,0.022929,38641.32,0.026070,33984.91,0.027429,32301.17,0.025506,34736.54,0.028815,30747.53,0.044965,0.005255,0.008707,0.025506,0.084433,0.003317,1,82735,82710,390486,839,0,0,0,1133,0,0,0,602,0,0,0,442,0,0,0,516,0,0,0,312,0,0,0,14944335824502236756,16465093004360176347,16465093004360176347,1078209897625881584,14903581451391484486,3461010932326327362
62,5,811,8,10,0.036210,22397.24,0.018540,43743.68,0.016628,48771.94,0.018831,43067.61,0.019466,41663.29,0.018275,44378.36,0.023474,34548.53,0.036273,0.005066,0.004841,0.018275,0.064455,0.003317,4,78583,78618,529972,538,0,0,0,638,0,0,0,410,0,0,0,247,0,0,0,297,0,0,0,305,0,0,0,12222779924066950612,878794513155611191,878794513155611191,4038964605392630241,9985863571798873421,11460579932891899870
63,5,826,8,10,0.040465,20412.69,0.020653,39993.42,0.019386,42608.14,0.023901,34559.42,0.024425,33818.32,0.023584,35023.46,0.026610,31041.18,0.039993,0.005011,0.008423,0.023584,0.077011,0.003257,1,79309,79284,365636,650,0,0,0,900,0,0,0,508,0,0,0,370,0,0,0,474,0,0,0,394,0,0,0,1112463958790455301,18237212644851053457,18237212644851053457,14786801962490826799,12909206518746319571,661502576667386284
64,5,816,8,10,0.038875,20990.36,0.019521,41801.48,0.019047,42841.48,0.021437,38064.70,0.022342,36523.49,0.022562,36167.46,0.025978,31410.91,0.038583,0.005103,0.007614,0.022562,0.073861,0.003842,2,80654,80659,275470,536,0,0,0,789,0,0,0,424,0,0,0,271,0,0,0,415,0,0,0,247,0,0,0,3055042891635326932,3055042891635326932,3055042891635326932,8515103522475824005,5580769204784166032,3159147323492622845
65,5,787,8,10,0.044862,17542.63,0.024444,32195.39,0.020262,38840.93,0.021831,36049.72,0.025182,31253.03,0.023614,33327.05,0.025912,30372.39,0.045421,0.006189,0.008983,0.023614,0.084208,0.004607,3,115781,115766,466863,571,0,0,0,874,0,0,0,551,0,0,0,360,0,0,0,496,0,0,0,392,0,0,0,16904642478330603361,12895087930157551946,12895087930157551946,5757911142051231492,6389227946472673796,17398521065452826910
66,5,922,8,10,0.043818,21041.78,0.024700,37327.97,0.019979,46147.96,0.021211,43467.49,0.025921,35569.44,0.020737,44462.23,0.028200,32694.92,0.044571,0.004208,0.006747,0.020737,0.076263,0.003522,3,89356,89346,269530,642,0,0,0,884,0,0,0,405,0,0,0,312,0,0,0,300,0,0,0,308,0,0,0,11113945461916718440,11113945461916718440,11113945461916718440,15902914521780739778,862774950180199957,14632963166449745096
67,5,735,8,10,0.053266,13798.66,0.028037,26215.58,0.019753,37210.22,0.020702,35504.61,0.027275,26947.63,0.028849,25477.54,0.028742,25572.28,0.053716,0.003835,0.004809,0.028849,0.091209,0.002797,3,72381,72381,386060,526,0,0,0,779,0,0,0,381,0,0,0,163,0,0,0,291,0,0,0,253,0,0,0,14469568134639005176,14469568134639005176,14469568134639005176,8068499881855060414,12337108650406033345,14207964047612484890
68,5,874,8,10,0.044118,19810.39,0.022066,39609.13,0.023146,37760.40,0.024627,35490.19,0.024144,36198.90,0.021863,39976.31,0.024666,35433.58,0.043401,0.005947,0.008447,0.021863,0.079658,0.003592,1,85022,84992,472185,763,0,0,0,1140,0,0,0,598,0,0,0,369,0,0,0,522,0,0,0,325,0,0,0,9364717427080440268,7615874429557109436,7615874429557109436,12433002845188814151,12112279943593984767,18050977373849607413
69,5,924,8,10,0.040139,23019.86,0.022844,40447.64,0.021269,43443.85,0.025804,35808.28,0.025456,36297.78,0.023781,38855.22,0.026548,34804.47,0.041006,0.005250,0.008836,0.023781,0.078873,0.003403,1,80387,80387,366481,720,0,0,0,1141,0,0,0,523,0,0,0,358,0,0,0,435,0,0,0,283,0,0,0,10502094468884718606,10502094468884718606,10502094468884718606,2125134839460683217,10938684170289766359,4689465057694938833
70,5,918,8,10,0.043915,20904.11,0.024426,37582.29,0.022368,41039.99,0.025737,35668.55,0.023715,38710.47,0.021343,43012.38,0.025832,35537.15,0.043842,0.005688,0.009836,0.021343,0.080709,0.003816,1,90790,90760,481228,604,0,0,0,990,0,0,0,420,0,0,0,290,0,0,0,220,0,0,0,236,0,0,0,4397799211182640639,4397799211182640639,4397799211182640639,11487638856843831530,715493821290367315,10478464543254299915
71,5,811,8,10,0.066185,12253.56,0.037244,21775.61,0.029088,27880.71,0.028731,28227.14,0.035935,22568.69,0.024438,33185.66,0.038861,20869.21,0.066045,0.004894,0.003699,0.024438,0.099076,0.003230,5,80250,80240,306380,674,0,0,0,922,0,0,0,493,0,0,0,244,0,0,0,213,0,0,0,236,0,0,0,12181859959125113633,7466649424190939657,7466649424190939657,5012304119752427958,8916833578889934180,3414613055992215282
72,5,858,8,10,0.048064,17851.28,0.025370,33820.08,0.017890,47960.70,0.021890,39195.92,0.024699,34737.88,0.021031,40797.16,0.027184,31562.66,0.048023,0.004758,0.007049,0.021031,0.080861,0.003245,2,73288,73243,370946,519,0,0,0,747,0,0,0,357,0,0,0,319,0,0,0,418,0,0,0,297,0,0,0,14993362761753380799,10540385509215164693,10540385509215164693,3458154418959993675,6899135140295827349,15153099764419758014
73,5,865,8,10,0.061954,13962.01,0.038584,22418.83,0.026238,32967.19,0.024657,35082.02,0.038571,22425.93,0.024258,35658.37,0.039438,21932.89,0.061890,0.005715,0.008329,0.024258,0.100193,0.003643,1,84766,84756,477764,706,0,0,0,929,0,0,0,584,0,0,0,467,0,0,0,617,0,0,0,416,0,0,0,10854501155990036719,10854501155990036719,10854501155990036719,7448054845637712792,5360211531276524723,120484785444572535
74,5,976,8,10,0.042641,22888.81,0.021600,45186.01,0.018479,52816.32,0.019874,49109.07,0.021830,44708.68,0.020954,46578.71,0.023694,41191.76,0.042876,0.004999,0.006102,0.020954,0.074931,0.003405,4,81943,81948,384893,610,0,0,0,859,0,0,0,477,0,0,0,320,0,0,0,358,0,0,0,285,0,0,0,4357751506755819524,4357751506755819524,4357751506755819524,13209325954420519566,10970619061356548665,5558862522304347736
75,5,903,8,10,0.045102,20021.12,0.020447,44163.08,0.018210,49588.88,0.023406,38579.64,0.022679,39816.31,0.021663,41683.83,0.025925,34830.87,0.045186,0.004641,0.004918,0.021663,0.076407,0.003248,4,76799,76774,392182,605,0,0,0,963,0,0,0,479,0,0,0,339,0,0,0,332,0,0,0,373,0,0,0,16936557600593928104,2620984439680923300,2620984439680923300,9649711391898406785,800709199018005081,11777398131840113838
76,5,900,8,10,0.043341,20765.40,0.018897,47627.82,0.018158,49564.01,0.023320,38593.26,0.022119,40688.27,0.021001,42855.86,0.024932,36098.79,0.043394,0.004979,0.007252,0.021001,0.076625,0.004003,5,84884,84904,409837,612,0,0,0,928,0,0,0,522,0,0,0,307,0,0,0,263,0,0,0,379,0,0,0,12585956157355013665,2103598735019657576,2103598735019657576,10339805754611161642,12323379272636655706,9208014851487699836
77,5,912,8,10,0.040459,22541.57,0.021346,42725.44,0.020011,45574.86,0.021537,42344.96,0.023626,38601.26,0.022454,40615.69,0.026066,34987.53,0.040868,0.005589,0.007987,0.022454,0.076899,0.003705,2,85563,85543,491768,665,0,0,0,790,0,0,0,524,0,0,0,318,0,0,0,367,0,0,0,216,0,0,0,5339189775983069590,14992111471427426601,14992111471427426601,11566625807385912639,3208816364189289761,407194990915361406
78,5,867,8,10,0.049871,17384.76,0.024375,35568.84,0.022014,39384.28,0.025465,34046.89,0.029449,29440.97,0.027017,32090.49,0.027571,31446.30,0.049271,0.005869,0.004590,0.027017,0.086747,0.003551,4,82797,82762,403362,581,0,0,0,863,0,0,0,479,0,0,0,334,0,0,0,301,0,0,0,308,0,0,0,16315076306170921938,16315076306170921938,16315076306170921938,16482144391676850666,12978767076184812713,2263768797336498847
79,5,754,8,10,0.041261,18273.95,0.021802,34584.67,0.020807,36238.46,0.024576,30680.13,0.024081,31311.31,0.021631,34857.97,0.026853,28078.83,0.041561,0.005422,0.009560,0.021631,0.078174,0.003606,1,89801,89826,435960,559,0,0,0,809,0,0,0,486,0,0,0,290,0,0,0,385,0,0,0,352,0,0,0,12163601683802971826,12163601683802971826,12163601683802971826,14334295782933350781,6305534379054440259,9276461335732153139
80,5,924,8,10,0.033578,27518.07,0.018970,48708.33,0.017404,53090.82,0.018884,48930.64,0.020671,44700.95,0.017448,52955.94,0.022463,41135.19,0.033836,0.004794,0.009258,0.017448,0.065337,0.003732,1,75342,75342,346216,591,0,0,0,889,0,0,0,471,0,0,0,296,0,0,0,390,0,0,0,278,0,0,0,8843459644944507152,8843459644944507152,8843459644944507152,7055367267519184665,4487298200494405101,7163735543900997606
81,5,780,8,10,0.043933,17754.17,0.021419,36416.82,0.015798,49373.48,0.023052,33835.91,0.024454,31896.46,0.024020,32472.79,0.025899,30117.44,0.044048,0.004891,0.005450,0.024020,0.078409,0.003585,4,82906,82876,341818,489,0,0,0,601,0,0,0,252,0,0,0,222,0,0,0,177,0,0,0,160,0,0,0,14104573608109533386,15747669002269998429,15747669002269998429,15410061415078246833,4133498273146194740,2023241685342041145
82,5,856,8,10,0.046323,18478.87,0.023743,36052.93,0.022260,38454.65,0.026427,32391.20,0.027097,31589.66,0.023509,36411.24,0.027768,30826.49,0.045763,0.004919,0.008447,0.023509,0.082637,0.003736,2,89532,89552,493698,666,0,0,0,1029,0,0,0,521,0,0,0,307,0,0,0,298,0,0,0,339,0,0,0,5973546306595054641,5973546306595054641,5973546306595054641,10295049873144923701,5385330879392481228,2935146968152322956
83,5,852,8,10,0.054512,15629.50,0.023965,35551.31,0.018487,46085.83,0.022781,37399.21,0.028111,30308.41,0.022587,37720.41,0.026842,31741.35,0.054983,0.004463,0.008582,0.022587,0.090616,0.003366,1,79886,79901,412068,563,0,0,0,774,0,0,0,390,0,0,0,261,0,0,0,330,0,0,0,340,0,0,0,9398793321549668000,110005223790118204,110005223790118204,3568645608661179180,12756742665836153756,9626564134315172667
84,5,712,8,10,0.041552,17135.11,0.026162,27214.86,0.021287,33447.53,0.023168,30732.16,0.027803,25608.56,0.026374,26996.74,0.029896,23815.56,0.041703,0.004254,0.004066,0.026374,0.076395,0.002884,4,67727,67727,274168,522,0,0,0,722,0,0,0,416,0,0,0,246,0,0,0,231,0,0,0,277,0,0,0,10889660633200444845,10889660633200444845,10889660633200444845,11993740516192135544,14817220394738005307,8378608527232612882
85,5,1072,8,10,0.116929,9167.98,0.079476,13488.30,0.063516,16877.61,0.075789,14144.62,0.079499,13484.38,0.077873,13766.09,0.083547,12831.04,0.117205,0.005427,0.008441,0.077873,0.208947,0.004019,2,91622,91642,869495,745,0,0,0,400,0,0,0,586,0,0,0,299,0,0,0,455,0,0,0,278,0,0,0,3846383759679655429,1897590818506287305,1897590818506287305,42333784074981755,8687241363035300526,15012328082572689908
86,5,775,8,10,0.051890,14935.50,0.027920,27757.39,0.022266,34805.91,0.023892,32436.97,0.027214,28477.80,0.020427,37939.43,0.030865,25109.37,0.050772,0.006401,0.010945,0.020427,0.088545,0.004015,1,102868,102858,363994,601,0,0,0,884,0,0,0,417,0,0,0,319,0,0,0,364,0,0,0,265,0,0,0,9939622090001661079,6430429403252932198,6430429403252932198,11218120237306808372,11779219059566769773,1189759572654703880
87,5,790,8,10,0.058142,13587.36,0.032169,24558.16,0.021140,37370.47,0.027412,28819.63,0.033270,23745.07,0.026894,29374.90,0.034962,22595.99,0.058618,0.004283,0.004329,0.026894,0.094123,0.003153,4,78213,78183,388041,550,0,0,0,737,0,0,0,412,0,0,0,236,0,0,0,229,0,0,0,255,0,0,0,16269527561744620489,16269527561744620489,16269527561744620489,8310169284466736295,4538579127988536628,14156186400461386152
88,5,788,8,10,0.061718,12767.68,0.034063,23133.89,0.028356,27789.38,0.024246,32500.06,0.034084,23119.42,0.018820,41870.29,0.034356,22936.40,0.061863,0.004485,0.008350,0.018820,0.093518,0.003642,1,77516,77491,362567,473,0,0,0,883,0,0,0,397,0,0,0,249,0,0,0,397,0,0,0,308,0,0,0,8475053144617018746,8475053144617018746,8475053144617018746,13530722383049772644,1759563349505994593,8779409964663233575
89,5,804,8,10,0.029599,27162.63,0.013841,58086.44,0.012495,64347.48,0.012888,62385.97,0.014941,53812.94,0.014036,57283.00,0.016577,48502.09,0.029800,0.003962,0.007224,0.014036,0.055022,0.002778,1,64849,64834,288331,297,0,0,0,429,0,0,0,285,0,0,0,184,0,0,0,251,0,0,0,178,0,0,0,17364873351050152831,17364873351050152831,17364873351050152831,6015309793568317454,16790895385635274194,7944916495523226569
90,5,938,8,10,0.046627,20117.27,0.021651,43323.71,0.019032,49285.29,0.021814,43000.30,0.021776,43074.69,0.021768,43090.83,0.023511,39896.24,0.045759,0.006040,0.004699,0.021768,0.078266,0.003554,4,82892,82862,566977,660,0,0,0,770,0,0,0,425,0,0,0,283,0,0,0,333,0,0,0,341,0,0,0,5057503694154616538,8428331896234418489,8428331896234418489,9856547235567485676,311742152309512994,12878202941106141715
91,5,1052,8,10,0.074056,14205.50,0.053330,19726.17,0.038467,27348.34,0.038471,27345.38,0.054925,19153.42,0.053720,19582.89,0.055494,18956.95,0.074390,0.005083,0.004716,0.053720,0.137910,0.003882,5,90344,90359,504147,895,0,0,0,1138,0,0,0,741,0,0,0,445,0,0,0,459,0,0,0,504,0,0,0,17951569452296584350,17951569452296584350,17951569452296584350,10617378087693880316,7258122120583805090,9944707051727266430
92,5,849,8,10,0.044320,19155.95,0.021513,39464.70,0.019845,42780.50,0.020733,40949.19,0.023829,35629.33,0.023688,35840.29,0.024271,34979.70,0.044511,0.004354,0.005786,0.023688,0.078339,0.003150,4,75641,75641,383380,651,0,0,0,902,0,0,0,483,0,0,0,386,0,0,0,323,0,0,0,306,0,0,0,2044481724421717123,5760034341962607586,5760034341962607586,14032537923726652476,7914772853099802532,763180731939935582
93,5,832,8,10,0.051207,16247.71,0.027330,30442.55,0.022532,36925.57,0.022768,36542.23,0.028156,29549.47,0.022812,36471.64,0.030212,27538.53,0.051645,0.004794,0.008194,0.022812,0.087445,0.003233,1,75236,75211,485520,717,0,0,0,909,0,0,0,563,0,0,0,445,0,0,0,624,0,0,0,376,0,0,0,11561601856879428659,2556894926343371302,2556894926343371302,12168533890714711672,15381327162319890767,12935357333738450122
94,5,775,8,10,0.035472,21848.32,0.019554,39634.06,0.017041,45478.06,0.020075,38604.91,0.021367,36271.68,0.019980,38788.74,0.022311,34736.22,0.035873,0.004429,0.007811,0.019980,0.068093,0.003021,1,72073,72043,269394,483,0,0,0,806,0,0,0,490,0,0,0,245,0,0,0,484,0,0,0,251,0,0,0,4935678799517033565,4935678799517033565,4935678799517033565,15766063352629052758,11501228691090448938,15588866977717633428
95,5,905,8,10,0.042775,21157.35,0.025298,35773.41,0.021721,41664.59,0.025087,36073.98,0.025451,35558.36,0.022982,39378.55,0.024075,37590.63,0.042788,0.006486,0.009511,0.022982,0.081767,0.004041,1,95303,95298,410002,678,0,0,0,1040,0,0,0,491,0,0,0,452,0,0,0,533,0,0,0,317,0,0,0,15803035324189930171,15803035324189930171,15803035324189930171,12728429907034722298,2267579987225472108,12834042764658129793
96,5,1043,8,10,0.041270,25272.84,0.022326,46717.61,0.020518,50834.10,0.023060,45229.66,0.023610,44175.80,0.022048,47306.47,0.025930,40223.83,0.041029,0.006103,0.007674,0.022048,0.076854,0.003642,2,87889,87864,509090,729,0,0,0,1250,0,0,0,470,0,0,0,417,0,0,0,378,0,0,0,292,0,0,0,9630165993898767760,3520435653120475070,3520435653120475070,11236353751972957775,13932805009896157723,13474169163153131918
97,5,1008,8,10,0.047273,21323.02,0.026493,38047.16,0.020929,48161.99,0.022599,44604.18,0.026216,38449.14,0.023545,42812.27,0.028835,34957.38,0.047193,0.005820,0.008271,0.023545,0.084829,0.004195,2,86618,86593,414126,878,0,0,0,959,0,0,0,605,0,0,0,409,0,0,0,545,0,0,0,355,0,0,0,9848113856361948462,9848113856361948462,9848113856361948462,5724826736278667617,2892490868928377980,16794001308359817280
98,5,865,8,10,0.055269,15650.66,0.024190,35758.45,0.016950,51033.04,0.019900,43468.11,0.024777,34911.84,0.019685,43942.60,0.025989,33282.98,0.054908,0.004845,0.008942,0.019685,0.088379,0.004000,1,93756,93761,387571,490,0,0,0,586,0,0,0,431,0,0,0,305,0,0,0,339,0,0,0,349,0,0,0,16465172092656552908,12865457880599385456,12865457880599385456,13794839291701852448,645868022888633643,15491514917605095118
99,5,861,8,10,0.047914,17969.78,0.023296,36958.41,0.022176,38825.62,0.025577,33663.18,0.025785,33391.79,0.024595,35006.56,0.026508,32480.97,0.048003,0.005503,0.004062,0.024595,0.082163,0.003595,5,86765,86740,430886,618,0,0,0,1036,0,0,0,520,0,0,0,402,0,0,0,410,0,0,0,321,0,0,0,2554910505804950066,2554910505804950066,2554910505804950066,6740592547317463386,14361928702005602121,595379050664122486
100,5,947,8,10,0.046584,20328.97,0.024582,38524.50,0.022678,41759.11,0.025331,37384.32,0.026295,36014.81,0.025988,36439.29,0.028754,32934.68,0.047923,0.005089,0.007159,0.025988,0.086159,0.003985,2,83861,83816,505578,727,0,0,0,1021,0,0,0,447,0,0,0,326,0,0,0,397,0,0,0,312,0,0,0,909385344902829283,909385344902829283,909385344902829283,8386948958396010247,267798907734926236,14657987600596195020
101,5,814,8,10,0.039298,20713.41,0.022939,35484.95,0.020802,39131.29,0.023972,33955.70,0.024132,33730.80,0.022354,36413.45,0.026207,31060.95,0.040319,0.003303,0.008558,0.022354,0.074534,0.003255,1,78326,78316,274624,706,0,0,0,989,0,0,0,448,0,0,0,327,0,0,0,407,0,0,0,265,0,0,0,13584737210133221843,15728921301844038948,15728921301844038948,4686224238931882203,119266453121718935,7119686420933616906
102,5,830,8,10,0.044144,18802.25,0.021460,38676.40,0.020211,41066.61,0.027236,30474.75,0.027932,29714.97,0.028287,29342.40,0.027742,29918.18,0.043517,0.005793,0.007273,0.028287,0.084870,0.003908,2,82965,82945,507859,567,0,0,0,808,0,0,0,536,0,0,0,302,0,0,0,385,0,0,0,466,0,0,0,11802555536603710468,11802555536603710468,11802555536603710468,14180191384637831397,11713413464432634758,16228379243887885162
103,5,724,8,10,0.038920,18602.12,0.022000,32908.95,0.019543,37045.60,0.024098,30044.51,0.024317,29773.44,0.024126,30009.55,0.025627,28251.65,0.039073,0.004512,0.007719,0.024126,0.075430,0.003408,1,72312,72307,305538,596,0,0,0,889,0,0,0,408,0,0,0,249,0,0,0,284,0,0,0,278,0,0,0,7816681859208695086,15601837675194629106,15601837675194629106,11262748585185940500,1274841036356339288,6996150163760914654
104,5,909,8,10,0.048033,18924.35,0.021432,42413.18,0.020051,45334.18,0.024023,37839.10,0.023730,38305.98,0.020437,44478.29,0.025926,35061.90,0.048354,0.005587,0.009867,0.020437,0.084245,0.003904,1,93972,93967,484854,638,0,0,0,791,0,0,0,521,0,0,0,356,0,0,0,407,0,0,0,343,0,0,0,6125572729956711192,7743467700630407191,7743467700630407191,16530087721454536804,15215739436251336734,2726004185191231474
105,5,785,8,10,0.062867,12486.59,0.049573,15835.34,0.045588,17219.38,0.032846,23899.72,0.051324,15294.87,0.050220,15631.17,0.050401,15575.00,0.063037,0.005001,0.003560,0.050220,0.121818,0.003031,5,73831,73821,414171,522,0,0,0,918,0,0,0,474,0,0,0,355,0,0,0,283,0,0,0,259,0,0,0,2688157277357587223,2688157277357587223,2688157277357587223,2441222429156540429,4961568348188839690,12436142839799945247
106,5,871,8,10,0.071070,12255.54,0.050228,17340.94,0.035124,24798.16,0.034637,25146.65,0.059697,14590.40,0.048528,17948.38,0.062070,14032.58,0.071937,0.007259,0.008518,0.048528,0.136241,0.004019,2,89100,89080,578308,540,0,0,0,763,0,0,0,482,0,0,0,320,0,0,0,419,0,0,0,375,0,0,0,7133350464784131038,7133350464784131038,7133350464784131038,10969837006247955408,8618475128081625313,10896869164237776738
107,5,822,8,10,0.043942,18706.68,0.021511,38212.81,0.018490,44456.41,0.020823,39475.00,0.021892,37548.22,0.020881,39366.26,0.023591,34843.55,0.044415,0.004904,0.007390,0.020881,0.077590,0.003214,2,74780,74765,411641,528,0,0,0,796,0,0,0,575,0,0,0,355,0,0,0,456,0,0,0,441,0,0,0,16631072796044862324,17094205009567420777,17094205009567420777,18374784936744645161,3836913941850824797,15014244915482588227
108,5,813,8,10,0.044634,18214.77,0.026821,30312.41,0.024694,32923.43,0.028129,28902.21,0.028589,28437.67,0.026540,30632.57,0.027170,29922.35,0.044996,0.004944,0.008189,0.026540,0.084669,0.003482,2,79903,79873,417044,582,0,0,0,779,0,0,0,554,0,0,0,414,0,0,0,476,0,0,0,327,0,0,0,8068700843883361952,10260456397247475662,10260456397247475662,1212576422592578798,5633800450583790076,15673520788108349764
109,5,737,8,10,0.043037,17124.71,0.020859,35332.94,0.018348,40167.89,0.022436,32849.08,0.021774,33847.72,0.020283,36335.82,0.025987,28359.89,0.043180,0.005917,0.009615,0.020283,0.078995,0.003796,1,88210,88195,391958,481,0,0,0,781,0,0,0,420,0,0,0,275,0,0,0,336,0,0,0,318,0,0,0,6478737104502256169,2717647142019109171,2717647142019109171,11791019998745460875,14549231276883937439,5410879810847239146
110,5,819,8,10,0.044902,18239.70,0.020191,40562.25,0.018994,43118.60,0.021046,38915.57,0.024153,33908.73,0.020358,40229.68,0.025264,32417.50,0.045501,0.005724,0.011098,0.020358,0.082682,0.005929,1,95263,95253,529548,584,0,0,0,744,0,0,0,461,0,0,0,350,0,0,0,368,0,0,0,262,0,0,0,9782669875696707430,16427839739509890547,16427839739509890547,6906402164046718204,14794462158055334568,4527482897287049
111,5,786,8,10,0.046684,16836.51,0.029951,26242.95,0.026333,29848.80,0.018640,42167.37,0.035541,22115.09,0.023822,32995.13,0.030445,25817.40,0.047636,0.004664,0.006466,0.023822,0.082589,0.003692,2,64275,64260,309648,584,0,0,0,599,0,0,0,366,0,0,0,329,0,0,0,380,0,0,0,277,0,0,0,13674123915408041013,4595080087949419471,4595080087949419471,18005059859974285064,329175286740069363,5277584977033589648
112,5,898,8,10,0.047695,18827.93,0.022033,40756.57,0.021306,42146.77,0.023893,37584.31,0.025246,35570.37,0.023606,38041.22,0.028166,31882.49,0.047404,0.006923,0.008867,0.023606,0.086800,0.004644,4,90441,90436,632591,582,0,0,0,855,0,0,0,353,0,0,0,312,0,0,0,286,0,0,0,280,0,0,0,4336618779246505784,8479042789458410829,8479042789458410829,3646304523683643078,16842674789482075515,8991718204561935861
113,5,698,8,10,0.031879,21895.42,0.016454,42421.66,0.016064,43451.87,0.016963,41149.00,0.018269,38207.25,0.016921,41251.14,0.018084,38596.86,0.031775,0.003618,0.006543,0.016921,0.058857,0.002643,1,57458,57438,282484,412,0,0,0,627,0,0,0,307,0,0,0,229,0,0,0,332,0,0,0,195,0,0,0,15135447455572233696,17461660766517179739,17461660766517179739,7569794480641383273,76614458279495621,10102582348447313685
114,5,905,8,10,0.049872,18146.48,0.023257,38912.82,0.019711,45914.05,0.019684,45976.89,0.024325,37204.16,0.022408,40387.70,0.025106,36046.98,0.050700,0.006328,0.009014,0.022408,0.088450,0.004360,2,92927,92927,438706,460,0,0,0,828,0,0,0,767,0,0,0,767,0,0,0,710,0,0,0,388,0,0,0,18288056063304901162,16383149377652824973,16383149377652824973,7182221509829237533,5641451867260372894,17685413159641347879
115,5,838,8,10,0.065612,12772.00,0.034636,24194.71,0.022398,37414.75,0.021806,38430.16,0.034236,24476.97,0.030066,27872.35,0.035049,23909.28,0.066190,0.004518,0.003821,0.030066,0.104595,0.003745,5,74885,74885,617135,616,0,0,0,739,0,0,0,588,0,0,0,357,0,0,0,318,0,0,0,395,0,0,0,8883567003359206687,8883567003359206687,8883567003359206687,604993158174081190,6886668696026761263,3247056480014283349
116,5,725,8,10,0.044789,16186.90,0.024833,29195.16,0.016856,43011.68,0.023223,31219.40,0.026029,27853.99,0.020351,35624.59,0.026716,27137.63,0.045573,0.005077,0.005116,0.020351,0.076117,0.003001,3,68649,68624,395192,515,0,0,0,663,0,0,0,483,0,0,0,307,0,0,0,384,0,0,0,360,0,0,0,633152214309118099,633152214309118099,633152214309118099,4155552995635183705,12840422686162429100,6784791970916181191
117,5,843,8,10,0.064324,13105.55,0.039909,21122.89,0.034197,24651.35,0.027436,30726.00,0.036596,23035.54,0.030798,27371.79,0.039805,21178.04,0.065026,0.006157,0.004658,0.030798,0.106639,0.003711,5,83611,83591,518757,763,0,0,0,936,0,0,0,499,0,0,0,312,0,0,0,344,0,0,0,374,0,0,0,9739351307401316890,4324464286395660252,4324464286395660252,5738462786082993794,10275438527659897544,12647956571495770198
118,5,734,8,10,0.040030,18336.15,0.025408,28888.09,0.016714,43915.90,0.020096,36525.07,0.026714,27475.91,0.022128,33170.38,0.028295,25941.00,0.040117,0.004611,0.006891,0.022128,0.073748,0.003094,2,72848,72838,294084,589,0,0,0,831,0,0,0,352,0,0,0,268,0,0,0,401,0,0,0,238,0,0,0,1910438441597287412,1910438441597287412,1910438441597287412,16838740349694590435,6628969424168023398,3100556560667115719
119,5,1000,8,10,0.043450,23015.19,0.020300,49261.52,0.019183,52128.98,0.020567,48621.24,0.021637,46217.60,0.019899,50252.66,0.023548,42466.92,0.043940,0.006262,0.010491,0.019899,0.080593,0.004116,1,97913,97923,462005,620,0,0,0,871,0,0,0,580,0,0,0,357,0,0,0,601,0,0,0,331,0,0,0,2192809437079600414,2192809437079600414,2192809437079600414,1026858898045983621,4797349340238086165,3258549896729129315
120,5,682,8,10,0.034744,19629.34,0.015384,44330.66,0.013028,52350.50,0.015260,44692.30,0.016416,41543.95,0.015488,44035.25,0.017773,38373.04,0.035180,0.005031,0.005698,0.015488,0.061396,0.003147,2,74794,74799,379661,405,0,0,0,578,0,0,0,345,0,0,0,253,0,0,0,272,0,0,0,243,0,0,0,18091573116991140958,18091573116991140958,18091573116991140958,12259603460793767534,7869099732245583847,4932434218985913247
121,5,998,8,10,0.042579,23438.97,0.019033,52434.65,0.018577,53721.40,0.021569,46270.81,0.022041,45279.11,0.020881,47794.31,0.023767,41990.91,0.043028,0.005663,0.006138,0.020881,0.075710,0.003594,3,82972,82942,554132,679,0,0,0,1092,0,0,0,484,0,0,0,305,0,0,0,467,0,0,0,310,0,0,0,11889437654452420953,11889437654452420953,11889437654452420953,7656876728384119208,13142710739767397799,12835569947225314434
122,5,743,8,10,0.035262,21071.00,0.017942,41411.04,0.016926,43898.17,0.019659,37793.99,0.020484,36272.87,0.018418,40341.84,0.022896,32451.29,0.035383,0.005331,0.007507,0.018418,0.066639,0.002980,1,67882,67887,352602,506,0,0,0,827,0,0,0,432,0,0,0,242,0,0,0,372,0,0,0,324,0,0,0,12323903687577857068,5269094292310382475,5269094292310382475,7890176011051992363,6270876090451361181,15640465235752750961
123,5,829,8,10,0.062053,13359.47,0.037919,21862.56,0.029566,28039.06,0.029334,28261.12,0.041703,19878.81,0.029570,28035.53,0.042036,19721.29,0.062364,0.005380,0.006826,0.029570,0.104139,0.003443,2,78343,78353,493600,579,0,0,0,846,0,0,0,344,0,0,0,311,0,0,0,357,0,0,0,269,0,0,0,15919800653281949508,15919800653281949508,15919800653281949508,16875906702053412022,7372421756793546357,15755294545905493198
124,5,823,8,10,0.071167,11564.43,0.038870,21173.31,0.027935,29461.42,0.030939,26600.36,0.033707,24416.15,0.022390,36757.28,0.044326,18567.13,0.071389,0.005040,0.008587,0.022390,0.107406,0.003258,1,77462,77472,377330,433,0,0,0,615,0,0,0,398,0,0,0,237,0,0,0,321,0,0,0,310,0,0,0,986326876083765210,986326876083765210,986326876083765210,2455466664575177669,17729200326327915650,62733967511489646
125,5,971,8,10,0.049114,19770.25,0.023588,41164.38,0.020939,46372.77,0.025931,37444.85,0.028458,34120.28,0.025371,38272.08,0.027575,35213.09,0.049527,0.006561,0.010179,0.025371,0.091637,0.004325,1,98573,98508,415730,669,0,0,0,894,0,0,0,374,0,0,0,350,0,0,0,504,0,0,0,298,0,0,0,8521385089452029890,10024391839976132276,10024391839976132276,6454559553181789213,12422094558446639947,17535722832131444065
126,5,736,8,10,0.038304,19214.89,0.018686,39387.47,0.016756,43925.19,0.021021,35012.97,0.022771,32321.13,0.021517,34205.93,0.024153,30472.00,0.038185,0.005543,0.007140,0.021517,0.072384,0.003412,2,78929,78904,364702,515,0,0,0,713,0,0,0,390,0,0,0,263,0,0,0,318,0,0,0,187,0,0,0,91163479456849652,13689943274013061795,13689943274013061795,16871834132374478146,15333303539520598593,4817669723090338185
127,5,861,8,10,0.041843,20577.13,0.021324,40377.16,0.020938,41121.85,0.025632,33590.21,0.026677,32274.92,0.023850,36099.94,0.029281,29404.92,0.041781,0.005929,0.008281,0.023850,0.079841,0.004089,1,82323,82318,488896,600,0,0,0,910,0,0,0,364,0,0,0,343,0,0,0,391,0,0,0,394,0,0,0,11910796223819396436,11910796223819396436,11910796223819396436,16877882342910141744,8498291972185538716,8356434224674244762
128,5,731,8,10,0.052300,13977.10,0.023681,30868.35,0.019371,37736.00,0.028846,25341.20,0.035774,20434.07,0.032814,22276.92,0.037695,19392.30,0.051928,0.005811,0.008824,0.032814,0.099378,0.004158,1,83799,83764,275571,610,0,0,0,860,0,0,0,309,0,0,0,295,0,0,0,410,0,0,0,242,0,0,0,7318976716035931501,12698490020517913518,12698490020517913518,6478192328312386470,10979566017338980575,15695561330049510627
129,5,769,8,10,0.032260,23837.71,0.018166,42331.42,0.017453,44062.29,0.018517,41529.27,0.019642,39151.12,0.019005,40462.67,0.021778,35311.65,0.032509,0.004638,0.003457,0.019005,0.059609,0.002918,5,66021,66011,354719,492,0,0,0,727,0,0,0,328,0,0,0,278,0,0,0,227,0,0,0,201,0,0,0,14439799920569432845,14439799920569432845,14439799920569432845,6401735515854146696,1986851748200138967,10627357580648148924
130,5,882,8,10,0.049303,17889.25,0.028185,31293.48,0.026580,33183.19,0.028462,30989.09,0.031073,28384.65,0.028328,31135.47,0.029714,29683.31,0.050132,0.005583,0.006886,0.028328,0.090929,0.003811,3,88678,88643,534361,772,0,0,0,1082,0,0,0,592,0,0,0,439,0,0,0,436,0,0,0,272,0,0,0,5464764447562252165,4923439574339263383,4923439574339263383,14649266005256476616,16154706921419729849,9443181105828208482
131,5,748,8,10,0.047623,15706.54,0.020683,36164.42,0.015218,49151.45,0.017865,41868.90,0.021973,34041.85,0.020901,35787.43,0.022991,32535.02,0.047635,0.004826,0.003971,0.020901,0.077333,0.003786,4,71616,71576,238616,445,0,0,0,538,0,0,0,458,0,0,0,252,0,0,0,215,0,0,0,187,0,0,0,6163818294559268227,3509173463831641312,3509173463831641312,10694445163527590598,12094312384536402533,11914139349824059286
132,5,895,8,10,0.065250,13716.45,0.030161,29674.53,0.021163,42291.28,0.030907,28958.23,0.032774,27308.59,0.037378,23944.46,0.037345,23965.75,0.066251,0.005524,0.008935,0.037378,0.118089,0.004230,2,94527,94537,484926,686,0,0,0,857,0,0,0,320,0,0,0,240,0,0,0,361,0,0,0,217,0,0,0,17957684650597942211,17957684650597942211,17957684650597942211,13961689913012108994,10357449106585763051,15496710899335212556
133,5,718,8,10,0.052775,13604.85,0.025175,28520.61,0.022426,32016.10,0.018396,39029.76,0.028152,25504.72,0.020098,35724.98,0.029064,24703.74,0.053767,0.004430,0.006285,0.020098,0.084581,0.002936,2,68554,68544,347422,468,0,0,0,714,0,0,0,328,0,0,0,249,0,0,0,293,0,0,0,265,0,0,0,9901600210261182785,5435070853972483704,5435070853972483704,4848803273737907914,2611087511874134287,7987779922638534004
134,5,887,8,10,0.056588,15674.64,0.031204,28425.78,0.020159,44000.38,0.023427,37863.07,0.033155,26753.39,0.022717,39045.34,0.032813,27032.04,0.056929,0.005444,0.008487,0.022717,0.093577,0.003867,5,85632,85552,504780,645,0,0,0,854,0,0,0,371,0,0,0,252,0,0,0,267,0,0,0,349,0,0,0,7383065467667332733,7383065467667332733,7383065467667332733,15189916563370267245,5338543858524412956,16244363508669307368
135,5,836,8,10,0.056296,14850.19,0.032430,25778.53,0.030749,27187.88,0.028140,29708.15,0.033727,24787.59,0.031461,26572.72,0.034488,24240.53,0.056463,0.004860,0.007313,0.031461,0.100097,0.003365,2,76827,76792,447481,678,0,0,0,1088,0,0,0,494,0,0,0,363,0,0,0,589,0,0,0,288,0,0,0,2251197831351854483,13037730437253084032,13037730437253084032,5127433684125623752,15179182040892985579,17849558431131912385
136,5,637,8,10,0.026761,23802.90,0.013208,48228.00,0.012302,51778.52,0.014739,43218.64,0.015680,40625.65,0.014627,43550.69,0.017495,36411.11,0.027096,0.003998,0.006696,0.014627,0.052417,0.002408,1,57193,57173,185489,325,0,0,0,517,0,0,0,335,0,0,0,188,0,0,0,283,0,0,0,178,0,0,0,1562849560998160853,1562849560998160853,1562849560998160853,6054278785322088005,17046193267992130153,12255745267672969957
137,5,1006,8,10,0.057281,17562.50,0.030649,32822.81,0.030789,32674.25,0.032482,30971.46,0.034017,29573.55,0.029263,34377.31,0.032170,31271.49,0.057634,0.007030,0.011434,0.029263,0.105362,0.004783,1,104956,104951,637856,627,0,0,0,996,0,0,0,715,0,0,0,474,0,0,0,794,0,0,0,441,0,0,0,15320052778859505765,3085891252178988629,3085891252178988629,8000952872778740305,3649557336448798615,6938584068933152107
138,5,941,8,10,0.046811,20102.25,0.021599,43567.31,0.018983,49571.54,0.021465,43839.70,0.023713,39682.91,0.022643,41558.16,0.026637,35327.38,0.047221,0.005620,0.004112,0.022643,0.079596,0.003538,5,81944,81944,293179,520,0,0,0,798,0,0,0,402,0,0,0,249,0,0,0,215,0,0,0,272,0,0,0,4805188192304287863,9098058573729054903,9098058573729054903,16220049643067983242,9698823871995074201,18034078881859339878
139,5,710,8,10,0.047539,14935.00,0.030012,23657.23,0.013079,54285.35,0.018946,37475.63,0.028247,25134.98,0.019654,36125.82,0.031169,22778.98,0.047705,0.005030,0.007572,0.019654,0.079960,0.003612,1,75599,75579,215950,445,0,0,0,585,0,0,0,279,0,0,0,182,0,0,0,268,0,0,0,214,0,0,0,302055184293411982,2476137307533240975,2476137307533240975,3780438713715253124,8508199082715160286,7010508889796866689
140,5,1034,8,10,0.055956,18478.75,0.029933,34543.43,0.028553,36213.55,0.031225,33114.94,0.033543,30825.84,0.031751,32565.43,0.035516,29113.59,0.056928,0.007212,0.007844,0.031751,0.103736,0.005315,3,109463,109463,659294,942,0,0,0,1387,0,0,0,560,0,0,0,493,0,0,0,501,0,0,0,316,0,0,0,16746354294776260595,718145198773821034,718145198773821034,2185118991979806429,17550203578128658521,2332676317698427929
141,5,714,8,10,0.041298,17288.88,0.020501,34826.89,0.018661,38261.38,0.021971,32497.26,0.022815,31295.74,0.019943,35802.49,0.024079,29652.01,0.041331,0.004956,0.007152,0.019943,0.073382,0.002984,1,72093,72103,418367,570,0,0,0,826,0,0,0,425,0,0,0,286,0,0,0,302,0,0,0,324,0,0,0,5504979045539245197,5504979045539245197,5504979045539245197,14337701450670566267,10561474585837216897,2616949743618657535
142,5,703,8,10,0.027559,25508.95,0.016651,42219.63,0.014373,48911.93,0.016014,43898.39,0.016693,42113.73,0.014930,47085.49,0.016912,41569.03,0.027988,0.003822,0.006592,0.014930,0.053332,0.002621,1,59749,59739,301145,493,0,0,0,631,0,0,0,215,0,0,0,189,0,0,0,267,0,0,0,162,0,0,0,16652341761340900602,16652341761340900602,16652341761340900602,13476555456193871274,9502179491847114655,3289223161119117283
143,5,931,8,10,0.052310,17797.62,0.025642,36307.75,0.024997,37244.82,0.030498,30526.77,0.032214,28900.42,0.029219,31862.87,0.034076,27321.21,0.052841,0.006385,0.008173,0.029219,0.096618,0.004422,2,104978,104973,450313,756,0,0,0,1095,0,0,0,526,0,0,0,335,0,0,0,416,0,0,0,336,0,0,0,14262136656842816253,14262136656842816253,14262136656842816253,5458390269948090436,11199981895949126491,15940009070572381734
144,5,860,8,10,0.047447,18125.31,0.026750,32149.49,0.026343,32645.74,0.028100,30604.51,0.029695,28961.35,0.026248,32763.86,0.032454,26499.42,0.048140,0.006365,0.005241,0.026248,0.085995,0.003895,4,91401,91426,488379,770,0,0,0,1031,0,0,0,432,0,0,0,304,0,0,0,297,0,0,0,293,0,0,0,2785743376523547198,2785743376523547198,2785743376523547198,9897366062736120906,3073695735234798568,3946116787283294959
145,5,727,8,10,0.050504,14394.86,0.030012,24223.87,0.019394,37485.10,0.031297,23228.82,0.033015,22020.37,0.031497,23081.57,0.032399,22439.10,0.051278,0.005043,0.004278,0.031497,0.092095,0.003164,4,71626,71631,392976,583,0,0,0,903,0,0,0,584,0,0,0,356,0,0,0,340,0,0,0,320,0,0,0,10866067581029846316,9586047970999635813,9586047970999635813,10232342869409906579,3810747089926610301,9499650519023449930
146,5,806,8,10,0.047468,16980.03,0.021816,36946.06,0.017491,46081.23,0.021957,36708.04,0.022439,35919.37,0.020784,38780.70,0.024657,32688.43,0.047302,0.005524,0.007071,0.020784,0.080681,0.003378,2,80810,80795,471937,568,0,0,0,761,0,0,0,547,0,0,0,278,0,0,0,321,0,0,0,271,0,0,0,12681331515516596550,12681331515516596550,12681331515516596550,126571708396735530,9306793790648599749,33131506414514752
147,5,719,8,10,0.031075,23137.79,0.016057,44777.93,0.014335,50155.53,0.018828,38188.67,0.019534,36808.54,0.017024,42235.18,0.020831,34516.18,0.031711,0.003628,0.005377,0.017024,0.057740,0.002729,2,63216,63221,219884,466,0,0,0,586,0,0,0,427,0,0,0,194,0,0,0,249,0,0,0,227,0,0,0,6895119946275913368,3196658043611076128,3196658043611076128,4213222477369216331,14353730097306633291,16279322525103980352
148,5,1078,8,10,0.055434,19446.46,0.028898,37303.42,0.026104,41297.13,0.029419,36643.36,0.031989,33698.97,0.031922,33770.15,0.030136,35770.97,0.055290,0.007523,0.005712,0.031922,0.100447,0.006551,4,97831,97786,659737,801,0,0,0,1185,0,0,0,548,0,0,0,495,0,0,0,529,0,0,0,394,0,0,0,17149548923485852922,8453614212247013936,8453614212247013936,5093607076603871232,16948714911282037281,4326173159637972013
149,5,937,8,10,0.059793,15670.69,0.033990,27566.87,0.023597,39707.94,0.024143,38810.82,0.034873,26868.54,0.019613,47775.43,0.036234,25859.55,0.060162,0.005635,0.009141,0.019613,0.094550,0.004271,1,87071,87046,379407,542,0,0,0,734,0,0,0,423,0,0,0,273,0,0,0,391,0,0,0,328,0,0,0,3806526632202680424,2007932818624728014,2007932818624728014,9057937930773808811,7860931168050681221,712227967920891986
150,5,695,8,10,0.042976,16171.80,0.022628,30713.70,0.015812,43954.26,0.018680,37205.85,0.021951,31661.18,0.020577,33774.84,0.022739,30563.68,0.043372,0.004086,0.004387,0.020577,0.072422,0.003004,4,67679,67649,246660,433,0,0,0,676,0,0,0,362,0,0,0,256,0,0,0,251,0,0,0,237,0,0,0,18172920271707951420,18172920271707951420,18172920271707951420,14215232778120599204,10894493734142547196,13103252576259529998
151,5,832,8,10,0.050418,16502.13,0.024056,34586.00,0.023586,35275.02,0.026270,31671.32,0.029689,28023.83,0.025187,33033.20,0.031155,26705.58,0.050961,0.005032,0.009215,0.025187,0.090394,0.003900,1,83702,83677,570806,741,0,0,0,1011,0,0,0,499,0,0,0,315,0,0,0,439,0,0,0,305,0,0,0,4840888268523193527,11744413355202066726,11744413355202066726,17583598910866316662,6767188276918282917,6797982029207244019
152,5,804,8,10,0.046469,17301.76,0.022154,36290.69,0.018588,43253.99,0.020865,38534.20,0.023162,34711.60,0.021321,37709.92,0.024607,32673.68,0.046490,0.004832,0.004480,0.021321,0.077123,0.003797,4,79268,79273,281545,492,0,0,0,807,0,0,0,358,0,0,0,224,0,0,0,239,0,0,0,258,0,0,0,5219241907998575234,7947466892667510985,7947466892667510985,10642733611328144126,10526554197732487709,17553182815875294151
153,5,786,8,10,0.049866,15762.26,0.030760,25552.37,0.019949,39401.18,0.022618,34751.55,0.030898,25438.49,0.021346,36822.68,0.030693,25608.42,0.050484,0.003948,0.007853,0.021346,0.083630,0.003434,1,71354,71334,393481,678,0,0,0,757,0,0,0,443,0,0,0,301,0,0,0,323,0,0,0,273,0,0,0,13771605296957337688,15767081386071178747,15767081386071178747,13248086963088833398,1443562263483671838,9796901165389014024
154,5,894,8,10,0.049151,18188.78,0.029960,29839.94,0.023858,37471.26,0.019363,46170.66,0.031453,28423.42,0.031010,28829.70,0.031926,28002.04,0.049878,0.004583,0.005588,0.031010,0.091060,0.004081,4,79883,79863,447823,610,0,0,0,798,0,0,0,303,0,0,0,326,0,0,0,340,0,0,0,324,0,0,0,16432327528276502646,16432327528276502646,16432327528276502646,18128515279725295085,10178083009377951507,12553928136987279183
155,5,793,8,10,0.040712,19478.35,0.021235,37344.38,0.019970,39709.76,0.024864,31893.78,0.025441,31170.09,0.022970,34522.90,0.025909,30607.64,0.040334,0.005410,0.008635,0.022970,0.077350,0.003362,1,76954,76959,488427,584,0,0,0,981,0,0,0,433,0,0,0,325,0,0,0,360,0,0,0,290,0,0,0,12953610607042717318,12953610607042717318,12953610607042717318,11847824982140631808,5267409493254206364,13780258048467237991
156,5,974,8,10,0.054097,18004.66,0.024363,39978.21,0.020026,48635.74,0.024366,39974.34,0.031644,30779.83,0.025785,37774.33,0.032975,29537.76,0.054673,0.005823,0.009945,0.025785,0.096225,0.004041,1,92929,92889,393241,628,0,0,0,836,0,0,0,384,0,0,0,220,0,0,0,389,0,0,0,228,0,0,0,16703698811359677757,5981245183479247807,5981245183479247807,3770741908332519092,16196125088270562423,4585420438068732509
157,5,787,8,10,0.036943,21303.35,0.020601,38201.56,0.013440,58558.02,0.017261,45592.87,0.020688,38041.13,0.016300,48280.85,0.023113,34050.57,0.036994,0.004707,0.008054,0.016300,0.066056,0.003112,1,67167,67157,341662,356,0,0,0,492,0,0,0,276,0,0,0,133,0,0,0,229,0,0,0,177,0,0,0,13182174322164797841,14707463067157876699,14707463067157876699,11065225278881538556,4874466364589406225,6211671377948318290
158,5,1033,8,10,0.044880,23017.04,0.020503,50383.38,0.019440,53138.34,0.024158,42759.60,0.025489,40527.51,0.021914,47139.10,0.026506,38972.73,0.045183,0.006507,0.009624,0.021914,0.083227,0.004450,1,85880,85860,548601,653,0,0,0,865,0,0,0,616,0,0,0,406,0,0,0,460,0,0,0,405,0,0,0,10158377367977940068,6086165953132645903,6086165953132645903,4173547259912582744,10939718595760701119,11852046418033707965
159,5,1112,8,10,0.044424,25031.55,0.021528,51654.70,0.020719,53671.10,0.024888,44680.23,0.024705,45010.58,0.023525,47269.50,0.026236,42385.28,0.044447,0.006083,0.010192,0.023525,0.084247,0.004478,1,90166,90171,464910,872,0,0,0,957,0,0,0,631,0,0,0,433,0,0,0,525,0,0,0,409,0,0,0,14177294156986067576,10982676195744186827,10982676195744186827,3102831142692490630,11936968454869467762,11864233181888684739
160,5,752,8,10,0.040821,18422.04,0.022425,33533.39,0.018438,40784.42,0.019838,37906.16,0.024384,30839.58,0.023710,31715.96,0.025316,29705.08,0.041192,0.004645,0.004225,0.023710,0.073773,0.003175,4,70339,70324,468816,515,0,0,0,799,0,0,0,444,0,0,0,316,0,0,0,339,0,0,0,297,0,0,0,964581495582345369,9551224634318206009,9551224634318206009,10686602169069272600,2019457987381426889,13301417092918712844
161,5,847,8,10,0.044070,19219.49,0.021046,40245.83,0.019687,43023.74,0.026171,32364.00,0.026429,32048.64,0.026677,31750.70,0.030604,27675.90,0.044527,0.004804,0.004716,0.026677,0.080722,0.003373,4,80695,80670,399965,576,0,0,0,882,0,0,0,546,0,0,0,266,0,0,0,287,0,0,0,419,0,0,0,14030176737297445076,14030176737297445076,14030176737297445076,13445272297307397847,5101563307865088977,2689192656650890981
162,5,809,8,10,0.038582,20968.54,0.020035,40379.83,0.017559,46071.93,0.022036,36713.31,0.023926,33812.86,0.022474,35996.84,0.026766,30224.58,0.039714,0.003943,0.006834,0.022474,0.072966,0.003157,2,72353,72303,371914,614,0,0,0,804,0,0,0,362,0,0,0,298,0,0,0,294,0,0,0,246,0,0,0,7400841853920581939,14679353086042412119,14679353086042412119,14302682157440383218,6770653312358413482,15477892590445983201
163,5,805,8,10,0.040624,19816.08,0.022308,36086.06,0.020732,38829.30,0.022193,36272.24,0.024214,33245.58,0.023845,33759.62,0.025317,31796.53,0.040692,0.005782,0.008297,0.023845,0.078616,0.003353,1,76920,76925,386050,516,0,0,0,788,0,0,0,415,0,0,0,286,0,0,0,446,0,0,0,284,0,0,0,5832029602127810245,5832029602127810245,5832029602127810245,4834638488739570218,21285958426044084,10363235249765721548
164,5,884,8,10,0.044650,19798.30,0.021568,40986.81,0.020493,43136.41,0.019827,44585.44,0.021791,40567.07,0.020142,43888.86,0.023980,36864.64,0.044732,0.006117,0.008753,0.020142,0.079743,0.003757,1,85469,85469,521804,605,0,0,0,810,0,0,0,500,0,0,0,329,0,0,0,400,0,0,0,351,0,0,0,13984706782264284607,13984706782264284607,13984706782264284607,4339066281552831454,2038323605403223376,6857188246203695186
165,5,792,8,10,0.050612,15648.38,0.026113,30329.80,0.016111,49158.83,0.016630,47625.42,0.025300,31304.47,0.023574,33596.69,0.027961,28324.71,0.050603,0.005350,0.004450,0.023574,0.083977,0.003350,3,75021,75021,465903,432,0,0,0,452,0,0,0,378,0,0,0,264,0,0,0,308,0,0,0,212,0,0,0,16168201825200372136,15009603950011921141,15009603950011921141,7151086653030856193,9198944340592500939,7315904317651948530
166,5,697,8,10,0.048348,14416.21,0.025857,26955.62,0.018901,36876.75,0.021373,32611.24,0.028314,24616.97,0.027497,25348.61,0.032100,21713.55,0.049143,0.004056,0.004493,0.027497,0.085189,0.003029,4,70307,70317,443052,507,0,0,0,709,0,0,0,330,0,0,0,266,0,0,0,245,0,0,0,364,0,0,0,3249511941569853438,3249511941569853438,3249511941569853438,15608194730905926152,7040550493171306164,8964045380908467190
167,5,799,8,10,0.083635,9553.45,0.062938,12695.12,0.044105,18116.06,0.033426,23903.23,0.051839,15413.17,0.044744,17857.18,0.065789,12144.97,0.083474,0.004970,0.003972,0.044744,0.137160,0.003012,5,70893,70868,425274,487,0,0,0,566,0,0,0,348,0,0,0,236,0,0,0,210,0,0,0,203,0,0,0,12797722902293927306,8594150568514259022,8594150568514259022,999535786592978170,1205886889065959540,5688427048735837528
168,5,930,8,10,0.051256,18144.16,0.027577,33723.62,0.020661,45011.55,0.022237,41822.57,0.029158,31894.79,0.021229,43807.06,0.029302,31738.00,0.051880,0.004877,0.008422,0.021229,0.086408,0.003356,1,78682,78677,579064,647,0,0,0,912,0,0,0,607,0,0,0,433,0,0,0,489,0,0,0,314,0,0,0,16777594517903751649,13340016958435018155,13340016958435018155,17720380245774212406,10674508990423507640,15877522445283483157
169,5,781,8,10,0.058936,13251.64,0.032778,23826.66,0.019771,39501.31,0.022349,34946.42,0.033315,23442.91,0.032738,23855.77,0.036282,21526.03,0.059602,0.004516,0.005078,0.032738,0.101935,0.004828,5,77057,77037,285565,577,0,0,0,751,0,0,0,412,0,0,0,377,0,0,0,409,0,0,0,298,0,0,0,7178780557093483793,305187797454110591,305187797454110591,15651298160450006937,11089689799364787938,10357491452203098407
170,5,785,8,10,0.065084,12061.29,0.033078,23732.06,0.019538,40178.16,0.030820,25470.08,0.037989,20663.76,0.026966,29110.85,0.041248,19031.25,0.066862,0.003687,0.009553,0.026966,0.107067,0.003885,1,78628,78613,461868,406,0,0,0,502,0,0,0,378,0,0,0,222,0,0,0,394,0,0,0,215,0,0,0,15174275812233244319,3711436617958858339,3711436617958858339,10783350765230821279,17548675963292094952,9661017907756141123
171,5,850,8,10,0.044414,19138.29,0.020112,42262.42,0.019338,43955.90,0.020267,41940.47,0.022256,38192.35,0.021256,39988.08,0.024582,34578.37,0.044065,0.006483,0.009539,0.021256,0.081343,0.003746,1,83470,83465,409821,571,0,0,0,897,0,0,0,450,0,0,0,295,0,0,0,385,0,0,0,216,0,0,0,18322154318126891571,10712837055184203477,10712837055184203477,5438563349842832871,8343726060804491892,14231498912348501953
172,5,803,8,10,0.039594,20280.96,0.021811,36817.02,0.021710,36987.42,0.022411,35831.24,0.023969,33501.67,0.020195,39761.56,0.022483,35716.49,0.040472,0.005032,0.009457,0.020195,0.075156,0.003482,1,77024,77014,363208,751,0,0,0,1080,0,0,0,580,0,0,0,458,0,0,0,479,0,0,0,432,0,0,0,14165217241848250348,17362212423873151052,17362212423873151052,13791435319396994241,4742074522639245827,10955953877940558418
173,5,848,8,10,0.034849,24333.67,0.015934,53220.75,0.012515,67757.26,0.013864,61166.35,0.017411,48705.81,0.013788,61504.45,0.019168,44241.05,0.034861,0.004409,0.007483,0.013788,0.060540,0.003141,2,69895,69865,278914,336,0,0,0,420,0,0,0,228,0,0,0,191,0,0,0,263,0,0,0,165,0,0,0,15211643046716603123,10943197575403885863,10943197575403885863,7216932235548322690,6461659444795694286,5221290098576537612
174,5,943,8,10,0.062559,15073.72,0.033920,27800.63,0.024576,38370.90,0.030282,31141.10,0.038953,24208.71,0.029887,31552.06,0.041082,22954.01,0.062616,0.006036,0.008966,0.029887,0.107505,0.004499,2,94370,94345,541914,776,0,0,0,1091,0,0,0,631,0,0,0,424,0,0,0,458,0,0,0,483,0,0,0,1974920273257519333,1974920273257519333,1974920273257519333,12106396749661288498,938606878554187086,17427835607469875018
175,5,739,8,10,0.050866,14528.25,0.032121,23006.85,0.025109,29431.66,0.025911,28521.23,0.026735,27642.13,0.025605,28861.55,0.031621,23370.39,0.050518,0.005502,0.007833,0.025605,0.089459,0.003407,2,77748,77738,392069,414,0,0,0,840,0,0,0,484,0,0,0,225,0,0,0,408,0,0,0,240,0,0,0,17054032175938634270,1350103635803790773,1350103635803790773,3612265360066511341,16805334398791148386,12741220768443693118
176,5,847,8,10,0.042587,19888.66,0.020546,41223.84,0.019065,44427.33,0.021359,39656.32,0.022695,37321.20,0.021514,39369.01,0.024453,34637.30,0.042992,0.005200,0.003908,0.021514,0.073613,0.003353,5,78225,78250,485078,562,0,0,0,976,0,0,0,433,0,0,0,326,0,0,0,288,0,0,0,291,0,0,0,3521887356078237974,8116088299749344381,8116088299749344381,3613511815713931340,8911761968092160980,605358278080905057
177,5,623,8,10,0.043357,14368.99,0.020405,30531.97,0.013816,45092.16,0.019901,31305.71,0.021685,28729.59,0.017605,35387.52,0.024410,25522.69,0.044364,0.005317,0.006148,0.017605,0.073435,0.003340,2,77119,77089,442760,341,0,0,0,336,0,0,0,178,0,0,0,133,0,0,0,138,0,0,0,157,0,0,0,11544281630146645846,1229753329566075485,1229753329566075485,3588139264742079189,7597507824974071583,2929903980158427893
178,5,941,8,10,0.039984,23534.21,0.019229,48935.55,0.017903,52562.34,0.022076,42624.61,0.023902,39369.43,0.020395,46139.72,0.023619,39840.07,0.040367,0.005132,0.009074,0.020395,0.074968,0.003564,1,79017,79022,410754,509,0,0,0,855,0,0,0,403,0,0,0,266,0,0,0,270,0,0,0,223,0,0,0,16482847543793222737,17759892790258646460,17759892790258646460,10608165871039375765,8849839623886019289,7114979656203333805
179,5,925,8,10,0.043610,21210.68,0.021473,43077.75,0.020558,44994.94,0.023368,39584.66,0.023996,38547.38,0.023471,39410.82,0.025352,36486.85,0.044571,0.007099,0.011028,0.023471,0.086169,0.004939,1,95829,95789,498290,488,0,0,0,727,0,0,0,422,0,0,0,346,0,0,0,435,0,0,0,272,0,0,0,11149425099251010308,11149425099251010308,11149425099251010308,18163534524516991700,16315088249792338843,75425538756790978
180,5,732,8,10,0.038298,19113.43,0.021374,34247.90,0.015488,47261.12,0.019862,36853.58,0.023803,30752.38,0.020593,35546.10,0.024668,29674.05,0.037958,0.006198,0.005639,0.020593,0.070388,0.003179,3,75055,75020,254530,452,0,0,0,603,0,0,0,338,0,0,0,296,0,0,0,371,0,0,0,239,0,0,0,9567003384636217320,6739619745667524952,6739619745667524952,7764278282002027358,7268431261125689132,2619607867771523600
181,5,892,8,10,0.046630,19129.18,0.028296,31523.59,0.019405,45967.42,0.023902,37318.58,0.029442,30297.25,0.021766,40981.51,0.028730,31047.25,0.045931,0.004833,0.006422,0.021766,0.078952,0.003312,3,79048,79078,526574,694,0,0,0,990,0,0,0,518,0,0,0,430,0,0,0,451,0,0,0,322,0,0,0,16560375066403822562,6735523089504837315,6735523089504837315,14971665372417541286,1603557351972628234,9747952312020351772
182,5,847,8,10,0.063200,13401.94,0.030459,27808.14,0.022443,37739.52,0.022866,37042.60,0.030922,27391.42,0.028188,30047.95,0.033467,25308.32,0.056509,0.005264,0.008069,0.028188,0.098030,0.003668,2,86137,86132,441921,722,0,0,0,1021,0,0,0,520,0,0,0,367,0,0,0,489,0,0,0,250,0,0,0,8871750500930520047,17463496845598140457,17463496845598140457,9396297214421433904,5700124276378594085,3497480972842209982
183,5,821,8,10,0.093796,8753.01,0.061539,13341.15,0.041192,19931.14,0.039873,20590.51,0.063370,12955.64,0.063101,13010.88,0.063718,12884.81,0.093724,0.005638,0.003821,0.063101,0.166285,0.003397,5,76041,75966,452386,612,0,0,0,884,0,0,0,410,0,0,0,334,0,0,0,336,0,0,0,156,0,0,0,17984922858605582284,6534493025276118480,6534493025276118480,1836956745275873081,17706990599074976825,11072401729997721139
184,5,802,8,10,0.055765,14381.69,0.028106,28534.46,0.018652,42998.88,0.021793,36800.79,0.029813,26901.02,0.021643,37055.32,0.032680,24541.33,0.056304,0.005127,0.007239,0.021643,0.090314,0.003348,2,76258,76243,364727,621,0,0,0,891,0,0,0,381,0,0,0,375,0,0,0,451,0,0,0,340,0,0,0,2477056187243753701,1600986379508243261,1600986379508243261,17027706212088072355,12198677195660047551,10844971293689594053
185,5,819,8,10,0.059153,13845.46,0.031432,26056.55,0.029763,27517.29,0.023860,34325.40,0.030462,26886.11,0.028277,28963.09,0.032362,25307.68,0.059371,0.005263,0.004223,0.028277,0.097134,0.003339,4,78108,78093,425376,639,0,0,0,883,0,0,0,346,0,0,0,311,0,0,0,319,0,0,0,328,0,0,0,40387690102904125,4207683806849454722,4207683806849454722,17841304526406332556,9397856159754299659,11649773650591802335
186,5,1198,8,10,0.052542,22800.78,0.031491,38043.21,0.034419,34806.68,0.032806,36517.68,0.034685,34539.18,0.030760,38947.28,0.034614,34610.34,0.052946,0.006514,0.012228,0.030760,0.102448,0.004429,1,94169,94129,453010,788,0,0,0,1256,0,0,0,652,0,0,0,462,0,0,0,555,0,0,0,440,0,0,0,6281273764085403186,15832362831335775044,15832362831335775044,12572244163650354874,3869787633084402152,3213356863716297496
187,5,793,8,10,0.047197,16801.77,0.024611,32220.91,0.023032,34430.38,0.024382,32524.15,0.026619,29790.30,0.025726,30825.43,0.025641,30927.55,0.047777,0.004005,0.004445,0.025726,0.081952,0.003213,4,75370,75380,460269,598,0,0,0,914,0,0,0,391,0,0,0,289,0,0,0,307,0,0,0,282,0,0,0,17313841651082764698,10036950053272588977,10036950053272588977,15423821734687794716,2653066736081570493,5799962636677604253
188,5,738,8,10,0.041816,17648.62,0.022004,33540.00,0.017933,41154.20,0.016238,45448.71,0.025302,29167.11,0.018725,39412.17,0.025470,28975.68,0.042698,0.004715,0.005260,0.018725,0.071398,0.002867,3,65877,65862,234110,345,0,0,0,506,0,0,0,301,0,0,0,214,0,0,0,251,0,0,0,266,0,0,0,980288082367958492,6051481077465873907,6051481077465873907,9721283536407503707,3689834843250588143,130804125907081817
189,5,991,8,10,0.051496,19244.15,0.023287,42556.77,0.020298,48822.49,0.022153,44734.82,0.025531,38815.28,0.021924,45200.76,0.027558,35960.39,0.051826,0.006318,0.010338,0.021924,0.090405,0.004740,1,92218,92213,604570,699,0,0,0,930,0,0,0,527,0,0,0,387,0,0,0,523,0,0,0,410,0,0,0,8098370860281730705,8098370860281730705,8098370860281730705,4074745561439510260,16704288645482831108,8230257323313257003
190,5,744,8,10,0.034882,21329.11,0.019662,37840.15,0.017916,41526.29,0.021031,35375.52,0.021277,34966.53,0.019636,37889.75,0.021455,34676.67,0.034557,0.005308,0.003285,0.019636,0.062786,0.002883,5,69462,69452,372115,470,0,0,0,758,0,0,0,451,0,0,0,292,0,0,0,220,0,0,0,299,0,0,0,9431008342865114414,7870188776745678733,7870188776745678733,9453217694551937963,17698679671466937031,15081159543555984519
191,5,766,8,10,0.043426,17639.19,0.019979,38339.37,0.018845,40646.78,0.021246,36053.09,0.022873,33489.01,0.022391,34210.10,0.025595,29928.20,0.043943,0.005304,0.008478,0.022391,0.080116,0.003787,1,85230,85220,449268,498,0,0,0,750,0,0,0,430,0,0,0,296,0,0,0,412,0,0,0,322,0,0,0,11250270406851745650,9972709816444529908,9972709816444529908,9381841119102827184,15434361208521823626,12841889970499918144
192,5,834,8,10,0.052814,15791.37,0.038333,21756.74,0.021970,37961.20,0.023686,35211.16,0.031511,26467.14,0.029889,27903.14,0.031903,26141.95,0.052801,0.006188,0.005353,0.029889,0.094232,0.003882,4,93808,93788,289015,670,0,0,0,859,0,0,0,512,0,0,0,368,0,0,0,356,0,0,0,318,0,0,0,12511779675307338464,12106426369346326505,12106426369346326505,2693995526929719358,1960971609937975773,9194325680283363933
193,5,772,8,10,0.033918,22760.75,0.018451,41839.48,0.017643,43757.48,0.019601,39386.29,0.020219,38182.71,0.018271,42252.69,0.020654,37377.74,0.033967,0.004182,0.004521,0.018271,0.060941,0.002857,4,65160,65160,339813,371,0,0,0,620,0,0,0,336,0,0,0,213,0,0,0,191,0,0,0,209,0,0,0,2144177718043571092,2144177718043571092,2144177718043571092,18237983004359567906,11265619465888283160,4814193529766359428
194,5,895,8,10,0.045830,19528.72,0.024337,36775.39,0.022171,40368.15,0.024417,36654.28,0.026915,33252.66,0.021909,40851.57,0.026101,34289.23,0.046200,0.006268,0.009944,0.021909,0.084321,0.004466,1,94842,94817,590885,708,0,0,0,1078,0,0,0,603,0,0,0,539,0,0,0,388,0,0,0,524,0,0,0,12400783697662499036,3727145850269091980,3727145850269091980,9559996445616541066,537111060560990849,14795327191116365383
195,5,720,8,10,0.040280,17875.10,0.019737,36480.19,0.016137,44617.79,0.017780,40494.28,0.018870,38155.91,0.017105,42093.19,0.018468,38985.92,0.039549,0.004799,0.007376,0.017105,0.068828,0.003195,1,73399,73379,450800,416,0,0,0,526,0,0,0,427,0,0,0,283,0,0,0,345,0,0,0,279,0,0,0,3692483893938418725,2582215437971515797,2582215437971515797,6753689306100016790,12286407613918297314,1730968428288108688
196,5,755,8,10,0.044895,16816.96,0.026888,28079.08,0.024167,31240.52,0.026224,28789.96,0.029752,25376.49,0.024540,30766.22,0.032426,23283.95,0.045391,0.005375,0.008852,0.024540,0.084158,0.003302,1,75944,75969,420118,774,0,0,0,1015,0,0,0,504,0,0,0,300,0,0,0,463,0,0,0,276,0,0,0,7827295224446394610,7827295224446394610,7827295224446394610,16246435319797149810,13877900836112754805,6132668504819773988
197,5,921,8,10,0.050280,18317.48,0.028311,32531.05,0.021586,42666.79,0.024206,38048.36,0.029334,31396.89,0.028830,31946.18,0.032503,28336.00,0.051394,0.005677,0.007092,0.028830,0.092993,0.004004,3,92730,92710,471967,623,0,0,0,857,0,0,0,429,0,0,0,316,0,0,0,312,0,0,0,254,0,0,0,6994257698686080480,9858647112764572635,9858647112764572635,15553235839817743217,13168486522775344570,2112296508876504359
198,5,833,8,10,0.050084,16631.97,0.027541,30246.14,0.018604,44774.27,0.018068,46104.64,0.023932,34807.28,0.018618,44742.27,0.024467,34046.20,0.051319,0.004707,0.007773,0.018618,0.082417,0.003067,1,68297,68267,393100,351,0,0,0,445,0,0,0,346,0,0,0,203,0,0,0,319,0,0,0,224,0,0,0,8537085807274915341,14636623089930211420,14636623089930211420,6061354327934868301,17846023087063957368,16637698843120396449
199,5,802,8,10,0.052804,15188.22,0.021168,37887.95,0.016600,48314.25,0.027650,29005.69,0.028048,28593.79,0.026738,29994.76,0.031627,25358.09,0.053430,0.006318,0.008050,0.026738,0.094536,0.003989,3,91537,91517,487955,409,0,0,0,577,0,0,0,413,0,0,0,225,0,0,0,240,0,0,0,215,0,0,0,626826018814579996,2084534544444571538,2084534544444571538,5545856048892869657,15516195779657688329,3295871978515525164
200,5,823,8,10,0.071307,11541.71,0.033334,24689.26,0.027653,29761.56,0.026223,31385.13,0.034323,23977.94,0.026448,31117.27,0.036302,22670.93,0.072063,0.004643,0.008808,0.026448,0.111962,0.003433,1,76730,76715,538727,693,0,0,0,978,0,0,0,484,0,0,0,289,0,0,0,507,0,0,0,355,0,0,0,8293278810857088667,11149756766201386489,11149756766201386489,5032759875028563721,4289877963219263411,2693272831936742857
201,5,798,8,10,0.065559,12172.26,0.031876,25034.77,0.028338,28160.51,0.023638,33758.73,0.029827,26754.67,0.022603,35304.63,0.032971,24202.97,0.065846,0.006054,0.009940,0.022603,0.104444,0.004546,1,89960,89975,400465,520,0,0,0,670,0,0,0,479,0,0,0,366,0,0,0,549,0,0,0,263,0,0,0,1928827109996951922,4425927093202567211,4425927093202567211,2929510695745661176,714680304429768846,2310844282109062684
202,5,815,8,10,0.042992,18957.08,0.018928,43058.72,0.016422,49628.31,0.020905,38985.28,0.024164,33727.57,0.021653,37639.94,0.023468,34728.55,0.042788,0.004790,0.005896,0.021653,0.075127,0.003632,4,74366,74361,351023,545,0,0,0,649,0,0,0,401,0,0,0,290,0,0,0,304,0,0,0,242,0,0,0,1429204372618931690,4415164672653905368,4415164672653905368,11571471531707232138,1942421307182979579,16330932893995335928
203,5,824,8,10,0.037938,21719.70,0.020793,39628.80,0.017899,46036.37,0.019677,41875.80,0.021306,38674.59,0.020681,39843.98,0.023679,34799.34,0.038365,0.005723,0.008431,0.020681,0.073201,0.004038,1,78316,78316,434368,600,0,0,0,766,0,0,0,514,0,0,0,328,0,0,0,480,0,0,0,348,0,0,0,946059658426806517,946059658426806517,946059658426806517,9543561532850240455,12275031257769685015,5835326926604605868
204,5,1171,8,10,0.039612,29562.02,0.020200,57970.54,0.017763,65924.55,0.021982,53269.84,0.022858,51229.74,0.022269,52584.92,0.023719,49369.56,0.040411,0.005364,0.009124,0.022269,0.077168,0.003508,1,79443,79433,422902,491,0,0,0,732,0,0,0,453,0,0,0,273,0,0,0,481,0,0,0,355,0,0,0,17897267156468742444,2893857468348796102,2893857468348796102,4371204959183564816,3450059840773794235,16459376811179548602
205,5,854,8,10,0.049458,17267.10,0.026796,31870.03,0.021652,39442.51,0.022724,37581.62,0.026073,32754.54,0.024569,34759.83,0.029528,28921.86,0.048918,0.005620,0.004075,0.024569,0.083182,0.003364,5,78368,78358,375718,663,0,0,0,871,0,0,0,546,0,0,0,346,0,0,0,302,0,0,0,360,0,0,0,14286016809188671940,11807439916457419968,11807439916457419968,2653211048842467983,4639969595878285826,8850040737165847635
206,5,823,8,10,0.035557,23145.98,0.020100,40945.11,0.015356,53596.35,0.015057,54657.49,0.020765,39633.16,0.015142,54353.17,0.021374,38504.29,0.034971,0.004392,0.007661,0.015142,0.062166,0.002751,1,60089,60069,223447,362,0,0,0,442,0,0,0,268,0,0,0,169,0,0,0,204,0,0,0,105,0,0,0,14627040484686903685,10177103957848248321,10177103957848248321,14757204761040538365,7972587713632188301,5013634451640867562
207,5,938,8,10,0.053772,17444.05,0.027885,33638.54,0.024959,37581.84,0.029709,31572.82,0.032519,28844.62,0.031424,29850.17,0.033682,27849.05,0.054418,0.006628,0.004832,0.031424,0.097301,0.004274,5,96448,96408,566497,715,0,0,0,1159,0,0,0,425,0,0,0,388,0,0,0,374,0,0,0,360,0,0,0,16015132877562275864,3453945693292134331,3453945693292134331,14451476206753516310,2850876121311467001,14810659743806615760
208,5,1061,8,10,0.045269,23437.68,0.025043,42367.44,0.019424,54622.26,0.023825,44533.05,0.025977,40843.36,0.023999,44209.40,0.028955,36643.09,0.045258,0.005834,0.010343,0.023999,0.085435,0.004617,1,84672,84652,488340,562,0,0,0,689,0,0,0,414,0,0,0,251,0,0,0,310,0,0,0,200,0,0,0,5404287013576363923,5416767158730509058,5416767158730509058,16627435836260071986,6590780951956570850,10740670087260305282
209,5,702,8,10,0.032076,21885.58,0.015388,45620.08,0.013648,51435.41,0.016923,41482.55,0.016937,41448.22,0.014959,46929.52,0.018900,37143.68,0.031812,0.005206,0.003786,0.014959,0.055763,0.002692,4,61291,61276,307081,324,0,0,0,433,0,0,0,286,0,0,0,165,0,0,0,152,0,0,0,128,0,0,0,14432318838032750778,14432318838032750778,14432318838032750778,5611103928346542656,9703598485579404171,9901415642001712433
210,5,911,8,10,0.051293,17760.63,0.022954,39687.77,0.021952,41499.64,0.025722,35417.40,0.025140,36236.45,0.024481,37213.20,0.028563,31893.95,0.052120,0.007184,0.007311,0.024481,0.091095,0.003941,3,93853,93818,496858,653,0,0,0,1036,0,0,0,522,0,0,0,451,0,0,0,431,0,0,0,379,0,0,0,9406508465195510966,8750709682599419696,8750709682599419696,7705980427996831039,2649119907705273649,17232811158055801113
211,5,859,8,10,0.043600,19701.69,0.023329,36820.61,0.022037,38980.40,0.023316,36841.87,0.023758,36156.83,0.022522,38140.44,0.027550,31179.75,0.044447,0.005406,0.004096,0.022522,0.076471,0.004065,5,82208,82193,415946,621,0,0,0,846,0,0,0,490,0,0,0,350,0,0,0,314,0,0,0,334,0,0,0,14947584610046374178,14947584610046374178,14947584610046374178,8842113292741416519,9560268977033922390,15927303604207631180
212,5,746,8,10,0.038572,19340.65,0.020359,36641.51,0.018839,39599.53,0.020027,37250.01,0.022038,33850.53,0.020528,36341.49,0.023460,31798.59,0.038217,0.004764,0.007756,0.020528,0.071265,0.003084,1,71174,71164,355455,507,0,0,0,893,0,0,0,520,0,0,0,375,0,0,0,394,0,0,0,375,0,0,0,6886403660947905213,16156672039415552760,16156672039415552760,6059618759055098820,14779708790904617771,16325839474796626410
213,5,844,8,10,0.038197,22096.02,0.018944,44553.32,0.017750,47549.89,0.020480,41211.62,0.021589,39093.53,0.020576,41018.75,0.023645,35694.65,0.038834,0.004807,0.006850,0.020576,0.071067,0.003439,2,82685,82675,558998,576,0,0,0,804,0,0,0,379,0,0,0,272,0,0,0,381,0,0,0,330,0,0,0,8626281137046156131,4630492638910846923,4630492638910846923,3624002209240017624,5516559184597685637,3976948020821950071
214,5,810,8,10,0.045307,17877.89,0.023307,34754.19,0.015843,51125.84,0.027209,29770.11,0.028329,28592.88,0.028420,28501.09,0.029714,27259.77,0.045533,0.004693,0.003541,0.028420,0.082187,0.003060,5,70890,70895,280237,389,0,0,0,648,0,0,0,347,0,0,0,156,0,0,0,148,0,0,0,186,0,0,0,5046564807675049986,15972885816241412190,15972885816241412190,17854649242960146473,17524709580139709696,4854731943432044783
215,5,861,8,10,0.077972,11042.47,0.038814,22182.79,0.032680,26346.33,0.032061,26854.67,0.041020,20989.61,0.035385,24332.30,0.043603,19746.27,0.078212,0.006036,0.005496,0.035385,0.125129,0.003874,3,92376,92376,531422,685,0,0,0,948,0,0,0,512,0,0,0,254,0,0,0,271,0,0,0,290,0,0,0,16845385662637341628,3704989089975248993,3704989089975248993,2156388955268520867,12113782713159906011,11488514063879922590
216,5,747,8,10,0.037345,20002.86,0.019993,37362.85,0.018613,40132.88,0.022513,33181.28,0.022735,32857.44,0.022899,32622.13,0.024097,30999.20,0.037601,0.004987,0.005008,0.022899,0.070495,0.003198,3,76577,76577,371603,509,0,0,0,857,0,0,0,503,0,0,0,284,0,0,0,358,0,0,0,247,0,0,0,14867097471673088069,14867097471673088069,14867097471673088069,17506658090090726765,2419764221179651960,13714480569254549907
217,5,945,8,10,0.042133,22429.03,0.021372,44217.31,0.020465,46177.00,0.023503,40207.18,0.024911,37935.67,0.023880,39573.37,0.024656,38326.82,0.042377,0.005000,0.006498,0.023880,0.077755,0.004107,3,80132,80107,410556,673,0,0,0,955,0,0,0,449,0,0,0,316,0,0,0,399,0,0,0,337,0,0,0,10043893377584118878,10043893377584118878,10043893377584118878,6310521791058352587,2699200995087130006,2958038939340075528
218,5,781,8,10,0.060331,12945.27,0.032898,23740.34,0.025443,30696.33,0.026343,29647.63,0.036233,21554.66,0.026392,29592.32,0.030420,25673.57,0.060604,0.005257,0.007865,0.026392,0.100119,0.003378,1,77889,77874,614229,745,0,0,0,972,0,0,0,646,0,0,0,512,0,0,0,652,0,0,0,400,0,0,0,13266359942331954685,1272160359685347700,1272160359685347700,985894509769185496,5307075427037574374,945815322636197602
219,5,862,8,10,0.040239,21421.77,0.018888,45637.72,0.017164,50221.15,0.021176,40706.04,0.022748,37892.97,0.020724,41593.83,0.024282,35499.39,0.040426,0.004421,0.004606,0.020724,0.070178,0.003357,5,76658,76653,369479,499,0,0,0,766,0,0,0,459,0,0,0,251,0,0,0,226,0,0,0,310,0,0,0,5644146246159345506,5644146246159345506,5644146246159345506,16856323787369813466,17558859304682553475,6590615455262064577
220,5,883,8,10,0.052734,16744.55,0.032295,27341.32,0.028445,31042.00,0.031092,28399.30,0.027399,32227.94,0.025511,34613.06,0.033925,26028.09,0.053390,0.004252,0.008258,0.025511,0.091411,0.003634,2,84154,84154,403385,820,0,0,0,1282,0,0,0,494,0,0,0,316,0,0,0,385,0,0,0,368,0,0,0,9862723923496705480,40268470817968358,40268470817968358,17145761178592914857,3384249442470621524,6582599048181639288
221,5,810,8,10,0.061857,13094.69,0.036567,22150.90,0.021514,37649.82,0.024312,33317.00,0.033683,24047.86,0.022756,35594.63,0.034315,23605.02,0.062548,0.006414,0.006895,0.022756,0.098613,0.003349,2,78655,78640,494572,640,0,0,0,844,0,0,0,474,0,0,0,314,0,0,0,324,0,0,0,304,0,0,0,4262019434576053808,4262019434576053808,4262019434576053808,13981569819121592837,17514984599041244920,13952905347863842780
222,5,772,8,10,0.075620,10208.91,0.034040,22679.34,0.029129,26502.52,0.028758,26845.09,0.035502,21745.41,0.040898,18876.09,0.044241,17449.88,0.076868,0.004472,0.007410,0.040898,0.129649,0.003843,3,78339,78349,356038,544,0,0,0,825,0,0,0,466,0,0,0,361,0,0,0,407,0,0,0,276,0,0,0,13390422353535372007,13390422353535372007,13390422353535372007,6370351206137880311,6107219828941972420,8568637681343333322
223,5,893,8,10,0.048944,18245.17,0.023531,37950.22,0.020919,42687.57,0.022339,39975.44,0.024700,36154.15,0.023600,37839.61,0.027237,32786.08,0.049361,0.005574,0.004629,0.023600,0.083163,0.004090,5,83639,83619,373214,565,0,0,0,698,0,0,0,452,0,0,0,253,0,0,0,228,0,0,0,298,0,0,0,15071692296120106958,568758799459663939,568758799459663939,17773633987422179787,9909162599263582442,17622226158051055397
224,5,917,8,10,0.055505,16520.90,0.028707,31943.95,0.026058,35191.29,0.028982,31640.17,0.031475,29134.28,0.029296,31301.30,0.033422,27437.40,0.056141,0.005945,0.008178,0.029296,0.099561,0.004835,2,96178,96173,545559,825,0,0,0,1114,0,0,0,561,0,0,0,495,0,0,0,432,0,0,0,345,0,0,0,4186825122120657722,3910820355760934944,3910820355760934944,13071717521299700366,4236310987763746629,14112988339916210504
225,5,744,8,10,0.044547,16701.58,0.026455,28123.49,0.017241,43154.00,0.019724,37719.83,0.026785,27776.85,0.018704,39776.55,0.027392,27161.48,0.044759,0.006840,0.008221,0.018704,0.078524,0.003346,1,81592,81587,340815,460,0,0,0,630,0,0,0,389,0,0,0,273,0,0,0,413,0,0,0,267,0,0,0,1156238397969723546,1774725885191480589,1774725885191480589,9031893393815368048,7927763994189692968,6094085232667668116
226,5,859,8,10,0.049505,17351.83,0.028265,30390.67,0.020801,41296.25,0.027686,31026.18,0.027990,30689.83,0.020896,41108.29,0.030656,28020.42,0.049403,0.005483,0.007339,0.020896,0.083122,0.003489,2,84042,84037,482938,638,0,0,0,904,0,0,0,507,0,0,0,357,0,0,0,329,0,0,0,367,0,0,0,17534946246456442798,14589231732384528608,14589231732384528608,8313028888218992561,12939256497924285113,9121567662729911046
227,5,1007,8,10,0.044789,22482.99,0.026321,38258.80,0.017334,58093.44,0.018425,54654.40,0.027259,36942.36,0.024614,40911.85,0.028332,35543.17,0.046747,0.003630,0.009159,0.024614,0.084150,0.003772,1,74883,74843,398844,635,0,0,0,802,0,0,0,422,0,0,0,242,0,0,0,498,0,0,0,187,0,0,0,6267619309714768511,5932156197541398742,5932156197541398742,14072376105325672738,818106743897617039,12052207874016154687
228,5,1233,8,10,0.044091,27965.02,0.020698,59571.55,0.018406,66989.33,0.020226,60962.44,0.022823,54025.45,0.020958,58832.14,0.023210,53123.13,0.044699,0.006325,0.009655,0.020958,0.081637,0.004138,2,97803,97803,460692,1095,0,0,0,1176,0,0,0,368,0,0,0,273,0,0,0,329,0,0,0,267,0,0,0,643611511625951224,6117166422054752717,6117166422054752717,17876892978125556658,6472108815136549149,16413140313641794986
229,5,1120,8,10,0.036040,31076.73,0.019645,57010.80,0.019120,58577.94,0.020501,54632.15,0.020891,53611.28,0.019567,57239.21,0.024122,46431.05,0.036775,0.005085,0.006226,0.019567,0.067652,0.003387,3,74046,74046,486731,423,0,0,0,695,0,0,0,408,0,0,0,292,0,0,0,298,0,0,0,180,0,0,0,7349156765589722506,7349156765589722506,7349156765589722506,5627676233236605360,15762182261536067830,11312409453172983945
230,5,1273,8,10,0.040172,31688.86,0.021209,60021.71,0.018245,69771.72,0.020115,63286.88,0.020884,60956.22,0.020424,62327.21,0.024095,52832.43,0.040313,0.008177,0.006609,0.020424,0.075524,0.004752,4,100299,100324,325454,1332,0,0,0,1557,0,0,0,420,0,0,0,272,0,0,0,288,0,0,0,162,0,0,0,5850692321408290424,15461669377081186171,15461669377081186171,13859067785394181317,9018760341574429820,6040149821042183713
231,5,993,8,10,0.036550,27168.52,0.021773,45606.40,0.020463,48526.43,0.022038,45059.30,0.023448,42349.64,0.021375,46456.29,0.024604,40359.15,0.036245,0.005773,0.005163,0.021375,0.068556,0.003548,4,83330,83290,379012,995,0,0,0,1195,0,0,0,381,0,0,0,194,0,0,0,178,0,0,0,153,0,0,0,186839223193034158,186839223193034158,186839223193034158,6245583877259222271,4326509126166952869,15638107593549999168
232,5,761,8,10,0.048807,15592.11,0.025714,29594.67,0.018922,40217.02,0.022535,33769.46,0.026582,28628.66,0.026010,29258.36,0.028241,26946.33,0.049380,0.004579,0.008368,0.026010,0.088336,0.003270,2,79185,79170,465840,502,0,0,0,706,0,0,0,386,0,0,0,232,0,0,0,360,0,0,0,197,0,0,0,18429792462226213455,7130493302051019172,7130493302051019172,14011470901619111831,2386950847713165382,12864804254491164195
233,5,851,8,10,0.043027,19778.11,0.024328,34980.49,0.023160,36743.76,0.024892,34188.33,0.026365,32278.05,0.026391,32245.63,0.027749,30667.64,0.043371,0.005440,0.004578,0.026391,0.079781,0.003957,5,81733,81723,433379,729,0,0,0,1051,0,0,0,562,0,0,0,330,0,0,0,346,0,0,0,295,0,0,0,13411906619053391284,13411906619053391284,13411906619053391284,2380315680698138063,2950601957482988305,1529672246696397368
234,5,768,8,10,0.045786,16773.65,0.022472,34175.47,0.017210,44624.78,0.020274,37881.89,0.024324,31574.31,0.024744,31038.45,0.025920,29629.99,0.046336,0.005885,0.004051,0.024744,0.081015,0.004030,5,79732,79742,469432,380,0,0,0,642,0,0,0,318,0,0,0,227,0,0,0,216,0,0,0,294,0,0,0,12830304937112088838,12830304937112088838,12830304937112088838,296395945448167519,17217550946590360011,13055760474798545321
235,5,709,8,10,0.031131,22774.88,0.016875,42015.25,0.014908,47558.08,0.016831,42125.88,0.017913,39579.34,0.016341,43386.72,0.018560,38199.55,0.031876,0.004937,0.005993,0.016341,0.059147,0.002819,2,66104,66099,348046,387,0,0,0,586,0,0,0,359,0,0,0,206,0,0,0,324,0,0,0,212,0,0,0,8838117304988179187,7493621586407913302,7493621586407913302,16118779145634203763,16931725633436823310,10552555233909893658
236,5,815,8,10,0.046878,17385.49,0.027157,30011.02,0.024924,32699.17,0.027682,29441.50,0.029598,27535.35,0.026608,30629.41,0.030578,26653.54,0.047152,0.005441,0.009254,0.026608,0.088455,0.003761,1,87485,87460,403748,673,0,0,0,1132,0,0,0,509,0,0,0,335,0,0,0,423,0,0,0,299,0,0,0,14521899468990893195,14175747479073239052,14175747479073239052,13824881991440890889,11576610393093309189,1200006544200361463
237,5,871,8,10,0.057188,15230.45,0.030497,28560.22,0.022137,39346.29,0.029802,29226.61,0.032405,26878.34,0.025291,34438.55,0.037233,23393.45,0.057897,0.005965,0.007054,0.025291,0.096207,0.003565,2,81214,81214,401499,275,0,0,0,372,0,0,0,377,0,0,0,103,0,0,0,177,0,0,0,186,0,0,0,7948773714340097112,17915073506030211362,17915073506030211362,16961600304102649270,2544494932307427850,9407511265788004958
238,5,936,8,10,0.046361,20189.39,0.020288,46136.06,0.018717,50006.89,0.022225,42114.65,0.023218,40312.83,0.021327,43888.96,0.022535,41534.68,0.047796,0.006098,0.009959,0.021327,0.085179,0.005053,2,107519,107484,398882,559,0,0,0,781,0,0,0,455,0,0,0,334,0,0,0,460,0,0,0,291,0,0,0,2898632723054217793,3366559968879738713,3366559968879738713,2932774199630910435,18116571480941411961,663642627304662967
239,5,706,8,10,0.035604,19829.36,0.017648,40005.33,0.016162,43683.40,0.020395,34616.10,0.021047,33543.64,0.020583,34299.53,0.024163,29218.61,0.036370,0.004039,0.003687,0.020583,0.064679,0.003303,4,65931,65941,346254,417,0,0,0,673,0,0,0,275,0,0,0,219,0,0,0,214,0,0,0,185,0,0,0,15011888378570450674,5964510768324907003,5964510768324907003,4360690051963922205,14651943805485940198,13777045230166084844
240,5,961,8,10,0.057136,16819.56,0.025509,37673.54,0.020113,47779.57,0.023562,40786.04,0.025791,37261.70,0.021953,43776.12,0.028026,34289.77,0.057393,0.008372,0.011569,0.021953,0.099286,0.004944,1,115464,115439,542810,478,0,0,0,706,0,0,0,443,0,0,0,242,0,0,0,397,0,0,0,209,0,0,0,8979679863143128293,3012512823876109670,3012512823876109670,7117012138890003142,12742141426378733483,13689448030339817170
241,5,718,8,10,0.052192,13756.98,0.028319,25354.18,0.024675,29098.60,0.023913,30026.09,0.027271,26328.32,0.026040,27572.46,0.030664,23414.90,0.052644,0.004013,0.007041,0.026040,0.089739,0.003089,2,72366,72326,392574,506,0,0,0,778,0,0,0,327,0,0,0,259,0,0,0,287,0,0,0,191,0,0,0,1901658655592284948,11700010740203805593,11700010740203805593,5151233087556445494,16611007680804533986,630099583803877157
242,5,850,8,10,0.056635,15008.38,0.030484,27883.39,0.024271,35020.80,0.027299,31137.14,0.033031,25733.42,0.027037,31438.16,0.031905,26641.29,0.057114,0.008120,0.007290,0.027037,0.099562,0.004214,3,85638,85623,530556,689,0,0,0,862,0,0,0,475,0,0,0,290,0,0,0,446,0,0,0,244,0,0,0,6519960397514784154,15861267204727070844,15861267204727070844,7559923270432849819,3449510519896470552,8394137032468545744
243,5,866,8,10,0.045612,18986.32,0.020642,41952.85,0.017930,48297.80,0.022724,38110.23,0.024295,35645.30,0.024400,35491.87,0.028965,29897.95,0.045238,0.006437,0.005926,0.024400,0.082001,0.003649,4,86040,86005,292891,485,0,0,0,727,0,0,0,415,0,0,0,246,0,0,0,353,0,0,0,250,0,0,0,11512917861827911254,17652314829580721155,17652314829580721155,12596510651924875469,13048206121688552129,16777265695787041169
244,5,1310,8,10,0.051558,25408.10,0.029383,44584.14,0.020720,63225.46,0.023464,55830.95,0.027048,48431.67,0.022312,58711.70,0.026577,49290.07,0.052263,0.006796,0.012046,0.022312,0.093417,0.004750,1,91270,91270,435045,719,0,0,0,988,0,0,0,548,0,0,0,318,0,0,0,476,0,0,0,287,0,0,0,9878467078339571767,9196929808415473420,9196929808415473420,12575496797414150234,628027248718204529,9052918651426285857
245,5,762,8,10,0.058842,12950.01,0.030143,25279.71,0.023382,32588.92,0.022463,33921.88,0.031843,23929.82,0.023490,32439.41,0.032926,23142.89,0.059617,0.004308,0.004905,0.023490,0.092320,0.003136,4,68606,68611,543870,453,0,0,0,665,0,0,0,424,0,0,0,228,0,0,0,217,0,0,0,209,0,0,0,7645434425740498669,13314051143026479454,13314051143026479454,6138406148920218919,14357379628106769405,8661331633298201170
246,5,721,8,10,0.036086,19980.01,0.017621,40917.71,0.016272,44310.28,0.021017,34305.46,0.020482,35201.17,0.019809,36397.82,0.019505,36964.24,0.036747,0.003695,0.005549,0.019809,0.065800,0.002842,2,63359,63324,378916,533,0,0,0,701,0,0,0,451,0,0,0,224,0,0,0,291,0,0,0,267,0,0,0,10402811904374376542,10402811904374376542,10402811904374376542,16352830814401379186,9801319062724903631,9279650418223487400
247,5,978,8,10,0.053316,18343.53,0.030770,31784.59,0.021918,44621.71,0.033557,29144.36,0.035338,27675.60,0.033932,28822.15,0.036659,26678.08,0.053270,0.006470,0.005606,0.033932,0.099279,0.004439,4,85622,85617,420622,710,0,0,0,974,0,0,0,665,0,0,0,377,0,0,0,377,0,0,0,281,0,0,0,4392847673815814609,17328572525350309381,17328572525350309381,6950176429081800949,13190889015333204347,3801748329223981173
248,5,792,8,10,0.041412,19125.00,0.018674,42412.97,0.017968,44077.86,0.021246,37277.54,0.022762,34794.56,0.021431,36956.43,0.025777,30725.04,0.041571,0.004302,0.005326,0.021431,0.072630,0.003528,4,78153,78148,494884,538,0,0,0,746,0,0,0,425,0,0,0,280,0,0,0,290,0,0,0,246,0,0,0,12397019588274574719,16846816039173017919,16846816039173017919,14076915743914166674,15312006858136063705,10510072297536090092
249,5,839,8,10,0.056423,14869.89,0.032456,25850.56,0.020485,40957.13,0.023475,35739.40,0.025255,33221.59,0.022873,36681.16,0.032648,25698.74,0.056931,0.005244,0.008110,0.022873,0.093158,0.004402,2,86935,86955,337004,609,0,0,0,885,0,0,0,433,0,0,0,249,0,0,0,315,0,0,0,248,0,0,0,1188699600166495460,4613815699216598493,4613815699216598493,9687809629503280684,10134742364550127538,4420833733212200849
250,5,818,8,10,0.042773,19124.22,0.020598,39713.46,0.018900,43280.16,0.020976,38996.49,0.021713,37672.62,0.021273,38451.71,0.024835,32937.29,0.042843,0.004683,0.003761,0.021273,0.072561,0.003181,5,74734,74724,405524,476,0,0,0,726,0,0,0,435,0,0,0,283,0,0,0,303,0,0,0,281,0,0,0,16317989084988664303,6292687395129135704,6292687395129135704,13135553977596379550,467735472960784136,11200050394921959773
251,5,792,8,10,0.051460,15390.55,0.029249,27077.53,0.019429,40763.03,0.021165,37419.99,0.028617,27676.03,0.020793,38089.00,0.030226,26202.40,0.051088,0.005156,0.007137,0.020793,0.084175,0.003337,2,76667,76602,510812,509,0,0,0,788,0,0,0,390,0,0,0,291,0,0,0,313,0,0,0,252,0,0,0,3755486266945574045,10996380252887190147,10996380252887190147,4972589681581377655,14422994924642936753,14189156174257337115
252,5,851,8,10,0.044286,19215.98,0.022333,38104.70,0.019589,43442.94,0.022912,37141.54,0.025253,33699.37,0.024455,34798.97,0.027783,30630.05,0.044608,0.005131,0.003772,0.024455,0.077966,0.004181,5,79847,79832,410509,500,0,0,0,811,0,0,0,324,0,0,0,238,0,0,0,215,0,0,0,174,0,0,0,2199885800988842673,2199885800988842673,2199885800988842673,11707098889700701583,9921463603513124260,14539102135354955522
253,5,741,8,10,0.036309,20408.34,0.019369,38257.11,0.019170,38654.25,0.021168,35006.33,0.021754,34063.13,0.019326,38341.25,0.023663,31314.09,0.037310,0.004510,0.004382,0.019326,0.065528,0.003482,4,77512,77502,350609,475,0,0,0,714,0,0,0,330,0,0,0,277,0,0,0,305,0,0,0,252,0,0,0,2024793389313765372,2024793389313765372,2024793389313765372,618040380167275764,8545935023285508779,10490460510623317
254,5,762,8,10,0.031351,24305.67,0.014353,53090.20,0.011226,67878.42,0.012136,62786.11,0.014294,53307.26,0.013914,54764.54,0.015288,49842.52,0.031578,0.004281,0.003820,0.013914,0.053593,0.002887,5,65460,65455,253327,425,0,0,0,425,0,0,0,223,0,0,0,187,0,0,0,175,0,0,0,213,0,0,0,8109202040318809657,13002068948236358844,13002068948236358844,16143653093864345889,8992361284513732864,1171468842245983895
255,5,930,8,10,0.051058,18214.68,0.025887,35925.32,0.025037,37144.62,0.030066,30931.61,0.029183,31868.04,0.026253,35424.99,0.031852,29197.37,0.051645,0.006962,0.009405,0.026253,0.094265,0.005302,2,99581,99571,546933,794,0,0,0,1068,0,0,0,574,0,0,0,453,0,0,0,533,0,0,0,310,0,0,0,1457076550953542920,1457076550953542920,1457076550953542920,646687629130591780,16761886036478841515,4919423495152347562
256,5,800,8,10,0.045270,17671.72,0.021546,37130.47,0.018541,43146.72,0.021983,36391.30,0.025260,31670.78,0.023156,34548.80,0.025248,31686.04,0.045716,0.004536,0.009011,0.023156,0.082418,0.003399,1,75283,75313,475444,503,0,0,0,687,0,0,0,400,0,0,0,352,0,0,0,356,0,0,0,230,0,0,0,17564427753432949422,17564427753432949422,17564427753432949422,13102642198855122494,6729344112445240276,14192267123699405889
257,5,859,8,10,0.057860,14846.25,0.028443,30200.55,0.017882,48036.84,0.025601,33552.85,0.034524,24881.42,0.024496,35067.60,0.034350,25007.61,0.058061,0.005854,0.007529,0.024496,0.095940,0.004142,2,88987,88967,293674,521,0,0,0,582,0,0,0,353,0,0,0,317,0,0,0,343,0,0,0,248,0,0,0,17508882114041088956,15289825569913218920,15289825569913218920,7602501071138857719,11067044045597524983,14960627572140955939
258,5,768,8,10,0.041170,18654.47,0.019053,40307.93,0.017167,44735.70,0.021159,36296.92,0.024544,31291.18,0.020610,37263.57,0.023188,33120.47,0.041489,0.004668,0.007831,0.020610,0.074598,0.003443,1,70625,70630,278189,520,0,0,0,798,0,0,0,506,0,0,0,311,0,0,0,413,0,0,0,257,0,0,0,6488471758541467185,9833372746340579946,9833372746340579946,16038656200469969986,7433909929521004817,16013337374557369655
259,5,869,8,10,0.054500,15945.08,0.026881,32328.22,0.016331,53212.46,0.018662,46564.16,0.025220,34457.21,0.022898,37951.53,0.028555,30432.76,0.055126,0.006188,0.007306,0.022898,0.091518,0.003647,3,80484,80459,446657,399,0,0,0,573,0,0,0,409,0,0,0,234,0,0,0,170,0,0,0,289,0,0,0,3591789118668394803,13220407831763959514,13220407831763959514,10912093918174367405,9150830360013851651,1265650371808469469
260,5,906,8,10,0.056355,16076.68,0.027501,32943.75,0.023229,39002.80,0.024965,36290.82,0.027140,33382.15,0.023233,38996.92,0.030122,30077.92,0.056428,0.006975,0.011684,0.023233,0.098319,0.004210,1,97398,97363,705562,676,0,0,0,1031,0,0,0,499,0,0,0,330,0,0,0,397,0,0,0,331,0,0,0,7049988168623644724,10618213695546548293,10618213695546548293,7851368076144747275,8072960645182409408,5077866180055362926
261,5,940,8,10,0.049862,18851.90,0.026783,35096.38,0.019246,48840.91,0.021680,43358.93,0.026672,35242.35,0.023435,40110.59,0.028396,33103.03,0.049869,0.005081,0.007758,0.023435,0.086143,0.003390,2,76103,76038,449924,445,0,0,0,672,0,0,0,443,0,0,0,340,0,0,0,365,0,0,0,307,0,0,0,16501477518987818742,16501477518987818742,16501477518987818742,14025733528848748932,11254165551669126395,12473680221268366995
262,5,801,8,10,0.041147,19466.56,0.020981,38177.60,0.018975,42213.43,0.021781,36775.62,0.022530,35552.61,0.021519,37223.68,0.023783,33679.42,0.041183,0.005473,0.005394,0.021519,0.073568,0.003294,3,76346,76306,326278,510,0,0,0,695,0,0,0,409,0,0,0,245,0,0,0,275,0,0,0,216,0,0,0,486508999668999945,9719893561956185815,9719893561956185815,6177081766337624533,1403183050875272699,1333615992388210761
263,5,766,8,10,0.068679,11153.41,0.036533,20967.37,0.029246,26191.70,0.029378,26074.02,0.032073,23883.15,0.026793,28589.66,0.037189,20597.65,0.069374,0.006405,0.009870,0.026793,0.112442,0.004787,2,104208,104183,433585,591,0,0,0,612,0,0,0,417,0,0,0,214,0,0,0,382,0,0,0,178,0,0,0,2051766272288372693,12697234750767797538,12697234750767797538,14053327354136531137,12543361645781475280,8301480058596303378
264,5,613,8,10,0.041055,14931.29,0.017117,35813.24,0.015236,40232.98,0.017363,35305.41,0.019416,31571.60,0.017916,34215.55,0.020905,29322.89,0.041339,0.004171,0.003224,0.017916,0.066650,0.003569,5,67943,67938,535707,381,0,0,0,581,0,0,0,425,0,0,0,274,0,0,0,249,0,0,0,253,0,0,0,8189715743224330657,8189715743224330657,8189715743224330657,1684954458156547798,9027162125182496295,10198522407689959545
265,5,706,8,10,0.039548,17851.94,0.017306,40795.76,0.016351,43178.29,0.018370,38432.79,0.018694,37765.98,0.018015,39189.33,0.019226,36721.70,0.039449,0.004921,0.003445,0.018015,0.065830,0.003298,5,67680,67615,407638,528,0,0,0,667,0,0,0,384,0,0,0,263,0,0,0,218,0,0,0,295,0,0,0,13714278876758755903,106374457592167360,106374457592167360,16864692966430449335,4631692745643066442,17976789091940270052
266,5,858,8,10,0.071945,11925.71,0.034253,25049.25,0.030745,27907.09,0.030130,28476.19,0.039308,21827.66,0.028881,29707.64,0.042393,20239.13,0.072534,0.005396,0.009643,0.028881,0.116455,0.004777,1,83699,83674,449105,456,0,0,0,611,0,0,0,390,0,0,0,323,0,0,0,374,0,0,0,242,0,0,0,4972765989538742035,10798637185398410261,10798637185398410261,17861604489658608835,3342780244557371671,5540349900830799137
267,5,922,8,10,0.053333,17287.67,0.028458,32398.46,0.024583,37505.26,0.025363,36352.31,0.030240,30489.74,0.022668,40673.67,0.034344,26846.07,0.053833,0.005460,0.005759,0.022668,0.087721,0.003550,3,81870,81875,557950,521,0,0,0,782,0,0,0,359,0,0,0,336,0,0,0,406,0,0,0,238,0,0,0,6120916034979180262,326967406311007965,326967406311007965,17554835041412282827,5259198851478813975,7274154383717803709
268,5,729,8,10,0.042532,17139.99,0.017803,40948.69,0.017755,41057.74,0.020080,36305.14,0.020532,35505.24,0.019987,36474.05,0.022026,33097.88,0.042620,0.005430,0.004069,0.019987,0.072106,0.003831,5,85374,85379,345804,425,0,0,0,704,0,0,0,247,0,0,0,206,0,0,0,208,0,0,0,187,0,0,0,15168192743337482550,15168192743337482550,15168192743337482550,17132314065493797616,7323291159896562997,3297164489246860431
269,5,531,8,10,0.038753,13702.05,0.015590,34060.99,0.012067,44004.69,0.014075,37725.85,0.018450,28779.86,0.012556,42289.09,0.019258,27573.11,0.038514,0.005049,0.008735,0.012556,0.064854,0.003322,1,78357,78342,286416,278,0,0,0,416,0,0,0,249,0,0,0,159,0,0,0,217,0,0,0,168,0,0,0,718596866186290845,5308256003292661622,5308256003292661622,9613254312604409861,16927179800995455934,4755787868438573157
270,5,778,8,10,0.037788,20588.79,0.018253,42622.94,0.016591,46893.54,0.019480,39938.94,0.019232,40453.74,0.018330,42444.45,0.020580,37803.47,0.038641,0.004954,0.003767,0.018330,0.065692,0.003295,5,73338,73343,580473,494,0,0,0,666,0,0,0,447,0,0,0,300,0,0,0,317,0,0,0,236,0,0,0,12961052207762554596,14679337774372537190,14679337774372537190,13915581689069431790,4780166634616197462,16732301271277685771
271,5,867,8,10,0.043950,19726.96,0.022289,38897.30,0.019265,45002.91,0.023310,37193.93,0.024488,35404.93,0.022853,37937.39,0.027435,31601.96,0.044675,0.005023,0.007290,0.022853,0.079842,0.003513,2,79644,79644,423616,494,0,0,0,767,0,0,0,507,0,0,0,260,0,0,0,420,0,0,0,258,0,0,0,14973556787942305272,4217507003348624455,4217507003348624455,2373692412314963148,18315927547048536708,10254160685125642047
272,5,779,8,10,0.041779,18645.74,0.018174,42863.33,0.015905,48977.54,0.020517,37967.83,0.020512,37978.45,0.020076,38803.10,0.024387,31942.71,0.041901,0.006582,0.004848,0.020076,0.073407,0.003549,4,82254,82249,529637,373,0,0,0,557,0,0,0,319,0,0,0,260,0,0,0,260,0,0,0,251,0,0,0,9965044322488072377,12359069444938460582,12359069444938460582,9318401093128468728,3390902087574514064,14517541431161333782
273,5,999,8,10,0.045699,21860.53,0.022335,44728.14,0.019109,52279.66,0.021673,46094.24,0.023676,42194.75,0.019957,50057.46,0.026605,37549.76,0.045755,0.006295,0.010899,0.019957,0.082905,0.003823,1,83238,83253,299033,602,0,0,0,953,0,0,0,499,0,0,0,342,0,0,0,460,0,0,0,323,0,0,0,17926445099580110961,3537215167927972690,3537215167927972690,263658235612082228,1446005157469197589,10683010302262790843
274,5,886,8,10,0.051941,17057.95,0.028429,31165.40,0.020394,43444.99,0.019225,46085.87,0.030659,28898.54,0.020956,42278.93,0.031273,28331.39,0.052626,0.004717,0.007297,0.020956,0.085596,0.003883,2,77691,77666,353360,416,0,0,0,687,0,0,0,404,0,0,0,178,0,0,0,283,0,0,0,181,0,0,0,8505250319773204465,4965019851759330023,4965019851759330023,10062562811625664434,9670170345854115929,10189208329961599421
275,5,579,8,10,0.040098,14439.48,0.016805,34453.58,0.015604,37106.05,0.022691,25516.56,0.024640,23498.02,0.018206,31802.09,0.025803,22439.42,0.040414,0.004743,0.007272,0.018206,0.070636,0.003023,1,68942,68942,394010,332,0,0,0,491,0,0,0,352,0,0,0,256,0,0,0,383,0,0,0,191,0,0,0,10023603016056548817,16206934459748537624,16206934459748537624,4060132041415337524,13496257435521289260,11342530387701882653
276,5,958,8,10,0.047889,20004.46,0.027520,34811.07,0.025614,37401.17,0.029100,32921.31,0.030607,31299.75,0.027362,35011.46,0.030048,31881.90,0.048415,0.006685,0.009838,0.027362,0.092301,0.004516,1,89822,89802,435376,738,0,0,0,1075,0,0,0,619,0,0,0,402,0,0,0,506,0,0,0,303,0,0,0,601640204654774963,664101858817291692,664101858817291692,17425624909367806980,6136760771169973744,12497027879558649933
277,5,818,8,10,0.084453,9685.88,0.054570,14989.96,0.026722,30610.91,0.026582,30772.18,0.053649,15247.24,0.036975,22122.83,0.054666,14963.61,0.084968,0.014174,0.020107,0.036975,0.156225,0.009448,1,190887,190887,515151,605,0,0,0,765,0,0,0,515,0,0,0,369,0,0,0,643,0,0,0,276,0,0,0,4168706599046005131,2611287486603262047,2611287486603262047,12524656899940417395,15466283084473642190,15479847022673095843
278,5,757,8,10,0.052947,14297.41,0.028945,26153.31,0.020890,36237.72,0.020702,36566.21,0.031398,24109.68,0.026098,29005.92,0.028258,26788.91,0.053733,0.004310,0.007778,0.026098,0.091918,0.003097,1,75993,75993,280636,485,0,0,0,692,0,0,0,367,0,0,0,231,0,0,0,377,0,0,0,191,0,0,0,1234622823592021136,4345653556766752038,4345653556766752038,345443290067332674,1297694279147048389,9986982856514864897
279,5,666,8,10,0.080512,8272.01,0.044081,15108.53,0.031669,21030.20,0.027564,24162.17,0.040609,16400.25,0.024637,27032.66,0.041658,15987.29,0.080527,0.004690,0.004081,0.024637,0.113935,0.003605,4,69974,69964,429848,347,0,0,0,493,0,0,0,265,0,0,0,147,0,0,0,153,0,0,0,114,0,0,0,6644138104954774302,4913302575184236144,4913302575184236144,15800639346942967287,16344568883206144806,15569487300045929591
280,5,767,8,10,0.080826,9489.50,0.039997,19176.47,0.027331,28063.31,0.036978,20742.12,0.046994,16321.23,0.033694,22763.56,0.047210,16246.56,0.081882,0.004156,0.009656,0.033694,0.129388,0.003722,1,80996,81006,407761,445,0,0,0,455,0,0,0,449,0,0,0,308,0,0,0,518,0,0,0,221,0,0,0,11316666442574369415,14197283339307165747,14197283339307165747,9525631430121327278,6266660246325000421,5274478286774540775
281,5,920,8,10,0.081332,11311.72,0.037694,24407.36,0.029097,31618.84,0.026313,34963.29,0.036977,24880.37,0.022123,41586.09,0.038037,24186.78,0.082082,0.005581,0.009862,0.022123,0.119648,0.003767,1,81243,81223,426050,533,0,0,0,642,0,0,0,488,0,0,0,354,0,0,0,371,0,0,0,319,0,0,0,13803934973784320549,13206054239540641021,13206054239540641021,7109529465578938881,5819632812541058095,15119226347552657000
282,5,693,8,10,0.051926,13346.02,0.024928,27799.93,0.018424,37614.23,0.018074,38341.53,0.023969,28912.43,0.013123,52806.51,0.025061,27653.03,0.053147,0.003430,0.007174,0.013123,0.076875,0.003152,1,61905,61885,322288,342,0,0,0,492,0,0,0,258,0,0,0,237,0,0,0,261,0,0,0,205,0,0,0,4747159332381281736,5154627970741279886,5154627970741279886,6765865673897225166,8228844767685868038,17392335019003548667
283,5,967,8,10,0.059321,16301.12,0.023964,40352.29,0.017490,55288.06,0.017440,55446.70,0.027975,34566.75,0.017101,56547.29,0.026641,36297.65,0.059845,0.006348,0.008539,0.017101,0.091832,0.004211,2,85036,85026,329074,447,0,0,0,429,0,0,0,333,0,0,0,310,0,0,0,299,0,0,0,254,0,0,0,14221691897858665317,10563652698014772096,10563652698014772096,13463499263215273086,7612491493589009685,6665940872467604347
284,5,989,8,10,0.061863,15986.97,0.028180,35095.68,0.023564,41971.05,0.027003,36625.99,0.028943,34170.69,0.029031,34066.64,0.028893,34230.21,0.063255,0.006427,0.008986,0.029031,0.107700,0.004815,2,95989,95994,603897,815,0,0,0,1163,0,0,0,476,0,0,0,297,0,0,0,300,0,0,0,256,0,0,0,15542493810891599933,10297143804043376967,10297143804043376967,11420294295919140736,2497928796045902241,7450189684626361720
285,5,702,8,10,0.075413,9308.73,0.042064,16688.68,0.033939,20684.03,0.033983,20657.18,0.040986,17127.68,0.017036,41205.86,0.041937,16739.20,0.076083,0.004939,0.007434,0.017036,0.105493,0.002982,2,65966,65956,330961,405,0,0,0,533,0,0,0,391,0,0,0,309,0,0,0,349,0,0,0,299,0,0,0,1153996693887532438,14934444682021089552,14934444682021089552,11878661674663708450,10054316188830161726,9985015041886645076
286,5,771,8,10,0.077598,9935.81,0.038661,19942.39,0.033728,22859.68,0.033353,23116.70,0.039492,19522.78,0.026506,29088.00,0.040309,19127.06,0.076989,0.004663,0.006026,0.026506,0.114183,0.003840,3,80669,80629,473915,406,0,0,0,587,0,0,0,356,0,0,0,227,0,0,0,300,0,0,0,192,0,0,0,9255516568595784421,9726363484416178758,9726363484416178758,3330914288715209357,16006906819444962549,82466024683017808
287,5,875,8,10,0.068742,12728.78,0.034673,25235.59,0.027504,31813.57,0.026469,33057.33,0.038187,22913.69,0.029405,29757.23,0.037194,23525.23,0.069971,0.004552,0.005514,0.029405,0.109442,0.003437,3,77180,77150,408998,677,0,0,0,835,0,0,0,403,0,0,0,388,0,0,0,342,0,0,0,391,0,0,0,17886994227877139569,12825749771817633103,12825749771817633103,102524945686536484,17012874185714337071,6589687045860906730
288,5,818,8,10,0.062217,13147.44,0.031039,26353.64,0.029685,27556.34,0.029922,27337.29,0.031699,25804.94,0.027613,29623.53,0.033238,24610.67,0.063856,0.004779,0.005858,0.027613,0.102107,0.003215,4,71131,71131,347954,481,0,0,0,604,0,0,0,434,0,0,0,254,0,0,0,296,0,0,0,299,0,0,0,13635334686515393314,8549650520314071116,8549650520314071116,5095520348745084816,6846372546073678693,199253583376861521
289,5,770,8,10,0.081041,9501.42,0.072801,10576.80,0.062946,12232.61,0.061923,12434.75,0.063419,12141.39,0.048041,16027.89,0.075240,10233.92,0.082331,0.004341,0.005562,0.048041,0.140274,0.003306,2,62749,62734,255919,298,0,0,0,427,0,0,0,377,0,0,0,203,0,0,0,386,0,0,0,199,0,0,0,2670083206110936945,2670083206110936945,2670083206110936945,7905020421068938902,9423691670208250316,7454103123387768167
290,5,992,8,10,0.076537,12960.97,0.033461,29646.29,0.028056,35357.55,0.030261,32781.29,0.041264,24040.60,0.032366,30649.19,0.042416,23387.55,0.078372,0.004811,0.010846,0.032366,0.126396,0.005240,1,97103,97088,617142,672,0,0,0,1025,0,0,0,626,0,0,0,433,0,0,0,637,0,0,0,319,0,0,0,3268733047028740559,6817788645645957251,6817788645645957251,3731271178184713135,17289362449362433429,15613404438747191134
291,5,732,8,10,0.054009,13553.41,0.026949,27162.38,0.022980,31853.55,0.020700,35363.14,0.027732,26395.63,0.027280,26832.83,0.029966,24427.34,0.054797,0.004843,0.004047,0.027280,0.090966,0.003185,4,71723,71718,460422,429,0,0,0,603,0,0,0,327,0,0,0,261,0,0,0,244,0,0,0,211,0,0,0,74847376008875486,5051192547965748313,5051192547965748313,14893872706089398623,8271130902428806667,13951863879797755175
292,5,778,8,10,0.064231,12112.59,0.037499,20747.04,0.027389,28405.90,0.026635,29210.17,0.033457,23253.89,0.020664,37650.29,0.034225,22731.59,0.064192,0.005547,0.007899,0.020664,0.098302,0.003819,1,75006,75021,453845,397,0,0,0,594,0,0,0,318,0,0,0,187,0,0,0,339,0,0,0,190,0,0,0,14046688528597331566,11758185914747771043,11758185914747771043,4776694986001919734,371175748212509183,679257159649900940
293,5,654,8,10,0.049810,13129.91,0.031304,20892.11,0.022284,29348.26,0.024027,27219.48,0.029360,22275.56,0.029706,22016.01,0.029178,22413.89,0.050270,0.004303,0.002987,0.029706,0.087266,0.002568,5,55857,55807,244079,416,0,0,0,573,0,0,0,386,0,0,0,217,0,0,0,212,0,0,0,197,0,0,0,16241675096601411113,5048615723501314416,5048615723501314416,10863780138063228917,1158298752131273213,17188511823814403967
294,5,782,8,10,0.075021,10423.81,0.037591,20802.96,0.027033,28927.39,0.032996,23699.80,0.038609,20254.13,0.033240,23525.94,0.038927,20089.08,0.074757,0.005496,0.004764,0.033240,0.118258,0.003509,5,81085,81075,595838,548,0,0,0,702,0,0,0,440,0,0,0,327,0,0,0,307,0,0,0,239,0,0,0,5309422444894085219,392212873087470065,392212873087470065,9641663319008555583,949913708627667102,9599872642942694665
295,5,694,8,10,0.080919,8576.53,0.049547,14006.99,0.034849,19914.60,0.033851,20501.55,0.046795,14830.69,0.031508,22026.20,0.046437,14945.01,0.081315,0.004324,0.005051,0.031508,0.122198,0.003795,3,64175,64175,330363,443,0,0,0,643,0,0,0,300,0,0,0,233,0,0,0,288,0,0,0,176,0,0,0,17662558388419921424,15358101760337720808,15358101760337720808,3048760788241227301,3499371581280436856,1578687080553888697
296,5,839,8,10,0.079523,10550.37,0.035711,23493.90,0.030047,27922.77,0.030184,27795.90,0.039307,21344.94,0.023119,36290.91,0.035488,23641.79,0.080111,0.005875,0.009321,0.023119,0.118425,0.004332,1,94693,94703,502244,542,0,0,0,694,0,0,0,356,0,0,0,316,0,0,0,371,0,0,0,185,0,0,0,4759781578705158285,13733767106393632519,13733767106393632519,12144816101475645782,1636849207775770660,6784400621985512514
297,5,944,8,10,0.074416,12685.51,0.050225,18795.44,0.036584,25803.52,0.035455,26625.35,0.046518,20293.10,0.030704,30745.08,0.049088,19230.89,0.074501,0.006103,0.003981,0.030704,0.115289,0.003633,5,71197,71172,355565,321,0,0,0,339,0,0,0,279,0,0,0,127,0,0,0,137,0,0,0,141,0,0,0,10157635928304364238,10157635928304364238,10157635928304364238,5249430188763156900,3504870810252444821,8619309861686428530
298,5,918,8,10,0.085087,10788.97,0.045843,20024.78,0.028749,31931.87,0.028236,32511.16,0.045447,20199.48,0.038754,23687.80,0.044515,20622.15,0.085721,0.005827,0.005218,0.038754,0.135520,0.004292,4,89701,89656,532155,596,0,0,0,782,0,0,0,477,0,0,0,304,0,0,0,347,0,0,0,238,0,0,0,12533965784040425961,1414065866456874901,1414065866456874901,3712984321216255576,1923009896050064532,9368697726529288522
299,5,922,8,10,0.071728,12854.10,0.037988,24271.05,0.024151,38176.15,0.025222,36556.02,0.035492,25977.45,0.029724,31018.91,0.036998,24920.46,0.072237,0.005186,0.004108,0.029724,0.111255,0.006424,5,74508,74498,475972,511,0,0,0,803,0,0,0,478,0,0,0,286,0,0,0,251,0,0,0,276,0,0,0,8563717771147536382,12872625184810553875,12872625184810553875,6796854241706239863,3887222830962809587,15502444635267899964
300,5,910,8,10,0.076381,11913.92,0.044511,20444.24,0.034291,26537.87,0.033507,27158.21,0.040798,22304.85,0.020935,43468.73,0.040219,22625.85,0.077011,0.005229,0.008011,0.020935,0.111186,0.003372,1,73510,73500,489772,547,0,0,0,595,0,0,0,412,0,0,0,208,0,0,0,251,0,0,0,196,0,0,0,14614524402665557838,6321331331322633048,6321331331322633048,6029398878082062943,715921180871724387,7085452531956806379
301,5,1104,8,10,0.072122,15307.43,0.035932,30724.89,0.024225,45572.98,0.022072,50017.16,0.032223,34260.86,0.020144,54805.87,0.032802,33656.55,0.071498,0.006537,0.011420,0.020144,0.109599,0.004171,1,101906,101901,419477,744,0,0,0,794,0,0,0,268,0,0,0,211,0,0,0,286,0,0,0,186,0,0,0,7828421547377571784,433887436946264950,433887436946264950,17039581926994257245,17337327466683677186,2289761967638490797
302,5,715,8,10,0.054953,13011.23,0.031533,22674.98,0.027295,26195.54,0.026630,26849.66,0.028379,25194.30,0.018622,38394.47,0.031128,22969.95,0.055077,0.004441,0.004744,0.018622,0.082884,0.002608,3,61256,61226,343562,328,0,0,0,367,0,0,0,229,0,0,0,162,0,0,0,245,0,0,0,149,0,0,0,10558016709076958924,6056845607695423962,6056845607695423962,142949346716035447,644908957956880677,3926738237198162351
303,5,1161,8,10,0.064245,18071.58,0.033507,34649.33,0.026136,44421.86,0.025548,45444.62,0.028324,40989.60,0.023071,50323.43,0.028082,41343.20,0.065535,0.005878,0.006272,0.023071,0.100756,0.004614,4,99772,99727,523674,1001,0,0,0,911,0,0,0,354,0,0,0,289,0,0,0,307,0,0,0,192,0,0,0,11386318196396785970,1065990080954569314,1065990080954569314,3085352863469812907,14808049262472580649,13395263085778502667
304,5,808,8,10,0.069571,11614.03,0.036664,22037.88,0.029054,27809.93,0.035657,22660.58,0.045008,17952.39,0.034407,23483.66,0.047299,17082.74,0.070057,0.005610,0.008612,0.034407,0.118686,0.004974,1,76619,76629,380613,579,0,0,0,663,0,0,0,334,0,0,0,253,0,0,0,334,0,0,0,173,0,0,0,4395218383744430855,2778864584283494744,2778864584283494744,2574490154712444895,13335146279908518018,3668878209447070543
305,5,794,8,10,0.067980,11679.85,0.041153,19293.89,0.035015,22676.29,0.034771,22835.14,0.039073,20321.05,0.023326,34039.13,0.041177,19282.67,0.068212,0.005542,0.007748,0.023326,0.104829,0.003356,2,73537,73522,334415,555,0,0,0,873,0,0,0,339,0,0,0,239,0,0,0,286,0,0,0,225,0,0,0,16422117306495305620,14954509931124218845,14954509931124218845,11860724234061690311,18326880060517360433,826511550548203892
306,5,774,8,10,0.062303,12423.20,0.036520,21193.91,0.028480,27177.10,0.026989,28677.87,0.036606,21144.21,0.019388,39922.36,0.037383,20704.34,0.062801,0.004885,0.009122,0.019388,0.096195,0.003625,1,83535,83525,363488,500,0,0,0,794,0,0,0,421,0,0,0,336,0,0,0,457,0,0,0,283,0,0,0,16750622708113363131,2767339821220123460,2767339821220123460,8725405600938196989,16168974680521457989,1123954719123594985
307,5,795,8,10,0.075167,10576.49,0.040789,19490.41,0.035172,22603.40,0.035375,22473.32,0.040982,19398.83,0.023092,34427.61,0.039063,20351.97,0.076048,0.004289,0.004448,0.023092,0.107876,0.003447,5,80078,80088,366014,503,0,0,0,871,0,0,0,663,0,0,0,398,0,0,0,294,0,0,0,250,0,0,0,14913514883878497433,13936223977541704557,13936223977541704557,4710053227719325592,6422842359205879373,4076831067191256076
308,5,846,8,10,0.052262,16187.74,0.027970,30246.96,0.019410,43586.74,0.019581,43204.58,0.029391,28784.71,0.021133,40032.34,0.028591,29590.08,0.052624,0.005058,0.007837,0.021133,0.086651,0.003928,2,77444,77429,258909,274,0,0,0,455,0,0,0,298,0,0,0,182,0,0,0,376,0,0,0,175,0,0,0,3900450455875082986,1813365392349639441,1813365392349639441,10867329476849994350,3636790014889189784,427030184460271915
309,5,889,8,10,0.064176,13852.56,0.027294,32571.77,0.021778,40820.58,0.025406,34991.64,0.031743,28005.91,0.020899,42538.55,0.032211,27599.31,0.063827,0.005748,0.009118,0.020899,0.099591,0.003682,1,80288,80293,603350,517,0,0,0,625,0,0,0,487,0,0,0,301,0,0,0,377,0,0,0,246,0,0,0,13268727618859377383,7291305463565594290,7291305463565594290,17561325394084730322,2724738639652991702,10667153963948194797
310,5,818,8,10,0.032049,25523.28,0.014335,57063.15,0.013152,62194.19,0.015428,53020.90,0.015908,51420.89,0.015121,54096.91,0.017275,47350.89,0.032297,0.005311,0.005988,0.015121,0.058716,0.002852,4,68055,68050,328485,602,0,0,0,809,0,0,0,274,0,0,0,177,0,0,0,177,0,0,0,203,0,0,0,4502906857430804094,5335544794408667789,5335544794408667789,7010648303912199859,136381740203889896,18082046311184900107
311,5,866,8,10,0.064917,13340.06,0.033093,26169.00,0.025012,34622.85,0.041364,20935.86,0.045988,18831.04,0.042372,20438.23,0.044983,19251.60,0.065137,0.004501,0.007733,0.042372,0.119743,0.003464,2,79983,79973,390743,867,0,0,0,952,0,0,0,608,0,0,0,358,0,0,0,572,0,0,0,296,0,0,0,6886163117542870421,15356888602352273801,15356888602352273801,16048930628122599810,1162021260077106414,5719870905759628265
312,5,769,8,10,0.073901,10405.80,0.038495,19976.57,0.027608,27854.50,0.026793,28701.59,0.038321,20067.11,0.019385,39669.39,0.040251,19104.89,0.075016,0.004552,0.009547,0.019385,0.108501,0.003548,1,89285,89275,380692,583,0,0,0,643,0,0,0,558,0,0,0,376,0,0,0,446,0,0,0,517,0,0,0,9945897994884585425,9945897994884585425,9945897994884585425,10039258353355813765,11118778030994748384,10380237836013380281
313,5,775,8,10,0.080155,9668.76,0.045850,16902.93,0.033282,23285.52,0.042905,18063.12,0.051841,14949.48,0.030330,25552.06,0.055308,14012.32,0.081174,0.005507,0.007270,0.030330,0.124281,0.003654,2,80868,80818,633366,566,0,0,0,776,0,0,0,515,0,0,0,292,0,0,0,413,0,0,0,305,0,0,0,5927937881701891634,9783109378265088659,9783109378265088659,13029451219212094885,14156042018916779461,5379249391826750417
314,5,750,8,10,0.061782,12139.47,0.034762,21575.30,0.027677,27098.35,0.025670,29217.46,0.033395,22458.38,0.019512,38438.65,0.035431,21167.85,0.062814,0.003950,0.008129,0.019512,0.094405,0.003151,1,68487,68442,375902,351,0,0,0,529,0,0,0,333,0,0,0,250,0,0,0,366,0,0,0,226,0,0,0,15882822008828657843,797649507886109913,797649507886109913,3161575653966543873,11427896828003499076,3830809257332302577
315,5,863,8,10,0.081294,10615.74,0.040945,21077.00,0.027839,30999.86,0.026871,32116.86,0.037867,22790.55,0.025203,34242.54,0.040806,21148.69,0.081945,0.006676,0.009891,0.025203,0.123715,0.003832,1,85142,85117,433426,640,0,0,0,621,0,0,0,314,0,0,0,293,0,0,0,413,0,0,0,262,0,0,0,15538447020991409068,14451142641220205731,14451142641220205731,15207596341803741529,14547270901375549927,14082769611924879763
316,5,857,8,10,0.073612,11642.09,0.038273,22391.57,0.033594,25510.57,0.033487,25592.16,0.037143,23073.07,0.022150,38691.31,0.041209,20796.18,0.073379,0.004976,0.007429,0.022150,0.107934,0.003443,2,79179,79164,402519,983,0,0,0,953,0,0,0,464,0,0,0,280,0,0,0,258,0,0,0,254,0,0,0,5713406095825228290,8791400857459138456,8791400857459138456,13511059021357015806,502506828156575549,7856467583863728447
317,5,819,8,10,0.062976,13004.95,0.035499,23070.79,0.027511,29769.48,0.027782,29479.69,0.034216,23936.02,0.027053,30273.85,0.034434,23784.94,0.063444,0.005066,0.004510,0.027053,0.100073,0.003324,5,75758,75728,372917,430,0,0,0,554,0,0,0,359,0,0,0,171,0,0,0,196,0,0,0,188,0,0,0,11193332840033602716,6517154314839754417,6517154314839754417,8131960058087571545,18348103664088889628,16504753441971967043
318,5,864,8,10,0.084299,10249.23,0.050649,17058.64,0.034216,25251.32,0.039656,21787.24,0.049110,17593.24,0.039364,21948.92,0.051268,16852.63,0.084589,0.005342,0.008889,0.039364,0.138184,0.003733,1,73912,73887,461826,604,0,0,0,860,0,0,0,381,0,0,0,247,0,0,0,500,0,0,0,248,0,0,0,16771141554403490591,14897637360169379328,14897637360169379328,16193701487857918387,8516561519599689665,18345739257406021221
319,5,824,8,10,0.069969,11776.69,0.032993,24974.91,0.020958,39317.30,0.022564,36517.59,0.032211,25581.27,0.020170,40852.86,0.032155,25625.85,0.070194,0.005427,0.008173,0.020170,0.103964,0.004169,1,83053,83063,518002,694,0,0,0,808,0,0,0,400,0,0,0,247,0,0,0,372,0,0,0,189,0,0,0,3175682469839563906,2719245407182263963,2719245407182263963,14436606604576855232,7600755113992873284,6080721111153990088
320,5,569,8,10,0.035934,15834.61,0.016341,34821.07,0.010602,53668.30,0.018482,30785.91,0.019837,28683.10,0.015025,37870.86,0.024865,22883.89,0.036679,0.002296,0.004615,0.015025,0.058615,0.002373,2,43645,43650,384960,281,0,0,0,354,0,0,0,192,0,0,0,96,0,0,0,171,0,0,0,89,0,0,0,3589330628343582786,4740399058384672600,4740399058384672600,8250156959438346635,6082724290595330559,296095900917031447
321,5,1072,8,10,0.088841,12066.54,0.041088,26090.56,0.031934,33569.42,0.030471,35181.30,0.038485,27854.89,0.031593,33931.49,0.041595,25772.42,0.089132,0.006884,0.009501,0.031593,0.137110,0.004998,2,104992,104957,674386,843,0,0,0,1114,0,0,0,589,0,0,0,457,0,0,0,581,0,0,0,367,0,0,0,8531229832973325793,304169308186582200,304169308186582200,2737620055413211921,6697444894283078889,16286471209560379095
322,5,767,8,10,0.066249,11577.54,0.034139,22466.75,0.022288,34413.46,0.021132,36295.27,0.034278,22376.12,0.024745,30995.91,0.034042,22531.12,0.065602,0.004724,0.008220,0.024745,0.103291,0.003102,1,71934,71909,308921,394,0,0,0,635,0,0,0,424,0,0,0,226,0,0,0,447,0,0,0,252,0,0,0,12162327700919226891,11656551326274883726,11656551326274883726,17770370474119522349,534008705706524251,10191098040265029723
323,5,838,8,10,0.075236,11138.29,0.041221,20329.49,0.036690,22839.81,0.035823,23392.82,0.038873,21557.51,0.021025,39857.28,0.040772,20553.34,0.075406,0.004326,0.008266,0.021025,0.109023,0.003057,1,73566,73581,582801,542,0,0,0,718,0,0,0,385,0,0,0,221,0,0,0,344,0,0,0,283,0,0,0,6612011894966976399,6612011894966976399,6612011894966976399,3860165910384514025,1942756636869484991,59098812996668768
324,5,851,8,10,0.083939,10138.33,0.039286,21661.69,0.028363,30004.33,0.026891,31646.07,0.037210,22870.48,0.020853,40809.83,0.039050,21792.65,0.084355,0.004666,0.009094,0.020853,0.118968,0.003188,1,76027,76032,488235,664,0,0,0,817,0,0,0,410,0,0,0,313,0,0,0,477,0,0,0,172,0,0,0,14868595834986911060,14872971147137989789,14872971147137989789,4501941240391555135,14362830212241371399,3911396921246572438
325,5,840,8,10,0.064010,13122.91,0.034591,24284.05,0.028133,29858.04,0.027223,30856.62,0.035360,23755.78,0.022460,37400.33,0.037903,22162.11,0.064107,0.004760,0.004556,0.022460,0.095883,0.003416,4,80267,80252,535365,571,0,0,0,727,0,0,0,356,0,0,0,254,0,0,0,222,0,0,0,210,0,0,0,17588507104202296280,2278325947995446162,2278325947995446162,16943440064951326880,12129946350443506342,10039621969472431031
326,5,813,8,10,0.067304,12079.56,0.040394,20126.86,0.034941,23267.57,0.033855,24014.00,0.038051,21365.84,0.026375,30825.14,0.041430,19623.49,0.067834,0.004216,0.003502,0.026375,0.101927,0.003496,5,69855,69855,496451,481,0,0,0,755,0,0,0,366,0,0,0,295,0,0,0,288,0,0,0,281,0,0,0,13654170252921327343,15616062110220427376,15616062110220427376,8515738541741332331,2181317644736840266,6191763062220436388
327,5,955,8,10,0.058997,16187.15,0.034331,27817.10,0.026185,36471.06,0.026200,36450.62,0.031620,30202.58,0.024089,39644.06,0.033962,28119.39,0.059146,0.004996,0.004104,0.024089,0.092335,0.004393,5,80511,80501,419214,380,0,0,0,554,0,0,0,311,0,0,0,228,0,0,0,211,0,0,0,190,0,0,0,1733161491939393557,5712301982787403957,5712301982787403957,17395175269155199896,14602607571808596804,15139625951353888822
328,5,883,8,10,0.072792,12130.44,0.038873,22714.93,0.035206,25081.14,0.034866,25325.69,0.038958,22665.65,0.030108,29327.90,0.038175,23130.18,0.072027,0.005445,0.004888,0.030108,0.112468,0.003468,4,81386,81361,526432,532,0,0,0,798,0,0,0,627,0,0,0,330,0,0,0,383,0,0,0,302,0,0,0,14713922959019000471,6447538797681912284,6447538797681912284,10740333892652294871,12647605283897414944,7436415392659314290
329,5,775,8,10,0.058076,13344.70,0.036675,21131.34,0.025887,29938.16,0.026673,29055.38,0.034228,22642.53,0.023945,32365.93,0.034974,22159.59,0.058224,0.004815,0.008304,0.023945,0.095287,0.003294,1,75805,75790,369961,519,0,0,0,770,0,0,0,429,0,0,0,338,0,0,0,562,0,0,0,298,0,0,0,16308716846332236099,16308716846332236099,16308716846332236099,12558372195954597712,2098182477803216678,12229317705288864846
330,5,698,8,10,0.062151,11230.72,0.036658,19040.82,0.026583,26257.20,0.025470,27404.67,0.035312,19766.69,0.021870,31915.16,0.036638,19051.33,0.062243,0.004465,0.006326,0.021870,0.094904,0.002895,2,70567,70532,470232,504,0,0,0,661,0,0,0,447,0,0,0,263,0,0,0,340,0,0,0,255,0,0,0,2681627725172591512,2786176125896898284,2786176125896898284,5388275893030611969,14217989241691141315,3893784704348420446
331,5,781,8,10,0.073046,10691.90,0.044602,17510.56,0.034840,22416.52,0.034690,22513.46,0.041061,19020.49,0.026273,29726.81,0.042701,18289.93,0.073854,0.006586,0.008690,0.026273,0.115402,0.004197,3,105369,105339,389025,493,0,0,0,620,0,0,0,327,0,0,0,215,0,0,0,253,0,0,0,270,0,0,0,10951670401529135096,10137354552701178470,10137354552701178470,2842778102119370028,17172627004129256935,432135081500786421
332,5,772,8,10,0.068454,11277.57,0.042260,18267.98,0.034617,22301.41,0.034164,22597.12,0.041582,18565.75,0.020221,38177.20,0.044608,17306.36,0.068097,0.005323,0.007009,0.020221,0.100651,0.003167,2,72695,72670,478277,392,0,0,0,542,0,0,0,499,0,0,0,321,0,0,0,401,0,0,0,285,0,0,0,2861070830412716782,10439953901147984045,10439953901147984045,8959331032472288974,10244919349840648888,13977854448891907114
333,5,826,8,10,0.074995,11014.06,0.048945,16876.04,0.025673,32173.62,0.035976,22959.67,0.048679,16968.40,0.029572,27931.73,0.049540,16673.26,0.074826,0.006805,0.007936,0.029572,0.119140,0.003880,1,77062,77037,390378,467,0,0,0,380,0,0,0,330,0,0,0,355,0,0,0,348,0,0,0,286,0,0,0,5960723569808759625,5960723569808759625,5960723569808759625,8899785835462332774,5336158100023625141,2365976733117427610
334,5,637,8,10,0.060834,10471.08,0.037874,16818.89,0.033220,19175.36,0.031898,19969.99,0.035441,17973.52,0.033771,18862.58,0.037081,17178.43,0.061015,0.003572,0.005108,0.033771,0.103465,0.002511,2,55233,55228,394025,343,0,0,0,363,0,0,0,250,0,0,0,157,0,0,0,264,0,0,0,186,0,0,0,6319700011691683344,7415141927389128419,7415141927389128419,17829123259576036654,16145694656910333991,8269265631295906960
335,5,843,8,10,0.080548,10465.85,0.042643,19768.80,0.033543,25132.20,0.034213,24639.46,0.042797,19697.50,0.020980,40181.11,0.042696,19744.19,0.081606,0.005352,0.006022,0.020980,0.113960,0.003496,3,79468,79508,403904,573,0,0,0,847,0,0,0,425,0,0,0,370,0,0,0,403,0,0,0,328,0,0,0,17051016982020005239,4896126246808776599,4896126246808776599,14566059947269550800,6905070648859513566,12634531818033332663
336,5,797,8,10,0.080306,9924.58,0.039676,20087.60,0.032905,24221.29,0.038362,20775.93,0.042779,18630.67,0.030243,26353.04,0.048002,16603.57,0.081052,0.004700,0.008342,0.030243,0.124338,0.004044,1,77673,77668,505258,516,0,0,0,539,0,0,0,361,0,0,0,203,0,0,0,400,0,0,0,277,0,0,0,12796769537878760570,14547334350764862789,14547334350764862789,9027724483083496795,6945186322523395010,8757531217178468274
337,5,831,8,10,0.072062,11531.78,0.044818,18541.56,0.023323,35630.15,0.038935,21343.05,0.043705,19013.92,0.043447,19126.89,0.045664,18198.24,0.072135,0.004506,0.003696,0.043447,0.123783,0.003211,5,72171,72176,420895,429,0,0,0,491,0,0,0,419,0,0,0,243,0,0,0,279,0,0,0,340,0,0,0,460454499758904644,6244767410196873935,6244767410196873935,1307968236190120236,6787279951881167875,11703722879466437278
338,5,701,8,10,0.043758,16019.87,0.022114,31699.32,0.017845,39281.97,0.020440,34295.45,0.023731,29540.02,0.019111,36681.07,0.026118,26840.10,0.044144,0.004394,0.006396,0.019111,0.074045,0.002847,2,66995,67000,362670,422,0,0,0,708,0,0,0,399,0,0,0,279,0,0,0,335,0,0,0,307,0,0,0,13907773248280279750,1074132084414785037,1074132084414785037,10904575719493295773,11288539821090022034,9495071834454634481
339,5,829,8,10,0.076491,10837.91,0.039064,21221.52,0.021318,38886.93,0.024772,33465.55,0.037544,22080.90,0.021327,38871.36,0.037828,21914.89,0.077755,0.004789,0.007010,0.021327,0.110882,0.003157,2,73917,73907,475909,433,0,0,0,539,0,0,0,386,0,0,0,206,0,0,0,259,0,0,0,180,0,0,0,17037437968764210435,17037437968764210435,17037437968764210435,9511027787014097753,508844348590064862,5830907937442057338
340,5,856,8,10,0.064959,13177.45,0.033636,25448.88,0.021232,40316.93,0.027628,30982.82,0.036050,23744.75,0.032396,26423.32,0.036263,23605.47,0.066329,0.005052,0.005740,0.032396,0.109517,0.003605,5,83042,83057,452008,493,0,0,0,721,0,0,0,386,0,0,0,214,0,0,0,225,0,0,0,174,0,0,0,13835181183237994342,12895821724738870176,12895821724738870176,10749823172403216126,15601802983363296742,12038224105031376804
341,5,735,8,10,0.074487,9867.53,0.037744,19473.48,0.026236,28014.84,0.025699,28600.12,0.036855,19943.22,0.019192,38296.36,0.037600,19548.08,0.075184,0.005728,0.009848,0.019192,0.109952,0.003891,1,86926,86926,382652,306,0,0,0,644,0,0,0,496,0,0,0,266,0,0,0,318,0,0,0,232,0,0,0,4865752239048873810,14404486435760026207,14404486435760026207,9820891876781107846,9799784542466070338,17764460045813812082
342,5,696,8,10,0.050489,13785.29,0.026426,26337.41,0.020768,33512.78,0.019307,36049.32,0.027873,24970.21,0.025995,26774.41,0.028342,24557.40,0.050709,0.016742,0.004149,0.025995,0.097595,0.002820,4,64819,64804,294324,368,0,0,0,535,0,0,0,371,0,0,0,249,0,0,0,257,0,0,0,249,0,0,0,8515164710639371703,7548818299019668930,7548818299019668930,14297217525416713425,14779326485830678062,11455115430804475672
343,5,962,8,10,0.069308,13880.06,0.028117,34214.14,0.021361,45036.37,0.027144,35441.21,0.031483,30556.54,0.028611,33623.65,0.032105,29963.88,0.068883,0.006129,0.007676,0.028611,0.111300,0.004829,5,98020,98000,347444,602,0,0,0,766,0,0,0,324,0,0,0,310,0,0,0,256,0,0,0,348,0,0,0,12030209592243940184,6752870312547946025,6752870312547946025,15163229852289576617,7348205431147460719,8213091964618108983
344,5,832,8,10,0.051372,16195.63,0.023721,35074.49,0.016588,50156.62,0.023208,35850.00,0.026861,30974.78,0.025717,32352.37,0.030521,27260.04,0.050867,0.005178,0.003952,0.025717,0.085714,0.003501,5,80746,80731,384582,473,0,0,0,672,0,0,0,447,0,0,0,291,0,0,0,279,0,0,0,327,0,0,0,719784763238504799,10646440198291245746,10646440198291245746,11050462098950679489,9288365054288600695,15521953914616250791
345,5,967,8,10,0.072273,13379.84,0.027711,34896.24,0.021832,44292.27,0.027599,35036.90,0.034847,27749.85,0.028739,33647.69,0.039647,24390.34,0.072796,0.006046,0.010972,0.028739,0.118554,0.004464,1,104853,104813,562939,624,0,0,0,820,0,0,0,558,0,0,0,393,0,0,0,454,0,0,0,326,0,0,0,5961767075335870720,5961767075335870720,5961767075335870720,8911307643511350512,15100082094277950240,12241115366207594359
346,5,899,8,10,0.074980,11989.94,0.035916,25030.83,0.024050,37380.26,0.025622,35087.65,0.033176,27097.78,0.030970,29028.53,0.038080,23608.31,0.075498,0.005981,0.005218,0.030970,0.117667,0.003846,4,88806,88711,701746,478,0,0,0,540,0,0,0,404,0,0,0,337,0,0,0,303,0,0,0,337,0,0,0,13670465432695138658,6983044434174566766,6983044434174566766,13260520201292511568,7774348738860304772,2885280904344139318
347,5,786,8,10,0.072815,10794.52,0.027030,29079.07,0.023862,32939.73,0.032178,24426.74,0.041348,19009.42,0.033229,23653.73,0.045158,17405.39,0.073724,0.005752,0.006570,0.033229,0.119275,0.004826,3,100657,100682,409582,579,0,0,0,832,0,0,0,603,0,0,0,450,0,0,0,337,0,0,0,415,0,0,0,7186545978155019834,7186545978155019834,7186545978155019834,3380762211842680828,5412891131840956433,9725397399152707785
348,5,1070,8,10,0.099112,10795.92,0.042087,25423.37,0.029074,36802.93,0.035606,30050.78,0.041652,25689.31,0.024043,44502.76,0.047017,22757.76,0.100571,0.006990,0.009449,0.024043,0.141054,0.005524,2,115634,115604,1016365,457,0,0,0,507,0,0,0,438,0,0,0,355,0,0,0,320,0,0,0,363,0,0,0,17616716852867082868,6599678255003408297,6599678255003408297,6893795237259611488,6034321682683516765,10124464733601248523
349,5,807,8,10,0.062939,12821.97,0.026240,30754.97,0.021670,37240.85,0.023722,34018.38,0.028544,28271.68,0.023030,35040.50,0.033089,24389.03,0.063233,0.004333,0.007705,0.023030,0.098302,0.003343,2,73655,73610,536883,332,0,0,0,383,0,0,0,274,0,0,0,266,0,0,0,299,0,0,0,227,0,0,0,10859289758252798499,14452825338015813446,14452825338015813446,14218810762818267770,5492370081031365523,8133953376888145467
350,5,713,8,10,0.070999,10042.37,0.040276,17702.84,0.032981,21618.33,0.033600,21220.46,0.038083,18722.35,0.018079,39437.71,0.040794,17477.90,0.071190,0.005797,0.008304,0.018079,0.103370,0.003209,1,75142,75137,604207,324,0,0,0,502,0,0,0,437,0,0,0,218,0,0,0,461,0,0,0,269,0,0,0,8740672234885962372,3729469512042031636,3729469512042031636,4732945584648504655,12318445236910049889,27844175417181632
351,5,709,8,10,0.075890,9342.46,0.039422,17984.99,0.034980,20268.77,0.033298,21292.66,0.040202,17636.13,0.026268,26991.24,0.040645,17443.67,0.076221,0.005355,0.007304,0.026268,0.115149,0.003539,2,82427,82367,544282,336,0,0,0,602,0,0,0,381,0,0,0,226,0,0,0,263,0,0,0,217,0,0,0,9900002783108805810,9900002783108805810,9900002783108805810,8303180567247526626,4925147629019485306,10773126274096014404
352,5,881,8,10,0.094250,9347.52,0.055536,15863.53,0.045810,19231.65,0.044931,19607.88,0.041449,21254.95,0.043599,20206.93,0.059889,14710.53,0.095347,0.006562,0.007974,0.043599,0.153481,0.004472,2,91192,91187,555637,568,0,0,0,803,0,0,0,449,0,0,0,270,0,0,0,383,0,0,0,384,0,0,0,16059208671097997265,16059208671097997265,16059208671097997265,10246093773938578073,5612677769644498032,13210154853226379783
353,5,693,8,10,0.062632,11064.55,0.037646,18408.34,0.025020,27697.75,0.032120,21575.43,0.034231,20244.86,0.024968,27755.69,0.037250,18603.92,0.062361,0.005147,0.007111,0.024968,0.099586,0.003572,2,66271,66256,340901,441,0,0,0,597,0,0,0,370,0,0,0,270,0,0,0,378,0,0,0,257,0,0,0,1296923902911778896,1296923902911778896,1296923902911778896,6089653992350075763,13460777274927145680,3975523943261805207
354,5,785,8,10,0.066032,11888.24,0.041025,19134.65,0.032692,24011.85,0.033612,23354.94,0.037445,20963.81,0.027857,28179.42,0.040359,19450.29,0.066964,0.004445,0.003605,0.027857,0.102872,0.002997,5,69237,69227,453627,397,0,0,0,521,0,0,0,434,0,0,0,287,0,0,0,310,0,0,0,313,0,0,0,12292425187551554194,12292425187551554194,12292425187551554194,4490134837126635946,11242958966576919856,6712702632857361302
355,5,814,8,10,0.072008,11304.29,0.039185,20773.26,0.033441,24341.14,0.033878,24027.17,0.036043,22584.00,0.029553,27543.48,0.038286,21261.13,0.072210,0.004457,0.004013,0.029553,0.110232,0.003466,5,77020,76985,469961,429,0,0,0,426,0,0,0,461,0,0,0,297,0,0,0,242,0,0,0,255,0,0,0,13788337189412589269,17015146793073025090,17015146793073025090,9942227703536032569,3537048362561500058,62869769784133472
356,5,918,8,10,0.068272,13446.21,0.043638,21036.70,0.034072,26943.31,0.034448,26648.55,0.045328,20252.25,0.025386,36162.29,0.045719,20079.38,0.068658,0.005851,0.004018,0.025386,0.103913,0.003394,5,76431,76421,498711,419,0,0,0,723,0,0,0,609,0,0,0,300,0,0,0,244,0,0,0,307,0,0,0,6995957072442398219,16479290092851686585,16479290092851686585,1013891564018720086,13883479948960316554,11126658015005289845
357,5,756,8,10,0.075206,10052.38,0.042983,17588.30,0.026878,28127.00,0.047781,15822.34,0.047312,15978.98,0.030332,24924.49,0.049300,15334.71,0.075524,0.004551,0.007626,0.030332,0.118032,0.002979,1,69325,69340,428228,408,0,0,0,438,0,0,0,311,0,0,0,173,0,0,0,302,0,0,0,178,0,0,0,6626237554167992075,6626237554167992075,6626237554167992075,4914379393255930715,5618353558834745006,8309415007063565623
358,5,891,8,10,0.078992,11279.67,0.035646,24995.73,0.025150,35427.24,0.034850,25567.05,0.044409,20063.53,0.025038,35586.21,0.047464,18772.25,0.080186,0.005824,0.006838,0.025038,0.117885,0.004582,2,91103,91048,338982,912,0,0,0,883,0,0,0,521,0,0,0,318,0,0,0,242,0,0,0,244,0,0,0,1330743597536053863,15017745497133770233,15017745497133770233,17881898282811627494,2857643386169319861,8269471962863661070
359,5,869,8,10,0.067364,12900.04,0.037072,23440.73,0.027946,31096.00,0.028366,30635.21,0.037443,23208.80,0.028744,30232.89,0.041239,21072.12,0.067856,0.005365,0.007886,0.028744,0.109850,0.003463,2,77855,77825,531562,469,0,0,0,665,0,0,0,419,0,0,0,301,0,0,0,425,0,0,0,292,0,0,0,3196107761785970094,16855281335128296037,16855281335128296037,1471544532462721744,8222053346728324790,16174864748530005895
360,5,812,8,10,0.073067,11113.13,0.040199,20199.44,0.034384,23615.74,0.033728,24074.63,0.038591,21041.29,0.038584,21045.00,0.039819,20392.38,0.073093,0.004968,0.004436,0.038584,0.121080,0.003506,5,78749,78724,520542,590,0,0,0,827,0,0,0,652,0,0,0,360,0,0,0,369,0,0,0,272,0,0,0,15972792362137854513,15972792362137854513,15972792362137854513,9344389317492293404,9344389317492293404,13927514595596878651
361,5,688,8,10,0.076650,8975.91,0.041355,16636.63,0.032916,20901.60,0.033702,20413.96,0.040962,16796.04,0.024302,28310.78,0.042265,16278.20,0.076839,0.005521,0.007726,0.024302,0.114388,0.003179,1,70772,70742,459001,357,0,0,0,375,0,0,0,298,0,0,0,215,0,0,0,270,0,0,0,258,0,0,0,3498669021121254904,3142212925158872340,3142212925158872340,15790055347244636691,8850084824294776168,5373039557455789818
362,5,837,8,10,0.060096,13927.81,0.036445,22966.36,0.027654,30266.69,0.026046,32135.55,0.035267,23733.36,0.020817,40206.63,0.036391,23000.20,0.061091,0.004133,0.007875,0.020817,0.093917,0.003020,1,69042,69042,397642,468,0,0,0,673,0,0,0,387,0,0,0,259,0,0,0,417,0,0,0,249,0,0,0,12419850787115976698,681493222674315653,681493222674315653,7301270512720631733,12736758217338821623,8660505643207723406
363,5,823,8,10,0.057027,14431.72,0.030725,26785.73,0.027970,29423.88,0.026304,31288.34,0.030983,26563.19,0.026239,31365.65,0.032534,25296.95,0.057270,0.006398,0.006582,0.026239,0.096488,0.003858,2,76422,76392,467911,531,0,0,0,841,0,0,0,385,0,0,0,235,0,0,0,329,0,0,0,217,0,0,0,17408098343852993354,1732572366411871812,1732572366411871812,16177744895150585740,5134346500963371973,16125154538985075652
364,5,808,8,10,0.058909,13716.00,0.033855,23866.57,0.026322,30696.55,0.026341,30674.65,0.040048,20175.58,0.032776,24651.92,0.032894,24564.08,0.058762,0.006400,0.004919,0.032776,0.102858,0.003572,4,70230,70210,436332,452,0,0,0,706,0,0,0,309,0,0,0,289,0,0,0,254,0,0,0,241,0,0,0,11118324694247208629,4370204689007652250,4370204689007652250,9220941228923703125,16523067038263641700,17937478040842813360
365,5,763,8,10,0.052492,14535.62,0.030601,24933.71,0.020221,37732.37,0.022542,33848.56,0.034187,22318.48,0.033896,22510.12,0.035464,21514.87,0.052626,0.005598,0.004065,0.033896,0.096185,0.004095,5,80337,80342,474534,648,0,0,0,832,0,0,0,469,0,0,0,294,0,0,0,231,0,0,0,280,0,0,0,4680661302856989794,1325551189937473347,1325551189937473347,11004475913211447354,17972524559023594179,8161460007465928100
366,5,678,8,10,0.046106,14705.15,0.027431,24716.85,0.016992,39902.09,0.017928,37817.89,0.026553,25533.71,0.024755,27388.91,0.028216,24028.58,0.046807,0.003779,0.006129,0.024755,0.081469,0.002868,2,67076,67066,476575,415,0,0,0,631,0,0,0,412,0,0,0,254,0,0,0,391,0,0,0,232,0,0,0,16498933219161771482,10796460373957804655,10796460373957804655,7985394033857286768,8424270071034039185,4069064913908581799
367,5,800,8,10,0.046385,17246.80,0.024021,33304.41,0.018269,43789.10,0.021323,37517.54,0.023839,33558.91,0.020148,39705.57,0.024482,32676.83,0.047081,0.004262,0.008662,0.020148,0.080154,0.003179,1,71283,71253,595518,466,0,0,0,689,0,0,0,503,0,0,0,350,0,0,0,444,0,0,0,319,0,0,0,3388699042837624231,3388699042837624231,3388699042837624231,2722368206071385594,194315894553416389,17664493592646323437
368,5,695,8,10,0.033077,21011.48,0.018906,36759.96,0.017932,38758.07,0.018343,37888.12,0.019873,34971.70,0.017500,39714.39,0.018166,38258.90,0.033367,0.004372,0.006380,0.017500,0.061619,0.003137,1,60047,60057,223581,544,0,0,0,772,0,0,0,422,0,0,0,315,0,0,0,509,0,0,0,336,0,0,0,11617706214577120729,11617706214577120729,11617706214577120729,320485160390551100,12475040342712844991,17991649887146910873
369,5,1134,8,10,0.068009,16674.17,0.031051,36520.17,0.024312,46643.47,0.028574,39686.23,0.031489,36012.54,0.028405,39921.99,0.032594,34792.16,0.069156,0.006297,0.009777,0.028405,0.113636,0.004317,2,102683,102683,793439,626,0,0,0,863,0,0,0,594,0,0,0,430,0,0,0,614,0,0,0,375,0,0,0,13160855680682350493,13869565276104869206,13869565276104869206,5725244348736926856,15921730786375351755,11932486274764249585
370,5,555,8,10,0.045614,12167.43,0.028511,19466.27,0.034212,16222.60,0.029622,18736.20,0.026060,21296.79,0.027848,19929.43,0.039260,14136.60,0.046173,0.010957,0.018093,0.027848,0.103071,0.006570,1,152115,152090,229306,242,0,0,0,376,0,0,0,195,0,0,0,115,0,0,0,123,0,0,0,107,0,0,0,15639502947648710952,11949072823230151463,11949072823230151463,4046288408565614803,2969721761099053301,15172868809724401150
371,5,971,8,10,0.044940,21606.81,0.022273,43594.92,0.021958,44220.70,0.025618,37902.99,0.024936,38940.13,0.024727,39269.12,0.027258,35622.13,0.045322,0.006623,0.004903,0.024727,0.081574,0.004138,5,86574,86534,535879,633,0,0,0,943,0,0,0,553,0,0,0,322,0,0,0,280,0,0,0,383,0,0,0,2225729858919045059,2225729858919045059,2225729858919045059,3289603850413769152,11696202495008345708,3277346514714251623
372,5,924,8,10,0.054725,16884.30,0.022012,41976.43,0.021137,43715.49,0.028057,32933.42,0.030148,30648.49,0.028731,32159.87,0.030831,29969.75,0.055134,0.005011,0.007805,0.028731,0.096682,0.004143,4,90097,90102,581866,639,0,0,0,926,0,0,0,440,0,0,0,328,0,0,0,307,0,0,0,320,0,0,0,17957450402765559021,2138739487206871684,2138739487206871684,13481384319236143113,11769927403804972076,10636114349879008538
373,5,762,8,10,0.051130,14903.07,0.030225,25210.80,0.020776,36676.55,0.024312,31342.24,0.026673,28568.00,0.023977,31780.08,0.032294,23595.43,0.051495,0.004770,0.007259,0.023977,0.087502,0.003327,2,76979,76974,395330,557,0,0,0,752,0,0,0,378,0,0,0,224,0,0,0,262,0,0,0,288,0,0,0,4168780958329666756,4168780958329666756,4168780958329666756,14497894480943883428,3079021761410380482,7504151678171575118
374,5,919,8,10,0.048163,19081.15,0.023898,38455.52,0.020121,45672.92,0.024208,37962.24,0.028805,31904.70,0.025313,36305.85,0.026702,34417.39,0.049042,0.005655,0.008202,0.025313,0.088211,0.004514,2,90807,90777,561361,583,0,0,0,704,0,0,0,368,0,0,0,262,0,0,0,278,0,0,0,232,0,0,0,16089765510257983338,2760866271568088218,2760866271568088218,5979672439012965033,1670471338798904092,1401760213190602111
375,5,710,8,10,0.034064,20842.92,0.017080,41567.98,0.015351,46251.91,0.019286,36813.70,0.020557,34538.28,0.019071,37229.66,0.021627,32829.17,0.034957,0.004345,0.008445,0.019071,0.066818,0.003820,1,78110,78075,420607,423,0,0,0,625,0,0,0,337,0,0,0,198,0,0,0,217,0,0,0,265,0,0,0,10201013443006188854,3915180809548227072,3915180809548227072,7567149887523473448,4042880070745766052,17924373631827610355
376,5,957,8,10,0.056931,16809.69,0.026095,36673.97,0.018843,50788.38,0.020122,47560.62,0.028049,34118.27,0.029407,32542.95,0.030884,30986.95,0.058380,0.005433,0.004690,0.029407,0.097910,0.004409,5,80686,80656,425529,542,0,0,0,770,0,0,0,336,0,0,0,244,0,0,0,208,0,0,0,221,0,0,0,5682429785331017199,15469848344162589777,15469848344162589777,3038684213682751212,15599371223214112832,3026518476368256103
377,5,862,8,10,0.051000,16901.83,0.023062,37378.29,0.018136,47530.42,0.022057,39079.96,0.027857,30943.48,0.022298,38658.43,0.030269,28477.54,0.051411,0.006005,0.009758,0.022298,0.089472,0.003557,1,80830,80805,508291,447,0,0,0,692,0,0,0,397,0,0,0,300,0,0,0,353,0,0,0,240,0,0,0,18382645484156146437,3286425309650461827,3286425309650461827,1959520011610020302,16779310508636514514,15800636338053664949
378,5,794,8,10,0.094913,8365.53,0.044107,18001.75,0.027803,28557.63,0.033492,23707.13,0.044874,17694.12,0.043643,18193.24,0.043712,18164.39,0.094829,0.005468,0.004044,0.043643,0.147983,0.003528,5,82936,82936,413876,509,0,0,0,686,0,0,0,449,0,0,0,283,0,0,0,246,0,0,0,232,0,0,0,13279201701483619324,13279201701483619324,13279201701483619324,6351932683851632488,11567421310854052561,4463956973020510685
379,5,972,8,10,0.092757,10479.02,0.043206,22496.85,0.026010,37369.56,0.027455,35403.93,0.043090,22557.55,0.030063,32332.25,0.046465,20918.75,0.094099,0.006468,0.008092,0.030063,0.138722,0.004142,2,97290,97260,537592,757,0,0,0,926,0,0,0,528,0,0,0,394,0,0,0,424,0,0,0,352,0,0,0,6653740467548293478,3894295268346316167,3894295268346316167,8542279802310760219,13854911065409670989,18351175848759129947
380,5,780,8,10,0.076639,10177.55,0.040653,19186.63,0.033780,23090.30,0.043882,17774.98,0.045997,16957.76,0.031137,25050.65,0.048399,16115.90,0.077000,0.005153,0.003789,0.031137,0.117079,0.003508,5,70254,70274,508235,441,0,0,0,585,0,0,0,371,0,0,0,251,0,0,0,258,0,0,0,244,0,0,0,6308353555155184844,15123536076820225837,15123536076820225837,3460700341422712123,16425348027387133243,460907847760299075
381,5,880,8,10,0.073668,11945.55,0.042356,20776.34,0.034384,25593.55,0.033615,26178.81,0.040761,21589.16,0.021818,40333.17,0.040677,21633.91,0.074578,0.005133,0.007664,0.021818,0.109194,0.003665,1,72320,72310,405277,498,0,0,0,636,0,0,0,481,0,0,0,289,0,0,0,342,0,0,0,286,0,0,0,12324970382235784967,14892572013425468753,14892572013425468753,759488556218889233,9466153486417387980,9444368215483985923
382,5,935,8,10,0.095619,9778.37,0.063299,14771.11,0.043340,21573.56,0.049128,19032.04,0.061607,15176.91,0.053151,17591.47,0.062919,14860.44,0.096622,0.005972,0.004970,0.053151,0.160715,0.003495,5,82752,82727,432556,673,0,0,0,842,0,0,0,379,0,0,0,309,0,0,0,294,0,0,0,214,0,0,0,2213901926077187307,2213901926077187307,2213901926077187307,15613055057340067040,5897400758630168694,2942506822707112201
383,5,838,8,10,0.058109,14421.18,0.031149,26903.17,0.021750,38529.22,0.023825,35172.82,0.030170,27775.81,0.026753,31323.19,0.030331,27628.54,0.058191,0.004194,0.004810,0.026753,0.093949,0.003049,3,72365,72370,476833,960,0,0,0,1004,0,0,0,503,0,0,0,202,0,0,0,245,0,0,0,260,0,0,0,7772462065171735728,8600641077951909111,8600641077951909111,10984383652579827001,13963908007122909094,15495741020770844343
384,5,823,8,10,0.042257,19475.96,0.021353,38542.83,0.015859,51894.82,0.022250,36988.76,0.023347,35250.97,0.020508,40130.22,0.025620,32122.82,0.042462,0.005247,0.009447,0.020508,0.077664,0.004041,1,88034,88024,249426,408,0,0,0,576,0,0,0,316,0,0,0,155,0,0,0,156,0,0,0,223,0,0,0,18180434459503015181,2320949149184373583,2320949149184373583,17639814079898516783,5654617608363734747,7111941527754701120
385,5,1161,8,10,0.064526,17992.81,0.028198,41173.76,0.022520,51553.40,0.020813,55782.69,0.030580,37966.49,0.019937,58232.87,0.031397,36978.34,0.065726,0.007020,0.011226,0.019937,0.103909,0.004242,1,94624,94609,609061,354,0,0,0,611,0,0,0,444,0,0,0,295,0,0,0,377,0,0,0,262,0,0,0,8974106352015657589,3022834435151514772,3022834435151514772,13465146434911951330,15909976148885500937,14105010861433416416
386,5,943,8,10,0.080691,11686.51,0.040312,23392.32,0.023088,40843.89,0.022985,41027.08,0.040243,23432.83,0.018208,51790.23,0.043633,21612.18,0.081718,0.006034,0.010230,0.018208,0.116189,0.003988,1,89013,89003,494327,500,0,0,0,721,0,0,0,466,0,0,0,294,0,0,0,450,0,0,0,299,0,0,0,11474880976180460906,14359111695389404763,14359111695389404763,9573117498013579355,15007187921425517213,918942742635986152
387,5,841,8,10,0.080543,10441.59,0.038507,21840.28,0.028512,29496.37,0.026676,31526.50,0.036717,22904.64,0.029136,28864.36,0.035705,23554.03,0.081789,0.007204,0.010176,0.029136,0.128306,0.004634,1,100405,100415,357264,490,0,0,0,567,0,0,0,427,0,0,0,309,0,0,0,295,0,0,0,245,0,0,0,6207519080051517508,1344960758151894038,1344960758151894038,4102123902866999485,7939179796788462420,3540099653415021086
388,5,646,8,10,0.076735,8418.62,0.034172,18904.64,0.022683,28479.98,0.029485,21909.12,0.036532,17683.23,0.029323,22030.80,0.038985,16570.67,0.076398,0.008570,0.007442,0.029323,0.121733,0.002850,1,64233,64208,379523,334,0,0,0,258,0,0,0,267,0,0,0,132,0,0,0,235,0,0,0,157,0,0,0,12112567694333318753,12227373197240821770,12227373197240821770,11617953816119248159,2820492549180451619,16413525166466042867
389,5,626,8,10,0.046954,13332.27,0.022377,27974.71,0.015112,41424.74,0.019746,31703.30,0.025104,24935.85,0.022365,27990.13,0.024916,25124.49,0.047218,0.004577,0.008293,0.022365,0.082453,0.003208,1,79915,79905,413444,318,0,0,0,546,0,0,0,307,0,0,0,199,0,0,0,351,0,0,0,242,0,0,0,11695762665947734153,15859535769518980310,15859535769518980310,1856221774326364076,11869955109990202570,7374592707372670189
390,5,763,8,10,0.067960,11227.22,0.037841,20163.49,0.025597,29808.56,0.025429,30005.51,0.037534,20328.29,0.031893,23924.12,0.037217,20501.27,0.068637,0.006141,0.009274,0.031893,0.115945,0.004204,1,99325,99310,354383,484,0,0,0,676,0,0,0,315,0,0,0,209,0,0,0,490,0,0,0,209,0,0,0,13318778362322812149,11427954920063632686,11427954920063632686,13388589027667302257,6150649598469857483,14616955413948128779
391,5,596,8,10,0.082386,7234.27,0.042255,14104.98,0.033221,17940.60,0.033276,17911.07,0.041395,14397.97,0.022009,27079.25,0.040619,14673.07,0.083086,0.005781,0.007223,0.022009,0.118099,0.003429,2,95342,95322,533246,281,0,0,0,299,0,0,0,280,0,0,0,111,0,0,0,204,0,0,0,114,0,0,0,10314692018093423410,10314692018093423410,10314692018093423410,13542366714586049355,3014995081529816456,7275716922415139677
392,5,787,8,10,0.087546,8989.53,0.043877,17936.55,0.034049,23114.06,0.033508,23487.17,0.045168,17423.89,0.027166,28970.21,0.045006,17486.45,0.087491,0.005912,0.008065,0.027166,0.128634,0.003298,1,77461,77471,340731,353,0,0,0,447,0,0,0,402,0,0,0,246,0,0,0,322,0,0,0,275,0,0,0,4042284172727582696,4042284172727582696,4042284172727582696,6418687068880124990,1798897452516254190,3392845721377914794
393,5,616,8,10,0.067224,9163.44,0.036388,16928.45,0.029544,20850.23,0.026135,23569.85,0.033999,18118.36,0.024392,25253.83,0.036101,17063.26,0.066955,0.005004,0.006355,0.024392,0.102706,0.003864,3,83352,83327,299932,291,0,0,0,314,0,0,0,205,0,0,0,113,0,0,0,183,0,0,0,127,0,0,0,7089617193300155603,7089617193300155603,7089617193300155603,7809210217872491765,635025390888734200,3989960766108525304
394,5,648,8,10,0.069239,9358.88,0.033700,19228.77,0.026296,24642.37,0.026095,24832.61,0.033145,19550.31,0.016929,38277.50,0.033494,19346.86,0.069639,0.004075,0.007647,0.016929,0.098289,0.003033,1,73719,73704,513714,383,0,0,0,553,0,0,0,308,0,0,0,182,0,0,0,307,0,0,0,194,0,0,0,16060703409684022200,16060703409684022200,16060703409684022200,5506447277410057264,8548753940110237836,13372652004329019669
395,5,873,8,10,0.071834,12152.98,0.039800,21934.64,0.026462,32990.52,0.034715,25147.46,0.037098,23532.39,0.027603,31626.43,0.039824,21921.22,0.072841,0.004870,0.007229,0.027603,0.112543,0.002938,1,68361,68361,382329,420,0,0,0,337,0,0,0,244,0,0,0,133,0,0,0,279,0,0,0,160,0,0,0,18187964882100897247,18137344882907557888,18137344882907557888,7437911874874258137,13560926828291696420,4906053765732483419
396,5,635,8,10,0.065523,9691.31,0.039845,15936.64,0.032741,19394.88,0.033927,18716.70,0.037053,17137.50,0.025053,25346.44,0.038877,16333.56,0.066176,0.003191,0.003569,0.025053,0.097989,0.002605,4,56189,56164,332528,330,0,0,0,476,0,0,0,261,0,0,0,156,0,0,0,164,0,0,0,215,0,0,0,2482130027736829081,18304985111690066065,18304985111690066065,865637387285518378,8866203839116841864,17647852552379695732
397,5,762,8,10,0.080085,9514.91,0.036540,20853.93,0.025614,29749.79,0.036072,21124.45,0.043489,17521.73,0.039271,19403.84,0.045099,16896.28,0.079863,0.004708,0.004238,0.039271,0.128079,0.003435,4,67485,67495,374504,292,0,0,0,519,0,0,0,358,0,0,0,171,0,0,0,205,0,0,0,234,0,0,0,4244203486243976275,4244203486243976275,4244203486243976275,11822364704046283519,16101286131192787402,17427887273550126244
398,5,790,8,10,0.071783,11005.42,0.041930,18841.01,0.024871,31764.06,0.023310,33891.73,0.040287,19609.46,0.026605,29693.30,0.039947,19776.35,0.072991,0.004199,0.005762,0.026605,0.109558,0.003071,3,73803,73793,485254,446,0,0,0,594,0,0,0,312,0,0,0,219,0,0,0,323,0,0,0,267,0,0,0,4372677621006878574,15368146376802623528,15368146376802623528,8413956972157178701,10941795950176094436,16036368517213436726
399,5,843,8,10,0.095168,8858.03,0.053747,15684.49,0.028066,30036.81,0.039480,21352.47,0.048649,17328.34,0.023185,36359.34,0.050966,16540.38,0.095414,0.005968,0.009486,0.023185,0.134054,0.004000,1,92676,92646,555561,467,0,0,0,498,0,0,0,378,0,0,0,266,0,0,0,238,0,0,0,211,0,0,0,3306722409487067254,3016645384564013594,3016645384564013594,1614535402884095562,6236425354457829368,5268207776518953971
