batch_idx,num_blocks,num_txs,threads,merge_cap,seq_time_s,seq_tput,par_time_s,par_tput,concat_time_s,concat_tput,cgraph_time_s,cgraph_tput,graph_time_s,graph_tput,integrated_time_s,integrated_tput,vegeta_time_s,vegeta_tput,phase_pre_execute_s,phase_graph_build_s,phase_integrate_s,phase_execute_s,phase_total_s,vegeta_speculate_s,num_integrated_groups,omakase_graph_bytes,vegeta_sched_bytes,calldata_bytes,par_re_exec,par_validation_aborts,par_cascade_aborts,par_wrote_new_loc,concat_re_exec,concat_validation_aborts,concat_cascade_aborts,concat_wrote_new_loc,cgraph_re_exec,cgraph_validation_aborts,cgraph_cascade_aborts,cgraph_wrote_new_loc,graph_re_exec,graph_validation_aborts,graph_cascade_aborts,graph_wrote_new_loc,integ_re_exec,integ_validation_aborts,integ_cascade_aborts,integ_wrote_new_loc,vegeta_re_exec,vegeta_validation_aborts,vegeta_cascade_aborts,vegeta_wrote_new_loc,digest_seq,digest_par,digest_concat,logical_seq,logical_integ,logical_vegeta
0,20,3090,8,10,0.129690,23826.02,0.063587,48594.51,0.058469,52848.11,0.060905,50735.17,0.069834,44247.95,0.059428,51995.75,0.102220,30228.78,0.125861,0.017165,0.037650,0.059428,0.240105,0.032917,4,275945,336210,1814887,2010,0,0,0,3215,0,0,0,1677,0,0,0,698,0,0,0,1309,0,0,0,30,0,0,0,13822515187727508643,10132536899502718138,10132536899502718138,17424449779991169920,12130223379143847216,13027516089258024939
1,20,2523,8,10,0.120663,20909.56,0.062119,40615.51,0.046706,54018.38,0.049664,50801.14,0.065022,38802.32,0.051620,48876.68,0.087272,28909.48,0.122699,0.016208,0.032536,0.051620,0.223062,0.022594,3,265146,275531,1710238,1296,0,0,0,2150,0,0,0,1412,0,0,0,790,0,0,0,1132,0,0,0,21,0,0,0,12752822986454273077,18240377242069503631,18240377242069503631,7744382736364976894,4619891204765293058,13626284329525757614
2,20,2778,8,10,0.162818,17062.00,0.087742,31661.09,0.054484,50987.19,0.075004,37037.82,0.095224,29173.41,0.076635,36249.95,0.124734,22271.41,0.163275,0.018981,0.027581,0.076635,0.286471,0.026639,10,286997,299137,1754924,1375,0,0,0,2080,0,0,0,1497,0,0,0,934,0,0,0,930,0,0,0,25,0,0,0,9928706704050649313,9413558517113795563,9413558517113795563,8347382289992928599,9644785836918201067,2870216888989027625
3,20,2534,8,10,0.124764,20310.42,0.066816,37925.04,0.055226,45884.24,0.059993,42238.34,0.067829,37358.62,0.053892,47020.36,0.091694,27635.53,0.126128,0.029317,0.036740,0.053892,0.246078,0.022610,3,260013,271668,1553144,1180,0,0,0,2337,0,0,0,1574,0,0,0,785,0,0,0,1146,0,0,0,26,0,0,0,9809189544999384444,1076154088885676664,1076154088885676664,7321021053231955034,13043594254617745253,10068234195588741700
4,20,2754,8,10,0.131828,20890.84,0.061370,44875.61,0.049247,55921.86,0.053181,51785.31,0.063261,43534.10,0.052311,52646.74,0.093331,29508.00,0.132986,0.017699,0.036594,0.052311,0.239591,0.025027,5,285243,303543,1769461,1163,0,0,0,2056,0,0,0,1188,0,0,0,714,0,0,0,865,0,0,0,20,0,0,0,7654228593539975621,18307263300772101837,18307263300772101837,5868051544861919371,2327497800683222190,9951828499182433572
5,20,2666,8,10,0.117691,22652.55,0.056034,47577.95,0.042608,62570.45,0.049574,53777.75,0.061848,43105.73,0.050547,52742.68,0.087737,30386.14,0.118290,0.018059,0.033202,0.050547,0.220099,0.023600,3,270421,279446,1729629,1047,0,0,0,1896,0,0,0,1277,0,0,0,674,0,0,0,1094,0,0,0,20,0,0,0,12678771206260789391,15329725181151470762,15329725181151470762,8663914104482001621,9669941136908567804,4249436885547355993
6,20,3136,8,10,0.140624,22300.60,0.070648,44389.23,0.053797,58292.95,0.074337,42186.44,0.084346,37179.97,0.073069,42918.25,0.123094,25476.38,0.141224,0.018335,0.030300,0.073069,0.262928,0.028528,4,258871,308961,1871314,1188,0,0,0,2182,0,0,0,1282,0,0,0,645,0,0,0,964,0,0,0,15,0,0,0,1770999938126260920,17544353343088250749,17544353343088250749,9017131165416132842,6334350601205939649,705744253490410262
7,20,3292,8,10,0.122584,26855.01,0.056786,57972.23,0.045191,72846.10,0.050030,65800.75,0.058068,56692.52,0.050057,65764.78,0.110246,29860.61,0.125655,0.016911,0.035905,0.050057,0.228528,0.033693,4,286090,549055,1991726,1381,0,0,0,2156,0,0,0,1712,0,0,0,748,0,0,0,1154,0,0,0,11,0,0,0,16472447958797090944,16768090504311843872,16768090504311843872,3336898220682925931,3581848769183886384,9992404717285312283
8,20,2588,8,10,0.127412,20312.01,0.060242,42959.92,0.043650,59289.16,0.049494,52289.48,0.064549,40093.79,0.050172,51582.22,0.090751,28517.62,0.127711,0.017412,0.034735,0.050172,0.230029,0.025380,3,264048,272343,1925730,1004,0,0,0,1853,0,0,0,1407,0,0,0,683,0,0,0,883,0,0,0,13,0,0,0,10750107405919633211,6796008223987469856,6796008223987469856,7445464894328530855,12529142904935907768,14995801334498846717
9,20,2871,8,10,0.145683,19707.23,0.060893,47148.33,0.045242,63459.00,0.051081,56204.88,0.067857,42309.33,0.055310,51907.28,0.097991,29298.47,0.142307,0.018070,0.033223,0.055310,0.248910,0.026135,4,255476,268551,2127722,1127,0,0,0,1817,0,0,0,1865,0,0,0,946,0,0,0,1378,0,0,0,20,0,0,0,12686104964510154474,9780232124924967797,9780232124924967797,6737429326917565294,1240296706721042075,2895535888718001083
10,20,2571,8,10,0.126989,20245.91,0.057833,44455.36,0.044021,58403.29,0.051579,49845.74,0.063320,40603.13,0.049415,52028.40,0.087369,29426.81,0.129120,0.017641,0.031213,0.049415,0.227389,0.022699,4,265406,271531,1936140,1034,0,0,0,1921,0,0,0,1255,0,0,0,774,0,0,0,915,0,0,0,21,0,0,0,3450051510457139028,16636097566023762910,16636097566023762910,11243695836710098099,16699838451578480540,18183905251314822193
11,20,2877,8,10,0.121047,23767.57,0.053362,53914.74,0.041178,69868.17,0.046357,62061.83,0.059118,48665.66,0.047914,60044.49,0.083757,34349.20,0.121978,0.017106,0.032988,0.047914,0.219986,0.027753,4,259635,271025,1964289,1196,0,0,0,2002,0,0,0,1410,0,0,0,848,0,0,0,1115,0,0,0,17,0,0,0,17178379073928522365,1670605994599590837,1670605994599590837,12231613823185490443,9652977339957657869,14325209995724344908
12,20,2906,8,10,0.138156,21034.17,0.070094,41458.73,0.046584,62381.84,0.059268,49031.27,0.075479,38500.54,0.059631,48732.83,0.102709,28293.63,0.139087,0.019683,0.032920,0.059631,0.251321,0.028199,4,288922,301257,1815372,1231,0,0,0,1987,0,0,0,1424,0,0,0,783,0,0,0,1329,0,0,0,18,0,0,0,3930217146820865142,18328868114713758235,18328868114713758235,11153333442533381975,3048347128076957968,1904334607745926307
13,20,2985,8,10,0.117273,25453.41,0.052460,56900.05,0.043742,68241.15,0.049792,59948.80,0.059354,50291.80,0.045795,65181.70,0.092184,32380.89,0.118127,0.017073,0.029768,0.045795,0.210763,0.027506,5,246550,263625,1811976,1044,0,0,0,1885,0,0,0,1396,0,0,0,703,0,0,0,1053,0,0,0,16,0,0,0,11956628311262049033,1183034171610356725,1183034171610356725,11447793195771774458,8439365679585303478,13756592170397384599
14,20,2592,8,10,0.112389,23062.73,0.049949,51892.42,0.038882,66662.63,0.050490,51336.79,0.057679,44938.75,0.048553,53384.88,0.083506,31039.85,0.113578,0.015945,0.028431,0.048553,0.206507,0.023655,6,233575,241630,1822581,826,0,0,0,1577,0,0,0,1106,0,0,0,482,0,0,0,778,0,0,0,11,0,0,0,4877821038270648484,12758036199942198152,12758036199942198152,14038316252442664129,16168384252050449512,4154405975074188063
15,20,2993,8,10,0.125728,23805.31,0.069992,42762.08,0.054424,54993.99,0.052059,57492.10,0.072362,41361.51,0.058758,50937.46,0.096762,30931.50,0.126975,0.016209,0.034083,0.058758,0.236026,0.031055,4,270107,334892,1680864,1452,0,0,0,2134,0,0,0,1439,0,0,0,680,0,0,0,1079,0,0,0,11,0,0,0,1734921968280888880,14908565643156614413,14908565643156614413,340240849149837502,13858895308140310860,8569517142416440846
16,20,2943,8,10,0.208998,14081.47,0.131512,22378.20,0.078073,37695.47,0.111762,26332.69,0.135150,21775.79,0.072304,40702.98,0.176427,16681.16,0.209881,0.018569,0.033777,0.072304,0.334531,0.028127,4,280914,308764,2018070,1183,0,0,0,1488,0,0,0,1678,0,0,0,823,0,0,0,1201,0,0,0,26,0,0,0,200111209227787047,3075799012840437160,3075799012840437160,15627530727319852595,5911613117440171323,16734972666691081506
17,20,2548,8,10,0.126287,20176.27,0.060023,42450.20,0.042789,59548.54,0.043079,59146.97,0.063265,40274.98,0.052498,48535.36,0.084111,30293.32,0.127207,0.015391,0.026282,0.052498,0.221377,0.021787,4,228058,238763,1892505,1003,0,0,0,1542,0,0,0,1314,0,0,0,593,0,0,0,794,0,0,0,15,0,0,0,10625590748327871349,4774978507635548197,4774978507635548197,4989151057980713869,15779056528298257385,5038985148280351693
18,20,2769,8,10,0.138356,20013.54,0.068529,40406.35,0.050744,54567.75,0.060388,45853.60,0.075764,36547.60,0.059267,46720.67,0.110255,25114.52,0.138615,0.018905,0.032302,0.059267,0.249088,0.024375,5,281818,322128,1738713,1287,0,0,0,2222,0,0,0,1292,0,0,0,767,0,0,0,1107,0,0,0,33,0,0,0,17080359351981197566,8797170158054378627,8797170158054378627,14244723542638579173,5660594311051538410,6465079618877102217
19,20,2648,8,10,0.146485,18076.91,0.081813,32366.33,0.058504,45262.17,0.069634,38027.36,0.085296,31044.75,0.064913,40793.19,0.101900,25986.23,0.146691,0.017642,0.033333,0.064913,0.262578,0.025198,3,273646,279261,1730813,1453,0,0,0,2434,0,0,0,1558,0,0,0,886,0,0,0,1187,0,0,0,26,0,0,0,12086899843585088044,29699304198117650,29699304198117650,10932255738145904407,5027989201422308718,3962599100133845059
20,20,2866,8,10,0.142136,20163.83,0.082751,34633.97,0.058958,48610.92,0.074978,38224.51,0.087149,32886.27,0.070031,40924.84,0.112745,25420.26,0.141819,0.017446,0.030033,0.070031,0.259329,0.027634,4,262746,289131,1822204,1479,0,0,0,2658,0,0,0,1555,0,0,0,959,0,0,0,1251,0,0,0,18,0,0,0,10215932990874918092,11050132692155544951,2194769470738715537,17977076773310020706,11445741123485721577,17852250913725149688
21,20,2922,8,10,0.135227,21608.13,0.066047,44241.20,0.052490,55667.94,0.062446,46792.54,0.067956,42998.45,0.051880,56322.68,0.114133,25601.79,0.137326,0.018991,0.032897,0.051880,0.241094,0.030876,5,311893,396773,1574645,2332,0,0,0,2771,0,0,0,1909,0,0,0,999,0,0,0,1180,0,0,0,96,0,0,0,16707633517038801157,14372752363408705651,14372752363408705651,4291691682312746848,5660632865771625491,10941191875365988220
22,20,2671,8,10,0.145899,18307.19,0.076961,34705.96,0.054437,49065.46,0.066198,40348.95,0.081233,32880.54,0.061571,43380.62,0.108535,24609.62,0.146637,0.017598,0.036549,0.061571,0.262355,0.025939,3,274162,284152,1454962,1449,0,0,0,2526,0,0,0,1770,0,0,0,991,0,0,0,1332,0,0,0,45,0,0,0,5831137403252901604,7575700050247981597,7575700050247981597,17812367032442075904,11622145493664337967,9648464318105337388
23,20,2959,8,10,0.158153,18709.78,0.073076,40492.31,0.050941,58086.72,0.071189,41565.60,0.083863,35283.91,0.072247,40956.94,0.123229,24012.16,0.159734,0.018586,0.032875,0.072247,0.283442,0.029688,4,288346,317051,2084889,1222,0,0,0,2153,0,0,0,1502,0,0,0,699,0,0,0,939,0,0,0,14,0,0,0,16993943304461174594,7549755348528814939,7549755348528814939,7439957245830361433,7267948974928754859,7365358750315222286
24,20,2648,8,10,0.113175,23397.43,0.051253,51665.13,0.042842,61808.23,0.048017,55147.48,0.059185,44741.14,0.049902,53063.63,0.082122,32244.58,0.114575,0.016121,0.023604,0.049902,0.204203,0.025292,7,235797,244877,1864825,947,0,0,0,1610,0,0,0,1258,0,0,0,645,0,0,0,897,0,0,0,8,0,0,0,3737118784939241856,2262712720722552290,2262712720722552290,7824853125617516797,2181604409224609473,11561998871251574297
25,20,2726,8,10,0.129672,21022.22,0.060985,44699.58,0.044560,61175.69,0.051406,53029.17,0.062452,43649.78,0.045564,59827.97,0.088832,30687.06,0.129975,0.017765,0.030563,0.045564,0.223868,0.027134,4,261037,272032,2099262,1073,0,0,0,1929,0,0,0,1869,0,0,0,727,0,0,0,1371,0,0,0,16,0,0,0,3254913703805042954,14336163376931598016,14336163376931598016,10561229069011911528,17834592940197489614,837996087615801436
26,20,2657,8,10,0.128930,20608.14,0.066239,40112.28,0.050415,52702.44,0.056016,47432.66,0.068920,38551.76,0.054062,49147.13,0.091130,29156.04,0.130549,0.018029,0.030621,0.054062,0.233261,0.023953,4,266648,274568,1732408,1110,0,0,0,2059,0,0,0,1804,0,0,0,821,0,0,0,1124,0,0,0,22,0,0,0,14416695624529447540,16503219069100743210,16503219069100743210,4145157459306838199,5261970245579839675,8081766190619743828
27,20,2770,8,10,0.129697,21357.42,0.062265,44487.25,0.048649,56938.37,0.061686,44904.49,0.067726,40899.94,0.087363,31706.70,0.092106,30073.96,0.133563,0.016074,0.028077,0.087363,0.265078,0.025628,6,256730,266375,1921690,1075,0,0,0,2157,0,0,0,1461,0,0,0,655,0,0,0,541,0,0,0,25,0,0,0,2021602977550679213,13705048453925988653,13705048453925988653,12076087549051176946,11223188372881264028,7774621744257262540
28,20,2623,8,10,0.138271,18969.98,0.067634,38782.37,0.062055,42268.94,0.069019,38003.88,0.076377,34342.61,0.061950,42340.56,0.094414,27781.97,0.140535,0.016025,0.030596,0.061950,0.249106,0.027210,5,258646,268931,2134559,1300,0,0,0,2526,0,0,0,1440,0,0,0,888,0,0,0,967,0,0,0,14,0,0,0,3604400936708032435,17827023870099431048,17827023870099431048,13775961700314965179,8387875741899849943,11052733714298202829
29,20,2599,8,10,0.117491,22120.76,0.049703,52290.51,0.040418,64303.21,0.049167,52860.20,0.054183,47966.89,0.047348,54891.89,0.077317,33614.66,0.119850,0.015928,0.021333,0.047348,0.204459,0.023580,10,237243,253843,1980060,1084,0,0,0,1794,0,0,0,1216,0,0,0,568,0,0,0,613,0,0,0,18,0,0,0,2736518119273845972,10299194484573093082,10299194484573093082,11323918363936583592,15952903540278815431,1556359016894067588
30,20,2786,8,10,0.131444,21195.38,0.062008,44929.47,0.055171,50497.75,0.060943,45715.13,0.065788,42348.01,0.058676,47480.81,0.097793,28488.77,0.132710,0.020888,0.034731,0.058676,0.247005,0.027216,3,281722,297167,1843210,1373,0,0,0,2349,0,0,0,1388,0,0,0,646,0,0,0,1064,0,0,0,14,0,0,0,10490213302081067541,13288239638440084622,13288239638440084622,7809100665980206978,16930113396022626001,14971345215997870130
31,20,3069,8,10,0.144702,21209.10,0.066966,45829.14,0.054462,56351.08,0.062469,49128.50,0.076296,40224.69,0.058654,52323.65,0.117371,26147.94,0.146237,0.021427,0.034744,0.058654,0.261063,0.031976,4,320658,414793,1738488,1823,0,0,0,2810,0,0,0,1848,0,0,0,967,0,0,0,1280,0,0,0,38,0,0,0,7891847115160169416,14855910954198427521,14855910954198427521,8582933455721836395,328657251956317971,4023144653981555466
32,20,2789,8,10,0.149832,18614.14,0.074172,37602.00,0.063283,44072.18,0.071889,38796.05,0.079174,35226.23,0.066113,42185.39,0.109569,25454.19,0.150876,0.021616,0.032762,0.066113,0.271367,0.027907,5,335816,349781,1864459,1596,0,0,0,2528,0,0,0,1709,0,0,0,854,0,0,0,1282,0,0,0,29,0,0,0,11166887709828408803,552609417477637083,552609417477637083,12619546875630434957,2591100385819805784,13990434259771953996
33,20,2581,8,10,0.129746,19892.65,0.060498,42662.62,0.047527,54305.68,0.048579,53129.59,0.064581,39965.54,0.048014,53755.60,0.087075,29641.25,0.130788,0.018063,0.027820,0.048014,0.224684,0.023594,4,229901,234791,2299793,978,0,0,0,1814,0,0,0,1534,0,0,0,809,0,0,0,1065,0,0,0,24,0,0,0,13086987372709340341,5028028515176340232,5028028515176340232,1135348576291099978,11657719868139408038,81570616478456539
34,20,2835,8,10,0.154822,18311.30,0.077239,36704.23,0.048303,58691.87,0.050164,56514.57,0.080469,35231.15,0.056847,49870.77,0.121909,23255.00,0.156140,0.015692,0.029724,0.056847,0.258402,0.028370,4,241821,262161,2223415,1297,0,0,0,1892,0,0,0,1597,0,0,0,737,0,0,0,866,0,0,0,13,0,0,0,1309922246687533176,10895092406165578819,10895092406165578819,8206522704900208488,2177003684516344030,14146593231181895796
35,20,2359,8,10,0.134396,17552.59,0.067760,34813.80,0.044436,53088.03,0.051575,45739.21,0.074124,31824.96,0.052189,45201.23,0.099950,23601.70,0.135736,0.014901,0.026691,0.052189,0.229516,0.019421,4,224483,229813,2324211,971,0,0,0,1683,0,0,0,1247,0,0,0,631,0,0,0,931,0,0,0,18,0,0,0,8408667961425670473,9750129334761443862,9750129334761443862,4251787868874546008,5440695961347328840,1860069230591054866
36,20,2455,8,10,0.128362,19125.57,0.059309,41393.26,0.044239,55493.65,0.053162,46179.98,0.067236,36513.44,0.056466,43477.27,0.093210,26338.30,0.129949,0.016353,0.029269,0.056466,0.232037,0.020836,3,229502,236072,2086651,994,0,0,0,1909,0,0,0,1224,0,0,0,606,0,0,0,864,0,0,0,9,0,0,0,5224537024664847254,16835115783916073443,16835115783916073443,8137442321894680524,7765509759973398672,10070774836438559588
37,20,3256,8,10,0.134447,24217.76,0.065055,50049.96,0.045760,71153.33,0.063278,51455.70,0.070170,46401.35,0.060971,53402.08,0.125540,25935.97,0.136265,0.018911,0.029333,0.060971,0.245481,0.038107,5,293821,410681,2410042,2364,0,0,0,2795,0,0,0,1608,0,0,0,584,0,0,0,943,0,0,0,53,0,0,0,11319373200284980055,14684600322584000119,14684600322584000119,7535852087985299998,4178964109403810110,11600229553268426857
38,20,2430,8,10,0.108654,22364.54,0.045312,53627.82,0.037846,64207.96,0.044882,54141.55,0.052062,46675.32,0.041617,58389.53,0.075429,32215.55,0.109993,0.015086,0.025921,0.041617,0.192617,0.020367,6,222245,226620,1989568,792,0,0,0,1452,0,0,0,1162,0,0,0,560,0,0,0,747,0,0,0,18,0,0,0,7273278381681138193,8097600094511099928,8097600094511099928,5019708811171593250,3393106363113411081,13153039986122803066
39,20,2597,8,10,0.136942,18964.28,0.071398,36373.71,0.040542,64056.72,0.046065,56376.82,0.075221,34524.89,0.050310,51619.70,0.103750,25031.29,0.138066,0.019075,0.030578,0.050310,0.238029,0.022303,3,246964,254894,1897600,871,0,0,0,1276,0,0,0,1396,0,0,0,549,0,0,0,889,0,0,0,9,0,0,0,3815821183570629725,7108945102322449700,7108945102322449700,2217235705628320250,15273145329701388065,3727938265287428762
40,20,2593,8,10,0.112992,22948.52,0.046194,56133.38,0.037076,69937.12,0.047992,54029.30,0.054493,47584.48,0.048194,53803.26,0.079285,32704.81,0.114873,0.015684,0.027496,0.048194,0.206248,0.023230,6,249369,256109,1819505,857,0,0,0,1476,0,0,0,1337,0,0,0,618,0,0,0,901,0,0,0,22,0,0,0,6596227718716463268,3305233509405991332,3305233509405991332,9415645100587812436,1157949724933530850,14578914797947335880
41,20,2640,8,10,0.123133,21440.28,0.052386,50395.27,0.046087,57283.01,0.055193,47832.06,0.059138,44641.49,0.053018,49794.00,0.082050,32175.57,0.123777,0.018093,0.032890,0.053018,0.227778,0.025966,3,265049,270694,1793949,946,0,0,0,1902,0,0,0,1618,0,0,0,791,0,0,0,1455,0,0,0,24,0,0,0,4788810671902270426,3459393827440557742,3459393827440557742,9562942100226359761,17590018131408580373,5879951171840579179
42,20,2572,8,10,0.135785,18941.75,0.061627,41735.25,0.054712,47009.83,0.064216,40052.57,0.070028,36728.34,0.058884,43679.33,0.088304,29126.57,0.137682,0.016194,0.032128,0.058884,0.244889,0.024504,3,273738,280398,1770476,1115,0,0,0,2160,0,0,0,1462,0,0,0,825,0,0,0,1441,0,0,0,19,0,0,0,16839021249571199457,8331491320133698002,8331491320133698002,13210505826339786160,1494859955827610577,1128408432063586619
43,20,2798,8,10,0.138352,20223.83,0.059874,46731.20,0.045192,61913.84,0.056662,49380.89,0.066410,42132.08,0.057724,48472.43,0.093570,29902.67,0.140177,0.019852,0.032416,0.057724,0.250168,0.027231,5,312584,318354,1770525,994,0,0,0,1765,0,0,0,1541,0,0,0,808,0,0,0,876,0,0,0,14,0,0,0,2601804111772638173,16205351144434838866,16205351144434838866,559002135765771490,11374429693728372599,15587804643783845075
44,20,2813,8,10,0.160721,17502.35,0.081735,34416.19,0.070063,40149.30,0.195233,14408.42,0.084255,33386.82,0.066004,42618.50,0.112914,24912.73,0.161779,0.019780,0.031612,0.066004,0.279175,0.030576,5,312292,321932,1819620,1830,0,0,0,3226,0,0,0,0,0,0,0,885,0,0,0,1325,0,0,0,35,0,0,0,8347474801610411422,4752753156407475018,4752753156407475018,3577468595588128783,6320520974119595727,14911911912686922922
45,20,3079,8,10,0.127816,24089.23,0.061234,50282.61,0.050846,60555.60,0.057983,53101.46,0.062743,49073.14,0.055877,55102.93,0.099005,31099.36,0.130456,0.020186,0.032686,0.055877,0.239205,0.034949,4,292935,375365,1852688,1523,0,0,0,2333,0,0,0,1638,0,0,0,731,0,0,0,970,0,0,0,17,0,0,0,12554038776451595172,16742573358913805087,16742573358913805087,3727295922402931254,780703478160960510,16652905776556428182
46,20,2816,8,10,0.134408,20951.10,0.063565,44300.78,0.047187,59677.03,0.065985,42676.22,0.070316,40047.53,0.062337,45174.17,0.090369,31161.23,0.135904,0.018226,0.024382,0.062337,0.240848,0.027767,10,264601,270951,1935011,1086,0,0,0,2004,0,0,0,1604,0,0,0,810,0,0,0,900,0,0,0,21,0,0,0,7090744549537054814,6781957372754870537,6781957372754870537,13637072592364731232,4370528053045180018,14272810034008463170
47,20,2887,8,10,0.140534,20543.02,0.060884,47417.77,0.050515,57151.56,0.061419,47004.85,0.069597,41481.45,0.059083,48863.56,0.100240,28801.01,0.141053,0.017091,0.031537,0.059083,0.248765,0.029530,4,270411,285246,1683175,1126,0,0,0,1818,0,0,0,1646,0,0,0,733,0,0,0,930,0,0,0,22,0,0,0,3135659721748649086,870453647320933965,870453647320933965,1849640777020728617,9520435112660461988,204423154396626583
48,20,2750,8,10,0.141361,19453.78,0.071431,38498.60,0.047050,58448.30,0.051847,53041.19,0.075611,36370.56,0.050714,54225.60,0.103526,26563.32,0.141835,0.017231,0.031221,0.050714,0.241002,0.027064,3,261482,272012,1982279,1034,0,0,0,1918,0,0,0,1454,0,0,0,676,0,0,0,979,0,0,0,19,0,0,0,14441786156656378298,1270850416083367512,1270850416083367512,17397550072499756866,8336097249843297681,4689828134586928400
49,20,2552,8,10,0.121483,21006.98,0.056434,45221.26,0.045167,56501.29,0.047808,53379.96,0.060010,42526.10,0.047765,53428.68,0.081862,31174.52,0.123610,0.015655,0.029479,0.047765,0.216509,0.024562,4,249577,257132,1804558,880,0,0,0,1809,0,0,0,1350,0,0,0,673,0,0,0,899,0,0,0,16,0,0,0,2168477280648130744,16251346514510215942,16251346514510215942,5892192118536968227,15614522172324729629,11376634296466259604
50,20,2545,8,10,0.123269,20645.88,0.059977,42433.06,0.047303,53802.16,0.057994,43883.50,0.067131,37910.85,0.092861,27406.60,0.089546,28421.22,0.123504,0.015035,0.025391,0.092861,0.256791,0.022076,5,219420,226540,2483480,811,0,0,0,1585,0,0,0,1167,0,0,0,468,0,0,0,230,0,0,0,11,0,0,0,6717962586879916257,3165991548925747533,3165991548925747533,16104070281810544009,9462817744969593554,2922578450330624409
51,20,2585,8,10,0.137470,18804.06,0.060502,42725.76,0.048756,53018.71,0.055858,46277.84,0.068214,37895.47,0.066891,38645.03,0.094860,27250.61,0.138284,0.017041,0.030956,0.066891,0.253172,0.026445,3,265280,271870,2059422,1292,0,0,0,2059,0,0,0,1578,0,0,0,734,0,0,0,1225,0,0,0,27,0,0,0,17553832772388387759,17553832772388387759,17553832772388387759,8135901601059421103,16357824191839676131,5846770700314649954
52,20,3348,8,10,0.113241,29565.27,0.049497,67640.04,0.044123,75878.19,0.045290,73923.71,0.053820,62207.35,0.043242,77424.46,0.096561,34672.32,0.114354,0.018499,0.033954,0.043242,0.210050,0.035444,3,270973,363983,1814299,1899,0,0,0,2596,0,0,0,1594,0,0,0,662,0,0,0,1115,0,0,0,17,0,0,0,14877419291509831253,6069618807808817272,6069618807808817272,17849722167218894349,1257795783736782362,5260576474534493045
53,20,2691,8,10,0.142801,18844.42,0.075988,35413.37,0.056631,47517.89,0.046882,57399.46,0.076381,35231.50,0.059735,45049.02,0.106173,25345.39,0.145490,0.014989,0.031194,0.059735,0.251408,0.024033,4,245145,254665,1943437,1106,0,0,0,1929,0,0,0,1315,0,0,0,703,0,0,0,786,0,0,0,19,0,0,0,6159080628644429524,5714560355679978550,5714560355679978550,14789741818440842939,600651788647087442,14365051522427432191
54,20,3056,8,10,0.147586,20706.51,0.074958,40769.55,0.049545,61681.61,0.068600,44548.15,0.085652,35679.45,0.066137,46207.06,0.119782,25513.06,0.149971,0.016805,0.034084,0.066137,0.266998,0.030603,3,257640,280270,1891565,1219,0,0,0,1883,0,0,0,1148,0,0,0,563,0,0,0,945,0,0,0,11,0,0,0,9525866143828241355,16210735161879827633,16210735161879827633,8132039692491949779,16133338622918348699,335896616557134877
55,20,2963,8,10,0.150841,19643.17,0.085470,34667.21,0.056673,52282.12,0.054148,54720.18,0.089788,32999.93,0.063285,46819.68,0.116486,25436.58,0.151882,0.017858,0.033078,0.063285,0.266102,0.026807,4,261183,274698,1852379,1223,0,0,0,2064,0,0,0,1422,0,0,0,631,0,0,0,1101,0,0,0,14,0,0,0,15656503374763700513,3055597036048604782,3055597036048604782,9021829749544070213,4207988819034618238,5515709276953725094
56,20,2860,8,10,0.127762,22385.34,0.060582,47208.84,0.044775,63875.00,0.054003,52960.50,0.063000,45397.08,0.052630,54341.42,0.091149,31377.30,0.128764,0.018589,0.031462,0.052630,0.231445,0.030015,4,294494,311184,1595906,1207,0,0,0,1877,0,0,0,1606,0,0,0,778,0,0,0,834,0,0,0,16,0,0,0,8344671943786631269,7317399671235678480,7317399671235678480,13085252850293455747,15722443831877580469,2531948803399895654
57,20,2736,8,10,0.131236,20847.89,0.065131,42007.79,0.048267,56684.22,0.065263,41922.83,0.072632,37669.35,0.063672,42970.13,0.102229,26763.50,0.133200,0.016526,0.024783,0.063672,0.238181,0.027380,10,269737,285717,1784063,1273,0,0,0,2278,0,0,0,1399,0,0,0,556,0,0,0,601,0,0,0,29,0,0,0,9927537366054495880,4101850688916864913,4101850688916864913,12005723938627734963,1622580749551531265,12772130716166843608
58,20,3019,8,10,0.115334,26176.08,0.058315,51770.12,0.050356,59952.86,0.056347,53578.53,0.062352,48418.69,0.052623,57370.35,0.111985,26959.04,0.118176,0.019683,0.031655,0.052623,0.222136,0.031125,4,286554,387549,1674379,2665,0,0,0,3532,0,0,0,1528,0,0,0,712,0,0,0,1005,0,0,0,35,0,0,0,16620103974585321643,15917456484290455378,15917456484290455378,15689263365608724625,18042498717587786470,10117848733164087908
59,20,2834,8,10,0.120271,23563.40,0.054090,52394.42,0.041618,68096.13,0.052925,53547.84,0.062961,45012.19,0.051780,54731.95,0.100378,28233.25,0.120798,0.017047,0.032862,0.051780,0.222486,0.028885,3,261410,291070,2001570,1248,0,0,0,1998,0,0,0,1570,0,0,0,672,0,0,0,805,0,0,0,16,0,0,0,17689399258725244552,18102902294206031674,18102902294206031674,14821864675849577533,6643115034652976667,12388517541524007357
60,20,2925,8,10,0.132106,22141.35,0.061472,47582.65,0.044316,66003.70,0.052840,55355.47,0.066596,43921.59,0.056520,51751.22,0.105433,27742.68,0.134705,0.019808,0.034968,0.056520,0.246001,0.029091,4,298899,333009,1714916,1269,0,0,0,1821,0,0,0,1402,0,0,0,544,0,0,0,737,0,0,0,17,0,0,0,14370581694370758897,7638315648174763591,7638315648174763591,1574977682445649843,9406891763066676877,9285809126448315438
61,20,2686,8,10,0.131356,20448.18,0.068689,39103.89,0.045216,59404.09,0.062425,43027.81,0.072013,37299.05,0.058789,45688.44,0.097530,27540.31,0.132061,0.017729,0.031576,0.058789,0.240156,0.023665,6,268462,277667,1772684,1142,0,0,0,1871,0,0,0,1011,0,0,0,675,0,0,0,773,0,0,0,18,0,0,0,12629031773089688761,14364032009264669533,14364032009264669533,9517796147804117496,15076067299638144126,2968765566299564329
62,20,2683,8,10,0.128963,20804.48,0.060261,44523.32,0.044189,60716.97,0.054044,49644.74,0.067006,40041.25,0.052617,50990.66,0.098792,27158.13,0.131011,0.017661,0.031054,0.052617,0.232343,0.025434,4,279177,295677,1763538,1098,0,0,0,1820,0,0,0,1381,0,0,0,636,0,0,0,1141,0,0,0,15,0,0,0,13561055285263105530,8192115245446180255,8192115245446180255,5683480760144163561,12990776879590981849,54180092936068732
63,20,2356,8,10,0.116540,20216.30,0.051292,45933.14,0.034995,67323.95,0.039668,59393.70,0.054993,42841.75,0.047312,49796.92,0.082326,28618.00,0.119167,0.016911,0.028103,0.047312,0.211494,0.019366,7,302250,309130,1771621,755,0,0,0,1243,0,0,0,1121,0,0,0,507,0,0,0,654,0,0,0,14,0,0,0,3667701373538188855,15705449987930517620,15705449987930517620,7174556908077079682,615246282643938689,14296595410972247292
64,20,2530,8,10,0.134517,18808.03,0.070247,36015.75,0.046388,54540.22,0.062693,40355.70,0.076957,32875.60,0.064606,39160.72,0.099712,25373.08,0.135890,0.015392,0.026473,0.064606,0.242361,0.021535,5,233781,242876,1819729,1110,0,0,0,2060,0,0,0,1654,0,0,0,643,0,0,0,644,0,0,0,17,0,0,0,17902128737775502862,12058242242166413846,12058242242166413846,1846557262869177505,12444414284516685748,14945929072784542980
65,20,2756,8,10,0.140011,19684.10,0.058766,46897.65,0.049161,56060.25,0.062688,43963.66,0.068714,40108.55,0.053715,51307.89,0.096455,28572.78,0.142216,0.016546,0.029461,0.053715,0.241937,0.029649,4,271727,282917,1944900,1135,0,0,0,2044,0,0,0,1331,0,0,0,609,0,0,0,792,0,0,0,30,0,0,0,10501728009915550733,8491832469978008792,8491832469978008792,15589947817472174236,16325699033222893334,4363391164902056887
66,20,2739,8,10,0.140516,19492.47,0.058045,47187.77,0.047275,57937.77,0.057160,47918.00,0.064901,42202.55,0.056123,48803.65,0.097368,28130.35,0.142768,0.016557,0.033336,0.056123,0.248784,0.027431,4,275557,286757,2242889,1236,0,0,0,2169,0,0,0,1664,0,0,0,862,0,0,0,999,0,0,0,34,0,0,0,14068598345029739951,17081031449426870572,17081031449426870572,1807215251973261099,6628251052275199083,12957505706565727600
67,20,3207,8,10,0.123622,25941.90,0.056628,56633.15,0.049233,65139.63,0.055291,58002.15,0.061231,52375.66,0.054060,59322.63,0.099918,32096.40,0.125824,0.017970,0.030875,0.054060,0.228730,0.039955,4,276362,345712,1907501,2202,0,0,0,2582,0,0,0,1842,0,0,0,872,0,0,0,967,0,0,0,27,0,0,0,10641994125613715708,3466352200853397991,3466352200853397991,17770325715081157199,5062742742923297622,18083336698471600979
68,20,2839,8,10,0.148653,19098.11,0.075010,37848.40,0.053039,53526.89,0.060876,46636.14,0.092091,30828.07,0.063520,44694.61,0.118830,23891.30,0.150035,0.023274,0.036769,0.063520,0.273599,0.027473,5,354200,370960,1692752,1363,0,0,0,2063,0,0,0,1974,0,0,0,1013,0,0,0,1276,0,0,0,22,0,0,0,9763736696513298939,7063478239537180280,7063478239537180280,14058182453240855133,2905191850855340656,5936501457923676008
69,20,2909,8,10,0.144532,20127.01,0.072255,40259.94,0.054273,53599.86,0.060161,48353.28,0.076043,38254.50,0.056114,51840.79,0.108670,26769.12,0.146518,0.024975,0.050257,0.056114,0.277863,0.032953,4,380058,392868,1804899,1129,0,0,0,2088,0,0,0,1662,0,0,0,1009,0,0,0,1407,0,0,0,16,0,0,0,6895242240759461937,6366407662030939075,6366407662030939075,9880591424572791371,5232086892196399535,1314726829515588754
70,20,2896,8,10,0.145431,19913.22,0.073841,39219.24,0.060567,47814.84,0.074317,38968.04,0.081782,35411.10,0.066620,43470.19,0.107565,26923.21,0.146532,0.020567,0.036309,0.066620,0.270029,0.030267,4,314546,325751,1844122,1900,0,0,0,2973,0,0,0,1826,0,0,0,1074,0,0,0,1175,0,0,0,30,0,0,0,5426671828393346238,12087996420380945032,12087996420380945032,7863913697733618776,370505103740595945,11278944479905628803
71,20,2506,8,10,0.150427,16659.21,0.078035,32113.73,0.059003,42472.39,0.074448,33660.95,0.085055,29463.40,0.069477,36069.26,0.117382,21349.05,0.151736,0.020291,0.032148,0.069477,0.273653,0.023869,5,324631,332376,1736430,1600,0,0,0,2851,0,0,0,1989,0,0,0,1113,0,0,0,1418,0,0,0,38,0,0,0,16446107430979561518,16446107430979561518,16446107430979561518,10221637093150055942,16556501074777953417,1602766538408935821
72,20,2828,8,10,0.156637,18054.48,0.079387,35622.93,0.062722,45088.08,0.059477,47547.40,0.080395,35176.44,0.056308,50223.78,0.119496,23666.12,0.158269,0.019130,0.033580,0.056308,0.267288,0.028017,4,295784,307969,1552348,1646,0,0,0,2702,0,0,0,1827,0,0,0,997,0,0,0,1334,0,0,0,28,0,0,0,9664729826698806028,1888662878585852344,1888662878585852344,15547342898278720454,1877792537602061922,4486379418620318872
73,20,2735,8,10,0.156970,17423.72,0.070144,38991.30,0.045952,59518.71,0.053260,51351.66,0.078191,34978.41,0.055602,49189.32,0.114202,23948.78,0.158712,0.018819,0.031245,0.055602,0.264377,0.025895,5,268085,300335,1734507,1077,0,0,0,1774,0,0,0,1432,0,0,0,697,0,0,0,1063,0,0,0,13,0,0,0,15909506355263513983,6218426957648591859,6218426957648591859,5439508735956334493,14962141350274801807,13140025289322494877
74,20,3145,8,10,0.177259,17742.37,0.097491,32259.32,0.099589,31579.74,0.064026,49120.62,0.069884,45003.20,0.052200,60248.73,0.108662,28943.05,0.179702,0.021592,0.037254,0.052200,0.290748,0.035223,4,337364,406354,2177746,1599,0,0,0,2003,0,0,0,1982,0,0,0,896,0,0,0,1437,0,0,0,12,0,0,0,12614502763508925041,15821647262468912791,15821647262468912791,9405580361516106793,13207298156097493193,15505825399797496330
75,20,2502,8,10,0.138204,18103.63,0.067368,37139.16,0.048527,51559.06,0.068132,36722.91,0.076019,32912.82,0.066115,37843.07,0.104887,23854.31,0.141121,0.016258,0.029386,0.066115,0.252879,0.023765,7,269468,275793,1706736,1014,0,0,0,2034,0,0,0,1309,0,0,0,642,0,0,0,750,0,0,0,18,0,0,0,102990410075772888,14975808263577955915,14975808263577955915,8686763786574274270,2155162164192966413,14000055218815478398
76,20,2736,8,10,0.150428,18188.04,0.076284,35866.09,0.063117,43348.26,0.068900,39709.51,0.081200,33694.68,0.061887,44209.70,0.114550,23884.85,0.155394,0.027794,0.047186,0.061887,0.292261,0.031625,5,419245,430540,1808219,1651,0,0,0,2770,0,0,0,1827,0,0,0,953,0,0,0,1047,0,0,0,32,0,0,0,5904684658140520339,5807179965877451063,5807179965877451063,1174022713025511788,14284370452151311047,10923182668148273277
77,20,2521,8,10,0.125532,20082.55,0.060752,41496.27,0.052472,48045.08,0.059156,42616.26,0.063421,39750.17,0.049729,50694.71,0.085915,29343.05,0.125964,0.017435,0.033986,0.049729,0.227114,0.022045,3,251699,257474,1582660,1122,0,0,0,2121,0,0,0,1629,0,0,0,759,0,0,0,1337,0,0,0,10,0,0,0,14161278764445226523,17270666757447979733,17270666757447979733,12729416253121983347,14408822556468118757,11673795815168692784
78,20,2781,8,10,0.143889,19327.41,0.072244,38494.62,0.053694,51793.59,0.067425,41246.11,0.077806,35742.67,0.059570,46684.41,0.102788,27055.70,0.146474,0.018557,0.034360,0.059570,0.258961,0.026725,3,280296,316396,1685405,1194,0,0,0,2037,0,0,0,1468,0,0,0,808,0,0,0,1085,0,0,0,21,0,0,0,10290335080756298305,10118240853572869857,10118240853572869857,1435049431901508883,7221744184810482182,17971273464067097039
79,20,2848,8,10,0.129002,22077.21,0.065076,43764.34,0.051010,55831.94,0.057023,49945.13,0.067050,42475.75,0.051642,55149.43,0.097615,29175.92,0.131911,0.017141,0.032563,0.051642,0.233255,0.026742,3,260019,285339,1660651,1348,0,0,0,2374,0,0,0,1790,0,0,0,1034,0,0,0,1457,0,0,0,28,0,0,0,14159931486637311345,12192269577408372242,12192269577408372242,14626564883874226494,18232912394884371682,6575457155680536093
80,20,2711,8,10,0.132549,20452.78,0.067131,40383.74,0.060769,44611.42,0.068134,39789.31,0.073667,36800.94,0.061698,43939.69,0.099027,27376.48,0.132947,0.019267,0.031249,0.061698,0.245161,0.027210,4,281514,291949,1803218,1535,0,0,0,2977,0,0,0,1707,0,0,0,908,0,0,0,1102,0,0,0,21,0,0,0,16055968097851947159,15280253503539197172,15280253503539197172,16763506852695943086,17188940763070477918,10982757991650345260
81,20,3004,8,10,0.136694,21976.15,0.063363,47409.56,0.048064,62499.63,0.050046,60024.92,0.066952,44868.15,0.049037,61259.67,0.100102,30009.49,0.138677,0.020118,0.034241,0.049037,0.242074,0.033658,4,296175,314920,1653524,1421,0,0,0,2581,0,0,0,2269,0,0,0,1151,0,0,0,1599,0,0,0,83,0,0,0,13340124325218854754,7335103045823394333,7335103045823394333,329437821979760944,10982789090090016001,8737581245343271649
82,20,3009,8,10,0.138822,21675.23,0.091302,32956.42,0.071346,42174.47,0.066470,45268.56,0.074752,40253.20,0.062083,48467.60,0.111711,26935.68,0.139760,0.017301,0.031046,0.062083,0.250189,0.030187,4,273523,335998,2067562,1487,0,0,0,2617,0,0,0,1217,0,0,0,890,0,0,0,1166,0,0,0,27,0,0,0,8912211731847887567,13606833649340626635,13606833649340626635,11881989874394546987,1402958349687736285,15094618833733204929
83,20,2723,8,10,0.145161,18758.46,0.069391,39241.40,0.061224,44475.97,0.065289,41706.68,0.084575,32196.29,0.065905,41317.35,0.111446,24433.37,0.146362,0.020510,0.031690,0.065905,0.264467,0.027123,3,266461,278296,1867682,1655,0,0,0,2711,0,0,0,2256,0,0,0,1335,0,0,0,1840,0,0,0,30,0,0,0,16850113448947992739,1699738355306237573,1699738355306237573,15438809550634087995,2079908512595972975,13780445493730570557
84,20,2867,8,10,0.176768,16218.96,0.081996,34964.97,0.063337,45265.80,0.065509,43764.80,0.078232,36647.55,0.064818,44231.80,0.130150,22028.49,0.177866,0.018524,0.027995,0.064818,0.289202,0.027625,7,294321,304361,4333671,1632,0,0,0,2344,0,0,0,2028,0,0,0,1020,0,0,0,1374,0,0,0,54,0,0,0,12277653714923641273,14802883426410572970,14802883426410572970,13701662777231910113,370142902033649921,18294351798251698591
85,20,2795,8,10,0.129246,21625.40,0.060049,46545.32,0.055450,50405.37,0.063852,43772.90,0.070998,39367.49,0.059408,47047.44,0.097959,28532.35,0.133075,0.017912,0.031655,0.059408,0.242050,0.026304,4,281170,292560,1713078,1462,0,0,0,2860,0,0,0,1636,0,0,0,1007,0,0,0,1313,0,0,0,34,0,0,0,15835677263160093873,6283487709635929616,6283487709635929616,11390326307298099747,1386952771457731499,9312736593180258695
86,20,2853,8,10,0.135294,21087.44,0.068147,41865.52,0.051844,55030.28,0.067688,42149.07,0.074072,38516.38,0.063962,44604.40,0.091542,31165.92,0.137718,0.017315,0.031391,0.063962,0.250386,0.027446,4,279373,288673,1812244,1652,0,0,0,2705,0,0,0,1962,0,0,0,1175,0,0,0,1534,0,0,0,33,0,0,0,7242269559079321437,8269468611333986440,8269468611333986440,3347831838927911073,18020174991283546187,12524175415077798237
87,20,2871,8,10,0.155396,18475.36,0.078892,36391.62,0.058296,49248.74,0.064737,44348.73,0.082004,35010.40,0.057340,50069.58,0.108041,26573.13,0.157155,0.021233,0.032181,0.057340,0.267909,0.030246,5,323041,331836,1939858,1418,0,0,0,2476,0,0,0,1756,0,0,0,1061,0,0,0,1220,0,0,0,21,0,0,0,16559018201681318475,7799095821362031014,7799095821362031014,11230790786076818052,10470915315591348115,7862775048462925422
88,20,2851,8,10,0.135928,20974.28,0.063057,45213.09,0.054430,52379.09,0.062477,45632.78,0.070749,40297.18,0.058757,48521.87,0.096594,29515.18,0.137047,0.020216,0.027351,0.058757,0.243370,0.029330,8,305507,334817,1478899,1331,0,0,0,2466,0,0,0,1904,0,0,0,955,0,0,0,1416,0,0,0,23,0,0,0,8900688584030397699,3100277606597864047,3100277606597864047,13151726682977032895,1632370579866545809,11907697039011327405
89,20,3012,8,10,0.139214,21635.70,0.067333,44732.66,0.057074,52773.82,0.061487,48986.32,0.071292,42248.60,0.055748,54028.65,0.106995,28150.95,0.140415,0.020233,0.035643,0.055748,0.252039,0.032606,4,316447,369007,1738768,2019,0,0,0,2820,0,0,0,2052,0,0,0,1032,0,0,0,1594,0,0,0,29,0,0,0,5723111367134339284,17830303547853729764,17830303547853729764,10927074925475637630,7342022428903773203,1718128786652650809
90,20,2687,8,10,0.141552,18982.40,0.071832,37406.63,0.061035,44023.82,0.075183,35739.69,0.079462,33814.88,0.070279,38233.18,0.103507,25959.52,0.141905,0.020294,0.035624,0.070279,0.268102,0.027379,5,292710,302760,1565829,1605,0,0,0,2872,0,0,0,1658,0,0,0,1059,0,0,0,1121,0,0,0,28,0,0,0,17332126738104700537,13949874834742760098,13949874834742760098,5592108744545469597,15379246408852068848,4600057355120937244
91,20,3068,8,10,0.142073,21594.46,0.071129,43132.93,0.066526,46117.09,0.071497,42911.07,0.076845,39924.33,0.065562,46795.10,0.124164,24709.17,0.144404,0.019148,0.034308,0.065562,0.263423,0.030574,4,305393,536653,1789067,1717,0,0,0,3096,0,0,0,1656,0,0,0,759,0,0,0,1291,0,0,0,29,0,0,0,13889987131739009240,7333342459511696840,7333342459511696840,11621115162867472880,11130535522868833054,8408146068594375230
92,20,2908,8,10,0.164258,17703.86,0.096812,30037.48,0.081646,35617.16,0.068554,42418.87,0.103634,28060.33,0.081269,35782.55,0.122056,23825.08,0.166016,0.019376,0.036073,0.081269,0.302734,0.027987,4,293798,304948,1604559,1570,0,0,0,2923,0,0,0,2152,0,0,0,1187,0,0,0,1778,0,0,0,31,0,0,0,15652729775500181279,5627154350153488060,5627154350153488060,4561474786048589401,9578350564908263870,13739754151318681899
93,20,2829,8,10,0.154373,18325.69,0.074987,37726.60,0.053023,53354.21,0.064648,43760.06,0.081214,34834.02,0.060880,46468.75,0.119846,23605.37,0.157210,0.018373,0.033997,0.060880,0.270460,0.028154,4,294316,344661,1652713,1824,0,0,0,2541,0,0,0,1653,0,0,0,896,0,0,0,1336,0,0,0,11,0,0,0,3218609939005310650,3997236162977383961,3997236162977383961,11356413218179220866,7515454544296432965,10273003459975895835
94,20,2699,8,10,0.140893,19156.37,0.067610,39920.13,0.056131,48083.91,0.062697,43048.50,0.071963,37505.59,0.057739,46745.16,0.097366,27720.29,0.143087,0.018888,0.031682,0.057739,0.251395,0.025948,6,284944,290909,1503418,1468,0,0,0,2613,0,0,0,1849,0,0,0,1065,0,0,0,1212,0,0,0,32,0,0,0,823549103352155218,15687699440178276930,15687699440178276930,3379720028977087228,15067491185850490147,11821611548994127402
95,20,2806,8,10,0.164778,17028.94,0.096545,29064.18,0.067588,41516.48,0.087961,31900.67,0.099410,28226.41,0.079414,35334.00,0.122861,22838.83,0.167422,0.018952,0.032899,0.079414,0.298687,0.028232,5,300634,314129,1974237,1857,0,0,0,3175,0,0,0,1787,0,0,0,1145,0,0,0,1461,0,0,0,48,0,0,0,3423247975278132496,5954446168089282845,5954446168089282845,10366866023788045879,4553685529665610235,15077976774615020870
96,20,3233,8,10,0.181732,17789.92,0.090091,35886.03,0.074213,43563.89,0.073921,43736.17,0.102035,31685.24,0.067552,47859.30,0.144959,22302.81,0.184251,0.022646,0.038703,0.067552,0.313152,0.036846,5,358225,420385,1872678,1923,0,0,0,3392,0,0,0,1991,0,0,0,1212,0,0,0,1536,0,0,0,54,0,0,0,8174044923811410915,14318636311123113290,14318636311123113290,6575014723615300827,5369687795562689507,13968927887673857281
97,20,2876,8,10,0.143108,20096.67,0.068761,41826.08,0.056355,51033.78,0.069195,41563.61,0.077928,36906.01,0.062375,46108.40,0.109067,26369.11,0.144956,0.022968,0.035417,0.062375,0.265715,0.028099,4,316421,324441,1754414,1738,0,0,0,3068,0,0,0,2085,0,0,0,1579,0,0,0,1817,0,0,0,53,0,0,0,18062249079608485298,17105716809557332801,17105716809557332801,16683201967664316611,9593611435879213098,17201469438267568933
98,20,2963,8,10,0.155465,19059.01,0.078618,37688.36,0.069693,42515.11,0.087270,33952.00,0.094554,31336.59,0.081741,36248.43,0.123589,23974.53,0.158412,0.019106,0.027573,0.081741,0.286832,0.029597,9,295612,307782,1822247,1668,0,0,0,2498,0,0,0,1984,0,0,0,1055,0,0,0,1156,0,0,0,20,0,0,0,4633919448317130490,540603825192131249,540603825192131249,518408533846274382,702339931337087786,6019236285781961839
99,20,2992,8,10,0.166018,18022.16,0.083855,35680.70,0.066897,44725.74,0.075492,39633.37,0.090070,33218.64,0.074996,39895.44,0.132266,22621.00,0.166716,0.020708,0.033340,0.074996,0.295760,0.031826,5,319794,330659,1974231,1591,0,0,0,2714,0,0,0,1873,0,0,0,1015,0,0,0,1410,0,0,0,31,0,0,0,13522304146025481493,11131746376194576364,11131746376194576364,14527359792397128341,15502204032493516361,17793707166814018357
100,20,2938,8,10,0.137683,21338.83,0.072733,40394.42,0.058464,50252.86,0.068900,42641.64,0.084045,34957.53,0.069201,42455.90,0.099695,29469.90,0.140134,0.018375,0.028279,0.069201,0.255990,0.029372,8,274384,282394,1634657,1380,0,0,0,2409,0,0,0,1687,0,0,0,846,0,0,0,996,0,0,0,11,0,0,0,13996361555140959741,11534889222623348336,11534889222623348336,6608887265605712926,9627941218056002070,10297787835385639496
101,20,2984,8,10,0.159071,18758.95,0.083153,35885.74,0.066609,44798.89,0.084956,35124.16,0.094900,31443.68,0.105596,28258.74,0.123654,24131.85,0.159775,0.021543,0.029547,0.105596,0.316461,0.031870,6,297911,319886,1953109,1883,0,0,0,3394,0,0,0,1839,0,0,0,1207,0,0,0,915,0,0,0,38,0,0,0,1874975643492468705,2515040100117216486,2515040100117216486,14177986133504400619,1994667993637994277,15156621914860381129
102,20,2920,8,10,0.140693,20754.41,0.070879,41196.68,0.063232,46179.50,0.071262,40975.48,0.074037,39439.99,0.063629,45891.16,0.099440,29364.49,0.142976,0.018544,0.031432,0.063629,0.256581,0.030864,5,284169,293459,1848425,1655,0,0,0,2865,0,0,0,2032,0,0,0,1177,0,0,0,1277,0,0,0,47,0,0,0,4407879360713161494,5815092146515618549,5815092146515618549,2812437800677686773,11773049753782486323,2982742041972375779
103,20,2976,8,10,0.153697,19362.73,0.075356,39492.54,0.061882,48091.34,0.070414,42264.36,0.086116,34558.23,0.066041,45062.74,0.118398,25135.56,0.156449,0.021241,0.033395,0.066041,0.277126,0.031520,4,302712,312612,1933833,1527,0,0,0,2623,0,0,0,1753,0,0,0,1005,0,0,0,1233,0,0,0,24,0,0,0,12776957065999583922,17749015720350994094,17749015720350994094,4850570105722486117,7242973061659382695,10487519029570549233
104,20,3056,8,10,0.158942,19227.10,0.082127,37210.84,0.060084,50861.86,0.070591,43291.48,0.086890,35171.06,0.070660,43249.26,0.126690,24121.85,0.160535,0.019241,0.032599,0.070660,0.283035,0.036459,4,294528,328418,1564007,1991,0,0,0,2798,0,0,0,2285,0,0,0,1541,0,0,0,1940,0,0,0,90,0,0,0,14852626651433714604,4503469958376193279,4503469958376193279,5668466826041058701,1781503105270707624,3544036404919295615
105,20,3111,8,10,0.142069,21897.88,0.074066,42002.95,0.053692,57941.13,0.066819,46558.30,0.080111,38833.45,0.065753,47313.09,0.122081,25483.06,0.143487,0.019076,0.030464,0.065753,0.258781,0.032289,5,290654,340879,1893107,2127,0,0,0,3092,0,0,0,1236,0,0,0,1005,0,0,0,1360,0,0,0,40,0,0,0,6751580823865132371,175223279527971886,175223279527971886,3212519130351746029,2001266004672995176,12245729520508938465
106,20,2899,8,10,0.129414,22400.94,0.070218,41285.71,0.064934,44645.19,0.073439,39475.03,0.077116,37592.58,0.062553,46344.50,0.097996,29582.97,0.131425,0.019214,0.027963,0.062553,0.241154,0.027714,5,277890,289125,1654842,1685,0,0,0,3147,0,0,0,1441,0,0,0,924,0,0,0,1091,0,0,0,45,0,0,0,5655197928738446046,8899702983424666792,8899702983424666792,12047409013992572290,13382449094329717341,18107876493569703835
107,20,2865,8,10,0.134531,21296.25,0.064909,44138.43,0.052323,54755.83,0.064921,44130.73,0.073866,38786.48,0.091738,31230.41,0.100717,28446.13,0.135930,0.017854,0.030053,0.091738,0.275574,0.028809,5,270318,284028,1697606,1299,0,0,0,2361,0,0,0,1325,0,0,0,797,0,0,0,734,0,0,0,25,0,0,0,8157318345638915543,490884964413575554,490884964413575554,7787650341410012291,2483989685772654824,11415708181433260798
108,20,3062,8,10,0.155698,19666.28,0.080480,38046.65,0.066262,46210.50,0.083473,36682.43,0.085899,35646.53,0.067591,45301.81,0.113343,27015.27,0.156490,0.019410,0.031401,0.067591,0.274892,0.031516,5,299865,316605,1694123,1952,0,0,0,3129,0,0,0,1775,0,0,0,1080,0,0,0,1288,0,0,0,20,0,0,0,3862516831667838137,1006316922524183203,1006316922524183203,12531960070933127123,13660821848553690993,4796702008908025527
109,20,3081,8,10,0.144714,21290.31,0.075843,40623.22,0.060033,51321.52,0.063925,48196.85,0.080174,38429.09,0.061586,50027.45,0.118422,26017.20,0.147734,0.021666,0.032914,0.061586,0.263901,0.033678,4,293920,312620,1736977,1644,0,0,0,2623,0,0,0,1710,0,0,0,957,0,0,0,1407,0,0,0,62,0,0,0,15837664589205867060,1776967668622263302,1776967668622263302,1497702851766286913,9654554084463536490,12773348650470065498
110,20,3148,8,10,0.151862,20729.32,0.068722,45808.05,0.056618,55600.91,0.073475,42844.70,0.083548,37679.07,0.067888,46370.43,0.112812,27904.92,0.153991,0.019334,0.033077,0.067888,0.274290,0.035163,4,291009,305054,1712582,1586,0,0,0,2482,0,0,0,1607,0,0,0,1040,0,0,0,1497,0,0,0,28,0,0,0,18128279683333742903,4313434658272760818,4313434658272760818,1147121924566831098,11359598955331587853,12461577086086679347
111,20,3372,8,10,0.155870,21633.44,0.072329,46620.49,0.061791,54571.27,0.077896,43288.60,0.087616,38486.31,0.069129,48778.44,0.122710,27479.47,0.158493,0.019043,0.033224,0.069129,0.279889,0.040108,5,297443,369583,2084899,2320,0,0,0,3092,0,0,0,2168,0,0,0,1195,0,0,0,1448,0,0,0,38,0,0,0,2478737547121137864,12884042970709983634,12884042970709983634,5191727030089730810,16007807308407864866,17850523887016384073
112,20,3259,8,10,0.149554,21791.52,0.068791,47375.51,0.060429,53931.41,0.077501,42050.88,0.080858,40305.25,0.077101,42269.16,0.116230,28039.14,0.150863,0.018112,0.024980,0.077101,0.271056,0.032226,11,278191,293766,2002260,1701,0,0,0,3131,0,0,0,1839,0,0,0,1127,0,0,0,1245,0,0,0,18,0,0,0,9513297262547845824,13368109545496138515,13368109545496138515,12615904999923942783,2020067353064431137,9429280678258445333
113,20,3017,8,10,0.121057,24922.09,0.059961,50316.29,0.052991,56934.33,0.061677,48916.21,0.063985,47151.83,0.054342,55518.89,0.081559,36991.84,0.122655,0.017293,0.034025,0.054342,0.228315,0.028960,3,262186,267661,1685695,1387,0,0,0,2412,0,0,0,1810,0,0,0,931,0,0,0,1417,0,0,0,40,0,0,0,7588336214593910351,7588336214593910351,7588336214593910351,10738685711085090009,14578023371861398814,11266796540399191158
114,20,3371,8,10,0.132674,25408.10,0.063632,52976.72,0.053863,62584.72,0.065331,51599.08,0.068386,49293.47,0.060385,55825.29,0.094919,35514.63,0.133375,0.017360,0.031992,0.060385,0.243112,0.031112,4,261480,268880,1817134,1359,0,0,0,2691,0,0,0,2637,0,0,0,1436,0,0,0,1356,0,0,0,48,0,0,0,4006560578355561374,16712009773068267342,16712009773068267342,2306940699514276529,16129742361286873709,17898690686941189656
115,20,2777,8,10,0.138165,20099.21,0.068008,40833.70,0.057974,47901.05,0.057504,48292.18,0.070449,39418.86,0.058799,47228.94,0.093509,29697.79,0.137117,0.016343,0.027623,0.058799,0.239881,0.026005,5,253448,259363,1665135,1579,0,0,0,2754,0,0,0,2308,0,0,0,1261,0,0,0,1710,0,0,0,33,0,0,0,10959573779636075930,10436054174660163469,10436054174660163469,4540665330625092498,14433079661662020915,7712030132762149764
116,20,3181,8,10,0.144909,21951.71,0.075527,42117.18,0.066063,48151.16,0.070084,45388.59,0.076905,41362.82,0.061039,52114.29,0.107236,29663.46,0.147311,0.018501,0.032988,0.061039,0.259839,0.032652,4,297028,329748,1587327,2615,0,0,0,4127,0,0,0,2687,0,0,0,1590,0,0,0,2177,0,0,0,106,0,0,0,13431957301253676405,7031428955326063400,7031428955326063400,9982543763082155236,5808588981420052223,16691950493088796336
117,20,3642,8,10,0.129352,28155.81,0.065887,55276.15,0.057879,62924.72,0.064673,56313.85,0.071822,50708.57,0.059250,61468.74,0.129959,28024.31,0.130836,0.020911,0.036061,0.059250,0.247058,0.039891,4,311992,640812,1523008,2850,0,0,0,3755,0,0,0,2397,0,0,0,1247,0,0,0,1882,0,0,0,29,0,0,0,13770980670512878259,11092711139610365954,11092711139610365954,3657733642814934485,12496226890346389258,10730243179926246633
118,20,2991,8,10,0.140219,21330.92,0.071170,42026.41,0.059157,50560.53,0.072192,41431.34,0.077791,38449.37,0.059440,50320.05,0.106599,28058.53,0.141558,0.021691,0.032543,0.059440,0.255231,0.030360,5,297621,318841,1625198,1750,0,0,0,2973,0,0,0,2074,0,0,0,986,0,0,0,1202,0,0,0,25,0,0,0,11666152981317125446,17495046044695820284,17495046044695820284,14916661213830440206,16936674548543124935,11587802115712374361
119,20,3019,8,10,0.150362,20078.21,0.067922,44448.09,0.061800,48851.07,0.076893,39262.10,0.085420,35342.81,0.068602,44007.40,0.118992,25371.53,0.153114,0.021053,0.036066,0.068602,0.278835,0.036797,4,313134,387459,2013563,1369,0,0,0,2413,0,0,0,1963,0,0,0,1089,0,0,0,1339,0,0,0,28,0,0,0,6680596090001937157,13941678434015827024,13941678434015827024,2243811976174784289,14666275338970518204,2290115011904382661
120,20,2925,8,10,0.142519,20523.55,0.066127,44233.05,0.059880,48847.39,0.068964,42413.58,0.074659,39178.16,0.069289,42214.63,0.104987,27860.50,0.143687,0.019947,0.030941,0.069289,0.263864,0.029656,7,302847,310792,1718327,1624,0,0,0,2802,0,0,0,1816,0,0,0,884,0,0,0,1509,0,0,0,39,0,0,0,15720216679524638376,5748824903928225679,5748824903928225679,8228931301563849340,5997754806093456676,4759267038092422092
121,20,3121,8,10,0.162020,19263.11,0.080967,38546.40,0.063567,49097.87,0.076125,40998.15,0.083512,37372.02,0.068153,45793.88,0.122191,25542.01,0.163346,0.019324,0.034169,0.068153,0.284992,0.035097,6,316141,344896,1783877,2061,0,0,0,3486,0,0,0,1862,0,0,0,1079,0,0,0,1117,0,0,0,32,0,0,0,4597250439789468784,8578077115994842736,8578077115994842736,5617016552746184877,13698451992682801070,8795541879697426745
122,20,3002,8,10,0.154913,19378.63,0.075016,40018.03,0.056298,53323.40,0.071417,42034.87,0.085357,35169.93,0.068792,43639.05,0.112977,26571.85,0.155546,0.020802,0.032370,0.068792,0.277509,0.030098,5,292506,303381,2165226,1553,0,0,0,2603,0,0,0,2011,0,0,0,1062,0,0,0,1390,0,0,0,47,0,0,0,6933741457816215311,15800835196775774030,15800835196775774030,5980016134994186035,3857438230361408,3040747671805396975
123,20,3153,8,10,0.144936,21754.50,0.081829,38531.68,0.064322,49018.86,0.070874,44487.67,0.085072,37062.74,0.072287,43617.62,0.117640,26802.06,0.146633,0.019845,0.032223,0.072287,0.270988,0.034963,4,299622,363422,1616378,2454,0,0,0,3715,0,0,0,1686,0,0,0,1066,0,0,0,1566,0,0,0,78,0,0,0,1643467238674885499,14627573708122853381,14627573708122853381,2926485194650535428,11248226137227746162,15038946355440307316
124,20,3192,8,10,0.137590,23199.30,0.074991,42565.15,0.069815,45721.13,0.074263,42982.40,0.080417,39692.94,0.071396,44708.08,0.097915,32599.57,0.139345,0.020282,0.032162,0.071396,0.263185,0.033575,5,289411,299801,1573010,1937,0,0,0,3100,0,0,0,1834,0,0,0,1164,0,0,0,1480,0,0,0,31,0,0,0,15941979049869711268,5228338514598548583,5228338514598548583,12430015593820972517,1071680634017592355,10113262508196980959
125,20,2915,8,10,0.146634,19879.48,0.072665,40115.50,0.060290,48349.39,0.066549,43802.00,0.077910,37415.08,0.071356,40851.69,0.103706,28108.23,0.148230,0.017839,0.022815,0.071356,0.260240,0.028708,13,270149,278789,1711787,1796,0,0,0,3034,0,0,0,2332,0,0,0,1252,0,0,0,925,0,0,0,42,0,0,0,17157380052640049923,2826512539533311334,2826512539533311334,1082819216201655314,945966914515227940,4940783315252928721
126,20,3521,8,10,0.177038,19888.40,0.077460,45455.87,0.059684,58994.22,0.081270,43324.59,0.088557,39759.85,0.076848,45817.97,0.138082,25499.29,0.178429,0.021090,0.032690,0.076848,0.309055,0.042240,6,324651,402856,2391568,2093,0,0,0,3012,0,0,0,2031,0,0,0,1235,0,0,0,1538,0,0,0,71,0,0,0,8604422204670931021,7625037564161783848,7625037564161783848,17515277714437354770,18199258320674575389,11567375925429081078
127,20,2851,8,10,0.155486,18336.04,0.071391,39935.14,0.066862,42639.96,0.077180,36939.65,0.083463,34159.02,0.070829,40251.92,0.113517,25115.19,0.157459,0.017849,0.027248,0.070829,0.273384,0.029130,9,290507,300482,2290466,1735,0,0,0,3004,0,0,0,2057,0,0,0,996,0,0,0,1189,0,0,0,69,0,0,0,1235379219658864756,14990823443444627225,14990823443444627225,17856346463480076401,11445163913817739859,17446925889422657700
128,20,3207,8,10,0.192193,16686.32,0.075339,42567.43,0.064253,49911.74,0.089176,35962.69,0.094692,33867.79,0.085035,37713.85,0.134851,23781.81,0.193672,0.020734,0.035979,0.085035,0.335420,0.040147,4,346553,358083,2210119,1632,0,0,0,2872,0,0,0,2076,0,0,0,1325,0,0,0,1662,0,0,0,51,0,0,0,8522878687383639711,2522485774531800014,2522485774531800014,5731112853321316921,4087312016357271766,10531762329864643662
129,20,3081,8,10,0.167761,18365.41,0.074964,41099.64,0.064420,47826.92,0.090723,33960.37,0.094278,32679.79,0.086907,35451.84,0.133788,23028.89,0.168934,0.019316,0.023048,0.086907,0.298205,0.032300,11,289581,303241,1563518,1452,0,0,0,2683,0,0,0,2004,0,0,0,871,0,0,0,1130,0,0,0,47,0,0,0,7838598889869207597,13385399613911864688,13385399613911864688,2974637084443824465,1247844739787870043,7589155982522546258
130,20,3063,8,10,0.149766,20451.90,0.071291,42964.77,0.066133,46315.67,0.075799,40409.55,0.080757,37928.62,0.072696,42134.19,0.107612,28463.35,0.150731,0.019304,0.030995,0.072696,0.273726,0.031421,5,292764,304864,2684051,1664,0,0,0,3144,0,0,0,2238,0,0,0,1202,0,0,0,1756,0,0,0,44,0,0,0,15825965422316121588,11582583850756118862,11582583850756118862,4310973260999487098,12757056162748603896,14356254646479876157
131,20,3092,8,10,0.168849,18312.24,0.082436,37507.88,0.072013,42936.82,0.081674,37857.65,0.092355,33479.55,0.077832,39726.51,0.126052,24529.65,0.170897,0.020075,0.032272,0.077832,0.301076,0.033655,5,320511,332541,1808047,2015,0,0,0,3311,0,0,0,2270,0,0,0,1355,0,0,0,1855,0,0,0,69,0,0,0,12800753590850257602,10842090731049517631,10842090731049517631,15917454706365402862,13566456984990060929,17764222252719883794
132,20,2797,8,10,0.163732,17082.79,0.074188,37701.40,0.060090,46547.14,0.077594,36046.59,0.086272,32420.84,0.073682,37960.51,0.113633,24614.37,0.164152,0.017472,0.028847,0.073682,0.284153,0.028305,6,277280,288625,1799619,1453,0,0,0,2705,0,0,0,2149,0,0,0,1131,0,0,0,1483,0,0,0,51,0,0,0,11694122105266391542,13603611523150437376,13603611523150437376,9348444125122386960,10689417007782884776,17030965445355702816
133,20,3042,8,10,0.146764,20727.10,0.070753,42994.50,0.055724,54590.56,0.062956,48319.66,0.074357,40910.89,0.059008,51552.06,0.098295,30947.75,0.147916,0.017950,0.032696,0.059008,0.257570,0.030444,4,290066,310006,2814024,1563,0,0,0,2522,0,0,0,1951,0,0,0,1048,0,0,0,1440,0,0,0,35,0,0,0,282667168965799813,11179850286628013071,11179850286628013071,10295450865500152657,13889371237676605788,14440371352125237422
134,20,3010,8,10,0.164863,18257.58,0.082655,36416.23,0.068683,43824.57,0.074258,40534.56,0.082810,36348.27,0.073165,41140.06,0.111606,26969.78,0.165439,0.020175,0.032897,0.073165,0.291675,0.030675,6,305563,313808,2005104,1430,0,0,0,2984,0,0,0,2300,0,0,0,1146,0,0,0,1588,0,0,0,30,0,0,0,16849898799020176353,16780524617772628761,16780524617772628761,11147930986578489150,4562108648286840044,16090923386638392407
135,20,2910,8,10,0.182504,15944.82,0.083910,34679.86,0.061828,47066.14,0.079437,36632.68,0.094140,30911.44,0.080251,36261.01,0.131030,22208.69,0.184116,0.019783,0.034928,0.080251,0.319078,0.029996,4,321913,329998,2004216,1313,0,0,0,2530,0,0,0,1942,0,0,0,985,0,0,0,1592,0,0,0,54,0,0,0,7342913448164801983,15628777267214922036,15628777267214922036,10375333851655591323,7951924847326868639,4597173587611992806
136,20,3015,8,10,0.172196,17509.09,0.080187,37599.71,0.061611,48935.72,0.075296,40042.04,0.087150,34595.71,0.073898,40799.32,0.122910,24530.21,0.171330,0.020092,0.034744,0.073898,0.300065,0.032140,5,318842,329502,1767617,1491,0,0,0,2678,0,0,0,2026,0,0,0,853,0,0,0,1213,0,0,0,33,0,0,0,2566731251903082899,16206560412841545260,16206560412841545260,17390873130115597288,992309169022577005,15818343260760086527
137,20,3351,8,10,0.133100,25176.57,0.062277,53807.69,0.055333,60560.47,0.067346,49757.75,0.071279,47012.54,0.064755,51748.66,0.098226,34115.26,0.133999,0.020510,0.029037,0.064755,0.248302,0.033480,7,292988,325888,1690909,1711,0,0,0,2534,0,0,0,1778,0,0,0,905,0,0,0,1201,0,0,0,33,0,0,0,15459729811163452279,619887273734955077,619887273734955077,12702786594846824568,3575754506324145602,8306005086045576985
138,20,3332,8,10,0.145641,22878.19,0.064300,51819.43,0.053718,62027.16,0.068033,48976.34,0.076820,43374.17,0.068372,48733.30,0.110662,30109.75,0.146770,0.020725,0.035853,0.068372,0.271721,0.035954,4,304377,327477,1790045,1302,0,0,0,2232,0,0,0,1712,0,0,0,860,0,0,0,1372,0,0,0,21,0,0,0,10953969696514845233,2633450742851382096,2633450742851382096,11307146883871083644,449376321657355755,11666687089060093566
139,20,3299,8,10,0.149282,22099.18,0.074654,44190.78,0.068651,48054.55,0.074387,44349.11,0.080752,40853.59,0.065715,50201.62,0.108809,30319.07,0.153191,0.019802,0.033456,0.065715,0.272164,0.034954,5,314919,332094,1764678,1573,0,0,0,3093,0,0,0,2121,0,0,0,1194,0,0,0,1661,0,0,0,20,0,0,0,304699576674004844,602021142112756898,12628298594057310364,1552416610986878709,7145259742395562533,1454287835219133951
140,20,3109,8,10,0.133710,23251.80,0.058870,52811.05,0.052907,58763.60,0.059410,52330.89,0.065066,47782.28,0.058991,52702.58,0.092587,33579.34,0.134758,0.018016,0.031628,0.058991,0.243394,0.029478,4,265350,286920,2077894,1256,0,0,0,2506,0,0,0,1839,0,0,0,941,0,0,0,1173,0,0,0,19,0,0,0,18082663834214539730,11482602035840377593,11482602035840377593,90808201486329228,9465326825752624221,10222562895380347842
141,20,4189,8,10,0.142519,29392.64,0.068337,61299.34,0.060265,69509.61,0.064732,64712.79,0.070709,59242.66,0.059870,69968.39,0.136751,30632.29,0.145587,0.023522,0.035707,0.059870,0.264686,0.056413,6,346720,733305,1805025,3104,0,0,0,3989,0,0,0,2356,0,0,0,1023,0,0,0,1337,0,0,0,28,0,0,0,5802737548105259466,12621313420400066,12621313420400066,16755645862359993935,15786414427996605216,17002164834156985248
142,20,3216,8,10,0.130600,24624.80,0.057610,55823.66,0.047603,67558.67,0.061200,52549.17,0.067565,47598.26,0.054632,58866.95,0.096610,33288.44,0.132905,0.018840,0.033449,0.054632,0.239826,0.034848,4,291096,316996,1795399,1783,0,0,0,2395,0,0,0,1625,0,0,0,722,0,0,0,1152,0,0,0,47,0,0,0,14570587856664183172,11409812568819677492,11409812568819677492,2283916186995323152,12307995007509429299,13867168215235172511
143,20,2970,8,10,0.131953,22507.95,0.065341,45453.89,0.054828,54169.19,0.061902,47978.83,0.069307,42852.90,0.057511,51642.17,0.090584,32787.25,0.132822,0.018309,0.031032,0.057511,0.239674,0.028078,4,269367,275462,1760020,1455,0,0,0,2702,0,0,0,2186,0,0,0,1351,0,0,0,1773,0,0,0,28,0,0,0,6682131738609602173,8385679117975069435,8385679117975069435,1617078668900340585,1983310623262124361,4083898777257562657
144,20,3649,8,10,0.145075,25152.56,0.074791,48789.12,0.062500,58384.14,0.069764,52305.17,0.081801,44608.37,0.067909,53733.93,0.126498,28846.29,0.145904,0.018870,0.031833,0.067909,0.264516,0.041162,6,286383,498038,1623097,1482,0,0,0,2735,0,0,0,2013,0,0,0,1310,0,0,0,1721,0,0,0,35,0,0,0,7233185863518933600,11281935033529907606,11281935033529907606,15792141490210053945,9288726894711756275,10046226418529414742
145,20,3391,8,10,0.140890,24068.40,0.065188,52019.05,0.061423,55207.34,0.066319,51131.83,0.073337,46238.89,0.064419,52639.61,0.098697,34357.67,0.142560,0.021468,0.027993,0.064419,0.256441,0.038778,10,316737,333342,1653145,1966,0,0,0,3027,0,0,0,1892,0,0,0,1117,0,0,0,1352,0,0,0,24,0,0,0,2945781621037667573,16793704844252075251,16793704844252075251,11620004954445891648,360085831868913865,15566589692830985601
146,20,3143,8,10,0.134155,23428.05,0.068088,46160.84,0.063624,49399.81,0.073904,42528.20,0.076379,41150.11,0.064586,48663.63,0.094843,33139.08,0.136486,0.018717,0.027271,0.064586,0.247060,0.032531,9,287681,298141,1753953,1720,0,0,0,3166,0,0,0,1878,0,0,0,1046,0,0,0,1110,0,0,0,20,0,0,0,4155583162572553627,15525183556642187114,15525183556642187114,16611052679694008127,15513635577987976859,12208476803520038292
147,20,2846,8,10,0.141311,20139.96,0.071842,39614.84,0.060094,47359.52,0.078045,36466.00,0.083510,34079.68,0.075981,37456.98,0.104007,27363.60,0.143608,0.017966,0.030032,0.075981,0.267586,0.027249,5,280226,287281,1724516,1408,0,0,0,2613,0,0,0,1711,0,0,0,896,0,0,0,977,0,0,0,26,0,0,0,8363300047147878949,17475802980786460490,17475802980786460490,822230979050684088,13981757669972592236,8472688947784028057
148,20,3184,8,10,0.146222,21775.16,0.067171,47401.30,0.056046,56810.32,0.067292,47316.22,0.075731,42043.30,0.106739,29829.68,0.102499,31063.83,0.147336,0.019845,0.032879,0.106739,0.306800,0.034997,4,301014,320679,1853641,1526,0,0,0,2658,0,0,0,2045,0,0,0,1035,0,0,0,883,0,0,0,24,0,0,0,11885913181161016727,16065962873514776542,16065962873514776542,17246803212410532964,14100676414561430078,4315188820645859466
149,20,3186,8,10,0.145783,21854.42,0.065085,48951.66,0.057348,55555.85,0.069729,45691.50,0.075231,42349.57,0.063618,50079.84,0.101200,31482.17,0.146550,0.019413,0.034020,0.063618,0.263601,0.033948,4,300318,308468,1932635,1561,0,0,0,2576,0,0,0,2058,0,0,0,1214,0,0,0,1456,0,0,0,23,0,0,0,18049427706698767746,7781160622197775731,7781160622197775731,4872098676616441647,16372486598212071742,14662334283330392041
150,20,3048,8,10,0.146882,20751.35,0.071857,42417.79,0.060434,50435.29,0.077721,39216.99,0.081901,37215.45,0.098290,31010.14,0.103052,29577.19,0.148740,0.018598,0.024182,0.098290,0.289810,0.032284,11,282727,291137,1736661,1701,0,0,0,2918,0,0,0,1908,0,0,0,1200,0,0,0,550,0,0,0,33,0,0,0,6779195953753264324,13472920412115989684,13472920412115989684,1664566266186963610,2039608689239061600,16623858046911186675
151,20,3081,8,10,0.127397,24184.21,0.060768,50700.87,0.056575,54458.42,0.062041,49660.97,0.068714,44837.79,0.059959,51385.08,0.090701,33968.62,0.129599,0.017688,0.031721,0.059959,0.238967,0.031122,4,275440,285055,1576197,1625,0,0,0,2961,0,0,0,2226,0,0,0,1168,0,0,0,1539,0,0,0,34,0,0,0,4304430136821759648,8225181886240781866,8225181886240781866,5350262238637840768,11345868045378622602,7088682297091700977
152,20,3223,8,10,0.148499,21703.79,0.067306,47885.96,0.055145,58446.06,0.064771,49760.06,0.074180,43448.41,0.062765,51350.60,0.106820,30172.22,0.149168,0.019916,0.033982,0.062765,0.265830,0.035384,5,298893,313503,2093980,1391,0,0,0,2482,0,0,0,1936,0,0,0,1029,0,0,0,1513,0,0,0,38,0,0,0,706785224777004291,17936920702523852274,17936920702523852274,10864878176606868387,10898244546059370308,4355254271765744189
153,20,3415,8,10,0.130466,26175.42,0.055505,61525.46,0.044356,76990.92,0.050347,67829.73,0.055764,61240.58,0.045822,74528.30,0.088281,38683.15,0.132096,0.021475,0.037892,0.045822,0.237284,0.035039,4,322714,340969,1734897,1197,0,0,0,1797,0,0,0,2091,0,0,0,808,0,0,0,1243,0,0,0,24,0,0,0,1776557566693631752,17452498332525037945,17452498332525037945,11859262388367893662,12765859226650719371,1407955909274368513
154,20,3253,8,10,0.130337,24958.34,0.060611,53669.89,0.047806,68045.35,0.060433,53827.79,0.067784,47990.41,0.058458,55646.65,0.087366,37234.21,0.131282,0.019365,0.031304,0.058458,0.240409,0.033936,5,271692,279877,1661555,1260,0,0,0,2323,0,0,0,2066,0,0,0,1162,0,0,0,1629,0,0,0,25,0,0,0,8945128088465643722,6187737621368610286,6187737621368610286,8777501539885134562,5674354909953198769,5999386696395201286
155,20,4047,8,10,0.160133,25272.70,0.096100,42112.29,0.088166,45902.20,0.090190,44871.93,0.099272,40766.64,0.089595,45169.75,0.197660,20474.55,0.164461,0.026310,0.041169,0.089595,0.321536,0.054075,8,427310,851435,2672751,8206,0,0,0,10106,0,0,0,2169,0,0,0,895,0,0,0,1233,0,0,0,18,0,0,0,9175894293828575774,11599650359764503818,11599650359764503818,17602369983123654059,16965004537534368325,10555185038631701482
156,20,3854,8,10,0.110232,34962.49,0.093854,41063.83,0.093590,41179.61,0.086180,44720.14,0.089828,42904.09,0.088185,43703.48,0.240914,15997.44,0.113022,0.023630,0.018623,0.088185,0.243460,0.046466,17,373609,893834,2070287,10689,0,0,0,13542,0,0,0,680,0,0,0,389,0,0,0,520,0,0,0,1326,0,0,0,5297392478379560597,9501740504979056813,9501740504979056813,13225429399799438197,9387239178482457234,10515783650193516641
157,20,2971,8,10,0.077587,38292.38,0.031464,94425.36,0.023249,127793.11,0.026865,110589.39,0.034913,85097.82,0.028321,104902.93,0.065967,45037.82,0.078135,0.014107,0.027317,0.028321,0.147879,0.023503,3,188070,210465,1663099,558,0,0,0,650,0,0,0,511,0,0,0,284,0,0,0,603,0,0,0,67,0,0,0,13445686422617147648,13445686422617147648,13445686422617147648,17583392576452050786,18190626892011482283,9548108153167968490
158,20,3253,8,10,0.130124,24999.20,0.059797,54400.97,0.035755,90979.18,0.049778,65349.94,0.066884,48636.19,0.047996,67776.67,0.116235,27986.39,0.131902,0.017239,0.030699,0.047996,0.227836,0.032453,4,268792,295552,1968202,1008,0,0,0,1076,0,0,0,1065,0,0,0,468,0,0,0,752,0,0,0,155,0,0,0,12459824958816173924,12459824958816173924,12459824958816173924,16610761632553309891,1470629253321198807,10877671491531662770
159,20,3175,8,10,0.143064,22192.83,0.062959,50429.28,0.035661,89032.33,0.062325,50942.93,0.072510,43786.91,0.060844,52182.88,0.127702,24862.65,0.143668,0.020314,0.034470,0.060844,0.259296,0.030486,4,302768,334613,1929159,759,0,0,0,802,0,0,0,870,0,0,0,412,0,0,0,600,0,0,0,101,0,0,0,16672812571959369847,11024799103358870111,11024799103358870111,1623720819076939687,15943948566397895988,10684419836706979692
160,20,3341,8,10,0.119436,27973.19,0.050433,66245.83,0.037787,88415.48,0.044848,74496.67,0.056337,59303.75,0.046113,72452.96,0.099435,33599.98,0.120606,0.018301,0.026930,0.046113,0.211950,0.033386,9,259450,336635,1488389,740,0,0,0,1222,0,0,0,1123,0,0,0,569,0,0,0,786,0,0,0,49,0,0,0,5509875265667826045,5509875265667826045,5509875265667826045,6334058938705814006,12688997193668570644,13077099432190897669
161,20,3307,8,10,0.130646,25312.77,0.062785,52672.08,0.053732,61546.29,0.056575,58452.86,0.069998,47244.06,0.062090,53261.47,0.107743,30693.33,0.135316,0.022904,0.041837,0.062090,0.262146,0.032506,4,367220,409100,1819046,840,0,0,0,1726,0,0,0,1468,0,0,0,650,0,0,0,1026,0,0,0,36,0,0,0,14057279436761755340,18039635045797572507,18039635045797572507,10561910726001240153,14990635329370496788,3748577253565143790
162,20,3181,8,10,0.126503,25145.58,0.057186,55625.22,0.042052,75643.72,0.055320,57501.36,0.065321,48697.80,0.054934,57906.18,0.089702,35461.79,0.127596,0.020410,0.032767,0.054934,0.235708,0.030562,4,264138,270098,1894489,833,0,0,0,1559,0,0,0,1315,0,0,0,624,0,0,0,1181,0,0,0,38,0,0,0,4190209926052069300,6132901659901845797,6132901659901845797,2649496748785840124,10502379220819687635,6037356718272367543
163,20,3043,8,10,0.124824,24378.32,0.054572,55760.81,0.037574,80986.56,0.046286,65743.53,0.058050,52420.56,0.046598,65302.82,0.089834,33873.59,0.125846,0.017756,0.035124,0.046598,0.225324,0.030351,3,273685,299665,1640215,1151,0,0,0,1496,0,0,0,1440,0,0,0,614,0,0,0,1133,0,0,0,45,0,0,0,8503530782754992929,826985031398043458,826985031398043458,5175838926197534889,12848515647907513831,11137495732742742323
164,20,2801,8,10,0.133594,20966.44,0.057240,48934.12,0.045732,61247.49,0.054133,51743.27,0.060977,45935.55,0.055187,50754.61,0.092403,30312.96,0.134490,0.017085,0.022807,0.055187,0.229568,0.027680,13,257274,264914,1613066,982,0,0,0,1781,0,0,0,1444,0,0,0,756,0,0,0,851,0,0,0,27,0,0,0,13774232075307724934,11034277018321320566,11034277018321320566,6519178637541067930,16315837584699866074,10560214896855670002
165,20,2862,8,10,0.114018,25101.40,0.051003,56114.46,0.042461,67402.91,0.048135,59458.03,0.052942,54058.70,0.046947,60962.06,0.074026,38661.98,0.115723,0.016485,0.030806,0.046947,0.209962,0.025444,4,245112,249347,1792193,911,0,0,0,1918,0,0,0,1660,0,0,0,842,0,0,0,1218,0,0,0,10,0,0,0,3497136533013103989,3654304633788270384,3654304633788270384,12599315977208401684,3982037389178136046,9255702702276926375
166,20,3007,8,10,0.118491,25377.41,0.052653,57109.96,0.042347,71009.36,0.047871,62814.95,0.058090,51764.84,0.048399,62128.77,0.079058,38035.60,0.119976,0.017634,0.032391,0.048399,0.218401,0.029904,4,268221,274431,1769676,1240,0,0,0,1898,0,0,0,1703,0,0,0,1020,0,0,0,1460,0,0,0,39,0,0,0,4869100273846718150,3522665986919635702,3522665986919635702,15236792261334545747,3232423017547733673,6030107605482181638
167,20,2942,8,10,0.122294,24056.77,0.059942,49081.18,0.046289,63557.30,0.061701,47681.73,0.066631,44153.82,0.058816,50020.14,0.086830,33882.33,0.123539,0.015383,0.027824,0.058816,0.225563,0.026351,6,234816,240496,1658298,1070,0,0,0,2090,0,0,0,1689,0,0,0,844,0,0,0,910,0,0,0,37,0,0,0,5170136959214334132,10304917305127714998,10304917305127714998,4024955182393302201,12223279672933073896,12261887299786540045
168,20,3088,8,10,0.126899,24334.29,0.064162,48128.29,0.052986,58279.43,0.056773,54392.47,0.064332,48000.79,0.050230,61476.94,0.089101,34657.13,0.129197,0.017480,0.031476,0.050230,0.228383,0.031270,4,265731,275006,1672713,1498,0,0,0,2681,0,0,0,1850,0,0,0,1006,0,0,0,1269,0,0,0,25,0,0,0,5458841046043396872,15022955121599068675,15022955121599068675,10772907806644415633,13804709991007876222,6255570670652724351
169,20,2909,8,10,0.127803,22761.63,0.063227,46009.08,0.048558,59907.92,0.055121,52774.79,0.067230,43269.40,0.056924,51103.47,0.091529,31782.12,0.129345,0.017899,0.030171,0.056924,0.234339,0.029033,4,267452,274227,1719361,1299,0,0,0,2066,0,0,0,1794,0,0,0,816,0,0,0,1082,0,0,0,25,0,0,0,3833063484048111311,8561656145974214831,8561656145974214831,9271919578916969443,3294718683274951795,4494908147756742454
170,20,4893,8,10,0.131199,37294.55,0.069064,70847.14,0.053585,91312.97,0.060123,81383.16,0.076348,64088.38,0.059707,81950.61,0.204420,23935.98,0.134391,0.022655,0.046407,0.059707,0.263160,0.064610,4,356272,1442447,1674536,6218,0,0,0,6740,0,0,0,2051,0,0,0,857,0,0,0,1305,0,0,0,15,0,0,0,2832222979312052600,3994602165869274615,3994602165869274615,8607477438590124793,11106462175600478823,7225404539489010050
171,20,3046,8,10,0.126289,24119.20,0.057801,52698.35,0.042080,72386.51,0.055998,54394.53,0.063044,48315.36,0.057229,53224.91,0.081132,37543.70,0.127228,0.015781,0.028714,0.057229,0.228952,0.026228,6,249392,254277,1528713,1256,0,0,0,2382,0,0,0,3163,0,0,0,1539,0,0,0,1674,0,0,0,16,0,0,0,11013737507570924388,11013737507570924388,11013737507570924388,4369601242314336835,8600554018819085682,910442122823031374
172,20,2952,8,10,0.133216,22159.52,0.059175,49885.52,0.040436,73005.02,0.050833,58073.08,0.065184,45287.27,0.051469,57354.78,0.092261,31996.32,0.134902,0.018421,0.032157,0.051469,0.236948,0.027653,4,281405,287545,1568296,977,0,0,0,1540,0,0,0,2027,0,0,0,938,0,0,0,1412,0,0,0,18,0,0,0,10833861128988036826,18429172124736532755,18429172124736532755,2851946781567996560,1068108019808227390,12528065179767275173
173,20,3129,8,10,0.136462,22929.47,0.065945,47448.81,0.055642,56234.81,0.060591,51641.41,0.074481,42010.44,0.061917,50535.17,0.100150,31243.08,0.138353,0.021555,0.032962,0.061917,0.254788,0.030241,5,279743,289928,1876709,1476,0,0,0,2478,0,0,0,1952,0,0,0,1041,0,0,0,1341,0,0,0,21,0,0,0,17641633633412672920,4852157272607939680,4852157272607939680,10698231033355482987,5616578660353193910,18045789841507210203
174,20,3203,8,10,0.122187,26213.91,0.055647,57558.84,0.048917,65478.66,0.057054,56140.06,0.059720,53633.88,0.055952,57245.90,0.085705,37372.34,0.123976,0.019683,0.015070,0.055952,0.214681,0.032865,19,268024,280444,1498113,1412,0,0,0,2687,0,0,0,3041,0,0,0,1312,0,0,0,1051,0,0,0,28,0,0,0,783966926641749998,1941531643330437680,1941531643330437680,9105730015694088255,9342434675987470178,8032503263516425413
175,20,2949,8,10,0.137287,21480.50,0.070820,41640.79,0.065413,45082.68,0.069557,42396.63,0.076500,38548.77,0.067802,43494.56,0.096984,30407.10,0.144480,0.014506,0.029408,0.067802,0.256196,0.028089,5,282633,290348,1693021,1391,0,0,0,2764,0,0,0,2167,0,0,0,1056,0,0,0,1380,0,0,0,15,0,0,0,37456585162094745,6918336907244901360,6918336907244901360,5770609587046470536,11527961346074929162,2013930031494959254
176,20,2681,8,10,0.124957,21455.41,0.060954,43983.77,0.050531,53056.03,0.063741,42060.52,0.070790,37872.51,0.060002,44682.08,0.089700,29888.45,0.124937,0.017016,0.030414,0.060002,0.232368,0.023507,3,254436,261761,1572629,1138,0,0,0,2152,0,0,0,1468,0,0,0,779,0,0,0,1160,0,0,0,18,0,0,0,8815294182168881719,11703836697885249359,11703836697885249359,10144740269585018056,13093665340628817819,9572473244664784483
177,20,2784,8,10,0.119855,23228.14,0.051781,53764.57,0.044948,61938.19,0.053154,52376.40,0.062961,44217.96,0.050746,54861.96,0.080522,34574.34,0.120773,0.017950,0.031896,0.050746,0.221364,0.024745,4,264497,269572,1693501,1141,0,0,0,2081,0,0,0,1649,0,0,0,765,0,0,0,1131,0,0,0,24,0,0,0,1495098622312601058,3743909743166382322,3743909743166382322,3059567496265356327,1242369810920932052,16726927080845092891
178,20,3364,8,10,0.128202,26239.82,0.059641,56404.31,0.051362,65495.38,0.056981,59036.93,0.064033,52535.17,0.049882,67438.57,0.097740,34417.71,0.132292,0.016851,0.034505,0.049882,0.233530,0.037162,3,285109,349029,1591592,1797,0,0,0,2932,0,0,0,2724,0,0,0,1266,0,0,0,1859,0,0,0,108,0,0,0,10017425278066870732,11407974512627261376,11407974512627261376,12284169636301105934,15475568663470562249,3502674501160731258
179,20,2951,8,10,0.123126,23967.28,0.056679,52064.74,0.049751,59315.19,0.058163,50736.38,0.063338,46591.13,0.089751,32879.70,0.086399,34155.60,0.124046,0.018906,0.033166,0.089751,0.265870,0.028303,4,267463,277128,1677871,1355,0,0,0,2410,0,0,0,2190,0,0,0,995,0,0,0,838,0,0,0,20,0,0,0,10689307022135612824,10313966616617595843,10313966616617595843,15366189149359544263,14855060231105980702,6502545251742747587
180,20,2873,8,10,0.147842,19432.89,0.080434,35718.89,0.051361,55937.26,0.065854,43627.00,0.073186,39256.34,0.062305,46111.58,0.102119,28133.83,0.151424,0.019686,0.034606,0.062305,0.268021,0.027373,4,289632,295307,1732338,1114,0,0,0,1646,0,0,0,1530,0,0,0,831,0,0,0,1154,0,0,0,17,0,0,0,11576010788342637249,10998525562036686675,10998525562036686675,10862654604351889194,13807167815051699773,13874901655525039769
181,20,2636,8,10,0.126679,20808.57,0.059662,44182.45,0.045852,57489.42,0.055599,47410.62,0.061963,42541.64,0.052939,49793.13,0.090493,29129.34,0.129051,0.018776,0.030771,0.052939,0.231537,0.023785,7,273649,280229,1882157,1065,0,0,0,2055,0,0,0,1596,0,0,0,672,0,0,0,956,0,0,0,22,0,0,0,4610725651457962605,1134988927976776045,1134988927976776045,6092431042850642961,13336057074080551575,1791154890944583676
182,20,3196,8,10,0.121912,26215.57,0.059088,54089.22,0.049982,63943.20,0.059368,53833.44,0.066581,48001.54,0.057542,55541.60,0.115830,27592.07,0.124388,0.019212,0.031091,0.057542,0.232234,0.034988,8,313070,453565,1488306,2884,0,0,0,3910,0,0,0,2141,0,0,0,931,0,0,0,1208,0,0,0,48,0,0,0,16964179970290319516,10095191502161119597,10095191502161119597,12750338296805423728,18005169561088583620,18356605785732596372
183,20,2769,8,10,0.128586,21534.27,0.063164,43838.07,0.046454,59607.82,0.056996,48582.62,0.068118,40650.06,0.052109,53138.68,0.092014,30093.34,0.127976,0.020576,0.034411,0.052109,0.235071,0.024942,4,273669,279584,1390975,1105,0,0,0,1996,0,0,0,1825,0,0,0,866,0,0,0,1213,0,0,0,20,0,0,0,13487405138661285987,4163704294716831493,4163704294716831493,8272459437575650516,16877995474497640241,3963879326040916535
184,20,2756,8,10,0.126278,21824.93,0.057172,48205.03,0.052895,52103.61,0.058781,46885.64,0.063346,43507.03,0.056318,48936.66,0.086186,31977.22,0.127765,0.017766,0.028223,0.056318,0.230071,0.027638,7,277084,285319,1582077,1375,0,0,0,2537,0,0,0,1907,0,0,0,959,0,0,0,1301,0,0,0,29,0,0,0,13650695020493772439,10929980938585348718,10929980938585348718,3450184464292542296,11506891193726472357,8702152617865021840
185,20,3334,8,10,0.130679,25512.92,0.062385,53442.76,0.052066,64034.01,0.063598,52422.77,0.071622,46549.85,0.059253,56267.50,0.106108,31420.71,0.134503,0.019452,0.030427,0.059253,0.243635,0.036057,6,291933,364553,1884363,1603,0,0,0,2607,0,0,0,1925,0,0,0,854,0,0,0,1208,0,0,0,64,0,0,0,18372446018890379699,8523113479120906925,10898886873782406051,16579245409149266017,12971850438371903938,7047967864732558966
186,20,2729,8,10,0.106447,25637.17,0.050853,53664.16,0.045074,60545.08,0.045674,59750.01,0.052041,52439.75,0.040936,66665.03,0.067338,40526.99,0.106494,0.016441,0.030165,0.040936,0.194036,0.024332,3,225418,229923,1590799,1309,0,0,0,2202,0,0,0,2085,0,0,0,1081,0,0,0,1710,0,0,0,13,0,0,0,7771354893166936494,2587078063563821607,2587078063563821607,2596000091697056846,18138534295076248314,5977536676004825301
187,20,2644,8,10,0.123130,21473.22,0.060848,43452.51,0.052805,50070.93,0.052409,50449.62,0.066957,39487.81,0.052415,50443.99,0.085889,30783.91,0.124190,0.018462,0.030426,0.052415,0.225493,0.023020,4,264351,268946,1406555,1102,0,0,0,2298,0,0,0,1772,0,0,0,733,0,0,0,1071,0,0,0,25,0,0,0,7825327269036667901,16925447278928441917,16925447278928441917,9800779768630228026,7415693435684280227,12758608016755076198
188,20,2918,8,10,0.135283,21569.58,0.067833,43017.48,0.047317,61669.19,0.063623,45863.92,0.077989,37415.43,0.065119,44810.24,0.100002,29179.45,0.136887,0.019241,0.031851,0.065119,0.253097,0.025192,3,240685,251055,1621276,1138,0,0,0,2050,0,0,0,1938,0,0,0,874,0,0,0,1097,0,0,0,14,0,0,0,3600337494484505811,14398481130635689914,14398481130635689914,1155624908530993802,3158056281923427077,7167715817319704857
189,20,2938,8,10,0.128102,22934.81,0.066078,44462.55,0.057408,51177.34,0.063888,45986.87,0.069149,42487.98,0.053487,54929.27,0.089345,32883.67,0.128661,0.017425,0.031100,0.053487,0.230672,0.028195,4,275087,292422,1551044,1483,0,0,0,2867,0,0,0,1803,0,0,0,1004,0,0,0,1215,0,0,0,22,0,0,0,16734066568560447827,15498519682443068402,15498519682443068402,4332190009255039695,14180119527266472500,17132610026525788069
190,20,2759,8,10,0.125535,21977.95,0.065391,42192.53,0.054228,50878.11,0.064453,42806.07,0.069036,39964.59,0.063069,43745.94,0.088872,31044.74,0.126336,0.017960,0.022882,0.063069,0.230247,0.025413,12,256946,264926,1586164,1276,0,0,0,2400,0,0,0,1527,0,0,0,843,0,0,0,751,0,0,0,30,0,0,0,1369225352922996945,7587923931573723390,7587923931573723390,16027000096859096405,103097170792755110,9941651823045948150
191,20,2759,8,10,0.126018,21893.69,0.062778,43948.60,0.052912,52143.66,0.056854,48527.85,0.067407,40930.70,0.092930,29689.11,0.089863,30702.26,0.127555,0.016205,0.022794,0.092930,0.259483,0.025403,8,256437,264042,2037891,1193,0,0,0,2261,0,0,0,1553,0,0,0,749,0,0,0,558,0,0,0,15,0,0,0,12878219454355964258,5110964478887060494,5110964478887060494,4347335658992804519,9647877252841230631,13526897728912725632
192,20,3222,8,10,0.135615,23758.36,0.062780,51322.27,0.055730,57814.09,0.063868,50447.49,0.069907,46089.49,0.063695,50584.53,0.096753,33301.20,0.137283,0.016518,0.032822,0.063695,0.250319,0.034588,4,275810,300005,1711503,1434,0,0,0,2376,0,0,0,1712,0,0,0,987,0,0,0,1141,0,0,0,28,0,0,0,8806529364766236935,9512399601420216118,9512399601420216118,4918170265178759424,9461553204892175685,12073524282575668773
193,20,3168,8,10,0.130716,24235.73,0.068090,46526.63,0.057412,55180.04,0.064745,48930.16,0.071025,44604.22,0.084934,37299.43,0.094804,33416.46,0.131848,0.019146,0.033263,0.084934,0.269191,0.030802,4,286305,304965,1671536,1544,0,0,0,2782,0,0,0,1851,0,0,0,894,0,0,0,1103,0,0,0,14,0,0,0,9250952007852108167,11756905128047901345,11756905128047901345,7102836084702966789,14981952732580241395,405886679348759445
194,20,2858,8,10,0.121264,23568.48,0.056417,50658.12,0.049083,58227.52,0.058893,48528.88,0.064427,44360.33,0.054091,52836.68,0.089136,32063.37,0.123583,0.017206,0.032568,0.054091,0.227449,0.025646,3,268422,276167,1671849,1297,0,0,0,2279,0,0,0,1808,0,0,0,869,0,0,0,1430,0,0,0,52,0,0,0,13177049204384880469,8038509572792018326,8038509572792018326,8006435731480207528,3601527171939483684,17137402936471109945
195,20,3232,8,10,0.131327,24610.38,0.068097,47461.69,0.063836,50629.85,0.071325,45313.60,0.077968,41453.06,0.064981,49737.71,0.108757,29717.73,0.132365,0.019501,0.031175,0.064981,0.248021,0.031229,4,282142,336522,1856470,2526,0,0,0,3786,0,0,0,2314,0,0,0,1382,0,0,0,1977,0,0,0,165,0,0,0,10517609643264431246,11738298124247040352,11738298124247040352,10100763782482499599,1670681511850761813,17164727208330210961
196,20,3119,8,10,0.165660,18827.75,0.103605,30104.75,0.054765,56952.28,0.087077,35818.80,0.107797,28934.04,0.105244,29635.84,0.126406,24674.50,0.166743,0.018238,0.013732,0.105244,0.303957,0.032302,20,263976,273871,1568294,1674,0,0,0,2462,0,0,0,1929,0,0,0,1230,0,0,0,1033,0,0,0,24,0,0,0,14909025532444673066,8640954623010182638,665299992801360583,13135279070884723947,6518958997329898721,4649447426512365038
197,20,2912,8,10,0.121948,23879.11,0.057223,50889.05,0.049026,59397.30,0.059407,49017.49,0.062844,46337.11,0.057350,50776.07,0.079277,36732.03,0.122367,0.018104,0.027574,0.057350,0.225396,0.027622,8,265495,272455,1668448,1207,0,0,0,2147,0,0,0,1812,0,0,0,954,0,0,0,1198,0,0,0,22,0,0,0,1409538074642815640,4122708062026923749,4122708062026923749,3035659446956142336,12018011153849532087,15768237785095078355
198,20,3425,8,10,0.137279,24949.22,0.065628,52188.14,0.053285,64276.74,0.059297,57760.00,0.066775,51291.79,0.053333,64219.60,0.109356,31319.68,0.138880,0.021339,0.034576,0.053333,0.248127,0.036585,5,322810,499360,1697861,2401,0,0,0,3308,0,0,0,1996,0,0,0,1044,0,0,0,1692,0,0,0,11,0,0,0,3539267612087799851,10276717869206041089,10276717869206041089,3079603019068194535,4184913647675059723,11717719450358522151
199,20,3116,8,10,0.133672,23310.72,0.062120,50160.58,0.052938,58861.80,0.062754,49654.53,0.068342,45594.47,0.058690,53092.17,0.097040,32110.58,0.135666,0.017492,0.021587,0.058690,0.233435,0.030424,12,268611,319681,1809317,1970,0,0,0,3011,0,0,0,2301,0,0,0,1160,0,0,0,1028,0,0,0,73,0,0,0,14600329726563785845,4560615972643029764,15834778172679535074,2992855123306497027,14498177063491481493,13835144769535265848
200,20,3434,8,10,0.127413,26951.68,0.065110,52741.22,0.048506,70794.92,0.058870,58332.40,0.065455,52463.72,0.058803,58398.56,0.117364,29259.33,0.129957,0.017970,0.027109,0.058803,0.233839,0.037043,8,289461,383076,1885823,1992,0,0,0,2731,0,0,0,2762,0,0,0,876,0,0,0,1203,0,0,0,32,0,0,0,17821737219574473636,3072867186113560534,3072867186113560534,14841770597624617898,5879421660193699980,8026514689268510641
201,20,3152,8,10,0.136523,23087.68,0.061851,50961.59,0.051533,61164.43,0.162965,19341.55,0.070410,44766.06,0.063762,49433.79,0.097485,32333.12,0.137620,0.019219,0.020142,0.063762,0.240743,0.030723,14,278058,299408,1681570,1429,0,0,0,2912,0,0,0,0,0,0,0,1309,0,0,0,1278,0,0,0,56,0,0,0,16782549813694240785,5843076621960953577,5843076621960953577,17153971151887734086,12954910693110504833,16407937242252775843
202,20,3045,8,10,0.137608,22128.11,0.064119,47490.02,0.056092,54286.08,0.063655,47835.71,0.068665,44345.54,0.060239,50548.38,0.097561,31211.09,0.138840,0.018782,0.031878,0.060239,0.249740,0.029619,4,270749,283469,1776479,1389,0,0,0,2421,0,0,0,2207,0,0,0,902,0,0,0,1310,0,0,0,32,0,0,0,4581715037426686682,4545267409869078494,4545267409869078494,11901220144932653347,10320461303674958519,16351096495524005777
203,20,3307,8,10,0.140268,23576.36,0.070038,47217.49,0.059087,55968.45,0.071210,46440.39,0.078063,42363.17,0.064140,51559.21,0.106692,30995.81,0.143895,0.017024,0.034692,0.064140,0.259751,0.031883,3,283078,298813,2002652,1484,0,0,0,2393,0,0,0,1723,0,0,0,1093,0,0,0,1336,0,0,0,42,0,0,0,1440369597433017991,9378957426110644556,9378957426110644556,7010390355273764638,6514810532616993573,13026689247725830838
204,20,3126,8,10,0.135298,23104.53,0.069412,45035.15,0.059248,52761.32,0.064695,48318.90,0.074029,42226.96,0.062741,49823.98,0.103003,30348.51,0.135789,0.018057,0.031573,0.062741,0.248160,0.029777,4,271440,292790,1581505,1570,0,0,0,2454,0,0,0,1787,0,0,0,990,0,0,0,1163,0,0,0,23,0,0,0,12375376006150283491,10460815168953751399,10460815168953751399,11921023578923695356,1944660508162899813,13478970800133342793
205,20,3171,8,10,0.145835,21743.80,0.073719,43014.86,0.062175,51001.42,0.067196,47190.59,0.082371,38496.45,0.061630,51451.92,0.125254,25316.48,0.147103,0.019873,0.032027,0.061630,0.260633,0.031526,4,303251,384536,2190464,2284,0,0,0,3308,0,0,0,1497,0,0,0,940,0,0,0,1288,0,0,0,19,0,0,0,925302395940732573,5959986310863972186,5959986310863972186,8664782097518014952,16317092509922843971,16575922182275652050
206,20,3165,8,10,0.129533,24433.89,0.067140,47140.03,0.059652,53057.93,0.064060,49406.85,0.070912,44632.61,0.061954,51085.94,0.108603,29142.86,0.130048,0.020262,0.036646,0.061954,0.248909,0.032525,4,304643,337443,1475080,1808,0,0,0,2647,0,0,0,1671,0,0,0,847,0,0,0,1508,0,0,0,33,0,0,0,2022204213192950982,12190269372667885784,12190269372667885784,15191569095567691006,11197262956013006546,13700983364337788162
207,20,3759,8,10,0.133971,28058.40,0.073782,50947.08,0.068463,54905.97,0.072194,52067.80,0.078435,47925.04,0.065818,57111.64,0.112066,33542.78,0.135178,0.020969,0.035904,0.065818,0.257868,0.046501,4,313399,397939,1542542,2979,0,0,0,4395,0,0,0,2475,0,0,0,1135,0,0,0,1487,0,0,0,49,0,0,0,16826759428694391842,9345663104364723295,9345663104364723295,7315309350420290965,7365931145946587947,849924332737722281
208,20,2973,8,10,0.135474,21945.13,0.075479,39388.66,0.059004,50386.39,0.072652,40921.26,0.083963,35408.47,0.073872,40245.14,0.107978,27533.40,0.136202,0.016987,0.022823,0.073872,0.249885,0.029503,11,259057,311302,1899689,2071,0,0,0,3346,0,0,0,1599,0,0,0,880,0,0,0,1160,0,0,0,11,0,0,0,12489339189614617428,14986178949887729787,14986178949887729787,7693589529084738076,477492664185692499,8068260165723073588
209,20,2828,8,10,0.128242,22052.06,0.064715,43699.01,0.056960,49648.48,0.063738,44368.96,0.070616,40047.69,0.059557,47483.68,0.091691,30842.80,0.131067,0.016656,0.028674,0.059557,0.235954,0.028799,5,249737,279172,1868430,1989,0,0,0,3114,0,0,0,1795,0,0,0,1091,0,0,0,1389,0,0,0,26,0,0,0,3383176719924970004,7854109034022473494,7854109034022473494,3396979406936343865,10476490828012891010,14204672314820035789
210,20,2626,8,10,0.131577,19957.90,0.068434,38372.55,0.055739,47112.20,0.070457,37271.15,0.077025,34092.75,0.062513,42007.40,0.096438,27229.90,0.133464,0.016426,0.032196,0.062513,0.244599,0.022535,4,262275,267970,2034261,1265,0,0,0,2303,0,0,0,1322,0,0,0,764,0,0,0,1104,0,0,0,10,0,0,0,12661232682510327019,12661232682510327019,12661232682510327019,1763998925994069115,4717693572235525175,5776950121740872302
211,20,3064,8,10,0.144596,21190.03,0.063472,48273.34,0.055799,54910.95,0.064348,47615.87,0.068201,44926.16,0.059084,51858.30,0.096327,31808.24,0.139870,0.020003,0.036397,0.059084,0.255354,0.029968,4,313528,325683,1678949,1409,0,0,0,2568,0,0,0,1790,0,0,0,916,0,0,0,1389,0,0,0,16,0,0,0,15623011759465787493,1323945239702929629,1323945239702929629,7590348402470673460,17501404628921640646,1768196578250677725
212,20,2902,8,10,0.149929,19355.76,0.088075,32949.21,0.059691,48617.31,0.069051,42026.88,0.088637,32740.22,0.068009,42670.79,0.116846,24836.17,0.151192,0.017611,0.027261,0.068009,0.264072,0.026235,7,261143,269633,1751086,1577,0,0,0,2883,0,0,0,1737,0,0,0,986,0,0,0,1036,0,0,0,14,0,0,0,9644852852405211211,8196958042683075931,8196958042683075931,14796685701479444770,17301124224080846753,8352976212594283620
213,20,2864,8,10,0.142835,20051.17,0.062662,45705.82,0.049668,57662.69,0.065343,43830.45,0.069291,41332.99,0.116239,24638.97,0.100860,28395.90,0.144235,0.019302,0.038787,0.116239,0.318563,0.029982,3,292875,300555,1857576,1153,0,0,0,2056,0,0,0,2010,0,0,0,814,0,0,0,537,0,0,0,19,0,0,0,10309086028582562666,9725030935623786902,9725030935623786902,6991694543402817782,8130802245355731195,14359257198453594193
214,20,2923,8,10,0.138406,21118.98,0.066358,44048.76,0.058817,49696.11,0.063631,45937.07,0.070116,41688.24,0.059124,49438.45,0.095055,30750.55,0.139742,0.018687,0.031290,0.059124,0.248843,0.027803,4,285153,299888,1672106,1730,0,0,0,3101,0,0,0,1996,0,0,0,1197,0,0,0,1872,0,0,0,33,0,0,0,6563183009236151263,13291453017775524554,13291453017775524554,12002969737912593787,14122314560122598141,478097603489226565
215,20,3160,8,10,0.141987,22255.52,0.077294,40882.91,0.067432,46862.14,0.069064,45754.95,0.086965,36336.62,0.068399,46199.59,0.108070,29240.22,0.142186,0.019975,0.034371,0.068399,0.264931,0.034071,4,285784,320234,1593449,2171,0,0,0,3271,0,0,0,1871,0,0,0,1200,0,0,0,1483,0,0,0,21,0,0,0,18096371830813378225,7519829731875746799,7519829731875746799,17999878336148272738,1537740730900908873,8000786940029624572
216,20,2898,8,10,0.158768,18253.02,0.086771,33398.14,0.075274,38499.29,0.083120,34865.16,0.095734,30271.53,0.078147,37083.96,0.121810,23791.17,0.158774,0.018647,0.031565,0.078147,0.287134,0.026282,4,272276,284801,1715531,1486,0,0,0,2834,0,0,0,1776,0,0,0,942,0,0,0,1398,0,0,0,24,0,0,0,12470900847621833465,18401020124313503639,18401020124313503639,7190695803605212043,3813028975004357750,15443167400697323920
217,20,2768,8,10,0.139177,19888.36,0.070586,39214.35,0.057805,47885.50,0.068565,40370.25,0.074970,36921.37,0.059440,46568.22,0.103252,26808.17,0.140707,0.018131,0.030997,0.059440,0.249275,0.024855,5,280636,287506,1841339,1291,0,0,0,2522,0,0,0,1801,0,0,0,878,0,0,0,1249,0,0,0,46,0,0,0,5342258588841954124,3649540622132850707,3649540622132850707,17283118620142787651,14649945866331960769,4149821580816210563
218,20,2865,8,10,0.144843,19780.09,0.068457,41851.34,0.063537,45092.16,0.070731,40505.31,0.078137,36666.21,0.067817,42245.93,0.101744,28159.02,0.146195,0.025736,0.035700,0.067817,0.275448,0.027577,4,267669,275064,1991687,1543,0,0,0,2772,0,0,0,1867,0,0,0,1009,0,0,0,1730,0,0,0,29,0,0,0,15784671126035397745,748122832715891017,748122832715891017,9603476068427019279,15828182683088114070,4386928594362568956
219,20,2844,8,10,0.148951,19093.49,0.072994,38961.95,0.068895,41280.50,0.071151,39971.07,0.080799,35198.67,0.068356,41605.51,0.106441,26719.06,0.149780,0.020628,0.035938,0.068356,0.274702,0.031739,4,319050,326520,1781334,1747,0,0,0,3050,0,0,0,1951,0,0,0,1217,0,0,0,1667,0,0,0,75,0,0,0,4466574872543721370,1882981516941426240,1882981516941426240,7814926734057593973,2298212735899307941,13809255200437843970
220,20,3171,8,10,0.151752,20895.96,0.075674,41903.20,0.067902,46699.55,0.073988,42858.45,0.078845,40218.07,0.099466,31880.35,0.121704,26055.00,0.154536,0.020583,0.035732,0.099466,0.310317,0.036282,4,339896,417711,1785183,2888,0,0,0,4746,0,0,0,2315,0,0,0,1394,0,0,0,1320,0,0,0,60,0,0,0,16337844739966973480,8026767813223511827,8026767813223511827,5402902671337529599,10357280132371520703,5961944975626200700
221,20,2983,8,10,0.145579,20490.60,0.074493,40044.27,0.064525,46229.95,0.071536,41699.20,0.082164,36305.39,0.065733,45380.71,0.133751,22302.69,0.146542,0.017828,0.028476,0.065733,0.258579,0.031334,6,313399,381939,1511043,2861,0,0,0,3792,0,0,0,1844,0,0,0,1118,0,0,0,1359,0,0,0,146,0,0,0,143482377822559752,2317709940105964870,2317709940105964870,1591398053231880145,2591054523768747232,8375381322699527143
222,20,3169,8,10,0.144625,21911.87,0.072684,43599.46,0.066525,47636.38,0.077807,40729.24,0.080607,39313.99,0.099401,31881.07,0.111065,28532.71,0.148191,0.020139,0.033787,0.099401,0.301518,0.034991,4,291873,337933,1495770,2326,0,0,0,3562,0,0,0,2613,0,0,0,1339,0,0,0,1298,0,0,0,59,0,0,0,12367668089612981813,9828634857849937206,9828634857849937206,895798878710012321,5042685124914281430,11447294268540575877
223,20,2918,8,10,0.147016,19848.13,0.076140,38324.21,0.073216,39854.55,0.082759,35259.08,0.083042,35138.91,0.070054,41653.39,0.103786,28115.42,0.148979,0.020704,0.029818,0.070054,0.269556,0.030365,6,293436,303571,1457768,2143,0,0,0,3744,0,0,0,2347,0,0,0,1413,0,0,0,1548,0,0,0,51,0,0,0,9550816561599373018,8166749613618585675,8166749613618585675,8596432069416265362,9122284855318964457,4714049699272093184
224,20,2962,8,10,0.151297,19577.42,0.075228,39373.60,0.068024,43543.25,0.076977,38478.79,0.082921,35720.84,0.069589,42564.38,0.109652,27012.66,0.152805,0.017614,0.025974,0.069589,0.265982,0.031030,10,292634,303934,1606731,1903,0,0,0,3152,0,0,0,2448,0,0,0,1331,0,0,0,1471,0,0,0,83,0,0,0,11031998967111818495,17177608830274369442,17177608830274369442,11440199652602404554,5327741620873369295,1714019724581108034
225,20,2970,8,10,0.173182,17149.63,0.091744,32372.66,0.074461,39886.72,0.089582,33154.07,0.098875,30037.83,0.088358,33613.35,0.138347,21467.77,0.173480,0.019034,0.032890,0.088358,0.313761,0.031432,4,296909,308934,1717398,2040,0,0,0,3527,0,0,0,2491,0,0,0,1395,0,0,0,1888,0,0,0,84,0,0,0,14866092264036844062,15376704468777725354,15376704468777725354,11193882679146440267,1723396756038771820,10488244995247346826
226,20,2908,8,10,0.149742,19420.07,0.078139,37215.75,0.074363,39105.29,0.078954,36831.64,0.085090,34175.70,0.074899,38825.69,0.124001,23451.41,0.150144,0.019520,0.032683,0.074899,0.277246,0.027678,4,284053,307733,1486781,2158,0,0,0,3660,0,0,0,2647,0,0,0,1358,0,0,0,1608,0,0,0,61,0,0,0,11959460748984184087,18257720024091045089,18257720024091045089,14407146176011919887,12324419222195677191,13472401100545556123
227,20,2836,8,10,0.154959,18301.61,0.083325,34035.60,0.077050,36807.43,0.085812,33048.96,0.088286,32122.82,0.079811,35533.91,0.119636,23705.27,0.156415,0.019875,0.027174,0.079811,0.283275,0.028919,9,301602,318372,1620551,2560,0,0,0,4444,0,0,0,2422,0,0,0,1528,0,0,0,1710,0,0,0,43,0,0,0,16684306774349226650,357485453574234178,357485453574234178,13277936439672318782,17869094223043103660,13378033789873400489
228,20,2878,8,10,0.156123,18434.22,0.082902,34715.51,0.073938,38924.65,0.090383,31842.25,0.094224,30544.08,0.112164,25658.86,0.119621,24059.29,0.157379,0.017560,0.025165,0.112164,0.312268,0.030438,11,283771,295131,1486527,2158,0,0,0,3708,0,0,0,2221,0,0,0,1305,0,0,0,876,0,0,0,77,0,0,0,7655307661695293140,8138421213317770207,8138421213317770207,586795789399205839,1079097188051922267,7257167214541158155
229,20,3425,8,10,0.144639,23679.61,0.082363,41584.24,0.070284,48731.20,0.065599,52211.31,0.086302,39686.45,0.062690,54633.91,0.169333,20226.47,0.145810,0.021353,0.029161,0.062690,0.259013,0.039364,7,330707,595867,1239779,4937,0,0,0,6480,0,0,0,2750,0,0,0,1463,0,0,0,1952,0,0,0,918,0,0,0,2113005071102133910,15003336267096058941,15003336267096058941,6425238384814993888,13166754057557094197,6843681864650952200
230,20,3432,8,10,0.158578,21642.32,0.069525,49363.80,0.053400,64269.11,0.067304,50992.80,0.078516,43711.10,0.066146,51885.52,0.123338,27826.08,0.160844,0.019523,0.031900,0.066146,0.278412,0.038014,5,289054,332349,2013693,2135,0,0,0,2798,0,0,0,2081,0,0,0,993,0,0,0,1387,0,0,0,24,0,0,0,15638936897223504649,319467790171289017,319467790171289017,5416290954299245481,2884993669202942918,4780280673257299267
231,20,2857,8,10,0.163185,17507.76,0.078065,36597.71,0.065890,43360.33,0.083969,34024.61,0.087082,32807.98,0.076121,37532.21,0.117488,24317.30,0.165372,0.017225,0.028917,0.076121,0.287635,0.029976,8,276949,284694,1495557,1505,0,0,0,2836,0,0,0,2394,0,0,0,1150,0,0,0,1384,0,0,0,57,0,0,0,10320344024949672324,4100554086040516014,4100554086040516014,16865136208567074997,5283937700938657636,16735929125275039951
232,20,2772,8,10,0.158494,17489.59,0.075638,36648.06,0.057474,48230.72,0.075461,36734.35,0.081877,33855.66,0.069639,39805.00,0.108036,25658.07,0.160597,0.017678,0.030117,0.069639,0.278031,0.027108,4,282063,289063,1731018,1510,0,0,0,2702,0,0,0,2503,0,0,0,1312,0,0,0,1579,0,0,0,27,0,0,0,8633859039777637866,5217980011087094960,5217980011087094960,14074835671435023308,13983559239263917585,8720158258959117612
233,20,3139,8,10,0.146126,21481.52,0.065327,48050.70,0.057760,54345.53,0.063023,49807.31,0.070485,44534.20,0.067339,46614.89,0.096784,32432.94,0.148277,0.020100,0.034826,0.067339,0.270542,0.034281,4,317723,328643,1545305,1797,0,0,0,3502,0,0,0,3309,0,0,0,1676,0,0,0,2024,0,0,0,70,0,0,0,18352702768687760404,8052055598314450237,8052055598314450237,7518875925637833236,18174257144560004303,12587165680786452572
234,20,2649,8,10,0.148070,17890.19,0.071183,37213.96,0.062085,42667.60,0.063524,41700.71,0.071265,37171.08,0.058904,44971.43,0.099419,26644.74,0.149233,0.017037,0.031722,0.058904,0.256897,0.024128,4,255612,263112,2951016,1629,0,0,0,2637,0,0,0,2016,0,0,0,1089,0,0,0,1750,0,0,0,30,0,0,0,11589170180130574952,5282695718976526545,5282695718976526545,17771614822445882890,310688794451728020,17205027974317081733
235,20,3047,8,10,0.154196,19760.62,0.079441,38355.55,0.074593,40848.55,0.076789,39680.28,0.084439,36085.27,0.067330,45255.05,0.127823,23837.57,0.155366,0.020091,0.026258,0.067330,0.269045,0.031608,10,294730,325050,2021136,2081,0,0,0,3091,0,0,0,2291,0,0,0,1097,0,0,0,1220,0,0,0,106,0,0,0,14094238604970315715,16924371704689637420,16924371704689637420,18105019304518173682,10134498565645542123,5613057635473983061
236,20,2824,8,10,0.139656,20221.12,0.073426,38460.35,0.066088,42731.03,0.072124,39154.62,0.080797,34951.85,0.068125,41453.36,0.108989,25910.94,0.141388,0.018476,0.027824,0.068125,0.255813,0.026211,8,290802,309847,1578309,1708,0,0,0,2799,0,0,0,2135,0,0,0,1105,0,0,0,1405,0,0,0,57,0,0,0,4515259906850581118,706884606315015904,706884606315015904,738295988382607907,16450225168341396570,6194761520000337672
237,20,2893,8,10,0.146094,19802.25,0.074281,38946.63,0.057159,50613.00,0.072065,40144.49,0.084196,34360.32,0.068870,42006.51,0.115491,25049.58,0.147293,0.018196,0.029059,0.068870,0.263419,0.027932,6,269725,316885,2147774,1644,0,0,0,2841,0,0,0,2103,0,0,0,978,0,0,0,1252,0,0,0,33,0,0,0,9681947183024903340,3363771663193574157,3363771663193574157,10184753346742197533,18350834946644606482,17049924611117700643
238,20,2770,8,10,0.139247,19892.78,0.067810,40849.73,0.056236,49256.49,0.067967,40755.23,0.078040,35494.40,0.065309,42413.48,0.097469,28419.38,0.140500,0.016181,0.031089,0.065309,0.253080,0.028624,4,261304,268514,1488533,1618,0,0,0,2446,0,0,0,2172,0,0,0,1283,0,0,0,1706,0,0,0,80,0,0,0,15722686099797200681,10936755528345450551,10936755528345450551,11612637599861933753,8504764262150668982,13073938060788811063
239,20,2883,8,10,0.133698,21563.51,0.062139,46395.92,0.056653,50888.64,0.066695,43226.94,0.070468,40911.99,0.059753,48248.43,0.097539,29557.32,0.134969,0.018591,0.031151,0.059753,0.244465,0.028965,5,285560,298005,1485970,1448,0,0,0,2637,0,0,0,1962,0,0,0,1117,0,0,0,1688,0,0,0,103,0,0,0,9068810342400027714,5981142933723521256,5981142933723521256,10403198294301732351,5080236814698198034,1773834868338990339
240,20,2572,8,10,0.118257,21749.20,0.056340,45651.50,0.049096,52387.49,0.056716,45348.92,0.061066,42118.22,0.052262,49213.17,0.077817,33051.89,0.119197,0.016752,0.028042,0.052262,0.216253,0.023729,4,243155,248310,1471119,1218,0,0,0,2190,0,0,0,1824,0,0,0,1308,0,0,0,1581,0,0,0,47,0,0,0,8041685956487496501,816611254608663892,816611254608663892,6170886022236825500,12690274958201104610,17594938121495590136
241,20,2801,8,10,0.133349,21004.99,0.073151,38290.67,0.055028,50901.11,0.065714,42623.88,0.080871,34635.47,0.070724,39604.39,0.105361,26584.86,0.134119,0.016790,0.028558,0.070724,0.250191,0.025543,5,241455,267760,1690467,1353,0,0,0,2592,0,0,0,2057,0,0,0,1046,0,0,0,1287,0,0,0,17,0,0,0,15441021313028885066,1916902276998709293,1916902276998709293,12349994832762694105,13586704516189305360,3504777543832076989
242,20,2851,8,10,0.129601,21998.28,0.059809,47668.69,0.052672,54127.58,0.058554,48690.41,0.065376,43609.12,0.053525,53264.65,0.084385,33785.48,0.131490,0.017426,0.031002,0.053525,0.233443,0.027658,4,265283,272083,1693781,1402,0,0,0,2429,0,0,0,2220,0,0,0,1148,0,0,0,1659,0,0,0,22,0,0,0,13995685424168839573,4432003585586463862,4432003585586463862,5976943631855962195,6419429266941282586,7834324626906149856
243,20,2747,8,10,0.130307,21081.02,0.061659,44551.75,0.054057,50816.74,0.062883,43684.13,0.070677,38866.71,0.058437,47007.58,0.093284,29447.74,0.132184,0.019036,0.031964,0.058437,0.241621,0.027471,4,279195,293440,1665199,1677,0,0,0,2612,0,0,0,1953,0,0,0,1150,0,0,0,1479,0,0,0,27,0,0,0,17352024793361906555,11491577740170247011,11491577740170247011,13278729128892410175,10040313081176397540,5795640301038177948
244,20,2777,8,10,0.143847,19305.30,0.073594,37733.97,0.062808,44213.98,0.075255,36901.04,0.082871,33509.84,0.066760,41596.94,0.099247,27980.76,0.144469,0.019071,0.031724,0.066760,0.262023,0.029663,4,278399,289299,1617363,1845,0,0,0,2951,0,0,0,2133,0,0,0,1322,0,0,0,1434,0,0,0,51,0,0,0,10369381779663260040,15081274569359588691,15081274569359588691,12033178288016531398,18345984263800097917,3880405207122095414
245,20,2990,8,10,0.129530,23083.37,0.059008,50671.51,0.051293,58293.02,0.061205,48851.92,0.067227,44476.00,0.058281,51303.17,0.098759,30275.58,0.129972,0.019517,0.032296,0.058281,0.240066,0.029897,4,282058,324733,1909572,1456,0,0,0,2336,0,0,0,1941,0,0,0,953,0,0,0,1329,0,0,0,8,0,0,0,4295880603044867086,8393474106345030927,8393474106345030927,15799554828683221686,12681657725727574004,12105741834153553851
246,20,2809,8,10,0.157293,17858.34,0.086878,32332.54,0.055703,50428.46,0.093069,30182.07,0.088844,31617.22,0.097497,28811.14,0.113971,24646.51,0.156681,0.016891,0.032296,0.097497,0.303366,0.025792,4,262816,273711,1741557,1454,0,0,0,2296,0,0,0,2160,0,0,0,997,0,0,0,1616,0,0,0,49,0,0,0,4964049955656175438,16045380322784538028,16045380322784538028,4326497134144400761,8411423853154601824,218852663048791326
247,20,3083,8,10,0.134214,22970.70,0.057445,53668.66,0.046538,66247.27,0.055805,55245.84,0.063274,48724.33,0.052833,58353.70,0.101953,30239.38,0.134540,0.020647,0.034900,0.052833,0.242921,0.031100,4,316071,347761,1943242,1365,0,0,0,1949,0,0,0,1876,0,0,0,885,0,0,0,1391,0,0,0,27,0,0,0,1291948250830833328,7783212300166920886,7783212300166920886,9104074961847686900,5298693169048341785,10363714711866672215
248,20,2977,8,10,0.148481,20049.72,0.078864,37748.39,0.068550,43428.19,0.080625,36923.98,0.085500,34818.51,0.072411,41112.80,0.112228,26526.38,0.149648,0.018395,0.029830,0.072411,0.270284,0.030361,5,294944,314334,1566666,1671,0,0,0,2557,0,0,0,1602,0,0,0,1215,0,0,0,1384,0,0,0,45,0,0,0,4856845482013909226,17439302302976007930,17439302302976007930,8371512623302117277,715324393386148233,6794258869682424635
249,20,2665,8,10,0.127166,20956.84,0.070684,37703.10,0.052614,50651.97,0.056162,47452.23,0.070230,37946.68,0.052021,51229.30,0.096166,27712.37,0.128356,0.016365,0.028228,0.052021,0.224970,0.024496,4,248122,273672,1913831,1397,0,0,0,2347,0,0,0,1759,0,0,0,1042,0,0,0,1443,0,0,0,35,0,0,0,15056640420977098221,11119310354942006271,11119310354942006271,16732743111156615173,11171370274526115839,5444525754995708487
