batch_idx,num_blocks,num_txs,threads,merge_cap,seq_time_s,seq_tput,par_time_s,par_tput,concat_time_s,concat_tput,cgraph_time_s,cgraph_tput,graph_time_s,graph_tput,integrated_time_s,integrated_tput,vegeta_time_s,vegeta_tput,phase_pre_execute_s,phase_graph_build_s,phase_integrate_s,phase_execute_s,phase_total_s,vegeta_speculate_s,num_integrated_groups,omakase_graph_bytes,vegeta_sched_bytes,calldata_bytes,par_re_exec,par_validation_aborts,par_cascade_aborts,par_wrote_new_loc,concat_re_exec,concat_validation_aborts,concat_cascade_aborts,concat_wrote_new_loc,cgraph_re_exec,cgraph_validation_aborts,cgraph_cascade_aborts,cgraph_wrote_new_loc,graph_re_exec,graph_validation_aborts,graph_cascade_aborts,graph_wrote_new_loc,integ_re_exec,integ_validation_aborts,integ_cascade_aborts,integ_wrote_new_loc,vegeta_re_exec,vegeta_validation_aborts,vegeta_cascade_aborts,vegeta_wrote_new_loc,digest_seq,digest_par,digest_concat,logical_seq,logical_integ,logical_vegeta
0,20,2850,8,10,0.155861,18285.55,0.087479,32579.35,0.084475,33737.92,0.084234,33834.36,0.090270,31571.87,0.077767,36647.76,0.109852,25944.02,0.151112,0.015639,0.035444,0.077767,0.279962,0.026800,4,275782,308002,4693879,2242,0,0,0,3775,0,0,0,2114,0,0,0,1676,0,0,0,2004,0,0,0,32,0,0,0,4053190328571372325,4207672370008174864,4207672370008174864,10748739626629167290,4456187304305153159,1139086139296647881
1,20,2835,8,10,0.139561,20313.71,0.088068,32190.86,0.074538,38034.54,0.080697,35131.35,0.092218,30742.23,0.068804,41203.89,0.109480,25895.20,0.140398,0.015552,0.030250,0.068804,0.255004,0.024774,3,248977,282792,4659058,2296,0,0,0,3925,0,0,0,2135,0,0,0,1510,0,0,0,1549,0,0,0,23,0,0,0,190627047876301371,8149095015480252001,8149095015480252001,12230576914850540157,11362258808672526199,14885095110346021322
2,20,3099,8,10,0.269526,11497.94,0.200494,15456.80,0.140216,22101.69,0.390506,7935.85,0.213094,14542.85,0.190994,16225.66,0.242309,12789.44,0.278901,0.020065,0.036934,0.190994,0.526895,0.030194,4,300634,320149,3516125,2426,0,0,0,4497,0,0,0,0,0,0,0,1631,0,0,0,2082,0,0,0,65,0,0,0,15184720822530853328,3620005882008337781,3620005882008337781,13002523902852497739,14164160570671349311,11720210521763902828
3,20,2672,8,10,0.171639,15567.57,0.100769,26516.05,0.082134,32532.18,0.062356,42850.62,0.106528,25082.65,0.087579,30509.48,0.133729,19980.78,0.172188,0.019252,0.034387,0.087579,0.313407,0.023612,5,291480,307360,4318011,1383,0,0,0,2531,0,0,0,1784,0,0,0,998,0,0,0,1262,0,0,0,8,0,0,0,5757565782675339691,15490683534664273176,15490683534664273176,8972020138998616136,14164666637498907397,11754262680158508675
4,20,3179,8,10,0.162448,19569.32,0.092983,34189.21,0.077717,40904.97,0.078911,40285.68,0.096279,33018.62,0.089107,35676.16,0.132127,24060.18,0.163923,0.017075,0.031976,0.089107,0.302081,0.036415,4,276600,341390,4907152,2067,0,0,0,3704,0,0,0,2361,0,0,0,1447,0,0,0,1961,0,0,0,28,0,0,0,5477660914181190666,6910105529174121682,6910105529174121682,9245131167752999378,3012717232501452423,789380012907145571
5,20,2748,8,10,0.193050,14234.65,0.121924,22538.64,0.078007,35227.73,0.085454,32157.72,0.125937,21820.46,0.087009,31582.80,0.154161,17825.56,0.193456,0.016141,0.023506,0.087009,0.320112,0.024261,7,242201,260756,4767976,1802,0,0,0,3342,0,0,0,2232,0,0,0,1280,0,0,0,1616,0,0,0,25,0,0,0,628463199492732784,6312850024707813861,6312850024707813861,17988684922465729927,8851017532876893993,11542823572024067381
6,20,2929,8,10,0.141049,20765.77,0.075180,38960.01,0.061328,47759.93,0.064445,45449.64,0.077800,37647.79,0.058621,49964.84,0.099193,29528.32,0.142257,0.015709,0.031393,0.058621,0.247980,0.025006,3,240295,256410,3021303,1607,0,0,0,2675,0,0,0,1878,0,0,0,1048,0,0,0,1504,0,0,0,27,0,0,0,2226137056294600501,3889578249371701955,3889578249371701955,15900608351889728515,9442556166688441236,3084467463965312068
7,20,3030,8,10,0.144013,21039.78,0.079078,38316.83,0.063874,47437.39,0.082488,36732.62,0.088164,34367.76,0.080179,37790.45,0.139934,21653.04,0.145379,0.018055,0.031461,0.080179,0.275073,0.031848,4,288325,487445,3574087,2129,0,0,0,3381,0,0,0,1453,0,0,0,957,0,0,0,1363,0,0,0,41,0,0,0,12748663019453400248,4998857540185522633,4998857540185522633,4655325159842899738,14567132250603663721,12877280359202501976
8,20,3104,8,10,0.133046,23330.27,0.066433,46723.85,0.059537,52135.32,0.074050,41917.71,0.076073,40803.17,0.064216,48336.49,0.106675,29097.71,0.134256,0.018265,0.033140,0.064216,0.249877,0.029913,4,282914,339144,3926936,1787,0,0,0,2712,0,0,0,1758,0,0,0,1049,0,0,0,1322,0,0,0,16,0,0,0,10818692283544916162,15615680879015268102,15615680879015268102,17355014285082283750,14686619533954438944,11752856741988964594
9,20,2894,8,10,0.143151,20216.44,0.080130,36116.49,0.071748,40335.85,0.080242,36065.68,0.089135,32467.64,0.072362,39993.11,0.111587,25934.83,0.144591,0.018706,0.031850,0.072362,0.267508,0.027104,4,275584,290264,4896979,1932,0,0,0,3268,0,0,0,1644,0,0,0,1120,0,0,0,1360,0,0,0,25,0,0,0,4151564092425949273,6522212788675147570,6522212788675147570,4007255267873568206,1693839093102426237,4470039479119190564
10,20,2896,8,10,0.133193,21742.82,0.073654,39319.10,0.059577,48608.97,0.065152,44449.58,0.075329,38444.62,0.061146,47361.77,0.090641,31950.35,0.134689,0.017429,0.032864,0.061146,0.246128,0.025726,4,265816,278181,5216097,1474,0,0,0,2756,0,0,0,1558,0,0,0,1094,0,0,0,1488,0,0,0,14,0,0,0,4346204199138994350,14848148921788211479,14848148921788211479,4516612912222216600,8742927610079350916,18063497682233905585
11,20,2779,8,10,0.234778,11836.73,0.159384,17435.90,0.124261,22364.13,0.130572,21283.35,0.162888,17060.84,0.162720,17078.47,0.204433,13593.71,0.236093,0.012154,0.026659,0.162720,0.437625,0.025291,6,245973,387968,5271209,1587,0,0,0,3012,0,0,0,2425,0,0,0,1244,0,0,0,1541,0,0,0,15,0,0,0,9295340728735426931,5908774557333558118,5908774557333558118,14709132146601665698,4175487270766940329,6571824424793653550
12,20,2832,8,10,0.143854,19686.59,0.084406,33552.05,0.070572,40129.30,0.075163,37678.19,0.091216,31047.15,0.072420,39105.11,0.112335,25210.28,0.145346,0.017015,0.029319,0.072420,0.264100,0.025182,4,256217,393707,5223166,2286,0,0,0,3412,0,0,0,2159,0,0,0,1553,0,0,0,2380,0,0,0,22,0,0,0,14484265922243362797,4119266113437074016,4119266113437074016,3429703357114992880,17281009227122108770,12453916800915118932
13,20,2646,8,10,0.140232,18868.78,0.077057,34338.14,0.065940,40127.15,0.067899,38969.72,0.083990,31503.77,0.063404,41732.10,0.098852,26767.19,0.140876,0.017876,0.029723,0.063404,0.251880,0.023292,4,265120,277125,3793998,1911,0,0,0,3504,0,0,0,2105,0,0,0,1332,0,0,0,1763,0,0,0,18,0,0,0,16682936844069286759,5503841040842803396,5503841040842803396,17023532330679547570,13791677613366091402,4277724845613494123
14,20,2591,8,10,0.141515,18308.98,0.081704,31711.92,0.067423,38429.18,0.070833,36579.25,0.087558,29591.97,0.071277,36351.23,0.102133,25369.00,0.141791,0.016534,0.027350,0.071277,0.256952,0.022113,5,245369,252359,4342268,1873,0,0,0,3105,0,0,0,1827,0,0,0,1424,0,0,0,1430,0,0,0,13,0,0,0,2207909631736691337,15566288390315822880,15566288390315822880,4666851469361878230,3167750703730772051,3919474285302239364
15,20,2619,8,10,0.136964,19121.83,0.087544,29916.25,0.086183,30388.93,0.086555,30258.37,0.090387,28975.49,0.077343,33861.95,0.097800,26779.09,0.138876,0.018661,0.029681,0.077343,0.264562,0.023112,5,292646,308351,5586678,1985,0,0,0,3376,0,0,0,2018,0,0,0,1460,0,0,0,1750,0,0,0,20,0,0,0,14717241197033610278,14717241197033610278,14717241197033610278,2408725443807287477,5352639775380453998,2567516253437041696
16,20,2517,8,10,0.166254,15139.51,0.102236,24619.39,0.076683,32823.46,0.069093,36429.18,0.108985,23094.88,0.086455,29113.30,0.127742,19703.84,0.166999,0.016440,0.028147,0.086455,0.298041,0.020873,4,243431,252611,4683437,1524,0,0,0,2752,0,0,0,1788,0,0,0,1044,0,0,0,1544,0,0,0,11,0,0,0,4414431580817689378,9271195423691253029,9271195423691253029,1014231909668472334,5357677366836687824,17655591710128979890
17,20,2858,8,10,0.241337,11842.35,0.196072,14576.31,0.171068,16706.85,0.173297,16491.93,0.183134,15606.04,0.182880,15627.77,0.199830,14302.15,0.251056,0.013757,0.032563,0.182880,0.480255,0.027552,4,248497,262032,5789039,1891,0,0,0,3725,0,0,0,2230,0,0,0,1419,0,0,0,1880,0,0,0,13,0,0,0,9860320389114801701,17822633786418055154,17822633786418055154,13047918009012784680,9869329212544782251,10350417745982852089
18,20,2786,8,10,0.221113,12599.89,0.156444,17808.31,0.129797,21464.31,0.123502,22558.41,0.169279,16458.05,0.098102,28398.96,0.198340,14046.57,0.221456,0.016339,0.028656,0.098102,0.364553,0.023189,5,254365,285635,5663442,1871,0,0,0,3464,0,0,0,2214,0,0,0,1337,0,0,0,1486,0,0,0,23,0,0,0,6724635449686507917,3346492000870778098,3346492000870778098,693322167838809506,14756934169310722165,18028560079155159100
19,20,2559,8,10,0.157336,16264.50,0.090758,28195.92,0.069959,36578.47,0.074452,34371.17,0.096429,26537.61,0.072015,35534.37,0.119543,21406.54,0.158231,0.015079,0.028214,0.072015,0.273539,0.022346,4,254572,269747,5726786,1942,0,0,0,3290,0,0,0,1745,0,0,0,1511,0,0,0,1664,0,0,0,23,0,0,0,8392533834707336065,10642967516877188882,10642967516877188882,3411418574335783232,16741025234975946461,13875683508494457399
20,20,2501,8,10,0.214418,11664.14,0.138014,18121.31,0.119104,20998.51,0.115005,21746.83,0.153607,16281.82,0.083613,29911.52,0.177330,14103.67,0.216076,0.014628,0.025901,0.083613,0.340218,0.020267,4,228914,239029,5699962,1803,0,0,0,3273,0,0,0,1967,0,0,0,1270,0,0,0,1646,0,0,0,20,0,0,0,5645689561373010983,15777875272478908477,15777875272478908477,15822868163294173523,7542897046900751951,12926379899374270939
21,20,2301,8,10,0.119643,19232.15,0.067271,34204.87,0.059420,38724.42,0.066480,34611.68,0.072497,31739.34,0.060527,38016.13,0.084330,27285.70,0.121169,0.015237,0.024880,0.060527,0.221812,0.018208,4,229399,238069,5322604,1526,0,0,0,2748,0,0,0,1582,0,0,0,1110,0,0,0,1400,0,0,0,15,0,0,0,7352231664187585934,2671374813661500622,2671374813661500622,15737532189556470698,12565831931653743165,2454413954728707569
22,20,2606,8,10,0.178165,14626.90,0.107515,24238.48,0.077424,33659.02,0.086678,30065.21,0.115345,22593.14,0.085786,30378.04,0.135275,19264.41,0.179909,0.012630,0.028162,0.085786,0.306486,0.022376,3,223004,231764,4024615,1606,0,0,0,2693,0,0,0,1968,0,0,0,1175,0,0,0,2008,0,0,0,21,0,0,0,4614079747778519049,2517070702756444642,2517070702756444642,174309762371835204,15911325566780319510,10083245482018474673
23,20,2622,8,10,0.145146,18064.59,0.077193,33966.64,0.068174,38460.32,0.074876,35017.93,0.085521,30659.27,0.069419,37770.79,0.102081,25685.39,0.146390,0.016677,0.033583,0.069419,0.266069,0.023138,3,261606,272291,4683514,2192,0,0,0,4004,0,0,0,2216,0,0,0,1792,0,0,0,2075,0,0,0,24,0,0,0,12299725537097301632,8656414955426042858,8656414955426042858,14810170225282395083,15025000561985176074,17589964145150440802
24,20,3272,8,10,0.187842,17418.93,0.122616,26685.01,0.105652,30969.52,0.095625,34217.04,0.116726,28031.44,0.100049,32704.11,0.147539,22177.18,0.188775,0.017531,0.028503,0.100049,0.334858,0.032338,7,295108,321133,3138739,2600,0,0,0,4232,0,0,0,2300,0,0,0,1730,0,0,0,1797,0,0,0,30,0,0,0,9369729502860444263,10624129412536051748,10624129412536051748,17813714619340394262,12040800715387142875,11333628314097525391
25,20,3506,8,10,0.229177,15298.23,0.152636,22969.73,0.109156,32119.23,0.103848,33760.77,0.155781,22505.89,0.067571,51886.30,0.200714,17467.65,0.228851,0.020719,0.034559,0.067571,0.351700,0.039640,4,300300,354875,2961166,2240,0,0,0,3288,0,0,0,2090,0,0,0,1331,0,0,0,1391,0,0,0,18,0,0,0,17799040336927041538,8727431283669153253,8727431283669153253,10564931562067358086,4506542849095152466,7052425731284873336
26,20,3084,8,10,0.158108,19505.67,0.110109,28008.73,0.078752,39161.02,0.075191,41015.67,0.102285,30151.13,0.081367,37902.52,0.131577,23438.82,0.158371,0.018036,0.028854,0.081367,0.286629,0.031608,5,268713,318893,4260022,2248,0,0,0,3413,0,0,0,1821,0,0,0,1274,0,0,0,1541,0,0,0,18,0,0,0,4475364804506606825,5454039254705690518,5454039254705690518,14120062048022276364,2338360190407269177,5474379279664162642
27,20,2881,8,10,0.202629,14218.08,0.153106,18817.05,0.097472,29557.12,0.099276,29019.97,0.151210,19052.95,0.113979,25276.53,0.165801,17376.22,0.204861,0.016186,0.030357,0.113979,0.365383,0.027161,3,244295,259445,4414895,1997,0,0,0,3056,0,0,0,1887,0,0,0,1441,0,0,0,2319,0,0,0,14,0,0,0,3196814281000397724,15982010505845103211,15982010505845103211,1568588089994186702,9877278197891807005,9572340590798956519
28,20,3036,8,10,0.140593,21594.27,0.079859,38016.86,0.063144,48080.65,0.068243,44487.83,0.082561,36772.73,0.066446,45691.19,0.119801,25342.00,0.141519,0.018896,0.034482,0.066446,0.261344,0.032357,3,282659,413669,5763221,2689,0,0,0,3510,0,0,0,1669,0,0,0,1063,0,0,0,1421,0,0,0,21,0,0,0,11272409440715787427,18331800458434381160,18331800458434381160,8217514695888191433,13255026785151608602,5951977503608757437
29,20,2912,8,10,0.126333,23050.14,0.064908,44863.84,0.059563,48889.10,0.066789,43599.81,0.073408,39668.55,0.061084,47672.36,0.094510,30811.41,0.126206,0.017324,0.027850,0.061084,0.232463,0.027053,7,256570,294245,2717947,2015,0,0,0,3238,0,0,0,1731,0,0,0,1140,0,0,0,1344,0,0,0,13,0,0,0,16904180856106929509,1508290761524822207,1508290761524822207,3519538867483493328,929797431310388488,9817441620054009429
30,20,2992,8,10,0.144214,20746.99,0.075169,39803.71,0.064146,46643.76,0.070437,42477.83,0.081441,36738.07,0.070340,42536.45,0.121104,24705.95,0.144973,0.020014,0.032888,0.070340,0.268214,0.029821,4,294025,381540,2278951,1890,0,0,0,2955,0,0,0,1667,0,0,0,1228,0,0,0,1635,0,0,0,20,0,0,0,8352081173736542880,12252343332938017614,12252343332938017614,14300907358678735002,3068016545240179404,8635045434143427043
31,20,3223,8,10,0.180039,17901.69,0.117145,27512.98,0.097086,33197.36,0.094368,34153.67,0.126571,25464.00,0.103749,31065.41,0.167905,19195.36,0.181835,0.020033,0.029328,0.103749,0.334944,0.034036,6,272106,395486,2378891,2084,0,0,0,3136,0,0,0,1973,0,0,0,1151,0,0,0,1322,0,0,0,8,0,0,0,3823232753706731898,10994981818567135230,10994981818567135230,10135890455128688320,5704271734597243411,4558190715839660086
32,20,3176,8,10,0.142829,22236.33,0.086379,36768.21,0.064863,48964.87,0.076563,41482.21,0.090923,34930.50,0.072011,44104.31,0.102929,30856.08,0.143548,0.017819,0.033841,0.072011,0.267219,0.033741,3,266574,286654,2119519,1818,0,0,0,2867,0,0,0,1866,0,0,0,1365,0,0,0,1689,0,0,0,18,0,0,0,5007832941896922932,4709070586462729634,4709070586462729634,16349262705851904051,5018481833432685818,2894202137529223274
33,20,3122,8,10,0.154380,20222.76,0.090738,34406.72,0.072092,43305.55,0.078623,39708.23,0.095713,32618.32,0.068696,45446.81,0.113360,27540.51,0.154733,0.028265,0.038815,0.068696,0.290508,0.030970,4,282671,297816,2367578,1908,0,0,0,3212,0,0,0,2179,0,0,0,1384,0,0,0,1509,0,0,0,13,0,0,0,308373423578527921,12943140449325948857,12943140449325948857,13819984373204117469,9538315880445280725,3682619157745261143
34,20,3028,8,10,0.207628,14583.78,0.145318,20837.04,0.122483,24721.80,0.109648,27615.68,0.149472,20258.01,0.103135,29359.72,0.193801,15624.24,0.210891,0.018310,0.029075,0.103135,0.361411,0.030897,6,266080,339795,2589453,1872,0,0,0,3402,0,0,0,1980,0,0,0,1201,0,0,0,1369,0,0,0,15,0,0,0,7281170085772677636,13512349793269233814,13512349793269233814,15322684650865273080,2707944770449904945,13279010215285338595
35,20,3013,8,10,0.117405,25663.40,0.062289,48371.48,0.055205,54578.41,0.061353,49109.58,0.068247,44148.58,0.058722,51309.33,0.101884,29572.93,0.118058,0.016383,0.031807,0.058722,0.224970,0.025011,3,250910,358410,2301342,1569,0,0,0,2664,0,0,0,1608,0,0,0,1077,0,0,0,1246,0,0,0,17,0,0,0,8619295928439786011,17409034970232100724,17409034970232100724,2979764000321062066,12565439064829212552,3187644628796623350
36,20,2626,8,10,0.126281,20794.85,0.069531,37767.33,0.058050,45236.65,0.064398,40777.80,0.076457,34345.89,0.063578,41303.31,0.095711,27436.88,0.127928,0.015163,0.029847,0.063578,0.236517,0.022624,4,248640,279735,2489866,1522,0,0,0,2933,0,0,0,1700,0,0,0,1003,0,0,0,1432,0,0,0,16,0,0,0,14385453905920836212,12803281412162785305,12803281412162785305,9830965430183081969,5517689347139698493,18373727164314555624
37,20,2838,8,10,0.145799,19465.14,0.076752,36976.15,0.055256,51360.52,0.059324,47839.07,0.087231,32534.32,0.061443,46189.17,0.118076,24035.43,0.146892,0.018208,0.035291,0.061443,0.261835,0.024174,3,268634,328049,2731899,1368,0,0,0,2465,0,0,0,1610,0,0,0,1112,0,0,0,1442,0,0,0,21,0,0,0,17065036064470864715,15209486635299787284,15209486635299787284,9874809542889857321,173107790946429493,4891497341992629958
38,20,2803,8,10,0.137730,20351.39,0.075698,37028.51,0.058968,47534.18,0.060222,46544.67,0.079480,35266.82,0.059077,47446.59,0.102960,27224.05,0.138310,0.016372,0.034910,0.059077,0.248669,0.023865,4,250418,298738,2791917,1528,0,0,0,2702,0,0,0,1588,0,0,0,1209,0,0,0,1388,0,0,0,14,0,0,0,11227927751479023971,5130411458979235249,5130411458979235249,2501275776080158720,12589046160806667334,4773821541870162131
39,20,2922,8,10,0.162936,17933.46,0.090125,32421.51,0.066303,44070.52,0.072442,40335.96,0.092636,31542.94,0.066375,44022.51,0.122071,23936.97,0.163414,0.017448,0.039210,0.066375,0.286447,0.028507,3,268110,283940,3249951,1695,0,0,0,2679,0,0,0,1828,0,0,0,1121,0,0,0,1515,0,0,0,14,0,0,0,164467569250474563,4517928746188244806,4517928746188244806,11736761888675366696,13241128156740952451,8839944705862494437
40,20,2857,8,10,0.147865,19321.65,0.073804,38710.82,0.059741,47822.78,0.066803,42767.77,0.078699,36302.99,0.095543,29902.71,0.109511,26088.78,0.148499,0.020332,0.034891,0.095543,0.299265,0.025930,5,301229,319619,3025738,1519,0,0,0,2816,0,0,0,1631,0,0,0,1135,0,0,0,838,0,0,0,28,0,0,0,14513622440901945629,12455819061543624570,12455819061543624570,12455530232613510768,12338496612797186748,16421722968477700508
41,20,2702,8,10,0.141797,19055.40,0.069487,38884.85,0.061354,44039.74,0.071223,37937.19,0.075139,35959.99,0.064585,41836.54,0.099282,27215.29,0.143231,0.016937,0.032114,0.064585,0.256867,0.024323,4,252318,260563,3568258,1676,0,0,0,2870,0,0,0,2043,0,0,0,1171,0,0,0,1555,0,0,0,21,0,0,0,7852546345569508825,2229717808015849120,2229717808015849120,9427167368994390775,10553053522231134615,7984221313934634636
42,20,2715,8,10,0.155695,17437.91,0.081638,33256.40,0.061099,44435.97,0.066491,40832.68,0.084804,32015.12,0.064308,42218.63,0.103839,26146.25,0.155862,0.017221,0.029132,0.064308,0.266523,0.024498,4,258390,266400,4111130,1836,0,0,0,3128,0,0,0,1950,0,0,0,1370,0,0,0,1495,0,0,0,17,0,0,0,16914684949588646459,8269863253418600556,8269863253418600556,10256154852494116293,10300775211258643444,14907927099369333275
43,20,2577,8,10,0.157817,16329.00,0.085878,30007.54,0.060338,42709.44,0.070618,36492.00,0.089722,28722.16,0.069801,36919.46,0.117835,21869.52,0.158584,0.017870,0.025209,0.069801,0.271464,0.022073,6,238097,244737,3148332,1498,0,0,0,2576,0,0,0,1800,0,0,0,1004,0,0,0,1259,0,0,0,18,0,0,0,11010214927735700767,7949565014101892389,7949565014101892389,14032212422687455109,16051573526093915763,16927878548309189836
44,20,2733,8,10,0.159603,17123.76,0.077952,35059.90,0.056828,48092.09,0.061705,44291.46,0.081801,33410.31,0.055569,49181.84,0.113258,24130.67,0.160196,0.016666,0.035061,0.055569,0.267492,0.024612,3,260381,266921,3979414,1347,0,0,0,2464,0,0,0,1525,0,0,0,983,0,0,0,1095,0,0,0,13,0,0,0,4957983973173885978,16887521712973988378,16887521712973988378,10810029505984783051,8163257412596789548,2479104464386209165
45,20,2828,8,10,0.160966,17568.94,0.073185,38641.85,0.061071,46307.12,0.068833,41084.93,0.082555,34255.82,0.071629,39481.40,0.111582,25344.66,0.162280,0.016961,0.030532,0.071629,0.281402,0.025229,4,259815,270355,4070075,1634,0,0,0,2907,0,0,0,1896,0,0,0,1245,0,0,0,1535,0,0,0,22,0,0,0,15247412850691866711,7002417236751260920,7002417236751260920,7024242276999074946,18408118105054457421,13801613084904679521
46,20,2729,8,10,0.156853,17398.46,0.074101,36828.28,0.052430,52049.92,0.059695,45715.74,0.085202,32029.75,0.066853,40821.13,0.118450,23039.17,0.156656,0.015612,0.034526,0.066853,0.273647,0.024346,3,245271,259311,3026248,1330,0,0,0,2257,0,0,0,1528,0,0,0,886,0,0,0,917,0,0,0,16,0,0,0,17792846601933682569,13775757791023263376,13775757791023263376,10571201182470728720,13960207652944298795,2790690561153663970
47,20,2905,8,10,0.140881,20620.20,0.075410,38522.79,0.058431,49716.51,0.061406,47308.20,0.078277,37111.66,0.064332,45156.51,0.100818,28814.30,0.140563,0.017637,0.033583,0.064332,0.256115,0.026571,3,258310,272275,3037431,1374,0,0,0,2533,0,0,0,1362,0,0,0,968,0,0,0,1509,0,0,0,20,0,0,0,16488461841071979874,11479809027018318837,11479809027018318837,10615695150882437949,15196115736162748618,13254316565362291955
48,20,2928,8,10,0.179799,16284.89,0.102239,28638.74,0.064810,45177.93,0.067235,43548.70,0.100378,29169.78,0.109005,26861.08,0.137297,21325.98,0.180632,0.016448,0.029885,0.109005,0.335970,0.027852,5,265082,281477,3283347,1651,0,0,0,2666,0,0,0,1742,0,0,0,1166,0,0,0,1127,0,0,0,18,0,0,0,8646610515818083288,18097665136193451854,18097665136193451854,7457338394290700040,6483008836269460332,10337710521986816974
49,20,2816,8,10,0.151299,18612.14,0.084331,33392.34,0.067564,41678.95,0.071320,39483.98,0.085548,32917.29,0.076122,36993.38,0.118922,23679.40,0.152539,0.017387,0.021496,0.076122,0.267544,0.027714,12,272323,311388,2571238,2027,0,0,0,3238,0,0,0,1789,0,0,0,1044,0,0,0,1139,0,0,0,12,0,0,0,9348555463242552088,11471867202892119983,11471867202892119983,13430231876177639369,13038026658252000486,7552589360628233338
50,20,2776,8,10,0.185317,14979.74,0.108194,25657.71,0.084746,32756.71,0.077613,35767.19,0.120451,23046.71,0.068735,40387.17,0.143651,19324.63,0.185086,0.019436,0.036588,0.068735,0.309846,0.026477,3,310749,331604,3047101,1805,0,0,0,2945,0,0,0,1901,0,0,0,1326,0,0,0,1480,0,0,0,16,0,0,0,1145488214149727468,15841256989144216189,15841256989144216189,10859407951889021362,368693598253812390,4140977609694399659
51,20,2760,8,10,0.165012,16726.10,0.095477,28907.41,0.081002,34073.22,0.088363,31234.95,0.108622,25409.13,0.086971,31734.68,0.118190,23352.14,0.165768,0.019682,0.027970,0.086971,0.300392,0.026138,7,281600,290605,2315481,2221,0,0,0,3668,0,0,0,2068,0,0,0,1622,0,0,0,1997,0,0,0,21,0,0,0,17590592935026444478,9955356284994991023,9955356284994991023,8518820881706181902,9978959677984033099,1576744136662074216
52,20,2974,8,10,0.182130,16329.03,0.105117,28292.27,0.076474,38889.26,0.077546,38351.55,0.112330,26475.55,0.078299,37982.65,0.135899,21883.84,0.183471,0.018985,0.032728,0.078299,0.313483,0.029014,5,287618,299498,2981628,1817,0,0,0,3143,0,0,0,2054,0,0,0,1427,0,0,0,1518,0,0,0,27,0,0,0,10950010789471516103,13315614337011203705,13315614337011203705,18427204328632527419,17762336777554408463,15210829500252958684
53,20,2823,8,10,0.214488,13161.55,0.116587,24213.78,0.083284,33896.14,0.075602,37340.31,0.116050,24325.70,0.095531,29550.65,0.156859,17997.08,0.215857,0.018118,0.031093,0.095531,0.360599,0.028264,5,275714,290864,3316700,1588,0,0,0,2902,0,0,0,1672,0,0,0,1206,0,0,0,1267,0,0,0,19,0,0,0,15182565962896694674,6421759448192860488,6421759448192860488,9641401308171796771,15674011879523263377,15926762862629381226
54,20,3261,8,10,0.159674,20422.87,0.087927,37087.53,0.062584,52106.28,0.078607,41484.75,0.096974,33627.72,0.064830,50301.05,0.123962,26306.47,0.160883,0.018183,0.031645,0.064830,0.275540,0.030588,4,268200,290520,2568692,1538,0,0,0,2488,0,0,0,1660,0,0,0,1010,0,0,0,1342,0,0,0,16,0,0,0,17911755005061447104,6119428060106656844,6119428060106656844,13081212903702228538,10647886521337856099,1268086864646912616
55,20,3044,8,10,0.136279,22336.53,0.070239,43337.97,0.063485,47948.64,0.073085,41649.86,0.076814,39628.26,0.064782,46988.61,0.095226,31966.15,0.136350,0.019716,0.033120,0.064782,0.253968,0.029508,4,286228,306868,3289796,1912,0,0,0,3390,0,0,0,1984,0,0,0,1326,0,0,0,1521,0,0,0,20,0,0,0,12395859987471504121,16678272097126999353,16678272097126999353,9440707429184987151,12652727397240666191,5180602290095686951
56,20,2812,8,10,0.807620,3481.84,0.716957,3922.13,0.677837,4148.49,0.681722,4124.85,0.721864,3895.47,0.315579,8910.61,0.757490,3712.26,0.808778,0.018763,0.028222,0.315579,1.171342,0.026976,6,273912,283942,2582224,1870,0,0,0,2829,0,0,0,2671,0,0,0,1398,0,0,0,1757,0,0,0,24,0,0,0,11526807693003851151,10027955136310455667,10027955136310455667,9649620377704276453,17440451320139156981,4681895809323806482
57,20,2724,8,10,0.170994,15930.40,0.101745,26772.91,0.081773,33311.90,0.091217,29862.97,0.107661,25301.58,0.090785,30004.95,0.129437,21045.05,0.172559,0.017489,0.028929,0.090785,0.309762,0.025097,5,270871,279506,3032201,1582,0,0,0,2953,0,0,0,1694,0,0,0,1137,0,0,0,1448,0,0,0,15,0,0,0,1241906053242900293,9551514588256742649,9551514588256742649,967125562761628111,4595688245967906114,12373066881427060892
58,20,2873,8,10,0.149823,19176.01,0.077611,37018.09,0.060614,47398.13,0.063364,45340.87,0.077654,36997.53,0.059469,48311.05,0.102897,27921.24,0.151833,0.018221,0.031145,0.059469,0.260668,0.026778,5,276965,284165,3070722,1569,0,0,0,2785,0,0,0,1808,0,0,0,1111,0,0,0,1358,0,0,0,18,0,0,0,16392209368523188231,14533482058756317751,14533482058756317751,16882075571541017149,17742562120806503410,213291703804323064
59,20,2853,8,10,0.177278,16093.36,0.100287,28448.47,0.066133,43140.48,0.074447,38322.38,0.111675,25547.27,0.089533,31865.36,0.139391,20467.59,0.178020,0.018179,0.039643,0.089533,0.325376,0.026136,4,281435,288970,2253873,1289,0,0,0,2232,0,0,0,1661,0,0,0,912,0,0,0,1120,0,0,0,17,0,0,0,11266674458594836644,17607609577922900988,17607609577922900988,11231513086514923317,7830749744464783934,13975758391277508602
60,20,2667,8,10,0.139561,19109.98,0.067704,39391.94,0.053538,49814.96,0.060844,43833.71,0.072199,36939.64,0.057912,46052.46,0.096961,27505.99,0.140867,0.014578,0.025956,0.057912,0.239314,0.023052,6,240496,262651,3734889,1300,0,0,0,2299,0,0,0,1556,0,0,0,924,0,0,0,1062,0,0,0,15,0,0,0,11362800778597787867,16219112072696940010,16219112072696940010,15189339046599654052,6960054390675131598,12001362168876012080
61,20,3046,8,10,0.164276,18541.93,0.071034,42880.68,0.051718,58896.74,0.057248,53206.90,0.076715,39705.22,0.057711,52780.66,0.117538,25915.04,0.165313,0.016889,0.031349,0.057711,0.271261,0.029669,4,267906,277676,3954357,1272,0,0,0,2049,0,0,0,1750,0,0,0,984,0,0,0,1167,0,0,0,17,0,0,0,10240683073618337714,1902650333876436587,1902650333876436587,2131213133989820337,1373273128869052449,6133896301347535730
62,20,3097,8,10,0.146320,21165.90,0.074563,41535.39,0.062931,49212.73,0.067455,45912.26,0.080194,38618.77,0.061313,50511.61,0.104025,29771.57,0.146978,0.017873,0.025921,0.061313,0.252085,0.029257,9,254256,267611,3244868,1450,0,0,0,2674,0,0,0,1627,0,0,0,1048,0,0,0,1122,0,0,0,18,0,0,0,6727467522280004935,10822862083147998042,10822862083147998042,4556534718878259773,6085473812769978881,588611405892580668
63,20,2979,8,10,0.306026,9734.47,0.226294,13164.27,0.203928,14608.12,0.176528,16875.50,0.226698,13140.84,0.229755,12965.96,0.268408,11098.78,0.306893,0.018363,0.033922,0.229755,0.588934,0.027877,3,273147,297622,4128039,1918,0,0,0,3191,0,0,0,1717,0,0,0,1100,0,0,0,1504,0,0,0,13,0,0,0,5447889087813517602,16362055118819499993,16362055118819499993,4815676533614247054,8472631663433165317,2356309121752900363
64,20,2848,8,10,0.145284,19602.98,0.074711,38120.35,0.064165,44385.76,0.066931,42551.30,0.077072,36952.59,0.061976,45953.42,0.092582,30762.02,0.146113,0.017741,0.029972,0.061976,0.255801,0.026330,4,267026,276061,3671859,1714,0,0,0,3021,0,0,0,1689,0,0,0,1242,0,0,0,1523,0,0,0,18,0,0,0,3812320379697996328,10174351367557036358,10174351367557036358,17438201996462730387,14364142155362399704,16228481723860322900
65,20,2822,8,10,0.193979,14547.97,0.109555,25758.70,0.077265,36523.48,0.076052,37106.21,0.113033,24966.11,0.065118,43336.97,0.144269,19560.68,0.195268,0.015796,0.035747,0.065118,0.311929,0.025478,3,239671,254801,4082054,1263,0,0,0,2656,0,0,0,1707,0,0,0,1054,0,0,0,1022,0,0,0,9,0,0,0,233162360417602881,550502221797212575,550502221797212575,18130549384550004653,6218884315870280241,914085393514978396
66,20,3131,8,10,0.261441,11975.92,0.173122,18085.48,0.148780,21044.56,0.153312,20422.42,0.178377,17552.75,0.141376,22146.63,0.216648,14452.03,0.261666,0.017061,0.038212,0.141376,0.458315,0.027950,3,260810,306805,4372990,1408,0,0,0,2179,0,0,0,2102,0,0,0,1007,0,0,0,1391,0,0,0,28,0,0,0,5503570547072244902,1547283038464723446,1547283038464723446,17902752282630521022,16777255303744161015,16245134568917240784
67,20,3959,8,10,0.159628,24801.37,0.089237,44364.96,0.061079,64818.12,0.064310,61560.87,0.094325,41972.04,0.110711,35759.80,0.145784,27156.61,0.159944,0.020132,0.034881,0.110711,0.325668,0.033860,4,276551,439446,3259981,1473,0,0,0,2460,0,0,0,1721,0,0,0,1017,0,0,0,1151,0,0,0,15,0,0,0,8246072356441394584,3906860605770270501,3906860605770270501,1856415086348838248,14513820266045062627,12569501813637886347
68,20,4324,8,10,0.180273,23985.81,0.115966,37286.78,0.125641,34415.60,0.128944,33534.06,0.114202,37862.83,0.096107,44991.46,0.187210,23097.12,0.181519,0.020739,0.046948,0.096107,0.345314,0.039906,3,329497,638192,3566544,2656,0,0,0,4249,0,0,0,2139,0,0,0,1315,0,0,0,1529,0,0,0,31,0,0,0,3487925066408264529,7858988287487016261,7858988287487016261,16817048339677852146,8620566360160553399,1209742458627378995
69,20,5209,8,10,0.168037,30999.09,0.081134,64202.50,0.067140,77584.10,0.083005,62755.28,0.095972,54276.01,0.074872,69571.75,0.173343,30050.24,0.169828,0.023251,0.039437,0.074872,0.307388,0.052764,4,330370,671710,2966738,2132,0,0,0,3148,0,0,0,2792,0,0,0,1596,0,0,0,1972,0,0,0,42,0,0,0,15312542517809182010,856559046882187485,856559046882187485,14866253616024132811,11645214536909236764,15313434683640913268
70,20,4527,8,10,0.143365,31576.83,0.076543,59143.21,0.058339,77598.48,0.068114,66462.19,0.083770,54040.51,0.065949,68644.13,0.142549,31757.44,0.143812,0.018491,0.036172,0.065949,0.264424,0.036670,4,265856,431711,2825274,1504,0,0,0,2410,0,0,0,2089,0,0,0,1146,0,0,0,1506,0,0,0,19,0,0,0,14437660436629302960,15530989092479018294,15530989092479018294,1166788287202290977,2518650552837857172,6811214003202561556
71,20,4274,8,10,0.187457,22799.90,0.105573,40483.68,0.077970,54816.29,0.075195,56838.97,0.113862,37536.77,0.063768,67024.18,0.160311,26660.62,0.188113,0.020559,0.040510,0.063768,0.312951,0.036305,5,278368,359288,3153953,1701,0,0,0,3017,0,0,0,2434,0,0,0,1468,0,0,0,1722,0,0,0,32,0,0,0,18400107989018948950,14961370891551040952,14961370891551040952,10072032190846261495,5515599934914906702,12832935697317795447
72,20,6453,8,10,0.139612,46220.92,0.081023,79644.26,0.060930,105908.67,0.061911,104230.65,0.083012,77735.77,0.067531,95555.65,0.199725,32309.50,0.141005,0.021534,0.037924,0.067531,0.267994,0.049688,4,260957,898617,3251065,1355,0,0,0,2071,0,0,0,1957,0,0,0,1200,0,0,0,1663,0,0,0,15,0,0,0,6290306905684741607,8256936557649618095,8256936557649618095,6633391338055258326,13640252188003874567,9732265818466426623
73,20,3934,8,10,0.162467,24214.20,0.087131,45150.53,0.067094,58633.74,0.064071,61400.93,0.097016,40550.07,0.078309,50236.86,0.129793,30309.87,0.163479,0.018142,0.033228,0.078309,0.293157,0.032897,5,259689,322429,2732532,1717,0,0,0,2932,0,0,0,2348,0,0,0,1324,0,0,0,1732,0,0,0,25,0,0,0,15938596261963473067,14805258357623141617,14805258357623141617,13180945396139841602,2947086251968289227,6893318055098556006
74,20,3164,8,10,0.237109,13344.08,0.165199,19152.69,0.144734,21860.81,0.151255,20918.33,0.167717,18865.16,0.133388,23720.25,0.191956,16482.93,0.237816,0.017655,0.037954,0.133388,0.426812,0.028967,3,269328,280718,2957176,1834,0,0,0,2683,0,0,0,2782,0,0,0,1533,0,0,0,1741,0,0,0,34,0,0,0,4721790704348320703,7526894184552492763,7526894184552492763,14933186229490613806,14273132597472715841,5730264865672193744
75,20,3045,8,10,0.151909,20044.89,0.083723,36370.03,0.077693,39192.72,0.071828,42393.22,0.083914,36287.05,0.064125,47485.54,0.110183,27635.96,0.153551,0.017628,0.030404,0.064125,0.265708,0.032157,5,272747,294067,2635035,2041,0,0,0,3458,0,0,0,2201,0,0,0,1581,0,0,0,1673,0,0,0,37,0,0,0,8421835656649298915,11789248356591430788,11789248356591430788,433234656666654849,4098060774266968248,17814701700514039891
76,20,2985,8,10,0.294769,10126.58,0.216769,13770.44,0.186162,16034.43,0.197231,15134.57,0.226836,13159.28,0.212485,14048.07,0.250387,11921.57,0.295652,0.018267,0.027882,0.212485,0.554286,0.030089,7,279759,289594,3578459,1556,0,0,0,2213,0,0,0,2467,0,0,0,1216,0,0,0,1367,0,0,0,35,0,0,0,14607046688479782164,14607046688479782164,14607046688479782164,8143900143839576546,3416346541430221982,10970784356621125980
77,20,3111,8,10,0.269008,11564.70,0.193635,16066.30,0.175237,17753.07,0.185121,16805.23,0.199866,15565.45,0.104718,29708.48,0.217717,14289.22,0.272851,0.019038,0.038467,0.104718,0.435074,0.032056,4,291396,301021,3215114,1923,0,0,0,2957,0,0,0,2415,0,0,0,1421,0,0,0,1913,0,0,0,20,0,0,0,3117388939641066290,1104204426059155674,1104204426059155674,5571158122433815923,16417718776133008902,4256040212305651399
78,20,2815,8,10,0.161602,17419.39,0.084706,33232.42,0.062273,45203.85,0.069751,40357.68,0.089033,31617.43,0.068572,41051.98,0.120104,23437.93,0.161775,0.017854,0.032185,0.068572,0.280386,0.026908,3,261736,270056,2393283,1803,0,0,0,2885,0,0,0,1712,0,0,0,1314,0,0,0,1481,0,0,0,13,0,0,0,13635778255150864924,7409489623606658217,7409489623606658217,6735213316101022505,15919920146348365135,4501520051706467552
79,20,3116,8,10,0.244826,12727.41,0.157731,19755.16,0.124364,25055.55,0.128892,24175.19,0.167382,18616.10,0.134710,23131.17,0.200123,15570.43,0.245408,0.018860,0.031554,0.134710,0.430532,0.030487,5,285165,297445,3270902,1643,0,0,0,2647,0,0,0,1598,0,0,0,1227,0,0,0,1430,0,0,0,30,0,0,0,3010940226025028415,12984566553126521275,12984566553126521275,7539063495917970628,15392589326672372027,13332520852059927618
80,20,3201,8,10,0.266325,12019.15,0.170894,18730.93,0.146172,21898.86,0.138290,23147.04,0.185288,17275.79,0.105826,30247.71,0.234282,13663.04,0.267158,0.019267,0.037456,0.105826,0.429706,0.033020,3,287172,337742,2772162,1861,0,0,0,3009,0,0,0,1930,0,0,0,1162,0,0,0,1395,0,0,0,23,0,0,0,14714395461411603370,16897128301367118478,16897128301367118478,18353952172823767134,15990181688795802804,5479216670192331675
81,20,2902,8,10,0.161159,18007.10,0.079806,36363.40,0.064194,45206.84,0.066063,43927.75,0.084541,34326.55,0.063122,45974.62,0.113719,25519.13,0.161432,0.016680,0.029144,0.063122,0.270379,0.027440,4,250646,257241,4292042,1557,0,0,0,2787,0,0,0,1819,0,0,0,982,0,0,0,1109,0,0,0,23,0,0,0,9364443736781849720,3661391317629054932,3661391317629054932,8159586789261723763,5113397621868782519,13320573558907141812
82,20,2891,8,10,0.184525,15667.24,0.105633,27368.22,0.065465,44161.17,0.064706,44679.09,0.108066,26752.10,0.074168,38979.07,0.140592,20563.11,0.185105,0.016190,0.029567,0.074168,0.305030,0.027379,4,253416,263161,4241455,1631,0,0,0,2542,0,0,0,1537,0,0,0,1068,0,0,0,1172,0,0,0,26,0,0,0,17686868146633921002,2983712127875829708,2983712127875829708,6602623298078536815,6591343756870817710,3185110760325771575
83,20,2960,8,10,0.165739,17859.42,0.094193,31424.76,0.065982,44860.65,0.070421,42033.13,0.089920,32918.12,0.074899,39520.12,0.116537,25399.73,0.167082,0.017656,0.032291,0.074899,0.291928,0.026729,5,270837,280802,3312682,1609,0,0,0,2666,0,0,0,1757,0,0,0,1017,0,0,0,1101,0,0,0,14,0,0,0,10294303640660984960,18090693060589088244,18090693060589088244,6770238896530636628,12117943032207231433,18146643800164589165
84,20,3128,8,10,0.144085,21709.34,0.069019,45320.58,0.057645,54263.25,0.069462,45032.10,0.072991,42854.81,0.059428,52634.99,0.097912,31947.04,0.145143,0.018006,0.030538,0.059428,0.253115,0.030877,4,269593,278618,4761197,1471,0,0,0,2651,0,0,0,1812,0,0,0,1081,0,0,0,1457,0,0,0,16,0,0,0,13414150196147500273,14996655630760439782,14996655630760439782,16203339553805334602,9349997835560805803,5907018396854227635
85,20,3223,8,10,0.169180,19050.66,0.076308,42236.88,0.059354,54301.24,0.071261,45228.35,0.084351,38209.20,0.076836,41946.71,0.118130,27283.50,0.171684,0.022605,0.047048,0.076836,0.318173,0.033569,3,369655,383360,4162153,1357,0,0,0,2381,0,0,0,1755,0,0,0,1137,0,0,0,1551,0,0,0,20,0,0,0,8567219728002959456,12555115268730769315,12555115268730769315,7056520355966548002,12867863376092522754,18165298029581103174
86,20,2986,8,10,0.191372,15603.10,0.093710,31864.31,0.069237,43127.29,0.081341,36709.51,0.099488,30013.64,0.074709,39968.64,0.142513,20952.46,0.192591,0.018236,0.036841,0.074709,0.322376,0.030801,4,291908,301753,3494092,1967,0,0,0,3283,0,0,0,2014,0,0,0,1499,0,0,0,1258,0,0,0,35,0,0,0,18077424541515710055,355384179073180559,355384179073180559,13984155613268091231,11309908596985139808,13811902964204314847
87,20,3150,8,10,0.159078,19801.63,0.090335,34870.35,0.067916,46380.69,0.069747,45163.49,0.095119,33116.58,0.071273,44196.37,0.127693,24668.49,0.161985,0.018931,0.037111,0.071273,0.289299,0.032779,5,278368,352098,3480255,2532,0,0,0,3476,0,0,0,1709,0,0,0,1251,0,0,0,1395,0,0,0,28,0,0,0,9552559985057391084,10611644823714170939,10611644823714170939,14403486439783958555,6064754846599851761,11817515103337052354
88,20,2784,8,10,0.148613,18733.25,0.069331,40155.03,0.059103,47104.40,0.064552,43128.34,0.074987,37126.32,0.066382,41938.86,0.096175,28947.26,0.148654,0.018180,0.021439,0.066382,0.254655,0.026629,13,298306,306016,3400054,1560,0,0,0,2705,0,0,0,1796,0,0,0,1241,0,0,0,1340,0,0,0,13,0,0,0,14698684490818195408,17749488773221152466,17749488773221152466,14981330734431058349,5368222139522181478,4064985744971355472
89,20,2860,8,10,0.159390,17943.43,0.093879,30464.74,0.071940,39755.33,0.073623,38846.55,0.092345,30970.94,0.067021,42673.19,0.120225,23788.75,0.162815,0.017994,0.036758,0.067021,0.284588,0.026221,4,281020,289820,2364243,1494,0,0,0,2750,0,0,0,1624,0,0,0,978,0,0,0,1328,0,0,0,13,0,0,0,13702818897874163079,16426433299682828185,16426433299682828185,14651735618492753420,12018233833885180213,15502345251612154915
90,20,3065,8,10,0.149716,20472.15,0.089004,34436.46,0.070575,43429.15,0.080952,37862.03,0.085819,35714.69,0.076219,40213.14,0.111927,27384.01,0.151149,0.019983,0.029592,0.076219,0.276943,0.032373,7,312090,351200,3090111,2271,0,0,0,3434,0,0,0,2495,0,0,0,1372,0,0,0,1410,0,0,0,24,0,0,0,4572836933772922785,1543371749898511085,1543371749898511085,14696455407894091836,1275814593262424055,9644053115607256437
91,20,3278,8,10,0.222430,14737.23,0.142132,23063.01,0.104739,31296.85,0.116547,28125.91,0.150125,21835.17,0.120033,27309.05,0.184894,17729.07,0.222124,0.020361,0.031377,0.120033,0.393894,0.034564,6,299975,316900,2558674,1753,0,0,0,2718,0,0,0,1713,0,0,0,1127,0,0,0,1414,0,0,0,28,0,0,0,12130747354709095462,11099553541946081539,11099553541946081539,13160750957072377778,2393937796727446675,15269065933798662658
92,20,3342,8,10,0.174793,19119.72,0.101165,33034.98,0.088919,37584.72,0.089896,37176.12,0.107415,31113.06,0.080475,41528.34,0.130007,25706.23,0.176535,0.019499,0.033085,0.080475,0.309594,0.036495,4,312211,334291,2726493,2995,0,0,0,4572,0,0,0,2642,0,0,0,1752,0,0,0,1891,0,0,0,41,0,0,0,92873393870552879,14991779596129191413,14991779596129191413,14011739833938862849,5375350617709551887,10465345789728717507
93,20,2970,8,10,0.368545,8058.72,0.291332,10194.54,0.265306,11194.64,0.257071,11553.22,0.298283,9957.00,0.253966,11694.49,0.326808,9087.90,0.369612,0.019823,0.028608,0.253966,0.672009,0.030378,7,308635,322625,3333595,2697,0,0,0,4061,0,0,0,2518,0,0,0,1550,0,0,0,1863,0,0,0,41,0,0,0,1275003222626346273,6787237769079901566,6787237769079901566,4007685851744498141,9735472671614388057,10164157147424392281
94,20,2889,8,10,0.338240,8541.26,0.241972,11939.38,0.221012,13071.68,0.195699,14762.47,0.255323,11315.06,0.135731,21284.74,0.286321,10090.07,0.338039,0.020292,0.032326,0.135731,0.526388,0.031333,4,305989,319549,2323086,2653,0,0,0,4032,0,0,0,2768,0,0,0,1951,0,0,0,2299,0,0,0,39,0,0,0,7328201460937647276,2751563729571446324,2751563729571446324,6811569434158882456,10204262227021103256,8169715588479636424
95,20,3206,8,10,0.250281,12809.60,0.171517,18691.98,0.131821,24320.78,0.143068,22408.94,0.177584,18053.39,0.148325,21614.71,0.211312,15171.88,0.252163,0.019007,0.033576,0.148325,0.453071,0.031957,4,291057,315322,2917662,2354,0,0,0,3159,0,0,0,2050,0,0,0,1472,0,0,0,2098,0,0,0,29,0,0,0,15766398470586311147,8816082108761399707,8816082108761399707,8613326934461039933,15195793218094167067,10744874816810166442
96,20,3035,8,10,0.168887,17970.63,0.097663,31076.19,0.089042,34085.13,0.095390,31816.80,0.103172,29416.86,0.089072,34073.69,0.134659,22538.47,0.169834,0.019414,0.026864,0.089072,0.305183,0.031103,9,307917,352527,2960798,2447,0,0,0,3922,0,0,0,2078,0,0,0,1426,0,0,0,1656,0,0,0,31,0,0,0,8408820583161888797,15754791952099779433,15754791952099779433,10470110649628502248,18119966912851653104,1455993732290888950
97,20,2986,8,10,0.175779,16987.25,0.109443,27283.58,0.097470,30635.03,0.082865,36034.42,0.117374,25440.01,0.098975,30169.10,0.130457,22888.81,0.176754,0.022417,0.033968,0.098975,0.332115,0.031849,3,289138,300923,2508164,2331,0,0,0,3620,0,0,0,2152,0,0,0,1729,0,0,0,1757,0,0,0,30,0,0,0,17477541587538213358,8946702858622561153,8946702858622561153,7377553613827136450,10321657640707621759,9454532728071202163
98,20,2927,8,10,0.238051,12295.70,0.164980,17741.52,0.141002,20758.64,0.157324,18604.87,0.171122,17104.71,0.139121,21039.30,0.197889,14791.15,0.238573,0.019871,0.028694,0.139121,0.426258,0.028271,7,280355,291855,2890056,2193,0,0,0,2888,0,0,0,1908,0,0,0,1469,0,0,0,1206,0,0,0,31,0,0,0,18092897175461470007,15785580320704910625,15785580320704910625,10152464827522479811,12958791021548150348,3707792982365729663
99,20,3419,8,10,0.168145,20333.69,0.091422,37398.13,0.079393,43064.07,0.088753,38522.76,0.098465,34722.88,0.085957,39775.93,0.127222,26874.38,0.169103,0.019516,0.035759,0.085957,0.310335,0.038029,4,311961,334466,3079357,2316,0,0,0,3894,0,0,0,2175,0,0,0,1551,0,0,0,1780,0,0,0,48,0,0,0,10891807550174231087,11058642652025895701,11058642652025895701,2823535591833494178,1180764248104583593,15262834308613660164
100,20,3091,8,10,0.159229,19412.30,0.100918,30628.86,0.071839,43027.06,0.076482,40414.92,0.106161,29116.28,0.087073,35498.85,0.132470,23333.64,0.159279,0.018309,0.028418,0.087073,0.293080,0.030751,6,275995,304830,2929278,2260,0,0,0,3459,0,0,0,1840,0,0,0,1405,0,0,0,1269,0,0,0,33,0,0,0,11887039245450223300,4911885960421672908,4911885960421672908,12765743801665194817,12505941163813105943,15665889623835432191
101,20,2792,8,10,0.155017,18010.88,0.089260,31279.55,0.078694,35479.19,0.088061,31705.29,0.096923,28806.25,0.077115,36205.88,0.117323,23797.63,0.154824,0.017459,0.028341,0.077115,0.277738,0.026946,5,270510,282865,2860038,2331,0,0,0,3848,0,0,0,1984,0,0,0,1346,0,0,0,1514,0,0,0,22,0,0,0,15300348355150236561,12090505265642062365,12090505265642062365,17028964721937686007,17339499437293308501,392715275027841691
102,20,2850,8,10,0.152469,18692.34,0.077144,36943.68,0.070709,40306.09,0.079482,35856.95,0.085891,33181.52,0.071782,39703.32,0.108581,26247.68,0.153388,0.016656,0.028118,0.071782,0.269944,0.027112,5,266669,278264,3262510,1972,0,0,0,3239,0,0,0,2104,0,0,0,1160,0,0,0,1520,0,0,0,41,0,0,0,12617491240378314686,5593419547806902656,5593419547806902656,17751585206493204867,17943947532957345655,1354184629863921724
103,20,2877,8,10,0.165181,17417.28,0.088310,32578.47,0.081395,35346.23,0.091198,31546.91,0.099563,28896.21,0.081744,35195.42,0.132038,21789.17,0.165821,0.018601,0.029852,0.081744,0.296018,0.027660,6,288499,324839,3869996,2011,0,0,0,3407,0,0,0,1649,0,0,0,1266,0,0,0,1320,0,0,0,32,0,0,0,11620759609190989985,5333734063412217839,5333734063412217839,10999754803164814196,14827326042171614936,13592036217253616632
104,20,3306,8,10,0.193062,17124.07,0.102327,32308.22,0.079054,41819.40,0.090242,36634.74,0.108892,30360.34,0.076098,43443.78,0.150682,21940.29,0.194677,0.019384,0.032255,0.076098,0.322414,0.034415,4,297570,343145,4301483,2883,0,0,0,3859,0,0,0,2336,0,0,0,1480,0,0,0,1436,0,0,0,49,0,0,0,7564212690898556508,4481860191701637656,4481860191701637656,18411099640437226229,7831546037008455313,17340458144673080686
105,20,2964,8,10,0.414977,7142.56,0.334397,8863.73,0.316755,9357.40,0.311586,9512.63,0.346724,8548.60,0.168076,17634.84,0.379917,7801.71,0.416425,0.019611,0.030905,0.168076,0.635017,0.029474,5,289369,324784,3267104,2616,0,0,0,4633,0,0,0,2380,0,0,0,1554,0,0,0,1491,0,0,0,39,0,0,0,7825666095614199676,10763667187195541336,10763667187195541336,13915388763518266152,14377076573548666275,17080168483615197859
106,20,3000,8,10,0.251709,11918.54,0.159804,18773.04,0.121495,24692.29,0.116178,25822.36,0.170846,17559.69,0.115626,25945.78,0.215314,13933.11,0.252544,0.018172,0.026432,0.115626,0.412774,0.030127,8,291179,307374,3954780,2398,0,0,0,3204,0,0,0,1916,0,0,0,1281,0,0,0,1258,0,0,0,45,0,0,0,8637899560447447885,8440024383672349139,8440024383672349139,13126332040850212983,568480840772253719,16950085280209251010
107,20,3037,8,10,0.191255,15879.34,0.114348,26559.29,0.096991,31312.16,0.094462,32150.59,0.120951,25109.25,0.099736,30450.45,0.144578,21005.90,0.191567,0.018051,0.028549,0.099736,0.337904,0.029989,6,284269,295659,3304605,2341,0,0,0,4146,0,0,0,1992,0,0,0,1451,0,0,0,1441,0,0,0,43,0,0,0,584341256091700467,1029254301402685930,1029254301402685930,6404359594486629588,11805153605622944542,17132561397936747884
108,20,2825,8,10,0.435116,6492.53,0.349216,8089.56,0.314034,8995.84,0.299144,9443.60,0.354369,7971.92,0.171306,16490.92,0.389305,7256.53,0.437054,0.016287,0.029977,0.171306,0.654625,0.026217,4,275240,288365,3690461,2102,0,0,0,3506,0,0,0,2089,0,0,0,1462,0,0,0,1518,0,0,0,28,0,0,0,7226196747719709623,11879838257767100124,11879838257767100124,15822108021067572325,15490155608353508273,4978907079401533262
109,20,2857,8,10,0.168821,16923.21,0.090605,31532.46,0.074270,38467.87,0.079707,35843.73,0.094551,30216.53,0.072714,39290.77,0.123989,23042.30,0.169892,0.019624,0.037448,0.072714,0.299678,0.030537,4,305622,316002,3662574,2029,0,0,0,3407,0,0,0,2031,0,0,0,1209,0,0,0,1324,0,0,0,22,0,0,0,6275562895471255497,10206366436196287223,10206366436196287223,18382463550881033015,9837071676621101787,15277492953870122670
110,20,2880,8,10,0.256240,11239.46,0.156873,18358.77,0.116817,24653.84,0.116988,24617.91,0.163641,17599.47,0.128687,22379.88,0.210824,13660.72,0.257821,0.016190,0.021320,0.128687,0.424018,0.027962,14,271784,281584,3530726,1581,0,0,0,3040,0,0,0,1985,0,0,0,1145,0,0,0,1039,0,0,0,32,0,0,0,252011357326136582,12371932526024776407,12371932526024776407,9358598364799447457,3373343459357918125,16843452365146886833
111,20,2866,8,10,0.248079,11552.78,0.173736,16496.26,0.156049,18366.04,0.161301,17768.01,0.178898,16020.32,0.166929,17168.93,0.203407,14090.00,0.248942,0.017560,0.030453,0.166929,0.463885,0.028008,4,279972,289892,3830530,1883,0,0,0,3075,0,0,0,1991,0,0,0,1234,0,0,0,1428,0,0,0,30,0,0,0,13387010591585958837,13082522483414903107,13082522483414903107,3348226963278738295,18189829410405581021,4894352412931786064
112,20,2801,8,10,0.174878,16016.88,0.087751,31919.71,0.071265,39303.97,0.089564,31273.78,0.100614,27838.94,0.081288,34457.68,0.130631,21442.08,0.174963,0.017100,0.029582,0.081288,0.302933,0.026841,5,268079,277914,3897532,1749,0,0,0,2896,0,0,0,1527,0,0,0,1064,0,0,0,1478,0,0,0,16,0,0,0,5864314208695463000,13517010805672982322,13517010805672982322,7027389511203724243,12052722418503951430,16498378651912097702
113,20,3304,8,10,0.312960,10557.26,0.215384,15340.01,0.169670,19473.13,0.165432,19971.94,0.217880,15164.29,0.103864,31810.83,0.268694,12296.50,0.314463,0.019399,0.034585,0.103864,0.472310,0.037022,5,310493,352368,3169407,1970,0,0,0,2532,0,0,0,2248,0,0,0,1190,0,0,0,1403,0,0,0,32,0,0,0,3271935148431739092,1863625090709350418,1863625090709350418,4452891282080464925,17869433597260098724,187123307392493564
114,20,3562,8,10,0.276137,12899.37,0.178027,20008.20,0.135031,26379.07,0.144350,24676.05,0.177269,20093.77,0.091225,39046.33,0.227195,15678.19,0.278023,0.021910,0.035439,0.091225,0.426597,0.046167,5,323197,354092,4026465,1892,0,0,0,2906,0,0,0,2308,0,0,0,1347,0,0,0,1419,0,0,0,40,0,0,0,12045310522183794978,7114724798295630242,7114724798295630242,4894358029688996757,11871341497504918887,8606819821606140690
115,20,3331,8,10,0.173516,19197.03,0.082653,40301.06,0.063306,52617.52,0.071910,46321.86,0.093665,35562.82,0.065063,51196.33,0.133701,24913.72,0.175203,0.018350,0.040860,0.065063,0.299475,0.034308,4,293948,334283,4054827,1466,0,0,0,2540,0,0,0,1879,0,0,0,1142,0,0,0,1283,0,0,0,30,0,0,0,9793440328349139651,8904671362804774213,8904671362804774213,10144785086347094250,7565943137523952328,9640109885519383526
116,20,3035,8,10,0.173518,17490.95,0.112058,27084.11,0.092236,32904.80,0.089508,33907.75,0.115349,26311.35,0.090263,33624.01,0.143676,21123.89,0.175075,0.019051,0.031776,0.090263,0.316165,0.031694,4,279969,332664,2422000,1896,0,0,0,2775,0,0,0,2037,0,0,0,1105,0,0,0,1507,0,0,0,26,0,0,0,10703605924755693350,17054961794460118183,17054961794460118183,18219793356719512205,18342113936667374517,13051199939163375032
117,20,2799,8,10,0.154672,18096.36,0.072794,38451.05,0.067203,41649.94,0.075674,36987.64,0.080358,34831.62,0.071275,39270.49,0.102195,27388.85,0.155935,0.017982,0.030640,0.071275,0.275832,0.026612,7,278310,287450,3987955,1598,0,0,0,3188,0,0,0,1891,0,0,0,1205,0,0,0,1164,0,0,0,19,0,0,0,12618214973372342823,12883462012529351716,12883462012529351716,4510079941377167076,11939673858008661820,17084374315278179455
118,20,2972,8,10,0.197094,15079.09,0.105753,28103.24,0.084292,35258.57,0.082984,35813.96,0.105209,28248.61,0.082358,36086.31,0.138490,21460.09,0.198935,0.019978,0.031930,0.082358,0.333202,0.032815,8,316931,332241,3451719,2469,0,0,0,4134,0,0,0,2390,0,0,0,1741,0,0,0,1865,0,0,0,17,0,0,0,3123582197308814716,11203224316393250066,11203224316393250066,6360006134532923158,2766680697199270006,6925150184122191029
119,20,2753,8,10,0.412760,6669.74,0.329358,8358.69,0.281886,9766.34,0.285168,9653.97,0.330601,8327.25,0.265457,10370.78,0.367664,7487.82,0.413766,0.016308,0.028006,0.265457,0.723537,0.025286,4,252228,259198,3768621,1423,0,0,0,2958,0,0,0,2589,0,0,0,1119,0,0,0,1573,0,0,0,19,0,0,0,9690321129435010622,9690321129435010622,9690321129435010622,4808178160403305430,3984788210499312738,6553305365869294516
120,20,2971,8,10,0.244281,12162.22,0.164282,18084.72,0.150214,19778.39,0.127584,23286.68,0.169282,17550.57,0.147117,20194.77,0.200844,14792.55,0.244901,0.017170,0.031666,0.147117,0.440855,0.030013,4,285453,303733,4191028,1845,0,0,0,2913,0,0,0,2083,0,0,0,1416,0,0,0,1892,0,0,0,13,0,0,0,5743994495100804068,15386371996268959610,15386371996268959610,11310233258124783893,11089068518120475401,11819777904769668602
121,20,3026,8,10,0.218739,13833.83,0.125697,24073.76,0.094528,32011.58,0.095257,31766.59,0.132111,22904.92,0.073438,41204.63,0.169638,17837.96,0.219252,0.019358,0.030209,0.073438,0.342257,0.030351,4,283966,297466,3239312,1673,0,0,0,3070,0,0,0,2226,0,0,0,1241,0,0,0,1325,0,0,0,32,0,0,0,10899261847899696982,16945081999723889402,16945081999723889402,15463453528833894284,1755981139394140049,14467681604147027298
122,20,3274,8,10,0.161937,20217.71,0.081485,40179.41,0.073643,44457.59,0.072744,45007.26,0.083477,39220.61,0.066393,49312.47,0.119864,27314.33,0.162701,0.019661,0.037267,0.066393,0.286022,0.032897,5,297015,319240,4124012,1990,0,0,0,3319,0,0,0,1955,0,0,0,1318,0,0,0,1375,0,0,0,29,0,0,0,9835209159999127742,3261404212309189828,3261404212309189828,4654437484022798908,5150401912356045174,10194726067774344027
123,20,3159,8,10,0.271824,11621.49,0.176037,17945.12,0.159776,19771.38,0.136458,23149.98,0.178703,17677.36,0.107054,29508.34,0.215056,14689.17,0.272222,0.020819,0.032691,0.107054,0.432786,0.033038,4,314496,331301,4627704,2201,0,0,0,3755,0,0,0,2375,0,0,0,1687,0,0,0,1996,0,0,0,36,0,0,0,3759527950557929552,272194379744567768,272194379744567768,1905223339415518640,17416661104094612910,11622156314721719563
124,20,3329,8,10,0.183029,18188.38,0.098343,33850.77,0.078986,42146.53,0.064077,51953.47,0.100988,32964.34,0.068716,48445.97,0.151540,21967.81,0.183052,0.016513,0.030733,0.068716,0.299013,0.031104,4,265867,306857,2589771,2067,0,0,0,3044,0,0,0,1972,0,0,0,1161,0,0,0,1494,0,0,0,30,0,0,0,5725714583086568934,5476942526997463329,5476942526997463329,9789060302232688155,2713062221454880098,4099148075487200146
125,20,3574,8,10,0.183691,19456.60,0.101360,35260.31,0.081559,43821.07,0.086128,41496.14,0.109942,32508.09,0.098050,36450.84,0.152950,23367.13,0.185106,0.017762,0.029386,0.098050,0.330304,0.035486,6,285791,363476,3849576,2136,0,0,0,3204,0,0,0,2205,0,0,0,1414,0,0,0,1402,0,0,0,32,0,0,0,1779420110241874968,14755992964607867676,14755992964607867676,11665679176584902798,13910568924135487769,11040550324065868059
126,20,2850,8,10,0.176574,16140.57,0.093287,30550.86,0.074704,38150.64,0.082063,34729.25,0.103103,27642.20,0.074778,38112.97,0.127272,22392.95,0.177481,0.018432,0.030204,0.074778,0.300894,0.027397,5,279721,292856,3037180,1781,0,0,0,3180,0,0,0,1875,0,0,0,1217,0,0,0,1486,0,0,0,22,0,0,0,17550646182285671689,17592496517621956491,17592496517621956491,12150840637202959789,18339457418984284666,790521709598628266
127,20,2736,8,10,0.261947,10444.86,0.166510,16431.42,0.134713,20309.88,0.145184,18845.01,0.174687,15662.29,0.088293,30987.56,0.203292,13458.45,0.261978,0.020069,0.031840,0.088293,0.402180,0.026659,4,299539,308114,3575256,1948,0,0,0,3541,0,0,0,2439,0,0,0,1569,0,0,0,2207,0,0,0,20,0,0,0,14043155273710102526,9746298050443648737,9746298050443648737,3061011251381338052,3406948955263365218,591523578540881082
128,20,2752,8,10,0.181968,15123.57,0.099182,27747.10,0.072290,38068.95,0.071010,38755.32,0.104158,26421.49,0.067982,40481.15,0.141768,19411.94,0.181338,0.018283,0.031756,0.067982,0.299359,0.026450,4,271758,284223,3762943,1752,0,0,0,3046,0,0,0,1717,0,0,0,1177,0,0,0,1221,0,0,0,22,0,0,0,1141821808357816180,15011674933644383594,15011674933644383594,11473978255451998351,13902478471135439468,2593507897418754093
129,20,3495,8,10,0.166072,21045.15,0.074531,46892.98,0.067644,51667.23,0.075330,46395.91,0.078899,44297.04,0.071327,48999.60,0.117284,29799.35,0.166232,0.021392,0.026421,0.071327,0.285372,0.040704,11,317039,351344,3206998,2163,0,0,0,3540,0,0,0,1862,0,0,0,1206,0,0,0,1306,0,0,0,23,0,0,0,11702607206755602831,2308973295613179547,2308973295613179547,8835440161294476646,12165354250421567106,6249853538116333054
130,20,3140,8,10,0.148584,21132.79,0.070051,44824.68,0.059813,52497.28,0.064059,49017.63,0.071500,43916.16,0.062012,50635.00,0.108134,29038.04,0.149580,0.019317,0.040530,0.062012,0.271438,0.034516,3,287665,322535,3791853,1741,0,0,0,3145,0,0,0,1904,0,0,0,1188,0,0,0,1206,0,0,0,23,0,0,0,7051169128456422277,13072008605458250113,13072008605458250113,4509901922401948480,8969573443440131556,10929424428431630384
131,20,2811,8,10,0.176696,15908.70,0.091212,30818.22,0.072437,38805.95,0.088562,31740.41,0.100419,27992.79,0.071298,39426.16,0.131267,21414.41,0.177118,0.017228,0.018111,0.071298,0.283754,0.026672,15,268176,276556,4426280,1639,0,0,0,2880,0,0,0,1831,0,0,0,1097,0,0,0,1104,0,0,0,14,0,0,0,16851181447743035860,16041882627973332566,16041882627973332566,17250878528878667548,15365560868290616956,10623914321716592314
132,20,2706,8,10,0.472926,5721.82,0.386070,7009.10,0.358219,7554.05,0.364868,7416.39,0.396600,6822.99,0.131745,20539.66,0.425968,6352.59,0.475014,0.016493,0.034264,0.131745,0.657516,0.025992,4,274343,283253,2991562,1616,0,0,0,3563,0,0,0,1972,0,0,0,1223,0,0,0,1336,0,0,0,32,0,0,0,2078718721156617948,6936601568629559665,6936601568629559665,12143770092897576301,14749892141526447120,11151667969830668776
133,20,2736,8,10,0.172785,15834.71,0.091769,29813.92,0.067817,40343.92,0.063665,42975.27,0.100391,27253.55,0.081092,33739.59,0.121722,22477.38,0.174672,0.016110,0.027524,0.081092,0.299398,0.025407,5,257410,263640,5590022,1592,0,0,0,2801,0,0,0,1816,0,0,0,1237,0,0,0,1372,0,0,0,18,0,0,0,10754653152127550924,1160567022907554067,1160567022907554067,13877380646677461119,3075939179406307042,12676836802688040498
134,20,2881,8,10,0.169241,17023.06,0.084571,34066.01,0.076463,37678.17,0.080110,35963.27,0.088247,32646.84,0.066250,43487.06,0.113152,25461.24,0.169804,0.018766,0.030451,0.066250,0.285270,0.029133,5,287023,295348,3244938,1589,0,0,0,3130,0,0,0,2184,0,0,0,1346,0,0,0,1545,0,0,0,30,0,0,0,2268207469957532476,9985263956975107765,9985263956975107765,13749320794225161161,9636324651524421649,18258400528068023000
135,20,2969,8,10,0.230264,12893.91,0.137346,21616.92,0.116678,25446.21,0.097823,30350.88,0.148707,19965.48,0.125848,23592.04,0.182541,16264.87,0.231510,0.017953,0.026624,0.125848,0.401935,0.028874,9,279738,298843,3577869,1695,0,0,0,2946,0,0,0,1866,0,0,0,1327,0,0,0,1417,0,0,0,38,0,0,0,15656624637936721743,9499710847955922481,9499710847955922481,9090294739793269621,10293029211612622330,10690407812697649902
136,20,3034,8,10,0.168657,17989.13,0.085718,35395.17,0.067940,44656.87,0.071761,42278.96,0.092177,32915.00,0.067323,45065.99,0.121729,24924.25,0.169601,0.018871,0.031310,0.067323,0.287105,0.031620,4,290075,300090,4117062,1539,0,0,0,2945,0,0,0,1713,0,0,0,1025,0,0,0,1391,0,0,0,17,0,0,0,11783539401770584314,14448266468330740650,14448266468330740650,6600123058834042851,17025810654113285425,8142073595979535192
137,20,2868,8,10,0.175479,16343.87,0.101343,28300.02,0.070315,40787.79,0.065702,43651.47,0.100590,28511.90,0.084223,34052.41,0.136262,21047.76,0.175660,0.019052,0.030721,0.084223,0.309655,0.026869,5,287782,298497,2849446,1730,0,0,0,2745,0,0,0,1833,0,0,0,1006,0,0,0,1136,0,0,0,27,0,0,0,6021601108096221814,18271946482258591948,18271946482258591948,11970326924828596528,17305113563561946226,15015170701437687587
138,20,2864,8,10,0.382127,7494.88,0.298808,9584.75,0.268119,10681.82,0.265986,10767.48,0.302293,9474.26,0.074080,38660.87,0.341980,8374.75,0.382397,0.017600,0.033626,0.074080,0.507704,0.027092,3,271728,281438,3023126,1730,0,0,0,3210,0,0,0,1987,0,0,0,1072,0,0,0,1511,0,0,0,30,0,0,0,12523774806874855829,15633071940331354478,15633071940331354478,11160611242902955759,3088176886728826061,6370362090011252438
139,20,3391,8,10,0.145231,23349.06,0.078235,43343.53,0.070590,48037.63,0.063927,53044.79,0.072367,46858.08,0.061097,55501.52,0.130176,26049.31,0.146469,0.016598,0.041284,0.061097,0.265449,0.032770,3,266952,513872,4177642,1459,0,0,0,3140,0,0,0,1628,0,0,0,994,0,0,0,1248,0,0,0,28,0,0,0,12451642253247447065,5751415285882100268,5751415285882100268,8992958378996937751,14398583176297875777,11024899103725578906
140,20,2985,8,10,0.155061,19250.55,0.087530,34102.51,0.066373,44972.96,0.071669,41649.67,0.088513,33724.03,0.067304,44351.33,0.121875,24492.35,0.156542,0.016448,0.030027,0.067304,0.270321,0.027340,4,248576,320206,3601944,1569,0,0,0,3047,0,0,0,1965,0,0,0,1193,0,0,0,1722,0,0,0,18,0,0,0,11111153792380137140,7689862608073802970,7689862608073802970,8530717044243294453,185100552920872466,10659206969144185012
141,20,2926,8,10,0.382750,7644.67,0.301514,9704.35,0.266586,10975.82,0.248157,11790.93,0.306791,9537.45,0.086230,33932.50,0.342261,8549.02,0.383597,0.018005,0.033570,0.086230,0.521402,0.028431,3,271860,282820,3794249,1982,0,0,0,3503,0,0,0,2538,0,0,0,1336,0,0,0,1450,0,0,0,33,0,0,0,1236836722680612748,4322916448389027580,4322916448389027580,8318941758373666768,11873259891433275692,1988165392813586948
142,20,2929,8,10,0.187820,15594.72,0.108643,26959.96,0.095110,30795.89,0.086755,33761.55,0.118454,24726.91,0.139137,21051.24,0.147229,19894.23,0.189626,0.018231,0.030278,0.139137,0.377272,0.027738,5,272779,280724,3153652,1816,0,0,0,3274,0,0,0,2232,0,0,0,1313,0,0,0,1300,0,0,0,21,0,0,0,13295991528604957699,2251840577021898199,2251840577021898199,14567839765158687187,7863330411823881579,2172898523883925690
143,20,3229,8,10,0.171037,18879.01,0.089825,35947.56,0.077312,41765.84,0.075580,42722.91,0.094031,34339.86,0.085901,37589.87,0.121849,26499.94,0.171979,0.019521,0.032002,0.085901,0.309402,0.033982,4,292928,307528,3941710,2029,0,0,0,3577,0,0,0,2195,0,0,0,1378,0,0,0,1234,0,0,0,24,0,0,0,8042829863488155354,10983282643348845743,10983282643348845743,12452607811807647556,15413762733067682120,8164864532160552206
144,20,3216,8,10,0.145930,22037.91,0.071006,45291.77,0.063618,50551.84,0.074268,43302.40,0.078786,40819.59,0.064928,49532.00,0.102228,31459.00,0.146844,0.017587,0.031176,0.064928,0.260535,0.030504,4,270290,280265,3676400,1742,0,0,0,2973,0,0,0,1763,0,0,0,1222,0,0,0,1489,0,0,0,23,0,0,0,8950629461840287469,7480704095069006651,7480704095069006651,7682093160523050699,13978662008795443079,18351404570324725661
145,20,3264,8,10,0.271432,12025.12,0.192102,16990.94,0.153279,21294.56,0.160097,20387.64,0.204922,15928.00,0.135246,24133.79,0.240436,13575.31,0.271743,0.019610,0.032764,0.135246,0.459363,0.033403,4,286126,327591,2189932,2296,0,0,0,3948,0,0,0,2926,0,0,0,1866,0,0,0,1243,0,0,0,31,0,0,0,11610657996006641981,1471159223347718093,1471159223347718093,15366223840463329904,7154023692982854454,3414486168072926257
146,20,3026,8,10,0.192701,15703.07,0.111662,27099.66,0.079555,38036.48,0.093670,32304.84,0.115899,26108.96,0.086108,35141.89,0.145957,20732.18,0.193783,0.018186,0.031537,0.086108,0.329615,0.030341,4,284652,292907,2940677,1848,0,0,0,3152,0,0,0,2361,0,0,0,1262,0,0,0,1794,0,0,0,22,0,0,0,5175604643468989048,9997955593740622619,9997955593740622619,3607429082481394007,14403454119285148628,6876578920046964126
147,20,3243,8,10,0.273490,11857.82,0.176620,18361.44,0.149775,21652.43,0.148975,21768.71,0.170792,18987.99,0.085560,37903.40,0.203090,15968.30,0.275404,0.020830,0.035559,0.085560,0.417353,0.035739,4,334399,346929,3198419,2159,0,0,0,4107,0,0,0,2637,0,0,0,1658,0,0,0,2181,0,0,0,57,0,0,0,3019679497576391452,3126771192735248293,3126771192735248293,13048740340145735672,16975317509264289516,18018355163400770039
148,20,3043,8,10,0.305769,9951.96,0.213459,14255.68,0.189615,16048.32,0.213356,14262.56,0.224075,13580.28,0.212900,14293.08,0.264690,11496.49,0.307617,0.020679,0.033971,0.212900,0.575167,0.033267,5,316163,343603,2421004,1867,0,0,0,3120,0,0,0,2184,0,0,0,1128,0,0,0,1909,0,0,0,21,0,0,0,7657371812863804272,3035277788664447623,3035277788664447623,11064854245389050335,6800058011014548803,12314511715563786916
149,20,3267,8,10,0.142700,22894.13,0.077894,41941.77,0.074102,44088.06,0.079722,40979.78,0.084183,38808.17,0.073466,44469.69,0.114783,28462.29,0.144251,0.019293,0.031518,0.073466,0.268529,0.033784,5,293156,479311,3214058,2005,0,0,0,3614,0,0,0,2289,0,0,0,1385,0,0,0,1444,0,0,0,38,0,0,0,17763301673211196340,17118216217676551024,17118216217676551024,4761080166621474403,11718509543564365949,18193334639181704100
150,20,3365,8,10,0.172495,19507.76,0.091942,36599.07,0.075075,44822.12,0.079863,42134.75,0.099396,33854.35,0.076738,43850.66,0.130578,25770.12,0.173240,0.021720,0.038816,0.076738,0.310515,0.036481,4,340058,358413,2245186,2011,0,0,0,3450,0,0,0,1886,0,0,0,1426,0,0,0,1567,0,0,0,27,0,0,0,29869298137723752,16081021513961922501,16081021513961922501,13865561397887143546,8710740102515421924,10041067947275941662
151,20,3073,8,10,0.152372,20167.77,0.077414,39695.56,0.070793,43407.98,0.075119,40908.54,0.086305,35606.33,0.071174,43176.08,0.102109,30095.33,0.153264,0.019019,0.033442,0.071174,0.276899,0.032898,4,291344,301259,2769950,1805,0,0,0,3501,0,0,0,2164,0,0,0,1204,0,0,0,1429,0,0,0,21,0,0,0,4816000741951703746,4152610171511457472,4152610171511457472,13408074128475444038,8593086823747137081,14801766435168773866
152,20,3165,8,10,0.166200,19043.35,0.090833,34844.24,0.075767,41772.99,0.079007,40059.67,0.093673,33787.73,0.073344,43153.07,0.120115,26349.72,0.166670,0.018869,0.031623,0.073344,0.290505,0.032215,4,285783,299743,3406881,1935,0,0,0,3517,0,0,0,1908,0,0,0,1351,0,0,0,1654,0,0,0,29,0,0,0,8766719009799878664,13472648526585493601,13472648526585493601,14419475395443708797,6660226131063426875,12303477804479669020
153,20,2941,8,10,0.359289,8185.62,0.258317,11385.25,0.227620,12920.66,0.235891,12467.61,0.265876,11061.54,0.093619,31414.66,0.307480,9564.84,0.359973,0.016830,0.029319,0.093619,0.499740,0.028387,6,276035,283890,3762663,1511,0,0,0,3082,0,0,0,3194,0,0,0,1110,0,0,0,1509,0,0,0,22,0,0,0,6965248077274362721,1020808298367771699,1020808298367771699,381584504567804220,9648163728832393387,3459149686789128296
154,20,2755,8,10,0.165883,16608.05,0.079900,34480.60,0.057004,48329.98,0.062012,44426.70,0.084849,32469.33,0.135698,20302.40,0.110348,24966.44,0.168695,0.016919,0.035981,0.135698,0.357293,0.025372,3,257736,264371,4984292,1432,0,0,0,2574,0,0,0,1582,0,0,0,918,0,0,0,689,0,0,0,9,0,0,0,10322166986948320562,3103777874159442305,3103777874159442305,6197156079370493716,16587975913421980771,10715353117070149276
155,20,2850,8,10,0.195089,14608.75,0.106060,26871.60,0.076164,37419.18,0.080471,35416.55,0.114210,24954.09,0.092407,30841.73,0.146382,19469.58,0.195614,0.018233,0.029375,0.092407,0.335629,0.026659,4,275064,294209,4617595,1506,0,0,0,2755,0,0,0,1819,0,0,0,1095,0,0,0,1412,0,0,0,17,0,0,0,17879181299010351326,1075647603566140374,1075647603566140374,7837371517398830753,3192743883178894303,15629177309326347730
156,20,2958,8,10,0.172865,17111.65,0.084930,34828.60,0.077387,38223.29,0.076227,38805.20,0.092300,32047.81,0.074263,39831.29,0.124944,23674.66,0.173074,0.018330,0.029855,0.074263,0.295523,0.027766,5,279878,326668,3230621,1541,0,0,0,2712,0,0,0,1982,0,0,0,1306,0,0,0,1431,0,0,0,12,0,0,0,15971749493369516225,11430624019308099065,11430624019308099065,18263564979655110430,8730950897457783193,11753731480689252510
157,20,2977,8,10,0.387413,7684.31,0.306224,9721.65,0.275910,10789.74,0.278141,10703.19,0.306526,9712.06,0.102893,28932.85,0.344939,8630.50,0.388604,0.018403,0.030504,0.102893,0.540405,0.029083,5,285435,295375,3346411,1855,0,0,0,3248,0,0,0,2454,0,0,0,1236,0,0,0,1515,0,0,0,28,0,0,0,2816980483584510620,13240377144799940114,13240377144799940114,16966061419029700929,15643195401279083041,299909007415694498
158,20,3243,8,10,0.153998,21058.71,0.083239,38960.04,0.065471,49533.46,0.078119,41513.82,0.082616,39254.00,0.074684,43423.10,0.105833,30642.67,0.155083,0.018665,0.034122,0.074684,0.282553,0.032343,7,288553,300313,4307618,1760,0,0,0,3080,0,0,0,2061,0,0,0,1186,0,0,0,1392,0,0,0,22,0,0,0,17514625022838864316,9516723261313640568,9516723261313640568,1045092502942165732,7418867720678386586,4321442286746630440
159,20,3377,8,10,0.161366,20927.54,0.072660,46476.69,0.057385,58848.25,0.076591,44091.18,0.089954,37541.59,0.080211,42101.47,0.149356,22610.40,0.161088,0.019588,0.021757,0.080211,0.282644,0.037827,14,314053,357978,2564481,2571,0,0,0,3138,0,0,0,1271,0,0,0,926,0,0,0,701,0,0,0,23,0,0,0,9069853687930738208,7257783095685222689,7257783095685222689,7823924792951894025,7084366502048822002,8521265254519726944
160,20,3579,8,10,0.177565,20156.04,0.095168,37607.00,0.074038,48339.84,0.075910,47147.79,0.105732,33849.87,0.093252,38380.01,0.158897,22524.09,0.179574,0.019880,0.031447,0.093252,0.324152,0.039245,7,306235,349995,2289804,2008,0,0,0,3275,0,0,0,1547,0,0,0,1095,0,0,0,1057,0,0,0,25,0,0,0,2623930778193363738,9706617486987099956,9706617486987099956,12291359909442070185,990579995669508884,12019518445680529803
161,20,3228,8,10,0.222663,14497.21,0.141342,22838.14,0.107415,30051.81,0.122819,26282.57,0.152875,21115.31,0.129025,25018.44,0.192904,16733.75,0.224699,0.018510,0.032403,0.129025,0.404637,0.034110,4,295357,314712,2595755,1602,0,0,0,2612,0,0,0,1697,0,0,0,1076,0,0,0,1378,0,0,0,19,0,0,0,15407879516001471080,7951721748202109430,7951721748202109430,1241458699312851969,4130622870742803336,8467408651689533341
162,20,3214,8,10,0.170864,18810.28,0.083743,38379.55,0.062741,51226.65,0.073224,43892.73,0.090396,35554.86,0.071192,45145.57,0.121753,26397.80,0.172524,0.019385,0.036799,0.071192,0.299900,0.034700,4,323432,337402,3014597,1610,0,0,0,2601,0,0,0,1754,0,0,0,956,0,0,0,1250,0,0,0,18,0,0,0,1376251500220157669,12574382671339209303,12574382671339209303,13884110057967907877,1984465162632236049,685397203563226242
163,20,3088,8,10,0.147767,20897.79,0.059734,51695.44,0.053949,57239.64,0.066213,46637.25,0.073830,41825.97,0.097440,31691.36,0.112917,27347.54,0.149295,0.018584,0.030006,0.097440,0.295325,0.034076,5,279672,295322,3604329,1417,0,0,0,2361,0,0,0,1558,0,0,0,858,0,0,0,842,0,0,0,23,0,0,0,17012494384702857079,4161665131137254581,4161665131137254581,6913875909279788756,3804712020364850967,13089273117262427689
164,20,3318,8,10,0.159259,20834.01,0.075335,44043.02,0.064876,51143.86,0.077476,42826.41,0.078075,42497.83,0.070410,47124.30,0.114394,29005.08,0.160491,0.019725,0.035800,0.070410,0.286425,0.034456,6,290532,304837,3287199,1311,0,0,0,2519,0,0,0,1830,0,0,0,1004,0,0,0,1435,0,0,0,14,0,0,0,14348394728228465114,15905250298511907792,15905250298511907792,5235171474182893666,10838334648947688029,6039535562596596042
165,20,3081,8,10,0.161073,19127.95,0.076900,40065.10,0.062689,49147.68,0.069583,44278.10,0.077573,39717.27,0.115637,26643.66,0.114791,26840.17,0.161521,0.017811,0.031226,0.115637,0.326195,0.033048,4,274906,292926,3954804,1358,0,0,0,2522,0,0,0,1593,0,0,0,879,0,0,0,775,0,0,0,11,0,0,0,3021993455010439065,1221320745806809191,1221320745806809191,4150391922618566042,4405836457504846736,5804028195471529119
166,20,3338,8,10,0.200422,16654.86,0.101006,33047.68,0.079724,41869.57,0.082183,40616.90,0.110495,30209.50,0.072153,46262.77,0.154601,21591.04,0.201191,0.019082,0.032914,0.072153,0.325341,0.035756,4,295250,305315,3977612,1341,0,0,0,2564,0,0,0,2349,0,0,0,1099,0,0,0,1614,0,0,0,24,0,0,0,6906140739204695787,9449966643590348537,9449966643590348537,15030847081590440354,1832628267596809005,5407157254052119209
167,20,3550,8,10,0.174189,20380.13,0.093378,38017.59,0.062432,56861.94,0.065719,54017.91,0.092860,38229.65,0.066773,53165.42,0.136637,25981.20,0.175645,0.018875,0.032754,0.066773,0.294047,0.034945,4,284984,330854,3014416,1460,0,0,0,2595,0,0,0,1714,0,0,0,1140,0,0,0,1583,0,0,0,26,0,0,0,7289369835146027200,15047614342167040162,15047614342167040162,14003649376474649672,11305355694549610544,10123819763282089506
168,20,3405,8,10,0.156388,21772.83,0.080945,42065.48,0.067494,50449.11,0.078523,43363.19,0.080221,42445.50,0.070672,48180.48,0.117910,28877.88,0.157650,0.019230,0.033291,0.070672,0.280843,0.036484,4,306762,381572,3822537,2629,0,0,0,4009,0,0,0,2514,0,0,0,1463,0,0,0,1617,0,0,0,20,0,0,0,2135800127413989556,1689211677049138606,1689211677049138606,3001147472874328136,17266577594040348391,15196208623436636306
169,20,3015,8,10,0.153359,19659.75,0.090526,33305.38,0.084059,35867.65,0.095017,31731.01,0.107250,28111.76,0.081265,37100.89,0.121246,24866.75,0.153557,0.019600,0.031964,0.081265,0.286386,0.028674,4,294253,306578,2463452,2158,0,0,0,3482,0,0,0,2245,0,0,0,1289,0,0,0,1708,0,0,0,38,0,0,0,15835359940687443419,15347951379891203563,15347951379891203563,14183987042746904902,785127992799736492,693934882626522022
170,20,3049,8,10,0.152325,20016.40,0.078176,39001.94,0.058272,52323.37,0.064270,47440.44,0.082216,37085.10,0.063591,47947.02,0.113799,26792.80,0.153266,0.017475,0.032774,0.063591,0.267106,0.029829,4,280912,292812,3043663,1486,0,0,0,2541,0,0,0,1633,0,0,0,1038,0,0,0,1426,0,0,0,24,0,0,0,12399958133967171658,13401917362655568556,13401917362655568556,10050843359051285379,1826296604974325047,16889377574318676310
171,20,3209,8,10,0.148122,21664.52,0.086965,36899.98,0.084755,37862.19,0.080602,39812.98,0.093983,34144.58,0.104223,30789.65,0.105406,30444.12,0.149210,0.019209,0.033143,0.104223,0.305786,0.035040,4,306873,323318,2413145,2019,0,0,0,3389,0,0,0,2143,0,0,0,1380,0,0,0,1188,0,0,0,33,0,0,0,9181387441568525549,7149986299352525578,7149986299352525578,1963726829954904148,12041226066508397994,12646985665833700562
172,20,3545,8,10,0.147423,24046.48,0.072676,48778.45,0.066461,53339.51,0.075986,46653.49,0.081985,43239.73,0.069827,50768.54,0.110299,32139.83,0.148540,0.020177,0.030004,0.069827,0.268548,0.042273,8,317162,334677,1776164,1907,0,0,0,3048,0,0,0,1701,0,0,0,1040,0,0,0,1217,0,0,0,20,0,0,0,4884995233310889632,2026456444502459360,2026456444502459360,11467753048176765976,12543109225228136998,17599327638528871692
173,20,3323,8,10,0.176837,18791.27,0.097808,33974.78,0.070759,46961.92,0.079440,41830.55,0.099000,33565.51,0.079709,41689.25,0.128275,25905.33,0.178137,0.019879,0.027417,0.079709,0.305142,0.038366,11,308146,321601,2783887,2089,0,0,0,3430,0,0,0,1996,0,0,0,1486,0,0,0,1376,0,0,0,39,0,0,0,3830327716822533349,2259522725600974399,2259522725600974399,4437218146218463797,1603130501239381582,5151838050995136200
174,20,3478,8,10,0.159603,21791.53,0.080579,43162.79,0.068456,50806.32,0.074992,46378.50,0.084544,41138.47,0.067328,51657.84,0.123425,28179.04,0.160256,0.020615,0.034233,0.067328,0.282432,0.035981,4,311039,339854,2711747,2201,0,0,0,3562,0,0,0,2360,0,0,0,1717,0,0,0,1913,0,0,0,59,0,0,0,3595883015006858450,17005550719943195314,17005550719943195314,8710958823438650593,2284434148082971328,4421347551873546577
175,20,3595,8,10,0.153461,23426.14,0.074864,48020.35,0.063808,56340.54,0.068431,52534.59,0.079478,45232.90,0.060019,59898.18,0.119583,30062.73,0.153720,0.018292,0.033986,0.060019,0.266016,0.035315,4,272047,311697,2647064,1461,0,0,0,2882,0,0,0,2320,0,0,0,1334,0,0,0,1499,0,0,0,36,0,0,0,3139229266143979573,13612671507333369350,13612671507333369350,13005630848051539158,14336206671538781971,16446163213028989233
176,20,3053,8,10,0.159074,19192.31,0.083513,36557.27,0.062723,48674.70,0.063800,47852.69,0.090099,33884.76,0.104467,29224.60,0.116714,26157.99,0.158974,0.016735,0.030057,0.104467,0.310232,0.029316,4,252879,262324,3816185,1698,0,0,0,2741,0,0,0,1805,0,0,0,1155,0,0,0,1011,0,0,0,18,0,0,0,8332537619442033432,7141882940059633915,7141882940059633915,16585530143958765677,10339067631674736120,7599945527054845082
177,20,3208,8,10,0.160037,20045.36,0.092325,34746.78,0.077561,41361.09,0.085243,37633.74,0.092456,34697.49,0.078046,41103.80,0.120220,26684.43,0.160865,0.019471,0.030619,0.078046,0.289002,0.031884,5,279290,293060,2579612,1875,0,0,0,3443,0,0,0,1754,0,0,0,1422,0,0,0,1829,0,0,0,17,0,0,0,10284828320248296033,6631467540283211591,6631467540283211591,15499628601312355022,16389368414059880411,8989465504586419645
178,20,3189,8,10,0.134565,23698.56,0.062371,51129.43,0.056567,56376.04,0.062326,51166.62,0.070967,44936.58,0.061030,52253.33,0.100057,31871.85,0.135452,0.017302,0.029535,0.061030,0.243318,0.030108,4,251449,276049,3742603,1510,0,0,0,2912,0,0,0,1737,0,0,0,1125,0,0,0,1298,0,0,0,18,0,0,0,8596513009790695906,6468725732366959245,6468725732366959245,179576954257950152,17226846955867530481,1730022195790417986
179,20,3325,8,10,0.178104,18668.83,0.098052,33910.65,0.083385,39875.39,0.081721,40687.14,0.101224,32847.99,0.079749,41693.47,0.128420,25891.57,0.180005,0.017304,0.030147,0.079749,0.307205,0.034354,5,281771,293206,3313640,2143,0,0,0,3700,0,0,0,2306,0,0,0,1528,0,0,0,1874,0,0,0,32,0,0,0,3874955238038937070,4513498902149966334,4513498902149966334,5707697424356944820,10486866313785677276,8598016379619017661
180,20,3052,8,10,0.143563,21258.93,0.072313,42205.70,0.067145,45453.58,0.079360,38457.50,0.083971,36345.98,0.075548,40398.15,0.104037,29335.75,0.144604,0.018125,0.027200,0.075548,0.265477,0.029789,10,266678,278428,2799540,2042,0,0,0,3286,0,0,0,2039,0,0,0,1386,0,0,0,1423,0,0,0,17,0,0,0,8141723786938103623,15452206030575820687,15452206030575820687,2161228889540016447,4313502746300129513,7494774403722792145
181,20,3289,8,10,0.150632,21834.64,0.074944,43886.05,0.061457,53516.79,0.069004,47663.85,0.080736,40737.67,0.066205,49678.75,0.111783,29422.97,0.152435,0.018322,0.032917,0.066205,0.269879,0.034253,4,293515,306330,2903692,1599,0,0,0,2763,0,0,0,1715,0,0,0,1218,0,0,0,1287,0,0,0,23,0,0,0,435433032778011756,6600114728156252217,6600114728156252217,6165352066075906984,5556387473307464175,5437651135789126784
182,20,3462,8,10,0.152781,22659.87,0.082169,42132.52,0.066874,51769.19,0.073746,46945.15,0.086793,39887.91,0.074922,46208.31,0.119711,28919.59,0.153288,0.020197,0.033778,0.074922,0.282184,0.035610,4,299008,319618,2736088,1875,0,0,0,3061,0,0,0,1793,0,0,0,1320,0,0,0,1593,0,0,0,25,0,0,0,13895554099873111328,16081165950863806138,16081165950863806138,21349270425001646,3440106371152838653,6174937407617675433
183,20,3348,8,10,0.142726,23457.51,0.076328,43863.05,0.066496,50348.59,0.078634,42577.12,0.085731,39052.16,0.069256,48342.18,0.108261,30925.23,0.144363,0.019081,0.032219,0.069256,0.264919,0.033652,5,283254,297279,2173803,1778,0,0,0,3072,0,0,0,1898,0,0,0,1316,0,0,0,1409,0,0,0,26,0,0,0,3070521402497786046,4206596963792793764,4206596963792793764,8514347712314737286,15679587654952468235,11671517508417056424
184,20,3873,8,10,0.169309,22875.30,0.073426,52746.80,0.063791,60713.58,0.077964,49676.78,0.084334,45924.74,0.071396,54246.97,0.143371,27013.88,0.171752,0.019402,0.034895,0.071396,0.297445,0.039760,5,302762,413282,3559753,1672,0,0,0,2999,0,0,0,2658,0,0,0,1489,0,0,0,1850,0,0,0,26,0,0,0,12504360895672762891,8366311664398346879,8366311664398346879,12154768484759744075,8216287065511432921,9559157878930412831
185,20,3313,8,10,0.182263,18177.05,0.089122,37173.85,0.071364,46424.02,0.076191,43482.96,0.094879,34918.15,0.073386,45145.13,0.133094,24892.25,0.183270,0.018097,0.030235,0.073386,0.304987,0.034797,6,285156,302006,3161192,1790,0,0,0,3159,0,0,0,2365,0,0,0,1623,0,0,0,1603,0,0,0,49,0,0,0,11949695241514937768,4741072196902472803,4741072196902472803,107061867520273022,12248243185952620232,5407360858841583528
186,20,3041,8,10,0.147723,20585.80,0.073034,41638.42,0.061290,49616.55,0.067086,45329.79,0.079302,38347.02,0.059169,51394.91,0.104101,29211.89,0.150606,0.017018,0.032518,0.059169,0.259311,0.028281,3,256095,264940,4105870,1578,0,0,0,2489,0,0,0,1673,0,0,0,1118,0,0,0,1313,0,0,0,12,0,0,0,5581533969923359991,9582542950765955969,9582542950765955969,9056353288181585466,3620250892756253118,12202419179297284564
187,20,2997,8,10,0.155833,19232.11,0.074881,40023.66,0.066030,45388.42,0.072534,41318.84,0.085529,35040.56,0.067173,44615.98,0.112322,26682.27,0.157533,0.018421,0.031217,0.067173,0.274343,0.028668,4,268698,278808,4034906,1739,0,0,0,3217,0,0,0,1786,0,0,0,1171,0,0,0,1535,0,0,0,30,0,0,0,3243637491252232673,9140398937605764958,9140398937605764958,3626912265552609951,17091729831907713725,14645998173059640087
188,20,3250,8,10,0.173175,18767.11,0.087569,37113.60,0.069920,46481.59,0.078551,41374.51,0.100541,32325.02,0.077115,42145.05,0.129974,25004.96,0.174248,0.018050,0.031426,0.077115,0.300838,0.032993,4,290954,302289,2626697,1737,0,0,0,2955,0,0,0,1686,0,0,0,1173,0,0,0,1535,0,0,0,26,0,0,0,6573563015436759611,2994070471452225824,2994070471452225824,15037126701881036036,4616186280316744515,11682248552002561407
189,20,3386,8,10,0.170612,19846.17,0.076202,44434.78,0.062507,54169.56,0.075355,44933.97,0.090039,37606.07,0.076312,44370.28,0.128143,26423.51,0.172167,0.020448,0.029876,0.076312,0.298803,0.034636,9,323144,339204,3145865,1727,0,0,0,2929,0,0,0,2034,0,0,0,1127,0,0,0,1351,0,0,0,61,0,0,0,15332742131627316718,1007402057510158915,1007402057510158915,3638459329496456588,5782423538136184761,11103977646752085628
190,20,3135,8,10,0.155703,20134.53,0.090406,34676.86,0.075647,41442.57,0.075886,41312.02,0.087229,35940.03,0.070193,44662.33,0.118240,26513.81,0.156158,0.018676,0.030277,0.070193,0.275303,0.029050,5,278809,290674,3446589,1967,0,0,0,3227,0,0,0,2144,0,0,0,1395,0,0,0,1658,0,0,0,36,0,0,0,14734471585744337545,11185420772819290183,11185420772819290183,8039321842398131758,11367193146380574003,3195107323482786703
191,20,3224,8,10,0.161070,20016.11,0.090424,35654.16,0.067729,47601.72,0.081548,39535.10,0.103576,31126.95,0.080290,40154.30,0.126336,25519.23,0.161597,0.017707,0.029694,0.080290,0.289289,0.032458,7,282281,301656,2132110,1967,0,0,0,3343,0,0,0,1616,0,0,0,1310,0,0,0,1507,0,0,0,14,0,0,0,15761672655282941317,15681902204798133909,15681902204798133909,9015959136072057238,6271525600472779294,17873501438527692169
192,20,3272,8,10,0.145373,22507.57,0.075147,43541.46,0.067390,48552.93,0.074518,43908.71,0.084570,38689.92,0.068890,47496.12,0.110377,29643.92,0.146742,0.018831,0.028602,0.068890,0.263065,0.033253,7,291854,313094,2225467,2092,0,0,0,3447,0,0,0,2352,0,0,0,1596,0,0,0,2012,0,0,0,33,0,0,0,13699400868447491284,12781430872881036914,12781430872881036914,17596984142791602630,9852340889099433929,871870311977944322
193,20,3243,8,10,0.171935,18861.81,0.094748,34227.50,0.073602,44061.29,0.087744,36959.85,0.099787,32499.20,0.081074,40000.25,0.127175,25500.30,0.172214,0.021584,0.034289,0.081074,0.309162,0.032482,5,311445,321695,1860103,1787,0,0,0,3386,0,0,0,2401,0,0,0,1436,0,0,0,1781,0,0,0,34,0,0,0,10457762126197529649,8795576610378254362,8795576610378254362,1710949881920199454,16285698648574066519,11604018581261423099
194,20,3253,8,10,0.153354,21212.29,0.082211,39568.86,0.071059,45778.77,0.076763,42377.25,0.088215,36875.99,0.073949,43989.89,0.110344,29480.61,0.155033,0.018181,0.030433,0.073949,0.277596,0.033049,7,294561,307166,2649271,2078,0,0,0,3294,0,0,0,2225,0,0,0,1467,0,0,0,1747,0,0,0,21,0,0,0,3497644893773493192,5031441715443103156,5031441715443103156,7685926694166386557,11806515494940457023,16313709169854226708
195,20,3204,8,10,0.324660,9868.77,0.257559,12439.89,0.246066,13020.89,0.229698,13948.74,0.264665,12105.88,0.254673,12580.83,0.285215,11233.65,0.326306,0.017152,0.030557,0.254673,0.628687,0.029266,4,254302,265542,2974622,1682,0,0,0,2735,0,0,0,1879,0,0,0,1068,0,0,0,1790,0,0,0,23,0,0,0,12511603397081485263,18423021205672327103,18423021205672327103,18256817089377999285,3276861488887495473,9553942767138806087
196,20,3207,8,10,1.368562,2343.34,1.297891,2470.93,1.260149,2544.94,1.272502,2520.23,1.299263,2468.32,0.179971,17819.58,1.333303,2405.31,1.371059,0.018324,0.031336,0.179971,1.600690,0.031553,4,280127,289952,2445797,1386,0,0,0,2231,0,0,0,2318,0,0,0,963,0,0,0,1292,0,0,0,20,0,0,0,12446034097130798354,1648488808996339507,1648488808996339507,1161278460087165231,11559157930911620991,3240109395683329694
197,20,3365,8,10,0.201891,16667.37,0.128932,26099.04,0.095959,35067.19,0.091735,36681.76,0.131053,25676.70,0.087037,38661.88,0.168639,19953.87,0.203655,0.018485,0.035829,0.087037,0.345005,0.034173,3,280545,298075,3110911,1548,0,0,0,3002,0,0,0,1541,0,0,0,1069,0,0,0,1553,0,0,0,19,0,0,0,12012159859626384606,17046092680017646806,17046092680017646806,1597803094394150126,9360698491154258341,17782869472775902565
198,20,3218,8,10,0.147368,21836.44,0.075302,42734.55,0.061295,52500.38,0.076564,42030.26,0.087331,36848.35,0.068038,47297.41,0.121669,26448.72,0.148801,0.016532,0.030567,0.068038,0.263936,0.029370,4,265926,281391,2870547,1569,0,0,0,2768,0,0,0,1356,0,0,0,922,0,0,0,1174,0,0,0,18,0,0,0,11374514580169584485,12345797173332266252,12345797173332266252,11484892926662672825,9861863523748038587,8344135854569839941
199,20,3169,8,10,0.381641,8303.60,0.313937,10094.39,0.296204,10698.71,0.290249,10918.22,0.314771,10067.63,0.295811,10712.90,0.348440,9094.83,0.382487,0.017233,0.026708,0.295811,0.722240,0.028349,6,257853,270348,3211833,1621,0,0,0,2977,0,0,0,1748,0,0,0,1141,0,0,0,1137,0,0,0,13,0,0,0,10403410470241152538,15856053201611138156,15856053201611138156,2058538319082429474,378766927841271053,15982623166940735940
200,20,3038,8,10,0.239250,12698.04,0.165543,18351.70,0.152507,19920.43,0.116886,25991.09,0.171710,17692.66,0.138003,22014.07,0.204897,14826.96,0.240018,0.016799,0.030006,0.138003,0.424826,0.027516,4,253280,266005,3125961,1625,0,0,0,3129,0,0,0,1661,0,0,0,963,0,0,0,1498,0,0,0,35,0,0,0,16398073663340966901,17335171921222116921,17335171921222116921,16374975148000018767,4478790709597853736,4114607833559243398
201,20,3188,8,10,0.157650,20221.95,0.084512,37722.38,0.060650,52563.65,0.068307,46671.92,0.089178,35748.81,0.063365,50311.66,0.128599,24790.19,0.158394,0.018376,0.033281,0.063365,0.273416,0.028927,3,262791,276041,3066420,1776,0,0,0,2814,0,0,0,1752,0,0,0,1213,0,0,0,1019,0,0,0,26,0,0,0,7516851609529284908,10788743983720249198,10788743983720249198,3733738301661225655,6126148264505186612,1939285805049709440
202,20,3640,8,10,0.163806,22221.40,0.090059,40418.04,0.069532,52349.94,0.061608,59083.48,0.088186,41276.33,0.057423,63389.30,0.151990,23948.96,0.165156,0.019343,0.036094,0.057423,0.278016,0.037706,4,271670,335140,2784914,1964,0,0,0,2799,0,0,0,1630,0,0,0,1041,0,0,0,1325,0,0,0,20,0,0,0,14449630468258334483,457453792292552321,457453792292552321,18153919791861435978,10190954698182746205,5128556559413375018
203,20,3698,8,10,0.148320,24932.51,0.069157,53472.62,0.052139,70926.27,0.064995,56896.36,0.075521,48966.39,0.058837,62851.43,0.130483,28340.97,0.148787,0.019260,0.032015,0.058837,0.258899,0.038500,4,280429,330484,3009790,1719,0,0,0,2290,0,0,0,1293,0,0,0,826,0,0,0,997,0,0,0,19,0,0,0,14003750791054827085,4447426513213214456,4447426513213214456,13128395068219498548,14305490798913241888,1689438865952830379
204,20,3446,8,10,0.132046,26096.91,0.063352,54394.91,0.061381,56141.28,0.065604,52527.65,0.069505,49578.87,0.062430,55197.98,0.094094,36622.80,0.133633,0.017680,0.033627,0.062430,0.247369,0.031385,3,266470,277585,1964143,1546,0,0,0,2590,0,0,0,1860,0,0,0,1261,0,0,0,1429,0,0,0,18,0,0,0,12575848504405078187,6640478980615900483,6640478980615900483,7937172050688797554,11160969031586701540,9032716154429357619
205,20,3506,8,10,0.125048,28037.34,0.062592,56013.69,0.055558,63105.03,0.061786,56744.47,0.068481,51196.37,0.059341,59082.07,0.094943,36927.58,0.126830,0.018836,0.030045,0.059341,0.235052,0.034827,6,279868,297513,2597488,1554,0,0,0,2592,0,0,0,1776,0,0,0,1137,0,0,0,1489,0,0,0,12,0,0,0,14427965455166529632,5190341870132695170,5190341870132695170,6910995871955084854,1696485760591352772,16538276849728182054
206,20,3348,8,10,0.246688,13571.82,0.183045,18290.54,0.170033,19690.28,0.167840,19947.53,0.190825,17544.84,0.166133,20152.50,0.216677,15451.55,0.248011,0.017181,0.033360,0.166133,0.464685,0.032567,3,264946,279441,2895296,1779,0,0,0,3034,0,0,0,2208,0,0,0,1272,0,0,0,1866,0,0,0,15,0,0,0,13716942035569034185,12259730554182443926,12259730554182443926,3834338632703674448,3958967872997025094,1686239059818153011
207,20,3240,8,10,0.127188,25474.03,0.069152,46853.24,0.059175,54753.27,0.067389,48078.90,0.078774,41130.48,0.069451,46651.27,0.102186,31706.84,0.129132,0.015929,0.026352,0.069451,0.240864,0.030056,8,252843,266858,1857740,1918,0,0,0,2969,0,0,0,1838,0,0,0,1081,0,0,0,1242,0,0,0,23,0,0,0,18325784880938687810,2163708462595747991,2163708462595747991,18178201712270720150,16346805585087212708,5302874827034786788
208,20,3146,8,10,0.209527,15014.81,0.134864,23327.29,0.121274,25941.23,0.127617,24651.89,0.145256,21658.37,0.124754,25217.63,0.177413,17732.68,0.210827,0.017095,0.026099,0.124754,0.378775,0.029248,8,267839,283174,2263735,1743,0,0,0,3892,0,0,0,1904,0,0,0,1189,0,0,0,2204,0,0,0,23,0,0,0,12904495728666965799,11402138924470377536,11402138924470377536,4303322076007171281,1589346641808009492,4750038193346736771
209,20,3275,8,10,0.130409,25113.21,0.063918,51237.48,0.058204,56267.61,0.064153,51049.54,0.071887,45557.32,0.066439,49293.66,0.100272,32661.26,0.131353,0.016156,0.031129,0.066439,0.245077,0.031213,5,266724,286594,1783028,1901,0,0,0,2965,0,0,0,1357,0,0,0,976,0,0,0,1219,0,0,0,21,0,0,0,3374178681354544998,3233727345320970212,3233727345320970212,15988816792520546824,10340255109356190078,17659386179105478976
210,20,3356,8,10,0.122934,27299.29,0.061567,54509.38,0.057178,58693.86,0.063676,52704.42,0.071791,46746.70,0.060372,55588.46,0.096436,34800.14,0.125259,0.016786,0.030583,0.060372,0.233000,0.030396,4,245301,259436,2741645,1564,0,0,0,2898,0,0,0,1940,0,0,0,1455,0,0,0,1587,0,0,0,24,0,0,0,6464511329252942144,8072663347591324567,8072663347591324567,13710313610186677111,189481984208968066,10961657447860179293
211,20,3519,8,10,0.160810,21882.94,0.088242,39878.82,0.066025,53297.92,0.067760,51932.94,0.093409,37672.98,0.070682,49786.48,0.123050,28598.09,0.160836,0.016572,0.032660,0.070682,0.280751,0.033666,4,267107,282027,1971199,1699,0,0,0,2946,0,0,0,1643,0,0,0,1189,0,0,0,1296,0,0,0,14,0,0,0,17660720336575589353,5670330846109422444,5670330846109422444,17553562718632323212,8404854892463108966,17997298118201627310
212,20,3080,8,10,0.147167,20928.59,0.081044,38003.99,0.063000,48889.09,0.061867,49784.44,0.084960,36252.38,0.056885,54143.99,0.106567,28901.97,0.150377,0.014839,0.030606,0.056885,0.252707,0.025890,3,240080,248715,3104188,1735,0,0,0,2904,0,0,0,2111,0,0,0,1314,0,0,0,1681,0,0,0,35,0,0,0,10660618165238299571,11155529280825977286,11155529280825977286,12586468278248049082,11174129896503817934,10614097303906210832
213,20,3059,8,10,0.161223,18973.68,0.084661,36132.14,0.069332,44120.78,0.074332,41152.94,0.088050,34741.65,0.071285,42912.13,0.121658,25144.17,0.163090,0.016787,0.031994,0.071285,0.283156,0.028427,4,267473,279673,3278328,1920,0,0,0,3138,0,0,0,2128,0,0,0,1486,0,0,0,1769,0,0,0,22,0,0,0,6090866633187265868,1674721687924812952,1674721687924812952,8886575103636951114,4928563119317661711,9035857972231267861
214,20,3028,8,10,0.297645,10173.20,0.226344,13377.86,0.215407,14057.08,0.207613,14584.85,0.233099,12990.20,0.094498,32042.93,0.260166,11638.74,0.298926,0.017869,0.025058,0.094498,0.436351,0.027276,9,255525,266160,2887403,1755,0,0,0,2703,0,0,0,1931,0,0,0,1066,0,0,0,1302,0,0,0,14,0,0,0,8180037917575300739,3259785900900900105,3259785900900900105,811839696833181688,808611156622064462,3288262586168889583
215,20,3008,8,10,0.231058,13018.35,0.157065,19151.27,0.127322,23625.13,0.138222,21762.11,0.167059,18005.58,0.142825,21060.76,0.193155,15573.02,0.231525,0.018027,0.024980,0.142825,0.417357,0.027115,10,267691,280836,2588376,1838,0,0,0,3349,0,0,0,1798,0,0,0,1324,0,0,0,1397,0,0,0,15,0,0,0,10399033767461441596,5168092367116507826,5168092367116507826,10034911462338838337,11243244532781532441,1913981828554813611
216,20,3026,8,10,0.159787,18937.70,0.085994,35188.41,0.074197,40783.11,0.097575,31012.11,0.091423,33099.03,0.082708,36586.38,0.115387,26224.75,0.162014,0.016524,0.030900,0.082708,0.292147,0.027350,4,269643,277788,2902411,1679,0,0,0,3436,0,0,0,2761,0,0,0,1392,0,0,0,1665,0,0,0,19,0,0,0,10559453920721451059,12537278047355426150,12537278047355426150,10370579548517034708,10879398234896903588,10263453308514756399
217,20,2994,8,10,0.416198,7193.70,0.339592,8816.46,0.314515,9519.42,0.470920,6357.76,0.343828,8707.83,0.288805,10366.87,0.367378,8149.64,0.417569,0.017734,0.031632,0.288805,0.755740,0.027043,4,264158,272553,2996473,1846,0,0,0,4038,0,0,0,0,0,0,0,1434,0,0,0,2170,0,0,0,18,0,0,0,2117916653625810992,5432025182013081511,5432025182013081511,2830081691074794167,16306747238509057949,17770043864675272639
218,20,3243,8,10,0.145107,22349.02,0.075033,43220.74,0.067185,48269.57,0.072035,45019.57,0.080434,40318.59,0.064572,50223.24,0.099226,32682.82,0.145906,0.019363,0.032705,0.064572,0.262546,0.031463,4,281129,290124,2117368,2036,0,0,0,3569,0,0,0,2689,0,0,0,1901,0,0,0,2140,0,0,0,18,0,0,0,803691929993004558,13254136894490916675,13254136894490916675,846631487453455645,1490489513329205669,6620299191833563979
219,20,3239,8,10,0.138738,23346.24,0.071954,45015.06,0.063128,51308.49,0.067176,48216.86,0.078051,41498.31,0.065875,49168.55,0.103716,31229.61,0.139530,0.017776,0.031889,0.065875,0.255071,0.035120,4,270856,284541,2691243,2172,0,0,0,3669,0,0,0,2395,0,0,0,1469,0,0,0,1785,0,0,0,49,0,0,0,8038158743085370538,7708424657446808953,7708424657446808953,295379107655510616,9348772377072207139,11982753858445311253
220,20,3049,8,10,0.177660,17161.99,0.116611,26146.81,0.109398,27870.61,0.111127,27437.19,0.122780,24833.07,0.100495,30339.70,0.147781,20631.87,0.178470,0.017489,0.031913,0.100495,0.328368,0.027308,4,261733,273398,1967519,2058,0,0,0,3112,0,0,0,1975,0,0,0,1292,0,0,0,1576,0,0,0,21,0,0,0,17163514771617764754,3866632212018065954,3866632212018065954,18275419287935308346,4281815703644370215,10451049223241632976
221,20,2988,8,10,0.154828,19298.81,0.086798,34424.71,0.069326,43100.80,0.069318,43105.69,0.091377,32699.66,0.077799,38406.67,0.111854,26713.35,0.155610,0.017907,0.031651,0.077799,0.282967,0.027597,4,279418,288228,2384584,2037,0,0,0,3271,0,0,0,2252,0,0,0,1499,0,0,0,1975,0,0,0,29,0,0,0,4252012044334311090,6118497374585563157,6118497374585563157,4401386932626015463,12383245196809509527,9525729073219111430
222,20,3115,8,10,0.208689,14926.52,0.140517,22168.09,0.115047,27075.84,0.109487,28450.79,0.145920,21347.37,0.125507,24819.32,0.167664,18578.81,0.209603,0.019165,0.026657,0.125507,0.380932,0.029618,11,282491,292961,2268616,2730,0,0,0,4315,0,0,0,2957,0,0,0,2127,0,0,0,2443,0,0,0,51,0,0,0,14068865633327944229,9299698284054775789,9299698284054775789,5956264827777086679,82745498658476023,5828695935412751341
223,20,3178,8,10,0.176594,17996.05,0.092192,34471.58,0.076460,41564.05,0.086633,36683.30,0.096085,33074.79,0.078826,40316.60,0.125551,25312.45,0.177205,0.018309,0.028743,0.078826,0.303084,0.031711,7,292951,303821,1898889,2059,0,0,0,3704,0,0,0,2569,0,0,0,1843,0,0,0,1815,0,0,0,23,0,0,0,6300502346601202404,9918960080830299308,9918960080830299308,6589381929677752553,13869788365510578971,1819691072470035690
224,20,3106,8,10,0.174567,17792.55,0.090553,34300.42,0.077680,39984.77,0.081692,38020.87,0.099419,31241.53,0.080471,38597.78,0.119815,25923.39,0.175983,0.019870,0.031282,0.080471,0.307606,0.031392,5,290609,302499,3013826,2187,0,0,0,3700,0,0,0,2203,0,0,0,1576,0,0,0,2265,0,0,0,31,0,0,0,996738785358588993,2277333492013190541,2277333492013190541,17070438922731730826,183665639937760140,10719424236727963844
225,20,3026,8,10,0.145342,20819.91,0.082798,36546.62,0.071509,42316.08,0.073838,40981.51,0.087517,34576.05,0.070604,42858.60,0.104019,29090.97,0.146074,0.018430,0.030330,0.070604,0.265438,0.028214,4,275734,286829,2790438,2175,0,0,0,3536,0,0,0,2309,0,0,0,1532,0,0,0,1820,0,0,0,31,0,0,0,6883068340517772531,11431969407580691049,11431969407580691049,9050663503349297708,1704333981100864161,7709692665018919583
226,20,3262,8,10,0.143766,22689.65,0.078346,41636.04,0.067189,48549.71,0.073678,44273.79,0.081245,40150.12,0.071478,45636.66,0.107131,30448.82,0.145115,0.019214,0.032529,0.071478,0.268336,0.031973,5,290143,304778,1829351,1857,0,0,0,3375,0,0,0,1926,0,0,0,1375,0,0,0,1871,0,0,0,25,0,0,0,15475885477298629824,10405994924823331490,10405994924823331490,7188696186123717663,14186176496414733656,5927650273502857783
227,20,2917,8,10,0.158519,18401.59,0.079067,36892.72,0.063918,45636.36,0.077992,37401.29,0.088041,33132.39,0.075947,38408.61,0.115186,25324.31,0.158887,0.019004,0.032743,0.075947,0.286581,0.027645,4,294556,303991,3251956,1849,0,0,0,3383,0,0,0,2755,0,0,0,1513,0,0,0,2033,0,0,0,19,0,0,0,6523737109845114820,16728347523131702020,16728347523131702020,16468622036556776180,10187665724817691262,4175407647905631478
228,20,3022,8,10,0.378026,7994.16,0.299362,10094.79,0.265576,11379.03,0.271401,11134.82,0.300801,10046.51,0.093248,32408.08,0.335052,9019.50,0.379684,0.019611,0.033165,0.093248,0.525708,0.028787,4,291990,306225,2492500,2015,0,0,0,3221,0,0,0,2645,0,0,0,1478,0,0,0,1953,0,0,0,15,0,0,0,19402088038374630,9204012979368803090,9204012979368803090,14106232403683446978,13082300223160079839,17025004402655319072
229,20,2976,8,10,0.143164,20787.41,0.076440,38932.35,0.074146,40137.17,0.076829,38735.36,0.080830,36818.12,0.071603,41562.33,0.096862,30724.27,0.143945,0.017558,0.030838,0.071603,0.263945,0.027478,4,268136,277836,2553904,2057,0,0,0,3401,0,0,0,1990,0,0,0,1356,0,0,0,1663,0,0,0,27,0,0,0,1460060838686146517,11632062794323122863,11632062794323122863,15070153897184881522,1775113805133102339,8888655168039335416
230,20,3015,8,10,0.196794,15320.60,0.105908,28468.00,0.086895,34697.12,0.077755,38775.84,0.111001,27161.88,0.072029,41858.34,0.144969,20797.58,0.197988,0.016983,0.031107,0.072029,0.318108,0.027721,4,281678,299248,3465982,2114,0,0,0,3501,0,0,0,2244,0,0,0,1443,0,0,0,1493,0,0,0,30,0,0,0,17136235146653285873,17726054338793550436,17726054338793550436,6540937311427895151,12206400633712399844,13076768987833636704
231,20,2973,8,10,0.137910,21557.54,0.065877,45129.84,0.058631,50706.73,0.061659,48216.53,0.069675,42669.28,0.057486,51716.74,0.089832,33095.06,0.138452,0.018462,0.038338,0.057486,0.252738,0.025813,3,271212,279242,2624506,1616,0,0,0,3033,0,0,0,2024,0,0,0,1218,0,0,0,1484,0,0,0,19,0,0,0,10455444316314009881,16189851976218546706,16189851976218546706,8779609251504627762,8474777457090371164,15127169353304442566
232,20,2963,8,10,0.149606,19805.33,0.080555,36782.55,0.071955,41178.48,0.073611,40252.11,0.086005,34451.47,0.068314,43373.11,0.108968,27191.56,0.151060,0.018265,0.030388,0.068314,0.268027,0.025700,4,268354,279209,3105023,2243,0,0,0,3812,0,0,0,2315,0,0,0,1505,0,0,0,1849,0,0,0,17,0,0,0,253149918205630856,6281052821629085558,6281052821629085558,16378849967561271642,15458186309834591186,15279007284239912271
233,20,3173,8,10,0.153466,20675.54,0.085385,37161.19,0.070262,45159.80,0.081818,38781.34,0.092332,34365.04,0.073168,43365.92,0.107942,29395.52,0.154802,0.019811,0.032980,0.073168,0.280761,0.031198,5,285829,296204,2489806,2075,0,0,0,3546,0,0,0,2164,0,0,0,1604,0,0,0,1885,0,0,0,25,0,0,0,10213727920072671591,4884835644139579747,4884835644139579747,677718748271116549,5128118715411212695,10058304002145282738
234,20,3209,8,10,0.154923,20713.58,0.082639,38831.45,0.070476,45533.34,0.084708,37882.97,0.095520,33594.95,0.077519,41396.40,0.111662,28738.56,0.155521,0.019166,0.030880,0.077519,0.283086,0.030097,5,272820,284635,1926047,2122,0,0,0,3646,0,0,0,2277,0,0,0,1366,0,0,0,1593,0,0,0,23,0,0,0,7634453933369272644,9128714734246739931,9128714734246739931,11841737643552480605,811388905723758994,12803366988606775938
235,20,3123,8,10,0.140324,22255.56,0.072803,42896.57,0.066291,47110.61,0.074253,42058.64,0.081025,38543.79,0.069337,45041.19,0.098763,31621.20,0.141335,0.019484,0.034462,0.069337,0.264618,0.031148,4,303381,316926,2214927,1865,0,0,0,3236,0,0,0,1899,0,0,0,1369,0,0,0,1684,0,0,0,21,0,0,0,7103883371234950149,8634671164723461207,8634671164723461207,13603380478324285130,16971667211330910780,10808751883133750703
236,20,3127,8,10,0.154835,20195.70,0.077863,40160.17,0.073401,42601.37,0.084154,37158.22,0.090574,34524.41,0.079102,39531.37,0.113018,27668.12,0.156974,0.019644,0.032893,0.079102,0.288613,0.031946,4,312442,323577,1949475,2405,0,0,0,3920,0,0,0,2510,0,0,0,1872,0,0,0,2105,0,0,0,34,0,0,0,7623996229777172831,1462600361229427118,1462600361229427118,886384946454304162,7557001745342896319,8240033528949373863
237,20,2989,8,10,0.179515,16650.39,0.075298,39695.61,0.064848,46092.05,0.087875,34014.31,0.097986,30504.22,0.082352,36295.21,0.132055,22634.52,0.180877,0.017823,0.027542,0.082352,0.308595,0.028985,8,287314,300494,3280659,1678,0,0,0,2962,0,0,0,1961,0,0,0,1373,0,0,0,1494,0,0,0,39,0,0,0,18208370332466227607,894476341131108236,894476341131108236,4692366442036656946,10063585182526448544,3538019503229173748
238,20,3012,8,10,0.168000,17928.59,0.093276,32291.25,0.079804,37742.33,0.078348,38444.07,0.100819,29875.29,0.071394,42188.33,0.124109,24268.91,0.168861,0.019222,0.031025,0.071394,0.290502,0.029486,5,284448,295908,2747049,2095,0,0,0,3902,0,0,0,2238,0,0,0,1430,0,0,0,1859,0,0,0,28,0,0,0,17805688114565765523,7722026851436786646,7722026851436786646,14015605511848851674,16315590460604089501,4886908527491192449
239,20,3179,8,10,0.185288,17157.11,0.085550,37159.65,0.079574,39950.14,0.098401,32306.49,0.103693,30657.84,0.085533,37167.11,0.135499,23461.35,0.187546,0.019948,0.033072,0.085533,0.326099,0.034026,5,329766,345691,2343517,2272,0,0,0,3926,0,0,0,2616,0,0,0,1808,0,0,0,2217,0,0,0,44,0,0,0,3363482062388436563,15161299412875260042,15161299412875260042,733424726837315103,4711415501173395808,935872713228580834
240,20,2979,8,10,0.180463,16507.56,0.106957,27852.30,0.089691,33214.00,0.073504,40528.42,0.117227,25412.25,0.092000,32380.36,0.142231,20944.81,0.181473,0.017822,0.031085,0.092000,0.322380,0.027344,4,268152,279942,2797846,1763,0,0,0,3080,0,0,0,1868,0,0,0,1265,0,0,0,1745,0,0,0,23,0,0,0,14111829841481170333,14756901548327802446,14756901548327802446,11306983358881884325,4764993827630608511,7523926665845074962
241,20,3284,8,10,0.225261,14578.63,0.131957,24886.84,0.118994,27598.03,0.126270,26007.78,0.143803,22836.72,0.108373,30302.62,0.177548,18496.40,0.226481,0.019676,0.022192,0.108373,0.376722,0.032731,13,288303,300838,2304515,1571,0,0,0,2755,0,0,0,2410,0,0,0,1248,0,0,0,1404,0,0,0,9,0,0,0,3369738118497350641,4867003900961437777,4867003900961437777,3968472734346768668,9590416170559856513,9857708358137863751
242,20,2941,8,10,0.164224,17908.50,0.076867,38260.91,0.061203,48053.53,0.070989,41429.18,0.082986,35439.51,0.070980,41434.46,0.118946,24725.45,0.164549,0.017968,0.025698,0.070980,0.279194,0.026752,9,270716,281601,3683273,1597,0,0,0,2739,0,0,0,1884,0,0,0,1080,0,0,0,1210,0,0,0,17,0,0,0,837359996694371699,837359996694371699,837359996694371699,12340787452230863749,7102685083594903623,1712668163815002031
243,20,2876,8,10,0.190650,15085.20,0.097291,29560.92,0.066292,43383.81,0.078859,36470.13,0.099828,28809.70,0.076884,37406.93,0.148991,19303.16,0.191980,0.017162,0.029426,0.076884,0.315452,0.027027,5,279458,291053,3647764,1660,0,0,0,2691,0,0,0,1822,0,0,0,1224,0,0,0,1329,0,0,0,31,0,0,0,8906826116023441463,762036769186328657,762036769186328657,13869819834570997052,13427935586771955468,6793243925023591561
244,20,3069,8,10,0.174450,17592.42,0.089469,34302.45,0.069052,44444.84,0.077821,39436.69,0.095855,32017.06,0.079302,38700.25,0.134747,22775.98,0.174907,0.017436,0.032888,0.079302,0.304532,0.030599,4,282955,319990,2777146,1756,0,0,0,3181,0,0,0,2154,0,0,0,1297,0,0,0,1286,0,0,0,33,0,0,0,10755110447303183139,11553367821199544116,11553367821199544116,2969042320688739748,18176928767643387792,17599995188158506516
245,20,2964,8,10,0.158703,18676.39,0.083436,35524.26,0.073642,40248.86,0.084558,35052.92,0.085053,34848.69,0.064320,46082.14,0.122179,24259.42,0.160582,0.017802,0.029994,0.064320,0.272698,0.028022,5,282614,301009,3177139,1621,0,0,0,3031,0,0,0,2124,0,0,0,1191,0,0,0,1437,0,0,0,23,0,0,0,9822061170712288291,1271097723668980653,1271097723668980653,16853599156826017310,7946399037993487084,4733634249605024245
246,20,3119,8,10,0.136442,22859.55,0.074126,42077.08,0.062413,49973.50,0.065325,47746.22,0.078916,39523.27,0.062606,49819.45,0.094794,32903.06,0.137393,0.018003,0.032436,0.062606,0.250438,0.029083,3,258281,273876,2461782,1674,0,0,0,2896,0,0,0,1427,0,0,0,1163,0,0,0,1563,0,0,0,16,0,0,0,1664774141571022723,8183190945916282492,8183190945916282492,6894896663621092854,8625068628802176915,10794809587674380232
247,20,3113,8,10,0.158645,19622.37,0.077082,40385.57,0.065617,47442.13,0.077352,40244.62,0.085038,36607.12,0.071717,43406.70,0.119321,26089.21,0.158805,0.018870,0.036011,0.071717,0.285405,0.030636,4,313485,343595,2327748,1627,0,0,0,2934,0,0,0,1947,0,0,0,1077,0,0,0,1559,0,0,0,21,0,0,0,9293742829113791314,8850492590372300666,8850492590372300666,7465419484451571224,5865290646198534008,12086234140032756939
248,20,3275,8,10,0.172480,18987.74,0.083455,39242.83,0.063410,51647.93,0.073618,44486.30,0.093145,35160.09,0.071202,45995.75,0.127438,25698.68,0.173078,0.018550,0.031970,0.071202,0.294800,0.034937,4,291380,302895,2896249,1457,0,0,0,2898,0,0,0,1910,0,0,0,1138,0,0,0,1597,0,0,0,16,0,0,0,9834020027402426866,11905836688765817597,11905836688765817597,15704594836915412416,12278242865007366494,9541758923733857602
249,20,3377,8,10,0.148098,22802.49,0.080171,42122.23,0.067481,50043.91,0.076129,44358.79,0.086878,38870.51,0.069417,48647.96,0.120358,28058.07,0.149610,0.018331,0.032526,0.069417,0.269884,0.033175,4,278628,338388,2308377,2016,0,0,0,3520,0,0,0,2089,0,0,0,1293,0,0,0,1616,0,0,0,25,0,0,0,14219004320458373474,11123504059141117754,11123504059141117754,9942111809042381967,10545369499905629620,11655722166530070056
