batch_idx,num_blocks,num_txs,threads,merge_cap,seq_time_s,seq_tput,par_time_s,par_tput,concat_time_s,concat_tput,cgraph_time_s,cgraph_tput,graph_time_s,graph_tput,integrated_time_s,integrated_tput,vegeta_time_s,vegeta_tput,phase_pre_execute_s,phase_graph_build_s,phase_integrate_s,phase_execute_s,phase_total_s,vegeta_speculate_s,num_integrated_groups,omakase_graph_bytes,vegeta_sched_bytes,calldata_bytes,par_re_exec,par_validation_aborts,par_cascade_aborts,par_wrote_new_loc,concat_re_exec,concat_validation_aborts,concat_cascade_aborts,concat_wrote_new_loc,cgraph_re_exec,cgraph_validation_aborts,cgraph_cascade_aborts,cgraph_wrote_new_loc,graph_re_exec,graph_validation_aborts,graph_cascade_aborts,graph_wrote_new_loc,integ_re_exec,integ_validation_aborts,integ_cascade_aborts,integ_wrote_new_loc,vegeta_re_exec,vegeta_validation_aborts,vegeta_cascade_aborts,vegeta_wrote_new_loc,digest_seq,digest_par,digest_concat,logical_seq,logical_integ,logical_vegeta
0,20,3581,8,10,0.170050,21058.53,0.079857,44842.46,0.072187,49607.42,0.084979,42139.60,0.091741,39033.63,0.081633,43867.05,0.130773,27383.38,0.166034,0.022563,0.040918,0.081633,0.311148,0.040334,4,321271,348761,2019539,2070,0,0,0,3192,0,0,0,2087,0,0,0,1048,0,0,0,1668,0,0,0,43,0,0,0,17554680179821975904,480799813751158280,480799813751158280,641202001546944654,7567767271334217498,6968181071654552069
1,20,3457,8,10,0.324986,10637.37,0.122500,28220.32,0.081261,42542.10,0.095724,36114.08,0.132718,26047.65,0.089482,38633.32,0.186869,18499.62,0.232265,0.024363,0.041633,0.089482,0.387744,0.042556,4,367778,397053,1898021,2291,0,0,0,3281,0,0,0,1970,0,0,0,1080,0,0,0,1444,0,0,0,62,0,0,0,13115029974119982373,6992143374556064064,6992143374556064064,9652185741122260577,3357883935208999615,2739805335392892230
2,20,3457,8,10,0.158297,21838.70,0.078976,43772.71,0.070104,49312.77,0.080908,42727.42,0.090680,38123.18,0.075579,45740.15,0.125970,27442.97,0.170766,0.019818,0.037624,0.075579,0.303787,0.039600,5,330461,382326,1780166,2668,0,0,0,3775,0,0,0,1695,0,0,0,1084,0,0,0,1256,0,0,0,49,0,0,0,12255549477380423524,17347824269425375614,17347824269425375614,17230975503633110027,1428287893986977422,12762388903306821862
3,20,3344,8,10,0.173444,19279.98,0.080747,41413.28,0.074289,45013.63,0.083294,40146.91,0.094320,35453.93,0.077692,43041.65,0.125081,26734.72,0.174260,0.021026,0.036347,0.077692,0.309326,0.037492,4,321560,341280,1943196,2076,0,0,0,3679,0,0,0,1796,0,0,0,1306,0,0,0,1430,0,0,0,44,0,0,0,10647510117482847531,9643151559139622403,9643151559139622403,1721246989472889240,10047911329078108028,16895509789017006280
4,20,4233,8,10,0.182325,23216.80,0.093815,45120.93,0.077300,54760.95,0.095992,44097.49,0.106448,39765.76,0.089291,47407.00,0.225990,18730.93,0.184774,0.022215,0.036190,0.089291,0.332469,0.056168,4,338922,1295357,2058184,2545,0,0,0,3906,0,0,0,1910,0,0,0,1107,0,0,0,1400,0,0,0,42,0,0,0,4391353852542060984,12923800895606048518,12923800895606048518,8354617998789030081,1722044724538334607,5093207339235700520
5,20,3365,8,10,0.166386,20224.06,0.089859,37447.55,0.073882,45545.90,0.087242,38570.71,0.095684,35167.93,0.086037,39110.86,0.129208,26043.27,0.166759,0.031623,0.037248,0.086037,0.321667,0.035902,7,296801,316611,1838065,2134,0,0,0,3544,0,0,0,2009,0,0,0,1135,0,0,0,1499,0,0,0,49,0,0,0,12184275449070674345,8846048098463005458,8846048098463005458,17755835961529833940,9705200987913976670,1399757183138639259
6,20,3707,8,10,0.186598,19866.27,0.088317,41973.69,0.079209,46800.07,0.092789,39951.01,0.100888,36743.80,0.087134,42543.83,0.136368,27183.83,0.187937,0.022711,0.039283,0.087134,0.337064,0.049456,4,347046,375291,1808130,2429,0,0,0,3772,0,0,0,2009,0,0,0,1251,0,0,0,1556,0,0,0,36,0,0,0,5951870978562727527,1677888431700693894,1677888431700693894,4309133730144030349,10542549445733499342,1814987143721768315
7,20,3460,8,10,0.170789,20258.91,0.084156,41114.29,0.070593,49013.11,0.090326,38305.79,0.095471,36241.34,0.114849,30126.40,0.129276,26764.44,0.173868,0.020327,0.036852,0.114849,0.345896,0.045547,3,312826,336971,1738390,2233,0,0,0,3481,0,0,0,1997,0,0,0,1080,0,0,0,1017,0,0,0,22,0,0,0,4449137134751985120,10580372433126110944,10580372433126110944,6768876252126085456,9492065086153623076,1012089976434704658
8,20,3436,8,10,0.199451,17227.25,0.093392,36791.30,0.070596,48671.45,0.085479,40197.00,0.104885,32759.55,0.078164,43959.05,0.152600,22516.36,0.200007,0.020687,0.035970,0.078164,0.334828,0.040398,5,336525,361790,1930403,2060,0,0,0,3206,0,0,0,2064,0,0,0,1183,0,0,0,1519,0,0,0,54,0,0,0,1206229753922581163,15841357949867770487,15841357949867770487,1739032293593949591,6333966204591702981,1806903419921173587
9,20,3280,8,10,0.170462,19241.85,0.078671,41692.76,0.064035,51222.38,0.077087,42549.53,0.082780,39623.08,0.105993,30945.58,0.126848,25857.65,0.172456,0.018562,0.036943,0.105993,0.333952,0.035144,4,320339,347749,1730612,2013,0,0,0,3082,0,0,0,1672,0,0,0,1033,0,0,0,1022,0,0,0,17,0,0,0,4114368917043024431,16449314270858123450,16449314270858123450,7350411514777739781,6813187321012077919,447477166458786557
10,20,3593,8,10,0.213285,16846.01,0.113607,31626.64,0.085159,42191.65,0.092424,38875.10,0.117268,30639.24,0.088368,40659.50,0.164116,21893.01,0.215337,0.022263,0.038890,0.088368,0.364859,0.044891,4,354633,394743,1821748,2767,0,0,0,3867,0,0,0,2143,0,0,0,1393,0,0,0,1773,0,0,0,26,0,0,0,2087100032741499801,9005287658510520396,9005287658510520396,4728582652714790274,4274722805858701434,1172484493551741107
11,20,3328,8,10,0.298811,11137.46,0.216686,15358.60,0.168475,19753.69,0.171164,19443.39,0.219561,15157.54,0.201663,16502.75,0.246340,13509.79,0.299861,0.020566,0.035879,0.201663,0.557970,0.035484,4,312916,337111,1710163,2794,0,0,0,2519,0,0,0,2210,0,0,0,1467,0,0,0,1896,0,0,0,33,0,0,0,3526761533511934135,8106669421731761474,8106669421731761474,8435991631074633472,5705204128572383130,9509838052364866942
12,20,3566,8,10,0.196211,18174.29,0.114009,31278.34,0.093473,38150.03,0.100917,35335.82,0.117896,30247.12,0.101956,34975.83,0.158715,22467.90,0.197220,0.021128,0.030765,0.101956,0.351068,0.041049,9,325424,354504,1811990,2961,0,0,0,4459,0,0,0,2228,0,0,0,1583,0,0,0,1611,0,0,0,44,0,0,0,17786658914620801354,5061741357694800771,5061741357694800771,2120707514899815619,8763764658509668117,16260482102912824884
13,20,3215,8,10,0.164703,19519.96,0.082388,39022.63,0.073104,43978.67,0.092892,34610.04,0.100543,31976.46,0.085493,37605.25,0.127382,25238.99,0.165650,0.020245,0.030569,0.085493,0.301958,0.033190,5,286374,309709,1663264,2235,0,0,0,3702,0,0,0,2140,0,0,0,1203,0,0,0,1569,0,0,0,32,0,0,0,5019244025158648483,15978701169237245928,15978701169237245928,5875099138289926329,45282541492671547,9226744886154076730
14,20,3618,8,10,0.249228,14516.84,0.128192,28223.23,0.096844,37359.09,0.091122,39704.79,0.129532,27931.36,0.106703,33907.30,0.200374,18056.21,0.250196,0.025620,0.046482,0.106703,0.429001,0.047446,4,401612,426212,1748593,2278,0,0,0,3721,0,0,0,2031,0,0,0,1208,0,0,0,1634,0,0,0,31,0,0,0,16331047323442845208,3379477461563274681,3379477461563274681,16033827295469374797,4802483693636074220,4459521910244083965
15,20,3608,8,10,0.162698,22176.07,0.084353,42772.78,0.077545,46527.56,0.089216,40441.28,0.095696,37702.62,0.081812,44101.22,0.134421,26841.11,0.164205,0.021577,0.035427,0.081812,0.303021,0.045742,4,331409,374449,1606996,2962,0,0,0,4225,0,0,0,2173,0,0,0,1417,0,0,0,1614,0,0,0,45,0,0,0,15743041445278557356,3991049385215943196,3991049385215943196,17875625222204526643,10346529685656735923,12147828263673087296
16,20,3260,8,10,0.180369,18074.03,0.092382,35288.29,0.074833,43563.63,0.084415,38618.94,0.101943,31978.51,0.083444,39068.32,0.138060,23612.91,0.181684,0.021184,0.033342,0.083444,0.319654,0.032685,7,350363,377393,1397923,2143,0,0,0,3539,0,0,0,2182,0,0,0,1196,0,0,0,1295,0,0,0,35,0,0,0,16997495913087651966,11104702283828147319,11104702283828147319,3674595209403203242,12403107361857671883,8654354223670077266
17,20,3527,8,10,0.193247,18251.29,0.104977,33597.81,0.089365,39467.17,0.090641,38911.88,0.111016,31770.10,0.132811,26556.47,0.158820,22207.46,0.194853,0.021592,0.035992,0.132811,0.385249,0.041653,5,331501,363781,1626274,2753,0,0,0,4409,0,0,0,1984,0,0,0,1265,0,0,0,1011,0,0,0,66,0,0,0,11689271235336669851,938252602272417978,938252602272417978,17697576531068564108,16182391468393699878,1704321824655062072
18,20,3602,8,10,0.197811,18209.31,0.104262,34547.56,0.076504,47082.29,0.090022,40012.56,0.106939,33682.74,0.093668,38455.13,0.153339,23490.48,0.198977,0.019443,0.030500,0.093668,0.342588,0.041711,11,311821,339141,1625785,2412,0,0,0,4042,0,0,0,2325,0,0,0,1419,0,0,0,1682,0,0,0,39,0,0,0,5987631041598656590,3417729672716896804,3417729672716896804,1789726396055313433,8519066667612520087,15852693687968379044
19,20,3433,8,10,0.174734,19647.05,0.087876,39066.38,0.082237,41745.35,0.093251,36814.55,0.097172,35329.09,0.118893,28874.76,0.130784,26249.38,0.175776,0.022104,0.038837,0.118893,0.355609,0.041795,4,336858,355268,1740927,2371,0,0,0,3652,0,0,0,2531,0,0,0,1250,0,0,0,1100,0,0,0,40,0,0,0,412555048376944603,3019355527268613781,3019355527268613781,13448221277372845932,16607149463733695297,2442031703966917447
20,20,3412,8,10,0.179333,19026.08,0.084654,40305.16,0.069741,48924.11,0.088543,38534.79,0.098293,34712.71,0.084410,40421.90,0.142616,23924.37,0.179302,0.020445,0.037332,0.084410,0.321489,0.037653,4,321316,347306,1593800,2261,0,0,0,3536,0,0,0,2120,0,0,0,1087,0,0,0,1611,0,0,0,81,0,0,0,10495360849085695564,13262000483786592327,13262000483786592327,15627988288584535809,388002331057171175,17487167452101732674
21,20,3349,8,10,0.267389,12524.82,0.165804,20198.52,0.109926,30466.02,0.133410,25102.99,0.170384,19655.55,0.135792,24662.68,0.219828,15234.66,0.268513,0.021964,0.037854,0.135792,0.464123,0.036473,4,334677,357092,1895698,2259,0,0,0,2680,0,0,0,2037,0,0,0,1101,0,0,0,1600,0,0,0,24,0,0,0,1775719045128207553,17293998514617029811,17293998514617029811,8556837158248001078,2944401960751736788,970783853049451016
22,20,3582,8,10,0.210466,17019.34,0.119499,29975.09,0.092106,38890.02,0.081889,43741.89,0.124049,28875.71,0.098745,36275.21,0.157693,22714.96,0.212097,0.020525,0.038739,0.098745,0.370107,0.043809,3,309798,335458,1722022,2137,0,0,0,3338,0,0,0,2180,0,0,0,1260,0,0,0,2048,0,0,0,35,0,0,0,316029389168231358,6543420746527709956,6543420746527709956,14819688013339455056,17127814624460508502,11138243368476608318
23,20,3361,8,10,0.173631,19357.10,0.089548,37532.76,0.081382,41298.98,0.084639,39709.68,0.095751,35101.38,0.084878,39598.19,0.123055,27312.96,0.174380,0.019297,0.035539,0.084878,0.314093,0.039906,5,310712,328267,1548296,2454,0,0,0,3926,0,0,0,1987,0,0,0,1475,0,0,0,2278,0,0,0,40,0,0,0,7854835739007032187,10654222606018405095,10654222606018405095,15231968163793706049,1355829325092419203,8662344757897381373
24,20,3777,8,10,0.190698,19806.15,0.097793,38622.34,0.080705,46799.82,0.092220,40956.22,0.100345,37640.17,0.085326,44265.75,0.142262,26549.63,0.191847,0.023341,0.034001,0.085326,0.334514,0.046934,6,350213,389548,1741673,2735,0,0,0,4190,0,0,0,2280,0,0,0,1556,0,0,0,1624,0,0,0,61,0,0,0,12101998660373430869,10417508607362482530,10417508607362482530,6298125889615506793,5032419639918599980,110460492865290610
25,20,3315,8,10,0.169288,19581.96,0.088709,37369.39,0.081069,40890.86,0.101090,32792.71,0.103382,32065.52,0.094259,35168.99,0.130583,25386.08,0.169988,0.020715,0.033257,0.094259,0.318220,0.037800,5,311066,330706,1593599,2556,0,0,0,3763,0,0,0,1992,0,0,0,1258,0,0,0,1467,0,0,0,36,0,0,0,2895453225209429434,6280183339552460607,6280183339552460607,7757327442063563434,3923045560594782831,2801761872933874533
26,20,3387,8,10,0.221542,15288.28,0.120777,28043.45,0.088356,38333.45,0.102933,32904.92,0.126808,26709.62,0.107493,31508.98,0.164299,20614.90,0.222142,0.020816,0.035668,0.107493,0.386119,0.036628,4,322228,337098,1888974,2273,0,0,0,3831,0,0,0,2159,0,0,0,1351,0,0,0,1898,0,0,0,34,0,0,0,12495968680256011988,8391989014467077811,8391989014467077811,3709756284711831938,6006811405791893552,8275869768811826125
27,20,3155,8,10,0.175680,17958.78,0.095071,33185.69,0.078249,40320.14,0.083873,37616.45,0.105441,29921.98,0.088185,35777.00,0.125371,25165.24,0.178277,0.019313,0.036870,0.088185,0.322646,0.035947,5,323021,340411,1648198,2235,0,0,0,3435,0,0,0,1807,0,0,0,1417,0,0,0,1726,0,0,0,36,0,0,0,8108024443066390728,9060982575239634967,9060982575239634967,11974579720664313170,13864283999805884608,13754642099775044525
28,20,3339,8,10,0.186331,17919.74,0.093964,35534.93,0.075028,44503.59,0.080388,41536.21,0.097366,34293.23,0.077464,43103.99,0.138909,24037.29,0.187270,0.020041,0.035719,0.077464,0.320495,0.034567,5,298728,317993,1970916,2043,0,0,0,3602,0,0,0,2044,0,0,0,1600,0,0,0,1793,0,0,0,26,0,0,0,12192981749355214525,14859789164795157801,14859789164795157801,4776378718616439645,15686760858146185093,14069975279600860245
29,20,3302,8,10,0.189930,17385.40,0.108686,30381.01,0.090508,36482.80,0.088832,37171.28,0.110465,29891.77,0.075513,43727.34,0.142496,23172.66,0.191765,0.019924,0.038657,0.075513,0.325860,0.035121,4,318897,338422,1670038,2260,0,0,0,3816,0,0,0,2219,0,0,0,1377,0,0,0,1397,0,0,0,36,0,0,0,2912278907234707901,17068363695776533738,17068363695776533738,13168030728941261017,16936984441403572468,13093237493232488994
30,20,3252,8,10,0.174125,18676.26,0.089823,36204.71,0.074496,43653.22,0.092852,35023.52,0.101672,31985.29,0.121429,26781.02,0.133004,24450.32,0.176076,0.019055,0.034354,0.121429,0.350915,0.032693,4,298920,323360,1779995,2113,0,0,0,3669,0,0,0,2136,0,0,0,1182,0,0,0,1091,0,0,0,16,0,0,0,7529295169395566379,17822452674223643202,17822452674223643202,12786021586953976530,16549561992635392470,15920981083683251349
31,20,3391,8,10,0.198596,17074.83,0.100210,33838.85,0.080752,41992.70,0.097492,34782.29,0.106213,31926.54,0.087699,38666.48,0.150290,22563.02,0.199078,0.021430,0.036256,0.087699,0.344462,0.036958,5,330637,358287,1646658,2194,0,0,0,3287,0,0,0,1929,0,0,0,1131,0,0,0,1529,0,0,0,33,0,0,0,10065738192315539937,1674851007621052484,1674851007621052484,1225337573482143263,15781353587038273168,6068142067128067730
32,20,3130,8,10,0.180968,17295.88,0.088799,35248.15,0.075397,41513.71,0.091240,34305.12,0.105717,29607.38,0.089603,34931.91,0.135383,23119.54,0.182185,0.024413,0.030804,0.089603,0.327005,0.037210,7,302950,323500,1403267,2321,0,0,0,3633,0,0,0,2035,0,0,0,1286,0,0,0,1421,0,0,0,26,0,0,0,12046598468213406796,16284312048762364635,16284312048762364635,2218637291318008282,12065013292757711302,17807213270040356361
33,20,3336,8,10,0.226630,14720.01,0.117303,28439.20,0.085245,39134.34,0.097611,34176.35,0.124819,26726.66,0.095547,34914.67,0.181542,18375.86,0.227140,0.022905,0.031168,0.095547,0.376760,0.039450,9,319243,346408,1784609,2485,0,0,0,3471,0,0,0,1824,0,0,0,1153,0,0,0,1197,0,0,0,44,0,0,0,2981413731223564758,9981764413565498395,9981764413565498395,11077103382435372413,7453630420903681396,9521105369102453391
34,20,3294,8,10,0.176322,18681.69,0.095915,34342.97,0.076846,42865.20,0.079490,41438.99,0.103766,31744.60,0.077572,42463.86,0.134645,24464.36,0.176688,0.020570,0.036928,0.077572,0.311758,0.038575,4,313986,338271,1332474,1854,0,0,0,2910,0,0,0,1795,0,0,0,1076,0,0,0,1646,0,0,0,27,0,0,0,14645568992657097941,14049205951287981345,14049205951287981345,4997340894095090991,6411415402588400560,15786348725584421357
35,20,3382,8,10,0.174971,19328.92,0.090200,37494.51,0.084538,40005.63,0.093087,36331.48,0.103578,32651.81,0.089225,37904.35,0.148734,22738.58,0.176066,0.022243,0.039315,0.089225,0.326849,0.041473,4,340038,385313,1829119,2584,0,0,0,4285,0,0,0,1927,0,0,0,1351,0,0,0,1426,0,0,0,32,0,0,0,7093240190304530932,16298304412024348066,16298304412024348066,6574433158752466905,6057260160738608394,10194523322672084705
36,20,3112,8,10,0.175023,17780.51,0.091316,34079.36,0.080351,38729.98,0.096518,32242.67,0.102565,30341.75,0.087799,35444.68,0.131061,23744.68,0.174833,0.019191,0.031813,0.087799,0.313635,0.032036,4,300990,319310,1573176,2455,0,0,0,3743,0,0,0,2155,0,0,0,1154,0,0,0,1528,0,0,0,38,0,0,0,7563100332776929518,687461197333270666,687461197333270666,16384805657344429015,356740887478117139,8145249913805349432
37,20,3542,8,10,0.202826,17463.21,0.106688,33199.65,0.079684,44450.37,0.094640,37425.87,0.117287,30199.52,0.090471,39150.79,0.155133,22832.04,0.203657,0.021343,0.033551,0.090471,0.349023,0.041043,7,329532,350487,1856610,2462,0,0,0,3847,0,0,0,2167,0,0,0,1315,0,0,0,1549,0,0,0,29,0,0,0,6934955249978313147,1118426461460424510,1118426461460424510,11130319918447802591,13508980544745782143,4869839566376345456
38,20,3277,8,10,0.182538,17952.41,0.100584,32579.80,0.071288,45968.31,0.080748,40582.90,0.107719,30421.76,0.076033,43099.55,0.145739,22485.43,0.183799,0.017608,0.036555,0.076033,0.313996,0.036398,4,301538,327138,1611276,2315,0,0,0,3359,0,0,0,1842,0,0,0,1201,0,0,0,1506,0,0,0,26,0,0,0,10826534107982434842,1687937502390301554,1687937502390301554,14880998821725494236,10726824166809309035,12179709181270666565
39,20,3906,8,10,0.177209,22041.76,0.082479,47357.47,0.069930,55855.96,0.084623,46157.54,0.099045,39436.48,0.121631,32113.60,0.145265,26888.73,0.179955,0.022693,0.037591,0.121631,0.361869,0.046034,4,328324,374714,1748414,2206,0,0,0,3467,0,0,0,1954,0,0,0,1320,0,0,0,958,0,0,0,28,0,0,0,10551584307286673638,8967265057765977749,8967265057765977749,12869451416617223179,5297156803161003733,2085436384820319277
40,20,3213,8,10,0.163840,19610.62,0.085724,37480.86,0.075814,42379.84,0.088366,36360.31,0.099893,32164.53,0.088269,36400.04,0.130001,24715.24,0.167035,0.019524,0.026314,0.088269,0.301142,0.033747,10,295534,317404,1626745,2180,0,0,0,3630,0,0,0,1863,0,0,0,1198,0,0,0,1381,0,0,0,21,0,0,0,621994657313560660,12272923184962153294,12272923184962153294,1595797625719000350,12932879096035024798,3280352430905909589
41,20,3172,8,10,0.225689,14054.75,0.131366,24146.26,0.092609,34251.44,0.071230,44531.81,0.124024,25575.78,0.090053,35223.55,0.177610,17859.39,0.226277,0.017961,0.033959,0.090053,0.368250,0.034708,4,293673,309483,1856033,1877,0,0,0,2823,0,0,0,1694,0,0,0,1130,0,0,0,1456,0,0,0,34,0,0,0,14690962474631979609,1716489673441745861,1716489673441745861,14424028949985265276,17666871927633356973,4130617973104682407
42,20,3346,8,10,0.223160,14993.70,0.109185,30645.15,0.072490,46158.30,0.080425,41603.84,0.119563,27985.15,0.085093,39321.63,0.167778,19942.96,0.225692,0.021007,0.034658,0.085093,0.366451,0.036835,5,312719,333544,1736318,2235,0,0,0,3269,0,0,0,1983,0,0,0,1277,0,0,0,1526,0,0,0,31,0,0,0,39194665796153674,12823470088544487663,12823470088544487663,3698939559081782561,9732428094144221835,9216604066230877732
43,20,3333,8,10,0.180564,18458.84,0.101269,32912.19,0.075852,43940.95,0.085422,39018.22,0.107648,30962.10,0.080659,41322.07,0.141663,23527.72,0.181535,0.020882,0.035890,0.080659,0.318966,0.038038,4,303716,331361,1576105,2486,0,0,0,3727,0,0,0,1787,0,0,0,1278,0,0,0,1412,0,0,0,28,0,0,0,14825816366411666443,5127975018920351813,5127975018920351813,17104082429718400078,11000665754255734226,5760116927564223073
44,20,3336,8,10,0.169094,19728.62,0.078891,42286.08,0.068128,48966.75,0.080096,41649.91,0.090115,37019.43,0.075853,43979.65,0.123581,26994.35,0.168932,0.022063,0.035044,0.075853,0.301892,0.038955,4,324345,344825,1836882,1953,0,0,0,3081,0,0,0,1704,0,0,0,1020,0,0,0,1223,0,0,0,33,0,0,0,1321515547723581787,1298646386324572294,1298646386324572294,4402047289388166837,4397107831732399285,9932429747377768474
45,20,3292,8,10,0.228683,14395.44,0.135956,24213.66,0.092656,35529.40,0.092300,35666.44,0.143790,22894.48,0.121424,27111.65,0.186378,17663.03,0.231130,0.018458,0.025541,0.121424,0.396553,0.035133,12,309628,335863,1675411,2374,0,0,0,3796,0,0,0,1869,0,0,0,1431,0,0,0,1507,0,0,0,37,0,0,0,5774826066292786163,17821525494553379179,17821525494553379179,699982895030636785,9805422291111858835,12027829325665595136
46,20,3612,8,10,0.214258,16858.21,0.110379,32723.48,0.089073,40551.09,0.099717,36222.56,0.113102,31935.88,0.093100,38797.05,0.165168,21868.70,0.217180,0.018968,0.036113,0.093100,0.365362,0.043226,5,317817,355232,1703382,2620,0,0,0,4084,0,0,0,2154,0,0,0,1432,0,0,0,1649,0,0,0,64,0,0,0,14222090453481920824,14140302930304034178,14140302930304034178,4058638041465815652,15564329722358693054,17251368429072210618
47,20,3239,8,10,0.183050,17694.58,0.090485,35795.94,0.075663,42808.52,0.089077,36361.68,0.099386,32590.27,0.087750,36911.67,0.129600,24992.34,0.184881,0.022562,0.033236,0.087750,0.328429,0.035083,5,307685,328855,1660063,1924,0,0,0,3533,0,0,0,2147,0,0,0,1182,0,0,0,1632,0,0,0,46,0,0,0,8402597415650277794,6590573694314261103,6590573694314261103,9984712190655147326,14784677001767350588,59410272761280544
48,20,3221,8,10,0.175178,18387.00,0.085610,37624.19,0.073403,43881.24,0.081290,39623.66,0.091467,35214.84,0.075737,42528.58,0.121470,26516.87,0.175664,0.022136,0.034884,0.075737,0.308421,0.036542,6,328095,348735,1670513,2147,0,0,0,3120,0,0,0,1918,0,0,0,1251,0,0,0,1454,0,0,0,31,0,0,0,3680744128698239992,1948507991632031401,1948507991632031401,6833031378820483621,18075870920865840312,6599178918410076073
49,20,3311,8,10,0.198201,16705.30,0.101665,32567.80,0.075178,44042.05,0.094789,34930.20,0.110457,29975.43,0.086032,38485.83,0.160088,20682.34,0.201475,0.020419,0.031747,0.086032,0.339673,0.039724,7,324314,350869,1773140,2062,0,0,0,2913,0,0,0,1575,0,0,0,1084,0,0,0,1308,0,0,0,35,0,0,0,1792101759426162048,6999928176935487356,6999928176935487356,14611565720828257145,8870570953485126326,7466915459343591325
50,20,3260,8,10,0.213850,15244.30,0.105629,30862.78,0.082630,39452.89,0.086837,37541.79,0.107017,30462.54,0.080679,40406.92,0.157715,20670.20,0.216621,0.021050,0.029585,0.080679,0.347934,0.033596,10,316404,336579,1724583,2255,0,0,0,3277,0,0,0,2034,0,0,0,1278,0,0,0,1260,0,0,0,14,0,0,0,1713341637912926691,4076953047749846581,4076953047749846581,4031457584957362941,11298571279842213014,1091122041031804763
51,20,3786,8,10,0.176023,21508.50,0.091832,41227.48,0.073906,51227.30,0.088493,42783.13,0.103692,36511.97,0.080081,47277.01,0.160581,23576.82,0.179555,0.019292,0.038919,0.080081,0.317848,0.043310,4,308146,741941,1588564,2242,0,0,0,3304,0,0,0,1737,0,0,0,1188,0,0,0,1478,0,0,0,21,0,0,0,2943640497198566361,6182093752936894171,6182093752936894171,11757579040625692882,5474761661207321533,15246645028990009119
52,20,3533,8,10,0.167195,21131.02,0.078927,44762.71,0.072625,48646.91,0.082502,42823.42,0.091331,38683.64,0.077795,45414.39,0.120791,29248.95,0.170037,0.019782,0.033265,0.077795,0.300879,0.043493,10,321990,348425,1708225,2141,0,0,0,3429,0,0,0,1794,0,0,0,1201,0,0,0,1345,0,0,0,36,0,0,0,3515689627589800758,8529339918838022241,8529339918838022241,12880306679949801686,13765001327702232714,13215218319582459915
53,20,3261,8,10,0.198732,16409.05,0.100595,32417.24,0.082199,39672.09,0.097286,33519.63,0.109830,29691.46,0.094492,34510.82,0.150420,21679.27,0.200751,0.019281,0.031520,0.094492,0.346045,0.036248,8,310516,330836,1726112,2034,0,0,0,3621,0,0,0,2066,0,0,0,1111,0,0,0,1302,0,0,0,15,0,0,0,11713364823005596917,12657520999533581647,12657520999533581647,16952368479829949096,346274570497735794,12309116966049294105
54,20,3335,8,10,0.178293,18705.16,0.089106,37427.15,0.074131,44987.68,0.083872,39762.83,0.099202,33618.37,0.094364,35341.76,0.132141,25238.20,0.181587,0.020529,0.029294,0.094364,0.325775,0.036463,8,306653,331323,1765867,2262,0,0,0,3472,0,0,0,1930,0,0,0,1283,0,0,0,1536,0,0,0,20,0,0,0,17674099427422687283,13464661956725833930,13464661956725833930,3721845211824433833,1091445405507117197,1927603079303827987
55,20,3358,8,10,0.238238,14095.14,0.125550,26746.33,0.098598,34057.45,0.105058,31963.23,0.119730,28046.49,0.086226,38944.28,0.186407,18014.30,0.239938,0.019159,0.036895,0.086226,0.382217,0.040248,4,318505,339900,1627209,2406,0,0,0,4104,0,0,0,2235,0,0,0,1276,0,0,0,1644,0,0,0,55,0,0,0,8521377353350838818,8130040584368567946,8130040584368567946,3689300782433924168,7787303343937146940,17643588843386933193
56,20,3527,8,10,0.191094,18456.85,0.098887,35666.81,0.077452,45537.77,0.086091,40968.44,0.107925,32679.97,0.076587,46051.98,0.153097,23037.63,0.193044,0.019694,0.032358,0.076587,0.321684,0.040891,5,331171,390561,1768156,2574,0,0,0,4003,0,0,0,1965,0,0,0,1361,0,0,0,1358,0,0,0,40,0,0,0,8029641022621099613,3219337303712135648,3219337303712135648,4475699914232583627,10728048598797434192,14214120082961281072
57,20,4619,8,10,0.153090,30171.78,0.080244,57561.66,0.072751,63490.50,0.082309,56117.69,0.084536,54639.24,0.077278,59770.92,0.170396,27107.41,0.155621,0.024053,0.041677,0.077278,0.298629,0.053713,4,349788,688743,1651889,3789,0,0,0,4840,0,0,0,1649,0,0,0,1111,0,0,0,1443,0,0,0,24,0,0,0,4694397228725182360,9866402929372739689,9866402929372739689,14532049609325982247,16590390836973282697,15326592579469127251
58,20,3089,8,10,0.168315,18352.47,0.083443,37019.10,0.071886,42970.54,0.080686,38284.26,0.091227,33860.72,0.081698,37809.77,0.128764,23989.72,0.169958,0.017827,0.029924,0.081698,0.299407,0.033077,9,300516,320316,1716697,2082,0,0,0,3444,0,0,0,1802,0,0,0,966,0,0,0,1134,0,0,0,31,0,0,0,14967413734776521303,10671035031902133593,10671035031902133593,15530338555890099049,3450038952069014221,5904303943389770811
59,20,3328,8,10,0.190103,17506.28,0.093438,35617.30,0.069752,47711.61,0.095731,34764.11,0.106505,31247.29,0.088207,37729.36,0.143185,23242.62,0.190387,0.020694,0.035048,0.088207,0.334336,0.038595,7,336971,359831,1550383,1803,0,0,0,2878,0,0,0,1885,0,0,0,1007,0,0,0,1181,0,0,0,28,0,0,0,10198801070356025622,16813382557770537347,16813382557770537347,17350733000639664814,12900182485775498630,10673674317234409290
60,20,3395,8,10,0.208422,16289.03,0.097439,34842.33,0.085191,39851.58,0.091528,37092.32,0.107470,31590.30,0.083748,40538.28,0.156617,21677.04,0.210400,0.022205,0.040746,0.083748,0.357100,0.040637,4,354147,378467,1758831,2027,0,0,0,3804,0,0,0,1864,0,0,0,1006,0,0,0,1440,0,0,0,26,0,0,0,8140013145911561760,13421131746937531313,13421131746937531313,4134261970213430651,2883827043701971571,4411327783968332383
61,20,3771,8,10,0.197124,19130.05,0.102633,36742.47,0.080019,47126.09,0.098077,38449.54,0.115102,32762.25,0.091491,41217.22,0.175133,21532.23,0.199627,0.020040,0.030641,0.091491,0.341799,0.043149,9,302971,444621,1778453,2370,0,0,0,3516,0,0,0,1987,0,0,0,1245,0,0,0,1381,0,0,0,24,0,0,0,15009656102374566996,16771168768517745429,16771168768517745429,6756318983784123903,6657796838917484453,13866400834323402899
62,20,3241,8,10,0.189041,17144.44,0.097346,33293.74,0.074089,43744.91,0.089082,36382.33,0.098197,33005.11,0.086569,37438.32,0.134750,24052.01,0.191021,0.019464,0.031247,0.086569,0.328301,0.034983,6,310040,327495,1748224,2000,0,0,0,3432,0,0,0,2050,0,0,0,1102,0,0,0,1359,0,0,0,25,0,0,0,6468140251720399726,15964453409793046154,15964453409793046154,10713681987636966561,13332232828307479533,7598876080276988745
63,20,3284,8,10,0.162697,20184.72,0.081205,40440.66,0.073272,44819.23,0.085124,38579.21,0.087855,37379.70,0.076011,43204.13,0.121167,27103.12,0.163653,0.019680,0.041700,0.076011,0.301043,0.037102,4,317279,337994,1561378,2097,0,0,0,3147,0,0,0,1464,0,0,0,1177,0,0,0,1288,0,0,0,26,0,0,0,3835674434900653937,5107030941666991643,5107030941666991643,15723925595077262712,7652025236474292961,7931640079525636345
64,20,3296,8,10,0.195795,16833.92,0.091653,35961.82,0.068221,48313.89,0.081733,40326.34,0.107376,30695.73,0.081601,40391.79,0.149316,22073.97,0.196497,0.019716,0.031006,0.081601,0.328819,0.035255,6,310610,331035,1493964,1895,0,0,0,2905,0,0,0,1781,0,0,0,1178,0,0,0,1440,0,0,0,16,0,0,0,2384849086485777238,8996448678974025815,8996448678974025815,5877842366171105259,1271925616508215696,5691734964807644312
65,20,3413,8,10,0.216940,15732.43,0.108170,31552.04,0.083744,40755.29,0.089397,38178.23,0.109890,31058.39,0.084241,40514.54,0.168859,20212.10,0.217656,0.022882,0.047693,0.084241,0.372473,0.038367,3,349235,399615,1915349,2149,0,0,0,3135,0,0,0,1940,0,0,0,1201,0,0,0,1400,0,0,0,24,0,0,0,6219563458026191791,781924526893038159,781924526893038159,12587413683315182128,10982288411946551158,18045168000466633615
66,20,3099,8,10,0.204350,15165.17,0.097508,31781.85,0.073661,42071.17,0.083998,36893.92,0.104117,29764.62,0.078502,39476.61,0.148113,20923.19,0.205914,0.018260,0.027571,0.078502,0.330247,0.035711,9,296403,317643,1950400,1898,0,0,0,2759,0,0,0,1858,0,0,0,1185,0,0,0,1297,0,0,0,42,0,0,0,7678932288274303671,16992454386511075429,16992454386511075429,8907944358725588124,14456307688713539791,2528102278321391258
67,20,2905,8,10,0.164025,17710.74,0.071889,40409.37,0.063926,45443.35,0.071018,40905.28,0.083956,34601.57,0.070801,41030.32,0.118464,24522.14,0.164778,0.019582,0.031473,0.070801,0.286634,0.033655,7,312626,329806,1636309,1761,0,0,0,2878,0,0,0,1529,0,0,0,975,0,0,0,1179,0,0,0,19,0,0,0,4057977788388499535,2011900117178369521,2011900117178369521,4595117459805582688,3706594603932114512,13662843990986049029
68,20,3243,8,10,0.176124,18413.16,0.083908,38649.70,0.066207,48982.80,0.076784,42235.24,0.097091,33401.76,0.071503,45354.65,0.139807,23196.22,0.177520,0.019671,0.039797,0.071503,0.308491,0.037713,3,308576,345616,1576040,1616,0,0,0,2769,0,0,0,1650,0,0,0,1030,0,0,0,1525,0,0,0,19,0,0,0,8181143512127505684,8606946580843369287,8606946580843369287,4386040585728967231,7666710670901267463,8953493358659521147
69,20,3199,8,10,0.261570,12230.00,0.148618,21524.93,0.093392,34253.49,0.094063,34009.02,0.157014,20374.00,0.102766,31128.95,0.218255,14657.17,0.263360,0.027871,0.045481,0.102766,0.439478,0.037683,4,421390,444250,1661011,2079,0,0,0,3450,0,0,0,1804,0,0,0,1191,0,0,0,1756,0,0,0,36,0,0,0,6747729680093027847,16526250330736005464,16526250330736005464,5184882143591323748,14031796936316389177,12505095854243749094
70,20,3347,8,10,0.267523,12511.10,0.124997,26776.56,0.080539,41557.60,0.090148,37127.79,0.133663,25040.66,0.081459,41088.38,0.201024,16649.72,0.268315,0.019969,0.035146,0.081459,0.404888,0.040758,4,303968,331363,1485173,1684,0,0,0,2280,0,0,0,2208,0,0,0,1129,0,0,0,1374,0,0,0,13,0,0,0,11651701584309774756,7025428533245431934,7025428533245431934,12031778905352071083,7666142178388511345,3831245556011121664
71,20,3337,8,10,0.277536,12023.69,0.143623,23234.40,0.110109,30306.39,0.106479,31339.59,0.143353,23278.12,0.088771,37591.16,0.218031,15305.17,0.279188,0.020366,0.032854,0.088771,0.421179,0.038559,6,313838,337973,1817771,2254,0,0,0,2777,0,0,0,2258,0,0,0,1174,0,0,0,1465,0,0,0,21,0,0,0,1411717329954303584,6711173733927638477,6711173733927638477,5822623134251019505,8538132940305571359,5280105459425427790
72,20,3312,8,10,0.273031,12130.50,0.161023,20568.50,0.094967,34875.33,0.102872,32195.27,0.162541,20376.45,0.110174,30061.43,0.211481,15661.01,0.273035,0.019235,0.029995,0.110174,0.432439,0.036398,6,297271,312446,1681437,1964,0,0,0,3175,0,0,0,2130,0,0,0,1268,0,0,0,1461,0,0,0,12,0,0,0,13915830756356604578,18316510356461929362,18316510356461929362,14221171934861194328,349563805020743913,8033399286376383922
73,20,2908,8,10,0.266273,10921.12,0.153210,18980.43,0.101332,28697.86,0.112732,25795.80,0.144762,20088.17,0.091734,31700.39,0.182915,15898.07,0.266722,0.018188,0.027232,0.091734,0.403875,0.032143,8,271120,292225,1624125,1856,0,0,0,2564,0,0,0,1800,0,0,0,984,0,0,0,1415,0,0,0,19,0,0,0,17804061255795942639,13365255517007182148,13365255517007182148,2223782543682225448,12188728440709845491,5354001509411527222
74,20,3623,8,10,0.314511,11519.47,0.167692,21605.13,0.105826,34235.31,0.104889,34541.22,0.165873,21842.03,0.083214,43538.18,0.254622,14228.92,0.315088,0.021352,0.040058,0.083214,0.459712,0.041327,4,325407,353747,1865936,1994,0,0,0,1869,0,0,0,2058,0,0,0,979,0,0,0,1339,0,0,0,17,0,0,0,6263291649068637517,10876265906338913750,10876265906338913750,17978546241160652132,6214000988060124649,3903784836049466882
75,20,3890,8,10,0.267732,14529.44,0.142631,27273.17,0.094633,41106.27,0.093871,41439.80,0.126757,30688.65,0.072839,53405.69,0.227639,17088.50,0.269333,0.021940,0.037901,0.072839,0.402013,0.050372,4,331212,419687,1776485,2561,0,0,0,2034,0,0,0,1646,0,0,0,864,0,0,0,1191,0,0,0,12,0,0,0,15902799898464341026,4625172508445578967,4625172508445578967,4461149544407775558,10474988625009630409,2041652812174094314
76,20,3171,8,10,0.278753,11375.65,0.153003,20725.07,0.119253,26590.50,0.128503,24676.48,0.158833,19964.40,0.083816,37832.95,0.218736,14496.94,0.281600,0.017058,0.034096,0.083816,0.416569,0.033937,5,308126,333051,1444530,2174,0,0,0,2511,0,0,0,2162,0,0,0,1156,0,0,0,1497,0,0,0,25,0,0,0,14577382305120507168,15691311366805102432,15691311366805102432,4862970982017026073,15428165507842969399,7691343885015795083
77,20,3419,8,10,0.209859,16291.91,0.102178,33461.32,0.073837,46304.99,0.085064,40193.41,0.116987,29225.55,0.080376,42537.77,0.166165,20575.89,0.212778,0.019042,0.033770,0.080376,0.345966,0.040181,5,300174,360969,1581487,2289,0,0,0,3022,0,0,0,1707,0,0,0,1011,0,0,0,1521,0,0,0,17,0,0,0,273087321699858183,7535598812283382627,7535598812283382627,10793699164359898480,8260210547547468611,16903388284930817559
78,20,3157,8,10,0.302236,10445.47,0.158389,19931.92,0.109758,28763.41,0.118799,26574.20,0.164264,19219.04,0.086122,36657.34,0.237849,13273.10,0.307325,0.020004,0.033558,0.086122,0.447010,0.035743,4,308571,333876,1823386,1992,0,0,0,2543,0,0,0,2099,0,0,0,1156,0,0,0,1603,0,0,0,35,0,0,0,7393601232110200424,1062248293173653634,1062248293173653634,15647319237216251105,8507964976414776449,16473623790668777353
79,20,3364,8,10,0.289394,11624.28,0.159054,21150.08,0.093588,35944.82,0.115469,29133.26,0.147898,22745.42,0.080662,41704.87,0.245183,13720.38,0.288982,0.019601,0.037538,0.080662,0.426783,0.037094,4,305630,379055,1755264,2747,0,0,0,2851,0,0,0,2274,0,0,0,1006,0,0,0,1276,0,0,0,11,0,0,0,10462952634068970453,10779481572104866771,10779481572104866771,6077004706915229584,7812476388201917049,5422692433497070465
80,20,3246,8,10,0.270791,11987.09,0.130519,24869.88,0.092227,35195.60,0.091830,35348.12,0.132027,24585.87,0.076613,42369.00,0.221929,14626.31,0.272869,0.019812,0.030514,0.076613,0.399808,0.035909,7,287429,325919,1951068,2042,0,0,0,3087,0,0,0,1566,0,0,0,1058,0,0,0,1354,0,0,0,54,0,0,0,2135413547631969778,13531561740450144550,13531561740450144550,9136489154293245175,16230267623350420298,14524664791447096332
81,20,3459,8,10,0.273780,12634.22,0.149953,23067.23,0.110348,31346.16,0.110927,31182.58,0.146995,23531.47,0.074511,46422.69,0.227076,15232.77,0.276876,0.018163,0.034263,0.074511,0.403814,0.041995,4,301042,338352,1939265,2045,0,0,0,2460,0,0,0,1658,0,0,0,1096,0,0,0,1291,0,0,0,16,0,0,0,9869652663825888981,1344124804455561360,1344124804455561360,1701379249946044617,15308279259408219232,16800740794030919967
82,20,3137,8,10,0.267608,11722.36,0.154202,20343.48,0.117723,26647.39,0.116633,26896.31,0.149249,21018.57,0.082711,37927.10,0.214648,14614.62,0.273208,0.019629,0.031333,0.082711,0.406882,0.034163,8,330298,346553,1755650,2003,0,0,0,2991,0,0,0,2388,0,0,0,1289,0,0,0,1392,0,0,0,27,0,0,0,14552676649996471233,15892441763979029056,15892441763979029056,10296734206652137730,12854778345516091628,6638955126806508996
83,20,3078,8,10,0.286999,10724.76,0.171253,17973.36,0.124445,24733.72,0.134602,22867.49,0.168676,18247.97,0.080751,38116.97,0.228781,13453.94,0.288538,0.018259,0.031536,0.080751,0.419085,0.033244,5,278906,299731,1666584,1719,0,0,0,1253,0,0,0,1775,0,0,0,1220,0,0,0,1497,0,0,0,26,0,0,0,12890371975222347029,8287216148124574030,8287216148124574030,16921936437057100137,8415844581802256524,5693903039333163691
84,20,3158,8,10,0.275859,11447.86,0.147763,21372.13,0.085329,37009.54,0.110426,28598.39,0.149334,21147.18,0.088621,35634.93,0.228286,13833.55,0.274261,0.025309,0.039683,0.088621,0.427874,0.033536,3,286539,301189,1764732,1704,0,0,0,2132,0,0,0,2021,0,0,0,916,0,0,0,1168,0,0,0,27,0,0,0,5036282010404903601,8117495968087485490,8117495968087485490,2852589518483061341,9752670045264425201,12415348234861761006
85,20,3249,8,10,0.263727,12319.55,0.127533,25475.68,0.084990,38227.81,0.095437,34043.36,0.130834,24832.96,0.088751,36608.02,0.195106,16652.53,0.264651,0.020051,0.037061,0.088751,0.410514,0.038426,6,327446,342826,1476428,1830,0,0,0,3045,0,0,0,1707,0,0,0,1044,0,0,0,1206,0,0,0,21,0,0,0,6296513351239673108,5737710725279066602,5737710725279066602,3645415504346682435,5153413774842698112,5695507327784196265
86,20,3484,8,10,0.276470,12601.71,0.113793,30617.03,0.080405,43330.76,0.107156,32513.37,0.134039,25992.46,0.107057,32543.47,0.203580,17113.69,0.280241,0.021684,0.036906,0.107057,0.445888,0.050740,8,366471,411041,2058849,2013,0,0,0,2691,0,0,0,2545,0,0,0,1450,0,0,0,1853,0,0,0,32,0,0,0,2388752443415124676,8694011824082735433,8694011824082735433,13950273030032889897,12788727509141964777,14278217724656357899
87,20,3299,8,10,0.314591,10486.64,0.148143,22269.04,0.112694,29273.94,0.120515,27374.25,0.148228,22256.23,0.087073,37887.82,0.247424,13333.37,0.320075,0.021498,0.038811,0.087073,0.467456,0.042665,4,337259,365414,2701737,1410,0,0,0,1848,0,0,0,1916,0,0,0,949,0,0,0,1366,0,0,0,58,0,0,0,8037294949743813162,2798256886469510291,2798256886469510291,1302017372201974021,3761018220270000796,3484975186951347037
88,20,3173,8,10,0.304057,10435.54,0.171687,18481.36,0.119345,26586.72,0.119584,26533.74,0.155403,20417.91,0.124532,25479.34,0.227935,13920.63,0.305350,0.020610,0.036820,0.124532,0.487312,0.037881,4,297358,315783,1820126,1773,0,0,0,2383,0,0,0,2178,0,0,0,1116,0,0,0,874,0,0,0,26,0,0,0,4332438378087950670,14299457555910609166,14299457555910609166,9194609552152541088,10579873675268233724,13401799175162781081
89,20,3434,8,10,0.301157,11402.68,0.160262,21427.42,0.104255,32938.62,0.136216,25210.04,0.176790,19424.21,0.112713,30466.69,0.255482,13441.24,0.303053,0.019498,0.032465,0.112713,0.467729,0.044768,7,309707,356152,1797483,2223,0,0,0,1696,0,0,0,2188,0,0,0,1103,0,0,0,1453,0,0,0,32,0,0,0,13364439291421646456,3725738983576610797,3725738983576610797,12348066457380527634,15081510546348721665,13053852379131078550
90,20,3160,8,10,0.273368,11559.51,0.151017,20924.81,0.107517,29390.61,0.108954,29003.16,0.147418,21435.63,0.083699,37754.13,0.157053,20120.63,0.277963,0.014987,0.034878,0.083699,0.411527,0.037000,5,288071,305586,1845096,1929,0,0,0,2570,0,0,0,2324,0,0,0,1134,0,0,0,1443,0,0,0,23,0,0,0,10732769164691562059,12816643255352625000,12816643255352625000,15324189204804615391,12834867207192162909,9214328191341311550
91,20,3049,8,10,0.207219,14713.87,0.115981,26288.69,0.081951,37205.24,0.086846,35108.26,0.124200,24549.09,0.081099,37596.10,0.161258,18907.56,0.208404,0.017090,0.031685,0.081099,0.338278,0.035500,5,285066,305176,1982959,1902,0,0,0,3591,0,0,0,1835,0,0,0,1164,0,0,0,1372,0,0,0,23,0,0,0,1786508329021146100,14066532071928210501,14066532071928210501,3869424286101936842,1972762329019155710,16112112900042835941
92,20,3355,8,10,0.188273,17819.88,0.107457,31221.74,0.078585,42692.60,0.096706,34692.62,0.099789,33621.04,0.078446,42768.20,0.144969,23142.92,0.191995,0.026522,0.039856,0.078446,0.336819,0.041423,7,389477,410537,1782205,1959,0,0,0,3151,0,0,0,1937,0,0,0,1238,0,0,0,1630,0,0,0,34,0,0,0,5994269770047210006,12109131455790019134,12109131455790019134,14172300840089938952,3242259865650449246,14960798931338556970
93,20,3315,8,10,0.185237,17895.98,0.091520,36221.44,0.075823,43720.15,0.094175,35200.26,0.100116,33111.49,0.085237,38891.66,0.137066,24185.40,0.189236,0.020947,0.037917,0.085237,0.333336,0.039544,6,328594,353174,1959164,2095,0,0,0,3309,0,0,0,1764,0,0,0,1061,0,0,0,1448,0,0,0,20,0,0,0,3709567738070130913,2427435813995450798,2427435813995450798,107764267923986320,2854931682501591171,5021201957095471761
94,20,3585,8,10,0.297791,12038.66,0.137296,26111.51,0.087383,41026.51,0.089898,39878.40,0.144650,24783.91,0.103726,34562.11,0.228780,15670.10,0.300220,0.020135,0.040171,0.103726,0.464253,0.042668,4,337476,363266,1885288,2248,0,0,0,3276,0,0,0,1951,0,0,0,1221,0,0,0,1618,0,0,0,25,0,0,0,10584468819643430847,855328003027926057,855328003027926057,17503069718853731948,17801445590861769175,7345431603237504782
95,20,3433,8,10,0.306613,11196.52,0.178548,19227.36,0.109674,31301.80,0.145395,23611.52,0.181630,18901.04,0.116187,29547.27,0.269656,12731.04,0.310156,0.017871,0.031217,0.116187,0.475431,0.037797,7,292858,367128,1822901,2498,0,0,0,2829,0,0,0,2455,0,0,0,1052,0,0,0,1477,0,0,0,12,0,0,0,5450648757495887553,8700137287483157315,8700137287483157315,12664320671606377396,12079361257360565252,4747616769957878908
96,20,3768,8,10,0.265363,14199.42,0.131538,28645.82,0.083242,45265.36,0.083728,45002.71,0.134721,27969.00,0.087619,43004.41,0.205437,18341.43,0.267548,0.022458,0.038190,0.087619,0.415815,0.048089,5,359987,392977,1710078,1752,0,0,0,2731,0,0,0,2027,0,0,0,1140,0,0,0,1331,0,0,0,21,0,0,0,10993566970112668974,13811518868950265033,13811518868950265033,10798324732555428323,11412589561617929835,10794928509715603554
97,20,2631,8,10,0.276371,9519.80,0.139199,18900.93,0.090325,29128.12,0.087066,30218.29,0.139238,18895.74,0.081464,32296.61,0.216760,12137.84,0.279358,0.019503,0.034021,0.081464,0.414345,0.025077,5,335522,359177,1680596,1415,0,0,0,1684,0,0,0,1366,0,0,0,632,0,0,0,1296,0,0,0,13,0,0,0,11010388070413594723,4677520415560705293,4677520415560705293,13193751104915848049,5138091552962066448,545203859091323865
98,20,2924,8,10,0.305695,9565.08,0.156330,18704.06,0.106006,27583.42,0.118548,24665.12,0.148983,19626.38,0.069115,42306.16,0.251107,11644.43,0.306440,0.018633,0.039400,0.069115,0.433588,0.028048,4,300273,342008,1536706,1419,0,0,0,1082,0,0,0,1495,0,0,0,700,0,0,0,1068,0,0,0,18,0,0,0,6606637516019396825,6199770523261726199,6199770523261726199,15439660318546740296,6498224189051421449,12969463481316989629
99,20,3030,8,10,0.320343,9458.62,0.172028,17613.43,0.100990,30002.83,0.119382,25380.74,0.168612,17970.28,0.081868,37010.58,0.245851,12324.56,0.322338,0.017472,0.037534,0.081868,0.459212,0.032721,3,284319,298904,1747847,1493,0,0,0,1889,0,0,0,1857,0,0,0,828,0,0,0,1077,0,0,0,20,0,0,0,16181233084475081737,17236385776455035667,17236385776455035667,11102987750957946945,8700683013852679506,4614348110181700825
100,20,2993,8,10,0.292666,10226.68,0.149909,19965.46,0.106049,28222.81,0.108756,27520.34,0.146469,20434.39,0.073403,40774.84,0.230833,12966.09,0.295111,0.018960,0.032681,0.073403,0.420155,0.031163,6,301432,323452,1681562,1686,0,0,0,2445,0,0,0,1661,0,0,0,887,0,0,0,1153,0,0,0,6,0,0,0,8364127473077363989,1653806415968172789,1653806415968172789,1833528931391477798,11263739526456685051,16649230577133556038
101,20,3430,8,10,0.302715,11330.78,0.159697,21478.24,0.114351,29995.41,0.121577,28212.68,0.160291,21398.65,0.083341,41156.01,0.239553,14318.31,0.305715,0.019042,0.029302,0.083341,0.437400,0.040051,10,306671,332191,2248449,1412,0,0,0,1248,0,0,0,1711,0,0,0,774,0,0,0,993,0,0,0,17,0,0,0,6776133024671282603,4264510819124546520,4264510819124546520,5136381461404177352,11205308765051748157,6805979162203116883
102,20,3109,8,10,0.326733,9515.41,0.157935,19685.33,0.102376,30368.38,0.117877,26374.90,0.171456,18132.90,0.092312,33679.13,0.251889,12342.72,0.329985,0.018260,0.031039,0.092312,0.471596,0.032512,6,298473,314918,1970952,1532,0,0,0,2242,0,0,0,1833,0,0,0,800,0,0,0,1289,0,0,0,17,0,0,0,7315448388826505755,8228115803360804891,8228115803360804891,8222723874377918474,15905006574678714884,18406984708746777386
103,20,3278,8,10,0.347726,9426.97,0.183562,17857.73,0.118115,27752.63,0.130880,25045.77,0.184091,17806.43,0.086750,37786.54,0.271277,12083.59,0.351738,0.017848,0.033679,0.086750,0.490015,0.036063,4,296035,313185,1994381,1694,0,0,0,1798,0,0,0,1673,0,0,0,879,0,0,0,1077,0,0,0,23,0,0,0,9003241086096869454,991067351333811516,991067351333811516,9999231770234636611,14998986034293602192,14911683026339897059
104,20,3406,8,10,0.313133,10877.18,0.164618,20690.29,0.111876,30444.34,0.116662,29195.56,0.153890,22132.69,0.069935,48702.35,0.255915,13309.12,0.316247,0.017813,0.035607,0.069935,0.439602,0.036831,4,288867,341792,1784723,1729,0,0,0,1831,0,0,0,1642,0,0,0,879,0,0,0,1186,0,0,0,14,0,0,0,4254927923081366112,7246465837023328089,7246465837023328089,13590809727550127946,9350068715152902125,6034433964500069804
105,20,3697,8,10,0.228017,16213.74,0.118733,31137.20,0.081122,45573.09,0.079021,46785.27,0.121663,30387.31,0.070936,52117.71,0.176313,20968.44,0.230219,0.020882,0.034811,0.070936,0.356848,0.039199,5,317504,361599,1733229,1736,0,0,0,1961,0,0,0,1628,0,0,0,1043,0,0,0,1245,0,0,0,15,0,0,0,9381767410576632438,8792955546353687418,8792955546353687418,18052648989984890496,5869625660938655986,11094496747163935070
106,20,3448,8,10,0.149971,22991.17,0.070232,49094.41,0.054825,62891.27,0.062405,55251.84,0.075981,45379.90,0.067606,51001.73,0.114230,30184.77,0.152224,0.021171,0.036898,0.067606,0.277898,0.037634,4,306588,356523,1636751,1356,0,0,0,2360,0,0,0,1630,0,0,0,896,0,0,0,1160,0,0,0,20,0,0,0,5158940822272996285,9557112152499102574,9557112152499102574,2708259616522456777,16788604744563852645,9787656033333024153
107,20,3376,8,10,0.214793,15717.46,0.099644,33880.72,0.076249,44276.03,0.087679,38504.09,0.114522,29478.99,0.082063,41138.89,0.155083,21768.93,0.215573,0.019916,0.038654,0.082063,0.356206,0.036603,4,312010,333910,1625482,1535,0,0,0,2178,0,0,0,1817,0,0,0,1030,0,0,0,1384,0,0,0,26,0,0,0,1569430187371752990,7554973272990561290,7554973272990561290,18302924542517747112,8169348387769091323,4849137165757556943
108,20,3298,8,10,0.212567,15515.07,0.105225,31342.33,0.072019,45793.34,0.075481,43692.93,0.104735,31489.06,0.072537,45466.58,0.151040,21835.22,0.214912,0.019057,0.036719,0.072537,0.343225,0.034284,4,303256,326786,1635280,1734,0,0,0,2574,0,0,0,1585,0,0,0,962,0,0,0,1319,0,0,0,17,0,0,0,3899379751052747925,15924789008460897721,15924789008460897721,15105073654717563747,1245649365276560593,774863303992835457
109,20,3340,8,10,0.180257,18529.11,0.090422,36937.98,0.066107,50524.32,0.068519,48745.40,0.096535,34598.76,0.074782,44663.04,0.133372,25042.67,0.182595,0.020320,0.032925,0.074782,0.310623,0.034868,6,323583,347338,1630782,1568,0,0,0,2470,0,0,0,1959,0,0,0,1018,0,0,0,1318,0,0,0,16,0,0,0,11831307042367852679,4798809912543740601,4798809912543740601,3899174969795023821,11098064840231186482,11555974925753658565
110,20,3206,8,10,0.214330,14958.22,0.115491,27759.67,0.080578,39787.30,0.091889,34889.90,0.123748,25907.54,0.095896,33431.93,0.164961,19434.94,0.216005,0.018147,0.035536,0.095896,0.365584,0.034179,4,298135,317460,1848503,1536,0,0,0,2220,0,0,0,1530,0,0,0,886,0,0,0,1108,0,0,0,13,0,0,0,8322389108215785621,6975861054623140851,6975861054623140851,8134772083618206961,42590364344245005,8803913283735684921
111,20,3852,8,10,0.213645,18029.88,0.115424,33372.71,0.071161,54130.92,0.078982,48770.43,0.123124,31285.49,0.098637,39052.14,0.167665,22974.35,0.219077,0.022897,0.036557,0.098637,0.377169,0.045431,6,328326,359686,1766000,1793,0,0,0,2251,0,0,0,1738,0,0,0,931,0,0,0,986,0,0,0,15,0,0,0,5476745621546602622,8729160079519398092,8729160079519398092,13320983600010818946,1550425424675700752,10945438820055126967
112,20,3429,8,10,0.198511,17273.61,0.103406,33160.64,0.071113,48219.06,0.072007,47620.26,0.105208,32592.47,0.086569,39609.89,0.146262,23444.23,0.195954,0.022665,0.028718,0.086569,0.333906,0.036183,12,338430,356000,1764223,1758,0,0,0,2907,0,0,0,1472,0,0,0,1065,0,0,0,1310,0,0,0,26,0,0,0,4720286161166146499,1508343684326213735,1508343684326213735,6130779725439830400,16495094995372385420,797929419210223901
113,20,3257,8,10,0.210785,15451.75,0.116085,28056.97,0.082769,39350.49,0.079402,41019.00,0.120378,27056.52,0.076950,42326.07,0.167696,19422.01,0.214336,0.016708,0.031072,0.076950,0.339065,0.031539,6,292775,320180,1802614,1409,0,0,0,1967,0,0,0,1835,0,0,0,818,0,0,0,909,0,0,0,12,0,0,0,17281908972785560207,13335539970276979468,13335539970276979468,16539086599171612008,5307902650149956784,10372987462808261849
114,20,3255,8,10,0.186433,17459.32,0.099139,32832.83,0.059182,55000.07,0.072191,45088.73,0.105381,30887.98,0.076189,42722.60,0.145980,22297.65,0.188029,0.020454,0.029738,0.076189,0.314411,0.034766,7,300943,329583,1727473,1520,0,0,0,2096,0,0,0,1370,0,0,0,779,0,0,0,1072,0,0,0,12,0,0,0,16371493342373688151,14807895102410962926,14807895102410962926,18070502671477800446,11836841002571265526,14405625388183381118
115,20,3162,8,10,0.167202,18911.22,0.076885,41126.26,0.054790,57711.72,0.065339,48393.85,0.082137,38496.77,0.076652,41251.31,0.115487,27379.68,0.169565,0.017761,0.016363,0.076652,0.280341,0.032326,19,284496,305886,1675918,1455,0,0,0,2362,0,0,0,1506,0,0,0,828,0,0,0,751,0,0,0,12,0,0,0,8236924262866129195,17760846886848686805,17760846886848686805,1932066881312086826,10775409479018988678,9456984625584261467
116,20,3543,8,10,0.259341,13661.56,0.132101,26820.29,0.082291,43054.36,0.082109,43149.77,0.127259,27840.94,0.069770,50781.41,0.201589,17575.39,0.260972,0.021958,0.038378,0.069770,0.391078,0.045102,4,335551,371941,1784634,1663,0,0,0,1868,0,0,0,1737,0,0,0,1041,0,0,0,1285,0,0,0,8,0,0,0,5610633490568702107,13967206613340516148,13967206613340516148,10436241837640121037,3782903864580814425,11166733174244101054
117,20,3491,8,10,0.309258,11288.30,0.143083,24398.46,0.092043,37927.94,0.104387,33442.94,0.148885,23447.69,0.081591,42786.70,0.229517,15210.17,0.311623,0.021032,0.036176,0.081591,0.450422,0.040606,4,327248,348058,1847904,1603,0,0,0,1445,0,0,0,1764,0,0,0,910,0,0,0,1450,0,0,0,26,0,0,0,11983861138346599383,14515557812863419431,14515557812863419431,12203978109154704768,16701776435451248421,9460682000001345980
118,20,3936,8,10,0.223886,17580.34,0.112250,35064.56,0.069299,56797.38,0.081499,48294.93,0.120787,32586.38,0.077821,50577.53,0.181483,21688.01,0.226578,0.021162,0.035786,0.077821,0.361348,0.046528,6,319017,362227,1839504,1795,0,0,0,2035,0,0,0,1513,0,0,0,834,0,0,0,1127,0,0,0,15,0,0,0,17345196853467973514,16516732276727107337,16516732276727107337,5444030217276069057,16392623857981487289,8451244399305024626
119,20,3622,8,10,0.257669,14056.81,0.151566,23897.26,0.118358,30602.20,0.118264,30626.42,0.152296,23782.62,0.076540,47321.76,0.215569,16802.06,0.260413,0.019078,0.033378,0.076540,0.389409,0.040604,4,284485,324640,1821786,1671,0,0,0,1783,0,0,0,1690,0,0,0,900,0,0,0,1327,0,0,0,18,0,0,0,17446547854590755089,8218472674380046301,8218472674380046301,9333107244285219396,4548211275112067892,9635232829831375853
120,20,3668,8,10,0.316350,11594.74,0.166643,22011.19,0.116009,31618.37,0.122730,29886.69,0.163194,22476.29,0.082683,44362.26,0.257658,14235.92,0.318426,0.021268,0.034873,0.082683,0.457250,0.042238,4,298105,344880,2105812,1649,0,0,0,2056,0,0,0,1649,0,0,0,880,0,0,0,1064,0,0,0,12,0,0,0,9412612869216430753,12646975590858728105,12646975590858728105,13883359238284208190,6335909113152242012,4746695364987319272
121,20,3282,8,10,0.262552,12500.37,0.122179,26862.19,0.058292,56303.09,0.068750,47738.35,0.129664,25311.56,0.075151,43671.87,0.189343,17333.66,0.265250,0.018403,0.036740,0.075151,0.395544,0.034751,4,294215,319445,1468852,1163,0,0,0,1012,0,0,0,888,0,0,0,585,0,0,0,876,0,0,0,9,0,0,0,6659086358142249352,1500375278334487187,1500375278334487187,15846646006711584259,591707906529372406,10885185628009839217
122,20,3337,8,10,0.197400,16904.74,0.094966,35139.01,0.069921,47725.59,0.077293,43173.34,0.101154,32989.17,0.081730,40829.45,0.143159,23309.70,0.199776,0.019521,0.031563,0.081730,0.332590,0.036476,6,297957,314317,2027819,1619,0,0,0,2468,0,0,0,1486,0,0,0,887,0,0,0,979,0,0,0,24,0,0,0,12208899274602694696,12130856565416293835,12130856565416293835,4651738054722882238,9966284036651986837,7001091342074986483
123,20,3284,8,10,0.226168,14520.15,0.118919,27615.32,0.077550,42347.02,0.085328,38486.61,0.127100,25837.83,0.083317,39415.69,0.175822,18677.93,0.229456,0.022217,0.039830,0.083317,0.374820,0.037416,4,328442,350557,1769735,1581,0,0,0,1938,0,0,0,1688,0,0,0,835,0,0,0,931,0,0,0,13,0,0,0,18059828024932920097,15979411194710784692,15979411194710784692,16086139625130757061,985291601631648284,349091135520711587
124,20,3548,8,10,0.209978,16897.04,0.107629,32965.09,0.069675,50922.32,0.072103,49207.36,0.112842,31442.18,0.078820,45013.93,0.166251,21341.19,0.211794,0.020285,0.028358,0.078820,0.339256,0.041889,9,302934,330614,1768972,1652,0,0,0,2152,0,0,0,1739,0,0,0,926,0,0,0,846,0,0,0,19,0,0,0,14056551831286442942,1699159228773712542,1699159228773712542,339407758160551969,11316736278167104125,15905386385957359188
125,20,3710,8,10,0.204948,18102.17,0.095857,38703.37,0.060435,61388.66,0.071170,52128.37,0.100914,36763.87,0.067134,55262.44,0.157649,23533.27,0.206732,0.021942,0.036659,0.067134,0.332467,0.041369,4,307529,333144,1681000,1462,0,0,0,2118,0,0,0,1623,0,0,0,827,0,0,0,1094,0,0,0,9,0,0,0,9362694876372808972,15418050818514069741,15418050818514069741,18147235873227733555,444913480522342358,5659258813693173795
126,20,3524,8,10,0.203780,17293.15,0.095503,36899.24,0.068752,51256.38,0.075536,46653.31,0.105056,33543.93,0.072234,48785.97,0.147100,23956.48,0.204199,0.021868,0.040006,0.072234,0.338307,0.040696,4,329082,347212,1790308,1716,0,0,0,2657,0,0,0,1780,0,0,0,1060,0,0,0,1299,0,0,0,15,0,0,0,7833290349180758063,10661112403663791612,10661112403663791612,5901308462737602955,16087697978596892190,1106435440272626566
127,20,3512,8,10,0.223878,15687.12,0.107251,32745.75,0.074116,47384.86,0.080969,43374.70,0.117591,29866.25,0.083587,42015.88,0.167389,20981.01,0.225969,0.021197,0.027957,0.083587,0.358711,0.042620,10,338569,370684,1789742,2039,0,0,0,2816,0,0,0,1871,0,0,0,1276,0,0,0,1246,0,0,0,39,0,0,0,11487579162901834466,13593482806145353534,13593482806145353534,13735486257149987145,7474847118843100435,13560223831279194673
128,20,3192,8,10,0.219427,14546.98,0.121177,26341.59,0.068680,46476.30,0.072035,44311.86,0.115295,27685.51,0.064547,49452.64,0.165342,19305.48,0.221666,0.020571,0.031406,0.064547,0.338190,0.032913,6,287269,304099,1758490,1536,0,0,0,2255,0,0,0,1598,0,0,0,925,0,0,0,1032,0,0,0,20,0,0,0,16230461720106972851,16240324593289088728,16240324593289088728,9731383293143518818,7589345261117612621,609138126952458978
129,20,3374,8,10,0.160931,20965.53,0.072277,46681.79,0.060999,55312.58,0.070845,47625.22,0.080014,42167.70,0.068560,49212.59,0.118341,28510.86,0.162206,0.021840,0.028989,0.068560,0.281595,0.038113,7,286909,314659,1647357,1822,0,0,0,2553,0,0,0,1669,0,0,0,895,0,0,0,1229,0,0,0,14,0,0,0,13580492497205226579,9044584879576878818,9044584879576878818,16974074402829682496,78911238365096760,7179793558639213927
130,20,3580,8,10,0.176242,20312.96,0.081768,43782.22,0.068832,52010.73,0.083950,42644.42,0.092374,38755.40,0.075251,47574.42,0.130211,27493.93,0.176649,0.019314,0.032468,0.075251,0.303682,0.043872,7,305794,331679,2010446,1914,0,0,0,2783,0,0,0,1591,0,0,0,1095,0,0,0,1357,0,0,0,24,0,0,0,7576056643995415531,16587944045841083682,16587944045841083682,987389865069316905,6530838016380491807,8253506247324729334
131,20,3464,8,10,0.186574,18566.38,0.088385,39192.07,0.240880,14380.63,0.218491,15854.19,0.101022,34289.63,0.082913,41778.81,0.134680,25720.22,0.187395,0.018902,0.033901,0.082913,0.323111,0.038299,4,287739,305199,1758122,1509,0,0,0,0,0,0,0,0,0,0,0,864,0,0,0,1198,0,0,0,12,0,0,0,9772981498550389820,6739447958286754628,9772981498550389820,721974322294621169,3117192368013512853,14064592901163006933
132,20,3312,8,10,0.234008,14153.37,0.127195,26038.73,0.073326,45168.16,0.084517,39187.42,0.127025,26073.57,0.074923,44205.63,0.181037,18294.61,0.235868,0.019143,0.035208,0.074923,0.365142,0.038158,4,283026,307506,1726144,1553,0,0,0,2436,0,0,0,1643,0,0,0,977,0,0,0,1248,0,0,0,16,0,0,0,15482421872912729606,2726380392442268034,2726380392442268034,13777838455602300343,9264549549434855440,4798919029578769658
133,20,4012,8,10,0.279332,14362.81,0.146669,27354.02,0.108974,36816.04,0.110511,36304.18,0.138559,28955.11,0.074762,53663.48,0.222399,18039.67,0.281111,0.021449,0.031954,0.074762,0.409277,0.049021,8,329217,378167,2004532,2261,0,0,0,1805,0,0,0,1774,0,0,0,801,0,0,0,1120,0,0,0,18,0,0,0,10393747566153339594,11083277562627010535,11083277562627010535,12581554873512066134,7823684267257321693,8664763975068358587
134,20,3444,8,10,0.217679,15821.50,0.115019,29942.78,0.078480,43883.77,0.081838,42082.93,0.118439,29078.28,0.076829,44826.72,0.168590,20428.20,0.219173,0.018937,0.036943,0.076829,0.351882,0.038855,3,290468,321418,1837304,1847,0,0,0,2293,0,0,0,1576,0,0,0,880,0,0,0,1168,0,0,0,13,0,0,0,10793343412358802840,371184305364654204,371184305364654204,2280034121948274008,12085661085152439410,6114442216408180915
135,20,3885,8,10,0.172413,22533.16,0.079167,49073.27,0.064334,60388.32,0.079967,48582.56,0.089591,43363.53,0.077795,49938.66,0.134264,28935.54,0.174339,0.021573,0.036864,0.077795,0.310570,0.047039,4,316983,381493,1951291,1807,0,0,0,2769,0,0,0,1743,0,0,0,1086,0,0,0,1087,0,0,0,15,0,0,0,4591142576045687584,5934480011754248732,5934480011754248732,14482152004182849015,3638493924796126212,10495037654451304978
136,20,3111,8,10,0.182913,17008.05,0.094763,32829.43,0.063271,49169.26,0.068955,45116.32,0.094545,32904.89,0.069955,44471.53,0.140904,22078.80,0.184544,0.018914,0.035702,0.069955,0.309116,0.031737,4,301395,327620,1546809,1550,0,0,0,2526,0,0,0,1495,0,0,0,833,0,0,0,1165,0,0,0,11,0,0,0,18313633196592697477,15541015043337414539,15541015043337414539,3469202808934011399,1380100031102221020,3691348543251134876
137,20,3284,8,10,0.235553,13941.67,0.130477,25169.10,0.082578,39768.23,0.076080,43165.35,0.133597,24581.38,0.073875,44453.17,0.187961,17471.70,0.236471,0.017575,0.032360,0.073875,0.360281,0.032573,4,275081,305021,1757845,1574,0,0,0,2108,0,0,0,1456,0,0,0,882,0,0,0,1149,0,0,0,25,0,0,0,13343341453472406530,3130413277231576838,3130413277231576838,6431473983824928504,16191471198011724056,18417967611567064270
138,20,3321,8,10,0.191764,17318.16,0.095051,34939.08,0.058390,56876.44,0.068341,48594.71,0.100015,33205.08,0.067527,49180.57,0.152274,21809.33,0.194934,0.020382,0.032748,0.067527,0.315590,0.033953,4,272100,294700,1760041,1505,0,0,0,1837,0,0,0,1670,0,0,0,822,0,0,0,1117,0,0,0,9,0,0,0,18361757524044960938,7001463170582857990,7001463170582857990,13363058140644155921,210653100004878206,139172828310942299
139,20,3529,8,10,0.267791,13178.20,0.150975,23374.67,0.101190,34875.06,0.094501,37343.59,0.148933,23695.18,0.083163,42434.67,0.205004,17214.26,0.270105,0.018653,0.036306,0.083163,0.408227,0.040900,4,292136,313026,1982978,2207,0,0,0,3016,0,0,0,2153,0,0,0,1627,0,0,0,2058,0,0,0,28,0,0,0,859854198684803321,7975802931907788170,7975802931907788170,5660857048015841573,5970095556711986677,6219029195337450037
140,20,3272,8,10,0.258548,12655.27,0.146784,22291.28,0.108174,30247.50,0.110391,29640.18,0.145877,22429.89,0.061818,52929.53,0.204083,16032.66,0.259381,0.017703,0.031491,0.061818,0.370393,0.034518,4,264098,278133,2132559,1378,0,0,0,2436,0,0,0,2450,0,0,0,1103,0,0,0,1217,0,0,0,11,0,0,0,17894138818445319197,4418290873888127447,4418290873888127447,11210377472358610312,2753998380373032093,7098843182344803214
141,20,3251,8,10,0.253332,12832.97,0.141492,22976.49,0.106833,30430.58,0.106533,30516.41,0.136082,23890.00,0.143232,22697.51,0.203788,15952.86,0.254774,0.019295,0.035303,0.143232,0.452603,0.032173,4,278195,301935,1946949,1579,0,0,0,1663,0,0,0,1846,0,0,0,880,0,0,0,847,0,0,0,22,0,0,0,11824382120242317110,1654515879368629281,1654515879368629281,17448587354022987735,9489343581979612441,7698768623389384665
142,20,3319,8,10,0.328982,10088.70,0.188178,17637.55,0.123941,26778.87,0.155704,21316.11,0.195259,16997.97,0.114724,28930.28,0.263156,12612.27,0.330473,0.018522,0.032998,0.114724,0.496716,0.036677,4,293106,317116,2028885,1688,0,0,0,2089,0,0,0,1488,0,0,0,893,0,0,0,1189,0,0,0,21,0,0,0,10363207678223347789,10811851369506770603,10811851369506770603,13322297960281350244,4696488981546296030,4566757875777478215
143,20,3365,8,10,0.339169,9921.32,0.182573,18430.95,0.117418,28658.19,0.126666,26565.98,0.178754,18824.76,0.082887,40597.47,0.267405,12583.89,0.344147,0.017249,0.042728,0.082887,0.487011,0.038887,3,289888,314078,1907220,1574,0,0,0,1990,0,0,0,2009,0,0,0,872,0,0,0,1162,0,0,0,23,0,0,0,575929560227325115,2867619423907522480,2867619423907522480,9996502499124933970,14202451206283788503,14238966283583508499
144,20,3311,8,10,0.220962,14984.45,0.108381,30549.70,0.066094,50095.24,0.070227,47147.15,0.111784,29619.71,0.067259,49227.42,0.162840,20332.82,0.223013,0.019529,0.033593,0.067259,0.343393,0.037945,4,297135,312645,1756906,1483,0,0,0,2132,0,0,0,1707,0,0,0,864,0,0,0,1284,0,0,0,31,0,0,0,3365096016871617503,11811651339954085114,11811651339954085114,18257964604972328655,7825852504989307978,12001420869874265977
145,20,3528,8,10,0.184922,19078.36,0.089422,39453.43,0.061601,57271.83,0.073921,47726.39,0.094082,37499.11,0.072713,48519.54,0.139766,25242.24,0.186588,0.019370,0.035270,0.072713,0.313941,0.037979,4,300611,332246,2153445,1830,0,0,0,2717,0,0,0,1615,0,0,0,999,0,0,0,1409,0,0,0,11,0,0,0,7914590651751493931,11066718801197245176,11066718801197245176,12715340917876075470,12021151546810254825,16795210064732154296
146,20,3440,8,10,0.219636,15662.29,0.119410,28808.36,0.075274,45699.77,0.080010,42994.76,0.120247,28607.84,0.074350,46267.83,0.163313,21063.87,0.221131,0.021222,0.038080,0.074350,0.354783,0.038299,4,325549,352334,1867901,2080,0,0,0,2624,0,0,0,1734,0,0,0,1189,0,0,0,1465,0,0,0,7,0,0,0,8573183108138775241,14016616200817246869,14016616200817246869,3635071451019809650,8925540023509505821,8548278151685714150
147,20,3712,8,10,0.319288,11625.88,0.176579,21021.71,0.117971,31465.27,0.153119,24242.64,0.190839,19450.93,0.114806,32332.84,0.267699,13866.32,0.321000,0.021902,0.037557,0.114806,0.495266,0.045747,4,313365,341400,1898532,2001,0,0,0,3117,0,0,0,2140,0,0,0,1280,0,0,0,1477,0,0,0,22,0,0,0,9612371544515909905,640038840918827258,640038840918827258,7222674444268584373,6430305165777895702,13165784074991823014
148,20,3643,8,10,0.272581,13364.85,0.154585,23566.30,0.118284,30798.86,0.126774,28736.09,0.151596,24031.05,0.077906,46761.55,0.227173,16036.21,0.274761,0.020250,0.030000,0.077906,0.402916,0.044063,8,289305,329200,1802338,2029,0,0,0,1890,0,0,0,1931,0,0,0,964,0,0,0,1307,0,0,0,24,0,0,0,9508116005695316866,11825762189807386989,11825762189807386989,631549737326578315,2008326441189482683,5105948747190486294
149,20,3470,8,10,0.239509,14488.00,0.131321,26423.82,0.081867,42385.76,0.089565,38742.96,0.131274,26433.35,0.078811,44029.42,0.188516,18406.91,0.241090,0.021929,0.035001,0.078811,0.376832,0.037170,5,327525,355415,1778810,1775,0,0,0,2591,0,0,0,1797,0,0,0,857,0,0,0,1194,0,0,0,20,0,0,0,6647607865390417701,12555097086243572988,12555097086243572988,15171525343802882758,369239454728234560,4837913966642808252
150,20,3377,8,10,0.199043,16966.17,0.099077,34084.67,0.063137,53486.58,0.074277,45464.65,0.103119,32748.52,0.071782,47045.33,0.147394,22911.41,0.199843,0.018757,0.031483,0.071782,0.321864,0.036280,5,287250,309150,1733798,1601,0,0,0,1965,0,0,0,1646,0,0,0,948,0,0,0,1070,0,0,0,8,0,0,0,6799709506054291535,10371645305181253218,10371645305181253218,4843660334893508304,2768370989809737281,14451673372678429528
151,20,3486,8,10,0.281604,12379.09,0.145129,24019.98,0.110731,31481.72,0.122234,28519.11,0.153582,22697.98,0.073303,47556.05,0.224783,15508.32,0.284001,0.017270,0.029238,0.073303,0.403813,0.035996,8,270972,302302,1532667,1521,0,0,0,2097,0,0,0,2116,0,0,0,875,0,0,0,905,0,0,0,9,0,0,0,6142927278119838284,11897026185523506492,11897026185523506492,16081810923322362225,11440507518552440592,12329547409032553137
152,20,3465,8,10,0.222278,15588.58,0.119469,29003.23,0.076000,45592.09,0.072647,47696.72,0.122095,28379.50,0.077599,44652.45,0.175863,19702.79,0.224043,0.018831,0.027840,0.077599,0.348313,0.037285,9,283091,314066,1626583,1798,0,0,0,2490,0,0,0,1822,0,0,0,951,0,0,0,1180,0,0,0,10,0,0,0,14475672815866554406,18304162837110805487,18304162837110805487,13891976078702910468,9580008116329692126,4603227768861594600
153,20,3309,8,10,0.221019,14971.55,0.105920,31240.47,0.080141,41289.65,0.085604,38654.76,0.114889,28801.79,0.072972,45346.42,0.163058,20293.35,0.222816,0.018873,0.034279,0.072972,0.348939,0.036657,4,307782,337362,1826309,1681,0,0,0,2975,0,0,0,1980,0,0,0,1131,0,0,0,1136,0,0,0,25,0,0,0,9766280308950522450,12244714201148374309,12244714201148374309,5082819266783595662,9448390876522350397,10032426191974277868
154,20,3307,8,10,0.255442,12946.20,0.152003,21756.22,0.086899,38055.72,0.086615,38180.36,0.145730,22692.64,0.101788,32489.20,0.199159,16604.80,0.257440,0.018482,0.034381,0.101788,0.412091,0.036207,7,289355,303115,1742526,1840,0,0,0,2718,0,0,0,1919,0,0,0,1166,0,0,0,1432,0,0,0,15,0,0,0,13553476647032084713,16607201577518153611,16607201577518153611,15511874589175441553,3560659536787178483,5353865900809294658
155,20,3725,8,10,0.220717,16876.82,0.109158,34124.80,0.086587,43020.28,0.087722,42463.88,0.110322,33764.80,0.077558,48028.37,0.175505,21224.52,0.222082,0.019983,0.041330,0.077558,0.360955,0.048076,4,319436,355501,1827853,1892,0,0,0,2853,0,0,0,1416,0,0,0,1036,0,0,0,1335,0,0,0,9,0,0,0,3221149833068548546,7468968359507273675,7468968359507273675,13930702694516492720,14715855012629523978,13039160470247176930
156,20,3340,8,10,0.202980,16454.79,0.119960,27842.65,0.084934,39324.79,0.077271,43224.65,0.123121,27127.69,0.062638,53322.24,0.161840,20637.67,0.204212,0.018548,0.033280,0.062638,0.318678,0.035466,4,280965,304295,1619535,1511,0,0,0,2267,0,0,0,1613,0,0,0,838,0,0,0,1090,0,0,0,8,0,0,0,15008492062662894629,17173982986237262706,17173982986237262706,7128887942511373001,12906937255347307515,13022300639359789731
157,20,3426,8,10,0.181524,18873.57,0.093825,36514.77,0.068810,49789.09,0.082644,41454.97,0.096134,35637.63,0.076039,45055.93,0.138170,24795.53,0.182512,0.019916,0.033312,0.076039,0.311778,0.035732,5,302568,329313,1894765,1815,0,0,0,2816,0,0,0,1532,0,0,0,880,0,0,0,1141,0,0,0,20,0,0,0,6504034073452971208,9814879073249633302,9814879073249633302,701466967744777170,3342496035432417347,10646714674184394574
158,20,3407,8,10,0.206533,16496.15,0.103082,33051.44,0.065149,52295.21,0.072662,46888.31,0.104755,32523.39,0.067362,50577.21,0.155644,21889.73,0.209040,0.016917,0.034295,0.067362,0.327615,0.039015,4,294467,318342,1880802,1623,0,0,0,2324,0,0,0,1525,0,0,0,862,0,0,0,995,0,0,0,24,0,0,0,10009593931354554689,11135100258649421395,11135100258649421395,7557746142412790889,7680683049190764956,1578548593118397623
159,20,3308,8,10,0.204167,16202.41,0.093770,35277.99,0.075820,43629.66,0.069699,47461.51,0.100824,32809.72,0.069176,47820.33,0.153817,21506.08,0.206816,0.019113,0.033040,0.069176,0.328144,0.035727,5,309902,336537,1530866,1676,0,0,0,2490,0,0,0,1728,0,0,0,873,0,0,0,1249,0,0,0,11,0,0,0,15344736043097284159,11803190295774773527,11803190295774773527,17802252244091148287,171794687551205322,12536767418075594205
160,20,3314,8,10,0.198680,16680.09,0.086943,38117.12,0.071135,46587.17,0.078312,42318.17,0.096769,34246.41,0.075515,43885.24,0.140267,23626.32,0.200084,0.019381,0.028223,0.075515,0.323204,0.037805,9,295605,319015,1933155,1668,0,0,0,2980,0,0,0,1662,0,0,0,884,0,0,0,1066,0,0,0,17,0,0,0,12064261160374193483,11911938542228523997,11911938542228523997,4317024606320885624,14093703280070334169,8764100184513786941
161,20,3626,8,10,0.201672,17979.67,0.098680,36744.94,0.072350,50117.73,0.078849,45986.52,0.109689,33057.00,0.070547,51398.51,0.152982,23702.18,0.205077,0.022544,0.034758,0.070547,0.332926,0.043279,5,312362,340667,1982186,1771,0,0,0,3046,0,0,0,1879,0,0,0,1229,0,0,0,1590,0,0,0,18,0,0,0,15016359871700468783,3319234369926782701,3319234369926782701,1516682247088403890,16410492911566211512,14840515047577243710
162,20,4047,8,10,0.241684,16745.01,0.130837,30931.61,0.085705,47220.29,0.086395,46842.76,0.129484,31254.76,0.086310,46889.24,0.195831,20665.82,0.243770,0.020833,0.042518,0.086310,0.393431,0.050098,4,337054,378159,1798202,2129,0,0,0,2561,0,0,0,1935,0,0,0,967,0,0,0,1296,0,0,0,25,0,0,0,13593090540261103488,8218507236306561434,8218507236306561434,8512746970711236547,6291185873417719708,3676516872580317727
163,20,3581,8,10,0.272916,13121.25,0.140759,25440.61,0.094553,37872.76,0.114265,31339.41,0.160205,22352.55,0.089372,40068.53,0.214820,16669.80,0.276123,0.019551,0.031763,0.089372,0.416809,0.038290,7,307081,332311,1854767,1588,0,0,0,2102,0,0,0,1862,0,0,0,868,0,0,0,1333,0,0,0,15,0,0,0,15303282699504534352,17068380572622428597,17068380572622428597,16660226016341221077,2306653302832921622,8485003182168232056
164,20,3572,8,10,0.336699,10608.88,0.181858,19641.70,0.118152,30232.30,0.124569,28674.97,0.174439,20477.11,0.076012,46992.61,0.270764,13192.29,0.340348,0.018502,0.033103,0.076012,0.467964,0.040467,5,300298,327108,1803622,1833,0,0,0,2659,0,0,0,2000,0,0,0,1148,0,0,0,1400,0,0,0,25,0,0,0,8919751463497820966,13011570699222149858,13011570699222149858,6243849350054232226,8436643352885421240,6411866041362666084
165,20,3117,8,10,0.272567,11435.72,0.141558,22019.30,0.100492,31017.29,0.089929,34660.62,0.133749,23304.93,0.070655,44116.03,0.210518,14806.31,0.273973,0.017437,0.031948,0.070655,0.394012,0.033104,5,277826,296011,1746122,1845,0,0,0,2554,0,0,0,1565,0,0,0,978,0,0,0,1199,0,0,0,20,0,0,0,14219072920567633261,1142938559039544689,1142938559039544689,6707439240002487524,12644767015466857869,16313505565041407121
166,20,3625,8,10,0.308787,11739.49,0.155457,23318.29,0.104730,34612.82,0.113006,32077.91,0.152462,23776.38,0.089328,40580.89,0.239743,15120.34,0.312685,0.019789,0.030863,0.089328,0.452666,0.040657,7,296384,321369,1888832,1867,0,0,0,2534,0,0,0,1399,0,0,0,886,0,0,0,1194,0,0,0,10,0,0,0,5858835144431628293,10976541656645634327,10976541656645634327,15615347050466557041,17929840344925018861,13940433059600645141
167,20,3454,8,10,0.264911,13038.36,0.127766,27033.81,0.078704,43885.77,0.095831,36042.64,0.134132,25750.85,0.094547,36532.20,0.200990,17184.90,0.267632,0.019432,0.039107,0.094547,0.420717,0.038301,4,315004,331524,1710843,1629,0,0,0,2310,0,0,0,1668,0,0,0,1014,0,0,0,1796,0,0,0,27,0,0,0,4770434460918216674,12593631718352007481,12593631718352007481,1834056026216308692,8883829979826801080,1036519440769543585
168,20,3360,8,10,0.245820,13668.54,0.113608,29575.41,0.070069,47952.70,0.072626,46264.36,0.121003,27768.01,0.069489,48352.65,0.177713,18906.84,0.247786,0.018390,0.036486,0.069489,0.372151,0.036221,6,284611,305146,1824560,1516,0,0,0,1993,0,0,0,1609,0,0,0,1031,0,0,0,1281,0,0,0,13,0,0,0,12235120840269154735,4912512762457139354,4912512762457139354,16845567310969993606,8628170442893349639,13808868441565158334
169,20,3689,8,10,0.226140,16312.94,0.123749,29810.22,0.084829,43487.64,0.088917,41488.05,0.120949,30500.36,0.080358,45906.94,0.169932,21708.71,0.228886,0.018841,0.035351,0.080358,0.363436,0.045102,6,316818,332478,1791379,2558,0,0,0,4086,0,0,0,2417,0,0,0,1669,0,0,0,1616,0,0,0,14,0,0,0,6263367398203722242,510928060971325795,510928060971325795,8459108751876729477,7700316631829444712,3239113856693704547
170,20,3871,8,10,0.225017,17203.12,0.112549,34393.80,0.074823,51735.38,0.085089,45493.53,0.121519,31855.21,0.077931,49671.85,0.174562,22175.51,0.227597,0.021777,0.036686,0.077931,0.363992,0.047144,4,326524,355879,1939565,1941,0,0,0,2661,0,0,0,1484,0,0,0,1087,0,0,0,1337,0,0,0,20,0,0,0,2872536576481103405,4370794929606446635,4370794929606446635,1874023739496763948,13700703769947745023,5142555970080065996
171,20,3561,8,10,0.202336,17599.45,0.119200,29874.08,0.083002,42902.43,0.083569,42611.35,0.119160,29884.09,0.116223,30639.44,0.160150,22235.46,0.205272,0.019643,0.034251,0.116223,0.375389,0.039606,4,289986,310216,1741079,1872,0,0,0,3028,0,0,0,1840,0,0,0,1017,0,0,0,903,0,0,0,10,0,0,0,15055970683420528422,1686600525767648639,1686600525767648639,4417394793561062620,9869789179518359595,4398082878798223589
172,20,3471,8,10,0.243226,14270.67,0.125982,27551.63,0.094536,36716.12,0.088479,39229.74,0.127775,27165.04,0.077182,44971.80,0.196576,17657.34,0.244278,0.019980,0.036025,0.077182,0.377465,0.038882,4,300626,341261,2110181,1914,0,0,0,2277,0,0,0,1723,0,0,0,987,0,0,0,1081,0,0,0,33,0,0,0,17320164174529418717,15585849282200583276,15585849282200583276,6794998493608009562,6654043375492136408,1846345645217334653
173,20,3332,8,10,0.214663,15522.04,0.114304,29150.42,0.085227,39095.65,0.090282,36906.63,0.120647,27617.70,0.082252,40509.75,0.168888,19729.01,0.217710,0.019821,0.031646,0.082252,0.351429,0.035942,6,290502,309787,2034007,1982,0,0,0,3065,0,0,0,1691,0,0,0,940,0,0,0,1264,0,0,0,22,0,0,0,14820463018431688954,17592803984404130433,17592803984404130433,12344015680580931987,13789569734072656501,5576459029058092211
174,20,3682,8,10,0.188999,19481.58,0.088521,41594.57,0.066096,55707.01,0.078386,46972.97,0.093060,39566.01,0.078838,46703.65,0.138232,26636.33,0.191340,0.021345,0.039581,0.078838,0.331103,0.045838,5,330227,357557,1650963,1818,0,0,0,2883,0,0,0,1564,0,0,0,861,0,0,0,1224,0,0,0,15,0,0,0,9036084525712541897,8977536890921026334,8977536890921026334,14190042855954739392,9865037235759123926,7937075466647180535
175,20,3658,8,10,0.292788,12493.67,0.168546,21703.23,0.106481,34353.62,0.106220,34438.06,0.176582,20715.57,0.107040,34174.08,0.226759,16131.64,0.292572,0.019615,0.036706,0.107040,0.455932,0.046493,4,326552,347117,2124819,2214,0,0,0,2160,0,0,0,2193,0,0,0,1309,0,0,0,1452,0,0,0,19,0,0,0,12485532737330275169,9317219642563887598,9317219642563887598,2767044680903281690,4076277547575711088,12555695964260118187
176,20,3423,8,10,0.222819,15362.24,0.101113,33853.16,0.071878,47622.55,0.083215,41134.51,0.111128,30802.23,0.082083,41701.86,0.161188,21236.05,0.225610,0.020526,0.034975,0.082083,0.363194,0.040910,4,313242,333382,1761448,2107,0,0,0,3056,0,0,0,1771,0,0,0,1122,0,0,0,1518,0,0,0,19,0,0,0,6097660130093982098,15076173362557204392,15076173362557204392,9868751950630918657,9289946065973128718,4998793070084208781
177,20,3816,8,10,0.199882,19091.26,0.092063,41450.03,0.071948,53038.52,0.082211,46416.91,0.095783,39840.19,0.076414,49938.78,0.144354,26435.08,0.202685,0.021302,0.035573,0.076414,0.335974,0.048266,4,320018,355403,2470258,2040,0,0,0,2953,0,0,0,1948,0,0,0,1044,0,0,0,1163,0,0,0,18,0,0,0,7242901229845381108,13228906058382831121,13228906058382831121,8837289823055020851,10295794617206173766,5026164877179927400
178,20,3138,8,10,0.210620,14898.89,0.104151,30129.47,0.078808,39818.14,0.088325,35527.74,0.108087,29032.16,0.079321,39560.57,0.155407,20192.12,0.211998,0.018365,0.031423,0.079321,0.341108,0.031969,4,289944,309199,1986651,1935,0,0,0,3368,0,0,0,1874,0,0,0,1230,0,0,0,1557,0,0,0,17,0,0,0,4554042599499508923,960605068431848788,960605068431848788,7020686203581569325,14209215527382067496,7273205538984737488
179,20,3233,8,10,0.186631,17322.99,0.093369,34626.23,0.066564,48569.46,0.082283,39291.29,0.102280,31609.42,0.075814,42643.72,0.132668,24369.18,0.188808,0.018888,0.033947,0.075814,0.317457,0.034658,5,286194,303559,1901104,1802,0,0,0,2828,0,0,0,1717,0,0,0,1053,0,0,0,1285,0,0,0,10,0,0,0,7572017936628645787,11462401078417100277,11462401078417100277,9838140519640700341,1747621617626371845,17420505038527308850
180,20,3406,8,10,0.251628,13535.87,0.167793,20298.81,0.091085,37393.79,0.098953,34420.31,0.149655,22759.04,0.128499,26506.06,0.197340,17259.59,0.251907,0.021017,0.023722,0.128499,0.425145,0.035614,13,298585,323175,2215808,1777,0,0,0,2830,0,0,0,1724,0,0,0,917,0,0,0,1066,0,0,0,17,0,0,0,4668533296800929875,667355611001171529,667355611001171529,6536897396628428443,3113561447781763670,1070950691384811288
181,20,3309,8,10,0.219403,15081.87,0.104734,31594.38,0.070851,46703.45,0.080435,41138.78,0.105985,31221.37,0.076180,43436.34,0.163850,20195.25,0.220397,0.018841,0.032803,0.076180,0.348222,0.036860,4,293263,315873,1874282,1931,0,0,0,2528,0,0,0,1825,0,0,0,1020,0,0,0,1270,0,0,0,25,0,0,0,4924934667131793648,2861816901459224271,2861816901459224271,2382106137709918424,10363715340509778587,12984037565488039612
182,20,3382,8,10,0.275953,12255.72,0.154012,21959.29,0.116386,29058.36,0.111748,30264.49,0.146839,23032.01,0.067355,50211.86,0.210149,16093.31,0.276877,0.018756,0.038549,0.067355,0.401537,0.033934,4,289810,315445,2072910,1785,0,0,0,2082,0,0,0,1856,0,0,0,1043,0,0,0,1359,0,0,0,15,0,0,0,1165577042497307820,94962343791720179,94962343791720179,8765314084790308523,5116627598592336586,7276130334268449309
183,20,3489,8,10,0.249050,14009.24,0.122290,28530.64,0.076072,45864.58,0.087329,39952.38,0.128813,27085.73,0.082932,42070.60,0.204175,17088.30,0.251586,0.020213,0.030029,0.082932,0.384759,0.045364,8,312191,340106,1821577,2039,0,0,0,2508,0,0,0,1666,0,0,0,976,0,0,0,1204,0,0,0,27,0,0,0,321451521608165650,10425859401454280171,10425859401454280171,10916482099565645791,12638731715502098490,11311158009114007302
184,20,3540,8,10,0.336856,10508.94,0.182720,19373.90,0.127915,27674.55,0.142556,24832.43,0.185535,19079.99,0.077139,45890.93,0.275542,12847.40,0.338724,0.019609,0.032984,0.077139,0.468456,0.041029,5,314163,330763,1851270,1715,0,0,0,2109,0,0,0,1888,0,0,0,860,0,0,0,1319,0,0,0,13,0,0,0,14485793102013372800,7009007359115434230,7009007359115434230,5325850945419429749,4692678255058885007,17839591384376953667
185,20,3689,8,10,0.300018,12295.93,0.159363,23148.45,0.095403,38667.45,0.102504,35988.70,0.152627,24170.02,0.136815,26963.35,0.236648,15588.56,0.301165,0.021152,0.033997,0.136815,0.493130,0.043821,5,304846,333611,1879927,1945,0,0,0,2505,0,0,0,1695,0,0,0,1143,0,0,0,1145,0,0,0,22,0,0,0,2907122108626868796,17445678390311165805,17445678390311165805,3774081631297041317,3449997399693918110,15422182608057170436
186,20,3615,8,10,0.272455,13268.23,0.123447,29283.71,0.100859,35842.20,0.091190,39642.56,0.134977,26782.29,0.091593,39468.21,0.173850,20793.74,0.273828,0.020708,0.036879,0.091593,0.423007,0.040496,4,314661,341206,1874830,1898,0,0,0,2956,0,0,0,1661,0,0,0,929,0,0,0,1320,0,0,0,22,0,0,0,4867143352049564997,11997737826081045426,11997737826081045426,15750678693678972849,8556628750484243640,14541206716444485580
187,20,3799,8,10,0.218497,17386.98,0.105861,35886.60,0.074473,51011.49,0.075801,50118.25,0.108908,34882.78,0.072118,52677.23,0.172215,22059.63,0.219462,0.020576,0.034173,0.072118,0.346330,0.042652,6,300207,325642,1738386,1841,0,0,0,3017,0,0,0,1844,0,0,0,1084,0,0,0,1517,0,0,0,8,0,0,0,9955647274852261919,7415509393005861164,7415509393005861164,11660454090461819671,3471828140332897790,17983402746628647328
188,20,3930,8,10,0.222305,17678.39,0.118836,33070.66,0.081380,48291.87,0.093606,41984.32,0.129721,30295.87,0.091882,42772.02,0.171438,22923.78,0.223426,0.020472,0.043273,0.091882,0.379053,0.045859,4,317746,350671,1909495,2070,0,0,0,3089,0,0,0,1935,0,0,0,991,0,0,0,1434,0,0,0,24,0,0,0,9244027273028161470,4795861794553186704,4795861794553186704,11474073044528393505,1925725674889252212,12623243935479842227
189,20,3682,8,10,0.225666,16316.14,0.112023,32868.24,0.077845,47299.33,0.090132,40851.32,0.112598,32700.31,0.076012,48439.59,0.166765,22079.04,0.226813,0.023991,0.034680,0.076012,0.361497,0.042671,6,312983,332428,1666430,1908,0,0,0,2998,0,0,0,2008,0,0,0,1209,0,0,0,1472,0,0,0,21,0,0,0,8787128676215852716,9503898808327197996,9503898808327197996,9946028047489695019,13114284066385472547,3340649419017087577
190,20,3536,8,10,0.197160,17934.64,0.092883,38069.29,0.077640,45543.48,0.090994,38859.82,0.099617,35496.12,0.087767,40288.30,0.144627,24449.06,0.197650,0.022557,0.036408,0.087767,0.344382,0.038751,5,316195,338880,2068120,2073,0,0,0,3292,0,0,0,1738,0,0,0,1101,0,0,0,1288,0,0,0,22,0,0,0,9322362987261806396,10184670191065414984,10184670191065414984,7565232119248856684,8791383961681648566,11344209262531023527
191,20,3607,8,10,0.192155,18771.35,0.099860,36120.51,0.082319,43817.10,0.086235,41827.78,0.103379,34890.87,0.082313,43820.72,0.135416,26636.42,0.195531,0.022261,0.035331,0.082313,0.335436,0.046516,5,331393,357488,1830103,2250,0,0,0,3566,0,0,0,1923,0,0,0,1317,0,0,0,1460,0,0,0,14,0,0,0,5961139511300135188,1503241304910337260,1503241304910337260,3115352214594637124,1633836198878092231,12376727526367290500
192,20,3866,8,10,0.194621,19864.28,0.091562,42222.64,0.074872,51634.68,0.082773,46706.15,0.099812,38732.87,0.075989,50875.47,0.148979,25949.99,0.197539,0.025457,0.039429,0.075989,0.338414,0.049022,4,322903,345948,1879312,1928,0,0,0,2960,0,0,0,1818,0,0,0,905,0,0,0,1277,0,0,0,18,0,0,0,12636130256743426729,5663207981410852606,5663207981410852606,12862602418542281812,9397904436850179858,1485103166974961567
193,20,3757,8,10,0.196000,19168.38,0.087105,43131.68,0.066294,56671.95,0.082176,45719.00,0.098945,37970.52,0.082020,45805.73,0.152014,24714.83,0.194746,0.021383,0.037209,0.082020,0.335358,0.046308,6,332798,360283,1876445,1879,0,0,0,2873,0,0,0,1739,0,0,0,863,0,0,0,1320,0,0,0,24,0,0,0,10315717344790170568,17924949860721585762,17924949860721585762,9769663959904933834,10048898107596827852,9610144475054581434
194,20,4215,8,10,0.206208,20440.56,0.098567,42762.67,0.079070,53306.89,0.088233,47771.49,0.106009,39760.81,0.087447,48200.58,0.177761,23711.56,0.207358,0.023882,0.039664,0.087447,0.358352,0.051186,6,355180,485690,1852936,2970,0,0,0,4192,0,0,0,2008,0,0,0,1180,0,0,0,1462,0,0,0,17,0,0,0,18007810468539823584,10307871614783119341,10307871614783119341,14888473396658370963,1706650407707554280,8962356850376269767
195,20,4193,8,10,0.201876,20770.16,0.105518,39737.24,0.078617,53334.27,0.086490,48479.61,0.110422,37972.60,0.079995,52415.82,0.166214,25226.46,0.202882,0.021358,0.039223,0.079995,0.343457,0.053115,4,337883,448368,1828826,2710,0,0,0,3618,0,0,0,1955,0,0,0,1162,0,0,0,1524,0,0,0,18,0,0,0,7656623341001389750,8110341426023416394,8110341426023416394,13505143357425621633,12870638912142374751,11302268399213828487
196,20,3727,8,10,0.203098,18350.78,0.101061,36878.88,0.070096,53169.98,0.078841,47272.36,0.104422,35691.88,0.075672,49252.22,0.150508,24762.88,0.204486,0.019985,0.034871,0.075672,0.335014,0.048557,5,309200,324885,1824900,2061,0,0,0,2934,0,0,0,1985,0,0,0,1179,0,0,0,1558,0,0,0,9,0,0,0,6426593045337538844,15323781251246009194,15323781251246009194,1373907164720787727,3654693583063430210,17938158905241810844
197,20,3622,8,10,0.202975,17844.52,0.104567,34638.13,0.076625,47269.00,0.090627,39966.15,0.108843,33277.35,0.083736,43255.19,0.150023,24143.01,0.204444,0.020414,0.036495,0.083736,0.345088,0.041907,4,335208,359953,1802642,1864,0,0,0,3133,0,0,0,1701,0,0,0,986,0,0,0,1236,0,0,0,6,0,0,0,4211489205610341497,5369779449671690709,5369779449671690709,2362727238405729605,9067408681644712620,14732314075680297112
198,20,3505,8,10,0.164241,21340.57,0.083260,42096.94,0.070734,49551.71,0.080480,43551.33,0.092678,37819.00,0.075801,46239.62,0.119960,29218.09,0.164556,0.020492,0.034859,0.075801,0.295708,0.042873,4,298296,322066,1732168,1967,0,0,0,3215,0,0,0,1666,0,0,0,973,0,0,0,1447,0,0,0,15,0,0,0,8324960256593603090,17453400735976062010,17453400735976062010,2189943942489537692,1415181566402122044,3328160062782105672
199,20,3831,8,10,0.189546,20211.50,0.097293,39376.00,0.080139,47804.72,0.085702,44701.57,0.105633,36267.00,0.088495,43290.52,0.149809,25572.50,0.190704,0.022069,0.035558,0.088495,0.336825,0.045843,5,326773,364283,1981950,2325,0,0,0,3776,0,0,0,2078,0,0,0,1208,0,0,0,1596,0,0,0,12,0,0,0,14865349853553968728,11449972907530304939,11449972907530304939,9685492105666293851,959081266818915008,3830579076918395789
200,20,3586,8,10,0.191244,18750.93,0.099661,35982.12,0.076181,47071.81,0.074889,47884.39,0.100880,35547.09,0.074089,48401.12,0.141756,25296.93,0.192736,0.019538,0.039532,0.074089,0.325895,0.040964,4,299546,318901,1897361,1943,0,0,0,3138,0,0,0,2009,0,0,0,1150,0,0,0,1508,0,0,0,21,0,0,0,1630733099467534821,15077831504301414552,15077831504301414552,1137353972601347429,4570286005713172984,18095567774426101511
201,20,3827,8,10,0.240598,15906.20,0.136650,28005.78,0.092037,41581.32,0.092688,41288.95,0.140225,27291.84,0.083542,45809.08,0.190326,20107.64,0.241552,0.020050,0.039870,0.083542,0.385014,0.047923,7,322874,355599,1924805,2143,0,0,0,3248,0,0,0,1979,0,0,0,1058,0,0,0,1063,0,0,0,36,0,0,0,13045611583964338219,13148087717091998742,13148087717091998742,14009968276413542014,8228496082705452602,13188007635738642551
202,20,3668,8,10,0.201221,18228.74,0.096933,37840.51,0.072719,50441.02,0.085233,43035.18,0.101152,36262.33,0.077447,47361.72,0.154334,23766.60,0.202312,0.021747,0.035475,0.077447,0.336981,0.043043,6,327828,350903,1768723,1961,0,0,0,2946,0,0,0,2045,0,0,0,1137,0,0,0,1134,0,0,0,17,0,0,0,17232749742770296846,7586342720630994991,7586342720630994991,1973857510429977454,12421767221316276708,5209371087818361646
203,20,3627,8,10,0.207603,17470.85,0.097318,37269.41,0.072190,50242.61,0.091329,39713.37,0.110223,32905.88,0.087819,41300.84,0.157380,23046.09,0.206770,0.023288,0.039984,0.087819,0.357861,0.040119,5,323290,344280,1843016,1781,0,0,0,2749,0,0,0,1614,0,0,0,793,0,0,0,1188,0,0,0,23,0,0,0,7266561041522598620,15869837479753190347,15869837479753190347,4277599685878268657,1945302506986258545,12114898720171040204
204,20,3540,8,10,0.228061,15522.17,0.117044,30245.06,0.088468,40014.49,0.096680,36615.82,0.124184,28506.09,0.083006,42647.64,0.173150,20444.76,0.229805,0.020365,0.039340,0.083006,0.372515,0.038278,4,308560,329565,2018836,2064,0,0,0,3386,0,0,0,1599,0,0,0,995,0,0,0,1278,0,0,0,14,0,0,0,10169773407872252206,1954551950338959711,1954551950338959711,16800208491129971936,11807496646238885517,15431472537434974578
205,20,3952,8,10,0.218505,18086.57,0.104622,37774.00,0.077905,50728.44,0.090205,43811.23,0.108475,36432.24,0.086387,45747.88,0.174277,22676.54,0.221343,0.020311,0.039126,0.086387,0.367166,0.048301,4,325154,374424,1998459,1947,0,0,0,2868,0,0,0,1930,0,0,0,1098,0,0,0,1587,0,0,0,24,0,0,0,17786420243195106790,17401345190785601608,17401345190785601608,4276259300910061066,11060655543528673756,14135197455868711606
206,20,3625,8,10,0.185635,19527.54,0.099186,36547.35,0.082268,44063.22,0.075804,47820.39,0.103055,35175.50,0.076105,47631.56,0.135687,26715.95,0.189769,0.017741,0.039729,0.076105,0.323344,0.037811,4,284412,301127,1669737,2020,0,0,0,3598,0,0,0,2546,0,0,0,1622,0,0,0,2339,0,0,0,17,0,0,0,1664550107100487789,3375406862820670546,3375406862820670546,5911335224707248114,18068944628373437439,10055612779047288657
207,20,3527,8,10,0.286141,12326.11,0.143537,24571.99,0.094267,37414.82,0.106661,33067.31,0.152693,23098.71,0.080105,44029.54,0.224512,15709.62,0.287276,0.020065,0.033222,0.080105,0.420669,0.038766,5,298349,319109,1861670,1765,0,0,0,2100,0,0,0,1939,0,0,0,982,0,0,0,1344,0,0,0,13,0,0,0,13657530806043969987,18185785551273246501,18185785551273246501,10991544455311607431,2755266727160300044,8736004639610754776
208,20,4145,8,10,0.234732,17658.44,0.123011,33696.29,0.087804,47207.49,0.090849,45625.20,0.123470,33570.85,0.086973,47658.22,0.189494,21874.06,0.238025,0.021829,0.036283,0.086973,0.383110,0.047182,6,326480,373920,1888853,2253,0,0,0,3900,0,0,0,2528,0,0,0,1662,0,0,0,2120,0,0,0,26,0,0,0,4333799815074158086,11605513649155146688,11605513649155146688,9238129482841321907,14323705859795442289,17884549268739720316
209,20,4210,8,10,0.244752,17201.07,0.140363,29993.69,0.097099,43357.68,0.102047,41255.38,0.145396,28955.44,0.096082,43816.60,0.222223,18944.90,0.248524,0.021250,0.038620,0.096082,0.404476,0.050862,5,340682,502017,1735970,4231,0,0,0,4654,0,0,0,2284,0,0,0,1485,0,0,0,1757,0,0,0,19,0,0,0,4882642028571815344,11334185098064387623,11334185098064387623,2912383990139037617,15648626463984951328,1278392790274574567
210,20,3591,8,10,0.263755,13614.90,0.154677,23216.05,0.108796,33006.66,0.124741,28787.68,0.153452,23401.53,0.087318,41125.65,0.214520,16739.70,0.267642,0.022522,0.033024,0.087318,0.410505,0.041079,6,311074,337364,1747559,2475,0,0,0,4065,0,0,0,2629,0,0,0,1579,0,0,0,1660,0,0,0,16,0,0,0,4959027188202850371,773253674155524368,773253674155524368,4849097263501211779,9286854722449579575,216140363027252920
211,20,3626,8,10,0.222808,16274.07,0.122123,29691.28,0.086783,41782.29,0.089610,40464.23,0.122691,29553.92,0.086125,42101.68,0.180863,20048.33,0.225032,0.020936,0.034889,0.086125,0.366982,0.040804,5,301091,338366,1938149,2406,0,0,0,3530,0,0,0,1753,0,0,0,1189,0,0,0,1572,0,0,0,30,0,0,0,12078910317403308879,14843545627751443104,14843545627751443104,18093798474210694163,6909180296680447416,14507502290815226519
212,20,3882,8,10,0.278748,13926.56,0.146916,26423.33,0.112855,34398.18,0.104454,37164.61,0.146503,26497.70,0.100751,38530.57,0.235031,16516.98,0.282019,0.023418,0.036145,0.100751,0.442332,0.047380,5,359695,420270,2235949,2430,0,0,0,3182,0,0,0,1595,0,0,0,1323,0,0,0,1582,0,0,0,42,0,0,0,7181581066907676256,15143666067335675748,15143666067335675748,11076296510943527117,3765999735963827602,13019534706078210782
213,20,3788,8,10,0.229162,16529.76,0.119393,31727.17,0.097061,39026.91,0.096586,39218.87,0.121952,31061.40,0.092367,41010.11,0.185780,20389.75,0.232419,0.021203,0.034386,0.092367,0.380376,0.047716,6,328447,377842,2070814,2282,0,0,0,3194,0,0,0,2339,0,0,0,1354,0,0,0,1589,0,0,0,31,0,0,0,1461930065480526325,10284423362964167036,10284423362964167036,12125913656301466289,11225051514153019006,16157044284087719063
214,20,4491,8,10,0.242790,18497.43,0.128566,34931.37,0.096651,46466.32,0.089201,50346.95,0.131453,34164.19,0.082241,54607.86,0.210191,21366.23,0.243846,0.023562,0.039449,0.082241,0.389097,0.053241,4,338153,464518,2439768,3267,0,0,0,4051,0,0,0,2672,0,0,0,1447,0,0,0,1917,0,0,0,26,0,0,0,15844393853709749597,10032882069387500421,10032882069387500421,11714319200664041648,10737478621694557995,10055777211323171621
215,20,3456,8,10,0.259190,13333.83,0.141537,24417.72,0.085367,40483.84,0.094187,36693.12,0.142337,24280.45,0.079435,43507.06,0.194880,17734.02,0.261887,0.028052,0.047602,0.079435,0.416975,0.041473,4,391536,423596,2234839,1620,0,0,0,2422,0,0,0,1992,0,0,0,910,0,0,0,1283,0,0,0,12,0,0,0,2473239126349808732,10020853707565130147,10020853707565130147,7285398858550638387,12460361543561302880,6609091815243403461
216,20,3340,8,10,0.336660,9921.00,0.206177,16199.65,0.106667,31312.33,0.166387,20073.63,0.194156,17202.66,0.123207,27108.89,0.277166,12050.56,0.339157,0.019597,0.031617,0.123207,0.513578,0.040275,6,293124,316884,2423552,1513,0,0,0,1645,0,0,0,1765,0,0,0,1044,0,0,0,1464,0,0,0,29,0,0,0,14429661095278098205,14248604858479818236,14248604858479818236,4505856090967469040,6460762394118039223,9480609513033682764
217,20,3510,8,10,0.276476,12695.49,0.144540,24284.00,0.077424,45334.79,0.088940,39464.74,0.154835,22669.28,0.088795,39529.35,0.223611,15696.89,0.279870,0.020513,0.034764,0.088795,0.423941,0.040696,4,298665,315090,2398868,1647,0,0,0,1685,0,0,0,1638,0,0,0,895,0,0,0,1381,0,0,0,26,0,0,0,16980318326656575072,3346210547332672188,3346210547332672188,13925325813276622212,5185691300295365735,472804974964345157
218,20,3596,8,10,0.301252,11936.84,0.156601,22962.83,0.092671,38803.85,0.091451,39321.78,0.155068,23189.85,0.097825,36759.38,0.219468,16385.05,0.302956,0.016389,0.032517,0.097825,0.449688,0.040408,6,302948,328688,2486497,1760,0,0,0,2161,0,0,0,1596,0,0,0,880,0,0,0,1037,0,0,0,7,0,0,0,7806284654750679540,17959087560272844582,17959087560272844582,3172379878970303782,17192433514640343901,15931313504685920589
219,20,3590,8,10,0.218214,16451.72,0.117126,30650.88,0.083034,43235.33,0.088820,40418.96,0.116142,30910.47,0.079288,45277.70,0.171189,20970.95,0.221525,0.018930,0.035307,0.079288,0.355050,0.044361,4,309558,341848,2377059,2214,0,0,0,2954,0,0,0,1911,0,0,0,1092,0,0,0,1183,0,0,0,22,0,0,0,7669465812787835444,17212421296481921613,17212421296481921613,1826631282940968367,7603245096698212710,2877957487578475372
220,20,3586,8,10,0.187653,19109.69,0.083100,43152.77,0.068197,52582.77,0.081753,43863.77,0.092747,38664.49,0.077290,46396.54,0.130824,27410.79,0.190481,0.020437,0.033196,0.077290,0.321405,0.039190,6,308584,325634,2360483,1645,0,0,0,2745,0,0,0,1758,0,0,0,1061,0,0,0,1417,0,0,0,21,0,0,0,1508989184223175383,2672768655790256192,2672768655790256192,8154638140018954839,12433953534958096728,15469793388779051398
221,20,3788,8,10,0.181004,20927.76,0.098812,38335.57,0.074372,50933.01,0.084977,44576.88,0.111069,34104.86,0.086872,43604.33,0.140091,27039.59,0.183815,0.020699,0.037544,0.086872,0.328930,0.045442,4,308337,332327,2143980,2060,0,0,0,3399,0,0,0,1897,0,0,0,1116,0,0,0,1261,0,0,0,31,0,0,0,13183016977473946939,9053670197016282969,9053670197016282969,12561518479807891893,10546293009231819859,4711930328743470029
222,20,3969,8,10,0.185255,21424.48,0.090585,43815.11,0.086459,45906.21,0.105561,37599.08,0.096302,41214.11,0.097322,40782.27,0.155502,25523.80,0.190233,0.022103,0.033643,0.097322,0.343301,0.048934,5,363191,411216,2569449,3205,0,0,0,4919,0,0,0,2710,0,0,0,1864,0,0,0,2330,0,0,0,143,0,0,0,18431891319370900875,3588830789133151660,3588830789133151660,10198868713400339654,17601948870982554680,18326290804098625664
223,20,3401,8,10,0.168626,20168.88,0.090165,37719.57,0.087992,38651.12,0.091971,36979.25,0.096937,35084.80,0.083357,40800.19,0.150304,22627.42,0.170955,0.019270,0.036757,0.083357,0.310340,0.037032,4,323665,360830,2282057,3304,0,0,0,5120,0,0,0,2129,0,0,0,1396,0,0,0,2028,0,0,0,153,0,0,0,5408880502115552978,18382747600337338206,18382747600337338206,14262305740965808101,12534802524299452389,9175884437076563887
224,20,3282,8,10,0.173268,18941.77,0.084786,38709.15,0.073045,44931.10,0.081668,40186.97,0.096188,34120.80,0.078899,41597.45,0.142677,23002.97,0.174380,0.019010,0.027289,0.078899,0.299578,0.033539,7,291499,319019,2285374,2137,0,0,0,3437,0,0,0,2096,0,0,0,1110,0,0,0,1436,0,0,0,38,0,0,0,9766714095886535381,14505485423293538731,14505485423293538731,15365627861968748568,1510611744122695960,18383503139931140528
225,20,3466,8,10,0.262704,13193.58,0.154427,22444.31,0.114144,30365.02,0.114434,30288.29,0.164242,21103.04,0.121081,28625.49,0.224273,15454.38,0.263937,0.018957,0.027579,0.121081,0.431554,0.035038,8,283684,301444,2008039,1858,0,0,0,2999,0,0,0,2016,0,0,0,1021,0,0,0,910,0,0,0,23,0,0,0,738873238260903919,8506787058712225951,8506787058712225951,2461132038755321943,17286172599769988335,6165750823591369644
226,20,3345,8,10,0.192636,17364.38,0.098443,33978.93,0.091439,36581.58,0.099163,33732.42,0.107866,31010.63,0.091820,36430.09,0.157634,21220.10,0.192456,0.020210,0.029798,0.091820,0.334284,0.037867,6,317587,343782,2325509,2464,0,0,0,4126,0,0,0,2233,0,0,0,1326,0,0,0,1576,0,0,0,62,0,0,0,8777133701511613340,10349587273894686761,10349587273894686761,9886328849200591292,11419007136666588819,17962217470047312973
227,20,3575,8,10,0.213387,16753.58,0.121077,29526.76,0.094863,37686.08,0.088328,40474.23,0.128195,27887.13,0.085076,42021.09,0.181187,19730.99,0.216796,0.025429,0.034406,0.085076,0.361708,0.038714,5,301147,325847,2204123,2088,0,0,0,3325,0,0,0,1986,0,0,0,994,0,0,0,1285,0,0,0,17,0,0,0,16076648093025701802,275915821140489166,275915821140489166,8670643701478281256,3449513608340839703,3633845630489578393
228,20,3639,8,10,0.238469,15259.86,0.119826,30369.13,0.090621,40156.14,0.090379,40263.72,0.120207,30272.81,0.088715,41019.07,0.193769,18780.05,0.241726,0.020129,0.028382,0.088715,0.378952,0.040154,10,305308,336363,2182872,2233,0,0,0,3453,0,0,0,1943,0,0,0,1054,0,0,0,1133,0,0,0,32,0,0,0,15838198742131489018,4079077732850566680,4079077732850566680,897787200788641947,5420214257263155550,1840171374067163890
229,20,3925,8,10,0.322466,12171.84,0.173285,22650.58,0.117706,33345.78,0.143347,27381.15,0.167561,23424.28,0.087502,44856.26,0.264958,14813.69,0.324090,0.022295,0.035902,0.087502,0.469789,0.044689,5,318126,349636,2357196,2038,0,0,0,2772,0,0,0,2028,0,0,0,1241,0,0,0,1228,0,0,0,22,0,0,0,1966133809792250386,14508826678403985763,14508826678403985763,11048252292149647110,14098607721465844634,886811883392171922
230,20,3549,8,10,0.258673,13720.00,0.154505,22970.13,0.111317,31881.90,0.098620,35986.72,0.152216,23315.57,0.087066,40762.08,0.221182,16045.58,0.262106,0.019005,0.035260,0.087066,0.403438,0.038832,4,309233,347168,1841442,2223,0,0,0,3007,0,0,0,1722,0,0,0,1480,0,0,0,1670,0,0,0,26,0,0,0,11014973810793531006,813203523699835300,813203523699835300,4837778473803462168,12665303388251807428,16531654527986250933
231,20,3602,8,10,0.249105,14459.78,0.145919,24684.89,0.093944,38342.09,0.096765,37224.03,0.141599,25438.08,0.117892,30553.33,0.208442,17280.60,0.250502,0.018444,0.037165,0.117892,0.424004,0.037474,3,287699,354694,1668407,1795,0,0,0,2864,0,0,0,1861,0,0,0,1096,0,0,0,977,0,0,0,32,0,0,0,3683637611316414523,1304766517380909636,1304766517380909636,15272155804825453000,5550639601259106326,10972894460879338700
232,20,3503,8,10,0.188184,18614.81,0.097301,36001.84,0.081022,43235.43,0.095563,36656.59,0.105142,33316.82,0.094004,37264.30,0.154960,22605.80,0.191114,0.017773,0.027332,0.094004,0.330223,0.038037,10,309017,334737,1618275,2458,0,0,0,3975,0,0,0,2061,0,0,0,1294,0,0,0,1438,0,0,0,41,0,0,0,2397219682796290014,6752225539373392330,6752225539373392330,15015994491522879041,9564799750374246918,249863905077528992
233,20,3691,8,10,0.206928,17837.14,0.118401,31173.61,0.093119,39637.55,0.111850,32999.60,0.128573,28707.49,0.102578,35982.41,0.175951,20977.43,0.209593,0.021134,0.035289,0.102578,0.368594,0.042888,4,321497,374592,1925971,2450,0,0,0,3593,0,0,0,2033,0,0,0,1333,0,0,0,1836,0,0,0,22,0,0,0,16425367230397595205,12588771600861408326,12588771600861408326,16050648966321548431,5189321466141339534,11351160868966598354
234,20,3498,8,10,0.200787,17421.48,0.096024,36428.26,0.082023,42646.81,0.097704,35802.05,0.117178,29852.02,0.091288,38318.43,0.160660,21772.68,0.202960,0.020347,0.034738,0.091288,0.349332,0.044503,4,328659,355729,1794874,2558,0,0,0,4170,0,0,0,1897,0,0,0,1377,0,0,0,1629,0,0,0,59,0,0,0,17171605848983874312,7278294196074668664,7278294196074668664,663981338470937023,3587911644402455752,15182034887773041256
235,20,3649,8,10,0.198970,18339.47,0.087622,41644.82,0.080800,45161.07,0.096966,37631.65,0.111329,32776.68,0.097784,37317.09,0.169675,21505.77,0.200681,0.021407,0.035630,0.097784,0.355501,0.046268,5,322115,363235,1707501,2373,0,0,0,3886,0,0,0,1827,0,0,0,1242,0,0,0,1635,0,0,0,97,0,0,0,10199868263369996498,12474171470928323191,12474171470928323191,1170006149885403642,17495053824006768223,8299668176576685796
236,20,3906,8,10,0.210573,18549.37,0.098064,39831.20,0.086150,45339.65,0.102718,38026.47,0.114526,34105.87,0.092860,42063.10,0.173204,22551.44,0.210615,0.020834,0.040240,0.092860,0.364550,0.052145,5,344144,440959,2054234,2652,0,0,0,3978,0,0,0,2322,0,0,0,1474,0,0,0,1418,0,0,0,37,0,0,0,4020580273317782140,14604633038530146922,14604633038530146922,7130708102425418891,4674614388888632135,14397913597728926491
237,20,4171,8,10,0.215493,19355.62,0.094570,44105.05,0.083780,49785.27,0.095823,43528.15,0.110254,37830.82,0.102853,40553.00,0.165952,25133.74,0.219236,0.021263,0.032286,0.102853,0.375639,0.051380,10,338916,371826,1968628,2302,0,0,0,3751,0,0,0,2398,0,0,0,1550,0,0,0,1651,0,0,0,33,0,0,0,1974460662821546774,9842637942491343081,9842637942491343081,11894321385700560862,7358600048371202718,7689086054089950866
238,20,3615,8,10,0.221198,16342.81,0.115243,31368.41,0.088100,41033.15,0.092876,38922.94,0.116601,31003.18,0.093016,38864.15,0.177100,20412.23,0.223659,0.019208,0.034574,0.093016,0.370458,0.042684,4,295727,332367,1647242,2160,0,0,0,3443,0,0,0,2161,0,0,0,1269,0,0,0,1489,0,0,0,36,0,0,0,5177451039782757319,17614041120705755806,17614041120705755806,15633513075889599984,3118010461994337062,13487705133237433649
239,20,3704,8,10,0.270957,13670.07,0.137266,26984.03,0.105416,35136.96,0.106755,34696.12,0.140214,26416.71,0.083093,44576.48,0.216180,17133.86,0.274350,0.018864,0.036933,0.083093,0.413241,0.043779,4,305579,338014,1653955,2324,0,0,0,3737,0,0,0,2181,0,0,0,1194,0,0,0,1481,0,0,0,15,0,0,0,11383938622044171,15936110448291178851,15936110448291178851,10206132089791872277,9900470465726930804,2182491908659797078
240,20,3652,8,10,0.280959,12998.33,0.137841,26494.30,0.093050,39247.82,0.100405,36372.52,0.143193,25504.12,0.093464,39073.93,0.233382,15648.13,0.282985,0.020561,0.030218,0.093464,0.427228,0.045720,8,318365,380585,1751067,2355,0,0,0,3619,0,0,0,2133,0,0,0,1044,0,0,0,1231,0,0,0,123,0,0,0,7827216520790481779,5620130852092767838,5620130852092767838,11288808921652802870,15607348340061832134,10821536930240479941
241,20,3597,8,10,0.307915,11681.78,0.155437,23141.15,0.118859,30262.70,0.130200,27626.65,0.159359,22571.72,0.089134,40355.20,0.250144,14379.73,0.311559,0.019590,0.036123,0.089134,0.456405,0.041857,4,320150,349020,1793453,2434,0,0,0,3359,0,0,0,2483,0,0,0,1292,0,0,0,1619,0,0,0,23,0,0,0,11836740227945318870,7741653540862493785,7741653540862493785,10179302786729384911,17332262222036779712,4084298251389729249
242,20,3774,8,10,0.397880,9485.27,0.240700,15679.27,0.165210,22843.70,0.224609,16802.54,0.257786,14640.04,0.088131,42822.54,0.340377,11087.71,0.399381,0.023477,0.036785,0.088131,0.547773,0.042681,5,339968,367903,1747730,2282,0,0,0,2450,0,0,0,2862,0,0,0,1287,0,0,0,1420,0,0,0,19,0,0,0,9095298508122109087,15638426026246047868,15638426026246047868,4866181257891506974,14729718938980260211,2739146038060960369
243,20,3576,8,10,0.299368,11945.15,0.163353,21891.29,0.134589,26569.75,0.136384,26220.15,0.161398,22156.43,0.080939,44181.42,0.237544,15054.07,0.302870,0.019786,0.038595,0.080939,0.442191,0.037983,4,315557,334132,1790605,2254,0,0,0,2648,0,0,0,2221,0,0,0,1203,0,0,0,1506,0,0,0,23,0,0,0,5248945659783241584,12015827591022043257,12015827591022043257,4060236054592797910,8762087116855624777,5029004811068539703
244,20,4227,8,10,0.242907,17401.74,0.126931,33301.45,0.090703,46602.86,0.089325,47321.45,0.124149,34047.77,0.080922,52235.67,0.193952,21794.07,0.248034,0.023417,0.041741,0.080922,0.394114,0.055890,7,361445,394455,1887670,2226,0,0,0,3451,0,0,0,2170,0,0,0,1319,0,0,0,1697,0,0,0,29,0,0,0,6450013971249207641,15791321508468050739,15791321508468050739,354632517697676702,16736685817225265764,16032282188988969954
245,20,3726,8,10,0.255968,14556.53,0.128945,28896.10,0.091274,40822.26,0.093957,39656.34,0.151124,24655.29,0.122108,30513.96,0.219042,17010.47,0.258258,0.024636,0.031800,0.122108,0.436802,0.044488,10,361829,396764,1987537,2411,0,0,0,3426,0,0,0,1993,0,0,0,1226,0,0,0,1528,0,0,0,30,0,0,0,7882782832190457707,16939569634874662976,16939569634874662976,7742372473272839158,6604869110175657848,13430923057393338858
246,20,3625,8,10,0.219176,16539.23,0.112605,32192.16,0.093628,38717.17,0.092016,39395.15,0.115171,31474.90,0.086391,41960.49,0.161717,22415.73,0.221942,0.020903,0.034778,0.086391,0.364013,0.039506,5,320014,340004,1793889,2520,0,0,0,3485,0,0,0,2324,0,0,0,1459,0,0,0,1738,0,0,0,32,0,0,0,16276585901569802102,1521542868969345125,1521542868969345125,17171568097525268788,3360802098950035409,12831558677506321676
247,20,3582,8,10,0.272766,13132.14,0.142305,25171.21,0.096334,37183.22,0.098651,36309.79,0.148628,24100.50,0.097876,36597.15,0.223609,16019.04,0.272676,0.020400,0.036082,0.097876,0.427035,0.038489,6,314432,334762,1744379,2358,0,0,0,3512,0,0,0,2100,0,0,0,1147,0,0,0,1428,0,0,0,17,0,0,0,11581405878185247310,13343923761080900106,13343923761080900106,17694985433713061184,17962933752872669495,8115639150661833637
248,20,3750,8,10,0.231692,16185.29,0.117232,31987.98,0.095037,39458.21,0.102669,36525.08,0.126616,29617.07,0.095541,39250.02,0.168293,22282.55,0.233482,0.027373,0.034340,0.095541,0.390736,0.047770,7,334132,364442,1720773,2742,0,0,0,3973,0,0,0,2276,0,0,0,1454,0,0,0,1620,0,0,0,23,0,0,0,16310812762149855288,13248865796416243706,13248865796416243706,1771386069172327464,6825165719981581865,757834410142118355
249,20,3693,8,10,0.293570,12579.61,0.153353,24081.66,0.110478,33427.50,0.107634,34310.77,0.153678,24030.74,0.085529,43178.31,0.245030,15071.65,0.298229,0.017874,0.034964,0.085529,0.436597,0.042401,6,311885,402465,1726491,2819,0,0,0,4242,0,0,0,2347,0,0,0,1438,0,0,0,1839,0,0,0,21,0,0,0,4726292053341036666,14313585274890963647,14313585274890963647,12652950274770242655,16911003141026394283,671659174481189032
