batch_idx,num_blocks,num_txs,threads,merge_cap,seq_time_s,seq_tput,par_time_s,par_tput,concat_time_s,concat_tput,cgraph_time_s,cgraph_tput,graph_time_s,graph_tput,integrated_time_s,integrated_tput,vegeta_time_s,vegeta_tput,phase_pre_execute_s,phase_graph_build_s,phase_integrate_s,phase_execute_s,phase_total_s,vegeta_speculate_s,num_integrated_groups,omakase_graph_bytes,vegeta_sched_bytes,calldata_bytes,par_re_exec,par_validation_aborts,par_cascade_aborts,par_wrote_new_loc,concat_re_exec,concat_validation_aborts,concat_cascade_aborts,concat_wrote_new_loc,cgraph_re_exec,cgraph_validation_aborts,cgraph_cascade_aborts,cgraph_wrote_new_loc,graph_re_exec,graph_validation_aborts,graph_cascade_aborts,graph_wrote_new_loc,integ_re_exec,integ_validation_aborts,integ_cascade_aborts,integ_wrote_new_loc,vegeta_re_exec,vegeta_validation_aborts,vegeta_cascade_aborts,vegeta_wrote_new_loc,digest_seq,digest_par,digest_concat,logical_seq,logical_integ,logical_vegeta
0,5,500,8,10,0.050959,9811.82,0.024169,20687.31,0.023150,21598.37,0.021315,23457.65,0.024717,20229.21,0.019991,25010.96,0.023524,21255.34,0.053965,0.000837,0.003000,0.019991,0.077793,0.001436,3,32310,32310,184400,736,0,0,0,1228,0,0,0,0,0,0,0,0,0,0,0,0,0,0,0,0,0,0,0,9078333984656320072,9078333984656320072,9078333984656320072,18369128168799504690,18369128168799504690,18369128168799504690
1,5,500,8,10,0.051022,9799.60,0.024445,20454.26,0.019989,25013.24,0.019368,25815.99,0.024238,20628.97,0.020346,24574.85,0.024746,20205.14,0.054040,0.001444,0.001918,0.020346,0.077748,0.000985,4,32259,32259,184400,785,0,0,0,1394,0,0,0,0,0,0,0,0,0,0,0,0,0,0,0,0,0,0,0,4722389509197939388,4722389509197939388,4722389509197939388,2230182008969806026,2230182008969806026,2230182008969806026
2,5,500,8,10,0.051585,9692.72,0.024317,20562.16,0.020388,24523.96,0.018450,27100.30,0.024551,20366.05,0.019983,25020.95,0.024679,20259.92,0.053063,0.001639,0.001939,0.019983,0.076624,0.000991,4,32265,32265,184400,804,0,0,0,1316,0,0,0,0,0,0,0,0,0,0,0,0,0,0,0,0,0,0,0,4358899585593728023,4358899585593728023,4358899585593728023,7898882044805075295,7898882044805075295,7898882044805075295
3,5,500,8,10,0.051936,9627.22,0.024355,20529.40,0.019831,25212.77,0.018526,26988.44,0.025171,19864.00,0.019924,25095.08,0.024005,20829.24,0.053604,0.001784,0.001929,0.019924,0.077241,0.000998,4,32315,32315,184400,783,0,0,0,1411,0,0,0,0,0,0,0,0,0,0,0,0,0,0,0,0,0,0,0,16359724685583466045,16359724685583466045,16359724685583466045,18235420148071607622,18235420148071607622,18235420148071607622
4,5,500,8,10,0.051188,9767.88,0.025255,19798.28,0.020819,24016.25,0.019841,25200.85,0.025023,19981.63,0.021028,23777.85,0.024316,20562.68,0.053600,0.002145,0.001781,0.021028,0.078553,0.001002,4,32265,32265,184400,693,0,0,0,1427,0,0,0,0,0,0,0,0,0,0,0,0,0,0,0,0,0,0,0,15107613423447093414,15107613423447093414,15107613423447093414,16980518606597750074,16980518606597750074,16980518606597750074
5,5,500,8,10,0.051449,9718.44,0.025063,19949.79,0.019436,25724.96,0.019451,25706.03,0.025269,19786.88,0.020977,23836.01,0.024544,20371.36,0.053647,0.001251,0.002673,0.020977,0.078548,0.000991,4,32219,32219,184400,791,0,0,0,1166,0,0,0,0,0,0,0,0,0,0,0,0,0,0,0,0,0,0,0,10391184649249787850,10391184649249787850,10391184649249787850,11859643120746102320,11859643120746102320,11859643120746102320
6,5,500,8,10,0.051363,9734.61,0.025295,19767.11,0.019090,26191.48,0.018792,26606.46,0.025289,19771.46,0.020570,24306.95,0.023853,20961.40,0.054121,0.001098,0.001922,0.020570,0.077712,0.000990,4,32290,32290,184400,700,0,0,0,1226,0,0,0,0,0,0,0,0,0,0,0,0,0,0,0,0,0,0,0,11638450544650022674,11638450544650022674,11638450544650022674,3669554374952576321,3669554374952576321,3669554374952576321
7,5,500,8,10,0.051337,9739.64,0.024646,20287.40,0.019719,25355.83,0.018861,26509.34,0.024383,20506.41,0.020285,24649.33,0.024506,20403.32,0.053448,0.001932,0.001941,0.020285,0.077605,0.000993,4,32229,32229,184400,755,0,0,0,1359,0,0,0,0,0,0,0,0,0,0,0,0,0,0,0,0,0,0,0,13803634245956642115,13803634245956642115,13803634245956642115,6477898754899862904,6477898754899862904,6477898754899862904
8,5,500,8,10,0.051285,9749.35,0.024218,20645.54,0.019227,26005.09,0.019108,26167.44,0.024745,20206.39,0.019526,25607.07,0.024722,20224.57,0.054130,0.001724,0.001906,0.019526,0.077286,0.000991,4,32320,32320,184400,770,0,0,0,1230,0,0,0,0,0,0,0,0,0,0,0,0,0,0,0,0,0,0,0,9690967599809821778,9690967599809821778,9690967599809821778,11141769512652084098,11141769512652084098,11141769512652084098
9,5,500,8,10,0.050641,9873.37,0.024506,20402.77,0.021403,23360.82,0.020107,24866.62,0.025097,19922.59,0.020073,24909.13,0.024413,20480.78,0.053591,0.001718,0.001792,0.020073,0.077174,0.000992,4,32285,32285,184400,761,0,0,0,1328,0,0,0,0,0,0,0,0,0,0,0,0,0,0,0,0,0,0,0,10253127970295358565,10253127970295358565,10253127970295358565,3786906361358359924,3786906361358359924,3786906361358359924
10,5,500,8,10,0.051437,9720.65,0.024831,20136.25,0.019629,25472.28,0.019210,26028.27,0.024487,20418.73,0.019533,25597.41,0.024310,20567.84,0.053202,0.002061,0.001868,0.019533,0.076664,0.001005,4,32285,32285,184400,779,0,0,0,1108,0,0,0,0,0,0,0,0,0,0,0,0,0,0,0,0,0,0,0,7237708511993392299,7237708511993392299,7237708511993392299,6801774510690678068,6801774510690678068,6801774510690678068
11,5,500,8,10,0.051477,9713.10,0.025221,19824.93,0.021238,23542.48,0.020707,24145.91,0.024050,20790.04,0.021836,22897.54,0.024303,20573.22,0.053443,0.001572,0.002312,0.021836,0.079163,0.000994,3,32280,32280,184400,863,0,0,0,1257,0,0,0,0,0,0,0,0,0,0,0,0,0,0,0,0,0,0,0,15184760389789815968,15184760389789815968,15184760389789815968,14462330098673812644,14462330098673812644,14462330098673812644
12,5,500,8,10,0.051306,9745.54,0.023839,20973.70,0.021361,23407.23,0.020969,23844.72,0.024104,20743.86,0.021695,23047.27,0.024705,20238.71,0.053867,0.001784,0.001765,0.021695,0.079111,0.000992,4,32285,32285,184400,767,0,0,0,1380,0,0,0,0,0,0,0,0,0,0,0,0,0,0,0,0,0,0,0,12257630458587451117,12257630458587451117,12257630458587451117,13603956544032486173,13603956544032486173,13603956544032486173
13,5,500,8,10,0.051280,9750.33,0.026651,18760.72,0.020292,24639.83,0.018413,27154.19,0.025007,19994.36,0.022586,22137.93,0.024491,20415.79,0.053286,0.001700,0.001905,0.022586,0.079478,0.001009,4,32285,32285,184400,766,0,0,0,1076,0,0,0,0,0,0,0,0,0,0,0,0,0,0,0,0,0,0,0,3687899823126402207,3687899823126402207,3687899823126402207,12816605489648238439,12816605489648238439,12816605489648238439
14,5,500,8,10,0.051732,9665.22,0.023703,21094.49,0.019449,25708.34,0.018732,26692.33,0.024083,20761.64,0.019645,25451.29,0.025401,19684.01,0.053277,0.002006,0.002432,0.019645,0.077360,0.001004,3,32260,32260,184400,786,0,0,0,1361,0,0,0,0,0,0,0,0,0,0,0,0,0,0,0,0,0,0,0,2072563995913469934,2072563995913469934,2072563995913469934,5854848403761753025,5854848403761753025,5854848403761753025
15,5,500,8,10,0.051156,9774.06,0.024844,20125.45,0.019232,25997.94,0.018907,26444.59,0.024649,20285.15,0.020276,24659.79,0.024748,20203.52,0.053204,0.001944,0.001813,0.020276,0.077237,0.001001,4,32255,32255,184400,693,0,0,0,1175,0,0,0,0,0,0,0,0,0,0,0,0,0,0,0,0,0,0,0,18207745622465852114,18207745622465852114,18207745622465852114,10971513951126606661,10971513951126606661,10971513951126606661
16,5,500,8,10,0.051178,9769.81,0.025302,19761.01,0.023841,20972.35,0.023398,21369.21,0.025352,19721.94,0.019877,25154.35,0.024819,20145.94,0.053092,0.002585,0.001873,0.019877,0.077427,0.001015,4,32340,32340,184400,836,0,0,0,1370,0,0,0,0,0,0,0,0,0,0,0,0,0,0,0,0,0,0,0,9497308538736915402,9497308538736915402,9497308538736915402,11930591782648587337,11930591782648587337,11930591782648587337
17,5,500,8,10,0.051920,9630.28,0.024400,20491.50,0.019486,25658.87,0.019381,25797.89,0.024660,20275.50,0.019702,25378.08,0.024005,20829.39,0.053226,0.002482,0.001929,0.019702,0.077340,0.000990,4,32254,32254,184400,717,0,0,0,1094,0,0,0,0,0,0,0,0,0,0,0,0,0,0,0,0,0,0,0,18228535594486533265,18228535594486533265,18228535594486533265,15426532203174101481,15426532203174101481,15426532203174101481
18,5,500,8,10,0.051626,9684.96,0.024629,20300.96,0.019033,26270.11,0.018415,27151.16,0.024474,20430.07,0.020033,24958.37,0.024515,20395.33,0.054045,0.001689,0.001963,0.020033,0.077731,0.000996,4,32260,32260,184400,822,0,0,0,1277,0,0,0,0,0,0,0,0,0,0,0,0,0,0,0,0,0,0,0,6232543092022181990,6232543092022181990,6232543092022181990,72882321326589328,72882321326589328,72882321326589328
19,5,500,8,10,0.051326,9741.66,0.025302,19761.66,0.020669,24190.38,0.019821,25225.14,0.024647,20286.66,0.018923,26422.48,0.023840,20973.33,0.053680,0.001685,0.002460,0.018923,0.076748,0.001012,3,32255,32255,184400,723,0,0,0,1382,0,0,0,0,0,0,0,0,0,0,0,0,0,0,0,0,0,0,0,9295673248896703731,9295673248896703731,9295673248896703731,6553642333429966436,6553642333429966436,6553642333429966436
20,5,500,8,10,0.051827,9647.43,0.024807,20155.59,0.019819,25228.81,0.018439,27116.39,0.025366,19711.31,0.020190,24764.67,0.024616,20311.78,0.053384,0.002301,0.002260,0.020190,0.078135,0.000997,3,32300,32300,184400,817,0,0,0,1516,0,0,0,0,0,0,0,0,0,0,0,0,0,0,0,0,0,0,0,14548695423574535507,14548695423574535507,14548695423574535507,7108239656324721592,7108239656324721592,7108239656324721592
21,5,500,8,10,0.050903,9822.69,0.024177,20680.77,0.020805,24032.86,0.019782,25275.82,0.024830,20137.30,0.020216,24733.23,0.024559,20359.05,0.053397,0.001692,0.001770,0.020216,0.077075,0.001896,4,32254,32254,184400,740,0,0,0,1396,0,0,0,0,0,0,0,0,0,0,0,0,0,0,0,0,0,0,0,15144484326382284225,15144484326382284225,15144484326382284225,14518680003730697408,14518680003730697408,14518680003730697408
22,5,500,8,10,0.051379,9731.52,0.024332,20549.18,0.018916,26432.54,0.018261,27380.20,0.024081,20763.65,0.020145,24819.60,0.024292,20582.61,0.053893,0.001127,0.002814,0.020145,0.077980,0.001000,3,32285,32285,184400,787,0,0,0,1226,0,0,0,0,0,0,0,0,0,0,0,0,0,0,0,0,0,0,0,16196003221108933902,16196003221108933902,16196003221108933902,16996606550812784768,16996606550812784768,16996606550812784768
23,5,500,8,10,0.051558,9697.88,0.024834,20133.96,0.019885,25144.90,0.019250,25974.05,0.024074,20769.25,0.019722,25351.84,0.024236,20630.33,0.053873,0.000889,0.001907,0.019722,0.076392,0.000996,4,32290,32290,184400,749,0,0,0,1037,0,0,0,0,0,0,0,0,0,0,0,0,0,0,0,0,0,0,0,13988894046034342106,13988894046034342106,13988894046034342106,13023816337017910422,13023816337017910422,13023816337017910422
24,5,500,8,10,0.051522,9704.59,0.024073,20770.17,0.020867,23961.47,0.020504,24385.26,0.024387,20502.32,0.019635,25464.34,0.024127,20723.86,0.053547,0.001600,0.002431,0.019635,0.077214,0.000991,3,32285,32285,184400,715,0,0,0,1309,0,0,0,0,0,0,0,0,0,0,0,0,0,0,0,0,0,0,0,16861873285528991246,16861873285528991246,16861873285528991246,4959310704444305289,4959310704444305289,4959310704444305289
25,5,500,8,10,0.051431,9721.79,0.024506,20402.77,0.018734,26689.44,0.019211,26027.11,0.024676,20262.59,0.021182,23604.62,0.024078,20766.27,0.053467,0.002004,0.001841,0.021182,0.078495,0.000996,4,32285,32285,184400,797,0,0,0,1167,0,0,0,0,0,0,0,0,0,0,0,0,0,0,0,0,0,0,0,17125082735716276494,17125082735716276494,17125082735716276494,16369749440641869896,16369749440641869896,16369749440641869896
26,5,500,8,10,0.051720,9667.35,0.025142,19887.29,0.020503,24386.67,0.019366,25818.58,0.024287,20587.01,0.024394,20496.62,0.023924,20899.50,0.053332,0.002155,0.001713,0.024394,0.081594,0.000988,4,32225,32225,184400,748,0,0,0,1205,0,0,0,0,0,0,0,0,0,0,0,0,0,0,0,0,0,0,0,15638044964910936218,15638044964910936218,15638044964910936218,8512046176894966581,8512046176894966581,8512046176894966581
27,5,500,8,10,0.051326,9741.64,0.025067,19946.67,0.020331,24593.03,0.020142,24823.82,0.024447,20452.17,0.020169,24790.73,0.024561,20357.65,0.053257,0.001282,0.001808,0.020169,0.076516,0.000991,4,32280,32280,184400,730,0,0,0,1222,0,0,0,0,0,0,0,0,0,0,0,0,0,0,0,0,0,0,0,9196495383342863126,9196495383342863126,9196495383342863126,6868790160724038279,6868790160724038279,6868790160724038279
28,5,500,8,10,0.051212,9763.42,0.025236,19813.23,0.021406,23357.78,0.021956,22772.93,0.024577,20344.63,0.021466,23292.45,0.023579,21205.05,0.054214,0.000811,0.001813,0.021466,0.078305,0.001019,4,32265,32265,184400,847,0,0,0,1360,0,0,0,0,0,0,0,0,0,0,0,0,0,0,0,0,0,0,0,17660845660915365224,17660845660915365224,17660845660915365224,15479116056316205113,15479116056316205113,15479116056316205113
29,5,500,8,10,0.051211,9763.56,0.024452,20447.95,0.021641,23104.18,0.021228,23553.46,0.024340,20542.18,0.021458,23301.64,0.025225,19821.53,0.053331,0.002080,0.001786,0.021458,0.078654,0.001002,4,32305,32305,184400,779,0,0,0,1415,0,0,0,0,0,0,0,0,0,0,0,0,0,0,0,0,0,0,0,17086938008456692513,17086938008456692513,17086938008456692513,6986030949169079655,6986030949169079655,6986030949169079655
30,5,500,8,10,0.051837,9645.55,0.024557,20360.70,0.020079,24901.75,0.018982,26340.99,0.025487,19617.75,0.020281,24654.20,0.024768,20187.40,0.053362,0.002181,0.001921,0.020281,0.077745,0.001000,4,32290,32290,184400,805,0,0,0,1237,0,0,0,0,0,0,0,0,0,0,0,0,0,0,0,0,0,0,0,7529982673468079769,7529982673468079769,7529982673468079769,13423598777278935012,13423598777278935012,13423598777278935012
31,5,500,8,10,0.051755,9660.87,0.024398,20493.23,0.020336,24586.71,0.018302,27318.81,0.025076,19939.16,0.020057,24929.10,0.024606,20320.19,0.053233,0.001988,0.001835,0.020057,0.077113,0.000995,4,32260,32260,184400,774,0,0,0,1303,0,0,0,0,0,0,0,0,0,0,0,0,0,0,0,0,0,0,0,10506221240287795704,10506221240287795704,10506221240287795704,4222361106582564023,4222361106582564023,4222361106582564023
32,5,500,8,10,0.051371,9733.06,0.024306,20570.75,0.018881,26481.92,0.019011,26300.95,0.024066,20776.30,0.019681,25404.59,0.023671,21122.61,0.053010,0.002537,0.001860,0.019681,0.077089,0.001016,4,32270,32270,184400,856,0,0,0,1335,0,0,0,0,0,0,0,0,0,0,0,0,0,0,0,0,0,0,0,1903746084957673426,1903746084957673426,1903746084957673426,1532708859050124383,1532708859050124383,1532708859050124383
33,5,500,8,10,0.051216,9762.53,0.024665,20271.42,0.019362,25824.37,0.019318,25883.21,0.024283,20590.70,0.019301,25904.99,0.024099,20747.88,0.053278,0.002192,0.001879,0.019301,0.076651,0.001002,4,32279,32279,184400,721,0,0,0,1161,0,0,0,0,0,0,0,0,0,0,0,0,0,0,0,0,0,0,0,13377800838588019223,13377800838588019223,13377800838588019223,10113434536756850908,10113434536756850908,10113434536756850908
34,5,500,8,10,0.051715,9668.36,0.024786,20172.49,0.019579,25537.55,0.018343,27258.96,0.024650,20283.70,0.020704,24149.82,0.024973,20021.26,0.053324,0.002185,0.001843,0.020704,0.078056,0.000996,4,32260,32260,184400,730,0,0,0,1138,0,0,0,0,0,0,0,0,0,0,0,0,0,0,0,0,0,0,0,15988055460571727092,15988055460571727092,15988055460571727092,15045285435470523572,15045285435470523572,15045285435470523572
35,5,500,8,10,0.051295,9747.63,0.025219,19826.03,0.018794,26604.81,0.018791,26608.72,0.023776,21029.42,0.020424,24480.49,0.024239,20627.53,0.052877,0.002729,0.001905,0.020424,0.077936,0.001010,4,32254,32254,184400,826,0,0,0,1179,0,0,0,0,0,0,0,0,0,0,0,0,0,0,0,0,0,0,0,9655913816904806517,9655913816904806517,9655913816904806517,16083146715894963971,16083146715894963971,16083146715894963971
36,5,500,8,10,0.051263,9753.60,0.025134,19893.60,0.021101,23695.03,0.019981,25024.03,0.024782,20175.92,0.020215,24734.59,0.023358,21405.84,0.053594,0.002100,0.001851,0.020215,0.077759,0.000998,4,32345,32345,184400,794,0,0,0,1227,0,0,0,0,0,0,0,0,0,0,0,0,0,0,0,0,0,0,0,14720657171666891844,14720657171666891844,14720657171666891844,3383860615451241699,3383860615451241699,3383860615451241699
37,5,500,8,10,0.051179,9769.69,0.024628,20301.75,0.019378,25802.99,0.019260,25960.90,0.024482,20422.75,0.022060,22665.93,0.024838,20130.39,0.053430,0.001579,0.001881,0.022060,0.078950,0.001002,4,32290,32290,184400,801,0,0,0,1250,0,0,0,0,0,0,0,0,0,0,0,0,0,0,0,0,0,0,0,8740051146435469886,8740051146435469886,8740051146435469886,10831645066244269409,10831645066244269409,10831645066244269409
38,5,500,8,10,0.051525,9704.04,0.024757,20196.61,0.021672,23071.70,0.020336,24587.03,0.024528,20385.12,0.019866,25169.05,0.023772,21033.42,0.053621,0.001956,0.002294,0.019866,0.077736,0.000991,4,32325,32325,184400,667,0,0,0,1324,0,0,0,0,0,0,0,0,0,0,0,0,0,0,0,0,0,0,0,15154990883441304524,15154990883441304524,15154990883441304524,12110551123990327762,12110551123990327762,12110551123990327762
39,5,500,8,10,0.051328,9741.28,0.023746,21056.38,0.020396,24515.15,0.020089,24888.97,0.024266,20604.74,0.021895,22836.29,0.023692,21104.44,0.053939,0.002621,0.002170,0.021895,0.080625,0.001032,4,32280,32280,184400,751,0,0,0,1238,0,0,0,0,0,0,0,0,0,0,0,0,0,0,0,0,0,0,0,12911616283051843987,12911616283051843987,12911616283051843987,9947959765826520874,9947959765826520874,9947959765826520874
40,5,500,8,10,0.051473,9713.82,0.023816,20994.37,0.019819,25228.64,0.018740,26681.54,0.024955,20036.12,0.019807,25243.48,0.023330,21431.93,0.053293,0.001573,0.002387,0.019807,0.077060,0.000987,3,32245,32245,184400,756,0,0,0,1302,0,0,0,0,0,0,0,0,0,0,0,0,0,0,0,0,0,0,0,9730586339938207340,9730586339938207340,9730586339938207340,14037082660005734407,14037082660005734407,14037082660005734407
41,5,500,8,10,0.051089,9786.83,0.024259,20610.93,0.020579,24297.08,0.018655,26801.89,0.025190,19849.06,0.019430,25733.37,0.025180,19857.33,0.052247,0.003608,0.001947,0.019430,0.077231,0.001003,4,32285,32285,184400,858,0,0,0,1269,0,0,0,0,0,0,0,0,0,0,0,0,0,0,0,0,0,0,0,123046996701473820,123046996701473820,123046996701473820,11021350967823055355,11021350967823055355,11021350967823055355
42,5,500,8,10,0.051938,9626.79,0.024726,20221.82,0.019397,25777.03,0.019317,25883.35,0.025479,19623.74,0.019858,25178.75,0.025167,19867.37,0.053227,0.002062,0.001820,0.019858,0.076967,0.001041,4,32285,32285,184400,830,0,0,0,1324,0,0,0,0,0,0,0,0,0,0,0,0,0,0,0,0,0,0,0,8211380207548729915,8211380207548729915,8211380207548729915,5500089674074435414,5500089674074435414,5500089674074435414
43,5,500,8,10,0.051500,9708.76,0.024243,20624.40,0.023128,21618.47,0.023874,20943.28,0.024589,20334.60,0.019408,25762.88,0.023461,21312.04,0.053806,0.001487,0.002188,0.019408,0.076889,0.000984,4,32270,32270,184400,742,0,0,0,1252,0,0,0,0,0,0,0,0,0,0,0,0,0,0,0,0,0,0,0,13135371355699666234,13135371355699666234,13135371355699666234,16742187824135719538,16742187824135719538,16742187824135719538
44,5,500,8,10,0.051505,9707.85,0.024511,20399.27,0.019362,25824.24,0.019838,25204.46,0.025001,19998.89,0.021483,23273.76,0.025010,19991.88,0.053824,0.001378,0.001722,0.021483,0.078408,0.000986,4,32315,32315,184400,796,0,0,0,1196,0,0,0,0,0,0,0,0,0,0,0,0,0,0,0,0,0,0,0,17504240831605185321,17504240831605185321,17504240831605185321,6872386911243774434,6872386911243774434,6872386911243774434
45,5,500,8,10,0.051017,9800.72,0.025213,19830.99,0.018829,26555.38,0.018181,27501.00,0.024633,20298.05,0.020569,24308.45,0.024542,20373.17,0.054088,0.001051,0.001892,0.020569,0.077600,0.000996,4,32315,32315,184400,788,0,0,0,1234,0,0,0,0,0,0,0,0,0,0,0,0,0,0,0,0,0,0,0,853730054099512742,853730054099512742,853730054099512742,5465953836088611452,5465953836088611452,5465953836088611452
46,5,500,8,10,0.051163,9772.63,0.024438,20460.12,0.019207,26032.60,0.018850,26524.63,0.024524,20388.03,0.019658,25434.88,0.023641,21149.74,0.053332,0.001975,0.001947,0.019658,0.076912,0.001030,4,32290,32290,184400,737,0,0,0,1141,0,0,0,0,0,0,0,0,0,0,0,0,0,0,0,0,0,0,0,8907499804603226020,8907499804603226020,8907499804603226020,11818363281640184159,11818363281640184159,11818363281640184159
47,5,500,8,10,0.051138,9777.43,0.025130,19896.85,0.019626,25476.58,0.019101,26176.03,0.023988,20843.72,0.021274,23502.99,0.023533,21247.10,0.053822,0.001820,0.001909,0.021274,0.078825,0.000996,4,32260,32260,184400,720,0,0,0,1221,0,0,0,0,0,0,0,0,0,0,0,0,0,0,0,0,0,0,0,3259981836387792072,3259981836387792072,3259981836387792072,1047035959945376900,1047035959945376900,1047035959945376900
48,5,500,8,10,0.051297,9747.12,0.024885,20092.22,0.019640,25458.65,0.019001,26314.00,0.024413,20481.11,0.020139,24826.99,0.024177,20681.21,0.053242,0.002483,0.001859,0.020139,0.077724,0.001001,4,32274,32274,184400,785,0,0,0,1140,0,0,0,0,0,0,0,0,0,0,0,0,0,0,0,0,0,0,0,18075385461351592088,18075385461351592088,18075385461351592088,8502758253381363088,8502758253381363088,8502758253381363088
49,5,500,8,10,0.051917,9630.70,0.024411,20482.97,0.021492,23264.60,0.021091,23706.49,0.025221,19824.68,0.020105,24869.04,0.023925,20898.33,0.053984,0.000896,0.001952,0.020105,0.076937,0.000993,4,32285,32285,184400,803,0,0,0,1192,0,0,0,0,0,0,0,0,0,0,0,0,0,0,0,0,0,0,0,946012578682035359,946012578682035359,946012578682035359,14485266159267503758,14485266159267503758,14485266159267503758
50,5,500,8,10,0.051814,9649.83,0.024352,20532.08,0.021856,22876.98,0.022478,22243.94,0.024717,20229.13,0.021523,23231.20,0.024062,20779.90,0.053324,0.002235,0.001748,0.021523,0.078830,0.000981,4,32280,32280,184400,796,0,0,0,1266,0,0,0,0,0,0,0,0,0,0,0,0,0,0,0,0,0,0,0,4814814947520022092,4814814947520022092,4814814947520022092,16340763353836901151,16340763353836901151,16340763353836901151
51,5,500,8,10,0.051439,9720.17,0.024854,20117.40,0.019202,26039.25,0.018850,26524.95,0.025148,19882.13,0.019874,25159.03,0.024845,20124.94,0.052256,0.003246,0.001877,0.019874,0.077252,0.000991,4,32320,32320,184400,797,0,0,0,1133,0,0,0,0,0,0,0,0,0,0,0,0,0,0,0,0,0,0,0,14280691938364846278,14280691938364846278,14280691938364846278,18130450922437148307,18130450922437148307,18130450922437148307
52,5,500,8,10,0.051707,9669.91,0.024353,20531.66,0.021737,23002.12,0.020322,24603.85,0.023663,21130.00,0.021737,23002.11,0.023477,21297.36,0.053354,0.002281,0.002329,0.021737,0.079701,0.001005,3,32315,32315,184400,709,0,0,0,1440,0,0,0,0,0,0,0,0,0,0,0,0,0,0,0,0,0,0,0,9978507470444689116,9978507470444689116,9978507470444689116,15999565894338849082,15999565894338849082,15999565894338849082
53,5,500,8,10,0.051797,9653.08,0.025486,19618.59,0.020396,24514.69,0.020247,24694.41,0.024811,20152.49,0.019992,25010.16,0.024292,20582.81,0.052765,0.002887,0.002427,0.019992,0.078071,0.000992,3,32325,32325,184400,848,0,0,0,1201,0,0,0,0,0,0,0,0,0,0,0,0,0,0,0,0,0,0,0,18272736082349932954,18272736082349932954,18272736082349932954,7725652425546576101,7725652425546576101,7725652425546576101
54,5,500,8,10,0.051638,9682.75,0.024509,20400.90,0.021555,23196.99,0.020608,24262.84,0.025695,19458.89,0.019895,25132.15,0.024840,20128.87,0.053443,0.002082,0.001921,0.019895,0.077341,0.000996,4,32275,32275,184400,772,0,0,0,1416,0,0,0,0,0,0,0,0,0,0,0,0,0,0,0,0,0,0,0,15176037628493722735,15176037628493722735,15176037628493722735,18213245967029319690,18213245967029319690,18213245967029319690
55,5,500,8,10,0.051699,9671.29,0.024942,20046.20,0.022386,22335.71,0.022298,22423.83,0.024648,20285.78,0.020741,24106.74,0.023962,20866.51,0.053407,0.002603,0.001935,0.020741,0.078686,0.000992,4,32305,32305,184400,776,0,0,0,1164,0,0,0,0,0,0,0,0,0,0,0,0,0,0,0,0,0,0,0,17117963891628461911,17117963891628461911,17117963891628461911,13133105347936326771,13133105347936326771,13133105347936326771
56,5,500,8,10,0.051365,9734.27,0.025183,19854.95,0.019479,25669.15,0.018779,26625.08,0.024128,20722.90,0.020343,24578.33,0.024209,20653.64,0.053305,0.002213,0.002370,0.020343,0.078232,0.001012,3,32265,32265,184400,765,0,0,0,1228,0,0,0,0,0,0,0,0,0,0,0,0,0,0,0,0,0,0,0,1628995434413176166,1628995434413176166,1628995434413176166,1938523226876844969,1938523226876844969,1938523226876844969
57,5,500,8,10,0.051622,9685.84,0.024497,20410.44,0.021769,22968.57,0.021364,23403.44,0.024041,20797.98,0.020030,24962.84,0.024093,20753.00,0.053634,0.001755,0.001755,0.020030,0.077173,0.000993,4,32315,32315,184400,723,0,0,0,1321,0,0,0,0,0,0,0,0,0,0,0,0,0,0,0,0,0,0,0,6935783911987289990,6935783911987289990,6935783911987289990,2744435302509181218,2744435302509181218,2744435302509181218
58,5,500,8,10,0.051414,9724.88,0.023863,20953.19,0.019737,25333.50,0.019138,26125.92,0.024056,20784.79,0.022813,21917.68,0.024081,20763.47,0.052529,0.002630,0.001957,0.022813,0.079929,0.001013,4,32270,32270,184400,765,0,0,0,1425,0,0,0,0,0,0,0,0,0,0,0,0,0,0,0,0,0,0,0,4908238291085128162,4908238291085128162,4908238291085128162,3838652016819740822,3838652016819740822,3838652016819740822
59,5,500,8,10,0.051245,9757.10,0.024602,20323.32,0.019562,25560.30,0.018881,26481.55,0.025177,19859.78,0.020229,24716.42,0.023780,21025.69,0.053943,0.000868,0.002232,0.020229,0.077273,0.001006,4,32310,32310,184400,793,0,0,0,1265,0,0,0,0,0,0,0,0,0,0,0,0,0,0,0,0,0,0,0,8320351042531220838,8320351042531220838,8320351042531220838,2460434965461156765,2460434965461156765,2460434965461156765
60,5,500,8,10,0.051179,9769.71,0.023616,21171.89,0.019411,25759.06,0.018329,27278.67,0.024153,20701.14,0.020748,24098.18,0.024886,20091.76,0.053694,0.001225,0.001794,0.020748,0.077461,0.001452,4,32255,32255,184400,741,0,0,0,1109,0,0,0,0,0,0,0,0,0,0,0,0,0,0,0,0,0,0,0,9788313023222785870,9788313023222785870,9788313023222785870,6314195900335782070,6314195900335782070,6314195900335782070
61,5,500,8,10,0.051816,9649.51,0.024277,20595.66,0.019531,25600.82,0.019278,25936.19,0.024202,20659.82,0.020104,24870.78,0.023498,21278.64,0.053212,0.001953,0.001886,0.020104,0.077155,0.001001,4,32265,32265,184400,788,0,0,0,1096,0,0,0,0,0,0,0,0,0,0,0,0,0,0,0,0,0,0,0,13982693064708537949,13982693064708537949,13982693064708537949,18339676697819291985,18339676697819291985,18339676697819291985
62,5,500,8,10,0.051232,9759.52,0.024697,20245.01,0.019963,25046.63,0.019088,26194.90,0.024289,20585.12,0.020857,23973.33,0.024279,20593.55,0.053677,0.001184,0.002239,0.020857,0.077957,0.001035,4,32260,32260,184400,743,0,0,0,1340,0,0,0,0,0,0,0,0,0,0,0,0,0,0,0,0,0,0,0,7837926832526631688,7837926832526631688,7837926832526631688,9639004405554181819,9639004405554181819,9639004405554181819
63,5,500,8,10,0.051421,9723.62,0.024779,20178.59,0.019437,25724.41,0.018689,26754.42,0.025523,19590.36,0.019844,25196.39,0.024660,20275.97,0.053296,0.002336,0.001808,0.019844,0.077284,0.000991,4,32275,32275,184400,746,0,0,0,1253,0,0,0,0,0,0,0,0,0,0,0,0,0,0,0,0,0,0,0,5483715373851183705,5483715373851183705,5483715373851183705,1552898636521759457,1552898636521759457,1552898636521759457
64,5,500,8,10,0.051286,9749.24,0.024699,20243.81,0.019401,25771.47,0.018801,26593.79,0.024723,20223.79,0.020342,24579.41,0.024739,20210.70,0.052525,0.002965,0.001799,0.020342,0.077631,0.001007,4,32245,32245,184400,805,0,0,0,1276,0,0,0,0,0,0,0,0,0,0,0,0,0,0,0,0,0,0,0,13834168311942493922,13834168311942493922,13834168311942493922,9626516883997484858,9626516883997484858,9626516883997484858
65,5,500,8,10,0.051303,9746.11,0.024444,20455.32,0.022660,22064.86,0.022161,22562.33,0.024198,20662.63,0.020287,24645.92,0.023530,21249.66,0.054340,0.001339,0.001825,0.020287,0.077791,0.001016,4,32295,32295,184400,743,0,0,0,1244,0,0,0,0,0,0,0,0,0,0,0,0,0,0,0,0,0,0,0,9465217036721908493,9465217036721908493,9465217036721908493,9546956424963284958,9546956424963284958,9546956424963284958
66,5,500,8,10,0.050868,9829.39,0.024370,20516.71,0.020863,23965.32,0.020274,24662.63,0.024731,20217.63,0.021616,23131.40,0.024121,20728.92,0.053255,0.002322,0.001795,0.021616,0.078988,0.000989,4,32279,32279,184400,827,0,0,0,1322,0,0,0,0,0,0,0,0,0,0,0,0,0,0,0,0,0,0,0,7650735575087311842,7650735575087311842,7650735575087311842,5221411776410247730,5221411776410247730,5221411776410247730
67,5,500,8,10,0.051324,9742.06,0.024291,20584.09,0.022335,22386.32,0.022252,22470.02,0.024323,20556.56,0.020000,25000.53,0.024738,20211.45,0.053998,0.001650,0.002313,0.020000,0.077961,0.001002,3,32264,32264,184400,724,0,0,0,1308,0,0,0,0,0,0,0,0,0,0,0,0,0,0,0,0,0,0,0,1959845006235991579,1959845006235991579,1959845006235991579,4179298539050122936,4179298539050122936,4179298539050122936
68,5,500,8,10,0.051593,9691.30,0.025190,19849.23,0.021228,23553.64,0.020144,24821.80,0.025117,19906.44,0.020250,24690.93,0.024253,20616.43,0.053387,0.001308,0.002217,0.020250,0.077162,0.000995,4,32265,32265,184400,731,0,0,0,1135,0,0,0,0,0,0,0,0,0,0,0,0,0,0,0,0,0,0,0,11915808544298413789,11915808544298413789,11915808544298413789,2135097820876135778,2135097820876135778,2135097820876135778
69,5,500,8,10,0.051603,9689.36,0.023506,21271.58,0.018768,26640.40,0.019145,26116.88,0.025002,19998.05,0.021873,22859.40,0.024932,20054.66,0.053310,0.001664,0.001905,0.021873,0.078751,0.001007,4,32290,32290,184400,745,0,0,0,1287,0,0,0,0,0,0,0,0,0,0,0,0,0,0,0,0,0,0,0,12817020614852324728,12817020614852324728,12817020614852324728,15100000007011890051,15100000007011890051,15100000007011890051
70,5,500,8,10,0.051113,9782.31,0.024442,20456.30,0.019118,26153.47,0.018811,26580.55,0.024418,20476.39,0.019594,25517.71,0.023803,21006.20,0.053298,0.002283,0.001927,0.019594,0.077103,0.001006,4,32270,32270,184400,723,0,0,0,1399,0,0,0,0,0,0,0,0,0,0,0,0,0,0,0,0,0,0,0,15366262385086147240,15366262385086147240,15366262385086147240,5205705974231093516,5205705974231093516,5205705974231093516
71,5,500,8,10,0.051282,9749.94,0.024015,20820.40,0.019232,25998.49,0.019337,25857.63,0.024194,20666.38,0.022377,22344.05,0.023575,21208.80,0.053529,0.001276,0.002212,0.022377,0.079394,0.000991,4,32250,32250,184400,748,0,0,0,1135,0,0,0,0,0,0,0,0,0,0,0,0,0,0,0,0,0,0,0,16409762770578355045,16409762770578355045,16409762770578355045,9447695789181518024,9447695789181518024,9447695789181518024
72,5,500,8,10,0.051493,9710.08,0.024298,20577.41,0.019668,25422.29,0.018796,26602.01,0.023999,20833.87,0.020419,24487.01,0.023511,21267.06,0.054192,0.000558,0.002299,0.020419,0.077468,0.001012,4,32305,32305,184400,694,0,0,0,1425,0,0,0,0,0,0,0,0,0,0,0,0,0,0,0,0,0,0,0,16739149587861485691,16739149587861485691,16739149587861485691,7003552882969119258,7003552882969119258,7003552882969119258
73,5,500,8,10,0.051868,9639.88,0.025214,19829.95,0.019314,25887.97,0.018410,27159.74,0.024973,20022.02,0.020142,24824.25,0.024533,20380.99,0.054340,0.000521,0.001832,0.020142,0.076835,0.000990,4,32274,32274,184400,811,0,0,0,1223,0,0,0,0,0,0,0,0,0,0,0,0,0,0,0,0,0,0,0,12403515481879746039,12403515481879746039,12403515481879746039,13469240042147910945,13469240042147910945,13469240042147910945
74,5,500,8,10,0.051568,9695.98,0.025024,19980.99,0.019300,25906.57,0.019209,26029.35,0.025303,19760.58,0.020536,24347.84,0.024268,20603.53,0.053086,0.002351,0.001761,0.020536,0.077734,0.001004,4,32275,32275,184400,793,0,0,0,1239,0,0,0,0,0,0,0,0,0,0,0,0,0,0,0,0,0,0,0,9113386710002839796,9113386710002839796,9113386710002839796,16446133990516331699,16446133990516331699,16446133990516331699
75,5,500,8,10,0.051381,9731.25,0.024062,20779.38,0.019810,25239.90,0.019195,26049.03,0.024325,20555.02,0.020377,24538.06,0.024494,20412.78,0.053536,0.001923,0.001860,0.020377,0.077696,0.000995,4,32270,32270,184400,753,0,0,0,1262,0,0,0,0,0,0,0,0,0,0,0,0,0,0,0,0,0,0,0,11583328470270490944,11583328470270490944,11583328470270490944,2506272477761506730,2506272477761506730,2506272477761506730
76,5,500,8,10,0.051212,9763.38,0.024765,20190.09,0.020044,24944.82,0.019493,25650.08,0.024457,20444.11,0.021214,23569.32,0.023705,21092.53,0.053700,0.001498,0.001812,0.021214,0.078225,0.000986,4,32260,32260,184400,772,0,0,0,1381,0,0,0,0,0,0,0,0,0,0,0,0,0,0,0,0,0,0,0,5339242122970073024,5339242122970073024,5339242122970073024,5976180305451341503,5976180305451341503,5976180305451341503
77,5,500,8,10,0.051390,9729.43,0.024263,20607.36,0.022118,22605.86,0.020441,24460.42,0.024235,20631.44,0.019600,25509.60,0.024205,20656.82,0.054607,0.001083,0.002302,0.019600,0.077593,0.000995,3,32330,32330,184400,760,0,0,0,1306,0,0,0,0,0,0,0,0,0,0,0,0,0,0,0,0,0,0,0,17606875960862146751,17606875960862146751,17606875960862146751,13497465350490852104,13497465350490852104,13497465350490852104
78,5,500,8,10,0.051850,9643.22,0.023662,21130.58,0.019719,25356.60,0.019276,25938.92,0.023529,21250.76,0.020174,24784.04,0.024926,20059.51,0.053671,0.001529,0.001760,0.020174,0.077134,0.001011,4,32295,32295,184400,755,0,0,0,1150,0,0,0,0,0,0,0,0,0,0,0,0,0,0,0,0,0,0,0,17944517332934290662,17944517332934290662,17944517332934290662,10902833102798658850,10902833102798658850,10902833102798658850
79,5,500,8,10,0.051747,9662.43,0.024864,20109.73,0.022594,22129.48,0.021787,22949.90,0.024580,20341.40,0.021024,23782.10,0.023963,20865.51,0.054038,0.000780,0.002265,0.021024,0.078107,0.000989,3,32270,32270,184400,806,0,0,0,1152,0,0,0,0,0,0,0,0,0,0,0,0,0,0,0,0,0,0,0,10254963901894534167,10254963901894534167,10254963901894534167,1249610193029246730,1249610193029246730,1249610193029246730
80,5,500,8,10,0.051863,9640.73,0.024704,20239.45,0.019425,25740.50,0.018813,26577.57,0.024064,20778.28,0.020521,24365.01,0.024185,20674.25,0.052732,0.002894,0.001774,0.020521,0.077922,0.000987,4,32230,32230,184400,736,0,0,0,1105,0,0,0,0,0,0,0,0,0,0,0,0,0,0,0,0,0,0,0,11656185699178395996,11656185699178395996,11656185699178395996,6869027698602457305,6869027698602457305,6869027698602457305
81,5,500,8,10,0.051346,9737.91,0.024954,20037.05,0.023333,21428.82,0.021704,23036.73,0.024757,20196.01,0.019877,25154.75,0.024465,20437.45,0.053817,0.001157,0.002337,0.019877,0.077188,0.000992,4,32274,32274,184400,753,0,0,0,1217,0,0,0,0,0,0,0,0,0,0,0,0,0,0,0,0,0,0,0,10385507950538849402,10385507950538849402,10385507950538849402,30976545216638994,30976545216638994,30976545216638994
82,5,500,8,10,0.051281,9750.26,0.025093,19925.62,0.019817,25231.47,0.018944,26393.29,0.025025,19980.24,0.020367,24549.33,0.024829,20137.96,0.053496,0.002095,0.001883,0.020367,0.077842,0.000998,4,32275,32275,184400,836,0,0,0,1173,0,0,0,0,0,0,0,0,0,0,0,0,0,0,0,0,0,0,0,10518335826665135104,10518335826665135104,10518335826665135104,1816923838675204243,1816923838675204243,1816923838675204243
83,5,500,8,10,0.050823,9838.15,0.024317,20561.74,0.021785,22951.29,0.020505,24384.30,0.025069,19945.03,0.023247,21507.96,0.023730,21070.76,0.054196,0.000360,0.002725,0.023247,0.080529,0.001004,4,32285,32285,184400,750,0,0,0,1438,0,0,0,0,0,0,0,0,0,0,0,0,0,0,0,0,0,0,0,3364510660263038386,3364510660263038386,3364510660263038386,9019621225300315045,9019621225300315045,9019621225300315045
84,5,500,8,10,0.052614,9503.13,0.024329,20552.02,0.021763,22974.46,0.021848,22885.33,0.024899,20081.32,0.020218,24731.04,0.024862,20111.00,0.053699,0.001373,0.001918,0.020218,0.077208,0.001003,4,32255,32255,184400,794,0,0,0,1443,0,0,0,0,0,0,0,0,0,0,0,0,0,0,0,0,0,0,0,5736683572806062268,5736683572806062268,5736683572806062268,7128900598748758556,7128900598748758556,7128900598748758556
85,5,500,8,10,0.051054,9793.48,0.024493,20413.88,0.019136,26128.91,0.018823,26562.60,0.025357,19718.47,0.019658,25435.35,0.024255,20614.36,0.053689,0.001813,0.001788,0.019658,0.076948,0.000986,4,32270,32270,184400,748,0,0,0,1089,0,0,0,0,0,0,0,0,0,0,0,0,0,0,0,0,0,0,0,17100012353803705188,17100012353803705188,17100012353803705188,10926715711361998450,10926715711361998450,10926715711361998450
86,5,500,8,10,0.051083,9788.01,0.024454,20446.39,0.019910,25112.58,0.019133,26132.81,0.024413,20480.92,0.019729,25343.09,0.023840,20972.92,0.053548,0.001827,0.001894,0.019729,0.076998,0.001005,4,32259,32259,184400,736,0,0,0,1205,0,0,0,0,0,0,0,0,0,0,0,0,0,0,0,0,0,0,0,9794615490502206477,9794615490502206477,9794615490502206477,14174019889903612518,14174019889903612518,14174019889903612518
87,5,500,8,10,0.051250,9756.13,0.025373,19706.00,0.019109,26165.76,0.019350,25839.85,0.024082,20762.57,0.022020,22706.55,0.024932,20054.60,0.052555,0.002927,0.001896,0.022020,0.079398,0.000990,4,32285,32285,184400,779,0,0,0,1116,0,0,0,0,0,0,0,0,0,0,0,0,0,0,0,0,0,0,0,9371834678379617432,9371834678379617432,9371834678379617432,18439657758748969924,18439657758748969924,18439657758748969924
88,5,500,8,10,0.051629,9684.45,0.025352,19722.18,0.021510,23245.17,0.019887,25141.43,0.024915,20068.51,0.021138,23654.45,0.024728,20220.31,0.052510,0.002549,0.001883,0.021138,0.078079,0.000990,4,32280,32280,184400,761,0,0,0,1138,0,0,0,0,0,0,0,0,0,0,0,0,0,0,0,0,0,0,0,13346903086824840906,13346903086824840906,13346903086824840906,17544581336228431022,17544581336228431022,17544581336228431022
89,5,500,8,10,0.051151,9774.94,0.024428,20468.63,0.019880,25151.47,0.018893,26464.96,0.024429,20467.66,0.019750,25316.34,0.023960,20867.97,0.053865,0.001794,0.001853,0.019750,0.077262,0.000991,4,32275,32275,184400,761,0,0,0,1101,0,0,0,0,0,0,0,0,0,0,0,0,0,0,0,0,0,0,0,13920183021045520087,13920183021045520087,13920183021045520087,10401828714324824226,10401828714324824226,10401828714324824226
90,5,500,8,10,0.051197,9766.19,0.025321,19746.67,0.018726,26700.45,0.018335,27269.64,0.024801,20160.50,0.022211,22511.48,0.024744,20207.29,0.053719,0.000855,0.001851,0.022211,0.078636,0.001450,4,32294,32294,184400,870,0,0,0,1245,0,0,0,0,0,0,0,0,0,0,0,0,0,0,0,0,0,0,0,7228055113626847831,7228055113626847831,7228055113626847831,9001480932231077259,9001480932231077259,9001480932231077259
91,5,500,8,10,0.051276,9751.23,0.024370,20516.61,0.018792,26606.41,0.018884,26477.25,0.024878,20097.90,0.022328,22393.04,0.024219,20645.02,0.054078,0.001033,0.002853,0.022328,0.080293,0.001007,3,32285,32285,184400,747,0,0,0,1340,0,0,0,0,0,0,0,0,0,0,0,0,0,0,0,0,0,0,0,53681414203118062,53681414203118062,53681414203118062,17300029527806261470,17300029527806261470,17300029527806261470
92,5,500,8,10,0.051156,9774.06,0.024556,20361.35,0.020277,24658.89,0.018419,27146.16,0.025132,19894.58,0.019963,25045.85,0.024019,20817.21,0.053814,0.001183,0.002153,0.019963,0.077114,0.000996,4,32264,32264,184400,843,0,0,0,1320,0,0,0,0,0,0,0,0,0,0,0,0,0,0,0,0,0,0,0,12522607852913392532,12522607852913392532,12522607852913392532,10680896880891951862,10680896880891951862,10680896880891951862
93,5,500,8,10,0.050791,9844.31,0.025118,19905.88,0.019610,25496.75,0.019747,25319.70,0.025211,19832.72,0.022144,22579.65,0.024689,20252.24,0.052691,0.003547,0.001746,0.022144,0.080128,0.001015,4,32280,32280,184400,771,0,0,0,1217,0,0,0,0,0,0,0,0,0,0,0,0,0,0,0,0,0,0,0,9891604941284029186,9891604941284029186,9891604941284029186,16836112219654059737,16836112219654059737,16836112219654059737
94,5,500,8,10,0.051480,9712.48,0.025027,19978.63,0.020844,23987.63,0.020268,24669.17,0.024874,20101.44,0.020741,24106.96,0.024692,20249.70,0.053836,0.001232,0.001729,0.020741,0.077538,0.000992,4,32280,32280,184400,845,0,0,0,1461,0,0,0,0,0,0,0,0,0,0,0,0,0,0,0,0,0,0,0,18312589433834588675,18312589433834588675,18312589433834588675,14061094896051232993,14061094896051232993,14061094896051232993
95,5,500,8,10,0.051380,9731.50,0.024743,20207.94,0.019936,25080.62,0.019689,25395.14,0.024369,20517.49,0.021134,23658.16,0.024570,20349.86,0.053256,0.001959,0.001689,0.021134,0.078038,0.000993,4,32310,32310,184400,811,0,0,0,1272,0,0,0,0,0,0,0,0,0,0,0,0,0,0,0,0,0,0,0,15782491310542924101,15782491310542924101,15782491310542924101,16303847626999152475,16303847626999152475,16303847626999152475
96,5,500,8,10,0.051617,9686.67,0.024137,20714.76,0.020864,23964.83,0.020613,24256.43,0.024260,20609.86,0.020087,24891.32,0.025300,19763.20,0.052908,0.002874,0.001681,0.020087,0.077551,0.000989,4,32259,32259,184400,752,0,0,0,1527,0,0,0,0,0,0,0,0,0,0,0,0,0,0,0,0,0,0,0,16043064317706715639,16043064317706715639,16043064317706715639,13363110459275757328,13363110459275757328,13363110459275757328
97,5,500,8,10,0.051150,9775.16,0.024095,20750.91,0.019989,25014.17,0.019030,26274.60,0.024172,20684.84,0.021045,23758.71,0.024694,20247.95,0.053651,0.002145,0.001764,0.021045,0.078606,0.001006,4,32260,32260,184400,756,0,0,0,1235,0,0,0,0,0,0,0,0,0,0,0,0,0,0,0,0,0,0,0,14754544302748125037,14754544302748125037,14754544302748125037,12312839709986750509,12312839709986750509,12312839709986750509
98,5,500,8,10,0.050880,9827.04,0.025805,19376.24,0.020014,24981.96,0.019899,25127.15,0.024685,20255.17,0.021202,23583.23,0.023827,20984.21,0.053299,0.001564,0.001732,0.021202,0.077796,0.001002,4,32290,32290,184400,826,0,0,0,1476,0,0,0,0,0,0,0,0,0,0,0,0,0,0,0,0,0,0,0,2127827221680072734,2127827221680072734,2127827221680072734,9338198574003110084,9338198574003110084,9338198574003110084
99,5,500,8,10,0.051210,9763.77,0.024618,20310.69,0.019202,26039.35,0.019099,26179.12,0.024719,20227.08,0.020187,24767.85,0.023854,20961.14,0.052942,0.002440,0.001698,0.020187,0.077267,0.000989,4,32250,32250,184400,702,0,0,0,1336,0,0,0,0,0,0,0,0,0,0,0,0,0,0,0,0,0,0,0,3088663901994254058,3088663901994254058,3088663901994254058,117375958334922690,117375958334922690,117375958334922690
100,5,500,8,10,0.051442,9719.64,0.024588,20334.93,0.019345,25846.35,0.019534,25595.82,0.024735,20214.09,0.023094,21651.11,0.024239,20627.71,0.053185,0.002117,0.001697,0.023094,0.080092,0.000984,4,32235,32235,184400,714,0,0,0,1076,0,0,0,0,0,0,0,0,0,0,0,0,0,0,0,0,0,0,0,6988853173395892712,6988853173395892712,6988853173395892712,10821486924912190730,10821486924912190730,10821486924912190730
101,5,500,8,10,0.051367,9733.90,0.024582,20340.28,0.021720,23020.04,0.020879,23947.33,0.025111,19911.42,0.019841,25200.10,0.024219,20645.02,0.053269,0.002027,0.001718,0.019841,0.076855,0.000986,4,32290,32290,184400,694,0,0,0,1209,0,0,0,0,0,0,0,0,0,0,0,0,0,0,0,0,0,0,0,10000538339342126587,10000538339342126587,10000538339342126587,15125891523976807470,15125891523976807470,15125891523976807470
102,5,500,8,10,0.051321,9742.58,0.024398,20493.59,0.019084,26199.51,0.019418,25749.80,0.024245,20622.76,0.019731,25340.38,0.024040,20799.09,0.054054,0.000546,0.001732,0.019731,0.076063,0.001002,4,32295,32295,184400,760,0,0,0,1045,0,0,0,0,0,0,0,0,0,0,0,0,0,0,0,0,0,0,0,17985253979977015992,17985253979977015992,17985253979977015992,10581796703049608123,10581796703049608123,10581796703049608123
103,5,500,8,10,0.051364,9734.46,0.024241,20626.33,0.019944,25070.56,0.019196,26046.48,0.024639,20293.18,0.021044,23759.24,0.023905,20916.30,0.053873,0.001732,0.001707,0.021044,0.078356,0.000990,4,32300,32300,184400,763,0,0,0,1219,0,0,0,0,0,0,0,0,0,0,0,0,0,0,0,0,0,0,0,17266872219403590270,17266872219403590270,17266872219403590270,17033314852988856356,17033314852988856356,17033314852988856356
104,5,500,8,10,0.051165,9772.28,0.024311,20567.14,0.020138,24828.15,0.019641,25456.38,0.024536,20378.49,0.021976,22752.09,0.024862,20110.85,0.054132,0.001100,0.001747,0.021976,0.078956,0.000985,4,32285,32285,184400,753,0,0,0,1381,0,0,0,0,0,0,0,0,0,0,0,0,0,0,0,0,0,0,0,12571246304069890719,12571246304069890719,12571246304069890719,2836083072752401350,2836083072752401350,2836083072752401350
105,5,500,8,10,0.051297,9747.13,0.026148,19122.03,0.022404,22317.26,0.021961,22767.79,0.024756,20197.37,0.023149,21599.09,0.024679,20259.95,0.053838,0.001768,0.001905,0.023149,0.080659,0.000995,4,32259,32259,184400,871,0,0,0,1262,0,0,0,0,0,0,0,0,0,0,0,0,0,0,0,0,0,0,0,3688341273104761958,3688341273104761958,3688341273104761958,16988102593976137918,16988102593976137918,16988102593976137918
106,5,500,8,10,0.051474,9713.58,0.024301,20575.16,0.022406,22315.52,0.021764,22973.55,0.024999,20000.76,0.021610,23137.15,0.023923,20900.69,0.053310,0.002338,0.002377,0.021610,0.079635,0.000989,3,32255,32255,184400,859,0,0,0,1480,0,0,0,0,0,0,0,0,0,0,0,0,0,0,0,0,0,0,0,4800037258994418909,4800037258994418909,4800037258994418909,3006963242671426025,3006963242671426025,3006963242671426025
107,5,500,8,10,0.051335,9740.03,0.024361,20524.36,0.022066,22659.12,0.021451,23308.52,0.024674,20264.00,0.020297,24633.77,0.024537,20377.19,0.053884,0.001576,0.002103,0.020297,0.077861,0.001004,3,32290,32290,184400,896,0,0,0,1159,0,0,0,0,0,0,0,0,0,0,0,0,0,0,0,0,0,0,0,5300240232261322766,5300240232261322766,5300240232261322766,2311467109222407942,2311467109222407942,2311467109222407942
108,5,500,8,10,0.051245,9757.04,0.023884,20934.57,0.019023,26284.25,0.018949,26386.23,0.023949,20877.90,0.022039,22686.75,0.023898,20922.56,0.053513,0.001873,0.001784,0.022039,0.079210,0.000995,4,32280,32280,184400,714,0,0,0,1319,0,0,0,0,0,0,0,0,0,0,0,0,0,0,0,0,0,0,0,10742361238196707655,10742361238196707655,10742361238196707655,2064877461139907640,2064877461139907640,2064877461139907640
109,5,500,8,10,0.051612,9687.60,0.024981,20015.09,0.022650,22074.74,0.022196,22526.24,0.024609,20317.58,0.019872,25160.51,0.024637,20294.52,0.053899,0.001443,0.002240,0.019872,0.077455,0.000996,3,32250,32250,184400,700,0,0,0,1435,0,0,0,0,0,0,0,0,0,0,0,0,0,0,0,0,0,0,0,5540149897110586906,5540149897110586906,5540149897110586906,15850442250533685124,15850442250533685124,15850442250533685124
110,5,500,8,10,0.051413,9725.16,0.024457,20444.20,0.019348,25842.40,0.019274,25941.17,0.024296,20579.58,0.022111,22612.89,0.024272,20599.87,0.053321,0.001826,0.001764,0.022111,0.079022,0.000978,4,32315,32315,184400,791,0,0,0,1191,0,0,0,0,0,0,0,0,0,0,0,0,0,0,0,0,0,0,0,15050614518006331432,15050614518006331432,15050614518006331432,1242699931653003260,1242699931653003260,1242699931653003260
111,5,500,8,10,0.052019,9611.87,0.024456,20444.86,0.020415,24492.07,0.019248,25977.13,0.023962,20866.06,0.020544,24337.75,0.024113,20735.97,0.053436,0.001649,0.001718,0.020544,0.077347,0.000988,4,32265,32265,184400,827,0,0,0,1284,0,0,0,0,0,0,0,0,0,0,0,0,0,0,0,0,0,0,0,13575017971616610022,13575017971616610022,13575017971616610022,498329013649368113,498329013649368113,498329013649368113
112,5,500,8,10,0.052177,9582.83,0.024442,20456.18,0.019163,26091.88,0.019032,26271.44,0.024415,20478.84,0.020049,24938.35,0.024951,20039.44,0.053643,0.001382,0.002400,0.020049,0.077473,0.000993,3,32335,32335,184400,769,0,0,0,1230,0,0,0,0,0,0,0,0,0,0,0,0,0,0,0,0,0,0,0,1009164123813581107,1009164123813581107,1009164123813581107,14449545949438639228,14449545949438639228,14449545949438639228
113,5,500,8,10,0.051710,9669.35,0.024942,20046.19,0.019464,25688.04,0.018996,26321.68,0.025074,19941.06,0.020730,24119.51,0.023737,21064.39,0.054186,0.000932,0.001730,0.020730,0.077578,0.000992,4,32305,32305,184400,792,0,0,0,1417,0,0,0,0,0,0,0,0,0,0,0,0,0,0,0,0,0,0,0,5073853159233750003,5073853159233750003,5073853159233750003,18382224317092299067,18382224317092299067,18382224317092299067
114,5,500,8,10,0.051631,9684.04,0.024520,20391.61,0.022730,21997.15,0.022943,21793.28,0.025392,19691.04,0.022809,21921.22,0.024118,20731.45,0.054143,0.000685,0.001730,0.022809,0.079367,0.000995,4,32265,32265,184400,747,0,0,0,1215,0,0,0,0,0,0,0,0,0,0,0,0,0,0,0,0,0,0,0,17236971725072455211,17236971725072455211,17236971725072455211,55799926426124533,55799926426124533,55799926426124533
115,5,500,8,10,0.051276,9751.15,0.024790,20169.49,0.019623,25480.80,0.018658,26798.15,0.025613,19521.05,0.022054,22671.94,0.024309,20568.29,0.053933,0.001818,0.001954,0.022054,0.079758,0.000995,4,32250,32250,184400,756,0,0,0,1344,0,0,0,0,0,0,0,0,0,0,0,0,0,0,0,0,0,0,0,11121519481773204564,11121519481773204564,11121519481773204564,12232920894145654395,12232920894145654395,12232920894145654395
116,5,500,8,10,0.051512,9706.55,0.024724,20223.17,0.020217,24731.74,0.019581,25534.68,0.025238,19811.78,0.021816,22919.38,0.023776,21029.76,0.052763,0.002666,0.001766,0.021816,0.079011,0.000991,4,32285,32285,184400,810,0,0,0,1496,0,0,0,0,0,0,0,0,0,0,0,0,0,0,0,0,0,0,0,6955079614654388695,6955079614654388695,6955079614654388695,10526827770440649892,10526827770440649892,10526827770440649892
117,5,500,8,10,0.051624,9685.49,0.025429,19662.69,0.019206,26033.02,0.018727,26700.00,0.024315,20563.52,0.020192,24762.38,0.023587,21198.11,0.053179,0.002055,0.001915,0.020192,0.077341,0.000990,4,32275,32275,184400,786,0,0,0,1256,0,0,0,0,0,0,0,0,0,0,0,0,0,0,0,0,0,0,0,2909123001207171720,2909123001207171720,2909123001207171720,1084627273787190561,1084627273787190561,1084627273787190561
118,5,500,8,10,0.051167,9771.84,0.025343,19729.35,0.019626,25476.80,0.018326,27283.89,0.025266,19789.08,0.019313,25889.40,0.024327,20553.15,0.052999,0.002079,0.002496,0.019313,0.076887,0.001010,3,32249,32249,184400,743,0,0,0,1110,0,0,0,0,0,0,0,0,0,0,0,0,0,0,0,0,0,0,0,5109208455428823259,5109208455428823259,5109208455428823259,11980431116971471374,11980431116971471374,11980431116971471374
119,5,500,8,10,0.051606,9688.85,0.025169,19865.96,0.020641,24223.74,0.019359,25828.18,0.024091,20754.99,0.020009,24988.87,0.024035,20802.93,0.053235,0.002037,0.001770,0.020009,0.077051,0.000989,4,32280,32280,184400,801,0,0,0,1209,0,0,0,0,0,0,0,0,0,0,0,0,0,0,0,0,0,0,0,5551882751508339043,5551882751508339043,5551882751508339043,8880229755864787345,8880229755864787345,8880229755864787345
120,5,500,8,10,0.051656,9679.41,0.024783,20175.41,0.019170,26082.00,0.018971,26355.70,0.024938,20049.87,0.020128,24840.67,0.024502,20406.50,0.053933,0.001081,0.001914,0.020128,0.077056,0.000986,4,32235,32235,184400,805,0,0,0,1178,0,0,0,0,0,0,0,0,0,0,0,0,0,0,0,0,0,0,0,4169365084280181765,4169365084280181765,4169365084280181765,3050133924133736318,3050133924133736318,3050133924133736318
121,5,500,8,10,0.051984,9618.42,0.025247,19804.28,0.020613,24256.66,0.020065,24918.43,0.025195,19845.59,0.020307,24622.58,0.023456,21316.31,0.053392,0.002044,0.001923,0.020307,0.077666,0.000986,4,32290,32290,184400,844,0,0,0,1259,0,0,0,0,0,0,0,0,0,0,0,0,0,0,0,0,0,0,0,4276840601952950063,4276840601952950063,4276840601952950063,13383595295479751879,13383595295479751879,13383595295479751879
122,5,500,8,10,0.051646,9681.30,0.024419,20475.75,0.021056,23746.05,0.020085,24893.89,0.025010,19991.80,0.021035,23769.40,0.023579,21205.70,0.053960,0.001432,0.001786,0.021035,0.078214,0.001011,4,32305,32305,184400,703,0,0,0,1573,0,0,0,0,0,0,0,0,0,0,0,0,0,0,0,0,0,0,0,9529904099439818126,9529904099439818126,9529904099439818126,12390893072448829313,12390893072448829313,12390893072448829313
123,5,500,8,10,0.051409,9725.95,0.024824,20142.16,0.021122,23672.56,0.021011,23797.24,0.023840,20972.81,0.021487,23269.53,0.024257,20612.60,0.053918,0.001299,0.002250,0.021487,0.078954,0.000995,4,32290,32290,184400,756,0,0,0,1246,0,0,0,0,0,0,0,0,0,0,0,0,0,0,0,0,0,0,0,751195458414137470,751195458414137470,751195458414137470,14550521030884720172,14550521030884720172,14550521030884720172
124,5,500,8,10,0.051491,9710.48,0.024527,20385.60,0.019398,25775.55,0.018786,26615.95,0.024206,20655.82,0.020421,24484.68,0.024336,20545.85,0.053604,0.001403,0.001750,0.020421,0.077178,0.001005,4,32270,32270,184400,682,0,0,0,1283,0,0,0,0,0,0,0,0,0,0,0,0,0,0,0,0,0,0,0,6331329269907819818,6331329269907819818,6331329269907819818,13981769472458806452,13981769472458806452,13981769472458806452
125,5,500,8,10,0.051887,9636.25,0.024819,20145.94,0.021269,23507.97,0.020957,23858.46,0.023762,21041.83,0.020308,24620.37,0.024293,20581.65,0.053775,0.000809,0.002261,0.020308,0.077154,0.000988,4,32255,32255,184400,727,0,0,0,1198,0,0,0,0,0,0,0,0,0,0,0,0,0,0,0,0,0,0,0,10138017089092284068,10138017089092284068,10138017089092284068,3977610267210071714,3977610267210071714,3977610267210071714
126,5,500,8,10,0.051794,9653.68,0.025492,19613.93,0.021926,22804.08,0.021380,23386.61,0.023941,20884.95,0.021323,23448.99,0.024688,20253.01,0.054348,0.001090,0.002307,0.021323,0.079068,0.001024,3,32255,32255,184400,701,0,0,0,1413,0,0,0,0,0,0,0,0,0,0,0,0,0,0,0,0,0,0,0,4252937335249912904,4252937335249912904,4252937335249912904,6672590477186832234,6672590477186832234,6672590477186832234
127,5,500,8,10,0.051809,9650.82,0.024568,20351.93,0.021304,23469.44,0.020356,24562.73,0.025318,19749.04,0.023007,21732.37,0.024886,20091.59,0.053263,0.001960,0.001832,0.023007,0.080062,0.001002,4,32275,32275,184400,726,0,0,0,1339,0,0,0,0,0,0,0,0,0,0,0,0,0,0,0,0,0,0,0,1446871253504180084,1446871253504180084,1446871253504180084,159750974220822625,159750974220822625,159750974220822625
128,5,500,8,10,0.052023,9611.18,0.025051,19959.52,0.022635,22089.97,0.022288,22433.16,0.024151,20702.68,0.019666,25424.37,0.025031,19975.39,0.053344,0.002153,0.002336,0.019666,0.077499,0.000993,3,32310,32310,184400,826,0,0,0,1257,0,0,0,0,0,0,0,0,0,0,0,0,0,0,0,0,0,0,0,16447418983979691448,16447418983979691448,16447418983979691448,12579653507025008976,12579653507025008976,12579653507025008976
129,5,500,8,10,0.051208,9764.04,0.025194,19846.23,0.022508,22214.75,0.021592,23156.69,0.024671,20266.72,0.020943,23873.93,0.024437,20460.76,0.053486,0.001706,0.001819,0.020943,0.077954,0.001016,4,32290,32290,184400,733,0,0,0,1191,0,0,0,0,0,0,0,0,0,0,0,0,0,0,0,0,0,0,0,16573965316921718378,16573965316921718378,16573965316921718378,8759855171781878131,8759855171781878131,8759855171781878131
130,5,500,8,10,0.052319,9556.81,0.024176,20681.76,0.022677,22048.66,0.022103,22621.27,0.024822,20143.80,0.020786,24054.18,0.023698,21099.18,0.053092,0.001784,0.002170,0.020786,0.077833,0.000986,3,32270,32270,184400,807,0,0,0,1315,0,0,0,0,0,0,0,0,0,0,0,0,0,0,0,0,0,0,0,16457328240888321538,16457328240888321538,16457328240888321538,13520426172179517740,13520426172179517740,13520426172179517740
131,5,500,8,10,0.051763,9659.45,0.024360,20525.06,0.019699,25381.37,0.019244,25982.48,0.024710,20235.11,0.019680,25406.40,0.024489,20417.56,0.052573,0.002796,0.001756,0.019680,0.076805,0.000999,4,32305,32305,184400,857,0,0,0,1326,0,0,0,0,0,0,0,0,0,0,0,0,0,0,0,0,0,0,0,13923083802005615411,13923083802005615411,13923083802005615411,10676906895060322868,10676906895060322868,10676906895060322868
132,5,500,8,10,0.051455,9717.19,0.025275,19782.77,0.018721,26707.73,0.018924,26421.15,0.024205,20656.83,0.020160,24801.39,0.023527,21252.53,0.053148,0.002085,0.001730,0.020160,0.077122,0.001026,4,32260,32260,184400,848,0,0,0,1213,0,0,0,0,0,0,0,0,0,0,0,0,0,0,0,0,0,0,0,12865282013952647492,12865282013952647492,12865282013952647492,9754744409088051890,9754744409088051890,9754744409088051890
133,5,500,8,10,0.051154,9774.41,0.024457,20444.42,0.019239,25989.16,0.019325,25872.77,0.024509,20400.70,0.019965,25043.53,0.024181,20677.59,0.053654,0.001939,0.001758,0.019965,0.077317,0.000987,4,32305,32305,184400,715,0,0,0,1258,0,0,0,0,0,0,0,0,0,0,0,0,0,0,0,0,0,0,0,8925491149270803378,8925491149270803378,8925491149270803378,3100533846598558244,3100533846598558244,3100533846598558244
134,5,500,8,10,0.052207,9577.32,0.024848,20122.67,0.021192,23593.72,0.019917,25104.80,0.025309,19756.10,0.020715,24137.52,0.024231,20634.36,0.053557,0.001860,0.001804,0.020715,0.077936,0.000988,4,32309,32309,184400,721,0,0,0,1221,0,0,0,0,0,0,0,0,0,0,0,0,0,0,0,0,0,0,0,6931619414902735989,6931619414902735989,6931619414902735989,113827652833496445,113827652833496445,113827652833496445
135,5,500,8,10,0.051552,9698.96,0.025136,19892.12,0.020777,24065.22,0.020423,24482.68,0.024669,20268.05,0.020535,24348.48,0.024292,20582.58,0.054172,0.001595,0.002297,0.020535,0.078599,0.001019,3,32315,32315,184400,786,0,0,0,1260,0,0,0,0,0,0,0,0,0,0,0,0,0,0,0,0,0,0,0,13740024271618480848,13740024271618480848,13740024271618480848,4321165175176319657,4321165175176319657,4321165175176319657
136,5,500,8,10,0.051322,9742.33,0.025195,19845.42,0.019976,25029.51,0.019880,25151.50,0.024691,20249.94,0.020277,24658.43,0.024410,20483.57,0.053903,0.001470,0.001803,0.020277,0.077454,0.000990,4,32300,32300,184400,818,0,0,0,1368,0,0,0,0,0,0,0,0,0,0,0,0,0,0,0,0,0,0,0,13482255251807608671,13482255251807608671,13482255251807608671,1399233078813409289,1399233078813409289,1399233078813409289
137,5,500,8,10,0.051547,9699.96,0.025156,19875.62,0.020091,24886.85,0.018741,26679.17,0.025288,19772.55,0.020545,24336.67,0.024153,20701.22,0.053753,0.002019,0.001794,0.020545,0.078111,0.000990,4,32290,32290,184400,767,0,0,0,1324,0,0,0,0,0,0,0,0,0,0,0,0,0,0,0,0,0,0,0,5740183050538042708,5740183050538042708,5740183050538042708,8891858597795055110,8891858597795055110,8891858597795055110
138,5,500,8,10,0.050981,9807.65,0.024422,20473.65,0.021211,23573.12,0.019937,25079.02,0.023908,20913.64,0.020066,24918.07,0.024198,20662.92,0.054833,0.000816,0.001787,0.020066,0.077502,0.000994,4,32325,32325,184400,746,0,0,0,1273,0,0,0,0,0,0,0,0,0,0,0,0,0,0,0,0,0,0,0,2337881889656718571,2337881889656718571,2337881889656718571,4258195628481966847,4258195628481966847,4258195628481966847
139,5,500,8,10,0.051375,9732.37,0.024358,20526.95,0.019997,25003.95,0.018723,26705.04,0.023927,20897.29,0.021036,23769.10,0.023721,21078.25,0.053873,0.001849,0.001783,0.021036,0.078541,0.001004,4,32290,32290,184400,750,0,0,0,1396,0,0,0,0,0,0,0,0,0,0,0,0,0,0,0,0,0,0,0,18106982259001055685,18106982259001055685,18106982259001055685,17240260988860025722,17240260988860025722,17240260988860025722
140,5,500,8,10,0.051470,9714.49,0.024614,20313.91,0.024429,20467.58,0.023619,21169.45,0.024123,20727.38,0.020080,24900.96,0.024631,20299.77,0.053981,0.001131,0.001801,0.020080,0.076992,0.000990,4,32300,32300,184400,794,0,0,0,1241,0,0,0,0,0,0,0,0,0,0,0,0,0,0,0,0,0,0,0,1965883854811906017,1965883854811906017,1965883854811906017,8906438767572424117,8906438767572424117,8906438767572424117
141,5,500,8,10,0.051730,9665.48,0.024827,20139.12,0.019081,26204.70,0.018586,26901.27,0.024402,20490.31,0.020705,24148.84,0.024155,20699.29,0.053494,0.001924,0.001761,0.020705,0.077884,0.000994,4,32280,32280,184400,785,0,0,0,1246,0,0,0,0,0,0,0,0,0,0,0,0,0,0,0,0,0,0,0,2283373320116662169,2283373320116662169,2283373320116662169,17009236703311882901,17009236703311882901,17009236703311882901
142,5,500,8,10,0.051209,9763.93,0.025115,19908.48,0.020279,24656.55,0.020221,24726.18,0.024312,20565.92,0.021726,23013.75,0.024516,20394.48,0.053180,0.001788,0.001777,0.021726,0.078472,0.000999,4,32213,32213,184400,772,0,0,0,1232,0,0,0,0,0,0,0,0,0,0,0,0,0,0,0,0,0,0,0,1130177057713227112,1130177057713227112,1130177057713227112,17355847895870379687,17355847895870379687,17355847895870379687
143,5,500,8,10,0.051234,9759.08,0.024342,20540.62,0.018647,26814.51,0.018630,26838.04,0.024514,20396.30,0.020208,24742.62,0.023646,21144.86,0.052763,0.002640,0.001836,0.020208,0.077448,0.000992,4,32290,32290,184400,782,0,0,0,1351,0,0,0,0,0,0,0,0,0,0,0,0,0,0,0,0,0,0,0,5134212187305628845,5134212187305628845,5134212187305628845,14359097302047089058,14359097302047089058,14359097302047089058
144,5,500,8,10,0.051149,9775.42,0.023912,20909.70,0.022002,22725.18,0.021929,22800.92,0.024654,20280.89,0.024128,20722.77,0.023264,21492.88,0.053046,0.001349,0.001759,0.024128,0.080282,0.001004,4,32345,32345,184400,796,0,0,0,1152,0,0,0,0,0,0,0,0,0,0,0,0,0,0,0,0,0,0,0,11462999210746628051,11462999210746628051,11462999210746628051,7938553313764395020,7938553313764395020,7938553313764395020
145,5,500,8,10,0.051717,9668.07,0.025691,19462.15,0.019231,25999.46,0.018901,26453.83,0.024214,20649.24,0.020099,24877.04,0.023860,20955.29,0.053937,0.000837,0.001812,0.020099,0.076685,0.000987,4,32310,32310,184400,783,0,0,0,1295,0,0,0,0,0,0,0,0,0,0,0,0,0,0,0,0,0,0,0,10282470318260211785,10282470318260211785,10282470318260211785,12423025218513583020,12423025218513583020,12423025218513583020
146,5,500,8,10,0.051755,9660.96,0.024895,20084.47,0.021543,23209.48,0.020084,24895.07,0.024814,20150.22,0.020334,24589.18,0.024316,20562.24,0.053195,0.002042,0.001785,0.020334,0.077357,0.001000,4,32285,32285,184400,792,0,0,0,1190,0,0,0,0,0,0,0,0,0,0,0,0,0,0,0,0,0,0,0,17492445042232444422,17492445042232444422,17492445042232444422,14978615991877893476,14978615991877893476,14978615991877893476
147,5,500,8,10,0.051844,9644.30,0.025571,19553.29,0.019635,25464.53,0.019255,25967.30,0.024152,20701.86,0.020181,24775.95,0.023794,21014.11,0.053964,0.001438,0.002393,0.020181,0.077977,0.001007,3,32299,32299,184400,802,0,0,0,1186,0,0,0,0,0,0,0,0,0,0,0,0,0,0,0,0,0,0,0,16539131715060125828,16539131715060125828,16539131715060125828,5009331643309111127,5009331643309111127,5009331643309111127
148,5,500,8,10,0.051898,9634.36,0.024647,20286.23,0.019721,25353.86,0.018558,26943.04,0.025317,19749.22,0.020550,24331.48,0.024562,20357.06,0.053843,0.001454,0.001878,0.020550,0.077724,0.000995,4,32330,32330,184400,722,0,0,0,1085,0,0,0,0,0,0,0,0,0,0,0,0,0,0,0,0,0,0,0,8118113341194451254,8118113341194451254,8118113341194451254,7655519994312442794,7655519994312442794,7655519994312442794
149,5,500,8,10,0.051225,9760.80,0.024400,20491.84,0.019522,25611.74,0.018940,26398.93,0.024611,20316.08,0.019427,25737.84,0.023924,20899.90,0.054214,0.000854,0.001832,0.019427,0.076326,0.001452,4,32270,32270,184400,772,0,0,0,1261,0,0,0,0,0,0,0,0,0,0,0,0,0,0,0,0,0,0,0,6212005838420813412,6212005838420813412,6212005838420813412,5005532529553496500,5005532529553496500,5005532529553496500
150,5,500,8,10,0.050904,9822.50,0.024315,20563.39,0.020105,24869.48,0.019636,25463.60,0.025041,19967.13,0.020231,24714.48,0.024472,20431.16,0.054688,0.000607,0.001789,0.020231,0.077315,0.000999,4,32285,32285,184400,820,0,0,0,1287,0,0,0,0,0,0,0,0,0,0,0,0,0,0,0,0,0,0,0,7811269827077257048,7811269827077257048,7811269827077257048,11889873390492031343,11889873390492031343,11889873390492031343
151,5,500,8,10,0.051549,9699.52,0.025604,19528.40,0.022751,21976.79,0.022798,21931.80,0.025103,19917.84,0.020204,24747.93,0.024131,20720.52,0.054039,0.000914,0.002225,0.020204,0.077381,0.000991,3,32270,32270,184400,833,0,0,0,1319,0,0,0,0,0,0,0,0,0,0,0,0,0,0,0,0,0,0,0,11223565380010230323,11223565380010230323,11223565380010230323,13819037415132439618,13819037415132439618,13819037415132439618
152,5,500,8,10,0.051730,9665.64,0.024573,20347.83,0.019372,25810.81,0.019359,25828.02,0.024383,20505.93,0.021597,23151.31,0.024386,20503.90,0.054006,0.001562,0.001764,0.021597,0.078929,0.000989,4,32285,32285,184400,770,0,0,0,1181,0,0,0,0,0,0,0,0,0,0,0,0,0,0,0,0,0,0,0,5240810401990003787,5240810401990003787,5240810401990003787,9835286273336740373,9835286273336740373,9835286273336740373
153,5,500,8,10,0.051336,9739.73,0.024611,20316.43,0.022472,22250.02,0.022305,22416.24,0.025161,19872.15,0.020179,24778.21,0.024374,20514.06,0.054296,0.000678,0.002245,0.020179,0.077398,0.001445,3,32290,32290,184400,738,0,0,0,1219,0,0,0,0,0,0,0,0,0,0,0,0,0,0,0,0,0,0,0,12663726232090961287,12663726232090961287,12663726232090961287,16684886563475196292,16684886563475196292,16684886563475196292
154,5,500,8,10,0.051279,9750.58,0.025173,19862.94,0.024347,20536.12,0.023075,21668.80,0.024033,20805.07,0.019792,25263.07,0.023908,20913.77,0.053983,0.001418,0.002325,0.019792,0.077518,0.001000,3,32275,32275,184400,725,0,0,0,1474,0,0,0,0,0,0,0,0,0,0,0,0,0,0,0,0,0,0,0,6875009009411546685,6875009009411546685,6875009009411546685,8116746526088102525,8116746526088102525,8116746526088102525
155,5,500,8,10,0.051510,9706.89,0.024512,20397.84,0.019803,25248.91,0.018959,26372.06,0.024777,20179.81,0.020874,23953.13,0.025244,19806.62,0.052570,0.002868,0.001803,0.020874,0.078115,0.001011,4,32345,32345,184400,830,0,0,0,1206,0,0,0,0,0,0,0,0,0,0,0,0,0,0,0,0,0,0,0,15088122403947479864,15088122403947479864,15088122403947479864,3063550809155265875,3063550809155265875,3063550809155265875
156,5,500,8,10,0.050934,9816.63,0.024726,20221.58,0.019777,25281.49,0.019180,26068.64,0.024235,20631.48,0.020012,24985.37,0.024591,20332.93,0.053131,0.002265,0.002410,0.020012,0.077818,0.000989,3,32280,32280,184400,854,0,0,0,1266,0,0,0,0,0,0,0,0,0,0,0,0,0,0,0,0,0,0,0,14744301267996396111,14744301267996396111,14744301267996396111,5336608911257115976,5336608911257115976,5336608911257115976
157,5,500,8,10,0.051544,9700.41,0.024211,20651.46,0.019506,25632.76,0.020936,23881.89,0.025240,19810.17,0.019895,25132.52,0.025304,19759.71,0.053362,0.003128,0.001876,0.019895,0.078260,0.001006,4,32245,32245,184400,763,0,0,0,1190,0,0,0,0,0,0,0,0,0,0,0,0,0,0,0,0,0,0,0,3368439368690571180,3368439368690571180,3368439368690571180,15281509182750986787,15281509182750986787,15281509182750986787
158,5,500,8,10,0.051071,9790.38,0.025608,19524.96,0.020289,24644.11,0.018695,26745.27,0.025086,19931.37,0.019623,25480.70,0.024764,20190.82,0.053442,0.002288,0.002389,0.019623,0.077742,0.001025,3,32295,32295,184400,830,0,0,0,1667,0,0,0,0,0,0,0,0,0,0,0,0,0,0,0,0,0,0,0,3200234091107406157,3200234091107406157,3200234091107406157,1309848493184196405,1309848493184196405,1309848493184196405
159,5,500,8,10,0.051812,9650.26,0.024808,20154.95,0.019739,25330.51,0.018320,27293.02,0.024268,20603.52,0.021321,23451.43,0.024863,20109.87,0.053285,0.002413,0.001814,0.021321,0.078832,0.001013,4,32265,32265,184400,827,0,0,0,1158,0,0,0,0,0,0,0,0,0,0,0,0,0,0,0,0,0,0,0,1731269189141885760,1731269189141885760,1731269189141885760,2327601999098522139,2327601999098522139,2327601999098522139
160,5,500,8,10,0.051346,9737.86,0.024331,20549.61,0.019905,25119.31,0.019398,25776.17,0.023721,21078.49,0.020314,24614.04,0.023841,20971.88,0.053008,0.002342,0.001829,0.020314,0.077493,0.001012,4,32290,32290,184400,813,0,0,0,1329,0,0,0,0,0,0,0,0,0,0,0,0,0,0,0,0,0,0,0,10241837839841454801,10241837839841454801,10241837839841454801,1167664444079158939,1167664444079158939,1167664444079158939
161,5,500,8,10,0.051695,9672.17,0.025946,19270.52,0.020870,23958.08,0.020237,24707.22,0.024831,20136.02,0.020011,24986.23,0.024515,20395.77,0.052848,0.002578,0.001851,0.020011,0.077288,0.001002,4,32285,32285,184400,793,0,0,0,1366,0,0,0,0,0,0,0,0,0,0,0,0,0,0,0,0,0,0,0,4596476405757910062,4596476405757910062,4596476405757910062,2039797210026636305,2039797210026636305,2039797210026636305
162,5,500,8,10,0.051872,9639.13,0.024453,20447.49,0.020885,23940.82,0.020012,24985.10,0.024360,20525.84,0.020225,24721.92,0.024356,20528.63,0.053174,0.002785,0.001781,0.020225,0.077965,0.001004,4,32295,32295,184400,771,0,0,0,1205,0,0,0,0,0,0,0,0,0,0,0,0,0,0,0,0,0,0,0,4552191395455048525,4552191395455048525,4552191395455048525,5266974261714098196,5266974261714098196,5266974261714098196
163,5,500,8,10,0.051775,9657.21,0.024356,20529.16,0.020304,24625.57,0.018716,26715.46,0.024647,20286.40,0.021272,23504.70,0.023953,20873.84,0.052659,0.002647,0.001834,0.021272,0.078412,0.001007,4,32305,32305,184400,753,0,0,0,1244,0,0,0,0,0,0,0,0,0,0,0,0,0,0,0,0,0,0,0,14179504083785446008,14179504083785446008,14179504083785446008,2641833598229459685,2641833598229459685,2641833598229459685
164,5,500,8,10,0.051032,9797.85,0.025480,19623.61,0.021006,23802.20,0.019723,25351.45,0.024109,20739.37,0.020625,24241.94,0.025021,19983.13,0.053192,0.001875,0.001860,0.020625,0.077552,0.001013,4,32265,32265,184400,750,0,0,0,1257,0,0,0,0,0,0,0,0,0,0,0,0,0,0,0,0,0,0,0,5878196738046088552,5878196738046088552,5878196738046088552,17986618014631013391,17986618014631013391,17986618014631013391
165,5,500,8,10,0.051678,9675.27,0.024541,20373.80,0.021296,23478.54,0.020232,24713.61,0.025012,19990.04,0.021614,23132.75,0.023752,21050.47,0.053792,0.002224,0.001759,0.021614,0.079389,0.000988,4,32279,32279,184400,857,0,0,0,1311,0,0,0,0,0,0,0,0,0,0,0,0,0,0,0,0,0,0,0,13967032433010385297,13967032433010385297,13967032433010385297,17869284383551092384,17869284383551092384,17869284383551092384
166,5,500,8,10,0.051170,9771.33,0.025534,19581.88,0.020325,24600.62,0.019347,25843.25,0.025356,19719.48,0.020096,24880.22,0.023850,20964.14,0.053931,0.001299,0.001809,0.020096,0.077135,0.000990,4,32275,32275,184400,784,0,0,0,1268,0,0,0,0,0,0,0,0,0,0,0,0,0,0,0,0,0,0,0,10972533320476168066,10972533320476168066,10972533320476168066,4566563496994932753,4566563496994932753,4566563496994932753
167,5,500,8,10,0.051145,9776.05,0.024231,20634.59,0.022357,22364.62,0.021712,23028.55,0.023742,21059.95,0.020517,24369.87,0.024453,20447.72,0.053425,0.002159,0.001851,0.020517,0.077953,0.001014,4,32310,32310,184400,759,0,0,0,1218,0,0,0,0,0,0,0,0,0,0,0,0,0,0,0,0,0,0,0,15473803187442005051,15473803187442005051,15473803187442005051,5646417002857135190,5646417002857135190,5646417002857135190
168,5,500,8,10,0.051388,9729.84,0.025136,19892.13,0.020537,24346.62,0.019844,25197.14,0.024615,20312.61,0.019829,25215.68,0.023924,20899.17,0.053695,0.001604,0.001735,0.019829,0.076862,0.000998,4,32300,32300,184400,773,0,0,0,1243,0,0,0,0,0,0,0,0,0,0,0,0,0,0,0,0,0,0,0,16021557459008483388,16021557459008483388,16021557459008483388,7560226488756121716,7560226488756121716,7560226488756121716
169,5,500,8,10,0.051549,9699.58,0.025105,19916.36,0.019355,25833.59,0.019285,25927.40,0.024662,20274.49,0.020429,24475.33,0.024225,20639.84,0.053586,0.001772,0.001870,0.020429,0.077657,0.001001,4,32300,32300,184400,732,0,0,0,1084,0,0,0,0,0,0,0,0,0,0,0,0,0,0,0,0,0,0,0,1030866258756140463,1030866258756140463,1030866258756140463,15554880540368877399,15554880540368877399,15554880540368877399
170,5,500,8,10,0.051464,9715.53,0.024692,20249.84,0.021230,23551.77,0.021223,23558.80,0.025089,19929.18,0.019544,25583.84,0.023914,20908.01,0.054427,0.001315,0.002388,0.019544,0.077674,0.000993,3,32310,32310,184400,728,0,0,0,1210,0,0,0,0,0,0,0,0,0,0,0,0,0,0,0,0,0,0,0,5568954237987300286,5568954237987300286,5568954237987300286,2596854736081606116,2596854736081606116,2596854736081606116
171,5,500,8,10,0.051011,9801.73,0.024989,20008.91,0.019316,25885.28,0.019189,26056.58,0.024355,20529.51,0.019690,25394.15,0.024065,20777.25,0.053537,0.001918,0.001852,0.019690,0.076996,0.001413,4,32274,32274,184400,786,0,0,0,1226,0,0,0,0,0,0,0,0,0,0,0,0,0,0,0,0,0,0,0,518751167928310822,518751167928310822,518751167928310822,18169747900580648754,18169747900580648754,18169747900580648754
172,5,500,8,10,0.051754,9661.10,0.025440,19654.09,0.020485,24408.63,0.020107,24867.52,0.024169,20687.84,0.019504,25635.42,0.023795,21012.58,0.053163,0.002171,0.002246,0.019504,0.077084,0.001006,3,32280,32280,184400,848,0,0,0,1173,0,0,0,0,0,0,0,0,0,0,0,0,0,0,0,0,0,0,0,11009901724086534472,11009901724086534472,11009901724086534472,3624094796948896694,3624094796948896694,3624094796948896694
173,5,500,8,10,0.051983,9618.53,0.023823,20987.90,0.021595,23153.92,0.021437,23324.10,0.024711,20233.63,0.019921,25099.61,0.024879,20097.15,0.053755,0.001263,0.001710,0.019921,0.076648,0.000994,4,32250,32250,184400,715,0,0,0,1150,0,0,0,0,0,0,0,0,0,0,0,0,0,0,0,0,0,0,0,6950029215910653778,6950029215910653778,6950029215910653778,14621267963214367695,14621267963214367695,14621267963214367695
174,5,500,8,10,0.051359,9735.47,0.025404,19681.86,0.019333,25862.07,0.018322,27290.33,0.025574,19550.83,0.020039,24951.72,0.024281,20592.51,0.053846,0.001005,0.001849,0.020039,0.076738,0.001353,4,32260,32260,184400,820,0,0,0,1296,0,0,0,0,0,0,0,0,0,0,0,0,0,0,0,0,0,0,0,9218384381529635022,9218384381529635022,9218384381529635022,18367565859427126807,18367565859427126807,18367565859427126807
175,5,500,8,10,0.051090,9786.69,0.024369,20517.65,0.019261,25959.17,0.018734,26688.91,0.024319,20559.94,0.020868,23959.79,0.024309,20568.17,0.053623,0.001383,0.001789,0.020868,0.077664,0.001467,4,32290,32290,184400,774,0,0,0,1086,0,0,0,0,0,0,0,0,0,0,0,0,0,0,0,0,0,0,0,1336278608163736910,1336278608163736910,1336278608163736910,16748931641002026762,16748931641002026762,16748931641002026762
176,5,500,8,10,0.051332,9740.61,0.024524,20387.79,0.019572,25547.24,0.019539,25590.01,0.023722,21077.63,0.022128,22595.37,0.023868,20948.21,0.053902,0.001474,0.001724,0.022128,0.079228,0.001002,4,32305,32305,184400,806,0,0,0,1524,0,0,0,0,0,0,0,0,0,0,0,0,0,0,0,0,0,0,0,4595463593016682849,4595463593016682849,4595463593016682849,12871704624454484611,12871704624454484611,12871704624454484611
177,5,500,8,10,0.051419,9723.98,0.024492,20414.71,0.019456,25699.36,0.019298,25909.51,0.024694,20247.96,0.021550,23201.35,0.024120,20729.39,0.053802,0.001635,0.001799,0.021550,0.078787,0.001010,4,32295,32295,184400,735,0,0,0,1248,0,0,0,0,0,0,0,0,0,0,0,0,0,0,0,0,0,0,0,1608871224211595479,1608871224211595479,1608871224211595479,15973644825295631948,15973644825295631948,15973644825295631948
178,5,500,8,10,0.051263,9753.55,0.024481,20423.92,0.019629,25472.62,0.018708,26726.61,0.024554,20363.65,0.019343,25849.36,0.024693,20248.88,0.053795,0.001535,0.001736,0.019343,0.076409,0.001002,4,32324,32324,184400,770,0,0,0,1209,0,0,0,0,0,0,0,0,0,0,0,0,0,0,0,0,0,0,0,17949272925850488094,17949272925850488094,17949272925850488094,17203873303455028153,17203873303455028153,17203873303455028153
179,5,500,8,10,0.051290,9748.57,0.025363,19713.77,0.021565,23186.04,0.020386,24527.06,0.024097,20749.85,0.021205,23579.33,0.023434,21336.19,0.053964,0.001124,0.001709,0.021205,0.078002,0.000991,4,32280,32280,184400,820,0,0,0,1422,0,0,0,0,0,0,0,0,0,0,0,0,0,0,0,0,0,0,0,484335644105956430,484335644105956430,484335644105956430,9428346318788996252,9428346318788996252,9428346318788996252
180,5,500,8,10,0.051232,9759.44,0.024585,20337.34,0.021411,23352.96,0.021773,22964.42,0.025099,19920.75,0.021740,22999.06,0.024353,20531.60,0.054218,0.001083,0.001711,0.021740,0.078753,0.000996,4,32270,32270,184400,784,0,0,0,1287,0,0,0,0,0,0,0,0,0,0,0,0,0,0,0,0,0,0,0,18051318485416648133,18051318485416648133,18051318485416648133,18213536735732700308,18213536735732700308,18213536735732700308
181,5,500,8,10,0.051049,9794.43,0.024763,20191.14,0.020309,24619.38,0.020332,24591.78,0.024134,20717.61,0.021615,23131.59,0.024185,20674.10,0.054079,0.001547,0.001725,0.021615,0.078967,0.000991,4,32305,32305,184400,779,0,0,0,1202,0,0,0,0,0,0,0,0,0,0,0,0,0,0,0,0,0,0,0,5784557732171002863,5784557732171002863,5784557732171002863,10203750466893412908,10203750466893412908,10203750466893412908
182,5,500,8,10,0.050965,9810.66,0.025390,19692.69,0.020186,24769.90,0.019417,25750.82,0.024608,20318.77,0.021043,23761.36,0.025323,19744.92,0.053557,0.002365,0.002283,0.021043,0.079247,0.001005,3,32289,32289,184400,823,0,0,0,1402,0,0,0,0,0,0,0,0,0,0,0,0,0,0,0,0,0,0,0,7877075310425553933,7877075310425553933,7877075310425553933,16604102144384280345,16604102144384280345,16604102144384280345
183,5,500,8,10,0.051362,9734.74,0.024544,20371.43,0.021553,23198.72,0.021074,23725.82,0.024638,20293.83,0.020098,24878.56,0.024955,20035.95,0.053561,0.001350,0.001757,0.020098,0.076766,0.001031,4,32280,32280,184400,804,0,0,0,1342,0,0,0,0,0,0,0,0,0,0,0,0,0,0,0,0,0,0,0,9741464418263121001,9741464418263121001,9741464418263121001,11419398312169621467,11419398312169621467,11419398312169621467
184,5,500,8,10,0.051648,9680.90,0.025264,19790.78,0.020326,24598.46,0.019789,25266.91,0.024413,20481.28,0.020255,24684.78,0.023890,20929.16,0.053313,0.002118,0.001758,0.020255,0.077444,0.001001,4,32274,32274,184400,743,0,0,0,1318,0,0,0,0,0,0,0,0,0,0,0,0,0,0,0,0,0,0,0,5663284909141925030,5663284909141925030,5663284909141925030,12613846231130925294,12613846231130925294,12613846231130925294
185,5,500,8,10,0.051938,9626.88,0.025007,19994.46,0.019004,26310.57,0.018782,26621.86,0.024207,20655.44,0.019659,25434.14,0.024141,20711.37,0.053201,0.002216,0.001794,0.019659,0.076869,0.000993,4,32320,32320,184400,690,0,0,0,1140,0,0,0,0,0,0,0,0,0,0,0,0,0,0,0,0,0,0,0,18333616012711270570,18333616012711270570,18333616012711270570,18171227957735667145,18171227957735667145,18171227957735667145
186,5,500,8,10,0.051754,9661.14,0.024144,20708.74,0.022849,21882.57,0.022988,21750.84,0.024732,20216.44,0.023556,21225.64,0.024218,20645.40,0.052999,0.001657,0.001833,0.023556,0.080045,0.000996,4,32285,32285,184400,772,0,0,0,1217,0,0,0,0,0,0,0,0,0,0,0,0,0,0,0,0,0,0,0,173674745599564859,173674745599564859,173674745599564859,3474668720828734877,3474668720828734877,3474668720828734877
187,5,500,8,10,0.051862,9641.05,0.025268,19787.73,0.021292,23483.04,0.021384,23381.81,0.025252,19800.72,0.019826,25219.54,0.024037,20800.84,0.052927,0.002647,0.001856,0.019826,0.077256,0.001003,4,32290,32290,184400,712,0,0,0,1311,0,0,0,0,0,0,0,0,0,0,0,0,0,0,0,0,0,0,0,17931940022704235827,17931940022704235827,17931940022704235827,6827512683455521947,6827512683455521947,6827512683455521947
188,5,500,8,10,0.051227,9760.42,0.024373,20514.79,0.020180,24777.34,0.019440,25720.60,0.023989,20842.89,0.020734,24115.40,0.024286,20587.93,0.054266,0.000694,0.001826,0.020734,0.077519,0.000994,4,32290,32290,184400,786,0,0,0,1220,0,0,0,0,0,0,0,0,0,0,0,0,0,0,0,0,0,0,0,15770387162521045137,15770387162521045137,15770387162521045137,4506707074176869251,4506707074176869251,4506707074176869251
189,5,500,8,10,0.051838,9645.37,0.023839,20974.44,0.019232,25997.95,0.019185,26061.57,0.024173,20684.52,0.021095,23702.61,0.023770,21035.12,0.053987,0.001605,0.001823,0.021095,0.078510,0.000988,4,32280,32280,184400,846,0,0,0,1360,0,0,0,0,0,0,0,0,0,0,0,0,0,0,0,0,0,0,0,2158138923173784816,2158138923173784816,2158138923173784816,4091349657776889465,4091349657776889465,4091349657776889465
190,5,500,8,10,0.051532,9702.77,0.024613,20314.12,0.021845,22888.58,0.021402,23362.43,0.024044,20794.85,0.021021,23785.54,0.024602,20323.22,0.053056,0.002762,0.001880,0.021021,0.078719,0.000987,4,32255,32255,184400,765,0,0,0,1379,0,0,0,0,0,0,0,0,0,0,0,0,0,0,0,0,0,0,0,2724563043197170208,2724563043197170208,2724563043197170208,518049411100347929,518049411100347929,518049411100347929
191,5,500,8,10,0.051659,9678.79,0.025399,19685.75,0.019133,26133.31,0.019219,26015.46,0.024173,20684.52,0.019807,25244.21,0.023289,21469.04,0.053557,0.001207,0.002135,0.019807,0.076705,0.000984,3,32270,32270,184400,776,0,0,0,1362,0,0,0,0,0,0,0,0,0,0,0,0,0,0,0,0,0,0,0,18174261454434758216,18174261454434758216,18174261454434758216,2841172911136899619,2841172911136899619,2841172911136899619
192,5,500,8,10,0.051287,9749.07,0.025068,19945.77,0.019443,25715.70,0.018401,27172.34,0.024787,20171.98,0.019410,25759.35,0.025421,19669.08,0.053534,0.001689,0.002187,0.019410,0.076821,0.001008,3,32265,32265,184400,707,0,0,0,1062,0,0,0,0,0,0,0,0,0,0,0,0,0,0,0,0,0,0,0,6114910909909623459,6114910909909623459,6114910909909623459,2316118834567283329,2316118834567283329,2316118834567283329
193,5,500,8,10,0.051366,9734.02,0.024438,20459.97,0.019732,25339.41,0.018989,26331.25,0.024760,20193.72,0.020351,24568.80,0.023858,20957.25,0.053762,0.001470,0.002253,0.020351,0.077835,0.001001,4,32300,32300,184400,764,0,0,0,1142,0,0,0,0,0,0,0,0,0,0,0,0,0,0,0,0,0,0,0,16485254495043196069,16485254495043196069,16485254495043196069,2790810264900656901,2790810264900656901,2790810264900656901
194,5,500,8,10,0.051208,9764.05,0.024594,20330.15,0.021998,22729.53,0.020737,24111.97,0.024656,20278.86,0.019519,25616.32,0.023542,21238.97,0.053399,0.001722,0.002802,0.019519,0.077442,0.000992,3,32270,32270,184400,763,0,0,0,1323,0,0,0,0,0,0,0,0,0,0,0,0,0,0,0,0,0,0,0,8733245580974074561,8733245580974074561,8733245580974074561,6203414298106722850,6203414298106722850,6203414298106722850
195,5,500,8,10,0.051045,9795.20,0.024448,20451.66,0.021511,23243.94,0.020986,23825.67,0.024661,20274.82,0.020815,24021.21,0.023521,21257.15,0.053447,0.002223,0.001840,0.020815,0.078326,0.001000,4,32310,32310,184400,741,0,0,0,1352,0,0,0,0,0,0,0,0,0,0,0,0,0,0,0,0,0,0,0,14494049289592865740,14494049289592865740,14494049289592865740,17216667991368933813,17216667991368933813,17216667991368933813
196,5,500,8,10,0.051665,9677.76,0.024718,20227.86,0.019257,25965.26,0.019565,25555.49,0.024329,20551.40,0.021362,23405.76,0.023631,21158.99,0.053798,0.001559,0.001798,0.021362,0.078517,0.000992,4,32264,32264,184400,816,0,0,0,1222,0,0,0,0,0,0,0,0,0,0,0,0,0,0,0,0,0,0,0,17366673217295943914,17366673217295943914,17366673217295943914,16548345824804750053,16548345824804750053,16548345824804750053
197,5,500,8,10,0.051344,9738.23,0.024495,20412.38,0.019108,26166.74,0.018868,26499.43,0.024584,20338.16,0.023331,21430.33,0.025568,19555.53,0.053520,0.001260,0.001724,0.023331,0.079835,0.000991,4,32310,32310,184400,732,0,0,0,1336,0,0,0,0,0,0,0,0,0,0,0,0,0,0,0,0,0,0,0,2043458507791643000,2043458507791643000,2043458507791643000,14984475653811147425,14984475653811147425,14984475653811147425
198,5,500,8,10,0.051325,9741.91,0.024916,20067.47,0.020875,23952.37,0.019665,25425.38,0.024911,20071.81,0.020698,24157.09,0.024643,20289.56,0.053163,0.001814,0.001833,0.020698,0.077508,0.000994,4,32265,32265,184400,743,0,0,0,1352,0,0,0,0,0,0,0,0,0,0,0,0,0,0,0,0,0,0,0,17225774193426925456,17225774193426925456,17225774193426925456,7208019855563536025,7208019855563536025,7208019855563536025
199,5,500,8,10,0.051587,9692.32,0.024637,20294.94,0.021685,23057.58,0.020884,23942.27,0.024268,20603.56,0.021357,23412.01,0.024205,20656.52,0.052852,0.002413,0.001771,0.021357,0.078393,0.000997,4,32300,32300,184400,742,0,0,0,1376,0,0,0,0,0,0,0,0,0,0,0,0,0,0,0,0,0,0,0,10660118208365285966,10660118208365285966,10660118208365285966,9799621820743680908,9799621820743680908,9799621820743680908
200,5,500,8,10,0.052281,9563.74,0.024136,20715.87,0.019796,25258.09,0.018553,26949.79,0.024459,20442.13,0.020619,24249.32,0.024205,20657.00,0.053468,0.002035,0.001793,0.020619,0.077915,0.001025,4,32310,32310,184400,729,0,0,0,1173,0,0,0,0,0,0,0,0,0,0,0,0,0,0,0,0,0,0,0,10150138613024344559,10150138613024344559,10150138613024344559,17454036575855871161,17454036575855871161,17454036575855871161
201,5,500,8,10,0.051250,9756.11,0.025183,19854.72,0.019270,25946.75,0.019729,25343.28,0.024132,20719.36,0.019592,25520.37,0.024683,20256.53,0.053764,0.001133,0.002262,0.019592,0.076751,0.000985,4,32250,32250,184400,759,0,0,0,1262,0,0,0,0,0,0,0,0,0,0,0,0,0,0,0,0,0,0,0,18212867496316543516,18212867496316543516,18212867496316543516,10047697286428585754,10047697286428585754,10047697286428585754
202,5,500,8,10,0.051219,9762.00,0.024912,20071.03,0.019094,26186.73,0.018979,26344.66,0.024825,20140.75,0.021458,23301.05,0.024651,20283.34,0.053082,0.001944,0.001793,0.021458,0.078278,0.001010,4,32290,32290,184400,810,0,0,0,1299,0,0,0,0,0,0,0,0,0,0,0,0,0,0,0,0,0,0,0,5955319251249915983,5955319251249915983,5955319251249915983,7945532517807000166,7945532517807000166,7945532517807000166
203,5,500,8,10,0.051264,9753.47,0.024457,20444.04,0.019776,25282.99,0.018962,26368.81,0.025605,19527.81,0.020034,24957.29,0.025055,19956.03,0.053144,0.002153,0.001836,0.020034,0.077168,0.001007,4,32269,32269,184400,803,0,0,0,1279,0,0,0,0,0,0,0,0,0,0,0,0,0,0,0,0,0,0,0,13465965207382789103,13465965207382789103,13465965207382789103,5211527852293132003,5211527852293132003,5211527852293132003
204,5,500,8,10,0.051466,9715.18,0.025042,19966.80,0.022017,22710.02,0.021149,23641.78,0.024451,20449.04,0.019717,25359.43,0.023256,21500.22,0.052878,0.002367,0.001811,0.019717,0.076773,0.001017,4,32260,32260,184400,778,0,0,0,1253,0,0,0,0,0,0,0,0,0,0,0,0,0,0,0,0,0,0,0,2214729702914977348,2214729702914977348,2214729702914977348,4852738307984320524,4852738307984320524,4852738307984320524
205,5,500,8,10,0.051187,9768.13,0.025059,19952.66,0.021866,22866.60,0.021137,23655.20,0.024593,20331.00,0.021676,23067.41,0.024207,20655.23,0.052955,0.002006,0.001754,0.021676,0.078391,0.000989,4,32264,32264,184400,750,0,0,0,1444,0,0,0,0,0,0,0,0,0,0,0,0,0,0,0,0,0,0,0,16654933927806943668,16654933927806943668,16654933927806943668,12846366932384379132,12846366932384379132,12846366932384379132
206,5,500,8,10,0.051239,9758.19,0.025383,19698.28,0.019812,25237.57,0.018830,26553.24,0.025294,19767.47,0.021984,22743.92,0.024779,20178.55,0.053609,0.002174,0.001803,0.021984,0.079570,0.000996,4,32315,32315,184400,774,0,0,0,1451,0,0,0,0,0,0,0,0,0,0,0,0,0,0,0,0,0,0,0,4401738223782556940,4401738223782556940,4401738223782556940,1596848552481127743,1596848552481127743,1596848552481127743
207,5,500,8,10,0.051949,9624.81,0.024797,20163.33,0.018840,26539.17,0.018397,27178.99,0.024453,20447.47,0.020201,24750.74,0.023703,21094.50,0.053329,0.002186,0.001831,0.020201,0.077548,0.000990,4,32270,32270,184400,698,0,0,0,1164,0,0,0,0,0,0,0,0,0,0,0,0,0,0,0,0,0,0,0,9687762931940207831,9687762931940207831,9687762931940207831,3934474491612912291,3934474491612912291,3934474491612912291
208,5,500,8,10,0.051389,9729.76,0.025329,19739.88,0.020669,24190.85,0.019254,25968.65,0.024485,20420.31,0.019725,25349.03,0.025056,19955.45,0.055446,0.000000,0.001849,0.019725,0.077020,0.001496,4,32310,32310,184400,812,0,0,0,1368,0,0,0,0,0,0,0,0,0,0,0,0,0,0,0,0,0,0,0,4426116145671515292,4426116145671515292,4426116145671515292,2547159753235406071,2547159753235406071,2547159753235406071
209,5,500,8,10,0.051675,9675.83,0.024426,20469.72,0.022424,22297.86,0.022038,22687.70,0.023777,21029.15,0.019995,25005.70,0.024509,20400.55,0.054375,0.000408,0.002263,0.019995,0.077041,0.001006,4,32260,32260,184400,729,0,0,0,1197,0,0,0,0,0,0,0,0,0,0,0,0,0,0,0,0,0,0,0,16046832214512928255,16046832214512928255,16046832214512928255,11319828110894774469,11319828110894774469,11319828110894774469
210,5,500,8,10,0.051463,9715.67,0.025985,19241.64,0.020871,23956.31,0.019643,25454.14,0.024855,20116.57,0.020236,24708.42,0.024485,20420.34,0.053957,0.001161,0.001719,0.020236,0.077073,0.000999,4,32255,32255,184400,771,0,0,0,1382,0,0,0,0,0,0,0,0,0,0,0,0,0,0,0,0,0,0,0,6197864541095713282,6197864541095713282,6197864541095713282,15873640120271016807,15873640120271016807,15873640120271016807
211,5,500,8,10,0.051819,9649.02,0.025016,19987.13,0.021178,23609.60,0.021237,23543.32,0.023852,20962.30,0.021957,22771.33,0.024421,20474.09,0.053061,0.002305,0.001788,0.021957,0.079112,0.001030,4,32305,32305,184400,796,0,0,0,1370,0,0,0,0,0,0,0,0,0,0,0,0,0,0,0,0,0,0,0,1116630215404313323,1116630215404313323,1116630215404313323,14677276988948050828,14677276988948050828,14677276988948050828
212,5,500,8,10,0.052062,9603.85,0.025423,19667.42,0.019140,26123.70,0.018536,26975.13,0.024102,20744.94,0.020662,24198.49,0.024227,20638.00,0.053086,0.002553,0.001788,0.020662,0.078089,0.001014,4,32310,32310,184400,730,0,0,0,1257,0,0,0,0,0,0,0,0,0,0,0,0,0,0,0,0,0,0,0,17722552845123133347,17722552845123133347,17722552845123133347,11338775553477051158,11338775553477051158,11338775553477051158
213,5,500,8,10,0.051863,9640.75,0.024447,20452.20,0.022152,22571.09,0.021302,23472.05,0.023616,21172.04,0.020405,24503.38,0.023664,21129.16,0.053443,0.001701,0.001811,0.020405,0.077360,0.000996,4,32290,32290,184400,726,0,0,0,1229,0,0,0,0,0,0,0,0,0,0,0,0,0,0,0,0,0,0,0,13553596933515277983,13553596933515277983,13553596933515277983,16387036948263353874,16387036948263353874,16387036948263353874
214,5,500,8,10,0.051805,9651.54,0.025116,19907.91,0.020587,24287.52,0.019131,26136.21,0.023923,20900.65,0.022886,21847.83,0.024439,20459.13,0.053876,0.001356,0.001807,0.022886,0.079925,0.001004,4,32270,32270,184400,797,0,0,0,1372,0,0,0,0,0,0,0,0,0,0,0,0,0,0,0,0,0,0,0,2561816191841247969,2561816191841247969,2561816191841247969,6290488868846532329,6290488868846532329,6290488868846532329
215,5,500,8,10,0.051652,9680.14,0.024439,20459.09,0.019997,25003.68,0.019078,26208.60,0.024733,20216.06,0.019615,25490.60,0.023804,21005.25,0.053648,0.001831,0.001802,0.019615,0.076896,0.001004,4,32295,32295,184400,728,0,0,0,1369,0,0,0,0,0,0,0,0,0,0,0,0,0,0,0,0,0,0,0,11405772913987692472,11405772913987692472,11405772913987692472,8445457030620127341,8445457030620127341,8445457030620127341
216,5,500,8,10,0.052123,9592.69,0.024713,20231.92,0.021594,23154.37,0.021107,23688.79,0.024468,20434.60,0.020544,24338.13,0.024550,20366.26,0.053401,0.002188,0.001822,0.020544,0.077954,0.001022,4,32295,32295,184400,802,0,0,0,1233,0,0,0,0,0,0,0,0,0,0,0,0,0,0,0,0,0,0,0,7514823431744482371,7514823431744482371,7514823431744482371,14303169811436398377,14303169811436398377,14303169811436398377
217,5,500,8,10,0.051455,9717.25,0.024700,20242.83,0.020100,24875.09,0.018539,26970.42,0.024568,20351.97,0.022912,21822.28,0.024207,20655.30,0.053344,0.001928,0.001781,0.022912,0.079964,0.000983,4,32245,32245,184400,773,0,0,0,1206,0,0,0,0,0,0,0,0,0,0,0,0,0,0,0,0,0,0,0,5130211755697414150,5130211755697414150,5130211755697414150,15062206473004169283,15062206473004169283,15062206473004169283
218,5,500,8,10,0.051593,9691.29,0.024309,20568.77,0.021325,23447.11,0.021105,23690.71,0.024585,20337.69,0.019703,25376.48,0.024363,20523.07,0.053980,0.001567,0.001801,0.019703,0.077051,0.000995,4,32270,32270,184400,707,0,0,0,1330,0,0,0,0,0,0,0,0,0,0,0,0,0,0,0,0,0,0,0,6753337930838622812,6753337930838622812,6753337930838622812,2795363515212294097,2795363515212294097,2795363515212294097
219,5,500,8,10,0.051156,9774.10,0.024413,20480.61,0.020874,23953.13,0.019486,25659.35,0.024358,20527.11,0.020585,24289.62,0.023801,21007.50,0.053267,0.002388,0.001803,0.020585,0.078043,0.000989,4,32275,32275,184400,829,0,0,0,1405,0,0,0,0,0,0,0,0,0,0,0,0,0,0,0,0,0,0,0,15818991320616672112,15818991320616672112,15818991320616672112,6719172617361895949,6719172617361895949,6719172617361895949
220,5,500,8,10,0.051223,9761.29,0.025195,19845.45,0.018952,26382.71,0.019077,26209.37,0.023939,20886.22,0.020502,24387.60,0.024203,20658.72,0.053265,0.002138,0.001726,0.020502,0.077631,0.001017,4,32245,32245,184400,697,0,0,0,1332,0,0,0,0,0,0,0,0,0,0,0,0,0,0,0,0,0,0,0,7739150306654256283,7739150306654256283,7739150306654256283,9350501438964663419,9350501438964663419,9350501438964663419
221,5,500,8,10,0.052119,9593.42,0.025194,19846.14,0.020187,24768.45,0.020374,24540.54,0.023621,21167.28,0.020155,24807.80,0.023564,21219.21,0.054194,0.000776,0.001799,0.020155,0.076924,0.001005,4,32285,32285,184400,733,0,0,0,1394,0,0,0,0,0,0,0,0,0,0,0,0,0,0,0,0,0,0,0,10109846421047367665,10109846421047367665,10109846421047367665,7807073097419593893,7807073097419593893,7807073097419593893
222,5,500,8,10,0.052234,9572.27,0.025069,19945.12,0.018674,26775.51,0.018279,27353.79,0.024499,20408.69,0.022107,22616.78,0.023828,20983.73,0.053934,0.001032,0.001789,0.022107,0.078862,0.001005,4,32265,32265,184400,795,0,0,0,1091,0,0,0,0,0,0,0,0,0,0,0,0,0,0,0,0,0,0,0,10044712601622553724,10044712601622553724,10044712601622553724,16090035466127928525,16090035466127928525,16090035466127928525
223,5,500,8,10,0.051651,9680.38,0.024673,20264.86,0.021167,23621.79,0.021614,23133.62,0.023916,20906.59,0.019512,25625.03,0.024305,20571.69,0.054013,0.001466,0.001826,0.019512,0.076817,0.001019,4,32275,32275,184400,746,0,0,0,1288,0,0,0,0,0,0,0,0,0,0,0,0,0,0,0,0,0,0,0,1486546398316922468,1486546398316922468,1486546398316922468,891124018489552214,891124018489552214,891124018489552214
224,5,500,8,10,0.051222,9761.39,0.024339,20543.49,0.021079,23720.77,0.018651,26808.75,0.024095,20751.15,0.019998,25002.77,0.025481,19622.78,0.053477,0.001534,0.001708,0.019998,0.076717,0.001007,4,32250,32250,184400,751,0,0,0,1292,0,0,0,0,0,0,0,0,0,0,0,0,0,0,0,0,0,0,0,5186402836052305567,5186402836052305567,5186402836052305567,3131776160213642769,3131776160213642769,3131776160213642769
225,5,500,8,10,0.051237,9758.52,0.025152,19878.83,0.019558,25565.20,0.018892,26466.18,0.024631,20299.26,0.021122,23671.98,0.024321,20558.16,0.052792,0.002267,0.001834,0.021122,0.078016,0.000989,4,32265,32265,184400,748,0,0,0,1484,0,0,0,0,0,0,0,0,0,0,0,0,0,0,0,0,0,0,0,8179752308870079828,8179752308870079828,8179752308870079828,5617659612506154651,5617659612506154651,5617659612506154651
226,5,500,8,10,0.050968,9810.12,0.024792,20168.14,0.021464,23294.84,0.021346,23423.46,0.024175,20682.56,0.019715,25361.50,0.023242,21512.72,0.054221,0.000406,0.001812,0.019715,0.076154,0.001877,4,32274,32274,184400,720,0,0,0,1345,0,0,0,0,0,0,0,0,0,0,0,0,0,0,0,0,0,0,0,5305871656174192660,5305871656174192660,5305871656174192660,10786727756422697805,10786727756422697805,10786727756422697805
227,5,500,8,10,0.052279,9564.16,0.023960,20868.36,0.019492,25651.33,0.019345,25846.85,0.024508,20401.34,0.020084,24895.12,0.024613,20314.63,0.053547,0.001825,0.001827,0.020084,0.077283,0.001016,4,32305,32305,184400,828,0,0,0,1377,0,0,0,0,0,0,0,0,0,0,0,0,0,0,0,0,0,0,0,10869474833213361094,10869474833213361094,10869474833213361094,8759597308258584564,8759597308258584564,8759597308258584564
228,5,500,8,10,0.051179,9769.66,0.024827,20139.68,0.022939,21796.80,0.022366,22354.91,0.024327,20552.88,0.020052,24934.70,0.024418,20476.84,0.053174,0.002073,0.002350,0.020052,0.077649,0.001010,3,32335,32335,184400,713,0,0,0,1288,0,0,0,0,0,0,0,0,0,0,0,0,0,0,0,0,0,0,0,14500832350445362007,14500832350445362007,14500832350445362007,11232720406756304963,11232720406756304963,11232720406756304963
229,5,500,8,10,0.051231,9759.63,0.024656,20279.15,0.018971,26356.41,0.018868,26499.98,0.024119,20730.42,0.020540,24342.67,0.023827,20984.83,0.053854,0.001688,0.001797,0.020540,0.077879,0.001002,4,32290,32290,184400,746,0,0,0,1221,0,0,0,0,0,0,0,0,0,0,0,0,0,0,0,0,0,0,0,2906871529159563303,2906871529159563303,2906871529159563303,17990853226306388852,17990853226306388852,17990853226306388852
230,5,500,8,10,0.051430,9722.01,0.025056,19955.16,0.020007,24991.02,0.018830,26553.42,0.024281,20592.23,0.020498,24392.95,0.024539,20375.56,0.053569,0.001756,0.001716,0.020498,0.077539,0.000985,4,32280,32280,184400,803,0,0,0,1336,0,0,0,0,0,0,0,0,0,0,0,0,0,0,0,0,0,0,0,13112700291080419413,13112700291080419413,13112700291080419413,5266679306487209391,5266679306487209391,5266679306487209391
231,5,500,8,10,0.052028,9610.19,0.024770,20185.88,0.020056,24930.50,0.019271,25946.25,0.025002,19998.68,0.019441,25718.62,0.024639,20292.99,0.052888,0.002133,0.001757,0.019441,0.076219,0.001006,4,32320,32320,184400,797,0,0,0,1289,0,0,0,0,0,0,0,0,0,0,0,0,0,0,0,0,0,0,0,1841699784073519482,1841699784073519482,1841699784073519482,15527254248323838551,15527254248323838551,15527254248323838551
232,5,500,8,10,0.051279,9750.54,0.024136,20716.13,0.018952,26382.62,0.018747,26671.41,0.024577,20343.95,0.020220,24727.44,0.023790,21017.26,0.053832,0.000863,0.002190,0.020220,0.077106,0.001008,4,32305,32305,184400,744,0,0,0,1125,0,0,0,0,0,0,0,0,0,0,0,0,0,0,0,0,0,0,0,861255347133676285,861255347133676285,861255347133676285,18105513902532236594,18105513902532236594,18105513902532236594
233,5,500,8,10,0.051664,9677.98,0.024847,20123.21,0.023224,21529.55,0.021294,23480.63,0.024943,20045.77,0.019468,25683.08,0.024075,20768.45,0.053830,0.000573,0.001685,0.019468,0.075556,0.000997,4,32290,32290,184400,695,0,0,0,1245,0,0,0,0,0,0,0,0,0,0,0,0,0,0,0,0,0,0,0,4560062708928378025,4560062708928378025,4560062708928378025,16049122163527271840,16049122163527271840,16049122163527271840
234,5,500,8,10,0.051863,9640.73,0.024503,20405.30,0.019411,25758.70,0.018773,26633.42,0.024742,20208.37,0.020069,24914.41,0.024381,20507.95,0.053682,0.001937,0.001824,0.020069,0.077511,0.001005,4,32325,32325,184400,777,0,0,0,1056,0,0,0,0,0,0,0,0,0,0,0,0,0,0,0,0,0,0,0,8339628916286903114,8339628916286903114,8339628916286903114,14475849293009930414,14475849293009930414,14475849293009930414
235,5,500,8,10,0.051474,9713.55,0.024905,20076.08,0.021786,22950.44,0.021366,23402.19,0.024230,20635.95,0.021658,23086.54,0.023872,20945.40,0.053267,0.001950,0.001804,0.021658,0.078678,0.001005,4,32260,32260,184400,754,0,0,0,1303,0,0,0,0,0,0,0,0,0,0,0,0,0,0,0,0,0,0,0,15392497797310645689,15392497797310645689,15392497797310645689,14221465254305645886,14221465254305645886,14221465254305645886
236,5,500,8,10,0.051806,9651.43,0.024241,20626.06,0.019199,26043.15,0.019674,25413.79,0.024261,20609.47,0.020142,24823.88,0.023947,20879.75,0.053683,0.002049,0.001728,0.020142,0.077602,0.000989,4,32310,32310,184400,773,0,0,0,1121,0,0,0,0,0,0,0,0,0,0,0,0,0,0,0,0,0,0,0,13435261484185418382,13435261484185418382,13435261484185418382,6532938276541856503,6532938276541856503,6532938276541856503
237,5,500,8,10,0.051428,9722.32,0.024427,20468.81,0.019970,25038.09,0.018274,27361.21,0.024078,20765.70,0.019415,25753.25,0.025040,19967.74,0.053514,0.001657,0.002671,0.019415,0.077257,0.000993,3,32335,32335,184400,729,0,0,0,1302,0,0,0,0,0,0,0,0,0,0,0,0,0,0,0,0,0,0,0,13113513820566337319,13113513820566337319,13113513820566337319,11391438864321806536,11391438864321806536,11391438864321806536
238,5,500,8,10,0.051157,9773.78,0.024424,20472.01,0.019194,26050.17,0.018780,26624.32,0.024443,20455.78,0.020350,24570.19,0.023742,21059.35,0.053613,0.001043,0.002232,0.020350,0.077239,0.001459,3,32255,32255,184400,647,0,0,0,1161,0,0,0,0,0,0,0,0,0,0,0,0,0,0,0,0,0,0,0,13044773517161919494,13044773517161919494,13044773517161919494,17470882288599170710,17470882288599170710,17470882288599170710
239,5,500,8,10,0.051974,9620.23,0.025008,19993.41,0.018572,26922.85,0.018583,26905.78,0.024609,20317.44,0.020714,24137.81,0.024042,20796.68,0.053625,0.001490,0.001747,0.020714,0.077577,0.001006,4,32265,32265,184400,813,0,0,0,1137,0,0,0,0,0,0,0,0,0,0,0,0,0,0,0,0,0,0,0,2499491269996391414,2499491269996391414,2499491269996391414,5023060495181590210,5023060495181590210,5023060495181590210
240,5,500,8,10,0.051450,9718.10,0.024432,20464.58,0.019538,25591.64,0.018756,26658.16,0.024599,20326.36,0.020354,24565.03,0.024357,20527.58,0.053350,0.001551,0.001698,0.020354,0.076953,0.000991,4,32265,32265,184400,712,0,0,0,1160,0,0,0,0,0,0,0,0,0,0,0,0,0,0,0,0,0,0,0,4613419780814257847,4613419780814257847,4613419780814257847,11405766851422859491,11405766851422859491,11405766851422859491
241,5,500,8,10,0.051117,9781.56,0.024231,20635.08,0.021174,23613.59,0.021860,22873.03,0.024296,20579.10,0.021808,22927.11,0.023394,21373.16,0.053758,0.000916,0.001705,0.021808,0.078187,0.001006,4,32275,32275,184400,797,0,0,0,1216,0,0,0,0,0,0,0,0,0,0,0,0,0,0,0,0,0,0,0,10558024421158102427,10558024421158102427,10558024421158102427,8824953118729445946,8824953118729445946,8824953118729445946
242,5,500,8,10,0.051200,9765.62,0.025068,19946.00,0.021201,23584.34,0.020290,24642.28,0.024940,20047.82,0.020018,24977.72,0.024366,20520.67,0.053949,0.001520,0.001701,0.020018,0.077188,0.000998,4,32275,32275,184400,751,0,0,0,1361,0,0,0,0,0,0,0,0,0,0,0,0,0,0,0,0,0,0,0,7557264653520876979,7557264653520876979,7557264653520876979,5289770072100497811,5289770072100497811,5289770072100497811
243,5,500,8,10,0.051173,9770.80,0.024227,20637.94,0.023349,21414.26,0.022627,22097.21,0.025181,19856.32,0.022773,21956.26,0.023422,21347.53,0.054030,0.001357,0.001733,0.022773,0.079893,0.000995,4,32305,32305,184400,736,0,0,0,1240,0,0,0,0,0,0,0,0,0,0,0,0,0,0,0,0,0,0,0,7380045289772457187,7380045289772457187,7380045289772457187,14394316507308366294,14394316507308366294,14394316507308366294
244,5,500,8,10,0.051717,9668.00,0.024160,20695.47,0.022040,22686.33,0.021533,23220.71,0.025374,19705.35,0.020556,24323.75,0.024283,20590.21,0.052749,0.002392,0.002139,0.020556,0.077836,0.000991,3,32274,32274,184400,753,0,0,0,1311,0,0,0,0,0,0,0,0,0,0,0,0,0,0,0,0,0,0,0,8496153992893757142,8496153992893757142,8496153992893757142,8670126653099217867,8670126653099217867,8670126653099217867
245,5,500,8,10,0.051691,9672.94,0.023846,20967.93,0.022822,21909.16,0.021810,22925.21,0.024852,20119.21,0.021075,23724.77,0.023552,21229.82,0.053185,0.001910,0.001726,0.021075,0.077895,0.000998,4,32280,32280,184400,742,0,0,0,1412,0,0,0,0,0,0,0,0,0,0,0,0,0,0,0,0,0,0,0,1589309834492161578,1589309834492161578,1589309834492161578,5078715120069947989,5078715120069947989,5078715120069947989
246,5,500,8,10,0.051805,9651.57,0.024365,20521.46,0.019614,25491.56,0.020210,24739.73,0.024569,20351.05,0.020601,24270.44,0.024185,20673.70,0.053765,0.001429,0.001728,0.020601,0.077523,0.001003,4,32300,32300,184400,797,0,0,0,1275,0,0,0,0,0,0,0,0,0,0,0,0,0,0,0,0,0,0,0,4716931906172037307,4716931906172037307,4716931906172037307,11785573528728615338,11785573528728615338,11785573528728615338
247,5,500,8,10,0.051240,9757.95,0.024592,20331.94,0.021211,23572.56,0.020724,24127.18,0.024213,20650.22,0.019627,25475.04,0.023845,20968.88,0.053589,0.001185,0.001684,0.019627,0.076086,0.000996,4,32290,32290,184400,719,0,0,0,1376,0,0,0,0,0,0,0,0,0,0,0,0,0,0,0,0,0,0,0,4353355492184443170,4353355492184443170,4353355492184443170,4921216588983414985,4921216588983414985,4921216588983414985
248,5,500,8,10,0.051210,9763.80,0.024062,20780.00,0.022690,22036.62,0.021887,22844.46,0.024182,20676.68,0.020442,24459.70,0.024759,20194.60,0.053626,0.001694,0.001725,0.020442,0.077486,0.001011,4,32310,32310,184400,763,0,0,0,1298,0,0,0,0,0,0,0,0,0,0,0,0,0,0,0,0,0,0,0,2471283730214991212,2471283730214991212,2471283730214991212,11832423256965686898,11832423256965686898,11832423256965686898
249,5,500,8,10,0.051727,9666.15,0.024501,20407.48,0.020148,24816.43,0.018333,27272.93,0.024511,20399.26,0.020849,23981.80,0.025046,19963.44,0.053174,0.002417,0.001769,0.020849,0.078209,0.000997,4,32270,32270,184400,821,0,0,0,1257,0,0,0,0,0,0,0,0,0,0,0,0,0,0,0,0,0,0,0,3746762724776970636,3746762724776970636,3746762724776970636,6828963144138841987,6828963144138841987,6828963144138841987
250,5,500,8,10,0.051441,9719.85,0.024531,20382.11,0.020617,24251.75,0.019420,25746.17,0.024647,20286.82,0.020502,24388.04,0.023918,20905.12,0.053742,0.001961,0.001764,0.020502,0.077969,0.000994,4,32268,32268,184400,738,0,0,0,1346,0,0,0,0,0,0,0,0,0,0,0,0,0,0,0,0,0,0,0,6439246626524722268,6439246626524722268,6439246626524722268,11489311442108698988,11489311442108698988,11489311442108698988
251,5,500,8,10,0.051118,9781.25,0.025248,19803.48,0.021776,22961.32,0.020621,24247.52,0.024617,20310.98,0.021218,23564.54,0.024371,20516.13,0.053552,0.001665,0.001711,0.021218,0.078146,0.000992,4,32290,32290,184400,808,0,0,0,1620,0,0,0,0,0,0,0,0,0,0,0,0,0,0,0,0,0,0,0,564034217601917138,564034217601917138,564034217601917138,4164024381085834756,4164024381085834756,4164024381085834756
252,5,500,8,10,0.051385,9730.38,0.024652,20282.65,0.020824,24010.88,0.020169,24790.72,0.024922,20062.24,0.020147,24817.23,0.023982,20848.96,0.053272,0.001981,0.001759,0.020147,0.077159,0.001017,4,32325,32325,184400,771,0,0,0,1261,0,0,0,0,0,0,0,0,0,0,0,0,0,0,0,0,0,0,0,19686612082624624,19686612082624624,19686612082624624,9125553831102602773,9125553831102602773,9125553831102602773
253,5,500,8,10,0.050665,9868.81,0.025296,19766.35,0.022595,22129.23,0.022102,22622.56,0.024211,20651.98,0.019767,25295.26,0.024505,20404.35,0.053348,0.001379,0.002195,0.019767,0.076689,0.001682,3,32295,32295,184400,786,0,0,0,1357,0,0,0,0,0,0,0,0,0,0,0,0,0,0,0,0,0,0,0,13457590700796691555,13457590700796691555,13457590700796691555,14330547481698027962,14330547481698027962,14330547481698027962
254,5,500,8,10,0.051457,9716.87,0.025683,19468.24,0.019490,25653.91,0.019777,25281.41,0.024694,20248.20,0.019655,25438.54,0.023518,21260.03,0.054005,0.001183,0.001757,0.019655,0.076601,0.000991,4,32305,32305,184400,790,0,0,0,1190,0,0,0,0,0,0,0,0,0,0,0,0,0,0,0,0,0,0,0,9140528421181087954,9140528421181087954,9140528421181087954,12305558824984753542,12305558824984753542,12305558824984753542
255,5,500,8,10,0.051228,9760.25,0.024659,20276.90,0.019313,25889.88,0.019074,26214.26,0.024591,20332.40,0.019724,25349.62,0.024774,20182.11,0.053996,0.001531,0.001726,0.019724,0.076978,0.000991,4,32244,32244,184400,768,0,0,0,1311,0,0,0,0,0,0,0,0,0,0,0,0,0,0,0,0,0,0,0,14816258889871495841,14816258889871495841,14816258889871495841,18348702170732758848,18348702170732758848,18348702170732758848
256,5,500,8,10,0.051578,9694.08,0.025237,19811.85,0.019154,26103.82,0.018683,26762.90,0.024719,20227.03,0.019625,25477.81,0.023697,21100.08,0.053443,0.001341,0.002554,0.019625,0.076963,0.001034,3,32320,32320,184400,742,0,0,0,1221,0,0,0,0,0,0,0,0,0,0,0,0,0,0,0,0,0,0,0,6765505224561356128,6765505224561356128,6765505224561356128,2104925914237503735,2104925914237503735,2104925914237503735
257,5,500,8,10,0.051154,9774.40,0.024668,20269.14,0.020018,24978.13,0.019367,25817.59,0.025114,19909.55,0.019796,25257.45,0.023259,21497.29,0.054014,0.000752,0.001782,0.019796,0.076345,0.001441,4,32260,32260,184400,729,0,0,0,1256,0,0,0,0,0,0,0,0,0,0,0,0,0,0,0,0,0,0,0,18158985204180769283,18158985204180769283,18158985204180769283,12606363533730909240,12606363533730909240,12606363533730909240
258,5,500,8,10,0.050761,9850.03,0.025117,19906.68,0.021974,22753.68,0.021672,23071.04,0.025090,19928.27,0.023462,21311.02,0.023749,21053.63,0.054376,0.000411,0.001719,0.023462,0.079967,0.001696,4,32305,32305,184400,785,0,0,0,1191,0,0,0,0,0,0,0,0,0,0,0,0,0,0,0,0,0,0,0,14274561301667960367,14274561301667960367,14274561301667960367,234476818761503163,234476818761503163,234476818761503163
259,5,500,8,10,0.051422,9723.37,0.024858,20114.51,0.018865,26503.54,0.019162,26093.61,0.024813,20150.76,0.019704,25375.17,0.023625,21164.34,0.053193,0.001859,0.001727,0.019704,0.076483,0.000995,4,32265,32265,184400,752,0,0,0,1343,0,0,0,0,0,0,0,0,0,0,0,0,0,0,0,0,0,0,0,11497719606744090750,11497719606744090750,11497719606744090750,12741312559240771763,12741312559240771763,12741312559240771763
260,5,500,8,10,0.051217,9762.31,0.025099,19921.11,0.019541,25587.56,0.020050,24937.59,0.024073,20770.05,0.020223,24724.86,0.024688,20253.13,0.053639,0.001750,0.001689,0.020223,0.077300,0.000988,4,32240,32240,184400,708,0,0,0,1110,0,0,0,0,0,0,0,0,0,0,0,0,0,0,0,0,0,0,0,11895917131287961414,11895917131287961414,11895917131287961414,8821862419491782406,8821862419491782406,8821862419491782406
261,5,500,8,10,0.051236,9758.72,0.024650,20284.31,0.019783,25273.72,0.019162,26093.32,0.024582,20339.92,0.020626,24240.97,0.024202,20659.80,0.053664,0.002085,0.001738,0.020626,0.078112,0.000993,4,32290,32290,184400,689,0,0,0,1209,0,0,0,0,0,0,0,0,0,0,0,0,0,0,0,0,0,0,0,1500386222631786068,1500386222631786068,1500386222631786068,18443466817884174459,18443466817884174459,18443466817884174459
262,5,500,8,10,0.052041,9607.82,0.024397,20494.37,0.022224,22497.87,0.019981,25024.06,0.024794,20166.55,0.021489,23267.60,0.024602,20323.56,0.053010,0.003313,0.001740,0.021489,0.079552,0.001013,4,32250,32250,184400,733,0,0,0,1346,0,0,0,0,0,0,0,0,0,0,0,0,0,0,0,0,0,0,0,11054518068827291230,11054518068827291230,11054518068827291230,8933356304649296228,8933356304649296228,8933356304649296228
263,5,500,8,10,0.051244,9757.19,0.024884,20092.84,0.023795,21013.23,0.022226,22495.88,0.025168,19866.80,0.021469,23289.36,0.024919,20064.76,0.053419,0.001573,0.001754,0.021469,0.078215,0.001022,4,32265,32265,184400,849,0,0,0,1336,0,0,0,0,0,0,0,0,0,0,0,0,0,0,0,0,0,0,0,13020897593755327611,13020897593755327611,13020897593755327611,5198204222071098585,5198204222071098585,5198204222071098585
264,5,500,8,10,0.051308,9745.15,0.024100,20747.09,0.021652,23092.29,0.020958,23856.95,0.024906,20075.19,0.021834,22900.24,0.024078,20765.82,0.054003,0.001071,0.002245,0.021834,0.079152,0.001005,4,32260,32260,184400,798,0,0,0,1290,0,0,0,0,0,0,0,0,0,0,0,0,0,0,0,0,0,0,0,54595865683075735,54595865683075735,54595865683075735,12118658681144504802,12118658681144504802,12118658681144504802
265,5,500,8,10,0.051751,9661.59,0.024200,20661.00,0.019229,26002.74,0.018877,26486.57,0.024659,20276.30,0.020273,24663.18,0.024343,20539.80,0.053538,0.002018,0.002189,0.020273,0.078018,0.000993,3,32320,32320,184400,795,0,0,0,1145,0,0,0,0,0,0,0,0,0,0,0,0,0,0,0,0,0,0,0,3471121953951411835,3471121953951411835,3471121953951411835,3778936740187460770,3778936740187460770,3778936740187460770
266,5,500,8,10,0.051535,9702.15,0.024437,20461.00,0.021871,22861.15,0.019767,25294.72,0.024195,20665.63,0.019637,25461.70,0.024729,20219.57,0.053219,0.002544,0.001709,0.019637,0.077109,0.000996,4,32209,32209,184400,712,0,0,0,1324,0,0,0,0,0,0,0,0,0,0,0,0,0,0,0,0,0,0,0,7090157607379325573,7090157607379325573,7090157607379325573,14845596745110918385,14845596745110918385,14845596745110918385
267,5,500,8,10,0.051484,9711.76,0.024314,20564.27,0.020975,23838.37,0.020058,24927.62,0.024573,20347.43,0.020660,24200.90,0.024511,20398.78,0.054417,0.000795,0.001703,0.020660,0.077575,0.000992,4,32230,32230,184400,723,0,0,0,1249,0,0,0,0,0,0,0,0,0,0,0,0,0,0,0,0,0,0,0,2836241769835333791,2836241769835333791,2836241769835333791,11635638642295631555,11635638642295631555,11635638642295631555
268,5,500,8,10,0.052070,9602.39,0.024728,20219.61,0.020162,24798.54,0.018276,27358.82,0.024020,20815.82,0.019445,25714.17,0.024741,20209.05,0.053583,0.001969,0.002223,0.019445,0.077220,0.001013,3,32285,32285,184400,788,0,0,0,1278,0,0,0,0,0,0,0,0,0,0,0,0,0,0,0,0,0,0,0,9318526606605911086,9318526606605911086,9318526606605911086,13824966280631645437,13824966280631645437,13824966280631645437
269,5,500,8,10,0.051928,9628.75,0.024133,20718.42,0.019103,26173.24,0.019239,25989.05,0.025128,19897.75,0.020053,24933.67,0.024578,20343.21,0.053352,0.001777,0.001739,0.020053,0.076922,0.000977,4,32265,32265,184400,780,0,0,0,1200,0,0,0,0,0,0,0,0,0,0,0,0,0,0,0,0,0,0,0,17495308418402451026,17495308418402451026,17495308418402451026,865185540002963635,865185540002963635,865185540002963635
270,5,500,8,10,0.051412,9725.42,0.025825,19361.21,0.019329,25867.34,0.019033,26270.38,0.024618,20309.96,0.020265,24672.91,0.024495,20412.52,0.054056,0.001208,0.001738,0.020265,0.077267,0.000987,4,32245,32245,184400,737,0,0,0,1272,0,0,0,0,0,0,0,0,0,0,0,0,0,0,0,0,0,0,0,858134776986564366,858134776986564366,858134776986564366,13728706892446600569,13728706892446600569,13728706892446600569
271,5,500,8,10,0.051259,9754.46,0.024086,20758.60,0.023855,20960.31,0.022787,21942.29,0.024528,20384.84,0.020095,24881.80,0.023960,20868.19,0.053121,0.001860,0.002136,0.020095,0.077213,0.000994,3,32305,32305,184400,811,0,0,0,1247,0,0,0,0,0,0,0,0,0,0,0,0,0,0,0,0,0,0,0,17475941376479370661,17475941376479370661,17475941376479370661,11522966170638697693,11522966170638697693,11522966170638697693
272,5,500,8,10,0.051712,9669.00,0.024172,20684.71,0.019367,25816.79,0.018982,26340.12,0.023911,20910.76,0.019753,25312.82,0.023640,21150.35,0.054140,0.001594,0.002195,0.019753,0.077682,0.000982,3,32280,32280,184400,747,0,0,0,1306,0,0,0,0,0,0,0,0,0,0,0,0,0,0,0,0,0,0,0,157326257092174811,157326257092174811,157326257092174811,10839175371253568442,10839175371253568442,10839175371253568442
273,5,500,8,10,0.052261,9567.40,0.024397,20494.47,0.023129,21618.31,0.023184,21566.15,0.024242,20625.36,0.020104,24870.48,0.023523,21256.23,0.053679,0.001407,0.001690,0.020104,0.076881,0.001030,4,32239,32239,184400,745,0,0,0,1418,0,0,0,0,0,0,0,0,0,0,0,0,0,0,0,0,0,0,0,12792401347344870418,12792401347344870418,12792401347344870418,6423131556828939534,6423131556828939534,6423131556828939534
274,5,500,8,10,0.051783,9655.77,0.025117,19906.75,0.020501,24389.04,0.019359,25827.54,0.024498,20409.96,0.020316,24611.55,0.023984,20847.27,0.053160,0.002599,0.001711,0.020316,0.077785,0.001024,4,32329,32329,184400,800,0,0,0,1234,0,0,0,0,0,0,0,0,0,0,0,0,0,0,0,0,0,0,0,14493511198580780286,14493511198580780286,14493511198580780286,12088888053638121367,12088888053638121367,12088888053638121367
275,5,500,8,10,0.052183,9581.61,0.024954,20036.65,0.022050,22675.43,0.019701,25379.27,0.025579,19547.39,0.022867,21865.45,0.024751,20201.17,0.053804,0.001625,0.002147,0.022867,0.080443,0.000985,3,32239,32239,184400,780,0,0,0,1545,0,0,0,0,0,0,0,0,0,0,0,0,0,0,0,0,0,0,0,1143456406277217721,1143456406277217721,1143456406277217721,9428894529705411589,9428894529705411589,9428894529705411589
276,5,500,8,10,0.051764,9659.14,0.026148,19121.92,0.019359,25828.38,0.019082,26203.09,0.024614,20313.95,0.020547,24334.59,0.024390,20500.61,0.053760,0.001016,0.001797,0.020547,0.077120,0.001007,4,32300,32300,184400,815,0,0,0,1189,0,0,0,0,0,0,0,0,0,0,0,0,0,0,0,0,0,0,0,6110475056041767489,6110475056041767489,6110475056041767489,11433650746906847333,11433650746906847333,11433650746906847333
277,5,500,8,10,0.052018,9612.12,0.024637,20294.32,0.022401,22320.58,0.019772,25288.44,0.025357,19718.20,0.020816,24020.04,0.024796,20164.24,0.054242,0.000876,0.001739,0.020816,0.077673,0.000983,4,32260,32260,184400,780,0,0,0,1232,0,0,0,0,0,0,0,0,0,0,0,0,0,0,0,0,0,0,0,11550760122691804282,11550760122691804282,11550760122691804282,5934126658502095843,5934126658502095843,5934126658502095843
278,5,500,8,10,0.052245,9570.34,0.023803,21006.05,0.022836,21895.27,0.021259,23519.84,0.024867,20106.74,0.020113,24858.99,0.024751,20201.16,0.053864,0.001123,0.001746,0.020113,0.076847,0.000994,4,32320,32320,184400,769,0,0,0,1265,0,0,0,0,0,0,0,0,0,0,0,0,0,0,0,0,0,0,0,6947220250875600979,6947220250875600979,6947220250875600979,16634891213116300263,16634891213116300263,16634891213116300263
279,5,500,8,10,0.051378,9731.80,0.024716,20229.43,0.021507,23248.27,0.021210,23573.24,0.024442,20456.27,0.019538,25591.54,0.024048,20791.77,0.054106,0.000532,0.002575,0.019538,0.076751,0.000992,3,32315,32315,184400,730,0,0,0,1300,0,0,0,0,0,0,0,0,0,0,0,0,0,0,0,0,0,0,0,7258874060984870087,7258874060984870087,7258874060984870087,7486199076080077322,7486199076080077322,7486199076080077322
280,5,500,8,10,0.051539,9701.34,0.024936,20051.14,0.022589,22135.03,0.020817,24018.73,0.025491,19614.72,0.021203,23581.96,0.024791,20168.72,0.053649,0.001808,0.001734,0.021203,0.078393,0.000989,4,32275,32275,184400,877,0,0,0,1189,0,0,0,0,0,0,0,0,0,0,0,0,0,0,0,0,0,0,0,17769506991065187590,17769506991065187590,17769506991065187590,13104305489108695861,13104305489108695861,13104305489108695861
281,5,500,8,10,0.051770,9658.18,0.024275,20597.71,0.020341,24581.47,0.018373,27213.54,0.024853,20117.91,0.020682,24176.13,0.023052,21690.40,0.053210,0.002169,0.001693,0.020682,0.077754,0.000994,4,32280,32280,184400,720,0,0,0,1317,0,0,0,0,0,0,0,0,0,0,0,0,0,0,0,0,0,0,0,4320658847354647713,4320658847354647713,4320658847354647713,9994477769396858710,9994477769396858710,9994477769396858710
282,5,500,8,10,0.051285,9749.40,0.024277,20595.30,0.021601,23147.36,0.021463,23296.15,0.024364,20521.77,0.019589,25524.75,0.024177,20680.74,0.053671,0.001539,0.001744,0.019589,0.076543,0.001006,4,32275,32275,184400,807,0,0,0,1337,0,0,0,0,0,0,0,0,0,0,0,0,0,0,0,0,0,0,0,566982261105500362,566982261105500362,566982261105500362,16193770188049239990,16193770188049239990,16193770188049239990
283,5,500,8,10,0.051701,9671.08,0.024076,20767.18,0.019704,25374.94,0.018804,26589.65,0.024303,20573.42,0.019454,25701.67,0.023875,20941.97,0.053295,0.001987,0.002180,0.019454,0.076916,0.000999,3,32294,32294,184400,773,0,0,0,1278,0,0,0,0,0,0,0,0,0,0,0,0,0,0,0,0,0,0,0,1380437006299162012,1380437006299162012,1380437006299162012,13416067277893701750,13416067277893701750,13416067277893701750
284,5,500,8,10,0.051652,9680.22,0.024515,20395.76,0.020484,24409.31,0.020234,24710.89,0.024753,20199.45,0.019975,25031.16,0.023937,20888.07,0.053232,0.001774,0.002202,0.019975,0.077183,0.000992,3,32255,32255,184400,792,0,0,0,1427,0,0,0,0,0,0,0,0,0,0,0,0,0,0,0,0,0,0,0,6978235757884163051,6978235757884163051,6978235757884163051,10025864854152248955,10025864854152248955,10025864854152248955
285,5,500,8,10,0.052200,9578.58,0.024495,20412.63,0.019800,25252.07,0.018375,27210.24,0.024567,20352.65,0.019810,25240.27,0.023718,21080.76,0.053593,0.001535,0.001754,0.019810,0.076692,0.001013,4,32300,32300,184400,779,0,0,0,1245,0,0,0,0,0,0,0,0,0,0,0,0,0,0,0,0,0,0,0,13340305887091688922,13340305887091688922,13340305887091688922,7889802252406267266,7889802252406267266,7889802252406267266
286,5,500,8,10,0.051782,9655.83,0.024244,20623.30,0.023383,21383.04,0.022978,21760.40,0.024243,20624.74,0.020890,23934.84,0.023885,20933.82,0.053048,0.002432,0.001754,0.020890,0.078124,0.001020,4,32300,32300,184400,781,0,0,0,1346,0,0,0,0,0,0,0,0,0,0,0,0,0,0,0,0,0,0,0,5549771769542531528,5549771769542531528,5549771769542531528,13056296408386049526,13056296408386049526,13056296408386049526
287,5,500,8,10,0.051772,9657.74,0.024756,20197.37,0.019879,25151.76,0.019234,25995.47,0.024883,20094.02,0.023735,21066.27,0.024618,20310.58,0.053402,0.001680,0.001746,0.023735,0.080562,0.000990,4,32295,32295,184400,736,0,0,0,1232,0,0,0,0,0,0,0,0,0,0,0,0,0,0,0,0,0,0,0,8480088915246455731,8480088915246455731,8480088915246455731,2187663081710512168,2187663081710512168,2187663081710512168
288,5,500,8,10,0.051009,9802.19,0.024827,20139.18,0.021385,23380.47,0.019922,25097.90,0.023804,21004.83,0.020263,24675.91,0.024306,20570.75,0.053519,0.001738,0.002157,0.020263,0.077676,0.000997,3,32269,32269,184400,751,0,0,0,1331,0,0,0,0,0,0,0,0,0,0,0,0,0,0,0,0,0,0,0,3464403092614956741,3464403092614956741,3464403092614956741,3599386266409044764,3599386266409044764,3599386266409044764
289,5,500,8,10,0.051365,9734.31,0.023815,20994.93,0.019861,25175.33,0.019404,25767.95,0.024829,20138.12,0.019848,25190.97,0.023605,21181.75,0.053611,0.001299,0.001745,0.019848,0.076503,0.000983,4,32290,32290,184400,709,0,0,0,1279,0,0,0,0,0,0,0,0,0,0,0,0,0,0,0,0,0,0,0,11854942556332426508,11854942556332426508,11854942556332426508,12785288323752576722,12785288323752576722,12785288323752576722
290,5,500,8,10,0.052416,9539.12,0.024326,20554.41,0.021019,23787.61,0.019237,25991.93,0.024283,20590.43,0.020493,24398.26,0.023955,20872.44,0.053263,0.002030,0.001779,0.020493,0.077564,0.001016,4,32285,32285,184400,696,0,0,0,1154,0,0,0,0,0,0,0,0,0,0,0,0,0,0,0,0,0,0,0,6842864098378186559,6842864098378186559,6842864098378186559,4988531223956519747,4988531223956519747,4988531223956519747
291,5,500,8,10,0.051182,9769.06,0.024593,20331.39,0.022011,22716.18,0.020870,23957.79,0.024572,20348.02,0.021696,23045.33,0.024501,20407.07,0.054774,0.000506,0.001715,0.021696,0.078691,0.000999,4,32320,32320,184400,740,0,0,0,1151,0,0,0,0,0,0,0,0,0,0,0,0,0,0,0,0,0,0,0,10499942067906483414,10499942067906483414,10499942067906483414,14589784108524496691,14589784108524496691,14589784108524496691
292,5,500,8,10,0.051654,9679.72,0.024015,20820.62,0.019518,25617.49,0.018418,27147.57,0.024836,20132.16,0.020418,24488.64,0.025007,19994.31,0.054543,0.000684,0.002193,0.020418,0.077838,0.001005,4,32269,32269,184400,776,0,0,0,1310,0,0,0,0,0,0,0,0,0,0,0,0,0,0,0,0,0,0,0,6708637877183684890,6708637877183684890,6708637877183684890,15603750655297560522,15603750655297560522,15603750655297560522
293,5,500,8,10,0.051351,9736.85,0.024933,20053.95,0.022597,22126.81,0.023064,21679.11,0.024309,20568.12,0.019654,25439.95,0.024601,20324.72,0.053484,0.001925,0.001730,0.019654,0.076794,0.001007,4,32275,32275,184400,725,0,0,0,1254,0,0,0,0,0,0,0,0,0,0,0,0,0,0,0,0,0,0,0,12872354911709401565,12872354911709401565,12872354911709401565,198697908303575179,198697908303575179,198697908303575179
294,5,500,8,10,0.051714,9668.55,0.025168,19866.67,0.019994,25007.71,0.019601,25508.41,0.024265,20605.64,0.020068,24915.06,0.024113,20735.37,0.053198,0.002468,0.001747,0.020068,0.077481,0.000977,4,32255,32255,184400,785,0,0,0,1195,0,0,0,0,0,0,0,0,0,0,0,0,0,0,0,0,0,0,0,2984201097767785434,2984201097767785434,2984201097767785434,18441263158453572215,18441263158453572215,18441263158453572215
295,5,500,8,10,0.052114,9594.38,0.024124,20725.87,0.019669,25420.73,0.020271,24665.84,0.024984,20012.57,0.020106,24867.69,0.024230,20635.39,0.053417,0.002225,0.001723,0.020106,0.077472,0.000975,4,32280,32280,184400,838,0,0,0,1197,0,0,0,0,0,0,0,0,0,0,0,0,0,0,0,0,0,0,0,8916653319051419625,8916653319051419625,8916653319051419625,4605892347571013949,4605892347571013949,4605892347571013949
296,5,500,8,10,0.051156,9773.97,0.024339,20542.84,0.019590,25523.55,0.018952,26381.92,0.024325,20554.75,0.020419,24486.93,0.024047,20792.94,0.054225,0.001043,0.001693,0.020419,0.077381,0.000983,4,32264,32264,184400,742,0,0,0,1239,0,0,0,0,0,0,0,0,0,0,0,0,0,0,0,0,0,0,0,14431447190260830234,14431447190260830234,14431447190260830234,8649965713363127572,8649965713363127572,8649965713363127572
297,5,500,8,10,0.051252,9755.72,0.024888,20090.00,0.019790,25265.62,0.018607,26872.03,0.023821,20989.47,0.019584,25530.62,0.023640,21150.56,0.054048,0.001282,0.001707,0.019584,0.076622,0.001000,4,32305,32305,184400,847,0,0,0,1227,0,0,0,0,0,0,0,0,0,0,0,0,0,0,0,0,0,0,0,5291426120570238930,5291426120570238930,5291426120570238930,12905128814257818085,12905128814257818085,12905128814257818085
298,5,500,8,10,0.052121,9593.07,0.024477,20427.12,0.020737,24111.22,0.019268,25949.64,0.024297,20579.07,0.019862,25173.30,0.024534,20380.29,0.054064,0.001023,0.001752,0.019862,0.076701,0.001346,4,32260,32260,184400,722,0,0,0,1138,0,0,0,0,0,0,0,0,0,0,0,0,0,0,0,0,0,0,0,9621758180611263683,9621758180611263683,9621758180611263683,14711142106490596060,14711142106490596060,14711142106490596060
299,5,500,8,10,0.051896,9634.66,0.024401,20490.88,0.019414,25754.64,0.018309,27308.84,0.024463,20438.94,0.021729,23010.78,0.023596,21190.47,0.052984,0.002084,0.001712,0.021729,0.078509,0.001010,4,32300,32300,184400,774,0,0,0,1288,0,0,0,0,0,0,0,0,0,0,0,0,0,0,0,0,0,0,0,10555782516390007714,10555782516390007714,10555782516390007714,7577221082892022390,7577221082892022390,7577221082892022390
300,5,500,8,10,0.051592,9691.52,0.024637,20295.03,0.019593,25518.99,0.018927,26417.02,0.024259,20610.52,0.020177,24780.80,0.023969,20860.55,0.053557,0.001240,0.001682,0.020177,0.076655,0.000991,4,32239,32239,184400,778,0,0,0,1111,0,0,0,0,0,0,0,0,0,0,0,0,0,0,0,0,0,0,0,13058852783159812209,13058852783159812209,13058852783159812209,11716327436867045920,11716327436867045920,11716327436867045920
301,5,500,8,10,0.051591,9691.59,0.025495,19611.32,0.021870,22862.79,0.020969,23844.77,0.024369,20518.12,0.020590,24283.58,0.023735,21065.89,0.053459,0.001868,0.001691,0.020590,0.077608,0.000991,4,32270,32270,184400,771,0,0,0,1327,0,0,0,0,0,0,0,0,0,0,0,0,0,0,0,0,0,0,0,8090548652368372601,8090548652368372601,8090548652368372601,4722243178236518388,4722243178236518388,4722243178236518388
302,5,500,8,10,0.051597,9690.43,0.024719,20227.33,0.022593,22130.88,0.020425,24479.55,0.024873,20102.29,0.021957,22771.52,0.024280,20593.03,0.054165,0.000659,0.001717,0.021957,0.078498,0.001000,4,32280,32280,184400,851,0,0,0,1476,0,0,0,0,0,0,0,0,0,0,0,0,0,0,0,0,0,0,0,7548591326403209692,7548591326403209692,7548591326403209692,713758582826139662,713758582826139662,713758582826139662
303,5,500,8,10,0.051593,9691.31,0.024375,20512.88,0.020653,24209.67,0.020389,24522.51,0.024593,20330.60,0.020965,23849.70,0.023672,21122.08,0.053831,0.001505,0.001753,0.020965,0.078053,0.000995,4,32315,32315,184400,759,0,0,0,1176,0,0,0,0,0,0,0,0,0,0,0,0,0,0,0,0,0,0,0,15367804257032524836,15367804257032524836,15367804257032524836,2457023130912763309,2457023130912763309,2457023130912763309
304,5,500,8,10,0.051871,9639.28,0.024738,20212.05,0.018990,26329.90,0.018599,26882.60,0.024634,20297.19,0.020600,24271.84,0.023927,20896.64,0.054563,0.000400,0.001709,0.020600,0.077272,0.000978,4,32275,32275,184400,812,0,0,0,1275,0,0,0,0,0,0,0,0,0,0,0,0,0,0,0,0,0,0,0,3483890767891452218,3483890767891452218,3483890767891452218,1653701817341472708,1653701817341472708,1653701817341472708
305,5,500,8,10,0.051654,9679.70,0.024133,20718.22,0.020144,24821.67,0.020085,24893.95,0.025236,19813.08,0.020334,24589.84,0.023887,20931.94,0.053078,0.002849,0.002231,0.020334,0.078492,0.000993,3,32224,32224,184400,754,0,0,0,1224,0,0,0,0,0,0,0,0,0,0,0,0,0,0,0,0,0,0,0,2350966662613900683,2350966662613900683,2350966662613900683,18111468810159693888,18111468810159693888,18111468810159693888
306,5,500,8,10,0.052219,9575.02,0.025203,19839.30,0.019377,25803.54,0.018389,27190.25,0.024507,20402.16,0.021357,23411.80,0.024794,20166.27,0.053373,0.002318,0.001781,0.021357,0.078829,0.000974,4,32295,32295,184400,761,0,0,0,1222,0,0,0,0,0,0,0,0,0,0,0,0,0,0,0,0,0,0,0,1033721959891127933,1033721959891127933,1033721959891127933,4338708517493521246,4338708517493521246,4338708517493521246
307,5,500,8,10,0.051517,9705.51,0.024592,20331.71,0.022450,22271.23,0.021984,22743.31,0.024636,20295.68,0.021699,23042.46,0.023649,21142.75,0.053716,0.001669,0.001679,0.021699,0.078764,0.000995,4,32285,32285,184400,750,0,0,0,1387,0,0,0,0,0,0,0,0,0,0,0,0,0,0,0,0,0,0,0,5560964360685796793,5560964360685796793,5560964360685796793,11621561458406855158,11621561458406855158,11621561458406855158
308,5,500,8,10,0.051386,9730.33,0.024993,20005.61,0.019043,26256.82,0.018507,27016.11,0.025599,19531.97,0.019772,25288.39,0.024268,20602.96,0.053126,0.002228,0.001707,0.019772,0.076832,0.000991,4,32278,32278,184400,747,0,0,0,1238,0,0,0,0,0,0,0,0,0,0,0,0,0,0,0,0,0,0,0,962206527482682259,962206527482682259,962206527482682259,17056014619716353912,17056014619716353912,17056014619716353912
309,5,500,8,10,0.051101,9784.63,0.024411,20482.97,0.019682,25404.29,0.018787,26613.46,0.024964,20028.90,0.019562,25559.61,0.024087,20757.99,0.054317,0.000907,0.002242,0.019562,0.077028,0.000994,4,32295,32295,184400,784,0,0,0,1342,0,0,0,0,0,0,0,0,0,0,0,0,0,0,0,0,0,0,0,5883962708870874808,5883962708870874808,5883962708870874808,558138788923777093,558138788923777093,558138788923777093
310,5,500,8,10,0.051666,9677.50,0.024556,20361.96,0.022280,22441.95,0.021637,23108.97,0.023729,21071.45,0.021405,23358.70,0.024988,20009.74,0.053663,0.001101,0.001700,0.021405,0.077869,0.001004,4,32285,32285,184400,738,0,0,0,1525,0,0,0,0,0,0,0,0,0,0,0,0,0,0,0,0,0,0,0,18180451967589939862,18180451967589939862,18180451967589939862,5951715236755130229,5951715236755130229,5951715236755130229
311,5,500,8,10,0.051540,9701.23,0.024325,20554.92,0.021140,23651.79,0.019694,25388.22,0.024292,20582.89,0.023468,21305.46,0.023104,21641.48,0.053107,0.002894,0.001750,0.023468,0.081220,0.001007,4,32275,32275,184400,764,0,0,0,1422,0,0,0,0,0,0,0,0,0,0,0,0,0,0,0,0,0,0,0,4217570118725908032,4217570118725908032,4217570118725908032,17636802826383654316,17636802826383654316,17636802826383654316
312,5,500,8,10,0.051142,9776.74,0.024719,20227.28,0.022595,22128.60,0.022108,22616.27,0.025091,19927.51,0.020010,24987.69,0.024796,20164.44,0.053905,0.000643,0.002166,0.020010,0.076724,0.001499,3,32315,32315,184400,750,0,0,0,1337,0,0,0,0,0,0,0,0,0,0,0,0,0,0,0,0,0,0,0,7745764799976312415,7745764799976312415,7745764799976312415,2459204485513079520,2459204485513079520,2459204485513079520
313,5,500,8,10,0.052004,9614.69,0.025567,19556.43,0.018806,26586.85,0.018681,26765.71,0.023694,21102.82,0.019518,25617.76,0.024032,20805.85,0.053752,0.001132,0.001760,0.019518,0.076161,0.001003,4,32300,32300,184400,823,0,0,0,1160,0,0,0,0,0,0,0,0,0,0,0,0,0,0,0,0,0,0,0,3450966937848426960,3450966937848426960,3450966937848426960,6650781193742832103,6650781193742832103,6650781193742832103
314,5,500,8,10,0.051942,9626.14,0.024283,20590.72,0.020371,24545.17,0.018700,26738.30,0.024146,20707.31,0.019648,25448.45,0.024950,20039.70,0.053066,0.002776,0.001783,0.019648,0.077273,0.000990,4,32315,32315,184400,782,0,0,0,1437,0,0,0,0,0,0,0,0,0,0,0,0,0,0,0,0,0,0,0,4493080307805900158,4493080307805900158,4493080307805900158,14015407819860500635,14015407819860500635,14015407819860500635
315,5,500,8,10,0.052015,9612.63,0.024100,20747.22,0.021524,23230.15,0.021541,23211.30,0.025153,19878.64,0.020203,24748.58,0.024624,20305.19,0.053485,0.002142,0.002166,0.020203,0.077995,0.000998,3,32255,32255,184400,760,0,0,0,1276,0,0,0,0,0,0,0,0,0,0,0,0,0,0,0,0,0,0,0,12500103477954626901,12500103477954626901,12500103477954626901,3621705942974105980,3621705942974105980,3621705942974105980
316,5,500,8,10,0.051768,9658.40,0.023856,20959.43,0.020748,24098.49,0.019710,25367.82,0.025026,19979.59,0.019787,25269.53,0.023961,20867.26,0.053001,0.002218,0.001733,0.019787,0.076739,0.001006,4,32290,32290,184400,754,0,0,0,1271,0,0,0,0,0,0,0,0,0,0,0,0,0,0,0,0,0,0,0,13107906281436321182,13107906281436321182,13107906281436321182,2106213362162997756,2106213362162997756,2106213362162997756
317,5,500,8,10,0.051938,9626.79,0.024602,20323.19,0.019970,25037.20,0.018429,27131.53,0.025394,19689.67,0.020104,24871.06,0.024317,20561.55,0.053276,0.001764,0.001696,0.020104,0.076840,0.000986,4,32285,32285,184400,715,0,0,0,1207,0,0,0,0,0,0,0,0,0,0,0,0,0,0,0,0,0,0,0,4215416926032348748,4215416926032348748,4215416926032348748,4070677236286924285,4070677236286924285,4070677236286924285
318,5,500,8,10,0.051547,9699.82,0.025882,19318.36,0.021338,23431.93,0.020267,24670.92,0.024435,20462.83,0.020566,24312.23,0.023457,21315.98,0.053530,0.002183,0.002094,0.020566,0.078373,0.000991,3,32290,32290,184400,813,0,0,0,1278,0,0,0,0,0,0,0,0,0,0,0,0,0,0,0,0,0,0,0,9996248813345347292,9996248813345347292,9996248813345347292,3159696288438164883,3159696288438164883,3159696288438164883
319,5,500,8,10,0.051244,9757.27,0.025185,19853.48,0.019276,25938.84,0.019221,26013.09,0.024843,20126.00,0.023147,21600.85,0.025152,19879.08,0.053024,0.002420,0.001788,0.023147,0.080380,0.000997,4,32315,32315,184400,749,0,0,0,1289,0,0,0,0,0,0,0,0,0,0,0,0,0,0,0,0,0,0,0,10352770946288524245,10352770946288524245,10352770946288524245,3476916921592675416,3476916921592675416,3476916921592675416
320,5,500,8,10,0.051304,9745.82,0.024637,20294.61,0.022146,22576.95,0.020471,24425.36,0.025361,19715.46,0.019787,25269.56,0.024126,20724.84,0.053259,0.001948,0.001754,0.019787,0.076748,0.000998,4,32285,32285,184400,793,0,0,0,1249,0,0,0,0,0,0,0,0,0,0,0,0,0,0,0,0,0,0,0,5874593956877276109,5874593956877276109,5874593956877276109,3266417244451839815,3266417244451839815,3266417244451839815
321,5,500,8,10,0.051803,9651.86,0.024245,20622.90,0.021398,23366.71,0.021343,23426.47,0.024968,20026.01,0.019418,25748.95,0.024847,20123.19,0.053304,0.002320,0.001727,0.019418,0.076769,0.000994,4,32305,32305,184400,764,0,0,0,1342,0,0,0,0,0,0,0,0,0,0,0,0,0,0,0,0,0,0,0,10176595002221168033,10176595002221168033,10176595002221168033,7871613816177579605,7871613816177579605,7871613816177579605
322,5,500,8,10,0.051884,9636.84,0.025325,19743.57,0.019877,25154.56,0.018683,26761.84,0.024479,20425.58,0.020850,23981.30,0.023938,20886.86,0.054105,0.001310,0.001789,0.020850,0.078053,0.000995,4,32310,32310,184400,715,0,0,0,1347,0,0,0,0,0,0,0,0,0,0,0,0,0,0,0,0,0,0,0,12410809941885140541,12410809941885140541,12410809941885140541,4756263499641278346,4756263499641278346,4756263499641278346
323,5,500,8,10,0.051669,9676.91,0.023823,20988.14,0.020112,24860.38,0.020007,24991.84,0.023981,20849.46,0.020988,23823.29,0.024205,20656.59,0.053442,0.002037,0.001794,0.020988,0.078261,0.000997,4,32330,32330,184400,848,0,0,0,1144,0,0,0,0,0,0,0,0,0,0,0,0,0,0,0,0,0,0,0,1103459854559822009,1103459854559822009,1103459854559822009,7851256842277261570,7851256842277261570,7851256842277261570
324,5,500,8,10,0.051252,9755.71,0.024220,20643.90,0.019365,25819.57,0.018857,26515.06,0.024008,20826.75,0.020368,24548.57,0.023630,21159.49,0.054172,0.001219,0.001742,0.020368,0.077501,0.000987,4,32275,32275,184400,743,0,0,0,1318,0,0,0,0,0,0,0,0,0,0,0,0,0,0,0,0,0,0,0,13136274011095093181,13136274011095093181,13136274011095093181,15441383985638829941,15441383985638829941,15441383985638829941
325,5,500,8,10,0.051295,9747.52,0.024770,20185.55,0.022024,22702.56,0.022292,22429.10,0.024058,20782.77,0.020216,24732.70,0.023473,21301.10,0.053749,0.001679,0.001748,0.020216,0.077392,0.001001,4,32295,32295,184400,760,0,0,0,1121,0,0,0,0,0,0,0,0,0,0,0,0,0,0,0,0,0,0,0,17261372470805553639,17261372470805553639,17261372470805553639,16227852111431207945,16227852111431207945,16227852111431207945
326,5,500,8,10,0.051334,9740.14,0.025574,19551.16,0.019635,25465.11,0.019321,25878.57,0.023896,20923.66,0.019598,25512.57,0.024503,20405.51,0.054182,0.001021,0.001714,0.019598,0.076516,0.001001,4,32300,32300,184400,799,0,0,0,1292,0,0,0,0,0,0,0,0,0,0,0,0,0,0,0,0,0,0,0,7450772787076021102,7450772787076021102,7450772787076021102,8151737427532847371,8151737427532847371,8151737427532847371
327,5,500,8,10,0.051995,9616.25,0.024363,20522.76,0.020426,24479.04,0.018791,26608.32,0.024958,20033.91,0.021785,22951.29,0.024285,20588.44,0.053501,0.001694,0.001750,0.021785,0.078730,0.001013,4,32325,32325,184400,778,0,0,0,1117,0,0,0,0,0,0,0,0,0,0,0,0,0,0,0,0,0,0,0,18391628285783666607,18391628285783666607,18391628285783666607,5193520233588051101,5193520233588051101,5193520233588051101
328,5,500,8,10,0.051770,9658.12,0.024689,20251.81,0.022855,21877.25,0.022546,22177.28,0.024359,20526.42,0.022412,22309.78,0.024297,20578.73,0.054068,0.001175,0.001757,0.022412,0.079412,0.000989,4,32300,32300,184400,725,0,0,0,1219,0,0,0,0,0,0,0,0,0,0,0,0,0,0,0,0,0,0,0,18290022688192802378,18290022688192802378,18290022688192802378,13929590610586682620,13929590610586682620,13929590610586682620
329,5,500,8,10,0.051048,9794.67,0.025575,19550.67,0.019387,25790.27,0.018942,26395.87,0.024829,20137.86,0.019890,25137.67,0.024531,20382.12,0.052948,0.001720,0.002231,0.019890,0.076789,0.000991,3,32305,32305,184400,772,0,0,0,1146,0,0,0,0,0,0,0,0,0,0,0,0,0,0,0,0,0,0,0,16373614585323772910,16373614585323772910,16373614585323772910,15620572780740705415,15620572780740705415,15620572780740705415
330,5,500,8,10,0.051643,9681.86,0.023913,20909.50,0.023637,21153.58,0.023045,21696.49,0.023698,21098.74,0.021540,23212.47,0.023821,20989.95,0.054068,0.001448,0.001744,0.021540,0.078800,0.001005,4,32249,32249,184400,741,0,0,0,1344,0,0,0,0,0,0,0,0,0,0,0,0,0,0,0,0,0,0,0,18118116871413865783,18118116871413865783,18118116871413865783,10217694840898102033,10217694840898102033,10217694840898102033
331,5,500,8,10,0.051051,9794.22,0.024957,20034.28,0.019901,25124.98,0.018680,26766.38,0.024019,20816.69,0.020128,24841.31,0.024164,20692.34,0.053980,0.001442,0.001738,0.020128,0.077288,0.000990,4,32335,32335,184400,742,0,0,0,1152,0,0,0,0,0,0,0,0,0,0,0,0,0,0,0,0,0,0,0,10015096332523432090,10015096332523432090,10015096332523432090,5404289443867053154,5404289443867053154,5404289443867053154
332,5,500,8,10,0.051500,9708.80,0.024458,20443.26,0.019907,25116.62,0.018835,26546.62,0.024468,20435.18,0.019533,25597.31,0.024246,20621.63,0.053718,0.000916,0.002189,0.019533,0.076357,0.000996,4,32240,32240,184400,803,0,0,0,1397,0,0,0,0,0,0,0,0,0,0,0,0,0,0,0,0,0,0,0,10483840677878138968,10483840677878138968,10483840677878138968,11150614067580875012,11150614067580875012,11150614067580875012
333,5,500,8,10,0.051848,9643.65,0.023186,21564.32,0.020910,23912.30,0.020049,24938.66,0.025187,19851.59,0.019650,25445.86,0.024049,20790.49,0.053550,0.001534,0.001753,0.019650,0.076487,0.001417,4,32259,32259,184400,731,0,0,0,1258,0,0,0,0,0,0,0,0,0,0,0,0,0,0,0,0,0,0,0,7895895941983322200,7895895941983322200,7895895941983322200,17272024045134099485,17272024045134099485,17272024045134099485
334,5,500,8,10,0.051520,9705.01,0.025481,19622.34,0.019324,25875.12,0.018827,26557.44,0.024489,20417.06,0.019546,25580.57,0.024905,20075.95,0.053873,0.000597,0.001733,0.019546,0.075749,0.000993,4,32250,32250,184400,736,0,0,0,1207,0,0,0,0,0,0,0,0,0,0,0,0,0,0,0,0,0,0,0,1499860333899443932,1499860333899443932,1499860333899443932,11761397040400832021,11761397040400832021,11761397040400832021
335,5,500,8,10,0.051377,9731.98,0.025535,19580.60,0.021038,23766.71,0.020673,24185.81,0.024939,20049.16,0.022558,22164.82,0.023746,21056.41,0.053899,0.001119,0.001772,0.022558,0.079349,0.001010,4,32295,32295,184400,815,0,0,0,1138,0,0,0,0,0,0,0,0,0,0,0,0,0,0,0,0,0,0,0,7170001602952572392,7170001602952572392,7170001602952572392,12160376212864668385,12160376212864668385,12160376212864668385
336,5,500,8,10,0.051598,9690.35,0.024727,20221.02,0.022332,22389.34,0.021756,22982.45,0.024703,20240.35,0.021377,23389.69,0.024561,20357.38,0.053569,0.001443,0.001763,0.021377,0.078151,0.000995,4,32295,32295,184400,743,0,0,0,1258,0,0,0,0,0,0,0,0,0,0,0,0,0,0,0,0,0,0,0,17281997860593226903,17281997860593226903,17281997860593226903,3050482551576370626,3050482551576370626,3050482551576370626
337,5,500,8,10,0.051166,9772.11,0.024270,20601.52,0.022467,22254.59,0.021808,22927.65,0.024780,20177.78,0.021333,23438.01,0.023741,21060.79,0.053197,0.002298,0.001753,0.021333,0.078581,0.000995,4,32290,32290,184400,720,0,0,0,1203,0,0,0,0,0,0,0,0,0,0,0,0,0,0,0,0,0,0,0,12420258195440105686,12420258195440105686,12420258195440105686,13003251087768258003,13003251087768258003,13003251087768258003
338,5,500,8,10,0.052167,9584.65,0.023939,20886.14,0.020317,24610.38,0.019556,25567.49,0.024950,20040.35,0.024255,20613.91,0.023944,20881.64,0.053905,0.001411,0.001700,0.024255,0.081271,0.001001,4,32255,32255,184400,778,0,0,0,1328,0,0,0,0,0,0,0,0,0,0,0,0,0,0,0,0,0,0,0,149745041366323436,149745041366323436,149745041366323436,3434753364215408767,3434753364215408767,3434753364215408767
339,5,500,8,10,0.051119,9781.19,0.024842,20126.85,0.019511,25626.05,0.019177,26072.55,0.025429,19662.58,0.020820,24014.79,0.023953,20873.99,0.053875,0.001303,0.002210,0.020820,0.078208,0.001007,4,32279,32279,184400,844,0,0,0,1357,0,0,0,0,0,0,0,0,0,0,0,0,0,0,0,0,0,0,0,9207747250568820891,9207747250568820891,9207747250568820891,16107630206026408970,16107630206026408970,16107630206026408970
340,5,500,8,10,0.051205,9764.64,0.024771,20185.10,0.023017,21722.91,0.022970,21767.69,0.024388,20501.78,0.022057,22668.24,0.023585,21199.52,0.053993,0.001466,0.001727,0.022057,0.079244,0.001005,4,32260,32260,184400,744,0,0,0,1173,0,0,0,0,0,0,0,0,0,0,0,0,0,0,0,0,0,0,0,7603807598968652328,7603807598968652328,7603807598968652328,13418677500363683625,13418677500363683625,13418677500363683625
341,5,500,8,10,0.051609,9688.21,0.024487,20418.89,0.019619,25486.04,0.018732,26692.05,0.025094,19925.15,0.020029,24964.11,0.025494,19612.57,0.053083,0.002184,0.001821,0.020029,0.077116,0.001018,4,32310,32310,184400,746,0,0,0,1185,0,0,0,0,0,0,0,0,0,0,0,0,0,0,0,0,0,0,0,5981012043095852847,5981012043095852847,5981012043095852847,6114701978262378736,6114701978262378736,6114701978262378736
342,5,500,8,10,0.051337,9739.65,0.024669,20268.62,0.021163,23626.48,0.020780,24061.57,0.025315,19751.28,0.019636,25463.85,0.024196,20664.57,0.053656,0.001757,0.002624,0.019636,0.077672,0.000990,3,32300,32300,184400,754,0,0,0,1394,0,0,0,0,0,0,0,0,0,0,0,0,0,0,0,0,0,0,0,7421779635353384902,7421779635353384902,7421779635353384902,4948235652159768291,4948235652159768291,4948235652159768291
343,5,500,8,10,0.051960,9622.77,0.024267,20604.31,0.022423,22299.02,0.020862,23967.35,0.025023,19981.46,0.019761,25302.24,0.024956,20034.95,0.053768,0.001406,0.001802,0.019761,0.076738,0.000995,4,32274,32274,184400,725,0,0,0,1238,0,0,0,0,0,0,0,0,0,0,0,0,0,0,0,0,0,0,0,1202497113544171269,1202497113544171269,1202497113544171269,2723379857113214721,2723379857113214721,2723379857113214721
344,5,500,8,10,0.051410,9725.80,0.025150,19880.52,0.019548,25577.92,0.018826,26559.09,0.024285,20588.59,0.021499,23256.77,0.024122,20728.25,0.053884,0.000888,0.001697,0.021499,0.077968,0.001437,4,32290,32290,184400,745,0,0,0,1325,0,0,0,0,0,0,0,0,0,0,0,0,0,0,0,0,0,0,0,6751481650904551988,6751481650904551988,6751481650904551988,16969016577075533330,16969016577075533330,16969016577075533330
345,5,500,8,10,0.051765,9658.95,0.023833,20979.15,0.019970,25038.00,0.019133,26132.93,0.024324,20556.24,0.020124,24845.38,0.023543,21237.78,0.053877,0.000827,0.001692,0.020124,0.076521,0.001046,4,32295,32295,184400,783,0,0,0,1221,0,0,0,0,0,0,0,0,0,0,0,0,0,0,0,0,0,0,0,3407373892640387870,3407373892640387870,3407373892640387870,2438699412104430308,2438699412104430308,2438699412104430308
346,5,500,8,10,0.052290,9562.04,0.024519,20392.00,0.020488,24404.02,0.019479,25668.95,0.024230,20635.44,0.021688,23054.03,0.024513,20397.23,0.053002,0.001832,0.001780,0.021688,0.078302,0.000990,4,32290,32290,184400,756,0,0,0,1172,0,0,0,0,0,0,0,0,0,0,0,0,0,0,0,0,0,0,0,9765721265139130610,9765721265139130610,9765721265139130610,6636420252701987499,6636420252701987499,6636420252701987499
347,5,500,8,10,0.051357,9735.84,0.024417,20477.46,0.019285,25927.43,0.019314,25887.78,0.024750,20202.24,0.020652,24210.83,0.023868,20948.46,0.054117,0.001077,0.001760,0.020652,0.077606,0.001009,4,32274,32274,184400,852,0,0,0,1174,0,0,0,0,0,0,0,0,0,0,0,0,0,0,0,0,0,0,0,7646058696370494092,7646058696370494092,7646058696370494092,10026368749260631910,10026368749260631910,10026368749260631910
348,5,500,8,10,0.051494,9709.95,0.025281,19778.02,0.019900,25125.08,0.019280,25933.97,0.024319,20559.79,0.020015,24981.43,0.024334,20547.80,0.054035,0.001007,0.001762,0.020015,0.076819,0.000992,4,32275,32275,184400,742,0,0,0,1227,0,0,0,0,0,0,0,0,0,0,0,0,0,0,0,0,0,0,0,4708766716385030563,4708766716385030563,4708766716385030563,10211641831290555929,10211641831290555929,10211641831290555929
349,5,500,8,10,0.051908,9632.34,0.025454,19643.54,0.019228,26004.13,0.018957,26375.96,0.024735,20214.31,0.019830,25214.57,0.024350,20533.48,0.053844,0.001170,0.001804,0.019830,0.076648,0.000992,4,32260,32260,184400,748,0,0,0,1208,0,0,0,0,0,0,0,0,0,0,0,0,0,0,0,0,0,0,0,16229598397049011016,16229598397049011016,16229598397049011016,1493361507534221514,1493361507534221514,1493361507534221514
350,5,500,8,10,0.050880,9826.99,0.024729,20219.32,0.019326,25871.38,0.019295,25913.59,0.024027,20810.23,0.020820,24015.00,0.023847,20966.58,0.053746,0.002433,0.001788,0.020820,0.078786,0.000992,4,32235,32235,184400,763,0,0,0,1291,0,0,0,0,0,0,0,0,0,0,0,0,0,0,0,0,0,0,0,12684483967370989826,12684483967370989826,12684483967370989826,15941647273994725908,15941647273994725908,15941647273994725908
351,5,500,8,10,0.051439,9720.16,0.024840,20129.08,0.020201,24751.17,0.020072,24910.83,0.024925,20060.06,0.020205,24746.27,0.024359,20526.18,0.054178,0.001329,0.001816,0.020205,0.077528,0.001082,4,32245,32245,184400,741,0,0,0,1391,0,0,0,0,0,0,0,0,0,0,0,0,0,0,0,0,0,0,0,13642566640112977279,13642566640112977279,13642566640112977279,10761275728897685576,10761275728897685576,10761275728897685576
352,5,500,8,10,0.051270,9752.31,0.025525,19588.64,0.020825,24009.79,0.020299,24632.19,0.024532,20381.19,0.019819,25228.08,0.024645,20288.42,0.053973,0.001588,0.001756,0.019819,0.077137,0.000989,4,32265,32265,184400,739,0,0,0,1426,0,0,0,0,0,0,0,0,0,0,0,0,0,0,0,0,0,0,0,4269162763987067170,4269162763987067170,4269162763987067170,9093639738287902673,9093639738287902673,9093639738287902673
353,5,500,8,10,0.051470,9714.48,0.025290,19770.79,0.019647,25449.17,0.018922,26423.89,0.024219,20645.23,0.020553,24327.70,0.025183,19854.71,0.053242,0.002202,0.001785,0.020553,0.077782,0.001000,4,32280,32280,184400,730,0,0,0,1036,0,0,0,0,0,0,0,0,0,0,0,0,0,0,0,0,0,0,0,9270539369479807396,9270539369479807396,9270539369479807396,13916513835825355751,13916513835825355751,13916513835825355751
354,5,500,8,10,0.051432,9721.56,0.024949,20040.52,0.019270,25946.86,0.018994,26323.48,0.025212,19831.88,0.020111,24862.04,0.024515,20395.30,0.053265,0.001993,0.001858,0.020111,0.077226,0.001469,4,32265,32265,184400,787,0,0,0,1260,0,0,0,0,0,0,0,0,0,0,0,0,0,0,0,0,0,0,0,13736089683588193903,13736089683588193903,13736089683588193903,1902524210764137390,1902524210764137390,1902524210764137390
355,5,500,8,10,0.051436,9720.77,0.024336,20546.10,0.018788,26612.97,0.018817,26571.63,0.024477,20427.69,0.021255,23523.94,0.024487,20419.30,0.053206,0.001818,0.002228,0.021255,0.078506,0.001460,3,32305,32305,184400,697,0,0,0,1172,0,0,0,0,0,0,0,0,0,0,0,0,0,0,0,0,0,0,0,17422248321076131100,17422248321076131100,17422248321076131100,11737833469917495464,11737833469917495464,11737833469917495464
356,5,500,8,10,0.051768,9658.44,0.025212,19832.08,0.019657,25436.33,0.019565,25556.06,0.024323,20556.94,0.020455,24443.70,0.023310,21449.85,0.053925,0.000749,0.001803,0.020455,0.076932,0.000991,4,32310,32310,184400,771,0,0,0,1306,0,0,0,0,0,0,0,0,0,0,0,0,0,0,0,0,0,0,0,5615446923406659568,5615446923406659568,5615446923406659568,9870015672821938672,9870015672821938672,9870015672821938672
357,5,500,8,10,0.051516,9705.64,0.024585,20337.31,0.020516,24370.64,0.020503,24386.51,0.024603,20322.90,0.019732,25340.02,0.023863,20953.36,0.054001,0.001352,0.002214,0.019732,0.077298,0.000978,3,32325,32325,184400,760,0,0,0,1496,0,0,0,0,0,0,0,0,0,0,0,0,0,0,0,0,0,0,0,7099215097703010895,7099215097703010895,7099215097703010895,9745303629764494966,9745303629764494966,9745303629764494966
358,5,500,8,10,0.051757,9660.44,0.024885,20092.68,0.019582,25533.23,0.018810,26581.99,0.024102,20744.85,0.020360,24558.52,0.023343,21420.11,0.053611,0.002229,0.001880,0.020360,0.078080,0.000997,4,32290,32290,184400,729,0,0,0,1139,0,0,0,0,0,0,0,0,0,0,0,0,0,0,0,0,0,0,0,18422445822356370813,18422445822356370813,18422445822356370813,18142599401511760049,18142599401511760049,18142599401511760049
359,5,500,8,10,0.051996,9616.13,0.024823,20142.59,0.023663,21129.96,0.022555,22168.01,0.025222,19824.13,0.020483,24411.01,0.024839,20129.69,0.054003,0.001047,0.001735,0.020483,0.077268,0.000984,4,32255,32255,184400,768,0,0,0,1440,0,0,0,0,0,0,0,0,0,0,0,0,0,0,0,0,0,0,0,7134396554380807655,7134396554380807655,7134396554380807655,18444262767987262955,18444262767987262955,18444262767987262955
360,5,500,8,10,0.051464,9715.48,0.025247,19804.59,0.022023,22703.26,0.020537,24346.14,0.024535,20379.21,0.019461,25692.63,0.024772,20183.83,0.052422,0.002875,0.002154,0.019461,0.076913,0.000994,3,32280,32280,184400,778,0,0,0,1439,0,0,0,0,0,0,0,0,0,0,0,0,0,0,0,0,0,0,0,1107185727736219640,1107185727736219640,1107185727736219640,13092144231346078959,13092144231346078959,13092144231346078959
361,5,500,8,10,0.051546,9700.14,0.023619,21169.17,0.019009,26303.60,0.018231,27425.30,0.023992,20840.49,0.019653,25440.95,0.024268,20603.22,0.053503,0.001753,0.001768,0.019653,0.076677,0.000989,4,32280,32280,184400,813,0,0,0,1199,0,0,0,0,0,0,0,0,0,0,0,0,0,0,0,0,0,0,0,2526183659749855709,2526183659749855709,2526183659749855709,10061259866714545106,10061259866714545106,10061259866714545106
362,5,500,8,10,0.051547,9699.92,0.024536,20378.01,0.019504,25636.18,0.019224,26008.93,0.023626,21163.34,0.019789,25266.31,0.024095,20751.40,0.053249,0.002033,0.002179,0.019789,0.077250,0.001000,3,32280,32280,184400,776,0,0,0,1173,0,0,0,0,0,0,0,0,0,0,0,0,0,0,0,0,0,0,0,7898448132171138172,7898448132171138172,7898448132171138172,5183658628780839180,5183658628780839180,5183658628780839180
363,5,500,8,10,0.051398,9728.07,0.025167,19867.44,0.019876,25156.14,0.019631,25470.26,0.024197,20663.31,0.020869,23958.85,0.024038,20800.08,0.054339,0.001195,0.001759,0.020869,0.078162,0.000989,4,32315,32315,184400,714,0,0,0,1388,0,0,0,0,0,0,0,0,0,0,0,0,0,0,0,0,0,0,0,13187605187208535469,13187605187208535469,13187605187208535469,13529075050156737776,13529075050156737776,13529075050156737776
364,5,500,8,10,0.051647,9681.15,0.026111,19149.35,0.021084,23714.38,0.020061,24924.54,0.023877,20940.43,0.020274,24662.17,0.024460,20441.40,0.053066,0.002210,0.001791,0.020274,0.077341,0.001039,4,32295,32295,184400,787,0,0,0,1162,0,0,0,0,0,0,0,0,0,0,0,0,0,0,0,0,0,0,0,4686007843948880252,4686007843948880252,4686007843948880252,10877601852000721214,10877601852000721214,10877601852000721214
365,5,500,8,10,0.051844,9644.33,0.024696,20246.58,0.019795,25258.59,0.019380,25799.84,0.024307,20570.34,0.020112,24860.88,0.024044,20795.39,0.054751,0.001182,0.001711,0.020112,0.077755,0.000975,4,32275,32275,184400,783,0,0,0,1276,0,0,0,0,0,0,0,0,0,0,0,0,0,0,0,0,0,0,0,6056197193382355127,6056197193382355127,6056197193382355127,15424903965085145765,15424903965085145765,15424903965085145765
366,5,500,8,10,0.052147,9588.23,0.023784,21022.46,0.020205,24746.89,0.020029,24964.09,0.024748,20203.66,0.021102,23694.69,0.023804,21004.80,0.053659,0.001869,0.001786,0.021102,0.078416,0.000974,4,32260,32260,184400,703,0,0,0,1400,0,0,0,0,0,0,0,0,0,0,0,0,0,0,0,0,0,0,0,16655060779514492399,16655060779514492399,16655060779514492399,6356547785546374300,6356547785546374300,6356547785546374300
367,5,500,8,10,0.051551,9699.16,0.024991,20007.47,0.018984,26337.56,0.018843,26534.75,0.024597,20327.84,0.023229,21524.72,0.024852,20119.20,0.054027,0.000918,0.001761,0.023229,0.079935,0.000989,4,32274,32274,184400,808,0,0,0,1233,0,0,0,0,0,0,0,0,0,0,0,0,0,0,0,0,0,0,0,4623319407258482173,4623319407258482173,4623319407258482173,8536373513158287249,8536373513158287249,8536373513158287249
368,5,500,8,10,0.051355,9736.08,0.024629,20301.34,0.019266,25952.87,0.018358,27235.69,0.024311,20566.80,0.019866,25169.17,0.024048,20791.53,0.053790,0.001441,0.002177,0.019866,0.077274,0.000980,4,32264,32264,184400,756,0,0,0,1156,0,0,0,0,0,0,0,0,0,0,0,0,0,0,0,0,0,0,0,16887770697815548383,16887770697815548383,16887770697815548383,15618426369688018223,15618426369688018223,15618426369688018223
369,5,500,8,10,0.051684,9674.16,0.025513,19598.16,0.019949,25064.28,0.019931,25086.81,0.023583,21201.87,0.020400,24510.09,0.023981,20850.13,0.053182,0.002372,0.001713,0.020400,0.077667,0.000988,4,32255,32255,184400,728,0,0,0,1167,0,0,0,0,0,0,0,0,0,0,0,0,0,0,0,0,0,0,0,7466011473505572576,7466011473505572576,7466011473505572576,14202250202498457764,14202250202498457764,14202250202498457764
370,5,500,8,10,0.051382,9731.13,0.025387,19694.89,0.020169,24791.07,0.019817,25231.47,0.024594,20330.29,0.021042,23761.53,0.023949,20877.73,0.054030,0.001344,0.001726,0.021042,0.078142,0.000987,4,32270,32270,184400,764,0,0,0,1341,0,0,0,0,0,0,0,0,0,0,0,0,0,0,0,0,0,0,0,8681210662755482275,8681210662755482275,8681210662755482275,7961212949946216994,7961212949946216994,7961212949946216994
371,5,500,8,10,0.051138,9777.54,0.024882,20094.51,0.019476,25672.80,0.018856,26516.33,0.024825,20140.84,0.020355,24563.40,0.023316,21444.43,0.053551,0.001451,0.001711,0.020355,0.077068,0.000994,4,32270,32270,184400,768,0,0,0,1245,0,0,0,0,0,0,0,0,0,0,0,0,0,0,0,0,0,0,0,17857441124024465341,17857441124024465341,17857441124024465341,391231143105318739,391231143105318739,391231143105318739
372,5,500,8,10,0.051661,9678.55,0.024296,20579.44,0.019308,25896.44,0.018728,26697.53,0.024251,20617.37,0.020280,24654.57,0.023504,21272.63,0.053262,0.002047,0.001705,0.020280,0.077295,0.001006,4,32280,32280,184400,693,0,0,0,1343,0,0,0,0,0,0,0,0,0,0,0,0,0,0,0,0,0,0,0,17567532817916369984,17567532817916369984,17567532817916369984,14868001012255596872,14868001012255596872,14868001012255596872
373,5,500,8,10,0.051794,9653.71,0.023821,20990.29,0.022195,22527.55,0.021747,22992.12,0.024756,20196.91,0.021356,23412.48,0.024274,20598.07,0.053950,0.001006,0.002584,0.021356,0.078896,0.001001,3,32270,32270,184400,716,0,0,0,1295,0,0,0,0,0,0,0,0,0,0,0,0,0,0,0,0,0,0,0,15293890011649792843,15293890011649792843,15293890011649792843,17052076581031081603,17052076581031081603,17052076581031081603
374,5,500,8,10,0.051825,9647.83,0.024668,20268.82,0.020058,24927.85,0.019884,25145.94,0.025025,19979.96,0.021578,23171.44,0.024857,20114.81,0.053822,0.000954,0.001831,0.021578,0.078185,0.000998,4,32260,32260,184400,710,0,0,0,1296,0,0,0,0,0,0,0,0,0,0,0,0,0,0,0,0,0,0,0,3080848267362758125,3080848267362758125,3080848267362758125,18393443251798040736,18393443251798040736,18393443251798040736
375,5,500,8,10,0.051251,9755.92,0.024490,20416.33,0.019623,25480.63,0.019174,26076.40,0.025802,19378.40,0.019810,25240.38,0.025460,19638.52,0.053726,0.001292,0.002263,0.019810,0.077090,0.001000,4,32300,32300,184400,785,0,0,0,1106,0,0,0,0,0,0,0,0,0,0,0,0,0,0,0,0,0,0,0,12551280638335255339,12551280638335255339,12551280638335255339,3051658639675604363,3051658639675604363,3051658639675604363
376,5,500,8,10,0.051165,9772.34,0.025356,19719.56,0.022453,22268.96,0.022100,22624.78,0.024838,20130.24,0.020633,24232.71,0.023998,20835.15,0.052830,0.002250,0.001726,0.020633,0.077438,0.001017,4,32245,32245,184400,725,0,0,0,1362,0,0,0,0,0,0,0,0,0,0,0,0,0,0,0,0,0,0,0,6129201463744045374,6129201463744045374,6129201463744045374,17428709581174379964,17428709581174379964,17428709581174379964
377,5,500,8,10,0.051056,9793.25,0.025002,19998.44,0.022033,22692.88,0.021300,23474.71,0.023899,20921.69,0.020383,24530.23,0.023842,20971.66,0.054545,0.000004,0.001743,0.020383,0.076675,0.000989,4,32275,32275,184400,753,0,0,0,1438,0,0,0,0,0,0,0,0,0,0,0,0,0,0,0,0,0,0,0,3703963595202820846,3703963595202820846,3703963595202820846,16403747711479472891,16403747711479472891,16403747711479472891
378,5,500,8,10,0.051796,9653.19,0.024945,20043.93,0.018694,26747.26,0.018297,27327.10,0.023664,21129.04,0.020210,24739.83,0.024104,20743.03,0.053880,0.001202,0.002414,0.020210,0.077706,0.001016,4,32305,32305,184400,730,0,0,0,1206,0,0,0,0,0,0,0,0,0,0,0,0,0,0,0,0,0,0,0,9652435688628385029,9652435688628385029,9652435688628385029,18352510521680179601,18352510521680179601,18352510521680179601
379,5,500,8,10,0.052111,9594.97,0.024651,20282.96,0.020550,24330.49,0.020068,24915.85,0.024033,20804.47,0.020078,24903.25,0.024049,20790.93,0.053936,0.001082,0.001762,0.020078,0.076858,0.000998,4,32244,32244,184400,782,0,0,0,1381,0,0,0,0,0,0,0,0,0,0,0,0,0,0,0,0,0,0,0,14719172643539647974,14719172643539647974,14719172643539647974,873593039851846394,873593039851846394,873593039851846394
380,5,500,8,10,0.052273,9565.12,0.024536,20378.29,0.020110,24863.16,0.020363,24554.64,0.025343,19729.16,0.020480,24413.88,0.024037,20800.86,0.053231,0.002433,0.001760,0.020480,0.077904,0.001003,4,32290,32290,184400,691,0,0,0,1422,0,0,0,0,0,0,0,0,0,0,0,0,0,0,0,0,0,0,0,9616171938410167477,9616171938410167477,9616171938410167477,13742570542113491016,13742570542113491016,13742570542113491016
381,5,500,8,10,0.052113,9594.53,0.024053,20787.81,0.021863,22869.78,0.020742,24105.64,0.024870,20104.45,0.019907,25117.35,0.023403,21365.02,0.053217,0.002451,0.002549,0.019907,0.078124,0.001017,3,32285,32285,184400,767,0,0,0,1314,0,0,0,0,0,0,0,0,0,0,0,0,0,0,0,0,0,0,0,9216321776390009157,9216321776390009157,9216321776390009157,13251757701518585528,13251757701518585528,13251757701518585528
382,5,500,8,10,0.051550,9699.36,0.023758,21045.35,0.019437,25724.57,0.018381,27202.22,0.024495,20412.57,0.020264,24673.73,0.024507,20402.41,0.052545,0.002343,0.001730,0.020264,0.076882,0.000989,4,32310,32310,184400,754,0,0,0,1214,0,0,0,0,0,0,0,0,0,0,0,0,0,0,0,0,0,0,0,292501547336728168,292501547336728168,292501547336728168,1468354970988567317,1468354970988567317,1468354970988567317
383,5,500,8,10,0.051037,9796.90,0.023789,21018.51,0.019602,25507.58,0.019691,25392.32,0.024737,20212.56,0.019884,25145.67,0.023580,21204.85,0.052414,0.002487,0.001758,0.019884,0.076543,0.000987,4,32260,32260,184400,757,0,0,0,1231,0,0,0,0,0,0,0,0,0,0,0,0,0,0,0,0,0,0,0,16441344054027009988,16441344054027009988,16441344054027009988,241486478388085702,241486478388085702,241486478388085702
384,5,500,8,10,0.051736,9664.52,0.024052,20788.04,0.020425,24479.83,0.018800,26596.07,0.024901,20079.57,0.019078,26207.63,0.024399,20492.41,0.053790,0.000852,0.002205,0.019078,0.075926,0.000986,4,32300,32300,184400,731,0,0,0,1248,0,0,0,0,0,0,0,0,0,0,0,0,0,0,0,0,0,0,0,12103658072990547898,12103658072990547898,12103658072990547898,13506797225151710985,13506797225151710985,13506797225151710985
385,5,500,8,10,0.051748,9662.17,0.024973,20021.62,0.022379,22342.74,0.021181,23606.01,0.024986,20011.26,0.019973,25033.43,0.025318,19748.76,0.053559,0.002134,0.001713,0.019973,0.077380,0.000994,4,32289,32289,184400,718,0,0,0,1283,0,0,0,0,0,0,0,0,0,0,0,0,0,0,0,0,0,0,0,15818189627997398409,15818189627997398409,15818189627997398409,8209593138745191905,8209593138745191905,8209593138745191905
386,5,500,8,10,0.051271,9752.18,0.025173,19862.28,0.020361,24557.26,0.019103,26173.42,0.025081,19935.61,0.019888,25141.29,0.024758,20195.47,0.054302,0.001065,0.002346,0.019888,0.077601,0.001018,3,32249,32249,184400,724,0,0,0,1344,0,0,0,0,0,0,0,0,0,0,0,0,0,0,0,0,0,0,0,16375868330380496796,16375868330380496796,16375868330380496796,13854593617875854579,13854593617875854579,13854593617875854579
387,5,500,8,10,0.051206,9764.46,0.024505,20403.94,0.020967,23846.53,0.021324,23447.29,0.025472,19629.43,0.020376,24538.92,0.023851,20963.38,0.053526,0.001802,0.001719,0.020376,0.077423,0.001063,4,32300,32300,184400,847,0,0,0,1415,0,0,0,0,0,0,0,0,0,0,0,0,0,0,0,0,0,0,0,9568060917208627171,9568060917208627171,9568060917208627171,4724551925659140854,4724551925659140854,4724551925659140854
388,5,500,8,10,0.051823,9648.16,0.025034,19972.77,0.020676,24182.79,0.019362,25824.41,0.024863,20109.84,0.023777,21028.31,0.024940,20048.35,0.053342,0.002421,0.001730,0.023777,0.081270,0.000990,4,32250,32250,184400,736,0,0,0,1142,0,0,0,0,0,0,0,0,0,0,0,0,0,0,0,0,0,0,0,3763255077318654407,3763255077318654407,3763255077318654407,15888203479579917194,15888203479579917194,15888203479579917194
389,5,500,8,10,0.051620,9686.09,0.024456,20444.66,0.019249,25975.73,0.018445,27108.11,0.025007,19994.27,0.022131,22593.04,0.023522,21256.59,0.052645,0.002286,0.001883,0.022131,0.078945,0.000979,4,32300,32300,184400,764,0,0,0,1162,0,0,0,0,0,0,0,0,0,0,0,0,0,0,0,0,0,0,0,2202558345737902819,2202558345737902819,2202558345737902819,11497361135810465109,11497361135810465109,11497361135810465109
390,5,500,8,10,0.051850,9643.28,0.025592,19537.36,0.019680,25407.13,0.018875,26490.61,0.024341,20541.50,0.019354,25834.94,0.024577,20344.43,0.053546,0.001587,0.002264,0.019354,0.076751,0.000996,3,32350,32350,184400,743,0,0,0,1200,0,0,0,0,0,0,0,0,0,0,0,0,0,0,0,0,0,0,0,17984126042177449565,17984126042177449565,17984126042177449565,1173416030641395341,1173416030641395341,1173416030641395341
391,5,500,8,10,0.052128,9591.76,0.023837,20975.47,0.022155,22568.64,0.022062,22663.57,0.024478,20426.55,0.021442,23319.05,0.024220,20644.33,0.053670,0.001570,0.001720,0.021442,0.078402,0.001013,4,32250,32250,184400,738,0,0,0,1174,0,0,0,0,0,0,0,0,0,0,0,0,0,0,0,0,0,0,0,45188789992505103,45188789992505103,45188789992505103,1937750060100325133,1937750060100325133,1937750060100325133
392,5,500,8,10,0.051557,9697.97,0.024594,20330.56,0.023537,21243.30,0.021896,22835.04,0.024471,20432.62,0.019648,25448.46,0.024628,20302.43,0.053549,0.001904,0.001736,0.019648,0.076837,0.000978,4,32285,32285,184400,741,0,0,0,1234,0,0,0,0,0,0,0,0,0,0,0,0,0,0,0,0,0,0,0,3276215734740672863,3276215734740672863,3276215734740672863,8358457541768155429,8358457541768155429,8358457541768155429
393,5,500,8,10,0.052109,9595.20,0.025508,19601.64,0.020268,24669.58,0.019276,25939.64,0.024155,20699.72,0.020647,24217.12,0.023640,21150.86,0.053639,0.002313,0.001801,0.020647,0.078400,0.001007,4,32255,32255,184400,819,0,0,0,1588,0,0,0,0,0,0,0,0,0,0,0,0,0,0,0,0,0,0,0,16393555588209670148,16393555588209670148,16393555588209670148,4610659491729844036,4610659491729844036,4610659491729844036
394,5,500,8,10,0.052289,9562.30,0.024775,20181.32,0.020526,24358.99,0.020328,24596.08,0.024633,20298.35,0.019951,25061.16,0.024147,20706.72,0.053546,0.001675,0.002467,0.019951,0.077640,0.001007,3,32265,32265,184400,781,0,0,0,1268,0,0,0,0,0,0,0,0,0,0,0,0,0,0,0,0,0,0,0,17944664291450729864,17944664291450729864,17944664291450729864,12413153680478940262,12413153680478940262,12413153680478940262
395,5,500,8,10,0.051163,9772.78,0.024749,20202.81,0.021562,23188.66,0.022495,22226.80,0.024608,20318.98,0.021863,22869.22,0.024123,20727.19,0.053969,0.001178,0.001751,0.021863,0.078762,0.000999,4,32300,32300,184400,756,0,0,0,1202,0,0,0,0,0,0,0,0,0,0,0,0,0,0,0,0,0,0,0,228745318649156973,228745318649156973,228745318649156973,4607655287819066360,4607655287819066360,4607655287819066360
396,5,500,8,10,0.051564,9696.75,0.024500,20408.17,0.022663,22062.12,0.019745,25322.77,0.024671,20266.47,0.022105,22618.88,0.023140,21607.94,0.052603,0.002801,0.001805,0.022105,0.079315,0.001001,4,32290,32290,184400,776,0,0,0,1245,0,0,0,0,0,0,0,0,0,0,0,0,0,0,0,0,0,0,0,13868256426542275297,13868256426542275297,13868256426542275297,17855290728585268333,17855290728585268333,17855290728585268333
397,5,500,8,10,0.051149,9775.46,0.023836,20976.61,0.020585,24289.46,0.019161,26095.34,0.024067,20775.75,0.020026,24968.12,0.024252,20617.23,0.053272,0.002044,0.001716,0.020026,0.077058,0.000994,4,32265,32265,184400,728,0,0,0,1339,0,0,0,0,0,0,0,0,0,0,0,0,0,0,0,0,0,0,0,14681709742320079681,14681709742320079681,14681709742320079681,3213577392622663862,3213577392622663862,3213577392622663862
398,5,500,8,10,0.051303,9745.93,0.025192,19847.26,0.021361,23407.45,0.020777,24065.48,0.024589,20334.16,0.021860,22873.29,0.024882,20095.02,0.053740,0.001161,0.002152,0.021860,0.078913,0.001001,4,32280,32280,184400,786,0,0,0,1186,0,0,0,0,0,0,0,0,0,0,0,0,0,0,0,0,0,0,0,2571964221398394999,2571964221398394999,2571964221398394999,12151924408664725832,12151924408664725832,12151924408664725832
399,5,500,8,10,0.051751,9661.60,0.024886,20091.87,0.021427,23334.61,0.019753,25312.25,0.024498,20409.62,0.020358,24559.95,0.023940,20885.71,0.053866,0.001581,0.001755,0.020358,0.077561,0.000995,4,32249,32249,184400,737,0,0,0,1469,0,0,0,0,0,0,0,0,0,0,0,0,0,0,0,0,0,0,0,16388916644671451630,16388916644671451630,16388916644671451630,15947011111202680165,15947011111202680165,15947011111202680165
400,5,500,8,10,0.051370,9733.27,0.024593,20331.33,0.019019,26289.30,0.018419,27146.52,0.023677,21117.46,0.022240,22482.45,0.024195,20665.33,0.053254,0.001527,0.002205,0.022240,0.079225,0.000987,4,32260,32260,184400,717,0,0,0,1290,0,0,0,0,0,0,0,0,0,0,0,0,0,0,0,0,0,0,0,5424684810694497057,5424684810694497057,5424684810694497057,524228256843007058,524228256843007058,524228256843007058
401,5,500,8,10,0.051120,9780.86,0.025024,19980.55,0.020894,23929.85,0.020620,24248.03,0.024654,20280.78,0.020657,24205.33,0.024497,20411.07,0.054625,0.000271,0.001715,0.020657,0.077267,0.001466,4,32300,32300,184400,854,0,0,0,1428,0,0,0,0,0,0,0,0,0,0,0,0,0,0,0,0,0,0,0,2606917453092008655,2606917453092008655,2606917453092008655,6171601472115476719,6171601472115476719,6171601472115476719
402,5,500,8,10,0.051347,9737.76,0.025047,19962.45,0.018778,26626.65,0.019147,26113.47,0.024398,20493.75,0.019712,25365.19,0.023926,20897.64,0.054202,0.000880,0.001682,0.019712,0.076477,0.000994,4,32350,32350,184400,755,0,0,0,1233,0,0,0,0,0,0,0,0,0,0,0,0,0,0,0,0,0,0,0,8749258719625074232,8749258719625074232,8749258719625074232,9751495007973644588,9751495007973644588,9751495007973644588
403,5,500,8,10,0.051094,9785.87,0.025156,19875.92,0.019460,25693.66,0.018713,26718.82,0.024156,20699.19,0.020065,24919.58,0.024201,20660.63,0.053318,0.001703,0.001750,0.020065,0.076835,0.001001,4,32305,32305,184400,740,0,0,0,1220,0,0,0,0,0,0,0,0,0,0,0,0,0,0,0,0,0,0,0,12307971155674971702,12307971155674971702,12307971155674971702,3102585140737042972,3102585140737042972,3102585140737042972
404,5,500,8,10,0.051377,9731.98,0.023873,20944.34,0.019814,25234.65,0.020583,24291.52,0.024517,20393.73,0.019860,25175.95,0.024603,20322.68,0.053814,0.001237,0.001700,0.019860,0.076611,0.000988,4,32245,32245,184400,789,0,0,0,1235,0,0,0,0,0,0,0,0,0,0,0,0,0,0,0,0,0,0,0,13679435170675737320,13679435170675737320,13679435170675737320,12116849078802106353,12116849078802106353,12116849078802106353
405,5,500,8,10,0.051164,9772.58,0.024961,20031.01,0.019519,25616.12,0.019791,25263.68,0.024299,20576.61,0.020228,24718.30,0.024030,20807.40,0.053363,0.001809,0.001700,0.020228,0.077100,0.000987,4,32305,32305,184400,731,0,0,0,1195,0,0,0,0,0,0,0,0,0,0,0,0,0,0,0,0,0,0,0,17095818945701231224,17095818945701231224,17095818945701231224,12803976157868415068,12803976157868415068,12803976157868415068
406,5,500,8,10,0.051758,9660.34,0.024607,20319.38,0.019500,25641.42,0.018928,26415.42,0.024922,20062.36,0.020516,24370.64,0.024402,20490.02,0.053624,0.001000,0.001745,0.020516,0.076886,0.000995,4,32250,32250,184400,859,0,0,0,1335,0,0,0,0,0,0,0,0,0,0,0,0,0,0,0,0,0,0,0,4767748982758804249,4767748982758804249,4767748982758804249,11076750017400702807,11076750017400702807,11076750017400702807
407,5,500,8,10,0.051012,9801.56,0.024427,20469.49,0.019522,25612.70,0.018239,27414.10,0.023908,20913.74,0.020123,24847.15,0.024401,20491.11,0.053460,0.001439,0.001736,0.020123,0.076759,0.000995,4,32255,32255,184400,771,0,0,0,1356,0,0,0,0,0,0,0,0,0,0,0,0,0,0,0,0,0,0,0,15067672707178699900,15067672707178699900,15067672707178699900,7224673232592368767,7224673232592368767,7224673232592368767
408,5,500,8,10,0.051675,9675.91,0.025338,19733.16,0.023294,21464.39,0.022077,22647.76,0.024519,20391.99,0.020904,23918.50,0.024410,20483.22,0.053797,0.001178,0.001684,0.020904,0.077563,0.001000,4,32270,32270,184400,745,0,0,0,1260,0,0,0,0,0,0,0,0,0,0,0,0,0,0,0,0,0,0,0,10977714209802658764,10977714209802658764,10977714209802658764,17369053832492405410,17369053832492405410,17369053832492405410
409,5,500,8,10,0.051462,9715.87,0.024444,20454.84,0.022241,22481.12,0.021132,23660.44,0.024956,20035.50,0.023147,21601.29,0.024400,20492.00,0.054401,0.000722,0.001731,0.023147,0.080001,0.000988,4,32285,32285,184400,717,0,0,0,1431,0,0,0,0,0,0,0,0,0,0,0,0,0,0,0,0,0,0,0,978453439569620688,978453439569620688,978453439569620688,713570153521048474,713570153521048474,713570153521048474
410,5,500,8,10,0.051698,9671.60,0.024787,20171.60,0.020262,24677.04,0.019630,25471.12,0.024377,20511.09,0.020040,24949.51,0.024276,20596.52,0.053358,0.001797,0.001744,0.020040,0.076939,0.000992,4,32280,32280,184400,768,0,0,0,1207,0,0,0,0,0,0,0,0,0,0,0,0,0,0,0,0,0,0,0,2892356370990914257,2892356370990914257,2892356370990914257,17688475897604275497,17688475897604275497,17688475897604275497
411,5,500,8,10,0.051566,9696.32,0.024286,20587.66,0.020910,23912.15,0.020874,23953.33,0.024308,20569.74,0.020800,24038.85,0.024599,20325.73,0.053993,0.000940,0.001806,0.020800,0.077539,0.000991,4,32279,32279,184400,748,0,0,0,1430,0,0,0,0,0,0,0,0,0,0,0,0,0,0,0,0,0,0,0,13299523589039645521,13299523589039645521,13299523589039645521,8067746583085961290,8067746583085961290,8067746583085961290
412,5,500,8,10,0.051404,9726.95,0.025009,19993.11,0.022354,22367.36,0.020743,24104.53,0.024885,20092.28,0.020980,23832.32,0.024407,20485.66,0.054218,0.000688,0.001772,0.020980,0.077658,0.001000,4,32270,32270,184400,766,0,0,0,1383,0,0,0,0,0,0,0,0,0,0,0,0,0,0,0,0,0,0,0,11328277642423262320,11328277642423262320,11328277642423262320,14876154839161842753,14876154839161842753,14876154839161842753
413,5,500,8,10,0.051253,9755.52,0.024941,20047.70,0.019671,25418.33,0.019037,26264.48,0.024675,20263.73,0.020560,24318.93,0.023687,21108.46,0.053712,0.001847,0.001724,0.020560,0.077843,0.000992,4,32295,32295,184400,702,0,0,0,1270,0,0,0,0,0,0,0,0,0,0,0,0,0,0,0,0,0,0,0,11215690169812301334,11215690169812301334,11215690169812301334,13603187092312970589,13603187092312970589,13603187092312970589
414,5,500,8,10,0.051160,9773.35,0.024651,20283.26,0.020762,24082.07,0.019780,25278.01,0.024240,20627.20,0.020463,24434.82,0.023768,21036.54,0.053749,0.000773,0.002665,0.020463,0.077649,0.000990,3,32260,32260,184400,784,0,0,0,1446,0,0,0,0,0,0,0,0,0,0,0,0,0,0,0,0,0,0,0,18157316824644939566,18157316824644939566,18157316824644939566,11588193895512006490,11588193895512006490,11588193895512006490
415,5,500,8,10,0.051357,9735.74,0.025210,19833.53,0.019339,25854.36,0.018802,26592.85,0.025132,19894.86,0.020356,24563.35,0.024436,20461.26,0.054119,0.001688,0.001697,0.020356,0.077859,0.000999,4,32280,32280,184400,801,0,0,0,1241,0,0,0,0,0,0,0,0,0,0,0,0,0,0,0,0,0,0,0,11851006877591213047,11851006877591213047,11851006877591213047,3155698454007408353,3155698454007408353,3155698454007408353
416,5,500,8,10,0.051271,9752.18,0.024563,20355.47,0.019519,25615.98,0.019089,26193.13,0.024982,20014.18,0.019785,25271.66,0.024276,20596.20,0.054132,0.001583,0.001726,0.019785,0.077226,0.001006,4,32315,32315,184400,781,0,0,0,1175,0,0,0,0,0,0,0,0,0,0,0,0,0,0,0,0,0,0,0,5378175684143136067,5378175684143136067,5378175684143136067,7444884247676517639,7444884247676517639,7444884247676517639
417,5,500,8,10,0.051225,9760.79,0.025549,19570.12,0.020944,23873.13,0.020064,24920.09,0.024629,20300.97,0.020473,24422.74,0.025149,19881.66,0.054251,0.001270,0.001688,0.020473,0.077682,0.001004,4,32310,32310,184400,726,0,0,0,1264,0,0,0,0,0,0,0,0,0,0,0,0,0,0,0,0,0,0,0,13259618488833701830,13259618488833701830,13259618488833701830,16705142021722782374,16705142021722782374,16705142021722782374
418,5,500,8,10,0.051904,9633.09,0.025435,19658.16,0.019252,25971.08,0.019857,25179.89,0.024072,20771.12,0.020212,24738.06,0.023775,21030.84,0.053439,0.001666,0.001749,0.020212,0.077066,0.000984,4,32285,32285,184400,789,0,0,0,1170,0,0,0,0,0,0,0,0,0,0,0,0,0,0,0,0,0,0,0,6672540073254724109,6672540073254724109,6672540073254724109,3832591268961043226,3832591268961043226,3832591268961043226
419,5,500,8,10,0.051191,9767.41,0.025037,19970.09,0.020291,24640.98,0.018921,26425.38,0.024520,20391.29,0.020180,24776.45,0.024145,20707.82,0.053086,0.002341,0.001688,0.020180,0.077295,0.000992,4,32270,32270,184400,753,0,0,0,1313,0,0,0,0,0,0,0,0,0,0,0,0,0,0,0,0,0,0,0,7834221982729149063,7834221982729149063,7834221982729149063,15879305358887343592,15879305358887343592,15879305358887343592
420,5,500,8,10,0.051470,9714.42,0.024941,20047.43,0.022261,22460.78,0.022099,22625.51,0.025439,19654.99,0.019610,25497.25,0.024426,20470.28,0.053781,0.001658,0.001676,0.019610,0.076725,0.001004,4,32315,32315,184400,730,0,0,0,1408,0,0,0,0,0,0,0,0,0,0,0,0,0,0,0,0,0,0,0,14043498913707377288,14043498913707377288,14043498913707377288,612283715696566599,612283715696566599,612283715696566599
421,5,500,8,10,0.051467,9715.02,0.025119,19905.31,0.020355,24564.40,0.018244,27406.94,0.024647,20286.85,0.020897,23927.02,0.025051,19959.10,0.053102,0.002480,0.001743,0.020897,0.078223,0.001009,4,32310,32310,184400,747,0,0,0,1288,0,0,0,0,0,0,0,0,0,0,0,0,0,0,0,0,0,0,0,6920034117024283794,6920034117024283794,6920034117024283794,1735421705019917177,1735421705019917177,1735421705019917177
422,5,500,8,10,0.051339,9739.15,0.024837,20131.03,0.021106,23689.44,0.019165,26089.39,0.024491,20415.39,0.019578,25538.72,0.024673,20264.98,0.054014,0.000420,0.001735,0.019578,0.075746,0.001454,4,32270,32270,184400,787,0,0,0,1336,0,0,0,0,0,0,0,0,0,0,0,0,0,0,0,0,0,0,0,10848123578094669203,10848123578094669203,10848123578094669203,8508855432578825260,8508855432578825260,8508855432578825260
423,5,500,8,10,0.051528,9703.46,0.025376,19703.78,0.019288,25923.35,0.018655,26801.94,0.024352,20532.47,0.022036,22690.27,0.024967,20026.77,0.053959,0.000757,0.001761,0.022036,0.078513,0.001379,4,32325,32325,184400,766,0,0,0,1234,0,0,0,0,0,0,0,0,0,0,0,0,0,0,0,0,0,0,0,713167469056642722,713167469056642722,713167469056642722,4129203535552464512,4129203535552464512,4129203535552464512
424,5,500,8,10,0.051264,9753.34,0.023937,20888.32,0.019123,26146.21,0.018733,26691.20,0.023437,21333.90,0.019737,25333.73,0.024752,20200.12,0.053899,0.000924,0.002218,0.019737,0.076777,0.000989,4,32275,32275,184400,791,0,0,0,1247,0,0,0,0,0,0,0,0,0,0,0,0,0,0,0,0,0,0,0,18385027460258277799,18385027460258277799,18385027460258277799,1322102995596567343,1322102995596567343,1322102995596567343
425,5,500,8,10,0.051535,9702.21,0.023967,20862.35,0.019418,25748.95,0.018767,26642.84,0.024146,20707.11,0.019810,25240.38,0.024674,20264.35,0.052689,0.002463,0.002267,0.019810,0.077228,0.000988,3,32280,32280,184400,846,0,0,0,1221,0,0,0,0,0,0,0,0,0,0,0,0,0,0,0,0,0,0,0,5013955245044093764,5013955245044093764,5013955245044093764,16995902908369714248,16995902908369714248,16995902908369714248
426,5,500,8,10,0.051469,9714.60,0.025054,19957.26,0.021223,23558.82,0.021526,23227.48,0.024544,20371.43,0.022785,21944.64,0.023909,20912.97,0.053390,0.001700,0.001771,0.022785,0.079646,0.000998,4,32315,32315,184400,754,0,0,0,1257,0,0,0,0,0,0,0,0,0,0,0,0,0,0,0,0,0,0,0,12342862286115688462,12342862286115688462,12342862286115688462,5718881486446942802,5718881486446942802,5718881486446942802
427,5,500,8,10,0.051664,9677.88,0.025531,19583.96,0.019384,25795.02,0.019290,25920.06,0.024044,20795.38,0.021669,23074.39,0.023899,20921.04,0.053949,0.000760,0.001712,0.021669,0.078091,0.000983,4,32224,32224,184400,822,0,0,0,1217,0,0,0,0,0,0,0,0,0,0,0,0,0,0,0,0,0,0,0,10889406043447478188,10889406043447478188,10889406043447478188,15394776250664593982,15394776250664593982,15394776250664593982
428,5,500,8,10,0.051833,9646.40,0.025515,19595.96,0.019231,25999.26,0.019174,26076.36,0.024566,20353.60,0.021459,23300.45,0.024205,20657.29,0.053385,0.001324,0.001752,0.021459,0.077920,0.000991,4,32300,32300,184400,835,0,0,0,1086,0,0,0,0,0,0,0,0,0,0,0,0,0,0,0,0,0,0,0,10915853282443939923,10915853282443939923,10915853282443939923,6164030591801133093,6164030591801133093,6164030591801133093
429,5,500,8,10,0.051957,9623.26,0.024943,20045.74,0.022017,22710.12,0.021853,22880.03,0.024253,20616.02,0.020086,24892.63,0.025013,19989.44,0.053645,0.001158,0.001777,0.020086,0.076665,0.000988,4,32290,32290,184400,858,0,0,0,1422,0,0,0,0,0,0,0,0,0,0,0,0,0,0,0,0,0,0,0,16097012658847501625,16097012658847501625,16097012658847501625,9975869465556495869,9975869465556495869,9975869465556495869
430,5,500,8,10,0.052004,9614.73,0.024603,20322.46,0.019786,25271.00,0.018296,27328.30,0.025124,19900.97,0.019414,25755.11,0.024479,20426.00,0.053185,0.001870,0.001786,0.019414,0.076255,0.000989,4,32320,32320,184400,733,0,0,0,1267,0,0,0,0,0,0,0,0,0,0,0,0,0,0,0,0,0,0,0,8720060035438794689,8720060035438794689,8720060035438794689,11739268173850871725,11739268173850871725,11739268173850871725
431,5,500,8,10,0.051110,9782.75,0.025700,19454.98,0.021712,23028.73,0.020846,23985.77,0.024955,20036.33,0.020109,24864.45,0.023591,21194.12,0.053290,0.001750,0.001710,0.020109,0.076859,0.001014,4,32254,32254,184400,749,0,0,0,1278,0,0,0,0,0,0,0,0,0,0,0,0,0,0,0,0,0,0,0,5566382429438202948,5566382429438202948,5566382429438202948,123418922563797900,123418922563797900,123418922563797900
432,5,500,8,10,0.051515,9706.00,0.024961,20031.28,0.019825,25221.18,0.019656,25437.68,0.024677,20261.82,0.019940,25074.73,0.023918,20905.13,0.053499,0.001787,0.001686,0.019940,0.076912,0.000996,4,32295,32295,184400,830,0,0,0,1256,0,0,0,0,0,0,0,0,0,0,0,0,0,0,0,0,0,0,0,8442120084404802658,8442120084404802658,8442120084404802658,5888777105178987546,5888777105178987546,5888777105178987546
433,5,500,8,10,0.051412,9725.33,0.024738,20212.07,0.021162,23627.27,0.021413,23350.23,0.024015,20820.74,0.021135,23657.29,0.024707,20237.46,0.053994,0.000867,0.002207,0.021135,0.078203,0.000985,4,32245,32245,184400,830,0,0,0,1353,0,0,0,0,0,0,0,0,0,0,0,0,0,0,0,0,0,0,0,18007236002864147870,18007236002864147870,18007236002864147870,10710596687926780931,10710596687926780931,10710596687926780931
434,5,500,8,10,0.051867,9640.07,0.025056,19955.12,0.019350,25840.39,0.019186,26061.29,0.024497,20411.05,0.019916,25105.51,0.024223,20641.95,0.054307,0.001288,0.001782,0.019916,0.077293,0.000996,4,32290,32290,184400,715,0,0,0,1284,0,0,0,0,0,0,0,0,0,0,0,0,0,0,0,0,0,0,0,17443418423001303975,17443418423001303975,17443418423001303975,17292489828441451486,17292489828441451486,17292489828441451486
435,5,500,8,10,0.051425,9722.95,0.025251,19800.81,0.019607,25500.91,0.019305,25899.99,0.024630,20300.09,0.019744,25324.65,0.024642,20290.54,0.054461,0.000805,0.001751,0.019744,0.076760,0.000986,4,32275,32275,184400,753,0,0,0,1261,0,0,0,0,0,0,0,0,0,0,0,0,0,0,0,0,0,0,0,8253847121274091361,8253847121274091361,8253847121274091361,3152306089681034801,3152306089681034801,3152306089681034801
436,5,500,8,10,0.051160,9773.18,0.025123,19901.71,0.021927,22802.61,0.021974,22754.68,0.024746,20205.28,0.023872,20945.28,0.023344,21418.62,0.053819,0.001535,0.001723,0.023872,0.080949,0.000985,4,32255,32255,184400,738,0,0,0,1124,0,0,0,0,0,0,0,0,0,0,0,0,0,0,0,0,0,0,0,3224510153283730927,3224510153283730927,3224510153283730927,5766325456698817340,5766325456698817340,5766325456698817340
437,5,500,8,10,0.051325,9741.77,0.025258,19796.07,0.022280,22441.50,0.020519,24368.18,0.025328,19741.01,0.023257,21498.60,0.024247,20621.18,0.053803,0.001729,0.001738,0.023257,0.080527,0.000993,4,32295,32295,184400,804,0,0,0,1253,0,0,0,0,0,0,0,0,0,0,0,0,0,0,0,0,0,0,0,1106187728983338439,1106187728983338439,1106187728983338439,9719102391653817087,9719102391653817087,9719102391653817087
438,5,500,8,10,0.051722,9667.00,0.023877,20940.26,0.023029,21711.32,0.021931,22799.14,0.024999,20000.83,0.019854,25184.20,0.024209,20653.81,0.053236,0.002053,0.001742,0.019854,0.076885,0.001006,4,32300,32300,184400,684,0,0,0,1345,0,0,0,0,0,0,0,0,0,0,0,0,0,0,0,0,0,0,0,12199510812364376369,12199510812364376369,12199510812364376369,9578100893514009920,9578100893514009920,9578100893514009920
439,5,500,8,10,0.052098,9597.24,0.025211,19832.86,0.019391,25784.81,0.019270,25947.62,0.024928,20058.08,0.020665,24195.10,0.023571,21212.64,0.052843,0.002663,0.002185,0.020665,0.078356,0.000999,3,32240,32240,184400,809,0,0,0,1244,0,0,0,0,0,0,0,0,0,0,0,0,0,0,0,0,0,0,0,4507377489321107363,4507377489321107363,4507377489321107363,1527036541855990391,1527036541855990391,1527036541855990391
440,5,500,8,10,0.050745,9853.18,0.024405,20487.56,0.022123,22601.01,0.021163,23626.20,0.024875,20100.26,0.020242,24701.46,0.024372,20515.65,0.053723,0.000658,0.003175,0.020242,0.077797,0.000992,3,32275,32275,184400,741,0,0,0,1290,0,0,0,0,0,0,0,0,0,0,0,0,0,0,0,0,0,0,0,3284150368444197831,3284150368444197831,3284150368444197831,13224617929247074577,13224617929247074577,13224617929247074577
441,5,500,8,10,0.051536,9702.04,0.024994,20005.02,0.021110,23685.57,0.020477,24417.39,0.024871,20103.64,0.019678,25409.07,0.024277,20595.47,0.053853,0.001842,0.001827,0.019678,0.077200,0.001001,4,32290,32290,184400,769,0,0,0,1322,0,0,0,0,0,0,0,0,0,0,0,0,0,0,0,0,0,0,0,2781977273077712553,2781977273077712553,2781977273077712553,13966011408951889406,13966011408951889406,13966011408951889406
442,5,500,8,10,0.051262,9753.79,0.024221,20643.49,0.019364,25820.85,0.019229,26002.78,0.024819,20146.19,0.020130,24838.62,0.023912,20909.73,0.053530,0.001680,0.001724,0.020130,0.077064,0.001022,4,32265,32265,184400,797,0,0,0,1264,0,0,0,0,0,0,0,0,0,0,0,0,0,0,0,0,0,0,0,17838083745232670773,17838083745232670773,17838083745232670773,16446710624720993500,16446710624720993500,16446710624720993500
443,5,500,8,10,0.051369,9733.45,0.023819,20991.95,0.023233,21521.28,0.022036,22689.87,0.024164,20692.09,0.019990,25012.97,0.023841,20972.24,0.054119,0.001049,0.002184,0.019990,0.077341,0.000987,3,32300,32300,184400,766,0,0,0,1297,0,0,0,0,0,0,0,0,0,0,0,0,0,0,0,0,0,0,0,12465133517430607346,12465133517430607346,12465133517430607346,595900954025243858,595900954025243858,595900954025243858
444,5,500,8,10,0.051725,9666.54,0.023928,20896.36,0.023258,21497.59,0.021946,22783.09,0.024513,20397.56,0.023138,21609.27,0.023998,20834.72,0.053138,0.002148,0.001805,0.023138,0.080229,0.001001,4,32265,32265,184400,752,0,0,0,1294,0,0,0,0,0,0,0,0,0,0,0,0,0,0,0,0,0,0,0,15264927564486730163,15264927564486730163,15264927564486730163,6703656727267274937,6703656727267274937,6703656727267274937
445,5,500,8,10,0.051337,9739.48,0.023929,20894.72,0.019979,25026.89,0.018225,27434.70,0.025613,19521.26,0.019330,25866.06,0.023717,21081.73,0.053780,0.001400,0.002232,0.019330,0.076742,0.001003,3,32265,32265,184400,688,0,0,0,1184,0,0,0,0,0,0,0,0,0,0,0,0,0,0,0,0,0,0,0,13384185125618958354,13384185125618958354,13384185125618958354,7545296551285149168,7545296551285149168,7545296551285149168
446,5,500,8,10,0.051521,9704.77,0.024392,20498.34,0.022337,22384.85,0.020790,24049.66,0.025297,19765.47,0.020058,24928.33,0.024331,20550.32,0.053259,0.002126,0.001758,0.020058,0.077200,0.000989,4,32300,32300,184400,757,0,0,0,1310,0,0,0,0,0,0,0,0,0,0,0,0,0,0,0,0,0,0,0,8560478755330555791,8560478755330555791,8560478755330555791,4673517164342998005,4673517164342998005,4673517164342998005
447,5,500,8,10,0.051552,9699.02,0.024454,20446.29,0.021381,23384.80,0.020576,24300.03,0.024331,20550.07,0.019751,25315.00,0.023887,20932.14,0.053406,0.001663,0.001742,0.019751,0.076563,0.000999,4,32275,32275,184400,758,0,0,0,1153,0,0,0,0,0,0,0,0,0,0,0,0,0,0,0,0,0,0,0,8079945929218238783,8079945929218238783,8079945929218238783,381071137561864813,381071137561864813,381071137561864813
448,5,500,8,10,0.051624,9685.44,0.024445,20454.02,0.019564,25557.10,0.018922,26424.04,0.024389,20500.86,0.019700,25381.05,0.024799,20162.39,0.053181,0.001924,0.001768,0.019700,0.076573,0.001006,4,32260,32260,184400,783,0,0,0,1396,0,0,0,0,0,0,0,0,0,0,0,0,0,0,0,0,0,0,0,12229271520031405471,12229271520031405471,12229271520031405471,7644118780647823670,7644118780647823670,7644118780647823670
449,5,500,8,10,0.051264,9753.35,0.024671,20266.69,0.019534,25595.84,0.019162,26092.72,0.024190,20669.93,0.020355,24563.56,0.023197,21554.28,0.053233,0.001987,0.001750,0.020355,0.077326,0.001006,4,32285,32285,184400,770,0,0,0,1126,0,0,0,0,0,0,0,0,0,0,0,0,0,0,0,0,0,0,0,199237413993431774,199237413993431774,199237413993431774,15977714675877471697,15977714675877471697,15977714675877471697
450,5,500,8,10,0.052095,9597.82,0.024301,20575.35,0.020196,24757.17,0.019892,25135.11,0.025043,19965.86,0.020504,24385.42,0.024588,20335.36,0.053577,0.001240,0.001721,0.020504,0.077042,0.000988,4,32235,32235,184400,738,0,0,0,1180,0,0,0,0,0,0,0,0,0,0,0,0,0,0,0,0,0,0,0,12599110364793621489,12599110364793621489,12599110364793621489,11198190125562161645,11198190125562161645,11198190125562161645
451,5,500,8,10,0.051808,9650.94,0.025266,19789.57,0.018888,26472.43,0.018507,27016.42,0.024336,20545.42,0.019617,25488.06,0.023899,20921.00,0.054743,0.000299,0.001734,0.019617,0.076394,0.001007,4,32350,32350,184400,741,0,0,0,1095,0,0,0,0,0,0,0,0,0,0,0,0,0,0,0,0,0,0,0,9328079496512724274,9328079496512724274,9328079496512724274,14717489847989217088,14717489847989217088,14717489847989217088
452,5,500,8,10,0.051609,9688.17,0.024857,20115.22,0.019585,25530.02,0.018497,27031.59,0.024221,20643.21,0.019285,25926.28,0.023316,21444.61,0.053331,0.002315,0.002224,0.019285,0.077155,0.000988,3,32264,32264,184400,728,0,0,0,1274,0,0,0,0,0,0,0,0,0,0,0,0,0,0,0,0,0,0,0,2930558825335558606,2930558825335558606,2930558825335558606,8168092787635443563,8168092787635443563,8168092787635443563
453,5,500,8,10,0.051333,9740.34,0.023713,21085.48,0.019230,26001.33,0.019666,25425.08,0.024201,20660.21,0.021185,23601.27,0.023621,21167.42,0.053038,0.001924,0.001732,0.021185,0.077879,0.000993,4,32290,32290,184400,760,0,0,0,1132,0,0,0,0,0,0,0,0,0,0,0,0,0,0,0,0,0,0,0,11519104053592982434,11519104053592982434,11519104053592982434,1418482496759016257,1418482496759016257,1418482496759016257
454,5,500,8,10,0.051515,9705.89,0.024323,20556.85,0.019795,25259.28,0.018311,27305.74,0.024441,20457.28,0.019843,25197.67,0.024233,20632.99,0.053635,0.001572,0.001666,0.019843,0.076716,0.000988,4,32279,32279,184400,758,0,0,0,1409,0,0,0,0,0,0,0,0,0,0,0,0,0,0,0,0,0,0,0,6167190280417512928,6167190280417512928,6167190280417512928,3477300551627487832,3477300551627487832,3477300551627487832
455,5,500,8,10,0.051551,9699.11,0.024232,20634.04,0.019880,25151.52,0.018758,26655.75,0.025421,19668.52,0.019936,25079.97,0.024468,20435.24,0.053189,0.002159,0.002183,0.019936,0.077468,0.001002,3,32284,32284,184400,830,0,0,0,1291,0,0,0,0,0,0,0,0,0,0,0,0,0,0,0,0,0,0,0,16639453180737566320,16639453180737566320,16639453180737566320,11485898524800360421,11485898524800360421,11485898524800360421
456,5,500,8,10,0.051151,9774.96,0.024984,20013.12,0.020890,23935.29,0.019102,26174.78,0.025096,19923.61,0.019878,25153.56,0.024036,20801.93,0.053415,0.001741,0.001717,0.019878,0.076750,0.001014,4,32280,32280,184400,761,0,0,0,1303,0,0,0,0,0,0,0,0,0,0,0,0,0,0,0,0,0,0,0,1508136439865146331,1508136439865146331,1508136439865146331,12376822412771088427,12376822412771088427,12376822412771088427
457,5,500,8,10,0.051307,9745.29,0.026059,19187.25,0.019714,25362.71,0.018980,26343.20,0.024472,20431.88,0.019586,25528.44,0.024223,20641.39,0.052528,0.002841,0.001725,0.019586,0.076681,0.000987,4,32254,32254,184400,753,0,0,0,1124,0,0,0,0,0,0,0,0,0,0,0,0,0,0,0,0,0,0,0,8137473449983475989,8137473449983475989,8137473449983475989,9613770427237614417,9613770427237614417,9613770427237614417
458,5,500,8,10,0.051225,9760.81,0.025335,19735.19,0.022585,22138.76,0.021925,22805.31,0.024344,20538.67,0.019667,25423.57,0.023748,21054.68,0.053186,0.002259,0.002166,0.019667,0.077278,0.000992,3,32330,32330,184400,752,0,0,0,1329,0,0,0,0,0,0,0,0,0,0,0,0,0,0,0,0,0,0,0,1882885639618522541,1882885639618522541,1882885639618522541,5419889738970848462,5419889738970848462,5419889738970848462
459,5,500,8,10,0.051174,9770.55,0.024403,20489.62,0.018451,27099.48,0.018296,27328.27,0.024091,20754.38,0.020047,24941.54,0.024292,20582.88,0.053919,0.001219,0.002270,0.020047,0.077455,0.000993,4,32305,32305,184400,702,0,0,0,1091,0,0,0,0,0,0,0,0,0,0,0,0,0,0,0,0,0,0,0,18000700485239458371,18000700485239458371,18000700485239458371,13785951825885424284,13785951825885424284,13785951825885424284
460,5,500,8,10,0.051697,9671.76,0.025539,19577.59,0.020807,24030.23,0.020160,24801.06,0.025309,19755.94,0.019741,25327.55,0.025386,19695.88,0.053466,0.001175,0.001733,0.019741,0.076115,0.001010,4,32265,32265,184400,810,0,0,0,1107,0,0,0,0,0,0,0,0,0,0,0,0,0,0,0,0,0,0,0,4348199234389211840,4348199234389211840,4348199234389211840,6651764002501309003,6651764002501309003,6651764002501309003
461,5,500,8,10,0.051552,9698.93,0.024045,20794.62,0.021325,23447.06,0.019955,25055.84,0.024703,20240.66,0.019683,25402.86,0.025198,19842.92,0.053657,0.001005,0.001758,0.019683,0.076103,0.001433,4,32295,32295,184400,774,0,0,0,1442,0,0,0,0,0,0,0,0,0,0,0,0,0,0,0,0,0,0,0,14955324916235110452,14955324916235110452,14955324916235110452,10432499829385238143,10432499829385238143,10432499829385238143
462,5,500,8,10,0.051808,9651.01,0.024405,20487.91,0.018927,26417.66,0.019145,26116.58,0.024866,20107.40,0.019705,25373.84,0.024182,20676.94,0.054209,0.001135,0.001769,0.019705,0.076818,0.000996,4,32300,32300,184400,724,0,0,0,1138,0,0,0,0,0,0,0,0,0,0,0,0,0,0,0,0,0,0,0,2241255111595821772,2241255111595821772,2241255111595821772,10272681794217912425,10272681794217912425,10272681794217912425
463,5,500,8,10,0.051857,9641.93,0.024614,20313.25,0.019614,25491.79,0.018907,26444.77,0.024543,20372.23,0.020099,24877.41,0.024911,20071.63,0.053900,0.001846,0.001811,0.020099,0.077655,0.001005,4,32270,32270,184400,730,0,0,0,1142,0,0,0,0,0,0,0,0,0,0,0,0,0,0,0,0,0,0,0,8337415554868201167,8337415554868201167,8337415554868201167,13215176121829483432,13215176121829483432,13215176121829483432
464,5,500,8,10,0.051673,9676.15,0.025251,19801.15,0.021934,22795.18,0.020907,23915.90,0.024881,20095.69,0.020295,24636.39,0.025002,19998.69,0.053230,0.002147,0.002167,0.020295,0.077840,0.001016,3,32280,32280,184400,793,0,0,0,1285,0,0,0,0,0,0,0,0,0,0,0,0,0,0,0,0,0,0,0,12102463609435919646,12102463609435919646,12102463609435919646,922288197652152435,922288197652152435,922288197652152435
465,5,500,8,10,0.051186,9768.38,0.025136,19891.61,0.020204,24747.37,0.019399,25774.69,0.024624,20305.53,0.023168,21581.43,0.024343,20540.19,0.054348,0.000930,0.001743,0.023168,0.080190,0.000992,4,32285,32285,184400,734,0,0,0,1311,0,0,0,0,0,0,0,0,0,0,0,0,0,0,0,0,0,0,0,11491398963346094751,11491398963346094751,11491398963346094751,16727026133868107661,16727026133868107661,16727026133868107661
466,5,500,8,10,0.051914,9631.41,0.024243,20624.10,0.020160,24801.36,0.019097,26182.39,0.025100,19920.38,0.020182,24774.83,0.024215,20648.28,0.053074,0.002035,0.001757,0.020182,0.077048,0.001003,4,32255,32255,184400,794,0,0,0,1216,0,0,0,0,0,0,0,0,0,0,0,0,0,0,0,0,0,0,0,6353006701312673635,6353006701312673635,6353006701312673635,17868381281261526534,17868381281261526534,17868381281261526534
467,5,500,8,10,0.051396,9728.46,0.023674,21119.92,0.018740,26681.57,0.019225,26007.22,0.024512,20398.01,0.022333,22388.76,0.023634,21155.90,0.053878,0.001020,0.001727,0.022333,0.078957,0.001459,4,32285,32285,184400,774,0,0,0,1213,0,0,0,0,0,0,0,0,0,0,0,0,0,0,0,0,0,0,0,8396559125142896481,8396559125142896481,8396559125142896481,7765101656541568365,7765101656541568365,7765101656541568365
468,5,500,8,10,0.051441,9719.88,0.025221,19824.97,0.021632,23114.00,0.020646,24218.12,0.024980,20015.63,0.020242,24700.88,0.024439,20459.37,0.053671,0.001627,0.001751,0.020242,0.077292,0.001016,4,32340,32340,184400,815,0,0,0,1361,0,0,0,0,0,0,0,0,0,0,0,0,0,0,0,0,0,0,0,694947605765083767,694947605765083767,694947605765083767,11110117760628374614,11110117760628374614,11110117760628374614
469,5,500,8,10,0.051368,9733.73,0.024939,20049.31,0.020082,24898.00,0.019337,25856.65,0.024830,20136.64,0.020253,24687.51,0.024395,20495.67,0.053848,0.001437,0.001736,0.020253,0.077274,0.000991,4,32305,32305,184400,779,0,0,0,1204,0,0,0,0,0,0,0,0,0,0,0,0,0,0,0,0,0,0,0,6531390279693818281,6531390279693818281,6531390279693818281,5171617429092432250,5171617429092432250,5171617429092432250
470,5,500,8,10,0.051395,9728.66,0.024621,20308.25,0.021577,23172.38,0.021408,23355.34,0.024274,20597.93,0.021103,23692.97,0.025030,19975.94,0.053704,0.001753,0.002288,0.021103,0.078848,0.000988,3,32275,32275,184400,783,0,0,0,1199,0,0,0,0,0,0,0,0,0,0,0,0,0,0,0,0,0,0,0,11764391733822745066,11764391733822745066,11764391733822745066,14751169287801675138,14751169287801675138,14751169287801675138
471,5,500,8,10,0.051161,9773.16,0.023930,20894.44,0.020007,24990.96,0.018433,27125.23,0.024247,20620.95,0.020408,24500.53,0.023627,21162.22,0.054346,0.000549,0.002176,0.020408,0.077479,0.000988,4,32270,32270,184400,820,0,0,0,1342,0,0,0,0,0,0,0,0,0,0,0,0,0,0,0,0,0,0,0,10353106034988250685,10353106034988250685,10353106034988250685,10380525360051465419,10380525360051465419,10380525360051465419
472,5,500,8,10,0.051658,9679.03,0.025393,19690.25,0.021893,22838.36,0.022207,22515.69,0.024762,20192.18,0.019733,25338.23,0.024063,20778.94,0.053321,0.002185,0.002307,0.019733,0.077546,0.001009,3,32295,32295,184400,726,0,0,0,1251,0,0,0,0,0,0,0,0,0,0,0,0,0,0,0,0,0,0,0,16924229262099701072,16924229262099701072,16924229262099701072,18105760643261538968,18105760643261538968,18105760643261538968
473,5,500,8,10,0.051189,9767.73,0.025503,19605.50,0.020291,24641.34,0.020414,24493.41,0.024844,20125.74,0.021469,23289.00,0.023823,20988.40,0.053850,0.000836,0.002223,0.021469,0.078379,0.000991,4,32284,32284,184400,792,0,0,0,1274,0,0,0,0,0,0,0,0,0,0,0,0,0,0,0,0,0,0,0,15350512619113806240,15350512619113806240,15350512619113806240,1117699716489107919,1117699716489107919,1117699716489107919
474,5,500,8,10,0.051094,9785.90,0.025120,19904.43,0.019851,25187.51,0.019258,25963.89,0.024531,20381.97,0.021056,23746.70,0.023853,20961.78,0.053570,0.001396,0.001735,0.021056,0.077757,0.000998,4,32310,32310,184400,833,0,0,0,1233,0,0,0,0,0,0,0,0,0,0,0,0,0,0,0,0,0,0,0,2499530688070612962,2499530688070612962,2499530688070612962,10646042149928795852,10646042149928795852,10646042149928795852
475,5,500,8,10,0.051592,9691.46,0.025123,19901.96,0.020200,24751.98,0.018956,26377.51,0.024761,20192.73,0.020893,23931.17,0.024345,20537.80,0.053410,0.002384,0.001749,0.020893,0.078437,0.000997,4,32320,32320,184400,800,0,0,0,1270,0,0,0,0,0,0,0,0,0,0,0,0,0,0,0,0,0,0,0,16116900207299023763,16116900207299023763,16116900207299023763,10346237353353316794,10346237353353316794,10346237353353316794
476,5,500,8,10,0.051475,9713.42,0.024693,20248.99,0.019334,25861.04,0.018825,26560.40,0.024113,20735.58,0.020351,24568.55,0.023822,20989.08,0.053539,0.002099,0.001685,0.020351,0.077673,0.000963,4,32265,32265,184400,766,0,0,0,1566,0,0,0,0,0,0,0,0,0,0,0,0,0,0,0,0,0,0,0,8596689481548185301,8596689481548185301,8596689481548185301,17695828648297928818,17695828648297928818,17695828648297928818
477,5,500,8,10,0.051076,9789.26,0.024460,20441.71,0.020266,24671.48,0.019369,25814.36,0.024796,20164.77,0.020520,24365.92,0.024361,20524.79,0.053672,0.001503,0.002194,0.020520,0.077890,0.000994,4,32275,32275,184400,818,0,0,0,1082,0,0,0,0,0,0,0,0,0,0,0,0,0,0,0,0,0,0,0,7810162771078852128,7810162771078852128,7810162771078852128,10772721654605412210,10772721654605412210,10772721654605412210
478,5,500,8,10,0.051831,9646.72,0.024471,20432.33,0.019533,25597.68,0.018292,27334.71,0.024438,20459.66,0.022106,22618.80,0.023994,20838.40,0.053945,0.001723,0.001728,0.022106,0.079501,0.001003,4,32300,32300,184400,771,0,0,0,1280,0,0,0,0,0,0,0,0,0,0,0,0,0,0,0,0,0,0,0,12319054386233350148,12319054386233350148,12319054386233350148,12094844396369334193,12094844396369334193,12094844396369334193
479,5,500,8,10,0.051887,9636.39,0.024844,20125.87,0.021720,23020.31,0.021094,23703.77,0.024602,20323.44,0.019678,25408.87,0.023702,21095.62,0.053740,0.002089,0.001755,0.019678,0.077261,0.001015,4,32290,32290,184400,759,0,0,0,1226,0,0,0,0,0,0,0,0,0,0,0,0,0,0,0,0,0,0,0,5463018438600268481,5463018438600268481,5463018438600268481,2757425151207331772,2757425151207331772,2757425151207331772
480,5,500,8,10,0.051633,9683.69,0.024394,20496.65,0.019513,25624.07,0.019311,25891.81,0.024530,20383.18,0.019030,26273.73,0.023154,21594.44,0.054084,0.001551,0.002217,0.019030,0.076883,0.001001,3,32305,32305,184400,771,0,0,0,1334,0,0,0,0,0,0,0,0,0,0,0,0,0,0,0,0,0,0,0,14883306005516296557,14883306005516296557,14883306005516296557,10165270513211909852,10165270513211909852,10165270513211909852
481,5,500,8,10,0.051586,9692.52,0.024185,20674.10,0.022531,22192.14,0.022166,22557.19,0.024615,20312.74,0.019932,25084.69,0.023852,20962.79,0.053849,0.001807,0.001747,0.019932,0.077335,0.000993,4,32264,32264,184400,778,0,0,0,1299,0,0,0,0,0,0,0,0,0,0,0,0,0,0,0,0,0,0,0,16100425319836869912,16100425319836869912,16100425319836869912,5586138977299900932,5586138977299900932,5586138977299900932
482,5,500,8,10,0.051229,9760.01,0.023915,20907.03,0.019465,25686.94,0.018971,26355.52,0.025392,19691.56,0.019673,25415.88,0.024635,20296.54,0.053616,0.001394,0.001733,0.019673,0.076416,0.000999,4,32290,32290,184400,780,0,0,0,1200,0,0,0,0,0,0,0,0,0,0,0,0,0,0,0,0,0,0,0,2850340835013734637,2850340835013734637,2850340835013734637,10312918447050211252,10312918447050211252,10312918447050211252
483,5,500,8,10,0.051181,9769.34,0.024491,20415.67,0.020117,24854.32,0.019686,25398.40,0.024526,20386.77,0.020113,24859.09,0.023909,20912.73,0.054301,0.001249,0.002222,0.020113,0.077885,0.000992,3,32305,32305,184400,834,0,0,0,1130,0,0,0,0,0,0,0,0,0,0,0,0,0,0,0,0,0,0,0,7692323651567029674,7692323651567029674,7692323651567029674,9563438522738229971,9563438522738229971,9563438522738229971
484,5,500,8,10,0.051491,9710.41,0.024712,20233.04,0.020464,24433.39,0.020057,24929.54,0.024200,20661.51,0.019757,25307.99,0.023623,21166.00,0.053069,0.002645,0.001744,0.019757,0.077215,0.000985,4,32310,32310,184400,719,0,0,0,1237,0,0,0,0,0,0,0,0,0,0,0,0,0,0,0,0,0,0,0,17327398484611097475,17327398484611097475,17327398484611097475,879564084447175170,879564084447175170,879564084447175170
485,5,500,8,10,0.051587,9692.31,0.024298,20578.01,0.019629,25471.87,0.018917,26431.41,0.024759,20194.94,0.020763,24081.74,0.024182,20676.37,0.053367,0.001955,0.001670,0.020763,0.077755,0.000987,4,32289,32289,184400,765,0,0,0,1385,0,0,0,0,0,0,0,0,0,0,0,0,0,0,0,0,0,0,0,13128980819660058646,13128980819660058646,13128980819660058646,14919292175690440435,14919292175690440435,14919292175690440435
486,5,500,8,10,0.051275,9751.32,0.024865,20108.89,0.021594,23155.08,0.020699,24156.24,0.024235,20631.35,0.021377,23390.15,0.025152,19879.22,0.053880,0.001612,0.001769,0.021377,0.078639,0.000988,4,32244,32244,184400,802,0,0,0,1522,0,0,0,0,0,0,0,0,0,0,0,0,0,0,0,0,0,0,0,10437215162582073785,10437215162582073785,10437215162582073785,13668397226603999562,13668397226603999562,13668397226603999562
487,5,500,8,10,0.051237,9758.50,0.025318,19748.42,0.019487,25658.37,0.018473,27067.07,0.024156,20698.82,0.020514,24374.14,0.024992,20006.76,0.053180,0.002499,0.001694,0.020514,0.077886,0.001000,4,32305,32305,184400,735,0,0,0,1366,0,0,0,0,0,0,0,0,0,0,0,0,0,0,0,0,0,0,0,17592291803206245358,17592291803206245358,17592291803206245358,9271688902187522597,9271688902187522597,9271688902187522597
488,5,500,8,10,0.051772,9657.67,0.023743,21058.74,0.018717,26713.50,0.019057,26236.75,0.024721,20225.53,0.019518,25616.83,0.024221,20643.25,0.053137,0.002100,0.001719,0.019518,0.076474,0.000997,4,32280,32280,184400,742,0,0,0,1070,0,0,0,0,0,0,0,0,0,0,0,0,0,0,0,0,0,0,0,1800701542782942699,1800701542782942699,1800701542782942699,12869962414168957449,12869962414168957449,12869962414168957449
489,5,500,8,10,0.051024,9799.31,0.024874,20101.68,0.019475,25673.62,0.019329,25867.66,0.024253,20616.29,0.020529,24355.94,0.024074,20769.30,0.054507,0.001221,0.001739,0.020529,0.077996,0.000989,4,32295,32295,184400,780,0,0,0,1214,0,0,0,0,0,0,0,0,0,0,0,0,0,0,0,0,0,0,0,12340173065296572013,12340173065296572013,12340173065296572013,5594850611101719965,5594850611101719965,5594850611101719965
490,5,500,8,10,0.051665,9677.71,0.024953,20037.71,0.019718,25357.90,0.019329,25868.46,0.024484,20421.51,0.019957,25053.27,0.024457,20443.96,0.053487,0.001509,0.001721,0.019957,0.076675,0.000999,4,32295,32295,184400,755,0,0,0,1131,0,0,0,0,0,0,0,0,0,0,0,0,0,0,0,0,0,0,0,16322739960784646446,16322739960784646446,16322739960784646446,10788771769209139311,10788771769209139311,10788771769209139311
491,5,500,8,10,0.051955,9623.79,0.024079,20764.69,0.019939,25076.14,0.018566,26931.67,0.025584,19543.66,0.019503,25636.45,0.024183,20675.38,0.053607,0.001309,0.002233,0.019503,0.076651,0.001009,3,32265,32265,184400,808,0,0,0,1256,0,0,0,0,0,0,0,0,0,0,0,0,0,0,0,0,0,0,0,1605815271479361648,1605815271479361648,1605815271479361648,15469996510019546917,15469996510019546917,15469996510019546917
492,5,500,8,10,0.051996,9616.09,0.024449,20450.80,0.019659,25433.66,0.018787,26614.55,0.024030,20807.62,0.020291,24641.75,0.023758,21045.55,0.053683,0.001186,0.001759,0.020291,0.076919,0.001032,4,32265,32265,184400,835,0,0,0,1249,0,0,0,0,0,0,0,0,0,0,0,0,0,0,0,0,0,0,0,16970285768938355603,16970285768938355603,16970285768938355603,11566463600552797874,11566463600552797874,11566463600552797874
493,5,500,8,10,0.051818,9649.07,0.024284,20589.33,0.019140,26123.95,0.019035,26267.56,0.025101,19919.39,0.019898,25127.89,0.023866,20950.57,0.053644,0.001778,0.001760,0.019898,0.077081,0.001006,4,32280,32280,184400,717,0,0,0,1319,0,0,0,0,0,0,0,0,0,0,0,0,0,0,0,0,0,0,0,5556449266755958645,5556449266755958645,5556449266755958645,15502388834415270831,15502388834415270831,15502388834415270831
494,5,500,8,10,0.051259,9754.43,0.024812,20151.66,0.021125,23668.14,0.020516,24370.65,0.024474,20430.14,0.020182,24775.08,0.024768,20186.99,0.054140,0.001203,0.001762,0.020182,0.077286,0.000993,4,32275,32275,184400,776,0,0,0,1493,0,0,0,0,0,0,0,0,0,0,0,0,0,0,0,0,0,0,0,3075773923370267868,3075773923370267868,3075773923370267868,2474617643357425820,2474617643357425820,2474617643357425820
495,5,500,8,10,0.051394,9728.71,0.024375,20513.11,0.019975,25031.63,0.019599,25511.27,0.024448,20451.48,0.020002,24997.55,0.025051,19959.59,0.053497,0.001865,0.001710,0.020002,0.077074,0.000996,4,32250,32250,184400,770,0,0,0,1299,0,0,0,0,0,0,0,0,0,0,0,0,0,0,0,0,0,0,0,10687427642142804129,10687427642142804129,10687427642142804129,7833253340994703371,7833253340994703371,7833253340994703371
496,5,500,8,10,0.051364,9734.41,0.024688,20253.06,0.021458,23301.64,0.020105,24869.73,0.024021,20815.10,0.019421,25745.63,0.024054,20786.54,0.053898,0.001183,0.002171,0.019421,0.076673,0.001006,3,32290,32290,184400,779,0,0,0,1279,0,0,0,0,0,0,0,0,0,0,0,0,0,0,0,0,0,0,0,13658959124079158686,13658959124079158686,13658959124079158686,18296485568060107357,18296485568060107357,18296485568060107357
497,5,500,8,10,0.051753,9661.22,0.024248,20620.31,0.018988,26332.47,0.019275,25939.76,0.023920,20903.28,0.020536,24347.44,0.023898,20922.22,0.053877,0.000869,0.001806,0.020536,0.077089,0.001006,4,32229,32229,184400,724,0,0,0,1190,0,0,0,0,0,0,0,0,0,0,0,0,0,0,0,0,0,0,0,2051582322020973744,2051582322020973744,2051582322020973744,13471317076281149100,13471317076281149100,13471317076281149100
498,5,500,8,10,0.050926,9818.07,0.024616,20312.20,0.022853,21879.33,0.022590,22133.53,0.024552,20364.60,0.019525,25607.84,0.024980,20016.06,0.053890,0.000998,0.002613,0.019525,0.077027,0.000995,4,32305,32305,184400,763,0,0,0,1319,0,0,0,0,0,0,0,0,0,0,0,0,0,0,0,0,0,0,0,10123028297601076374,10123028297601076374,10123028297601076374,6676353276376515943,6676353276376515943,6676353276376515943
499,5,500,8,10,0.051207,9764.34,0.024652,20281.96,0.019126,26143.08,0.019795,25258.33,0.024281,20591.83,0.020552,24327.96,0.024234,20632.46,0.052751,0.002440,0.001748,0.020552,0.077492,0.000998,4,32283,32283,184400,666,0,0,0,1078,0,0,0,0,0,0,0,0,0,0,0,0,0,0,0,0,0,0,0,7744908657222402397,7744908657222402397,7744908657222402397,8267318706042067966,8267318706042067966,8267318706042067966
