batch_idx,num_blocks,num_txs,threads,merge_cap,seq_time_s,seq_tput,par_time_s,par_tput,concat_time_s,concat_tput,cgraph_time_s,cgraph_tput,graph_time_s,graph_tput,integrated_time_s,integrated_tput,vegeta_time_s,vegeta_tput,phase_pre_execute_s,phase_graph_build_s,phase_integrate_s,phase_execute_s,phase_total_s,vegeta_speculate_s,num_integrated_groups,omakase_graph_bytes,vegeta_sched_bytes,calldata_bytes,par_re_exec,par_validation_aborts,par_cascade_aborts,par_wrote_new_loc,concat_re_exec,concat_validation_aborts,concat_cascade_aborts,concat_wrote_new_loc,cgraph_re_exec,cgraph_validation_aborts,cgraph_cascade_aborts,cgraph_wrote_new_loc,graph_re_exec,graph_validation_aborts,graph_cascade_aborts,graph_wrote_new_loc,integ_re_exec,integ_validation_aborts,integ_cascade_aborts,integ_wrote_new_loc,vegeta_re_exec,vegeta_validation_aborts,vegeta_cascade_aborts,vegeta_wrote_new_loc,digest_seq,digest_par,digest_concat,logical_seq,logical_integ,logical_vegeta,cgraph_cross_block_aborts,cgraph_cross_block_cascade,graph_cross_block_aborts,graph_cross_block_cascade,integ_cross_block_aborts,integ_cross_block_cascade,par_fallbacks,concat_fallbacks,cgraph_fallbacks,graph_fallbacks,integ_fallbacks
0,10,1439,8,10,0.065793,21871.56,0.037396,38479.91,0.036230,39718.83,0.036094,39868.04,0.041098,35013.83,0.035581,40442.84,0.044413,32400.07,0.066484,0.011201,0.019079,0.035581,0.132345,0.016705,4,174320,196645,2186046,1042,0,0,0,1852,0,0,0,774,0,0,0,702,0,0,0,784,0,0,0,7,0,0,0,7173355253093031873,8818936810663192436,8818936810663192436,11957566365735423917,3447859328781313488,15596932404799233711,0,0,0,0,0,0,0,0,0,0,0
1,10,1411,8,10,0.080553,17516.46,0.049021,28783.49,0.052281,26988.75,0.054851,25724.10,0.052369,26943.64,0.048994,28799.62,0.061313,23012.95,0.080597,0.010596,0.019034,0.048994,0.159221,0.016262,4,185843,198568,2507833,1312,0,0,0,2137,0,0,0,922,0,0,0,795,0,0,0,678,0,0,0,27,0,0,0,5419838699112883712,10677092987673598947,10677092987673598947,8891487199706560995,16406118168466677265,15116208396353512204,0,0,0,0,0,0,0,0,0,0,0
2,10,1489,8,10,0.068482,21742.89,0.043162,34498.21,0.035739,41663.45,0.037958,39227.62,0.046684,31895.26,0.037994,39190.39,0.053553,27804.00,0.069433,0.011280,0.013480,0.037994,0.132187,0.016438,6,167935,196750,2142688,1037,0,0,0,1691,0,0,0,790,0,0,0,683,0,0,0,634,0,0,0,16,0,0,0,12380023582517727326,8259500275230189072,8259500275230189072,2796636227145342972,6242555634396634452,913194734453542921,0,0,0,0,0,0,0,0,0,0,0
3,10,1346,8,10,0.068709,19589.74,0.042973,31322.16,0.036942,36435.92,0.041721,32261.85,0.049295,27305.11,0.038688,34791.44,0.052081,25844.37,0.070144,0.010123,0.019799,0.038688,0.138754,0.014835,2,162394,170684,2516370,1243,0,0,0,1977,0,0,0,822,0,0,0,666,0,0,0,673,0,0,0,19,0,0,0,1197513282441353602,3475558408069169902,3475558408069169902,2295961559528772300,15842697905552015144,3743236376932907603,0,0,0,0,0,0,0,0,0,0,0
4,10,1642,8,10,0.080037,20515.58,0.048606,33781.68,0.041232,39823.65,0.039744,41314.26,0.056433,29096.49,0.046820,35070.27,0.063868,25709.41,0.081339,0.011842,0.023273,0.046820,0.163274,0.020076,2,188927,202342,2316247,1305,0,0,0,1869,0,0,0,822,0,0,0,669,0,0,0,859,0,0,0,16,0,0,0,16494480003874838050,5760809054904300904,5760809054904300904,15745394827583006503,18149509778116513664,7060415455031963735,0,0,0,0,0,0,0,0,0,0,0
5,10,1457,8,10,0.182506,7983.30,0.144598,10076.24,0.101398,14369.12,0.108173,13469.14,0.153607,9485.26,0.109079,13357.32,0.166038,8775.09,0.184226,0.012292,0.017322,0.109079,0.322920,0.016285,5,196075,204520,1199878,1107,0,0,0,2503,0,0,0,803,0,0,0,664,0,0,0,736,0,0,0,32,0,0,0,2888433105635437113,17069114849041300159,17069114849041300159,2765866258943937404,2950537953465550814,5024877505505701641,0,0,0,0,0,0,0,0,0,0,0
6,10,1277,8,10,0.073622,17345.46,0.038648,33042.07,0.029356,43500.53,0.034722,36777.53,0.046586,27411.72,0.035818,35652.26,0.053268,23973.18,0.075527,0.010474,0.020844,0.035818,0.142662,0.013210,3,164127,168047,1808153,721,0,0,0,1163,0,0,0,602,0,0,0,439,0,0,0,541,0,0,0,7,0,0,0,2731294689897364630,15304029696787606536,15304029696787606536,15396176639746773229,2122045479711856378,8021828397989078654,0,0,0,0,0,0,0,0,0,0,0
7,10,1395,8,10,0.093588,14905.75,0.059152,23583.22,0.051955,26850.15,0.043094,32371.46,0.063853,21847.11,0.070784,19707.96,0.075877,18385.11,0.094838,0.013191,0.024964,0.070784,0.203776,0.014987,2,201875,215670,2509858,721,0,0,0,1188,0,0,0,676,0,0,0,480,0,0,0,589,0,0,0,10,0,0,0,14401671610670850377,3809371649332661322,3809371649332661322,15136463590996627490,1687022501478245935,10586888991303799998,0,0,0,0,0,0,0,0,0,0,0
8,10,1699,8,10,0.093101,18249.07,0.053356,31842.70,0.045993,36940.41,0.046109,36847.65,0.056110,30279.90,0.042791,39704.51,0.059743,28438.37,0.091646,0.013417,0.026473,0.042791,0.174327,0.019962,2,193901,203086,3219675,1213,0,0,0,2219,0,0,0,1176,0,0,0,863,0,0,0,894,0,0,0,9,0,0,0,7028104645543054018,3185796327254867611,3185796327254867611,3581670057618400456,3867127749381918873,5261739646070969356,0,0,0,0,0,0,0,0,0,0,0
9,10,1480,8,10,0.068393,21639.65,0.037651,39308.26,0.031097,47592.42,0.031643,46771.37,0.041644,35539.15,0.031239,47376.39,0.062934,23516.63,0.069858,0.011419,0.021467,0.031239,0.133983,0.017934,2,176086,234201,1687477,961,0,0,0,1477,0,0,0,694,0,0,0,372,0,0,0,524,0,0,0,9,0,0,0,428589184627089066,12525247297512243067,12525247297512243067,14518631040308094139,5464053430244573364,1345793291846091635,0,0,0,0,0,0,0,0,0,0,0
10,10,1364,8,10,0.092970,14671.45,0.061207,22285.08,0.039165,34826.96,0.048644,28040.61,0.066256,20586.96,0.050011,27273.82,0.079641,17126.77,0.094267,0.010161,0.020540,0.050011,0.174980,0.014907,2,157564,173954,1543619,927,0,0,0,1668,0,0,0,891,0,0,0,534,0,0,0,649,0,0,0,13,0,0,0,13815546417744028337,5166536015354459897,5166536015354459897,16289747925139347887,6600671558897071925,10484763226782468069,0,0,0,0,0,0,0,0,0,0,0
11,10,1384,8,10,0.097059,14259.35,0.057679,23994.86,0.036687,37725.04,0.038449,35996.17,0.061390,22544.55,0.059689,23186.97,0.066395,20844.82,0.098709,0.011141,0.012904,0.059689,0.182443,0.014606,7,164914,168904,3224357,889,0,0,0,1500,0,0,0,839,0,0,0,587,0,0,0,660,0,0,0,22,0,0,0,13674701582834498140,13674701582834498140,13674701582834498140,802724598868584417,15607233240225139013,10001773280341375121,0,0,0,0,0,0,0,0,0,0,0
12,10,1504,8,10,0.070899,21213.37,0.034984,42991.08,0.030909,48658.91,0.032935,45666.38,0.039207,38360.79,0.033085,45458.43,0.047789,31471.69,0.072330,0.011063,0.021483,0.033085,0.137962,0.016277,2,170337,184572,2128082,823,0,0,0,1442,0,0,0,753,0,0,0,495,0,0,0,599,0,0,0,14,0,0,0,9717272985055703501,10829704795922022466,10829704795922022466,11139023745292541699,3575534315879488158,2553903220356718246,0,0,0,0,0,0,0,0,0,0,0
13,10,1425,8,10,0.081634,17456.00,0.047649,29906.50,0.042696,33375.29,0.042768,33319.04,0.056795,25090.34,0.044392,32100.72,0.061013,23355.79,0.083382,0.011147,0.021067,0.044392,0.159987,0.014889,3,168461,174886,893221,1122,0,0,0,1836,0,0,0,753,0,0,0,564,0,0,0,772,0,0,0,20,0,0,0,1076307056196704515,1076307056196704515,1076307056196704515,17387388465435181895,11247075491324373074,5327688753856362876,0,0,0,0,0,0,0,0,0,0,0
14,10,1736,8,10,0.069458,24993.66,0.040801,42548.08,0.037227,46633.15,0.038538,45046.76,0.042805,40555.85,0.037830,45890.03,0.075772,22910.77,0.070835,0.013657,0.022467,0.037830,0.144789,0.023687,3,209383,406613,1683944,1372,0,0,0,2016,0,0,0,672,0,0,0,509,0,0,0,711,0,0,0,17,0,0,0,7702770996999685106,7702770996999685106,7702770996999685106,5165431268262475798,7341039359190229215,2500438396594893803,0,0,0,0,0,0,0,0,0,0,0
15,10,1294,8,10,0.072419,17868.36,0.037090,34888.10,0.028323,45687.39,0.043578,29693.89,0.048241,26823.85,0.045525,28423.65,0.059849,21621.20,0.074123,0.010562,0.019680,0.045525,0.149891,0.013031,2,161986,166811,1890143,769,0,0,0,1383,0,0,0,569,0,0,0,409,0,0,0,509,0,0,0,25,0,0,0,10673773757284730096,7491451670876051344,7491451670876051344,7365941349482303952,13599462470611469635,11867272836177282190,0,0,0,0,0,0,0,0,0,0,0
16,10,1750,8,10,0.068820,25428.60,0.033706,51918.86,0.029869,58588.23,0.039038,44827.58,0.042284,41386.78,0.036607,47805.69,0.057026,30687.54,0.069967,0.012219,0.022498,0.036607,0.141291,0.022109,3,197104,252149,3118816,979,0,0,0,1485,0,0,0,627,0,0,0,456,0,0,0,442,0,0,0,10,0,0,0,8636416005748024374,3235732818290781345,3235732818290781345,7282400517423765241,7825753032646749542,6616153277756334144,0,0,0,0,0,0,0,0,0,0,0
17,10,1354,8,10,0.065465,20682.88,0.034198,39592.58,0.031539,42930.77,0.039346,34413.01,0.039760,34054.15,0.038846,34855.16,0.043022,31472.29,0.067480,0.011233,0.019470,0.038846,0.137029,0.014749,4,181610,185745,808120,1038,0,0,0,1734,0,0,0,1005,0,0,0,611,0,0,0,720,0,0,0,7,0,0,0,5384493810185929166,1019342583653732161,1019342583653732161,2517754810851154980,2184996666397329459,17652882651516663422,0,0,0,0,0,0,0,0,0,0,0
18,10,1356,8,10,0.074640,18167.31,0.041797,32442.57,0.039078,34700.12,0.045329,29914.56,0.048475,27973.34,0.045922,29528.57,0.053743,25231.21,0.076337,0.011587,0.019786,0.045922,0.153631,0.014861,3,177256,188256,2710229,1186,0,0,0,2026,0,0,0,856,0,0,0,531,0,0,0,673,0,0,0,16,0,0,0,13454937792741474686,17097367206606467952,17097367206606467952,6584174422133482233,9995480882756677348,4838220632510134332,0,0,0,0,0,0,0,0,0,0,0
19,10,1538,8,10,0.068164,22563.20,0.035762,43006.08,0.030420,50558.93,0.033960,45287.92,0.042309,36351.65,0.033749,45572.28,0.052815,29120.35,0.069491,0.011554,0.023168,0.033749,0.137962,0.017686,2,181767,187307,2186750,783,0,0,0,1315,0,0,0,700,0,0,0,460,0,0,0,554,0,0,0,15,0,0,0,4789296667726743551,4789296667726743551,4789296667726743551,2287225999580597531,2212233163523793243,15650111086696173609,0,0,0,0,0,0,0,0,0,0,0
20,10,1460,8,10,0.068061,21451.35,0.040093,36415.14,0.031255,46712.44,0.035723,40869.84,0.044074,33126.41,0.033386,43731.46,0.046776,31212.90,0.069192,0.011370,0.021103,0.033386,0.135051,0.016106,3,170590,176845,2079933,795,0,0,0,1472,0,0,0,691,0,0,0,475,0,0,0,489,0,0,0,11,0,0,0,3351810100398296062,8413830388104852342,8413830388104852342,3697068175901371517,9476207108241168695,10152863136330473826,0,0,0,0,0,0,0,0,0,0,0
21,10,1436,8,10,0.062469,22987.50,0.030566,46979.81,0.028206,50911.94,0.030973,46362.74,0.035929,39967.70,0.031101,46171.59,0.041870,34296.57,0.063196,0.011465,0.022285,0.031101,0.128047,0.015163,2,178495,186385,3136164,740,0,0,0,1315,0,0,0,667,0,0,0,499,0,0,0,568,0,0,0,12,0,0,0,15126895291109648639,17620770379902313827,17620770379902313827,6028770406871371772,252122866828737277,14755667268077034607,0,0,0,0,0,0,0,0,0,0,0
22,10,1177,8,10,0.143889,8179.93,0.109063,10791.93,0.090688,12978.58,0.098595,11937.74,0.110310,10669.91,0.167817,7013.60,0.125358,9389.08,0.145386,0.018828,0.020154,0.167817,0.352185,0.012264,4,158026,163351,2113004,789,0,0,0,1396,0,0,0,1087,0,0,0,530,0,0,0,77,0,0,0,15,0,0,0,12518164798836225058,17739831455405014665,17739831455405014665,17148162039496561353,3982130370759880174,2669160935214795722,0,0,0,0,0,0,0,0,0,0,1
23,10,1602,8,10,0.081085,19757.09,0.047554,33688.14,0.034518,46409.99,0.033750,47467.35,0.052521,30501.87,0.037565,42646.25,0.071514,22401.18,0.082344,0.011314,0.017799,0.037565,0.149022,0.018319,4,167004,306369,3158205,811,0,0,0,1289,0,0,0,722,0,0,0,615,0,0,0,532,0,0,0,6,0,0,0,6134428878374392710,365957772377123854,365957772377123854,13845639822011884634,4924182859777733729,7342063243606291534,0,0,0,0,0,0,0,0,0,0,0
24,10,1509,8,10,0.071785,21021.19,0.041750,36143.75,0.037143,40626.97,0.039323,38374.21,0.044982,33546.50,0.036645,41178.63,0.058745,25687.41,0.073859,0.010961,0.021240,0.036645,0.142706,0.016805,2,170366,305751,2966068,1051,0,0,0,1681,0,0,0,812,0,0,0,633,0,0,0,734,0,0,0,13,0,0,0,11269656535544556442,5808948331149749757,5808948331149749757,11269835051621825650,5324913469554629662,963762364789186674,0,0,0,0,0,0,0,0,0,0,0
25,10,1323,8,10,0.073762,17936.06,0.041562,31831.67,0.038743,34148.51,0.041412,31947.58,0.047865,27640.25,0.043357,30513.77,0.052919,25000.41,0.075115,0.011100,0.020591,0.043357,0.150163,0.013900,4,179155,187410,2257098,1395,0,0,0,2332,0,0,0,740,0,0,0,659,0,0,0,861,0,0,0,14,0,0,0,16781102430783911433,13139638078904621782,13139638078904621782,566556136667169728,3707377701537631095,3654629558890962511,0,0,0,0,0,0,0,0,0,0,0
26,10,1312,8,10,0.069809,18794.22,0.039022,33622.31,0.029810,44012.63,0.031762,41307.78,0.041769,31410.85,0.030346,43234.33,0.045568,28792.33,0.071020,0.011390,0.021414,0.030346,0.134171,0.013989,2,176968,184953,2307515,894,0,0,0,1425,0,0,0,746,0,0,0,549,0,0,0,546,0,0,0,8,0,0,0,13216704653761058170,4251118324505318423,4251118324505318423,11829649501855053472,8051152795029688329,5339011855016551164,0,0,0,0,0,0,0,0,0,0,0
27,10,1334,8,10,0.070453,18934.68,0.039158,34067.54,0.036546,36501.83,0.038862,34326.34,0.045569,29274.36,0.037465,35606.60,0.048294,27622.26,0.071959,0.011032,0.021067,0.037465,0.141523,0.014704,2,170909,177994,1486483,1116,0,0,0,1892,0,0,0,921,0,0,0,682,0,0,0,781,0,0,0,15,0,0,0,9462535367831889557,13942133868967138187,13942133868967138187,18392417431494186446,3506044980908136756,6915709066870929513,0,0,0,0,0,0,0,0,0,0,0
28,10,1298,8,10,0.079678,16290.66,0.047712,27204.82,0.036883,35192.41,0.040369,32153.58,0.053458,24280.60,0.042318,30672.60,0.059582,21785.01,0.081113,0.010822,0.018844,0.042318,0.153097,0.013313,3,166979,171914,2668163,1063,0,0,0,1868,0,0,0,855,0,0,0,728,0,0,0,891,0,0,0,6,0,0,0,546305544480240518,546305544480240518,546305544480240518,1026664306506405196,7007651625895069440,12015905972572940432,0,0,0,0,0,0,0,0,0,0,0
29,10,1293,8,10,0.062617,20649.27,0.033429,38679.18,0.031673,40823.56,0.034366,37624.12,0.038167,33877.72,0.030330,42630.45,0.038957,33190.81,0.063914,0.010914,0.024662,0.030330,0.129820,0.013706,2,159994,164489,1674105,857,0,0,0,1530,0,0,0,765,0,0,0,688,0,0,0,569,0,0,0,4,0,0,0,8542763276417005344,18364862466765546605,18364862466765546605,6577719308259203365,17841957004039651580,6325205360946664480,0,0,0,0,0,0,0,0,0,0,0
30,10,1326,8,10,0.066631,19900.57,0.039902,33231.57,0.040129,33043.15,0.041641,31843.43,0.048903,27114.97,0.044487,29806.74,0.047159,28117.76,0.068594,0.012523,0.023820,0.044487,0.149424,0.014786,3,190394,200434,2271350,1033,0,0,0,1903,0,0,0,718,0,0,0,707,0,0,0,784,0,0,0,10,0,0,0,1324070966143777948,1324070966143777948,1324070966143777948,16486952967198390336,8949327131134789304,8030867295370660956,0,0,0,0,0,0,0,0,0,0,0
31,10,1293,8,10,0.072035,17949.64,0.046567,27766.54,0.045981,28120.60,0.049545,26097.74,0.048459,26682.29,0.043800,29520.34,0.049972,25874.43,0.073416,0.011130,0.022333,0.043800,0.150679,0.013492,2,178902,186712,3315328,1056,0,0,0,1752,0,0,0,1088,0,0,0,728,0,0,0,783,0,0,0,14,0,0,0,11524397027193543120,11524397027193543120,11524397027193543120,3764494426360277919,2153791184188921726,2426988648594358747,0,0,0,0,0,0,0,0,0,0,0
32,10,1224,8,10,0.095759,12782.11,0.061640,19857.20,0.047654,25685.24,0.042052,29106.88,0.067986,18003.64,0.059329,20630.72,0.075299,16255.16,0.096874,0.010754,0.021308,0.059329,0.188265,0.012455,2,154330,159580,2443382,823,0,0,0,1342,0,0,0,770,0,0,0,448,0,0,0,551,0,0,0,9,0,0,0,15637069928263295053,15637069928263295053,15637069928263295053,4731161189688108043,4721210168008011645,13023057548083710914,0,0,0,0,0,0,0,0,0,0,0
33,10,1293,8,10,0.068186,18962.74,0.038860,33273.31,0.029477,43865.41,0.040986,31547.14,0.045425,28464.20,0.036838,35099.42,0.047919,26983.09,0.069093,0.010094,0.021914,0.036838,0.137939,0.012858,2,164602,170932,2240055,737,0,0,0,1337,0,0,0,718,0,0,0,494,0,0,0,693,0,0,0,7,0,0,0,13146516691906185124,13009288462294986897,13009288462294986897,16066869884029235885,15356902039407800871,8154989315310088975,0,0,0,0,0,0,0,0,0,0,0
34,10,1423,8,10,0.174258,8166.05,0.145037,9811.27,0.136175,10449.82,0.137365,10359.23,0.146577,9708.20,0.136021,10461.64,0.153102,9294.48,0.175755,0.011351,0.020864,0.136021,0.343990,0.015614,2,162312,168292,3384316,813,0,0,0,1514,0,0,0,1157,0,0,0,602,0,0,0,773,0,0,0,5,0,0,0,8070693608104804561,79078477567469628,79078477567469628,9846767361104083645,13805039189914791727,9970300668504218266,0,0,0,0,0,0,0,0,0,0,0
35,10,1435,8,10,0.058654,24465.39,0.032432,44247.07,0.030791,46603.83,0.033740,42531.55,0.037312,38458.98,0.032859,43671.17,0.039614,36224.27,0.059953,0.010561,0.020769,0.032859,0.124142,0.017911,3,166127,175737,2404723,1068,0,0,0,1652,0,0,0,878,0,0,0,611,0,0,0,647,0,0,0,18,0,0,0,16902821275143325484,18259707288207186095,18259707288207186095,5785015704775287146,17117491988016074990,8182691101583138068,0,0,0,0,0,0,0,0,0,0,0
36,10,1340,8,10,0.111981,11966.33,0.077267,17342.48,0.064358,20820.98,0.060623,22103.84,0.090506,14805.63,0.058232,23011.54,0.094315,14207.73,0.113711,0.011239,0.022390,0.058232,0.205571,0.013738,2,175815,183650,2293284,955,0,0,0,1583,0,0,0,831,0,0,0,596,0,0,0,748,0,0,0,12,0,0,0,4877879134290157379,5725917574719721555,5725917574719721555,3086672323938864379,2966122025137537477,17210154238922751729,0,0,0,0,0,0,0,0,0,0,0
37,10,1446,8,10,0.104057,13896.20,0.075150,19241.40,0.068005,21263.07,0.063328,22833.45,0.081127,17823.81,0.069382,20841.25,0.090474,15982.41,0.105625,0.009930,0.019551,0.069382,0.204488,0.015417,2,156840,182020,3370158,936,0,0,0,1841,0,0,0,895,0,0,0,594,0,0,0,645,0,0,0,8,0,0,0,9622753513637515240,13622001512913309093,13622001512913309093,15409595563013685413,14941530725995060664,11461303850692060943,0,0,0,0,0,0,0,0,0,0,0
38,10,1284,8,10,0.070531,18204.80,0.038420,33419.88,0.036483,35194.43,0.038994,32928.17,0.044882,28608.49,0.038366,33467.14,0.048692,26369.62,0.071333,0.010410,0.020425,0.038366,0.140535,0.013457,2,163318,175203,2686977,1071,0,0,0,1908,0,0,0,731,0,0,0,669,0,0,0,664,0,0,0,14,0,0,0,17011046628384814502,14842438611373587850,14842438611373587850,3028749937316883508,1874055289510020119,1985687190193231921,0,0,0,0,0,0,0,0,0,0,0
39,10,1275,8,10,0.083371,15293.15,0.049457,25780.10,0.034283,37190.10,0.032613,39095.41,0.051672,24675.07,0.033182,38423.89,0.063625,20039.40,0.084452,0.010501,0.021027,0.033182,0.149162,0.012933,2,167213,172753,3039809,937,0,0,0,1429,0,0,0,649,0,0,0,588,0,0,0,653,0,0,0,13,0,0,0,9286173788234695392,5524800689817153118,5524800689817153118,10332852140972673064,14514327002131080603,4502939299239998282,0,0,0,0,0,0,0,0,0,0,0
40,10,1189,8,10,0.092827,12808.83,0.055062,21594.01,0.049281,24127.15,0.053054,22411.07,0.064642,18393.64,0.038972,30509.05,0.074349,15992.19,0.093980,0.008653,0.017464,0.038972,0.159069,0.010982,2,136875,141085,3008938,775,0,0,0,1494,0,0,0,856,0,0,0,405,0,0,0,536,0,0,0,10,0,0,0,4979729882019505756,953504434444923812,953504434444923812,1105932834374716098,14507914438385396030,17353488423907626222,0,0,0,0,0,0,0,0,0,0,0
41,10,1312,8,10,0.121643,10785.68,0.082120,15976.56,0.064664,20289.45,0.073245,17912.46,0.087895,14926.82,0.070083,18720.67,0.096756,13559.94,0.123452,0.010483,0.020171,0.070083,0.224189,0.013768,2,168169,176659,2691024,1047,0,0,0,1850,0,0,0,873,0,0,0,759,0,0,0,695,0,0,0,13,0,0,0,18257816387530811594,12224022013749713247,12224022013749713247,2733365890911096774,14109968455608953808,12985984341093527063,0,0,0,0,0,0,0,0,0,0,0
42,10,1208,8,10,0.058409,20681.80,0.030435,39691.44,0.028010,43127.00,0.031217,38696.88,0.034143,35380.51,0.029415,41067.23,0.038798,31135.67,0.059619,0.009614,0.019422,0.029415,0.118070,0.011646,2,145227,149082,2544732,759,0,0,0,1299,0,0,0,745,0,0,0,485,0,0,0,565,0,0,0,6,0,0,0,5428782415194415453,5428782415194415453,5428782415194415453,14924233982819745890,13569605902657968478,6696061969906309276,0,0,0,0,0,0,0,0,0,0,0
43,10,1093,8,10,0.059703,18307.18,0.036753,29739.28,0.032056,34096.30,0.037247,29344.40,0.042137,25939.26,0.037157,29416.11,0.046465,23523.08,0.061098,0.009641,0.017501,0.037157,0.125396,0.010401,2,152020,159235,2777872,790,0,0,0,1275,0,0,0,604,0,0,0,446,0,0,0,421,0,0,0,9,0,0,0,106460804638583491,18038553409573656379,18038553409573656379,17014574676693306662,12748833971290073949,502481865183844651,0,0,0,0,0,0,0,0,0,0,0
44,10,1236,8,10,0.097209,12714.86,0.062253,19854.32,0.045086,27414.53,0.053586,23065.66,0.066786,18507.00,0.065720,18807.07,0.076126,16236.30,0.098666,0.009788,0.017757,0.065720,0.191931,0.011525,3,142908,146673,2097389,784,0,0,0,1507,0,0,0,743,0,0,0,450,0,0,0,675,0,0,0,9,0,0,0,14496031607804949563,10207262125319678909,10207262125319678909,9186025424223522189,2267683927423827796,9086032099556577008,0,0,0,0,0,0,0,0,0,0,0
45,10,1370,8,10,0.076317,17951.40,0.044121,31050.87,0.032021,42784.08,0.034726,39451.92,0.051244,26734.92,0.046878,29224.80,0.058227,23528.79,0.077674,0.010479,0.020168,0.046878,0.155200,0.015366,2,156727,164677,1927226,910,0,0,0,1228,0,0,0,743,0,0,0,573,0,0,0,604,0,0,0,16,0,0,0,16115787157636292260,3987459032395424643,3987459032395424643,17130370021119216779,12085078130094124314,9840457255307571099,0,0,0,0,0,0,0,0,0,0,0
46,10,1383,8,10,0.069508,19897.05,0.041196,33571.25,0.034012,40661.66,0.035407,39060.60,0.044369,31170.34,0.032764,42210.88,0.052607,26289.13,0.070353,0.010270,0.018594,0.032764,0.131981,0.014132,2,158417,166702,2645187,1260,0,0,0,2087,0,0,0,867,0,0,0,759,0,0,0,823,0,0,0,15,0,0,0,8863367402648678665,14497378411969756663,14497378411969756663,248982855451335799,18398851802504054809,9433395153739359048,0,0,0,0,0,0,0,0,0,0,0
47,10,1239,8,10,0.071999,17208.64,0.035994,34421.95,0.033547,36932.85,0.041094,30150.10,0.045421,27278.21,0.039211,31598.54,0.048315,25644.00,0.073385,0.010659,0.022983,0.039211,0.146238,0.013579,3,165119,170074,2038327,1031,0,0,0,1578,0,0,0,919,0,0,0,659,0,0,0,635,0,0,0,9,0,0,0,17478311280442649317,6182716266899306930,6182716266899306930,11677180740683938244,8578359101562580346,6770488316582111859,0,0,0,0,0,0,0,0,0,0,0
48,10,1380,8,10,0.088313,15626.23,0.050053,27570.61,0.037569,36731.95,0.039392,35032.44,0.051452,26821.04,0.045311,30456.51,0.062206,22184.44,0.090384,0.012321,0.011934,0.045311,0.159950,0.015644,9,182519,192644,1433458,1266,0,0,0,2037,0,0,0,881,0,0,0,732,0,0,0,691,0,0,0,9,0,0,0,4400797839962180349,4400797839962180349,4400797839962180349,17674180363471970786,16267949672725123672,3606565632996632718,0,0,0,0,0,0,0,0,0,0,0
49,10,1892,8,10,0.095460,19819.87,0.071646,26407.59,0.065677,28807.75,0.057954,32646.43,0.068179,27750.66,0.062633,30207.73,0.075955,24909.54,0.097275,0.013704,0.022174,0.062633,0.195786,0.025423,4,204674,223399,1705281,1565,0,0,0,2324,0,0,0,1011,0,0,0,758,0,0,0,741,0,0,0,15,0,0,0,859471842348373478,363114646073740571,363114646073740571,878235984022606284,15198783154228221736,5093752744568233338,0,0,0,0,0,0,0,0,0,0,0
50,10,1818,8,10,0.095730,18990.97,0.055699,32639.99,0.039743,45744.46,0.038103,47712.43,0.061748,29442.12,0.046659,38963.80,0.081983,22175.40,0.097430,0.012418,0.014389,0.046659,0.170895,0.024322,7,188407,208352,1705830,1021,0,0,0,1597,0,0,0,765,0,0,0,460,0,0,0,506,0,0,0,5,0,0,0,1340141093456796232,7984723005999305543,7984723005999305543,17995605938648252513,13715792746202064029,4657869015589990852,0,0,0,0,0,0,0,0,0,0,0
51,10,1688,8,10,0.129551,13029.58,0.091811,18385.65,0.073057,23105.39,0.071792,23512.21,0.091862,18375.37,0.073876,22849.25,0.115168,14656.86,0.131748,0.012229,0.025224,0.073876,0.243076,0.024308,2,202253,238453,1255336,1283,0,0,0,1568,0,0,0,900,0,0,0,512,0,0,0,786,0,0,0,9,0,0,0,7060726825453208957,7060726825453208957,7060726825453208957,4676889823371671132,10783650755347778914,9051582212286169743,0,0,0,0,0,0,0,0,0,0,0
52,10,1612,8,10,0.073986,21787.91,0.047507,33931.52,0.042874,37598.40,0.042795,37668.23,0.051655,31206.84,0.040174,40125.37,0.061032,26412.24,0.075337,0.012079,0.019195,0.040174,0.146785,0.020589,4,188129,219764,1028269,1258,0,0,0,1968,0,0,0,921,0,0,0,600,0,0,0,639,0,0,0,6,0,0,0,7675905921260165048,2695623576452540340,2695623576452540340,8267403537683145186,4348312615342513858,16919524911742878678,0,0,0,0,0,0,0,0,0,0,0
53,10,1472,8,10,0.081409,18081.57,0.057742,25492.80,0.032886,44760.51,0.033139,44419.32,0.049989,29446.62,0.045588,32289.40,0.066267,22213.16,0.082750,0.010850,0.013364,0.045588,0.152551,0.017100,6,165953,185538,3231753,1108,0,0,0,1588,0,0,0,730,0,0,0,590,0,0,0,697,0,0,0,15,0,0,0,9849277693574307756,6934851256248989353,6934851256248989353,6096059494396476307,17187064512479455080,3931428074133025164,0,0,0,0,0,0,0,0,0,0,0
54,10,1535,8,10,0.115492,13290.93,0.090487,16963.77,0.067992,22576.12,0.069857,21973.60,0.090388,16982.25,0.084452,18175.92,0.093186,16472.42,0.116611,0.011235,0.022317,0.084452,0.234615,0.018886,2,174460,184590,2136032,1065,0,0,0,1723,0,0,0,916,0,0,0,752,0,0,0,1018,0,0,0,6,0,0,0,3696043833437513493,3696043833437513493,3696043833437513493,17850334337609263701,8395348017024826870,5182019578522974507,0,0,0,0,0,0,0,0,0,0,0
55,10,1346,8,10,0.083091,16199.10,0.058936,22838.41,0.054197,24835.22,0.055915,24072.26,0.061519,21879.56,0.035280,38151.82,0.066614,20205.89,0.084525,0.010160,0.019246,0.035280,0.149211,0.014549,3,150581,157891,2278863,907,0,0,0,1602,0,0,0,792,0,0,0,563,0,0,0,671,0,0,0,5,0,0,0,5164464407443019417,9376071955500267588,9376071955500267588,16158772729349702074,7271887154093751101,506002811040303640,0,0,0,0,0,0,0,0,0,0,0
56,10,1573,8,10,0.082645,19033.30,0.048160,32661.96,0.034751,45265.38,0.039980,39344.25,0.050626,31071.09,0.039140,40188.75,0.066686,23588.02,0.084226,0.012848,0.024519,0.039140,0.160732,0.019893,2,200896,250511,3073879,1467,0,0,0,1784,0,0,0,754,0,0,0,540,0,0,0,568,0,0,0,10,0,0,0,14122517963612371584,14122517963612371584,14122517963612371584,1312604634952622324,10042287100231655012,18087414199085137155,0,0,0,0,0,0,0,0,0,0,0
57,10,1463,8,10,0.057103,25620.56,0.030187,48465.18,0.026874,54439.10,0.028698,50978.29,0.033068,44242.52,0.029993,48778.33,0.049225,29720.83,0.057988,0.011170,0.016105,0.029993,0.115255,0.019362,4,166487,249447,2689342,1399,0,0,0,1697,0,0,0,658,0,0,0,460,0,0,0,522,0,0,0,10,0,0,0,15378632463817239814,8696404589006818090,8696404589006818090,14714632208911589464,6317545644095557383,14829867276942163918,0,0,0,0,0,0,0,0,0,0,0
58,10,1283,8,10,0.062291,20597.02,0.031566,40644.47,0.028960,44302.68,0.033568,38220.68,0.039054,32851.60,0.034752,36919.01,0.045071,28466.19,0.063406,0.010675,0.011041,0.034752,0.119874,0.013508,8,161523,169723,1252033,957,0,0,0,1551,0,0,0,809,0,0,0,493,0,0,0,464,0,0,0,14,0,0,0,6810585116087317677,16286289684490062195,16286289684490062195,4538498235590648815,2289414207713042545,8520932114838969957,0,0,0,0,0,0,0,0,0,0,0
59,10,1629,8,10,0.060870,26762.00,0.032462,50181.62,0.030776,52931.67,0.033370,48816.81,0.045586,35734.97,0.033406,48764.27,0.046058,35368.07,0.062295,0.012066,0.024982,0.033406,0.132749,0.020351,2,177101,207826,1465914,1108,0,0,0,1573,0,0,0,738,0,0,0,594,0,0,0,645,0,0,0,3,0,0,0,3550794958582202630,12147095285771654077,12147095285771654077,8148544895442399842,9911524616214106697,9252175796107291893,0,0,0,0,0,0,0,0,0,0,0
60,10,1571,8,10,0.077016,20398.29,0.037647,41729.40,0.033698,46620.17,0.035313,44487.63,0.041808,37576.46,0.040531,38760.11,0.067829,23161.09,0.078718,0.013041,0.024532,0.040531,0.156823,0.020480,2,200673,277963,1213990,991,0,0,0,1475,0,0,0,710,0,0,0,489,0,0,0,762,0,0,0,8,0,0,0,14254414188910523469,10418187538342353630,10418187538342353630,12381652625696814015,2920054474575564694,5979342636460951136,0,0,0,0,0,0,0,0,0,0,0
61,10,1421,8,10,0.064483,22036.70,0.036135,39325.07,0.032441,43802.12,0.036706,38712.62,0.042902,33121.89,0.039414,36053.08,0.050430,28177.55,0.065653,0.012069,0.015490,0.039414,0.132626,0.015850,6,185919,198909,1064961,908,0,0,0,1617,0,0,0,751,0,0,0,567,0,0,0,655,0,0,0,8,0,0,0,5524626587360784731,7813243597645395881,7813243597645395881,14891060470113006320,13756631162380138836,9566547389040751209,0,0,0,0,0,0,0,0,0,0,0
62,10,1780,8,10,0.104910,16966.97,0.076965,23127.38,0.063455,28051.28,0.060759,29296.31,0.082678,21529.26,0.078706,22615.90,0.091867,19375.92,0.106625,0.012453,0.022248,0.078706,0.220033,0.024755,4,182736,212866,909083,1123,0,0,0,1860,0,0,0,968,0,0,0,619,0,0,0,632,0,0,0,6,0,0,0,1541117904364870183,11092532914727401077,11092532914727401077,2823154800751347024,4162569352884848080,14066484270569463209,0,0,0,0,0,0,0,0,0,0,0
63,10,1443,8,10,0.070210,20552.54,0.039010,36990.59,0.030283,47650.16,0.032578,44293.41,0.041915,34427.19,0.031936,45184.10,0.070720,20404.50,0.071825,0.011852,0.018221,0.031936,0.133835,0.019448,3,184006,279286,1469808,1030,0,0,0,1423,0,0,0,606,0,0,0,426,0,0,0,470,0,0,0,1,0,0,0,8927921560947353983,11811515213438912327,11811515213438912327,18154620778186164674,1193864734288102336,13303671319284737986,0,0,0,0,0,0,0,0,0,0,0
64,10,1713,8,10,0.073189,23405.20,0.042026,40760.13,0.033491,51148.29,0.035956,47641.04,0.046602,36758.28,0.032341,52966.72,0.054311,31540.37,0.074241,0.012199,0.023153,0.032341,0.141933,0.024861,2,177020,193395,1116620,955,0,0,0,1551,0,0,0,872,0,0,0,732,0,0,0,770,0,0,0,13,0,0,0,1082629969709575350,5395949831043874789,5395949831043874789,4906938679121435947,13765727007255149490,1305904336196042449,0,0,0,0,0,0,0,0,0,0,0
65,10,1463,8,10,0.067654,21624.68,0.035846,40812.97,0.031801,46005.50,0.042049,34792.76,0.047977,30493.77,0.040436,36180.96,0.045191,32373.62,0.069195,0.011861,0.023497,0.040436,0.144989,0.017202,2,175496,181366,1002899,851,0,0,0,1444,0,0,0,738,0,0,0,548,0,0,0,539,0,0,0,9,0,0,0,10864865926021697602,9062017066733999946,9062017066733999946,4197151871443137780,1083755354923338691,17966793710262766347,0,0,0,0,0,0,0,0,0,0,0
66,10,1548,8,10,0.086374,17922.10,0.049925,31006.38,0.038251,40469.20,0.041356,37430.96,0.054189,28566.54,0.046340,33405.30,0.060481,25594.94,0.087439,0.013466,0.024676,0.046340,0.171922,0.020065,2,194969,200759,1425455,985,0,0,0,1585,0,0,0,838,0,0,0,649,0,0,0,764,0,0,0,13,0,0,0,13348459221340368652,9200202199995840359,9200202199995840359,17722904282349680636,3746947330314137265,14009718168997375146,0,0,0,0,0,0,0,0,0,0,0
67,10,1574,8,10,0.068148,23096.79,0.037840,41596.50,0.030344,51872.69,0.038036,41381.68,0.044135,35663.38,0.039279,40071.84,0.052103,30209.63,0.069510,0.012396,0.021512,0.039279,0.142698,0.018631,3,175380,186860,942123,943,0,0,0,1451,0,0,0,747,0,0,0,630,0,0,0,571,0,0,0,11,0,0,0,17989341956680359703,9802155259002495393,9802155259002495393,3706610145168309103,8541676431815825192,11871302676178443435,0,0,0,0,0,0,0,0,0,0,0
68,10,1513,8,10,0.133416,11340.43,0.099041,15276.44,0.105047,14403.03,0.076244,19844.24,0.103502,14618.11,0.083613,18095.33,0.119764,12633.19,0.133563,0.012394,0.024040,0.083613,0.253609,0.018290,2,182655,223390,1086310,935,0,0,0,1719,0,0,0,949,0,0,0,487,0,0,0,753,0,0,0,3,0,0,0,13950162544102164456,3089627338272793746,3089627338272793746,10997794048911577783,12967061310598331815,14838242164360893571,0,0,0,0,0,0,0,0,0,0,0
69,10,1515,8,10,0.074479,20341.43,0.043842,34555.72,0.031703,47787.45,0.032910,46035.04,0.046946,32270.81,0.034621,43759.32,0.062572,24212.27,0.075836,0.011270,0.022619,0.034621,0.144346,0.019739,2,174680,209370,1503143,957,0,0,0,1440,0,0,0,702,0,0,0,578,0,0,0,718,0,0,0,9,0,0,0,16041408041478988152,17175495745233516878,17175495745233516878,1364349582853246855,14556708521990489379,2371400624674229941,0,0,0,0,0,0,0,0,0,0,0
70,10,1419,8,10,0.058816,24126.06,0.031004,45767.89,0.028378,50002.86,0.031841,44564.78,0.035597,39863.45,0.030789,46088.47,0.045289,31331.92,0.059732,0.011039,0.029065,0.030789,0.130624,0.014972,1,171733,200138,1290295,762,0,0,0,1311,0,0,0,665,0,0,0,432,0,0,0,500,0,0,0,10,0,0,0,1371151067687560345,16697442361132419636,16697442361132419636,9883029370517768329,2148066119875980052,13207920108116841730,0,0,0,0,0,0,0,0,0,0,0
71,10,1594,8,10,0.056587,28168.79,0.030257,52681.63,0.027539,57880.59,0.031989,49829.40,0.035842,44472.44,0.029087,54801.23,0.050823,31363.70,0.058021,0.011286,0.021917,0.029087,0.120311,0.015911,2,156987,238052,1011047,893,0,0,0,1450,0,0,0,780,0,0,0,521,0,0,0,543,0,0,0,2,0,0,0,6481257976650334328,6318965442681840530,6318965442681840530,17899228861024269163,5378028021535818882,11580479979890151329,0,0,0,0,0,0,0,0,0,0,0
72,10,1389,8,10,0.066391,20921.61,0.036940,37601.97,0.027900,49785.57,0.030163,46049.62,0.042077,33011.25,0.032972,42126.18,0.052392,26511.60,0.067641,0.010914,0.021632,0.032972,0.133159,0.013943,2,157380,185845,1464915,751,0,0,0,1509,0,0,0,629,0,0,0,431,0,0,0,606,0,0,0,11,0,0,0,15265424183719259900,5468823674312626278,5468823674312626278,12423714677376751315,7567868610449975917,3924553994271074348,0,0,0,0,0,0,0,0,0,0,0
73,10,1237,8,10,0.058389,21185.59,0.032521,38037.35,0.029476,41965.72,0.033462,36967.41,0.037323,33142.80,0.032204,38411.23,0.040367,30643.86,0.059867,0.011349,0.021990,0.032204,0.125410,0.013212,2,166149,170509,1024951,841,0,0,0,1380,0,0,0,679,0,0,0,438,0,0,0,559,0,0,0,8,0,0,0,2396942791542573413,9992124123466846187,9992124123466846187,5052243118666128409,15105128006082660856,3992092877850150983,0,0,0,0,0,0,0,0,0,0,0
74,10,1665,8,10,0.085554,19461.37,0.042345,39319.85,0.031031,53656.07,0.035776,46538.99,0.052896,31476.79,0.037474,44431.26,0.074796,22260.47,0.087300,0.014713,0.026967,0.037474,0.166454,0.018406,2,198839,256089,1375252,768,0,0,0,1346,0,0,0,754,0,0,0,630,0,0,0,810,0,0,0,14,0,0,0,17343696539809857759,17473602828408013089,17473602828408013089,1465703646359309949,1730551175033310366,7964321901182539030,0,0,0,0,0,0,0,0,0,0,0
75,10,1173,8,10,0.059632,19670.67,0.033614,34895.71,0.025061,46805.62,0.028030,41847.69,0.037928,30926.62,0.029368,39941.31,0.040509,28956.72,0.061502,0.009861,0.020314,0.029368,0.121046,0.011055,3,146367,150062,1356647,588,0,0,0,1027,0,0,0,558,0,0,0,371,0,0,0,431,0,0,0,6,0,0,0,12858144896763452831,9349992544963313463,9349992544963313463,119505048731575283,14552138997257103363,10299779625988796217,0,0,0,0,0,0,0,0,0,0,0
76,10,1300,8,10,0.064648,20108.75,0.033431,38886.48,0.028775,45178.64,0.032173,40406.01,0.039340,33045.53,0.032101,40496.83,0.042635,30491.19,0.065459,0.011030,0.028978,0.032101,0.137568,0.014004,1,169539,175119,1266484,825,0,0,0,1429,0,0,0,572,0,0,0,474,0,0,0,612,0,0,0,4,0,0,0,17279411410577138219,12905444966865994944,12905444966865994944,17798116522021697804,9955606191563379542,4190212108753153825,0,0,0,0,0,0,0,0,0,0,0
77,10,1503,8,10,0.073335,20494.97,0.041245,36441.13,0.031650,47487.65,0.030389,49458.92,0.043146,34835.11,0.031529,47670.97,0.059301,25345.48,0.075178,0.011169,0.029054,0.031529,0.146930,0.015138,1,160186,205326,1525433,836,0,0,0,1460,0,0,0,646,0,0,0,569,0,0,0,606,0,0,0,15,0,0,0,3873258982794615041,3873258982794615041,3873258982794615041,843697027025587464,9805805395128973118,12478086824946634238,0,0,0,0,0,0,0,0,0,0,0
78,10,1479,8,10,0.076877,19238.55,0.042038,35182.54,0.033367,44325.42,0.032427,45610.80,0.046331,31922.23,0.031143,47491.27,0.055740,26533.81,0.077701,0.012226,0.022703,0.031143,0.143773,0.018675,2,165063,175293,1397907,916,0,0,0,1472,0,0,0,641,0,0,0,441,0,0,0,458,0,0,0,9,0,0,0,12173080899613002922,18299201227239026432,18299201227239026432,16207462462349240108,6217354296394348505,10180553309333406235,0,0,0,0,0,0,0,0,0,0,0
79,10,1443,8,10,0.084674,17041.85,0.045651,31609.29,0.031531,45763.87,0.042274,34134.33,0.049917,28907.91,0.040887,35291.97,0.064019,22540.03,0.085742,0.012089,0.031954,0.040887,0.170674,0.016105,1,185315,193340,1852044,787,0,0,0,1364,0,0,0,716,0,0,0,448,0,0,0,544,0,0,0,6,0,0,0,15528979918753744501,17344225052264752719,17344225052264752719,7222298618133790790,12426869388320184535,16930459810235162449,0,0,0,0,0,0,0,0,0,0,0
80,10,1422,8,10,0.073468,19355.47,0.038559,36878.27,0.032406,43881.19,0.035030,40593.43,0.040744,34900.93,0.033207,42822.01,0.053713,26473.97,0.074904,0.012075,0.023761,0.033207,0.143947,0.015367,2,188000,196170,1477250,716,0,0,0,1330,0,0,0,632,0,0,0,463,0,0,0,479,0,0,0,13,0,0,0,8279875440421911251,315711124945120709,315711124945120709,8083115691980149056,8993529015165950094,14348791304763263101,0,0,0,0,0,0,0,0,0,0,0
81,10,1435,8,10,0.072061,19913.67,0.035112,40869.18,0.029857,48062.88,0.034959,41047.84,0.042057,34120.34,0.037820,37942.65,0.052546,27309.59,0.073441,0.011731,0.022643,0.037820,0.145635,0.015844,2,194802,207622,1548488,890,0,0,0,1497,0,0,0,668,0,0,0,460,0,0,0,504,0,0,0,12,0,0,0,14567788003182331531,2435930945075164455,2435930945075164455,8343262359661177893,3837569084000037492,7761240574704864965,0,0,0,0,0,0,0,0,0,0,0
82,10,1236,8,10,0.061049,20246.04,0.031233,39574.13,0.028088,44005.04,0.031659,39041.34,0.035342,34972.33,0.032991,37465.17,0.042945,28781.13,0.061822,0.010392,0.017219,0.032991,0.122423,0.011915,4,146219,151594,1898398,746,0,0,0,1331,0,0,0,568,0,0,0,379,0,0,0,436,0,0,0,10,0,0,0,16997362082248197672,482541723644058347,482541723644058347,18318151282421715304,15469461149923071627,6670678308014707001,0,0,0,0,0,0,0,0,0,0,0
83,10,1466,8,10,0.079129,18526.78,0.036238,40455.27,0.033623,43601.34,0.038732,37850.20,0.044280,33107.23,0.039098,37495.81,0.052261,28051.56,0.080558,0.012427,0.023227,0.039098,0.155310,0.016961,2,188822,194777,1669860,898,0,0,0,1666,0,0,0,1051,0,0,0,638,0,0,0,833,0,0,0,13,0,0,0,15055242654255297246,2773084466759433586,2773084466759433586,1465238808821556936,9345108028351729106,11345123128378125317,0,0,0,0,0,0,0,0,0,0,0
84,10,1401,8,10,0.081812,17124.71,0.042598,32888.61,0.031436,44566.84,0.034328,40812.31,0.047964,29209.38,0.037193,37668.26,0.052653,26607.99,0.083308,0.011367,0.022277,0.037193,0.154145,0.015472,2,177962,182077,1737461,975,0,0,0,1509,0,0,0,901,0,0,0,703,0,0,0,827,0,0,0,15,0,0,0,5458502304125128115,5229269656789728457,5229269656789728457,733188684315937785,2762874512627727256,1577713008456345902,0,0,0,0,0,0,0,0,0,0,0
85,10,1314,8,10,0.070825,18552.70,0.036336,36162.02,0.029591,44405.19,0.034257,38356.68,0.040524,32425.43,0.033687,39006.35,0.046828,28059.91,0.072161,0.010873,0.020497,0.033687,0.137218,0.014115,2,160829,166334,2373669,868,0,0,0,1521,0,0,0,768,0,0,0,529,0,0,0,632,0,0,0,5,0,0,0,16640560935204899141,1198410983487452138,1198410983487452138,4011364633585081433,13921122874946628259,2741620556839141355,0,0,0,0,0,0,0,0,0,0,0
86,10,1313,8,10,0.071300,18415.06,0.037748,34783.25,0.029211,44949.24,0.037659,34865.52,0.040680,32276.63,0.034470,38090.67,0.047903,27409.73,0.072283,0.010139,0.018757,0.034470,0.135649,0.014012,3,156609,160499,1551902,823,0,0,0,1287,0,0,0,691,0,0,0,511,0,0,0,557,0,0,0,8,0,0,0,9227208116594733009,16284609993827381104,16284609993827381104,5927620223601626595,7276626695867724003,15051722668075408485,0,0,0,0,0,0,0,0,0,0,0
87,10,1264,8,10,0.084666,14929.20,0.046086,27427.24,0.031476,40156.96,0.034123,37042.82,0.049492,25539.23,0.038639,32712.84,0.062754,20142.05,0.085977,0.010744,0.018802,0.038639,0.154162,0.012756,3,156489,161209,1596430,671,0,0,0,1235,0,0,0,645,0,0,0,418,0,0,0,567,0,0,0,6,0,0,0,10433316198291149086,6549773982259248236,6549773982259248236,6326483752715895565,9174322152808112883,8003557833235952387,0,0,0,0,0,0,0,0,0,0,0
88,10,1275,8,10,0.073207,17416.28,0.032827,38840.14,0.024405,52242.34,0.029333,43465.82,0.037340,34145.91,0.029997,42503.74,0.045522,28008.58,0.074535,0.011130,0.021315,0.029997,0.136977,0.012950,2,159772,162257,2282118,588,0,0,0,959,0,0,0,670,0,0,0,390,0,0,0,524,0,0,0,5,0,0,0,2897397775618320827,2538655383879914491,2538655383879914491,1213196195140556941,15844286031954007284,9844683154206225901,0,0,0,0,0,0,0,0,0,0,0
89,10,1458,8,10,0.082827,17602.91,0.042689,34153.67,0.031369,46478.29,0.032576,44756.53,0.047617,30619.16,0.034220,42606.33,0.061214,23818.19,0.084474,0.012215,0.025513,0.034220,0.156423,0.016245,2,178377,183817,1697296,775,0,0,0,1281,0,0,0,669,0,0,0,479,0,0,0,592,0,0,0,7,0,0,0,1586552697232945185,11614392541748512898,11614392541748512898,1331756808293485049,2634686865255774616,18416315882539916066,0,0,0,0,0,0,0,0,0,0,0
90,10,1436,8,10,0.085663,16763.42,0.040049,35856.18,0.035969,39923.14,0.039118,36709.85,0.046663,30774.08,0.040497,35459.24,0.059352,24194.68,0.086964,0.012245,0.022305,0.040497,0.162011,0.015889,3,184831,190481,1665157,998,0,0,0,1804,0,0,0,856,0,0,0,623,0,0,0,737,0,0,0,13,0,0,0,10858187964844694309,17795381874206035206,17795381874206035206,6570375528388858235,18371015167055510989,15992147587953175968,0,0,0,0,0,0,0,0,0,0,0
91,10,1392,8,10,0.072056,19318.41,0.032998,42184.22,0.026210,53110.12,0.030270,45986.47,0.037912,36716.31,0.033511,41538.74,0.050590,27515.36,0.073507,0.010803,0.018993,0.033511,0.136814,0.014253,3,157117,164742,2404918,790,0,0,0,1327,0,0,0,718,0,0,0,470,0,0,0,536,0,0,0,8,0,0,0,14842631260313962226,6151136651477644441,6151136651477644441,4806234702864385742,5186660305517541379,1512710992270544867,0,0,0,0,0,0,0,0,0,0,0
92,10,1236,8,10,0.089683,13781.83,0.045285,27293.82,0.030313,40774.87,0.035337,34977.75,0.052646,23477.71,0.034995,35319.31,0.072039,17157.26,0.090526,0.010113,0.018753,0.034995,0.154388,0.012067,3,152364,156564,1608181,553,0,0,0,802,0,0,0,494,0,0,0,359,0,0,0,497,0,0,0,11,0,0,0,7866441650533501922,2226617337429205882,2226617337429205882,6558699475656857218,16248592052385445385,17239746183290038125,0,0,0,0,0,0,0,0,0,0,0
93,10,1493,8,10,0.065602,22758.62,0.030608,48778.77,0.027697,53904.17,0.031345,47630.97,0.034817,42881.88,0.032989,45257.90,0.045238,33003.51,0.066611,0.011818,0.017124,0.032989,0.128542,0.017496,5,174464,186934,1418067,829,0,0,0,1354,0,0,0,569,0,0,0,392,0,0,0,449,0,0,0,5,0,0,0,9307072087098232455,5004205113164871695,5004205113164871695,14783835219248707925,7081987549455975087,12467175452750617694,0,0,0,0,0,0,0,0,0,0,0
94,10,1402,8,10,0.059475,23572.85,0.029185,48038.48,0.024937,56220.93,0.029774,47088.42,0.033646,41669.76,0.029614,47342.66,0.038411,36499.85,0.061095,0.011006,0.022147,0.029614,0.123862,0.014850,2,156559,162014,1756862,603,0,0,0,1143,0,0,0,583,0,0,0,385,0,0,0,563,0,0,0,5,0,0,0,13987497352358469384,8249103455424527319,8249103455424527319,3115811802074958384,9460027671390671919,13716525072353617775,0,0,0,0,0,0,0,0,0,0,0
95,10,1503,8,10,0.083133,18079.50,0.046965,32002.36,0.033615,44712.04,0.038872,38665.12,0.052410,28677.80,0.039040,38498.99,0.064909,23155.33,0.084906,0.011956,0.024778,0.039040,0.160680,0.017724,2,191475,202830,1280569,887,0,0,0,1478,0,0,0,687,0,0,0,474,0,0,0,638,0,0,0,14,0,0,0,2173660115488675340,210347653604236349,210347653604236349,7652850122697282396,8459736807178796395,10943558491812794949,0,0,0,0,0,0,0,0,0,0,0
96,10,1474,8,10,0.091039,16190.93,0.047656,30930.03,0.033661,43789.83,0.035027,42082.31,0.050812,29009.05,0.046231,31883.65,0.070085,21031.52,0.092117,0.011463,0.020679,0.046231,0.170489,0.017251,3,173121,186136,1591769,721,0,0,0,1268,0,0,0,680,0,0,0,492,0,0,0,710,0,0,0,12,0,0,0,1794104690829072627,8742254298370292837,8742254298370292837,6923365844978973672,14196490317362276886,13218333258467464852,0,0,0,0,0,0,0,0,0,0,0
97,10,1454,8,10,0.085879,16930.80,0.049971,29096.88,0.033511,43388.55,0.034183,42536.09,0.052776,27550.26,0.038478,37787.80,0.061987,23456.53,0.087591,0.011150,0.021503,0.038478,0.158722,0.017008,3,176295,182015,1691578,979,0,0,0,1578,0,0,0,764,0,0,0,555,0,0,0,626,0,0,0,9,0,0,0,11870201353546708038,11870201353546708038,11870201353546708038,480645875021153340,18371871709951461409,3010944307173801926,0,0,0,0,0,0,0,0,0,0,0
98,10,1343,8,10,0.078376,17135.39,0.048401,27747.36,0.036244,37054.65,0.037156,36144.58,0.048113,27913.47,0.047317,28383.01,0.064541,20808.36,0.080190,0.010482,0.012612,0.047317,0.150602,0.016403,7,171285,204415,1266504,1026,0,0,0,1628,0,0,0,686,0,0,0,468,0,0,0,497,0,0,0,3,0,0,0,11985819134118939033,9428553805503511728,9428553805503511728,1677630014873056256,9719459990450964108,4438030644311296322,0,0,0,0,0,0,0,0,0,0,0
99,10,1473,8,10,0.071637,20561.91,0.035828,41113.15,0.033828,43543.89,0.037062,39743.94,0.041010,35918.30,0.035305,41722.59,0.050253,29311.48,0.072731,0.012486,0.020190,0.035305,0.140712,0.016562,5,184384,192509,1304734,914,0,0,0,1444,0,0,0,724,0,0,0,569,0,0,0,506,0,0,0,7,0,0,0,7431119168135908931,10016020145968326278,10016020145968326278,14242496816194337677,9081793405038181325,245206749563802619,0,0,0,0,0,0,0,0,0,0,0
100,10,1369,8,10,0.089203,15347.09,0.064554,21206.92,0.049978,27391.80,0.053869,25413.32,0.069604,19668.39,0.050538,27088.31,0.071695,19094.81,0.090380,0.011925,0.023539,0.050538,0.176382,0.014940,2,184318,192348,921398,918,0,0,0,1548,0,0,0,837,0,0,0,557,0,0,0,636,0,0,0,4,0,0,0,4828953192412611161,4828953192412611161,4828953192412611161,7836518517087325084,8455584443841674782,18419811876419694318,0,0,0,0,0,0,0,0,0,0,0
101,10,1407,8,10,0.099513,14138.90,0.058592,24013.64,0.051417,27364.72,0.051742,27192.84,0.059154,23785.43,0.036543,38502.18,0.074696,18836.34,0.101613,0.014053,0.024619,0.036543,0.176828,0.016644,2,213423,228158,2125703,870,0,0,0,1675,0,0,0,948,0,0,0,725,0,0,0,644,0,0,0,12,0,0,0,11136892904738209946,3079265533679742751,3079265533679742751,6673866058533905400,8373527895210924488,16547281858513587821,0,0,0,0,0,0,0,0,0,0,0
102,10,1350,8,10,0.076731,17593.96,0.046592,28975.10,0.038339,35211.92,0.042179,32006.40,0.050066,26964.27,0.045283,29812.33,0.051668,26128.13,0.077901,0.012485,0.012174,0.045283,0.147843,0.015657,9,186158,192223,992009,1125,0,0,0,1674,0,0,0,943,0,0,0,728,0,0,0,723,0,0,0,14,0,0,0,10879976227640480751,11703222420230361420,11703222420230361420,13504870075879186191,7631631042691940635,15656126726145087057,0,0,0,0,0,0,0,0,0,0,0
103,10,1410,8,10,0.086303,16337.88,0.047482,29695.52,0.045003,31331.27,0.044483,31697.30,0.060200,23421.75,0.081405,17320.87,0.059744,23600.77,0.088156,0.012431,0.019572,0.081405,0.201563,0.015579,4,180844,186849,1323472,1137,0,0,0,1837,0,0,0,868,0,0,0,697,0,0,0,282,0,0,0,6,0,0,0,12858943252158322633,7635085328458993906,7635085328458993906,9415221808212662733,609681892992747430,13449689353056203530,0,0,0,0,0,0,0,0,0,0,1
104,10,1459,8,10,0.096952,15048.61,0.058758,24830.55,0.036917,39521.01,0.036392,40091.11,0.062591,23309.89,0.049627,29399.44,0.075588,19302.04,0.098166,0.011391,0.013723,0.049627,0.172906,0.016513,7,175935,180985,1852029,695,0,0,0,1089,0,0,0,858,0,0,0,561,0,0,0,562,0,0,0,10,0,0,0,586882675185756730,6277715706495636596,6277715706495636596,1614597631345443307,5820748169690870924,16539112451709777151,0,0,0,0,0,0,0,0,0,0,0
105,10,1515,8,10,0.079986,18940.79,0.043791,34596.31,0.038416,39436.68,0.041884,36171.28,0.050623,29927.40,0.042780,35413.67,0.058007,26117.61,0.081323,0.012566,0.026430,0.042780,0.163099,0.018134,2,198378,206853,1129599,1123,0,0,0,1877,0,0,0,865,0,0,0,694,0,0,0,807,0,0,0,11,0,0,0,5347541908089468868,6679685676651665499,6679685676651665499,10415220487505740524,8225778431315698537,10974555803428120984,0,0,0,0,0,0,0,0,0,0,0
106,10,1502,8,10,0.088868,16901.55,0.050333,29841.37,0.037048,40541.55,0.036989,40606.41,0.050054,30007.64,0.043890,34221.56,0.066070,22733.54,0.090530,0.011214,0.025743,0.043890,0.171377,0.019052,2,174562,186697,1385815,809,0,0,0,1506,0,0,0,720,0,0,0,587,0,0,0,594,0,0,0,11,0,0,0,5828381591589054863,2067276624266497724,2067276624266497724,2804440819011438180,13647071876952441000,15839429382615190295,0,0,0,0,0,0,0,0,0,0,0
107,10,1321,8,10,0.123116,10729.73,0.063847,20690.00,0.043303,30505.89,0.045177,29240.74,0.070923,18625.91,0.047485,27819.24,0.085069,15528.60,0.124232,0.012371,0.032619,0.047485,0.216708,0.015050,1,184568,189933,1930885,815,0,0,0,1532,0,0,0,820,0,0,0,547,0,0,0,711,0,0,0,6,0,0,0,8843779405847217115,10300369940067704080,10300369940067704080,206170986637480566,944628496612500843,5035849302667718571,0,0,0,0,0,0,0,0,0,0,0
108,10,1632,8,10,0.089737,18186.42,0.049668,32858.03,0.030584,53362.08,0.045943,35521.96,0.055999,29143.28,0.049281,33116.46,0.067463,24191.03,0.090496,0.012941,0.025660,0.049281,0.178377,0.019725,2,185946,199711,1368975,809,0,0,0,1118,0,0,0,768,0,0,0,428,0,0,0,659,0,0,0,12,0,0,0,12711564214557223252,11803643892640634236,11803643892640634236,5604628234957844962,12677823987522648572,16605346902878379079,0,0,0,0,0,0,0,0,0,0,0
109,10,1629,8,10,0.069381,23479.00,0.036257,44929.69,0.030872,52766.96,0.032721,49784.89,0.042542,38291.40,0.038532,42276.43,0.052302,31145.87,0.070957,0.011647,0.014964,0.038532,0.136100,0.018700,6,172941,184196,1199717,816,0,0,0,1412,0,0,0,817,0,0,0,436,0,0,0,520,0,0,0,8,0,0,0,18138406255707546363,12946624260667482743,12946624260667482743,4608433988524245141,6281413232946483539,3941606747995079142,0,0,0,0,0,0,0,0,0,0,0
110,10,1521,8,10,0.070832,21473.44,0.033721,45105.34,0.032471,46842.34,0.035926,42336.88,0.041931,36273.64,0.037770,40270.29,0.049368,30809.73,0.071548,0.013314,0.022625,0.037770,0.145257,0.018123,3,198429,205279,1923463,991,0,0,0,1586,0,0,0,830,0,0,0,606,0,0,0,767,0,0,0,6,0,0,0,3751448596547570005,13162351329081398335,13162351329081398335,8686364278322558836,16976765583414989002,4105120348445667162,0,0,0,0,0,0,0,0,0,0,0
111,10,1523,8,10,0.062580,24336.68,0.033857,44983.41,0.032469,46905.97,0.036311,41943.14,0.038839,39213.18,0.034021,44766.22,0.042663,35698.37,0.063705,0.011594,0.022054,0.034021,0.131374,0.017258,2,176598,192988,1366333,922,0,0,0,1691,0,0,0,949,0,0,0,538,0,0,0,629,0,0,0,10,0,0,0,8707619223118546124,261870064288409250,261870064288409250,2267923169954740069,1420143830514860857,8908053813996355443,0,0,0,0,0,0,0,0,0,0,0
112,10,1490,8,10,0.222356,6700.97,0.172495,8637.93,0.152634,9761.94,0.156861,9498.84,0.180345,8261.94,0.164164,9076.29,0.200017,7449.39,0.224296,0.012462,0.019908,0.164164,0.420829,0.017367,4,190222,198457,1278658,1012,0,0,0,1520,0,0,0,784,0,0,0,655,0,0,0,585,0,0,0,13,0,0,0,10533267428363807824,3804637030070602252,3804637030070602252,4697359176384857728,18398005938644518657,9680588053308597612,0,0,0,0,0,0,0,0,0,0,0
113,10,1322,8,10,0.566301,2334.45,0.523043,2527.52,0.506332,2610.94,0.510217,2591.06,0.526391,2511.44,0.136603,9677.66,0.543425,2432.72,0.568559,0.011506,0.020760,0.136603,0.737428,0.014460,2,169836,174806,1303566,814,0,0,0,1091,0,0,0,1043,0,0,0,559,0,0,0,738,0,0,0,5,0,0,0,9242890712133543451,18194543575265075490,18194543575265075490,16457837693820037828,14581707172280674520,10404843462387949428,0,0,0,0,0,0,0,0,0,0,0
114,10,1380,8,10,0.092694,14887.74,0.059974,23009.79,0.050184,27498.64,0.052331,26370.64,0.064961,21243.57,0.056338,24495.20,0.072060,19150.68,0.094050,0.011720,0.021894,0.056338,0.184002,0.015295,2,175376,181426,1946279,750,0,0,0,1465,0,0,0,698,0,0,0,441,0,0,0,539,0,0,0,11,0,0,0,10451756913175654607,10451756913175654607,10451756913175654607,15208281029249334388,16534560690950992654,11568188555445369019,0,0,0,0,0,0,0,0,0,0,0
115,10,1344,8,10,0.071518,18792.34,0.038929,34524.65,0.030218,44476.86,0.038763,34672.64,0.044834,29977.49,0.038606,34813.60,0.050135,26807.54,0.072571,0.011536,0.019315,0.038606,0.142027,0.015104,4,174398,179238,1085922,837,0,0,0,1257,0,0,0,732,0,0,0,481,0,0,0,578,0,0,0,8,0,0,0,14385961959084976982,18372108732044176110,18372108732044176110,6289889525367427702,6219693802595286422,12871506219028187043,0,0,0,0,0,0,0,0,0,0,0
116,10,1474,8,10,0.064838,22733.46,0.031628,46603.71,0.028490,51737.98,0.032645,45152.41,0.036133,40793.89,0.030732,47963.32,0.039467,37347.60,0.065955,0.012029,0.023907,0.030732,0.132622,0.016563,2,176946,181341,1265406,809,0,0,0,1343,0,0,0,757,0,0,0,509,0,0,0,587,0,0,0,6,0,0,0,4392537817178115981,2694035838349793309,2694035838349793309,11712974198128709816,11612550667324341249,11248884523477495660,0,0,0,0,0,0,0,0,0,0,0
117,10,1399,8,10,0.084035,16647.77,0.042373,33016.25,0.030742,45508.27,0.033322,41984.28,0.046912,29821.50,0.036173,38675.59,0.058554,23892.47,0.085348,0.013244,0.024318,0.036173,0.159083,0.015987,2,186174,191159,1805316,748,0,0,0,1156,0,0,0,664,0,0,0,473,0,0,0,473,0,0,0,4,0,0,0,1468303292448017791,8212354339471477855,8212354339471477855,9217100671033097822,13900392140092725271,11968221882198975639,0,0,0,0,0,0,0,0,0,0,0
118,10,1483,8,10,0.081968,18092.53,0.037882,39147.56,0.027559,53811.35,0.033887,43763.08,0.045820,32365.84,0.036733,40372.83,0.056406,26291.67,0.083232,0.013850,0.026259,0.036733,0.160073,0.017062,2,209800,215110,1299873,728,0,0,0,1202,0,0,0,640,0,0,0,507,0,0,0,699,0,0,0,13,0,0,0,1083862543593397030,15015117863962167707,15015117863962167707,13511742123848036314,10589954722598778803,18195511369541275775,0,0,0,0,0,0,0,0,0,0,0
119,10,1370,8,10,0.091647,14948.65,0.060988,22463.30,0.038876,35240.09,0.053598,25560.47,0.066364,20643.71,0.051375,26666.42,0.074737,18330.83,0.092636,0.010361,0.018654,0.051375,0.173025,0.014528,4,153894,158479,954000,543,0,0,0,1064,0,0,0,719,0,0,0,285,0,0,0,362,0,0,0,1,0,0,0,14114414937631454273,14685412690868182682,14685412690868182682,4126572758029353892,3776025311751415312,660523072938480341,0,0,0,0,0,0,0,0,0,0,0
120,10,1315,8,10,0.064308,20448.36,0.030796,42699.68,0.026072,50437.61,0.031414,41859.71,0.036223,36303.35,0.030108,43675.79,0.043366,30323.51,0.065785,0.010610,0.018361,0.030108,0.124864,0.013732,4,158170,162820,1814649,720,0,0,0,1117,0,0,0,654,0,0,0,349,0,0,0,449,0,0,0,9,0,0,0,14295527230201076283,2017212366905672831,2017212366905672831,1407186652508133639,3968487434906233160,14768887109890463120,0,0,0,0,0,0,0,0,0,0,0
121,10,1352,8,10,0.072921,18540.53,0.035093,38525.90,0.027137,49821.47,0.031387,43074.90,0.039123,34557.37,0.037627,35931.42,0.051713,26144.17,0.073989,0.010695,0.012066,0.037627,0.134377,0.014798,8,159508,179308,1920240,677,0,0,0,1113,0,0,0,701,0,0,0,414,0,0,0,460,0,0,0,7,0,0,0,2695306382687103051,4514668964582374756,4514668964582374756,12931356237603192062,13510695115083974280,3940772001782341692,0,0,0,0,0,0,0,0,0,0,0
122,10,1364,8,10,0.083227,16388.83,0.041602,32786.80,0.024696,55230.54,0.027039,50446.13,0.043519,31342.91,0.026905,50696.66,0.059351,22982.10,0.085179,0.010823,0.021058,0.026905,0.143966,0.014104,2,165041,170131,1761680,610,0,0,0,838,0,0,0,662,0,0,0,464,0,0,0,533,0,0,0,7,0,0,0,14228956889821181417,11724549747189147504,11724549747189147504,6494712848742212472,5951604055765205449,5949722054660648028,0,0,0,0,0,0,0,0,0,0,0
123,10,1682,8,10,0.076432,22006.47,0.030881,54467.54,0.025488,65991.10,0.030892,54446.94,0.036835,45663.41,0.031275,53780.24,0.053728,31306.03,0.077780,0.013141,0.033374,0.031275,0.155571,0.021235,1,189453,196143,2192677,715,0,0,0,1118,0,0,0,798,0,0,0,442,0,0,0,450,0,0,0,11,0,0,0,5858455608225925084,2420863509394073052,2420863509394073052,14555704631858494796,4348999431879304113,1205269597360954504,0,0,0,0,0,0,0,0,0,0,0
124,10,1565,8,10,0.060521,25858.77,0.029383,53262.98,0.025900,60424.00,0.029658,52768.70,0.033910,46151.38,0.028113,55667.48,0.040531,38612.18,0.062364,0.010845,0.021129,0.028113,0.122451,0.016984,2,161991,171751,1685077,866,0,0,0,1259,0,0,0,775,0,0,0,580,0,0,0,659,0,0,0,6,0,0,0,17771651302224511305,18018091993444727654,18018091993444727654,6496445382853861289,11388837347271851180,2987827497091061028,0,0,0,0,0,0,0,0,0,0,0
125,10,1532,8,10,0.081265,18851.85,0.041377,37025.18,0.033048,46356.39,0.035657,42964.44,0.047359,32348.73,0.046484,32957.33,0.055540,27583.66,0.082138,0.011874,0.011308,0.046484,0.151804,0.017747,10,176603,182328,1559791,665,0,0,0,1237,0,0,0,650,0,0,0,443,0,0,0,407,0,0,0,8,0,0,0,7698847145822358632,1022578735939431087,1022578735939431087,17077031068748045936,16057968596821379438,17379968974191470019,0,0,0,0,0,0,0,0,0,0,0
126,10,1533,8,10,0.081045,18915.37,0.039945,38377.37,0.034145,44897.14,0.038605,39710.05,0.046192,33187.24,0.090963,16852.97,0.061926,24755.19,0.083373,0.011121,0.030145,0.090963,0.215603,0.017785,1,183758,201868,2534039,930,0,0,0,1613,0,0,0,622,0,0,0,473,0,0,0,0,0,0,0,7,0,0,0,5958648354693055213,5626521261240472769,5626521261240472769,785291546379271542,7944728068798306010,8567664031478886328,0,0,0,0,0,0,0,0,0,0,1
127,10,1446,8,10,0.218424,6620.16,0.177329,8154.34,0.164945,8766.56,0.160204,9025.98,0.179626,8050.08,0.145951,9907.44,0.196583,7355.66,0.219763,0.011361,0.022493,0.145951,0.399568,0.015563,2,172254,180924,1594000,918,0,0,0,1507,0,0,0,926,0,0,0,531,0,0,0,698,0,0,0,10,0,0,0,15985408815748879589,15574792666679692764,15574792666679692764,13383516400397650413,4611687126247592112,832705084153953728,0,0,0,0,0,0,0,0,0,0,0
128,10,1435,8,10,0.071234,20144.93,0.031177,46028.16,0.027211,52735.32,0.030547,46976.57,0.036617,39189.75,0.029137,49249.74,0.043975,32632.15,0.072623,0.011171,0.023075,0.029137,0.136006,0.015867,2,174890,180970,2053226,738,0,0,0,1184,0,0,0,670,0,0,0,580,0,0,0,608,0,0,0,11,0,0,0,9094819780876623886,3900512251917442727,3900512251917442727,6211672454320398293,6677150502556831304,8665090839410250303,0,0,0,0,0,0,0,0,0,0,0
129,10,1413,8,10,0.072271,19551.38,0.039681,35608.73,0.034447,41020.06,0.036367,38853.55,0.043493,32488.19,0.035012,40357.22,0.046401,30451.89,0.074046,0.011406,0.022356,0.035012,0.142821,0.015630,2,172745,177585,1618633,957,0,0,0,1574,0,0,0,779,0,0,0,537,0,0,0,617,0,0,0,7,0,0,0,11701202311039809890,141042913107052546,141042913107052546,1920511714827807286,1613324809666612870,3008353136721737646,0,0,0,0,0,0,0,0,0,0,0
130,10,1300,8,10,0.101903,12757.29,0.058083,22381.69,0.047900,27139.90,0.044421,29265.39,0.062956,20649.29,0.030397,42767.65,0.073844,17604.59,0.102778,0.010409,0.021214,0.030397,0.164798,0.013176,2,147033,149833,2466621,555,0,0,0,1132,0,0,0,510,0,0,0,479,0,0,0,417,0,0,0,6,0,0,0,12541811038455420697,15583051031010966753,15583051031010966753,309123048899790955,978263314916380053,17821521561012493909,0,0,0,0,0,0,0,0,0,0,0
131,10,1522,8,10,0.090649,16790.12,0.047298,32178.65,0.032836,46351.61,0.032860,46317.52,0.052587,28942.68,0.034057,44689.98,0.067817,22442.66,0.092115,0.011919,0.020320,0.034057,0.158410,0.017311,3,172150,186790,1615433,704,0,0,0,1067,0,0,0,782,0,0,0,512,0,0,0,568,0,0,0,3,0,0,0,2159219702479837533,17357971310773252265,17357971310773252265,3924795692047359960,10131413683681086848,16561096085815419610,0,0,0,0,0,0,0,0,0,0,0
132,10,1444,8,10,0.186160,7756.75,0.135035,10693.53,0.120320,12001.31,0.120494,11984.04,0.142790,10112.79,0.103486,13953.64,0.155220,9302.92,0.187923,0.011667,0.030987,0.103486,0.334064,0.016022,1,178540,183035,1866220,678,0,0,0,1181,0,0,0,702,0,0,0,415,0,0,0,435,0,0,0,17,0,0,0,6055290353964780286,8644540849566888009,8644540849566888009,1447150295883918862,1651980719630965253,17518815860454966454,0,0,0,0,0,0,0,0,0,0,0
133,10,1687,8,10,0.067512,24988.02,0.033743,49995.12,0.028742,58694.73,0.033924,49728.19,0.037428,45073.46,0.074384,22679.72,0.054095,31186.05,0.068546,0.011822,0.029177,0.074384,0.183928,0.017409,1,166253,209308,2506770,775,0,0,0,1341,0,0,0,720,0,0,0,458,0,0,0,0,0,0,0,10,0,0,0,13007785878278485183,16066067879268286111,16066067879268286111,7083867057331620040,12437444965550224106,4042276791605693795,0,0,0,0,0,0,0,0,0,0,1
134,10,1882,8,10,0.073700,25536.04,0.039235,47966.91,0.028762,65433.11,0.034365,54764.32,0.044722,42082.09,0.033102,56853.81,0.063454,29659.33,0.074626,0.013162,0.024648,0.033102,0.145539,0.020533,2,184565,263510,1724804,721,0,0,0,1253,0,0,0,736,0,0,0,489,0,0,0,723,0,0,0,8,0,0,0,3009141296997004882,15373658962138333911,15373658962138333911,9728534686599734238,11906338734787122580,2048692935307629677,0,0,0,0,0,0,0,0,0,0,0
135,10,2077,8,10,0.085702,24235.11,0.050797,40887.98,0.033854,61352.16,0.034441,60306.06,0.053350,38931.87,0.047313,43899.20,0.078591,26427.90,0.087084,0.012449,0.018755,0.047313,0.165601,0.024804,6,191813,279068,1535177,943,0,0,0,1493,0,0,0,843,0,0,0,571,0,0,0,666,0,0,0,12,0,0,0,18262038948909569510,15331319649528845703,15331319649528845703,12546787579637915395,10716339514105792618,11307470644621106182,0,0,0,0,0,0,0,0,0,0,0
136,10,2470,8,10,0.103537,23856.23,0.074006,33375.49,0.086820,28449.68,0.067609,36533.71,0.071340,34623.17,0.090935,27162.19,0.119832,20612.17,0.105379,0.015962,0.040836,0.090935,0.253112,0.030864,1,240043,510973,2130020,1761,0,0,0,2439,0,0,0,781,0,0,0,672,0,0,0,472,0,0,0,10,0,0,0,5212125187333994591,13279042630348885357,13279042630348885357,8438222938402328723,88185036525121954,17835716709425742346,0,0,0,0,0,0,0,0,0,0,0
137,10,1854,8,10,0.072403,25606.60,0.038958,47589.90,0.033122,55974.15,0.036166,51264.11,0.044874,41315.77,0.033921,54655.61,0.058388,31752.88,0.073807,0.012643,0.032090,0.033921,0.152462,0.020214,1,182694,222419,1436524,861,0,0,0,1657,0,0,0,853,0,0,0,564,0,0,0,611,0,0,0,16,0,0,0,6536165609452388605,12564735973421012728,12564735973421012728,12357747304129316473,15663307235023221928,3273586427674305015,0,0,0,0,0,0,0,0,0,0,0
138,10,2908,8,10,0.095436,30470.57,0.045830,63451.73,0.035139,82756.69,0.048991,59357.54,0.057509,50566.06,0.041820,69536.85,0.096207,30226.56,0.098159,0.016660,0.031791,0.041820,0.188430,0.043341,2,245355,467870,1231167,1328,0,0,0,1714,0,0,0,1020,0,0,0,732,0,0,0,836,0,0,0,15,0,0,0,12918749975991462642,7935778760939822862,7935778760939822862,16181958241465508521,13792057077639241169,2121981527666955825,0,0,0,0,0,0,0,0,0,0,0
139,10,2301,8,10,0.069277,33214.30,0.033721,68236.26,0.030518,75398.64,0.035124,65510.10,0.038701,59455.25,0.031806,72345.52,0.065593,35080.22,0.070470,0.013022,0.025023,0.031806,0.140320,0.026230,2,193560,315590,1735571,886,0,0,0,1472,0,0,0,949,0,0,0,660,0,0,0,764,0,0,0,20,0,0,0,1936313108924612280,2744889234806737105,2744889234806737105,3151164349042382348,4056788382473838204,14276031742134260671,0,0,0,0,0,0,0,0,0,0,0
140,10,2391,8,10,0.066065,36191.37,0.033760,70823.08,0.028007,85370.05,0.036170,66104.01,0.040489,59053.26,0.036341,65792.82,0.069589,34358.84,0.067647,0.012687,0.024500,0.036341,0.141175,0.026336,2,185461,309276,900746,806,0,0,0,1206,0,0,0,816,0,0,0,505,0,0,0,517,0,0,0,13,0,0,0,11360356305272699153,5936317199430246442,5936317199430246442,5664117937802348626,2657797150444883011,13805295369441429498,0,0,0,0,0,0,0,0,0,0,0
141,10,2136,8,10,0.074137,28811.66,0.042908,49780.88,0.031548,67705.57,0.033216,64305.47,0.048821,43751.53,0.045547,46896.88,0.066492,32124.23,0.075428,0.012650,0.012999,0.045547,0.146624,0.024217,9,177417,221807,1924528,780,0,0,0,1311,0,0,0,804,0,0,0,535,0,0,0,549,0,0,0,10,0,0,0,13659633469419176973,13985486510863200574,13985486510863200574,11587933352670569568,9511269348276794696,5177595647268083792,0,0,0,0,0,0,0,0,0,0,0
142,10,2023,8,10,0.101524,19926.41,0.061738,32767.74,0.049507,40862.92,0.045204,44752.26,0.068834,29389.62,0.038698,52277.26,0.083113,24340.34,0.103187,0.012223,0.025723,0.038698,0.179830,0.022745,3,181197,200467,1917230,931,0,0,0,1482,0,0,0,819,0,0,0,582,0,0,0,625,0,0,0,12,0,0,0,6525446014406995468,6525446014406995468,6525446014406995468,7718587023962573461,13665843370804258447,6661118208439006024,0,0,0,0,0,0,0,0,0,0,0
143,10,2251,8,10,0.081923,27476.98,0.039542,56926.73,0.027816,80925.42,0.033286,67626.42,0.049491,45482.99,0.032729,68777.69,0.067940,33132.02,0.083815,0.013280,0.036225,0.032729,0.166050,0.025434,1,190934,254949,1236723,823,0,0,0,1114,0,0,0,821,0,0,0,611,0,0,0,678,0,0,0,8,0,0,0,3431696490420912586,1054795766172781546,1054795766172781546,18222294680376147124,13414560055933595543,17296400073849440277,0,0,0,0,0,0,0,0,0,0,0
144,10,3429,8,10,0.063012,54417.86,0.035668,96137.42,0.029802,115060.69,0.030106,113899.24,0.039212,87448.09,0.037038,92581.82,0.096379,35578.38,0.064757,0.014194,0.020945,0.037038,0.136934,0.042074,6,188316,547056,1214388,766,0,0,0,1158,0,0,0,669,0,0,0,476,0,0,0,506,0,0,0,6,0,0,0,1766626643849707402,1766626643849707402,1766626643849707402,17480415192267761077,7049444957269443923,45485276935332061,0,0,0,0,0,0,0,0,0,0,0
145,10,3024,8,10,0.075089,40272.09,0.042314,71465.40,0.032702,92471.65,0.039952,75691.17,0.046367,65218.56,0.036498,82854.21,0.098104,30824.57,0.076122,0.013754,0.025776,0.036498,0.152151,0.035150,2,176387,457577,2036677,658,0,0,0,1104,0,0,0,771,0,0,0,618,0,0,0,747,0,0,0,16,0,0,0,3656465975578229377,4153321021251717237,4153321021251717237,15974176062991424724,15720449546812091102,6698861086517511589,0,0,0,0,0,0,0,0,0,0,0
146,10,2063,8,10,0.077511,26615.49,0.041188,50087.85,0.030843,66887.31,0.032950,62610.06,0.043765,47138.66,0.032468,63539.37,0.058611,35198.25,0.079190,0.012179,0.024091,0.032468,0.147929,0.022346,2,179399,209269,1428407,775,0,0,0,1240,0,0,0,888,0,0,0,564,0,0,0,744,0,0,0,11,0,0,0,17057857510396008976,10933744788010637296,10933744788010637296,2113488067746923800,11818041554098390046,7540514370818349000,0,0,0,0,0,0,0,0,0,0,0
147,10,1871,8,10,0.082102,22788.85,0.045028,41551.71,0.038078,49135.61,0.033492,55864.91,0.055849,33500.99,0.047544,39352.87,0.066139,28288.75,0.082850,0.012155,0.021888,0.047544,0.164437,0.020935,3,173446,209256,1304125,928,0,0,0,1589,0,0,0,758,0,0,0,563,0,0,0,646,0,0,0,13,0,0,0,12824847608491516925,7828312354705427444,7828312354705427444,529705702709327868,1937405915206218813,12094113227425774195,0,0,0,0,0,0,0,0,0,0,0
148,10,1568,8,10,0.165351,9482.86,0.124714,12572.73,0.113099,13863.99,0.119027,13173.43,0.126697,12376.01,0.111507,14061.84,0.137158,11432.09,0.167028,0.012091,0.023050,0.111507,0.313677,0.017084,2,177809,185849,1108650,944,0,0,0,1427,0,0,0,1173,0,0,0,585,0,0,0,752,0,0,0,14,0,0,0,11069245944714220889,4741877666794626851,4741877666794626851,1028307231029490281,13473175184094269413,5517278827653691286,0,0,0,0,0,0,0,0,0,0,0
149,10,1596,8,10,0.072235,22094.41,0.036584,43625.76,0.030008,53186.59,0.032548,49035.65,0.043525,36668.67,0.033543,47580.07,0.048335,33019.27,0.072902,0.011720,0.028962,0.033543,0.147127,0.017980,2,178110,184255,1848526,1057,0,0,0,1699,0,0,0,811,0,0,0,641,0,0,0,830,0,0,0,11,0,0,0,14508387307930309225,15571418843626960019,15571418843626960019,14112342227573921770,16332204936834022076,16762200913257562219,0,0,0,0,0,0,0,0,0,0,0
150,10,1576,8,10,0.069410,22705.57,0.036547,43122.57,0.032432,48593.26,0.036244,43482.91,0.039375,40025.61,0.033503,47040.65,0.045371,34735.99,0.070720,0.012392,0.023505,0.033503,0.140120,0.022327,2,187000,195655,1223418,1172,0,0,0,1866,0,0,0,939,0,0,0,733,0,0,0,828,0,0,0,18,0,0,0,9895314336683777801,342912074220795264,342912074220795264,2732967964822409363,9764069810914298366,2278121940610192984,0,0,0,0,0,0,0,0,0,0,0
151,10,1469,8,10,0.079845,18398.20,0.046813,31380.36,0.041550,35355.25,0.042628,34461.04,0.052091,28200.61,0.035049,41913.19,0.060931,24109.27,0.081352,0.011557,0.022559,0.035049,0.150516,0.016621,2,173240,189160,1411617,958,0,0,0,1579,0,0,0,772,0,0,0,651,0,0,0,558,0,0,0,9,0,0,0,4209269810624713226,8168681133867358028,8168681133867358028,9021037754322610206,5667323489424206679,11635671061464170749,0,0,0,0,0,0,0,0,0,0,0
152,10,1445,8,10,0.231361,6245.65,0.180823,7991.24,0.156867,9211.61,0.162494,8892.66,0.186431,7750.86,0.109897,13148.73,0.201238,7180.54,0.232411,0.012048,0.022672,0.109897,0.377028,0.016643,3,186008,192383,2373564,836,0,0,0,1081,0,0,0,1020,0,0,0,574,0,0,0,664,0,0,0,12,0,0,0,15351213495665757889,15351213495665757889,15351213495665757889,11221120247895676847,2028954287477925331,3883193880969625347,0,0,0,0,0,0,0,0,0,0,0
153,10,1540,8,10,0.060852,25307.49,0.028463,54104.48,0.026762,57543.38,0.032980,46694.83,0.037457,41114.00,0.035160,43800.26,0.041683,36945.66,0.062010,0.013136,0.015108,0.035160,0.125413,0.018777,7,177079,183119,1204895,717,0,0,0,1342,0,0,0,670,0,0,0,483,0,0,0,485,0,0,0,10,0,0,0,11859256451224582595,11859256451224582595,11859256451224582595,12221548068518116894,5646759690179680653,15699539222976793887,0,0,0,0,0,0,0,0,0,0,0
154,10,1511,8,10,0.071928,21007.11,0.037205,40612.91,0.028882,52315.55,0.032733,46160.96,0.043110,35050.00,0.030981,48771.66,0.048009,31473.13,0.072963,0.012043,0.025749,0.030981,0.141736,0.017634,3,180153,185548,1137137,763,0,0,0,1440,0,0,0,781,0,0,0,593,0,0,0,642,0,0,0,13,0,0,0,8809827262047287635,16802436512147960798,16802436512147960798,17601728575475411277,13420619993559135222,14784590682394729082,0,0,0,0,0,0,0,0,0,0,0
155,10,1600,8,10,0.194324,8233.69,0.152231,10510.35,0.144006,11110.69,0.151748,10543.80,0.156361,10232.73,0.147638,10837.33,0.164543,9723.92,0.197445,0.012659,0.026093,0.147638,0.383835,0.020918,2,202880,210240,2077977,1191,0,0,0,1755,0,0,0,1074,0,0,0,728,0,0,0,897,0,0,0,9,0,0,0,5107997909032889313,5107997909032889313,5107997909032889313,1209351274896876936,6638734917242088762,2315065109586781753,0,0,0,0,0,0,0,0,0,0,0
156,10,1460,8,10,0.083348,17516.87,0.042039,34729.84,0.034229,42654.14,0.034402,42438.94,0.047802,30542.36,0.034437,42396.85,0.061411,23774.05,0.084495,0.011847,0.022359,0.034437,0.153138,0.017684,2,178964,185129,1283201,947,0,0,0,1633,0,0,0,783,0,0,0,606,0,0,0,664,0,0,0,7,0,0,0,3587413635718648202,1255616542797438594,1255616542797438594,15924512378041236227,216919806969469763,11368699166477695979,0,0,0,0,0,0,0,0,0,0,0
157,10,1355,8,10,0.073208,18508.99,0.042124,32167.05,0.030624,44246.70,0.034987,38729.16,0.045342,29883.92,0.035904,37740.02,0.053783,25193.83,0.074501,0.011813,0.020136,0.035904,0.142354,0.015266,3,165004,170619,1110082,881,0,0,0,1444,0,0,0,770,0,0,0,559,0,0,0,631,0,0,0,3,0,0,0,2890859682164195521,5748754184119855974,5748754184119855974,9590348299886081348,5389986170647007269,9007679907015202702,0,0,0,0,0,0,0,0,0,0,0
158,10,1553,8,10,0.146458,10603.75,0.106877,14530.76,0.089037,17442.19,0.092260,16832.80,0.110939,13998.74,0.093028,16693.87,0.123511,12573.76,0.148886,0.011664,0.022632,0.093028,0.276210,0.018013,2,177402,184872,2101088,863,0,0,0,1337,0,0,0,781,0,0,0,537,0,0,0,606,0,0,0,18,0,0,0,1397921110920823821,6041142057488648860,6041142057488648860,2492330658864685738,1222243341437537722,9871923024159855054,0,0,0,0,0,0,0,0,0,0,0
159,10,1563,8,10,0.094400,16557.25,0.047139,33157.21,0.038450,40650.04,0.037248,41962.36,0.056748,27542.71,0.039331,39739.96,0.069509,22486.33,0.096081,0.013344,0.025325,0.039331,0.174081,0.018941,2,196774,204149,1169814,840,0,0,0,1350,0,0,0,718,0,0,0,585,0,0,0,626,0,0,0,8,0,0,0,12550265329586145684,3224310409079405027,3224310409079405027,17026372678085357469,4513749375528537118,2344945916518299232,0,0,0,0,0,0,0,0,0,0,0
160,10,1528,8,10,0.093434,16353.86,0.052616,29040.48,0.037226,41046.53,0.034014,44922.03,0.053947,28324.22,0.043841,34853.18,0.072946,20946.98,0.095143,0.011992,0.020845,0.043841,0.171821,0.018673,3,186711,206116,1366194,999,0,0,0,1479,0,0,0,787,0,0,0,575,0,0,0,895,0,0,0,12,0,0,0,7232340915978152522,17832567691039867713,17832567691039867713,13848433392682267805,2480121760434493861,14015881526444051589,0,0,0,0,0,0,0,0,0,0,0
161,10,1673,8,10,0.173544,9640.21,0.121275,13795.11,0.108452,15426.15,0.106937,15644.77,0.149919,11159.34,0.062176,26907.30,0.160594,10417.55,0.175936,0.013128,0.027431,0.062176,0.278671,0.021453,2,199280,232840,1405968,912,0,0,0,1446,0,0,0,635,0,0,0,457,0,0,0,579,0,0,0,11,0,0,0,1448173600844364744,3791438950737839658,3791438950737839658,1916321826331695719,12524687581965627140,802102067407524196,0,0,0,0,0,0,0,0,0,0,0
162,10,1378,8,10,0.086324,15963.15,0.045858,30049.36,0.032247,42733.10,0.034057,40461.86,0.052741,26127.57,0.048482,28422.84,0.063632,21655.69,0.087875,0.011374,0.011581,0.048482,0.159312,0.014347,8,156296,160156,2287179,656,0,0,0,1322,0,0,0,737,0,0,0,469,0,0,0,424,0,0,0,8,0,0,0,9709831084548938744,2519210684769313624,2519210684769313624,13058379571298355198,17768629352636131341,11308747262434407636,0,0,0,0,0,0,0,0,0,0,0
163,10,1524,8,10,0.071775,21233.06,0.035384,43069.95,0.032660,46662.75,0.036930,41267.09,0.040258,37855.48,0.035601,42807.32,0.047221,32273.84,0.073325,0.011891,0.028547,0.035601,0.149364,0.018309,2,178757,185687,2004863,968,0,0,0,1481,0,0,0,715,0,0,0,534,0,0,0,436,0,0,0,15,0,0,0,16099666885961119100,2992891799900788738,2992891799900788738,13185559096692212828,2669675129939044211,14904965051645785816,0,0,0,0,0,0,0,0,0,0,0
164,10,1487,8,10,0.081285,18293.68,0.045501,32680.85,0.029420,50543.56,0.031663,46963.32,0.048879,30422.20,0.036393,40859.39,0.058619,25367.16,0.082510,0.011418,0.021779,0.036393,0.152099,0.017214,2,167636,173416,1592276,831,0,0,0,1300,0,0,0,643,0,0,0,429,0,0,0,667,0,0,0,18,0,0,0,3419683580866117113,7506532038410902336,7506532038410902336,17348730623870659953,13052243721685136883,9447906274754114902,0,0,0,0,0,0,0,0,0,0,0
165,10,1404,8,10,0.099465,14115.47,0.055939,25098.58,0.034590,40589.52,0.037092,37851.81,0.060125,23351.44,0.039119,35890.11,0.078431,17901.12,0.100834,0.009870,0.020281,0.039119,0.170105,0.015307,2,165225,171470,2649179,813,0,0,0,1134,0,0,0,603,0,0,0,494,0,0,0,492,0,0,0,11,0,0,0,5444026935714872146,12427622123332441626,12427622123332441626,2240522572301598961,9485991647668070728,17234971255674829116,0,0,0,0,0,0,0,0,0,0,0
166,10,1486,8,10,0.073230,20292.25,0.040316,36858.50,0.032683,45466.82,0.032763,45356.26,0.044487,33403.38,0.036381,40845.37,0.049361,30104.58,0.074991,0.011458,0.021280,0.036381,0.144110,0.016222,3,176241,181756,1472833,826,0,0,0,1367,0,0,0,789,0,0,0,480,0,0,0,580,0,0,0,11,0,0,0,5213352887982081343,5474802266338531805,5474802266338531805,13989458392972820814,10097336375596942324,15139251730202634249,0,0,0,0,0,0,0,0,0,0,0
167,10,1474,8,10,0.089543,16461.43,0.052080,28302.61,0.030691,48027.34,0.038332,38453.92,0.054625,26983.76,0.037280,39538.83,0.064679,22789.56,0.091191,0.012446,0.020403,0.037280,0.161320,0.017010,3,178999,186254,1839849,756,0,0,0,1242,0,0,0,621,0,0,0,432,0,0,0,533,0,0,0,8,0,0,0,5211236878843833736,16499901855099955030,16499901855099955030,14001532424990050698,12751463756804229097,4290494488362345081,0,0,0,0,0,0,0,0,0,0,0
168,10,1595,8,10,0.069901,22818.12,0.032281,49409.44,0.028455,56052.93,0.033033,48284.73,0.037041,43060.90,0.028783,55415.28,0.045106,35360.78,0.071135,0.012360,0.024242,0.028783,0.136520,0.020706,2,188765,193400,2450080,756,0,0,0,1274,0,0,0,773,0,0,0,534,0,0,0,626,0,0,0,16,0,0,0,12214222957196470879,2750351537223904955,2750351537223904955,1518472636003224896,9119524237323399611,7526444707038124646,0,0,0,0,0,0,0,0,0,0,0
169,10,1533,8,10,0.071605,21409.14,0.036885,41561.82,0.031643,48446.05,0.036796,41662.29,0.041583,36865.73,0.034721,44152.27,0.051946,29511.63,0.072519,0.011416,0.017868,0.034721,0.136524,0.017293,4,168252,175117,2311117,773,0,0,0,1414,0,0,0,728,0,0,0,503,0,0,0,415,0,0,0,13,0,0,0,1640947255825699778,1874087953528889740,1874087953528889740,15352692159908776397,17808289585517492457,8057767612884326587,0,0,0,0,0,0,0,0,0,0,0
170,10,1556,8,10,0.087522,17778.45,0.044230,35179.59,0.036929,42134.73,0.049955,31148.29,0.048936,31796.32,0.039674,39219.19,0.057584,27021.32,0.088336,0.017736,0.044264,0.039674,0.190010,0.019106,1,263714,268359,1805426,715,0,0,0,1146,0,0,0,790,0,0,0,553,0,0,0,663,0,0,0,7,0,0,0,6694550853250675493,113231331497876777,113231331497876777,2748926999649715786,1193459409942094210,2674336226291992110,0,0,0,0,0,0,0,0,0,0,0
171,10,1667,8,10,0.081292,20506.23,0.030962,53840.82,0.027815,59932.76,0.035714,46676.79,0.039572,42125.26,0.034257,48661.44,0.054754,30445.47,0.083800,0.011595,0.024794,0.034257,0.154445,0.020899,2,198312,209822,2356727,649,0,0,0,1266,0,0,0,669,0,0,0,502,0,0,0,594,0,0,0,7,0,0,0,14015481222398567011,12919986447994441105,12919986447994441105,12481291118243572461,3288263778588846568,17458763861621898390,0,0,0,0,0,0,0,0,0,0,0
172,10,1532,8,10,0.115928,13215.11,0.058916,26002.94,0.039224,39057.59,0.045608,33590.63,0.063190,24244.32,0.041929,36537.66,0.087613,17486.05,0.117658,0.012866,0.026448,0.041929,0.198901,0.019285,3,201187,208232,1786945,1029,0,0,0,1827,0,0,0,884,0,0,0,744,0,0,0,613,0,0,0,17,0,0,0,11970573721857848645,1526180610711534837,1526180610711534837,16981377258764230192,9233453673134909956,1769804381414606430,0,0,0,0,0,0,0,0,0,0,0
173,10,1454,8,10,0.071318,20387.52,0.032617,44578.49,0.030963,46958.80,0.034209,42502.90,0.037658,38610.97,0.033696,43150.92,0.049576,29328.58,0.072494,0.011429,0.021774,0.033696,0.139392,0.016829,2,176374,181724,1707147,915,0,0,0,1473,0,0,0,727,0,0,0,562,0,0,0,607,0,0,0,13,0,0,0,1020508804172642784,100073317720242507,100073317720242507,4372926101848824826,14416273990706280580,6804674938959488105,0,0,0,0,0,0,0,0,0,0,0
174,10,1599,8,10,0.074592,21436.49,0.041848,38209.71,0.033386,47894.85,0.036802,43449.31,0.044862,35642.26,0.033140,48249.91,0.053414,29936.22,0.076319,0.011165,0.030051,0.033140,0.150675,0.019002,1,178956,186201,2124678,964,0,0,0,1516,0,0,0,783,0,0,0,594,0,0,0,669,0,0,0,11,0,0,0,18407144258695576706,9574088960118614067,9574088960118614067,4056438872792536174,13389923802621316557,746905754310721756,0,0,0,0,0,0,0,0,0,0,0
175,10,1551,8,10,0.080634,19234.96,0.047507,32647.89,0.033155,46779.71,0.039691,39077.30,0.054354,28535.38,0.036697,42264.99,0.070092,22128.17,0.081430,0.012255,0.023840,0.036697,0.154221,0.020984,2,187535,255905,1355577,1686,0,0,0,2290,0,0,0,700,0,0,0,547,0,0,0,640,0,0,0,11,0,0,0,14689385514601971124,8967926025430885508,8967926025430885508,14641752530705429244,624158673721898510,12448827824940286413,0,0,0,0,0,0,0,0,0,0,0
176,10,1345,8,10,0.058578,22960.80,0.032376,41543.41,0.030713,43793.01,0.032740,41081.26,0.037970,35422.42,0.032536,41338.55,0.036648,36700.91,0.059289,0.011150,0.021086,0.032536,0.124062,0.014607,3,165868,170963,1528745,876,0,0,0,1477,0,0,0,735,0,0,0,596,0,0,0,649,0,0,0,9,0,0,0,7162358739428095411,4227083560015837873,4227083560015837873,16351423058564440814,6252099674965990297,11781402237541198261,0,0,0,0,0,0,0,0,0,0,0
177,10,1439,8,10,0.088742,16215.48,0.035932,40047.86,0.027250,52806.53,0.033289,43227.40,0.041693,34513.85,0.037851,38017.31,0.057878,24862.77,0.090370,0.013115,0.013087,0.037851,0.154423,0.017228,9,216980,221760,1871309,701,0,0,0,1231,0,0,0,787,0,0,0,563,0,0,0,459,0,0,0,4,0,0,0,9234433116522458607,10896248518667234920,10896248518667234920,3887696069005376213,8803115442407347132,6029649647098238802,0,0,0,0,0,0,0,0,0,0,0
178,10,1335,8,10,0.084883,15727.48,0.052354,25499.62,0.035394,37718.08,0.035063,38073.92,0.052175,25587.00,0.039334,33940.51,0.064861,20582.37,0.086234,0.012326,0.021440,0.039334,0.159333,0.014281,2,175833,180053,1144346,686,0,0,0,1275,0,0,0,667,0,0,0,366,0,0,0,591,0,0,0,5,0,0,0,8060568522219014833,17060014088599475700,17060014088599475700,17664368116086758325,18401863957855830658,12626947025436151745,0,0,0,0,0,0,0,0,0,0,0
179,10,1525,8,10,0.069130,22059.90,0.039216,38886.97,0.033831,45077.48,0.040657,37509.19,0.044306,34419.48,0.037124,41078.18,0.051645,29528.45,0.070875,0.012157,0.027680,0.037124,0.147836,0.017739,2,186054,193089,1219897,774,0,0,0,1393,0,0,0,683,0,0,0,487,0,0,0,550,0,0,0,6,0,0,0,260427396318710244,5023164227981677477,5023164227981677477,13534005307363373998,4795610749962392565,3641625394040457911,0,0,0,0,0,0,0,0,0,0,0
180,10,1481,8,10,0.074589,19855.49,0.038097,38874.82,0.031850,46499.66,0.041316,35845.82,0.045437,32594.74,0.039585,37413.29,0.050950,29067.61,0.076593,0.011752,0.023112,0.039585,0.151041,0.017709,2,188829,194459,1526610,910,0,0,0,1418,0,0,0,723,0,0,0,585,0,0,0,630,0,0,0,14,0,0,0,15757969308798383316,15033311519775459986,15033311519775459986,16387934960491534961,15024142211908131555,118806982755286761,0,0,0,0,0,0,0,0,0,0,0
181,10,1584,8,10,0.073733,21482.87,0.046263,34239.20,0.033709,46990.02,0.041745,37944.68,0.050129,31598.31,0.040669,38948.55,0.062552,25322.98,0.075216,0.013786,0.023737,0.040669,0.153408,0.021146,3,211510,247790,1563501,1259,0,0,0,1927,0,0,0,875,0,0,0,596,0,0,0,749,0,0,0,15,0,0,0,17266114456440374741,2738648121407617832,2738648121407617832,11530327648073584600,11541042506803373126,4836551115737003967,0,0,0,0,0,0,0,0,0,0,0
182,10,1537,8,10,0.139784,10995.52,0.099235,15488.53,0.074829,20540.21,0.081457,18868.79,0.104875,14655.61,0.091256,16842.73,0.120885,12714.55,0.141281,0.011992,0.022491,0.091256,0.267020,0.018021,3,183291,195076,1309256,843,0,0,0,1389,0,0,0,676,0,0,0,460,0,0,0,603,0,0,0,18,0,0,0,1861545626702794562,10330735284061075250,10330735284061075250,9626072999813496210,6311888879670996903,6810175870573122385,0,0,0,0,0,0,0,0,0,0,0
183,10,1741,8,10,0.077801,22377.64,0.038320,45432.67,0.032766,53134.53,0.039537,44034.28,0.044036,39535.47,0.037985,45834.37,0.055512,31362.44,0.079429,0.013762,0.026447,0.037985,0.157623,0.023933,2,209142,217602,1249418,991,0,0,0,1511,0,0,0,794,0,0,0,507,0,0,0,527,0,0,0,8,0,0,0,18042217010093185195,3966807534852321542,3966807534852321542,18344942601432539699,3597784790943613034,9705801697296467313,0,0,0,0,0,0,0,0,0,0,0
184,10,1751,8,10,0.086786,20176.00,0.052529,33333.71,0.048579,36044.66,0.046748,37456.32,0.056800,30827.58,0.043172,40558.58,0.066216,26443.73,0.089116,0.013808,0.024549,0.043172,0.170645,0.023846,2,219159,239214,1631172,1890,0,0,0,2592,0,0,0,984,0,0,0,770,0,0,0,891,0,0,0,16,0,0,0,17037428580998039101,2982321184489766515,2982321184489766515,10429344221993630397,4850366202622980426,18355820807142410579,0,0,0,0,0,0,0,0,0,0,0
185,10,1591,8,10,0.086945,18298.97,0.053330,29832.89,0.045418,35030.39,0.047234,33683.55,0.057328,27752.78,0.046088,34521.10,0.062936,25279.76,0.089265,0.012802,0.023873,0.046088,0.172028,0.019601,2,197621,207621,1095321,1289,0,0,0,2052,0,0,0,940,0,0,0,723,0,0,0,743,0,0,0,10,0,0,0,6561624223266195631,4865739659657177184,4865739659657177184,2769630662936358878,1801090377772309798,9410055847824454318,0,0,0,0,0,0,0,0,0,0,0
186,10,1560,8,10,0.242653,6428.93,0.206752,7545.28,0.185113,8427.28,0.177780,8774.87,0.205609,7587.23,0.195761,7968.90,0.216520,7204.88,0.244778,0.012764,0.020650,0.195761,0.473953,0.019486,4,200803,209288,1037497,1284,0,0,0,2186,0,0,0,894,0,0,0,761,0,0,0,902,0,0,0,13,0,0,0,13521791341939328284,15924564277293917677,15924564277293917677,8270676321218355508,13969019391149484889,11980367863479371457,0,0,0,0,0,0,0,0,0,0,0
187,10,1410,8,10,0.118573,11891.40,0.078643,17929.17,0.079541,17726.78,0.078925,17864.96,0.089223,15803.06,0.075656,18636.92,0.101611,13876.41,0.120370,0.011797,0.019866,0.075656,0.227690,0.016493,3,197744,206859,2296098,1517,0,0,0,2321,0,0,0,1005,0,0,0,677,0,0,0,730,0,0,0,22,0,0,0,18430246016201114785,531001098170548619,531001098170548619,7243088866381120783,9703060191009721121,5741863172462378706,0,0,0,0,0,0,0,0,0,0,0
188,10,1438,8,10,0.102644,14009.64,0.055585,25870.45,0.045852,31361.44,0.047813,30075.50,0.061385,23425.82,0.052402,27441.61,0.076402,18821.56,0.104555,0.012738,0.023592,0.052402,0.193287,0.018803,2,208246,219146,1180903,1449,0,0,0,2182,0,0,0,1018,0,0,0,843,0,0,0,793,0,0,0,19,0,0,0,8843172552327330722,3703450290945035914,3703450290945035914,2204046248379300216,9974374927545671934,14637355327968956312,0,0,0,0,0,0,0,0,0,0,0
189,10,1451,8,10,0.228639,6346.25,0.185066,7840.46,0.171092,8480.84,0.163349,8882.82,0.197238,7356.58,0.108448,13379.63,0.207154,7004.45,0.230830,0.011501,0.018509,0.108448,0.369289,0.017390,5,190578,198768,1142183,1412,0,0,0,1959,0,0,0,887,0,0,0,815,0,0,0,651,0,0,0,5,0,0,0,9750247677287722705,5419056494841869791,5419056494841869791,17228193777293790130,7458630891628641826,12554481691553454122,0,0,0,0,0,0,0,0,0,0,0
190,10,1437,8,10,0.166108,8650.97,0.121057,11870.44,0.093531,15363.96,0.099060,14506.39,0.125895,11414.31,0.106403,13505.30,0.144128,9970.30,0.168088,0.012321,0.020955,0.106403,0.307767,0.017214,3,190415,200480,1706593,1190,0,0,0,1839,0,0,0,897,0,0,0,611,0,0,0,758,0,0,0,18,0,0,0,14010965424028790332,2100748580174446258,2100748580174446258,9135585755021974208,1475804290839400008,9193743549431800668,0,0,0,0,0,0,0,0,0,0,0
191,10,1769,8,10,0.080517,21970.50,0.046401,38124.04,0.040562,43612.14,0.045655,38746.88,0.049284,35894.01,0.042630,41496.93,0.061250,28881.62,0.082860,0.012890,0.019567,0.042630,0.157947,0.022859,5,194479,213144,1211069,1199,0,0,0,1807,0,0,0,747,0,0,0,620,0,0,0,689,0,0,0,13,0,0,0,15774500374101509199,4691080264172083464,4691080264172083464,4210115157819494060,2692715793821130558,6233873563209922792,0,0,0,0,0,0,0,0,0,0,0
192,10,1510,8,10,0.074341,20311.75,0.043068,35061.19,0.040520,37265.17,0.044229,34140.54,0.048852,30909.44,0.048295,31266.12,0.055144,27382.63,0.075785,0.012911,0.015278,0.048295,0.152269,0.018866,7,200585,209050,1122480,1446,0,0,0,2074,0,0,0,912,0,0,0,673,0,0,0,739,0,0,0,24,0,0,0,8901778489861227224,18129307332208730916,18129307332208730916,14483048008069924498,9462353250060074783,10164664020176138487,0,0,0,0,0,0,0,0,0,0,0
193,10,1525,8,10,0.090222,16902.82,0.051520,29600.15,0.046055,33112.58,0.048018,31759.18,0.055409,27522.68,0.048948,31155.46,0.071084,21453.36,0.091476,0.012789,0.018996,0.048948,0.172210,0.017757,4,197101,237566,1838318,1135,0,0,0,1784,0,0,0,845,0,0,0,596,0,0,0,599,0,0,0,18,0,0,0,7364735176025121542,6535050560314763304,6535050560314763304,14646887223079800600,18090429757360674811,14139930775054274181,0,0,0,0,0,0,0,0,0,0,0
194,10,1522,8,10,0.071195,21377.91,0.040482,37596.53,0.037247,40862.06,0.040426,37649.21,0.044413,34269.48,0.036973,41165.36,0.048525,31365.13,0.072926,0.012020,0.019239,0.036973,0.141157,0.020465,5,191013,200608,1186747,1185,0,0,0,1754,0,0,0,928,0,0,0,736,0,0,0,597,0,0,0,11,0,0,0,12599595137080671744,2361314078726831361,2361314078726831361,12702043457270348834,14623527388573517910,15225657102827662997,0,0,0,0,0,0,0,0,0,0,0
195,10,1464,8,10,0.100437,14576.36,0.067209,21782.74,0.058140,25180.75,0.042865,34154.03,0.071921,20355.54,0.055936,26172.89,0.077269,18946.92,0.101505,0.012506,0.022721,0.055936,0.192667,0.016974,3,186877,193467,1321417,1147,0,0,0,1809,0,0,0,816,0,0,0,653,0,0,0,734,0,0,0,26,0,0,0,18018118796229657990,1428584262198879709,1428584262198879709,3057649471329472574,2036631499377502335,6915807905277540088,0,0,0,0,0,0,0,0,0,0,0
196,10,1477,8,10,0.166849,8852.31,0.119045,12407.02,0.101490,14553.22,0.111368,13262.38,0.120349,12272.62,0.103458,14276.29,0.142405,10371.81,0.168183,0.012981,0.020212,0.103458,0.304834,0.017437,3,195234,201754,1780476,1143,0,0,0,1548,0,0,0,843,0,0,0,626,0,0,0,611,0,0,0,20,0,0,0,9161707345244494280,14000307133557020426,14000307133557020426,10512195160893859537,14651786304255547786,3626581332715028294,0,0,0,0,0,0,0,0,0,0,0
197,10,1450,8,10,0.067572,21458.47,0.040404,35887.84,0.035731,40581.56,0.042630,34013.22,0.047389,30597.74,0.038384,37776.41,0.048065,30167.18,0.069880,0.010347,0.021726,0.038384,0.140337,0.016427,2,171218,179168,1109580,1073,0,0,0,1631,0,0,0,773,0,0,0,572,0,0,0,564,0,0,0,5,0,0,0,1831955128566285201,10619770407379837289,10619770407379837289,8005945690520931002,10635176815292142307,14370044324900160300,0,0,0,0,0,0,0,0,0,0,0
198,10,1760,8,10,0.083005,21203.48,0.046553,37806.74,0.040342,43626.91,0.044428,39614.83,0.052338,33627.42,0.042986,40943.67,0.062688,28075.50,0.084825,0.013898,0.032164,0.042986,0.173872,0.023896,2,207016,218611,1269946,1167,0,0,0,1802,0,0,0,848,0,0,0,604,0,0,0,642,0,0,0,21,0,0,0,10394063755707473886,5707737498643810835,5707737498643810835,6914430502989632284,2199997315906829122,9408708447514906087,0,0,0,0,0,0,0,0,0,0,0
199,10,1659,8,10,0.081879,20261.61,0.039776,41708.25,0.036258,45755.74,0.043496,38141.09,0.048711,34058.29,0.043081,38508.48,0.058182,28514.01,0.083434,0.014282,0.021407,0.043081,0.162205,0.020871,3,201431,217091,1809411,1100,0,0,0,1811,0,0,0,816,0,0,0,663,0,0,0,602,0,0,0,27,0,0,0,15670559584055646383,16977571275649750583,16977571275649750583,17557703886229318477,1692626009389395417,503698823561239854,0,0,0,0,0,0,0,0,0,0,0
200,10,1477,8,10,0.066267,22288.61,0.043394,34037.20,0.035510,41594.32,0.035327,41809.37,0.047792,30904.54,0.035161,42007.34,0.054423,27139.23,0.067972,0.010628,0.020790,0.035161,0.134550,0.016264,2,165069,182734,1490018,1243,0,0,0,1763,0,0,0,821,0,0,0,581,0,0,0,545,0,0,0,13,0,0,0,11404383421891330733,13557897862658808090,13557897862658808090,9779653558479404185,2646546358224898969,12752158031169418986,0,0,0,0,0,0,0,0,0,0,0
201,10,1614,8,10,0.088572,18222.45,0.051812,31151.08,0.034750,46446.30,0.038791,41607.71,0.057281,28176.99,0.045139,35756.00,0.070146,23009.02,0.089864,0.012553,0.021934,0.045139,0.169491,0.020337,3,194577,209272,1439260,1110,0,0,0,1796,0,0,0,635,0,0,0,615,0,0,0,597,0,0,0,14,0,0,0,14902383508803870249,8886144073188789288,8886144073188789288,543579361196812352,8640457443078492711,2533173725751849480,0,0,0,0,0,0,0,0,0,0,0
202,10,1460,8,10,0.077035,18952.31,0.042916,34019.58,0.041145,35484.52,0.048055,30381.91,0.051150,28543.73,0.045594,32021.89,0.057491,25395.22,0.078278,0.012081,0.020625,0.045594,0.156578,0.017502,4,188108,197308,1203723,1190,0,0,0,1976,0,0,0,926,0,0,0,625,0,0,0,671,0,0,0,15,0,0,0,14586544471896036793,13885491272965894126,13885491272965894126,13086351574162794339,625392624296189350,15421545848205943295,0,0,0,0,0,0,0,0,0,0,0
203,10,1332,8,10,0.075663,17604.36,0.044154,30166.95,0.037118,35885.78,0.040813,32636.57,0.050429,26413.24,0.043510,30613.77,0.056213,23695.38,0.077369,0.010807,0.021322,0.043510,0.153008,0.014296,3,163746,169731,1656315,1068,0,0,0,1669,0,0,0,708,0,0,0,581,0,0,0,618,0,0,0,11,0,0,0,17666698564391593482,14620281133447658906,14620281133447658906,2907259014180635090,4021266532967641294,1818510798377049058,0,0,0,0,0,0,0,0,0,0,0
204,10,1278,8,10,0.066347,19262.23,0.031556,40499.68,0.026068,49025.02,0.031784,40208.61,0.037642,33951.02,0.029665,43080.72,0.046511,27477.62,0.067918,0.010539,0.018965,0.029665,0.127088,0.012841,3,150187,154147,1512439,683,0,0,0,1082,0,0,0,611,0,0,0,327,0,0,0,369,0,0,0,22,0,0,0,15596081600976764112,581007485266445229,581007485266445229,17060740406846192998,5143940064537883243,4271537218513220931,0,0,0,0,0,0,0,0,0,0,0
205,10,1572,8,10,0.083397,18849.57,0.043850,35849.38,0.042112,37329.34,0.045174,34798.88,0.048977,32096.80,0.042244,37212.59,0.059692,26335.21,0.084885,0.012104,0.023448,0.042244,0.162681,0.019664,2,194384,204919,1750071,1246,0,0,0,1940,0,0,0,830,0,0,0,633,0,0,0,673,0,0,0,23,0,0,0,17811043366948248017,1724344208114876446,1724344208114876446,570210837428305580,9571971608451345966,6323524236982765841,0,0,0,0,0,0,0,0,0,0,0
206,10,1334,8,10,0.080052,16664.15,0.043890,30394.19,0.037926,35173.76,0.041995,31765.97,0.046895,28446.58,0.038989,34215.01,0.063261,21087.09,0.081573,0.012042,0.021545,0.038989,0.154150,0.014624,2,181481,191276,2214428,931,0,0,0,1509,0,0,0,668,0,0,0,463,0,0,0,527,0,0,0,9,0,0,0,6745621697799509939,12253441771262633179,12253441771262633179,8555117774481291755,7733784123558176959,7865436669669228429,0,0,0,0,0,0,0,0,0,0,0
207,10,1543,8,10,0.080786,19099.81,0.043847,35190.60,0.041156,37491.28,0.045507,33906.58,0.053220,28993.09,0.043161,35749.53,0.063428,24326.66,0.082138,0.012144,0.027117,0.043161,0.164560,0.018666,3,191390,220765,1655568,1088,0,0,0,1839,0,0,0,830,0,0,0,598,0,0,0,570,0,0,0,11,0,0,0,5449322938059815784,1331103684309521880,1331103684309521880,10141284259681713695,16794684824786540630,2199022374381204226,0,0,0,0,0,0,0,0,0,0,0
208,10,1687,8,10,0.098614,17107.11,0.052555,32099.85,0.036621,46067.08,0.041471,40679.08,0.055375,30464.83,0.038757,43527.91,0.075300,22403.66,0.099994,0.013359,0.021660,0.038757,0.173769,0.021509,3,194363,213848,1725598,1102,0,0,0,1643,0,0,0,797,0,0,0,544,0,0,0,548,0,0,0,22,0,0,0,2454786624907730258,782718178200794252,782718178200794252,13306548836525929317,5107297207553508777,8961537701704692061,0,0,0,0,0,0,0,0,0,0,0
209,10,1619,8,10,0.092007,17596.45,0.046554,34776.95,0.043826,36941.28,0.048416,33439.26,0.056338,28737.43,0.043668,37074.90,0.072459,22343.80,0.094206,0.013328,0.023059,0.043668,0.174261,0.020146,2,197484,227569,2575885,1649,0,0,0,2206,0,0,0,781,0,0,0,717,0,0,0,584,0,0,0,15,0,0,0,13301509680351431965,15330395671851553934,15330395671851553934,8589754839627108020,14394444630754169799,2891767316105292756,0,0,0,0,0,0,0,0,0,0,0
210,10,1470,8,10,0.180708,8134.66,0.142851,10290.48,0.129733,11330.97,0.113514,12949.90,0.149574,9827.90,0.137065,10724.82,0.157299,9345.28,0.182535,0.012241,0.021145,0.137065,0.352987,0.017207,3,191007,214237,1523529,1554,0,0,0,2024,0,0,0,870,0,0,0,705,0,0,0,781,0,0,0,31,0,0,0,6209639362885406187,7836848819159933213,7836848819159933213,17268491322079696358,13087473447551145788,12158003050119287855,0,0,0,0,0,0,0,0,0,0,0
211,10,1494,8,10,0.227873,6556.28,0.182877,8169.42,0.178708,8360.02,0.185916,8035.89,0.191134,7816.52,0.164194,9098.97,0.208190,7176.15,0.229111,0.011975,0.022162,0.164194,0.427443,0.017464,2,186789,201804,1743575,1163,0,0,0,2177,0,0,0,793,0,0,0,638,0,0,0,764,0,0,0,14,0,0,0,3238310913092715405,8919589557879516866,8919589557879516866,2836811566224912991,2766229943911835340,13519662750078662922,0,0,0,0,0,0,0,0,0,0,0
212,10,1398,8,10,0.116285,12022.19,0.075194,18591.83,0.050287,27800.19,0.046394,30133.10,0.081558,17141.17,0.075998,18395.11,0.096384,14504.49,0.118249,0.011425,0.019269,0.075998,0.224941,0.015735,4,175794,185749,2002884,1129,0,0,0,1404,0,0,0,740,0,0,0,524,0,0,0,628,0,0,0,15,0,0,0,4999135159627178771,10234968953696973346,10234968953696973346,10365673394353363606,13170856846150014386,15552170769964931504,0,0,0,0,0,0,0,0,0,0,0
213,10,1602,8,10,0.129714,12350.25,0.082205,19487.91,0.071189,22503.46,0.072894,21977.17,0.088416,18118.99,0.080507,19898.96,0.105522,15181.61,0.131673,0.012669,0.017429,0.080507,0.242279,0.020073,6,206079,215919,1951896,1291,0,0,0,1988,0,0,0,715,0,0,0,580,0,0,0,612,0,0,0,14,0,0,0,15357870179160575572,9137517416376345386,9137517416376345386,7353091014892334914,16973959895528549285,6142810029024265381,0,0,0,0,0,0,0,0,0,0,0
214,10,1591,8,10,0.078455,20279.17,0.044081,36092.62,0.041038,38769.12,0.041588,38256.50,0.050439,31543.28,0.040682,39107.83,0.056895,27963.68,0.080378,0.012233,0.023219,0.040682,0.156513,0.019487,2,188722,198112,1525105,1243,0,0,0,1776,0,0,0,688,0,0,0,567,0,0,0,475,0,0,0,18,0,0,0,14186310479509136216,5268540586108038405,5268540586108038405,278169807226635238,2670035601275723825,12450516879572058396,0,0,0,0,0,0,0,0,0,0,0
215,10,1446,8,10,0.111527,12965.44,0.070347,20555.11,0.059374,24354.01,0.062501,23135.48,0.075629,19119.57,0.060860,23759.52,0.084225,17168.37,0.112646,0.013582,0.022582,0.060860,0.209670,0.016573,2,184537,190607,1779500,1243,0,0,0,2218,0,0,0,876,0,0,0,650,0,0,0,795,0,0,0,30,0,0,0,2144472095160331491,8476818671320657444,8476818671320657444,2246739584739092071,6767020484232303620,15229671761324779978,0,0,0,0,0,0,0,0,0,0,0
216,10,1542,8,10,0.216022,7138.16,0.172469,8940.76,0.151254,10194.77,0.145505,10597.56,0.173105,8907.88,0.136185,11322.84,0.190088,8112.02,0.218650,0.011865,0.022768,0.136185,0.389468,0.017951,2,182137,193817,1885940,1170,0,0,0,1771,0,0,0,898,0,0,0,672,0,0,0,789,0,0,0,21,0,0,0,14617344571856251368,1086546818732418553,1086546818732418553,17974241419304513155,6561903874139743500,8345803781381766504,0,0,0,0,0,0,0,0,0,0,0
217,10,1283,8,10,0.243437,5270.35,0.219545,5843.92,0.155283,8262.33,0.152313,8423.43,0.197833,6485.26,0.168629,7608.41,0.217518,5898.35,0.243971,0.012999,0.025108,0.168629,0.450707,0.014877,2,208055,213465,1804521,1026,0,0,0,1690,0,0,0,957,0,0,0,617,0,0,0,681,0,0,0,12,0,0,0,6445212489273860448,4871398040508032536,4871398040508032536,16597746147677257854,13977140113484248837,702602765624305470,0,0,0,0,0,0,0,0,0,0,0
218,10,1378,8,10,0.086668,15899.80,0.049112,28058.43,0.041656,33080.73,0.039713,34699.11,0.054267,25393.07,0.044982,30634.36,0.063401,21734.50,0.088471,0.011545,0.013122,0.044982,0.158120,0.016073,7,180272,186617,1559314,954,0,0,0,1701,0,0,0,850,0,0,0,672,0,0,0,534,0,0,0,13,0,0,0,5285130787392456044,3300222844588722376,3300222844588722376,18285423986270503842,13470383614009941486,10399860658918708757,0,0,0,0,0,0,0,0,0,0,0
219,10,1479,8,10,0.078936,18736.62,0.039241,37690.47,0.036953,40023.88,0.041049,36029.80,0.045076,32811.00,0.039327,37607.43,0.054855,26962.07,0.080465,0.014123,0.027349,0.039327,0.161265,0.020167,2,211018,218693,2103260,1137,0,0,0,1679,0,0,0,756,0,0,0,528,0,0,0,659,0,0,0,15,0,0,0,14666237265271083111,16897702163653620992,16897702163653620992,4804350520826238248,11974860685351025960,11103467729012145049,0,0,0,0,0,0,0,0,0,0,0
220,10,1378,8,10,0.117803,11697.46,0.069300,19884.58,0.047841,28803.87,0.052002,26498.83,0.073199,18825.35,0.043000,32046.75,0.093375,14757.70,0.119177,0.010917,0.025314,0.043000,0.198408,0.015292,2,171373,177098,1827713,718,0,0,0,1429,0,0,0,842,0,0,0,509,0,0,0,678,0,0,0,16,0,0,0,14395392091392384652,17739810223065431583,17739810223065431583,10422042690378180309,8015931668784368171,7920413588939052403,0,0,0,0,0,0,0,0,0,0,0
221,10,1502,8,10,0.132315,11351.69,0.082563,18192.28,0.071271,21074.54,0.069886,21492.24,0.096063,15635.62,0.092311,16271.11,0.108017,13905.28,0.134216,0.011615,0.011397,0.092311,0.249539,0.018263,10,186983,194223,1703013,871,0,0,0,1511,0,0,0,695,0,0,0,599,0,0,0,574,0,0,0,10,0,0,0,16010096799377436523,5281531041346124032,5281531041346124032,1485905120375253265,18259553409849594365,2109316959786459579,0,0,0,0,0,0,0,0,0,0,0
222,10,1433,8,10,0.170399,8409.69,0.132368,10825.88,0.121820,11763.28,0.120766,11865.93,0.137209,10443.89,0.133413,10741.11,0.148656,9639.68,0.172303,0.011566,0.012621,0.133413,0.329903,0.016445,8,179406,186756,2079996,1035,0,0,0,1744,0,0,0,809,0,0,0,495,0,0,0,458,0,0,0,12,0,0,0,7632126825390953719,10873439471808818349,10873439471808818349,77207041378762474,14636796831142867420,1854395423405922069,0,0,0,0,0,0,0,0,0,0,0
223,10,1433,8,10,0.071875,19937.30,0.035636,40211.59,0.033800,42396.84,0.037225,38495.73,0.041047,34910.91,0.035323,40568.36,0.047858,29942.77,0.073458,0.012167,0.023111,0.035323,0.144059,0.017357,2,185752,191287,1750534,974,0,0,0,1650,0,0,0,696,0,0,0,607,0,0,0,588,0,0,0,13,0,0,0,17701037709916905915,10704299864089476195,10704299864089476195,629200453632249206,9227722580608188058,13520189341613122265,0,0,0,0,0,0,0,0,0,0,0
224,10,1434,8,10,0.084185,17033.84,0.040085,35773.91,0.037488,38252.28,0.043108,33265.53,0.047200,30381.65,0.041862,34255.75,0.059290,24186.17,0.085854,0.012061,0.019190,0.041862,0.158966,0.016892,5,183423,190338,1738892,957,0,0,0,1578,0,0,0,714,0,0,0,490,0,0,0,452,0,0,0,9,0,0,0,3735410021880988162,15841114924239031754,15841114924239031754,3303054379183220055,12264723740119720639,5397172579508275058,0,0,0,0,0,0,0,0,0,0,0
225,10,1367,8,10,0.087539,15615.88,0.046911,29140.20,0.040395,33840.58,0.044743,30552.50,0.055542,24612.00,0.049364,27692.47,0.066714,20490.52,0.088784,0.010653,0.018035,0.049364,0.166836,0.015413,4,166840,172120,2158640,831,0,0,0,1443,0,0,0,705,0,0,0,453,0,0,0,475,0,0,0,7,0,0,0,1463522667601772256,4261724196159085767,4261724196159085767,3163102540186611805,1224570443778395227,1380198933787687424,0,0,0,0,0,0,0,0,0,0,0
226,10,1679,8,10,0.167613,10017.14,0.121259,13846.36,0.100884,16642.80,0.097124,17287.11,0.121267,13845.46,0.059180,28370.99,0.141801,11840.56,0.169274,0.012961,0.024805,0.059180,0.266221,0.022181,2,198304,207284,1661817,840,0,0,0,1142,0,0,0,859,0,0,0,510,0,0,0,492,0,0,0,15,0,0,0,14495840724404748996,1169464052729320441,1169464052729320441,8441291502566218077,13669360244996125330,3979646858732141344,0,0,0,0,0,0,0,0,0,0,0
227,10,1625,8,10,0.138034,11772.47,0.088334,18396.17,0.068788,23623.16,0.066022,24613.05,0.095598,16998.31,0.074505,21810.72,0.119737,13571.45,0.139129,0.013347,0.022438,0.074505,0.249418,0.022312,3,208777,244592,1507590,1052,0,0,0,1650,0,0,0,886,0,0,0,437,0,0,0,761,0,0,0,14,0,0,0,6807302743486354853,14666775941450393298,14666775941450393298,13465969649155742119,11105814944797954390,1357625787389219741,0,0,0,0,0,0,0,0,0,0,0
228,10,1706,8,10,0.176828,9647.77,0.128498,13276.44,0.098699,17284.86,0.103132,16541.94,0.127969,13331.32,0.054597,31247.37,0.149420,11417.48,0.179055,0.013411,0.027145,0.054597,0.274208,0.022886,2,212947,220707,2125444,851,0,0,0,1421,0,0,0,865,0,0,0,501,0,0,0,591,0,0,0,13,0,0,0,1693874378729231506,4389927308128920146,4389927308128920146,16972832902522135662,12812804950323705247,8860052913810543347,0,0,0,0,0,0,0,0,0,0,0
229,10,1856,8,10,0.100500,18467.67,0.045544,40751.82,0.038050,48778.35,0.040765,45529.34,0.052041,35663.97,0.047321,39221.89,0.074113,25042.79,0.101651,0.014724,0.025275,0.047321,0.188971,0.032907,3,208250,234715,1901021,1004,0,0,0,1629,0,0,0,798,0,0,0,611,0,0,0,630,0,0,0,21,0,0,0,13043335740563974430,8106266366130410018,8106266366130410018,13823901601302423358,7907183617490550534,610535501705870215,0,0,0,0,0,0,0,0,0,0,0
230,10,1787,8,10,0.076600,23329.06,0.032808,54468.52,0.029449,60681.87,0.034514,51775.44,0.040053,44615.72,0.034424,51911.71,0.054008,33087.88,0.077781,0.013684,0.030975,0.034424,0.156865,0.024452,2,202006,230871,1796481,748,0,0,0,1300,0,0,0,718,0,0,0,508,0,0,0,542,0,0,0,11,0,0,0,13327734425650468005,6952656631190559561,6952656631190559561,17989564754654694838,11232242354830575291,13884085682336088652,0,0,0,0,0,0,0,0,0,0,0
231,10,1544,8,10,0.094828,16282.19,0.048997,31512.40,0.035281,43762.56,0.036702,42068.45,0.053953,28617.73,0.045211,34150.65,0.077151,20012.63,0.096212,0.010801,0.020683,0.045211,0.172908,0.018770,3,182730,197440,2258346,716,0,0,0,1191,0,0,0,735,0,0,0,442,0,0,0,468,0,0,0,24,0,0,0,5605151299812498362,2689440749702020556,2689440749702020556,14553697720204884755,493414196552277245,7652772168287254281,0,0,0,0,0,0,0,0,0,0,0
232,10,1444,8,10,0.111190,12986.76,0.074924,19272.83,0.070274,20548.10,0.053695,26892.79,0.082341,17536.76,0.071494,20197.52,0.087966,16415.49,0.112685,0.011494,0.020394,0.071494,0.216068,0.016977,4,174168,180228,1317067,899,0,0,0,1596,0,0,0,744,0,0,0,531,0,0,0,613,0,0,0,12,0,0,0,10016569329982770823,10016569329982770823,10016569329982770823,3674928477808606989,7674553736914374327,5391833759439622805,0,0,0,0,0,0,0,0,0,0,0
233,10,1591,8,10,0.061919,25694.69,0.032164,49465.12,0.027753,57328.07,0.031799,50032.59,0.036499,43590.52,0.030025,52989.20,0.049874,31900.11,0.063032,0.012694,0.025097,0.030025,0.130849,0.020401,2,192803,241218,1104933,1001,0,0,0,1407,0,0,0,763,0,0,0,519,0,0,0,476,0,0,0,8,0,0,0,10393111337289431745,13361967587635260828,13361967587635260828,7505513277709399400,13851432293431923270,15669577445375868929,0,0,0,0,0,0,0,0,0,0,0
234,10,1416,8,10,0.077484,18274.73,0.034706,40800.11,0.033099,42781.15,0.035828,39521.78,0.039216,36107.31,0.035663,39705.14,0.047478,29824.39,0.079397,0.012343,0.021568,0.035663,0.148971,0.016460,3,179379,186679,2016678,877,0,0,0,1501,0,0,0,746,0,0,0,577,0,0,0,623,0,0,0,11,0,0,0,14503442298171282868,14546844338314950247,14546844338314950247,6291039488076422027,12303934359942389772,9433557668781488272,0,0,0,0,0,0,0,0,0,0,0
235,10,1383,8,10,0.077892,17755.45,0.037527,36853.47,0.039814,34736.31,0.044246,31257.24,0.044317,31206.73,0.042359,32649.61,0.052624,26280.67,0.078964,0.012384,0.021472,0.042359,0.155179,0.015974,3,187230,192400,1971277,840,0,0,0,1395,0,0,0,791,0,0,0,463,0,0,0,605,0,0,0,8,0,0,0,1226622706116585311,18018087322354671907,18018087322354671907,17743141194351366843,3733354170082647563,3796098486960939325,0,0,0,0,0,0,0,0,0,0,0
236,10,1560,8,10,0.111846,13947.75,0.060665,25714.84,0.047084,33132.26,0.045320,34422.10,0.063719,24482.60,0.046465,33573.71,0.076351,20431.95,0.113148,0.014562,0.023785,0.046465,0.197961,0.021373,3,226655,237375,1744788,1420,0,0,0,2110,0,0,0,1124,0,0,0,933,0,0,0,1092,0,0,0,8,0,0,0,5468747817540828120,5730543385079427310,5730543385079427310,11846154066014690632,13214291334123837004,9340882511453360017,0,0,0,0,0,0,0,0,0,0,0
237,10,1412,8,10,0.082482,17118.94,0.042363,33330.60,0.037848,37307.25,0.040389,34959.59,0.047184,29925.08,0.038197,36965.89,0.057822,24419.81,0.083964,0.011640,0.017906,0.038197,0.151708,0.016474,5,183215,190350,1706931,1143,0,0,0,1825,0,0,0,964,0,0,0,694,0,0,0,700,0,0,0,10,0,0,0,14954208478864828296,917827674673890033,917827674673890033,2407836134075147115,1661610128146870690,5930081085244882682,0,0,0,0,0,0,0,0,0,0,0
238,10,1368,8,10,0.128163,10673.91,0.087323,15666.03,0.064919,21072.31,0.058185,23511.11,0.088608,15438.76,0.065014,21041.55,0.103551,13210.92,0.130156,0.010738,0.024150,0.065014,0.230058,0.015234,2,167993,172508,2249424,732,0,0,0,1158,0,0,0,693,0,0,0,505,0,0,0,597,0,0,0,10,0,0,0,750649457840011920,16888463100680273208,16888463100680273208,638949341715612022,5164111113232951995,14287376127976460443,0,0,0,0,0,0,0,0,0,0,0
239,10,1385,8,10,0.275060,5035.27,0.233536,5930.56,0.210476,6580.32,0.218407,6341.38,0.237380,5834.52,0.186224,7437.30,0.252273,5490.09,0.276983,0.010817,0.020419,0.186224,0.494442,0.015611,2,166562,170802,1519197,805,0,0,0,2083,0,0,0,1354,0,0,0,630,0,0,0,742,0,0,0,7,0,0,0,1841132807291888198,1841132807291888198,1841132807291888198,5148564768946672952,1369129306534920915,17647265288411893042,0,0,0,0,0,0,0,0,0,0,0
240,10,1463,8,10,0.074437,19654.28,0.035927,40720.93,0.031002,47190.36,0.034765,42082.47,0.042405,34500.50,0.035505,41205.68,0.050355,29053.54,0.076068,0.011519,0.019078,0.035505,0.142169,0.016978,5,183008,196633,1509566,921,0,0,0,1427,0,0,0,740,0,0,0,550,0,0,0,516,0,0,0,5,0,0,0,9873876772232783571,17578173634405408143,17578173634405408143,12538551950846383505,16070774951623154456,5684110559416648631,0,0,0,0,0,0,0,0,0,0,0
241,10,1508,8,10,0.166544,9054.65,0.126540,11917.21,0.116433,12951.65,0.101986,14786.35,0.129471,11647.37,0.124615,12101.29,0.142445,10586.55,0.169026,0.013325,0.024899,0.124615,0.331864,0.018830,2,186478,193423,2681462,926,0,0,0,1432,0,0,0,747,0,0,0,592,0,0,0,750,0,0,0,11,0,0,0,11690009578939695761,17442626280751966640,17442626280751966640,7623689387706848312,899693273589123227,6932580828942161110,0,0,0,0,0,0,0,0,0,0,0
242,10,1416,8,10,0.119936,11806.26,0.073474,19272.14,0.056608,25014.23,0.057702,24539.90,0.073769,19195.03,0.046541,30424.66,0.092242,15350.92,0.121168,0.011905,0.020348,0.046541,0.199962,0.015976,3,176265,185800,1624356,853,0,0,0,1244,0,0,0,854,0,0,0,583,0,0,0,605,0,0,0,11,0,0,0,12952094035278031556,16221549883776437826,16221549883776437826,12479659117531473234,16850429449136177226,6162877206945321883,0,0,0,0,0,0,0,0,0,0,0
243,10,1610,8,10,0.095871,16793.47,0.051544,31235.49,0.046603,34546.78,0.047353,33999.63,0.057262,28116.53,0.045232,35594.18,0.067395,23889.01,0.096967,0.013058,0.024222,0.045232,0.179480,0.020475,2,195827,202782,1614956,953,0,0,0,1838,0,0,0,782,0,0,0,529,0,0,0,624,0,0,0,10,0,0,0,17006491707500437932,16972604534528073692,16972604534528073692,16634388434642648807,13824669292597620317,17802035932449688231,0,0,0,0,0,0,0,0,0,0,0
244,10,1631,8,10,0.080984,20139.90,0.036357,44860.12,0.033837,48202.08,0.039712,41070.88,0.044918,36310.25,0.038674,42173.33,0.056367,28935.51,0.082619,0.013087,0.025666,0.038674,0.160045,0.020433,2,202798,213318,2398553,1130,0,0,0,1646,0,0,0,827,0,0,0,658,0,0,0,675,0,0,0,13,0,0,0,8064005407555220312,8064005407555220312,8064005407555220312,2568321862204607385,9443444135918054840,1512719449559215794,0,0,0,0,0,0,0,0,0,0,0
245,10,1643,8,10,0.079226,20738.06,0.039913,41164.13,0.036219,45363.14,0.035919,45742.07,0.043996,37344.12,0.040487,40581.14,0.055610,29544.99,0.080706,0.012400,0.027150,0.040487,0.160742,0.019424,2,183582,197757,1725459,944,0,0,0,1718,0,0,0,748,0,0,0,557,0,0,0,740,0,0,0,8,0,0,0,15944212240712537054,3791392075773943820,3791392075773943820,6639364236801008310,1286258272496137845,5469519321610313477,0,0,0,0,0,0,0,0,0,0,0
246,10,1610,8,10,0.072959,22067.17,0.035150,45803.95,0.032601,49385.67,0.035172,45774.82,0.038867,41423.59,0.031878,50505.25,0.049155,32753.24,0.074439,0.012242,0.022846,0.031878,0.141404,0.019682,2,188154,198934,2225331,1101,0,0,0,1590,0,0,0,906,0,0,0,609,0,0,0,621,0,0,0,20,0,0,0,236348729510587547,15958828094459541391,15958828094459541391,16936246245440801222,12033178984702662171,6327364074713611519,0,0,0,0,0,0,0,0,0,0,0
247,10,1549,8,10,0.195911,7906.66,0.136852,11318.77,0.123988,12493.16,0.115273,13437.67,0.138680,11169.59,0.069133,22406.08,0.160429,9655.33,0.197729,0.014026,0.026673,0.069133,0.307562,0.020274,2,220249,228464,2402373,1180,0,0,0,1958,0,0,0,1140,0,0,0,734,0,0,0,832,0,0,0,12,0,0,0,1511705175480812326,12920671153237996977,12920671153237996977,15861353936744088196,321509100216134267,4664904528845873399,0,0,0,0,0,0,0,0,0,0,0
248,10,1667,8,10,0.077849,21413.31,0.037230,44775.99,0.030394,54846.32,0.034919,47739.37,0.042637,39097.06,0.036830,45261.46,0.060683,27470.63,0.079603,0.011714,0.024465,0.036830,0.152612,0.020245,2,189954,214654,1249096,1273,0,0,0,1664,0,0,0,953,0,0,0,637,0,0,0,731,0,0,0,18,0,0,0,16100380931442490368,7433026176577956597,7433026176577956597,10776128879256276080,1445657230227021924,6754446233935778740,0,0,0,0,0,0,0,0,0,0,0
249,10,1662,8,10,0.108522,15314.83,0.062695,26509.43,0.052209,31833.57,0.050453,32941.54,0.064639,25711.99,0.043055,38601.91,0.093076,17856.31,0.109686,0.012787,0.020859,0.043055,0.186387,0.019152,4,184991,210691,1340675,1250,0,0,0,1885,0,0,0,967,0,0,0,643,0,0,0,633,0,0,0,8,0,0,0,14445847035774565122,14445847035774565122,14445847035774565122,623737305511380740,6732808202667663235,2280293438174071750,0,0,0,0,0,0,0,0,0,0,0
250,10,1786,8,10,0.112066,15936.97,0.065130,27421.88,0.053287,33516.61,0.051446,34715.78,0.075581,23630.35,0.070412,25364.82,0.091110,19602.68,0.114613,0.012875,0.020792,0.070412,0.218692,0.022590,4,198788,220398,2145161,1203,0,0,0,1873,0,0,0,860,0,0,0,618,0,0,0,577,0,0,0,20,0,0,0,16878337229978494085,16878337229978494085,16878337229978494085,2450827923423912992,12119852196497084806,2329400230964913446,0,0,0,0,0,0,0,0,0,0,0
251,10,1788,8,10,0.070829,25243.79,0.034677,51561.68,0.032195,55536.84,0.033962,52647.51,0.038313,46668.74,0.033598,53217.90,0.057481,31105.75,0.072475,0.012226,0.023423,0.033598,0.141722,0.021203,2,182899,241889,1704415,1031,0,0,0,1671,0,0,0,731,0,0,0,668,0,0,0,676,0,0,0,15,0,0,0,1257324185365281013,4821464858005230595,4821464858005230595,14861224126798215953,7246261470802863120,2206348448322391062,0,0,0,0,0,0,0,0,0,0,0
252,10,1436,8,10,0.081400,17641.28,0.042355,33903.74,0.031442,45671.24,0.039093,36733.15,0.048420,29657.32,0.039347,36496.20,0.060922,23571.12,0.082447,0.011196,0.020753,0.039347,0.153743,0.016068,3,173846,182111,1718514,837,0,0,0,1377,0,0,0,662,0,0,0,452,0,0,0,566,0,0,0,13,0,0,0,13991313057913207399,14237028208300069710,14237028208300069710,2575194956075672061,6644303147645241567,9329130933622279912,0,0,0,0,0,0,0,0,0,0,0
253,10,1414,8,10,0.091788,15405.11,0.048574,29110.11,0.042507,33264.90,0.043949,32173.84,0.056472,25039.02,0.045338,31188.10,0.064869,21797.69,0.093927,0.011472,0.022134,0.045338,0.172871,0.016701,2,188246,196621,1318666,1011,0,0,0,1950,0,0,0,772,0,0,0,626,0,0,0,770,0,0,0,11,0,0,0,877771366704589971,1318057933281269257,1318057933281269257,10554655511487378652,14308906279113477933,12506783144199537860,0,0,0,0,0,0,0,0,0,0,0
254,10,1319,8,10,0.176564,7470.38,0.120730,10925.19,0.098168,13436.21,0.107266,12296.57,0.126146,10456.10,0.058192,22666.29,0.141765,9304.10,0.178264,0.012883,0.023878,0.058192,0.273218,0.015402,2,193885,198745,2184039,969,0,0,0,1577,0,0,0,1154,0,0,0,744,0,0,0,959,0,0,0,8,0,0,0,6133659027458140153,475578454995360926,475578454995360926,16621482735472509816,13910185455316882383,9116919625245262179,0,0,0,0,0,0,0,0,0,0,0
255,10,1417,8,10,0.081542,17377.63,0.041328,34286.40,0.035825,39553.66,0.036249,39090.51,0.045691,31012.46,0.077281,18335.77,0.054038,26222.25,0.083133,0.012478,0.023305,0.077281,0.196197,0.015990,2,189313,194843,1391217,951,0,0,0,1708,0,0,0,928,0,0,0,632,0,0,0,241,0,0,0,16,0,0,0,721889609366742380,13261620475593663942,13261620475593663942,18156200247348242892,16195394729382595588,11976667034671791071,0,0,0,0,0,0,0,0,0,0,1
256,10,1379,8,10,0.087883,15691.31,0.053224,25909.57,0.037660,36617.10,0.038030,36260.76,0.054912,25113.04,0.041501,33228.21,0.064490,21383.00,0.089252,0.011657,0.021030,0.041501,0.163440,0.015511,2,170581,176221,1431261,903,0,0,0,1480,0,0,0,778,0,0,0,560,0,0,0,673,0,0,0,17,0,0,0,14193440267302915707,17185173611807253703,17185173611807253703,10087706714359804864,2019349516603843601,14130225041406683916,0,0,0,0,0,0,0,0,0,0,0
257,10,1373,8,10,0.093683,14655.83,0.043427,31615.92,0.035887,38258.60,0.038585,35584.09,0.050804,27025.62,0.037909,36218.56,0.068941,19915.50,0.094903,0.011882,0.018674,0.037909,0.163368,0.016822,4,184950,194320,2331682,841,0,0,0,1488,0,0,0,723,0,0,0,472,0,0,0,446,0,0,0,8,0,0,0,14913091781674830052,5499545750327233356,5499545750327233356,5133275548370691247,4792711742696856819,5432219909163846235,0,0,0,0,0,0,0,0,0,0,0
258,10,1940,8,10,0.078139,24827.62,0.034487,56252.69,0.030743,63103.97,0.036470,53194.39,0.040755,47602.03,0.038050,50985.69,0.058530,33145.49,0.080000,0.014009,0.019988,0.038050,0.152047,0.027747,6,211423,238763,1675358,1091,0,0,0,1608,0,0,0,724,0,0,0,454,0,0,0,459,0,0,0,19,0,0,0,4394209532412737174,11833542189976812521,11833542189976812521,8566775980346724719,10351372070949403433,9096397449693312938,0,0,0,0,0,0,0,0,0,0,0
259,10,1555,8,10,0.083992,18513.71,0.038145,40765.50,0.035623,43651.41,0.039836,39034.98,0.045302,34324.85,0.039103,39766.87,0.057130,27218.71,0.085527,0.013432,0.019209,0.039103,0.157271,0.021793,5,205134,215509,1531640,1082,0,0,0,1785,0,0,0,884,0,0,0,713,0,0,0,624,0,0,0,12,0,0,0,7973146906945097969,1072807264654706647,1072807264654706647,15953652020262361070,7881813023587637199,4293269825905025804,0,0,0,0,0,0,0,0,0,0,0
260,10,1582,8,10,0.077563,20396.24,0.036072,43856.52,0.028459,55589.27,0.033678,46974.91,0.038817,40754.94,0.032612,48510.00,0.054628,28959.52,0.079421,0.012083,0.024362,0.032612,0.148478,0.023822,3,188636,215861,2522098,807,0,0,0,1514,0,0,0,744,0,0,0,496,0,0,0,442,0,0,0,14,0,0,0,17412832561162030254,11478621921003600305,11478621921003600305,2338000242042971949,17342314297944752972,15938220590874145078,0,0,0,0,0,0,0,0,0,0,0
261,10,1558,8,10,0.067862,22958.41,0.033048,47144.17,0.029887,52129.84,0.033988,45839.24,0.039386,39557.27,0.032638,47735.33,0.048526,32106.71,0.069054,0.012742,0.029112,0.032638,0.143547,0.018658,2,185616,196421,1269755,947,0,0,0,1588,0,0,0,899,0,0,0,546,0,0,0,539,0,0,0,9,0,0,0,1582499136516789292,17034540010364681859,17034540010364681859,1878217551990251110,13422568771931176522,18250782176585222789,0,0,0,0,0,0,0,0,0,0,0
262,10,1487,8,10,0.101331,14674.69,0.055442,26820.75,0.044709,33259.87,0.056178,26469.38,0.064905,22910.31,0.042144,35283.38,0.074604,19931.91,0.102642,0.011838,0.014662,0.042144,0.171287,0.017530,7,183421,189566,1475192,817,0,0,0,1630,0,0,0,795,0,0,0,502,0,0,0,538,0,0,0,6,0,0,0,5618655725400915155,9961797423415345544,9961797423415345544,2515082272231484435,2559704749237631678,5135144365866643498,0,0,0,0,0,0,0,0,0,0,0
263,10,1324,8,10,0.076022,17415.93,0.032628,40578.54,0.028890,45829.67,0.034869,37970.21,0.037667,35150.04,0.035910,36869.80,0.051935,25493.52,0.077030,0.011584,0.013144,0.035910,0.137668,0.014845,7,171095,176165,2951088,783,0,0,0,1343,0,0,0,746,0,0,0,447,0,0,0,504,0,0,0,7,0,0,0,11234598093029905806,11554341828909451426,11554341828909451426,5526810337002523136,3461847601668781644,10393689869303421816,0,0,0,0,0,0,0,0,0,0,0
264,10,1367,8,10,0.388587,3517.88,0.333003,4105.07,0.319900,4273.21,0.324000,4219.14,0.341078,4007.88,0.105260,12986.90,0.360018,3797.03,0.391006,0.011086,0.022707,0.105260,0.530059,0.015431,2,176227,181652,1526015,779,0,0,0,1406,0,0,0,699,0,0,0,504,0,0,0,535,0,0,0,11,0,0,0,3526480540055064976,5487128784905669721,5487128784905669721,5342660788564289129,6582491105528747891,4965143073039830854,0,0,0,0,0,0,0,0,0,0,0
265,10,1339,8,10,0.078621,17031.09,0.041125,32559.03,0.033501,39968.52,0.037856,35370.45,0.047385,28258.06,0.041243,32466.36,0.055415,24163.23,0.080162,0.011194,0.025420,0.041243,0.158019,0.015480,2,181128,186923,1465547,879,0,0,0,1542,0,0,0,747,0,0,0,555,0,0,0,646,0,0,0,18,0,0,0,11141941018194517942,8206543943606511339,8206543943606511339,8244653773404778801,17786454980699194125,4144118218508744713,0,0,0,0,0,0,0,0,0,0,0
266,10,1393,8,10,0.069015,20184.05,0.044945,30993.23,0.029085,47894.70,0.031166,44695.77,0.035517,39220.40,0.031592,44093.29,0.043740,31847.63,0.069848,0.010829,0.019113,0.031592,0.131382,0.015329,3,164303,168658,3305796,775,0,0,0,1358,0,0,0,740,0,0,0,477,0,0,0,626,0,0,0,12,0,0,0,16575337066681347184,9981613845390311432,9981613845390311432,7109197951086231954,7799491646187668858,2551382014757619469,0,0,0,0,0,0,0,0,0,0,0
267,10,1343,8,10,0.102230,13137.05,0.057376,23407.20,0.038143,35209.33,0.038874,34547.10,0.065317,20561.27,0.043875,30609.65,0.073550,18259.74,0.103493,0.011356,0.021721,0.043875,0.180446,0.014677,2,171317,175047,2284226,784,0,0,0,1473,0,0,0,867,0,0,0,633,0,0,0,707,0,0,0,7,0,0,0,15192571739664932808,15628162316872861733,15628162316872861733,1884751278227847636,16532467618032581787,5001469517622612269,0,0,0,0,0,0,0,0,0,0,0
268,10,1530,8,10,0.090429,16919.42,0.051315,29815.63,0.046583,32844.53,0.046946,32590.78,0.054578,28033.37,0.041574,36801.52,0.065103,23501.22,0.091657,0.013057,0.029237,0.041574,0.175526,0.018775,2,195234,201629,1506103,893,0,0,0,1683,0,0,0,913,0,0,0,625,0,0,0,674,0,0,0,18,0,0,0,8244014059789487570,11755282203696638853,11755282203696638853,6040739472367434936,10096750909377726692,13810752116011183470,0,0,0,0,0,0,0,0,0,0,0
269,10,1351,8,10,0.075985,17779.94,0.031284,43184.67,0.027943,48347.98,0.033487,40343.58,0.038390,35191.47,0.033216,40672.59,0.046697,28931.09,0.077782,0.012163,0.022091,0.033216,0.145253,0.015266,2,178997,183857,1738835,703,0,0,0,1281,0,0,0,732,0,0,0,517,0,0,0,658,0,0,0,8,0,0,0,3954138987888049443,13146634179566705886,13146634179566705886,2526749543667567994,18404784982644354218,11615637397759236888,0,0,0,0,0,0,0,0,0,0,0
270,10,1368,8,10,0.075934,18015.66,0.035512,38522.12,0.032865,41624.22,0.037522,36458.68,0.041789,32736.18,0.036745,37229.16,0.052822,25898.40,0.077177,0.011201,0.020065,0.036745,0.145188,0.015663,3,174072,185522,1946248,857,0,0,0,1610,0,0,0,720,0,0,0,511,0,0,0,565,0,0,0,10,0,0,0,2493636425299768443,10230724264716942294,10230724264716942294,9978372270298974482,2249341699231815017,8360597380233483177,0,0,0,0,0,0,0,0,0,0,0
271,10,1601,8,10,0.153271,10445.54,0.101610,15756.33,0.083661,19136.67,0.083872,19088.64,0.111042,14417.93,0.096268,16630.58,0.123625,12950.47,0.154558,0.012545,0.020077,0.096268,0.283448,0.019766,5,193590,203785,1631621,901,0,0,0,1389,0,0,0,864,0,0,0,679,0,0,0,707,0,0,0,17,0,0,0,12549516766542931005,6895826508736639622,6895826508736639622,13149622515250653982,9115683648581276026,13309786789047855713,0,0,0,0,0,0,0,0,0,0,0
272,10,1467,8,10,0.091047,16112.56,0.049324,29742.08,0.035934,40824.53,0.039826,36835.33,0.053788,27273.95,0.042852,34234.15,0.066606,22025.04,0.092165,0.011617,0.022198,0.042852,0.168833,0.017989,2,187415,195120,1720940,962,0,0,0,1467,0,0,0,857,0,0,0,606,0,0,0,756,0,0,0,10,0,0,0,13053332745405651418,8961080835252554835,8961080835252554835,16530650327154959161,15169056925440968880,9237368871414253285,0,0,0,0,0,0,0,0,0,0,0
273,10,1567,8,10,0.074671,20985.31,0.037585,41691.74,0.028312,55346.74,0.032828,47733.22,0.038489,40712.67,0.034926,44866.04,0.052303,29959.97,0.076174,0.012794,0.021565,0.034926,0.145459,0.019966,3,190622,195827,2396122,614,0,0,0,1223,0,0,0,536,0,0,0,404,0,0,0,544,0,0,0,8,0,0,0,4544622997478086181,14503416734091446808,14503416734091446808,2844419081958773173,2490381370573256471,6722228238616633790,0,0,0,0,0,0,0,0,0,0,0
274,10,1483,8,10,0.085231,17399.76,0.045207,32804.40,0.036093,41087.99,0.038004,39022.62,0.046296,32032.93,0.038725,38296.04,0.059082,25100.67,0.087127,0.012068,0.021103,0.038725,0.159023,0.017194,3,187597,194717,1600997,757,0,0,0,1286,0,0,0,671,0,0,0,405,0,0,0,433,0,0,0,11,0,0,0,13432121630635535727,10505561764647493747,10505561764647493747,495678029596473324,3718572933458731105,5550838287025122313,0,0,0,0,0,0,0,0,0,0,0
275,10,1385,8,10,0.087773,15779.39,0.056877,24350.83,0.036986,37446.89,0.035586,38920.25,0.060189,23010.85,0.041069,33723.84,0.068939,20090.27,0.089182,0.011518,0.021536,0.041069,0.163306,0.015212,2,178747,185112,1248449,902,0,0,0,1458,0,0,0,741,0,0,0,491,0,0,0,681,0,0,0,12,0,0,0,3990436767921360078,2083524170017995638,2083524170017995638,5806186228053943439,17748847702077008686,15345209537510600864,0,0,0,0,0,0,0,0,0,0,0
276,10,1461,8,10,0.106448,13725.05,0.060094,24311.74,0.042443,34422.82,0.044252,33015.41,0.062311,23446.87,0.051953,28121.53,0.083582,17479.84,0.107487,0.012254,0.023162,0.051953,0.194856,0.017965,2,191350,197870,1824476,818,0,0,0,1314,0,0,0,746,0,0,0,415,0,0,0,618,0,0,0,9,0,0,0,2259615076604735050,10193195177574654800,10193195177574654800,10639030705903834480,13089758725159610886,7259347894344278081,0,0,0,0,0,0,0,0,0,0,0
277,10,1403,8,10,0.268170,5231.75,0.232153,6043.43,0.217810,6441.39,0.219861,6381.31,0.237213,5914.51,0.201399,6966.27,0.246611,5689.12,0.270124,0.010736,0.020074,0.201399,0.502333,0.015258,3,164007,169852,1198650,965,0,0,0,1786,0,0,0,920,0,0,0,541,0,0,0,839,0,0,0,16,0,0,0,2813308848293178435,847010106607354718,847010106607354718,6751626221158338832,10531988590107967747,9298335366908670457,0,0,0,0,0,0,0,0,0,0,0
278,10,1516,8,10,0.067931,22316.78,0.041828,36243.64,0.037259,40688.36,0.030007,50522.27,0.035166,43109.90,0.030611,49524.92,0.059426,25510.93,0.068998,0.011081,0.028146,0.030611,0.138837,0.016465,1,161122,243767,2071240,672,0,0,0,1442,0,0,0,640,0,0,0,344,0,0,0,498,0,0,0,16,0,0,0,15779611567099898551,7246976854314359591,7246976854314359591,17211417665151318270,10001895122431147905,1275125503501613537,0,0,0,0,0,0,0,0,0,0,0
279,10,1875,8,10,0.076233,24595.51,0.034532,54297.96,0.033512,55949.99,0.039169,47869.36,0.041934,44713.17,0.039145,47899.10,0.070036,26771.80,0.079346,0.014003,0.033052,0.039145,0.165546,0.024991,2,198536,365656,2106402,846,0,0,0,1502,0,0,0,719,0,0,0,508,0,0,0,542,0,0,0,15,0,0,0,4868005425938355654,10497902624204649673,10497902624204649673,8848901631139595818,9896423806852634848,12849435186982939782,0,0,0,0,0,0,0,0,0,0,0
280,10,1587,8,10,0.063324,25061.46,0.031782,49933.94,0.028350,55978.69,0.031346,50628.14,0.035469,44743.62,0.029561,53686.24,0.051228,30979.10,0.064375,0.010943,0.020297,0.029561,0.125176,0.018076,3,164461,233506,1420861,732,0,0,0,1300,0,0,0,756,0,0,0,488,0,0,0,498,0,0,0,8,0,0,0,1301706886241765780,16613950140332150681,16613950140332150681,6092426430504775440,1036070886177253014,2236787712852294987,0,0,0,0,0,0,0,0,0,0,0
281,10,1398,8,10,0.091661,15251.81,0.053878,25947.67,0.037698,37083.73,0.040949,34139.67,0.055319,25271.69,0.042992,32517.31,0.068002,20558.09,0.092494,0.011832,0.021957,0.042992,0.169275,0.015456,2,169083,174228,2181083,934,0,0,0,1671,0,0,0,916,0,0,0,583,0,0,0,817,0,0,0,16,0,0,0,4692762747362136461,7020242622465685609,7020242622465685609,16644191261909120052,9895020165803051021,3354454275297658114,0,0,0,0,0,0,0,0,0,0,0
282,10,1454,8,10,0.072806,19970.84,0.036713,39604.84,0.034050,42701.73,0.040327,36055.30,0.045574,31904.09,0.038060,38202.78,0.053942,26954.63,0.073974,0.011503,0.029302,0.038060,0.152839,0.016828,1,174101,181011,2134402,981,0,0,0,1634,0,0,0,760,0,0,0,513,0,0,0,503,0,0,0,19,0,0,0,10435321771443764466,15943986398989013057,15943986398989013057,11023259733807916127,611919082578892117,521519628760340467,0,0,0,0,0,0,0,0,0,0,0
283,10,1472,8,10,0.304917,4827.54,0.258131,5702.54,0.226740,6492.03,0.227605,6467.34,0.259620,5669.83,0.144529,10184.78,0.276719,5319.48,0.306901,0.013173,0.022925,0.144529,0.487528,0.017668,2,183919,191274,1659847,1060,0,0,0,1997,0,0,0,1298,0,0,0,637,0,0,0,655,0,0,0,10,0,0,0,902227741017344841,902227741017344841,902227741017344841,5795065453612267698,6442975540498701568,5049425079470049145,0,0,0,0,0,0,0,0,0,0,0
284,10,1401,8,10,0.102053,13728.22,0.060302,23233.21,0.051360,27278.06,0.052185,26846.83,0.068703,20392.27,0.066640,21023.26,0.079793,17557.97,0.103310,0.012313,0.011922,0.066640,0.194186,0.015485,9,173731,178281,1543460,887,0,0,0,1593,0,0,0,809,0,0,0,529,0,0,0,509,0,0,0,7,0,0,0,14033105848761912107,12593548176309122610,12593548176309122610,13530006816139513328,15705046257236192557,16907330549607870981,0,0,0,0,0,0,0,0,0,0,0
285,10,1528,8,10,0.085191,17936.08,0.046847,32616.57,0.039383,38798.25,0.035406,43156.53,0.051082,29912.77,0.059497,25682.09,0.064498,23690.58,0.086572,0.011728,0.022733,0.059497,0.180529,0.018058,2,184066,190136,1610192,1036,0,0,0,1703,0,0,0,785,0,0,0,549,0,0,0,271,0,0,0,16,0,0,0,3851808732833990280,2312962293215697265,2312962293215697265,15752685256459972364,16637977477601162405,4000603427315152763,0,0,0,0,0,0,0,0,0,0,1
286,10,1684,8,10,0.078934,21334.22,0.040816,41258.43,0.037320,45123.17,0.040532,41547.52,0.045022,37403.82,0.037581,44809.41,0.054243,31045.37,0.080500,0.012837,0.026052,0.037581,0.156970,0.021522,3,203145,213350,1899939,1181,0,0,0,2009,0,0,0,885,0,0,0,631,0,0,0,604,0,0,0,18,0,0,0,5668973580988674465,2899611186837713284,2899611186837713284,7802753375139964501,17897308573943676654,1801066882482586234,0,0,0,0,0,0,0,0,0,0,0
287,10,1545,8,10,0.088792,17400.21,0.047629,32438.44,0.035655,43331.34,0.037138,41601.23,0.052489,29434.63,0.042507,36347.28,0.063738,24240.02,0.090201,0.011647,0.022887,0.042507,0.167242,0.018605,2,180784,189559,2041771,944,0,0,0,1556,0,0,0,665,0,0,0,511,0,0,0,703,0,0,0,7,0,0,0,16274749189645918912,16371267017575827679,16371267017575827679,14268977677092746552,13268987832398043943,293124468126353799,0,0,0,0,0,0,0,0,0,0,0
288,10,1696,8,10,0.071052,23869.76,0.036321,46694.12,0.033667,50375.16,0.040070,42326.33,0.043275,39191.22,0.036358,46647.75,0.047429,35758.68,0.072680,0.011943,0.023276,0.036358,0.144257,0.020191,2,187487,193287,1395016,937,0,0,0,1515,0,0,0,903,0,0,0,651,0,0,0,620,0,0,0,11,0,0,0,7798408381573021404,13967466681088511043,13967466681088511043,8187595733051181518,16172270262245531347,9869359771498119594,0,0,0,0,0,0,0,0,0,0,0
289,10,1520,8,10,0.074546,20389.97,0.038124,39869.47,0.033583,45261.38,0.039430,38549.00,0.042764,35543.96,0.039755,38233.94,0.049124,30941.82,0.076271,0.011297,0.012563,0.039755,0.139886,0.017490,8,178343,185453,2281384,982,0,0,0,1497,0,0,0,808,0,0,0,502,0,0,0,540,0,0,0,8,0,0,0,11187640674599711802,11176943722085926320,11176943722085926320,20582026127832773,8615579816605467561,16288392560027531719,0,0,0,0,0,0,0,0,0,0,0
290,10,1660,8,10,0.110118,15074.79,0.074799,22192.88,0.052869,31398.42,0.051573,32187.48,0.082831,20040.80,0.067437,24615.67,0.092090,18025.80,0.111357,0.012395,0.023591,0.067437,0.214780,0.019375,2,190765,203600,1217879,1079,0,0,0,1796,0,0,0,942,0,0,0,779,0,0,0,841,0,0,0,12,0,0,0,8410080523502402845,8410080523502402845,8410080523502402845,17560946895182679714,13929049543151709811,10635191506280199009,0,0,0,0,0,0,0,0,0,0,0
291,10,1604,8,10,0.157734,10169.01,0.111606,14372.03,0.099393,16137.88,0.106833,15014.03,0.120632,13296.59,0.084871,18899.30,0.140360,11427.76,0.159720,0.012417,0.023206,0.084871,0.280213,0.020718,2,189792,221682,972053,1326,0,0,0,1775,0,0,0,1231,0,0,0,635,0,0,0,879,0,0,0,16,0,0,0,12462927891911922065,17810364187709063847,17810364187709063847,15193271029773381986,7137630899752566832,2959159287606360319,0,0,0,0,0,0,0,0,0,0,0
292,10,1593,8,10,0.106517,14955.39,0.063031,25273.43,0.047978,33202.78,0.053052,30027.23,0.071756,22200.12,0.050066,31818.14,0.079847,19950.73,0.108016,0.013220,0.022726,0.050066,0.194026,0.020612,3,193237,198842,1644027,1043,0,0,0,1813,0,0,0,892,0,0,0,694,0,0,0,921,0,0,0,17,0,0,0,7971295777113160668,13654657425653801144,13654657425653801144,167932158348836978,17903925303664115222,13778819245982969868,0,0,0,0,0,0,0,0,0,0,0
293,10,1433,8,10,0.083641,17132.80,0.047264,30319.09,0.035026,40912.91,0.042222,33939.96,0.049759,28799.05,0.044807,31981.54,0.061020,23483.91,0.085036,0.011849,0.013753,0.044807,0.155444,0.016767,8,180711,185636,1296650,974,0,0,0,1493,0,0,0,899,0,0,0,489,0,0,0,544,0,0,0,9,0,0,0,2014151277371841206,9329898304506100434,9329898304506100434,7258211095936891934,10753096584849617383,2505919507963909646,0,0,0,0,0,0,0,0,0,0,0
294,10,1513,8,10,0.078834,19192.28,0.038465,39334.69,0.037992,39824.22,0.041871,36134.61,0.045269,33422.34,0.042165,35882.73,0.052006,29092.64,0.081118,0.012275,0.020130,0.042165,0.155688,0.018304,4,195896,203051,1140934,1175,0,0,0,2043,0,0,0,956,0,0,0,700,0,0,0,757,0,0,0,24,0,0,0,9767244552326412115,13423364459919732134,13423364459919732134,10580036051283081574,6101947807553678594,3331301523433794626,0,0,0,0,0,0,0,0,0,0,0
295,10,1730,8,10,0.192659,8979.59,0.134259,12885.58,0.109196,15843.12,0.106607,16227.85,0.130330,13274.01,0.051529,33573.55,0.149936,11538.28,0.195157,0.016033,0.029001,0.051529,0.291721,0.024402,3,246080,255635,2057485,1153,0,0,0,2220,0,0,0,928,0,0,0,779,0,0,0,911,0,0,0,25,0,0,0,2942115297682231534,16832636005433419197,16832636005433419197,18107943212015220399,12724434311039369199,5698261593022922774,0,0,0,0,0,0,0,0,0,0,0
296,10,1543,8,10,0.091162,16925.99,0.036089,42755.85,0.033138,46563.25,0.043930,35123.79,0.047940,32186.06,0.042182,36579.74,0.063818,24178.16,0.092972,0.015187,0.027035,0.042182,0.177376,0.021154,3,222020,246720,1130574,1037,0,0,0,1694,0,0,0,777,0,0,0,570,0,0,0,637,0,0,0,14,0,0,0,7302034721407559134,7302034721407559134,7302034721407559134,14664753145448520456,1148291104894384700,4079817309018026169,0,0,0,0,0,0,0,0,0,0,0
297,10,1500,8,10,0.208852,7182.13,0.172848,8678.16,0.155036,9675.16,0.169256,8862.32,0.178481,8404.24,0.173316,8654.74,0.187707,7991.16,0.210319,0.012520,0.014077,0.173316,0.410232,0.018071,8,188004,194424,1290430,944,0,0,0,1633,0,0,0,856,0,0,0,509,0,0,0,619,0,0,0,8,0,0,0,12891349367004376885,16129481787944169238,16129481787944169238,11341245075869108305,17692306963057812219,5492830789395946309,0,0,0,0,0,0,0,0,0,0,0
298,10,1776,8,10,0.073034,24317.46,0.039778,44647.65,0.037771,47020.77,0.041208,43098.84,0.043515,40813.39,0.036712,48376.29,0.062572,28383.44,0.074307,0.013042,0.033205,0.036712,0.157267,0.022795,1,199337,381337,2381644,1085,0,0,0,1996,0,0,0,1000,0,0,0,690,0,0,0,707,0,0,0,21,0,0,0,14008700574011766153,1879039254776606070,1879039254776606070,8187925930719582005,11079101542176055241,6274778094781143778,0,0,0,0,0,0,0,0,0,0,0
299,10,1491,8,10,0.067166,22198.69,0.036024,41389.59,0.034461,43265.85,0.038320,38909.38,0.042125,35394.93,0.036549,40794.57,0.046970,31743.38,0.068628,0.012450,0.020703,0.036549,0.138330,0.018056,5,187443,194863,832414,1018,0,0,0,1656,0,0,0,932,0,0,0,550,0,0,0,496,0,0,0,13,0,0,0,226497691553204223,7221020503724611738,7221020503724611738,4015294381371451151,16354759961691970735,9495787052797284812,0,0,0,0,0,0,0,0,0,0,0
300,10,1754,8,10,0.073483,23869.57,0.037633,46607.63,0.032378,54172.18,0.035583,49292.86,0.043253,40552.12,0.035870,48898.68,0.052283,33548.09,0.075242,0.014121,0.026422,0.035870,0.151655,0.023548,2,218507,230032,1093514,944,0,0,0,1697,0,0,0,758,0,0,0,583,0,0,0,663,0,0,0,12,0,0,0,1618880139027619131,9960324393054060535,9960324393054060535,3365750396346434205,16413593606439945532,11416141006502207260,0,0,0,0,0,0,0,0,0,0,0
301,10,1611,8,10,0.094797,16994.29,0.049825,32333.05,0.040099,40175.27,0.044013,36603.21,0.060628,26572.10,0.045913,35087.83,0.071708,22466.09,0.096191,0.013456,0.023253,0.045913,0.178814,0.020855,3,215973,226098,1151672,1190,0,0,0,1850,0,0,0,753,0,0,0,650,0,0,0,705,0,0,0,19,0,0,0,6904253976312405427,17798135507989362092,17798135507989362092,16485065783644347708,9508810822361985067,10581710015766488871,0,0,0,0,0,0,0,0,0,0,0
302,10,1532,8,10,0.081013,18910.46,0.044170,34684.12,0.042977,35646.62,0.047850,32016.64,0.052847,28989.13,0.042649,35920.80,0.054552,28083.40,0.082201,0.012805,0.022702,0.042649,0.160357,0.020284,3,196794,204069,1779039,1083,0,0,0,1932,0,0,0,857,0,0,0,635,0,0,0,793,0,0,0,14,0,0,0,11553968986894474440,3370844925034352876,3370844925034352876,12267857932425051833,3234998760413826972,2066210343120065300,0,0,0,0,0,0,0,0,0,0,0
303,10,1541,8,10,0.070155,21965.66,0.031131,49500.82,0.027288,56471.24,0.033217,46391.78,0.037813,40752.68,0.033086,46575.63,0.045675,33738.35,0.071415,0.012111,0.022977,0.033086,0.139590,0.018758,2,185512,191032,990911,733,0,0,0,1319,0,0,0,739,0,0,0,548,0,0,0,587,0,0,0,13,0,0,0,6956981105988754516,11418241397269039870,11418241397269039870,2068806002695194146,8400238883905649213,1565141529449484098,0,0,0,0,0,0,0,0,0,0,0
304,10,1580,8,10,0.078985,20003.83,0.047545,33231.69,0.040980,38554.97,0.042925,36808.09,0.051483,30689.74,0.037653,41961.64,0.054685,28892.71,0.080481,0.010784,0.023259,0.037653,0.152176,0.019187,2,184243,191073,1341254,1129,0,0,0,1850,0,0,0,920,0,0,0,689,0,0,0,683,0,0,0,10,0,0,0,943166472403496372,11325430631900401872,11325430631900401872,6933422195356093866,4535761179755986945,10030898664209186192,0,0,0,0,0,0,0,0,0,0,0
305,10,1585,8,10,0.086034,18422.94,0.040340,39290.83,0.032199,49225.31,0.036895,42960.04,0.046200,34307.21,0.037598,42156.70,0.060043,26397.74,0.087129,0.012604,0.023763,0.037598,0.161094,0.019955,2,193828,203743,2065627,862,0,0,0,1525,0,0,0,723,0,0,0,539,0,0,0,604,0,0,0,5,0,0,0,16308987482380469242,16308987482380469242,16308987482380469242,3586934864180555234,13426866006200312583,15095066129858421721,0,0,0,0,0,0,0,0,0,0,0
306,10,1501,8,10,0.260380,5764.64,0.209670,7158.86,0.196580,7635.58,0.202636,7407.37,0.216124,6945.09,0.041933,35795.34,0.236595,6344.19,0.262285,0.012721,0.023527,0.041933,0.340466,0.018205,2,190586,196371,1646255,884,0,0,0,1514,0,0,0,1603,0,0,0,608,0,0,0,712,0,0,0,9,0,0,0,9562720963491882782,9520513430895023157,9520513430895023157,844239244222780011,10558339099599996788,6725998646429263183,0,0,0,0,0,0,0,0,0,0,0
307,10,1440,8,10,0.090078,15986.10,0.042810,33637.37,0.032129,44819.33,0.033765,42647.89,0.049323,29195.43,0.040011,35989.94,0.064861,22201.40,0.091243,0.010671,0.021549,0.040011,0.163475,0.016470,2,169798,174393,2116408,607,0,0,0,1288,0,0,0,648,0,0,0,426,0,0,0,660,0,0,0,6,0,0,0,17871232207260486995,16330847057127788296,16330847057127788296,11874965981475407533,15598674969362863276,7102399694153618311,0,0,0,0,0,0,0,0,0,0,0
308,10,1361,8,10,0.087414,15569.55,0.042083,32340.81,0.029400,46293.15,0.028381,47955.34,0.044772,30398.20,0.030416,44746.66,0.058545,23247.03,0.089026,0.010979,0.019858,0.030416,0.150279,0.014610,3,164817,168397,1922113,586,0,0,0,1038,0,0,0,633,0,0,0,429,0,0,0,613,0,0,0,6,0,0,0,570967743717809957,2207999515059868948,2207999515059868948,5234528104871400574,3227666118591383865,9579280191300124448,0,0,0,0,0,0,0,0,0,0,0
309,10,1394,8,10,0.075154,18548.57,0.037486,37186.97,0.031137,44769.86,0.035108,39706.32,0.042488,32809.10,0.086178,16175.76,0.051413,27113.87,0.076467,0.010996,0.025822,0.086178,0.199464,0.015264,2,171233,175888,3062179,860,0,0,0,1341,0,0,0,793,0,0,0,454,0,0,0,42,0,0,0,6,0,0,0,15174419692115425785,16559374159638097535,16559374159638097535,4741165406142670461,8238965822318440963,3344164639436123343,0,0,0,0,0,0,0,0,0,0,1
310,10,1446,8,10,0.086631,16691.55,0.044147,32753.99,0.037438,38623.78,0.045306,31916.56,0.049998,28920.90,0.035975,40194.94,0.062632,23087.09,0.087959,0.011715,0.022357,0.035975,0.158006,0.016176,2,178580,193475,1873812,757,0,0,0,1270,0,0,0,709,0,0,0,461,0,0,0,576,0,0,0,10,0,0,0,16802079131554253520,6974120496640726465,6974120496640726465,16008156594367177779,11857527501845226252,7085963342458570589,0,0,0,0,0,0,0,0,0,0,0
311,10,1404,8,10,0.108768,12908.18,0.070703,19857.77,0.047140,29783.86,0.042579,32974.33,0.069860,20097.45,0.053197,26392.32,0.082152,17090.18,0.110400,0.012208,0.023098,0.053197,0.198903,0.015770,2,190361,196091,2743783,812,0,0,0,1553,0,0,0,911,0,0,0,556,0,0,0,681,0,0,0,16,0,0,0,6089636679411351090,2406494875628235555,2406494875628235555,15441490619699964079,1432355630124531934,6508408008874581108,0,0,0,0,0,0,0,0,0,0,0
312,10,1498,8,10,0.094365,15874.61,0.050993,29376.45,0.042924,34898.52,0.045392,33001.65,0.056156,26675.76,0.035085,42696.37,0.070083,21374.67,0.095641,0.012253,0.026363,0.035085,0.169343,0.016871,2,186812,230812,1360330,854,0,0,0,1472,0,0,0,718,0,0,0,624,0,0,0,498,0,0,0,6,0,0,0,2060610436896296903,13901519240099053053,13901519240099053053,13708155234590670772,12898644668137792985,8399867019255687095,0,0,0,0,0,0,0,0,0,0,0
313,10,1460,8,10,0.076472,19091.84,0.032902,44374.04,0.028044,52060.81,0.032637,44734.80,0.037912,38510.15,0.033157,44033.18,0.051028,28611.84,0.077809,0.011477,0.022438,0.033157,0.144881,0.016699,2,179592,185602,1870291,783,0,0,0,1007,0,0,0,720,0,0,0,526,0,0,0,541,0,0,0,8,0,0,0,682493425653540498,17900823652810906711,17900823652810906711,915837957764249045,5105036385554472172,15835643834228259353,0,0,0,0,0,0,0,0,0,0,0
314,10,1493,8,10,0.208289,7167.93,0.161248,9259.04,0.152396,9796.84,0.153408,9732.22,0.165490,9021.72,0.162869,9166.90,0.185881,8032.01,0.210090,0.012124,0.023131,0.162869,0.408214,0.017678,3,184301,192106,2133708,904,0,0,0,1550,0,0,0,942,0,0,0,587,0,0,0,804,0,0,0,10,0,0,0,8132135664223655466,13542264458385732490,13542264458385732490,16164906131958249388,11972899781268068903,13500414108566877309,0,0,0,0,0,0,0,0,0,0,0
315,10,1484,8,10,0.172434,8606.21,0.134007,11074.06,0.118322,12542.02,0.121005,12264.00,0.137303,10808.20,0.112586,13181.00,0.149451,9929.65,0.173781,0.011902,0.023085,0.112586,0.321354,0.017376,2,186204,190329,1212703,923,0,0,0,1497,0,0,0,879,0,0,0,543,0,0,0,683,0,0,0,13,0,0,0,4400735255475059281,5764957982972410644,5764957982972410644,12584338428929996515,17755571309308129241,8965319620326173419,0,0,0,0,0,0,0,0,0,0,0
316,10,1513,8,10,0.068278,22159.28,0.035973,42059.79,0.031567,47929.77,0.035418,42718.19,0.039960,37862.99,0.035159,43032.78,0.046475,32555.26,0.068918,0.012010,0.022433,0.035159,0.138521,0.016673,2,169504,176049,2290177,934,0,0,0,1462,0,0,0,659,0,0,0,465,0,0,0,594,0,0,0,14,0,0,0,7578301831203226444,2709590447248012140,2709590447248012140,481200781036020437,13595081338727040230,15104516605005861136,0,0,0,0,0,0,0,0,0,0,0
317,10,1730,8,10,0.085200,20305.28,0.041036,42158.09,0.034508,50133.07,0.046009,37601.37,0.047886,36127.49,0.043240,40009.37,0.057375,30152.45,0.086431,0.013106,0.027749,0.043240,0.170526,0.022839,2,207113,214443,2017441,850,0,0,0,1601,0,0,0,983,0,0,0,587,0,0,0,658,0,0,0,9,0,0,0,2479794104857747600,5773064942906378436,5773064942906378436,11777643555207358777,9745267733630534482,16413516942686667678,0,0,0,0,0,0,0,0,0,0,0
318,10,1707,8,10,0.077903,21911.79,0.035445,48158.83,0.026989,63248.38,0.037861,45085.71,0.046613,36620.38,0.040900,41736.07,0.070078,24358.49,0.079851,0.012312,0.016725,0.040900,0.149787,0.022582,6,200970,223995,1395763,1206,0,0,0,1419,0,0,0,442,0,0,0,379,0,0,0,391,0,0,0,12,0,0,0,8926800018705507534,4887483399843438765,4887483399843438765,15106527635190247589,16159714260752309337,13594101988871107058,0,0,0,0,0,0,0,0,0,0,0
319,10,1670,8,10,0.079196,21086.82,0.035590,46922.67,0.029449,56708.67,0.039953,41799.17,0.045437,36754.50,0.044303,37695.00,0.070164,23801.45,0.080803,0.012673,0.018368,0.044303,0.156147,0.021457,7,201527,225372,1168718,1179,0,0,0,1669,0,0,0,551,0,0,0,461,0,0,0,432,0,0,0,10,0,0,0,14111560895716896243,15336790677452169963,15336790677452169963,6585326895305879348,11026934106899767456,15804015658028555619,0,0,0,0,0,0,0,0,0,0,0
320,10,1930,8,10,0.089088,21663.87,0.048506,39788.71,0.037662,51245.47,0.040168,48047.85,0.058906,32764.32,0.047798,40378.33,0.079886,24159.40,0.090259,0.013497,0.026405,0.047798,0.177959,0.026658,2,206537,237942,780599,945,0,0,0,1539,0,0,0,693,0,0,0,537,0,0,0,634,0,0,0,12,0,0,0,12572600154441585445,1944821926216197941,1944821926216197941,12027322220418245027,19937348974123954,14567645136459894355,0,0,0,0,0,0,0,0,0,0,0
321,10,1649,8,10,0.085302,19331.41,0.045231,36457.24,0.032699,50429.67,0.036090,45691.31,0.047492,34721.90,0.041915,39341.58,0.072326,22799.51,0.086779,0.013924,0.018754,0.041915,0.161372,0.021531,5,193642,208682,1509205,1061,0,0,0,1545,0,0,0,613,0,0,0,422,0,0,0,450,0,0,0,15,0,0,0,16841837043700928214,16841837043700928214,16841837043700928214,8133529522977033221,17233710261961023876,15074132424075786990,0,0,0,0,0,0,0,0,0,0,0
322,10,1637,8,10,0.133741,12240.04,0.093961,17422.09,0.077554,21107.74,0.087791,18646.62,0.101013,16205.82,0.094789,17269.99,0.114634,14280.23,0.135027,0.012160,0.018892,0.094789,0.260867,0.020889,5,188628,197283,1552234,757,0,0,0,1263,0,0,0,902,0,0,0,501,0,0,0,604,0,0,0,15,0,0,0,16564494771337570196,2273037578936716553,2273037578936716553,17153715174319848783,3234004192423323991,15417387514841057008,0,0,0,0,0,0,0,0,0,0,0
323,10,1591,8,10,0.086770,18335.74,0.043954,36197.30,0.032127,49522.47,0.035021,45430.49,0.054248,29328.29,0.038612,41204.68,0.068670,23168.75,0.088914,0.012922,0.024189,0.038612,0.164637,0.020381,2,195866,208651,1043521,840,0,0,0,1133,0,0,0,490,0,0,0,410,0,0,0,486,0,0,0,8,0,0,0,18058276631318828952,18058276631318828952,18058276631318828952,16769454513553450623,552866000903338647,1501729888450566849,0,0,0,0,0,0,0,0,0,0,0
324,10,1563,8,10,0.090987,17178.36,0.047119,33171.44,0.031487,49639.24,0.037312,41890.50,0.054426,28717.68,0.069631,22446.74,0.064780,24127.79,0.093008,0.014327,0.022810,0.069631,0.199777,0.020587,3,217952,226377,1662657,721,0,0,0,1168,0,0,0,704,0,0,0,385,0,0,0,266,0,0,0,8,0,0,0,7317266377882501069,6688321141169045774,6688321141169045774,16864236868583235157,15993371988621972490,16288795068386511629,0,0,0,0,0,0,0,0,0,0,1
325,10,1651,8,10,0.075603,21837.83,0.035589,46391.05,0.032738,50431.00,0.037815,43660.48,0.042080,39234.72,0.038129,43299.92,0.051045,32343.92,0.077188,0.012911,0.022118,0.038129,0.150346,0.020617,3,194725,202485,1351940,909,0,0,0,1440,0,0,0,835,0,0,0,535,0,0,0,511,0,0,0,10,0,0,0,9921112789360058371,9921112789360058371,9921112789360058371,591711250802805983,4083449650939604992,244853039147696263,0,0,0,0,0,0,0,0,0,0,0
326,10,1522,8,10,0.066238,22977.69,0.027781,54785.54,0.025957,58634.40,0.030162,50460.47,0.034243,44447.18,0.030865,49311.29,0.046364,32827.14,0.067457,0.011309,0.019967,0.030865,0.129599,0.017750,3,165937,172522,1315358,660,0,0,0,1168,0,0,0,568,0,0,0,426,0,0,0,561,0,0,0,12,0,0,0,5330792591813283597,5330792591813283597,5330792591813283597,17925928495480277345,3287581796346752950,17921183766080286088,0,0,0,0,0,0,0,0,0,0,0
327,10,1566,8,10,0.077219,20280.03,0.031549,49636.52,0.027157,57665.62,0.037338,41940.76,0.041232,37980.25,0.079022,19817.23,0.060568,25855.44,0.078663,0.013629,0.024815,0.079022,0.196130,0.024115,3,197952,211382,2288971,730,0,0,0,1028,0,0,0,584,0,0,0,420,0,0,0,82,0,0,0,9,0,0,0,11467194601007586037,7442468147935977829,7442468147935977829,5757764385740495846,16327989327277957390,16657180148685192282,0,0,0,0,0,0,0,0,0,0,1
328,10,1737,8,10,0.085043,20424.98,0.042240,41122.01,0.036192,47993.90,0.040821,42551.25,0.048088,36121.38,0.092818,18714.01,0.062218,27917.90,0.086644,0.013762,0.031218,0.092818,0.224443,0.022556,2,198357,208732,1416707,609,0,0,0,1145,0,0,0,725,0,0,0,443,0,0,0,50,0,0,0,4,0,0,0,3111663539000549170,18083054934791577036,18083054934791577036,1266740631203969288,16405741863151858969,16285414008447692669,0,0,0,0,0,0,0,0,0,0,1
329,10,1581,8,10,0.071207,22202.86,0.030157,52425.19,0.028272,55921.66,0.034020,46472.50,0.037616,42029.74,0.032286,48968.42,0.049145,32169.99,0.072552,0.012148,0.022724,0.032286,0.139710,0.019639,2,179613,186653,1870492,684,0,0,0,1340,0,0,0,769,0,0,0,587,0,0,0,623,0,0,0,13,0,0,0,5346317829520470778,2159927098239132584,2159927098239132584,13464536691593421154,13747874163042577968,14731157693926262097,0,0,0,0,0,0,0,0,0,0,0
330,10,1382,8,10,0.073192,18881.83,0.039351,35119.79,0.028381,48694.74,0.035692,38720.24,0.042816,32278.02,0.036332,38038.00,0.052211,26469.62,0.074121,0.011047,0.020693,0.036332,0.142193,0.017541,3,175155,184085,2206713,723,0,0,0,1197,0,0,0,726,0,0,0,378,0,0,0,580,0,0,0,6,0,0,0,3421503347220502214,16808200779248914134,16808200779248914134,12922841942660219985,11315964629705532745,2804525002936632687,0,0,0,0,0,0,0,0,0,0,0
331,10,1699,8,10,0.084604,20081.71,0.038523,44103.73,0.031745,53519.45,0.036003,47191.00,0.044852,37880.33,0.070222,24194.62,0.060865,27914.03,0.085693,0.012950,0.022561,0.070222,0.191426,0.022855,2,186092,197912,1748091,746,0,0,0,1237,0,0,0,713,0,0,0,451,0,0,0,297,0,0,0,8,0,0,0,10191329474590099466,8878634526911853946,8878634526911853946,10319901832127063274,17288611873693102722,4090625188901074054,0,0,0,0,0,0,0,0,0,0,1
332,10,1765,8,10,0.124487,14178.20,0.068503,25765.37,0.051166,34495.42,0.054553,32353.90,0.076118,23187.64,0.051610,34198.83,0.101183,17443.66,0.126274,0.014563,0.022059,0.051610,0.214506,0.024304,4,206911,214516,1650790,721,0,0,0,1225,0,0,0,899,0,0,0,585,0,0,0,724,0,0,0,14,0,0,0,4978095370238261324,17585372799052263957,17585372799052263957,10175289004638650039,12906673266714434183,14841559995427353227,0,0,0,0,0,0,0,0,0,0,0
333,10,1573,8,10,0.071329,22052.59,0.033093,47532.56,0.029465,53385.77,0.033282,47263.22,0.038328,41040.21,0.044062,35699.65,0.048015,32760.64,0.072694,0.011853,0.020455,0.044062,0.149065,0.018534,3,182854,188394,2326822,674,0,0,0,1283,0,0,0,587,0,0,0,461,0,0,0,345,0,0,0,13,0,0,0,15124558570722534827,9807216137089638272,9807216137089638272,11004933053705955356,9198330867891869859,2062930788146956666,0,0,0,0,0,0,0,0,0,0,1
334,10,1686,8,10,0.082861,20347.36,0.042326,39833.71,0.026863,62764.03,0.032195,52368.58,0.044677,37737.54,0.030488,55301.22,0.065351,25799.19,0.083794,0.012535,0.023707,0.030488,0.150523,0.020739,2,185322,222797,1624719,651,0,0,0,1073,0,0,0,760,0,0,0,542,0,0,0,585,0,0,0,10,0,0,0,10599927155089126504,14412430818761825330,14412430818761825330,15115090970383244962,5233331165219117983,9101295069984622832,0,0,0,0,0,0,0,0,0,0,0
335,10,1864,8,10,0.088706,21013.32,0.047667,39105.01,0.033017,56456.30,0.032821,56792.73,0.051005,36545.10,0.047005,39654.94,0.067786,27498.16,0.090411,0.012645,0.012503,0.047005,0.162564,0.023162,9,193819,204114,1389697,840,0,0,0,1373,0,0,0,670,0,0,0,489,0,0,0,501,0,0,0,14,0,0,0,1104715057787233618,1863506520791753338,1863506520791753338,13820899915718347419,16732422209908814329,11047697368230809532,0,0,0,0,0,0,0,0,0,0,0
336,10,1744,8,10,0.074151,23519.51,0.040380,43189.50,0.038484,45316.98,0.040746,42801.27,0.045831,38053.06,0.036111,48294.89,0.058714,29703.54,0.075722,0.012666,0.024250,0.036111,0.148749,0.022879,2,200480,261610,1500384,1315,0,0,0,2053,0,0,0,905,0,0,0,650,0,0,0,821,0,0,0,12,0,0,0,14502011945103051568,12484581824893775072,12484581824893775072,10973626864746157922,15919811462434366005,7616267516631642335,0,0,0,0,0,0,0,0,0,0,0
337,10,1661,8,10,0.078956,21036.97,0.037913,43811.29,0.034464,48194.92,0.036163,45930.45,0.042695,38904.19,0.037697,44061.33,0.056886,29198.94,0.080605,0.012410,0.023257,0.037697,0.153969,0.020485,2,199383,215933,2322153,1198,0,0,0,1789,0,0,0,959,0,0,0,615,0,0,0,808,0,0,0,7,0,0,0,9059720582676434369,8951805253079464803,8951805253079464803,15259761010941853103,11241637402437474329,11034188192595076775,0,0,0,0,0,0,0,0,0,0,0
338,10,1569,8,10,0.083822,18718.35,0.066874,23462.10,0.051020,30752.67,0.065662,23895.16,0.070829,22151.97,0.050479,31082.05,0.065547,23937.00,0.085443,0.012519,0.021899,0.050479,0.170340,0.018490,3,198840,207800,1281429,1353,0,0,0,2081,0,0,0,1102,0,0,0,680,0,0,0,773,0,0,0,22,0,0,0,7378654515553964981,17745469524711998113,17745469524711998113,7577122552950029206,10575634229431674399,16412444826079613137,0,0,0,0,0,0,0,0,0,0,0
339,10,1446,8,10,0.066986,21586.67,0.037582,38475.49,0.027592,52406.58,0.031728,45575.58,0.040691,35536.35,0.030313,47701.83,0.053091,27236.17,0.068402,0.011547,0.022085,0.030313,0.132347,0.015903,2,178591,185031,1182023,881,0,0,0,1431,0,0,0,922,0,0,0,467,0,0,0,607,0,0,0,19,0,0,0,1321294801874366700,13747700610718199708,13747700610718199708,10489521843801614718,11521036781232030847,1733536739590453574,0,0,0,0,0,0,0,0,0,0,0
340,10,1509,8,10,0.082981,18184.79,0.046000,32804.58,0.029214,51652.84,0.032735,46097.44,0.048432,31157.37,0.033391,45191.46,0.060190,25070.52,0.083739,0.011174,0.021805,0.033391,0.150110,0.017607,2,175526,182991,1780898,680,0,0,0,1130,0,0,0,737,0,0,0,495,0,0,0,579,0,0,0,8,0,0,0,17061894595522864708,136071525157468569,136071525157468569,13464606106560472787,7299152586554576699,12242503553563371932,0,0,0,0,0,0,0,0,0,0,0
341,10,1540,8,10,0.067437,22836.26,0.029535,52141.08,0.028040,54921.50,0.031500,48888.54,0.037341,41241.70,0.032006,48116.32,0.047423,32473.66,0.069016,0.012369,0.023356,0.032006,0.136747,0.018264,2,189175,195355,1262765,760,0,0,0,1426,0,0,0,595,0,0,0,481,0,0,0,559,0,0,0,10,0,0,0,13615235461091682967,17675561620978965643,17675561620978965643,1877500009905720274,13591416045979003925,7788195842864981387,0,0,0,0,0,0,0,0,0,0,0
342,10,1636,8,10,0.082775,19764.32,0.052560,31126.20,0.049714,32908.27,0.047633,34346.11,0.055251,29610.32,0.073074,22388.41,0.060151,27198.15,0.083894,0.013202,0.025463,0.073074,0.195632,0.022110,2,210039,220604,891714,1025,0,0,0,1685,0,0,0,937,0,0,0,641,0,0,0,378,0,0,0,24,0,0,0,18060184425791811723,4308975545567000317,4308975545567000317,17896013355816440710,287561572177092671,4605689811578704540,0,0,0,0,0,0,0,0,0,0,1
343,10,1573,8,10,0.062953,24986.72,0.032888,47828.66,0.030056,52335.28,0.033227,47341.44,0.037498,41948.53,0.031737,49564.29,0.040421,38915.69,0.064311,0.012537,0.023533,0.031737,0.132117,0.019434,2,188075,196430,1521431,930,0,0,0,1610,0,0,0,843,0,0,0,695,0,0,0,771,0,0,0,17,0,0,0,5900430075869499868,5354090864225368821,5354090864225368821,5843925116977975334,2095686893356966624,6735473711485307607,0,0,0,0,0,0,0,0,0,0,0
344,10,1713,8,10,0.068242,25101.94,0.037488,45694.30,0.033958,50444.41,0.037639,45510.94,0.039911,42920.88,0.035575,48151.87,0.044743,38285.63,0.069951,0.012594,0.024931,0.035575,0.143051,0.021636,2,202880,211085,892813,1013,0,0,0,1548,0,0,0,807,0,0,0,583,0,0,0,655,0,0,0,10,0,0,0,13698564269235445717,12351265955131437444,12351265955131437444,9025331798758102034,13668187121474707313,3857525188071621545,0,0,0,0,0,0,0,0,0,0,0
345,10,1832,8,10,0.074607,24555.50,0.034543,53035.46,0.030043,60980.19,0.038920,47071.17,0.041905,43718.17,0.040168,45608.90,0.058456,31339.83,0.076189,0.014062,0.016505,0.040168,0.146923,0.029008,7,209174,220914,883351,941,0,0,0,1404,0,0,0,503,0,0,0,414,0,0,0,431,0,0,0,7,0,0,0,13850713040914546611,2944617404605091991,2944617404605091991,7439492681334363845,10194383647751385321,8113221780930387685,0,0,0,0,0,0,0,0,0,0,0
346,10,1543,8,10,0.073743,20924.10,0.038990,39574.26,0.031706,48666.41,0.034008,45371.25,0.042671,36160.48,0.034420,44828.12,0.051781,29798.59,0.074927,0.012352,0.022856,0.034420,0.144555,0.018161,2,182252,189677,1674233,907,0,0,0,1429,0,0,0,711,0,0,0,544,0,0,0,656,0,0,0,13,0,0,0,6118368644773739412,7412916921153407787,7412916921153407787,479433551080012396,2855039156365860886,15969666328412077908,0,0,0,0,0,0,0,0,0,0,0
347,10,1780,8,10,0.101261,17578.27,0.057127,31158.68,0.038317,46454.93,0.047722,37299.57,0.060446,29447.58,0.052853,33678.49,0.073247,24301.32,0.102959,0.014817,0.022103,0.052853,0.192732,0.026806,6,218728,229178,1109654,1156,0,0,0,1758,0,0,0,902,0,0,0,628,0,0,0,673,0,0,0,19,0,0,0,10641037516829040440,6607702028728032420,6607702028728032420,11241365582113629564,6733765980789595739,5348507730701956940,0,0,0,0,0,0,0,0,0,0,0
348,10,1764,8,10,0.081493,21646.10,0.041421,42587.27,0.036096,48870.16,0.038699,45582.78,0.045728,38575.56,0.036457,48386.23,0.060771,29027.18,0.083284,0.013234,0.025821,0.036457,0.158796,0.022521,2,218349,227764,920663,1145,0,0,0,1767,0,0,0,853,0,0,0,643,0,0,0,678,0,0,0,35,0,0,0,1263606436712315911,6659807859000578474,6659807859000578474,3847819420049597706,4454104013038556878,3211255319635582266,0,0,0,0,0,0,0,0,0,0,0
349,10,1714,8,10,0.075864,22593.11,0.041254,41547.75,0.036662,46750.82,0.040149,42691.31,0.046414,36928.81,0.038486,44535.39,0.057076,30030.17,0.076980,0.012740,0.023416,0.038486,0.151622,0.021449,2,195831,220441,1791084,1249,0,0,0,1903,0,0,0,817,0,0,0,665,0,0,0,627,0,0,0,19,0,0,0,8172346028982576782,10921351495546986734,10921351495546986734,5306522347932671309,5219717280119282198,16852794748819947925,0,0,0,0,0,0,0,0,0,0,0
350,10,1806,8,10,0.082988,21762.29,0.043208,41797.78,0.036882,48966.61,0.036430,49574.06,0.046604,38751.62,0.038899,46428.38,0.062944,28692.31,0.084506,0.012214,0.019903,0.038899,0.155521,0.022350,5,185510,202695,1401627,786,0,0,0,1667,0,0,0,864,0,0,0,611,0,0,0,697,0,0,0,19,0,0,0,12905669852649610931,18027604458916271264,18027604458916271264,9372252453701560088,5138808784500459300,15387969770213690058,0,0,0,0,0,0,0,0,0,0,0
351,10,1789,8,10,0.066424,26932.99,0.030429,58792.54,0.027486,65087.78,0.031764,56322.32,0.034695,51564.07,0.032133,55674.28,0.053516,33429.15,0.067623,0.014023,0.023152,0.032133,0.136931,0.022009,3,180540,205445,1245437,799,0,0,0,1278,0,0,0,722,0,0,0,505,0,0,0,587,0,0,0,22,0,0,0,13825300409705843321,10474410656369653935,10474410656369653935,2572248892005372821,7678008739563992658,6428838514395767715,0,0,0,0,0,0,0,0,0,0,0
352,10,1588,8,10,0.084867,18711.55,0.044232,35901.69,0.035727,44448.40,0.036020,44087.19,0.049239,32250.63,0.062812,25281.77,0.059785,26561.92,0.086264,0.011831,0.022517,0.062812,0.183424,0.018998,2,177138,182563,2322797,790,0,0,0,1435,0,0,0,781,0,0,0,546,0,0,0,437,0,0,0,8,0,0,0,11502834847948764614,13077711344089923191,13077711344089923191,8126593348707058727,13226327254570282759,15525987990885576514,0,0,0,0,0,0,0,0,0,0,1
353,10,1465,8,10,0.072484,20211.42,0.038423,38128.63,0.030803,47560.48,0.033043,44336.30,0.043673,33544.89,0.036059,40628.28,0.050918,28771.91,0.073523,0.011144,0.021963,0.036059,0.142688,0.016845,2,160012,166287,1493388,863,0,0,0,1457,0,0,0,734,0,0,0,475,0,0,0,541,0,0,0,7,0,0,0,12396582400992832929,15791550928518342314,15791550928518342314,13512734844214238173,16743754001959246036,13848846543193045048,0,0,0,0,0,0,0,0,0,0,0
354,10,1619,8,10,0.083907,19295.26,0.044457,36417.25,0.041091,39400.51,0.045868,35296.57,0.053141,30466.18,0.045914,35261.71,0.060318,26841.29,0.085289,0.012724,0.023942,0.045914,0.167869,0.019751,2,185562,195762,1398100,1021,0,0,0,1640,0,0,0,774,0,0,0,632,0,0,0,786,0,0,0,7,0,0,0,5877436348945928911,17492711492027859703,17492711492027859703,1562301216342170041,1903880524417895808,3091507488163771119,0,0,0,0,0,0,0,0,0,0,0
355,10,1589,8,10,0.074898,21215.39,0.035502,44757.84,0.033643,47231.09,0.038796,40958.34,0.042257,37602.90,0.041049,38709.44,0.053280,29823.61,0.076666,0.012099,0.011425,0.041049,0.141240,0.019064,10,183812,191747,1181512,884,0,0,0,1514,0,0,0,734,0,0,0,538,0,0,0,540,0,0,0,14,0,0,0,8421838524299056670,3506120989204545109,3506120989204545109,17087781413276687326,9617178058456298,17920092810103287851,0,0,0,0,0,0,0,0,0,0,0
356,10,1471,8,10,0.067351,21840.72,0.032117,45800.60,0.030151,48788.15,0.033163,44356.36,0.038089,38620.35,0.033835,43475.96,0.048084,30592.57,0.068869,0.011453,0.021739,0.033835,0.135895,0.017359,2,169704,176864,2000946,857,0,0,0,1438,0,0,0,619,0,0,0,525,0,0,0,501,0,0,0,10,0,0,0,3890997027608944877,2239928042728762127,2239928042728762127,2576855131986037498,15166945673732869647,13635412983920577607,0,0,0,0,0,0,0,0,0,0,0
357,10,1718,8,10,0.064470,26647.92,0.029000,59241.29,0.026996,63638.91,0.030082,57110.41,0.033908,50665.81,0.029307,58621.31,0.047358,36276.78,0.066715,0.011155,0.021504,0.029307,0.128681,0.020089,2,167139,187579,1741657,707,0,0,0,1301,0,0,0,732,0,0,0,511,0,0,0,560,0,0,0,8,0,0,0,581840646683666799,7467063685234483834,7467063685234483834,13647335955994995635,17637499053899158886,347468418950424194,0,0,0,0,0,0,0,0,0,0,0
358,10,1699,8,10,0.088410,19217.36,0.046912,36216.46,0.045305,37501.11,0.046701,36380.14,0.050513,33634.98,0.046150,36814.50,0.062119,27350.81,0.089918,0.012373,0.020432,0.046150,0.168873,0.021802,5,194974,202299,1239624,1174,0,0,0,1984,0,0,0,902,0,0,0,677,0,0,0,641,0,0,0,26,0,0,0,10064081806411881568,12831231445761899285,12831231445761899285,17025053202419925354,2096787845030249829,6990578053023848624,0,0,0,0,0,0,0,0,0,0,0
359,10,1626,8,10,0.091730,17725.85,0.051201,31757.15,0.041824,38877.61,0.042176,38552.37,0.054973,29578.14,0.040175,40472.82,0.064404,25246.74,0.093663,0.012394,0.020225,0.040175,0.166458,0.020284,4,178866,187221,2074016,1061,0,0,0,1742,0,0,0,898,0,0,0,728,0,0,0,672,0,0,0,15,0,0,0,11298948152473574560,4039198721780103770,4039198721780103770,3291263483193131582,16400222279337490400,17592063213638569704,0,0,0,0,0,0,0,0,0,0,0
360,10,1501,8,10,0.070914,21166.62,0.035180,42666.40,0.034044,44089.68,0.038607,38878.60,0.042191,35576.70,0.039942,37579.93,0.049464,30345.19,0.072231,0.011761,0.010969,0.039942,0.134902,0.018819,10,176146,183886,1499201,1083,0,0,0,1810,0,0,0,836,0,0,0,627,0,0,0,616,0,0,0,7,0,0,0,8465737838163729720,3927438804505961722,3927438804505961722,11377181068912193324,12958775812593654014,12175938979429191489,0,0,0,0,0,0,0,0,0,0,0
361,10,1551,8,10,0.072113,21507.98,0.035147,44128.66,0.029802,52042.83,0.040097,38680.79,0.044415,34920.81,0.040514,38282.59,0.050661,30615.53,0.073731,0.012508,0.021271,0.040514,0.148024,0.017933,3,174337,181892,1300339,913,0,0,0,1356,0,0,0,874,0,0,0,588,0,0,0,715,0,0,0,5,0,0,0,16154556201366464633,6938375381502441058,6938375381502441058,11413953009358837486,12958125151779894454,580303450654715474,0,0,0,0,0,0,0,0,0,0,0
362,10,1632,8,10,0.080441,20288.07,0.039009,41836.76,0.031303,52135.15,0.034458,47361.48,0.043417,37588.57,0.032973,49495.01,0.058136,28072.10,0.081688,0.012071,0.031687,0.032973,0.158418,0.020115,1,183408,191723,1965503,822,0,0,0,1277,0,0,0,570,0,0,0,418,0,0,0,427,0,0,0,10,0,0,0,3844189555295156100,14780999084761602311,14780999084761602311,14288061995714876128,134598825535132014,12866042903080261732,0,0,0,0,0,0,0,0,0,0,0
363,10,1657,8,10,0.070933,23359.96,0.033895,48886.86,0.031993,51791.81,0.035843,46229.35,0.041039,40376.03,0.037590,44080.36,0.048968,33838.28,0.073328,0.013928,0.027831,0.037590,0.152678,0.021319,2,198138,205163,938189,850,0,0,0,1511,0,0,0,696,0,0,0,574,0,0,0,591,0,0,0,14,0,0,0,8231194194202741244,11757767247938716546,11757767247938716546,9544741497211484832,15347332828078792835,12686052397373642018,0,0,0,0,0,0,0,0,0,0,0
364,10,1676,8,10,0.065553,25567.17,0.035691,46958.75,0.032603,51406.61,0.036705,45661.57,0.040816,41062.26,0.036312,46155.02,0.049766,33677.77,0.067374,0.013305,0.024800,0.036312,0.141792,0.020368,2,193568,202403,1096885,940,0,0,0,1595,0,0,0,805,0,0,0,549,0,0,0,675,0,0,0,8,0,0,0,7480163549216041188,678772013640116804,678772013640116804,16966951906343882159,2396846029824632106,13129356574087516219,0,0,0,0,0,0,0,0,0,0,0
365,10,1786,8,10,0.082969,21526.21,0.044348,40272.40,0.032908,54272.25,0.038842,45981.10,0.055262,32318.72,0.045953,38865.59,0.065931,27088.92,0.085044,0.013972,0.013561,0.045953,0.158530,0.022902,9,197300,212295,1639203,869,0,0,0,1512,0,0,0,855,0,0,0,677,0,0,0,559,0,0,0,11,0,0,0,6472160919449549528,6958441207652069870,6958441207652069870,12763275923146706811,9557584689603652929,9037817544879430418,0,0,0,0,0,0,0,0,0,0,0
366,10,1700,8,10,0.065035,26139.97,0.032640,52083.73,0.030482,55771.15,0.035968,47263.76,0.039498,43040.08,0.035794,47494.50,0.046569,36504.63,0.066782,0.013383,0.022638,0.035794,0.138596,0.021145,3,186697,194292,831490,837,0,0,0,1344,0,0,0,663,0,0,0,540,0,0,0,646,0,0,0,6,0,0,0,4561541543617083895,8474913809481960110,8474913809481960110,10428808465912193692,6681046920820222906,4961794460461268853,0,0,0,0,0,0,0,0,0,0,0
367,10,1648,8,10,0.076038,21673.27,0.043737,37679.39,0.038325,43000.37,0.039024,42230.87,0.049209,33489.70,0.039697,41514.16,0.055637,29620.37,0.078325,0.013225,0.023716,0.039697,0.154963,0.020184,3,187409,196719,1342313,1008,0,0,0,1603,0,0,0,855,0,0,0,588,0,0,0,688,0,0,0,16,0,0,0,9951359054671028517,3340312874927743901,3340312874927743901,4446331559658872280,8587185473618028893,14650611760680028338,0,0,0,0,0,0,0,0,0,0,0
368,10,2037,8,10,0.079421,25648.03,0.035836,56842.32,0.032468,62739.64,0.040003,50921.24,0.043308,47035.03,0.038473,52946.20,0.069600,29267.30,0.082402,0.012545,0.023597,0.038473,0.157017,0.026337,3,202873,286448,1956916,824,0,0,0,1566,0,0,0,1005,0,0,0,654,0,0,0,690,0,0,0,10,0,0,0,16726813436440411943,3206136923020575830,3206136923020575830,4443927128843869905,10326156818078706936,4289521800374384401,0,0,0,0,0,0,0,0,0,0,0
369,10,1836,8,10,0.089707,20466.52,0.035644,51508.79,0.033489,54823.96,0.042921,42776.27,0.047328,38792.99,0.043417,42287.56,0.067153,27340.48,0.090811,0.013123,0.021443,0.043417,0.168794,0.024089,5,207658,237038,1602837,824,0,0,0,1551,0,0,0,1029,0,0,0,669,0,0,0,728,0,0,0,22,0,0,0,15314413570603031361,136294796748022225,136294796748022225,2838601927075475460,4169461076557819193,11843505188722207577,0,0,0,0,0,0,0,0,0,0,0
370,10,1815,8,10,0.101576,17868.35,0.048886,37126.86,0.040985,44284.01,0.039514,45933.17,0.053137,34156.81,0.039046,46483.69,0.071374,25429.27,0.103953,0.013299,0.023030,0.039046,0.179328,0.026427,3,204492,217077,1690894,1069,0,0,0,1745,0,0,0,1073,0,0,0,792,0,0,0,895,0,0,0,28,0,0,0,3306155400768542274,2944354231170856573,2944354231170856573,7646594589288273877,15066874595237808515,15772523824341621413,0,0,0,0,0,0,0,0,0,0,0
371,10,1498,8,10,0.076371,19614.82,0.033121,45228.05,0.028224,53075.84,0.035117,42656.84,0.041114,36435.72,0.041047,36494.32,0.050234,29820.44,0.078018,0.011256,0.010910,0.041047,0.141232,0.017536,10,173649,180259,1470298,841,0,0,0,1276,0,0,0,954,0,0,0,666,0,0,0,640,0,0,0,7,0,0,0,10206358408431325024,16084015241347914360,16084015241347914360,1691408698608387522,8710066337632296264,4125357290637304790,0,0,0,0,0,0,0,0,0,0,0
372,10,1413,8,10,0.064597,21874.23,0.030401,46479.05,0.024885,56781.26,0.028240,50035.41,0.032840,43026.33,0.029097,48562.17,0.041977,33661.17,0.066879,0.010852,0.022693,0.029097,0.129520,0.015246,2,156645,161120,2835919,670,0,0,0,922,0,0,0,595,0,0,0,457,0,0,0,499,0,0,0,5,0,0,0,5567849065065643598,9136298680925998237,9136298680925998237,11346253229259078674,14645299681958430217,7835078944305730357,0,0,0,0,0,0,0,0,0,0,0
373,10,1628,8,10,0.081009,20096.45,0.040974,39732.47,0.035761,45524.34,0.038591,42186.25,0.050370,32321.08,0.042000,38762.33,0.057757,28187.13,0.082685,0.012912,0.023992,0.042000,0.161589,0.019755,2,183005,189535,1269951,1035,0,0,0,1626,0,0,0,811,0,0,0,682,0,0,0,811,0,0,0,7,0,0,0,13744462327271428390,13744462327271428390,13744462327271428390,10465108785049027215,11926369991122295913,8339589150590111318,0,0,0,0,0,0,0,0,0,0,0
374,10,1513,8,10,0.075658,19998.01,0.036236,41753.95,0.033692,44907.15,0.037286,40577.94,0.042845,35313.65,0.034739,43553.85,0.052603,28762.46,0.077635,0.011223,0.022801,0.034739,0.146398,0.017744,2,180847,186707,1711004,898,0,0,0,1531,0,0,0,753,0,0,0,524,0,0,0,578,0,0,0,12,0,0,0,7361884309637551726,7361884309637551726,7361884309637551726,3384730590729557793,11070972910384520484,4469562854048826086,0,0,0,0,0,0,0,0,0,0,0
375,10,1484,8,10,0.079086,18764.41,0.037821,39237.49,0.030748,48262.68,0.036690,40447.45,0.045657,32503.10,0.035385,41938.57,0.056141,26433.50,0.080745,0.012440,0.022094,0.035385,0.150664,0.016897,3,174752,181517,2323902,846,0,0,0,1432,0,0,0,640,0,0,0,533,0,0,0,498,0,0,0,9,0,0,0,10787418075001256736,11644751644840716625,11644751644840716625,1246752220388693311,3865770346252157348,13864764288800709061,0,0,0,0,0,0,0,0,0,0,0
376,10,1519,8,10,0.076533,19847.53,0.037472,40537.17,0.032494,46746.97,0.039268,38682.60,0.044238,34336.61,0.037356,40662.54,0.056494,26887.93,0.078848,0.011757,0.023228,0.037356,0.151189,0.017811,2,178587,185157,1316570,851,0,0,0,1332,0,0,0,702,0,0,0,483,0,0,0,608,0,0,0,18,0,0,0,7059624282602813112,10212663827023789602,10212663827023789602,3193764989783328961,8327529329077855267,1888813082087458057,0,0,0,0,0,0,0,0,0,0,0
377,10,1731,8,10,0.096497,17938.45,0.047640,36334.97,0.036035,48037.18,0.040579,42657.63,0.056731,30512.68,0.040045,43226.07,0.071996,24043.08,0.097776,0.013301,0.025318,0.040045,0.176440,0.022127,2,202892,210507,1310127,907,0,0,0,1567,0,0,0,785,0,0,0,530,0,0,0,538,0,0,0,7,0,0,0,6673379692989394530,17128752108046744523,17128752108046744523,16179814119370232780,5235790487895344259,16783284760405816055,0,0,0,0,0,0,0,0,0,0,0
378,10,1741,8,10,0.092558,18809.73,0.034876,49919.75,0.029082,59864.52,0.035355,49243.43,0.045723,38077.47,0.040731,42744.06,0.067801,25678.04,0.095044,0.013743,0.022134,0.040731,0.171652,0.021480,4,220710,230065,2016089,727,0,0,0,1211,0,0,0,739,0,0,0,546,0,0,0,596,0,0,0,54,0,0,0,11386964283839651337,3203720790383262515,3203720790383262515,6729688577697106366,1141131009480772586,16272634756347429481,0,0,0,0,0,0,0,0,0,0,0
379,10,1645,8,10,0.077320,21275.21,0.037365,44024.60,0.031487,52242.97,0.038717,42487.33,0.045307,36307.88,0.038950,42233.53,0.056312,29212.13,0.079955,0.013022,0.019284,0.038950,0.151211,0.020556,5,197455,207100,1129776,1038,0,0,0,1645,0,0,0,779,0,0,0,533,0,0,0,590,0,0,0,19,0,0,0,10620851969568506256,278119354475349553,278119354475349553,10798656403562268349,12841401662341198053,9793019904593329610,0,0,0,0,0,0,0,0,0,0,0
380,10,1646,8,10,0.082837,19870.36,0.050819,32389.15,0.039301,41882.17,0.040746,40396.93,0.055695,29553.94,0.047174,34892.06,0.060954,27003.89,0.084432,0.012253,0.023644,0.047174,0.167503,0.019135,2,189990,198930,1267716,1098,0,0,0,1789,0,0,0,827,0,0,0,669,0,0,0,678,0,0,0,16,0,0,0,3107142131127936177,3210339139919002420,3210339139919002420,2990733548781321536,4446571936148235492,4014030806425643366,0,0,0,0,0,0,0,0,0,0,0
381,10,1489,8,10,0.070542,21108.14,0.038074,39108.25,0.038316,38861.22,0.039111,38071.43,0.042187,35295.28,0.033618,44291.38,0.048761,30537.01,0.072062,0.011501,0.022106,0.033618,0.139288,0.016695,2,175441,180711,2178873,918,0,0,0,1626,0,0,0,774,0,0,0,529,0,0,0,643,0,0,0,11,0,0,0,6826097395424440908,12584158332800250153,12584158332800250153,11588763664354755896,18425551657698859338,842955193280233190,0,0,0,0,0,0,0,0,0,0,0
382,10,1539,8,10,0.085170,18069.74,0.049799,30904.37,0.036867,41745.11,0.045955,33489.40,0.059998,25650.82,0.050243,30630.92,0.066907,23002.17,0.087385,0.012377,0.013309,0.050243,0.163314,0.018772,8,183681,191761,1160439,1055,0,0,0,1607,0,0,0,730,0,0,0,618,0,0,0,604,0,0,0,9,0,0,0,8845087623174298283,3095219602123320028,3095219602123320028,227629175423778806,5883395325971179802,14247710795706125317,0,0,0,0,0,0,0,0,0,0,0
383,10,1685,8,10,0.074741,22544.63,0.039794,42342.79,0.031818,52957.66,0.036525,46132.36,0.046712,36072.27,0.037954,44395.77,0.054321,31019.20,0.076664,0.012156,0.022902,0.037954,0.149675,0.021227,3,186399,200729,971671,926,0,0,0,1520,0,0,0,709,0,0,0,506,0,0,0,588,0,0,0,11,0,0,0,11128375556901356743,17327233174831581888,17327233174831581888,11080006290069327006,15969283750660263074,15147781164221441362,0,0,0,0,0,0,0,0,0,0,0
384,10,1643,8,10,0.076541,21465.59,0.041241,39838.54,0.034331,47857.58,0.038076,43150.68,0.046367,35434.37,0.038071,43156.15,0.052667,31196.01,0.078042,0.012909,0.021154,0.038071,0.150177,0.020864,4,196289,204064,1444418,1129,0,0,0,1733,0,0,0,940,0,0,0,724,0,0,0,675,0,0,0,15,0,0,0,8781509353469817905,3833421948705911057,3833421948705911057,2805522011738359702,7048547427999411998,387025088711486244,0,0,0,0,0,0,0,0,0,0,0
385,10,1629,8,10,0.069259,23520.39,0.036557,44560.06,0.034728,46908.05,0.039523,41216.14,0.042546,38287.97,0.041840,38933.99,0.051668,31528.01,0.070744,0.012538,0.011594,0.041840,0.136716,0.020476,10,196763,214988,781049,1119,0,0,0,1757,0,0,0,827,0,0,0,628,0,0,0,545,0,0,0,20,0,0,0,17383281928855638803,17383281928855638803,17383281928855638803,6572046407566319726,13620142462085477178,16548281040723857198,0,0,0,0,0,0,0,0,0,0,0
386,10,1602,8,10,0.095153,16836.09,0.051129,31332.26,0.038305,41822.19,0.049786,32177.92,0.059134,27091.11,0.043799,36575.77,0.072395,22128.73,0.096863,0.014046,0.025543,0.043799,0.180251,0.019618,2,208744,216319,943099,942,0,0,0,1625,0,0,0,945,0,0,0,673,0,0,0,904,0,0,0,14,0,0,0,7975571999554673356,14378771324502165831,14378771324502165831,4171606235135785676,14364623540006995774,2200959019470046976,0,0,0,0,0,0,0,0,0,0,0
387,10,1641,8,10,0.073937,22194.48,0.040949,40074.32,0.035287,46504.47,0.041276,39756.51,0.044311,37033.80,0.042003,39068.73,0.051524,31849.04,0.075306,0.013021,0.023940,0.042003,0.154270,0.020022,3,196725,202135,917004,897,0,0,0,1615,0,0,0,1009,0,0,0,578,0,0,0,726,0,0,0,11,0,0,0,1300028462822035143,16431685226635603698,16431685226635603698,17125299582709530617,12114472309419515058,17713923123334593212,0,0,0,0,0,0,0,0,0,0,0
388,10,1623,8,10,0.069037,23509.11,0.034260,47373.03,0.032029,50672.46,0.036994,43872.31,0.040060,40514.71,0.034809,46625.77,0.047065,34484.51,0.070322,0.012502,0.021131,0.034809,0.138764,0.020518,3,188706,197456,1597878,1020,0,0,0,1434,0,0,0,812,0,0,0,528,0,0,0,578,0,0,0,6,0,0,0,16578615376401555735,12682123751489612595,12682123751489612595,10876994461941396296,4198147639348134567,12891545094618057703,0,0,0,0,0,0,0,0,0,0,0
389,10,1630,8,10,0.081962,19887.15,0.045745,35632.01,0.039348,41424.83,0.042341,38496.73,0.050996,31962.99,0.045228,36039.64,0.058123,28044.17,0.083443,0.012970,0.021046,0.045228,0.162687,0.020037,4,200616,208361,1051393,1034,0,0,0,1757,0,0,0,1002,0,0,0,689,0,0,0,780,0,0,0,10,0,0,0,7121971731904523606,846456703212042627,846456703212042627,13768854055471898176,3145129971406370521,17820099156528073750,0,0,0,0,0,0,0,0,0,0,0
390,10,1660,8,10,0.070600,23512.89,0.036122,45955.84,0.033295,49857.01,0.035868,46280.51,0.041412,40085.15,0.031707,52354.85,0.050569,32826.17,0.071813,0.012201,0.022996,0.031707,0.138717,0.019234,2,178729,187044,1083819,1029,0,0,0,1690,0,0,0,860,0,0,0,553,0,0,0,526,0,0,0,17,0,0,0,8738543343708248289,4226832163917301938,4226832163917301938,354499510287462039,6457665823509602433,4767500403137550058,0,0,0,0,0,0,0,0,0,0,0
391,10,1544,8,10,0.251740,6133.32,0.215562,7162.68,0.206987,7459.42,0.205553,7511.44,0.218200,7076.07,0.201122,7676.92,0.228525,6756.37,0.254223,0.010278,0.020743,0.201122,0.486367,0.017270,2,161974,166644,1890803,639,0,0,0,1071,0,0,0,712,0,0,0,415,0,0,0,708,0,0,0,4,0,0,0,17384072613975938602,17384072613975938602,17384072613975938602,2445744225846929949,12929844950667200102,7799175963238617959,0,0,0,0,0,0,0,0,0,0,0
392,10,1715,8,10,0.619127,2770.03,0.568075,3018.97,0.555129,3089.37,0.560943,3057.35,0.573245,2991.74,0.141778,12096.42,0.587045,2921.41,0.620764,0.012480,0.023771,0.141778,0.798792,0.021786,2,192235,197855,1374197,783,0,0,0,1105,0,0,0,799,0,0,0,528,0,0,0,593,0,0,0,8,0,0,0,10767977390549227737,7761772527074395166,7761772527074395166,15973314199968345712,11864266434351725957,3825453704565361546,0,0,0,0,0,0,0,0,0,0,0
393,10,1492,8,10,0.725174,2057.44,0.692288,2155.17,0.675831,2207.65,0.683154,2183.99,0.691287,2158.29,0.134078,11127.85,0.710095,2101.13,0.727605,0.010571,0.019066,0.134078,0.891320,0.016502,4,175327,181082,1071600,669,0,0,0,1260,0,0,0,1028,0,0,0,390,0,0,0,512,0,0,0,11,0,0,0,11514168907672877895,12095657130732287058,12095657130732287058,13553846908572668630,14369882651550204496,10162687073350042670,0,0,0,0,0,0,0,0,0,0,0
394,10,1593,8,10,0.095412,16696.01,0.062403,25527.55,0.056687,28101.75,0.059511,26768.20,0.066328,24017.17,0.060813,26194.85,0.077253,20620.66,0.097641,0.011842,0.012272,0.060813,0.182568,0.019566,9,175677,183502,1761367,825,0,0,0,1642,0,0,0,691,0,0,0,520,0,0,0,517,0,0,0,7,0,0,0,17851848275821493640,16272862329630271630,16272862329630271630,15182614131114076637,15986782176867773595,15561591619208762738,0,0,0,0,0,0,0,0,0,0,0
395,10,1772,8,10,0.105388,16814.06,0.063877,27740.67,0.048060,36870.40,0.052925,33481.52,0.066740,26550.78,0.047647,37190.10,0.085675,20682.85,0.108433,0.011883,0.025118,0.047647,0.193081,0.022399,2,194016,206486,1349544,724,0,0,0,1362,0,0,0,701,0,0,0,409,0,0,0,628,0,0,0,11,0,0,0,10844169664872750357,9430437628675097312,9430437628675097312,4137607407082319502,16057769698233323789,7576927794940545766,0,0,0,0,0,0,0,0,0,0,0
396,10,1632,8,10,0.066501,24541.07,0.032506,50206.17,0.030170,54093.34,0.034564,47216.71,0.040922,39881.14,0.034335,47531.63,0.051430,31732.61,0.068179,0.011042,0.022578,0.034335,0.136135,0.018899,2,175803,183263,1190035,841,0,0,0,1384,0,0,0,582,0,0,0,519,0,0,0,607,0,0,0,10,0,0,0,16386504500041791172,50886633582766295,50886633582766295,2920818274423198518,10039996701338271701,8341745554481926715,0,0,0,0,0,0,0,0,0,0,0
397,10,1586,8,10,0.077566,20447.21,0.040806,38866.47,0.029482,53794.92,0.041275,38425.04,0.049220,32222.86,0.039232,40426.50,0.063967,24794.11,0.079362,0.012794,0.021620,0.039232,0.153008,0.018022,2,173599,184284,1680512,766,0,0,0,1166,0,0,0,520,0,0,0,352,0,0,0,433,0,0,0,8,0,0,0,3574341798299896514,4752142236309088367,4752142236309088367,1719631628401434088,10026906801917120235,14012944809227624429,0,0,0,0,0,0,0,0,0,0,0
398,10,1669,8,10,0.318553,5239.32,0.276625,6033.43,0.261848,6373.92,0.256302,6511.85,0.278551,5991.72,0.269799,6186.08,0.299475,5573.09,0.321034,0.011923,0.022526,0.269799,0.625281,0.020343,3,192004,201884,1704527,893,0,0,0,1615,0,0,0,704,0,0,0,539,0,0,0,623,0,0,0,11,0,0,0,11853305742461033216,7800142304072354578,7800142304072354578,13768489695945326565,3654066568660676704,15786246402901015143,0,0,0,0,0,0,0,0,0,0,0
399,10,1500,8,10,0.061071,24561.68,0.032388,46313.04,0.029764,50397.29,0.032760,45787.63,0.035182,42635.07,0.030412,49321.89,0.041052,36538.65,0.062061,0.010801,0.020002,0.030412,0.123277,0.015906,3,160067,165627,1507306,855,0,0,0,1308,0,0,0,711,0,0,0,470,0,0,0,482,0,0,0,8,0,0,0,9275969431799597935,2101216219343741783,2101216219343741783,16144854170882902694,13855238087489717605,2260091296102003527,0,0,0,0,0,0,0,0,0,0,0
400,10,1492,8,10,0.095025,15701.13,0.059191,25206.66,0.053887,27687.58,0.055906,26687.56,0.063134,23632.41,0.048265,30912.92,0.076679,19457.70,0.096122,0.011488,0.018319,0.048265,0.174194,0.016135,4,165311,172686,1931663,726,0,0,0,1432,0,0,0,526,0,0,0,430,0,0,0,419,0,0,0,8,0,0,0,2840382265532405733,8707136785414049210,8707136785414049210,4830912682519254368,9239176716807273807,14162371924838742753,0,0,0,0,0,0,0,0,0,0,0
401,10,1546,8,10,0.138393,11171.10,0.099340,15562.76,0.095516,16185.77,0.085800,18018.59,0.106852,14468.64,0.093997,16447.32,0.122441,12626.45,0.140979,0.010926,0.021039,0.093997,0.266941,0.017581,2,168223,176138,1194298,835,0,0,0,1290,0,0,0,683,0,0,0,531,0,0,0,706,0,0,0,19,0,0,0,15773167293365961381,16600760893657249415,16600760893657249415,7553703989796438877,4767838586242894363,15485781146073996256,0,0,0,0,0,0,0,0,0,0,0
402,10,1599,8,10,0.083843,19071.43,0.045024,35514.21,0.029877,53518.89,0.036787,43466.39,0.051841,30844.58,0.085148,18778.97,0.066762,23950.60,0.085743,0.012217,0.018006,0.085148,0.201114,0.018224,5,174268,182513,1416720,967,0,0,0,1411,0,0,0,759,0,0,0,613,0,0,0,245,0,0,0,12,0,0,0,13621262701077788188,13621262701077788188,13621262701077788188,10807825271992509080,5243778317518470632,5727292768539983175,0,0,0,0,0,0,0,0,0,0,1
403,10,1589,8,10,0.072728,21848.38,0.038203,41593.39,0.031434,50549.83,0.035161,45191.99,0.041054,38705.14,0.032349,49120.70,0.054722,29037.85,0.073939,0.011928,0.022249,0.032349,0.140465,0.018031,2,175659,183209,1649700,872,0,0,0,1535,0,0,0,623,0,0,0,441,0,0,0,471,0,0,0,17,0,0,0,2143883586652679389,4644962039435685944,4644962039435685944,4865108008275240829,2796891158147047109,5175644132340366153,0,0,0,0,0,0,0,0,0,0,0
404,10,1807,8,10,0.073251,24668.64,0.039151,46154.35,0.031571,57235.57,0.032059,56364.67,0.040906,44174.08,0.034743,52010.77,0.061983,29153.10,0.074431,0.011432,0.018227,0.034743,0.138832,0.023403,5,183368,211493,1433272,1005,0,0,0,1504,0,0,0,821,0,0,0,501,0,0,0,556,0,0,0,15,0,0,0,3035869502357067902,3035869502357067902,3035869502357067902,14164180391294455094,7878494416999798570,5783359050051512797,0,0,0,0,0,0,0,0,0,0,0
405,10,1833,8,10,0.086654,21153.16,0.049596,36958.35,0.036253,50561.11,0.031007,59115.95,0.048873,37505.06,0.031260,58637.78,0.085282,21493.31,0.088176,0.011222,0.022770,0.031260,0.153428,0.023897,3,186845,224675,1351642,1066,0,0,0,1376,0,0,0,495,0,0,0,454,0,0,0,568,0,0,0,11,0,0,0,13513617723699313770,9267202948821078775,9267202948821078775,12828626781366564575,9146228419820913210,12199509760856700498,0,0,0,0,0,0,0,0,0,0,0
406,10,1827,8,10,0.074416,24551.22,0.036852,49576.18,0.027487,66467.35,0.034204,53414.38,0.044493,41062.71,0.069523,26279.09,0.073303,24924.07,0.075030,0.012506,0.020656,0.069523,0.177715,0.023688,3,189853,231903,1331183,1120,0,0,0,1316,0,0,0,639,0,0,0,438,0,0,0,197,0,0,0,12,0,0,0,17729270197162835700,12403947260152283939,12403947260152283939,2392412858634201041,17901413242492096498,18229580076131576963,0,0,0,0,0,0,0,0,0,0,1
407,10,1871,8,10,0.071026,26342.49,0.030434,61476.62,0.024558,76186.19,0.031080,60200.20,0.035579,52587.50,0.029806,62772.98,0.052011,35973.28,0.071978,0.012542,0.020858,0.029806,0.135183,0.024216,3,191102,202387,1678607,681,0,0,0,1052,0,0,0,463,0,0,0,314,0,0,0,449,0,0,0,14,0,0,0,10594008287389690374,18407098954040474776,18407098954040474776,15280572411036585314,9923254594624427745,15315310468428107380,0,0,0,0,0,0,0,0,0,0,0
408,10,1653,8,10,0.067882,24351.22,0.030680,53878.81,0.029847,55382.11,0.031499,52477.76,0.035891,46055.50,0.034606,47766.41,0.041684,39655.95,0.068693,0.012017,0.010903,0.034606,0.126219,0.019378,10,176589,181774,1100520,739,0,0,0,1117,0,0,0,853,0,0,0,671,0,0,0,491,0,0,0,9,0,0,0,6492670986864346938,5313010599572542694,5313010599572542694,1863061101562454849,9357011566448125950,15442133485759932111,0,0,0,0,0,0,0,0,0,0,0
409,10,1793,8,10,0.061744,29039.11,0.030323,59129.77,0.029430,60923.33,0.033733,53152.35,0.036793,48732.52,0.032361,55406.88,0.045656,39271.97,0.062904,0.011932,0.022937,0.032361,0.130135,0.020709,2,177426,185126,863623,853,0,0,0,1243,0,0,0,720,0,0,0,470,0,0,0,640,0,0,0,8,0,0,0,12278601323998026251,5849962638903856268,5849962638903856268,9911245566703253152,14505544307840764981,16308516474094123040,0,0,0,0,0,0,0,0,0,0,0
410,10,1828,8,10,0.062999,29016.35,0.030967,59030.69,0.028083,65092.63,0.031606,57837.48,0.035288,51802.11,0.057090,32019.50,0.046941,38942.50,0.064313,0.013325,0.024574,0.057090,0.159303,0.023126,2,194497,205137,1373241,783,0,0,0,1257,0,0,0,654,0,0,0,449,0,0,0,155,0,0,0,4,0,0,0,15475431905805684140,7634447278745468941,7634447278745468941,13446328030390795652,2754656363721539783,11521032254147748165,0,0,0,0,0,0,0,0,0,0,1
411,10,1678,8,10,0.060935,27537.61,0.032609,51458.68,0.029759,56386.38,0.032247,52035.48,0.036805,45591.07,0.034687,48375.78,0.044986,37300.75,0.061932,0.012066,0.021906,0.034687,0.130591,0.020134,2,175789,185679,1224247,844,0,0,0,1386,0,0,0,809,0,0,0,544,0,0,0,689,0,0,0,8,0,0,0,4675273645086304150,15846948882024569757,15846948882024569757,16004632572060223989,2459741513502680910,17809216465610783689,0,0,0,0,0,0,0,0,0,0,0
412,10,1709,8,10,0.166324,10275.14,0.137167,12459.24,0.129614,13185.33,0.130562,13089.54,0.143139,11939.45,0.133089,12840.99,0.150488,11356.40,0.167517,0.012228,0.022519,0.133089,0.335354,0.019877,2,171115,180035,1385090,756,0,0,0,1502,0,0,0,857,0,0,0,486,0,0,0,541,0,0,0,4,0,0,0,6125613477362590662,15843490791678594086,15843490791678594086,7790138939453587427,5095694046432621596,7498321683957356858,0,0,0,0,0,0,0,0,0,0,0
413,10,1639,8,10,0.081867,20020.20,0.054332,30166.26,0.051234,31990.25,0.047158,34755.65,0.059772,27420.65,0.041840,39173.33,0.065336,25085.57,0.083154,0.012060,0.023194,0.041840,0.160248,0.020127,2,185499,193684,1510206,1129,0,0,0,1908,0,0,0,841,0,0,0,632,0,0,0,748,0,0,0,10,0,0,0,10977611286141744754,14193089370786941384,14193089370786941384,4636524169087888425,2844227639504955972,946906839296256943,0,0,0,0,0,0,0,0,0,0,0
414,10,1574,8,10,0.065699,23957.76,0.036615,42987.97,0.029457,53433.82,0.034412,45739.76,0.042220,37280.65,0.038687,40685.39,0.051090,30808.43,0.066719,0.011074,0.020873,0.038687,0.137353,0.018026,3,165030,172390,988939,974,0,0,0,1530,0,0,0,684,0,0,0,494,0,0,0,606,0,0,0,13,0,0,0,14030017027852695677,17789935201802322782,17789935201802322782,607120141667147089,14811308649681061115,16135883654458976298,0,0,0,0,0,0,0,0,0,0,0
415,10,1666,8,10,0.059991,27770.62,0.031888,52244.82,0.030021,55494.47,0.033235,50128.41,0.036157,46076.43,0.034183,48737.07,0.046535,35800.90,0.061308,0.011982,0.021090,0.034183,0.128563,0.019882,4,172407,181787,868801,917,0,0,0,1539,0,0,0,607,0,0,0,428,0,0,0,532,0,0,0,7,0,0,0,15242506810392268051,408838328119356976,408838328119356976,2731375472489719072,8903557787726682804,15767483383527300383,0,0,0,0,0,0,0,0,0,0,0
416,10,1574,8,10,0.142014,11083.43,0.101345,15531.09,0.094388,16675.93,0.092140,17082.67,0.106876,14727.39,0.068223,23071.33,0.124161,12677.04,0.143484,0.011989,0.022333,0.068223,0.246029,0.018413,2,179185,188835,1248280,948,0,0,0,1531,0,0,0,916,0,0,0,672,0,0,0,785,0,0,0,10,0,0,0,1775185564674603179,342408566601464719,342408566601464719,3428549835964585757,360081167086476609,12227052065679261863,0,0,0,0,0,0,0,0,0,0,0
417,10,1572,8,10,0.063955,24579.78,0.030704,51199.21,0.027882,56380.80,0.034727,45267.60,0.039039,40267.41,0.033199,47351.03,0.048344,32516.90,0.065629,0.011642,0.020681,0.033199,0.131151,0.017584,3,175368,183903,1015455,826,0,0,0,1551,0,0,0,647,0,0,0,468,0,0,0,542,0,0,0,10,0,0,0,8163611150853207834,3937420155383690957,3937420155383690957,11564370143606294759,12545900958279274440,12033242865922579401,0,0,0,0,0,0,0,0,0,0,0
418,10,1650,8,10,0.062794,26276.60,0.031063,53117.90,0.028246,58415.90,0.032078,51437.87,0.036930,44679.35,0.036318,45431.44,0.048990,33680.59,0.064036,0.011746,0.011723,0.036318,0.123823,0.020067,9,179133,190758,1002450,958,0,0,0,1478,0,0,0,617,0,0,0,487,0,0,0,426,0,0,0,6,0,0,0,17999627418251610465,5229619008180869262,5229619008180869262,10619907917487698807,13909740147554587982,13481886668680631269,0,0,0,0,0,0,0,0,0,0,0
419,10,1625,8,10,0.065270,24896.57,0.031689,51279.62,0.027202,59738.59,0.031423,51712.93,0.036994,43925.73,0.033054,49161.90,0.051530,31535.16,0.066413,0.011550,0.022233,0.033054,0.133250,0.018964,2,172908,184268,780578,924,0,0,0,1403,0,0,0,608,0,0,0,431,0,0,0,533,0,0,0,11,0,0,0,11699516285462724654,15355765847251436088,15355765847251436088,14149400112795904887,3955679204743284680,2275770214241451406,0,0,0,0,0,0,0,0,0,0,0
420,10,1817,8,10,0.063175,28761.15,0.031525,57635.97,0.027791,65381.75,0.030774,59043.33,0.035688,50913.68,0.030670,59243.24,0.045558,39883.22,0.064512,0.012411,0.021315,0.030670,0.128908,0.022876,3,184378,195793,1662596,909,0,0,0,1533,0,0,0,763,0,0,0,650,0,0,0,619,0,0,0,11,0,0,0,1690311013146064199,4368897797844283932,4368897797844283932,11001145124445801163,18097444834161682066,17847583184851385541,0,0,0,0,0,0,0,0,0,0,0
421,10,1539,8,10,0.060704,25352.54,0.034033,45220.93,0.031535,48803.22,0.033963,45314.40,0.040812,37709.40,0.041415,37160.62,0.046276,33257.17,0.062586,0.010814,0.018050,0.041415,0.132864,0.016142,4,159255,166030,1079049,882,0,0,0,1642,0,0,0,878,0,0,0,685,0,0,0,744,0,0,0,20,0,0,0,11563609717830771176,18300288535989838833,18300288535989838833,15469600231617025128,3740141772896031912,7111980208418770193,0,0,0,0,0,0,0,0,0,0,0
422,10,1761,8,10,0.071963,24470.92,0.043380,40594.56,0.033969,51842.00,0.031224,56398.13,0.047052,37426.97,0.038697,45507.40,0.053887,32679.27,0.073071,0.011950,0.018490,0.038697,0.142208,0.021283,5,172579,179474,941192,826,0,0,0,1490,0,0,0,715,0,0,0,570,0,0,0,578,0,0,0,5,0,0,0,12693202685504285180,18088323728212146034,18088323728212146034,17060533560792291908,3955950531083948242,8100709349406499283,0,0,0,0,0,0,0,0,0,0,0
423,10,1758,8,10,0.079595,22086.84,0.042275,41585.01,0.030869,56950.11,0.034519,50928.25,0.048767,36048.82,0.039418,44598.80,0.064787,27135.13,0.080696,0.012873,0.021212,0.039418,0.154200,0.021886,3,182252,192647,1030007,906,0,0,0,1392,0,0,0,608,0,0,0,466,0,0,0,600,0,0,0,6,0,0,0,11592584899221669258,15359436506138287175,15359436506138287175,6746958153994308693,8678755928436925189,3512257863087994300,0,0,0,0,0,0,0,0,0,0,0
424,10,1545,8,10,0.072983,21169.26,0.040907,37768.81,0.034488,44798.72,0.030997,49843.27,0.042429,36413.74,0.037235,41492.87,0.052714,29309.22,0.074349,0.010956,0.020181,0.037235,0.142721,0.016674,3,161521,167916,1602840,940,0,0,0,1507,0,0,0,689,0,0,0,541,0,0,0,723,0,0,0,21,0,0,0,13750562362328297138,18409088619346106108,18409088619346106108,9848744774025172012,16870403900859280557,3384424554229447170,0,0,0,0,0,0,0,0,0,0,0
425,10,1535,8,10,0.075270,20393.13,0.040200,38184.23,0.028972,52981.85,0.030320,50626.36,0.049596,30949.88,0.031678,48455.87,0.053734,28566.41,0.076691,0.011438,0.021025,0.031678,0.140832,0.017131,2,164848,169943,1501348,842,0,0,0,1233,0,0,0,744,0,0,0,581,0,0,0,670,0,0,0,8,0,0,0,6351792941381997716,357962262132700531,357962262132700531,14118672212705082645,3238764972007000196,17401436365825033397,0,0,0,0,0,0,0,0,0,0,0
426,10,1535,8,10,0.095061,16147.51,0.049886,30770.01,0.036906,41592.28,0.043511,35278.27,0.054414,28209.67,0.040678,37735.11,0.068821,22304.08,0.096301,0.011379,0.022310,0.040678,0.170668,0.017476,2,174241,180071,1917079,949,0,0,0,1412,0,0,0,931,0,0,0,598,0,0,0,653,0,0,0,5,0,0,0,12320319052640002630,18013147790600656086,18013147790600656086,4760917140297854717,13221466835406891892,4561387767950221645,0,0,0,0,0,0,0,0,0,0,0
427,10,1524,8,10,0.062438,24408.16,0.032472,46932.61,0.030013,50777.15,0.032250,47256.39,0.037734,40388.44,0.035110,43406.61,0.042780,35624.51,0.063516,0.012225,0.017623,0.035110,0.128474,0.017063,5,175222,184057,1361249,969,0,0,0,1606,0,0,0,903,0,0,0,625,0,0,0,678,0,0,0,20,0,0,0,16198552570351817239,3570415391029734746,3570415391029734746,2504389774201132922,6215476712663666108,8135321758056022547,0,0,0,0,0,0,0,0,0,0,0
428,10,1595,8,10,0.091612,17410.47,0.059233,26927.76,0.051149,31183.58,0.038891,41011.71,0.064093,24885.56,0.060096,26540.92,0.072258,22073.65,0.092922,0.010785,0.018100,0.060096,0.181903,0.018194,4,167129,174694,1195643,867,0,0,0,1462,0,0,0,740,0,0,0,544,0,0,0,594,0,0,0,6,0,0,0,15878841753357802390,11675395898244725194,11675395898244725194,2109459726700518815,10717328061641712063,1621739911823131204,0,0,0,0,0,0,0,0,0,0,0
429,10,1433,8,10,0.198563,7216.85,0.161643,8865.22,0.157845,9078.53,0.161640,8865.37,0.166181,8623.13,0.121024,11840.63,0.178818,8013.73,0.201089,0.011033,0.016772,0.121024,0.349918,0.015446,6,169827,175827,1691760,951,0,0,0,1474,0,0,0,785,0,0,0,476,0,0,0,443,0,0,0,4,0,0,0,13493897577549658238,13420468958533903589,13420468958533903589,958733133296166268,5035176083302237655,8278386409163276334,0,0,0,0,0,0,0,0,0,0,0
430,10,1456,8,10,0.162261,8973.19,0.120832,12049.79,0.095393,15263.10,0.105809,13760.68,0.129314,11259.42,0.126085,11547.74,0.142264,10234.49,0.165088,0.010776,0.011119,0.126085,0.313068,0.016159,9,166553,173768,1197607,875,0,0,0,1678,0,0,0,727,0,0,0,547,0,0,0,496,0,0,0,11,0,0,0,14946192226456177827,3243572383516771806,3243572383516771806,13363960052284653141,6111002819067445141,18284558833443324147,0,0,0,0,0,0,0,0,0,0,0
431,10,1552,8,10,0.066297,23409.72,0.031913,48632.92,0.030031,51679.12,0.032214,48177.48,0.038395,40421.44,0.033641,46134.87,0.045483,34122.34,0.067442,0.011667,0.022122,0.033641,0.134872,0.018136,4,182514,190864,1390769,865,0,0,0,1400,0,0,0,765,0,0,0,678,0,0,0,560,0,0,0,11,0,0,0,1066937950519750113,5423925472531179956,5423925472531179956,1991060546049303152,2649350164377468548,11490346172931480907,0,0,0,0,0,0,0,0,0,0,0
432,10,1564,8,10,0.081828,19113.29,0.045524,34355.16,0.052656,29702.32,0.056404,27728.72,0.050680,30860.33,0.032186,48592.20,0.060993,25642.49,0.083107,0.011677,0.022154,0.032186,0.149123,0.017236,2,169852,175402,1759761,859,0,0,0,1411,0,0,0,953,0,0,0,523,0,0,0,655,0,0,0,9,0,0,0,10369935645307142657,13518379941005716084,13518379941005716084,5349837722914560334,5512208953607469355,13334593881311878720,0,0,0,0,0,0,0,0,0,0,0
433,10,1462,8,10,0.076531,19103.25,0.037619,38863.25,0.035641,41019.79,0.039984,36564.21,0.044800,32634.09,0.040468,36127.64,0.050950,28694.62,0.077841,0.011960,0.020929,0.040468,0.151198,0.017014,3,185404,191154,1142650,936,0,0,0,1562,0,0,0,838,0,0,0,607,0,0,0,532,0,0,0,5,0,0,0,6954830071607801640,3760449027426154341,3760449027426154341,16075355164897300609,10709462556996526563,16517101372915761995,0,0,0,0,0,0,0,0,0,0,0
434,10,1482,8,10,0.070398,21051.74,0.042626,34767.33,0.036492,40611.45,0.039255,37753.57,0.043952,33718.71,0.035115,42204.71,0.048235,30724.31,0.071702,0.011868,0.022514,0.035115,0.141199,0.016637,2,180630,186390,1106769,1008,0,0,0,1848,0,0,0,926,0,0,0,648,0,0,0,664,0,0,0,10,0,0,0,3731982436766566402,12129272977295955551,12129272977295955551,11056303212972338939,2463665974986927307,17737195256344360862,0,0,0,0,0,0,0,0,0,0,0
435,10,1512,8,10,0.337150,4484.65,0.290345,5207.60,0.276441,5469.52,0.283804,5327.63,0.295343,5119.46,0.250002,6047.95,0.308805,4896.30,0.339531,0.010158,0.020933,0.250002,0.620624,0.017301,2,170467,175852,1889704,879,0,0,0,2457,0,0,0,1259,0,0,0,661,0,0,0,1073,0,0,0,9,0,0,0,7501194352441907866,16469877383940182723,16469877383940182723,2637970476954128483,4095205954949174506,3689749487692909341,0,0,0,0,0,0,0,0,0,0,0
436,10,1478,8,10,0.066159,22340.10,0.034895,42355.06,0.033153,44580.80,0.036687,40286.32,0.040673,36338.97,0.035220,41965.19,0.039968,36979.67,0.067793,0.011055,0.019930,0.035220,0.133998,0.016830,4,174547,179947,1233429,1018,0,0,0,1903,0,0,0,1072,0,0,0,732,0,0,0,736,0,0,0,7,0,0,0,13567330535494747661,17038172099362987819,17038172099362987819,11640681539735978037,5421062810633744703,6382641621446324483,0,0,0,0,0,0,0,0,0,0,0
437,10,1765,8,10,0.081912,21547.55,0.048558,36348.22,0.046623,37857.24,0.045442,38841.07,0.053437,33029.27,0.045638,38674.26,0.062487,28245.86,0.083450,0.013363,0.022637,0.045638,0.165088,0.022930,3,210341,220256,883939,1318,0,0,0,2193,0,0,0,911,0,0,0,685,0,0,0,829,0,0,0,38,0,0,0,18334074304520078855,12028610181204300541,12028610181204300541,6496317529972952652,12617804018596918414,8411867475565843242,0,0,0,0,0,0,0,0,0,0,0
438,10,1503,8,10,0.055027,27313.88,0.029806,50426.55,0.027693,54273.88,0.029462,51014.72,0.035200,42698.58,0.032611,46088.18,0.041475,36238.95,0.055874,0.011004,0.012248,0.032611,0.111737,0.019520,7,162735,171060,1520616,908,0,0,0,1534,0,0,0,729,0,0,0,533,0,0,0,546,0,0,0,18,0,0,0,2816422647596867430,2774967305161652110,2774967305161652110,11123606259005184396,9771878005660011218,17876533535669045576,0,0,0,0,0,0,0,0,0,0,0
439,10,1736,8,10,0.080457,21576.78,0.038983,44532.10,0.034883,49766.55,0.039956,43447.66,0.046864,37043.58,0.036820,47148.03,0.055297,31394.33,0.082668,0.012917,0.024574,0.036820,0.156979,0.024425,2,197110,207005,1170627,1222,0,0,0,1797,0,0,0,1077,0,0,0,670,0,0,0,727,0,0,0,24,0,0,0,17694367865559336905,5663505490692763694,5663505490692763694,274881403600707397,1482004561682762621,12376709205354752335,0,0,0,0,0,0,0,0,0,0,0
440,10,1534,8,10,0.108991,14074.59,0.076128,20150.37,0.069619,22034.26,0.071468,21464.29,0.083906,18282.26,0.073507,20868.76,0.091673,16733.46,0.110434,0.012032,0.021214,0.073507,0.217187,0.017219,3,174322,181687,1222958,985,0,0,0,1775,0,0,0,900,0,0,0,538,0,0,0,610,0,0,0,13,0,0,0,14284897912073810664,11751264356900889696,11751264356900889696,13549408496952461796,14150935371930017620,11658287508539671890,0,0,0,0,0,0,0,0,0,0,0
441,10,1515,8,10,0.067981,22285.68,0.036214,41834.23,0.035080,43187.49,0.039991,37883.94,0.043727,34647.14,0.037415,40491.53,0.050769,29840.87,0.068799,0.012571,0.020369,0.037415,0.139154,0.017478,3,175809,183689,744561,1020,0,0,0,1645,0,0,0,717,0,0,0,521,0,0,0,531,0,0,0,11,0,0,0,5332812452086236938,3875430294838808858,3875430294838808858,16984002381498982413,2878967727950472038,4843654242222853295,0,0,0,0,0,0,0,0,0,0,0
442,10,1508,8,10,0.082352,18311.75,0.043030,35045.56,0.035110,42951.26,0.040115,37591.48,0.052456,28747.69,0.040482,37251.13,0.059966,25147.42,0.083905,0.012709,0.022859,0.040482,0.159955,0.017568,3,200490,207530,1498302,1065,0,0,0,1601,0,0,0,911,0,0,0,562,0,0,0,638,0,0,0,19,0,0,0,6427818284551716910,14988907463349878977,14988907463349878977,5657039960476512909,1645333540557367802,849112862312582692,0,0,0,0,0,0,0,0,0,0,0
443,10,1480,8,10,0.071298,20757.95,0.041587,35588.06,0.032469,45582.53,0.034452,42958.01,0.044546,33224.24,0.035288,41940.56,0.049898,29660.70,0.072728,0.011429,0.022136,0.035288,0.141581,0.016732,2,175201,181381,886282,1051,0,0,0,1659,0,0,0,780,0,0,0,636,0,0,0,711,0,0,0,8,0,0,0,17892673816844215114,18114075515333423449,18114075515333423449,9843459839049406229,4612405591445789873,10941572717644439616,0,0,0,0,0,0,0,0,0,0,0
444,10,1572,8,10,0.124235,12653.46,0.087186,18030.47,0.064327,24437.82,0.065416,24030.85,0.092104,17067.75,0.071647,21940.80,0.101671,15461.62,0.126364,0.011988,0.019057,0.071647,0.229057,0.018240,4,182057,188562,891292,1135,0,0,0,1909,0,0,0,1172,0,0,0,760,0,0,0,949,0,0,0,20,0,0,0,17085896735667805556,8020567547328093369,8020567547328093369,5839173377078572776,10898893530100259204,7020522702894693197,0,0,0,0,0,0,0,0,0,0,0
445,10,1543,8,10,0.079253,19469.32,0.050352,30644.14,0.044302,34829.31,0.043987,35078.74,0.051509,29955.94,0.066941,23050.09,0.057912,26643.94,0.080758,0.012442,0.013172,0.066941,0.173314,0.017826,8,192204,202139,1377324,1601,0,0,0,2325,0,0,0,1131,0,0,0,808,0,0,0,1012,0,0,0,25,0,0,0,17304546977240858444,11289538637711694787,11289538637711694787,17654549630564102300,6786758956784261914,6371033729872507164,0,0,0,0,0,0,0,0,0,0,0
446,10,1432,8,10,0.094504,15152.82,0.050703,28242.90,0.037710,37974.46,0.045287,31620.70,0.053678,26677.61,0.048964,29246.22,0.069036,20742.76,0.095061,0.011569,0.020784,0.048964,0.176377,0.016095,3,182662,188512,1107231,1115,0,0,0,1778,0,0,0,861,0,0,0,705,0,0,0,776,0,0,0,10,0,0,0,2563723306026391296,4616887632065393264,4616887632065393264,14193784534449932373,11765874201647066518,7189907452160381657,0,0,0,0,0,0,0,0,0,0,0
447,10,1746,8,10,0.077448,22544.19,0.037586,46453.25,0.036309,48086.93,0.041070,42512.57,0.045660,38239.35,0.040765,42830.80,0.050264,34736.33,0.079515,0.012562,0.021631,0.040765,0.154474,0.021686,4,203347,212682,791658,926,0,0,0,2039,0,0,0,1060,0,0,0,780,0,0,0,652,0,0,0,13,0,0,0,7688467525167271142,4373424042692309987,4373424042692309987,4461028201665112811,17349724817844763524,9956434089764429581,0,0,0,0,0,0,0,0,0,0,0
448,10,1567,8,10,0.087892,17828.63,0.041515,37745.66,0.040503,38688.34,0.042708,36691.34,0.046773,33502.33,0.041485,37772.38,0.055540,28213.95,0.089387,0.014530,0.026157,0.041485,0.171558,0.020338,2,203107,211282,1841894,1147,0,0,0,1825,0,0,0,830,0,0,0,732,0,0,0,968,0,0,0,16,0,0,0,7003687890038629869,9851281709093087767,9851281709093087767,11447489584105647503,10472750856256086353,12454314889803350989,0,0,0,0,0,0,0,0,0,0,0
449,10,1539,8,10,0.082707,18607.80,0.047952,32094.61,0.037489,41051.84,0.039221,39239.10,0.055892,27535.46,0.049485,31100.13,0.060032,25636.30,0.084165,0.011890,0.014936,0.049485,0.160477,0.017433,8,178922,185832,1171932,1045,0,0,0,1692,0,0,0,922,0,0,0,748,0,0,0,753,0,0,0,7,0,0,0,6143376711395741059,16405571688271120408,16405571688271120408,1623984649537960927,5134895094281768646,14613893834013692634,0,0,0,0,0,0,0,0,0,0,0
450,10,1595,8,10,0.078084,20426.82,0.047972,33248.46,0.039983,39891.71,0.040318,39560.08,0.051713,30843.59,0.045496,35058.41,0.059519,26798.32,0.079603,0.013055,0.022509,0.045496,0.160662,0.018447,3,193085,202815,1007984,1305,0,0,0,1917,0,0,0,1033,0,0,0,688,0,0,0,886,0,0,0,16,0,0,0,12684440960575121324,10570315556141735146,10570315556141735146,8790162166511019712,3360007276512559971,7652827134086103048,0,0,0,0,0,0,0,0,0,0,0
451,10,1431,8,10,0.064706,22115.48,0.034060,42013.68,0.029527,48464.62,0.031529,45387.21,0.036734,38956.23,0.031785,45021.47,0.039082,36615.63,0.066056,0.010985,0.021005,0.031785,0.129831,0.015562,2,169034,174279,1782454,816,0,0,0,1456,0,0,0,756,0,0,0,623,0,0,0,671,0,0,0,8,0,0,0,13865288941755891449,9801358670479879717,9801358670479879717,239048909528193949,2298395361562049417,2300252923304381422,0,0,0,0,0,0,0,0,0,0,0
452,10,1599,8,10,0.066896,23902.79,0.035716,44770.26,0.034136,46842.29,0.037293,42876.26,0.041567,38467.63,0.036000,44416.52,0.045144,35420.10,0.068371,0.012416,0.022904,0.036000,0.139691,0.019969,3,184421,193846,854228,1010,0,0,0,1743,0,0,0,773,0,0,0,534,0,0,0,588,0,0,0,11,0,0,0,2850082748990452881,13133171549952645204,13133171549952645204,2363822404691548720,15992754392454126281,3218071061201539058,0,0,0,0,0,0,0,0,0,0,0
453,10,1663,8,10,0.074830,22223.59,0.038581,43104.26,0.030867,53875.74,0.037167,44744.30,0.045660,36421.32,0.038805,42855.19,0.053184,31268.92,0.076111,0.013400,0.022757,0.038805,0.151073,0.019591,3,194181,203341,975123,886,0,0,0,1529,0,0,0,760,0,0,0,575,0,0,0,703,0,0,0,13,0,0,0,2084430829303131754,924868321004035279,924868321004035279,1401262227406272313,16226567752055501929,6840583055639491210,0,0,0,0,0,0,0,0,0,0,0
454,10,1501,8,10,0.074864,20049.62,0.036255,41401.02,0.030582,49080.64,0.040151,37383.77,0.043819,34254.54,0.036746,40848.00,0.051433,29183.76,0.076637,0.012606,0.023687,0.036746,0.149675,0.016577,2,192189,199204,1239926,981,0,0,0,1746,0,0,0,1035,0,0,0,647,0,0,0,595,0,0,0,13,0,0,0,6787955424036322330,8798541958114716052,8798541958114716052,10828262773904321175,6450689592374048571,10122929881831080859,0,0,0,0,0,0,0,0,0,0,0
455,10,1416,8,10,0.080591,17570.17,0.038663,36624.34,0.032829,43132.94,0.036565,38725.98,0.044989,31474.08,0.037390,37871.35,0.057638,24567.17,0.082592,0.012417,0.023896,0.037390,0.156295,0.016056,2,184688,191188,2012030,824,0,0,0,1594,0,0,0,751,0,0,0,465,0,0,0,603,0,0,0,9,0,0,0,17604671630809545166,2621769986442260871,2621769986442260871,7121981865718332156,3319206123486741566,1525254606308168087,0,0,0,0,0,0,0,0,0,0,0
456,10,1512,8,10,0.292260,5173.48,0.245887,6149.17,0.231880,6520.63,0.229796,6579.74,0.251757,6005.78,0.043379,34855.39,0.270081,5598.32,0.294114,0.012031,0.030689,0.043379,0.380213,0.017141,1,186491,192911,1045328,983,0,0,0,1623,0,0,0,920,0,0,0,540,0,0,0,636,0,0,0,8,0,0,0,16270241360408388046,17655766119770818723,17655766119770818723,6709042787200759615,6482190160120718165,14986434031293633008,0,0,0,0,0,0,0,0,0,0,0
457,10,1510,8,10,0.079147,19078.31,0.048245,31298.66,0.040446,37333.28,0.045025,33536.79,0.051705,29204.40,0.039826,37915.09,0.054850,27529.79,0.080668,0.012691,0.022897,0.039826,0.156082,0.018193,2,192527,203667,1447172,1098,0,0,0,1809,0,0,0,943,0,0,0,678,0,0,0,728,0,0,0,4,0,0,0,7990433052247349522,13586778343507685095,13586778343507685095,9344226245447317257,12925856835996167404,1483118101337650272,0,0,0,0,0,0,0,0,0,0,0
458,10,1498,8,10,0.071976,20812.56,0.037752,39679.63,0.036383,41172.97,0.038537,38871.83,0.042907,34912.45,0.054859,27306.27,0.048170,31098.37,0.073206,0.011999,0.022531,0.054859,0.162596,0.016828,2,179729,185864,1414159,1146,0,0,0,1749,0,0,0,735,0,0,0,599,0,0,0,498,0,0,0,14,0,0,0,17952236337939831403,12280909321708209897,12280909321708209897,3874059229234139542,14611456452684529235,10712074151537605071,0,0,0,0,0,0,0,0,0,0,1
459,10,1478,8,10,0.068812,21478.72,0.038885,38009.42,0.035945,41118.66,0.039059,37840.45,0.041993,35196.09,0.037655,39250.98,0.046984,31457.69,0.070457,0.011604,0.020644,0.037655,0.140360,0.016667,3,174560,182025,1139745,1027,0,0,0,1780,0,0,0,707,0,0,0,540,0,0,0,482,0,0,0,7,0,0,0,6498808753451216271,10373683872062228867,10373683872062228867,14778735610372426996,10376228732662085034,5359721859100947659,0,0,0,0,0,0,0,0,0,0,0
460,10,1532,8,10,0.081290,18846.01,0.047679,32131.27,0.042413,36121.39,0.043271,35404.46,0.046396,33019.75,0.035045,43715.53,0.058412,26227.43,0.082442,0.011844,0.022533,0.035045,0.151864,0.017088,2,185534,201129,1522866,1152,0,0,0,1741,0,0,0,965,0,0,0,629,0,0,0,619,0,0,0,19,0,0,0,17459085820629934044,8669416745287132621,8669416745287132621,17241170022484266707,4792800946568686672,6250420717613354056,0,0,0,0,0,0,0,0,0,0,0
461,10,1483,8,10,0.112027,13237.83,0.057458,25810.24,0.044286,33486.52,0.055828,26563.67,0.067051,22117.61,0.041170,36021.59,0.085495,17345.98,0.113509,0.011763,0.022417,0.041170,0.188858,0.017045,3,184005,189635,1943116,905,0,0,0,1675,0,0,0,906,0,0,0,548,0,0,0,605,0,0,0,12,0,0,0,9562021254841662475,9562021254841662475,9562021254841662475,8205295845570896236,12623930719583032571,3290831934179753692,0,0,0,0,0,0,0,0,0,0,0
462,10,1485,8,10,0.067432,22022.28,0.032687,45431.25,0.030134,49280.44,0.032165,46167.79,0.038696,38375.93,0.036119,41113.71,0.042274,35127.87,0.068721,0.012015,0.010509,0.036119,0.127364,0.016861,10,170664,176064,1259437,863,0,0,0,1563,0,0,0,894,0,0,0,651,0,0,0,568,0,0,0,9,0,0,0,14141300254954313731,11090310127115286767,11090310127115286767,12318517870726625968,231176215698080401,14415341485899366498,0,0,0,0,0,0,0,0,0,0,0
463,10,1488,8,10,0.067501,22043.95,0.031638,47031.42,0.028950,51398.89,0.030989,48017.11,0.037814,39350.10,0.029918,49736.29,0.045120,32978.48,0.068972,0.011992,0.025753,0.029918,0.136634,0.015978,2,181635,187170,1365069,780,0,0,0,1375,0,0,0,693,0,0,0,454,0,0,0,449,0,0,0,6,0,0,0,2665489660048744586,5130803212739305797,5130803212739305797,13582827733721151538,12927229943540799904,795592463212576911,0,0,0,0,0,0,0,0,0,0,0
464,10,1485,8,10,0.080774,18384.52,0.041370,35895.34,0.033625,44163.29,0.036150,41079.32,0.045988,32290.80,0.038975,38101.33,0.058342,25453.37,0.081694,0.011535,0.019891,0.038975,0.152095,0.015851,3,179508,186253,1823184,1153,0,0,0,1697,0,0,0,955,0,0,0,667,0,0,0,692,0,0,0,5,0,0,0,1873959692410551190,13783857221792335729,13783857221792335729,13876421772965820012,7598158076605705258,5960610730702576859,0,0,0,0,0,0,0,0,0,0,0
465,10,1478,8,10,0.067845,21784.95,0.041214,35861.41,0.040000,36949.75,0.041857,35310.73,0.045388,32563.68,0.039643,37282.63,0.051174,28881.84,0.069659,0.011809,0.021492,0.039643,0.142603,0.016154,3,176664,185254,1281839,1281,0,0,0,1980,0,0,0,911,0,0,0,586,0,0,0,616,0,0,0,8,0,0,0,11527026253955647335,11527026253955647335,11527026253955647335,3452985750791985540,15936017030206369737,2217956298271534115,0,0,0,0,0,0,0,0,0,0,0
466,10,1486,8,10,0.074201,20026.73,0.042008,35374.55,0.035926,41363.18,0.044400,33468.37,0.049989,29726.26,0.040026,37125.57,0.050992,29141.95,0.075594,0.012369,0.021596,0.040026,0.149586,0.017076,3,178478,184088,948658,1128,0,0,0,1730,0,0,0,916,0,0,0,702,0,0,0,752,0,0,0,5,0,0,0,6717919779022388983,12275574370432014682,12275574370432014682,17374896881453645728,7287923061871488366,6664755090879571029,0,0,0,0,0,0,0,0,0,0,0
467,10,1687,8,10,0.078710,21433.05,0.042362,39823.62,0.035295,47796.71,0.040874,41273.38,0.046571,36224.54,0.039361,42859.47,0.054516,30944.97,0.079603,0.012684,0.020360,0.039361,0.152008,0.021551,4,195940,204915,1541148,1079,0,0,0,1781,0,0,0,727,0,0,0,597,0,0,0,637,0,0,0,20,0,0,0,1650233981713489779,16428654681902064914,16428654681902064914,9853025956592804968,17984618676174470762,2948747199275172060,0,0,0,0,0,0,0,0,0,0,0
468,10,1696,8,10,0.083508,20309.48,0.043827,38697.75,0.038510,44040.77,0.042853,39577.33,0.048580,34911.21,0.039342,43108.66,0.059750,28385.13,0.085023,0.012718,0.021116,0.039342,0.158199,0.020093,4,190013,202713,1052426,1189,0,0,0,1884,0,0,0,742,0,0,0,542,0,0,0,512,0,0,0,14,0,0,0,3702841615242950280,11833540790326647519,11833540790326647519,7933468597240623912,14732786860355701897,7165301353561528157,0,0,0,0,0,0,0,0,0,0,0
469,10,1513,8,10,0.068229,22175.44,0.038172,39636.57,0.033929,44593.75,0.039506,38297.97,0.046993,32196.10,0.041336,36602.33,0.048881,30952.65,0.069470,0.011641,0.022772,0.041336,0.145219,0.017389,2,176476,183041,873621,955,0,0,0,1582,0,0,0,815,0,0,0,558,0,0,0,538,0,0,0,10,0,0,0,8533382056243343688,5680817820893312888,5680817820893312888,15486018147104397966,9264092426888837302,16031904744854483084,0,0,0,0,0,0,0,0,0,0,0
470,10,1637,8,10,0.067510,24248.10,0.036217,45199.44,0.034875,46939.23,0.037767,43345.09,0.042842,38210.55,0.035753,45786.09,0.047116,34743.98,0.068721,0.012096,0.024562,0.035753,0.141133,0.020233,2,192522,199992,1226344,1063,0,0,0,1808,0,0,0,803,0,0,0,625,0,0,0,632,0,0,0,10,0,0,0,13743494608021296098,4432778942811554761,4432778942811554761,6924000273969795739,11723310633803054773,2870186890979931061,0,0,0,0,0,0,0,0,0,0,0
471,10,1486,8,10,0.070610,21045.07,0.035608,41732.06,0.034171,43486.58,0.037862,39247.66,0.044369,33492.13,0.037720,39395.07,0.049304,30139.78,0.071936,0.013104,0.025485,0.037720,0.148245,0.018124,2,200916,210591,988583,974,0,0,0,1667,0,0,0,744,0,0,0,571,0,0,0,639,0,0,0,13,0,0,0,12411336212506857494,5358420478231278153,5358420478231278153,16361685956866308777,18083701087958438316,508027055243291982,0,0,0,0,0,0,0,0,0,0,0
472,10,1585,8,10,0.074564,21256.99,0.041033,38627.10,0.040266,39363.24,0.043821,36170.06,0.047465,33393.37,0.043457,36472.97,0.051541,30752.06,0.076300,0.012698,0.020312,0.043457,0.152767,0.019386,5,201056,209411,1155716,1344,0,0,0,2373,0,0,0,1022,0,0,0,760,0,0,0,809,0,0,0,17,0,0,0,1003264979563379190,8978374954534598631,8978374954534598631,4497473950631592548,5934746230724244314,12921521962044538046,0,0,0,0,0,0,0,0,0,0,0
473,10,1542,8,10,0.078022,19763.70,0.037754,40843.77,0.034337,44908.25,0.040485,38088.11,0.047598,32396.46,0.040779,37813.31,0.055031,28020.80,0.079657,0.012648,0.024815,0.040779,0.157900,0.018948,2,208592,216587,793759,1131,0,0,0,1898,0,0,0,953,0,0,0,726,0,0,0,782,0,0,0,14,0,0,0,12716519385521064996,15736628454653276384,15736628454653276384,8083470809936525345,4263055760412561638,10147115358627697757,0,0,0,0,0,0,0,0,0,0,0
474,10,1451,8,10,0.098246,14769.07,0.038609,37581.90,0.034114,42534.37,0.047413,30603.61,0.053855,26942.77,0.052068,27867.30,0.069606,20845.87,0.099270,0.012048,0.013428,0.052068,0.176814,0.017037,8,195387,202997,2120715,843,0,0,0,1319,0,0,0,798,0,0,0,558,0,0,0,516,0,0,0,20,0,0,0,16399631214803218981,16399631214803218981,16399631214803218981,4692037421167343849,2273122951799446685,17699944060143783146,0,0,0,0,0,0,0,0,0,0,0
475,10,1538,8,10,0.078896,19493.90,0.037514,40998.04,0.032904,46742.62,0.042408,36266.48,0.045458,33833.44,0.042358,36309.93,0.058105,26469.44,0.079985,0.012007,0.020756,0.042358,0.155105,0.018366,4,186203,196808,1159944,852,0,0,0,1409,0,0,0,777,0,0,0,466,0,0,0,506,0,0,0,7,0,0,0,16723077988850483077,8678089362758278853,8678089362758278853,2599315273616252369,16346137218373053472,4297615890728020573,0,0,0,0,0,0,0,0,0,0,0
476,10,1441,8,10,0.085305,16892.37,0.052001,27711.26,0.043679,32990.81,0.038132,37789.42,0.056391,25553.75,0.037735,38187.72,0.066619,21630.38,0.087005,0.011373,0.019528,0.037735,0.155640,0.015785,4,170852,177202,932115,1022,0,0,0,1599,0,0,0,840,0,0,0,605,0,0,0,555,0,0,0,14,0,0,0,5759153341968126987,3291993038039455675,3291993038039455675,6595864816900968682,11555293835820005921,15435417792012422400,0,0,0,0,0,0,0,0,0,0,0
477,10,1571,8,10,0.080540,19505.88,0.038941,40343.08,0.036450,43100.66,0.040044,39231.82,0.045138,34804.11,0.039090,40189.13,0.054226,28971.12,0.082285,0.014116,0.025403,0.039090,0.160894,0.019612,2,202569,211044,1814934,1167,0,0,0,1848,0,0,0,952,0,0,0,660,0,0,0,769,0,0,0,10,0,0,0,14190920047761161417,13825287835942349100,13825287835942349100,10365979473488177564,4007910109652030439,17950741388916874471,0,0,0,0,0,0,0,0,0,0,0
478,10,1700,8,10,0.106426,15973.49,0.046324,36698.36,0.043388,39181.59,0.060842,27941.31,0.064040,26546.03,0.060596,28054.52,0.081384,20888.73,0.108671,0.014924,0.024603,0.060596,0.208794,0.023277,4,238955,250930,1332281,1427,0,0,0,2290,0,0,0,1307,0,0,0,820,0,0,0,781,0,0,0,28,0,0,0,18285639580460589333,18285639580460589333,18285639580460589333,14933829882274911039,15210517727049091747,9246127424927114067,0,0,0,0,0,0,0,0,0,0,0
479,10,1479,8,10,0.077834,19001.88,0.041285,35824.13,0.044427,33290.29,0.043419,34063.63,0.045913,32213.40,0.047137,31376.35,0.051133,28924.42,0.079405,0.013095,0.018288,0.047137,0.157925,0.017853,5,189877,197962,1011236,1047,0,0,0,2093,0,0,0,1152,0,0,0,723,0,0,0,749,0,0,0,13,0,0,0,9397798283400604484,8303521869738103831,8303521869738103831,12189238076088296930,11983586569650220584,9997072872796961758,0,0,0,0,0,0,0,0,0,0,0
480,10,1573,8,10,0.068307,23028.29,0.033858,46458.36,0.031572,49822.91,0.037872,41534.97,0.043397,36246.57,0.034852,45133.31,0.046330,33952.02,0.069204,0.011739,0.022597,0.034852,0.138393,0.018071,2,180826,187336,953663,989,0,0,0,1712,0,0,0,1102,0,0,0,673,0,0,0,580,0,0,0,15,0,0,0,5832732818253005295,6967146118459074685,6967146118459074685,5618433122082113650,6004763004657187529,1065986714823224616,0,0,0,0,0,0,0,0,0,0,0
481,10,1406,8,10,0.111394,12621.83,0.069801,20143.07,0.055132,25502.22,0.050712,27725.35,0.077483,18145.81,0.045763,30723.29,0.091846,15308.31,0.113105,0.011849,0.014332,0.045763,0.185050,0.015074,7,171858,179353,1844183,746,0,0,0,1376,0,0,0,864,0,0,0,529,0,0,0,593,0,0,0,9,0,0,0,3658259638047707002,3658259638047707002,3658259638047707002,1284915179246261082,4148518566184357658,17052934755026117849,0,0,0,0,0,0,0,0,0,0,0
482,10,1716,8,10,0.148336,11568.31,0.094721,18116.39,0.085527,20063.89,0.087621,19584.24,0.103249,16619.95,0.058478,29344.18,0.121483,14125.42,0.149535,0.012716,0.019925,0.058478,0.240654,0.022128,5,188959,195659,1395434,720,0,0,0,1342,0,0,0,1175,0,0,0,587,0,0,0,801,0,0,0,7,0,0,0,14539984526895563152,8218674729024018640,8218674729024018640,11953183978182267744,5122208719104467764,2086357732903432555,0,0,0,0,0,0,0,0,0,0,0
483,10,1568,8,10,0.072451,21642.33,0.034158,45904.48,0.031428,49892.39,0.040426,38787.39,0.042887,36561.04,0.039901,39297.44,0.051645,30361.16,0.074025,0.012316,0.015103,0.039901,0.141345,0.018718,7,190468,198928,909081,779,0,0,0,1626,0,0,0,761,0,0,0,567,0,0,0,645,0,0,0,9,0,0,0,17004439157091412470,17004439157091412470,17004439157091412470,2115968026110625468,833644043703294758,11333124341295305236,0,0,0,0,0,0,0,0,0,0,0
484,10,1475,8,10,0.081468,18105.18,0.038102,38711.44,0.030638,48142.52,0.037879,38940.13,0.045488,32426.24,0.036292,40642.54,0.062688,23529.06,0.084031,0.011361,0.022016,0.036292,0.153699,0.016226,2,176875,184855,2079930,763,0,0,0,1188,0,0,0,695,0,0,0,497,0,0,0,391,0,0,0,9,0,0,0,16532053912122518602,16532053912122518602,16532053912122518602,10594795022672167433,17976543287324810412,14756656848873716530,0,0,0,0,0,0,0,0,0,0,0
485,10,1466,8,10,0.081111,18073.98,0.039325,37279.18,0.036552,40107.43,0.038636,37943.74,0.042118,34806.93,0.035337,41486.14,0.055072,26619.87,0.082661,0.011672,0.022452,0.035337,0.152122,0.016848,2,180062,186312,1603343,951,0,0,0,1307,0,0,0,753,0,0,0,536,0,0,0,655,0,0,0,15,0,0,0,10840482296088320508,10840482296088320508,10840482296088320508,12440540276635919783,1232823791261217773,4645195026043852642,0,0,0,0,0,0,0,0,0,0,0
486,10,1513,8,10,0.137444,11008.16,0.080282,18846.18,0.054573,27724.29,0.090650,16690.50,0.117010,12930.52,0.066098,22890.28,0.110093,13742.89,0.139443,0.013290,0.027501,0.066098,0.246332,0.018619,2,220991,227821,1240818,981,0,0,0,1455,0,0,0,942,0,0,0,749,0,0,0,632,0,0,0,8,0,0,0,17581986335972947072,11350278967612268217,11350278967612268217,6045383538997931306,10587484075167607891,9252961814323754041,0,0,0,0,0,0,0,0,0,0,0
487,10,1363,8,10,0.085264,15985.72,0.039076,34881.06,0.028786,47348.92,0.041158,33116.09,0.045626,29873.60,0.040847,33368.69,0.062899,21669.72,0.086581,0.010726,0.015302,0.040847,0.153455,0.014276,6,171720,178755,2406946,675,0,0,0,1042,0,0,0,641,0,0,0,349,0,0,0,348,0,0,0,21,0,0,0,17792627894648817813,2853082443555768091,2853082443555768091,14292067785670763844,4162511910456492411,7302553683338748696,0,0,0,0,0,0,0,0,0,0,0
488,10,1409,8,10,0.084791,16617.24,0.045607,30894.67,0.034517,40820.58,0.041177,34217.96,0.053836,26172.30,0.039147,35992.59,0.065685,21450.72,0.085974,0.012271,0.022657,0.039147,0.160049,0.016372,2,179952,187287,1338325,852,0,0,0,1558,0,0,0,848,0,0,0,573,0,0,0,683,0,0,0,19,0,0,0,2084601150092103330,11348525922664364964,11348525922664364964,14503229683023904719,8357454806010050086,3978551979995095880,0,0,0,0,0,0,0,0,0,0,0
489,10,1660,8,10,0.089837,18477.95,0.044238,37523.89,0.034010,48809.37,0.038895,42678.88,0.047086,35254.46,0.038549,43062.54,0.061323,27069.80,0.090047,0.013783,0.022101,0.038549,0.164480,0.021420,4,193588,226028,1438821,892,0,0,0,1421,0,0,0,824,0,0,0,511,0,0,0,610,0,0,0,18,0,0,0,13565801043621915616,7132854864672613730,7132854864672613730,2398247635300020369,8694563785503915031,13864168601883287257,0,0,0,0,0,0,0,0,0,0,0
490,10,1503,8,10,0.082286,18265.49,0.045166,33277.03,0.038259,39284.43,0.043464,34580.08,0.051334,29278.98,0.037808,39753.95,0.060476,24852.66,0.083871,0.012101,0.020461,0.037808,0.154241,0.017453,3,185039,197959,1868043,916,0,0,0,1608,0,0,0,930,0,0,0,637,0,0,0,801,0,0,0,8,0,0,0,4800832741094422559,18129717374873805174,18129717374873805174,13926701914004737443,2074468706342898702,2382571230266439244,0,0,0,0,0,0,0,0,0,0,0
491,10,1461,8,10,0.072713,20092.82,0.032351,45161.37,0.034699,42104.38,0.038546,37902.80,0.038783,37670.87,0.034915,41844.75,0.052287,27941.76,0.073781,0.012274,0.023919,0.034915,0.144889,0.017186,2,180418,188423,1309096,742,0,0,0,1375,0,0,0,600,0,0,0,487,0,0,0,584,0,0,0,5,0,0,0,7015374941890491930,12951243258133975986,12951243258133975986,9655536864317142388,12289213637296524583,9950225097413138767,0,0,0,0,0,0,0,0,0,0,0
492,10,1505,8,10,0.068596,21940.04,0.035670,42191.83,0.030124,49960.14,0.030612,49162.96,0.041492,36272.14,0.032980,45634.38,0.045168,33320.35,0.069825,0.011293,0.020599,0.032980,0.134696,0.017396,4,166735,175470,778583,840,0,0,0,1402,0,0,0,628,0,0,0,646,0,0,0,664,0,0,0,14,0,0,0,6222214888108951463,17827837923658804908,17827837923658804908,9400763241142736778,6960092826083528389,17504884533951210018,0,0,0,0,0,0,0,0,0,0,0
493,10,1614,8,10,0.068391,23599.65,0.036318,44440.36,0.033323,48435.63,0.035527,45429.97,0.041305,39075.26,0.035512,45450.00,0.044900,35946.90,0.070149,0.012004,0.013111,0.035512,0.130776,0.018922,8,176678,185208,1683199,894,0,0,0,1516,0,0,0,733,0,0,0,575,0,0,0,537,0,0,0,3,0,0,0,17796047989477257556,1337686229755481821,1337686229755481821,13940459642813443662,4811495520998788640,17376551438496502530,0,0,0,0,0,0,0,0,0,0,0
494,10,1526,8,10,0.086171,17708.91,0.043719,34904.75,0.035085,43494.51,0.042665,35767.29,0.048535,31441.55,0.040254,37909.34,0.061613,24767.65,0.088026,0.013380,0.026613,0.040254,0.168273,0.018888,2,213179,219354,1156423,933,0,0,0,1566,0,0,0,927,0,0,0,585,0,0,0,682,0,0,0,9,0,0,0,13163905633906688716,3322268047002095190,3322268047002095190,2330126826439653415,9085341520453692132,16928980476955549004,0,0,0,0,0,0,0,0,0,0,0
495,10,1587,8,10,0.069379,22874.40,0.035541,44653.07,0.033000,48090.98,0.037665,42134.93,0.039593,40082.97,0.033228,47760.55,0.052339,30321.81,0.071013,0.012526,0.021488,0.033228,0.138256,0.018623,3,180775,207535,1171325,863,0,0,0,1440,0,0,0,716,0,0,0,415,0,0,0,546,0,0,0,7,0,0,0,18032171273513438610,15254008304952104434,15254008304952104434,5329328157425480548,12682373727573128801,6385261589061387958,0,0,0,0,0,0,0,0,0,0,0
496,10,1414,8,10,0.093673,15095.11,0.046688,30286.15,0.034665,40790.08,0.040118,35245.71,0.053046,26655.93,0.043525,32487.04,0.069055,20476.51,0.093977,0.012065,0.020602,0.043525,0.170169,0.016342,3,183009,189594,1635624,836,0,0,0,1453,0,0,0,785,0,0,0,448,0,0,0,571,0,0,0,3,0,0,0,7321561384294599837,3528179539703728585,3528179539703728585,15284659434292747017,1607564622641267809,11786117757124349487,0,0,0,0,0,0,0,0,0,0,0
497,10,1861,8,10,0.077226,24098.21,0.036682,50733.38,0.029987,62059.68,0.036687,50726.68,0.044132,42168.95,0.038049,48911.25,0.053613,34711.56,0.078716,0.013765,0.025919,0.038049,0.156448,0.025971,2,204400,212525,1260625,742,0,0,0,1253,0,0,0,851,0,0,0,502,0,0,0,685,0,0,0,10,0,0,0,9723146026182803213,15520776775046374450,15520776775046374450,12361207112917460604,13713601367311671649,7914760222703208754,0,0,0,0,0,0,0,0,0,0,0
498,10,1667,8,10,0.061924,26920.10,0.030282,55049.58,0.028399,58698.30,0.032225,51730.76,0.036613,45530.74,0.033291,50073.62,0.045829,36374.45,0.062969,0.012087,0.024284,0.033291,0.132631,0.019793,2,173710,195770,782120,755,0,0,0,1374,0,0,0,719,0,0,0,508,0,0,0,640,0,0,0,10,0,0,0,17008819352452507604,4483854594184474634,4483854594184474634,17883935036896657411,14557181740955993534,18061835150048574047,0,0,0,0,0,0,0,0,0,0,0
499,10,1710,8,10,0.085499,20000.20,0.048587,35194.38,0.039736,43034.30,0.044511,38417.84,0.054621,31306.59,0.044932,38057.26,0.069409,24636.68,0.086720,0.012668,0.024181,0.044932,0.168502,0.021408,2,199111,239371,1526257,1266,0,0,0,2007,0,0,0,904,0,0,0,733,0,0,0,893,0,0,0,16,0,0,0,6197858744151174884,17201215984146908306,17201215984146908306,12446154531897436903,4257225336555638382,5879364507847486856,0,0,0,0,0,0,0,0,0,0,0
