batch_idx,num_blocks,num_txs,threads,merge_cap,seq_time_s,seq_tput,par_time_s,par_tput,concat_time_s,concat_tput,cgraph_time_s,cgraph_tput,graph_time_s,graph_tput,integrated_time_s,integrated_tput,vegeta_time_s,vegeta_tput,phase_pre_execute_s,phase_graph_build_s,phase_integrate_s,phase_execute_s,phase_total_s,vegeta_speculate_s,num_integrated_groups,omakase_graph_bytes,vegeta_sched_bytes,calldata_bytes,par_re_exec,par_validation_aborts,par_cascade_aborts,par_wrote_new_loc,concat_re_exec,concat_validation_aborts,concat_cascade_aborts,concat_wrote_new_loc,cgraph_re_exec,cgraph_validation_aborts,cgraph_cascade_aborts,cgraph_wrote_new_loc,graph_re_exec,graph_validation_aborts,graph_cascade_aborts,graph_wrote_new_loc,integ_re_exec,integ_validation_aborts,integ_cascade_aborts,integ_wrote_new_loc,vegeta_re_exec,vegeta_validation_aborts,vegeta_cascade_aborts,vegeta_wrote_new_loc,digest_seq,digest_par,digest_concat,logical_seq,logical_integ,logical_vegeta,cgraph_cross_block_aborts,cgraph_cross_block_cascade,graph_cross_block_aborts,graph_cross_block_cascade,integ_cross_block_aborts,integ_cross_block_cascade,par_fallbacks,concat_fallbacks,cgraph_fallbacks,graph_fallbacks,integ_fallbacks
0,20,3090,8,10,0.118294,26121.39,0.064197,48132.94,0.058264,53034.01,0.061479,50261.07,0.071507,43212.71,0.054394,56807.56,0.095075,32500.61,0.132000,0.015666,0.051166,0.054394,0.253226,0.038225,4,354483,416118,1814887,2058,0,0,0,3297,0,0,0,1428,0,0,0,617,0,0,0,855,0,0,0,26,0,0,0,13822515187727508643,10132536899502718138,10132536899502718138,17424449779991169920,11133136028533964697,14301182983869115437,0,0,0,0,0,0,0,0,0,0,0
1,20,2523,8,10,0.117264,21515.48,0.062992,40052.40,0.045126,55909.55,0.050545,49915.46,0.066643,37858.48,0.050929,49539.76,0.082810,30467.31,0.120033,0.021956,0.046393,0.050929,0.239311,0.026170,3,332480,344105,1710238,1390,0,0,0,2146,0,0,0,1242,0,0,0,668,0,0,0,942,0,0,0,12,0,0,0,12752822986454273077,18240377242069503631,18240377242069503631,7744382736364976894,5507713306670411144,3364639976318100988,0,0,0,0,0,0,0,0,0,0,0
2,20,2778,8,10,0.159421,17425.61,0.085427,32518.90,0.053891,51548.61,0.075979,36562.56,0.097747,28420.25,0.082802,33549.85,0.119844,23180.09,0.161144,0.023845,0.040035,0.082802,0.307826,0.031664,10,366542,380872,1754924,1349,0,0,0,2059,0,0,0,1165,0,0,0,851,0,0,0,797,0,0,0,19,0,0,0,9928706704050649313,9413558517113795563,9413558517113795563,8347382289992928599,17347409052256524520,3699861901921368596,0,0,0,0,0,0,0,0,0,0,0
3,20,2534,8,10,0.122014,20768.12,0.063734,39759.14,0.051489,49214.18,0.057611,43984.57,0.071250,35565.07,0.058537,43288.97,0.089905,28185.18,0.124400,0.028477,0.053223,0.058537,0.264637,0.027468,3,328222,341522,1553144,1162,0,0,0,2284,0,0,0,1217,0,0,0,639,0,0,0,828,0,0,0,19,0,0,0,9809189544999384444,1076154088885676664,1076154088885676664,7321021053231955034,6172314421546538602,3779590821276866686,0,0,0,0,0,0,0,0,0,0,0
4,20,2754,8,10,0.126502,21770.39,0.059827,46032.76,0.048522,56757.41,0.054832,50226.34,0.069548,39598.50,0.056376,48850.34,0.093562,29435.11,0.129040,0.023967,0.055693,0.056376,0.265077,0.029639,3,359548,379223,1769461,1158,0,0,0,2110,0,0,0,1056,0,0,0,694,0,0,0,766,0,0,0,13,0,0,0,7654228593539975621,18307263300772101837,18307263300772101837,5868051544861919371,13832363079429808669,15040206859403302282,0,0,0,0,0,0,0,0,0,0,0
5,20,2666,8,10,0.115629,23056.45,0.056236,47407.59,0.044060,60507.93,0.050628,52658.77,0.063311,42109.81,0.053067,50238.73,0.084001,31737.72,0.118357,0.024077,0.050249,0.053067,0.245749,0.027612,3,340462,350682,1729629,1089,0,0,0,1887,0,0,0,1197,0,0,0,588,0,0,0,856,0,0,0,17,0,0,0,12678771206260789391,15329725181151470762,15329725181151470762,8663914104482001621,3945760738328292389,12304892869110542863,0,0,0,0,0,0,0,0,0,0,0
6,20,3136,8,10,0.140840,22266.38,0.068130,46029.68,0.050429,62186.08,0.073591,42614.12,0.087320,35914.08,0.076972,40742.23,0.118306,26507.48,0.143418,0.022259,0.044486,0.076972,0.287134,0.036274,5,337794,389804,1871314,1192,0,0,0,2078,0,0,0,1056,0,0,0,597,0,0,0,738,0,0,0,13,0,0,0,1770999938126260920,17544353343088250749,17544353343088250749,9017131165416132842,7637646650624636962,6388023162224445415,0,0,0,0,0,0,0,0,0,0,0
7,20,3292,8,10,0.119936,27448.05,0.055632,59174.53,0.044748,73566.91,0.051347,64113.26,0.062293,52847.19,0.053245,61827.59,0.111674,29478.70,0.124385,0.024424,0.063349,0.053245,0.265404,0.041393,4,365406,629841,1991726,1371,0,0,0,2172,0,0,0,1291,0,0,0,709,0,0,0,928,0,0,0,10,0,0,0,16472447958797090944,16768090504311843872,16768090504311843872,3336898220682925931,542204778909081925,12610743337886057840,0,0,0,0,0,0,0,0,0,0,0
8,20,2588,8,10,0.126309,20489.41,0.055599,46547.55,0.041900,61765.60,0.051264,50484.02,0.065881,39282.70,0.051239,50508.02,0.084457,30642.65,0.128395,0.021856,0.044562,0.051239,0.246053,0.030169,4,332065,342715,1925730,1023,0,0,0,1656,0,0,0,1050,0,0,0,618,0,0,0,846,0,0,0,6,0,0,0,10750107405919633211,6796008223987469856,6796008223987469856,7445464894328530855,17451858640165962365,10227054339297290938,0,0,0,0,0,0,0,0,0,0,0
9,20,2871,8,10,0.136487,21034.92,0.059169,48521.95,0.043779,65580.06,0.053264,53901.58,0.071785,39994.28,0.055210,52001.61,0.093386,30743.45,0.139570,0.023169,0.046671,0.055210,0.264620,0.030811,3,333242,348652,2127722,1161,0,0,0,1768,0,0,0,1356,0,0,0,720,0,0,0,1054,0,0,0,3,0,0,0,12686104964510154474,9780232124924967797,9780232124924967797,6737429326917565294,8826699480970730833,16026869468308833612,0,0,0,0,0,0,0,0,0,0,0
10,20,2571,8,10,0.124667,20622.91,0.055222,46557.93,0.042019,61186.77,0.052493,48977.95,0.065882,39024.30,0.052358,49104.63,0.083548,30772.72,0.128156,0.021486,0.044260,0.052358,0.246260,0.026401,4,335496,343631,1936140,1029,0,0,0,1870,0,0,0,973,0,0,0,638,0,0,0,767,0,0,0,11,0,0,0,3450051510457139028,16636097566023762910,16636097566023762910,11243695836710098099,11911530930381377623,12255284097652957962,0,0,0,0,0,0,0,0,0,0,0
11,20,2877,8,10,0.119086,24159.09,0.052137,55181.78,0.040836,70452.94,0.048009,59925.83,0.061437,46828.21,0.048663,59120.67,0.081944,35109.36,0.121227,0.022540,0.046859,0.048663,0.239288,0.033466,4,333634,347009,1964289,1236,0,0,0,1977,0,0,0,1156,0,0,0,704,0,0,0,856,0,0,0,7,0,0,0,17178379073928522365,1670605994599590837,1670605994599590837,12231613823185490443,5921552490397031257,1146078398039234703,0,0,0,0,0,0,0,0,0,0,0
12,20,2906,8,10,0.134588,21591.88,0.068051,42703.10,0.046414,62610.13,0.059038,49222.63,0.076219,38126.82,0.060590,47962.04,0.097460,29817.44,0.136877,0.024661,0.048258,0.060590,0.270385,0.033799,4,365725,380065,1815372,1194,0,0,0,1977,0,0,0,1225,0,0,0,704,0,0,0,825,0,0,0,21,0,0,0,3930217146820865142,18328868114713758235,18328868114713758235,11153333442533381975,17909868272183093653,3292782977669796614,0,0,0,0,0,0,0,0,0,0,0
13,20,2985,8,10,0.113374,26328.68,0.051915,57498.26,0.043706,68297.53,0.049732,60021.86,0.062445,47801.76,0.047154,63303.31,0.086308,34585.31,0.116818,0.022571,0.046417,0.047154,0.232960,0.032821,3,325401,344306,1811976,1081,0,0,0,1861,0,0,0,1215,0,0,0,578,0,0,0,815,0,0,0,13,0,0,0,11956628311262049033,1183034171610356725,1183034171610356725,11447793195771774458,12532542833671986019,16526181823629955720,0,0,0,0,0,0,0,0,0,0,0
14,20,2592,8,10,0.110092,23543.95,0.046919,55244.25,0.037892,68405.82,0.050071,51766.19,0.059613,43480.65,0.050866,50957.51,0.076542,33863.92,0.112616,0.022240,0.041249,0.050866,0.226971,0.028209,6,302851,312721,1822581,871,0,0,0,1541,0,0,0,826,0,0,0,437,0,0,0,548,0,0,0,6,0,0,0,4877821038270648484,12758036199942198152,12758036199942198152,14038316252442664129,15428946074617747648,10291772677578340461,0,0,0,0,0,0,0,0,0,0,0
15,20,2993,8,10,0.123262,24281.62,0.066715,44862.16,0.052150,57392.51,0.051883,57687.99,0.074707,40062.98,0.060221,49700.00,0.094672,31614.52,0.126466,0.024014,0.049416,0.060221,0.260118,0.037303,4,347464,414049,1680864,1439,0,0,0,2142,0,0,0,1189,0,0,0,611,0,0,0,703,0,0,0,15,0,0,0,1734921968280888880,14908565643156614413,14908565643156614413,340240849149837502,2301337221598280385,18147704793130127201,0,0,0,0,0,0,0,0,0,0,0
16,20,2943,8,10,0.204501,14391.11,0.127168,23142.54,0.077074,38184.18,0.111726,26341.32,0.137277,21438.47,0.073920,39813.28,0.172942,17017.28,0.207613,0.023532,0.050029,0.073920,0.355094,0.033283,3,359588,389298,2018070,1200,0,0,0,1352,0,0,0,1254,0,0,0,725,0,0,0,865,0,0,0,17,0,0,0,200111209227787047,3075799012840437160,3075799012840437160,15627530727319852595,7929835149917906789,1165265961916098604,0,0,0,0,0,0,0,0,0,0,0
17,20,2548,8,10,0.123389,20650.07,0.057975,43949.73,0.041163,61900.32,0.045521,55974.55,0.064445,39537.68,0.047819,53284.46,0.084290,30228.91,0.125119,0.020397,0.039613,0.047819,0.232948,0.025807,4,297860,309640,1892505,974,0,0,0,1550,0,0,0,1059,0,0,0,538,0,0,0,733,0,0,0,12,0,0,0,10625590748327871349,4774978507635548197,4774978507635548197,4989151057980713869,3810307597385465071,9068669161051554798,0,0,0,0,0,0,0,0,0,0,0
18,20,2769,8,10,0.134430,20598.11,0.065848,42051.56,0.048891,56636.18,0.060190,46004.35,0.082907,33398.82,0.055987,49457.79,0.103719,26697.06,0.137086,0.023728,0.051185,0.055987,0.267986,0.029462,3,358289,399819,1738713,1324,0,0,0,2197,0,0,0,1070,0,0,0,697,0,0,0,716,0,0,0,13,0,0,0,17080359351981197566,8797170158054378627,8797170158054378627,14244723542638579173,17465635355164041551,13572472356389472620,0,0,0,0,0,0,0,0,0,0,0
19,20,2648,8,10,0.142150,18628.20,0.079032,33505.54,0.058262,45449.81,0.069925,37868.95,0.087520,30256.07,0.068709,38539.27,0.099568,26594.99,0.145705,0.023442,0.048424,0.068709,0.286279,0.029143,3,349261,356161,1730813,1466,0,0,0,2537,0,0,0,1240,0,0,0,874,0,0,0,958,0,0,0,26,0,0,0,12086899843585088044,29699304198117650,29699304198117650,10932255738145904407,14769009358826510788,12132026209030925936,0,0,0,0,0,0,0,0,0,0,0
20,20,2866,8,10,0.138749,20656.01,0.080392,35650.35,0.055609,51538.56,0.075710,37855.09,0.088793,32277.39,0.071679,39983.54,0.106437,26926.70,0.141706,0.022169,0.044563,0.071679,0.280117,0.032806,4,338932,367032,1822204,1448,0,0,0,2722,0,0,0,1303,0,0,0,879,0,0,0,910,0,0,0,17,0,0,0,10215932990874918092,11050132692155544951,2194769470738715537,17977076773310020706,6915856808592978201,12539851682230446972,0,0,0,0,0,0,0,0,0,0,0
21,20,2922,8,10,0.131631,22198.40,0.062964,46407.83,0.051386,56863.94,0.061082,47837.38,0.071409,40919.33,0.056534,51685.66,0.107225,27251.17,0.134833,0.025560,0.042941,0.056534,0.259868,0.035112,5,393506,478851,1574645,2262,0,0,0,2895,0,0,0,1310,0,0,0,640,0,0,0,893,0,0,0,87,0,0,0,16707633517038801157,14372752363408705651,14372752363408705651,4291691682312746848,11505586129776565861,15471095782942725371,0,0,0,0,0,0,0,0,0,0,0
22,20,2671,8,10,0.141449,18883.09,0.070947,37648.01,0.053701,49738.39,0.064841,41193.03,0.086428,30904.44,0.063624,41981.01,0.103628,25774.96,0.144593,0.023225,0.051620,0.063624,0.283062,0.029887,4,347252,359742,1454962,1476,0,0,0,2467,0,0,0,1215,0,0,0,860,0,0,0,975,0,0,0,43,0,0,0,5831137403252901604,7575700050247981597,7575700050247981597,17812367032442075904,15467783912761485599,15564253369141108485,0,0,0,0,0,0,0,0,0,0,0
23,20,2959,8,10,0.153197,19314.99,0.070036,42249.63,0.051453,57508.24,0.071245,41532.92,0.086934,34037.49,0.074652,39637.22,0.118280,25017.00,0.157032,0.023655,0.047302,0.074652,0.302642,0.034746,4,371111,401876,2084889,1287,0,0,0,2228,0,0,0,1344,0,0,0,640,0,0,0,841,0,0,0,5,0,0,0,16993943304461174594,7549755348528814939,7549755348528814939,7439957245830361433,975461228230745508,10001253036226563934,0,0,0,0,0,0,0,0,0,0,0
24,20,2648,8,10,0.108350,24439.35,0.050339,52603.04,0.041169,64320.53,0.049563,53426.93,0.062003,42707.65,0.046364,57113.73,0.076981,34398.21,0.111933,0.020686,0.036212,0.046364,0.215195,0.029763,6,305479,315829,1864825,958,0,0,0,1520,0,0,0,1235,0,0,0,574,0,0,0,588,0,0,0,7,0,0,0,3737118784939241856,2262712720722552290,2262712720722552290,7824853125617516797,12361799096829595917,1483244668016073760,0,0,0,0,0,0,0,0,0,0,0
25,20,2726,8,10,0.126461,21556.07,0.056865,47937.84,0.041514,65665.33,0.050332,54160.51,0.065843,41401.66,0.049786,54754.54,0.084732,32172.04,0.129104,0.022583,0.046617,0.049786,0.248089,0.031132,4,334846,347851,2099262,1051,0,0,0,1815,0,0,0,1393,0,0,0,596,0,0,0,961,0,0,0,12,0,0,0,3254913703805042954,14336163376931598016,14336163376931598016,10561229069011911528,3838021950613185984,13209169832148247624,0,0,0,0,0,0,0,0,0,0,0
26,20,2657,8,10,0.126987,20923.35,0.061045,43525.18,0.048914,54319.95,0.057848,45930.61,0.073017,36388.68,0.054714,48562.00,0.085805,30965.56,0.130743,0.022218,0.047840,0.054714,0.255514,0.027741,3,338918,348623,1732408,1039,0,0,0,1982,0,0,0,1487,0,0,0,729,0,0,0,895,0,0,0,20,0,0,0,14416695624529447540,16503219069100743210,16503219069100743210,4145157459306838199,7932592945098416241,10565898752515177579,0,0,0,0,0,0,0,0,0,0,0
27,20,2770,8,10,0.125885,22004.27,0.058956,46984.08,0.046494,59577.97,0.062196,44536.95,0.071567,38705.00,0.086853,31892.93,0.086099,32172.15,0.128023,0.021768,0.045881,0.086853,0.282525,0.029767,3,330241,341171,1921690,1073,0,0,0,2057,0,0,0,1179,0,0,0,554,0,0,0,362,0,0,0,16,0,0,0,2021602977550679213,13705048453925988653,13705048453925988653,12076087549051176946,15508196209907707150,1833737617605320210,0,0,0,0,0,0,0,0,0,0,1
28,20,2623,8,10,0.133596,19633.86,0.065102,40290.51,0.058952,44494.00,0.068184,38469.20,0.077639,33784.72,0.065325,40152.85,0.091336,28718.29,0.136862,0.020670,0.041910,0.065325,0.264767,0.031107,5,331665,344735,2134559,1320,0,0,0,2420,0,0,0,1264,0,0,0,842,0,0,0,961,0,0,0,11,0,0,0,3604400936708032435,17827023870099431048,17827023870099431048,13775961700314965179,13797225898581723443,6555272615254755008,0,0,0,0,0,0,0,0,0,0,0
29,20,2599,8,10,0.114058,22786.59,0.046454,55947.62,0.038767,67041.00,0.049599,52400.27,0.057716,45031.14,0.050364,51604.00,0.076035,34181.54,0.116851,0.020447,0.031349,0.050364,0.219012,0.026891,11,309300,329105,1980060,1050,0,0,0,1745,0,0,0,1100,0,0,0,518,0,0,0,555,0,0,0,19,0,0,0,2736518119273845972,10299194484573093082,10299194484573093082,11323918363936583592,4194676259733938604,4055987563619076406,0,0,0,0,0,0,0,0,0,0,0
30,20,2786,8,10,0.129197,21563.90,0.058832,47355.50,0.053911,51677.60,0.060886,45757.81,0.068354,40758.18,0.059448,46864.74,0.092007,30280.22,0.132929,0.022968,0.050337,0.059448,0.265682,0.031569,3,358959,376659,1843210,1373,0,0,0,2384,0,0,0,1220,0,0,0,622,0,0,0,896,0,0,0,12,0,0,0,10490213302081067541,13288239638440084622,13288239638440084622,7809100665980206978,14598075821030064988,222316105924770520,0,0,0,0,0,0,0,0,0,0,0
31,20,3069,8,10,0.138318,22188.07,0.063733,48154.32,0.053390,57482.68,0.063051,48674.63,0.077094,39808.52,0.060467,50755.16,0.114271,26857.27,0.142342,0.026743,0.050687,0.060467,0.280239,0.037211,4,406504,502894,1738488,1842,0,0,0,2743,0,0,0,1552,0,0,0,835,0,0,0,1073,0,0,0,35,0,0,0,7891847115160169416,14855910954198427521,14855910954198427521,8582933455721836395,3029552618988200672,15232361996313992016,0,0,0,0,0,0,0,0,0,0,0
32,20,2789,8,10,0.145487,19170.08,0.073693,37846.06,0.061401,45422.72,0.071358,39084.72,0.082995,33604.43,0.070035,39822.88,0.108915,25607.17,0.151386,0.023434,0.046962,0.070035,0.291817,0.031763,4,413600,429785,1864459,1584,0,0,0,2490,0,0,0,1419,0,0,0,792,0,0,0,1169,0,0,0,37,0,0,0,11166887709828408803,552609417477637083,552609417477637083,12619546875630434957,6527255570674202678,13417633343286823005,0,0,0,0,0,0,0,0,0,0,0
33,20,2581,8,10,0.126715,20368.51,0.057991,44506.73,0.042734,60396.72,0.049233,52423.80,0.067322,38338.29,0.048372,53357.77,0.084644,30492.34,0.129154,0.020194,0.039989,0.048372,0.237708,0.027805,4,299766,306631,2299793,1015,0,0,0,1801,0,0,0,1296,0,0,0,755,0,0,0,887,0,0,0,20,0,0,0,13086987372709340341,5028028515176340232,5028028515176340232,1135348576291099978,7805676948267613010,878034779887114935,0,0,0,0,0,0,0,0,0,0,0
34,20,2835,8,10,0.150512,18835.65,0.074837,37882.36,0.046053,61559.36,0.051766,54765.21,0.082908,34194.73,0.052737,53757.33,0.116787,24275.05,0.152843,0.021288,0.043624,0.052737,0.270492,0.033291,4,316963,340178,2223415,1304,0,0,0,1930,0,0,0,1367,0,0,0,592,0,0,0,765,0,0,0,10,0,0,0,1309922246687533176,10895092406165578819,10895092406165578819,8206522704900208488,13406044090245311771,13969301904728554964,0,0,0,0,0,0,0,0,0,0,0
35,20,2359,8,10,0.131338,17961.28,0.065676,35918.90,0.043962,53659.61,0.051518,45790.15,0.074940,31478.53,0.059727,39496.29,0.096664,24404.00,0.133995,0.018907,0.037937,0.059727,0.250567,0.022700,4,287944,294749,2324211,1032,0,0,0,1741,0,0,0,1065,0,0,0,572,0,0,0,660,0,0,0,16,0,0,0,8408667961425670473,9750129334761443862,9750129334761443862,4251787868874546008,11700892334854691843,144374251547993351,0,0,0,0,0,0,0,0,0,0,0
36,20,2455,8,10,0.123125,19939.06,0.058454,41998.75,0.043468,56477.90,0.053666,45746.05,0.069659,35243.22,0.057267,42869.16,0.087665,28004.28,0.125478,0.020562,0.038379,0.057267,0.241686,0.024713,5,296615,304730,2086651,988,0,0,0,1814,0,0,0,1075,0,0,0,563,0,0,0,683,0,0,0,6,0,0,0,5224537024664847254,16835115783916073443,16835115783916073443,8137442321894680524,6677006398439277391,4791967666809032979,0,0,0,0,0,0,0,0,0,0,0
37,20,3256,8,10,0.132518,24570.19,0.063313,51426.86,0.044571,73052.52,0.064589,50411.36,0.075449,43154.91,0.066500,48962.74,0.122089,26669.02,0.136521,0.024608,0.042218,0.066500,0.269847,0.043982,7,377912,495557,2410042,2348,0,0,0,2857,0,0,0,892,0,0,0,514,0,0,0,880,0,0,0,49,0,0,0,11319373200284980055,14684600322584000119,14684600322584000119,7535852087985299998,9445176517914820857,18280615452398855862,0,0,0,0,0,0,0,0,0,0,0
38,20,2430,8,10,0.107709,22560.84,0.045436,53481.26,0.037321,65110.74,0.046907,51804.33,0.054101,44916.16,0.042561,57094.93,0.073000,33287.68,0.110305,0.019373,0.039408,0.042561,0.211647,0.024591,4,285963,292308,1989568,814,0,0,0,1464,0,0,0,926,0,0,0,496,0,0,0,611,0,0,0,12,0,0,0,7273278381681138193,8097600094511099928,8097600094511099928,5019708811171593250,7774389673414329615,4407076242528905081,0,0,0,0,0,0,0,0,0,0,0
39,20,2597,8,10,0.135222,19205.47,0.068220,38067.77,0.039867,65140.80,0.045354,57261.13,0.076515,33941.12,0.048356,53705.33,0.100700,25789.35,0.138301,0.022623,0.043405,0.048356,0.252687,0.025693,4,313130,322070,1897600,873,0,0,0,1244,0,0,0,1150,0,0,0,532,0,0,0,673,0,0,0,4,0,0,0,3815821183570629725,7108945102322449700,7108945102322449700,2217235705628320250,12667554972421429931,11874255509502808808,0,0,0,0,0,0,0,0,0,0,0
40,20,2593,8,10,0.109956,23582.21,0.045902,56489.68,0.037480,69183.91,0.049103,52806.90,0.056679,45748.92,0.049674,52200.54,0.076869,33732.78,0.112902,0.021709,0.041098,0.049674,0.225383,0.027283,5,319246,327111,1819505,878,0,0,0,1545,0,0,0,1067,0,0,0,519,0,0,0,728,0,0,0,18,0,0,0,6596227718716463268,3305233509405991332,3305233509405991332,9415645100587812436,1409251767467610816,16318018901851218807,0,0,0,0,0,0,0,0,0,0,0
41,20,2640,8,10,0.121881,21660.55,0.050600,52174.15,0.044722,59030.97,0.054679,48281.87,0.062050,42546.37,0.053209,49615.29,0.079771,33094.58,0.124446,0.022860,0.047464,0.053209,0.247978,0.029391,3,339691,346836,1793949,976,0,0,0,1905,0,0,0,1360,0,0,0,752,0,0,0,1034,0,0,0,19,0,0,0,4788810671902270426,3459393827440557742,3459393827440557742,9562942100226359761,7101038848500994236,8360014154938671787,0,0,0,0,0,0,0,0,0,0,0
42,20,2572,8,10,0.132884,19355.29,0.059508,43221.10,0.053597,47988.12,0.062009,41477.67,0.073649,34922.29,0.059360,43328.69,0.085154,30203.95,0.135670,0.023253,0.045835,0.059360,0.264117,0.028232,4,346199,353934,1770476,1115,0,0,0,2373,0,0,0,1237,0,0,0,811,0,0,0,1008,0,0,0,12,0,0,0,16839021249571199457,8331491320133698002,8331491320133698002,13210505826339786160,15441331911102606557,6290963311498342757,0,0,0,0,0,0,0,0,0,0,0
43,20,2798,8,10,0.137231,20388.92,0.057045,49049.26,0.045623,61328.49,0.057962,48273.17,0.069999,39972.08,0.059164,47292.31,0.091244,30665.17,0.141315,0.025193,0.050287,0.059164,0.275958,0.031402,4,389675,397320,1770525,968,0,0,0,1843,0,0,0,1376,0,0,0,691,0,0,0,834,0,0,0,11,0,0,0,2601804111772638173,16205351144434838866,16205351144434838866,559002135765771490,10422498600893471135,13995685828252257866,0,0,0,0,0,0,0,0,0,0,0
44,20,2813,8,10,0.154764,18176.02,0.079233,35503.10,0.069911,40237.11,0.077483,36304.91,0.088314,31852.11,0.068921,40814.76,0.107828,26087.94,0.158910,0.025227,0.050366,0.068921,0.303424,0.035525,4,394275,406520,1819620,1841,0,0,0,3002,0,0,0,1697,0,0,0,893,0,0,0,994,0,0,0,33,0,0,0,8347474801610411422,4752753156407475018,4752753156407475018,3577468595588128783,8728161935014550481,14037197995529071573,0,0,0,0,0,0,0,0,0,0,0
45,20,3079,8,10,0.123737,24883.43,0.056234,54753.72,0.050423,61062.83,0.058284,52827.54,0.064842,47484.76,0.055818,55161.00,0.092811,33174.89,0.127252,0.025220,0.044117,0.055818,0.252407,0.039930,5,373858,458478,1852688,1532,0,0,0,2504,0,0,0,1221,0,0,0,663,0,0,0,863,0,0,0,12,0,0,0,12554038776451595172,16742573358913805087,16742573358913805087,3727295922402931254,3756319528239478639,8042443465582668452,0,0,0,0,0,0,0,0,0,0,0
46,20,2816,8,10,0.132262,21291.02,0.061381,45877.43,0.046384,60710.46,0.066500,42345.79,0.073215,38462.24,0.065108,43251.05,0.086161,32682.92,0.135719,0.022164,0.037785,0.065108,0.260776,0.031804,9,341873,349963,1935011,1074,0,0,0,2066,0,0,0,1270,0,0,0,689,0,0,0,741,0,0,0,21,0,0,0,7090744549537054814,6781957372754870537,6781957372754870537,13637072592364731232,3319330481957792708,9056477725857748798,0,0,0,0,0,0,0,0,0,0,0
47,20,2887,8,10,0.137976,20923.95,0.058339,49486.87,0.049217,58658.65,0.061709,46784.32,0.074661,38668.32,0.060379,47814.98,0.096785,29828.98,0.140459,0.022922,0.046959,0.060379,0.270718,0.033910,4,348973,366038,1683175,1166,0,0,0,1729,0,0,0,1351,0,0,0,657,0,0,0,766,0,0,0,16,0,0,0,3135659721748649086,870453647320933965,870453647320933965,1849640777020728617,3740035552087336359,6521868191849505464,0,0,0,0,0,0,0,0,0,0,0
48,20,2750,8,10,0.137908,19940.81,0.068807,39966.78,0.047169,58300.47,0.053944,50978.53,0.078677,34953.01,0.051845,53042.95,0.098657,27874.47,0.141137,0.021350,0.044837,0.051845,0.259170,0.031496,4,338135,350490,1982279,1013,0,0,0,1901,0,0,0,1232,0,0,0,605,0,0,0,890,0,0,0,17,0,0,0,14441786156656378298,1270850416083367512,1270850416083367512,17397550072499756866,10226258151454812426,14967249029651349017,0,0,0,0,0,0,0,0,0,0,0
49,20,2552,8,10,0.117047,21803.26,0.053796,47438.78,0.043825,58232.18,0.050050,50989.11,0.062871,40590.80,0.056951,44810.51,0.077936,32744.75,0.119342,0.021905,0.043307,0.056951,0.241505,0.028344,4,317929,326879,1804558,883,0,0,0,1764,0,0,0,1069,0,0,0,570,0,0,0,677,0,0,0,10,0,0,0,2168477280648130744,16251346514510215942,16251346514510215942,5892192118536968227,2466725999204658172,10795614412724409321,0,0,0,0,0,0,0,0,0,0,0
50,20,2545,8,10,0.119277,21336.90,0.058947,43174.47,0.046115,55188.19,0.059832,42535.97,0.068496,37155.51,0.060506,42061.84,0.086639,29374.91,0.121836,0.019584,0.038086,0.060506,0.240012,0.026007,4,285478,294043,2483480,785,0,0,0,1496,0,0,0,1030,0,0,0,387,0,0,0,482,0,0,0,7,0,0,0,6717962586879916257,3165991548925747533,3165991548925747533,16104070281810544009,13157264397163178995,12074873293486843663,0,0,0,0,0,0,0,0,0,0,0
51,20,2585,8,10,0.133573,19352.65,0.059315,43580.80,0.047175,54795.48,0.056844,45475.57,0.070485,36674.60,0.054349,47562.84,0.091385,28287.05,0.135465,0.021450,0.044055,0.054349,0.255320,0.030461,3,338130,346750,2059422,1355,0,0,0,2037,0,0,0,1230,0,0,0,674,0,0,0,857,0,0,0,25,0,0,0,17553832772388387759,17553832772388387759,17553832772388387759,8135901601059421103,9855672691289798103,6207242669430881340,0,0,0,0,0,0,0,0,0,0,0
52,20,3348,8,10,0.110891,30191.78,0.049184,68071.25,0.041598,80485.23,0.046479,72032.82,0.058937,56806.02,0.073070,45818.96,0.094346,35486.50,0.113774,0.023503,0.045979,0.073070,0.256326,0.042055,4,352178,446538,1814299,1898,0,0,0,2511,0,0,0,1274,0,0,0,590,0,0,0,678,0,0,0,11,0,0,0,14877419291509831253,6069618807808817272,6069618807808817272,17849722167218894349,16659365510871711347,2182487343602158287,0,0,0,0,0,0,0,0,0,0,1
53,20,2691,8,10,0.139744,19256.70,0.074119,36306.72,0.055699,48312.87,0.046906,57370.17,0.080171,33565.64,0.061340,43870.41,0.103221,26070.15,0.142225,0.020990,0.044707,0.061340,0.269261,0.028005,4,316234,327174,1943437,1099,0,0,0,1824,0,0,0,979,0,0,0,643,0,0,0,731,0,0,0,11,0,0,0,6159080628644429524,5714560355679978550,5714560355679978550,14789741818440842939,8928578339362057460,8601683628654779018,0,0,0,0,0,0,0,0,0,0,0
54,20,3056,8,10,0.144832,21100.32,0.072134,42365.57,0.046245,66083.41,0.064805,47156.81,0.086979,35135.11,0.060958,50133.01,0.110843,27570.45,0.147171,0.022809,0.047155,0.060958,0.278092,0.035247,3,335742,359457,1891565,1224,0,0,0,1857,0,0,0,1152,0,0,0,544,0,0,0,1012,0,0,0,6,0,0,0,9525866143828241355,16210735161879827633,16210735161879827633,8132039692491949779,10461904098972763706,9071937037507452042,0,0,0,0,0,0,0,0,0,0,0
55,20,2963,8,10,0.147146,20136.45,0.082724,35818.01,0.055654,53239.45,0.063687,46524.70,0.091417,32411.84,0.064002,46295.12,0.109520,27054.41,0.150585,0.022687,0.046497,0.064002,0.283772,0.031643,4,336167,351232,1852379,1250,0,0,0,2080,0,0,0,1106,0,0,0,533,0,0,0,884,0,0,0,11,0,0,0,15656503374763700513,3055597036048604782,3055597036048604782,9021829749544070213,17804483127464819070,11400728948602611797,0,0,0,0,0,0,0,0,0,0,0
56,20,2860,8,10,0.123668,23126.51,0.057613,49641.91,0.043803,65292.10,0.054954,52043.34,0.066196,43204.92,0.054699,52285.74,0.086886,32916.77,0.126327,0.024460,0.045390,0.054699,0.250877,0.035953,4,374111,392526,1595906,1263,0,0,0,1902,0,0,0,1293,0,0,0,680,0,0,0,950,0,0,0,11,0,0,0,8344671943786631269,7317399671235678480,7317399671235678480,13085252850293455747,13832654736040321575,7215586754769729449,0,0,0,0,0,0,0,0,0,0,0
57,20,2736,8,10,0.125663,21772.49,0.063296,43225.19,0.046010,59465.46,0.063219,43278.22,0.074276,36835.39,0.065130,42008.00,0.098063,27900.29,0.127669,0.022415,0.033916,0.065130,0.249130,0.032561,11,342318,360133,1784063,1283,0,0,0,2143,0,0,0,1100,0,0,0,509,0,0,0,584,0,0,0,25,0,0,0,9927537366054495880,4101850688916864913,4101850688916864913,12005723938627734963,16670807644300660109,17619437686666044549,0,0,0,0,0,0,0,0,0,0,0
58,20,3019,8,10,0.111641,27042.07,0.055693,54207.92,0.048621,62092.31,0.055257,54635.84,0.065054,46407.84,0.054285,55613.76,0.107006,28213.34,0.114933,0.023026,0.044489,0.054285,0.236734,0.036241,4,365760,468205,1674379,2715,0,0,0,3544,0,0,0,1353,0,0,0,629,0,0,0,965,0,0,0,28,0,0,0,16620103974585321643,15917456484290455378,15917456484290455378,15689263365608724625,11367547684417277775,1589514727628845655,0,0,0,0,0,0,0,0,0,0,0
59,20,2834,8,10,0.118365,23942.80,0.052141,54352.32,0.040491,69991.38,0.053156,53315.13,0.063654,44521.76,0.053926,52553.23,0.092536,30625.84,0.120812,0.022471,0.045913,0.053926,0.243122,0.034919,4,334424,365964,2001570,1347,0,0,0,2097,0,0,0,1278,0,0,0,648,0,0,0,716,0,0,0,16,0,0,0,17689399258725244552,18102902294206031674,18102902294206031674,14821864675849577533,9276568278680401939,216757823670159093,0,0,0,0,0,0,0,0,0,0,0
60,20,2925,8,10,0.129685,22554.71,0.076690,38140.49,0.043568,67137.02,0.052832,55364.64,0.071704,40792.76,0.053247,54933.08,0.103597,28234.46,0.132478,0.024874,0.052600,0.053247,0.263199,0.034753,4,375256,410656,1714916,1267,0,0,0,1812,0,0,0,1016,0,0,0,488,0,0,0,631,0,0,0,13,0,0,0,14370581694370758897,7638315648174763591,7638315648174763591,1574977682445649843,14400463480262318350,3823965265956246348,0,0,0,0,0,0,0,0,0,0,0
61,20,2686,8,10,0.129478,20744.83,0.066593,40334.38,0.045421,59135.64,0.061946,43360.12,0.076107,35292.47,0.063158,42527.99,0.093633,28686.54,0.131988,0.022744,0.048807,0.063158,0.266697,0.028127,3,340311,350676,1772684,1065,0,0,0,1935,0,0,0,964,0,0,0,615,0,0,0,832,0,0,0,18,0,0,0,12629031773089688761,14364032009264669533,14364032009264669533,9517796147804117496,7708576382608651563,13134004094101456474,0,0,0,0,0,0,0,0,0,0,0
62,20,2683,8,10,0.125549,21370.19,0.057262,46854.75,0.043032,62348.68,0.054287,49422.14,0.070683,37958.43,0.048914,54851.25,0.093669,28643.34,0.128020,0.023472,0.044919,0.048914,0.245325,0.029694,4,352466,370101,1763538,1141,0,0,0,1759,0,0,0,1304,0,0,0,600,0,0,0,688,0,0,0,13,0,0,0,13561055285263105530,8192115245446180255,8192115245446180255,5683480760144163561,14215162819544800327,15733619056284956756,0,0,0,0,0,0,0,0,0,0,0
63,20,2356,8,10,0.110416,21337.44,0.049357,47733.43,0.033206,70950.39,0.040638,57974.93,0.057237,41161.94,0.048286,48792.94,0.081173,29024.51,0.113320,0.022835,0.042972,0.048286,0.227413,0.022691,6,361214,368854,1771621,780,0,0,0,1146,0,0,0,923,0,0,0,489,0,0,0,590,0,0,0,12,0,0,0,3667701373538188855,15705449987930517620,15705449987930517620,7174556908077079682,1663461110002755433,6607607708059937873,0,0,0,0,0,0,0,0,0,0,0
64,20,2530,8,10,0.130851,19334.90,0.066940,37795.13,0.045592,55491.78,0.061453,41169.90,0.079162,31959.98,0.063892,39598.28,0.092462,27362.52,0.132986,0.019580,0.038925,0.063892,0.255383,0.025263,5,303361,314036,1819729,1117,0,0,0,2042,0,0,0,1414,0,0,0,565,0,0,0,757,0,0,0,13,0,0,0,17902128737775502862,12058242242166413846,12058242242166413846,1846557262869177505,620098782587026082,8328874319135903650,0,0,0,0,0,0,0,0,0,0,0
65,20,2756,8,10,0.132551,20792.01,0.056097,49129.51,0.044924,61347.52,0.061327,44939.12,0.068827,40042.67,0.055120,49999.63,0.089335,30850.34,0.135847,0.022539,0.043697,0.055120,0.257203,0.034132,4,347211,360596,1944900,1096,0,0,0,1879,0,0,0,1170,0,0,0,575,0,0,0,819,0,0,0,22,0,0,0,10501728009915550733,8491832469978008792,8491832469978008792,15589947817472174236,17471639386484330866,1460423570698912240,0,0,0,0,0,0,0,0,0,0,0
66,20,2739,8,10,0.135151,20266.23,0.056668,48334.31,0.046807,58517.28,0.055578,49281.65,0.068827,39795.49,0.060227,45477.81,0.092093,29741.64,0.137188,0.023926,0.046783,0.060227,0.268124,0.032190,5,350907,365032,2242889,1211,0,0,0,2221,0,0,0,1264,0,0,0,784,0,0,0,844,0,0,0,27,0,0,0,14068598345029739951,17081031449426870572,17081031449426870572,1807215251973261099,9262434643968980101,593574779972180169,0,0,0,0,0,0,0,0,0,0,0
67,20,3207,8,10,0.124124,25837.14,0.056395,56867.11,0.048554,66050.53,0.154805,20716.39,0.068707,46676.25,0.055333,57957.68,0.097492,32895.17,0.126287,0.024155,0.048231,0.055333,0.254007,0.048539,4,357426,428961,1907501,2243,0,0,0,2665,0,0,0,0,0,0,0,831,0,0,0,777,0,0,0,22,0,0,0,10641994125613715708,3466352200853397991,3466352200853397991,17770325715081157199,677782298333058872,9527723016447261121,0,0,0,0,0,0,0,0,1,0,0
68,20,2839,8,10,0.145589,19500.07,0.073960,38385.47,0.052878,53689.78,0.063195,44924.12,0.093655,30313.54,0.067010,42366.86,0.116609,24346.39,0.148695,0.029233,0.055879,0.067010,0.300817,0.032035,4,428539,447259,1692752,1362,0,0,0,2286,0,0,0,1639,0,0,0,818,0,0,0,946,0,0,0,18,0,0,0,9763736696513298939,7063478239537180280,7063478239537180280,14058182453240855133,11812258211853095948,8963509626000925896,0,0,0,0,0,0,0,0,0,0,0
69,20,2909,8,10,0.141861,20506.05,0.071979,40414.62,0.052500,55409.36,0.064119,45368.69,0.081394,35739.94,0.064330,45219.75,0.102358,28419.90,0.145833,0.029897,0.060767,0.064330,0.300827,0.037711,4,456491,471286,1804899,1157,0,0,0,1968,0,0,0,1383,0,0,0,779,0,0,0,1177,0,0,0,10,0,0,0,6895242240759461937,6366407662030939075,6366407662030939075,9880591424572791371,11088501641360385968,16937963172169512685,0,0,0,0,0,0,0,0,0,0,0
70,20,2896,8,10,0.140859,20559.60,0.070030,41353.45,0.060777,47649.47,0.071699,40390.99,0.084433,34299.47,0.069127,41894.04,0.103972,27853.62,0.143579,0.024868,0.051821,0.069127,0.289395,0.034245,4,392277,405757,1844122,1922,0,0,0,3297,0,0,0,1504,0,0,0,945,0,0,0,1179,0,0,0,24,0,0,0,5426671828393346238,12087996420380945032,12087996420380945032,7863913697733618776,7791480771185597764,4795520599051442795,0,0,0,0,0,0,0,0,0,0,0
71,20,2506,8,10,0.146777,17073.56,0.079051,31700.97,0.057678,43448.20,0.075457,33211.13,0.091900,27268.77,0.075478,33201.58,0.111132,22549.83,0.150982,0.024612,0.050103,0.075478,0.301175,0.026917,5,395244,405669,1736430,1688,0,0,0,2670,0,0,0,1466,0,0,0,956,0,0,0,1115,0,0,0,27,0,0,0,16446107430979561518,16446107430979561518,16446107430979561518,10221637093150055942,10188958891853335568,1840887877830627585,0,0,0,0,0,0,0,0,0,0,0
72,20,2828,8,10,0.154918,18254.87,0.077951,36279.14,0.061637,45881.43,0.061143,46252.51,0.084764,33363.24,0.063601,44464.81,0.112146,25217.24,0.159024,0.022520,0.051063,0.063601,0.296208,0.032436,3,372302,386217,1552348,1695,0,0,0,2734,0,0,0,1368,0,0,0,969,0,0,0,1126,0,0,0,20,0,0,0,9664729826698806028,1888662878585852344,1888662878585852344,15547342898278720454,4400120805365714735,12327047242829605378,0,0,0,0,0,0,0,0,0,0,0
73,20,2735,8,10,0.150656,18153.95,0.067482,40529.30,0.044764,61098.73,0.053339,51275.90,0.080760,33865.61,0.059141,46245.64,0.109364,25008.24,0.153965,0.022955,0.048062,0.059141,0.284123,0.030182,3,341461,375456,1734507,1067,0,0,0,1731,0,0,0,1246,0,0,0,664,0,0,0,962,0,0,0,11,0,0,0,15909506355263513983,6218426957648591859,6218426957648591859,5439508735956334493,599141592448714797,14305267500844913465,0,0,0,0,0,0,0,0,0,0,0
74,20,3145,8,10,0.172124,18271.68,0.096692,32526.03,0.060926,51619.96,0.065697,47871.01,0.107674,29208.53,0.054945,57238.60,0.140430,22395.56,0.175641,0.027060,0.055661,0.054945,0.313307,0.041020,4,420062,491312,2177746,1633,0,0,0,2074,0,0,0,1837,0,0,0,888,0,0,0,1193,0,0,0,12,0,0,0,12614502763508925041,15821647262468912791,15821647262468912791,9405580361516106793,10375397703716544186,4228339477579966561,0,0,0,0,0,0,0,0,0,0,0
75,20,2502,8,10,0.135266,18496.84,0.063921,39142.01,0.046505,53800.57,0.068030,36777.63,0.078842,31734.47,0.065831,38006.26,0.098879,25303.54,0.138585,0.022815,0.049079,0.065831,0.276311,0.027401,3,337591,345201,1706736,1009,0,0,0,1963,0,0,0,1206,0,0,0,617,0,0,0,642,0,0,0,9,0,0,0,102990410075772888,14975808263577955915,14975808263577955915,8686763786574274270,501153633523772496,10539453304200490109,0,0,0,0,0,0,0,0,0,0,0
76,20,2736,8,10,0.145797,18765.83,0.076189,35910.79,0.062742,43606.97,0.070737,38678.37,0.087618,31226.36,0.066156,41356.62,0.103387,26463.73,0.149052,0.031587,0.061087,0.066156,0.307882,0.035809,5,495188,508978,1808219,1616,0,0,0,2951,0,0,0,1088,0,0,0,828,0,0,0,1017,0,0,0,22,0,0,0,5904684658140520339,5807179965877451063,5807179965877451063,1174022713025511788,2571979356223662895,1308124253267811863,0,0,0,0,0,0,0,0,0,0,0
77,20,2521,8,10,0.120841,20862.18,0.060813,41454.75,0.050793,49632.70,0.058211,43308.15,0.066793,37743.38,0.054245,46474.64,0.081510,30928.78,0.123388,0.021184,0.049798,0.054245,0.248616,0.025711,3,322028,329073,1582660,1164,0,0,0,2247,0,0,0,1324,0,0,0,769,0,0,0,884,0,0,0,9,0,0,0,14161278764445226523,17270666757447979733,17270666757447979733,12729416253121983347,18000746648013996779,9717756415991795035,0,0,0,0,0,0,0,0,0,0,0
78,20,2781,8,10,0.141115,19707.36,0.071001,39168.30,0.052088,53390.67,0.066930,41551.13,0.081480,34131.20,0.065619,42380.72,0.098003,28376.79,0.144289,0.022174,0.051626,0.065619,0.283708,0.031214,3,356385,393850,1685405,1195,0,0,0,2075,0,0,0,1300,0,0,0,775,0,0,0,1082,0,0,0,15,0,0,0,10290335080756298305,10118240853572869857,10118240853572869857,1435049431901508883,9129217528278544059,17000127943027879720,0,0,0,0,0,0,0,0,0,0,0
79,20,2848,8,10,0.125131,22760.23,0.059931,47521.30,0.051848,54930.01,0.057937,49157.03,0.069454,41005.68,0.052791,53948.89,0.092393,30824.78,0.127948,0.022387,0.046477,0.052791,0.249603,0.031453,3,336807,364017,1660651,1316,0,0,0,2472,0,0,0,1336,0,0,0,888,0,0,0,1135,0,0,0,21,0,0,0,14159931486637311345,12192269577408372242,12192269577408372242,14626564883874226494,13772180735518366395,5194789845843846447,0,0,0,0,0,0,0,0,0,0,0
80,20,2711,8,10,0.130548,20766.27,0.065006,41703.92,0.058691,46190.80,0.069070,39250.05,0.076254,35552.38,0.063956,42388.50,0.093816,28896.92,0.132878,0.022893,0.047088,0.063956,0.266816,0.031719,4,357330,370210,1803218,1549,0,0,0,2867,0,0,0,1497,0,0,0,774,0,0,0,883,0,0,0,21,0,0,0,16055968097851947159,15280253503539197172,15280253503539197172,16763506852695943086,9603276999397541515,4944379965127022008,0,0,0,0,0,0,0,0,0,0,0
81,20,3004,8,10,0.133687,22470.43,0.062555,48021.47,0.047425,63342.59,0.051196,58676.16,0.070679,42502.03,0.053367,56289.77,0.093589,32097.94,0.137873,0.024306,0.049098,0.053367,0.264644,0.038715,4,380024,402204,1653524,1418,0,0,0,2437,0,0,0,1529,0,0,0,831,0,0,0,1122,0,0,0,74,0,0,0,13340124325218854754,7335103045823394333,7335103045823394333,329437821979760944,13909312365226572815,10150831452763234384,0,0,0,0,0,0,0,0,0,0,0
82,20,3009,8,10,0.137774,21840.12,0.089136,33757.46,0.070510,42675.06,0.068127,44167.37,0.077457,38847.20,0.094960,31687.14,0.107418,28012.06,0.140194,0.024024,0.046528,0.094960,0.305705,0.034979,4,352307,416642,2067562,1533,0,0,0,2428,0,0,0,1057,0,0,0,737,0,0,0,965,0,0,0,21,0,0,0,8912211731847887567,13606833649340626635,13606833649340626635,11881989874394546987,10404758353370428843,702893156285692476,0,0,0,0,0,0,0,0,0,0,0
83,20,2723,8,10,0.142780,19071.24,0.069266,39312.42,0.059900,45459.28,0.074224,36686.25,0.086277,31561.12,0.067876,40117.04,0.107140,25415.40,0.145298,0.022318,0.044538,0.067876,0.280029,0.031072,4,342868,357643,1867682,1728,0,0,0,3122,0,0,0,1727,0,0,0,1134,0,0,0,1378,0,0,0,27,0,0,0,16850113448947992739,1699738355306237573,1699738355306237573,15438809550634087995,4933563248653047968,17303431340804459274,0,0,0,0,0,0,0,0,0,0,0
84,20,2867,8,10,0.172392,16630.71,0.081607,35131.98,0.058934,48647.51,0.067632,42390.95,0.085420,33563.43,0.065505,43767.65,0.119436,24004.39,0.175773,0.022856,0.041350,0.065505,0.305484,0.032151,7,370979,383349,4333671,1680,0,0,0,2254,0,0,0,1679,0,0,0,872,0,0,0,1014,0,0,0,30,0,0,0,12277653714923641273,14802883426410572970,14802883426410572970,13701662777231910113,1261587982856103406,1589720430696803715,0,0,0,0,0,0,0,0,0,0,0
85,20,2795,8,10,0.125106,22341.09,0.059330,47109.22,0.055541,50323.35,0.063392,44090.47,0.071035,39347.01,0.059400,47053.53,0.093244,29975.08,0.127662,0.023820,0.046490,0.059400,0.257372,0.030726,4,356906,370221,1713078,1446,0,0,0,2548,0,0,0,1240,0,0,0,886,0,0,0,948,0,0,0,24,0,0,0,15835677263160093873,6283487709635929616,6283487709635929616,11390326307298099747,4796072192099568919,12603294751830209680,0,0,0,0,0,0,0,0,0,0,0
86,20,2853,8,10,0.133094,21435.96,0.065034,43869.58,0.051291,55623.57,0.066786,42718.80,0.077645,36744.08,0.066188,43104.81,0.087345,32663.57,0.136105,0.023869,0.045958,0.066188,0.272120,0.031635,4,356709,368434,1812244,1700,0,0,0,2857,0,0,0,1501,0,0,0,1011,0,0,0,1217,0,0,0,22,0,0,0,7242269559079321437,8269468611333986440,8269468611333986440,3347831838927911073,17067285387459337347,10544455645145804482,0,0,0,0,0,0,0,0,0,0,0
87,20,2871,8,10,0.150681,19053.54,0.074973,38293.72,0.055906,51353.67,0.063293,45360.47,0.085221,33689.01,0.060391,47540.12,0.103992,27607.93,0.154353,0.025115,0.046826,0.060391,0.286685,0.034858,5,402358,413438,1939858,1481,0,0,0,2593,0,0,0,1530,0,0,0,926,0,0,0,1051,0,0,0,15,0,0,0,16559018201681318475,7799095821362031014,7799095821362031014,11230790786076818052,8358071488386761065,8101956015549162229,0,0,0,0,0,0,0,0,0,0,0
88,20,2851,8,10,0.131652,21655.57,0.060552,47083.69,0.053340,53449.63,0.061983,45996.30,0.076028,37499.48,0.067884,41997.82,0.095255,29930.31,0.134764,0.025516,0.041702,0.067884,0.269867,0.033863,8,383469,414994,1478899,1328,0,0,0,2344,0,0,0,1443,0,0,0,832,0,0,0,1238,0,0,0,20,0,0,0,8900688584030397699,3100277606597864047,3100277606597864047,13151726682977032895,10618471268500610292,9256531015448027862,0,0,0,0,0,0,0,0,0,0,0
89,20,3012,8,10,0.135454,22236.39,0.064993,46343.43,0.053963,55815.70,0.061380,49071.34,0.070387,42791.77,0.059292,50799.09,0.101466,29684.82,0.137895,0.025660,0.048262,0.059292,0.271109,0.037551,5,396660,451385,1738768,2009,0,0,0,2957,0,0,0,1452,0,0,0,844,0,0,0,1067,0,0,0,26,0,0,0,5723111367134339284,17830303547853729764,17830303547853729764,10927074925475637630,4066058259008451391,12029283208546160052,0,0,0,0,0,0,0,0,0,0,0
90,20,2687,8,10,0.135266,19864.60,0.070223,38263.77,0.058549,45893.14,0.072650,36985.32,0.081788,32853.23,0.071360,37654.28,0.098520,27273.63,0.139603,0.023109,0.055278,0.071360,0.289349,0.030449,3,369462,381842,1565829,1609,0,0,0,2853,0,0,0,1373,0,0,0,856,0,0,0,944,0,0,0,23,0,0,0,17332126738104700537,13949874834742760098,13949874834742760098,5592108744545469597,6301011357633456893,3482209621043901051,0,0,0,0,0,0,0,0,0,0,0
91,20,3068,8,10,0.134833,22754.00,0.069846,43924.98,0.065156,47086.89,0.070782,43344.09,0.079105,38784.06,0.069434,44186.05,0.116013,26445.23,0.138447,0.025456,0.046910,0.069434,0.280246,0.035298,5,390415,624230,1789067,1752,0,0,0,3002,0,0,0,1353,0,0,0,660,0,0,0,940,0,0,0,16,0,0,0,13889987131739009240,7333342459511696840,7333342459511696840,11621115162867472880,14424895802068373053,17444043239613995780,0,0,0,0,0,0,0,0,0,0,0
92,20,2908,8,10,0.159839,18193.35,0.093005,31267.28,0.076242,38141.64,0.069701,41720.99,0.104097,27935.43,0.091297,31852.20,0.118470,24546.25,0.161645,0.025694,0.043426,0.091297,0.322062,0.032610,8,374134,387879,1604559,1669,0,0,0,2808,0,0,0,1405,0,0,0,944,0,0,0,1149,0,0,0,20,0,0,0,15652729775500181279,5627154350153488060,5627154350153488060,4561474786048589401,5605052901213897643,16636002490117904533,0,0,0,0,0,0,0,0,0,0,0
93,20,2829,8,10,0.150835,18755.54,0.073253,38619.57,0.051704,54715.23,0.065597,43126.90,0.082878,34134.67,0.067368,41992.97,0.112706,25100.60,0.152923,0.023686,0.049446,0.067368,0.293424,0.032985,4,373866,425951,1652713,1880,0,0,0,2646,0,0,0,1318,0,0,0,806,0,0,0,1102,0,0,0,8,0,0,0,3218609939005310650,3997236162977383961,3997236162977383961,11356413218179220866,3127921689490596341,6872534418771015873,0,0,0,0,0,0,0,0,0,0,0
94,20,2699,8,10,0.138185,19531.85,0.065022,41508.89,0.054772,49277.09,0.062204,43389.45,0.074014,36466.06,0.061893,43607.41,0.092052,29320.30,0.141194,0.024995,0.046324,0.061893,0.274405,0.029930,6,362872,371127,1503418,1485,0,0,0,2563,0,0,0,1604,0,0,0,912,0,0,0,1103,0,0,0,26,0,0,0,823549103352155218,15687699440178276930,15687699440178276930,3379720028977087228,17837206802174211408,1852295119203438863,0,0,0,0,0,0,0,0,0,0,0
95,20,2806,8,10,0.164095,17099.84,0.089994,31179.94,0.066824,41991.00,0.085922,32657.47,0.101799,27564.18,0.081945,34242.40,0.117343,23912.81,0.166394,0.024911,0.045794,0.081945,0.319045,0.033175,6,379033,395273,1974237,1878,0,0,0,3397,0,0,0,1527,0,0,0,944,0,0,0,1048,0,0,0,23,0,0,0,3423247975278132496,5954446168089282845,5954446168089282845,10366866023788045879,11299058552732327122,9646221189604454229,0,0,0,0,0,0,0,0,0,0,0
96,20,3233,8,10,0.175618,18409.29,0.088749,36428.73,0.072323,44702.51,0.074657,43304.82,0.102937,31407.54,0.069381,46597.59,0.138285,23379.21,0.181288,0.038421,0.061301,0.069381,0.350391,0.043135,4,446741,511441,1872678,1968,0,0,0,3201,0,0,0,1481,0,0,0,928,0,0,0,1111,0,0,0,44,0,0,0,8174044923811410915,14318636311123113290,14318636311123113290,6575014723615300827,15100293348614454389,4217883970362113977,0,0,0,0,0,0,0,0,0,0,0
97,20,2876,8,10,0.138856,20712.05,0.068336,42086.31,0.055307,52000.23,0.068099,42232.60,0.079102,36358.19,0.067443,42643.40,0.103994,27655.38,0.141570,0.026039,0.051453,0.067443,0.286505,0.032485,4,394480,404845,1754414,1684,0,0,0,2945,0,0,0,1617,0,0,0,1466,0,0,0,1487,0,0,0,46,0,0,0,18062249079608485298,17105716809557332801,17105716809557332801,16683201967664316611,249533330233919907,1793259960761048171,0,0,0,0,0,0,0,0,0,0,0
98,20,2963,8,10,0.148845,19906.57,0.076895,38533.24,0.065623,45152.11,0.086652,34194.34,0.097114,30510.38,0.083461,35501.62,0.115995,25544.29,0.152747,0.024508,0.041925,0.083461,0.302641,0.034423,8,377372,392177,1822247,1726,0,0,0,2385,0,0,0,1659,0,0,0,1068,0,0,0,1000,0,0,0,18,0,0,0,4633919448317130490,540603825192131249,540603825192131249,518408533846274382,14919942395939057473,10458286989173218871,0,0,0,0,0,0,0,0,0,0,0
99,20,2992,8,10,0.160810,18605.79,0.080924,36973.01,0.066779,44804.59,0.078772,37983.24,0.093860,31877.14,0.076555,39083.11,0.120299,24871.27,0.164582,0.026040,0.048938,0.076555,0.316115,0.036806,6,400998,414808,1974231,1578,0,0,0,2826,0,0,0,1629,0,0,0,879,0,0,0,964,0,0,0,21,0,0,0,13522304146025481493,11131746376194576364,11131746376194576364,14527359792397128341,909796696665363900,12717290225608811769,0,0,0,0,0,0,0,0,0,0,0
100,20,2938,8,10,0.132741,22133.39,0.070993,41384.17,0.060094,48890.25,0.068231,43059.50,0.085875,34212.66,0.069628,42195.69,0.096813,30347.17,0.135689,0.027051,0.045269,0.069628,0.277637,0.034228,7,351998,361798,1634657,1370,0,0,0,2442,0,0,0,1328,0,0,0,778,0,0,0,836,0,0,0,12,0,0,0,13996361555140959741,11534889222623348336,11534889222623348336,6608887265605712926,3160418348873570431,4724412414409525229,0,0,0,0,0,0,0,0,0,0,0
101,20,2984,8,10,0.155781,19155.04,0.079456,37555.25,0.064692,46126.51,0.084468,35327.03,0.096044,31069.11,0.104828,28465.70,0.122223,24414.30,0.160119,0.024658,0.043866,0.104828,0.333471,0.036601,6,379801,404911,1953109,1905,0,0,0,3224,0,0,0,1516,0,0,0,928,0,0,0,669,0,0,0,41,0,0,0,1874975643492468705,2515040100117216486,2515040100117216486,14177986133504400619,5464508914595952669,740226570125910533,0,0,0,0,0,0,0,0,0,0,1
102,20,2920,8,10,0.140598,20768.43,0.067668,43151.87,0.060915,47935.32,0.068575,42581.10,0.078574,37162.43,0.063901,45695.55,0.094673,30843.17,0.143271,0.022953,0.045790,0.063901,0.275915,0.036092,4,363420,375285,1848425,1655,0,0,0,2846,0,0,0,1499,0,0,0,956,0,0,0,1117,0,0,0,34,0,0,0,4407879360713161494,5815092146515618549,5815092146515618549,2812437800677686773,11135605964833874193,5060354424629253600,0,0,0,0,0,0,0,0,0,0,0
103,20,2976,8,10,0.151886,19593.64,0.071380,41692.43,0.059251,50227.36,0.069427,42865.45,0.086898,34247.16,0.066901,44483.45,0.111616,26662.83,0.155324,0.026082,0.050567,0.066901,0.298875,0.036981,4,383150,394975,1933833,1473,0,0,0,2654,0,0,0,1578,0,0,0,992,0,0,0,986,0,0,0,19,0,0,0,12776957065999583922,17749015720350994094,17749015720350994094,4850570105722486117,4737328258640107311,902915455073759213,0,0,0,0,0,0,0,0,0,0,0
104,20,3056,8,10,0.155556,19645.70,0.079699,38344.40,0.059090,51717.81,0.074697,40912.08,0.089892,33996.46,0.082591,37001.39,0.115198,26528.28,0.159350,0.025980,0.049217,0.082591,0.317139,0.042983,5,376913,414478,1564007,2070,0,0,0,3029,0,0,0,1663,0,0,0,1044,0,0,0,1158,0,0,0,85,0,0,0,14852626651433714604,4503469958376193279,4503469958376193279,5668466826041058701,17941491221537466357,8500854959370469545,0,0,0,0,0,0,0,0,0,0,0
105,20,3111,8,10,0.139974,22225.53,0.071744,43362.70,0.050288,61863.29,0.067227,46275.88,0.082775,37583.64,0.066338,46896.05,0.115980,26823.63,0.143083,0.025365,0.061300,0.066338,0.296087,0.037266,4,371407,423052,1893107,2039,0,0,0,3010,0,0,0,1015,0,0,0,736,0,0,0,914,0,0,0,39,0,0,0,6751580823865132371,175223279527971886,175223279527971886,3212519130351746029,15858356177715750625,4360914459758591624,0,0,0,0,0,0,0,0,0,0,0
106,20,2899,8,10,0.125658,23070.60,0.067898,42696.34,0.060844,47646.19,0.071265,40679.33,0.078948,36720.46,0.063774,45457.64,0.097972,29590.20,0.129922,0.022603,0.040793,0.063774,0.257091,0.032638,5,355124,367569,1654842,1779,0,0,0,3012,0,0,0,1289,0,0,0,733,0,0,0,1003,0,0,0,49,0,0,0,5655197928738446046,8899702983424666792,8899702983424666792,12047409013992572290,6242260600559142748,7061323772051242076,0,0,0,0,0,0,0,0,0,0,0
107,20,2865,8,10,0.133216,21506.37,0.062225,46042.23,0.050427,56814.46,0.065819,43528.24,0.076529,37437.01,0.062702,45692.59,0.097660,29336.37,0.135700,0.023651,0.047980,0.062702,0.270032,0.033758,8,346724,362759,1697606,1355,0,0,0,2444,0,0,0,949,0,0,0,650,0,0,0,803,0,0,0,27,0,0,0,8157318345638915543,490884964413575554,490884964413575554,7787650341410012291,7077841372046562551,4770343154942124890,0,0,0,0,0,0,0,0,0,0,0
108,20,3062,8,10,0.147648,20738.47,0.076287,40138.08,0.062781,48773.07,0.080680,37952.48,0.087347,35055.54,0.067479,45376.89,0.111358,27496.90,0.151355,0.026443,0.046854,0.067479,0.292131,0.036475,4,382048,401908,1694123,1877,0,0,0,3309,0,0,0,1306,0,0,0,892,0,0,0,1140,0,0,0,14,0,0,0,3862516831667838137,1006316922524183203,1006316922524183203,12531960070933127123,2683242183029928067,774993149333946883,0,0,0,0,0,0,0,0,0,0,0
109,20,3081,8,10,0.138370,22266.37,0.072962,42227.47,0.060242,51143.56,0.064864,47499.10,0.083954,36698.75,0.065844,46792.70,0.106955,28806.46,0.142467,0.025272,0.047843,0.065844,0.281426,0.039271,4,376320,398160,1736977,1610,0,0,0,2650,0,0,0,1371,0,0,0,864,0,0,0,1180,0,0,0,53,0,0,0,15837664589205867060,1776967668622263302,1776967668622263302,1497702851766286913,2990309626283172426,13074635330997172597,0,0,0,0,0,0,0,0,0,0,0
110,20,3148,8,10,0.148641,21178.56,0.064726,48635.65,0.053608,58723.08,0.074856,42054.19,0.085041,37017.26,0.068931,45669.18,0.104699,30067.07,0.151953,0.025334,0.049232,0.068931,0.295449,0.041871,4,376431,393181,1712582,1585,0,0,0,2429,0,0,0,1452,0,0,0,967,0,0,0,1092,0,0,0,21,0,0,0,18128279683333742903,4313434658272760818,4313434658272760818,1147121924566831098,10128897779533720953,1282618811069219977,0,0,0,0,0,0,0,0,0,0,0
111,20,3372,8,10,0.150205,22449.38,0.071093,47430.64,0.056542,59637.04,0.078576,42914.01,0.091253,36952.01,0.072284,46649.59,0.119351,28252.79,0.154234,0.025674,0.049861,0.072284,0.302052,0.045680,5,388852,463247,2084899,2266,0,0,0,3056,0,0,0,1916,0,0,0,1020,0,0,0,1119,0,0,0,37,0,0,0,2478737547121137864,12884042970709983634,12884042970709983634,5191727030089730810,11605300184852599118,7634915891102921395,0,0,0,0,0,0,0,0,0,0,0
112,20,3259,8,10,0.145371,22418.53,0.066255,49188.83,0.058096,56096.54,0.076900,42379.52,0.083216,39163.20,0.075128,43379.46,0.108432,30055.73,0.148152,0.024069,0.039792,0.075128,0.287142,0.037874,8,366821,388446,2002260,1694,0,0,0,3031,0,0,0,1721,0,0,0,893,0,0,0,996,0,0,0,12,0,0,0,9513297262547845824,13368109545496138515,13368109545496138515,12615904999923942783,9394893722856070571,7314987962908352905,0,0,0,0,0,0,0,0,0,0,0
113,20,3017,8,10,0.118408,25479.61,0.058109,51919.54,0.052942,56987.24,0.059804,50448.45,0.065569,46012.47,0.056815,53102.20,0.077777,38790.38,0.121563,0.022757,0.046794,0.056815,0.247928,0.034185,4,345197,352487,1685695,1400,0,0,0,2524,0,0,0,1533,0,0,0,809,0,0,0,1090,0,0,0,32,0,0,0,7588336214593910351,7588336214593910351,7588336214593910351,10738685711085090009,16934969242212800275,4578442058431486717,0,0,0,0,0,0,0,0,0,0,0
114,20,3371,8,10,0.129045,26122.65,0.061010,55253.10,0.052684,63984.99,0.062370,54048.67,0.073095,46117.89,0.061168,55110.15,0.088584,38054.18,0.133157,0.022525,0.053666,0.061168,0.270516,0.036802,3,358405,370680,1817134,1376,0,0,0,2802,0,0,0,1831,0,0,0,913,0,0,0,1182,0,0,0,47,0,0,0,4006560578355561374,16712009773068267342,16712009773068267342,2306940699514276529,11894830792307971372,10327134891460865151,0,0,0,0,0,0,0,0,0,0,0
115,20,2777,8,10,0.133198,20848.69,0.065240,42566.19,0.053218,52182.03,0.057480,48312.26,0.073499,37782.69,0.055080,50417.29,0.090161,30800.37,0.135420,0.021850,0.041173,0.055080,0.253524,0.030294,4,333095,344635,1665135,1577,0,0,0,2854,0,0,0,1370,0,0,0,985,0,0,0,980,0,0,0,34,0,0,0,10959573779636075930,10436054174660163469,10436054174660163469,4540665330625092498,15805665545164776510,16776646593996192736,0,0,0,0,0,0,0,0,0,0,0
116,20,3181,8,10,0.140558,22631.20,0.073723,43147.84,0.062667,50760.45,0.068672,46321.97,0.078126,40716.23,0.060274,52776.03,0.101084,31468.89,0.142899,0.024894,0.042832,0.060274,0.270899,0.037945,6,387833,431318,1587327,2719,0,0,0,3735,0,0,0,1722,0,0,0,936,0,0,0,1163,0,0,0,82,0,0,0,13431957301253676405,7031428955326063400,7031428955326063400,9982543763082155236,13406941952561331146,8581801637671903751,0,0,0,0,0,0,0,0,0,0,0
117,20,3642,8,10,0.124639,29220.48,0.063902,56993.16,0.056806,64112.88,0.061774,58956.65,0.073511,49543.49,0.058623,62125.66,0.124078,29352.48,0.128357,0.026470,0.055048,0.058623,0.268498,0.047196,3,405050,736375,1523008,2872,0,0,0,3958,0,0,0,1821,0,0,0,1025,0,0,0,1143,0,0,0,21,0,0,0,13770980670512878259,11092711139610365954,11092711139610365954,3657733642814934485,8923053602003182944,16621768474077464485,0,0,0,0,0,0,0,0,0,0,0
118,20,2991,8,10,0.136329,21939.57,0.070020,42716.57,0.058677,50974.07,0.070874,42201.66,0.081321,36780.01,0.060114,49755.48,0.101100,29584.70,0.138854,0.025165,0.050476,0.060114,0.274609,0.035857,4,381326,405231,1625198,1776,0,0,0,3071,0,0,0,1675,0,0,0,824,0,0,0,908,0,0,0,19,0,0,0,11666152981317125446,17495046044695820284,17495046044695820284,14916661213830440206,4261104634588560396,5394122054414043758,0,0,0,0,0,0,0,0,0,0,0
119,20,3019,8,10,0.144857,20841.30,0.065913,45802.70,0.057422,52575.70,0.074570,40485.37,0.082070,36785.48,0.068876,43832.40,0.108636,27790.13,0.147850,0.026447,0.051631,0.068876,0.294805,0.043448,4,397429,474084,2013563,1355,0,0,0,2464,0,0,0,1374,0,0,0,881,0,0,0,1129,0,0,0,19,0,0,0,6680596090001937157,13941678434015827024,13941678434015827024,2243811976174784289,478570973750254922,415526162284447099,0,0,0,0,0,0,0,0,0,0,0
120,20,2925,8,10,0.138593,21104.95,0.064153,45593.83,0.058271,50196.68,0.069828,41888.76,0.078746,37144.61,0.066238,44159.03,0.096626,30271.49,0.141538,0.025858,0.046507,0.066238,0.280141,0.034352,6,387236,398711,1718327,1650,0,0,0,2821,0,0,0,1533,0,0,0,798,0,0,0,814,0,0,0,28,0,0,0,15720216679524638376,5748824903928225679,5748824903928225679,8228931301563849340,12843425598503809389,12423041670132172171,0,0,0,0,0,0,0,0,0,0,0
121,20,3121,8,10,0.156244,19975.23,0.077810,40110.35,0.061356,50866.85,0.076392,40855.19,0.092147,33869.95,0.076950,40559.03,0.117331,26599.99,0.160140,0.026671,0.048671,0.076950,0.312431,0.039700,5,404091,436811,1783877,1923,0,0,0,3061,0,0,0,1441,0,0,0,868,0,0,0,1020,0,0,0,23,0,0,0,4597250439789468784,8578077115994842736,8578077115994842736,5617016552746184877,8156922735394512638,807975556897216689,0,0,0,0,0,0,0,0,0,0,0
122,20,3002,8,10,0.150866,19898.43,0.073737,40712.46,0.055197,54387.40,0.072284,41530.90,0.085970,34919.26,0.070508,42576.68,0.106205,28266.02,0.153130,0.026293,0.048169,0.070508,0.298100,0.034660,4,373135,386450,2165226,1543,0,0,0,2562,0,0,0,1765,0,0,0,891,0,0,0,994,0,0,0,28,0,0,0,6933741457816215311,15800835196775774030,15800835196775774030,5980016134994186035,6744093528653317153,3019596139187934058,0,0,0,0,0,0,0,0,0,0,0
123,20,3153,8,10,0.140893,22378.72,0.079278,39771.29,0.064138,49159.39,0.068962,45721.16,0.087674,35962.95,0.065872,47865.31,0.114983,27421.34,0.144641,0.024535,0.044982,0.065872,0.280029,0.041428,5,385676,452556,1616378,2622,0,0,0,3708,0,0,0,1268,0,0,0,843,0,0,0,1053,0,0,0,64,0,0,0,1643467238674885499,14627573708122853381,14627573708122853381,2926485194650535428,8408868359984665590,16934504303717799154,0,0,0,0,0,0,0,0,0,0,0
124,20,3192,8,10,0.133314,23943.49,0.071901,44394.40,0.066453,48034.03,0.071685,44528.26,0.081551,39141.29,0.067002,47640.27,0.092209,34616.94,0.136759,0.025260,0.047660,0.067002,0.276681,0.038387,4,376979,390689,1573010,1962,0,0,0,3197,0,0,0,1483,0,0,0,1010,0,0,0,1205,0,0,0,28,0,0,0,15941979049869711268,5228338514598548583,5228338514598548583,12430015593820972517,13380563711077955080,636566898739125018,0,0,0,0,0,0,0,0,0,0,0
125,20,2915,8,10,0.142843,20406.96,0.073409,39708.89,0.060466,48209.23,0.068977,42260.46,0.080423,36245.63,0.076391,38159.09,0.103301,28218.53,0.146003,0.024599,0.024036,0.076391,0.271028,0.033696,19,352293,365013,1711787,1753,0,0,0,3063,0,0,0,1628,0,0,0,972,0,0,0,782,0,0,0,29,0,0,0,17157380052640049923,2826512539533311334,2826512539533311334,1082819216201655314,5532966102846467709,16530906126658945581,0,0,0,0,0,0,0,0,0,0,0
126,20,3521,8,10,0.172563,20404.15,0.073453,47935.58,0.059211,59464.89,0.080474,43753.26,0.090153,39055.99,0.078004,45138.97,0.131649,26745.42,0.176690,0.027182,0.052393,0.078004,0.334269,0.049593,4,421313,502448,2391568,2044,0,0,0,3023,0,0,0,1534,0,0,0,1069,0,0,0,1206,0,0,0,52,0,0,0,8604422204670931021,7625037564161783848,7625037564161783848,17515277714437354770,5967454809576562795,2125292468722772466,0,0,0,0,0,0,0,0,0,0,0
127,20,2851,8,10,0.152635,18678.56,0.068951,41347.93,0.061888,46066.89,0.077362,36852.88,0.085799,33228.68,0.076217,37406.47,0.107010,26642.45,0.156032,0.023914,0.038930,0.076217,0.295092,0.033999,9,372067,384592,2290466,1643,0,0,0,3018,0,0,0,1489,0,0,0,872,0,0,0,793,0,0,0,46,0,0,0,1235379219658864756,14990823443444627225,14990823443444627225,17856346463480076401,17907008309532285506,5876199834148332786,0,0,0,0,0,0,0,0,0,0,0
128,20,3207,8,10,0.185692,17270.52,0.076505,41919.00,0.062044,51688.93,0.089682,35759.50,0.099381,32269.88,0.088976,36043.44,0.133992,23934.23,0.189273,0.029080,0.053234,0.088976,0.360563,0.046338,4,440998,456383,2210119,1645,0,0,0,2869,0,0,0,1712,0,0,0,1072,0,0,0,1407,0,0,0,50,0,0,0,8522878687383639711,2522485774531800014,2522485774531800014,5731112853321316921,14884536133350244869,12616989506083187790,0,0,0,0,0,0,0,0,0,0,0
129,20,3081,8,10,0.163798,18809.80,0.071945,42824.51,0.063679,48383.54,0.091009,33853.77,0.099064,31101.09,0.087866,35064.83,0.123539,24939.49,0.166411,0.024505,0.038913,0.087866,0.317695,0.037611,8,377815,395730,1563518,1447,0,0,0,2905,0,0,0,1409,0,0,0,795,0,0,0,731,0,0,0,34,0,0,0,7838598889869207597,13385399613911864688,13385399613911864688,2974637084443824465,11228801743833167990,13121689441027220993,0,0,0,0,0,0,0,0,0,0,0
130,20,3063,8,10,0.143748,21308.13,0.067139,45622.00,0.062011,49394.85,0.073478,41686.13,0.083481,36691.14,0.068502,44713.95,0.103904,29479.24,0.146640,0.024703,0.048825,0.068502,0.288670,0.036830,4,376807,391907,2684051,1614,0,0,0,3171,0,0,0,1810,0,0,0,1041,0,0,0,1259,0,0,0,31,0,0,0,15825965422316121588,11582583850756118862,11582583850756118862,4310973260999487098,3837250962128048152,16870101794559600675,0,0,0,0,0,0,0,0,0,0,0
131,20,3092,8,10,0.163873,18868.25,0.078709,39283.92,0.070391,43926.23,0.083299,37119.21,0.094054,32874.89,0.080788,38273.05,0.118641,26061.82,0.167973,0.027246,0.052901,0.080788,0.328907,0.038509,4,412602,429197,1808047,1945,0,0,0,3286,0,0,0,1740,0,0,0,1084,0,0,0,1281,0,0,0,53,0,0,0,12800753590850257602,10842090731049517631,10842090731049517631,15917454706365402862,14590727886724106330,212196456416221626,0,0,0,0,0,0,0,0,0,0,0
132,20,2797,8,10,0.158486,17648.26,0.070704,39559.10,0.059016,47393.53,0.080865,34588.55,0.088486,31609.67,0.078231,35752.95,0.111282,25134.36,0.161998,0.023230,0.041249,0.078231,0.304708,0.032420,7,357992,372097,1799619,1441,0,0,0,2619,0,0,0,1564,0,0,0,955,0,0,0,1152,0,0,0,53,0,0,0,11694122105266391542,13603611523150437376,13603611523150437376,9348444125122386960,14353700655607512546,14281750269634909079,0,0,0,0,0,0,0,0,0,0,0
133,20,3042,8,10,0.145211,20948.80,0.069246,43930.47,0.054968,55341.67,0.064137,47429.85,0.078965,38523.54,0.060781,50048.61,0.096584,31495.74,0.147984,0.023591,0.049551,0.060781,0.281908,0.036221,4,374603,396793,2814024,1613,0,0,0,2580,0,0,0,1637,0,0,0,985,0,0,0,1171,0,0,0,28,0,0,0,282667168965799813,11179850286628013071,11179850286628013071,10295450865500152657,8664464084895027568,7766927629214286590,0,0,0,0,0,0,0,0,0,0,0
134,20,3010,8,10,0.161786,18604.87,0.081597,36888.68,0.064268,46834.77,0.069520,43296.71,0.090645,33206.61,0.109300,27538.85,0.107523,27994.09,0.164166,0.025081,0.050043,0.109300,0.348590,0.036424,4,389870,401355,2005104,1451,0,0,0,2982,0,0,0,1733,0,0,0,1053,0,0,0,1004,0,0,0,29,0,0,0,16849898799020176353,16780524617772628761,16780524617772628761,11147930986578489150,3148885761615337662,16943122185156135110,0,0,0,0,0,0,0,0,0,0,1
135,20,2910,8,10,0.177618,16383.51,0.082644,35211.34,0.059617,48811.53,0.082139,35427.75,0.099655,29200.61,0.088806,32767.90,0.127025,22908.90,0.181281,0.026774,0.051470,0.088806,0.348331,0.034439,4,407192,418417,2004216,1349,0,0,0,2421,0,0,0,1554,0,0,0,846,0,0,0,1238,0,0,0,54,0,0,0,7342913448164801983,15628777267214922036,15628777267214922036,10375333851655591323,10941330210320400290,15550874209807133838,0,0,0,0,0,0,0,0,0,0,0
136,20,3015,8,10,0.163953,18389.43,0.075431,39970.33,0.059976,50269.83,0.076961,39175.60,0.091839,32829.07,0.075498,39934.71,0.118835,25371.29,0.167367,0.025939,0.051878,0.075498,0.320683,0.037720,4,404834,418854,1767617,1565,0,0,0,2562,0,0,0,1493,0,0,0,831,0,0,0,972,0,0,0,26,0,0,0,2566731251903082899,16206560412841545260,16206560412841545260,17390873130115597288,13980721898707504424,11163386579558196757,0,0,0,0,0,0,0,0,0,0,0
137,20,3351,8,10,0.128449,26088.12,0.062682,53460.17,0.054972,60958.07,0.066298,50544.69,0.074155,45189.04,0.065788,50935.97,0.094593,35425.38,0.131595,0.025865,0.041877,0.065788,0.265125,0.040803,9,379384,415079,1690909,1641,0,0,0,2746,0,0,0,1363,0,0,0,764,0,0,0,867,0,0,0,27,0,0,0,15459729811163452279,619887273734955077,619887273734955077,12702786594846824568,14566951810915388199,10291730682215404287,0,0,0,0,0,0,0,0,0,0,0
138,20,3332,8,10,0.142158,23438.74,0.062004,53738.15,0.050684,65741.12,0.070136,47507.60,0.079451,41937.99,0.068421,48698.26,0.103612,32158.32,0.144835,0.026698,0.051744,0.068421,0.291699,0.044978,4,390666,418256,1790045,1232,0,0,0,2172,0,0,0,1395,0,0,0,782,0,0,0,1032,0,0,0,16,0,0,0,10953969696514845233,2633450742851382096,2633450742851382096,11307146883871083644,12379225058318496611,18019787451642732524,0,0,0,0,0,0,0,0,0,0,0
139,20,3299,8,10,0.145488,22675.37,0.072097,45757.84,0.067409,48940.08,0.076747,42985.66,0.085386,38636.35,0.064038,51516.13,0.104947,31434.89,0.148673,0.026327,0.050553,0.064038,0.289591,0.040646,4,403918,423778,1764678,1513,0,0,0,3066,0,0,0,1759,0,0,0,988,0,0,0,1184,0,0,0,23,0,0,0,304699576674004844,602021142112756898,12628298594057310364,1552416610986878709,1872704457076425166,17335830393028735957,0,0,0,0,0,0,0,0,0,0,0
140,20,3109,8,10,0.130522,23819.65,0.056533,54994.20,0.051752,60074.89,0.059468,52280.24,0.067994,45724.49,0.058783,52889.22,0.088526,35119.53,0.132913,0.022493,0.045695,0.058783,0.259884,0.035636,4,347560,372070,2077894,1283,0,0,0,2394,0,0,0,1465,0,0,0,792,0,0,0,933,0,0,0,16,0,0,0,18082663834214539730,11482602035840377593,11482602035840377593,90808201486329228,3254689824991713207,13330929606945960340,0,0,0,0,0,0,0,0,0,0,0
141,20,4189,8,10,0.139613,30004.43,0.064950,64495.94,0.058328,71818.57,0.065539,63916.46,0.075428,55536.12,0.063306,66170.33,0.131907,31757.34,0.143729,0.029615,0.057710,0.063306,0.294359,0.066132,4,450164,839209,1805025,3009,0,0,0,4138,0,0,0,1624,0,0,0,920,0,0,0,1161,0,0,0,24,0,0,0,5802737548105259466,12621313420400066,12621313420400066,16755645862359993935,6817870284969433543,3221427672338847951,0,0,0,0,0,0,0,0,0,0,0
142,20,3216,8,10,0.126132,25497.00,0.056902,56518.62,0.047083,68304.71,0.061522,52273.96,0.069029,46589.26,0.059243,54284.45,0.093406,34430.16,0.130040,0.025784,0.048464,0.059243,0.263530,0.041021,4,373808,402653,1795399,1777,0,0,0,2379,0,0,0,1139,0,0,0,609,0,0,0,830,0,0,0,45,0,0,0,14570587856664183172,11409812568819677492,11409812568819677492,2283916186995323152,11054993263661942389,3226303108778562796,0,0,0,0,0,0,0,0,0,0,0
143,20,2970,8,10,0.129124,23001.17,0.062941,47186.88,0.054156,54841.99,0.062852,47253.93,0.074463,39885.83,0.060303,49251.39,0.088927,33398.00,0.131773,0.023116,0.047759,0.060303,0.262950,0.032737,3,349839,359229,1760020,1450,0,0,0,2679,0,0,0,1593,0,0,0,943,0,0,0,1350,0,0,0,27,0,0,0,6682131738609602173,8385679117975069435,8385679117975069435,1617078668900340585,14882497961636934067,3288922632001167326,0,0,0,0,0,0,0,0,0,0,0
144,20,3649,8,10,0.139946,26074.39,0.073135,49893.90,0.059685,61138.00,0.069286,52665.69,0.084412,43228.36,0.066837,54595.63,0.117762,30986.15,0.143555,0.025451,0.049511,0.066837,0.285354,0.051614,4,377898,594838,1623097,1452,0,0,0,2688,0,0,0,1370,0,0,0,1042,0,0,0,1178,0,0,0,32,0,0,0,7233185863518933600,11281935033529907606,11281935033529907606,15792141490210053945,2047314961095613585,13882583246567833902,0,0,0,0,0,0,0,0,0,0,0
145,20,3391,8,10,0.138475,24488.13,0.063806,53145.86,0.061102,55497.02,0.068582,49444.41,0.074399,45578.73,0.062697,54085.36,0.093628,36217.80,0.141830,0.026013,0.042795,0.062697,0.273335,0.045401,8,405417,426877,1653145,1970,0,0,0,3262,0,0,0,1417,0,0,0,884,0,0,0,921,0,0,0,22,0,0,0,2945781621037667573,16793704844252075251,16793704844252075251,11620004954445891648,5387751732918497487,15082895551381771556,0,0,0,0,0,0,0,0,0,0,0
146,20,3143,8,10,0.131010,23990.56,0.066737,47095.02,0.061983,50707.30,0.073766,42607.88,0.079630,39470.22,0.066332,47382.83,0.091206,34460.39,0.134690,0.024485,0.043908,0.066332,0.269415,0.038050,7,371658,384328,1753953,1725,0,0,0,3091,0,0,0,1742,0,0,0,968,0,0,0,895,0,0,0,18,0,0,0,4155583162572553627,15525183556642187114,15525183556642187114,16611052679694008127,16056813006214470636,17214719338527219889,0,0,0,0,0,0,0,0,0,0,0
147,20,2846,8,10,0.137144,20751.96,0.069757,40798.87,0.058131,48958.76,0.077543,36702.37,0.087390,32566.63,0.076859,37028.92,0.099230,28680.98,0.141369,0.022744,0.039460,0.076859,0.280432,0.032308,8,357325,366725,1724516,1381,0,0,0,2613,0,0,0,1548,0,0,0,843,0,0,0,902,0,0,0,23,0,0,0,8363300047147878949,17475802980786460490,17475802980786460490,822230979050684088,13734137289631537505,6769368582301640992,0,0,0,0,0,0,0,0,0,0,0
148,20,3184,8,10,0.144570,22023.94,0.066316,48012.90,0.055891,56967.53,0.069048,46112.74,0.079951,39824.39,0.068077,46770.68,0.099321,32057.75,0.147086,0.026270,0.049625,0.068077,0.291057,0.040659,4,385700,407680,1853641,1542,0,0,0,2593,0,0,0,1628,0,0,0,988,0,0,0,1302,0,0,0,23,0,0,0,11885913181161016727,16065962873514776542,16065962873514776542,17246803212410532964,8199131215319078121,11640367373920817423,0,0,0,0,0,0,0,0,0,0,0
149,20,3186,8,10,0.143433,22212.48,0.062051,51344.94,0.055342,57568.96,0.070104,45447.08,0.077557,41079.25,0.066429,47961.30,0.096564,32993.60,0.148337,0.024729,0.049176,0.066429,0.288671,0.040517,4,385960,397145,1932635,1485,0,0,0,2758,0,0,0,1683,0,0,0,1028,0,0,0,1234,0,0,0,17,0,0,0,18049427706698767746,7781160622197775731,7781160622197775731,4872098676616441647,4100842855236786599,2566102399935919092,0,0,0,0,0,0,0,0,0,0,0
150,20,3048,8,10,0.143747,21203.97,0.071801,42450.57,0.056886,53580.86,0.077156,39504.62,0.085905,35481.24,0.096462,31597.86,0.099341,30682.11,0.146655,0.024586,0.034726,0.096462,0.302429,0.038647,11,366410,378155,1736661,1839,0,0,0,2771,0,0,0,1449,0,0,0,1070,0,0,0,616,0,0,0,34,0,0,0,6779195953753264324,13472920412115989684,13472920412115989684,1664566266186963610,14264936825373270747,9896630295643468966,0,0,0,0,0,0,0,0,0,0,1
151,20,3081,8,10,0.130302,23645.13,0.059321,51937.67,0.056850,54195.08,0.063835,48265.07,0.071869,42869.65,0.063757,48323.91,0.087977,35020.39,0.132987,0.024185,0.049233,0.063757,0.270163,0.036574,4,358135,370425,1576197,1670,0,0,0,2865,0,0,0,1823,0,0,0,950,0,0,0,1016,0,0,0,32,0,0,0,4304430136821759648,8225181886240781866,8225181886240781866,5350262238637840768,14565327223787312390,331370853315974920,0,0,0,0,0,0,0,0,0,0,0
152,20,3223,8,10,0.143228,22502.57,0.063895,50442.39,0.053050,60754.23,0.066020,48818.21,0.078284,41170.68,0.062098,51901.59,0.100840,31961.37,0.146162,0.025970,0.048200,0.062098,0.282430,0.042351,5,387684,406139,2093980,1430,0,0,0,2324,0,0,0,1649,0,0,0,897,0,0,0,1187,0,0,0,28,0,0,0,706785224777004291,17936920702523852274,17936920702523852274,10864878176606868387,7154201863176808573,6337045589167871846,0,0,0,0,0,0,0,0,0,0,0
153,20,3415,8,10,0.126652,26963.63,0.053240,64143.75,0.042842,79712.25,0.050785,67244.17,0.059900,57011.95,0.051881,65823.72,0.086891,39302.18,0.129769,0.026913,0.053844,0.051881,0.262407,0.042187,4,411394,432894,1734897,1113,0,0,0,1873,0,0,0,1425,0,0,0,699,0,0,0,859,0,0,0,21,0,0,0,1776557566693631752,17452498332525037945,17452498332525037945,11859262388367893662,11972463962068752995,10744827842474948910,0,0,0,0,0,0,0,0,0,0,0
154,20,3253,8,10,0.126233,25769.84,0.059724,54467.29,0.049705,65445.59,0.061118,53224.79,0.071370,45579.25,0.060353,53899.65,0.086268,37708.14,0.129769,0.024431,0.047079,0.060353,0.261632,0.040230,4,356237,367677,1661555,1259,0,0,0,2427,0,0,0,1726,0,0,0,883,0,0,0,1049,0,0,0,22,0,0,0,8945128088465643722,6187737621368610286,6187737621368610286,8777501539885134562,12596770706634692238,2056906769383542582,0,0,0,0,0,0,0,0,0,0,0
155,20,4047,8,10,0.155896,25959.61,0.093346,43354.87,0.087475,46264.64,0.090499,44718.73,0.099440,40697.98,0.089275,45331.79,0.190807,21209.92,0.160668,0.031985,0.055827,0.089275,0.337755,0.061181,9,530555,956100,2672751,8161,0,0,0,10813,0,0,0,1828,0,0,0,790,0,0,0,773,0,0,0,19,0,0,0,9175894293828575774,11599650359764503818,11599650359764503818,17602369983123654059,18286337717629938992,13126043222897946055,0,0,0,0,0,0,0,0,0,0,0
156,20,3854,8,10,0.109236,35281.36,0.087773,43908.87,0.088780,43410.82,0.085248,45209.41,0.088800,43400.77,0.087620,43985.43,0.232803,16554.75,0.113514,0.028026,0.025190,0.087620,0.254350,0.051454,17,465203,986148,2070287,11006,0,0,0,13549,0,0,0,547,0,0,0,325,0,0,0,458,0,0,0,1325,0,0,0,5297392478379560597,9501740504979056813,9501740504979056813,13225429399799438197,14016261760687058172,16168194615700719198,0,0,0,0,0,0,0,0,0,0,0
157,20,2971,8,10,0.074649,39799.84,0.029533,100597.91,0.022361,132867.82,0.026564,111842.89,0.035616,83416.68,0.054582,54431.62,0.064218,46264.02,0.076875,0.017674,0.039364,0.054582,0.188495,0.028198,3,257115,280870,1663099,541,0,0,0,669,0,0,0,491,0,0,0,259,0,0,0,362,0,0,0,67,0,0,0,13445686422617147648,13445686422617147648,13445686422617147648,17583392576452050786,15464983985004473844,4439097089081833777,0,0,0,0,0,0,0,0,0,0,1
158,20,3253,8,10,0.126146,25787.54,0.057893,56189.72,0.034869,93291.12,0.050293,64681.28,0.068131,47746.00,0.051996,62562.72,0.110508,29436.86,0.129415,0.023433,0.044369,0.051996,0.249212,0.038680,4,354672,383032,1968202,1032,0,0,0,1076,0,0,0,785,0,0,0,435,0,0,0,612,0,0,0,149,0,0,0,12459824958816173924,12459824958816173924,12459824958816173924,16610761632553309891,4990927611586184422,3142003725787950145,0,0,0,0,0,0,0,0,0,0,0
159,20,3175,8,10,0.139039,22835.28,0.060046,52876.30,0.036009,88171.41,0.062935,50448.48,0.076625,41435.34,0.065193,48701.43,0.126180,25162.54,0.141910,0.024998,0.050598,0.065193,0.282699,0.036097,3,387773,421033,1929159,758,0,0,0,820,0,0,0,778,0,0,0,405,0,0,0,568,0,0,0,100,0,0,0,16672812571959369847,11024799103358870111,11024799103358870111,1623720819076939687,3283641854933483558,10024688493108733081,0,0,0,0,0,0,0,0,0,0,0
160,20,3341,8,10,0.117271,28489.49,0.046179,72349.47,0.037913,88123.88,0.046239,72254.47,0.058279,57327.57,0.049229,67867.11,0.097577,34239.47,0.120250,0.022766,0.038424,0.049229,0.230669,0.040302,9,347842,426767,1488389,757,0,0,0,1261,0,0,0,1003,0,0,0,521,0,0,0,677,0,0,0,49,0,0,0,5509875265667826045,5509875265667826045,5509875265667826045,6334058938705814006,16271797912484059301,4169458639659179289,0,0,0,0,0,0,0,0,0,0,0
161,20,3307,8,10,0.126975,26044.43,0.060600,54570.73,0.052289,63244.52,0.061709,53590.59,0.074246,44541.17,0.053081,62300.48,0.102968,32116.74,0.130164,0.029981,0.062504,0.053081,0.275731,0.037987,3,450568,494098,1819046,819,0,0,0,1878,0,0,0,1455,0,0,0,586,0,0,0,839,0,0,0,17,0,0,0,14057279436761755340,18039635045797572507,18039635045797572507,10561910726001240153,4419459809540797878,11739908779113885555,0,0,0,0,0,0,0,0,0,0,0
162,20,3181,8,10,0.122883,25886.45,0.054222,58665.93,0.040625,78301.07,0.056692,56109.78,0.066034,48172.04,0.058133,54718.98,0.087971,36159.76,0.126047,0.023067,0.045826,0.058133,0.253073,0.036076,5,348213,356048,1894489,842,0,0,0,1490,0,0,0,1159,0,0,0,621,0,0,0,812,0,0,0,34,0,0,0,4190209926052069300,6132901659901845797,6132901659901845797,2649496748785840124,6171574321940743699,14986743207362710179,0,0,0,0,0,0,0,0,0,0,0
163,20,3043,8,10,0.121404,25064.98,0.050487,60273.37,0.037558,81021.08,0.047823,63630.14,0.060891,49974.18,0.050039,60812.34,0.087706,34695.38,0.123935,0.023117,0.048815,0.050039,0.245907,0.035906,4,353913,381868,1640215,1084,0,0,0,1465,0,0,0,1117,0,0,0,562,0,0,0,734,0,0,0,40,0,0,0,8503530782754992929,826985031398043458,826985031398043458,5175838926197534889,5984991373594040767,12674888197563983412,0,0,0,0,0,0,0,0,0,0,0
164,20,2801,8,10,0.130222,21509.48,0.056894,49231.73,0.044977,62276.62,0.052712,53137.92,0.065318,42882.65,0.057916,48363.41,0.091613,30574.38,0.132750,0.021707,0.033513,0.057916,0.245886,0.032623,11,334315,344060,1613066,1008,0,0,0,1834,0,0,0,1205,0,0,0,639,0,0,0,731,0,0,0,29,0,0,0,13774232075307724934,11034277018321320566,11034277018321320566,6519178637541067930,5379795980402296220,805098746716105488,0,0,0,0,0,0,0,0,0,0,0
165,20,2862,8,10,0.111031,25776.59,0.049299,58053.96,0.042535,67285.23,0.048297,59257.90,0.056248,50881.61,0.048247,59320.11,0.071843,39836.92,0.113343,0.022359,0.041865,0.048247,0.225814,0.030089,5,323922,330767,1792193,933,0,0,0,2019,0,0,0,1413,0,0,0,748,0,0,0,837,0,0,0,10,0,0,0,3497136533013103989,3654304633788270384,3654304633788270384,12599315977208401684,17150292976864970355,6404279655717322261,0,0,0,0,0,0,0,0,0,0,0
166,20,3007,8,10,0.115454,26044.90,0.050835,59152.22,0.041360,72703.15,0.049621,60599.60,0.060956,49330.76,0.050020,60115.83,0.076442,39336.78,0.118431,0.023141,0.046206,0.050020,0.237798,0.035467,4,348396,357556,1769676,1283,0,0,0,1981,0,0,0,1506,0,0,0,863,0,0,0,910,0,0,0,34,0,0,0,4869100273846718150,3522665986919635702,3522665986919635702,15236792261334545747,10886567216176689533,2150979851829034955,0,0,0,0,0,0,0,0,0,0,0
167,20,2942,8,10,0.118055,24920.69,0.058940,49915.13,0.044555,66030.94,0.060690,48476.14,0.068758,42787.96,0.059361,49561.43,0.083316,35311.44,0.121116,0.020744,0.039784,0.059361,0.241004,0.031423,6,312918,320193,1658298,1064,0,0,0,2001,0,0,0,1431,0,0,0,788,0,0,0,1017,0,0,0,32,0,0,0,5170136959214334132,10304917305127714998,10304917305127714998,4024955182393302201,10329309637584523550,13940810651906764617,0,0,0,0,0,0,0,0,0,0,0
168,20,3088,8,10,0.124076,24888.04,0.061406,50287.98,0.051633,59806.98,0.056785,54380.38,0.066619,46352.92,0.051889,59511.19,0.083318,37062.65,0.126397,0.023411,0.044271,0.051889,0.245968,0.036782,4,349076,361396,1672713,1519,0,0,0,2783,0,0,0,1438,0,0,0,780,0,0,0,931,0,0,0,18,0,0,0,5458841046043396872,15022955121599068675,15022955121599068675,10772907806644415633,6517313022417067285,1387125403752222874,0,0,0,0,0,0,0,0,0,0,0
169,20,2909,8,10,0.123951,23468.89,0.060162,48352.67,0.047435,61325.92,0.055824,52110.63,0.070529,41245.73,0.052933,54956.40,0.088785,32764.49,0.128863,0.021574,0.046520,0.052933,0.249889,0.033967,3,346354,355184,1719361,1251,0,0,0,2224,0,0,0,1493,0,0,0,722,0,0,0,943,0,0,0,22,0,0,0,3833063484048111311,8561656145974214831,8561656145974214831,9271919578916969443,10058816384499309394,7258336377838392223,0,0,0,0,0,0,0,0,0,0,0
170,20,4893,8,10,0.127008,38525.25,0.068019,71935.78,0.052462,93267.38,0.061282,79843.55,0.078431,62385.71,0.058838,83160.33,0.191956,25490.24,0.131855,0.030586,0.058812,0.058838,0.280092,0.075077,4,466077,1553932,1674536,6410,0,0,0,6613,0,0,0,1524,0,0,0,712,0,0,0,752,0,0,0,11,0,0,0,2832222979312052600,3994602165869274615,3994602165869274615,8607477438590124793,18431968410055698102,14002634562022615904,0,0,0,0,0,0,0,0,0,0,0
171,20,3046,8,10,0.122256,24914.94,0.056108,54287.69,0.041113,74088.40,0.057440,53029.53,0.064147,47484.50,0.056442,53966.54,0.076932,39593.19,0.125426,0.021407,0.040865,0.056442,0.244140,0.031113,5,334126,344801,1528713,1230,0,0,0,2385,0,0,0,1890,0,0,0,1186,0,0,0,1281,0,0,0,16,0,0,0,11013737507570924388,11013737507570924388,11013737507570924388,4369601242314336835,15936033095291897807,5227790043120863708,0,0,0,0,0,0,0,0,0,0,0
172,20,2952,8,10,0.129673,22764.90,0.053258,55427.84,0.038029,77624.19,0.052892,55811.35,0.068239,43259.42,0.096793,30498.14,0.089873,32846.18,0.132690,0.024354,0.048370,0.096793,0.302207,0.033507,4,359915,369480,1568296,999,0,0,0,1525,0,0,0,1457,0,0,0,758,0,0,0,641,0,0,0,19,0,0,0,10833861128988036826,18429172124736532755,18429172124736532755,2851946781567996560,4466875223016697092,17373601346311722921,0,0,0,0,0,0,0,0,0,0,1
173,20,3129,8,10,0.135231,23138.16,0.063058,49620.82,0.054836,57061.04,0.063289,49440.11,0.075988,41177.59,0.061898,50551.29,0.092287,33905.06,0.138843,0.024304,0.049847,0.061898,0.274892,0.035607,4,365556,378921,1876709,1409,0,0,0,2447,0,0,0,1346,0,0,0,850,0,0,0,949,0,0,0,22,0,0,0,17641633633412672920,4852157272607939680,4852157272607939680,10698231033355482987,705019564180749728,12964909173594281694,0,0,0,0,0,0,0,0,0,0,0
174,20,3203,8,10,0.120254,26635.25,0.052489,61022.59,0.045883,69808.68,0.059240,54068.28,0.065975,48548.64,0.059964,53415.70,0.077569,41292.08,0.122508,0.023360,0.023428,0.059964,0.229260,0.039446,19,355144,372559,1498113,1448,0,0,0,2640,0,0,0,1734,0,0,0,1100,0,0,0,967,0,0,0,23,0,0,0,783966926641749998,1941531643330437680,1941531643330437680,9105730015694088255,10016318120515168844,8776089139202933515,0,0,0,0,0,0,0,0,0,0,0
175,20,2949,8,10,0.133566,22078.91,0.069287,42562.37,0.062849,46922.03,0.071355,41328.52,0.080309,36720.56,0.069121,42664.32,0.089576,32921.60,0.135885,0.024560,0.046903,0.069121,0.276470,0.033387,4,364959,376574,1693021,1444,0,0,0,2775,0,0,0,1660,0,0,0,871,0,0,0,1136,0,0,0,12,0,0,0,37456585162094745,6918336907244901360,6918336907244901360,5770609587046470536,3799463878836481921,12591453973072181252,0,0,0,0,0,0,0,0,0,0,0
176,20,2681,8,10,0.123224,21757.17,0.058434,45881.06,0.050033,53584.94,0.064786,41382.18,0.073802,36326.89,0.062188,43111.20,0.084618,31683.54,0.125697,0.024184,0.045896,0.062188,0.257964,0.027956,4,326403,335603,1572629,1128,0,0,0,2240,0,0,0,1108,0,0,0,642,0,0,0,844,0,0,0,10,0,0,0,8815294182168881719,11703836697885249359,11703836697885249359,10144740269585018056,17589266587081158168,10580776101415763793,0,0,0,0,0,0,0,0,0,0,0
177,20,2784,8,10,0.119841,23230.82,0.051107,54474.23,0.046346,60069.91,0.055540,50125.93,0.066339,41965.96,0.052559,52968.70,0.078601,35419.60,0.123958,0.022556,0.047509,0.052559,0.246583,0.029456,4,340008,346713,1693501,1173,0,0,0,2154,0,0,0,1226,0,0,0,689,0,0,0,836,0,0,0,21,0,0,0,1495098622312601058,3743909743166382322,3743909743166382322,3059567496265356327,13763253723742137589,13427872736783524029,0,0,0,0,0,0,0,0,0,0,0
178,20,3364,8,10,0.124493,27021.67,0.056369,59678.39,0.050064,67193.42,0.056414,59630.09,0.066591,50517.39,0.056126,59936.21,0.092786,36255.39,0.127702,0.024500,0.046059,0.056126,0.254387,0.044263,5,374967,441667,1591592,1809,0,0,0,2834,0,0,0,1879,0,0,0,1084,0,0,0,1443,0,0,0,93,0,0,0,10017425278066870732,11407974512627261376,11407974512627261376,12284169636301105934,14620479456081588634,4912836148763825431,0,0,0,0,0,0,0,0,0,0,0
179,20,2951,8,10,0.119460,24702.73,0.053800,54851.32,0.049636,59453.25,0.058084,50805.59,0.064537,45725.49,0.084827,34788.42,0.081010,36427.49,0.122783,0.023088,0.048343,0.084827,0.279041,0.033235,3,347403,360018,1677871,1360,0,0,0,2292,0,0,0,1647,0,0,0,801,0,0,0,654,0,0,0,16,0,0,0,10689307022135612824,10313966616617595843,10313966616617595843,15366189149359544263,2563214715366156392,6118621052259650037,0,0,0,0,0,0,0,0,0,0,1
180,20,2873,8,10,0.144275,19913.39,0.079355,36204.44,0.050091,57355.54,0.065556,43824.94,0.080062,35884.84,0.064303,44678.80,0.101266,28370.83,0.148077,0.023622,0.048618,0.064303,0.284621,0.032304,4,367687,375502,1732338,1108,0,0,0,1796,0,0,0,1191,0,0,0,777,0,0,0,1006,0,0,0,13,0,0,0,11576010788342637249,10998525562036686675,10998525562036686675,10862654604351889194,5683163529850135843,2387021936793595375,0,0,0,0,0,0,0,0,0,0,0
181,20,2636,8,10,0.124649,21147.40,0.056789,46417.83,0.044245,59577.40,0.055121,47821.84,0.066385,39707.60,0.056304,46817.28,0.084916,31042.38,0.127250,0.022579,0.043876,0.056304,0.250010,0.027737,6,346528,354988,1882157,1111,0,0,0,1943,0,0,0,1403,0,0,0,603,0,0,0,838,0,0,0,14,0,0,0,4610725651457962605,1134988927976776045,1134988927976776045,6092431042850642961,5805587031044753025,11234224635523642903,0,0,0,0,0,0,0,0,0,0,0
182,20,3196,8,10,0.121116,26387.83,0.055306,57787.98,0.049632,64393.53,0.054491,58651.96,0.065746,48611.40,0.054693,58435.54,0.109632,29152.05,0.123779,0.025491,0.038105,0.054693,0.242069,0.039497,9,395948,537933,1488306,2943,0,0,0,3821,0,0,0,1262,0,0,0,543,0,0,0,906,0,0,0,44,0,0,0,16964179970290319516,10095191502161119597,10095191502161119597,12750338296805423728,13172241235916873144,18238237326632227910,0,0,0,0,0,0,0,0,0,0,0
183,20,2769,8,10,0.124433,22253.02,0.060359,45875.69,0.045027,61496.45,0.056299,49183.85,0.070718,39155.72,0.051844,53409.80,0.084435,32794.42,0.127745,0.022948,0.045269,0.051844,0.247806,0.029773,5,346280,354020,1390975,1122,0,0,0,2019,0,0,0,1558,0,0,0,754,0,0,0,822,0,0,0,16,0,0,0,13487405138661285987,4163704294716831493,4163704294716831493,8272459437575650516,5400818027973086963,5699411382775485723,0,0,0,0,0,0,0,0,0,0,0
184,20,2756,8,10,0.121696,22646.66,0.055275,49860.22,0.050714,54343.61,0.059824,46068.17,0.067304,40948.36,0.058243,47319.10,0.083244,33107.48,0.124508,0.023211,0.047266,0.058243,0.253229,0.032046,4,355161,366991,1582077,1406,0,0,0,2269,0,0,0,1474,0,0,0,768,0,0,0,1019,0,0,0,18,0,0,0,13650695020493772439,10929980938585348718,10929980938585348718,3450184464292542296,735025554933129848,3717888997990891587,0,0,0,0,0,0,0,0,0,0,0
185,20,3334,8,10,0.126626,26329.53,0.059761,55788.86,0.048681,68486.37,0.064585,51621.77,0.073493,45364.72,0.064156,51966.78,0.097482,34201.14,0.130630,0.024997,0.043292,0.064156,0.263075,0.042534,6,379680,455285,1884363,1660,0,0,0,2431,0,0,0,1456,0,0,0,768,0,0,0,764,0,0,0,54,0,0,0,18372446018890379699,8523113479120906925,10898886873782406051,16579245409149266017,15068403505640174938,5688634363322806018,0,0,0,0,0,0,0,0,0,0,0
186,20,2729,8,10,0.103589,26344.52,0.047800,57091.94,0.042633,64011.89,0.046066,59240.85,0.054331,50228.98,0.043244,63106.61,0.065900,41411.17,0.105208,0.020457,0.042903,0.043244,0.211812,0.028829,3,296735,304040,1590799,1258,0,0,0,2157,0,0,0,1495,0,0,0,809,0,0,0,1009,0,0,0,12,0,0,0,7771354893166936494,2587078063563821607,2587078063563821607,2596000091697056846,9939054943179971658,6647465762736703955,0,0,0,0,0,0,0,0,0,0,0
187,20,2644,8,10,0.119386,22146.69,0.059196,44664.93,0.049678,53222.90,0.053072,49818.71,0.069722,37922.30,0.058481,45211.02,0.082873,31904.25,0.121499,0.022196,0.044424,0.058481,0.246601,0.027323,4,336400,343200,1406555,1119,0,0,0,2151,0,0,0,1346,0,0,0,671,0,0,0,908,0,0,0,24,0,0,0,7825327269036667901,16925447278928441917,16925447278928441917,9800779768630228026,2220405536976393078,1717575183736205124,0,0,0,0,0,0,0,0,0,0,0
188,20,2918,8,10,0.133609,21839.80,0.065524,44533.24,0.046676,62515.95,0.064615,45159.75,0.078423,37208.30,0.067911,42968.02,0.095214,30646.61,0.135849,0.022651,0.045759,0.067911,0.272170,0.030929,3,317379,329669,1621276,1209,0,0,0,2066,0,0,0,1359,0,0,0,803,0,0,0,882,0,0,0,15,0,0,0,3600337494484505811,14398481130635689914,14398481130635689914,1155624908530993802,12402290216023951135,3670796564759898369,0,0,0,0,0,0,0,0,0,0,0
189,20,2938,8,10,0.124251,23645.66,0.061437,47821.10,0.053718,54693.40,0.064038,45878.83,0.072411,40573.97,0.061867,47488.79,0.086135,34109.11,0.128090,0.024262,0.046250,0.061867,0.260469,0.033148,4,354321,373606,1551044,1518,0,0,0,2750,0,0,0,1644,0,0,0,897,0,0,0,1074,0,0,0,21,0,0,0,16734066568560447827,15498519682443068402,15498519682443068402,4332190009255039695,926694360585841977,7731632817443373,0,0,0,0,0,0,0,0,0,0,0
190,20,2759,8,10,0.122283,22562.46,0.061696,44719.27,0.052285,52768.98,0.061832,44620.91,0.070929,38897.78,0.062267,44309.50,0.083313,33115.99,0.125073,0.021739,0.033264,0.062267,0.242342,0.029638,12,330959,340489,1586164,1303,0,0,0,2559,0,0,0,1333,0,0,0,751,0,0,0,725,0,0,0,13,0,0,0,1369225352922996945,7587923931573723390,7587923931573723390,16027000096859096405,16853723851796167248,11585712527733792690,0,0,0,0,0,0,0,0,0,0,0
191,20,2759,8,10,0.122264,22565.99,0.062015,44489.44,0.050645,54477.68,0.056928,48464.46,0.068789,40108.19,0.089369,30871.98,0.085417,32300.35,0.124802,0.021057,0.038459,0.089369,0.273686,0.029311,7,329301,337991,2037891,1157,0,0,0,2318,0,0,0,1224,0,0,0,693,0,0,0,575,0,0,0,13,0,0,0,12878219454355964258,5110964478887060494,5110964478887060494,4347335658992804519,133152503802328752,10333513280098468579,0,0,0,0,0,0,0,0,0,0,1
192,20,3222,8,10,0.136847,23544.63,0.059684,53984.01,0.054724,58877.63,0.066713,48296.78,0.073232,43997.36,0.063051,51101.48,0.091512,35208.44,0.137415,0.024915,0.057294,0.063051,0.282675,0.040840,3,362326,389066,1711503,1448,0,0,0,2404,0,0,0,1540,0,0,0,860,0,0,0,1205,0,0,0,28,0,0,0,8806529364766236935,9512399601420216118,9512399601420216118,4918170265178759424,12679320773708850528,10800582442816040757,0,0,0,0,0,0,0,0,0,0,0
193,20,3168,8,10,0.126304,25082.42,0.064394,49197.33,0.055907,56665.98,0.064011,49491.17,0.073079,43350.62,0.063581,49826.00,0.091952,34452.85,0.128912,0.025061,0.047417,0.063581,0.264971,0.036854,4,368893,388948,1671536,1554,0,0,0,2591,0,0,0,1622,0,0,0,832,0,0,0,1179,0,0,0,14,0,0,0,9250952007852108167,11756905128047901345,11756905128047901345,7102836084702966789,16957276941041117366,3077716641651225139,0,0,0,0,0,0,0,0,0,0,0
194,20,2858,8,10,0.118119,24195.85,0.055400,51588.08,0.048992,58335.68,0.058996,48443.76,0.067839,42129.44,0.055496,51498.87,0.083479,34236.24,0.129229,0.014727,0.045627,0.055496,0.245080,0.031112,4,347048,356948,1671849,1273,0,0,0,2533,0,0,0,1356,0,0,0,679,0,0,0,755,0,0,0,36,0,0,0,13177049204384880469,8038509572792018326,8038509572792018326,8006435731480207528,8773087073078580435,15615631153570653403,0,0,0,0,0,0,0,0,0,0,0
195,20,3232,8,10,0.128841,25085.11,0.065893,49049.48,0.062610,51621.03,0.070039,46145.43,0.077635,41630.90,0.066997,48241.30,0.101712,31776.14,0.131692,0.024233,0.043247,0.066997,0.266169,0.037658,7,370435,432290,1856470,2582,0,0,0,4116,0,0,0,1505,0,0,0,847,0,0,0,1034,0,0,0,148,0,0,0,10517609643264431246,11738298124247040352,11738298124247040352,10100763782482499599,12318257836397459848,3650216760307534847,0,0,0,0,0,0,0,0,0,0,0
196,20,3119,8,10,0.163427,19085.01,0.099958,31202.96,0.053841,57930.32,0.085963,36283.16,0.108492,28748.77,0.106204,29367.97,0.121853,25596.35,0.166287,0.025507,0.022204,0.106204,0.320203,0.039124,20,348800,362115,1568294,1672,0,0,0,2422,0,0,0,1560,0,0,0,1021,0,0,0,946,0,0,0,26,0,0,0,14909025532444673066,8640954623010182638,665299992801360583,13135279070884723947,6854407733601080624,13005203750437489877,0,0,0,0,0,0,0,0,0,0,0
197,20,2912,8,10,0.120382,24189.64,0.054873,53068.27,0.048986,59446.01,0.059417,49009.71,0.066720,43645.04,0.058481,49794.00,0.077377,37633.73,0.122575,0.023860,0.040395,0.058481,0.245310,0.032495,8,346426,355681,1668448,1250,0,0,0,2125,0,0,0,1456,0,0,0,818,0,0,0,909,0,0,0,15,0,0,0,1409538074642815640,4122708062026923749,4122708062026923749,3035659446956142336,10113892298000453159,10624918409699230527,0,0,0,0,0,0,0,0,0,0,0
198,20,3425,8,10,0.133477,25659.77,0.062544,54761.02,0.050956,67214.31,0.056344,60787.57,0.072053,47534.25,0.055654,61540.95,0.104540,32762.47,0.137388,0.026769,0.050204,0.055654,0.270015,0.043088,4,415894,591654,1697861,2577,0,0,0,3383,0,0,0,1325,0,0,0,1650,0,0,0,1272,0,0,0,12,0,0,0,3539267612087799851,10276717869206041089,10276717869206041089,3079603019068194535,8718524170105944427,3482077781985238439,0,0,0,0,0,0,0,0,0,0,0
199,20,3116,8,10,0.130178,23936.41,0.059516,52355.27,0.050631,61543.53,0.063313,49215.95,0.071013,43879.06,0.064934,47987.20,0.096548,32274.26,0.134033,0.022394,0.040046,0.064934,0.261407,0.036532,15,354622,410092,1809317,1887,0,0,0,3209,0,0,0,1476,0,0,0,726,0,0,0,713,0,0,0,70,0,0,0,14600329726563785845,4560615972643029764,15834778172679535074,2992855123306497027,13222686512720432473,5005886413006829467,0,0,0,0,0,0,0,0,0,0,0
200,20,3434,8,10,0.124413,27601.56,0.065545,52391.79,0.048193,71255.53,0.064462,53271.96,0.070558,48669.12,0.060382,56871.00,0.112746,30457.75,0.127880,0.024672,0.038923,0.060382,0.251857,0.044274,8,378605,484765,1885823,1976,0,0,0,2789,0,0,0,1990,0,0,0,659,0,0,0,755,0,0,0,38,0,0,0,17821737219574473636,3072867186113560534,3072867186113560534,14841770597624617898,17766791165465890937,11877861667478290826,0,0,0,0,0,0,0,0,0,0,0
201,20,3152,8,10,0.133197,23664.19,0.060319,52255.42,0.051716,60947.86,0.062770,50215.01,0.073128,43102.50,0.064012,49240.94,0.090509,34825.38,0.137384,0.022842,0.034114,0.064012,0.258352,0.036389,13,365179,390889,1681570,1439,0,0,0,2891,0,0,0,1623,0,0,0,978,0,0,0,838,0,0,0,45,0,0,0,16782549813694240785,5843076621960953577,5843076621960953577,17153971151887734086,14445034944645279123,5426855021585572960,0,0,0,0,0,0,0,0,0,0,0
202,20,3045,8,10,0.134588,22624.56,0.062952,48370.16,0.056878,53535.86,0.064310,47348.90,0.074056,41117.72,0.061372,49615.57,0.094422,32248.76,0.139375,0.022738,0.046665,0.061372,0.270150,0.035399,5,353958,369568,1776479,1395,0,0,0,2467,0,0,0,1663,0,0,0,768,0,0,0,1027,0,0,0,27,0,0,0,4581715037426686682,4545267409869078494,4545267409869078494,11901220144932653347,8995786443373254749,457497738618402136,0,0,0,0,0,0,0,0,0,0,0
203,20,3307,8,10,0.136256,24270.57,0.066375,49823.19,0.056836,58184.85,0.069655,47477.05,0.079296,41704.53,0.063042,52457.41,0.101188,32681.74,0.138787,0.024461,0.050838,0.063042,0.277127,0.038014,3,369519,387644,2002652,1579,0,0,0,2392,0,0,0,1558,0,0,0,876,0,0,0,933,0,0,0,37,0,0,0,1440369597433017991,9378957426110644556,9378957426110644556,7010390355273764638,7779903894338707188,13841342566837017863,0,0,0,0,0,0,0,0,0,0,0
204,20,3126,8,10,0.129738,24094.73,0.068403,45699.59,0.057386,54473.55,0.064906,48161.61,0.075189,41575.39,0.065978,47379.24,0.096335,32449.14,0.133340,0.023932,0.046085,0.065978,0.269336,0.036346,4,352962,376642,1581505,1483,0,0,0,2516,0,0,0,1527,0,0,0,904,0,0,0,1246,0,0,0,13,0,0,0,12375376006150283491,10460815168953751399,10460815168953751399,11921023578923695356,8343889509771747478,2047922535467504407,0,0,0,0,0,0,0,0,0,0,0
205,20,3171,8,10,0.141446,22418.49,0.070941,44698.81,0.059424,53362.23,0.069073,45907.72,0.085576,37054.72,0.067624,46891.65,0.118474,26765.39,0.144252,0.024536,0.048106,0.067624,0.284517,0.036565,4,386799,470849,2190464,2261,0,0,0,3210,0,0,0,1257,0,0,0,741,0,0,0,903,0,0,0,17,0,0,0,925302395940732573,5959986310863972186,5959986310863972186,8664782097518014952,17779957739677614654,15573879199599785390,0,0,0,0,0,0,0,0,0,0,0
206,20,3165,8,10,0.126149,25089.40,0.064837,48814.45,0.057728,54825.98,0.065083,48629.94,0.074426,42525.49,0.063179,50095.98,0.095352,33192.93,0.128800,0.025320,0.055945,0.063179,0.273244,0.038775,3,387429,424349,1475080,1842,0,0,0,2865,0,0,0,1302,0,0,0,733,0,0,0,1114,0,0,0,20,0,0,0,2022204213192950982,12190269372667885784,12190269372667885784,15191569095567691006,11900710684975185192,2031945658797579606,0,0,0,0,0,0,0,0,0,0,0
207,20,3759,8,10,0.130667,28767.70,0.072758,51664.59,0.067185,55950.24,0.073585,51084.07,0.079833,47085.81,0.064523,58257.88,0.104555,35952.36,0.134551,0.026480,0.050309,0.064523,0.275864,0.055318,4,409412,497262,1542542,2935,0,0,0,4624,0,0,0,1532,0,0,0,976,0,0,0,1274,0,0,0,44,0,0,0,16826759428694391842,9345663104364723295,9345663104364723295,7315309350420290965,9839811222666708045,15418201903125855546,0,0,0,0,0,0,0,0,0,0,0
208,20,2973,8,10,0.131906,22538.86,0.073012,40719.34,0.057532,51675.39,0.073272,40575.07,0.086950,34192.05,0.071601,41521.95,0.105219,28255.42,0.134897,0.022775,0.047460,0.071601,0.276733,0.034458,3,338559,394019,1899689,1994,0,0,0,3049,0,0,0,1347,0,0,0,737,0,0,0,1013,0,0,0,3,0,0,0,12489339189614617428,14986178949887729787,14986178949887729787,7693589529084738076,9758888809369116692,9150692382768366584,0,0,0,0,0,0,0,0,0,0,0
209,20,2828,8,10,0.124519,22711.42,0.063828,44306.80,0.054594,51800.47,0.063662,44422.23,0.073102,38685.51,0.059187,47780.82,0.088870,31821.77,0.126580,0.022401,0.040750,0.059187,0.248917,0.033735,5,326819,359634,1868430,1989,0,0,0,3108,0,0,0,1543,0,0,0,1020,0,0,0,1186,0,0,0,24,0,0,0,3383176719924970004,7854109034022473494,7854109034022473494,3396979406936343865,4206638569577639020,9463243366917395681,0,0,0,0,0,0,0,0,0,0,0
210,20,2626,8,10,0.128166,20489.09,0.066577,39443.07,0.054148,48496.32,0.071317,36821.65,0.077445,33907.98,0.062283,42162.32,0.091442,28717.61,0.130936,0.022335,0.043908,0.062283,0.259462,0.026556,4,334285,341505,2034261,1308,0,0,0,2416,0,0,0,1194,0,0,0,680,0,0,0,826,0,0,0,5,0,0,0,12661232682510327019,12661232682510327019,12661232682510327019,1763998925994069115,3856747387142383834,316609771818398937,0,0,0,0,0,0,0,0,0,0,0
211,20,3064,8,10,0.136889,22383.10,0.059336,51637.94,0.053691,57067.50,0.065399,46851.21,0.074209,41288.82,0.060796,50398.38,0.095026,32243.93,0.140474,0.026229,0.059028,0.060796,0.286527,0.035983,3,395467,410222,1678949,1399,0,0,0,2440,0,0,0,1588,0,0,0,798,0,0,0,848,0,0,0,12,0,0,0,15623011759465787493,1323945239702929629,1323945239702929629,7590348402470673460,17624330290172292585,10851295938355649411,0,0,0,0,0,0,0,0,0,0,0
212,20,2902,8,10,0.146311,19834.47,0.086667,33484.57,0.057441,50521.62,0.067201,43183.87,0.093351,31087.12,0.066589,43580.98,0.111255,26084.33,0.149616,0.021897,0.040254,0.066589,0.278356,0.031807,7,338249,349194,1751086,1616,0,0,0,2605,0,0,0,1470,0,0,0,855,0,0,0,811,0,0,0,8,0,0,0,9644852852405211211,8196958042683075931,8196958042683075931,14796685701479444770,6053372622903445836,11743245091620037569,0,0,0,0,0,0,0,0,0,0,0
213,20,2864,8,10,0.139783,20488.91,0.061025,46931.73,0.048161,59466.97,0.067077,42697.21,0.074111,38644.94,0.119948,23876.97,0.094798,30211.50,0.142944,0.024381,0.057038,0.119948,0.344311,0.035850,3,372398,383218,1857576,1174,0,0,0,1992,0,0,0,1426,0,0,0,836,0,0,0,206,0,0,0,16,0,0,0,10309086028582562666,9725030935623786902,9725030935623786902,6991694543402817782,15084921734868510362,9327919727555486435,0,0,0,0,0,0,0,0,0,0,1
214,20,2923,8,10,0.134585,21718.65,0.062502,46766.33,0.057610,50737.45,0.064787,45117.42,0.075267,38834.89,0.062547,46732.64,0.092301,31668.03,0.138258,0.023277,0.042032,0.062547,0.266114,0.032351,6,369261,388511,1672106,1757,0,0,0,2933,0,0,0,1822,0,0,0,1066,0,0,0,1177,0,0,0,37,0,0,0,6563183009236151263,13291453017775524554,13291453017775524554,12002969737912593787,3392771967414691858,6184228153668512059,0,0,0,0,0,0,0,0,0,0,0
215,20,3160,8,10,0.138322,22845.18,0.075154,42046.75,0.065873,47971.12,0.069504,45464.87,0.089978,35119.84,0.072758,43431.56,0.105743,29883.91,0.140993,0.023807,0.045752,0.072758,0.283311,0.039989,4,369019,406964,1593449,2147,0,0,0,3339,0,0,0,1560,0,0,0,857,0,0,0,1160,0,0,0,18,0,0,0,18096371830813378225,7519829731875746799,7519829731875746799,17999878336148272738,7123905316476533253,10180491763659350611,0,0,0,0,0,0,0,0,0,0,0
216,20,2898,8,10,0.154085,18807.81,0.083623,34655.58,0.073109,39639.45,0.088062,32908.45,0.097584,29697.58,0.080556,35974.97,0.116148,24950.95,0.156804,0.023245,0.043723,0.080556,0.304328,0.031535,5,352363,367908,1715531,1502,0,0,0,2772,0,0,0,1421,0,0,0,795,0,0,0,1258,0,0,0,20,0,0,0,12470900847621833465,18401020124313503639,18401020124313503639,7190695803605212043,5159733941313700756,4298005089479080738,0,0,0,0,0,0,0,0,0,0,0
217,20,2768,8,10,0.136439,20287.39,0.068408,40463.28,0.056104,49337.32,0.071514,38705.90,0.079343,34886.65,0.067388,41075.86,0.102930,26892.18,0.139242,0.024140,0.049198,0.067388,0.279967,0.029594,3,357245,366415,1841339,1315,0,0,0,2460,0,0,0,1384,0,0,0,754,0,0,0,1018,0,0,0,45,0,0,0,5342258588841954124,3649540622132850707,3649540622132850707,17283118620142787651,15784983706856962319,7547088954767139430,0,0,0,0,0,0,0,0,0,0,0
218,20,2865,8,10,0.141062,20310.19,0.072864,39320.08,0.061316,46725.42,0.070239,40789.42,0.079160,36192.72,0.070602,40579.60,0.094370,30359.36,0.144339,0.023070,0.037406,0.070602,0.275417,0.031486,8,348001,358386,1991687,1543,0,0,0,2791,0,0,0,1561,0,0,0,833,0,0,0,1228,0,0,0,28,0,0,0,15784671126035397745,748122832715891017,748122832715891017,9603476068427019279,17497086006483277536,10157956052993338210,0,0,0,0,0,0,0,0,0,0,0
219,20,2844,8,10,0.145172,19590.54,0.072580,39184.55,0.065631,43333.25,0.072384,39290.40,0.082923,34296.81,0.066934,42489.33,0.096630,29431.76,0.148426,0.026805,0.053481,0.066934,0.295648,0.036889,3,400945,411490,1781334,1700,0,0,0,3006,0,0,0,1553,0,0,0,1086,0,0,0,1131,0,0,0,53,0,0,0,4466574872543721370,1882981516941426240,1882981516941426240,7814926734057593973,13259290996734949179,18059845915252473315,0,0,0,0,0,0,0,0,0,0,0
220,20,3171,8,10,0.147433,21508.06,0.072081,43992.45,0.067030,47307.40,0.073570,43101.62,0.081695,38814.97,0.070621,44901.58,0.108854,29130.79,0.151223,0.026622,0.051526,0.070621,0.299992,0.041442,4,429608,510763,1785183,2852,0,0,0,4621,0,0,0,1865,0,0,0,1335,0,0,0,1259,0,0,0,40,0,0,0,16337844739966973480,8026767813223511827,8026767813223511827,5402902671337529599,17401506865300755973,8649227451383951790,0,0,0,0,0,0,0,0,0,0,0
221,20,2983,8,10,0.139695,21353.59,0.069745,42770.02,0.063116,47262.08,0.070904,42070.75,0.081996,36379.94,0.068544,43519.75,0.117833,25315.43,0.142819,0.025301,0.037556,0.068544,0.274220,0.035897,8,394421,468101,1511043,2787,0,0,0,3973,0,0,0,1278,0,0,0,1080,0,0,0,1188,0,0,0,93,0,0,0,143482377822559752,2317709940105964870,2317709940105964870,1591398053231880145,14868926331871409485,4011513836635556026,0,0,0,0,0,0,0,0,0,0,0
222,20,3169,8,10,0.140272,22591.80,0.070076,45222.60,0.064699,48980.94,0.074752,42393.65,0.085471,37076.94,0.091044,34807.50,0.100620,31494.80,0.142888,0.024160,0.046985,0.091044,0.305077,0.041425,4,379655,427820,1495770,2242,0,0,0,3661,0,0,0,1919,0,0,0,1180,0,0,0,974,0,0,0,37,0,0,0,12367668089612981813,9828634857849937206,9828634857849937206,895798878710012321,8599858789735639285,9482897427177853090,0,0,0,0,0,0,0,0,0,0,1
223,20,2918,8,10,0.141980,20552.22,0.073649,39620.57,0.069747,41836.92,0.079616,36651.10,0.085815,34003.49,0.070949,41128.11,0.094777,30787.96,0.145375,0.023653,0.040829,0.070949,0.280806,0.034469,8,380275,394305,1457768,2143,0,0,0,3714,0,0,0,1820,0,0,0,1097,0,0,0,1159,0,0,0,34,0,0,0,9550816561599373018,8166749613618585675,8166749613618585675,8596432069416265362,14177127982220963002,1295188771020632164,0,0,0,0,0,0,0,0,0,0,0
224,20,2962,8,10,0.148615,19930.69,0.071282,41553.17,0.067872,43641.16,0.074979,39504.40,0.084914,34882.37,0.069186,42812.17,0.101374,29218.60,0.151296,0.026520,0.043451,0.069186,0.290453,0.036308,8,379323,395228,1606731,2006,0,0,0,3433,0,0,0,1851,0,0,0,1144,0,0,0,1169,0,0,0,64,0,0,0,11031998967111818495,17177608830274369442,17177608830274369442,11440199652602404554,15068443057928943470,12526575756153358881,0,0,0,0,0,0,0,0,0,0,0
225,20,2970,8,10,0.171356,17332.30,0.088488,33563.85,0.072305,41075.87,0.085092,34903.33,0.105004,28284.68,0.082334,36072.43,0.128762,23065.89,0.173800,0.026339,0.052210,0.082334,0.334682,0.037044,4,386119,402699,1717398,2002,0,0,0,3741,0,0,0,1783,0,0,0,1139,0,0,0,1213,0,0,0,55,0,0,0,14866092264036844062,15376704468777725354,15376704468777725354,11193882679146440267,3576757804041212557,5825108455293685718,0,0,0,0,0,0,0,0,0,0,0
226,20,2908,8,10,0.151202,19232.50,0.076078,38224.10,0.070606,41186.51,0.079426,36612.63,0.090215,32234.15,0.074928,38810.34,0.118871,24463.48,0.155355,0.025843,0.050200,0.074928,0.306327,0.033480,4,369172,397602,1486781,2107,0,0,0,3521,0,0,0,1736,0,0,0,1079,0,0,0,1119,0,0,0,52,0,0,0,11959460748984184087,18257720024091045089,18257720024091045089,14407146176011919887,13670513386089666907,10781467871997193891,0,0,0,0,0,0,0,0,0,0,0
227,20,2836,8,10,0.153046,18530.41,0.079208,35804.61,0.075345,37640.05,0.085840,33038.15,0.090542,31322.65,0.075410,37607.85,0.112093,25300.34,0.156003,0.024997,0.044290,0.075410,0.300700,0.033287,6,385911,408006,1620551,2554,0,0,0,4062,0,0,0,1874,0,0,0,1198,0,0,0,1194,0,0,0,43,0,0,0,16684306774349226650,357485453574234178,357485453574234178,13277936439672318782,15341941087735012158,13269421851930165098,0,0,0,0,0,0,0,0,0,0,0
228,20,2878,8,10,0.153315,18771.77,0.080377,35806.16,0.073537,39136.84,0.088778,32418.12,0.096676,29769.45,0.110105,26138.76,0.112143,25663.75,0.156648,0.024932,0.040082,0.110105,0.331767,0.035994,9,369073,384908,1486527,2186,0,0,0,3580,0,0,0,1648,0,0,0,1105,0,0,0,728,0,0,0,59,0,0,0,7655307661695293140,8138421213317770207,8138421213317770207,586795789399205839,7198105217519322173,3059819652956215659,0,0,0,0,0,0,0,0,0,0,1
229,20,3425,8,10,0.141323,24235.30,0.077699,44080.58,0.070093,48863.43,0.065250,52490.03,0.087848,38987.96,0.066215,51725.77,0.159575,21463.31,0.145341,0.026576,0.046433,0.066215,0.284564,0.043915,6,421656,691061,1239779,4976,0,0,0,6549,0,0,0,1967,0,0,0,1044,0,0,0,1182,0,0,0,900,0,0,0,2113005071102133910,15003336267096058941,15003336267096058941,6425238384814993888,2111698548342156134,16778018809461182948,0,0,0,0,0,0,0,0,0,0,0
230,20,3432,8,10,0.156836,21882.75,0.064765,52991.76,0.053106,64626.05,0.068589,50036.97,0.080839,42454.54,0.065278,52575.30,0.116094,29562.20,0.160236,0.024868,0.049831,0.065278,0.300212,0.045520,4,383615,430360,2013693,1958,0,0,0,2814,0,0,0,1783,0,0,0,852,0,0,0,1008,0,0,0,24,0,0,0,15638936897223504649,319467790171289017,319467790171289017,5416290954299245481,16436564307055319043,18444889202923019611,0,0,0,0,0,0,0,0,0,0,0
231,20,2857,8,10,0.159785,17880.31,0.074148,38530.85,0.064381,44376.39,0.081964,34856.83,0.092923,30746.04,0.079414,35975.83,0.105518,27076.01,0.163981,0.024316,0.040254,0.079414,0.307965,0.034473,9,360264,371934,1495557,1558,0,0,0,2839,0,0,0,1811,0,0,0,1027,0,0,0,1257,0,0,0,21,0,0,0,10320344024949672324,4100554086040516014,4100554086040516014,16865136208567074997,9067286552080323845,4153189996556104760,0,0,0,0,0,0,0,0,0,0,0
232,20,2772,8,10,0.153929,18008.29,0.072699,38129.90,0.056481,49078.40,0.075047,36937.09,0.085741,32330.02,0.072318,38330.93,0.101708,27254.60,0.156779,0.023155,0.045463,0.072318,0.297714,0.030899,4,365045,374670,1731018,1452,0,0,0,2616,0,0,0,1934,0,0,0,1153,0,0,0,1166,0,0,0,19,0,0,0,8633859039777637866,5217980011087094960,5217980011087094960,14074835671435023308,17499444144899239388,9013727989995895284,0,0,0,0,0,0,0,0,0,0,0
233,20,3139,8,10,0.142314,22056.88,0.062464,50252.63,0.057735,54369.56,0.064909,48359.86,0.072337,43394.06,0.070247,44685.28,0.090487,34690.25,0.145589,0.024823,0.045747,0.070247,0.286406,0.038905,4,411902,432132,1545305,1802,0,0,0,3315,0,0,0,2093,0,0,0,1322,0,0,0,1807,0,0,0,57,0,0,0,18352702768687760404,8052055598314450237,8052055598314450237,7518875925637833236,4281503049379271213,13592785854032023782,0,0,0,0,0,0,0,0,0,0,0
234,20,2649,8,10,0.143724,18431.19,0.069872,37911.94,0.059514,44510.31,0.064208,41256.74,0.074534,35540.88,0.064683,40953.62,0.097692,27115.82,0.146682,0.021018,0.044683,0.064683,0.277066,0.027844,4,328365,338965,2951016,1612,0,0,0,2472,0,0,0,1672,0,0,0,951,0,0,0,1457,0,0,0,25,0,0,0,11589170180130574952,5282695718976526545,5282695718976526545,17771614822445882890,7000305004951511680,10209436527279525973,0,0,0,0,0,0,0,0,0,0,0
235,20,3047,8,10,0.150153,20292.67,0.078155,38986.83,0.071511,42608.54,0.077039,39551.32,0.086521,35216.96,0.068699,44352.96,0.118085,25803.53,0.153470,0.023883,0.041294,0.068699,0.287346,0.037643,7,377780,413470,2021136,2121,0,0,0,3316,0,0,0,1240,0,0,0,836,0,0,0,924,0,0,0,104,0,0,0,14094238604970315715,16924371704689637420,16924371704689637420,18105019304518173682,18249638226526027691,11378796441329757838,0,0,0,0,0,0,0,0,0,0,0
236,20,2824,8,10,0.138581,20377.92,0.069334,40730.64,0.065682,42994.82,0.071786,39338.95,0.082796,34107.79,0.069448,40663.24,0.102544,27539.37,0.141727,0.024718,0.039941,0.069448,0.275834,0.031755,8,369404,392034,1578309,1667,0,0,0,2945,0,0,0,1586,0,0,0,950,0,0,0,1101,0,0,0,52,0,0,0,4515259906850581118,706884606315015904,706884606315015904,738295988382607907,16672226343545549838,9413277177624738667,0,0,0,0,0,0,0,0,0,0,0
237,20,2893,8,10,0.141596,20431.32,0.072911,39678.45,0.056032,51631.57,0.071872,40252.14,0.085531,33824.09,0.095502,30292.70,0.105740,27359.68,0.144471,0.023196,0.043110,0.095502,0.306278,0.032735,5,347787,398002,2147774,1648,0,0,0,2742,0,0,0,1548,0,0,0,864,0,0,0,592,0,0,0,17,0,0,0,9681947183024903340,3363771663193574157,3363771663193574157,10184753346742197533,15328743022798178916,11394841694159003764,0,0,0,0,0,0,0,0,0,0,1
238,20,2770,8,10,0.136132,20347.95,0.066176,41858.11,0.056022,49445.11,0.068162,40638.62,0.080651,34345.67,0.066810,41460.95,0.092723,29873.99,0.139337,0.021412,0.043808,0.066810,0.271367,0.033411,4,339906,350701,1488533,1522,0,0,0,2694,0,0,0,1558,0,0,0,1007,0,0,0,1201,0,0,0,71,0,0,0,15722686099797200681,10936755528345450551,10936755528345450551,11612637599861933753,3311353692501611774,5904206609936444458,0,0,0,0,0,0,0,0,0,0,0
239,20,2883,8,10,0.133664,21569.01,0.060110,47962.09,0.055332,52103.75,0.067365,42796.63,0.072222,39918.60,0.062975,45780.29,0.090961,31694.98,0.135715,0.023729,0.044751,0.062975,0.267169,0.034193,5,366659,381654,1485970,1445,0,0,0,2684,0,0,0,1518,0,0,0,945,0,0,0,1235,0,0,0,93,0,0,0,9068810342400027714,5981142933723521256,5981142933723521256,10403198294301732351,6460423994506300046,12659292020840191570,0,0,0,0,0,0,0,0,0,0,0
240,20,2572,8,10,0.113690,22623.00,0.054857,46885.31,0.049001,52488.39,0.057161,44995.53,0.064348,39970.41,0.054825,46913.04,0.067850,37907.10,0.116575,0.020306,0.040742,0.054825,0.232448,0.027090,4,314173,321548,1471119,1218,0,0,0,2282,0,0,0,1441,0,0,0,974,0,0,0,1243,0,0,0,42,0,0,0,8041685956487496501,816611254608663892,816611254608663892,6170886022236825500,11178957851443964156,9004798182053148926,0,0,0,0,0,0,0,0,0,0,0
241,20,2801,8,10,0.130327,21492.03,0.068417,40939.95,0.051865,54005.35,0.068541,40866.11,0.081707,34280.90,0.065928,42485.99,0.098536,28426.07,0.132477,0.022026,0.040618,0.065928,0.261049,0.031648,5,315088,344918,1690467,1318,0,0,0,2404,0,0,0,1621,0,0,0,759,0,0,0,881,0,0,0,12,0,0,0,15441021313028885066,1916902276998709293,1916902276998709293,12349994832762694105,17043458953556409729,4000033462389928052,0,0,0,0,0,0,0,0,0,0,0
242,20,2851,8,10,0.128868,22123.42,0.057823,49306.01,0.051285,55591.22,0.060048,47478.66,0.069147,41230.74,0.055769,51121.53,0.082357,34617.42,0.131539,0.023010,0.045927,0.055769,0.256246,0.032735,4,342855,352815,1693781,1416,0,0,0,2491,0,0,0,1655,0,0,0,843,0,0,0,930,0,0,0,15,0,0,0,13995685424168839573,4432003585586463862,4432003585586463862,5976943631855962195,8976055707625726666,17847298081874217814,0,0,0,0,0,0,0,0,0,0,0
243,20,2747,8,10,0.129067,21283.57,0.060254,45590.58,0.052575,52249.27,0.061821,44434.51,0.072743,37763.21,0.061306,44808.07,0.088540,31025.64,0.131543,0.023447,0.046184,0.061306,0.262480,0.032212,4,355425,373895,1665199,1664,0,0,0,2524,0,0,0,1434,0,0,0,873,0,0,0,1097,0,0,0,20,0,0,0,17352024793361906555,11491577740170247011,11491577740170247011,13278729128892410175,11875008454763246360,14130887872648686917,0,0,0,0,0,0,0,0,0,0,0
244,20,2777,8,10,0.142924,19429.96,0.070592,39338.65,0.062446,44470.40,0.076008,36535.44,0.084669,32798.25,0.069579,39911.25,0.099060,28033.44,0.145436,0.023307,0.045205,0.069579,0.283527,0.034606,4,358762,375282,1617363,1833,0,0,0,2837,0,0,0,1569,0,0,0,987,0,0,0,1137,0,0,0,45,0,0,0,10369381779663260040,15081274569359588691,15081274569359588691,12033178288016531398,13771175787395159917,3579739344554280137,0,0,0,0,0,0,0,0,0,0,0
245,20,2990,8,10,0.127091,23526.52,0.056644,52785.66,0.050089,59693.24,0.060887,49107.03,0.069561,42983.79,0.060655,49294.86,0.093642,31929.98,0.129491,0.024496,0.045960,0.060655,0.260602,0.035366,4,361714,406894,1909572,1409,0,0,0,2362,0,0,0,1548,0,0,0,799,0,0,0,937,0,0,0,9,0,0,0,4295880603044867086,8393474106345030927,8393474106345030927,15799554828683221686,17854007561261083802,10440362198224415671,0,0,0,0,0,0,0,0,0,0,0
246,20,2809,8,10,0.149122,18836.87,0.082302,34130.33,0.055260,50832.36,0.095819,29315.55,0.090031,31200.38,0.078608,35734.26,0.108745,25831.14,0.151803,0.023088,0.047277,0.078608,0.300776,0.030364,4,339411,352576,1741557,1479,0,0,0,2369,0,0,0,1523,0,0,0,867,0,0,0,1151,0,0,0,41,0,0,0,4964049955656175438,16045380322784538028,16045380322784538028,4326497134144400761,4686920807025442110,13122951773697113155,0,0,0,0,0,0,0,0,0,0,0
247,20,3083,8,10,0.131900,23373.72,0.054040,57050.17,0.046422,66413.19,0.057601,53523.64,0.065375,47158.54,0.051160,60261.55,0.095116,32413.06,0.134546,0.025234,0.051818,0.051160,0.262758,0.037425,4,395065,428520,1943242,1301,0,0,0,1920,0,0,0,1568,0,0,0,757,0,0,0,1019,0,0,0,22,0,0,0,1291948250830833328,7783212300166920886,7783212300166920886,9104074961847686900,10698741617961623465,4502915067489807337,0,0,0,0,0,0,0,0,0,0,0
248,20,2977,8,10,0.146640,20301.47,0.076764,38781.43,0.067926,43826.88,0.081361,36589.90,0.086692,34339.85,0.073899,40284.69,0.103649,28721.91,0.149314,0.024899,0.042532,0.073899,0.290644,0.035657,6,375362,397147,1566666,1679,0,0,0,2538,0,0,0,1409,0,0,0,1019,0,0,0,1070,0,0,0,23,0,0,0,4856845482013909226,17439302302976007930,17439302302976007930,8371512623302117277,18168078914714231252,8137475210453922127,0,0,0,0,0,0,0,0,0,0,0
249,20,2665,8,10,0.126042,21143.71,0.067207,39653.76,0.052448,50812.41,0.056603,47081.95,0.072089,36967.96,0.054492,48906.41,0.091139,29240.99,0.128510,0.021287,0.044210,0.054492,0.248498,0.028991,3,319681,347076,1913831,1348,0,0,0,2214,0,0,0,1307,0,0,0,845,0,0,0,1039,0,0,0,28,0,0,0,15056640420977098221,11119310354942006271,11119310354942006271,16732743111156615173,6072149282608350125,2826369696704999481,0,0,0,0,0,0,0,0,0,0,0
