batch_idx,num_blocks,num_txs,threads,merge_cap,seq_time_s,seq_tput,par_time_s,par_tput,concat_time_s,concat_tput,cgraph_time_s,cgraph_tput,graph_time_s,graph_tput,integrated_time_s,integrated_tput,vegeta_time_s,vegeta_tput,phase_pre_execute_s,phase_graph_build_s,phase_integrate_s,phase_execute_s,phase_total_s,vegeta_speculate_s,num_integrated_groups,omakase_graph_bytes,vegeta_sched_bytes,calldata_bytes,par_re_exec,par_validation_aborts,par_cascade_aborts,par_wrote_new_loc,concat_re_exec,concat_validation_aborts,concat_cascade_aborts,concat_wrote_new_loc,cgraph_re_exec,cgraph_validation_aborts,cgraph_cascade_aborts,cgraph_wrote_new_loc,graph_re_exec,graph_validation_aborts,graph_cascade_aborts,graph_wrote_new_loc,integ_re_exec,integ_validation_aborts,integ_cascade_aborts,integ_wrote_new_loc,vegeta_re_exec,vegeta_validation_aborts,vegeta_cascade_aborts,vegeta_wrote_new_loc,digest_seq,digest_par,digest_concat,logical_seq,logical_integ,logical_vegeta,cgraph_cross_block_aborts,cgraph_cross_block_cascade,graph_cross_block_aborts,graph_cross_block_cascade,integ_cross_block_aborts,integ_cross_block_cascade,par_fallbacks,concat_fallbacks,cgraph_fallbacks,graph_fallbacks,integ_fallbacks
0,50,6989,8,10,0.560646,12465.98,0.245075,28517.81,0.171425,40769.90,0.150184,46536.19,0.238614,29290.00,0.205196,34060.09,0.369876,18895.53,0.562391,0.059465,0.086370,0.205196,0.913422,0.100554,35,717531,812411,4866580,4225,0,0,0,6797,0,0,0,0,0,0,0,0,0,0,0,0,0,0,0,0,0,0,0,2350018457966453032,2350018457966453032,2350018457966453032,14141728738370052035,14141728738370052035,14141728738370052035,0,0,0,0,0,0,0,0,0,0,0
1,50,6690,8,10,0.584276,11450.07,0.273152,24491.88,0.177871,37611.59,0.154739,43234.13,0.263818,25358.41,0.221027,30267.75,0.380547,17579.98,0.588904,0.055800,0.073926,0.221027,0.939657,0.090686,31,728419,780269,4772744,3466,0,0,0,6697,0,0,0,0,0,0,0,0,0,0,0,0,0,0,0,0,0,0,0,8785099674039504287,8785099674039504287,8785099674039504287,5227599102374643357,5227599102374643357,5227599102374643357,0,0,0,0,0,0,0,0,0,0,0
2,50,7072,8,10,0.638100,11082.89,0.298210,23714.85,0.168373,42001.87,0.140777,50235.42,0.280844,25181.25,0.242694,29139.61,0.405082,17458.20,0.634191,0.061228,0.081305,0.242694,1.019419,0.097039,32,741468,818348,4892640,4101,0,0,0,5598,0,0,0,0,0,0,0,0,0,0,0,0,0,0,0,0,0,0,0,8194106616253099690,8194106616253099690,8194106616253099690,11849158330551750894,11849158330551750894,11849158330551750894,0,0,0,0,0,0,0,0,0,0,0
3,50,7481,8,10,0.617920,12106.74,0.260064,28765.99,0.160741,46540.73,0.143134,52265.54,0.244583,30586.81,0.222670,33596.81,0.401722,18622.35,0.617691,0.049974,0.061003,0.222670,0.951337,0.113597,36,741155,1043030,5081828,5344,0,0,0,7466,0,0,0,0,0,0,0,0,0,0,0,0,0,0,0,0,0,0,0,16255290218482491724,16255290218482491724,16255290218482491724,9068499689375717678,9068499689375717678,9068499689375717678,0,0,0,0,0,0,0,0,0,0,0
4,50,6855,8,10,0.626681,10938.58,0.292262,23454.95,0.136956,50052.60,0.131387,52174.19,0.275735,24860.85,0.238182,28780.50,0.400817,17102.55,0.630859,0.044209,0.059770,0.238182,0.973020,0.095285,33,706519,746219,4906812,3054,0,0,0,4403,0,0,0,0,0,0,0,0,0,0,0,0,0,0,0,0,0,0,0,5420783388557551595,5420783388557551595,5420783388557551595,10185916246296414258,10185916246296414258,10185916246296414258,0,0,0,0,0,0,0,0,0,0,0
5,50,7076,8,10,0.567190,12475.55,0.229407,30844.68,0.149161,47438.63,0.125962,56175.72,0.227668,31080.28,0.206165,34322.07,0.337423,20970.71,0.570715,0.044630,0.059718,0.206165,0.881227,0.099481,38,732505,769900,4772880,2893,0,0,0,4739,0,0,0,0,0,0,0,0,0,0,0,0,0,0,0,0,0,0,0,8987276219614230969,8987276219614230969,8987276219614230969,4899433814838380369,4899433814838380369,4899433814838380369,0,0,0,0,0,0,0,0,0,0,0
6,50,7277,8,10,0.634310,11472.30,0.303783,23954.60,0.152783,47629.75,0.142019,51239.48,0.283087,25705.85,0.240346,30277.18,0.419626,17341.61,0.633576,0.054403,0.069779,0.240346,0.998104,0.104302,32,749835,864000,4958516,4340,0,0,0,5851,0,0,0,0,0,0,0,0,0,0,0,0,0,0,0,0,0,0,0,8383692892522893201,8383692892522893201,8383692892522893201,11536924081738728681,11536924081738728681,11536924081738728681,0,0,0,0,0,0,0,0,0,0,0
7,50,6624,8,10,0.598787,11062.37,0.290260,22820.93,0.146200,45307.93,0.138379,47868.41,0.276282,23975.53,0.224745,29473.42,0.394130,16806.62,0.617985,0.025669,0.066823,0.224745,0.935222,0.083719,27,711117,776982,4687680,3236,0,0,0,5384,0,0,0,0,0,0,0,0,0,0,0,0,0,0,0,0,0,0,0,18039994662545522868,18039994662545522868,18039994662545522868,17095299070494194310,17095299070494194310,17095299070494194310,0,0,0,0,0,0,0,0,0,0,0
8,50,7057,8,10,0.529092,13337.96,0.240994,29282.86,0.156578,45070.13,0.152647,46230.83,0.236294,29865.31,0.215166,32797.87,0.361355,19529.28,0.527301,0.049947,0.056727,0.215166,0.849141,0.099036,35,712543,831883,4911652,4715,0,0,0,8251,0,0,0,0,0,0,0,0,0,0,0,0,0,0,0,0,0,0,0,8950958425298765016,8950958425298765016,8950958425298765016,10944433958774327992,10944433958774327992,10944433958774327992,0,0,0,0,0,0,0,0,0,0,0
9,50,7009,8,10,0.567402,12352.79,0.244778,28634.07,0.150276,46640.75,0.140138,50015.04,0.236397,29649.32,0.216368,32393.94,0.348534,20109.96,0.570154,0.045576,0.056561,0.216368,0.888659,0.098354,39,715332,774907,4863876,2957,0,0,0,5153,0,0,0,0,0,0,0,0,0,0,0,0,0,0,0,0,0,0,0,581928787806602405,581928787806602405,581928787806602405,1831328005320206476,1831328005320206476,1831328005320206476,0,0,0,0,0,0,0,0,0,0,0
10,50,6704,8,10,0.598891,11194.03,0.276197,24272.57,0.139212,48156.60,0.133390,50258.67,0.263775,25415.56,0.245712,27283.98,0.381682,17564.35,0.599419,0.045448,0.056939,0.245712,0.947517,0.088356,38,694011,732701,4750944,2767,0,0,0,4860,0,0,0,0,0,0,0,0,0,0,0,0,0,0,0,0,0,0,0,11353078431983584083,11353078431983584083,11353078431983584083,18071581991661976017,18071581991661976017,18071581991661976017,0,0,0,0,0,0,0,0,0,0,0
11,50,6671,8,10,0.579122,11519.17,0.272513,24479.58,0.160504,41562.71,0.151236,44109.86,0.241917,27575.54,0.216907,30755.11,0.365141,18269.63,0.584745,0.040636,0.059757,0.216907,0.902045,0.091555,34,687142,736847,4749468,3435,0,0,0,5939,0,0,0,0,0,0,0,0,0,0,0,0,0,0,0,0,0,0,0,6540905359832737799,6540905359832737799,6540905359832737799,13315636321125969143,13315636321125969143,13315636321125969143,0,0,0,0,0,0,0,0,0,0,0
12,50,7300,8,10,0.572617,12748.49,0.252691,28889.02,0.162327,44970.95,0.155688,46888.55,0.245984,29676.68,0.217049,33632.92,0.386960,18864.99,0.573953,0.050756,0.064386,0.217049,0.906143,0.100925,35,747272,885877,5126352,4631,0,0,0,7928,0,0,0,0,0,0,0,0,0,0,0,0,0,0,0,0,0,0,0,6643694011931286221,6643694011931286221,6643694011931286221,16308227705333894882,16308227705333894882,16308227705333894882,0,0,0,0,0,0,0,0,0,0,0
13,50,6760,8,10,0.802339,8425.36,0.484953,13939.51,0.322314,20973.33,0.299065,22603.82,0.437189,15462.42,0.340039,19880.10,0.571835,11821.58,0.800696,0.047573,0.078758,0.340039,1.267065,0.092443,18,733085,779390,4754848,3275,0,0,0,3212,0,0,0,0,0,0,0,0,0,0,0,0,0,0,0,0,0,0,0,17776731269618535659,17776731269618535659,17776731269618535659,10250084220381389014,10250084220381389014,10250084220381389014,0,0,0,0,0,0,0,0,0,0,0
14,50,6207,8,10,0.755886,8211.55,0.447201,13879.66,0.305722,20302.75,0.280233,22149.43,0.427346,14524.54,0.311435,19930.34,0.547236,11342.45,0.751360,0.045546,0.070099,0.311435,1.178440,0.074320,18,679680,744275,4349308,3175,0,0,0,2024,0,0,0,0,0,0,0,0,0,0,0,0,0,0,0,0,0,0,0,736343108003628378,736343108003628378,736343108003628378,5789662085906728015,5789662085906728015,5789662085906728015,0,0,0,0,0,0,0,0,0,0,0
15,50,6890,8,10,0.643849,10701.27,0.378241,18215.91,0.201977,34112.87,0.178483,38603.18,0.358300,19229.71,0.292270,23574.12,0.479674,14363.91,0.642785,0.046914,0.067597,0.292270,1.049565,0.094206,22,671830,775350,4495400,3753,0,0,0,3546,0,0,0,0,0,0,0,0,0,0,0,0,0,0,0,0,0,0,0,13196020107949917525,13196020107949917525,13196020107949917525,15559391994460876580,15559391994460876580,15559391994460876580,0,0,0,0,0,0,0,0,0,0,0
16,50,6469,8,10,0.547513,11815.25,0.232916,27774.01,0.124563,51933.66,0.120227,53806.40,0.232782,27789.94,0.212089,30501.33,0.331368,19522.08,0.556704,0.037292,0.053660,0.212089,0.859745,0.083521,38,688004,717264,4601332,2399,0,0,0,4075,0,0,0,0,0,0,0,0,0,0,0,0,0,0,0,0,0,0,0,9145807658659920675,9145807658659920675,9145807658659920675,18192014677742125377,18192014677742125377,18192014677742125377,0,0,0,0,0,0,0,0,0,0,0
17,50,6947,8,10,0.574572,12090.74,0.239951,28951.72,0.162468,42759.08,0.154644,44922.42,0.237301,29275.11,0.216086,32149.19,0.342758,20267.97,0.574033,0.050842,0.056708,0.216086,0.897669,0.097087,40,741357,781312,5077932,3297,0,0,0,6504,0,0,0,0,0,0,0,0,0,0,0,0,0,0,0,0,0,0,0,2464914548264432539,2464914548264432539,2464914548264432539,7059222958593230890,7059222958593230890,7059222958593230890,0,0,0,0,0,0,0,0,0,0,0
18,50,7262,8,10,0.526515,13792.57,0.193544,37521.20,0.138864,52295.87,0.128743,56406.87,0.183744,39522.39,0.180022,40339.55,0.299252,24267.16,0.530568,0.046743,0.048566,0.180022,0.805898,0.106065,48,718847,827982,4956824,3706,0,0,0,5705,0,0,0,0,0,0,0,0,0,0,0,0,0,0,0,0,0,0,0,4783166575803095271,4783166575803095271,4783166575803095271,6428398631252207158,6428398631252207158,6428398631252207158,0,0,0,0,0,0,0,0,0,0,0
19,50,6822,8,10,0.637548,10700.37,0.294834,23138.47,0.164092,41574.15,0.130711,52191.46,0.269688,25295.89,0.236659,28826.30,0.385827,17681.51,0.631504,0.046479,0.061778,0.236659,0.976420,0.095244,37,736683,774203,4842424,2719,0,0,0,3664,0,0,0,0,0,0,0,0,0,0,0,0,0,0,0,0,0,0,0,13882129284936486517,13882129284936486517,13882129284936486517,5162459771806369407,5162459771806369407,5162459771806369407,0,0,0,0,0,0,0,0,0,0,0
20,50,6743,8,10,0.718728,9381.85,0.368659,18290.60,0.249129,27066.35,0.221597,30429.09,0.349807,19276.32,0.302640,22280.62,0.488977,13790.01,0.717113,0.053894,0.077648,0.302640,1.151295,0.095119,25,703489,792569,4788988,3750,0,0,0,3558,0,0,0,0,0,0,0,0,0,0,0,0,0,0,0,0,0,0,0,828737572598088546,828737572598088546,828737572598088546,2124557547332892852,2124557547332892852,2124557547332892852,0,0,0,0,0,0,0,0,0,0,0
21,50,7482,8,10,0.605649,12353.69,0.307068,24365.97,0.148439,50404.38,0.125831,59460.82,0.297073,25185.71,0.264187,28320.86,0.409072,18290.16,0.603206,0.050958,0.061685,0.264187,0.980037,0.103243,34,730507,813162,4883816,3824,0,0,0,4843,0,0,0,0,0,0,0,0,0,0,0,0,0,0,0,0,0,0,0,18417331833198886521,18417331833198886521,18417331833198886521,2258530232070754042,2258530232070754042,2258530232070754042,0,0,0,0,0,0,0,0,0,0,0
22,50,7153,8,10,0.621348,11512.07,0.310278,23053.55,0.163550,43735.89,0.142420,50224.78,0.295521,24204.69,0.244778,29222.40,0.409620,17462.52,0.621415,0.050521,0.075751,0.244778,0.992464,0.102038,25,740694,789959,4833700,3329,0,0,0,4653,0,0,0,0,0,0,0,0,0,0,0,0,0,0,0,0,0,0,0,857620880926710669,857620880926710669,857620880926710669,17634199853617755976,17634199853617755976,17634199853617755976,0,0,0,0,0,0,0,0,0,0,0
23,50,7259,8,10,0.649334,11179.14,0.302684,23982.08,0.159977,45375.39,0.134735,53876.03,0.298823,24292.01,0.248359,29227.86,0.439316,16523.41,0.653322,0.046784,0.076231,0.248359,1.024696,0.108254,28,746728,899878,4868076,5589,0,0,0,6725,0,0,0,0,0,0,0,0,0,0,0,0,0,0,0,0,0,0,0,10028776211005227186,10028776211005227186,10028776211005227186,17457300388814796034,17457300388814796034,17457300388814796034,0,0,0,0,0,0,0,0,0,0,0
24,50,6930,8,10,0.614902,11270.10,0.284121,24391.00,0.143746,48209.93,0.129713,53425.76,0.272789,25404.27,0.239005,28995.20,0.398728,17380.26,0.613660,0.052938,0.059515,0.239005,0.965118,0.093623,36,729684,789354,4829128,3227,0,0,0,4872,0,0,0,0,0,0,0,0,0,0,0,0,0,0,0,0,0,0,0,15710081914970240660,15710081914970240660,15710081914970240660,18090641048012161916,18090641048012161916,18090641048012161916,0,0,0,0,0,0,0,0,0,0,0
25,50,6250,8,10,0.550040,11362.81,0.260922,23953.51,0.135747,46041.55,0.117365,53252.54,0.249645,25035.55,0.198807,31437.54,0.351896,17760.95,0.561173,0.034805,0.066306,0.198807,0.861091,0.074934,22,698513,730323,4287528,2495,0,0,0,3979,0,0,0,0,0,0,0,0,0,0,0,0,0,0,0,0,0,0,0,7441106524489294774,7441106524489294774,7441106524489294774,15775249862605371691,15775249862605371691,15775249862605371691,0,0,0,0,0,0,0,0,0,0,0
26,50,7357,8,10,0.650165,11315.59,0.285384,25779.27,0.161007,45693.62,0.148433,49564.40,0.281777,26109.29,0.259695,28329.38,0.399897,18397.22,0.649227,0.051665,0.063398,0.259695,1.023985,0.122503,34,751617,851542,4987956,4374,0,0,0,4826,0,0,0,0,0,0,0,0,0,0,0,0,0,0,0,0,0,0,0,4347151485581529837,4347151485581529837,4347151485581529837,13135050883907154102,13135050883907154102,13135050883907154102,0,0,0,0,0,0,0,0,0,0,0
27,50,7093,8,10,0.571501,12411.17,0.262487,27022.31,0.153900,46088.38,0.144740,49005.24,0.247153,28698.82,0.228827,30997.21,0.377157,18806.51,0.571022,0.048388,0.057851,0.228827,0.906089,0.096681,35,709117,766797,4719508,3521,0,0,0,5472,0,0,0,0,0,0,0,0,0,0,0,0,0,0,0,0,0,0,0,15350501202596820440,15350501202596820440,15350501202596820440,859214898114169496,859214898114169496,859214898114169496,0,0,0,0,0,0,0,0,0,0,0
28,50,6667,8,10,0.612010,10893.61,0.322323,20684.25,0.189152,35246.87,0.176784,37712.67,0.308909,21582.40,0.256720,25969.89,0.432685,15408.45,0.617942,0.046221,0.062947,0.256720,0.983829,0.087967,34,739207,789502,4758572,3993,0,0,0,7389,0,0,0,0,0,0,0,0,0,0,0,0,0,0,0,0,0,0,0,16016002561972553818,16016002561972553818,16016002561972553818,9447393294556241837,9447393294556241837,9447393294556241837,0,0,0,0,0,0,0,0,0,0,0
29,50,7443,8,10,0.595081,12507.54,0.252994,29419.65,0.164792,45165.91,0.145373,51199.32,0.243736,30537.19,0.222796,33407.27,0.377307,19726.63,0.589319,0.049354,0.056027,0.222796,0.917496,0.104479,40,723319,849284,5023916,4425,0,0,0,6766,0,0,0,0,0,0,0,0,0,0,0,0,0,0,0,0,0,0,0,1394039270996096851,1394039270996096851,1394039270996096851,16529461967688972744,16529461967688972744,16529461967688972744,0,0,0,0,0,0,0,0,0,0,0
30,50,6455,8,10,0.525097,12292.98,0.229840,28084.71,0.165021,39116.29,0.159073,40578.94,0.215528,29949.65,0.207200,31153.54,0.325828,19811.04,0.529693,0.043001,0.058876,0.207200,0.838769,0.085082,39,683384,721539,4859324,3036,0,0,0,7124,0,0,0,0,0,0,0,0,0,0,0,0,0,0,0,0,0,0,0,11149513575575303758,11149513575575303758,11149513575575303758,1119575425073878488,1119575425073878488,1119575425073878488,0,0,0,0,0,0,0,0,0,0,0
31,50,6933,8,10,0.536941,12912.04,0.227029,30537.94,0.155829,44491.05,0.146410,47353.44,0.221839,31252.38,0.209324,33120.85,0.339266,20435.28,0.533560,0.050165,0.056064,0.209324,0.849114,0.091705,39,702889,787539,4868468,3210,0,0,0,5935,0,0,0,0,0,0,0,0,0,0,0,0,0,0,0,0,0,0,0,18215607934946524879,18215607934946524879,18215607934946524879,13216462808563372784,13216462808563372784,13216462808563372784,0,0,0,0,0,0,0,0,0,0,0
32,50,7507,8,10,0.580329,12935.77,0.281173,26698.87,0.181294,41407.87,0.162948,46069.79,0.264726,28357.58,0.227875,32943.46,0.400226,18756.91,0.580578,0.050843,0.076173,0.227875,0.935470,0.114448,31,767960,975020,5184588,5682,0,0,0,8723,0,0,0,0,0,0,0,0,0,0,0,0,0,0,0,0,0,0,0,1784992436442887904,1784992436442887904,1784992436442887904,7335055782801862998,7335055782801862998,7335055782801862998,0,0,0,0,0,0,0,0,0,0,0
33,50,6807,8,10,0.622982,10926.49,0.303846,22402.80,0.195830,34759.82,0.171584,39671.63,0.276686,24601.89,0.247110,27546.40,0.424162,16048.10,0.618475,0.047575,0.057675,0.247110,0.970836,0.088916,34,690150,741650,4696348,3811,0,0,0,6838,0,0,0,0,0,0,0,0,0,0,0,0,0,0,0,0,0,0,0,5595234357881498110,5595234357881498110,5595234357881498110,11625316528691080533,11625316528691080533,11625316528691080533,0,0,0,0,0,0,0,0,0,0,0
34,50,7145,8,10,0.524862,13613.10,0.260192,27460.45,0.192057,37202.51,0.174629,40915.22,0.245638,29087.51,0.226219,31584.43,0.350911,20361.27,0.524167,0.045212,0.055366,0.226219,0.850963,0.094024,38,696876,747046,4847684,3976,0,0,0,8073,0,0,0,0,0,0,0,0,0,0,0,0,0,0,0,0,0,0,0,14130784277592612638,14130784277592612638,14130784277592612638,9550597036988877839,9550597036988877839,9550597036988877839,0,0,0,0,0,0,0,0,0,0,0
35,50,7237,8,10,0.483286,14974.58,0.208085,34779.03,0.169015,42818.78,0.160194,45176.41,0.203601,35544.98,0.190281,38033.26,0.321009,22544.52,0.482478,0.047358,0.058444,0.190281,0.778561,0.102942,37,696936,809236,4978484,4805,0,0,0,8473,0,0,0,0,0,0,0,0,0,0,0,0,0,0,0,0,0,0,0,9183962891934282911,9183962891934282911,9183962891934282911,18138243232375817658,18138243232375817658,18138243232375817658,0,0,0,0,0,0,0,0,0,0,0
36,50,7170,8,10,0.517753,13848.31,0.231472,30975.71,0.183898,38988.90,0.175125,40942.13,0.228323,31402.83,0.212002,33820.48,0.363933,19701.42,0.520489,0.045152,0.058818,0.212002,0.836460,0.096483,39,719718,995823,5021032,5770,0,0,0,9774,0,0,0,0,0,0,0,0,0,0,0,0,0,0,0,0,0,0,0,3239258230783891882,3239258230783891882,3239258230783891882,17606626662346915435,17606626662346915435,17606626662346915435,0,0,0,0,0,0,0,0,0,0,0
37,50,7021,8,10,0.576728,12173.86,0.259159,27091.50,0.178424,39350.05,0.164755,42614.74,0.252819,27770.83,0.219831,31938.17,0.391850,17917.59,0.575702,0.048598,0.059149,0.219831,0.903280,0.094321,37,747795,833560,5036884,4302,0,0,0,7976,0,0,0,0,0,0,0,0,0,0,0,0,0,0,0,0,0,0,0,12048999347404480102,12048999347404480102,12048999347404480102,10205314291567826874,10205314291567826874,10205314291567826874,0,0,0,0,0,0,0,0,0,0,0
38,50,7455,8,10,0.601141,12401.42,0.265206,28110.19,0.202444,36825.09,0.184652,40373.16,0.259264,28754.48,0.229021,32551.63,0.395106,18868.34,0.596150,0.050157,0.061615,0.229021,0.936944,0.107379,35,742187,854512,5190780,5141,0,0,0,9291,0,0,0,0,0,0,0,0,0,0,0,0,0,0,0,0,0,0,0,888525892561515497,888525892561515497,888525892561515497,5713717016319216067,5713717016319216067,5713717016319216067,0,0,0,0,0,0,0,0,0,0,0
39,50,7415,8,10,0.600825,12341.36,0.271366,27324.76,0.197860,37475.98,0.181591,40833.51,0.262222,28277.60,0.238798,31051.30,0.393206,18857.78,0.597927,0.051668,0.058437,0.238798,0.946830,0.104623,38,744113,798318,5111100,3972,0,0,0,7349,0,0,0,0,0,0,0,0,0,0,0,0,0,0,0,0,0,0,0,15036352478018173377,15036352478018173377,15036352478018173377,8185429331774854272,8185429331774854272,8185429331774854272,0,0,0,0,0,0,0,0,0,0,0
40,50,7371,8,10,0.545953,13501.17,0.224545,32826.35,0.187595,39292.01,0.183629,40140.76,0.222325,33154.10,0.210921,34946.72,0.348760,21134.88,0.547018,0.050069,0.058201,0.210921,0.866209,0.103947,38,739953,797898,5076300,3977,0,0,0,8745,0,0,0,0,0,0,0,0,0,0,0,0,0,0,0,0,0,0,0,3896569590284455904,3896569590284455904,3896569590284455904,11595725872843201634,11595725872843201634,11595725872843201634,0,0,0,0,0,0,0,0,0,0,0
41,50,7503,8,10,0.584215,12842.87,0.256712,29227.25,0.185982,40342.52,0.175458,42762.37,0.249644,30054.80,0.218930,34271.28,0.380333,19727.46,0.583733,0.048190,0.058621,0.218930,0.909473,0.118605,40,752056,839306,5057212,4602,0,0,0,8641,0,0,0,0,0,0,0,0,0,0,0,0,0,0,0,0,0,0,0,8709587050817565761,8709587050817565761,8709587050817565761,10531489771485332619,10531489771485332619,10531489771485332619,0,0,0,0,0,0,0,0,0,0,0
42,50,7451,8,10,0.493607,15095.02,0.204882,36367.22,0.159012,46858.12,0.152621,48820.22,0.203716,36575.48,0.191207,38968.31,0.324680,22948.78,0.493649,0.049670,0.055991,0.191207,0.790517,0.104222,39,725080,801770,4872012,4232,0,0,0,8056,0,0,0,0,0,0,0,0,0,0,0,0,0,0,0,0,0,0,0,15708748013996085405,15708748013996085405,15708748013996085405,1991783913945934558,1991783913945934558,1991783913945934558,0,0,0,0,0,0,0,0,0,0,0
43,50,7567,8,10,0.514057,14720.15,0.217581,34777.91,0.176688,42826.87,0.168470,44915.94,0.215274,35150.59,0.197954,38226.12,0.329511,22964.34,0.514000,0.050587,0.065772,0.197954,0.828312,0.110843,38,732664,802904,4985436,4476,0,0,0,8528,0,0,0,0,0,0,0,0,0,0,0,0,0,0,0,0,0,0,0,8260754511995336853,8260754511995336853,8260754511995336853,9573217237081430634,9573217237081430634,9573217237081430634,0,0,0,0,0,0,0,0,0,0,0
44,50,8064,8,10,0.561694,14356.58,0.212150,38010.77,0.176671,45644.14,0.169453,47588.45,0.204263,39478.47,0.196952,40943.93,0.329167,24498.24,0.559836,0.054232,0.061337,0.196952,0.872357,0.127919,41,781319,891599,5342176,4645,0,0,0,7543,0,0,0,0,0,0,0,0,0,0,0,0,0,0,0,0,0,0,0,9689537559981674811,9689537559981674811,9689537559981674811,15343610397344716640,15343610397344716640,15343610397344716640,0,0,0,0,0,0,0,0,0,0,0
45,50,8103,8,10,0.591174,13706.63,0.274154,29556.42,0.202744,39966.63,0.172414,46997.29,0.260652,31087.42,0.224172,36146.33,0.413844,19579.85,0.591712,0.050818,0.071280,0.224172,0.937982,0.120533,31,781486,907826,5470012,6561,0,0,0,10331,0,0,0,0,0,0,0,0,0,0,0,0,0,0,0,0,0,0,0,8448150331437661836,8448150331437661836,8448150331437661836,5325971413933264560,5325971413933264560,5325971413933264560,0,0,0,0,0,0,0,0,0,0,0
46,50,8088,8,10,0.517043,15642.80,0.234792,34447.56,0.196693,41119.84,0.189011,42791.16,0.231864,34882.50,0.218827,36960.79,0.386535,20924.37,0.512508,0.054217,0.061010,0.218827,0.846561,0.118330,39,773235,1153870,5310816,7800,0,0,0,12126,0,0,0,0,0,0,0,0,0,0,0,0,0,0,0,0,0,0,0,3882309167434883081,3882309167434883081,3882309167434883081,10171304213084477497,10171304213084477497,10171304213084477497,0,0,0,0,0,0,0,0,0,0,0
47,50,7522,8,10,0.523653,14364.48,0.239130,31455.75,0.188379,39930.24,0.170220,44189.78,0.225134,33411.24,0.205984,36517.39,0.351816,21380.48,0.521519,0.050223,0.060005,0.205984,0.837731,0.114420,35,744018,882493,4956584,4353,0,0,0,8206,0,0,0,0,0,0,0,0,0,0,0,0,0,0,0,0,0,0,0,13617127416502992873,13617127416502992873,13617127416502992873,10387723508601798299,10387723508601798299,10387723508601798299,0,0,0,0,0,0,0,0,0,0,0
48,50,7599,8,10,0.557240,13636.86,0.243184,31247.93,0.186259,40797.92,0.178024,42685.36,0.239462,31733.70,0.215646,35238.38,0.356378,21322.86,0.560054,0.047164,0.059540,0.215646,0.882403,0.110188,37,752385,821210,5160796,4451,0,0,0,8808,0,0,0,0,0,0,0,0,0,0,0,0,0,0,0,0,0,0,0,3535165827893071192,3535165827893071192,3535165827893071192,9087856039182631070,9087856039182631070,9087856039182631070,0,0,0,0,0,0,0,0,0,0,0
49,50,7794,8,10,0.520184,14983.17,0.213672,36476.42,0.180282,43232.18,0.171593,45421.31,0.211447,36860.27,0.199560,39055.88,0.328671,23713.65,0.518496,0.051005,0.055476,0.199560,0.824537,0.115931,43,759400,861130,5230280,4710,0,0,0,8736,0,0,0,0,0,0,0,0,0,0,0,0,0,0,0,0,0,0,0,1995249818929966191,1995249818929966191,1995249818929966191,6059236426946029916,6059236426946029916,6059236426946029916,0,0,0,0,0,0,0,0,0,0,0
50,50,7869,8,10,0.602633,13057.70,0.252201,31201.30,0.213559,36846.91,0.192847,40804.42,0.249121,31587.08,0.229753,34249.89,0.388074,20277.06,0.602761,0.052610,0.076760,0.229753,0.961883,0.121062,38,794912,915962,5414228,5090,0,0,0,9293,0,0,0,0,0,0,0,0,0,0,0,0,0,0,0,0,0,0,0,896088254663553203,896088254663553203,896088254663553203,12464705094966056410,12464705094966056410,12464705094966056410,0,0,0,0,0,0,0,0,0,0,0
51,50,7706,8,10,0.573649,13433.30,0.218215,35313.85,0.185381,41568.40,0.176152,43746.27,0.216213,35640.79,0.203915,37790.34,0.332898,23148.21,0.577697,0.048212,0.070118,0.203915,0.899942,0.117282,40,783749,835309,5347624,3919,0,0,0,7766,0,0,0,0,0,0,0,0,0,0,0,0,0,0,0,0,0,0,0,8832273563611688703,8832273563611688703,8832273563611688703,11953519464588717073,11953519464588717073,11953519464588717073,0,0,0,0,0,0,0,0,0,0,0
52,50,7640,8,10,0.590934,12928.69,0.280612,27226.25,0.211225,36169.97,0.197274,38727.79,0.266762,28639.71,0.247719,30841.37,0.392452,19467.33,0.593033,0.054998,0.058591,0.247719,0.954342,0.109982,40,776535,842355,5295360,4797,0,0,0,9157,0,0,0,0,0,0,0,0,0,0,0,0,0,0,0,0,0,0,0,17705421214326435418,17705421214326435418,17705421214326435418,10241789484104443563,10241789484104443563,10241789484104443563,0,0,0,0,0,0,0,0,0,0,0
53,50,7364,8,10,0.528837,13924.90,0.224478,32805.01,0.186167,39555.78,0.170396,43216.87,0.217463,33863.23,0.204911,35937.64,0.341081,21590.17,0.527989,0.049636,0.077361,0.204911,0.859897,0.102256,41,716943,770613,4882512,3663,0,0,0,7928,0,0,0,0,0,0,0,0,0,0,0,0,0,0,0,0,0,0,0,7372541856690097142,7372541856690097142,7372541856690097142,8086625442645464979,8086625442645464979,8086625442645464979,0,0,0,0,0,0,0,0,0,0,0
54,50,7620,8,10,0.570653,13353.13,0.227958,33427.19,0.175257,43478.89,0.168578,45201.73,0.224765,33902.07,0.218908,34809.19,0.340913,22351.72,0.570325,0.050961,0.080180,0.218908,0.920373,0.109986,41,755516,803351,5389552,3765,0,0,0,7592,0,0,0,0,0,0,0,0,0,0,0,0,0,0,0,0,0,0,0,12029111998540011308,12029111998540011308,12029111998540011308,10930851757178246108,10930851757178246108,10930851757178246108,0,0,0,0,0,0,0,0,0,0,0
55,50,8287,8,10,0.499357,16595.33,0.193483,42830.60,0.164817,50279.93,0.161296,51377.70,0.195546,42378.86,0.193107,42913.93,0.311926,26567.17,0.497767,0.057584,0.056556,0.193107,0.805014,0.126645,47,765642,856837,5371132,4961,0,0,0,8901,0,0,0,0,0,0,0,0,0,0,0,0,0,0,0,0,0,0,0,7788572423336770485,7788572423336770485,7788572423336770485,16129425673861447021,16129425673861447021,16129425673861447021,0,0,0,0,0,0,0,0,0,0,0
56,50,8829,8,10,0.544770,16206.83,0.227616,38788.96,0.163846,53886.03,0.154067,57306.26,0.215895,40894.95,0.207018,42648.37,0.377022,23417.73,0.545434,0.051710,0.063489,0.207018,0.867652,0.150070,41,813588,1265133,5627988,7458,0,0,0,10184,0,0,0,0,0,0,0,0,0,0,0,0,0,0,0,0,0,0,0,1025521272236237741,1025521272236237741,1025521272236237741,16759772749366172332,16759772749366172332,16759772749366172332,0,0,0,0,0,0,0,0,0,0,0
57,50,8304,8,10,0.526102,15784.00,0.226468,36667.36,0.181739,45691.98,0.172266,48204.45,0.220366,37682.81,0.205995,40311.64,0.359500,23098.77,0.525239,0.054402,0.073713,0.205995,0.859348,0.134257,42,786869,1060099,5425344,5740,0,0,0,9664,0,0,0,0,0,0,0,0,0,0,0,0,0,0,0,0,0,0,0,10272682859903411209,10272682859903411209,10272682859903411209,17531834396301890587,17531834396301890587,17531834396301890587,0,0,0,0,0,0,0,0,0,0,0
58,50,7989,8,10,0.512221,15596.79,0.218361,36586.17,0.179476,44513.03,0.175203,45598.43,0.217547,36723.03,0.203118,39331.84,0.328060,24352.26,0.512428,0.053181,0.066728,0.203118,0.835455,0.122486,40,777446,839596,5283828,4480,0,0,0,8577,0,0,0,0,0,0,0,0,0,0,0,0,0,0,0,0,0,0,0,852939094848253010,852939094848253010,852939094848253010,17469412049976701061,17469412049976701061,17469412049976701061,0,0,0,0,0,0,0,0,0,0,0
59,50,7761,8,10,0.523540,14824.08,0.199104,38979.66,0.169953,45665.63,0.161997,47908.36,0.196290,39538.47,0.190312,40780.31,0.314779,24655.40,0.531528,0.045789,0.055363,0.190312,0.822993,0.114897,43,762496,818416,5222052,3637,0,0,0,7473,0,0,0,0,0,0,0,0,0,0,0,0,0,0,0,0,0,0,0,1417984055655757173,1417984055655757173,1417984055655757173,902936028533096305,902936028533096305,902936028533096305,0,0,0,0,0,0,0,0,0,0,0
60,50,7727,8,10,0.498866,15489.14,0.195152,39594.82,0.164921,46852.75,0.160730,48074.48,0.197083,39206.85,0.193554,39921.74,0.307437,25133.60,0.499461,0.051651,0.049859,0.193554,0.794524,0.117169,45,755853,812693,5126460,4084,0,0,0,8078,0,0,0,0,0,0,0,0,0,0,0,0,0,0,0,0,0,0,0,12151968821681209974,12151968821681209974,12151968821681209974,9734527803268125570,9734527803268125570,9734527803268125570,0,0,0,0,0,0,0,0,0,0,0
61,50,8293,8,10,0.536046,15470.68,0.215449,38491.70,0.163229,50805.92,0.146477,56616.24,0.214667,38631.97,0.206479,40163.81,0.337997,24535.74,0.538644,0.053623,0.060797,0.206479,0.859543,0.128938,43,787978,855208,5263060,4142,0,0,0,7139,0,0,0,0,0,0,0,0,0,0,0,0,0,0,0,0,0,0,0,7476822500200198332,7476822500200198332,7476822500200198332,13166678695085049063,13166678695085049063,13166678695085049063,0,0,0,0,0,0,0,0,0,0,0
62,50,9406,8,10,0.453107,20758.89,0.231695,40596.54,0.212367,44291.35,0.189422,49656.41,0.240711,39075.86,0.201517,46675.90,0.464037,20269.96,0.455278,0.057312,0.082152,0.201517,0.796259,0.163164,28,916971,1888616,5982104,18033,0,0,0,26421,0,0,0,0,0,0,0,0,0,0,0,0,0,0,0,0,0,0,0,15548451333020419176,15548451333020419176,15548451333020419176,15055700046022814479,15055700046022814479,15055700046022814479,0,0,0,0,0,0,0,0,0,0,0
63,50,7894,8,10,0.437866,18028.35,0.155256,50844.99,0.103925,75958.43,0.092596,85252.48,0.148933,53003.72,0.143969,54831.32,0.236820,33333.28,0.440385,0.046303,0.045609,0.143969,0.676265,0.112931,48,690337,733897,4986232,2322,0,0,0,2855,0,0,0,0,0,0,0,0,0,0,0,0,0,0,0,0,0,0,0,12331646104917550432,12331646104917550432,12331646104917550432,2858208943077199520,2858208943077199520,2858208943077199520,0,0,0,0,0,0,0,0,0,0,0
64,50,8338,8,10,0.455162,18318.75,0.162474,51319.05,0.131876,63225.95,0.123140,67711.78,0.152526,54666.21,0.151468,55047.85,0.276047,30204.99,0.455449,0.052778,0.047868,0.151468,0.707563,0.128470,49,759926,928946,5315816,4675,0,0,0,6457,0,0,0,0,0,0,0,0,0,0,0,0,0,0,0,0,0,0,0,4940284586706449779,4940284586706449779,4940284586706449779,191960331850204096,191960331850204096,191960331850204096,0,0,0,0,0,0,0,0,0,0,0
65,50,7335,8,10,0.498780,14705.88,0.186239,39384.96,0.125532,58431.42,0.122314,59968.41,0.180027,40743.85,0.170874,42926.35,0.286258,25623.78,0.501881,0.047384,0.051293,0.170874,0.771432,0.106354,44,716520,770995,4995036,2806,0,0,0,4402,0,0,0,0,0,0,0,0,0,0,0,0,0,0,0,0,0,0,0,17393521666043495264,17393521666043495264,17393521666043495264,7254881795328499598,7254881795328499598,7254881795328499598,0,0,0,0,0,0,0,0,0,0,0
66,50,7358,8,10,0.531872,13834.15,0.200057,36779.55,0.154739,47550.96,0.142613,51594.35,0.194422,37845.48,0.187964,39145.89,0.315536,23319.08,0.532012,0.049138,0.051762,0.187964,0.820876,0.107788,45,721027,773712,5019224,3440,0,0,0,5591,0,0,0,0,0,0,0,0,0,0,0,0,0,0,0,0,0,0,0,14207522320838227345,14207522320838227345,14207522320838227345,10853147298402476828,10853147298402476828,10853147298402476828,0,0,0,0,0,0,0,0,0,0,0
67,50,7450,8,10,0.501745,14848.19,0.218015,34172.02,0.170925,43586.49,0.152432,48874.12,0.210322,35421.87,0.199086,37420.96,0.320626,23235.83,0.503520,0.049790,0.058460,0.199086,0.810856,0.108937,40,736306,782851,5024840,3609,0,0,0,7348,0,0,0,0,0,0,0,0,0,0,0,0,0,0,0,0,0,0,0,3528827686216650995,3528827686216650995,3528827686216650995,2146243809465745605,2146243809465745605,2146243809465745605,0,0,0,0,0,0,0,0,0,0,0
68,50,9487,8,10,0.493881,19209.07,0.217438,43630.73,0.184143,51519.73,0.162738,58296.04,0.211723,44808.56,0.188523,50322.79,0.419629,22608.06,0.494007,0.056897,0.072176,0.188523,0.811603,0.157010,35,839308,1985073,5887228,12732,0,0,0,15603,0,0,0,0,0,0,0,0,0,0,0,0,0,0,0,0,0,0,0,10302183849803564818,10302183849803564818,10302183849803564818,11730309865736586101,11730309865736586101,11730309865736586101,0,0,0,0,0,0,0,0,0,0,0
69,50,7736,8,10,0.498526,15517.75,0.197899,39090.74,0.173805,44509.71,0.163618,47280.90,0.194885,39695.18,0.185402,41725.59,0.310849,24886.71,0.500376,0.049378,0.056216,0.185402,0.791371,0.114362,39,740530,804240,5128256,4320,0,0,0,8114,0,0,0,0,0,0,0,0,0,0,0,0,0,0,0,0,0,0,0,14709315363321352463,14709315363321352463,14709315363321352463,9105268381631927640,9105268381631927640,9105268381631927640,0,0,0,0,0,0,0,0,0,0,0
70,50,7029,8,10,0.523347,13430.85,0.223723,31418.32,0.162463,43265.29,0.157849,44529.90,0.224594,31296.47,0.205189,34256.27,0.336365,20896.95,0.527807,0.045296,0.054633,0.205189,0.832924,0.093569,39,705596,750041,4887924,3569,0,0,0,7220,0,0,0,0,0,0,0,0,0,0,0,0,0,0,0,0,0,0,0,15732122378293516604,15732122378293516604,15732122378293516604,3209023832882280711,3209023832882280711,3209023832882280711,0,0,0,0,0,0,0,0,0,0,0
71,50,7700,8,10,0.544136,14150.86,0.217414,35416.34,0.165355,46566.37,0.159508,48273.58,0.206482,37291.46,0.203580,37822.88,0.349683,22019.91,0.545504,0.051699,0.064876,0.203580,0.865660,0.114321,44,745786,858991,5218160,4698,0,0,0,7948,0,0,0,0,0,0,0,0,0,0,0,0,0,0,0,0,0,0,0,7178437439619610490,7178437439619610490,7178437439619610490,2789130815171665702,2789130815171665702,2789130815171665702,0,0,0,0,0,0,0,0,0,0,0
72,50,6916,8,10,0.532485,12988.17,0.214790,32198.97,0.160249,43157.78,0.151356,45693.62,0.201404,34338.86,0.197853,34955.17,0.324447,21316.24,0.537180,0.047528,0.050238,0.197853,0.832799,0.092275,44,723528,762068,4790864,3150,0,0,0,6587,0,0,0,0,0,0,0,0,0,0,0,0,0,0,0,0,0,0,0,2618407529557832292,2618407529557832292,2618407529557832292,6348284532479215977,6348284532479215977,6348284532479215977,0,0,0,0,0,0,0,0,0,0,0
73,50,7314,8,10,0.463974,15763.80,0.197470,37038.62,0.157462,46449.43,0.145776,50173.03,0.190989,38295.44,0.172342,42438.79,0.315953,23149.03,0.466221,0.051067,0.063597,0.172342,0.753227,0.104664,34,750224,902649,4858088,4956,0,0,0,8374,0,0,0,0,0,0,0,0,0,0,0,0,0,0,0,0,0,0,0,7887637152196846653,7887637152196846653,7887637152196846653,16281537235441333129,16281537235441333129,16281537235441333129,0,0,0,0,0,0,0,0,0,0,0
74,50,7344,8,10,0.469386,15645.98,0.191722,38305.42,0.146631,50085.00,0.141544,51884.89,0.188899,38877.83,0.175807,41773.01,0.317575,23125.28,0.467190,0.050048,0.054562,0.175807,0.747607,0.111242,39,729102,871352,4900128,5146,0,0,0,8600,0,0,0,0,0,0,0,0,0,0,0,0,0,0,0,0,0,0,0,14192957717779386274,14192957717779386274,14192957717779386274,1957880714193798239,1957880714193798239,1957880714193798239,0,0,0,0,0,0,0,0,0,0,0
75,50,7219,8,10,0.503627,14334.02,0.222036,32512.81,0.151532,47639.98,0.142476,50668.31,0.211006,34212.24,0.202181,35705.60,0.319854,22569.69,0.502664,0.048464,0.050262,0.202181,0.803572,0.096540,41,697366,742161,4811244,3264,0,0,0,6099,0,0,0,0,0,0,0,0,0,0,0,0,0,0,0,0,0,0,0,275918886250937602,275918886250937602,275918886250937602,7384396839393600585,7384396839393600585,7384396839393600585,0,0,0,0,0,0,0,0,0,0,0
76,50,6966,8,10,0.512503,13592.12,0.206234,33777.21,0.155345,44842.04,0.150612,46251.45,0.199825,34860.57,0.193408,36017.12,0.321439,21671.29,0.510303,0.048232,0.052695,0.193408,0.804638,0.092149,40,701229,743154,4705944,3341,0,0,0,6564,0,0,0,0,0,0,0,0,0,0,0,0,0,0,0,0,0,0,0,1301556901072472778,1301556901072472778,1301556901072472778,17066270842848343053,17066270842848343053,17066270842848343053,0,0,0,0,0,0,0,0,0,0,0
77,50,7800,8,10,0.526639,14810.91,0.212276,36744.61,0.160532,48588.48,0.153016,50974.97,0.193252,40361.83,0.189289,41206.74,0.321916,24229.93,0.523579,0.057412,0.056095,0.189289,0.826375,0.117076,43,787163,865703,5132576,4405,0,0,0,7757,0,0,0,0,0,0,0,0,0,0,0,0,0,0,0,0,0,0,0,1625021875394311691,1625021875394311691,1625021875394311691,14649629240764930440,14649629240764930440,14649629240764930440,0,0,0,0,0,0,0,0,0,0,0
78,50,7762,8,10,0.566785,13694.78,0.269568,28794.23,0.173430,44755.76,0.165724,46836.90,0.261291,29706.36,0.233912,33183.46,0.382960,20268.43,0.562618,0.052338,0.059343,0.233912,0.908210,0.115150,37,761245,829520,5139304,4403,0,0,0,7966,0,0,0,0,0,0,0,0,0,0,0,0,0,0,0,0,0,0,0,253423020846415830,253423020846415830,253423020846415830,6966890019902996586,6966890019902996586,6966890019902996586,0,0,0,0,0,0,0,0,0,0,0
79,50,8042,8,10,0.532831,15092.96,0.203256,39565.88,0.156075,51526.49,0.141244,56937.11,0.196846,40854.34,0.190350,42248.52,0.332168,24210.63,0.533495,0.052439,0.056544,0.190350,0.832828,0.119967,45,781657,899727,5235880,4678,0,0,0,7711,0,0,0,0,0,0,0,0,0,0,0,0,0,0,0,0,0,0,0,12882594135421142601,12882594135421142601,12882594135421142601,3603783392337850596,3603783392337850596,3603783392337850596,0,0,0,0,0,0,0,0,0,0,0
80,50,8118,8,10,0.519957,15612.83,0.220275,36853.89,0.191284,42439.58,0.181328,44769.69,0.214293,37882.69,0.199824,40625.75,0.358493,22644.78,0.519273,0.053495,0.073138,0.199824,0.845731,0.124875,37,787549,951509,5480408,6213,0,0,0,9854,0,0,0,0,0,0,0,0,0,0,0,0,0,0,0,0,0,0,0,11629739029750073793,11629739029750073793,11629739029750073793,1749168154752235473,1749168154752235473,1749168154752235473,0,0,0,0,0,0,0,0,0,0,0
81,50,7946,8,10,0.521276,15243.37,0.218526,36361.76,0.173236,45868.15,0.168441,47173.92,0.209824,37869.80,0.199126,39904.36,0.337807,23522.29,0.523465,0.047878,0.058740,0.199126,0.829209,0.111305,40,739332,811637,5160520,4203,0,0,0,7969,0,0,0,0,0,0,0,0,0,0,0,0,0,0,0,0,0,0,0,2720254832137356014,2720254832137356014,2720254832137356014,6712533113730755405,6712533113730755405,6712533113730755405,0,0,0,0,0,0,0,0,0,0,0
82,50,8015,8,10,0.567367,14126.65,0.245501,32647.53,0.192681,41597.28,0.174912,45822.99,0.233680,34299.10,0.208869,38373.32,0.387900,20662.55,0.566165,0.047091,0.066408,0.208869,0.888534,0.114254,33,761056,916671,5306332,5585,0,0,0,9543,0,0,0,0,0,0,0,0,0,0,0,0,0,0,0,0,0,0,0,5158287178320414169,5158287178320414169,5158287178320414169,4276667971183390976,4276667971183390976,4276667971183390976,0,0,0,0,0,0,0,0,0,0,0
83,50,7881,8,10,0.503059,15666.15,0.202432,38931.56,0.169823,46407.25,0.165065,47744.93,0.197093,39986.14,0.187538,42023.49,0.341333,23088.86,0.503942,0.050790,0.070658,0.187538,0.812928,0.126357,36,752743,947873,5219172,6047,0,0,0,9949,0,0,0,0,0,0,0,0,0,0,0,0,0,0,0,0,0,0,0,7580484717006079274,7580484717006079274,7580484717006079274,2335579208897295920,2335579208897295920,2335579208897295920,0,0,0,0,0,0,0,0,0,0,0
84,50,7153,8,10,0.577333,12389.72,0.262210,27279.67,0.165902,43115.70,0.158756,45056.67,0.236568,30236.55,0.230578,31022.10,0.378354,18905.56,0.585901,0.039850,0.049852,0.230578,0.906180,0.095909,44,713395,759845,4876964,3625,0,0,0,6796,0,0,0,0,0,0,0,0,0,0,0,0,0,0,0,0,0,0,0,15283980878814746012,15283980878814746012,15283980878814746012,16770536610282478450,16770536610282478450,16770536610282478450,0,0,0,0,0,0,0,0,0,0,0
85,50,7226,8,10,0.556017,12996.01,0.224089,32246.16,0.164043,44049.49,0.159837,45208.47,0.215834,33479.44,0.205686,35131.25,0.335612,21530.85,0.558022,0.047457,0.067565,0.205686,0.878730,0.103562,39,709613,770058,5007720,3863,0,0,0,7504,0,0,0,0,0,0,0,0,0,0,0,0,0,0,0,0,0,0,0,3005524461014959009,3005524461014959009,3005524461014959009,7941994238371058643,7941994238371058643,7941994238371058643,0,0,0,0,0,0,0,0,0,0,0
86,50,7464,8,10,0.569359,13109.48,0.264726,28195.19,0.218212,34205.35,0.195445,38189.72,0.239646,31145.94,0.222765,33506.17,0.376894,19803.99,0.573690,0.049506,0.058616,0.222765,0.904577,0.107343,39,735567,817077,5093088,5038,0,0,0,9231,0,0,0,0,0,0,0,0,0,0,0,0,0,0,0,0,0,0,0,10752915433123165729,10752915433123165729,10752915433123165729,7679291088701471903,7679291088701471903,7679291088701471903,0,0,0,0,0,0,0,0,0,0,0
87,50,7071,8,10,0.588015,12025.21,0.249513,28339.23,0.182801,38681.35,0.171724,41176.46,0.227823,31037.31,0.219888,32157.30,0.369575,19132.81,0.590572,0.046673,0.054947,0.219888,0.912080,0.101413,41,733267,780962,5035836,3685,0,0,0,7923,0,0,0,0,0,0,0,0,0,0,0,0,0,0,0,0,0,0,0,3109076051991726822,3109076051991726822,3109076051991726822,6660989435383319035,6660989435383319035,6660989435383319035,0,0,0,0,0,0,0,0,0,0,0
88,50,7447,8,10,0.511859,14548.92,0.222914,33407.57,0.190807,39029.05,0.180735,41203.93,0.216021,34473.52,0.201725,36916.57,0.358219,20788.93,0.512472,0.053301,0.060282,0.201725,0.827780,0.109561,40,777470,950410,5228732,6018,0,0,0,10090,0,0,0,0,0,0,0,0,0,0,0,0,0,0,0,0,0,0,0,7474446263192819248,7474446263192819248,7474446263192819248,6960724128810212886,6960724128810212886,6960724128810212886,0,0,0,0,0,0,0,0,0,0,0
89,50,7756,8,10,0.539897,14365.70,0.226028,34314.37,0.211090,36742.62,0.202420,38316.28,0.226057,34309.90,0.223876,34644.13,0.353771,21923.77,0.540251,0.054516,0.078914,0.223876,0.897556,0.115899,44,779612,886192,5372112,5508,0,0,0,10766,0,0,0,0,0,0,0,0,0,0,0,0,0,0,0,0,0,0,0,8779466827008545899,8779466827008545899,8779466827008545899,2577509432085299448,2577509432085299448,2577509432085299448,0,0,0,0,0,0,0,0,0,0,0
90,50,7215,8,10,0.554641,13008.41,0.263900,27339.87,0.222214,32468.69,0.208519,34601.18,0.258585,27901.87,0.249086,28965.90,0.379755,18999.11,0.555115,0.050542,0.050921,0.249086,0.905664,0.100194,46,749223,838543,5110364,5742,0,0,0,11353,0,0,0,0,0,0,0,0,0,0,0,0,0,0,0,0,0,0,0,15234767522563533587,15234767522563533587,15234767522563533587,7973524697710154048,7973524697710154048,7973524697710154048,0,0,0,0,0,0,0,0,0,0,0
91,50,7802,8,10,0.522669,14927.22,0.250526,31142.53,0.223470,34912.91,0.205034,38052.25,0.250091,31196.70,0.229375,34014.15,0.401134,19449.86,0.526493,0.053347,0.062730,0.229375,0.871945,0.117246,40,801709,1129074,5430248,8919,0,0,0,14443,0,0,0,0,0,0,0,0,0,0,0,0,0,0,0,0,0,0,0,16827506892335144076,16827506892335144076,16827506892335144076,11713040398731806610,11713040398731806610,11713040398731806610,0,0,0,0,0,0,0,0,0,0,0
92,50,7654,8,10,0.554404,13805.82,0.220751,34672.59,0.194911,39269.28,0.174509,43860.14,0.215096,35584.14,0.204406,37445.00,0.338426,22616.48,0.555339,0.051146,0.073963,0.204406,0.884855,0.116038,39,739189,819609,5187416,4247,0,0,0,8104,0,0,0,0,0,0,0,0,0,0,0,0,0,0,0,0,0,0,0,2022102394824175010,2022102394824175010,2022102394824175010,1147732974164292851,1147732974164292851,1147732974164292851,0,0,0,0,0,0,0,0,0,0,0
93,50,7195,8,10,0.531626,13533.96,0.239756,30009.72,0.214384,33561.33,0.205797,34961.59,0.236191,30462.67,0.230148,31262.47,0.371504,19367.22,0.529794,0.046993,0.048511,0.230148,0.855446,0.101085,48,725315,837555,5158252,5687,0,0,0,10282,0,0,0,0,0,0,0,0,0,0,0,0,0,0,0,0,0,0,0,17037439770406489591,17037439770406489591,17037439770406489591,8850032375838040954,8850032375838040954,8850032375838040954,0,0,0,0,0,0,0,0,0,0,0
94,50,7135,8,10,0.521046,13693.61,0.229385,31104.86,0.195020,36586.07,0.184002,38776.73,0.229093,31144.55,0.214175,33313.83,0.353189,20201.65,0.520392,0.048453,0.053823,0.214175,0.836844,0.098925,43,722238,803283,4944636,5099,0,0,0,9534,0,0,0,0,0,0,0,0,0,0,0,0,0,0,0,0,0,0,0,10665363532330776085,10665363532330776085,10665363532330776085,6570300384746980516,6570300384746980516,6570300384746980516,0,0,0,0,0,0,0,0,0,0,0
95,50,7282,8,10,0.527800,13796.88,0.220513,33023.03,0.180693,40300.29,0.174282,41782.88,0.215055,33861.18,0.204913,35536.97,0.347774,20938.86,0.530439,0.048291,0.056447,0.204913,0.840090,0.108584,40,738586,843046,5029832,5149,0,0,0,8964,0,0,0,0,0,0,0,0,0,0,0,0,0,0,0,0,0,0,0,5782210841662231682,5782210841662231682,5782210841662231682,3337303234473947990,3337303234473947990,3337303234473947990,0,0,0,0,0,0,0,0,0,0,0
96,50,6698,8,10,0.528006,12685.46,0.224173,29878.77,0.171221,39118.95,0.166480,40232.96,0.222692,30077.38,0.207102,32341.58,0.351388,19061.53,0.526232,0.045677,0.053796,0.207102,0.832807,0.090884,41,701461,771636,4699432,4090,0,0,0,8085,0,0,0,0,0,0,0,0,0,0,0,0,0,0,0,0,0,0,0,12679311826026364896,12679311826026364896,12679311826026364896,5438781801653937924,5438781801653937924,5438781801653937924,0,0,0,0,0,0,0,0,0,0,0
97,50,7050,8,10,0.555615,12688.64,0.247609,28472.30,0.186835,37733.75,0.177053,39818.61,0.242245,29102.74,0.219663,32094.65,0.369699,19069.58,0.559670,0.049880,0.053534,0.219663,0.882747,0.106364,42,735632,802922,5060648,4404,0,0,0,8574,0,0,0,0,0,0,0,0,0,0,0,0,0,0,0,0,0,0,0,9653637907074682987,9653637907074682987,9653637907074682987,17540595833733682955,17540595833733682955,17540595833733682955,0,0,0,0,0,0,0,0,0,0,0
98,50,7368,8,10,0.592602,12433.31,0.242800,30346.01,0.162408,45367.11,0.156815,46985.44,0.235612,31271.72,0.223555,32958.28,0.385762,19099.88,0.593514,0.049722,0.058519,0.223555,0.925310,0.103922,37,732608,830538,5053184,4347,0,0,0,7498,0,0,0,0,0,0,0,0,0,0,0,0,0,0,0,0,0,0,0,17263529234036505226,17263529234036505226,17263529234036505226,4263476438864564253,4263476438864564253,4263476438864564253,0,0,0,0,0,0,0,0,0,0,0
99,50,7156,8,10,0.602414,11878.88,0.304464,23503.61,0.225372,31751.97,0.191211,37424.71,0.291445,24553.55,0.241716,29604.96,0.425405,16821.60,0.608783,0.045737,0.064302,0.241716,0.960538,0.103448,33,736669,821954,4945264,4352,0,0,0,7005,0,0,0,0,0,0,0,0,0,0,0,0,0,0,0,0,0,0,0,4815327217144459057,4815327217144459057,4815327217144459057,2147751752213824607,2147751752213824607,2147751752213824607,0,0,0,0,0,0,0,0,0,0,0
100,50,7327,8,10,0.981721,7463.42,0.743160,9859.25,0.559912,13085.98,0.553973,13226.27,0.738410,9922.67,0.706439,10371.74,0.883054,8297.34,0.983682,0.044574,0.063258,0.706439,1.797952,0.098601,36,709626,882581,4908828,8611,0,0,0,8802,0,0,0,0,0,0,0,0,0,0,0,0,0,0,0,0,0,0,0,9947900435619852440,9947900435619852440,9947900435619852440,15435859289234359701,15435859289234359701,15435859289234359701,0,0,0,0,0,0,0,0,0,0,0
101,50,7308,8,10,0.991408,7371.34,0.725422,10074.13,0.544443,13422.89,0.451644,16180.90,0.727142,10050.30,0.619768,11791.51,0.848269,8615.19,0.987551,0.045628,0.083548,0.619768,1.736496,0.097858,25,693687,793137,4868752,5896,0,0,0,6571,0,0,0,0,0,0,0,0,0,0,0,0,0,0,0,0,0,0,0,17026266157457050638,17026266157457050638,17026266157457050638,17631373242330737581,17631373242330737581,17631373242330737581,0,0,0,0,0,0,0,0,0,0,0
102,50,7413,8,10,0.863181,8588.00,0.587146,12625.47,0.396397,18700.96,0.385471,19231.02,0.578725,12809.18,0.492515,15051.32,0.748605,9902.42,0.863227,0.047644,0.076061,0.492515,1.479448,0.101183,28,725594,1035669,5039924,6950,0,0,0,7602,0,0,0,0,0,0,0,0,0,0,0,0,0,0,0,0,0,0,0,13377849923322718985,13377849923322718985,13377849923322718985,3157229656155310793,3157229656155310793,3157229656155310793,0,0,0,0,0,0,0,0,0,0,0
103,50,7292,8,10,0.918628,7937.93,0.669070,10898.70,0.507189,14377.29,0.500465,14570.44,0.661950,11015.94,0.600581,12141.57,0.776880,9386.27,0.912786,0.046914,0.079838,0.600581,1.640119,0.096401,29,706707,833647,5041712,5616,0,0,0,5329,0,0,0,0,0,0,0,0,0,0,0,0,0,0,0,0,0,0,0,1046702785998109446,1046702785998109446,1046702785998109446,12830476588249973383,12830476588249973383,12830476588249973383,0,0,0,0,0,0,0,0,0,0,0
104,50,7184,8,10,1.201768,5977.86,0.923666,7777.70,0.721836,9952.39,0.726522,9888.20,0.909249,7901.02,0.798002,9002.48,1.049645,6844.22,1.187565,0.045585,0.086092,0.798002,2.117243,0.093607,20,684010,1020195,4756448,7003,0,0,0,3940,0,0,0,0,0,0,0,0,0,0,0,0,0,0,0,0,0,0,0,18099187136595646836,18099187136595646836,18099187136595646836,16092341637510064707,16092341637510064707,16092341637510064707,0,0,0,0,0,0,0,0,0,0,0
105,50,6560,8,10,0.926522,7080.24,0.714234,9184.66,0.496666,13208.06,0.495628,13235.73,0.706243,9288.59,0.651214,10073.49,0.837831,7829.74,0.924760,0.043057,0.064492,0.651214,1.683523,0.079040,31,672079,791024,4798592,7113,0,0,0,9126,0,0,0,0,0,0,0,0,0,0,0,0,0,0,0,0,0,0,0,11901678521890018405,11901678521890018405,11901678521890018405,17337964550029505901,17337964550029505901,17337964550029505901,0,0,0,0,0,0,0,0,0,0,0
106,50,6559,8,10,1.225893,5350.39,0.980077,6692.33,0.735043,8923.29,0.732197,8957.97,0.982736,6674.22,0.835630,7849.17,1.100438,5960.35,1.202815,0.046533,0.069683,0.835630,2.154661,0.078526,27,651313,746613,4725916,5980,0,0,0,5400,0,0,0,0,0,0,0,0,0,0,0,0,0,0,0,0,0,0,0,10323176251050621071,10323176251050621071,10323176251050621071,2436506736421628246,2436506736421628246,2436506736421628246,0,0,0,0,0,0,0,0,0,0,0
107,50,6780,8,10,1.263941,5364.17,0.998466,6790.42,0.803959,8433.26,0.802740,8446.07,0.994142,6819.95,0.924533,7333.43,1.132707,5985.66,1.248365,0.051625,0.060922,0.924533,2.285445,0.086055,32,661139,783464,4596720,6740,0,0,0,3836,0,0,0,0,0,0,0,0,0,0,0,0,0,0,0,0,0,0,0,16687658261727661902,16687658261727661902,16687658261727661902,1158974005764684773,1158974005764684773,1158974005764684773,0,0,0,0,0,0,0,0,0,0,0
108,50,6038,8,10,1.064606,5671.58,0.794488,7599.86,0.563027,10724.17,0.564213,10701.63,0.788949,7653.22,0.651967,9261.21,0.923100,6541.00,1.036446,0.039683,0.077505,0.651967,1.805601,0.066906,19,612565,699415,4258808,5717,0,0,0,4723,0,0,0,0,0,0,0,0,0,0,0,0,0,0,0,0,0,0,0,9461680494377661771,9461680494377661771,9461680494377661771,12253850547609583443,12253850547609583443,12253850547609583443,0,0,0,0,0,0,0,0,0,0,0
109,50,7264,8,10,0.800733,9071.69,0.570551,12731.55,0.329620,22037.48,0.308667,23533.49,0.548675,13239.17,0.465059,15619.51,0.695765,10440.30,0.794553,0.049396,0.072051,0.465059,1.381060,0.097660,32,709348,875003,5011744,8398,0,0,0,13930,0,0,0,0,0,0,0,0,0,0,0,0,0,0,0,0,0,0,0,3953579534905452347,3953579534905452347,3953579534905452347,1462978254890439116,1462978254890439116,1462978254890439116,0,0,0,0,0,0,0,0,0,0,0
110,50,8125,8,10,0.848240,9578.66,0.603046,13473.27,0.443971,18300.74,0.378069,21490.76,0.602224,13491.65,0.430629,18867.73,0.745442,10899.57,0.842820,0.050704,0.093144,0.430629,1.417297,0.121174,22,752113,938723,5267412,7952,0,0,0,11065,0,0,0,0,0,0,0,0,0,0,0,0,0,0,0,0,0,0,0,10507825140483339632,10507825140483339632,10507825140483339632,7064775862986283136,7064775862986283136,7064775862986283136,0,0,0,0,0,0,0,0,0,0,0
111,50,7294,8,10,0.963640,7569.21,0.730326,9987.33,0.551282,13230.98,0.553022,13189.35,0.718349,10153.84,0.624245,11684.52,0.857515,8505.98,0.955778,0.057485,0.094836,0.624245,1.732344,0.101800,21,684781,896816,4758776,7173,0,0,0,4362,0,0,0,0,0,0,0,0,0,0,0,0,0,0,0,0,0,0,0,2824656920396926745,2824656920396926745,2824656920396926745,9613197734357160917,9613197734357160917,9613197734357160917,0,0,0,0,0,0,0,0,0,0,0
112,50,7928,8,10,0.570702,13891.65,0.309304,25631.78,0.200654,39510.72,0.188346,42092.79,0.298947,26519.76,0.281092,28204.27,0.446940,17738.38,0.570189,0.052094,0.061748,0.281092,0.965122,0.128329,41,775714,907809,5252832,6477,0,0,0,10237,0,0,0,0,0,0,0,0,0,0,0,0,0,0,0,0,0,0,0,8352516415227024905,8352516415227024905,8352516415227024905,2089697340285159286,2089697340285159286,2089697340285159286,0,0,0,0,0,0,0,0,0,0,0
113,50,7613,8,10,0.570114,13353.46,0.316417,24060.02,0.230647,33007.08,0.190881,39883.42,0.302578,25160.45,0.283627,26841.55,0.421969,18041.59,0.561693,0.049627,0.059668,0.283627,0.954615,0.112130,44,788438,876358,5229012,5499,0,0,0,10415,0,0,0,0,0,0,0,0,0,0,0,0,0,0,0,0,0,0,0,3600955027402539004,3600955027402539004,3600955027402539004,13489767029896921270,13489767029896921270,13489767029896921270,0,0,0,0,0,0,0,0,0,0,0
114,50,7304,8,10,0.576319,12673.54,0.334827,21814.22,0.190647,38311.66,0.179231,40751.98,0.318658,22921.10,0.258457,28260.00,0.462242,15801.23,0.579440,0.048687,0.074312,0.258457,0.960897,0.093244,35,738230,977235,5000928,5275,0,0,0,9932,0,0,0,0,0,0,0,0,0,0,0,0,0,0,0,0,0,0,0,7442404963989425669,7442404963989425669,7442404963989425669,233395163234363083,233395163234363083,233395163234363083,0,0,0,0,0,0,0,0,0,0,0
115,50,6898,8,10,0.599867,11499.22,0.321480,21456.99,0.194273,35506.78,0.180139,38292.69,0.309937,22256.13,0.249217,27678.73,0.444917,15504.01,0.595539,0.048451,0.070775,0.249217,0.963982,0.089103,32,720620,834440,4828232,5049,0,0,0,8816,0,0,0,0,0,0,0,0,0,0,0,0,0,0,0,0,0,0,0,17145193927897452161,17145193927897452161,17145193927897452161,14892009802940158263,14892009802940158263,14892009802940158263,0,0,0,0,0,0,0,0,0,0,0
116,50,6960,8,10,0.581227,11974.67,0.296079,23507.24,0.212597,32737.95,0.200482,34716.41,0.288820,24098.05,0.253878,27414.69,0.432981,16074.60,0.578293,0.047939,0.059402,0.253878,0.939512,0.089095,39,722582,806432,4935136,5235,0,0,0,9921,0,0,0,0,0,0,0,0,0,0,0,0,0,0,0,0,0,0,0,17314550348954463349,17314550348954463349,17314550348954463349,17836488283971169765,17836488283971169765,17836488283971169765,0,0,0,0,0,0,0,0,0,0,0
117,50,6624,8,10,0.577178,11476.52,0.274321,24146.93,0.186098,35594.06,0.176499,37529.93,0.268622,24659.16,0.220910,29985.02,0.407517,16254.52,0.574358,0.049025,0.055490,0.220910,0.899783,0.081459,38,679793,735403,4595328,4453,0,0,0,8727,0,0,0,0,0,0,0,0,0,0,0,0,0,0,0,0,0,0,0,12741284151603001021,12741284151603001021,12741284151603001021,7732198667243853694,7732198667243853694,7732198667243853694,0,0,0,0,0,0,0,0,0,0,0
118,50,6959,8,10,0.613361,11345.68,0.298606,23304.94,0.209708,33184.24,0.182627,38104.99,0.291977,23834.09,0.234378,29691.39,0.435192,15990.66,0.611604,0.047027,0.066552,0.234378,0.959560,0.088563,33,724373,796628,4840604,4733,0,0,0,8781,0,0,0,0,0,0,0,0,0,0,0,0,0,0,0,0,0,0,0,1992565563354691731,1992565563354691731,1992565563354691731,8762387699957115363,8762387699957115363,8762387699957115363,0,0,0,0,0,0,0,0,0,0,0
119,50,7247,8,10,0.636022,11394.25,0.343419,21102.49,0.192731,37601.56,0.180044,40251.33,0.330069,21956.00,0.259392,27938.43,0.483256,14996.18,0.638295,0.049793,0.066269,0.259392,1.013749,0.098008,33,754797,858522,5011804,5397,0,0,0,9204,0,0,0,0,0,0,0,0,0,0,0,0,0,0,0,0,0,0,0,8702586221981370125,8702586221981370125,8702586221981370125,9534607265387686278,9534607265387686278,9534607265387686278,0,0,0,0,0,0,0,0,0,0,0
120,50,6995,8,10,0.646751,10815.60,0.350363,19964.99,0.215892,32400.47,0.206223,33919.58,0.340193,20561.83,0.278783,25091.22,0.490520,14260.38,0.646680,0.048943,0.060104,0.278783,1.034510,0.089567,38,747191,831946,5069196,5548,0,0,0,10066,0,0,0,0,0,0,0,0,0,0,0,0,0,0,0,0,0,0,0,587621219285881068,587621219285881068,587621219285881068,1544727029203863177,1544727029203863177,1544727029203863177,0,0,0,0,0,0,0,0,0,0,0
121,50,7599,8,10,0.655733,11588.55,0.339749,22366.53,0.210487,36101.99,0.199576,38075.66,0.323995,23454.04,0.277319,27401.67,0.484684,15678.27,0.656046,0.050691,0.060780,0.277319,1.044835,0.107671,36,762944,855739,5110972,5298,0,0,0,9720,0,0,0,0,0,0,0,0,0,0,0,0,0,0,0,0,0,0,0,11257394730028583993,11257394730028583993,11257394730028583993,17292072611664736469,17292072611664736469,17292072611664736469,0,0,0,0,0,0,0,0,0,0,0
122,50,7236,8,10,1.023388,7070.63,0.720430,10044.00,0.643769,11240.06,0.566531,12772.46,0.722351,10017.28,0.687810,10520.34,0.836572,8649.58,1.019136,0.041181,0.064209,0.687810,1.812336,0.094966,35,705398,790933,4916528,5423,0,0,0,7874,0,0,0,0,0,0,0,0,0,0,0,0,0,0,0,0,0,0,0,2705929290987336338,2705929290987336338,2705929290987336338,5131592051223583720,5131592051223583720,5131592051223583720,0,0,0,0,0,0,0,0,0,0,0
123,50,7070,8,10,0.604211,11701.21,0.311777,22676.49,0.179937,39291.54,0.171311,41270.01,0.301265,23467.71,0.244176,28954.57,0.421741,16763.83,0.598977,0.056090,0.066195,0.244176,0.965436,0.092052,32,746029,802139,4977688,4272,0,0,0,8194,0,0,0,0,0,0,0,0,0,0,0,0,0,0,0,0,0,0,0,11268575429293017609,11268575429293017609,11268575429293017609,14201182990898391959,14201182990898391959,14201182990898391959,0,0,0,0,0,0,0,0,0,0,0
124,50,7278,8,10,0.581627,12513.18,0.290501,25053.27,0.205256,35458.16,0.179894,40457.06,0.284508,25581.03,0.231552,31431.35,0.418132,17405.97,0.582888,0.046945,0.068008,0.231552,0.929392,0.095775,33,721452,798647,4815992,4610,0,0,0,9046,0,0,0,0,0,0,0,0,0,0,0,0,0,0,0,0,0,0,0,5024444527871164779,5024444527871164779,5024444527871164779,16473321898389570004,16473321898389570004,16473321898389570004,0,0,0,0,0,0,0,0,0,0,0
125,50,7359,8,10,0.696631,10563.70,0.373341,19711.20,0.236363,31134.32,0.196706,37411.20,0.366206,20095.25,0.297658,24722.99,0.498943,14749.17,0.692609,0.048092,0.063971,0.297658,1.102329,0.096016,36,715594,802074,4997564,5286,0,0,0,7598,0,0,0,0,0,0,0,0,0,0,0,0,0,0,0,0,0,0,0,14129632850617580389,14129632850617580389,14129632850617580389,17772561150947634036,17772561150947634036,17772561150947634036,0,0,0,0,0,0,0,0,0,0,0
126,50,7835,8,10,0.689451,11364.11,0.357890,21892.17,0.202591,38674.07,0.175246,44708.46,0.343953,22779.26,0.293327,26710.80,0.497025,15763.79,0.688602,0.042668,0.067340,0.293327,1.091937,0.103757,35,718904,893739,4952716,4693,0,0,0,6009,0,0,0,0,0,0,0,0,0,0,0,0,0,0,0,0,0,0,0,2420084454172471783,2420084454172471783,2420084454172471783,6603221217626501847,6603221217626501847,6603221217626501847,0,0,0,0,0,0,0,0,0,0,0
127,50,11610,8,10,0.555223,20910.50,0.277389,41854.53,0.226956,51155.19,0.206953,56099.59,0.269844,43024.85,0.248642,46693.70,0.491891,23602.78,0.555458,0.059430,0.065999,0.248642,0.929528,0.193065,43,893372,1683312,6141416,9254,0,0,0,13060,0,0,0,0,0,0,0,0,0,0,0,0,0,0,0,0,0,0,0,8647588767598319755,8647588767598319755,8647588767598319755,12416439236518748174,12416439236518748174,12416439236518748174,0,0,0,0,0,0,0,0,0,0,0
128,50,12230,8,10,0.566967,21570.92,0.288491,42392.95,0.197933,61788.60,0.190372,64242.73,0.268970,45469.71,0.237914,51405.20,0.488018,25060.56,0.569133,0.057672,0.069762,0.237914,0.934481,0.201050,38,879252,1529667,6096344,8051,0,0,0,11171,0,0,0,0,0,0,0,0,0,0,0,0,0,0,0,0,0,0,0,4746900106242423893,4746900106242423893,4746900106242423893,3388667050866169233,3388667050866169233,3388667050866169233,0,0,0,0,0,0,0,0,0,0,0
129,50,10122,8,10,0.582326,17382.03,0.310228,32627.61,0.210714,48036.58,0.194814,51957.16,0.304791,33209.64,0.282200,35868.18,0.490175,20649.76,0.583134,0.052570,0.064983,0.282200,0.982887,0.152981,41,808636,1238506,5639464,7155,0,0,0,10339,0,0,0,0,0,0,0,0,0,0,0,0,0,0,0,0,0,0,0,11074152720376250346,11074152720376250346,11074152720376250346,4592185388177409549,4592185388177409549,4592185388177409549,0,0,0,0,0,0,0,0,0,0,0
130,50,7541,8,10,0.694184,10863.12,0.403006,18711.89,0.244096,30893.60,0.213400,35337.33,0.395111,19085.80,0.349145,21598.47,0.512517,14713.67,0.692579,0.049938,0.065123,0.349145,1.156785,0.110255,35,745665,839155,5153972,5829,0,0,0,8654,0,0,0,0,0,0,0,0,0,0,0,0,0,0,0,0,0,0,0,18180027091195039374,18180027091195039374,18180027091195039374,2716917324669543536,2716917324669543536,2716917324669543536,0,0,0,0,0,0,0,0,0,0,0
131,50,7531,8,10,0.737566,10210.61,0.427063,17634.41,0.225774,33356.44,0.199776,37697.14,0.420849,17894.76,0.353117,21327.20,0.559839,13452.08,0.732788,0.045806,0.073281,0.353117,1.204992,0.104032,32,735728,814283,5112364,5127,0,0,0,7359,0,0,0,0,0,0,0,0,0,0,0,0,0,0,0,0,0,0,0,3619007349934843976,3619007349934843976,3619007349934843976,18209331037719811420,18209331037719811420,18209331037719811420,0,0,0,0,0,0,0,0,0,0,0
132,50,7590,8,10,0.697764,10877.60,0.367226,20668.46,0.205381,36955.66,0.190527,39836.94,0.354243,21425.99,0.301940,25137.42,0.528758,14354.40,0.700425,0.050039,0.070210,0.301940,1.122614,0.103798,34,735807,835707,5056152,4793,0,0,0,7873,0,0,0,0,0,0,0,0,0,0,0,0,0,0,0,0,0,0,0,3778161641078835413,3778161641078835413,3778161641078835413,13770224732530006714,13770224732530006714,13770224732530006714,0,0,0,0,0,0,0,0,0,0,0
133,50,7492,8,10,0.584370,12820.65,0.284710,26314.53,0.188221,39804.23,0.177851,42125.09,0.272569,27486.63,0.240609,31137.61,0.400524,18705.50,0.580875,0.050409,0.057320,0.240609,0.929213,0.100905,39,714908,774938,4882512,4383,0,0,0,8659,0,0,0,0,0,0,0,0,0,0,0,0,0,0,0,0,0,0,0,13771862553369734353,13771862553369734353,13771862553369734353,9564425451798514135,9564425451798514135,9564425451798514135,0,0,0,0,0,0,0,0,0,0,0
134,50,7808,8,10,0.578068,13507.06,0.244953,31875.52,0.199757,39087.52,0.192077,40650.26,0.237842,32828.51,0.224046,34849.98,0.404095,19322.18,0.578162,0.051482,0.053559,0.224046,0.907248,0.109334,43,737662,817392,5117952,5214,0,0,0,9336,0,0,0,0,0,0,0,0,0,0,0,0,0,0,0,0,0,0,0,10878454136160712708,10878454136160712708,10878454136160712708,15908879707168105591,15908879707168105591,15908879707168105591,0,0,0,0,0,0,0,0,0,0,0
135,50,7195,8,10,0.538664,13357.12,0.276051,26063.98,0.185171,38856.02,0.177620,40507.86,0.264070,27246.58,0.241123,29839.52,0.399390,18014.97,0.541348,0.044007,0.051313,0.241123,0.877791,0.094410,42,675414,797389,4897260,5280,0,0,0,8942,0,0,0,0,0,0,0,0,0,0,0,0,0,0,0,0,0,0,0,10866171195871234783,10866171195871234783,10866171195871234783,13935324046852302036,13935324046852302036,13935324046852302036,0,0,0,0,0,0,0,0,0,0,0
136,50,8094,8,10,0.579194,13974.60,0.316443,25578.09,0.225739,35855.56,0.211341,38298.27,0.307841,26292.81,0.282544,28646.84,0.450115,17982.07,0.579836,0.050291,0.055690,0.282544,0.968362,0.124615,44,761578,897723,5383672,6636,0,0,0,11220,0,0,0,0,0,0,0,0,0,0,0,0,0,0,0,0,0,0,0,4775113246562715478,4775113246562715478,4775113246562715478,394647572972079235,394647572972079235,394647572972079235,0,0,0,0,0,0,0,0,0,0,0
137,50,7450,8,10,0.827321,9004.97,0.569278,13086.76,0.382318,19486.41,0.300476,24793.96,0.559129,13324.31,0.516927,14412.09,0.699169,10655.51,0.833098,0.041801,0.066246,0.516927,1.458072,0.101507,40,724156,833241,5084296,7100,0,0,0,10223,0,0,0,0,0,0,0,0,0,0,0,0,0,0,0,0,0,0,0,16093159874039781151,16093159874039781151,16093159874039781151,16260705086249147356,16260705086249147356,16260705086249147356,0,0,0,0,0,0,0,0,0,0,0
138,50,7763,8,10,0.616756,12586.83,0.343492,22600.25,0.249925,31061.27,0.237124,32738.19,0.333339,23288.61,0.307508,25244.84,0.483627,16051.62,0.612132,0.052573,0.054655,0.307508,1.026869,0.113866,45,741110,876875,5154924,6845,0,0,0,11774,0,0,0,0,0,0,0,0,0,0,0,0,0,0,0,0,0,0,0,729317043314992038,729317043314992038,729317043314992038,4165095403020288183,4165095403020288183,4165095403020288183,0,0,0,0,0,0,0,0,0,0,0
139,50,7810,8,10,0.658423,11861.68,0.357675,21835.44,0.232817,33545.70,0.222444,35109.94,0.349395,22352.95,0.309723,25216.07,0.495771,15753.25,0.654975,0.052843,0.059653,0.309723,1.077194,0.108450,42,747409,834144,5234824,5784,0,0,0,10707,0,0,0,0,0,0,0,0,0,0,0,0,0,0,0,0,0,0,0,6761709190986052500,6761709190986052500,6761709190986052500,6490817931540733580,6490817931540733580,6490817931540733580,0,0,0,0,0,0,0,0,0,0,0
140,50,7161,8,10,0.563756,12702.31,0.311091,23019.02,0.212939,33629.27,0.203695,35155.43,0.303723,23577.38,0.263654,27160.64,0.441105,16234.24,0.564233,0.047175,0.056493,0.263654,0.931553,0.091379,41,699050,789230,4741316,5628,0,0,0,10544,0,0,0,0,0,0,0,0,0,0,0,0,0,0,0,0,0,0,0,13019844516550232452,13019844516550232452,13019844516550232452,12842240342680427730,12842240342680427730,12842240342680427730,0,0,0,0,0,0,0,0,0,0,0
141,50,7755,8,10,0.641335,12091.96,0.317641,24414.35,0.243743,31816.27,0.233190,33256.12,0.305341,25397.82,0.297110,26101.48,0.482676,16066.69,0.641451,0.051486,0.052830,0.297110,1.042876,0.107513,47,755839,897334,5070732,6774,0,0,0,12396,0,0,0,0,0,0,0,0,0,0,0,0,0,0,0,0,0,0,0,16295892265635675990,16295892265635675990,16295892265635675990,377947918703623908,377947918703623908,377947918703623908,0,0,0,0,0,0,0,0,0,0,0
142,50,7555,8,10,0.818236,9233.28,0.511304,14775.94,0.304679,24796.61,0.287118,26313.25,0.506842,14906.02,0.451123,16747.11,0.643485,11740.76,0.806948,0.049635,0.061858,0.451123,1.369564,0.100025,38,723448,830753,5020044,6421,0,0,0,7036,0,0,0,0,0,0,0,0,0,0,0,0,0,0,0,0,0,0,0,9296183890129016306,9296183890129016306,9296183890129016306,7844633760866932053,7844633760866932053,7844633760866932053,0,0,0,0,0,0,0,0,0,0,0
143,50,7128,8,10,0.790190,9020.62,0.500163,14251.35,0.294891,24171.64,0.249380,28582.88,0.502521,14184.47,0.402198,17722.63,0.646700,11022.11,0.789799,0.049027,0.069620,0.402198,1.310643,0.095077,31,701549,788874,4929280,6071,0,0,0,9406,0,0,0,0,0,0,0,0,0,0,0,0,0,0,0,0,0,0,0,4949054091904634298,4949054091904634298,4949054091904634298,15270174958049499101,15270174958049499101,15270174958049499101,0,0,0,0,0,0,0,0,0,0,0
144,50,7180,8,10,0.731309,9818.01,0.400151,17943.22,0.221601,32400.51,0.201740,35590.28,0.385332,18633.29,0.328542,21854.15,0.544118,13195.66,0.727219,0.049100,0.060466,0.328542,1.165326,0.093646,39,700653,763743,4896976,4985,0,0,0,8048,0,0,0,0,0,0,0,0,0,0,0,0,0,0,0,0,0,0,0,11269402519888955151,11269402519888955151,11269402519888955151,6683863107313496846,6683863107313496846,6683863107313496846,0,0,0,0,0,0,0,0,0,0,0
145,50,8233,8,10,0.767219,10730.96,0.425128,19365.94,0.264744,31097.92,0.225615,36491.45,0.413153,19927.26,0.337899,24365.27,0.560832,14679.96,0.764727,0.053047,0.066727,0.337899,1.222400,0.133076,33,762850,847675,5307108,4948,0,0,0,5787,0,0,0,0,0,0,0,0,0,0,0,0,0,0,0,0,0,0,0,10759386656411543575,10759386656411543575,10759386656411543575,18083155396624567325,18083155396624567325,18083155396624567325,0,0,0,0,0,0,0,0,0,0,0
146,50,7782,8,10,0.597584,13022.43,0.294561,26418.98,0.191114,40719.23,0.185751,41894.76,0.284273,27375.14,0.259520,29986.14,0.424667,18324.93,0.602191,0.047928,0.062653,0.259520,0.972292,0.112711,41,743780,875285,5158136,5301,0,0,0,9286,0,0,0,0,0,0,0,0,0,0,0,0,0,0,0,0,0,0,0,15604766557721217424,15604766557721217424,15604766557721217424,1608921058400368660,1608921058400368660,1608921058400368660,0,0,0,0,0,0,0,0,0,0,0
147,50,7108,8,10,0.752099,9450.88,0.444706,15983.59,0.361245,19676.38,0.241714,29406.61,0.432618,16430.19,0.354258,20064.49,0.579435,12267.12,0.749902,0.049390,0.066483,0.354258,1.220033,0.094962,32,710454,789609,4938896,5615,0,0,0,9998,0,0,0,0,0,0,0,0,0,0,0,0,0,0,0,0,0,0,0,3006133565761650092,3006133565761650092,3006133565761650092,9698664062948270437,9698664062948270437,9698664062948270437,0,0,0,0,0,0,0,0,0,0,0
148,50,7628,8,10,0.664396,11481.11,0.334903,22776.76,0.231378,32967.75,0.199984,38143.09,0.328514,23219.69,0.288034,26483.00,0.451084,16910.38,0.664293,0.043012,0.056840,0.288034,1.052179,0.104918,42,728738,810108,5068656,5428,0,0,0,7094,0,0,0,0,0,0,0,0,0,0,0,0,0,0,0,0,0,0,0,14321053750501158001,14321053750501158001,14321053750501158001,605044414125769181,605044414125769181,605044414125769181,0,0,0,0,0,0,0,0,0,0,0
149,50,8131,8,10,0.711888,11421.75,0.393606,20657.72,0.214445,37916.43,0.194372,41832.08,0.390785,20806.82,0.328120,24780.55,0.543421,14962.62,0.710423,0.056645,0.068621,0.328120,1.163809,0.115327,32,771549,898604,5288748,6729,0,0,0,8864,0,0,0,0,0,0,0,0,0,0,0,0,0,0,0,0,0,0,0,1699843683675753327,1699843683675753327,1699843683675753327,3539924305714457093,3539924305714457093,3539924305714457093,0,0,0,0,0,0,0,0,0,0,0
150,50,7743,8,10,0.608617,12722.29,0.304520,25426.87,0.223910,34580.88,0.187587,41276.82,0.295332,26217.95,0.266457,29059.12,0.441007,17557.56,0.608214,0.047114,0.055431,0.266457,0.977216,0.105905,39,730447,865042,5078780,5684,0,0,0,9061,0,0,0,0,0,0,0,0,0,0,0,0,0,0,0,0,0,0,0,16299631088272594709,16299631088272594709,16299631088272594709,1709645417863850301,1709645417863850301,1709645417863850301,0,0,0,0,0,0,0,0,0,0,0
151,50,7664,8,10,0.544828,14066.82,0.236941,32345.66,0.202459,37854.58,0.192856,39739.42,0.235921,32485.50,0.224489,34139.79,0.385470,19882.23,0.547351,0.048300,0.053798,0.224489,0.873937,0.109485,45,729287,824377,5088544,5354,0,0,0,10382,0,0,0,0,0,0,0,0,0,0,0,0,0,0,0,0,0,0,0,203248684907990067,203248684907990067,203248684907990067,547681988526412911,547681988526412911,547681988526412911,0,0,0,0,0,0,0,0,0,0,0
152,50,7318,8,10,0.763979,9578.80,0.481375,15202.27,0.402827,18166.60,0.307570,23792.99,0.474295,15429.21,0.370507,19751.34,0.596417,12269.94,0.762917,0.048394,0.076381,0.370507,1.258199,0.102228,30,683808,766153,4792408,4923,0,0,0,8867,0,0,0,0,0,0,0,0,0,0,0,0,0,0,0,0,0,0,0,8887069441255888874,8887069441255888874,8887069441255888874,17004021099990076083,17004021099990076083,17004021099990076083,0,0,0,0,0,0,0,0,0,0,0
153,50,6956,8,10,0.697821,9968.17,0.402010,17303.07,0.248587,27982.21,0.221660,31381.41,0.394895,17614.81,0.328675,21163.76,0.516306,13472.62,0.704787,0.037024,0.059710,0.328675,1.130195,0.088492,36,669799,726284,4739536,4354,0,0,0,6066,0,0,0,0,0,0,0,0,0,0,0,0,0,0,0,0,0,0,0,16749655036924336767,16749655036924336767,16749655036924336767,3507141241108183283,3507141241108183283,3507141241108183283,0,0,0,0,0,0,0,0,0,0,0
154,50,7486,8,10,0.581886,12865.07,0.288203,25974.77,0.193281,38731.22,0.182287,41067.22,0.278293,26899.70,0.245194,30530.96,0.409765,18269.02,0.581781,0.051346,0.052848,0.245194,0.931169,0.101778,42,707405,777735,4926072,4787,0,0,0,8437,0,0,0,0,0,0,0,0,0,0,0,0,0,0,0,0,0,0,0,5615790368569080583,5615790368569080583,5615790368569080583,14781297735253556009,14781297735253556009,14781297735253556009,0,0,0,0,0,0,0,0,0,0,0
155,50,7640,8,10,0.712606,10721.21,0.452677,16877.36,0.247455,30874.35,0.217645,35103.04,0.447608,17068.50,0.330831,23093.35,0.597525,12786.07,0.719405,0.048255,0.071515,0.330831,1.170006,0.104130,32,700519,996244,4822784,7008,0,0,0,7258,0,0,0,0,0,0,0,0,0,0,0,0,0,0,0,0,0,0,0,8459830874282925536,8459830874282925536,8459830874282925536,319380523263019991,319380523263019991,319380523263019991,0,0,0,0,0,0,0,0,0,0,0
156,50,7312,8,10,0.748476,9769.19,0.483424,15125.45,0.330359,22133.49,0.250629,29174.62,0.488773,14959.91,0.395559,18485.22,0.639764,11429.22,0.754948,0.041201,0.056802,0.395559,1.248510,0.096177,41,691421,832341,4815040,6401,0,0,0,9257,0,0,0,0,0,0,0,0,0,0,0,0,0,0,0,0,0,0,0,11107622744670762415,11107622744670762415,11107622744670762415,2834296964241937443,2834296964241937443,2834296964241937443,0,0,0,0,0,0,0,0,0,0,0
157,50,7973,8,10,0.576368,13833.17,0.277484,28733.23,0.221224,36040.44,0.211926,37621.68,0.269440,29591.05,0.252585,31565.57,0.428789,18594.22,0.576859,0.048409,0.053714,0.252585,0.931566,0.111770,45,748860,843555,5230964,6181,0,0,0,10616,0,0,0,0,0,0,0,0,0,0,0,0,0,0,0,0,0,0,0,9408455092098279475,9408455092098279475,9408455092098279475,5494208622087150835,5494208622087150835,5494208622087150835,0,0,0,0,0,0,0,0,0,0,0
158,50,7803,8,10,0.633104,12325.00,0.353598,22067.43,0.233717,33386.52,0.222202,35116.66,0.356729,21873.74,0.323177,24144.67,0.500335,15595.56,0.633219,0.048032,0.053382,0.323177,1.057810,0.109008,44,745320,870570,5252076,6698,0,0,0,10309,0,0,0,0,0,0,0,0,0,0,0,0,0,0,0,0,0,0,0,1108515122905637266,1108515122905637266,1108515122905637266,1147263459424454182,1147263459424454182,1147263459424454182,0,0,0,0,0,0,0,0,0,0,0
159,50,8040,8,10,0.728464,11036.93,0.394401,20385.32,0.228158,35238.79,0.211903,37941.86,0.391145,20555.04,0.368543,21815.61,0.520485,15447.13,0.668636,0.052449,0.062625,0.368543,1.152253,0.119558,43,783328,1053168,5476576,7335,0,0,0,11073,0,0,0,0,0,0,0,0,0,0,0,0,0,0,0,0,0,0,0,2363832149299160829,2363832149299160829,2363832149299160829,3134193086166511721,3134193086166511721,3134193086166511721,0,0,0,0,0,0,0,0,0,0,0
160,50,8018,8,10,0.492563,16278.12,0.256730,31231.28,0.228915,35026.18,0.215005,37292.09,0.251043,31938.74,0.243730,32897.01,0.365007,21966.68,0.495170,0.050760,0.081664,0.243730,0.871324,0.114905,45,758951,856066,5317960,6066,0,0,0,11751,0,0,0,0,0,0,0,0,0,0,0,0,0,0,0,0,0,0,0,4064274276129558812,4064274276129558812,4064274276129558812,8024129150847463446,8024129150847463446,8024129150847463446,0,0,0,0,0,0,0,0,0,0,0
161,50,7281,8,10,0.815485,8928.43,0.510262,14269.15,0.299337,24323.73,0.213569,34091.95,0.513395,14182.07,0.394932,18436.07,0.638074,11410.90,0.812186,0.048011,0.085519,0.394932,1.340649,0.097388,23,694078,758533,4902500,4747,0,0,0,6925,0,0,0,0,0,0,0,0,0,0,0,0,0,0,0,0,0,0,0,7191329384803198744,7191329384803198744,7191329384803198744,15437901495004777820,15437901495004777820,15437901495004777820,0,0,0,0,0,0,0,0,0,0,0
162,50,7301,8,10,0.727766,10032.08,0.426383,17123.09,0.279664,26106.32,0.186042,39243.79,0.423235,17250.47,0.359127,20329.84,0.550730,13256.94,0.732662,0.039776,0.074956,0.359127,1.206522,0.096756,28,707585,817275,4942644,5156,0,0,0,8786,0,0,0,0,0,0,0,0,0,0,0,0,0,0,0,0,0,0,0,37549589500211778,37549589500211778,37549589500211778,5663193739477483041,5663193739477483041,5663193739477483041,0,0,0,0,0,0,0,0,0,0,0
163,50,8104,8,10,0.648582,12494.95,0.358549,22602.21,0.198250,40877.71,0.183865,44075.87,0.355450,22799.24,0.301032,26920.69,0.480202,16876.24,0.648745,0.051837,0.074223,0.301032,1.075838,0.116934,32,752755,844205,5194688,5742,0,0,0,8927,0,0,0,0,0,0,0,0,0,0,0,0,0,0,0,0,0,0,0,4495235176450463971,4495235176450463971,4495235176450463971,1318728456792629879,1318728456792629879,1318728456792629879,0,0,0,0,0,0,0,0,0,0,0
164,50,8370,8,10,0.586672,14266.92,0.308108,27165.82,0.185898,45024.64,0.177099,47261.83,0.301094,27798.67,0.261065,32061.01,0.413478,20242.92,0.588020,0.052095,0.067349,0.261065,0.968529,0.126290,34,780342,876117,5341992,5783,0,0,0,8946,0,0,0,0,0,0,0,0,0,0,0,0,0,0,0,0,0,0,0,7357888416917664444,7357888416917664444,7357888416917664444,9423025538949127151,9423025538949127151,9423025538949127151,0,0,0,0,0,0,0,0,0,0,0
165,50,8057,8,10,0.504202,15979.71,0.204571,39384.83,0.185699,43387.38,0.179695,44837.11,0.213458,37745.12,0.199625,40360.76,0.328001,24563.96,0.503193,0.049550,0.075514,0.199625,0.827882,0.123207,38,744282,809182,5085412,4518,0,0,0,8657,0,0,0,0,0,0,0,0,0,0,0,0,0,0,0,0,0,0,0,1577961914912346084,1577961914912346084,1577961914912346084,13513499466782302521,13513499466782302521,13513499466782302521,0,0,0,0,0,0,0,0,0,0,0
166,50,8105,8,10,0.558976,14499.72,0.250414,32366.44,0.185157,43773.65,0.175259,46245.89,0.234674,34537.23,0.211845,38259.13,0.379583,21352.38,0.562370,0.051324,0.069002,0.211845,0.894542,0.122569,36,761563,857868,5150116,4993,0,0,0,8626,0,0,0,0,0,0,0,0,0,0,0,0,0,0,0,0,0,0,0,17581946386099382147,17581946386099382147,17581946386099382147,235866531022214793,235866531022214793,235866531022214793,0,0,0,0,0,0,0,0,0,0,0
167,50,8284,8,10,0.520671,15910.24,0.266152,31125.07,0.241499,34302.44,0.219839,37682.08,0.252942,32750.54,0.240289,34475.11,0.381130,21735.35,0.515713,0.054407,0.055908,0.240289,0.866317,0.118591,45,759952,921452,5400336,6745,0,0,0,11976,0,0,0,0,0,0,0,0,0,0,0,0,0,0,0,0,0,0,0,370136131762592612,370136131762592612,370136131762592612,6738112542148066069,6738112542148066069,6738112542148066069,0,0,0,0,0,0,0,0,0,0,0
168,50,7971,8,10,0.479663,16617.92,0.224513,35503.44,0.203220,39223.46,0.199230,40009.10,0.220454,36157.18,0.221029,36063.17,0.330124,24145.44,0.481327,0.052833,0.053303,0.221029,0.808492,0.114708,47,762516,846046,5255340,5308,0,0,0,10511,0,0,0,0,0,0,0,0,0,0,0,0,0,0,0,0,0,0,0,16227043648935864238,16227043648935864238,16227043648935864238,4601316456168152221,4601316456168152221,4601316456168152221,0,0,0,0,0,0,0,0,0,0,0
169,50,8633,8,10,0.524185,16469.37,0.242475,35603.70,0.215398,40079.28,0.207499,41605.01,0.240881,35839.30,0.231300,37323.81,0.369746,23348.46,0.530755,0.046412,0.056710,0.231300,0.865176,0.137988,44,804273,909258,5599172,5831,0,0,0,11449,0,0,0,0,0,0,0,0,0,0,0,0,0,0,0,0,0,0,0,1076408230756673441,1076408230756673441,1076408230756673441,8652111262718883235,8652111262718883235,8652111262718883235,0,0,0,0,0,0,0,0,0,0,0
170,50,8267,8,10,0.514446,16069.70,0.232447,35565.04,0.201593,41008.40,0.192189,43015.01,0.234137,35308.34,0.224308,36855.52,0.366183,22576.11,0.517533,0.048949,0.061902,0.224308,0.852692,0.120339,39,755623,860563,5059244,5545,0,0,0,10210,0,0,0,0,0,0,0,0,0,0,0,0,0,0,0,0,0,0,0,16705110903759075940,16705110903759075940,16705110903759075940,2833520396835168665,2833520396835168665,2833520396835168665,0,0,0,0,0,0,0,0,0,0,0
171,50,8103,8,10,0.529671,15298.16,0.237749,34082.12,0.222649,36393.63,0.212339,38160.64,0.237434,34127.35,0.232304,34881.03,0.375101,21602.18,0.532771,0.049655,0.054843,0.232304,0.869573,0.117156,45,762969,879319,5141372,6000,0,0,0,11406,0,0,0,0,0,0,0,0,0,0,0,0,0,0,0,0,0,0,0,5059657076006713554,5059657076006713554,5059657076006713554,3770417039101460238,3770417039101460238,3770417039101460238,0,0,0,0,0,0,0,0,0,0,0
172,50,8017,8,10,0.483970,16565.06,0.229933,34866.61,0.218647,36666.38,0.205640,38985.53,0.233259,34369.59,0.226648,35372.09,0.350152,22895.75,0.484356,0.052688,0.053234,0.226648,0.816926,0.114783,47,748905,844740,5130244,5915,0,0,0,11457,0,0,0,0,0,0,0,0,0,0,0,0,0,0,0,0,0,0,0,10572026415371961487,10572026415371961487,10572026415371961487,15974178483560784678,15974178483560784678,15974178483560784678,0,0,0,0,0,0,0,0,0,0,0
173,50,9007,8,10,0.549609,16388.01,0.245543,36681.98,0.218930,41140.94,0.212244,42437.05,0.244614,36821.24,0.234090,38476.64,0.394468,22833.27,0.546282,0.053436,0.061416,0.234090,0.895224,0.140892,44,840795,1033160,5638268,6670,0,0,0,11858,0,0,0,0,0,0,0,0,0,0,0,0,0,0,0,0,0,0,0,15981577372155365516,15981577372155365516,15981577372155365516,2468764966283463691,2468764966283463691,2468764966283463691,0,0,0,0,0,0,0,0,0,0,0
174,50,7867,8,10,0.543129,14484.59,0.235644,33385.17,0.205433,38294.66,0.200230,39289.91,0.229330,34304.27,0.224307,35072.44,0.376898,20873.04,0.552639,0.046802,0.066637,0.224307,0.890385,0.115204,44,759176,846151,5162156,5642,0,0,0,10982,0,0,0,0,0,0,0,0,0,0,0,0,0,0,0,0,0,0,0,7189328355964078349,7189328355964078349,7189328355964078349,15361696569433928326,15361696569433928326,15361696569433928326,0,0,0,0,0,0,0,0,0,0,0
175,50,8120,8,10,0.555446,14618.88,0.259560,31283.77,0.234936,34562.66,0.224372,36189.94,0.256370,31672.95,0.249063,32602.22,0.406408,19979.90,0.559996,0.048200,0.054580,0.249063,0.911839,0.117010,48,782338,907143,5542304,6498,0,0,0,12216,0,0,0,0,0,0,0,0,0,0,0,0,0,0,0,0,0,0,0,15298507755309393819,15298507755309393819,15298507755309393819,7228735661249795432,7228735661249795432,7228735661249795432,0,0,0,0,0,0,0,0,0,0,0
176,50,8002,8,10,0.498222,16061.13,0.256192,31234.33,0.226016,35404.63,0.213862,37416.61,0.254699,31417.49,0.251346,31836.61,0.383091,20888.01,0.498944,0.050829,0.055529,0.251346,0.856648,0.112479,47,748893,853653,5181896,6149,0,0,0,12143,0,0,0,0,0,0,0,0,0,0,0,0,0,0,0,0,0,0,0,5329033141964411319,5329033141964411319,5329033141964411319,16663673474731755284,16663673474731755284,16663673474731755284,0,0,0,0,0,0,0,0,0,0,0
177,50,8125,8,10,0.518067,15683.30,0.255367,31816.99,0.241511,33642.42,0.228315,35586.74,0.249110,32616.10,0.247854,32781.33,0.372027,21839.83,0.514919,0.053713,0.053857,0.247854,0.870343,0.117941,48,793520,898915,5459956,6185,0,0,0,11424,0,0,0,0,0,0,0,0,0,0,0,0,0,0,0,0,0,0,0,1266415957158562129,1266415957158562129,1266415957158562129,3425688058709957488,3425688058709957488,3425688058709957488,0,0,0,0,0,0,0,0,0,0,0
178,50,8004,8,10,1.556025,5143.88,1.301860,6148.13,1.207288,6629.73,1.136519,7042.55,1.296125,6175.33,1.249789,6404.28,1.373015,5829.51,1.509660,0.055075,0.082563,1.249789,2.897087,0.109698,26,719222,804667,5041776,5403,0,0,0,5498,0,0,0,0,0,0,0,0,0,0,0,0,0,0,0,0,0,0,0,2906113574648383992,2906113574648383992,2906113574648383992,413534754027623776,413534754027623776,413534754027623776,0,0,0,0,0,0,0,0,0,0,0
179,50,8159,8,10,0.705254,11568.88,0.441187,18493.31,0.325624,25056.49,0.246723,33069.45,0.441273,18489.68,0.377174,21631.91,0.555027,14700.18,0.708421,0.047500,0.071835,0.377174,1.204930,0.116094,39,751027,830877,5097180,5338,0,0,0,9996,0,0,0,0,0,0,0,0,0,0,0,0,0,0,0,0,0,0,0,121638391793865097,121638391793865097,121638391793865097,1071646706522006342,1071646706522006342,1071646706522006342,0,0,0,0,0,0,0,0,0,0,0
180,50,8033,8,10,0.588352,13653.39,0.304460,26384.45,0.210617,38140.29,0.201180,39929.32,0.306093,26243.66,0.280116,28677.44,0.440221,18247.65,0.585610,0.052461,0.061457,0.280116,0.979643,0.111399,42,744719,857994,5065988,6090,0,0,0,10187,0,0,0,0,0,0,0,0,0,0,0,0,0,0,0,0,0,0,0,15830704174185838160,15830704174185838160,15830704174185838160,11368057383225395277,11368057383225395277,11368057383225395277,0,0,0,0,0,0,0,0,0,0,0
181,50,8977,8,10,0.511542,17548.90,0.232033,38688.45,0.187882,47780.09,0.179674,49962.67,0.221225,40578.66,0.201985,44443.95,0.380220,23609.99,0.513128,0.051249,0.065885,0.201985,0.832246,0.131078,35,801613,963003,5611364,6141,0,0,0,9736,0,0,0,0,0,0,0,0,0,0,0,0,0,0,0,0,0,0,0,3885327989056215173,3885327989056215173,3885327989056215173,2614337657647062772,2614337657647062772,2614337657647062772,0,0,0,0,0,0,0,0,0,0,0
182,50,8428,8,10,0.559729,15057.28,0.307237,27431.64,0.216654,38900.65,0.206593,40795.21,0.310194,27170.07,0.288115,29252.25,0.420837,20026.76,0.555917,0.053912,0.065888,0.288115,0.963831,0.121644,42,770290,861395,5208336,5868,0,0,0,10555,0,0,0,0,0,0,0,0,0,0,0,0,0,0,0,0,0,0,0,9634516161870269567,9634516161870269567,9634516161870269567,11524469865783280579,11524469865783280579,11524469865783280579,0,0,0,0,0,0,0,0,0,0,0
183,50,8087,8,10,0.521213,15515.72,0.264856,30533.57,0.196423,41171.27,0.190436,42465.62,0.267216,30263.88,0.246695,32781.33,0.369032,21914.10,0.518255,0.053124,0.055358,0.246695,0.873432,0.117634,44,759039,848829,5076476,5809,0,0,0,10546,0,0,0,0,0,0,0,0,0,0,0,0,0,0,0,0,0,0,0,15190160184281859413,15190160184281859413,15190160184281859413,13315847318960209081,13315847318960209081,13315847318960209081,0,0,0,0,0,0,0,0,0,0,0
184,50,8420,8,10,0.520735,16169.45,0.276353,30468.33,0.252723,33317.08,0.235456,35760.43,0.266868,31551.21,0.258880,32524.68,0.409908,20541.22,0.530617,0.045890,0.052963,0.258880,0.888350,0.124917,48,782591,905266,5354928,7148,0,0,0,12729,0,0,0,0,0,0,0,0,0,0,0,0,0,0,0,0,0,0,0,492315883425085911,492315883425085911,492315883425085911,10650126162185495602,10650126162185495602,10650126162185495602,0,0,0,0,0,0,0,0,0,0,0
185,50,7622,8,10,0.611550,12463.41,0.344625,22116.82,0.274288,27788.35,0.198561,38386.12,0.346348,22006.80,0.308335,24719.84,0.489515,15570.53,0.605964,0.052710,0.058657,0.308335,1.025667,0.101036,40,707649,794624,4908728,5727,0,0,0,10533,0,0,0,0,0,0,0,0,0,0,0,0,0,0,0,0,0,0,0,6790795776297342312,6790795776297342312,6790795776297342312,6148176329880387931,6148176329880387931,6148176329880387931,0,0,0,0,0,0,0,0,0,0,0
186,50,7516,8,10,0.572931,13118.50,0.325725,23074.66,0.268467,27995.99,0.240652,31231.78,0.327847,22925.30,0.300269,25030.89,0.448933,16741.92,0.570254,0.047825,0.058646,0.300269,0.976994,0.101762,42,733205,843715,5081456,6481,0,0,0,11753,0,0,0,0,0,0,0,0,0,0,0,0,0,0,0,0,0,0,0,16408038294648975633,16408038294648975633,16408038294648975633,33904861376824324,33904861376824324,33904861376824324,0,0,0,0,0,0,0,0,0,0,0
187,50,7994,8,10,0.700551,11411.02,0.458294,17442.93,0.274424,29130.06,0.261606,30557.42,0.465824,17160.98,0.443954,18006.38,0.592230,13498.14,0.696473,0.055554,0.054539,0.443954,1.250521,0.118915,45,766168,898943,5345672,7525,0,0,0,12288,0,0,0,0,0,0,0,0,0,0,0,0,0,0,0,0,0,0,0,12876374245640015938,12876374245640015938,12876374245640015938,3992362420787003767,3992362420787003767,3992362420787003767,0,0,0,0,0,0,0,0,0,0,0
188,50,7609,8,10,0.532241,14296.16,0.309846,24557.38,0.238371,31920.88,0.224313,33921.28,0.309952,24549.00,0.289866,26250.05,0.437206,17403.70,0.540902,0.045233,0.057061,0.289866,0.933063,0.101410,43,731674,838789,5069316,6513,0,0,0,11903,0,0,0,0,0,0,0,0,0,0,0,0,0,0,0,0,0,0,0,15705797013012872598,15705797013012872598,15705797013012872598,664604209685018934,664604209685018934,664604209685018934,0,0,0,0,0,0,0,0,0,0,0
189,50,7827,8,10,0.569719,13738.35,0.294845,26546.13,0.274339,28530.40,0.255077,30684.90,0.289060,27077.43,0.288375,27141.72,0.426402,18355.91,0.561821,0.054968,0.052164,0.288375,0.957328,0.112372,49,790970,915770,5426092,7361,0,0,0,13735,0,0,0,0,0,0,0,0,0,0,0,0,0,0,0,0,0,0,0,6186315911389646650,6186315911389646650,6186315911389646650,7670957885835441497,7670957885835441497,7670957885835441497,0,0,0,0,0,0,0,0,0,0,0
190,50,7789,8,10,0.478044,16293.49,0.248692,31319.87,0.233317,33383.78,0.225000,34617.80,0.247768,31436.70,0.246219,31634.43,0.363074,21452.93,0.482325,0.050952,0.078318,0.246219,0.857814,0.107661,48,751423,858683,5255380,6558,0,0,0,11989,0,0,0,0,0,0,0,0,0,0,0,0,0,0,0,0,0,0,0,911521175086686620,911521175086686620,911521175086686620,6698290769768063090,6698290769768063090,6698290769768063090,0,0,0,0,0,0,0,0,0,0,0
191,50,7414,8,10,0.687358,10786.22,0.447238,16577.29,0.287886,25753.23,0.244994,30262.00,0.425659,17417.71,0.411888,18000.04,0.560458,13228.48,0.690190,0.047410,0.057151,0.411888,1.206639,0.098975,45,729753,820458,5037080,5945,0,0,0,10384,0,0,0,0,0,0,0,0,0,0,0,0,0,0,0,0,0,0,0,8423106564742253987,8423106564742253987,8423106564742253987,9836525779326122830,9836525779326122830,9836525779326122830,0,0,0,0,0,0,0,0,0,0,0
192,50,7473,8,10,0.561562,13307.52,0.275413,27133.83,0.273736,27300.01,0.242470,30820.34,0.278154,26866.41,0.277281,26950.96,0.422650,17681.31,0.561310,0.064399,0.061907,0.277281,0.964897,0.099243,48,729839,854479,5235268,7118,0,0,0,12536,0,0,0,0,0,0,0,0,0,0,0,0,0,0,0,0,0,0,0,7537225366673704605,7537225366673704605,7537225366673704605,14882178968743626300,14882178968743626300,14882178968743626300,0,0,0,0,0,0,0,0,0,0,0
193,50,7860,8,10,0.486066,16170.64,0.256518,30641.13,0.245747,31984.05,0.233131,33714.89,0.257817,30486.73,0.255799,30727.22,0.383257,20508.45,0.501458,0.038391,0.051062,0.255799,0.846710,0.110035,49,754531,873156,5196240,7423,0,0,0,12752,0,0,0,0,0,0,0,0,0,0,0,0,0,0,0,0,0,0,0,15373595138288518047,15373595138288518047,15373595138288518047,16898192858909081518,16898192858909081518,16898192858909081518,0,0,0,0,0,0,0,0,0,0,0
194,50,7701,8,10,0.525799,14646.28,0.252374,30514.20,0.244200,31535.61,0.234405,32853.35,0.255618,30126.96,0.253968,30322.76,0.377858,20380.68,0.544321,0.038588,0.056679,0.253968,0.893556,0.110430,47,795571,907746,5393556,6690,0,0,0,13862,0,0,0,0,0,0,0,0,0,0,0,0,0,0,0,0,0,0,0,5911942001501922131,5911942001501922131,5911942001501922131,17542829993619037865,17542829993619037865,17542829993619037865,0,0,0,0,0,0,0,0,0,0,0
195,50,7729,8,10,0.570736,13542.17,0.263681,29311.93,0.244517,31609.30,0.234422,32970.50,0.267205,28925.41,0.263070,29380.01,0.406464,19015.19,0.572929,0.051176,0.054756,0.263070,0.941931,0.110051,47,800322,916342,5451556,6898,0,0,0,12982,0,0,0,0,0,0,0,0,0,0,0,0,0,0,0,0,0,0,0,3102761471451524050,3102761471451524050,3102761471451524050,15608241441686671752,15608241441686671752,15608241441686671752,0,0,0,0,0,0,0,0,0,0,0
196,50,7738,8,10,0.590783,13097.88,0.296017,26140.43,0.213307,36276.30,0.197451,39189.48,0.291033,26588.02,0.262438,29485.07,0.431813,17919.80,0.595720,0.046415,0.055101,0.262438,0.959674,0.106567,43,756958,832958,5192552,5337,0,0,0,8474,0,0,0,0,0,0,0,0,0,0,0,0,0,0,0,0,0,0,0,3665891378769833438,3665891378769833438,3665891378769833438,17239804331620592383,17239804331620592383,17239804331620592383,0,0,0,0,0,0,0,0,0,0,0
197,50,7411,8,10,0.565918,13095.53,0.245022,30246.27,0.201623,36756.65,0.194788,38046.54,0.241176,30728.57,0.234087,31659.20,0.380645,19469.60,0.567705,0.049497,0.054384,0.234087,0.905672,0.100428,42,733093,834003,4976524,5651,0,0,0,10183,0,0,0,0,0,0,0,0,0,0,0,0,0,0,0,0,0,0,0,12263410635200067469,12263410635200067469,12263410635200067469,4692581987177777647,4692581987177777647,4692581987177777647,0,0,0,0,0,0,0,0,0,0,0
198,50,7609,8,10,0.483883,15724.88,0.239898,31717.70,0.219052,34736.07,0.204658,37179.08,0.233358,32606.59,0.232696,32699.25,0.345247,22039.31,0.486571,0.048064,0.048816,0.232696,0.816147,0.104268,49,734376,825076,4975684,5767,0,0,0,10811,0,0,0,0,0,0,0,0,0,0,0,0,0,0,0,0,0,0,0,11483719704906422824,11483719704906422824,11483719704906422824,9188834588336494647,9188834588336494647,9188834588336494647,0,0,0,0,0,0,0,0,0,0,0
199,50,8239,8,10,0.524246,15715.89,0.249288,33050.10,0.214325,38441.60,0.206688,39861.93,0.244679,33672.73,0.231978,35516.29,0.393295,20948.66,0.524436,0.054037,0.059928,0.231978,0.870380,0.122647,43,789077,968702,5470460,7215,0,0,0,11430,0,0,0,0,0,0,0,0,0,0,0,0,0,0,0,0,0,0,0,1836450046116509731,1836450046116509731,1836450046116509731,1670041587561490583,1670041587561490583,1670041587561490583,0,0,0,0,0,0,0,0,0,0,0
200,50,8645,8,10,0.595183,14524.94,0.276776,31234.61,0.218077,39641.92,0.204902,42190.91,0.265612,32547.52,0.241681,35770.35,0.399621,21633.00,0.598426,0.054794,0.063958,0.241681,0.958859,0.145684,39,823915,940045,5727060,6348,0,0,0,11770,0,0,0,0,0,0,0,0,0,0,0,0,0,0,0,0,0,0,0,16541213514667625462,16541213514667625462,16541213514667625462,17068089798256336902,17068089798256336902,17068089798256336902,0,0,0,0,0,0,0,0,0,0,0
201,50,9427,8,10,0.573072,16449.95,0.269141,35026.21,0.239408,39376.36,0.227723,41396.83,0.264325,35664.44,0.247966,38017.34,0.464109,20312.05,0.573373,0.059770,0.068406,0.247966,0.949515,0.174649,42,887820,1968170,6150060,10542,0,0,0,16453,0,0,0,0,0,0,0,0,0,0,0,0,0,0,0,0,0,0,0,17176495312034401797,17176495312034401797,17176495312034401797,18269673387581434324,18269673387581434324,18269673387581434324,0,0,0,0,0,0,0,0,0,0,0
202,50,8739,8,10,0.556554,15701.98,0.255119,34254.63,0.228582,38231.28,0.221609,39434.38,0.255353,34223.28,0.246147,35503.19,0.376213,23228.86,0.558134,0.060631,0.087581,0.246147,0.952494,0.153688,43,828385,946590,5680172,6758,0,0,0,12368,0,0,0,0,0,0,0,0,0,0,0,0,0,0,0,0,0,0,0,4322358507712279681,4322358507712279681,4322358507712279681,1666735829378038708,1666735829378038708,1666735829378038708,0,0,0,0,0,0,0,0,0,0,0
203,50,8509,8,10,0.634298,13414.83,0.302176,28159.11,0.228224,37283.61,0.208916,40729.33,0.300731,28294.40,0.266708,31903.75,0.451794,18833.82,0.636091,0.057364,0.072672,0.266708,1.032835,0.143972,37,844648,972073,5785204,6679,0,0,0,10911,0,0,0,0,0,0,0,0,0,0,0,0,0,0,0,0,0,0,0,15797370718426075600,15797370718426075600,15797370718426075600,15724378194813782589,15724378194813782589,15724378194813782589,0,0,0,0,0,0,0,0,0,0,0
204,50,8761,8,10,0.698650,12539.90,0.400833,21857.01,0.268487,32630.97,0.250469,34978.39,0.388604,22544.82,0.344654,25419.71,0.532264,16459.88,0.700146,0.056996,0.070285,0.344654,1.172080,0.147159,37,853411,1009986,5744036,8227,0,0,0,14006,0,0,0,0,0,0,0,0,0,0,0,0,0,0,0,0,0,0,0,18064274897157841914,18064274897157841914,18064274897157841914,9456675281298880785,9456675281298880785,9456675281298880785,0,0,0,0,0,0,0,0,0,0,0
205,50,8559,8,10,0.660240,12963.47,0.322164,26567.19,0.249379,34321.26,0.238793,35842.71,0.314635,27202.92,0.296070,28908.75,0.473662,18069.83,0.659976,0.056175,0.063067,0.296070,1.075288,0.142012,42,846986,970691,5778460,7265,0,0,0,13693,0,0,0,0,0,0,0,0,0,0,0,0,0,0,0,0,0,0,0,1602288113592188416,1602288113592188416,1602288113592188416,8621294972751814411,8621294972751814411,8621294972751814411,0,0,0,0,0,0,0,0,0,0,0
206,50,8666,8,10,0.545594,15883.59,0.262688,32989.75,0.241615,35866.92,0.227032,38170.88,0.261048,33197.02,0.250621,34578.13,0.387819,22345.48,0.543959,0.057864,0.066395,0.250621,0.918839,0.142177,42,858739,1014499,5694760,7968,0,0,0,13579,0,0,0,0,0,0,0,0,0,0,0,0,0,0,0,0,0,0,0,14485118910091290158,14485118910091290158,14485118910091290158,675068391570343577,675068391570343577,675068391570343577,0,0,0,0,0,0,0,0,0,0,0
207,50,8764,8,10,0.613581,14283.37,0.291177,30098.51,0.248193,35311.17,0.236839,37004.04,0.286312,30609.98,0.273347,32061.76,0.432178,20278.70,0.614777,0.059159,0.065706,0.273347,1.012989,0.154927,44,848773,975198,5861680,7371,0,0,0,13274,0,0,0,0,0,0,0,0,0,0,0,0,0,0,0,0,0,0,0,13777681490426042023,13777681490426042023,13777681490426042023,9262386255599237060,9262386255599237060,9262386255599237060,0,0,0,0,0,0,0,0,0,0,0
208,50,8353,8,10,0.658824,12678.64,0.332494,25122.22,0.227144,36774.05,0.205859,40576.33,0.330758,25254.11,0.289944,28809.05,0.474452,17605.56,0.655979,0.050902,0.069790,0.289944,1.066614,0.128790,37,820319,927984,5620484,6178,0,0,0,11644,0,0,0,0,0,0,0,0,0,0,0,0,0,0,0,0,0,0,0,2064622152691016980,2064622152691016980,2064622152691016980,1509502756086014841,1509502756086014841,1509502756086014841,0,0,0,0,0,0,0,0,0,0,0
209,50,9128,8,10,0.616316,14810.59,0.304291,29997.58,0.251511,36292.63,0.240654,37930.04,0.298433,30586.47,0.286915,31814.31,0.445131,20506.30,0.620198,0.059072,0.062881,0.286915,1.029066,0.166936,43,875594,1032819,5961824,7920,0,0,0,13680,0,0,0,0,0,0,0,0,0,0,0,0,0,0,0,0,0,0,0,17037832216167515172,17037832216167515172,17037832216167515172,5702230444714187138,5702230444714187138,5702230444714187138,0,0,0,0,0,0,0,0,0,0,0
210,50,8252,8,10,0.580550,14214.11,0.297942,27696.64,0.271986,30339.84,0.244637,33731.56,0.281148,29351.13,0.275655,29935.96,0.407372,20256.68,0.579543,0.052682,0.056896,0.275655,0.964776,0.128014,45,813593,917803,5627344,6636,0,0,0,12002,0,0,0,0,0,0,0,0,0,0,0,0,0,0,0,0,0,0,0,16367510528493820466,16367510528493820466,16367510528493820466,10654851176070037386,10654851176070037386,10654851176070037386,0,0,0,0,0,0,0,0,0,0,0
211,50,8246,8,10,0.606050,13606.14,0.297575,27710.66,0.248430,33192.39,0.237458,34726.16,0.293215,28122.67,0.277080,29760.37,0.450175,18317.33,0.615928,0.048924,0.058860,0.277080,1.000791,0.128907,44,821058,965963,5623224,7668,0,0,0,13183,0,0,0,0,0,0,0,0,0,0,0,0,0,0,0,0,0,0,0,9756142517091998680,9756142517091998680,9756142517091998680,2018690512210193880,2018690512210193880,2018690512210193880,0,0,0,0,0,0,0,0,0,0,0
212,50,8143,8,10,0.558467,14580.98,0.272247,29910.29,0.223463,36440.07,0.218331,37296.51,0.272731,29857.29,0.252194,32288.63,0.394292,20652.23,0.556605,0.055509,0.059846,0.252194,0.924154,0.123889,43,798234,919979,5467644,6824,0,0,0,11956,0,0,0,0,0,0,0,0,0,0,0,0,0,0,0,0,0,0,0,8746765016791960300,8746765016791960300,8746765016791960300,14802774310768425763,14802774310768425763,14802774310768425763,0,0,0,0,0,0,0,0,0,0,0
213,50,8260,8,10,0.639538,12915.57,0.347966,23737.98,0.296409,27866.94,0.237663,34755.07,0.340385,24266.62,0.283969,29087.70,0.476669,17328.57,0.634005,0.055305,0.068511,0.283969,1.041790,0.141038,37,828517,962422,5687248,7125,0,0,0,12360,0,0,0,0,0,0,0,0,0,0,0,0,0,0,0,0,0,0,0,6531551939806619690,6531551939806619690,6531551939806619690,13423790421571159325,13423790421571159325,13423790421571159325,0,0,0,0,0,0,0,0,0,0,0
214,50,8509,8,10,0.578185,14716.75,0.275216,30917.49,0.240095,35440.16,0.227378,37422.20,0.268398,31702.91,0.256969,33112.93,0.405587,20979.48,0.581434,0.056905,0.065925,0.256969,0.961234,0.140076,42,837053,961513,5849876,7321,0,0,0,12941,0,0,0,0,0,0,0,0,0,0,0,0,0,0,0,0,0,0,0,4234930987386974785,4234930987386974785,4234930987386974785,11302453304692402427,11302453304692402427,11302453304692402427,0,0,0,0,0,0,0,0,0,0,0
215,50,8710,8,10,0.570515,15266.91,0.269079,32369.71,0.221631,39299.62,0.211377,41205.96,0.266508,32682.01,0.249561,34901.27,0.409004,21295.64,0.573081,0.056070,0.066356,0.249561,0.945068,0.145660,40,833697,972147,5740184,7485,0,0,0,12315,0,0,0,0,0,0,0,0,0,0,0,0,0,0,0,0,0,0,0,6633946182828914524,6633946182828914524,6633946182828914524,13009110085587050333,13009110085587050333,13009110085587050333,0,0,0,0,0,0,0,0,0,0,0
216,50,8096,8,10,0.648673,12480.87,0.318795,25395.63,0.223490,36225.31,0.212199,38152.90,0.314993,25702.15,0.284936,28413.44,0.463400,17470.89,0.640342,0.067300,0.075492,0.284936,1.068070,0.127757,41,803381,903811,5540576,6048,0,0,0,11046,0,0,0,0,0,0,0,0,0,0,0,0,0,0,0,0,0,0,0,17702853188171878521,17702853188171878521,17702853188171878521,5043495060485984839,5043495060485984839,5043495060485984839,0,0,0,0,0,0,0,0,0,0,0
217,50,8304,8,10,0.581262,14286.15,0.279993,29657.93,0.215870,38467.58,0.201736,41162.74,0.272220,30504.69,0.249273,33312.82,0.404462,20530.98,0.583580,0.052844,0.065114,0.249273,0.950811,0.134403,40,812057,918437,5630784,5923,0,0,0,10064,0,0,0,0,0,0,0,0,0,0,0,0,0,0,0,0,0,0,0,8356293254873362764,8356293254873362764,8356293254873362764,10617522694342857261,10617522694342857261,10617522694342857261,0,0,0,0,0,0,0,0,0,0,0
218,50,8633,8,10,0.653651,13207.35,0.320015,26976.83,0.244335,35332.59,0.228403,37797.21,0.308772,27959.14,0.271464,31801.66,0.470622,18343.80,0.648905,0.057338,0.065012,0.271464,1.042718,0.145611,41,830201,975831,5820868,7419,0,0,0,12453,0,0,0,0,0,0,0,0,0,0,0,0,0,0,0,0,0,0,0,13350206583266043614,13350206583266043614,13350206583266043614,3173587598755246613,3173587598755246613,3173587598755246613,0,0,0,0,0,0,0,0,0,0,0
219,50,8042,8,10,0.557218,14432.40,0.262605,30623.93,0.218171,36860.95,0.208486,38573.32,0.258578,31100.85,0.242271,33194.29,0.388694,20689.80,0.559723,0.051636,0.061625,0.242271,0.915255,0.132573,41,791472,908127,5587592,6176,0,0,0,11418,0,0,0,0,0,0,0,0,0,0,0,0,0,0,0,0,0,0,0,17324719888945851967,17324719888945851967,17324719888945851967,8933024510436754587,8933024510436754587,8933024510436754587,0,0,0,0,0,0,0,0,0,0,0
220,50,8809,8,10,0.591558,14891.19,0.270747,32535.91,0.226495,38892.68,0.215961,40789.83,0.261204,33724.60,0.247675,35566.71,0.436351,20187.86,0.594289,0.058353,0.065394,0.247675,0.965712,0.145386,41,840625,1366515,5829892,8869,0,0,0,13955,0,0,0,0,0,0,0,0,0,0,0,0,0,0,0,0,0,0,0,11252169410440335456,11252169410440335456,11252169410440335456,12401839627734560779,12401839627734560779,12401839627734560779,0,0,0,0,0,0,0,0,0,0,0
221,50,8366,8,10,0.582832,14354.05,0.268853,31117.36,0.239925,34869.30,0.227400,36789.74,0.268108,31203.82,0.251665,33242.55,0.395165,21170.89,0.584974,0.054306,0.067185,0.251665,0.958130,0.134971,43,820065,939705,5723832,6835,0,0,0,12386,0,0,0,0,0,0,0,0,0,0,0,0,0,0,0,0,0,0,0,10494364031997311737,10494364031997311737,10494364031997311737,12986932917619616206,12986932917619616206,12986932917619616206,0,0,0,0,0,0,0,0,0,0,0
222,50,9238,8,10,0.627571,14720.25,0.298035,30996.34,0.246326,37503.19,0.233651,39537.66,0.291428,31699.08,0.274108,33702.07,0.476701,19379.02,0.623417,0.061421,0.064783,0.274108,1.023729,0.159579,43,873491,1218051,6038168,10172,0,0,0,15095,0,0,0,0,0,0,0,0,0,0,0,0,0,0,0,0,0,0,0,17025091691364651492,17025091691364651492,17025091691364651492,12632959034271094960,12632959034271094960,12632959034271094960,0,0,0,0,0,0,0,0,0,0,0
223,50,8683,8,10,0.536923,16171.76,0.254745,34085.03,0.209263,41493.26,0.200118,43389.47,0.252096,34443.18,0.234427,37039.19,0.392915,22098.90,0.550966,0.043125,0.062221,0.234427,0.890739,0.136855,44,815393,1048178,5821644,8319,0,0,0,12812,0,0,0,0,0,0,0,0,0,0,0,0,0,0,0,0,0,0,0,13454741511914184449,13454741511914184449,13454741511914184449,1856215065149456774,1856215065149456774,1856215065149456774,0,0,0,0,0,0,0,0,0,0,0
224,50,8797,8,10,0.610417,14411.46,0.292777,30046.72,0.236206,37242.98,0.222513,39534.73,0.278425,31595.60,0.255767,34394.62,0.448069,19633.14,0.613008,0.054394,0.091173,0.255767,1.014341,0.148228,39,839055,1063180,5907796,8023,0,0,0,13093,0,0,0,0,0,0,0,0,0,0,0,0,0,0,0,0,0,0,0,817653392921498454,817653392921498454,817653392921498454,15967521000269291335,15967521000269291335,15967521000269291335,0,0,0,0,0,0,0,0,0,0,0
225,50,8190,8,10,0.580372,14111.64,0.264234,30995.20,0.220675,37113.43,0.207151,39536.44,0.255469,32058.72,0.239809,34152.22,0.396878,20636.05,0.579550,0.052950,0.059697,0.239809,0.932005,0.127971,41,801711,906936,5744152,6354,0,0,0,11359,0,0,0,0,0,0,0,0,0,0,0,0,0,0,0,0,0,0,0,1539494838126440838,1539494838126440838,1539494838126440838,2184176314473945469,2184176314473945469,2184176314473945469,0,0,0,0,0,0,0,0,0,0,0
226,50,7772,8,10,0.612797,12682.82,0.276588,28099.60,0.228730,33978.91,0.197476,39356.59,0.268603,28934.90,0.243630,31900.82,0.410501,18932.97,0.612225,0.055305,0.063873,0.243630,0.975033,0.120588,38,783505,902565,5549616,6165,0,0,0,11381,0,0,0,0,0,0,0,0,0,0,0,0,0,0,0,0,0,0,0,8675140037291765083,8675140037291765083,8675140037291765083,7103876425538224168,7103876425538224168,7103876425538224168,0,0,0,0,0,0,0,0,0,0,0
227,50,8087,8,10,0.653842,12368.44,0.326320,24782.41,0.228398,35407.55,0.204240,39595.53,0.318770,25369.39,0.266352,30362.07,0.462700,17477.84,0.656050,0.051789,0.069751,0.266352,1.043942,0.133600,33,811018,931008,5647772,6529,0,0,0,11067,0,0,0,0,0,0,0,0,0,0,0,0,0,0,0,0,0,0,0,12349512129471925842,12349512129471925842,12349512129471925842,15900561423233281131,15900561423233281131,15900561423233281131,0,0,0,0,0,0,0,0,0,0,0
228,50,8272,8,10,0.723682,11430.44,0.342910,24122.97,0.225794,36635.19,0.199098,41547.41,0.323885,25539.90,0.291230,28403.64,0.520658,15887.58,0.726428,0.053159,0.059689,0.291230,1.130507,0.136369,40,790625,893160,5577344,6001,0,0,0,9704,0,0,0,0,0,0,0,0,0,0,0,0,0,0,0,0,0,0,0,11638983861693322965,11638983861693322965,11638983861693322965,16432276832916230105,16432276832916230105,16432276832916230105,0,0,0,0,0,0,0,0,0,0,0
229,50,8255,8,10,0.844960,9769.69,0.428176,19279.45,0.237470,34762.32,0.212730,38805.06,0.403550,20455.96,0.318074,25953.07,0.638560,12927.52,0.841868,0.054599,0.070718,0.318074,1.285260,0.135061,33,836164,943689,5677532,6282,0,0,0,8390,0,0,0,0,0,0,0,0,0,0,0,0,0,0,0,0,0,0,0,5300306851160220625,5300306851160220625,5300306851160220625,10224486868639205876,10224486868639205876,10224486868639205876,0,0,0,0,0,0,0,0,0,0,0
230,50,8796,8,10,0.742576,11845.26,0.360001,24433.27,0.220822,39832.96,0.204235,43068.03,0.316476,27793.57,0.285897,30766.34,0.541699,16237.81,0.741553,0.053711,0.066356,0.285897,1.147518,0.154342,36,828606,991826,5740688,6849,0,0,0,9272,0,0,0,0,0,0,0,0,0,0,0,0,0,0,0,0,0,0,0,11509673966422667804,11509673966422667804,11509673966422667804,8097276144763581674,8097276144763581674,8097276144763581674,0,0,0,0,0,0,0,0,0,0,0
231,50,8205,8,10,0.751157,10923.15,0.354370,23153.77,0.230561,35587.06,0.200707,40880.49,0.331133,24778.59,0.288076,28482.05,0.548151,14968.49,0.739571,0.051109,0.064058,0.288076,1.142814,0.128035,36,793004,980964,5448884,7433,0,0,0,9594,0,0,0,0,0,0,0,0,0,0,0,0,0,0,0,0,0,0,0,8284325596137763383,8284325596137763383,8284325596137763383,1801273878518664002,1801273878518664002,1801273878518664002,0,0,0,0,0,0,0,0,0,0,0
232,50,8363,8,10,0.792729,10549.64,0.371681,22500.48,0.237151,35264.49,0.230726,36246.46,0.344409,24282.15,0.309644,27008.46,0.586370,14262.32,0.791195,0.052610,0.064488,0.309644,1.217936,0.139325,37,801969,933554,5588300,6477,0,0,0,8473,0,0,0,0,0,0,0,0,0,0,0,0,0,0,0,0,0,0,0,7579250953084341089,7579250953084341089,7579250953084341089,12352204575303264957,12352204575303264957,12352204575303264957,0,0,0,0,0,0,0,0,0,0,0
233,50,7715,8,10,0.788268,9787.28,0.375552,20543.09,0.236151,32669.73,0.229689,33588.84,0.349547,22071.41,0.295990,26065.03,0.554454,13914.58,0.777409,0.053183,0.063984,0.295990,1.190566,0.116178,31,751084,833674,5579820,5530,0,0,0,5880,0,0,0,0,0,0,0,0,0,0,0,0,0,0,0,0,0,0,0,4933088266462406900,4933088266462406900,4933088266462406900,5205409820229259153,5205409820229259153,5205409820229259153,0,0,0,0,0,0,0,0,0,0,0
234,50,8610,8,10,0.856559,10051.85,0.348082,24735.58,0.228307,37712.38,0.215644,39926.89,0.312268,27572.47,0.272505,31595.71,0.516833,16659.17,0.850468,0.063925,0.077971,0.272505,1.264869,0.169186,34,951465,1059550,6313256,6854,0,0,0,10264,0,0,0,0,0,0,0,0,0,0,0,0,0,0,0,0,0,0,0,5393320039660690527,5393320039660690527,5393320039660690527,9866035033932876278,9866035033932876278,9866035033932876278,0,0,0,0,0,0,0,0,0,0,0
235,50,8029,8,10,0.786771,10205.00,0.361125,22233.31,0.238314,33690.86,0.240914,33327.30,0.324116,24771.98,0.292772,27424.04,0.530983,15121.01,0.785327,0.052386,0.062574,0.292772,1.193059,0.135196,34,791724,895529,5387188,5851,0,0,0,5067,0,0,0,0,0,0,0,0,0,0,0,0,0,0,0,0,0,0,0,8331486452944026635,8331486452944026635,8331486452944026635,7094389954552448995,7094389954552448995,7094389954552448995,0,0,0,0,0,0,0,0,0,0,0
236,50,8038,8,10,0.656737,12239.30,0.313986,25599.87,0.218783,36739.60,0.205027,39204.57,0.294641,27280.65,0.253156,31751.23,0.453450,17726.32,0.654611,0.053389,0.064114,0.253156,1.025269,0.135971,33,790099,885459,5388344,5856,0,0,0,9361,0,0,0,0,0,0,0,0,0,0,0,0,0,0,0,0,0,0,0,10628546649175656,10628546649175656,10628546649175656,10064971779052839522,10064971779052839522,10064971779052839522,0,0,0,0,0,0,0,0,0,0,0
237,50,8426,8,10,0.642281,13118.86,0.271453,31040.37,0.218363,38587.09,0.209529,40214.05,0.259963,32412.28,0.248066,33966.76,0.416798,20216.05,0.644596,0.052761,0.061511,0.248066,1.006934,0.144266,42,816843,917388,5743752,5920,0,0,0,10869,0,0,0,0,0,0,0,0,0,0,0,0,0,0,0,0,0,0,0,10399913504968356902,10399913504968356902,10399913504968356902,17487960584852023997,17487960584852023997,17487960584852023997,0,0,0,0,0,0,0,0,0,0,0
238,50,8473,8,10,0.742666,11408.90,0.333183,25430.50,0.204253,41482.92,0.188251,45009.15,0.311247,27222.74,0.262516,32276.17,0.521797,16238.11,0.745942,0.053036,0.067124,0.262516,1.128617,0.136665,33,821396,967666,5598436,6416,0,0,0,8416,0,0,0,0,0,0,0,0,0,0,0,0,0,0,0,0,0,0,0,1310611213031438189,1310611213031438189,1310611213031438189,18147906571640287639,18147906571640287639,18147906571640287639,0,0,0,0,0,0,0,0,0,0,0
239,50,7313,8,10,0.824255,8872.26,0.371736,19672.56,0.235202,31092.46,0.236899,30869.65,0.340654,21467.50,0.285624,25603.55,0.561338,13027.79,0.820628,0.049025,0.067826,0.285624,1.223103,0.106137,30,771833,872663,5125252,5379,0,0,0,4273,0,0,0,0,0,0,0,0,0,0,0,0,0,0,0,0,0,0,0,9444850422972986119,9444850422972986119,9444850422972986119,15505610364373942986,15505610364373942986,15505610364373942986,0,0,0,0,0,0,0,0,0,0,0
240,50,7923,8,10,0.870217,9104.63,0.408161,19411.48,0.240918,32886.74,0.244553,32397.94,0.377434,20991.74,0.311550,25430.90,0.610612,12975.51,0.863512,0.055902,0.070884,0.311550,1.301848,0.126933,28,775080,854990,5438444,5132,0,0,0,4922,0,0,0,0,0,0,0,0,0,0,0,0,0,0,0,0,0,0,0,3460982886886454684,3460982886886454684,3460982886886454684,14389803447747943830,14389803447747943830,14389803447747943830,0,0,0,0,0,0,0,0,0,0,0
241,50,8293,8,10,0.912942,9083.82,0.412535,20102.55,0.241817,34294.46,0.241220,34379.37,0.379218,21868.67,0.343094,24171.21,0.634848,13062.98,0.908057,0.053698,0.063302,0.343094,1.368152,0.128289,37,794710,905655,5357204,5469,0,0,0,6472,0,0,0,0,0,0,0,0,0,0,0,0,0,0,0,0,0,0,0,2909947173663273288,2909947173663273288,2909947173663273288,12625739715320321466,12625739715320321466,12625739715320321466,0,0,0,0,0,0,0,0,0,0,0
242,50,8850,8,10,0.592091,14947.03,0.275800,32088.53,0.197733,44757.39,0.184692,47917.72,0.269772,32805.53,0.234994,37660.61,0.410746,21546.17,0.588393,0.054843,0.070092,0.234994,0.948321,0.147941,35,820942,962182,5635272,6337,0,0,0,9666,0,0,0,0,0,0,0,0,0,0,0,0,0,0,0,0,0,0,0,16921291139768733301,16921291139768733301,16921291139768733301,13829939993238659267,13829939993238659267,13829939993238659267,0,0,0,0,0,0,0,0,0,0,0
243,50,8309,8,10,0.636065,13063.13,0.302984,27423.92,0.200406,41460.82,0.183050,45392.08,0.291192,28534.47,0.244026,34049.68,0.449003,18505.44,0.641442,0.049166,0.062303,0.244026,0.996936,0.122947,36,787176,878876,5628276,5460,0,0,0,9408,0,0,0,0,0,0,0,0,0,0,0,0,0,0,0,0,0,0,0,12141487094584189270,12141487094584189270,12141487094584189270,10797389016594721055,10797389016594721055,10797389016594721055,0,0,0,0,0,0,0,0,0,0,0
244,50,8718,8,10,0.613085,14219.88,0.295927,29459.99,0.192130,45375.61,0.182620,47738.42,0.290242,30036.98,0.255167,34165.90,0.427896,20374.09,0.612335,0.050871,0.065859,0.255167,0.984232,0.144262,35,796028,891818,5838360,5582,0,0,0,9542,0,0,0,0,0,0,0,0,0,0,0,0,0,0,0,0,0,0,0,793183052609940560,793183052609940560,793183052609940560,3622741385893187407,3622741385893187407,3622741385893187407,0,0,0,0,0,0,0,0,0,0,0
245,50,8281,8,10,0.633250,13076.98,0.322856,25649.17,0.193400,42818.07,0.177099,46759.17,0.309613,26746.27,0.253906,32614.49,0.463940,17849.29,0.633578,0.052595,0.069753,0.253906,1.009832,0.126062,30,789582,886582,5602340,5587,0,0,0,7845,0,0,0,0,0,0,0,0,0,0,0,0,0,0,0,0,0,0,0,16693699665743936580,16693699665743936580,16693699665743936580,408681710657762551,408681710657762551,408681710657762551,0,0,0,0,0,0,0,0,0,0,0
246,50,8248,8,10,0.697878,11818.68,0.339383,24302.93,0.204943,40245.39,0.181394,45470.04,0.318357,25908.04,0.269319,30625.37,0.510676,16151.13,0.705006,0.046406,0.067003,0.269319,1.087734,0.138475,33,768269,869999,5649344,5589,0,0,0,8135,0,0,0,0,0,0,0,0,0,0,0,0,0,0,0,0,0,0,0,9838074934054448917,9838074934054448917,9838074934054448917,243977123156654931,243977123156654931,243977123156654931,0,0,0,0,0,0,0,0,0,0,0
247,50,9506,8,10,0.728238,13053.42,0.342186,27780.20,0.225791,42100.80,0.193190,49205.56,0.313130,30357.99,0.290311,32744.20,0.499715,19022.84,0.726277,0.056623,0.065024,0.290311,1.138235,0.165063,38,850350,977265,5919912,6301,0,0,0,8229,0,0,0,0,0,0,0,0,0,0,0,0,0,0,0,0,0,0,0,7373912837026302915,7373912837026302915,7373912837026302915,4284318075327421704,4284318075327421704,4284318075327421704,0,0,0,0,0,0,0,0,0,0,0
248,50,8702,8,10,0.784745,11088.95,0.353571,24611.73,0.204656,42520.05,0.182718,47625.40,0.331017,26288.66,0.296828,29316.65,0.520507,16718.31,0.784324,0.055730,0.065107,0.296828,1.201989,0.140149,37,788753,899358,5637144,5823,0,0,0,6573,0,0,0,0,0,0,0,0,0,0,0,0,0,0,0,0,0,0,0,6281625190614941257,6281625190614941257,6281625190614941257,11321488575361941335,11321488575361941335,11321488575361941335,0,0,0,0,0,0,0,0,0,0,0
249,50,8417,8,10,0.622546,13520.28,0.285042,29528.98,0.193366,43528.88,0.175977,47829.98,0.274663,30644.84,0.256796,32777.03,0.405810,20741.23,0.624794,0.050194,0.058687,0.256796,0.990471,0.140806,36,775565,858355,5712484,5289,0,0,0,8709,0,0,0,0,0,0,0,0,0,0,0,0,0,0,0,0,0,0,0,6866911178136742150,6866911178136742150,6866911178136742150,6086552121305716371,6086552121305716371,6086552121305716371,0,0,0,0,0,0,0,0,0,0,0
250,50,9155,8,10,0.639874,14307.51,0.288122,31774.75,0.203158,45063.45,0.190946,47945.37,0.275497,33230.83,0.248466,36846.10,0.431149,21233.94,0.642620,0.058402,0.068431,0.248466,1.017919,0.159398,35,838208,937793,5924332,5619,0,0,0,9507,0,0,0,0,0,0,0,0,0,0,0,0,0,0,0,0,0,0,0,15275880562914718764,15275880562914718764,15275880562914718764,15669388597405624889,15669388597405624889,15669388597405624889,0,0,0,0,0,0,0,0,0,0,0
251,50,8157,8,10,0.651383,12522.58,0.317839,25663.96,0.241045,33840.11,0.212033,38470.42,0.308044,26479.97,0.270627,30141.09,0.463427,17601.46,0.650678,0.055472,0.064517,0.270627,1.041295,0.129169,33,775992,864417,5508372,5345,0,0,0,9178,0,0,0,0,0,0,0,0,0,0,0,0,0,0,0,0,0,0,0,7289629290323290050,7289629290323290050,7289629290323290050,9925979209961554467,9925979209961554467,9925979209961554467,0,0,0,0,0,0,0,0,0,0,0
252,50,8814,8,10,0.593042,14862.35,0.255368,34514.87,0.204634,43072.04,0.193130,45637.69,0.246492,35757.74,0.226580,38900.19,0.387820,22727.02,0.590512,0.055490,0.065948,0.226580,0.938530,0.155525,38,814275,915750,5696056,5797,0,0,0,9685,0,0,0,0,0,0,0,0,0,0,0,0,0,0,0,0,0,0,0,9005606952139675354,9005606952139675354,9005606952139675354,12313992032445685540,12313992032445685540,12313992032445685540,0,0,0,0,0,0,0,0,0,0,0
253,50,8998,8,10,0.698695,12878.29,0.326153,27588.24,0.206918,43485.79,0.194792,46192.78,0.300385,29954.86,0.254327,35379.67,0.489737,18373.11,0.698084,0.056624,0.078409,0.254327,1.087444,0.158380,34,832823,950788,5809016,6397,0,0,0,8423,0,0,0,0,0,0,0,0,0,0,0,0,0,0,0,0,0,0,0,16412512901414029390,16412512901414029390,16412512901414029390,10201759462911052657,10201759462911052657,10201759462911052657,0,0,0,0,0,0,0,0,0,0,0
254,50,8721,8,10,0.608932,14321.79,0.260996,33414.30,0.207478,42033.30,0.190369,45810.93,0.254874,34216.88,0.236172,36926.48,0.410694,21234.78,0.607463,0.053877,0.065703,0.236172,0.963214,0.148693,37,810809,957244,5616804,6360,0,0,0,9804,0,0,0,0,0,0,0,0,0,0,0,0,0,0,0,0,0,0,0,12904637581074561557,12904637581074561557,12904637581074561557,17584242087586024685,17584242087586024685,17584242087586024685,0,0,0,0,0,0,0,0,0,0,0
255,50,8409,8,10,0.707776,11880.88,0.339936,24737.01,0.226134,37185.90,0.207347,40555.25,0.328569,25592.76,0.295245,28481.39,0.517701,16242.97,0.728619,0.033528,0.063970,0.295245,1.121363,0.133335,38,794519,904624,5547780,6294,0,0,0,9964,0,0,0,0,0,0,0,0,0,0,0,0,0,0,0,0,0,0,0,15288158037639775432,15288158037639775432,15288158037639775432,4317404021890689908,4317404021890689908,4317404021890689908,0,0,0,0,0,0,0,0,0,0,0
256,50,8227,8,10,0.717310,11469.24,0.335106,24550.44,0.222827,36920.98,0.217967,37744.18,0.310314,26511.83,0.298333,27576.52,0.508608,16175.53,0.719066,0.048223,0.061448,0.298333,1.127071,0.128782,39,761151,862076,5141772,5640,0,0,0,6464,0,0,0,0,0,0,0,0,0,0,0,0,0,0,0,0,0,0,0,5751042031965227903,5751042031965227903,5751042031965227903,11629063013528333611,11629063013528333611,11629063013528333611,0,0,0,0,0,0,0,0,0,0,0
257,50,8291,8,10,0.849303,9762.12,0.389644,21278.38,0.232775,35618.10,0.198287,41813.05,0.369201,22456.62,0.325156,25498.52,0.584008,14196.72,0.846189,0.053397,0.066434,0.325156,1.291176,0.134057,33,788474,877344,5415532,5253,0,0,0,6552,0,0,0,0,0,0,0,0,0,0,0,0,0,0,0,0,0,0,0,4492894925278387927,4492894925278387927,4492894925278387927,4905927020946768424,4905927020946768424,4905927020946768424,0,0,0,0,0,0,0,0,0,0,0
258,50,8653,8,10,0.676219,12796.15,0.323290,26765.45,0.222971,38807.67,0.212552,40710.09,0.303896,28473.55,0.279932,30911.13,0.486775,17776.19,0.682057,0.056916,0.074020,0.279932,1.092924,0.141898,38,802740,930785,5765012,6865,0,0,0,10295,0,0,0,0,0,0,0,0,0,0,0,0,0,0,0,0,0,0,0,6434253018824435840,6434253018824435840,6434253018824435840,10351308358563328273,10351308358563328273,10351308358563328273,0,0,0,0,0,0,0,0,0,0,0
259,50,9140,8,10,0.735876,12420.56,0.328842,27794.50,0.216930,42133.38,0.218298,41869.29,0.307839,29690.82,0.289287,31594.89,0.530447,17230.76,0.737725,0.055965,0.065354,0.289287,1.148331,0.157046,38,820227,941422,5881296,6317,0,0,0,7468,0,0,0,0,0,0,0,0,0,0,0,0,0,0,0,0,0,0,0,6464073938139057938,6464073938139057938,6464073938139057938,10447414911695140789,10447414911695140789,10447414911695140789,0,0,0,0,0,0,0,0,0,0,0
260,50,8608,8,10,0.686336,12541.97,0.310041,27764.05,0.204491,42094.81,0.190917,45087.74,0.291985,29480.92,0.262809,32753.88,0.474405,18144.85,0.686754,0.052571,0.060779,0.262809,1.062913,0.139379,35,775382,874012,5632800,5618,0,0,0,8634,0,0,0,0,0,0,0,0,0,0,0,0,0,0,0,0,0,0,0,1572443994821404462,1572443994821404462,1572443994821404462,14851464525976072375,14851464525976072375,14851464525976072375,0,0,0,0,0,0,0,0,0,0,0
261,50,8336,8,10,0.688247,12111.93,0.321838,25901.26,0.204258,40811.20,0.192858,43223.56,0.302275,27577.56,0.256548,32492.97,0.492020,16942.40,0.689478,0.049337,0.063640,0.256548,1.059003,0.131878,34,775358,888968,5616832,6119,0,0,0,10208,0,0,0,0,0,0,0,0,0,0,0,0,0,0,0,0,0,0,0,12331337488968903174,12331337488968903174,12331337488968903174,5277315769079134237,5277315769079134237,5277315769079134237,0,0,0,0,0,0,0,0,0,0,0
262,50,8712,8,10,0.662978,13140.71,0.312689,27861.51,0.218106,39943.88,0.199228,43728.79,0.297282,29305.52,0.271248,32118.25,0.466372,18680.38,0.663875,0.048488,0.064823,0.271248,1.048433,0.148718,36,792920,899320,5725472,5620,0,0,0,8665,0,0,0,0,0,0,0,0,0,0,0,0,0,0,0,0,0,0,0,9836709549069418407,9836709549069418407,9836709549069418407,17729644096845584446,17729644096845584446,17729644096845584446,0,0,0,0,0,0,0,0,0,0,0
263,50,8494,8,10,0.611075,13900.10,0.275078,30878.56,0.199267,42626.29,0.184425,46056.73,0.263018,32294.37,0.231110,36753.05,0.427310,19877.86,0.611885,0.052721,0.060481,0.231110,0.956197,0.136643,35,774451,888761,5575416,5849,0,0,0,9831,0,0,0,0,0,0,0,0,0,0,0,0,0,0,0,0,0,0,0,16064802358908145811,16064802358908145811,16064802358908145811,16733129383221647716,16733129383221647716,16733129383221647716,0,0,0,0,0,0,0,0,0,0,0
264,50,8699,8,10,0.627863,13854.92,0.288887,30112.12,0.219224,39680.79,0.206450,42136.10,0.282879,30751.61,0.267832,32479.32,0.436733,19918.34,0.629060,0.054342,0.059665,0.267832,1.010899,0.146858,39,806333,918478,5757580,6281,0,0,0,10468,0,0,0,0,0,0,0,0,0,0,0,0,0,0,0,0,0,0,0,6642113238270133872,6642113238270133872,6642113238270133872,17921188731709861054,17921188731709861054,17921188731709861054,0,0,0,0,0,0,0,0,0,0,0
265,50,9441,8,10,0.798776,11819.33,0.381587,24741.44,0.235688,40057.14,0.192938,48932.82,0.351573,26853.58,0.312857,30176.74,0.569284,16584.00,0.802259,0.057635,0.070481,0.312857,1.243232,0.159014,37,841977,955287,5907300,6089,0,0,0,7526,0,0,0,0,0,0,0,0,0,0,0,0,0,0,0,0,0,0,0,14908986574242020810,14908986574242020810,14908986574242020810,18303948925041168742,18303948925041168742,18303948925041168742,0,0,0,0,0,0,0,0,0,0,0
266,50,8397,8,10,0.800508,10489.59,0.357369,23496.75,0.212460,39522.72,0.202379,41491.45,0.337189,24902.93,0.286642,29294.42,0.575652,14586.94,0.796911,0.054352,0.066379,0.286642,1.204283,0.133163,33,781746,874096,5443124,5576,0,0,0,7681,0,0,0,0,0,0,0,0,0,0,0,0,0,0,0,0,0,0,0,12301647952831749569,12301647952831749569,12301647952831749569,12737308601637157561,12737308601637157561,12737308601637157561,0,0,0,0,0,0,0,0,0,0,0
267,50,8848,8,10,0.674978,13108.57,0.308496,28681.06,0.214639,41222.70,0.200166,44203.25,0.292765,30222.18,0.261408,33847.51,0.472847,18712.20,0.675715,0.054058,0.068454,0.261408,1.059635,0.148095,35,820874,986214,5750208,5953,0,0,0,10542,0,0,0,0,0,0,0,0,0,0,0,0,0,0,0,0,0,0,0,16760833405109773947,16760833405109773947,16760833405109773947,4279354109878721047,4279354109878721047,4279354109878721047,0,0,0,0,0,0,0,0,0,0,0
268,50,9142,8,10,0.645499,14162.69,0.322805,28320.52,0.224460,40728.80,0.211733,43176.97,0.311403,29357.44,0.267639,34157.92,0.468717,19504.29,0.647850,0.060533,0.074923,0.267639,1.050945,0.153662,35,835512,945152,5801592,6221,0,0,0,9963,0,0,0,0,0,0,0,0,0,0,0,0,0,0,0,0,0,0,0,12589899624608867446,12589899624608867446,12589899624608867446,1612806083372621190,1612806083372621190,1612806083372621190,0,0,0,0,0,0,0,0,0,0,0
269,50,8775,8,10,0.667332,13149.38,0.300239,29226.75,0.218822,40101.14,0.207005,42390.35,0.283193,30985.90,0.251744,34856.87,0.461881,18998.39,0.654171,0.058392,0.064811,0.251744,1.029118,0.150617,35,810982,924072,5656988,6332,0,0,0,9543,0,0,0,0,0,0,0,0,0,0,0,0,0,0,0,0,0,0,0,16089982074320290422,16089982074320290422,16089982074320290422,6434191854574847670,6434191854574847670,6434191854574847670,0,0,0,0,0,0,0,0,0,0,0
270,50,9073,8,10,0.687368,13199.63,0.325684,27858.29,0.235735,38488.17,0.226114,40125.77,0.322860,28101.95,0.306201,29630.83,0.481383,18847.79,0.691504,0.055185,0.063218,0.306201,1.116108,0.161839,42,852355,969105,5979172,6448,0,0,0,11101,0,0,0,0,0,0,0,0,0,0,0,0,0,0,0,0,0,0,0,8492850542779758894,8492850542779758894,8492850542779758894,12037589794974742608,12037589794974742608,12037589794974742608,0,0,0,0,0,0,0,0,0,0,0
271,50,8195,8,10,0.626360,13083.53,0.262971,31163.11,0.213193,38439.35,0.206625,39661.19,0.257628,31809.48,0.243440,33663.28,0.420998,19465.66,0.626724,0.051752,0.055060,0.243440,0.976976,0.127053,43,781876,882901,5347116,5688,0,0,0,10626,0,0,0,0,0,0,0,0,0,0,0,0,0,0,0,0,0,0,0,4210727892918066859,4210727892918066859,4210727892918066859,18380674039947423521,18380674039947423521,18380674039947423521,0,0,0,0,0,0,0,0,0,0,0
272,50,8363,8,10,0.692384,12078.55,0.314341,26604.83,0.223039,37495.66,0.200499,41711.03,0.299916,27884.51,0.260975,32045.24,0.473373,17666.83,0.690164,0.054012,0.062335,0.260975,1.067486,0.128771,37,790187,885332,5370956,5776,0,0,0,9525,0,0,0,0,0,0,0,0,0,0,0,0,0,0,0,0,0,0,0,3541234818738872014,3541234818738872014,3541234818738872014,11852175413984039957,11852175413984039957,11852175413984039957,0,0,0,0,0,0,0,0,0,0,0
273,50,8763,8,10,0.812903,10779.89,0.380131,23052.60,0.253621,34551.55,0.227627,38497.24,0.349843,25048.35,0.304812,28748.83,0.578172,15156.38,0.812703,0.052133,0.065295,0.304812,1.234944,0.149850,35,808405,910930,5645868,5868,0,0,0,8226,0,0,0,0,0,0,0,0,0,0,0,0,0,0,0,0,0,0,0,7608085579971682714,7608085579971682714,7608085579971682714,6165238109553222404,6165238109553222404,6165238109553222404,0,0,0,0,0,0,0,0,0,0,0
274,50,9037,8,10,0.750136,12047.15,0.335583,26929.27,0.211366,42755.30,0.199111,45386.64,0.312928,28878.86,0.287039,31483.57,0.532250,16978.86,0.746173,0.057502,0.061661,0.287039,1.152375,0.151039,38,819996,926656,5670964,6026,0,0,0,9077,0,0,0,0,0,0,0,0,0,0,0,0,0,0,0,0,0,0,0,8012428640626346424,8012428640626346424,8012428640626346424,8512692381084769170,8512692381084769170,8512692381084769170,0,0,0,0,0,0,0,0,0,0,0
275,50,9678,8,10,0.658412,14699.00,0.297711,32508.06,0.217693,44457.09,0.207130,46724.36,0.289374,33444.62,0.260177,37197.82,0.452255,21399.45,0.660765,0.058870,0.068113,0.260177,1.047924,0.173845,39,871578,987448,6018200,6327,0,0,0,10360,0,0,0,0,0,0,0,0,0,0,0,0,0,0,0,0,0,0,0,11349553190646010192,11349553190646010192,11349553190646010192,9487558902856663056,9487558902856663056,9487558902856663056,0,0,0,0,0,0,0,0,0,0,0
276,50,9124,8,10,0.587534,15529.31,0.262370,34775.26,0.229654,39729.25,0.217792,41893.21,0.259307,35186.03,0.254526,35847.00,0.397313,22964.26,0.585876,0.059258,0.062832,0.254526,0.962492,0.160455,43,839068,950828,5853968,6245,0,0,0,11906,0,0,0,0,0,0,0,0,0,0,0,0,0,0,0,0,0,0,0,15732944898460933195,15732944898460933195,15732944898460933195,12619916962689555530,12619916962689555530,12619916962689555530,0,0,0,0,0,0,0,0,0,0,0
277,50,9857,8,10,0.610338,16150.06,0.269393,36589.67,0.221161,44569.25,0.208480,47280.42,0.263387,37423.99,0.249349,39530.88,0.426099,23133.15,0.613883,0.057061,0.069745,0.249349,0.990037,0.178696,40,895049,1102179,6129252,7649,0,0,0,11667,0,0,0,0,0,0,0,0,0,0,0,0,0,0,0,0,0,0,0,5952132254151711821,5952132254151711821,5952132254151711821,12218104348722791053,12218104348722791053,12218104348722791053,0,0,0,0,0,0,0,0,0,0,0
278,50,9609,8,10,0.573990,16740.72,0.274711,34978.62,0.226997,42330.87,0.216911,44299.29,0.268031,35850.32,0.254789,37713.63,0.410447,23411.08,0.576060,0.058094,0.061458,0.254789,0.950400,0.182954,41,868844,1066069,5924836,7489,0,0,0,12549,0,0,0,0,0,0,0,0,0,0,0,0,0,0,0,0,0,0,0,14106012835107586067,14106012835107586067,14106012835107586067,12307863724408979327,12307863724408979327,12307863724408979327,0,0,0,0,0,0,0,0,0,0,0
279,50,9269,8,10,0.580813,15958.68,0.264774,35007.26,0.230430,40224.84,0.220532,42030.17,0.261052,35506.30,0.247341,37474.62,0.402577,23024.19,0.583188,0.065232,0.077221,0.247341,0.972982,0.164109,42,844676,963101,5947444,6395,0,0,0,11584,0,0,0,0,0,0,0,0,0,0,0,0,0,0,0,0,0,0,0,9544373238585450288,9544373238585450288,9544373238585450288,18212885259524023246,18212885259524023246,18212885259524023246,0,0,0,0,0,0,0,0,0,0,0
280,50,9298,8,10,0.619397,15011.37,0.288134,32269.76,0.218573,42539.64,0.207716,44763.13,0.285319,32588.09,0.272179,34161.36,0.432107,21517.82,0.620536,0.057418,0.062367,0.272179,1.012500,0.167225,41,842720,954685,5868776,6294,0,0,0,10890,0,0,0,0,0,0,0,0,0,0,0,0,0,0,0,0,0,0,0,6929549709286047220,6929549709286047220,6929549709286047220,8117303730079447063,8117303730079447063,8117303730079447063,0,0,0,0,0,0,0,0,0,0,0
281,50,8950,8,10,0.631348,14176.01,0.303303,29508.40,0.243038,36825.57,0.228640,39144.44,0.295743,30262.74,0.267952,33401.48,0.446964,20023.99,0.630136,0.057985,0.078014,0.267952,1.034087,0.141130,40,832276,930191,5709656,6006,0,0,0,11513,0,0,0,0,0,0,0,0,0,0,0,0,0,0,0,0,0,0,0,6327360978146973190,6327360978146973190,6327360978146973190,1397254261489119179,1397254261489119179,1397254261489119179,0,0,0,0,0,0,0,0,0,0,0
282,50,9439,8,10,0.650725,14505.37,0.327261,28842.40,0.281891,33484.60,0.261354,36115.75,0.319713,29523.39,0.305872,30859.34,0.505022,18690.29,0.644774,0.058298,0.060093,0.305872,1.069037,0.161851,44,867395,1045345,6035452,8091,0,0,0,13723,0,0,0,0,0,0,0,0,0,0,0,0,0,0,0,0,0,0,0,6932131919016120009,6932131919016120009,6932131919016120009,1427522613650167489,1427522613650167489,1427522613650167489,0,0,0,0,0,0,0,0,0,0,0
283,50,10020,8,10,0.688678,14549.62,0.346444,28922.46,0.263357,38047.28,0.250507,39998.85,0.324739,30855.56,0.304707,32884.01,0.567282,17663.17,0.690076,0.057978,0.064634,0.304707,1.117395,0.175442,42,891120,1200790,6083888,10236,0,0,0,15358,0,0,0,0,0,0,0,0,0,0,0,0,0,0,0,0,0,0,0,1539779986501385446,1539779986501385446,1539779986501385446,17501472710632797322,17501472710632797322,17501472710632797322,0,0,0,0,0,0,0,0,0,0,0
284,50,9141,8,10,0.701917,13022.91,0.350629,26070.30,0.268186,34084.51,0.246780,37041.10,0.328578,27819.88,0.318852,28668.50,0.556865,16415.12,0.703848,0.056780,0.057828,0.318852,1.137308,0.151443,47,846961,1017196,5852628,7855,0,0,0,13434,0,0,0,0,0,0,0,0,0,0,0,0,0,0,0,0,0,0,0,12420215362172283442,12420215362172283442,12420215362172283442,17200916245659322141,17200916245659322141,17200916245659322141,0,0,0,0,0,0,0,0,0,0,0
285,50,10237,8,10,0.701624,14590.43,0.324844,31513.61,0.259169,39499.27,0.245282,41735.68,0.308098,33226.39,0.287868,35561.40,0.537477,19046.41,0.690056,0.060979,0.068594,0.287868,1.107497,0.184718,42,912321,1174456,6206964,9298,0,0,0,13830,0,0,0,0,0,0,0,0,0,0,0,0,0,0,0,0,0,0,0,3086890603342148769,3086890603342148769,3086890603342148769,7077593314293603356,7077593314293603356,7077593314293603356,0,0,0,0,0,0,0,0,0,0,0
286,50,8603,8,10,0.810644,10612.55,0.400516,21479.77,0.230260,37362.16,0.210996,40773.34,0.367766,23392.60,0.321160,26787.29,0.581697,14789.48,0.807174,0.055775,0.073415,0.321160,1.257523,0.146554,33,801277,911637,5440876,5738,0,0,0,7918,0,0,0,0,0,0,0,0,0,0,0,0,0,0,0,0,0,0,0,14650894683193931237,14650894683193931237,14650894683193931237,4056028593098500801,4056028593098500801,4056028593098500801,0,0,0,0,0,0,0,0,0,0,0
287,50,8889,8,10,0.744005,11947.50,0.342518,25951.92,0.221303,40166.58,0.211098,42108.34,0.318066,27947.03,0.282333,31484.07,0.519973,17095.13,0.731266,0.056210,0.067597,0.282333,1.137406,0.151379,34,831718,938948,5541348,5949,0,0,0,9865,0,0,0,0,0,0,0,0,0,0,0,0,0,0,0,0,0,0,0,13280576816813695638,13280576816813695638,13280576816813695638,17266161683243729213,17266161683243729213,17266161683243729213,0,0,0,0,0,0,0,0,0,0,0
288,50,9576,8,10,0.610762,15678.77,0.282488,33898.81,0.253272,37809.12,0.245805,38957.72,0.282496,33897.77,0.261934,36558.86,0.421242,22732.76,0.610393,0.059962,0.071810,0.261934,1.004099,0.171043,39,911178,1076673,6108512,7782,0,0,0,14002,0,0,0,0,0,0,0,0,0,0,0,0,0,0,0,0,0,0,0,7938820302102730896,7938820302102730896,7938820302102730896,2580180930182746537,2580180930182746537,2580180930182746537,0,0,0,0,0,0,0,0,0,0,0
289,50,8450,8,10,0.548146,15415.61,0.262166,32231.54,0.248198,34045.39,0.236154,35781.77,0.260641,32420.05,0.258712,32661.79,0.398725,21192.55,0.549450,0.054244,0.056769,0.258712,0.919175,0.126344,46,812221,964166,5582824,8231,0,0,0,14258,0,0,0,0,0,0,0,0,0,0,0,0,0,0,0,0,0,0,0,13711432437804604486,13711432437804604486,13711432437804604486,6744769280971865851,6744769280971865851,6744769280971865851,0,0,0,0,0,0,0,0,0,0,0
290,50,8626,8,10,0.642484,13426.02,0.320244,26935.73,0.250784,34396.10,0.237551,36312.16,0.308750,27938.42,0.274530,31421.00,0.467220,18462.38,0.640444,0.052439,0.065742,0.274530,1.033155,0.136251,41,819678,925038,5500264,6789,0,0,0,12420,0,0,0,0,0,0,0,0,0,0,0,0,0,0,0,0,0,0,0,265924659593192044,265924659593192044,265924659593192044,5343147062049561217,5343147062049561217,5343147062049561217,0,0,0,0,0,0,0,0,0,0,0
291,50,9324,8,10,0.767039,12155.84,0.363750,25632.97,0.242037,38523.09,0.217730,42823.62,0.332169,28070.04,0.300964,30980.48,0.568870,16390.38,0.763798,0.057281,0.065551,0.300964,1.187593,0.152789,37,834424,961639,5778288,7016,0,0,0,10986,0,0,0,0,0,0,0,0,0,0,0,0,0,0,0,0,0,0,0,13706399560113977708,13706399560113977708,13706399560113977708,5887867841936256196,5887867841936256196,5887867841936256196,0,0,0,0,0,0,0,0,0,0,0
292,50,9002,8,10,0.710486,12670.20,0.373045,24131.16,0.260663,34534.97,0.243109,37028.59,0.344588,26123.95,0.316576,28435.49,0.571011,15765.02,0.709003,0.055815,0.061070,0.316576,1.142465,0.142327,44,827322,1014042,5701704,7866,0,0,0,12328,0,0,0,0,0,0,0,0,0,0,0,0,0,0,0,0,0,0,0,6736646867248120302,6736646867248120302,6736646867248120302,2712452767360529458,2712452767360529458,2712452767360529458,0,0,0,0,0,0,0,0,0,0,0
293,50,8841,8,10,0.573228,15423.19,0.293629,30109.46,0.259539,34064.20,0.246678,35840.24,0.289896,30497.16,0.274008,32265.53,0.439286,20125.83,0.575115,0.054860,0.064319,0.274008,0.968302,0.151675,40,828392,993837,5719524,7910,0,0,0,13513,0,0,0,0,0,0,0,0,0,0,0,0,0,0,0,0,0,0,0,4658657752472023795,4658657752472023795,4658657752472023795,2617363021814306341,2617363021814306341,2617363021814306341,0,0,0,0,0,0,0,0,0,0,0
294,50,9826,8,10,0.618236,15893.59,0.280936,34975.95,0.262869,37379.82,0.243452,40361.08,0.276124,35585.50,0.267867,36682.42,0.426102,23060.22,0.618212,0.061260,0.065402,0.267867,1.012741,0.191019,42,911989,1132079,6267624,8258,0,0,0,13845,0,0,0,0,0,0,0,0,0,0,0,0,0,0,0,0,0,0,0,15147650703638732316,15147650703638732316,15147650703638732316,11650852624949874715,11650852624949874715,11650852624949874715,0,0,0,0,0,0,0,0,0,0,0
295,50,9219,8,10,0.657720,14016.61,0.307283,30001.71,0.253102,36424.04,0.240119,38393.42,0.295302,31218.86,0.278574,33093.53,0.482336,19113.23,0.665577,0.053229,0.066700,0.278574,1.064081,0.159107,42,852874,1018979,5802700,8077,0,0,0,13271,0,0,0,0,0,0,0,0,0,0,0,0,0,0,0,0,0,0,0,5294982450481978358,5294982450481978358,5294982450481978358,12318631166253370280,12318631166253370280,12318631166253370280,0,0,0,0,0,0,0,0,0,0,0
296,50,9269,8,10,0.829135,11179.12,0.408096,22712.80,0.285576,32457.18,0.227206,40795.49,0.374245,24767.21,0.333367,27804.21,0.612593,15130.76,0.829742,0.059745,0.070361,0.333367,1.293215,0.162169,37,854437,1014387,5870996,7265,0,0,0,11440,0,0,0,0,0,0,0,0,0,0,0,0,0,0,0,0,0,0,0,12881916902198788296,12881916902198788296,12881916902198788296,11918415048969683185,11918415048969683185,11918415048969683185,0,0,0,0,0,0,0,0,0,0,0
297,50,9557,8,10,0.753694,12680.22,0.359937,26551.84,0.246008,38848.33,0.241513,39571.34,0.334167,28599.48,0.308315,30997.57,0.558831,17101.77,0.758494,0.050457,0.068109,0.308315,1.185375,0.166161,39,863684,979909,5886132,6952,0,0,0,8398,0,0,0,0,0,0,0,0,0,0,0,0,0,0,0,0,0,0,0,18095258277222625566,18095258277222625566,18095258277222625566,6833021975467447828,6833021975467447828,6833021975467447828,0,0,0,0,0,0,0,0,0,0,0
298,50,9175,8,10,0.659536,13911.30,0.319790,28690.74,0.258535,35488.46,0.244652,37502.27,0.300548,30527.54,0.288318,31822.47,0.494522,18553.27,0.660912,0.057781,0.063498,0.288318,1.070509,0.147872,42,849677,981307,5828028,7398,0,0,0,13046,0,0,0,0,0,0,0,0,0,0,0,0,0,0,0,0,0,0,0,4653581520406649650,4653581520406649650,4653581520406649650,16036150685580798516,16036150685580798516,16036150685580798516,0,0,0,0,0,0,0,0,0,0,0
299,50,9201,8,10,0.716446,12842.56,0.342291,26880.60,0.271069,33943.36,0.247725,37141.93,0.327224,28118.35,0.314843,29224.08,0.558152,16484.77,0.714340,0.058107,0.063215,0.314843,1.150505,0.156695,44,857708,1055588,5828228,8398,0,0,0,13684,0,0,0,0,0,0,0,0,0,0,0,0,0,0,0,0,0,0,0,15626575675737542299,15626575675737542299,15626575675737542299,15466642928776676484,15466642928776676484,15466642928776676484,0,0,0,0,0,0,0,0,0,0,0
