batch_idx,num_blocks,num_txs,threads,merge_cap,seq_time_s,seq_tput,par_time_s,par_tput,concat_time_s,concat_tput,cgraph_time_s,cgraph_tput,graph_time_s,graph_tput,integrated_time_s,integrated_tput,vegeta_time_s,vegeta_tput,phase_pre_execute_s,phase_graph_build_s,phase_integrate_s,phase_execute_s,phase_total_s,vegeta_speculate_s,num_integrated_groups,omakase_graph_bytes,vegeta_sched_bytes,calldata_bytes,par_re_exec,par_validation_aborts,par_cascade_aborts,par_wrote_new_loc,concat_re_exec,concat_validation_aborts,concat_cascade_aborts,concat_wrote_new_loc,cgraph_re_exec,cgraph_validation_aborts,cgraph_cascade_aborts,cgraph_wrote_new_loc,graph_re_exec,graph_validation_aborts,graph_cascade_aborts,graph_wrote_new_loc,integ_re_exec,integ_validation_aborts,integ_cascade_aborts,integ_wrote_new_loc,vegeta_re_exec,vegeta_validation_aborts,vegeta_cascade_aborts,vegeta_wrote_new_loc,digest_seq,digest_par,digest_concat,logical_seq,logical_integ,logical_vegeta,cgraph_cross_block_aborts,cgraph_cross_block_cascade,graph_cross_block_aborts,graph_cross_block_cascade,integ_cross_block_aborts,integ_cross_block_cascade,par_fallbacks,concat_fallbacks,cgraph_fallbacks,graph_fallbacks,integ_fallbacks
0,5,500,8,10,0.050305,9939.34,0.023843,20970.35,0.021352,23417.32,0.020778,24063.85,0.023836,20976.82,0.019321,25877.92,0.035958,13905.10,0.050668,0.003223,0.004576,0.019321,0.077788,0.004532,3,40310,58835,184400,807,0,0,0,1245,0,0,0,0,0,0,0,0,0,0,0,0,0,0,0,0,0,0,0,5097973891281189357,5097973891281189357,5097973891281189357,17621276980782120983,17621276980782120983,17621276980782120983,0,0,0,0,0,0,0,0,0,0,0
1,5,500,8,10,0.050285,9943.33,0.023736,21065.02,0.018742,26677.85,0.018369,27219.65,0.023670,21123.87,0.019364,25821.26,0.036401,13736.02,0.050773,0.002338,0.003091,0.019364,0.075567,0.004561,4,40259,58789,184400,831,0,0,0,1324,0,0,0,0,0,0,0,0,0,0,0,0,0,0,0,0,0,0,0,18308375882114686362,18308375882114686362,18308375882114686362,15575600396175270124,15575600396175270124,15575600396175270124,0,0,0,0,0,0,0,0,0,0,0
2,5,500,8,10,0.050253,9949.70,0.023719,21080.47,0.018961,26370.24,0.018377,27208.32,0.024088,20757.52,0.019568,25552.45,0.036340,13758.76,0.050910,0.002073,0.002910,0.019568,0.075461,0.004500,4,40265,58775,184400,777,0,0,0,1327,0,0,0,0,0,0,0,0,0,0,0,0,0,0,0,0,0,0,0,4894786762662364285,4894786762662364285,4894786762662364285,13885068942847257141,13885068942847257141,13885068942847257141,0,0,0,0,0,0,0,0,0,0,0
3,5,500,8,10,0.050261,9948.04,0.024136,20716.28,0.018722,26706.10,0.018441,27112.91,0.023886,20932.84,0.019714,25362.66,0.036219,13804.92,0.050266,0.002514,0.002985,0.019714,0.075479,0.004531,4,40315,58815,184400,753,0,0,0,1147,0,0,0,0,0,0,0,0,0,0,0,0,0,0,0,0,0,0,0,5327205230479231508,5327205230479231508,5327205230479231508,6078118440033687791,6078118440033687791,6078118440033687791,0,0,0,0,0,0,0,0,0,0,0
4,5,500,8,10,0.050347,9930.99,0.023728,21071.73,0.019608,25499.38,0.019388,25789.52,0.023913,20909.17,0.020539,24343.89,0.036122,13841.83,0.050027,0.002921,0.002823,0.020539,0.076309,0.004491,4,40265,58795,184400,774,0,0,0,1138,0,0,0,0,0,0,0,0,0,0,0,0,0,0,0,0,0,0,0,14572696071335481579,14572696071335481579,14572696071335481579,5698341685886488311,5698341685886488311,5698341685886488311,0,0,0,0,0,0,0,0,0,0,0
5,5,500,8,10,0.050553,9890.58,0.023881,20937.18,0.018760,26652.04,0.018260,27382.33,0.023779,21026.96,0.019593,25519.86,0.035829,13955.17,0.050303,0.003554,0.003427,0.019593,0.076876,0.004503,4,40219,58744,184400,774,0,0,0,1248,0,0,0,0,0,0,0,0,0,0,0,0,0,0,0,0,0,0,0,16242447377779637992,16242447377779637992,16242447377779637992,14743539504619122706,14743539504619122706,14743539504619122706,0,0,0,0,0,0,0,0,0,0,0
6,5,500,8,10,0.050061,9987.80,0.023865,20951.14,0.018920,26427.11,0.018436,27120.32,0.023680,21114.64,0.019500,25641.42,0.036111,13846.17,0.050270,0.002797,0.002873,0.019500,0.075440,0.004505,4,40290,58805,184400,786,0,0,0,1439,0,0,0,0,0,0,0,0,0,0,0,0,0,0,0,0,0,0,0,11009194546354246520,11009194546354246520,11009194546354246520,6534362452252927531,6534362452252927531,6534362452252927531,0,0,0,0,0,0,0,0,0,0,0
7,5,500,8,10,0.050326,9935.25,0.023553,21228.34,0.018690,26752.64,0.018461,27083.65,0.023969,20860.24,0.019420,25746.87,0.036644,13644.80,0.050344,0.002294,0.003054,0.019420,0.075111,0.004542,4,40229,58744,184400,758,0,0,0,1099,0,0,0,0,0,0,0,0,0,0,0,0,0,0,0,0,0,0,0,6559131650782029027,6559131650782029027,6559131650782029027,12799840888904083928,12799840888904083928,12799840888904083928,0,0,0,0,0,0,0,0,0,0,0
8,5,500,8,10,0.050318,9936.79,0.023374,21391.19,0.018877,26487.35,0.018432,27126.07,0.023849,20965.37,0.019125,26144.18,0.036204,13810.54,0.050223,0.002807,0.002913,0.019125,0.075067,0.004498,4,40320,58825,184400,736,0,0,0,1095,0,0,0,0,0,0,0,0,0,0,0,0,0,0,0,0,0,0,0,294977438440827281,294977438440827281,294977438440827281,11189027168618781633,11189027168618781633,11189027168618781633,0,0,0,0,0,0,0,0,0,0,0
9,5,500,8,10,0.050573,9886.77,0.023517,21260.85,0.020220,24728.55,0.019602,25507.86,0.023794,21013.86,0.019257,25964.11,0.035913,13922.48,0.050827,0.002228,0.002892,0.019257,0.075204,0.004524,4,40285,58795,184400,751,0,0,0,1399,0,0,0,0,0,0,0,0,0,0,0,0,0,0,0,0,0,0,0,11876339590641013446,11876339590641013446,11876339590641013446,5947626897378435671,5947626897378435671,5947626897378435671,0,0,0,0,0,0,0,0,0,0,0
10,5,500,8,10,0.050580,9885.39,0.023769,21035.40,0.019432,25731.07,0.018661,26794.44,0.023954,20873.15,0.019476,25672.97,0.036155,13829.52,0.050471,0.002439,0.002825,0.019476,0.075210,0.004537,4,40285,58790,184400,761,0,0,0,1220,0,0,0,0,0,0,0,0,0,0,0,0,0,0,0,0,0,0,0,17756450765477467426,17756450765477467426,17756450765477467426,16071258084370212413,16071258084370212413,16071258084370212413,0,0,0,0,0,0,0,0,0,0,0
11,5,500,8,10,0.050244,9951.37,0.023593,21192.75,0.020940,23878.30,0.020451,24449.22,0.023842,20971.56,0.020764,24080.51,0.036002,13887.94,0.050435,0.002527,0.003798,0.020764,0.077523,0.004520,3,40280,58785,184400,767,0,0,0,1164,0,0,0,0,0,0,0,0,0,0,0,0,0,0,0,0,0,0,0,4853086967473240635,4853086967473240635,4853086967473240635,8868400364335139775,8868400364335139775,8868400364335139775,0,0,0,0,0,0,0,0,0,0,0
12,5,500,8,10,0.050068,9986.51,0.023933,20892.03,0.020698,24157.41,0.020037,24954.22,0.023827,20984.29,0.020779,24062.82,0.036305,13772.23,0.050609,0.002394,0.002982,0.020779,0.076764,0.004499,4,40285,58795,184400,670,0,0,0,1225,0,0,0,0,0,0,0,0,0,0,0,0,0,0,0,0,0,0,0,2621197719353259517,2621197719353259517,2621197719353259517,16205451862328484365,16205451862328484365,16205451862328484365,0,0,0,0,0,0,0,0,0,0,0
13,5,500,8,10,0.050178,9964.49,0.023725,21074.97,0.018855,26517.80,0.018328,27280.92,0.023850,20964.11,0.022498,22224.33,0.035985,13894.70,0.050481,0.002208,0.002968,0.022498,0.078155,0.004570,4,40285,58785,184400,757,0,0,0,1154,0,0,0,0,0,0,0,0,0,0,0,0,0,0,0,0,0,0,0,2887132385003314947,2887132385003314947,2887132385003314947,171051151053702139,171051151053702139,171051151053702139,0,0,0,0,0,0,0,0,0,0,0
14,5,500,8,10,0.050307,9938.89,0.023633,21156.54,0.018638,26826.73,0.018479,27058.32,0.023847,20966.83,0.018948,26388.28,0.036080,13858.00,0.050556,0.002518,0.003562,0.018948,0.075584,0.004560,3,40260,58785,184400,729,0,0,0,1367,0,0,0,0,0,0,0,0,0,0,0,0,0,0,0,0,0,0,0,7291891375024500249,7291891375024500249,7291891375024500249,12024117942902922934,12024117942902922934,12024117942902922934,0,0,0,0,0,0,0,0,0,0,0
15,5,500,8,10,0.050529,9895.39,0.023508,21269.65,0.018572,26922.63,0.018242,27408.90,0.023683,21112.25,0.019560,25562.53,0.036066,13863.59,0.050744,0.002302,0.002815,0.019560,0.075420,0.004511,4,40255,58760,184400,685,0,0,0,1177,0,0,0,0,0,0,0,0,0,0,0,0,0,0,0,0,0,0,0,13062113097609196731,13062113097609196731,13062113097609196731,16967314764945143980,16967314764945143980,16967314764945143980,0,0,0,0,0,0,0,0,0,0,0
16,5,500,8,10,0.051653,9679.95,0.024007,20827.50,0.022977,21760.90,0.022262,22459.31,0.024269,20602.17,0.019644,25453.36,0.036079,13858.30,0.050463,0.002668,0.003004,0.019644,0.075778,0.004484,4,40340,58835,184400,763,0,0,0,1406,0,0,0,0,0,0,0,0,0,0,0,0,0,0,0,0,0,0,0,6952350243109147126,6952350243109147126,6952350243109147126,7176783987160173173,7176783987160173173,7176783987160173173,0,0,0,0,0,0,0,0,0,0,0
17,5,500,8,10,0.050285,9943.31,0.023891,20928.58,0.018843,26534.37,0.018378,27206.25,0.023783,21023.28,0.019538,25591.78,0.035972,13899.57,0.050972,0.002408,0.003177,0.019538,0.076095,0.004532,4,40254,58749,184400,757,0,0,0,1124,0,0,0,0,0,0,0,0,0,0,0,0,0,0,0,0,0,0,0,16525104164926611801,16525104164926611801,16525104164926611801,8172283591345449249,8172283591345449249,8172283591345449249,0,0,0,0,0,0,0,0,0,0,0
18,5,500,8,10,0.050348,9930.89,0.023459,21313.80,0.018856,26517.06,0.018218,27445.63,0.024047,20793.04,0.019635,25464.35,0.035868,13940.17,0.050749,0.002210,0.003074,0.019635,0.075668,0.004604,4,40260,58770,184400,702,0,0,0,1187,0,0,0,0,0,0,0,0,0,0,0,0,0,0,0,0,0,0,0,12873424053563475047,12873424053563475047,12873424053563475047,1501753558915504913,1501753558915504913,1501753558915504913,0,0,0,0,0,0,0,0,0,0,0
19,5,500,8,10,0.051330,9740.88,0.023578,21206.33,0.019881,25149.87,0.019420,25746.35,0.023809,21000.66,0.018930,26412.87,0.035899,13927.97,0.050415,0.002402,0.003685,0.018930,0.075432,0.004535,3,40255,58775,184400,748,0,0,0,1423,0,0,0,0,0,0,0,0,0,0,0,0,0,0,0,0,0,0,0,16175112400554783011,16175112400554783011,16175112400554783011,16347249411820151476,16347249411820151476,16347249411820151476,0,0,0,0,0,0,0,0,0,0,0
20,5,500,8,10,0.050100,9979.94,0.023500,21276.65,0.018847,26529.45,0.018551,26952.32,0.023718,21080.90,0.019164,26090.61,0.035674,14015.84,0.050625,0.002319,0.003484,0.019164,0.075592,0.004505,3,40300,58800,184400,758,0,0,0,1142,0,0,0,0,0,0,0,0,0,0,0,0,0,0,0,0,0,0,0,16696348603313836211,16696348603313836211,16696348603313836211,12275113845225739864,12275113845225739864,12275113845225739864,0,0,0,0,0,0,0,0,0,0,0
21,5,500,8,10,0.050220,9956.16,0.023321,21439.68,0.019390,25786.90,0.018823,26563.38,0.023821,20989.91,0.019678,25409.60,0.036217,13805.60,0.050321,0.002575,0.002971,0.019678,0.075544,0.004488,4,40254,58779,184400,749,0,0,0,1342,0,0,0,0,0,0,0,0,0,0,0,0,0,0,0,0,0,0,0,10300771135328522408,10300771135328522408,10300771135328522408,13376644455684789289,13376644455684789289,13376644455684789289,0,0,0,0,0,0,0,0,0,0,0
22,5,500,8,10,0.050303,9939.80,0.023414,21354.77,0.018674,26775.69,0.018210,27457.93,0.023664,21128.86,0.019207,26032.50,0.036060,13865.69,0.050401,0.002300,0.003756,0.019207,0.075663,0.004615,3,40285,58790,184400,750,0,0,0,1228,0,0,0,0,0,0,0,0,0,0,0,0,0,0,0,0,0,0,0,3210610224899211684,3210610224899211684,3210610224899211684,5966236017172487210,5966236017172487210,5966236017172487210,0,0,0,0,0,0,0,0,0,0,0
23,5,500,8,10,0.051092,9786.26,0.023414,21355.05,0.018786,26615.88,0.018369,27219.33,0.023611,21176.89,0.019431,25732.43,0.036042,13872.74,0.051291,0.002048,0.002864,0.019431,0.075634,0.004561,4,40290,58805,184400,816,0,0,0,1134,0,0,0,0,0,0,0,0,0,0,0,0,0,0,0,0,0,0,0,15411173055304645631,15411173055304645631,15411173055304645631,7678031309457018931,7678031309457018931,7678031309457018931,0,0,0,0,0,0,0,0,0,0,0
24,5,500,8,10,0.067351,7423.83,0.023821,20990.09,0.020160,24802.17,0.019608,25499.56,0.023855,20960.37,0.019167,26086.96,0.036166,13824.96,0.050489,0.002507,0.003636,0.019167,0.075798,0.004574,3,40285,58805,184400,738,0,0,0,1237,0,0,0,0,0,0,0,0,0,0,0,0,0,0,0,0,0,0,0,4485780628072204455,4485780628072204455,4485780628072204455,15401186562311395488,15401186562311395488,15401186562311395488,0,0,0,0,0,0,0,0,0,0,0
25,5,500,8,10,0.050731,9855.81,0.023290,21468.85,0.018647,26814.29,0.018122,27590.87,0.023778,21027.48,0.020367,24549.15,0.035643,14028.04,0.051036,0.002530,0.003126,0.020367,0.077059,0.004586,4,40285,58785,184400,794,0,0,0,1202,0,0,0,0,0,0,0,0,0,0,0,0,0,0,0,0,0,0,0,541425150005665020,541425150005665020,541425150005665020,13016829093768153786,13016829093768153786,13016829093768153786,0,0,0,0,0,0,0,0,0,0,0
26,5,500,8,10,0.050791,9844.22,0.023401,21366.23,0.020289,24644.17,0.019150,26109.81,0.023654,21138.14,0.022830,21900.89,0.036216,13806.15,0.051044,0.002535,0.003060,0.022830,0.079469,0.004473,4,40225,58745,184400,699,0,0,0,1324,0,0,0,0,0,0,0,0,0,0,0,0,0,0,0,0,0,0,0,11371142847411974617,11371142847411974617,11371142847411974617,15606906276880397046,15606906276880397046,15606906276880397046,0,0,0,0,0,0,0,0,0,0,0
27,5,500,8,10,0.051149,9775.30,0.023449,21322.85,0.019526,25606.54,0.019149,26111.70,0.023797,21010.93,0.019304,25900.93,0.035858,13943.95,0.050909,0.002473,0.003012,0.019304,0.075699,0.004503,4,40280,58785,184400,737,0,0,0,1276,0,0,0,0,0,0,0,0,0,0,0,0,0,0,0,0,0,0,0,1827147674167031882,1827147674167031882,1827147674167031882,5574381590286658011,5574381590286658011,5574381590286658011,0,0,0,0,0,0,0,0,0,0,0
28,5,500,8,10,0.050812,9840.26,0.023359,21405.02,0.021526,23227.73,0.021266,23512.23,0.023948,20878.41,0.020406,24503.20,0.035652,14024.45,0.050952,0.002649,0.003051,0.020406,0.077057,0.004475,4,40265,58785,184400,827,0,0,0,1370,0,0,0,0,0,0,0,0,0,0,0,0,0,0,0,0,0,0,0,7214656448061288013,7214656448061288013,7214656448061288013,3046851560608931740,3046851560608931740,3046851560608931740,0,0,0,0,0,0,0,0,0,0,0
29,5,500,8,10,0.051207,9764.25,0.023268,21489.13,0.021184,23602.56,0.020797,24042.02,0.023980,20850.41,0.020506,24382.59,0.035747,13987.25,0.050961,0.002368,0.002992,0.020506,0.076828,0.004523,4,40305,58825,184400,709,0,0,0,1340,0,0,0,0,0,0,0,0,0,0,0,0,0,0,0,0,0,0,0,2600017861094324017,2600017861094324017,2600017861094324017,17280262956401369463,17280262956401369463,17280262956401369463,0,0,0,0,0,0,0,0,0,0,0
30,5,500,8,10,0.050457,9909.40,0.023685,21110.54,0.018972,26354.93,0.018519,26999.70,0.023985,20846.46,0.019518,25617.73,0.035811,13962.04,0.051039,0.002308,0.002935,0.019518,0.075800,0.004494,4,40290,58810,184400,759,0,0,0,1195,0,0,0,0,0,0,0,0,0,0,0,0,0,0,0,0,0,0,0,14336501285050359952,14336501285050359952,14336501285050359952,17169812993075870829,17169812993075870829,17169812993075870829,0,0,0,0,0,0,0,0,0,0,0
31,5,500,8,10,0.050773,9847.81,0.023396,21371.24,0.018808,26584.78,0.018195,27480.29,0.023737,21064.13,0.019286,25926.12,0.035992,13892.16,0.050755,0.002750,0.002993,0.019286,0.075783,0.004558,4,40260,58770,184400,748,0,0,0,1115,0,0,0,0,0,0,0,0,0,0,0,0,0,0,0,0,0,0,0,1297310010887371559,1297310010887371559,1297310010887371559,8097652599780007912,8097652599780007912,8097652599780007912,0,0,0,0,0,0,0,0,0,0,0
32,5,500,8,10,0.050472,9906.42,0.023651,21140.91,0.018840,26539.33,0.018368,27221.56,0.023713,21085.17,0.019392,25783.36,0.036005,13886.88,0.050725,0.002280,0.002928,0.019392,0.075325,0.004597,4,40270,58785,184400,792,0,0,0,1275,0,0,0,0,0,0,0,0,0,0,0,0,0,0,0,0,0,0,0,14337350715036960435,14337350715036960435,14337350715036960435,9267927580142719166,9267927580142719166,9267927580142719166,0,0,0,0,0,0,0,0,0,0,0
33,5,500,8,10,0.050729,9856.38,0.023415,21353.84,0.018717,26714.09,0.018151,27547.38,0.023421,21348.66,0.019191,26054.09,0.035828,13955.47,0.050803,0.002709,0.002933,0.019191,0.075635,0.004529,4,40279,58769,184400,768,0,0,0,1331,0,0,0,0,0,0,0,0,0,0,0,0,0,0,0,0,0,0,0,15372743819362432226,15372743819362432226,15372743819362432226,14707913667389378985,14707913667389378985,14707913667389378985,0,0,0,0,0,0,0,0,0,0,0
34,5,500,8,10,0.050704,9861.24,0.023424,21346.08,0.018888,26471.96,0.018438,27118.55,0.023733,21067.88,0.019573,25544.75,0.035803,13965.24,0.051194,0.002518,0.003018,0.019573,0.076303,0.004510,4,40260,58770,184400,787,0,0,0,1326,0,0,0,0,0,0,0,0,0,0,0,0,0,0,0,0,0,0,0,16364422757376081630,16364422757376081630,16364422757376081630,9800960290275452318,9800960290275452318,9800960290275452318,0,0,0,0,0,0,0,0,0,0,0
35,5,500,8,10,0.050745,9853.24,0.023224,21529.16,0.018500,27026.39,0.018176,27508.94,0.023550,21231.45,0.019259,25962.06,0.035623,14035.93,0.051008,0.002309,0.003018,0.019259,0.075594,0.004490,4,40254,58759,184400,750,0,0,0,1099,0,0,0,0,0,0,0,0,0,0,0,0,0,0,0,0,0,0,0,11065019208343234192,11065019208343234192,11065019208343234192,14630121399974229606,14630121399974229606,14630121399974229606,0,0,0,0,0,0,0,0,0,0,0
36,5,500,8,10,0.050800,9842.58,0.023581,21203.34,0.020307,24622.22,0.019403,25768.68,0.023605,21181.82,0.019290,25919.75,0.035830,13954.81,0.050824,0.002615,0.002848,0.019290,0.075578,0.004468,4,40345,58840,184400,765,0,0,0,1265,0,0,0,0,0,0,0,0,0,0,0,0,0,0,0,0,0,0,0,4730400935127020464,4730400935127020464,4730400935127020464,7841454279671972887,7841454279671972887,7841454279671972887,0,0,0,0,0,0,0,0,0,0,0
37,5,500,8,10,0.050351,9930.29,0.023824,20987.24,0.018862,26508.56,0.018240,27412.63,0.023764,21040.33,0.020937,23881.63,0.035430,14112.46,0.050210,0.002549,0.002838,0.020937,0.076533,0.004450,4,40290,58790,184400,769,0,0,0,1103,0,0,0,0,0,0,0,0,0,0,0,0,0,0,0,0,0,0,0,17715964736376346281,17715964736376346281,17715964736376346281,12566832376648908150,12566832376648908150,12566832376648908150,0,0,0,0,0,0,0,0,0,0,0
38,5,500,8,10,0.050376,9925.45,0.023657,21135.59,0.021159,23630.82,0.020488,24404.91,0.023949,20877.78,0.019465,25686.94,0.035521,14076.04,0.050496,0.002375,0.002926,0.019465,0.075262,0.004479,4,40325,58810,184400,708,0,0,0,1340,0,0,0,0,0,0,0,0,0,0,0,0,0,0,0,0,0,0,0,3566096055442193235,3566096055442193235,3566096055442193235,2421967003167470029,2421967003167470029,2421967003167470029,0,0,0,0,0,0,0,0,0,0,0
39,5,500,8,10,0.050364,9927.66,0.023512,21266.04,0.019503,25636.45,0.019160,26095.39,0.023776,21029.87,0.020822,24013.56,0.035557,14061.81,0.050399,0.002428,0.002998,0.020822,0.076646,0.004561,4,40280,58780,184400,733,0,0,0,1222,0,0,0,0,0,0,0,0,0,0,0,0,0,0,0,0,0,0,0,14998589953775075702,14998589953775075702,14998589953775075702,2853722128818947407,2853722128818947407,2853722128818947407,0,0,0,0,0,0,0,0,0,0,0
40,5,500,8,10,0.050894,9824.33,0.023479,21295.99,0.018721,26708.52,0.018169,27519.46,0.023625,21163.64,0.018912,26438.23,0.035496,14086.04,0.050967,0.002619,0.003848,0.018912,0.076346,0.004475,3,40245,58755,184400,765,0,0,0,1252,0,0,0,0,0,0,0,0,0,0,0,0,0,0,0,0,0,0,0,11254972117455616329,11254972117455616329,11254972117455616329,6268667188094080674,6268667188094080674,6268667188094080674,0,0,0,0,0,0,0,0,0,0,0
41,5,500,8,10,0.050851,9832.64,0.023453,21319.33,0.018772,26634.73,0.018477,27060.61,0.023725,21074.50,0.019228,26003.19,0.035873,13938.16,0.050811,0.002660,0.003055,0.019228,0.075754,0.004519,4,40285,58790,184400,741,0,0,0,1104,0,0,0,0,0,0,0,0,0,0,0,0,0,0,0,0,0,0,0,8940698813144599615,8940698813144599615,8940698813144599615,14010377719219193688,14010377719219193688,14010377719219193688,0,0,0,0,0,0,0,0,0,0,0
42,5,500,8,10,0.050791,9844.29,0.023423,21346.10,0.018545,26961.84,0.018194,27481.50,0.023616,21171.80,0.019335,25860.20,0.035923,13918.81,0.050766,0.002566,0.003041,0.019335,0.075707,0.004543,4,40285,58795,184400,745,0,0,0,1272,0,0,0,0,0,0,0,0,0,0,0,0,0,0,0,0,0,0,0,10410051877833522844,10410051877833522844,10410051877833522844,16601804613445731697,16601804613445731697,16601804613445731697,0,0,0,0,0,0,0,0,0,0,0
43,5,500,8,10,0.050916,9820.01,0.023405,21363.09,0.023101,21643.91,0.022477,22244.92,0.024084,20760.55,0.019670,25419.81,0.036090,13854.28,0.050872,0.002820,0.002996,0.019670,0.076358,0.004463,4,40270,58785,184400,757,0,0,0,1347,0,0,0,0,0,0,0,0,0,0,0,0,0,0,0,0,0,0,0,1349517015789716064,1349517015789716064,1349517015789716064,17777481851111095848,17777481851111095848,17777481851111095848,0,0,0,0,0,0,0,0,0,0,0
44,5,500,8,10,0.050198,9960.60,0.023982,20848.65,0.019303,25903.00,0.018537,26973.79,0.023883,20935.30,0.020471,24424.50,0.035659,14021.82,0.050590,0.002345,0.002981,0.020471,0.076387,0.004464,4,40315,58825,184400,808,0,0,0,1247,0,0,0,0,0,0,0,0,0,0,0,0,0,0,0,0,0,0,0,6897679599824778024,6897679599824778024,6897679599824778024,11925997428550551139,11925997428550551139,11925997428550551139,0,0,0,0,0,0,0,0,0,0,0
45,5,500,8,10,0.050368,9926.96,0.023727,21072.66,0.018756,26658.50,0.018282,27349.37,0.023736,21064.67,0.019335,25859.96,0.035980,13896.71,0.051125,0.002099,0.003274,0.019335,0.075833,0.004531,4,40315,58825,184400,811,0,0,0,1454,0,0,0,0,0,0,0,0,0,0,0,0,0,0,0,0,0,0,0,4880523747381713202,4880523747381713202,4880523747381713202,8444449252389493736,8444449252389493736,8444449252389493736,0,0,0,0,0,0,0,0,0,0,0
46,5,500,8,10,0.050837,9835.29,0.023546,21235.14,0.018751,26664.68,0.018349,27248.82,0.023656,21136.35,0.019468,25683.39,0.036161,13827.10,0.050916,0.002591,0.002977,0.019468,0.075952,0.004488,4,40290,58815,184400,752,0,0,0,1281,0,0,0,0,0,0,0,0,0,0,0,0,0,0,0,0,0,0,0,5860123417440987646,5860123417440987646,5860123417440987646,6832839041881688069,6832839041881688069,6832839041881688069,0,0,0,0,0,0,0,0,0,0,0
47,5,500,8,10,0.050358,9928.84,0.023529,21250.51,0.018992,26326.72,0.018314,27301.15,0.023811,20999.04,0.020466,24430.25,0.035849,13947.31,0.050563,0.002373,0.002796,0.020466,0.076198,0.004477,4,40260,58770,184400,668,0,0,0,1315,0,0,0,0,0,0,0,0,0,0,0,0,0,0,0,0,0,0,0,11822370272108092571,11822370272108092571,11822370272108092571,3996668818917709399,3996668818917709399,3996668818917709399,0,0,0,0,0,0,0,0,0,0,0
48,5,500,8,10,0.050254,9949.39,0.023718,21080.96,0.019207,26031.50,0.018769,26639.60,0.024052,20788.03,0.019606,25502.89,0.035880,13935.26,0.050411,0.002454,0.002743,0.019606,0.075214,0.004452,4,40274,58784,184400,708,0,0,0,1255,0,0,0,0,0,0,0,0,0,0,0,0,0,0,0,0,0,0,0,6324886232076118461,6324886232076118461,6324886232076118461,442554726963176501,442554726963176501,442554726963176501,0,0,0,0,0,0,0,0,0,0,0
49,5,500,8,10,0.050133,9973.49,0.023810,20999.38,0.020722,24129.33,0.019885,25145.06,0.023752,21050.91,0.019426,25738.73,0.035690,14009.68,0.050671,0.002182,0.002791,0.019426,0.075070,0.004489,4,40285,58805,184400,830,0,0,0,1373,0,0,0,0,0,0,0,0,0,0,0,0,0,0,0,0,0,0,0,17948288006166051770,17948288006166051770,17948288006166051770,3724601107921007915,3724601107921007915,3724601107921007915,0,0,0,0,0,0,0,0,0,0,0
50,5,500,8,10,0.050271,9946.16,0.023462,21310.82,0.021017,23790.70,0.021081,23718.49,0.023802,21007.01,0.021245,23535.08,0.036086,13855.81,0.050409,0.002198,0.002757,0.021245,0.076609,0.004511,4,40280,58800,184400,743,0,0,0,1339,0,0,0,0,0,0,0,0,0,0,0,0,0,0,0,0,0,0,0,5970583369601074397,5970583369601074397,5970583369601074397,9301690465171000078,9301690465171000078,9301690465171000078,0,0,0,0,0,0,0,0,0,0,0
51,5,500,8,10,0.050244,9951.42,0.023715,21083.85,0.018819,26568.69,0.018477,27060.25,0.023750,21052.91,0.019452,25703.91,0.036889,13553.99,0.050333,0.002563,0.003069,0.019452,0.075418,0.004500,4,40320,58820,184400,724,0,0,0,1106,0,0,0,0,0,0,0,0,0,0,0,0,0,0,0,0,0,0,0,17382182953689458328,17382182953689458328,17382182953689458328,4719127844374949837,4719127844374949837,4719127844374949837,0,0,0,0,0,0,0,0,0,0,0
52,5,500,8,10,0.050266,9947.14,0.023493,21283.21,0.020307,24621.65,0.019640,25457.82,0.023695,21101.86,0.020910,23911.62,0.036011,13884.48,0.050605,0.002325,0.003536,0.020910,0.077376,0.004470,3,40315,58815,184400,750,0,0,0,1203,0,0,0,0,0,0,0,0,0,0,0,0,0,0,0,0,0,0,0,462880245105122147,462880245105122147,462880245105122147,17709801818243160837,17709801818243160837,17709801818243160837,0,0,0,0,0,0,0,0,0,0,0
53,5,500,8,10,0.050085,9983.03,0.023539,21241.59,0.019926,25093.11,0.019510,25627.90,0.024125,20725.78,0.019105,26171.83,0.035882,13934.46,0.050396,0.002525,0.003480,0.019105,0.075506,0.004457,3,40325,58810,184400,787,0,0,0,1111,0,0,0,0,0,0,0,0,0,0,0,0,0,0,0,0,0,0,0,5435842441039542980,5435842441039542980,5435842441039542980,5722520472448569019,5722520472448569019,5722520472448569019,0,0,0,0,0,0,0,0,0,0,0
54,5,500,8,10,0.050073,9985.37,0.023692,21104.02,0.021206,23577.93,0.020523,24363.47,0.023623,21165.51,0.019572,25546.62,0.035891,13931.06,0.050155,0.002633,0.002795,0.019572,0.075156,0.004588,4,40275,58765,184400,743,0,0,0,1122,0,0,0,0,0,0,0,0,0,0,0,0,0,0,0,0,0,0,0,309291494221235645,309291494221235645,309291494221235645,1718917044828475864,1718917044828475864,1718917044828475864,0,0,0,0,0,0,0,0,0,0,0
55,5,500,8,10,0.050720,9857.99,0.023291,21467.72,0.021435,23325.83,0.021031,23774.89,0.023698,21099.10,0.019255,25966.92,0.036036,13875.16,0.050942,0.002266,0.002764,0.019255,0.075227,0.004493,4,40305,58810,184400,741,0,0,0,1274,0,0,0,0,0,0,0,0,0,0,0,0,0,0,0,0,0,0,0,11620430076435385132,11620430076435385132,11620430076435385132,2370668378815942792,2370668378815942792,2370668378815942792,0,0,0,0,0,0,0,0,0,0,0
56,5,500,8,10,0.050888,9825.50,0.023383,21382.98,0.018938,26402.41,0.018255,27389.02,0.023825,20986.51,0.019265,25954.28,0.036103,13849.16,0.050787,0.002636,0.003514,0.019265,0.076202,0.004535,3,40265,58770,184400,712,0,0,0,1066,0,0,0,0,0,0,0,0,0,0,0,0,0,0,0,0,0,0,0,9352829473413303952,9352829473413303952,9352829473413303952,11312768556880438111,11312768556880438111,11312768556880438111,0,0,0,0,0,0,0,0,0,0,0
57,5,500,8,10,0.050528,9895.51,0.023648,21143.38,0.020745,24102.07,0.020455,24443.84,0.024071,20771.96,0.019806,25244.30,0.035838,13951.79,0.050171,0.002747,0.002849,0.019806,0.075574,0.004520,4,40315,58825,184400,717,0,0,0,1185,0,0,0,0,0,0,0,0,0,0,0,0,0,0,0,0,0,0,0,13283749178184799417,13283749178184799417,13283749178184799417,11417098954193027229,11417098954193027229,11417098954193027229,0,0,0,0,0,0,0,0,0,0,0
58,5,500,8,10,0.050248,9950.60,0.023716,21082.55,0.019066,26225.27,0.018546,26959.44,0.023737,21064.19,0.021938,22791.19,0.035786,13971.83,0.050418,0.002534,0.002874,0.021938,0.077765,0.004482,4,40270,58760,184400,740,0,0,0,1273,0,0,0,0,0,0,0,0,0,0,0,0,0,0,0,0,0,0,0,12792195722344383673,12792195722344383673,12792195722344383673,15826762386792066381,15826762386792066381,15826762386792066381,0,0,0,0,0,0,0,0,0,0,0
59,5,500,8,10,0.050478,9905.25,0.023538,21241.96,0.019031,26272.97,0.018484,27049.89,0.023890,20928.92,0.019607,25500.52,0.035819,13959.15,0.050267,0.002651,0.002756,0.019607,0.075282,0.004481,4,40310,58825,184400,816,0,0,0,1233,0,0,0,0,0,0,0,0,0,0,0,0,0,0,0,0,0,0,0,4698579826662716889,4698579826662716889,4698579826662716889,16849048168602333858,16849048168602333858,16849048168602333858,0,0,0,0,0,0,0,0,0,0,0
60,5,500,8,10,0.050709,9860.27,0.023500,21276.64,0.018777,26627.62,0.018185,27494.97,0.023515,21263.20,0.019721,25353.20,0.035790,13970.19,0.050415,0.002528,0.002864,0.019721,0.075529,0.004493,4,40255,58770,184400,699,0,0,0,1251,0,0,0,0,0,0,0,0,0,0,0,0,0,0,0,0,0,0,0,7826133417672016411,7826133417672016411,7826133417672016411,4718124100015199587,4718124100015199587,4718124100015199587,0,0,0,0,0,0,0,0,0,0,0
61,5,500,8,10,0.050305,9939.46,0.023319,21441.34,0.018417,27148.73,0.018287,27341.23,0.023628,21160.90,0.019145,26117.10,0.035522,14075.88,0.050434,0.002353,0.002805,0.019145,0.074736,0.004569,4,40265,58750,184400,730,0,0,0,1108,0,0,0,0,0,0,0,0,0,0,0,0,0,0,0,0,0,0,0,8515557303876792112,8515557303876792112,8515557303876792112,10230483050321854652,10230483050321854652,10230483050321854652,0,0,0,0,0,0,0,0,0,0,0
62,5,500,8,10,0.050277,9944.92,0.023604,21183.04,0.019198,26043.78,0.018482,27053.90,0.023842,20971.32,0.020524,24361.74,0.035504,14083.05,0.050531,0.002697,0.002771,0.020524,0.076523,0.004594,4,40260,58765,184400,764,0,0,0,1371,0,0,0,0,0,0,0,0,0,0,0,0,0,0,0,0,0,0,0,698716233396027656,698716233396027656,698716233396027656,2856107350692631739,2856107350692631739,2856107350692631739,0,0,0,0,0,0,0,0,0,0,0
63,5,500,8,10,0.050665,9868.84,0.023588,21196.79,0.018801,26594.04,0.018311,27305.56,0.023720,21078.91,0.019239,25988.54,0.036069,13862.41,0.050864,0.003314,0.002820,0.019239,0.076237,0.004455,4,40275,58785,184400,758,0,0,0,1140,0,0,0,0,0,0,0,0,0,0,0,0,0,0,0,0,0,0,0,6787290453511782654,6787290453511782654,6787290453511782654,14196549257113965510,14196549257113965510,14196549257113965510,0,0,0,0,0,0,0,0,0,0,0
64,5,500,8,10,0.050420,9916.79,0.023512,21265.74,0.018670,26781.38,0.018355,27240.09,0.023862,20953.97,0.019544,25582.81,0.035968,13901.14,0.050363,0.002430,0.002909,0.019544,0.075247,0.004513,4,40245,58760,184400,734,0,0,0,1262,0,0,0,0,0,0,0,0,0,0,0,0,0,0,0,0,0,0,0,10306929425991635418,10306929425991635418,10306929425991635418,18348518292606862338,18348518292606862338,18348518292606862338,0,0,0,0,0,0,0,0,0,0,0
65,5,500,8,10,0.050237,9952.77,0.023494,21282.36,0.022211,22511.09,0.021659,23085.53,0.023737,21064.21,0.019186,26061.28,0.035480,14092.43,0.050594,0.002448,0.002891,0.019186,0.075119,0.004620,4,40295,58800,184400,768,0,0,0,1284,0,0,0,0,0,0,0,0,0,0,0,0,0,0,0,0,0,0,0,10034324518096895406,10034324518096895406,10034324518096895406,4677578537641973757,4677578537641973757,4677578537641973757,0,0,0,0,0,0,0,0,0,0,0
66,5,500,8,10,0.050236,9952.94,0.023485,21290.59,0.020012,24984.76,0.019559,25564.31,0.024050,20789.63,0.020793,24046.73,0.035954,13906.73,0.050396,0.002413,0.002775,0.020793,0.076377,0.004460,4,40279,58779,184400,710,0,0,0,1117,0,0,0,0,0,0,0,0,0,0,0,0,0,0,0,0,0,0,0,8710710788245123519,8710710788245123519,8710710788245123519,10815606743570784751,10815606743570784751,10815606743570784751,0,0,0,0,0,0,0,0,0,0,0
67,5,500,8,10,0.050270,9946.22,0.023611,21176.50,0.021589,23159.67,0.020962,23852.46,0.023826,20985.90,0.019085,26198.35,0.036006,13886.48,0.050407,0.002356,0.003447,0.019085,0.075295,0.004535,3,40264,58779,184400,784,0,0,0,1440,0,0,0,0,0,0,0,0,0,0,0,0,0,0,0,0,0,0,0,4878716534259625389,4878716534259625389,4878716534259625389,10754680514954142990,10754680514954142990,10754680514954142990,0,0,0,0,0,0,0,0,0,0,0
68,5,500,8,10,0.050378,9924.95,0.023360,21403.94,0.020393,24518.77,0.019586,25528.79,0.023999,20834.52,0.019489,25655.91,0.036004,13887.18,0.050437,0.002284,0.002759,0.019489,0.074969,0.004467,4,40265,58770,184400,740,0,0,0,1173,0,0,0,0,0,0,0,0,0,0,0,0,0,0,0,0,0,0,0,11014160967283024726,11014160967283024726,11014160967283024726,1177003802309300073,1177003802309300073,1177003802309300073,0,0,0,0,0,0,0,0,0,0,0
69,5,500,8,10,0.050253,9949.66,0.023674,21120.51,0.019405,25766.61,0.018255,27389.47,0.023793,21014.29,0.020706,24147.16,0.036397,13737.30,0.050617,0.002311,0.002814,0.020706,0.076448,0.004580,4,40290,58805,184400,791,0,0,0,1131,0,0,0,0,0,0,0,0,0,0,0,0,0,0,0,0,0,0,0,14549676327178535337,14549676327178535337,14549676327178535337,6080385697647121106,6080385697647121106,6080385697647121106,0,0,0,0,0,0,0,0,0,0,0
70,5,500,8,10,0.050381,9924.41,0.023682,21113.52,0.018970,26356.99,0.018603,26876.92,0.024123,20727.13,0.019710,25367.47,0.036536,13685.00,0.050644,0.002412,0.002982,0.019710,0.075748,0.004509,4,40270,58785,184400,760,0,0,0,1188,0,0,0,0,0,0,0,0,0,0,0,0,0,0,0,0,0,0,0,3935889081945623011,3935889081945623011,3935889081945623011,14135980100633714631,14135980100633714631,14135980100633714631,0,0,0,0,0,0,0,0,0,0,0
71,5,500,8,10,0.050868,9829.44,0.023785,21021.22,0.019331,25864.69,0.018566,26931.37,0.023784,21022.45,0.020657,24204.54,0.036341,13758.73,0.050765,0.002162,0.002855,0.020657,0.076440,0.004612,4,40250,58780,184400,731,0,0,0,1174,0,0,0,0,0,0,0,0,0,0,0,0,0,0,0,0,0,0,0,8439476750593609334,8439476750593609334,8439476750593609334,11371862503134672731,11371862503134672731,11371862503134672731,0,0,0,0,0,0,0,0,0,0,0
72,5,500,8,10,0.051382,9731.05,0.023679,21115.35,0.019078,26207.90,0.018611,26865.19,0.024013,20822.34,0.019621,25483.37,0.036099,13850.83,0.051125,0.002783,0.002965,0.019621,0.076493,0.004559,4,40305,58815,184400,765,0,0,0,1441,0,0,0,0,0,0,0,0,0,0,0,0,0,0,0,0,0,0,0,10922698503448101333,10922698503448101333,10922698503448101333,3966027666101151156,3966027666101151156,3966027666101151156,0,0,0,0,0,0,0,0,0,0,0
73,5,500,8,10,0.050422,9916.27,0.023858,20957.53,0.018816,26573.53,0.018617,26857.49,0.024122,20728.30,0.019573,25544.76,0.036166,13825.04,0.050479,0.002675,0.002881,0.019573,0.075609,0.004593,4,40274,58779,184400,775,0,0,0,1269,0,0,0,0,0,0,0,0,0,0,0,0,0,0,0,0,0,0,0,2099007282798521342,2099007282798521342,2099007282798521342,11103378235903056040,11103378235903056040,11103378235903056040,0,0,0,0,0,0,0,0,0,0,0
74,5,500,8,10,0.050435,9913.79,0.023966,20863.22,0.019055,26239.86,0.018460,27085.36,0.024160,20695.41,0.020809,24028.06,0.036308,13770.94,0.050802,0.002248,0.002867,0.020809,0.076725,0.004533,4,40275,58785,184400,787,0,0,0,1262,0,0,0,0,0,0,0,0,0,0,0,0,0,0,0,0,0,0,0,4605964348155941862,4605964348155941862,4605964348155941862,8515570745823894177,8515570745823894177,8515570745823894177,0,0,0,0,0,0,0,0,0,0,0
75,5,500,8,10,0.050195,9961.22,0.023718,21081.21,0.019017,26291.98,0.018569,26926.57,0.024030,20807.34,0.019613,25493.60,0.035678,14014.26,0.050386,0.002809,0.002912,0.019613,0.075719,0.004552,4,40270,58775,184400,754,0,0,0,1243,0,0,0,0,0,0,0,0,0,0,0,0,0,0,0,0,0,0,0,15960185393752915704,15960185393752915704,15960185393752915704,7518235570322018322,7518235570322018322,7518235570322018322,0,0,0,0,0,0,0,0,0,0,0
76,5,500,8,10,0.050534,9894.26,0.023965,20863.34,0.019127,26141.06,0.018554,26948.28,0.024148,20705.52,0.021364,23404.30,0.035691,14009.07,0.050570,0.002403,0.002873,0.021364,0.077210,0.004456,4,40260,58770,184400,815,0,0,0,1179,0,0,0,0,0,0,0,0,0,0,0,0,0,0,0,0,0,0,0,8676425110457895159,8676425110457895159,8676425110457895159,690789203950754056,690789203950754056,690789203950754056,0,0,0,0,0,0,0,0,0,0,0
77,5,500,8,10,0.050180,9964.17,0.023705,21092.69,0.021031,23774.71,0.020336,24586.51,0.023958,20870.20,0.019238,25990.82,0.035921,13919.61,0.050368,0.002515,0.003592,0.019238,0.075712,0.004501,3,40330,58835,184400,759,0,0,0,1407,0,0,0,0,0,0,0,0,0,0,0,0,0,0,0,0,0,0,0,5131650526368896135,5131650526368896135,5131650526368896135,3009715587571141424,3009715587571141424,3009715587571141424,0,0,0,0,0,0,0,0,0,0,0
78,5,500,8,10,0.050575,9886.30,0.023635,21155.06,0.018858,26513.56,0.018336,27269.00,0.023840,20972.87,0.019744,25323.53,0.036167,13824.63,0.050125,0.003771,0.003305,0.019744,0.076946,0.004474,4,40295,58810,184400,703,0,0,0,1294,0,0,0,0,0,0,0,0,0,0,0,0,0,0,0,0,0,0,0,1070193513393552656,1070193513393552656,1070193513393552656,5050267997808827604,5050267997808827604,5050267997808827604,0,0,0,0,0,0,0,0,0,0,0
79,5,500,8,10,0.050275,9945.21,0.023582,21202.61,0.022149,22574.13,0.021431,23330.91,0.023946,20880.73,0.019864,25170.87,0.035826,13956.49,0.050499,0.002424,0.003523,0.019864,0.076310,0.004514,3,40270,58790,184400,755,0,0,0,1168,0,0,0,0,0,0,0,0,0,0,0,0,0,0,0,0,0,0,0,10672279574305806581,10672279574305806581,10672279574305806581,2285140616836476904,2285140616836476904,2285140616836476904,0,0,0,0,0,0,0,0,0,0,0
80,5,500,8,10,0.051007,9802.49,0.023063,21680.19,0.018399,27174.82,0.018024,27740.13,0.023626,21163.48,0.019318,25882.13,0.035661,14020.88,0.050759,0.002773,0.002749,0.019318,0.075599,0.004503,4,40230,58750,184400,733,0,0,0,1199,0,0,0,0,0,0,0,0,0,0,0,0,0,0,0,0,0,0,0,11485015139328083367,11485015139328083367,11485015139328083367,16966994752304240546,16966994752304240546,16966994752304240546,0,0,0,0,0,0,0,0,0,0,0
81,5,500,8,10,0.050795,9843.47,0.022952,21784.29,0.021657,23087.52,0.021652,23092.94,0.023769,21035.62,0.019715,25361.30,0.035837,13952.25,0.051213,0.002307,0.002810,0.019715,0.076045,0.004642,4,40274,58799,184400,726,0,0,0,1207,0,0,0,0,0,0,0,0,0,0,0,0,0,0,0,0,0,0,0,8549779943271569746,8549779943271569746,8549779943271569746,11265127315659153722,11265127315659153722,11265127315659153722,0,0,0,0,0,0,0,0,0,0,0
82,5,500,8,10,0.050791,9844.32,0.023036,21705.31,0.018854,26519.33,0.018333,27273.88,0.023635,21154.75,0.019886,25143.80,0.035774,13976.51,0.051044,0.002580,0.002804,0.019886,0.076314,0.004516,4,40275,58805,184400,786,0,0,0,1273,0,0,0,0,0,0,0,0,0,0,0,0,0,0,0,0,0,0,0,4449297484175994430,4449297484175994430,4449297484175994430,14174191003355139501,14174191003355139501,14174191003355139501,0,0,0,0,0,0,0,0,0,0,0
83,5,500,8,10,0.050824,9837.78,0.023441,21329.75,0.020524,24361.71,0.020052,24935.11,0.023724,21075.72,0.023039,21702.63,0.036201,13811.67,0.050860,0.002567,0.002829,0.023039,0.079295,0.004575,4,40285,58805,184400,761,0,0,0,1291,0,0,0,0,0,0,0,0,0,0,0,0,0,0,0,0,0,0,0,279634776494726977,279634776494726977,279634776494726977,8512031979141006038,8512031979141006038,8512031979141006038,0,0,0,0,0,0,0,0,0,0,0
84,5,500,8,10,0.050945,9814.50,0.023043,21698.23,0.020586,24287.98,0.020123,24847.77,0.023602,21184.33,0.019271,25946.25,0.035779,13974.67,0.051300,0.002207,0.002888,0.019271,0.075666,0.004538,4,40255,58770,184400,781,0,0,0,1372,0,0,0,0,0,0,0,0,0,0,0,0,0,0,0,0,0,0,0,6719759816565040119,6719759816565040119,6719759816565040119,8068163628287170263,8068163628287170263,8068163628287170263,0,0,0,0,0,0,0,0,0,0,0
85,5,500,8,10,0.050153,9969.57,0.023473,21301.31,0.019123,26146.61,0.018394,27182.97,0.023933,20891.76,0.019193,26051.00,0.035776,13975.90,0.050593,0.002263,0.002799,0.019193,0.074848,0.004500,4,40270,58785,184400,726,0,0,0,1139,0,0,0,0,0,0,0,0,0,0,0,0,0,0,0,0,0,0,0,13905567202307807180,13905567202307807180,13905567202307807180,13560399338621968346,13560399338621968346,13560399338621968346,0,0,0,0,0,0,0,0,0,0,0
86,5,500,8,10,0.050847,9833.35,0.023365,21399.21,0.019314,25888.22,0.018378,27206.85,0.023985,20846.15,0.019510,25628.08,0.036037,13874.44,0.051000,0.002657,0.002847,0.019510,0.076013,0.004602,4,40259,58779,184400,723,0,0,0,1095,0,0,0,0,0,0,0,0,0,0,0,0,0,0,0,0,0,0,0,12117508295175362040,12117508295175362040,12117508295175362040,17653649239060860179,17653649239060860179,17653649239060860179,0,0,0,0,0,0,0,0,0,0,0
87,5,500,8,10,0.050157,9968.63,0.023638,21152.64,0.018751,26664.94,0.018304,27316.76,0.024009,20825.82,0.020931,23888.00,0.035707,14002.74,0.050480,0.002574,0.002856,0.020931,0.076841,0.004639,4,40285,58800,184400,733,0,0,0,1288,0,0,0,0,0,0,0,0,0,0,0,0,0,0,0,0,0,0,0,14351984385560559964,14351984385560559964,14351984385560559964,4724672401978575360,4724672401978575360,4724672401978575360,0,0,0,0,0,0,0,0,0,0,0
88,5,500,8,10,0.050620,9877.51,0.023810,20999.61,0.020183,24773.28,0.020013,24983.35,0.023967,20861.80,0.020058,24927.34,0.036038,13874.12,0.051641,0.001930,0.002922,0.020058,0.076552,0.004536,4,40280,58780,184400,740,0,0,0,1179,0,0,0,0,0,0,0,0,0,0,0,0,0,0,0,0,0,0,0,2519929125408836411,2519929125408836411,2519929125408836411,3529326492220350431,3529326492220350431,3529326492220350431,0,0,0,0,0,0,0,0,0,0,0
89,5,500,8,10,0.050347,9931.08,0.023693,21103.69,0.019065,26226.34,0.018375,27210.72,0.023958,20870.18,0.019724,25349.99,0.036278,13782.49,0.050729,0.002828,0.002892,0.019724,0.076172,0.004564,4,40275,58785,184400,725,0,0,0,1149,0,0,0,0,0,0,0,0,0,0,0,0,0,0,0,0,0,0,0,12625134117377014147,12625134117377014147,12625134117377014147,397462006177854454,397462006177854454,397462006177854454,0,0,0,0,0,0,0,0,0,0,0
90,5,500,8,10,0.050699,9862.14,0.023712,21086.80,0.019124,26145.42,0.018785,26616.98,0.024038,20800.38,0.021278,23498.86,0.036366,13749.14,0.050539,0.002672,0.002895,0.021278,0.077383,0.004583,4,40294,58784,184400,829,0,0,0,1474,0,0,0,0,0,0,0,0,0,0,0,0,0,0,0,0,0,0,0,4225011373787994978,4225011373787994978,4225011373787994978,14382791643472933694,14382791643472933694,14382791643472933694,0,0,0,0,0,0,0,0,0,0,0
91,5,500,8,10,0.050980,9807.73,0.023549,21232.17,0.019037,26264.41,0.018448,27103.87,0.023978,20852.44,0.021886,22845.26,0.036118,13843.58,0.050792,0.003020,0.003673,0.021886,0.079372,0.004597,3,40285,58795,184400,785,0,0,0,1315,0,0,0,0,0,0,0,0,0,0,0,0,0,0,0,0,0,0,0,3856356549756569839,3856356549756569839,3856356549756569839,5172709266149120351,5172709266149120351,5172709266149120351,0,0,0,0,0,0,0,0,0,0,0
92,5,500,8,10,0.050837,9835.45,0.023510,21267.78,0.018810,26581.35,0.018501,27024.86,0.023790,21017.04,0.019320,25880.24,0.035941,13911.78,0.051230,0.002256,0.002920,0.019320,0.075725,0.004579,4,40264,58764,184400,788,0,0,0,1220,0,0,0,0,0,0,0,0,0,0,0,0,0,0,0,0,0,0,0,2474776070143525858,2474776070143525858,2474776070143525858,1444505203466680192,1444505203466680192,1444505203466680192,0,0,0,0,0,0,0,0,0,0,0
93,5,500,8,10,0.050989,9806.06,0.023388,21378.85,0.019590,25523.28,0.018648,26813.14,0.023809,21000.13,0.021848,22885.25,0.036077,13859.43,0.051094,0.002420,0.002887,0.021848,0.078249,0.004555,4,40280,58790,184400,769,0,0,0,1348,0,0,0,0,0,0,0,0,0,0,0,0,0,0,0,0,0,0,0,18037024984099212776,18037024984099212776,18037024984099212776,693680006557074739,693680006557074739,693680006557074739,0,0,0,0,0,0,0,0,0,0,0
94,5,500,8,10,0.051318,9743.22,0.023394,21372.65,0.019474,25675.49,0.019211,26026.97,0.023720,21079.01,0.019257,25964.36,0.035776,13975.80,0.052063,0.002058,0.002874,0.019257,0.076252,0.004528,4,40280,58780,184400,734,0,0,0,1325,0,0,0,0,0,0,0,0,0,0,0,0,0,0,0,0,0,0,0,15586124235213186349,15586124235213186349,15586124235213186349,8249596504799677647,8249596504799677647,8249596504799677647,0,0,0,0,0,0,0,0,0,0,0
95,5,500,8,10,0.050853,9832.32,0.023335,21427.07,0.019425,25740.30,0.018765,26645.18,0.024014,20821.07,0.020813,24023.34,0.035660,14021.39,0.052058,0.001958,0.002825,0.020813,0.077654,0.004505,4,40310,58805,184400,795,0,0,0,1121,0,0,0,0,0,0,0,0,0,0,0,0,0,0,0,0,0,0,0,867748558828822854,867748558828822854,867748558828822854,1796968370719096280,1796968370719096280,1796968370719096280,0,0,0,0,0,0,0,0,0,0,0
96,5,500,8,10,0.050347,9931.09,0.023636,21154.27,0.020069,24913.57,0.019380,25800.07,0.023913,20908.79,0.019564,25557.60,0.035451,14103.80,0.049993,0.003045,0.002780,0.019564,0.075381,0.004467,4,40259,58779,184400,803,0,0,0,1373,0,0,0,0,0,0,0,0,0,0,0,0,0,0,0,0,0,0,0,4548857920045901315,4548857920045901315,4548857920045901315,7624979058215155940,7624979058215155940,7624979058215155940,0,0,0,0,0,0,0,0,0,0,0
97,5,500,8,10,0.050662,9869.34,0.023242,21512.36,0.019152,26107.25,0.018549,26956.10,0.023737,21064.18,0.020411,24496.13,0.035840,13950.85,0.050548,0.002487,0.002796,0.020411,0.076242,0.004544,4,40260,58760,184400,757,0,0,0,1235,0,0,0,0,0,0,0,0,0,0,0,0,0,0,0,0,0,0,0,15564963246976658484,15564963246976658484,15564963246976658484,8411064039577447668,8411064039577447668,8411064039577447668,0,0,0,0,0,0,0,0,0,0,0
98,5,500,8,10,0.050395,9921.68,0.023436,21334.47,0.019423,25742.22,0.018998,26318.14,0.023904,20916.57,0.019868,25165.52,0.036020,13881.26,0.051376,0.002174,0.002785,0.019868,0.076203,0.004516,4,40290,58800,184400,809,0,0,0,1237,0,0,0,0,0,0,0,0,0,0,0,0,0,0,0,0,0,0,0,5021743667601766883,5021743667601766883,5021743667601766883,13321793300385478073,13321793300385478073,13321793300385478073,0,0,0,0,0,0,0,0,0,0,0
99,5,500,8,10,0.050835,9835.67,0.023694,21102.41,0.018656,26800.89,0.018298,27324.92,0.023891,20928.44,0.019350,25839.48,0.035681,14013.03,0.051576,0.002802,0.002800,0.019350,0.076528,0.004439,4,40250,58760,184400,728,0,0,0,1149,0,0,0,0,0,0,0,0,0,0,0,0,0,0,0,0,0,0,0,3895316908877914618,3895316908877914618,3895316908877914618,3925140633985535186,3925140633985535186,3925140633985535186,0,0,0,0,0,0,0,0,0,0,0
100,5,500,8,10,0.050412,9918.30,0.023578,21206.04,0.018953,26380.74,0.018470,27071.20,0.023735,21065.94,0.022524,22198.42,0.035760,13982.21,0.051550,0.001984,0.002785,0.022524,0.078842,0.004598,4,40235,58750,184400,753,0,0,0,1235,0,0,0,0,0,0,0,0,0,0,0,0,0,0,0,0,0,0,0,13123759618922246488,13123759618922246488,13123759618922246488,2330471375383864506,2330471375383864506,2330471375383864506,0,0,0,0,0,0,0,0,0,0,0
101,5,500,8,10,0.050812,9840.11,0.023290,21468.83,0.020465,24431.88,0.019843,25197.79,0.023815,20995.30,0.019347,25843.41,0.035740,13989.83,0.051070,0.002532,0.002810,0.019347,0.075759,0.004508,4,40290,58800,184400,779,0,0,0,1110,0,0,0,0,0,0,0,0,0,0,0,0,0,0,0,0,0,0,0,3809795484768493379,3809795484768493379,3809795484768493379,8178962850341690262,8178962850341690262,8178962850341690262,0,0,0,0,0,0,0,0,0,0,0
102,5,500,8,10,0.050909,9821.43,0.023534,21245.76,0.018844,26533.85,0.018196,27478.31,0.023592,21193.90,0.019325,25873.48,0.035712,14000.91,0.051964,0.001904,0.002833,0.019325,0.076026,0.004456,4,40295,58800,184400,720,0,0,0,1269,0,0,0,0,0,0,0,0,0,0,0,0,0,0,0,0,0,0,0,8704144938254771443,8704144938254771443,8704144938254771443,1183559050621910640,1183559050621910640,1183559050621910640,0,0,0,0,0,0,0,0,0,0,0
103,5,500,8,10,0.050116,9976.82,0.023467,21306.63,0.018929,26414.03,0.018468,27073.84,0.024054,20786.79,0.020583,24291.50,0.036381,13743.35,0.050559,0.002353,0.002808,0.020583,0.076303,0.004495,4,40300,58790,184400,729,0,0,0,1250,0,0,0,0,0,0,0,0,0,0,0,0,0,0,0,0,0,0,0,9534023085466141884,9534023085466141884,9534023085466141884,16886003614718602470,16886003614718602470,16886003614718602470,0,0,0,0,0,0,0,0,0,0,0
104,5,500,8,10,0.050558,9889.65,0.023600,21186.21,0.018741,26679.11,0.018363,27228.41,0.023601,21185.55,0.022068,22656.79,0.035904,13925.91,0.051790,0.001929,0.002848,0.022068,0.078635,0.004448,4,40285,58775,184400,760,0,0,0,1208,0,0,0,0,0,0,0,0,0,0,0,0,0,0,0,0,0,0,0,13837656212477282145,13837656212477282145,13837656212477282145,12208618880937206328,12208618880937206328,12208618880937206328,0,0,0,0,0,0,0,0,0,0,0
105,5,500,8,10,0.050252,9949.85,0.023873,20944.51,0.021601,23147.01,0.020973,23839.67,0.023917,20905.81,0.022487,22235.43,0.035888,13932.37,0.050324,0.002668,0.002814,0.022487,0.078293,0.004498,4,40259,58769,184400,777,0,0,0,1144,0,0,0,0,0,0,0,0,0,0,0,0,0,0,0,0,0,0,0,7286743578057538703,7286743578057538703,7286743578057538703,18017749325190631127,18017749325190631127,18017749325190631127,0,0,0,0,0,0,0,0,0,0,0
106,5,500,8,10,0.050897,9823.76,0.023788,21018.73,0.021835,22898.64,0.021242,23537.86,0.024065,20777.15,0.021216,23566.60,0.035895,13929.46,0.051076,0.002340,0.003535,0.021216,0.078167,0.004519,3,40255,58760,184400,763,0,0,0,1222,0,0,0,0,0,0,0,0,0,0,0,0,0,0,0,0,0,0,0,13580403131580852148,13580403131580852148,13580403131580852148,15595413666881865472,15595413666881865472,15595413666881865472,0,0,0,0,0,0,0,0,0,0,0
107,5,500,8,10,0.050332,9934.13,0.023613,21174.99,0.020730,24119.26,0.020210,24739.71,0.023809,21000.26,0.018932,26410.00,0.035555,14062.68,0.050545,0.002860,0.003617,0.018932,0.075954,0.004577,3,40290,58810,184400,756,0,0,0,1309,0,0,0,0,0,0,0,0,0,0,0,0,0,0,0,0,0,0,0,10734625578224025494,10734625578224025494,10734625578224025494,14554009415768757150,14554009415768757150,14554009415768757150,0,0,0,0,0,0,0,0,0,0,0
108,5,500,8,10,0.050917,9819.94,0.023469,21304.99,0.018654,26803.98,0.018359,27234.30,0.023814,20996.38,0.021003,23806.48,0.035595,14046.74,0.051626,0.002623,0.002874,0.021003,0.078125,0.004534,4,40280,58795,184400,762,0,0,0,1093,0,0,0,0,0,0,0,0,0,0,0,0,0,0,0,0,0,0,0,12744844261128484353,12744844261128484353,12744844261128484353,9225769671978856062,9225769671978856062,9225769671978856062,0,0,0,0,0,0,0,0,0,0,0
109,5,500,8,10,0.050789,9844.69,0.023349,21414.32,0.022017,22709.39,0.021662,23081.72,0.023733,21067.40,0.019230,26000.83,0.035555,14062.59,0.051797,0.002446,0.003580,0.019230,0.077052,0.004521,3,40250,58775,184400,694,0,0,0,1477,0,0,0,0,0,0,0,0,0,0,0,0,0,0,0,0,0,0,0,9712588924806025032,9712588924806025032,9712588924806025032,6091536664636789718,6091536664636789718,6091536664636789718,0,0,0,0,0,0,0,0,0,0,0
110,5,500,8,10,0.050736,9854.90,0.023621,21167.69,0.018965,26364.47,0.018278,27354.74,0.023600,21186.30,0.020555,24325.01,0.035794,13968.75,0.051834,0.002333,0.002839,0.020555,0.077560,0.004492,4,40315,58800,184400,857,0,0,0,1161,0,0,0,0,0,0,0,0,0,0,0,0,0,0,0,0,0,0,0,11740324364152390693,11740324364152390693,11740324364152390693,7594621682000761713,7594621682000761713,7594621682000761713,0,0,0,0,0,0,0,0,0,0,0
111,5,500,8,10,0.050714,9859.14,0.023416,21353.10,0.019570,25549.03,0.019157,26100.61,0.023669,21124.59,0.019683,25402.54,0.035777,13975.46,0.050974,0.002392,0.002832,0.019683,0.075881,0.004548,4,40265,58785,184400,699,0,0,0,1047,0,0,0,0,0,0,0,0,0,0,0,0,0,0,0,0,0,0,0,18215101821914581843,18215101821914581843,18215101821914581843,18345200476029489156,18345200476029489156,18345200476029489156,0,0,0,0,0,0,0,0,0,0,0
112,5,500,8,10,0.050545,9892.11,0.023169,21580.61,0.018517,27002.09,0.018160,27532.72,0.023690,21105.75,0.018952,26382.54,0.035758,13982.75,0.051102,0.001957,0.003464,0.018952,0.075476,0.004563,3,40335,58830,184400,715,0,0,0,1029,0,0,0,0,0,0,0,0,0,0,0,0,0,0,0,0,0,0,0,2783644825938542747,2783644825938542747,2783644825938542747,14024811539900056020,14024811539900056020,14024811539900056020,0,0,0,0,0,0,0,0,0,0,0
113,5,500,8,10,0.050780,9846.43,0.023364,21400.20,0.018536,26974.92,0.018116,27600.51,0.023516,21262.57,0.019116,26156.14,0.035788,13971.17,0.051762,0.002486,0.002749,0.019116,0.076113,0.004555,4,40305,58820,184400,787,0,0,0,1194,0,0,0,0,0,0,0,0,0,0,0,0,0,0,0,0,0,0,0,17605441573966108321,17605441573966108321,17605441573966108321,12088526564859924841,12088526564859924841,12088526564859924841,0,0,0,0,0,0,0,0,0,0,0
114,5,500,8,10,0.051077,9789.23,0.023598,21188.06,0.022265,22456.52,0.021264,23513.77,0.023923,20900.10,0.021991,22736.25,0.035849,13947.24,0.051284,0.002202,0.002847,0.021991,0.078324,0.004511,4,40265,58765,184400,774,0,0,0,1344,0,0,0,0,0,0,0,0,0,0,0,0,0,0,0,0,0,0,0,12194143126121093474,12194143126121093474,12194143126121093474,5765856000947664956,5765856000947664956,5765856000947664956,0,0,0,0,0,0,0,0,0,0,0
115,5,500,8,10,0.050216,9957.06,0.023772,21032.86,0.018800,26595.66,0.018244,27406.04,0.023657,21135.67,0.021083,23715.90,0.035695,14007.50,0.050313,0.002534,0.002847,0.021083,0.076778,0.004524,4,40250,58770,184400,767,0,0,0,1215,0,0,0,0,0,0,0,0,0,0,0,0,0,0,0,0,0,0,0,12953454044303247231,12953454044303247231,12953454044303247231,13844943144692865488,13844943144692865488,13844943144692865488,0,0,0,0,0,0,0,0,0,0,0
116,5,500,8,10,0.050716,9858.83,0.023224,21529.39,0.019960,25050.40,0.019461,25692.38,0.023763,21040.83,0.020343,24578.15,0.036004,13887.20,0.050834,0.002679,0.002860,0.020343,0.076716,0.004521,4,40285,58785,184400,765,0,0,0,1349,0,0,0,0,0,0,0,0,0,0,0,0,0,0,0,0,0,0,0,1906145475844271586,1906145475844271586,1906145475844271586,12628503488760877841,12628503488760877841,12628503488760877841,0,0,0,0,0,0,0,0,0,0,0
117,5,500,8,10,0.050281,9944.07,0.023521,21257.98,0.019107,26167.94,0.018209,27458.35,0.023568,21215.01,0.019351,25839.06,0.035713,14000.66,0.050243,0.002552,0.002753,0.019351,0.074898,0.004550,4,40275,58790,184400,763,0,0,0,1298,0,0,0,0,0,0,0,0,0,0,0,0,0,0,0,0,0,0,0,17483875598099361356,17483875598099361356,17483875598099361356,1649711805959447781,1649711805959447781,1649711805959447781,0,0,0,0,0,0,0,0,0,0,0
118,5,500,8,10,0.051014,9801.14,0.023420,21349.06,0.018873,26493.27,0.018401,27173.16,0.023610,21177.90,0.018996,26321.95,0.035758,13982.78,0.050879,0.002602,0.003479,0.018996,0.075956,0.004599,3,40249,58774,184400,669,0,0,0,1177,0,0,0,0,0,0,0,0,0,0,0,0,0,0,0,0,0,0,0,9105089218478317857,9105089218478317857,9105089218478317857,3640470718371346676,3640470718371346676,3640470718371346676,0,0,0,0,0,0,0,0,0,0,0
119,5,500,8,10,0.050838,9835.10,0.023220,21533.18,0.019520,25615.26,0.018581,26908.93,0.023482,21293.07,0.019271,25946.35,0.035651,14024.93,0.051257,0.002163,0.002787,0.019271,0.075478,0.004553,4,40280,58790,184400,816,0,0,0,1091,0,0,0,0,0,0,0,0,0,0,0,0,0,0,0,0,0,0,0,9045680647418270229,9045680647418270229,9045680647418270229,3721132843704418279,3721132843704418279,3721132843704418279,0,0,0,0,0,0,0,0,0,0,0
120,5,500,8,10,0.050363,9928.01,0.023522,21257.08,0.018777,26628.20,0.018197,27477.53,0.023937,20888.28,0.019597,25513.52,0.035241,14188.02,0.050247,0.002282,0.002773,0.019597,0.074899,0.004514,4,40235,58755,184400,731,0,0,0,1299,0,0,0,0,0,0,0,0,0,0,0,0,0,0,0,0,0,0,0,5125244452706475649,5125244452706475649,5125244452706475649,6578239388590797818,6578239388590797818,6578239388590797818,0,0,0,0,0,0,0,0,0,0,0
121,5,500,8,10,0.050513,9898.44,0.023597,21188.72,0.020392,24519.63,0.019980,25025.27,0.023720,21079.01,0.019636,25463.62,0.036123,13841.71,0.050433,0.002529,0.002795,0.019636,0.075393,0.004460,4,40290,58800,184400,778,0,0,0,1380,0,0,0,0,0,0,0,0,0,0,0,0,0,0,0,0,0,0,0,11706014497609732943,11706014497609732943,11706014497609732943,13527216900131940519,13527216900131940519,13527216900131940519,0,0,0,0,0,0,0,0,0,0,0
122,5,500,8,10,0.050709,9860.25,0.023591,21194.41,0.020558,24321.73,0.019738,25332.18,0.023718,21080.69,0.020032,24960.51,0.035631,14032.68,0.050343,0.002260,0.002780,0.020032,0.075414,0.004467,4,40305,58810,184400,749,0,0,0,1457,0,0,0,0,0,0,0,0,0,0,0,0,0,0,0,0,0,0,0,1799524761748016091,1799524761748016091,1799524761748016091,6849648848506093396,6849648848506093396,6849648848506093396,0,0,0,0,0,0,0,0,0,0,0
123,5,500,8,10,0.050235,9953.19,0.023321,21439.49,0.020271,24666.16,0.019926,25093.12,0.023776,21029.72,0.021255,23524.19,0.035692,14008.60,0.050437,0.002661,0.002827,0.021255,0.077180,0.004484,4,40290,58815,184400,705,0,0,0,1150,0,0,0,0,0,0,0,0,0,0,0,0,0,0,0,0,0,0,0,17714903849945189095,17714903849945189095,17714903849945189095,4412332682178780469,4412332682178780469,4412332682178780469,0,0,0,0,0,0,0,0,0,0,0
124,5,500,8,10,0.050110,9977.96,0.023509,21268.79,0.018804,26590.61,0.018434,27123.92,0.023832,20980.21,0.020505,24384.60,0.035925,13918.03,0.050307,0.002395,0.002737,0.020505,0.075943,0.004550,4,40270,58790,184400,696,0,0,0,1200,0,0,0,0,0,0,0,0,0,0,0,0,0,0,0,0,0,0,0,6340790745811885344,6340790745811885344,6340790745811885344,12921202711416248254,12921202711416248254,12921202711416248254,0,0,0,0,0,0,0,0,0,0,0
125,5,500,8,10,0.050267,9946.97,0.023632,21158.03,0.021211,23572.38,0.020384,24528.78,0.023729,21071.18,0.019410,25760.06,0.035522,14075.70,0.050482,0.002469,0.002785,0.019410,0.075145,0.004512,4,40255,58760,184400,699,0,0,0,1347,0,0,0,0,0,0,0,0,0,0,0,0,0,0,0,0,0,0,0,7211955696397976538,7211955696397976538,7211955696397976538,7297180774010556636,7297180774010556636,7297180774010556636,0,0,0,0,0,0,0,0,0,0,0
126,5,500,8,10,0.050148,9970.47,0.023479,21296.02,0.020569,24308.14,0.019843,25198.32,0.023767,21037.53,0.020636,24229.70,0.035563,14059.43,0.050607,0.002237,0.003471,0.020636,0.076951,0.004497,3,40255,58760,184400,672,0,0,0,1222,0,0,0,0,0,0,0,0,0,0,0,0,0,0,0,0,0,0,0,821641437574652477,821641437574652477,821641437574652477,10317361192603884703,10317361192603884703,10317361192603884703,0,0,0,0,0,0,0,0,0,0,0
127,5,500,8,10,0.050878,9827.37,0.023607,21180.12,0.020728,24121.95,0.019983,25021.37,0.023911,20910.64,0.020808,24028.94,0.036013,13883.74,0.050367,0.002706,0.002791,0.020808,0.076673,0.004525,4,40275,58790,184400,692,0,0,0,1385,0,0,0,0,0,0,0,0,0,0,0,0,0,0,0,0,0,0,0,15126233808959850074,15126233808959850074,15126233808959850074,4166222138615399503,4166222138615399503,4166222138615399503,0,0,0,0,0,0,0,0,0,0,0
128,5,500,8,10,0.050547,9891.77,0.023694,21102.82,0.021678,23065.04,0.021455,23304.39,0.023837,20975.93,0.018985,26337.08,0.035912,13923.04,0.051431,0.002066,0.003467,0.018985,0.075948,0.004578,3,40310,58820,184400,734,0,0,0,1246,0,0,0,0,0,0,0,0,0,0,0,0,0,0,0,0,0,0,0,14943095108107324479,14943095108107324479,14943095108107324479,15790131721247100503,15790131721247100503,15790131721247100503,0,0,0,0,0,0,0,0,0,0,0
129,5,500,8,10,0.050803,9841.99,0.023428,21341.96,0.021557,23194.41,0.020974,23838.84,0.023572,21211.49,0.020371,24545.22,0.035730,13993.97,0.051998,0.002033,0.002849,0.020371,0.077250,0.004602,4,40290,58795,184400,704,0,0,0,1228,0,0,0,0,0,0,0,0,0,0,0,0,0,0,0,0,0,0,0,18256024351254667959,18256024351254667959,18256024351254667959,6278773214401162030,6278773214401162030,6278773214401162030,0,0,0,0,0,0,0,0,0,0,0
130,5,500,8,10,0.050741,9854.01,0.023576,21208.21,0.021439,23321.62,0.020597,24274.98,0.023923,20900.51,0.019056,26238.29,0.035550,14064.74,0.051060,0.002355,0.003523,0.019056,0.075995,0.004443,3,40270,58780,184400,724,0,0,0,1245,0,0,0,0,0,0,0,0,0,0,0,0,0,0,0,0,0,0,0,9374411827171499599,9374411827171499599,9374411827171499599,7493644509316726241,7493644509316726241,7493644509316726241,0,0,0,0,0,0,0,0,0,0,0
131,5,500,8,10,0.051159,9773.55,0.023618,21170.49,0.019750,25315.98,0.018791,26608.03,0.023852,20962.22,0.019565,25555.69,0.035578,14053.81,0.050099,0.002831,0.002795,0.019565,0.075290,0.004437,4,40305,58805,184400,724,0,0,0,1266,0,0,0,0,0,0,0,0,0,0,0,0,0,0,0,0,0,0,0,15300116008540811956,15300116008540811956,15300116008540811956,8203511153584838963,8203511153584838963,8203511153584838963,0,0,0,0,0,0,0,0,0,0,0
132,5,500,8,10,0.050224,9955.33,0.023565,21218.20,0.018732,26691.91,0.018338,27265.10,0.023673,21120.79,0.019307,25897.51,0.035435,14110.40,0.051615,0.001955,0.002737,0.019307,0.075614,0.004495,4,40260,58770,184400,741,0,0,0,1443,0,0,0,0,0,0,0,0,0,0,0,0,0,0,0,0,0,0,0,7106244867399289382,7106244867399289382,7106244867399289382,11166279493374062288,11166279493374062288,11166279493374062288,0,0,0,0,0,0,0,0,0,0,0
133,5,500,8,10,0.050214,9957.42,0.023443,21328.44,0.018726,26701.14,0.018372,27215.32,0.023823,20988.45,0.019603,25505.66,0.035485,14090.65,0.051331,0.002321,0.002717,0.019603,0.075972,0.004552,4,40305,58810,184400,687,0,0,0,1253,0,0,0,0,0,0,0,0,0,0,0,0,0,0,0,0,0,0,0,9952044077736289796,9952044077736289796,9952044077736289796,15109104179647778706,15109104179647778706,15109104179647778706,0,0,0,0,0,0,0,0,0,0,0
134,5,500,8,10,0.050205,9959.08,0.023603,21183.84,0.020321,24604.58,0.019221,26013.19,0.023841,20972.13,0.019266,25952.46,0.035636,14030.64,0.051617,0.001990,0.002839,0.019266,0.075712,0.004602,4,40309,58804,184400,781,0,0,0,1372,0,0,0,0,0,0,0,0,0,0,0,0,0,0,0,0,0,0,0,13258505353049669766,13258505353049669766,13258505353049669766,8692888467156627470,8692888467156627470,8692888467156627470,0,0,0,0,0,0,0,0,0,0,0
135,5,500,8,10,0.050596,9882.19,0.023409,21358.94,0.019828,25217.49,0.019162,26093.45,0.023651,21140.38,0.019165,26089.83,0.035531,14072.07,0.050488,0.002379,0.003505,0.019165,0.075536,0.004545,3,40315,58830,184400,782,0,0,0,1255,0,0,0,0,0,0,0,0,0,0,0,0,0,0,0,0,0,0,0,5933931242498381060,5933931242498381060,5933931242498381060,12578522241048438909,12578522241048438909,12578522241048438909,0,0,0,0,0,0,0,0,0,0,0
136,5,500,8,10,0.050786,9845.31,0.023068,21675.03,0.019684,25401.28,0.018963,26367.68,0.023625,21163.75,0.019411,25758.72,0.035520,14076.75,0.052063,0.002100,0.002794,0.019411,0.076368,0.004607,4,40300,58820,184400,727,0,0,0,1272,0,0,0,0,0,0,0,0,0,0,0,0,0,0,0,0,0,0,0,2404253843092260960,2404253843092260960,2404253843092260960,15450303789368319158,15450303789368319158,15450303789368319158,0,0,0,0,0,0,0,0,0,0,0
137,5,500,8,10,0.050171,9965.86,0.023405,21362.59,0.018916,26432.44,0.018397,27178.81,0.023939,20886.79,0.020287,24646.77,0.035913,13922.46,0.050252,0.002874,0.002816,0.020287,0.076229,0.004465,4,40290,58800,184400,807,0,0,0,1324,0,0,0,0,0,0,0,0,0,0,0,0,0,0,0,0,0,0,0,17191710221644849771,17191710221644849771,17191710221644849771,6622632694999911097,6622632694999911097,6622632694999911097,0,0,0,0,0,0,0,0,0,0,0
138,5,500,8,10,0.050160,9968.05,0.023777,21028.85,0.020009,24989.34,0.019333,25861.94,0.023684,21110.89,0.019438,25722.46,0.035529,14073.15,0.051069,0.002684,0.002803,0.019438,0.075994,0.004458,4,40325,58825,184400,755,0,0,0,1143,0,0,0,0,0,0,0,0,0,0,0,0,0,0,0,0,0,0,0,9250342204097876926,9250342204097876926,9250342204097876926,8209613723748378666,8209613723748378666,8209613723748378666,0,0,0,0,0,0,0,0,0,0,0
139,5,500,8,10,0.050395,9921.71,0.023619,21169.05,0.018656,26801.41,0.018305,27315.30,0.023815,20994.92,0.019456,25698.73,0.035743,13988.74,0.050482,0.002236,0.002758,0.019456,0.074933,0.004428,4,40290,58790,184400,757,0,0,0,1227,0,0,0,0,0,0,0,0,0,0,0,0,0,0,0,0,0,0,0,12234062858470635986,12234062858470635986,12234062858470635986,2973262572977073133,2973262572977073133,2973262572977073133,0,0,0,0,0,0,0,0,0,0,0
140,5,500,8,10,0.050042,9991.59,0.023372,21392.68,0.022561,22162.57,0.022418,22303.26,0.023824,20987.23,0.019470,25681.03,0.035879,13935.82,0.050163,0.002539,0.002786,0.019470,0.074958,0.004498,4,40300,58805,184400,786,0,0,0,1218,0,0,0,0,0,0,0,0,0,0,0,0,0,0,0,0,0,0,0,4439694550195210569,4439694550195210569,4439694550195210569,16890517285103679261,16890517285103679261,16890517285103679261,0,0,0,0,0,0,0,0,0,0,0
141,5,500,8,10,0.050337,9933.15,0.023550,21231.46,0.019178,26071.56,0.018611,26866.41,0.023921,20902.32,0.019391,25784.62,0.036165,13825.60,0.050168,0.002491,0.002784,0.019391,0.074834,0.004575,4,40280,58775,184400,723,0,0,0,1243,0,0,0,0,0,0,0,0,0,0,0,0,0,0,0,0,0,0,0,1613377672947774564,1613377672947774564,1613377672947774564,6390096100891317480,6390096100891317480,6390096100891317480,0,0,0,0,0,0,0,0,0,0,0
142,5,500,8,10,0.050135,9973.14,0.023777,21028.65,0.020204,24747.72,0.019385,25793.50,0.023763,21040.80,0.020124,24845.72,0.035464,14098.72,0.051076,0.002458,0.002817,0.020124,0.076476,0.004514,4,40213,58723,184400,793,0,0,0,1416,0,0,0,0,0,0,0,0,0,0,0,0,0,0,0,0,0,0,0,4350024516632503077,4350024516632503077,4350024516632503077,1350096858064515690,1350096858064515690,1350096858064515690,0,0,0,0,0,0,0,0,0,0,0
143,5,500,8,10,0.050513,9898.51,0.023559,21223.34,0.018524,26991.86,0.018378,27206.42,0.023872,20944.95,0.020357,24561.11,0.035682,14012.73,0.051326,0.002514,0.002741,0.020357,0.076938,0.004459,4,40290,58805,184400,729,0,0,0,1027,0,0,0,0,0,0,0,0,0,0,0,0,0,0,0,0,0,0,0,298525927715616509,298525927715616509,298525927715616509,9217210960890122226,9217210960890122226,9217210960890122226,0,0,0,0,0,0,0,0,0,0,0
144,5,500,8,10,0.050404,9919.83,0.023606,21180.73,0.022332,22388.99,0.021435,23326.75,0.024025,20812.04,0.023383,21382.79,0.035818,13959.57,0.051121,0.002426,0.002811,0.023383,0.079741,0.004468,4,40345,58850,184400,746,0,0,0,1220,0,0,0,0,0,0,0,0,0,0,0,0,0,0,0,0,0,0,0,14559259578504714234,14559259578504714234,14559259578504714234,12688318591714617253,12688318591714617253,12688318591714617253,0,0,0,0,0,0,0,0,0,0,0
145,5,500,8,10,0.050352,9930.10,0.023757,21046.28,0.019000,26316.26,0.018295,27330.52,0.023763,21040.77,0.019458,25696.03,0.035516,14078.07,0.051142,0.002476,0.002808,0.019458,0.075884,0.004476,4,40310,58825,184400,772,0,0,0,1151,0,0,0,0,0,0,0,0,0,0,0,0,0,0,0,0,0,0,0,10954365236373958458,10954365236373958458,10954365236373958458,9881238394935796575,9881238394935796575,9881238394935796575,0,0,0,0,0,0,0,0,0,0,0
146,5,500,8,10,0.050551,9890.92,0.023376,21389.36,0.019996,25004.67,0.019750,25316.23,0.023778,21028.13,0.019279,25935.36,0.035682,14012.59,0.050371,0.002954,0.002738,0.019279,0.075342,0.004471,4,40285,58800,184400,812,0,0,0,1256,0,0,0,0,0,0,0,0,0,0,0,0,0,0,0,0,0,0,0,17062374967055490798,17062374967055490798,17062374967055490798,12780804064732426636,12780804064732426636,12780804064732426636,0,0,0,0,0,0,0,0,0,0,0
147,5,500,8,10,0.050456,9909.67,0.023643,21147.68,0.018996,26321.09,0.018458,27088.42,0.023653,21138.60,0.019147,26113.19,0.036008,13885.79,0.050731,0.002350,0.003649,0.019147,0.075877,0.004590,3,40299,58804,184400,803,0,0,0,1374,0,0,0,0,0,0,0,0,0,0,0,0,0,0,0,0,0,0,0,8152838717313914023,8152838717313914023,8152838717313914023,3245750582321016564,3245750582321016564,3245750582321016564,0,0,0,0,0,0,0,0,0,0,0
148,5,500,8,10,0.050443,9912.19,0.023759,21044.67,0.018869,26498.84,0.018210,27456.84,0.024135,20716.97,0.019705,25373.64,0.035926,13917.47,0.050339,0.002566,0.002814,0.019705,0.075424,0.004467,4,40330,58815,184400,782,0,0,0,1379,0,0,0,0,0,0,0,0,0,0,0,0,0,0,0,0,0,0,0,6810110964655322410,6810110964655322410,6810110964655322410,5403803644324654518,5403803644324654518,5403803644324654518,0,0,0,0,0,0,0,0,0,0,0
149,5,500,8,10,0.050483,9904.37,0.023406,21361.78,0.018698,26740.61,0.018179,27504.29,0.023820,20990.94,0.019361,25825.13,0.035319,14156.67,0.050261,0.002742,0.002820,0.019361,0.075184,0.004452,4,40270,58780,184400,732,0,0,0,1243,0,0,0,0,0,0,0,0,0,0,0,0,0,0,0,0,0,0,0,17301313696705603990,17301313696705603990,17301313696705603990,5598583087368945990,5598583087368945990,5598583087368945990,0,0,0,0,0,0,0,0,0,0,0
150,5,500,8,10,0.050220,9956.26,0.023749,21053.73,0.019507,25631.73,0.018867,26501.99,0.023895,20924.82,0.019552,25573.06,0.035712,14000.81,0.050418,0.002212,0.002744,0.019552,0.074925,0.004473,4,40285,58790,184400,796,0,0,0,1418,0,0,0,0,0,0,0,0,0,0,0,0,0,0,0,0,0,0,0,13929237654458159496,13929237654458159496,13929237654458159496,14659142711516115903,14659142711516115903,14659142711516115903,0,0,0,0,0,0,0,0,0,0,0
151,5,500,8,10,0.050363,9927.92,0.023560,21222.71,0.022346,22375.55,0.021669,23074.54,0.023613,21174.38,0.018907,26445.22,0.035518,14077.20,0.050492,0.002344,0.003408,0.018907,0.075152,0.004503,3,40270,58790,184400,825,0,0,0,1406,0,0,0,0,0,0,0,0,0,0,0,0,0,0,0,0,0,0,0,632887869429728547,632887869429728547,632887869429728547,9480555469482907474,9480555469482907474,9480555469482907474,0,0,0,0,0,0,0,0,0,0,0
152,5,500,8,10,0.050394,9921.86,0.023141,21606.97,0.018355,27240.87,0.018226,27432.90,0.023774,21031.07,0.020723,24127.86,0.035539,14069.10,0.050353,0.002448,0.002757,0.020723,0.076281,0.004486,4,40285,58805,184400,733,0,0,0,1192,0,0,0,0,0,0,0,0,0,0,0,0,0,0,0,0,0,0,0,15091282416170066240,15091282416170066240,15091282416170066240,4091652690780952734,4091652690780952734,4091652690780952734,0,0,0,0,0,0,0,0,0,0,0
153,5,500,8,10,0.050367,9927.21,0.023689,21106.77,0.021881,22850.46,0.021289,23486.45,0.023888,20931.21,0.019747,25320.36,0.035533,14071.28,0.050604,0.002263,0.003488,0.019747,0.076102,0.004487,3,40290,58785,184400,784,0,0,0,1158,0,0,0,0,0,0,0,0,0,0,0,0,0,0,0,0,0,0,0,2474125853452580263,2474125853452580263,2474125853452580263,10888749451630397860,10888749451630397860,10888749451630397860,0,0,0,0,0,0,0,0,0,0,0
154,5,500,8,10,0.050239,9952.43,0.023412,21356.41,0.022166,22556.84,0.022069,22656.54,0.023808,21001.62,0.019168,26085.08,0.035935,13913.97,0.050625,0.002545,0.003492,0.019168,0.075829,0.004504,3,40275,58790,184400,741,0,0,0,1208,0,0,0,0,0,0,0,0,0,0,0,0,0,0,0,0,0,0,0,15088422119789087835,15088422119789087835,15088422119789087835,1000022901055603995,1000022901055603995,1000022901055603995,0,0,0,0,0,0,0,0,0,0,0
155,5,500,8,10,0.050240,9952.21,0.023623,21166.23,0.018980,26343.79,0.018601,26880.70,0.023722,21077.06,0.019498,25643.92,0.035682,14012.83,0.050421,0.002375,0.002818,0.019498,0.075112,0.004460,4,40345,58825,184400,815,0,0,0,1389,0,0,0,0,0,0,0,0,0,0,0,0,0,0,0,0,0,0,0,9663435058488677812,9663435058488677812,9663435058488677812,13989317312848376287,13989317312848376287,13989317312848376287,0,0,0,0,0,0,0,0,0,0,0
156,5,500,8,10,0.050406,9919.36,0.023470,21303.96,0.018931,26411.23,0.018491,27040.25,0.024084,20760.39,0.019073,26214.44,0.035783,13973.13,0.050312,0.002615,0.003469,0.019073,0.075470,0.004475,3,40280,58795,184400,812,0,0,0,1406,0,0,0,0,0,0,0,0,0,0,0,0,0,0,0,0,0,0,0,2679565730406453830,2679565730406453830,2679565730406453830,15562870186821163201,15562870186821163201,15562870186821163201,0,0,0,0,0,0,0,0,0,0,0
157,5,500,8,10,0.050033,9993.45,0.023968,20861.26,0.020054,24933.07,0.019112,26161.62,0.023863,20952.60,0.019384,25794.87,0.035539,14069.19,0.050489,0.002306,0.002772,0.019384,0.074950,0.004610,4,40245,58760,184400,804,0,0,0,1187,0,0,0,0,0,0,0,0,0,0,0,0,0,0,0,0,0,0,0,668352089548298334,668352089548298334,668352089548298334,11295570833568333777,11295570833568333777,11295570833568333777,0,0,0,0,0,0,0,0,0,0,0
158,5,500,8,10,0.050295,9941.35,0.023491,21284.79,0.018766,26643.94,0.018520,26998.27,0.023833,20979.29,0.019195,26048.40,0.035716,13999.43,0.050661,0.002126,0.003590,0.019195,0.075572,0.004509,3,40295,58810,184400,781,0,0,0,993,0,0,0,0,0,0,0,0,0,0,0,0,0,0,0,0,0,0,0,1985142788911021830,1985142788911021830,1985142788911021830,14285541063835918846,14285541063835918846,14285541063835918846,0,0,0,0,0,0,0,0,0,0,0
159,5,500,8,10,0.050317,9937.08,0.023493,21283.37,0.018663,26790.98,0.018298,27324.75,0.023589,21196.05,0.019930,25087.49,0.036077,13859.40,0.050731,0.002190,0.002776,0.019930,0.075628,0.004509,4,40265,58780,184400,741,0,0,0,1045,0,0,0,0,0,0,0,0,0,0,0,0,0,0,0,0,0,0,0,14842425025212233436,14842425025212233436,14842425025212233436,15810635302028498055,15810635302028498055,15810635302028498055,0,0,0,0,0,0,0,0,0,0,0
160,5,500,8,10,0.050360,9928.60,0.024021,20814.96,0.019006,26307.89,0.018352,27245.34,0.024122,20727.61,0.019661,25430.69,0.035964,13902.61,0.050256,0.002423,0.002875,0.019661,0.075216,0.004463,4,40290,58790,184400,838,0,0,0,1142,0,0,0,0,0,0,0,0,0,0,0,0,0,0,0,0,0,0,0,873189469924072983,873189469924072983,873189469924072983,5558579108660292957,5558579108660292957,5558579108660292957,0,0,0,0,0,0,0,0,0,0,0
161,5,500,8,10,0.050164,9967.28,0.023788,21019.12,0.020233,24712.48,0.019694,25389.03,0.024056,20785.15,0.020101,24874.15,0.035966,13901.87,0.050657,0.002178,0.002900,0.020101,0.075836,0.004540,4,40285,58800,184400,793,0,0,0,1323,0,0,0,0,0,0,0,0,0,0,0,0,0,0,0,0,0,0,0,17694600247136561314,17694600247136561314,17694600247136561314,7069398564190846621,7069398564190846621,7069398564190846621,0,0,0,0,0,0,0,0,0,0,0
162,5,500,8,10,0.050253,9949.60,0.023813,20997.15,0.020282,24651.99,0.019529,25602.62,0.023834,20978.65,0.019542,25585.30,0.035564,14059.02,0.050353,0.002389,0.002887,0.019542,0.075171,0.004500,4,40295,58790,184400,759,0,0,0,1499,0,0,0,0,0,0,0,0,0,0,0,0,0,0,0,0,0,0,0,5680269717307773489,5680269717307773489,5680269717307773489,1294233872110557032,1294233872110557032,1294233872110557032,0,0,0,0,0,0,0,0,0,0,0
163,5,500,8,10,0.050323,9935.82,0.023320,21440.48,0.018525,26990.35,0.018307,27311.68,0.023746,21056.59,0.019736,25334.26,0.035822,13958.06,0.050576,0.002308,0.002729,0.019736,0.075350,0.004512,4,40305,58795,184400,714,0,0,0,1145,0,0,0,0,0,0,0,0,0,0,0,0,0,0,0,0,0,0,0,3128448122313145794,3128448122313145794,3128448122313145794,13616621377018674015,13616621377018674015,13616621377018674015,0,0,0,0,0,0,0,0,0,0,0
164,5,500,8,10,0.050380,9924.66,0.023468,21305.68,0.019934,25082.38,0.019285,25926.35,0.024044,20795.54,0.020315,24612.18,0.035721,13997.47,0.050472,0.002382,0.002920,0.020315,0.076088,0.004422,4,40265,58785,184400,770,0,0,0,1180,0,0,0,0,0,0,0,0,0,0,0,0,0,0,0,0,0,0,0,11739613298904549593,11739613298904549593,11739613298904549593,7650400565461703742,7650400565461703742,7650400565461703742,0,0,0,0,0,0,0,0,0,0,0
165,5,500,8,10,0.050706,9860.80,0.023352,21411.08,0.020205,24746.10,0.019819,25228.46,0.023841,20971.96,0.020826,24008.42,0.035429,14112.71,0.050519,0.002358,0.002852,0.020826,0.076555,0.004540,4,40279,58779,184400,783,0,0,0,1262,0,0,0,0,0,0,0,0,0,0,0,0,0,0,0,0,0,0,0,2506390562928665901,2506390562928665901,2506390562928665901,7202245469069193244,7202245469069193244,7202245469069193244,0,0,0,0,0,0,0,0,0,0,0
166,5,500,8,10,0.050242,9951.87,0.023659,21133.91,0.019741,25327.67,0.018905,26448.26,0.023633,21156.71,0.019927,25091.63,0.035594,14047.40,0.050531,0.002498,0.002771,0.019927,0.075727,0.004498,4,40275,58780,184400,753,0,0,0,1179,0,0,0,0,0,0,0,0,0,0,0,0,0,0,0,0,0,0,0,9458947585845919671,9458947585845919671,9458947585845919671,13494582667453416100,13494582667453416100,13494582667453416100,0,0,0,0,0,0,0,0,0,0,0
167,5,500,8,10,0.050297,9940.88,0.023594,21191.94,0.021301,23473.13,0.020796,24043.55,0.024056,20784.64,0.019440,25720.30,0.035643,14027.98,0.050665,0.002340,0.002751,0.019440,0.075196,0.004504,4,40310,58825,184400,711,0,0,0,1359,0,0,0,0,0,0,0,0,0,0,0,0,0,0,0,0,0,0,0,1053091702892677554,1053091702892677554,1053091702892677554,6350322715243705183,6350322715243705183,6350322715243705183,0,0,0,0,0,0,0,0,0,0,0
168,5,500,8,10,0.050289,9942.49,0.023455,21317.20,0.019676,25411.24,0.019584,25531.20,0.023922,20901.66,0.019868,25166.13,0.035437,14109.59,0.050180,0.002401,0.002912,0.019868,0.075362,0.004463,4,40300,58810,184400,790,0,0,0,1462,0,0,0,0,0,0,0,0,0,0,0,0,0,0,0,0,0,0,0,7896759352285064976,7896759352285064976,7896759352285064976,11302814362768464728,11302814362768464728,11302814362768464728,0,0,0,0,0,0,0,0,0,0,0
169,5,500,8,10,0.050307,9938.97,0.023839,20974.34,0.018531,26981.69,0.018309,27309.45,0.023725,21074.52,0.019347,25843.64,0.036015,13883.03,0.050216,0.002659,0.002916,0.019347,0.075139,0.004535,4,40300,58820,184400,702,0,0,0,1199,0,0,0,0,0,0,0,0,0,0,0,0,0,0,0,0,0,0,0,8566267080640113648,8566267080640113648,8566267080640113648,2053704703850579592,2053704703850579592,2053704703850579592,0,0,0,0,0,0,0,0,0,0,0
170,5,500,8,10,0.050931,9817.12,0.023407,21361.47,0.020504,24385.08,0.020315,24612.56,0.023581,21203.32,0.018949,26386.71,0.035710,14001.64,0.051081,0.002612,0.003514,0.018949,0.076156,0.004523,3,40310,58810,184400,782,0,0,0,1199,0,0,0,0,0,0,0,0,0,0,0,0,0,0,0,0,0,0,0,1100052262520981484,1100052262520981484,1100052262520981484,7299092618252644022,7299092618252644022,7299092618252644022,0,0,0,0,0,0,0,0,0,0,0
171,5,500,8,10,0.050367,9927.10,0.023597,21188.83,0.019024,26282.52,0.018287,27341.85,0.023955,20872.69,0.019896,25131.22,0.035635,14031.00,0.050764,0.002137,0.002763,0.019896,0.075559,0.004530,4,40274,58784,184400,782,0,0,0,1297,0,0,0,0,0,0,0,0,0,0,0,0,0,0,0,0,0,0,0,7046645634528670728,7046645634528670728,7046645634528670728,5066219514319315484,5066219514319315484,5066219514319315484,0,0,0,0,0,0,0,0,0,0,0
172,5,500,8,10,0.050257,9948.91,0.023637,21152.83,0.020278,24657.25,0.019753,25312.94,0.023837,20975.78,0.019139,26124.83,0.035658,14022.13,0.050531,0.002327,0.003478,0.019139,0.075474,0.004500,3,40280,58795,184400,778,0,0,0,1268,0,0,0,0,0,0,0,0,0,0,0,0,0,0,0,0,0,0,0,12713523620175866820,12713523620175866820,12713523620175866820,4197275725109289786,4197275725109289786,4197275725109289786,0,0,0,0,0,0,0,0,0,0,0
173,5,500,8,10,0.050573,9886.71,0.023790,21017.59,0.020794,24045.75,0.020322,24604.32,0.023916,20906.33,0.019495,25647.95,0.035504,14082.91,0.050561,0.002315,0.002776,0.019495,0.075148,0.004603,4,40250,58775,184400,862,0,0,0,1181,0,0,0,0,0,0,0,0,0,0,0,0,0,0,0,0,0,0,0,11639681630804198900,11639681630804198900,11639681630804198900,2724083128864220777,2724083128864220777,2724083128864220777,0,0,0,0,0,0,0,0,0,0,0
174,5,500,8,10,0.050854,9832.01,0.023234,21520.60,0.018424,27138.33,0.018367,27223.02,0.023682,21113.41,0.019277,25937.02,0.035820,13958.52,0.052551,0.002604,0.002849,0.019277,0.077281,0.004549,4,40260,58760,184400,783,0,0,0,1141,0,0,0,0,0,0,0,0,0,0,0,0,0,0,0,0,0,0,0,5806451108105632058,5806451108105632058,5806451108105632058,10445488917960983267,10445488917960983267,10445488917960983267,0,0,0,0,0,0,0,0,0,0,0
175,5,500,8,10,0.050838,9835.15,0.023430,21340.49,0.018752,26664.17,0.018401,27171.94,0.023659,21133.65,0.019319,25881.27,0.035599,14045.18,0.052162,0.002301,0.002865,0.019319,0.076646,0.004562,4,40290,58805,184400,707,0,0,0,1218,0,0,0,0,0,0,0,0,0,0,0,0,0,0,0,0,0,0,0,2867504804750661686,2867504804750661686,2867504804750661686,17763052082586631794,17763052082586631794,17763052082586631794,0,0,0,0,0,0,0,0,0,0,0
176,5,500,8,10,0.050857,9831.57,0.023941,20884.82,0.018854,26519.86,0.018373,27214.36,0.023624,21164.51,0.021127,23665.98,0.035320,14156.43,0.051068,0.002793,0.002761,0.021127,0.077749,0.004445,4,40305,58805,184400,788,0,0,0,1223,0,0,0,0,0,0,0,0,0,0,0,0,0,0,0,0,0,0,0,9669882726584907089,9669882726584907089,9669882726584907089,13277512020198971059,13277512020198971059,13277512020198971059,0,0,0,0,0,0,0,0,0,0,0
177,5,500,8,10,0.050391,9922.42,0.023654,21138.14,0.018717,26713.90,0.018348,27251.12,0.023741,21061.00,0.021024,23781.91,0.035504,14082.91,0.051315,0.002325,0.002739,0.021024,0.077403,0.004442,4,40295,58800,184400,780,0,0,0,1147,0,0,0,0,0,0,0,0,0,0,0,0,0,0,0,0,0,0,0,494709998970888115,494709998970888115,494709998970888115,13632546664981579560,13632546664981579560,13632546664981579560,0,0,0,0,0,0,0,0,0,0,0
178,5,500,8,10,0.050607,9880.10,0.023816,20994.34,0.019199,26043.41,0.018189,27489.59,0.023686,21109.91,0.019453,25702.50,0.035466,14098.11,0.050221,0.002594,0.002755,0.019453,0.075024,0.004466,4,40324,58819,184400,787,0,0,0,1333,0,0,0,0,0,0,0,0,0,0,0,0,0,0,0,0,0,0,0,8029096359389890834,8029096359389890834,8029096359389890834,7807173747866161589,7807173747866161589,7807173747866161589,0,0,0,0,0,0,0,0,0,0,0
179,5,500,8,10,0.050410,9918.74,0.023554,21227.95,0.020465,24431.53,0.019773,25286.51,0.023920,20903.27,0.019672,25417.03,0.035713,14000.61,0.050657,0.002324,0.002766,0.019672,0.075419,0.004514,4,40280,58790,184400,752,0,0,0,1210,0,0,0,0,0,0,0,0,0,0,0,0,0,0,0,0,0,0,0,18273797700849705789,18273797700849705789,18273797700849705789,1085305503275244911,1085305503275244911,1085305503275244911,0,0,0,0,0,0,0,0,0,0,0
180,5,500,8,10,0.051191,9767.31,0.023475,21299.60,0.020988,23823.66,0.020631,24235.56,0.023850,20964.63,0.021998,22729.35,0.036038,13874.13,0.050778,0.002775,0.002811,0.021998,0.078362,0.004520,4,40270,58790,184400,748,0,0,0,1246,0,0,0,0,0,0,0,0,0,0,0,0,0,0,0,0,0,0,0,929696886354179398,929696886354179398,929696886354179398,10237132160503255959,10237132160503255959,10237132160503255959,0,0,0,0,0,0,0,0,0,0,0
181,5,500,8,10,0.050185,9963.20,0.023637,21152.90,0.020233,24712.09,0.019450,25707.56,0.023767,21037.65,0.020482,24411.34,0.036081,13857.58,0.050541,0.003148,0.002766,0.020482,0.076937,0.004573,4,40305,58820,184400,743,0,0,0,1262,0,0,0,0,0,0,0,0,0,0,0,0,0,0,0,0,0,0,0,16170786373791611567,16170786373791611567,16170786373791611567,3230266498793935724,3230266498793935724,3230266498793935724,0,0,0,0,0,0,0,0,0,0,0
182,5,500,8,10,0.050938,9815.94,0.023332,21429.34,0.020061,24924.54,0.019296,25912.35,0.023657,21135.69,0.020474,24420.93,0.035492,14087.88,0.050891,0.002487,0.003601,0.020474,0.077453,0.004557,3,40289,58799,184400,673,0,0,0,1196,0,0,0,0,0,0,0,0,0,0,0,0,0,0,0,0,0,0,0,7165738549209720631,7165738549209720631,7165738549209720631,15890700767267733795,15890700767267733795,15890700767267733795,0,0,0,0,0,0,0,0,0,0,0
183,5,500,8,10,0.050787,9845.06,0.023345,21417.61,0.020177,24781.00,0.019790,25265.82,0.023533,21246.55,0.019162,26093.58,0.035425,14114.34,0.050870,0.002607,0.002840,0.019162,0.075479,0.004612,4,40280,58790,184400,818,0,0,0,1174,0,0,0,0,0,0,0,0,0,0,0,0,0,0,0,0,0,0,0,18304701338959899318,18304701338959899318,18304701338959899318,5024750847099787652,5024750847099787652,5024750847099787652,0,0,0,0,0,0,0,0,0,0,0
184,5,500,8,10,0.051248,9756.55,0.023410,21358.82,0.019256,25965.40,0.018678,26769.96,0.023646,21145.60,0.019279,25934.46,0.035824,13957.30,0.050846,0.002536,0.002754,0.019279,0.075416,0.004483,4,40274,58779,184400,774,0,0,0,1398,0,0,0,0,0,0,0,0,0,0,0,0,0,0,0,0,0,0,0,8381813638910734955,8381813638910734955,8381813638910734955,7328774373018805411,7328774373018805411,7328774373018805411,0,0,0,0,0,0,0,0,0,0,0
185,5,500,8,10,0.050619,9877.76,0.023589,21196.30,0.018786,26615.55,0.018254,27390.85,0.023889,20930.19,0.019435,25727.11,0.035432,14111.58,0.050754,0.002359,0.002797,0.019435,0.075344,0.004443,4,40320,58815,184400,785,0,0,0,1234,0,0,0,0,0,0,0,0,0,0,0,0,0,0,0,0,0,0,0,15275341747832260716,15275341747832260716,15275341747832260716,1614166122289367567,1614166122289367567,1614166122289367567,0,0,0,0,0,0,0,0,0,0,0
186,5,500,8,10,0.050281,9944.04,0.023568,21214.84,0.022449,22272.59,0.021699,23042.23,0.023990,20841.91,0.022257,22464.57,0.036075,13860.16,0.050380,0.002442,0.002788,0.022257,0.077867,0.004471,4,40285,58805,184400,720,0,0,0,1352,0,0,0,0,0,0,0,0,0,0,0,0,0,0,0,0,0,0,0,6354951785696326086,6354951785696326086,6354951785696326086,9188322426030833376,9188322426030833376,9188322426030833376,0,0,0,0,0,0,0,0,0,0,0
187,5,500,8,10,0.051158,9773.73,0.023509,21268.88,0.019871,25162.18,0.019672,25417.35,0.023778,21027.88,0.019457,25697.86,0.035813,13961.34,0.050658,0.002312,0.002846,0.019457,0.075273,0.004463,4,40290,58800,184400,718,0,0,0,1211,0,0,0,0,0,0,0,0,0,0,0,0,0,0,0,0,0,0,0,15524739764149947220,15524739764149947220,15524739764149947220,7735219960864022652,7735219960864022652,7735219960864022652,0,0,0,0,0,0,0,0,0,0,0
188,5,500,8,10,0.050205,9959.24,0.023628,21161.33,0.019037,26265.32,0.018551,26953.43,0.024044,20795.43,0.020823,24012.28,0.035858,13944.06,0.050817,0.002740,0.002760,0.020823,0.077140,0.004583,4,40290,58810,184400,813,0,0,0,1290,0,0,0,0,0,0,0,0,0,0,0,0,0,0,0,0,0,0,0,5726907842021969855,5726907842021969855,5726907842021969855,4772688616915549101,4772688616915549101,4772688616915549101,0,0,0,0,0,0,0,0,0,0,0
189,5,500,8,10,0.051470,9714.43,0.023559,21223.56,0.018665,26788.69,0.018269,27369.27,0.023988,20844.15,0.019531,25600.21,0.035864,13941.72,0.050643,0.002902,0.002917,0.019531,0.075993,0.004568,4,40280,58795,184400,745,0,0,0,1234,0,0,0,0,0,0,0,0,0,0,0,0,0,0,0,0,0,0,0,1407618444008491622,1407618444008491622,1407618444008491622,11239012890813849327,11239012890813849327,11239012890813849327,0,0,0,0,0,0,0,0,0,0,0
190,5,500,8,10,0.050565,9888.19,0.023355,21408.79,0.020421,24484.01,0.019762,25301.02,0.023795,21012.77,0.020585,24289.85,0.035649,14025.65,0.050517,0.003145,0.002795,0.020585,0.077041,0.004592,4,40255,58770,184400,755,0,0,0,1315,0,0,0,0,0,0,0,0,0,0,0,0,0,0,0,0,0,0,0,6059887327294372615,6059887327294372615,6059887327294372615,1627782753940200638,1627782753940200638,1627782753940200638,0,0,0,0,0,0,0,0,0,0,0
191,5,500,8,10,0.050293,9941.81,0.023599,21187.35,0.018448,27103.34,0.018337,27267.34,0.023862,20954.01,0.019091,26190.82,0.035851,13946.56,0.050689,0.002514,0.003503,0.019091,0.075797,0.004465,3,40270,58770,184400,784,0,0,0,1252,0,0,0,0,0,0,0,0,0,0,0,0,0,0,0,0,0,0,0,8030541845413580168,8030541845413580168,8030541845413580168,5472093480946616291,5472093480946616291,5472093480946616291,0,0,0,0,0,0,0,0,0,0,0
192,5,500,8,10,0.050391,9922.32,0.023661,21131.98,0.018941,26397.11,0.018273,27362.28,0.023932,20892.55,0.019109,26165.53,0.035782,13973.60,0.050379,0.002766,0.003561,0.019109,0.075816,0.004497,3,40265,58775,184400,807,0,0,0,1253,0,0,0,0,0,0,0,0,0,0,0,0,0,0,0,0,0,0,0,8966322748230663605,8966322748230663605,8966322748230663605,17540122458572764823,17540122458572764823,17540122458572764823,0,0,0,0,0,0,0,0,0,0,0
193,5,500,8,10,0.050292,9941.90,0.023323,21437.67,0.018754,26661.69,0.018184,27497.22,0.023935,20890.09,0.019600,25510.78,0.035455,14102.47,0.050704,0.002418,0.002806,0.019600,0.075528,0.004471,4,40300,58810,184400,789,0,0,0,1283,0,0,0,0,0,0,0,0,0,0,0,0,0,0,0,0,0,0,0,16131865474886222680,16131865474886222680,16131865474886222680,12475754145441499768,12475754145441499768,12475754145441499768,0,0,0,0,0,0,0,0,0,0,0
194,5,500,8,10,0.050598,9881.74,0.023427,21342.68,0.020735,24114.35,0.020163,24798.00,0.023517,21261.50,0.019148,26112.33,0.035535,14070.57,0.050492,0.002464,0.003533,0.019148,0.075637,0.004507,3,40270,58775,184400,797,0,0,0,1244,0,0,0,0,0,0,0,0,0,0,0,0,0,0,0,0,0,0,0,2786341324151399276,2786341324151399276,2786341324151399276,9806328898029437455,9806328898029437455,9806328898029437455,0,0,0,0,0,0,0,0,0,0,0
195,5,500,8,10,0.050338,9932.76,0.023678,21116.46,0.021013,23794.70,0.020488,24404.30,0.023781,21025.27,0.019312,25890.09,0.035516,14078.29,0.050495,0.002371,0.002812,0.019312,0.074990,0.004534,4,40310,58820,184400,769,0,0,0,1444,0,0,0,0,0,0,0,0,0,0,0,0,0,0,0,0,0,0,0,12590725091991340884,12590725091991340884,12590725091991340884,5295454885798463533,5295454885798463533,5295454885798463533,0,0,0,0,0,0,0,0,0,0,0
196,5,500,8,10,0.050875,9828.01,0.023422,21347.54,0.018574,26919.18,0.018267,27371.61,0.023650,21141.48,0.019233,25997.10,0.035744,13988.38,0.050892,0.002480,0.002832,0.019233,0.075437,0.004581,4,40264,58789,184400,770,0,0,0,1054,0,0,0,0,0,0,0,0,0,0,0,0,0,0,0,0,0,0,0,2544661070107969249,2544661070107969249,2544661070107969249,2991664110144231790,2991664110144231790,2991664110144231790,0,0,0,0,0,0,0,0,0,0,0
197,5,500,8,10,0.050760,9850.33,0.023394,21372.70,0.018997,26319.97,0.018192,27484.80,0.023661,21131.71,0.022419,22302.84,0.036004,13887.50,0.051321,0.002074,0.002833,0.022419,0.078647,0.004435,4,40310,58815,184400,726,0,0,0,1294,0,0,0,0,0,0,0,0,0,0,0,0,0,0,0,0,0,0,0,11891910880701380873,11891910880701380873,11891910880701380873,11974066703783738704,11974066703783738704,11974066703783738704,0,0,0,0,0,0,0,0,0,0,0
198,5,500,8,10,0.050147,9970.77,0.023706,21091.98,0.019696,25385.64,0.018871,26494.99,0.023760,21043.37,0.019445,25713.27,0.035789,13970.74,0.050280,0.002647,0.002791,0.019445,0.075163,0.004570,4,40265,58770,184400,712,0,0,0,1188,0,0,0,0,0,0,0,0,0,0,0,0,0,0,0,0,0,0,0,13296891686849153843,13296891686849153843,13296891686849153843,1243235442532411834,1243235442532411834,1243235442532411834,0,0,0,0,0,0,0,0,0,0,0
199,5,500,8,10,0.051079,9788.71,0.023419,21350.50,0.020721,24129.63,0.020224,24723.67,0.023760,21043.61,0.020783,24057.68,0.035913,13922.38,0.050875,0.002754,0.002818,0.020783,0.077230,0.004575,4,40300,58795,184400,750,0,0,0,1324,0,0,0,0,0,0,0,0,0,0,0,0,0,0,0,0,0,0,0,17090815142426129647,17090815142426129647,17090815142426129647,4213733310634452909,4213733310634452909,4213733310634452909,0,0,0,0,0,0,0,0,0,0,0
200,5,500,8,10,0.050379,9924.68,0.023694,21102.17,0.018880,26482.59,0.018466,27076.60,0.023969,20860.71,0.019399,25775.15,0.035656,14022.71,0.050497,0.002163,0.002848,0.019399,0.074907,0.004506,4,40310,58815,184400,755,0,0,0,1081,0,0,0,0,0,0,0,0,0,0,0,0,0,0,0,0,0,0,0,8646642568885411041,8646642568885411041,8646642568885411041,9392309121576710327,9392309121576710327,9392309121576710327,0,0,0,0,0,0,0,0,0,0,0
201,5,500,8,10,0.050696,9862.64,0.023540,21240.06,0.018815,26574.95,0.018227,27431.69,0.023952,20874.95,0.019217,26018.11,0.035502,14083.74,0.051366,0.002346,0.002799,0.019217,0.075727,0.004489,4,40250,58770,184400,711,0,0,0,1142,0,0,0,0,0,0,0,0,0,0,0,0,0,0,0,0,0,0,0,12106435829342854343,12106435829342854343,12106435829342854343,7347329667660992065,7347329667660992065,7347329667660992065,0,0,0,0,0,0,0,0,0,0,0
202,5,500,8,10,0.050909,9821.51,0.023217,21535.58,0.019409,25761.68,0.018744,26674.77,0.023674,21120.26,0.020796,24043.19,0.035972,13899.58,0.052391,0.002181,0.002914,0.020796,0.078281,0.004561,4,40290,58800,184400,770,0,0,0,1320,0,0,0,0,0,0,0,0,0,0,0,0,0,0,0,0,0,0,0,3519630111896062994,3519630111896062994,3519630111896062994,1427477646575598779,1427477646575598779,1427477646575598779,0,0,0,0,0,0,0,0,0,0,0
203,5,500,8,10,0.050193,9961.54,0.023362,21401.91,0.018489,27042.99,0.018220,27442.76,0.023746,21056.43,0.019333,25862.43,0.035890,13931.64,0.051412,0.002170,0.002870,0.019333,0.075785,0.004518,4,40269,58779,184400,786,0,0,0,1215,0,0,0,0,0,0,0,0,0,0,0,0,0,0,0,0,0,0,0,16587894307536115370,16587894307536115370,16587894307536115370,7537403406941291046,7537403406941291046,7537403406941291046,0,0,0,0,0,0,0,0,0,0,0
204,5,500,8,10,0.050259,9948.44,0.023325,21435.83,0.020945,23871.88,0.020585,24289.09,0.023767,21037.32,0.019627,25475.50,0.035566,14058.20,0.050276,0.003126,0.002845,0.019627,0.075873,0.004519,4,40260,58775,184400,771,0,0,0,1305,0,0,0,0,0,0,0,0,0,0,0,0,0,0,0,0,0,0,0,11556802115048070340,11556802115048070340,11556802115048070340,3476201987505680780,3476201987505680780,3476201987505680780,0,0,0,0,0,0,0,0,0,0,0
205,5,500,8,10,0.050274,9945.44,0.023357,21406.75,0.020727,24123.28,0.020316,24611.53,0.023774,21031.51,0.021744,22994.79,0.035787,13971.49,0.050408,0.002511,0.002758,0.021744,0.077422,0.004477,4,40264,58784,184400,735,0,0,0,1371,0,0,0,0,0,0,0,0,0,0,0,0,0,0,0,0,0,0,0,6696366415729161770,6696366415729161770,6696366415729161770,13479955035751296354,13479955035751296354,13479955035751296354,0,0,0,0,0,0,0,0,0,0,0
206,5,500,8,10,0.050281,9944.11,0.023919,20904.14,0.018607,26872.23,0.018349,27249.73,0.023766,21038.13,0.021332,23438.66,0.035622,14036.14,0.050483,0.002351,0.002962,0.021332,0.077129,0.004603,4,40315,58830,184400,751,0,0,0,1127,0,0,0,0,0,0,0,0,0,0,0,0,0,0,0,0,0,0,0,4269225314499012331,4269225314499012331,4269225314499012331,631636147622875480,631636147622875480,631636147622875480,0,0,0,0,0,0,0,0,0,0,0
207,5,500,8,10,0.050432,9914.40,0.023613,21174.57,0.018610,26867.99,0.018240,27411.70,0.023425,21344.56,0.019370,25812.58,0.035315,14158.30,0.050774,0.002417,0.002825,0.019370,0.075387,0.004532,4,40270,58805,184400,768,0,0,0,1417,0,0,0,0,0,0,0,0,0,0,0,0,0,0,0,0,0,0,0,2738302308266633829,2738302308266633829,2738302308266633829,14220328819007418385,14220328819007418385,14220328819007418385,0,0,0,0,0,0,0,0,0,0,0
208,5,500,8,10,0.050155,9969.03,0.023613,21175.06,0.019130,26136.50,0.018359,27234.02,0.024021,20815.00,0.020006,24993.11,0.035851,13946.65,0.050362,0.002620,0.002800,0.020006,0.075787,0.004646,4,40310,58825,184400,774,0,0,0,1354,0,0,0,0,0,0,0,0,0,0,0,0,0,0,0,0,0,0,0,15138252169329631970,15138252169329631970,15138252169329631970,9581754350669264265,9581754350669264265,9581754350669264265,0,0,0,0,0,0,0,0,0,0,0
209,5,500,8,10,0.050173,9965.57,0.023774,21031.30,0.021508,23247.60,0.020952,23864.06,0.023859,20956.12,0.019293,25916.01,0.035592,14048.27,0.051443,0.002376,0.002794,0.019293,0.075905,0.004521,4,40260,58770,184400,801,0,0,0,1264,0,0,0,0,0,0,0,0,0,0,0,0,0,0,0,0,0,0,0,17918922692711421938,17918922692711421938,17918922692711421938,7354227018602778696,7354227018602778696,7354227018602778696,0,0,0,0,0,0,0,0,0,0,0
210,5,500,8,10,0.050426,9915.46,0.023523,21255.95,0.020210,24740.08,0.019465,25687.04,0.023787,21020.13,0.020395,24515.36,0.035634,14031.73,0.050449,0.002374,0.002776,0.020395,0.075994,0.004519,4,40255,58770,184400,785,0,0,0,1260,0,0,0,0,0,0,0,0,0,0,0,0,0,0,0,0,0,0,0,3322200109808936002,3322200109808936002,3322200109808936002,12647138006544643367,12647138006544643367,12647138006544643367,0,0,0,0,0,0,0,0,0,0,0
211,5,500,8,10,0.050127,9974.73,0.023765,21039.25,0.020212,24737.62,0.019980,25024.40,0.023762,21042.23,0.021623,23123.93,0.035727,13995.09,0.051514,0.002068,0.002782,0.021623,0.077987,0.004455,4,40305,58805,184400,764,0,0,0,1361,0,0,0,0,0,0,0,0,0,0,0,0,0,0,0,0,0,0,0,2234782488138658018,2234782488138658018,2234782488138658018,8587390324228946437,8587390324228946437,8587390324228946437,0,0,0,0,0,0,0,0,0,0,0
212,5,500,8,10,0.050839,9834.90,0.023613,21174.73,0.018885,26476.68,0.018300,27323.10,0.023927,20897.09,0.019744,25323.72,0.035782,13973.44,0.050235,0.002534,0.002791,0.019744,0.075305,0.004478,4,40310,58810,184400,752,0,0,0,1078,0,0,0,0,0,0,0,0,0,0,0,0,0,0,0,0,0,0,0,2285397626793167932,2285397626793167932,2285397626793167932,6783390517067347721,6783390517067347721,6783390517067347721,0,0,0,0,0,0,0,0,0,0,0
213,5,500,8,10,0.051374,9732.48,0.023784,21022.27,0.021796,22939.96,0.021061,23740.55,0.023887,20931.73,0.019553,25571.19,0.035943,13911.00,0.051176,0.002879,0.002799,0.019553,0.076407,0.004503,4,40290,58810,184400,757,0,0,0,1230,0,0,0,0,0,0,0,0,0,0,0,0,0,0,0,0,0,0,0,2173059944097090164,2173059944097090164,2173059944097090164,12530354514022064761,12530354514022064761,12530354514022064761,0,0,0,0,0,0,0,0,0,0,0
214,5,500,8,10,0.050055,9988.96,0.023323,21438.05,0.019735,25335.95,0.019023,26283.67,0.023808,21001.72,0.022084,22641.20,0.035567,14057.86,0.051129,0.002785,0.002792,0.022084,0.078789,0.004529,4,40270,58785,184400,764,0,0,0,1352,0,0,0,0,0,0,0,0,0,0,0,0,0,0,0,0,0,0,0,11692669396188627681,11692669396188627681,11692669396188627681,3196212605618263785,3196212605618263785,3196212605618263785,0,0,0,0,0,0,0,0,0,0,0
215,5,500,8,10,0.050339,9932.57,0.023932,20892.28,0.019292,25917.24,0.018568,26927.52,0.024187,20672.00,0.019709,25369.42,0.036372,13746.94,0.050237,0.002464,0.002810,0.019709,0.075221,0.004515,4,40295,58800,184400,730,0,0,0,1327,0,0,0,0,0,0,0,0,0,0,0,0,0,0,0,0,0,0,0,18125682528201217707,18125682528201217707,18125682528201217707,9515444013472434430,9515444013472434430,9515444013472434430,0,0,0,0,0,0,0,0,0,0,0
216,5,500,8,10,0.050394,9921.82,0.023696,21100.16,0.021187,23599.43,0.020831,24002.31,0.024110,20738.58,0.019552,25572.69,0.036099,13850.67,0.051495,0.002447,0.002793,0.019552,0.076288,0.004497,4,40295,58810,184400,745,0,0,0,1281,0,0,0,0,0,0,0,0,0,0,0,0,0,0,0,0,0,0,0,11196361928533316123,11196361928533316123,11196361928533316123,7371868318201826673,7371868318201826673,7371868318201826673,0,0,0,0,0,0,0,0,0,0,0
217,5,500,8,10,0.050152,9969.65,0.023644,21147.01,0.019019,26289.10,0.018202,27470.00,0.023791,21016.00,0.022676,22049.83,0.035592,14048.15,0.051139,0.002386,0.002795,0.022676,0.078996,0.004492,4,40245,58760,184400,787,0,0,0,1252,0,0,0,0,0,0,0,0,0,0,0,0,0,0,0,0,0,0,0,2135862650561877469,2135862650561877469,2135862650561877469,13939860698287344664,13939860698287344664,13939860698287344664,0,0,0,0,0,0,0,0,0,0,0
218,5,500,8,10,0.050872,9828.51,0.023474,21299.98,0.020733,24115.96,0.020153,24810.15,0.023910,20911.51,0.019501,25639.61,0.036133,13837.72,0.051747,0.002078,0.002728,0.019501,0.076054,0.004605,4,40270,58775,184400,679,0,0,0,1308,0,0,0,0,0,0,0,0,0,0,0,0,0,0,0,0,0,0,0,5078876531130354937,5078876531130354937,5078876531130354937,4601297117851807732,4601297117851807732,4601297117851807732,0,0,0,0,0,0,0,0,0,0,0
219,5,500,8,10,0.050241,9952.09,0.023425,21344.72,0.019158,26098.32,0.018831,26551.56,0.023938,20887.27,0.020021,24973.76,0.035388,14129.08,0.051302,0.002459,0.002815,0.020021,0.076596,0.004479,4,40275,58785,184400,753,0,0,0,1225,0,0,0,0,0,0,0,0,0,0,0,0,0,0,0,0,0,0,0,13307251215274598353,13307251215274598353,13307251215274598353,10631271899066324268,10631271899066324268,10631271899066324268,0,0,0,0,0,0,0,0,0,0,0
220,5,500,8,10,0.050230,9954.26,0.023688,21108.02,0.018590,26895.68,0.018148,27551.96,0.023667,21126.57,0.019513,25624.14,0.035565,14058.89,0.050300,0.002573,0.002783,0.019513,0.075169,0.004518,4,40245,58755,184400,784,0,0,0,1168,0,0,0,0,0,0,0,0,0,0,0,0,0,0,0,0,0,0,0,16320079606364921363,16320079606364921363,16320079606364921363,2629548015388385011,2629548015388385011,2629548015388385011,0,0,0,0,0,0,0,0,0,0,0
221,5,500,8,10,0.050273,9945.77,0.023575,21208.95,0.020339,24583.14,0.020066,24917.91,0.023847,20967.07,0.019888,25140.30,0.035753,13984.68,0.051226,0.002557,0.002739,0.019888,0.076409,0.004595,4,40285,58790,184400,710,0,0,0,1279,0,0,0,0,0,0,0,0,0,0,0,0,0,0,0,0,0,0,0,15631008751056460081,15631008751056460081,15631008751056460081,13971289808635752805,13971289808635752805,13971289808635752805,0,0,0,0,0,0,0,0,0,0,0
222,5,500,8,10,0.050281,9944.20,0.023788,21019.34,0.019200,26041.73,0.018225,27434.82,0.023879,20938.64,0.021622,23125.00,0.035717,13998.93,0.050746,0.002272,0.002822,0.021622,0.077462,0.004488,4,40265,58780,184400,723,0,0,0,1428,0,0,0,0,0,0,0,0,0,0,0,0,0,0,0,0,0,0,0,9248940457872251075,9248940457872251075,9248940457872251075,3559642451831198450,3559642451831198450,3559642451831198450,0,0,0,0,0,0,0,0,0,0,0
223,5,500,8,10,0.050109,9978.30,0.023637,21153.25,0.020494,24397.72,0.020315,24612.17,0.023597,21188.69,0.019192,26051.96,0.035448,14105.08,0.050510,0.002385,0.002838,0.019192,0.074926,0.004470,4,40275,58790,184400,806,0,0,0,1500,0,0,0,0,0,0,0,0,0,0,0,0,0,0,0,0,0,0,0,8666725674040753350,8666725674040753350,8666725674040753350,16865092675744460532,16865092675744460532,16865092675744460532,0,0,0,0,0,0,0,0,0,0,0
224,5,500,8,10,0.050617,9878.01,0.023220,21532.98,0.018997,26319.85,0.018401,27172.01,0.023590,21195.07,0.019381,25798.42,0.035683,14012.35,0.050812,0.002405,0.002786,0.019381,0.075385,0.004523,4,40250,58765,184400,748,0,0,0,1322,0,0,0,0,0,0,0,0,0,0,0,0,0,0,0,0,0,0,0,4238986763637946932,4238986763637946932,4238986763637946932,10060092820305913146,10060092820305913146,10060092820305913146,0,0,0,0,0,0,0,0,0,0,0
225,5,500,8,10,0.050299,9940.53,0.023720,21079.67,0.018959,26372.63,0.018261,27380.48,0.023860,20956.00,0.020184,24772.09,0.035850,13947.00,0.050650,0.002344,0.002807,0.020184,0.075986,0.004535,4,40265,58785,184400,754,0,0,0,1367,0,0,0,0,0,0,0,0,0,0,0,0,0,0,0,0,0,0,0,5051213141074649773,5051213141074649773,5051213141074649773,9733107413620068578,9733107413620068578,9733107413620068578,0,0,0,0,0,0,0,0,0,0,0
226,5,500,8,10,0.050592,9883.08,0.023530,21249.07,0.020655,24207.08,0.019906,25117.98,0.024069,20774.02,0.019451,25706.27,0.035697,14006.82,0.050724,0.002205,0.002781,0.019451,0.075159,0.004434,4,40274,58784,184400,701,0,0,0,1215,0,0,0,0,0,0,0,0,0,0,0,0,0,0,0,0,0,0,0,6041892425889876746,6041892425889876746,6041892425889876746,1408265691086192467,1408265691086192467,1408265691086192467,0,0,0,0,0,0,0,0,0,0,0
227,5,500,8,10,0.050320,9936.40,0.023662,21130.52,0.018854,26519.41,0.018305,27314.78,0.023823,20988.29,0.019439,25722.04,0.035605,14043.04,0.050435,0.002410,0.002765,0.019439,0.075049,0.004476,4,40305,58805,184400,766,0,0,0,1261,0,0,0,0,0,0,0,0,0,0,0,0,0,0,0,0,0,0,0,14923128992000626820,14923128992000626820,14923128992000626820,547849609716100022,547849609716100022,547849609716100022,0,0,0,0,0,0,0,0,0,0,0
228,5,500,8,10,0.050266,9947.08,0.023368,21396.87,0.022077,22648.32,0.021751,22987.10,0.023823,20987.71,0.019099,26179.55,0.035973,13899.31,0.050021,0.002842,0.003425,0.019099,0.075386,0.004484,3,40335,58845,184400,818,0,0,0,1441,0,0,0,0,0,0,0,0,0,0,0,0,0,0,0,0,0,0,0,9397861799019286546,9397861799019286546,9397861799019286546,9644880271681592966,9644880271681592966,9644880271681592966,0,0,0,0,0,0,0,0,0,0,0
229,5,500,8,10,0.050136,9972.80,0.023347,21415.81,0.018706,26730.10,0.018411,27157.67,0.023649,21142.84,0.019505,25634.87,0.035810,13962.61,0.050681,0.002252,0.002823,0.019505,0.075261,0.004549,4,40290,58785,184400,692,0,0,0,1095,0,0,0,0,0,0,0,0,0,0,0,0,0,0,0,0,0,0,0,3801196948025955630,3801196948025955630,3801196948025955630,3172256756495484669,3172256756495484669,3172256756495484669,0,0,0,0,0,0,0,0,0,0,0
230,5,500,8,10,0.050941,9815.29,0.023467,21306.66,0.018879,26484.93,0.018255,27389.19,0.023710,21088.02,0.019876,25155.42,0.036114,13844.86,0.050790,0.002905,0.002809,0.019876,0.076382,0.004496,4,40280,58805,184400,715,0,0,0,1248,0,0,0,0,0,0,0,0,0,0,0,0,0,0,0,0,0,0,0,16926105802254808679,16926105802254808679,16926105802254808679,2931417687561385117,2931417687561385117,2931417687561385117,0,0,0,0,0,0,0,0,0,0,0
231,5,500,8,10,0.051549,9699.47,0.023194,21557.11,0.019179,26069.91,0.018705,26731.34,0.023663,21130.01,0.019134,26130.82,0.036133,13837.83,0.051303,0.002183,0.002804,0.019134,0.075424,0.004574,4,40320,58820,184400,748,0,0,0,1308,0,0,0,0,0,0,0,0,0,0,0,0,0,0,0,0,0,0,0,15110770008396293731,15110770008396293731,15110770008396293731,18257134513017905358,18257134513017905358,18257134513017905358,0,0,0,0,0,0,0,0,0,0,0
232,5,500,8,10,0.050751,9851.99,0.023452,21319.89,0.018715,26716.43,0.018152,27545.16,0.023557,21225.37,0.019725,25348.73,0.035749,13986.31,0.050879,0.002600,0.002792,0.019725,0.075997,0.004544,4,40305,58810,184400,745,0,0,0,1240,0,0,0,0,0,0,0,0,0,0,0,0,0,0,0,0,0,0,0,13963864503859170477,13963864503859170477,13963864503859170477,16216858633096713570,16216858633096713570,16216858633096713570,0,0,0,0,0,0,0,0,0,0,0
233,5,500,8,10,0.050727,9856.78,0.023390,21376.86,0.021528,23225.30,0.020904,23918.33,0.023795,21012.79,0.019383,25796.39,0.035759,13982.51,0.051730,0.002388,0.002806,0.019383,0.076307,0.004529,4,40290,58810,184400,771,0,0,0,1187,0,0,0,0,0,0,0,0,0,0,0,0,0,0,0,0,0,0,0,14039859276296807152,14039859276296807152,14039859276296807152,17448357772937697657,17448357772937697657,17448357772937697657,0,0,0,0,0,0,0,0,0,0,0
234,5,500,8,10,0.051220,9761.78,0.023308,21452.04,0.018843,26535.58,0.018193,27482.35,0.023736,21064.87,0.019380,25799.36,0.036067,13863.27,0.050921,0.002785,0.002917,0.019380,0.076003,0.004576,4,40325,58830,184400,664,0,0,0,1237,0,0,0,0,0,0,0,0,0,0,0,0,0,0,0,0,0,0,0,17774044291131767158,17774044291131767158,17774044291131767158,7207656207158866066,7207656207158866066,7207656207158866066,0,0,0,0,0,0,0,0,0,0,0
235,5,500,8,10,0.051307,9745.26,0.023735,21066.08,0.021029,23776.99,0.020381,24532.47,0.023949,20877.50,0.021623,23123.50,0.036046,13870.98,0.051503,0.002305,0.002887,0.021623,0.078318,0.004670,4,40260,58780,184400,807,0,0,0,1193,0,0,0,0,0,0,0,0,0,0,0,0,0,0,0,0,0,0,0,16349293964039997126,16349293964039997126,16349293964039997126,7434913056566187713,7434913056566187713,7434913056566187713,0,0,0,0,0,0,0,0,0,0,0
236,5,500,8,10,0.050786,9845.31,0.023324,21436.94,0.018921,26425.90,0.018238,27414.81,0.023629,21160.33,0.019226,26006.00,0.035671,14017.06,0.051233,0.002369,0.002855,0.019226,0.075684,0.004471,4,40310,58820,184400,791,0,0,0,1411,0,0,0,0,0,0,0,0,0,0,0,0,0,0,0,0,0,0,0,11596375467445745823,11596375467445745823,11596375467445745823,5041434929199628902,5041434929199628902,5041434929199628902,0,0,0,0,0,0,0,0,0,0,0
237,5,500,8,10,0.051174,9770.56,0.023126,21620.35,0.018614,26861.68,0.018225,27435.56,0.023663,21129.92,0.018902,26452.20,0.035488,14089.45,0.051617,0.002487,0.003550,0.018902,0.076556,0.004558,3,40335,58860,184400,715,0,0,0,1159,0,0,0,0,0,0,0,0,0,0,0,0,0,0,0,0,0,0,0,18218686045538392004,18218686045538392004,18218686045538392004,13368059988102726571,13368059988102726571,13368059988102726571,0,0,0,0,0,0,0,0,0,0,0
238,5,500,8,10,0.050806,9841.31,0.023477,21297.00,0.019046,26251.70,0.018157,27537.51,0.023924,20899.10,0.018981,26342.18,0.035871,13938.74,0.051033,0.002509,0.003670,0.018981,0.076192,0.004510,3,40255,58765,184400,739,0,0,0,1227,0,0,0,0,0,0,0,0,0,0,0,0,0,0,0,0,0,0,0,15223510985008147195,15223510985008147195,15223510985008147195,17389199297057447403,17389199297057447403,17389199297057447403,0,0,0,0,0,0,0,0,0,0,0
239,5,500,8,10,0.050277,9944.82,0.023252,21503.69,0.018551,26953.16,0.018234,27420.64,0.023638,21152.63,0.019285,25927.24,0.035816,13960.40,0.050778,0.002154,0.002776,0.019285,0.074992,0.004541,4,40265,58780,184400,792,0,0,0,1110,0,0,0,0,0,0,0,0,0,0,0,0,0,0,0,0,0,0,0,6076385776124178444,6076385776124178444,6076385776124178444,5688220465700794168,5688220465700794168,5688220465700794168,0,0,0,0,0,0,0,0,0,0,0
240,5,500,8,10,0.050806,9841.34,0.023324,21437.45,0.018720,26709.19,0.018111,27606.89,0.023681,21113.79,0.019271,25945.42,0.035282,14171.70,0.050622,0.002446,0.002780,0.019271,0.075118,0.004489,4,40265,58770,184400,681,0,0,0,1163,0,0,0,0,0,0,0,0,0,0,0,0,0,0,0,0,0,0,0,9207104194390431854,9207104194390431854,9207104194390431854,1797991067163592378,1797991067163592378,1797991067163592378,0,0,0,0,0,0,0,0,0,0,0
241,5,500,8,10,0.050282,9943.98,0.023647,21144.62,0.020674,24184.49,0.020500,24390.15,0.023977,20852.97,0.021246,23533.57,0.035809,13963.08,0.050200,0.002632,0.002776,0.021246,0.076855,0.004484,4,40275,58785,184400,710,0,0,0,1306,0,0,0,0,0,0,0,0,0,0,0,0,0,0,0,0,0,0,0,15066709903113022227,15066709903113022227,15066709903113022227,12055126007751876786,12055126007751876786,12055126007751876786,0,0,0,0,0,0,0,0,0,0,0
242,5,500,8,10,0.050318,9936.72,0.023386,21380.51,0.020302,24627.61,0.019835,25208.39,0.023734,21066.41,0.019485,25661.26,0.036193,13814.67,0.050750,0.002383,0.002801,0.019485,0.075419,0.004520,4,40275,58790,184400,750,0,0,0,1337,0,0,0,0,0,0,0,0,0,0,0,0,0,0,0,0,0,0,0,12768723734744134627,12768723734744134627,12768723734744134627,2424561832682429379,2424561832682429379,2424561832682429379,0,0,0,0,0,0,0,0,0,0,0
243,5,500,8,10,0.050164,9967.21,0.023602,21184.22,0.022040,22686.27,0.021459,23300.12,0.023981,20849.77,0.022016,22711.11,0.035717,13999.01,0.050565,0.002186,0.002763,0.022016,0.077530,0.004572,4,40305,58790,184400,726,0,0,0,1393,0,0,0,0,0,0,0,0,0,0,0,0,0,0,0,0,0,0,0,11006979358825054732,11006979358825054732,11006979358825054732,11505705679698335161,11505705679698335161,11505705679698335161,0,0,0,0,0,0,0,0,0,0,0
244,5,500,8,10,0.050335,9933.52,0.023521,21257.85,0.021530,23223.58,0.020718,24133.89,0.023683,21111.90,0.019523,25611.24,0.035882,13934.40,0.050548,0.002110,0.003468,0.019523,0.075649,0.004589,3,40274,58769,184400,749,0,0,0,1317,0,0,0,0,0,0,0,0,0,0,0,0,0,0,0,0,0,0,0,4453990408073473885,4453990408073473885,4453990408073473885,14373507632489538496,14373507632489538496,14373507632489538496,0,0,0,0,0,0,0,0,0,0,0
245,5,500,8,10,0.050144,9971.35,0.023461,21312.15,0.021729,23010.94,0.021291,23483.70,0.024215,20648.36,0.020389,24523.34,0.035693,14008.32,0.050468,0.002510,0.002784,0.020389,0.076150,0.004613,4,40280,58800,184400,714,0,0,0,1238,0,0,0,0,0,0,0,0,0,0,0,0,0,0,0,0,0,0,0,7288486477288769000,7288486477288769000,7288486477288769000,15735912565271755927,15735912565271755927,15735912565271755927,0,0,0,0,0,0,0,0,0,0,0
246,5,500,8,10,0.050946,9814.34,0.023432,21337.93,0.020078,24902.65,0.019245,25980.13,0.023973,20856.98,0.020231,24715.14,0.035845,13948.88,0.050861,0.002682,0.002859,0.020231,0.076633,0.004497,4,40300,58800,184400,758,0,0,0,1255,0,0,0,0,0,0,0,0,0,0,0,0,0,0,0,0,0,0,0,9768457223416459310,9768457223416459310,9768457223416459310,17615203903300286911,17615203903300286911,17615203903300286911,0,0,0,0,0,0,0,0,0,0,0
247,5,500,8,10,0.050228,9954.70,0.023685,21110.81,0.021401,23363.49,0.020705,24149.05,0.023941,20884.29,0.019744,25323.87,0.036089,13854.83,0.050386,0.002763,0.002798,0.019744,0.075691,0.004489,4,40290,58790,184400,769,0,0,0,1223,0,0,0,0,0,0,0,0,0,0,0,0,0,0,0,0,0,0,0,5580919166443469980,5580919166443469980,5580919166443469980,18300805583392454007,18300805583392454007,18300805583392454007,0,0,0,0,0,0,0,0,0,0,0
248,5,500,8,10,0.050391,9922.44,0.023725,21075.18,0.021618,23128.51,0.021244,23535.90,0.023976,20854.57,0.019426,25738.63,0.036069,13862.13,0.050220,0.002762,0.002845,0.019426,0.075253,0.004445,4,40310,58815,184400,751,0,0,0,1233,0,0,0,0,0,0,0,0,0,0,0,0,0,0,0,0,0,0,0,4068398897583068309,4068398897583068309,4068398897583068309,8689826561985325579,8689826561985325579,8689826561985325579,0,0,0,0,0,0,0,0,0,0,0
249,5,500,8,10,0.050087,9982.63,0.023771,21034.42,0.018789,26611.69,0.018324,27286.38,0.023898,20922.25,0.020041,24949.19,0.035733,13992.49,0.050166,0.002768,0.002829,0.020041,0.075804,0.004528,4,40270,58770,184400,683,0,0,0,1248,0,0,0,0,0,0,0,0,0,0,0,0,0,0,0,0,0,0,0,2840208165269809294,2840208165269809294,2840208165269809294,3906793432957547905,3906793432957547905,3906793432957547905,0,0,0,0,0,0,0,0,0,0,0
250,5,500,8,10,0.050451,9910.70,0.023454,21318.67,0.018876,26488.75,0.018334,27271.97,0.023886,20932.91,0.020026,24967.46,0.035717,13998.75,0.050127,0.002775,0.002829,0.020026,0.075758,0.004518,4,40268,58763,184400,727,0,0,0,1266,0,0,0,0,0,0,0,0,0,0,0,0,0,0,0,0,0,0,0,6380961668243810536,6380961668243810536,6380961668243810536,1932107846185802712,1932107846185802712,1932107846185802712,0,0,0,0,0,0,0,0,0,0,0
251,5,500,8,10,0.050521,9896.83,0.023895,20924.95,0.020618,24250.48,0.019877,25154.31,0.023713,21085.12,0.020578,24297.33,0.035636,14030.80,0.050503,0.002449,0.002836,0.020578,0.076366,0.004512,4,40290,58795,184400,798,0,0,0,1284,0,0,0,0,0,0,0,0,0,0,0,0,0,0,0,0,0,0,0,18289271161917819095,18289271161917819095,18289271161917819095,8964093163261509761,8964093163261509761,8964093163261509761,0,0,0,0,0,0,0,0,0,0,0
252,5,500,8,10,0.050693,9863.38,0.023568,21214.92,0.019625,25477.14,0.019297,25911.34,0.024114,20734.83,0.019396,25778.44,0.035346,14145.68,0.050454,0.002457,0.002798,0.019396,0.075105,0.004535,4,40325,58830,184400,792,0,0,0,1059,0,0,0,0,0,0,0,0,0,0,0,0,0,0,0,0,0,0,0,15020709765921670947,15020709765921670947,15020709765921670947,2143197694679260870,2143197694679260870,2143197694679260870,0,0,0,0,0,0,0,0,0,0,0
253,5,500,8,10,0.050213,9957.51,0.023674,21120.13,0.022462,22260.01,0.021998,22729.10,0.023733,21067.56,0.019058,26235.93,0.035577,14053.92,0.050559,0.002201,0.003436,0.019058,0.075253,0.004490,3,40295,58800,184400,721,0,0,0,1345,0,0,0,0,0,0,0,0,0,0,0,0,0,0,0,0,0,0,0,3646304572877519187,3646304572877519187,3646304572877519187,13136185269366901898,13136185269366901898,13136185269366901898,0,0,0,0,0,0,0,0,0,0,0
254,5,500,8,10,0.050368,9926.96,0.023687,21108.59,0.018913,26436.90,0.018286,27343.79,0.023938,20886.96,0.019857,25180.06,0.036317,13767.83,0.050529,0.002214,0.002765,0.019857,0.075366,0.004453,4,40305,58825,184400,717,0,0,0,1248,0,0,0,0,0,0,0,0,0,0,0,0,0,0,0,0,0,0,0,18180812740429470955,18180812740429470955,18180812740429470955,9984286417001095487,9984286417001095487,9984286417001095487,0,0,0,0,0,0,0,0,0,0,0
255,5,500,8,10,0.050406,9919.45,0.023530,21249.19,0.018805,26588.92,0.018170,27517.27,0.023895,20924.86,0.019496,25646.52,0.035990,13892.94,0.050813,0.002016,0.002823,0.019496,0.075148,0.004474,4,40244,58764,184400,731,0,0,0,1273,0,0,0,0,0,0,0,0,0,0,0,0,0,0,0,0,0,0,0,7955821186225034622,7955821186225034622,7955821186225034622,340130518776207647,340130518776207647,340130518776207647,0,0,0,0,0,0,0,0,0,0,0
256,5,500,8,10,0.050195,9961.15,0.023689,21106.97,0.018904,26448.91,0.018397,27178.20,0.023888,20931.06,0.019423,25742.93,0.035751,13985.57,0.050631,0.002229,0.003487,0.019423,0.075769,0.004533,3,40320,58820,184400,770,0,0,0,1196,0,0,0,0,0,0,0,0,0,0,0,0,0,0,0,0,0,0,0,6628097995295223204,6628097995295223204,6628097995295223204,4778744100192373299,4778744100192373299,4778744100192373299,0,0,0,0,0,0,0,0,0,0,0
257,5,500,8,10,0.050111,9977.85,0.023789,21017.94,0.018783,26619.84,0.018407,27163.91,0.023935,20889.82,0.019435,25727.12,0.035536,14070.35,0.051178,0.002355,0.002811,0.019435,0.075778,0.004469,4,40260,58770,184400,724,0,0,0,1295,0,0,0,0,0,0,0,0,0,0,0,0,0,0,0,0,0,0,0,16349340915138281664,16349340915138281664,16349340915138281664,2632045743216596859,2632045743216596859,2632045743216596859,0,0,0,0,0,0,0,0,0,0,0
258,5,500,8,10,0.050284,9943.56,0.023485,21290.53,0.021242,23538.20,0.020896,23927.82,0.023832,20980.00,0.023187,21564.02,0.035628,14033.75,0.051200,0.002348,0.002780,0.023187,0.079515,0.004483,4,40305,58805,184400,737,0,0,0,1268,0,0,0,0,0,0,0,0,0,0,0,0,0,0,0,0,0,0,0,13836147172535628346,13836147172535628346,13836147172535628346,12271627180625435182,12271627180625435182,12271627180625435182,0,0,0,0,0,0,0,0,0,0,0
259,5,500,8,10,0.050038,9992.47,0.023660,21132.42,0.018880,26482.82,0.018242,27409.76,0.023987,20844.76,0.019376,25805.17,0.035374,14134.86,0.051210,0.002049,0.002785,0.019376,0.075420,0.004528,4,40265,58790,184400,722,0,0,0,1343,0,0,0,0,0,0,0,0,0,0,0,0,0,0,0,0,0,0,0,13768182898550334538,13768182898550334538,13768182898550334538,16122649995179309703,16122649995179309703,16122649995179309703,0,0,0,0,0,0,0,0,0,0,0
260,5,500,8,10,0.050259,9948.41,0.023793,21014.45,0.018637,26828.79,0.018609,26869.04,0.023710,21088.46,0.019418,25749.14,0.035521,14076.29,0.051234,0.002264,0.002817,0.019418,0.075733,0.004521,4,40240,58750,184400,697,0,0,0,1102,0,0,0,0,0,0,0,0,0,0,0,0,0,0,0,0,0,0,0,14709855570169032168,14709855570169032168,14709855570169032168,17442491070654774696,17442491070654774696,17442491070654774696,0,0,0,0,0,0,0,0,0,0,0
261,5,500,8,10,0.050326,9935.13,0.023830,20981.72,0.018876,26488.37,0.018463,27081.50,0.023976,20853.84,0.019587,25526.90,0.035761,13981.89,0.051132,0.002271,0.002775,0.019587,0.075765,0.004436,4,40290,58770,184400,743,0,0,0,1208,0,0,0,0,0,0,0,0,0,0,0,0,0,0,0,0,0,0,0,16838167216180108745,16838167216180108745,16838167216180108745,4369194424988491622,4369194424988491622,4369194424988491622,0,0,0,0,0,0,0,0,0,0,0
262,5,500,8,10,0.050504,9900.23,0.023484,21291.00,0.019815,25233.25,0.019570,25548.80,0.024036,20802.12,0.020456,24442.70,0.035652,14024.48,0.051165,0.002442,0.002815,0.020456,0.076878,0.004516,4,40250,58755,184400,752,0,0,0,1261,0,0,0,0,0,0,0,0,0,0,0,0,0,0,0,0,0,0,0,9534314036920376516,9534314036920376516,9534314036920376516,5314157839239563262,5314157839239563262,5314157839239563262,0,0,0,0,0,0,0,0,0,0,0
263,5,500,8,10,0.050295,9941.44,0.023790,21017.59,0.021989,22738.40,0.021442,23318.96,0.023649,21142.80,0.020798,24040.94,0.035629,14033.53,0.051353,0.002277,0.002759,0.020798,0.077187,0.004535,4,40265,58765,184400,732,0,0,0,1541,0,0,0,0,0,0,0,0,0,0,0,0,0,0,0,0,0,0,0,15465107346364644236,15465107346364644236,15465107346364644236,5121635809554203054,5121635809554203054,5121635809554203054,0,0,0,0,0,0,0,0,0,0,0
264,5,500,8,10,0.050253,9949.69,0.023655,21137.60,0.021092,23705.52,0.020534,24350.28,0.024042,20797.23,0.021766,22971.17,0.035756,13983.56,0.051125,0.002373,0.002786,0.021766,0.078051,0.004488,4,40260,58790,184400,755,0,0,0,1224,0,0,0,0,0,0,0,0,0,0,0,0,0,0,0,0,0,0,0,1270466943366558194,1270466943366558194,1270466943366558194,897904003985278727,897904003985278727,897904003985278727,0,0,0,0,0,0,0,0,0,0,0
265,5,500,8,10,0.050314,9937.58,0.023652,21140.18,0.019051,26245.07,0.018499,27028.01,0.023872,20944.79,0.019511,25626.81,0.036168,13824.43,0.051215,0.002272,0.003549,0.019511,0.076547,0.004495,3,40320,58820,184400,788,0,0,0,1223,0,0,0,0,0,0,0,0,0,0,0,0,0,0,0,0,0,0,0,10953892637780575669,10953892637780575669,10953892637780575669,8243111423585599340,8243111423585599340,8243111423585599340,0,0,0,0,0,0,0,0,0,0,0
266,5,500,8,10,0.050263,9947.72,0.023448,21323.70,0.019849,25189.61,0.019532,25598.58,0.023942,20883.64,0.019195,26048.01,0.035408,14121.03,0.050393,0.002709,0.002769,0.019195,0.075066,0.004475,4,40209,58709,184400,700,0,0,0,1259,0,0,0,0,0,0,0,0,0,0,0,0,0,0,0,0,0,0,0,1508353946653756211,1508353946653756211,1508353946653756211,16467324786861530695,16467324786861530695,16467324786861530695,0,0,0,0,0,0,0,0,0,0,0
267,5,500,8,10,0.050237,9952.80,0.023645,21145.82,0.019958,25052.37,0.019596,25514.94,0.023926,20897.77,0.019442,25717.69,0.035868,13939.97,0.051105,0.002334,0.002764,0.019442,0.075644,0.004497,4,40230,58740,184400,767,0,0,0,1190,0,0,0,0,0,0,0,0,0,0,0,0,0,0,0,0,0,0,0,1711108206024662068,1711108206024662068,1711108206024662068,5602091828023190760,5602091828023190760,5602091828023190760,0,0,0,0,0,0,0,0,0,0,0
268,5,500,8,10,0.050973,9809.09,0.023786,21020.40,0.018629,26840.48,0.018250,27397.11,0.023557,21225.52,0.019209,26029.94,0.035794,13968.92,0.051185,0.002845,0.003688,0.019209,0.076926,0.004523,3,40285,58790,184400,735,0,0,0,1342,0,0,0,0,0,0,0,0,0,0,0,0,0,0,0,0,0,0,0,6849172775853373952,6849172775853373952,6849172775853373952,18306955691845281747,18306955691845281747,18306955691845281747,0,0,0,0,0,0,0,0,0,0,0
269,5,500,8,10,0.051094,9785.89,0.023317,21443.21,0.019037,26265.31,0.018296,27329.11,0.023662,21130.53,0.019587,25527.03,0.036181,13819.45,0.051972,0.002193,0.002804,0.019587,0.076556,0.004627,4,40265,58790,184400,786,0,0,0,1299,0,0,0,0,0,0,0,0,0,0,0,0,0,0,0,0,0,0,0,12889951758525644767,12889951758525644767,12889951758525644767,13370040858324266686,13370040858324266686,13370040858324266686,0,0,0,0,0,0,0,0,0,0,0
270,5,500,8,10,0.050132,9973.70,0.023559,21223.63,0.018943,26395.25,0.018441,27113.35,0.023669,21124.72,0.019550,25576.10,0.035776,13976.00,0.050274,0.002528,0.002824,0.019550,0.075175,0.004549,4,40245,58770,184400,717,0,0,0,1278,0,0,0,0,0,0,0,0,0,0,0,0,0,0,0,0,0,0,0,6082677994911890987,6082677994911890987,6082677994911890987,12563735612466709468,12563735612466709468,12563735612466709468,0,0,0,0,0,0,0,0,0,0,0
271,5,500,8,10,0.050933,9816.74,0.023478,21296.31,0.022175,22547.69,0.021826,22908.07,0.023822,20988.61,0.018868,26499.71,0.035781,13973.79,0.050911,0.002341,0.003538,0.018868,0.075658,0.004529,3,40305,58815,184400,755,0,0,0,1375,0,0,0,0,0,0,0,0,0,0,0,0,0,0,0,0,0,0,0,4601141442060061186,4601141442060061186,4601141442060061186,6505713169717443578,6505713169717443578,6505713169717443578,0,0,0,0,0,0,0,0,0,0,0
272,5,500,8,10,0.050470,9906.91,0.023605,21182.35,0.018902,26452.63,0.018462,27082.70,0.023813,20997.09,0.019395,25779.88,0.035984,13895.00,0.051004,0.002158,0.003654,0.019395,0.076211,0.004504,3,40280,58775,184400,721,0,0,0,1272,0,0,0,0,0,0,0,0,0,0,0,0,0,0,0,0,0,0,0,12921873352125379981,12921873352125379981,12921873352125379981,10518570468678080236,10518570468678080236,10518570468678080236,0,0,0,0,0,0,0,0,0,0,0
273,5,500,8,10,0.050962,9811.26,0.023573,21210.47,0.022281,22440.23,0.021711,23029.40,0.023798,21010.41,0.019431,25731.46,0.035725,13995.83,0.051556,0.002168,0.002829,0.019431,0.075984,0.004489,4,40239,58744,184400,783,0,0,0,1166,0,0,0,0,0,0,0,0,0,0,0,0,0,0,0,0,0,0,0,9594313572249373926,9594313572249373926,9594313572249373926,11497432422359855866,11497432422359855866,11497432422359855866,0,0,0,0,0,0,0,0,0,0,0
274,5,500,8,10,0.050585,9884.28,0.023285,21473.03,0.019005,26309.38,0.018811,26579.85,0.023683,21111.91,0.019433,25729.34,0.035513,14079.28,0.050753,0.002514,0.002818,0.019433,0.075518,0.004488,4,40329,58839,184400,715,0,0,0,1121,0,0,0,0,0,0,0,0,0,0,0,0,0,0,0,0,0,0,0,17201668176584183031,17201668176584183031,17201668176584183031,2919645158082378270,2919645158082378270,2919645158082378270,0,0,0,0,0,0,0,0,0,0,0
275,5,500,8,10,0.050762,9849.82,0.023522,21256.27,0.020448,24451.72,0.019946,25068.26,0.023853,20962.04,0.021929,22800.68,0.036077,13859.26,0.050820,0.002143,0.003525,0.021929,0.078417,0.004481,3,40239,58744,184400,785,0,0,0,1192,0,0,0,0,0,0,0,0,0,0,0,0,0,0,0,0,0,0,0,6117730148389467762,6117730148389467762,6117730148389467762,11388237435651558990,11388237435651558990,11388237435651558990,0,0,0,0,0,0,0,0,0,0,0
276,5,500,8,10,0.051205,9764.73,0.023712,21086.79,0.019280,25933.41,0.018466,27077.17,0.023762,21041.78,0.019621,25483.38,0.036166,13825.22,0.051253,0.002329,0.002794,0.019621,0.075997,0.004519,4,40300,58795,184400,816,0,0,0,1121,0,0,0,0,0,0,0,0,0,0,0,0,0,0,0,0,0,0,0,2476311404794258737,2476311404794258737,2476311404794258737,1405386472157900565,1405386472157900565,1405386472157900565,0,0,0,0,0,0,0,0,0,0,0
277,5,500,8,10,0.050625,9876.56,0.023649,21142.33,0.019891,25136.81,0.019346,25844.60,0.023702,21095.29,0.020221,24726.63,0.035718,13998.46,0.051025,0.002479,0.002798,0.020221,0.076524,0.004493,4,40260,58770,184400,753,0,0,0,1309,0,0,0,0,0,0,0,0,0,0,0,0,0,0,0,0,0,0,0,13929633188648000876,13929633188648000876,13929633188648000876,588798542765643765,588798542765643765,588798542765643765,0,0,0,0,0,0,0,0,0,0,0
278,5,500,8,10,0.050224,9955.46,0.023398,21369.30,0.021269,23508.57,0.021069,23731.28,0.023527,21251.96,0.019623,25479.70,0.036222,13803.87,0.050550,0.002738,0.002806,0.019623,0.075717,0.004541,4,40320,58830,184400,803,0,0,0,1280,0,0,0,0,0,0,0,0,0,0,0,0,0,0,0,0,0,0,0,10055071659168913188,10055071659168913188,10055071659168913188,8967248817175308304,8967248817175308304,8967248817175308304,0,0,0,0,0,0,0,0,0,0,0
279,5,500,8,10,0.050335,9933.49,0.023495,21281.57,0.021452,23308.09,0.020806,24031.31,0.023621,21167.72,0.019032,26271.28,0.035789,13970.59,0.050711,0.002531,0.003546,0.019032,0.075821,0.004512,3,40315,58835,184400,719,0,0,0,1468,0,0,0,0,0,0,0,0,0,0,0,0,0,0,0,0,0,0,0,11759523491386086971,11759523491386086971,11759523491386086971,17386065368962588150,17386065368962588150,17386065368962588150,0,0,0,0,0,0,0,0,0,0,0
280,5,500,8,10,0.050336,9933.24,0.023634,21155.73,0.021475,23282.94,0.020492,24400.27,0.023861,20954.34,0.020328,24597.04,0.035752,13985.34,0.051578,0.002175,0.002744,0.020328,0.076825,0.004562,4,40275,58800,184400,771,0,0,0,1174,0,0,0,0,0,0,0,0,0,0,0,0,0,0,0,0,0,0,0,9845990122555558520,9845990122555558520,9845990122555558520,17347037879516362571,17347037879516362571,17347037879516362571,0,0,0,0,0,0,0,0,0,0,0
281,5,500,8,10,0.050929,9817.50,0.023388,21378.84,0.018758,26655.38,0.018245,27405.33,0.023892,20927.71,0.020619,24249.28,0.035646,14026.98,0.051824,0.002488,0.002805,0.020619,0.077737,0.004495,4,40280,58790,184400,747,0,0,0,1226,0,0,0,0,0,0,0,0,0,0,0,0,0,0,0,0,0,0,0,5679706769803687112,5679706769803687112,5679706769803687112,17750638630380756671,17750638630380756671,17750638630380756671,0,0,0,0,0,0,0,0,0,0,0
282,5,500,8,10,0.050251,9950.00,0.023749,21053.18,0.021600,23147.70,0.021049,23754.50,0.024068,20774.48,0.019738,25331.32,0.036004,13887.15,0.051187,0.002733,0.002752,0.019738,0.076410,0.004491,4,40275,58790,184400,714,0,0,0,1215,0,0,0,0,0,0,0,0,0,0,0,0,0,0,0,0,0,0,0,1324557587016668213,1324557587016668213,1324557587016668213,11008381039891251657,11008381039891251657,11008381039891251657,0,0,0,0,0,0,0,0,0,0,0
283,5,500,8,10,0.050615,9878.58,0.023859,20956.04,0.018843,26535.12,0.018435,27122.98,0.023809,21000.28,0.019199,26043.40,0.036362,13750.64,0.051383,0.002666,0.003615,0.019199,0.076863,0.004551,3,40294,58799,184400,819,0,0,0,1263,0,0,0,0,0,0,0,0,0,0,0,0,0,0,0,0,0,0,0,6468070846245034668,6468070846245034668,6468070846245034668,10142237532077728582,10142237532077728582,10142237532077728582,0,0,0,0,0,0,0,0,0,0,0
284,5,500,8,10,0.051008,9802.29,0.023309,21450.55,0.020122,24848.12,0.019757,25307.55,0.023821,20989.76,0.019160,26096.42,0.035483,14091.27,0.052125,0.002617,0.003729,0.019160,0.077631,0.004548,3,40255,58770,184400,781,0,0,0,1286,0,0,0,0,0,0,0,0,0,0,0,0,0,0,0,0,0,0,0,1336674436513774571,1336674436513774571,1336674436513774571,13068097280216827515,13068097280216827515,13068097280216827515,0,0,0,0,0,0,0,0,0,0,0
285,5,500,8,10,0.050933,9816.74,0.023551,21230.52,0.018922,26424.47,0.018480,27056.33,0.023849,20965.23,0.019484,25661.46,0.036458,13714.51,0.051903,0.002781,0.002949,0.019484,0.077118,0.004541,4,40300,58825,184400,786,0,0,0,1334,0,0,0,0,0,0,0,0,0,0,0,0,0,0,0,0,0,0,0,3664068400609407715,3664068400609407715,3664068400609407715,15987933483453564987,15987933483453564987,15987933483453564987,0,0,0,0,0,0,0,0,0,0,0
286,5,500,8,10,0.050967,9810.32,0.023210,21542.52,0.022288,22433.58,0.022164,22559.20,0.023873,20944.04,0.019820,25227.66,0.035523,14075.37,0.052185,0.002451,0.002968,0.019820,0.077424,0.004562,4,40300,58815,184400,701,0,0,0,1450,0,0,0,0,0,0,0,0,0,0,0,0,0,0,0,0,0,0,0,14259323358463505401,14259323358463505401,14259323358463505401,5412133171154669383,5412133171154669383,5412133171154669383,0,0,0,0,0,0,0,0,0,0,0
287,5,500,8,10,0.050808,9841.00,0.023539,21240.91,0.018648,26813.15,0.018442,27111.99,0.023886,20932.77,0.022983,21755.19,0.035634,14031.63,0.051297,0.002391,0.002944,0.022983,0.079615,0.004630,4,40295,58805,184400,756,0,0,0,1287,0,0,0,0,0,0,0,0,0,0,0,0,0,0,0,0,0,0,0,10737282537075404746,10737282537075404746,10737282537075404746,8237668608523826897,8237668608523826897,8237668608523826897,0,0,0,0,0,0,0,0,0,0,0
288,5,500,8,10,0.051006,9802.82,0.023460,21312.57,0.020353,24566.41,0.020183,24772.97,0.023915,20907.60,0.020045,24944.07,0.035573,14055.45,0.051079,0.002634,0.003795,0.020045,0.077552,0.004591,3,40269,58764,184400,708,0,0,0,1221,0,0,0,0,0,0,0,0,0,0,0,0,0,0,0,0,0,0,0,2729225404443346804,2729225404443346804,2729225404443346804,7296684074221254189,7296684074221254189,7296684074221254189,0,0,0,0,0,0,0,0,0,0,0
289,5,500,8,10,0.051069,9790.63,0.023198,21553.64,0.018251,27395.43,0.018215,27449.18,0.023729,21071.25,0.019251,25973.23,0.035713,14000.44,0.050842,0.002694,0.002866,0.019251,0.075653,0.004590,4,40290,58795,184400,787,0,0,0,1207,0,0,0,0,0,0,0,0,0,0,0,0,0,0,0,0,0,0,0,2558017648887270115,2558017648887270115,2558017648887270115,1108330831523740861,1108330831523740861,1108330831523740861,0,0,0,0,0,0,0,0,0,0,0
290,5,500,8,10,0.051058,9792.83,0.023255,21500.84,0.020103,24871.85,0.019230,26000.85,0.023582,21202.45,0.020235,24709.20,0.035770,13978.18,0.051152,0.002649,0.002818,0.020235,0.076854,0.004555,4,40285,58800,184400,710,0,0,0,1520,0,0,0,0,0,0,0,0,0,0,0,0,0,0,0,0,0,0,0,4596450693970561823,4596450693970561823,4596450693970561823,15884571671380442979,15884571671380442979,15884571671380442979,0,0,0,0,0,0,0,0,0,0,0
291,5,500,8,10,0.051135,9778.00,0.023546,21235.44,0.020447,24453.98,0.019859,25176.93,0.023637,21153.25,0.020882,23943.59,0.035658,14022.05,0.051074,0.002495,0.002843,0.020882,0.077294,0.004528,4,40320,58830,184400,735,0,0,0,1231,0,0,0,0,0,0,0,0,0,0,0,0,0,0,0,0,0,0,0,5520030665972813656,5520030665972813656,5520030665972813656,2803016072824713405,2803016072824713405,2803016072824713405,0,0,0,0,0,0,0,0,0,0,0
292,5,500,8,10,0.051092,9786.22,0.023335,21426.98,0.019087,26196.23,0.018445,27108.24,0.023799,21009.13,0.019435,25726.20,0.035660,14021.29,0.051102,0.002458,0.002829,0.019435,0.075823,0.004562,4,40269,58789,184400,717,0,0,0,1445,0,0,0,0,0,0,0,0,0,0,0,0,0,0,0,0,0,0,0,4389229587056533837,4389229587056533837,4389229587056533837,719359120999299357,719359120999299357,719359120999299357,0,0,0,0,0,0,0,0,0,0,0
293,5,500,8,10,0.050873,9828.31,0.023418,21351.47,0.022226,22496.16,0.021767,22970.07,0.023606,21181.34,0.019414,25754.90,0.035911,13923.14,0.051049,0.002213,0.002822,0.019414,0.075498,0.004539,4,40275,58775,184400,805,0,0,0,1315,0,0,0,0,0,0,0,0,0,0,0,0,0,0,0,0,0,0,0,10499549962039480337,10499549962039480337,10499549962039480337,6643748737577839175,6643748737577839175,6643748737577839175,0,0,0,0,0,0,0,0,0,0,0
294,5,500,8,10,0.050902,9822.80,0.023385,21381.40,0.019474,25675.25,0.019159,26097.78,0.023875,20942.53,0.019401,25771.50,0.035597,14046.07,0.050928,0.002502,0.002879,0.019401,0.075710,0.004547,4,40255,58770,184400,723,0,0,0,1124,0,0,0,0,0,0,0,0,0,0,0,0,0,0,0,0,0,0,0,18388003609766088337,18388003609766088337,18388003609766088337,6370253044287834044,6370253044287834044,6370253044287834044,0,0,0,0,0,0,0,0,0,0,0
295,5,500,8,10,0.051105,9783.84,0.023329,21432.55,0.018891,26467.62,0.018296,27328.29,0.023836,20976.28,0.019306,25898.09,0.035823,13957.66,0.051679,0.002719,0.002815,0.019306,0.076519,0.004540,4,40280,58790,184400,794,0,0,0,1088,0,0,0,0,0,0,0,0,0,0,0,0,0,0,0,0,0,0,0,4995489429486292365,4995489429486292365,4995489429486292365,16279860339278448985,16279860339278448985,16279860339278448985,0,0,0,0,0,0,0,0,0,0,0
296,5,500,8,10,0.051140,9777.01,0.023324,21436.75,0.018887,26472.56,0.018154,27541.95,0.023833,20979.61,0.019175,26075.97,0.035479,14092.91,0.051292,0.002943,0.002848,0.019175,0.076257,0.004524,4,40264,58779,184400,773,0,0,0,1020,0,0,0,0,0,0,0,0,0,0,0,0,0,0,0,0,0,0,0,6866726729725807738,6866726729725807738,6866726729725807738,12455725283195526004,12455725283195526004,12455725283195526004,0,0,0,0,0,0,0,0,0,0,0
297,5,500,8,10,0.050421,9916.54,0.023450,21321.58,0.018602,26878.71,0.018347,27252.49,0.023956,20871.32,0.019496,25646.05,0.035362,14139.45,0.051073,0.002501,0.002859,0.019496,0.075929,0.004448,4,40305,58820,184400,740,0,0,0,1216,0,0,0,0,0,0,0,0,0,0,0,0,0,0,0,0,0,0,0,1267423719011840449,1267423719011840449,1267423719011840449,14686390878913058166,14686390878913058166,14686390878913058166,0,0,0,0,0,0,0,0,0,0,0
298,5,500,8,10,0.050414,9917.97,0.023699,21097.79,0.019225,26007.88,0.018807,26586.49,0.024005,20828.75,0.019703,25377.49,0.035686,14010.94,0.050957,0.002755,0.002837,0.019703,0.076252,0.004463,4,40260,58775,184400,730,0,0,0,1201,0,0,0,0,0,0,0,0,0,0,0,0,0,0,0,0,0,0,0,13457310132343368133,13457310132343368133,13457310132343368133,2455939009355931866,2455939009355931866,2455939009355931866,0,0,0,0,0,0,0,0,0,0,0
299,5,500,8,10,0.050095,9981.11,0.023754,21048.70,0.018737,26684.90,0.018284,27346.83,0.023951,20876.02,0.020913,23908.68,0.035832,13953.82,0.051150,0.002419,0.002779,0.020913,0.077261,0.004499,4,40300,58825,184400,687,0,0,0,1163,0,0,0,0,0,0,0,0,0,0,0,0,0,0,0,0,0,0,0,9185722023367564752,9185722023367564752,9185722023367564752,3724546082710152964,3724546082710152964,3724546082710152964,0,0,0,0,0,0,0,0,0,0,0
300,5,500,8,10,0.050339,9932.63,0.023474,21299.84,0.019318,25882.27,0.018246,27403.12,0.024022,20814.38,0.019584,25531.58,0.035882,13934.51,0.050993,0.002576,0.002809,0.019584,0.075961,0.004477,4,40239,58759,184400,712,0,0,0,1238,0,0,0,0,0,0,0,0,0,0,0,0,0,0,0,0,0,0,0,7958655129207689793,7958655129207689793,7958655129207689793,8092582047748634640,8092582047748634640,8092582047748634640,0,0,0,0,0,0,0,0,0,0,0
301,5,500,8,10,0.050455,9909.89,0.023873,20944.33,0.021488,23269.29,0.020908,23914.79,0.023975,20854.84,0.019538,25590.55,0.035665,14019.49,0.051270,0.002397,0.002895,0.019538,0.076099,0.004446,4,40270,58785,184400,806,0,0,0,1238,0,0,0,0,0,0,0,0,0,0,0,0,0,0,0,0,0,0,0,10998895957887884529,10998895957887884529,10998895957887884529,11800244490767415420,11800244490767415420,11800244490767415420,0,0,0,0,0,0,0,0,0,0,0
302,5,500,8,10,0.050577,9885.85,0.023809,21000.79,0.020542,24340.09,0.019945,25069.15,0.023870,20946.73,0.021044,23759.45,0.035849,13947.44,0.050259,0.002486,0.002847,0.021044,0.076637,0.004496,4,40280,58795,184400,747,0,0,0,1177,0,0,0,0,0,0,0,0,0,0,0,0,0,0,0,0,0,0,0,4036090272496060770,4036090272496060770,4036090272496060770,8620471878800968112,8620471878800968112,8620471878800968112,0,0,0,0,0,0,0,0,0,0,0
303,5,500,8,10,0.050329,9934.56,0.023747,21055.57,0.019799,25253.92,0.019295,25913.29,0.024322,20557.59,0.020563,24315.45,0.035715,13999.54,0.050334,0.002817,0.002799,0.020563,0.076512,0.004467,4,40315,58825,184400,735,0,0,0,1181,0,0,0,0,0,0,0,0,0,0,0,0,0,0,0,0,0,0,0,8775433259504962956,8775433259504962956,8775433259504962956,7924976858586140677,7924976858586140677,7924976858586140677,0,0,0,0,0,0,0,0,0,0,0
304,5,500,8,10,0.050159,9968.35,0.023807,21002.36,0.018968,26359.69,0.018282,27349.82,0.023983,20848.45,0.019777,25282.37,0.036129,13839.41,0.050352,0.002488,0.002780,0.019777,0.075397,0.004436,4,40275,58790,184400,757,0,0,0,1417,0,0,0,0,0,0,0,0,0,0,0,0,0,0,0,0,0,0,0,9529631144780589693,9529631144780589693,9529631144780589693,17336546951715793667,17336546951715793667,17336546951715793667,0,0,0,0,0,0,0,0,0,0,0
305,5,500,8,10,0.050238,9952.61,0.023574,21210.06,0.020359,24559.42,0.019730,25342.16,0.023920,20902.58,0.019092,26188.44,0.035687,14010.73,0.050368,0.002540,0.003498,0.019092,0.075498,0.004462,3,40224,58719,184400,754,0,0,0,1285,0,0,0,0,0,0,0,0,0,0,0,0,0,0,0,0,0,0,0,18137898242282207240,18137898242282207240,18137898242282207240,18079780905562150723,18079780905562150723,18079780905562150723,0,0,0,0,0,0,0,0,0,0,0
306,5,500,8,10,0.050717,9858.60,0.023731,21069.80,0.018923,26422.32,0.018455,27093.24,0.023831,20981.16,0.021096,23701.56,0.035444,14106.72,0.050417,0.002646,0.002757,0.021096,0.076916,0.004470,4,40295,58815,184400,709,0,0,0,1093,0,0,0,0,0,0,0,0,0,0,0,0,0,0,0,0,0,0,0,9986500710383300322,9986500710383300322,9986500710383300322,14257784812030642753,14257784812030642753,14257784812030642753,0,0,0,0,0,0,0,0,0,0,0
307,5,500,8,10,0.050298,9940.82,0.023388,21378.36,0.020810,24027.33,0.020466,24431.08,0.024030,20807.28,0.020927,23892.99,0.035588,14049.82,0.050328,0.002618,0.002788,0.020927,0.076661,0.004465,4,40285,58785,184400,732,0,0,0,1287,0,0,0,0,0,0,0,0,0,0,0,0,0,0,0,0,0,0,0,13287566448120808942,13287566448120808942,13287566448120808942,5875816028365381153,5875816028365381153,5875816028365381153,0,0,0,0,0,0,0,0,0,0,0
308,5,500,8,10,0.050143,9971.45,0.023852,20962.68,0.019510,25627.65,0.018715,26717.06,0.024077,20766.65,0.019498,25643.41,0.035938,13912.91,0.050316,0.002560,0.002807,0.019498,0.075182,0.004436,4,40278,58768,184400,796,0,0,0,1260,0,0,0,0,0,0,0,0,0,0,0,0,0,0,0,0,0,0,0,4927433861680166233,4927433861680166233,4927433861680166233,6912187271669684146,6912187271669684146,6912187271669684146,0,0,0,0,0,0,0,0,0,0,0
309,5,500,8,10,0.050723,9857.54,0.023393,21373.75,0.018501,27025.16,0.018365,27225.07,0.023862,20953.53,0.019406,25765.10,0.035492,14087.60,0.050495,0.002811,0.002788,0.019406,0.075500,0.004551,4,40295,58805,184400,775,0,0,0,1189,0,0,0,0,0,0,0,0,0,0,0,0,0,0,0,0,0,0,0,9292392473093679911,9292392473093679911,9292392473093679911,1873741019106670426,1873741019106670426,1873741019106670426,0,0,0,0,0,0,0,0,0,0,0
310,5,500,8,10,0.050452,9910.43,0.023768,21036.65,0.021486,23271.07,0.021058,23743.57,0.023872,20945.08,0.020850,23980.30,0.035642,14028.53,0.050566,0.002511,0.002885,0.020850,0.076813,0.004494,4,40285,58790,184400,742,0,0,0,1306,0,0,0,0,0,0,0,0,0,0,0,0,0,0,0,0,0,0,0,14329244799457514598,14329244799457514598,14329244799457514598,1783979451578704261,1783979451578704261,1783979451578704261,0,0,0,0,0,0,0,0,0,0,0
311,5,500,8,10,0.050396,9921.49,0.023925,20898.77,0.020032,24959.81,0.019204,26036.09,0.023716,21083.18,0.022395,22326.10,0.035854,13945.32,0.050276,0.002561,0.002794,0.022395,0.078026,0.004532,4,40275,58800,184400,815,0,0,0,1408,0,0,0,0,0,0,0,0,0,0,0,0,0,0,0,0,0,0,0,7714388118435635983,7714388118435635983,7714388118435635983,8927838550141611619,8927838550141611619,8927838550141611619,0,0,0,0,0,0,0,0,0,0,0
312,5,500,8,10,0.050210,9958.21,0.023780,21025.68,0.021378,23388.39,0.020995,23815.04,0.024055,20785.81,0.019324,25874.05,0.036125,13840.69,0.050419,0.002626,0.003508,0.019324,0.075878,0.004471,3,40315,58800,184400,787,0,0,0,1302,0,0,0,0,0,0,0,0,0,0,0,0,0,0,0,0,0,0,0,16606769025558886221,16606769025558886221,16606769025558886221,10727270204539605746,10727270204539605746,10727270204539605746,0,0,0,0,0,0,0,0,0,0,0
313,5,500,8,10,0.050184,9963.26,0.023713,21085.88,0.018683,26761.69,0.018395,27181.25,0.023824,20987.68,0.019746,25321.46,0.036115,13844.52,0.050230,0.003029,0.002806,0.019746,0.075811,0.004494,4,40300,58790,184400,775,0,0,0,1202,0,0,0,0,0,0,0,0,0,0,0,0,0,0,0,0,0,0,0,6690745280969685697,6690745280969685697,6690745280969685697,16700521720400828790,16700521720400828790,16700521720400828790,0,0,0,0,0,0,0,0,0,0,0
314,5,500,8,10,0.050297,9941.02,0.023792,21015.75,0.018755,26659.37,0.018311,27305.30,0.023990,20842.34,0.019580,25536.30,0.035688,14010.18,0.050171,0.002801,0.002819,0.019580,0.075371,0.004460,4,40315,58810,184400,800,0,0,0,1371,0,0,0,0,0,0,0,0,0,0,0,0,0,0,0,0,0,0,0,6173822855890368238,6173822855890368238,6173822855890368238,12510109095306016011,12510109095306016011,12510109095306016011,0,0,0,0,0,0,0,0,0,0,0
315,5,500,8,10,0.050318,9936.71,0.023431,21338.94,0.021925,22805.24,0.021320,23452.70,0.024121,20728.90,0.018996,26321.18,0.035256,14182.01,0.050326,0.002710,0.003488,0.018996,0.075521,0.004551,3,40255,58765,184400,696,0,0,0,1211,0,0,0,0,0,0,0,0,0,0,0,0,0,0,0,0,0,0,0,17873251042564252334,17873251042564252334,17873251042564252334,15500017458594296839,15500017458594296839,15500017458594296839,0,0,0,0,0,0,0,0,0,0,0
316,5,500,8,10,0.050707,9860.61,0.023901,20919.41,0.020104,24870.35,0.019306,25898.51,0.024161,20694.50,0.019340,25852.73,0.036004,13887.22,0.050338,0.002686,0.002861,0.019340,0.075225,0.004498,4,40290,58810,184400,782,0,0,0,1187,0,0,0,0,0,0,0,0,0,0,0,0,0,0,0,0,0,0,0,2483858546499004899,2483858546499004899,2483858546499004899,18160701967780145665,18160701967780145665,18160701967780145665,0,0,0,0,0,0,0,0,0,0,0
317,5,500,8,10,0.050647,9872.26,0.023602,21184.69,0.019061,26230.92,0.018472,27068.41,0.023890,20929.30,0.019392,25783.85,0.035519,14077.15,0.050384,0.002612,0.002822,0.019392,0.075210,0.004515,4,40285,58795,184400,728,0,0,0,1235,0,0,0,0,0,0,0,0,0,0,0,0,0,0,0,0,0,0,0,11588076957335568383,11588076957335568383,11588076957335568383,1889657619115860174,1889657619115860174,1889657619115860174,0,0,0,0,0,0,0,0,0,0,0
318,5,500,8,10,0.050319,9936.52,0.023816,20994.71,0.020837,23996.29,0.020497,24393.95,0.024076,20767.74,0.019336,25858.54,0.035720,13997.69,0.050517,0.002381,0.003553,0.019336,0.075787,0.004500,3,40290,58800,184400,743,0,0,0,1442,0,0,0,0,0,0,0,0,0,0,0,0,0,0,0,0,0,0,0,18365621228590852668,18365621228590852668,18365621228590852668,5741014764086388339,5741014764086388339,5741014764086388339,0,0,0,0,0,0,0,0,0,0,0
319,5,500,8,10,0.050443,9912.21,0.023819,20991.26,0.019080,26204.83,0.018473,27065.87,0.024298,20578.12,0.022583,22140.30,0.036602,13660.56,0.050420,0.002605,0.002807,0.022583,0.078416,0.004499,4,40315,58805,184400,752,0,0,0,1185,0,0,0,0,0,0,0,0,0,0,0,0,0,0,0,0,0,0,0,14671428970283603816,14671428970283603816,14671428970283603816,5972186839192571493,5972186839192571493,5972186839192571493,0,0,0,0,0,0,0,0,0,0,0
320,5,500,8,10,0.050138,9972.51,0.023638,21151.99,0.020654,24207.83,0.020570,24307.04,0.023907,20914.75,0.019573,25545.42,0.035849,13947.51,0.050352,0.002499,0.002798,0.019573,0.075221,0.004454,4,40285,58780,184400,778,0,0,0,1357,0,0,0,0,0,0,0,0,0,0,0,0,0,0,0,0,0,0,0,4959696137154366254,4959696137154366254,4959696137154366254,2764015095218083620,2764015095218083620,2764015095218083620,0,0,0,0,0,0,0,0,0,0,0
321,5,500,8,10,0.050227,9954.73,0.023260,21496.28,0.020161,24800.87,0.019836,25207.04,0.023610,21177.58,0.019258,25963.89,0.035774,13976.64,0.049965,0.002694,0.002811,0.019258,0.074727,0.004511,4,40305,58800,184400,756,0,0,0,1256,0,0,0,0,0,0,0,0,0,0,0,0,0,0,0,0,0,0,0,7018922257111678865,7018922257111678865,7018922257111678865,5320839990554042469,5320839990554042469,5320839990554042469,0,0,0,0,0,0,0,0,0,0,0
322,5,500,8,10,0.050268,9946.76,0.023737,21063.96,0.018733,26691.24,0.018167,27521.94,0.024138,20714.16,0.019520,25614.62,0.035904,13925.92,0.050632,0.002458,0.002769,0.019520,0.075379,0.004453,4,40310,58815,184400,749,0,0,0,1206,0,0,0,0,0,0,0,0,0,0,0,0,0,0,0,0,0,0,0,16432532633611863235,16432532633611863235,16432532633611863235,1479860187236024180,1479860187236024180,1479860187236024180,0,0,0,0,0,0,0,0,0,0,0
323,5,500,8,10,0.050271,9946.02,0.023528,21250.92,0.019452,25704.53,0.018881,26482.33,0.023883,20935.37,0.020303,24626.93,0.035854,13945.30,0.050465,0.002696,0.002760,0.020303,0.076224,0.004556,4,40330,58840,184400,739,0,0,0,1278,0,0,0,0,0,0,0,0,0,0,0,0,0,0,0,0,0,0,0,10959733250413057695,10959733250413057695,10959733250413057695,2949584351225158692,2949584351225158692,2949584351225158692,0,0,0,0,0,0,0,0,0,0,0
324,5,500,8,10,0.050564,9888.53,0.023609,21178.53,0.018586,26902.69,0.018163,27527.91,0.023702,21095.10,0.019413,25756.59,0.035622,14036.26,0.050476,0.002530,0.002820,0.019413,0.075238,0.004451,4,40275,58780,184400,786,0,0,0,1096,0,0,0,0,0,0,0,0,0,0,0,0,0,0,0,0,0,0,0,2668997757434425276,2668997757434425276,2668997757434425276,15766126990390332148,15766126990390332148,15766126990390332148,0,0,0,0,0,0,0,0,0,0,0
325,5,500,8,10,0.050444,9912.00,0.023598,21188.63,0.021025,23781.58,0.020470,24426.01,0.023631,21158.81,0.019565,25556.15,0.035886,13932.85,0.050847,0.002586,0.002880,0.019565,0.075877,0.004545,4,40295,58795,184400,812,0,0,0,1362,0,0,0,0,0,0,0,0,0,0,0,0,0,0,0,0,0,0,0,5385340928025721979,5385340928025721979,5385340928025721979,17165471353444417685,17165471353444417685,17165471353444417685,0,0,0,0,0,0,0,0,0,0,0
326,5,500,8,10,0.050236,9953.06,0.023468,21305.44,0.019399,25774.69,0.018595,26889.37,0.023637,21153.47,0.019448,25710.12,0.036067,13863.25,0.050711,0.002234,0.002852,0.019448,0.075244,0.004456,4,40300,58790,184400,746,0,0,0,1361,0,0,0,0,0,0,0,0,0,0,0,0,0,0,0,0,0,0,0,3758129302400367769,3758129302400367769,3758129302400367769,5436980178771210364,5436980178771210364,5436980178771210364,0,0,0,0,0,0,0,0,0,0,0
327,5,500,8,10,0.050287,9942.98,0.023330,21431.22,0.019219,26016.42,0.018758,26655.43,0.023661,21131.56,0.020471,24425.16,0.035775,13976.30,0.050223,0.002546,0.002797,0.020471,0.076038,0.004475,4,40325,58825,184400,708,0,0,0,1148,0,0,0,0,0,0,0,0,0,0,0,0,0,0,0,0,0,0,0,2328457749178608416,2328457749178608416,2328457749178608416,5974044943466392210,5974044943466392210,5974044943466392210,0,0,0,0,0,0,0,0,0,0,0
328,5,500,8,10,0.050177,9964.75,0.023854,20960.94,0.022322,22399.76,0.021577,23172.79,0.023787,21019.70,0.021678,23064.52,0.036114,13845.10,0.050723,0.002117,0.002780,0.021678,0.077298,0.004559,4,40300,58810,184400,765,0,0,0,1209,0,0,0,0,0,0,0,0,0,0,0,0,0,0,0,0,0,0,0,7685595855782444396,7685595855782444396,7685595855782444396,15375007966835838682,15375007966835838682,15375007966835838682,0,0,0,0,0,0,0,0,0,0,0
329,5,500,8,10,0.050276,9945.00,0.023970,20859.18,0.018787,26614.20,0.018073,27665.51,0.023892,20927.44,0.019093,26187.11,0.035785,13972.23,0.050147,0.002483,0.003449,0.019093,0.075173,0.004452,3,40305,58815,184400,821,0,0,0,1316,0,0,0,0,0,0,0,0,0,0,0,0,0,0,0,0,0,0,0,15695812816667953501,15695812816667953501,15695812816667953501,5238684474912003508,5238684474912003508,5238684474912003508,0,0,0,0,0,0,0,0,0,0,0
330,5,500,8,10,0.051332,9740.46,0.023946,20880.42,0.022026,22700.60,0.021368,23399.56,0.024018,20818.06,0.020317,24610.28,0.035742,13989.32,0.050428,0.002544,0.002809,0.020317,0.076098,0.004436,4,40249,58764,184400,771,0,0,0,1371,0,0,0,0,0,0,0,0,0,0,0,0,0,0,0,0,0,0,0,350858239504036443,350858239504036443,350858239504036443,16937531710908927613,16937531710908927613,16937531710908927613,0,0,0,0,0,0,0,0,0,0,0
331,5,500,8,10,0.050264,9947.42,0.023549,21232.55,0.018695,26745.51,0.018236,27418.38,0.023922,20900.95,0.019648,25447.71,0.036170,13823.62,0.050262,0.002738,0.002784,0.019648,0.075433,0.004496,4,40335,58825,184400,746,0,0,0,1193,0,0,0,0,0,0,0,0,0,0,0,0,0,0,0,0,0,0,0,10124306744031035911,10124306744031035911,10124306744031035911,12847298200705530239,12847298200705530239,12847298200705530239,0,0,0,0,0,0,0,0,0,0,0
332,5,500,8,10,0.050591,9883.18,0.023870,20947.07,0.019308,25895.61,0.018153,27543.93,0.023886,20932.83,0.019564,25556.79,0.036084,13856.68,0.050493,0.002465,0.002850,0.019564,0.075372,0.004466,4,40240,58750,184400,732,0,0,0,1364,0,0,0,0,0,0,0,0,0,0,0,0,0,0,0,0,0,0,0,7979005206073793950,7979005206073793950,7979005206073793950,7526428136654462146,7526428136654462146,7526428136654462146,0,0,0,0,0,0,0,0,0,0,0
333,5,500,8,10,0.050200,9960.16,0.023777,21029.16,0.020278,24656.71,0.019516,25619.65,0.023730,21070.03,0.019365,25820.04,0.035894,13929.81,0.050239,0.002730,0.002762,0.019365,0.075096,0.004479,4,40259,58774,184400,759,0,0,0,1440,0,0,0,0,0,0,0,0,0,0,0,0,0,0,0,0,0,0,0,12347757350909126854,12347757350909126854,12347757350909126854,7075781575427146371,7075781575427146371,7075781575427146371,0,0,0,0,0,0,0,0,0,0,0
334,5,500,8,10,0.050162,9967.76,0.023521,21257.51,0.018626,26843.62,0.018271,27365.85,0.023998,20835.31,0.019557,25566.55,0.035349,14144.52,0.050594,0.002394,0.002779,0.019557,0.075323,0.004461,4,40250,58775,184400,765,0,0,0,1186,0,0,0,0,0,0,0,0,0,0,0,0,0,0,0,0,0,0,0,8081711260172654443,8081711260172654443,8081711260172654443,14755325515526089250,14755325515526089250,14755325515526089250,0,0,0,0,0,0,0,0,0,0,0
335,5,500,8,10,0.050184,9963.35,0.023702,21094.97,0.021114,23680.96,0.020770,24073.45,0.023866,20950.70,0.021627,23119.73,0.035699,14005.90,0.050373,0.002378,0.002820,0.021627,0.077198,0.004489,4,40295,58795,184400,778,0,0,0,1308,0,0,0,0,0,0,0,0,0,0,0,0,0,0,0,0,0,0,0,16835043553741992952,16835043553741992952,16835043553741992952,13404788843223984881,13404788843223984881,13404788843223984881,0,0,0,0,0,0,0,0,0,0,0
336,5,500,8,10,0.050227,9954.89,0.023787,21020.16,0.021831,22903.30,0.021210,23573.67,0.023550,21231.18,0.019219,26016.33,0.035622,14036.38,0.050230,0.002604,0.002747,0.019219,0.074799,0.004514,4,40295,58810,184400,817,0,0,0,1309,0,0,0,0,0,0,0,0,0,0,0,0,0,0,0,0,0,0,0,10874143667498121728,10874143667498121728,10874143667498121728,7021370693607040213,7021370693607040213,7021370693607040213,0,0,0,0,0,0,0,0,0,0,0
337,5,500,8,10,0.050778,9846.71,0.023193,21558.55,0.021704,23037.18,0.021194,23591.39,0.023694,21102.21,0.020981,23830.97,0.035827,13955.89,0.051010,0.002425,0.002785,0.020981,0.077201,0.004521,4,40290,58800,184400,762,0,0,0,1258,0,0,0,0,0,0,0,0,0,0,0,0,0,0,0,0,0,0,0,3162323468004906683,3162323468004906683,3162323468004906683,4824009491296062014,4824009491296062014,4824009491296062014,0,0,0,0,0,0,0,0,0,0,0
338,5,500,8,10,0.050364,9927.72,0.023641,21149.57,0.018892,26466.89,0.018420,27144.71,0.023954,20873.07,0.022614,22110.66,0.035866,13940.85,0.050797,0.002377,0.002823,0.022614,0.078612,0.004508,4,40255,58770,184400,776,0,0,0,1189,0,0,0,0,0,0,0,0,0,0,0,0,0,0,0,0,0,0,0,884285458685516707,884285458685516707,884285458685516707,9727334541776891568,9727334541776891568,9727334541776891568,0,0,0,0,0,0,0,0,0,0,0
339,5,500,8,10,0.050027,9994.52,0.023868,20948.86,0.018919,26428.29,0.018311,27306.25,0.023880,20938.30,0.019548,25578.05,0.036008,13885.79,0.050344,0.002438,0.002819,0.019548,0.075149,0.004448,4,40279,58789,184400,810,0,0,0,1321,0,0,0,0,0,0,0,0,0,0,0,0,0,0,0,0,0,0,0,6782712779498902315,6782712779498902315,6782712779498902315,12522194011828009914,12522194011828009914,12522194011828009914,0,0,0,0,0,0,0,0,0,0,0
340,5,500,8,10,0.050656,9870.51,0.023599,21187.54,0.021907,22823.55,0.021491,23265.26,0.023912,20910.40,0.020898,23925.63,0.035605,14042.87,0.050379,0.002533,0.002798,0.020898,0.076608,0.004480,4,40260,58780,184400,673,0,0,0,1525,0,0,0,0,0,0,0,0,0,0,0,0,0,0,0,0,0,0,0,12376844803925578120,12376844803925578120,12376844803925578120,12113525277533009289,12113525277533009289,12113525277533009289,0,0,0,0,0,0,0,0,0,0,0
341,5,500,8,10,0.050363,9927.91,0.023403,21364.53,0.018687,26757.16,0.018162,27530.72,0.023624,21165.24,0.019418,25749.03,0.035915,13921.72,0.050535,0.002184,0.002790,0.019418,0.074927,0.004502,4,40310,58810,184400,727,0,0,0,1223,0,0,0,0,0,0,0,0,0,0,0,0,0,0,0,0,0,0,0,13335849434933029790,13335849434933029790,13335849434933029790,17362452283661417153,17362452283661417153,17362452283661417153,0,0,0,0,0,0,0,0,0,0,0
342,5,500,8,10,0.050476,9905.67,0.024373,20514.88,0.019792,25262.91,0.019563,25558.04,0.023606,21180.88,0.018946,26390.83,0.035651,14024.89,0.050372,0.002414,0.003454,0.018946,0.075186,0.004506,3,40300,58805,184400,719,0,0,0,1334,0,0,0,0,0,0,0,0,0,0,0,0,0,0,0,0,0,0,0,9750265365943502676,9750265365943502676,9750265365943502676,7035421580323716465,7035421580323716465,7035421580323716465,0,0,0,0,0,0,0,0,0,0,0
343,5,500,8,10,0.050469,9907.14,0.023804,21004.77,0.020861,23968.72,0.020379,24535.12,0.023960,20868.54,0.019608,25499.69,0.035627,14034.38,0.050181,0.002713,0.002838,0.019608,0.075340,0.004466,4,40274,58764,184400,765,0,0,0,1193,0,0,0,0,0,0,0,0,0,0,0,0,0,0,0,0,0,0,0,12917243783893127919,12917243783893127919,12917243783893127919,11576233101567497195,11576233101567497195,11576233101567497195,0,0,0,0,0,0,0,0,0,0,0
344,5,500,8,10,0.050471,9906.62,0.023828,20983.48,0.018845,26532.55,0.018374,27211.89,0.024026,20810.89,0.020028,24964.74,0.035652,14024.56,0.050568,0.002493,0.002803,0.020028,0.075893,0.004535,4,40290,58795,184400,798,0,0,0,1302,0,0,0,0,0,0,0,0,0,0,0,0,0,0,0,0,0,0,0,12934639815939237630,12934639815939237630,12934639815939237630,14199116143352482008,14199116143352482008,14199116143352482008,0,0,0,0,0,0,0,0,0,0,0
345,5,500,8,10,0.051021,9799.86,0.023682,21112.96,0.018546,26959.28,0.018378,27207.10,0.023751,21051.61,0.019226,26006.68,0.035529,14072.86,0.050678,0.002407,0.002812,0.019226,0.075123,0.004610,4,40295,58780,184400,766,0,0,0,1388,0,0,0,0,0,0,0,0,0,0,0,0,0,0,0,0,0,0,0,7925140968219814521,7925140968219814521,7925140968219814521,1898313005591719939,1898313005591719939,1898313005591719939,0,0,0,0,0,0,0,0,0,0,0
346,5,500,8,10,0.050155,9969.01,0.023701,21096.53,0.019667,25423.91,0.019024,26282.83,0.023793,21014.87,0.021072,23728.04,0.035354,14142.55,0.050217,0.002595,0.002778,0.021072,0.076663,0.004426,4,40290,58790,184400,742,0,0,0,1311,0,0,0,0,0,0,0,0,0,0,0,0,0,0,0,0,0,0,0,16629853444259293086,16629853444259293086,16629853444259293086,16731290637950576071,16731290637950576071,16731290637950576071,0,0,0,0,0,0,0,0,0,0,0
347,5,500,8,10,0.050250,9950.30,0.023719,21080.52,0.018688,26754.90,0.018371,27216.38,0.023628,21161.48,0.019321,25878.36,0.035705,14003.61,0.050305,0.002776,0.002752,0.019321,0.075154,0.004544,4,40274,58789,184400,764,0,0,0,1213,0,0,0,0,0,0,0,0,0,0,0,0,0,0,0,0,0,0,0,4097865820459981845,4097865820459981845,4097865820459981845,15994830173047652991,15994830173047652991,15994830173047652991,0,0,0,0,0,0,0,0,0,0,0
348,5,500,8,10,0.050703,9861.34,0.023601,21185.76,0.018971,26355.35,0.018609,26868.00,0.023884,20934.43,0.019419,25748.15,0.035898,13928.19,0.050419,0.002452,0.002733,0.019419,0.075023,0.004474,4,40275,58775,184400,719,0,0,0,1143,0,0,0,0,0,0,0,0,0,0,0,0,0,0,0,0,0,0,0,4504263057224789616,4504263057224789616,4504263057224789616,17788113338422177098,17788113338422177098,17788113338422177098,0,0,0,0,0,0,0,0,0,0,0
349,5,500,8,10,0.050565,9888.18,0.023671,21123.19,0.018845,26532.51,0.018510,27012.24,0.024044,20795.20,0.019391,25784.97,0.035740,13989.83,0.050765,0.002227,0.002747,0.019391,0.075130,0.004608,4,40260,58780,184400,672,0,0,0,1167,0,0,0,0,0,0,0,0,0,0,0,0,0,0,0,0,0,0,0,14028958555346580512,14028958555346580512,14028958555346580512,2754995605744664482,2754995605744664482,2754995605744664482,0,0,0,0,0,0,0,0,0,0,0
350,5,500,8,10,0.050794,9843.76,0.023461,21312.22,0.018610,26867.22,0.018226,27433.65,0.023741,21060.18,0.019458,25696.36,0.035954,13906.49,0.051020,0.002596,0.002869,0.019458,0.075944,0.004538,4,40235,58755,184400,769,0,0,0,1205,0,0,0,0,0,0,0,0,0,0,0,0,0,0,0,0,0,0,0,9935404535024462262,9935404535024462262,9935404535024462262,3138613199621390240,3138613199621390240,3138613199621390240,0,0,0,0,0,0,0,0,0,0,0
351,5,500,8,10,0.050411,9918.48,0.023540,21240.49,0.019610,25496.85,0.018920,26426.37,0.023806,21003.51,0.019460,25693.25,0.036050,13869.57,0.050442,0.002276,0.002751,0.019460,0.074930,0.004479,4,40245,58770,184400,716,0,0,0,1418,0,0,0,0,0,0,0,0,0,0,0,0,0,0,0,0,0,0,0,1231445994819429388,1231445994819429388,1231445994819429388,15773144813937626043,15773144813937626043,15773144813937626043,0,0,0,0,0,0,0,0,0,0,0
352,5,500,8,10,0.050221,9955.97,0.023524,21254.79,0.020596,24277.10,0.019917,25104.41,0.023709,21089.46,0.019606,25501.83,0.035917,13921.01,0.050700,0.002674,0.002815,0.019606,0.075795,0.004496,4,40265,58775,184400,763,0,0,0,1291,0,0,0,0,0,0,0,0,0,0,0,0,0,0,0,0,0,0,0,1072684814093997956,1072684814093997956,1072684814093997956,15274159529545903479,15274159529545903479,15274159529545903479,0,0,0,0,0,0,0,0,0,0,0
353,5,500,8,10,0.050413,9918.07,0.023551,21230.57,0.018676,26772.12,0.018163,27528.13,0.023751,21051.90,0.019722,25352.97,0.035771,13977.84,0.050168,0.002990,0.002819,0.019722,0.075699,0.004537,4,40280,58795,184400,730,0,0,0,1195,0,0,0,0,0,0,0,0,0,0,0,0,0,0,0,0,0,0,0,2584993655703713283,2584993655703713283,2584993655703713283,484232571301498304,484232571301498304,484232571301498304,0,0,0,0,0,0,0,0,0,0,0
354,5,500,8,10,0.050368,9926.98,0.023614,21174.05,0.018996,26321.09,0.018341,27260.76,0.023928,20895.86,0.019546,25580.14,0.035718,13998.66,0.050223,0.002521,0.002732,0.019546,0.075023,0.004422,4,40265,58785,184400,780,0,0,0,1320,0,0,0,0,0,0,0,0,0,0,0,0,0,0,0,0,0,0,0,13754713780784597871,13754713780784597871,13754713780784597871,526169354248681134,526169354248681134,526169354248681134,0,0,0,0,0,0,0,0,0,0,0
355,5,500,8,10,0.050540,9893.14,0.023653,21138.81,0.018709,26724.64,0.018360,27233.23,0.023989,20842.86,0.020301,24629.87,0.035829,13955.33,0.050301,0.002243,0.003465,0.020301,0.076308,0.004466,3,40305,58790,184400,749,0,0,0,1265,0,0,0,0,0,0,0,0,0,0,0,0,0,0,0,0,0,0,0,13511639840659594824,13511639840659594824,13511639840659594824,15439267549898989564,15439267549898989564,15439267549898989564,0,0,0,0,0,0,0,0,0,0,0
356,5,500,8,10,0.050278,9944.76,0.023624,21165.27,0.019727,25346.53,0.018808,26583.92,0.024033,20804.36,0.019625,25477.90,0.035864,13941.71,0.050267,0.002468,0.002779,0.019625,0.075140,0.004462,4,40310,58800,184400,833,0,0,0,1256,0,0,0,0,0,0,0,0,0,0,0,0,0,0,0,0,0,0,0,11479103287577456577,11479103287577456577,11479103287577456577,3621642775471003713,3621642775471003713,3621642775471003713,0,0,0,0,0,0,0,0,0,0,0
357,5,500,8,10,0.050150,9970.02,0.023272,21484.91,0.020243,24700.05,0.019820,25227.33,0.023691,21104.84,0.018975,26350.43,0.035511,14080.15,0.050228,0.002805,0.003568,0.018975,0.075576,0.004496,3,40325,58835,184400,733,0,0,0,1227,0,0,0,0,0,0,0,0,0,0,0,0,0,0,0,0,0,0,0,18161180456876658224,18161180456876658224,18161180456876658224,7837420866523225737,7837420866523225737,7837420866523225737,0,0,0,0,0,0,0,0,0,0,0
358,5,500,8,10,0.050516,9897.92,0.023799,21009.59,0.018981,26342.57,0.018266,27372.70,0.023833,20978.90,0.019736,25334.55,0.035937,13913.09,0.050365,0.002437,0.002752,0.019736,0.075289,0.004580,4,40290,58790,184400,772,0,0,0,1263,0,0,0,0,0,0,0,0,0,0,0,0,0,0,0,0,0,0,0,4769278628599433266,4769278628599433266,4769278628599433266,146915187390800510,146915187390800510,146915187390800510,0,0,0,0,0,0,0,0,0,0,0
359,5,500,8,10,0.050300,9940.31,0.023425,21344.66,0.022216,22506.62,0.022214,22508.02,0.023895,20925.16,0.019949,25064.08,0.038770,12896.42,0.050290,0.002686,0.002837,0.019949,0.075761,0.004581,4,40255,58765,184400,782,0,0,0,1272,0,0,0,0,0,0,0,0,0,0,0,0,0,0,0,0,0,0,0,13676242511323060802,13676242511323060802,13676242511323060802,12010261640877238990,12010261640877238990,12010261640877238990,0,0,0,0,0,0,0,0,0,0,0
360,5,500,8,10,0.050692,9863.58,0.023496,21280.41,0.021144,23647.66,0.020429,24474.71,0.023470,21303.53,0.019007,26305.68,0.035670,14017.27,0.049948,0.003135,0.003488,0.019007,0.075577,0.004469,3,40280,58785,184400,807,0,0,0,1174,0,0,0,0,0,0,0,0,0,0,0,0,0,0,0,0,0,0,0,4841823647532657800,4841823647532657800,4841823647532657800,17147624152897679775,17147624152897679775,17147624152897679775,0,0,0,0,0,0,0,0,0,0,0
361,5,500,8,10,0.050381,9924.42,0.023693,21103.19,0.018837,26542.97,0.018288,27340.91,0.023613,21174.99,0.019350,25839.77,0.035753,13984.93,0.050321,0.002586,0.002751,0.019350,0.075008,0.004418,4,40280,58785,184400,760,0,0,0,1073,0,0,0,0,0,0,0,0,0,0,0,0,0,0,0,0,0,0,0,391840100757443747,391840100757443747,391840100757443747,17587883381786728364,17587883381786728364,17587883381786728364,0,0,0,0,0,0,0,0,0,0,0
362,5,500,8,10,0.050282,9943.99,0.023547,21234.55,0.018747,26671.53,0.018398,27176.41,0.023613,21175.08,0.019204,26035.89,0.035635,14030.98,0.050378,0.002304,0.003485,0.019204,0.075372,0.004506,3,40280,58800,184400,759,0,0,0,1215,0,0,0,0,0,0,0,0,0,0,0,0,0,0,0,0,0,0,0,17144055524957367927,17144055524957367927,17144055524957367927,83876108755080583,83876108755080583,83876108755080583,0,0,0,0,0,0,0,0,0,0,0
363,5,500,8,10,0.050291,9942.16,0.023716,21083.24,0.019312,25890.96,0.018586,26902.11,0.024011,20823.42,0.019474,25674.93,0.035686,14010.98,0.050223,0.002742,0.002736,0.019474,0.075175,0.004492,4,40315,58830,184400,698,0,0,0,1226,0,0,0,0,0,0,0,0,0,0,0,0,0,0,0,0,0,0,0,7104979008587472991,7104979008587472991,7104979008587472991,5342653362829220866,5342653362829220866,5342653362829220866,0,0,0,0,0,0,0,0,0,0,0
364,5,500,8,10,0.050160,9968.13,0.023577,21207.14,0.020141,24824.85,0.019578,25539.33,0.023778,21027.81,0.020155,24807.89,0.035642,14028.27,0.050223,0.002594,0.002787,0.020155,0.075758,0.004477,4,40295,58810,184400,740,0,0,0,1277,0,0,0,0,0,0,0,0,0,0,0,0,0,0,0,0,0,0,0,4652493414164868770,4652493414164868770,4652493414164868770,11521608624909909984,11521608624909909984,11521608624909909984,0,0,0,0,0,0,0,0,0,0,0
365,5,500,8,10,0.050186,9962.98,0.023874,20943.41,0.018735,26687.37,0.018293,27333.49,0.023753,21050.41,0.019488,25657.15,0.035909,13924.06,0.050316,0.002484,0.002777,0.019488,0.075065,0.004469,4,40275,58775,184400,715,0,0,0,1220,0,0,0,0,0,0,0,0,0,0,0,0,0,0,0,0,0,0,0,6302114270883250959,6302114270883250959,6302114270883250959,13313892130403540253,13313892130403540253,13313892130403540253,0,0,0,0,0,0,0,0,0,0,0
366,5,500,8,10,0.050442,9912.29,0.023580,21204.01,0.019882,25148.23,0.019425,25739.52,0.023824,20987.26,0.020564,24314.76,0.035821,13958.32,0.050497,0.002569,0.002821,0.020564,0.076451,0.004464,4,40260,58780,184400,755,0,0,0,1346,0,0,0,0,0,0,0,0,0,0,0,0,0,0,0,0,0,0,0,3550371345652679101,3550371345652679101,3550371345652679101,4284924992784169934,4284924992784169934,4284924992784169934,0,0,0,0,0,0,0,0,0,0,0
367,5,500,8,10,0.050218,9956.60,0.024004,20829.96,0.018848,26527.89,0.018312,27304.87,0.023768,21036.53,0.022762,21966.41,0.035766,13979.76,0.050185,0.002732,0.002780,0.022762,0.078458,0.004491,4,40274,58784,184400,795,0,0,0,1298,0,0,0,0,0,0,0,0,0,0,0,0,0,0,0,0,0,0,0,9651536880514649563,9651536880514649563,9651536880514649563,1121999225584119479,1121999225584119479,1121999225584119479,0,0,0,0,0,0,0,0,0,0,0
368,5,500,8,10,0.050124,9975.25,0.023739,21062.63,0.018865,26503.79,0.018233,27423.40,0.023857,20958.08,0.019413,25756.22,0.036075,13860.13,0.050120,0.003002,0.002759,0.019413,0.075293,0.004464,4,40264,58789,184400,751,0,0,0,1225,0,0,0,0,0,0,0,0,0,0,0,0,0,0,0,0,0,0,0,5537224253898055434,5537224253898055434,5537224253898055434,13697459549688161146,13697459549688161146,13697459549688161146,0,0,0,0,0,0,0,0,0,0,0
369,5,500,8,10,0.050191,9961.89,0.023441,21330.07,0.019124,26144.47,0.018448,27103.76,0.023538,21242.24,0.019401,25771.63,0.035713,14000.57,0.050479,0.002644,0.002769,0.019401,0.075292,0.004519,4,40255,58775,184400,739,0,0,0,1287,0,0,0,0,0,0,0,0,0,0,0,0,0,0,0,0,0,0,0,9688663813771722455,9688663813771722455,9688663813771722455,9644999340618094099,9644999340618094099,9644999340618094099,0,0,0,0,0,0,0,0,0,0,0
370,5,500,8,10,0.050145,9971.07,0.023801,21007.88,0.019576,25541.86,0.018732,26692.72,0.023855,20959.93,0.020358,24560.77,0.035583,14051.71,0.050117,0.002835,0.002774,0.020358,0.076083,0.004454,4,40270,58775,184400,754,0,0,0,1366,0,0,0,0,0,0,0,0,0,0,0,0,0,0,0,0,0,0,0,12333467033347906114,12333467033347906114,12333467033347906114,14693632945513703491,14693632945513703491,14693632945513703491,0,0,0,0,0,0,0,0,0,0,0
371,5,500,8,10,0.051022,9799.73,0.023544,21237.08,0.019251,25972.56,0.018316,27298.08,0.023799,21009.35,0.019360,25825.85,0.035726,13995.40,0.050191,0.002598,0.002724,0.019360,0.074874,0.004460,4,40270,58785,184400,750,0,0,0,1280,0,0,0,0,0,0,0,0,0,0,0,0,0,0,0,0,0,0,0,4644110029081942344,4644110029081942344,4644110029081942344,2957371348157467686,2957371348157467686,2957371348157467686,0,0,0,0,0,0,0,0,0,0,0
372,5,500,8,10,0.050401,9920.53,0.023556,21225.77,0.019188,26058.56,0.018262,27379.91,0.023796,21012.14,0.020144,24821.14,0.035970,13900.45,0.050096,0.002973,0.002737,0.020144,0.075950,0.004476,4,40280,58790,184400,715,0,0,0,1235,0,0,0,0,0,0,0,0,0,0,0,0,0,0,0,0,0,0,0,1132591087548899013,1132591087548899013,1132591087548899013,3677451204666882125,3677451204666882125,3677451204666882125,0,0,0,0,0,0,0,0,0,0,0
373,5,500,8,10,0.050132,9973.76,0.023492,21283.52,0.021260,23518.63,0.020622,24245.55,0.023922,20901.57,0.020335,24588.12,0.035789,13970.82,0.050534,0.002654,0.003507,0.020335,0.077030,0.004550,3,40270,58780,184400,710,0,0,0,1284,0,0,0,0,0,0,0,0,0,0,0,0,0,0,0,0,0,0,0,16931038553005237723,16931038553005237723,16931038553005237723,1471233640497822483,1471233640497822483,1471233640497822483,0,0,0,0,0,0,0,0,0,0,0
374,5,500,8,10,0.050728,9856.56,0.023501,21275.78,0.019909,25114.30,0.019138,26126.64,0.023721,21078.03,0.020380,24533.52,0.035962,13903.56,0.050438,0.002466,0.002823,0.020380,0.076107,0.004475,4,40260,58775,184400,762,0,0,0,1441,0,0,0,0,0,0,0,0,0,0,0,0,0,0,0,0,0,0,0,9972176497697202560,9972176497697202560,9972176497697202560,12489625244064105037,12489625244064105037,12489625244064105037,0,0,0,0,0,0,0,0,0,0,0
375,5,500,8,10,0.050537,9893.83,0.023582,21203.02,0.018570,26925.56,0.018431,27127.65,0.023667,21126.19,0.019381,25798.69,0.036118,13843.63,0.050512,0.002472,0.002842,0.019381,0.075206,0.004433,4,40300,58805,184400,699,0,0,0,1026,0,0,0,0,0,0,0,0,0,0,0,0,0,0,0,0,0,0,0,16188892528379084312,16188892528379084312,16188892528379084312,374451349337754936,374451349337754936,374451349337754936,0,0,0,0,0,0,0,0,0,0,0
376,5,500,8,10,0.050500,9900.96,0.023755,21048.16,0.021968,22759.95,0.021570,23180.85,0.023692,21104.53,0.019638,25461.48,0.035391,14127.86,0.050298,0.002565,0.002785,0.019638,0.075286,0.004735,4,40245,58765,184400,700,0,0,0,1273,0,0,0,0,0,0,0,0,0,0,0,0,0,0,0,0,0,0,0,16218628542723712840,16218628542723712840,16218628542723712840,9914247910704462538,9914247910704462538,9914247910704462538,0,0,0,0,0,0,0,0,0,0,0
377,5,500,8,10,0.050144,9971.20,0.023442,21329.18,0.021404,23359.77,0.020810,24027.11,0.023959,20869.32,0.020660,24201.65,0.035882,13934.39,0.050349,0.002566,0.002737,0.020660,0.076312,0.004482,4,40275,58790,184400,780,0,0,0,1354,0,0,0,0,0,0,0,0,0,0,0,0,0,0,0,0,0,0,0,11259550529260923453,11259550529260923453,11259550529260923453,14411635707093741736,14411635707093741736,14411635707093741736,0,0,0,0,0,0,0,0,0,0,0
378,5,500,8,10,0.050129,9974.34,0.023859,20956.54,0.018647,26814.58,0.018386,27194.12,0.024033,20804.53,0.019444,25714.29,0.035743,13988.57,0.050293,0.002655,0.002766,0.019444,0.075158,0.004431,4,40305,58790,184400,853,0,0,0,1079,0,0,0,0,0,0,0,0,0,0,0,0,0,0,0,0,0,0,0,14255802641033395861,14255802641033395861,14255802641033395861,14995287314462858241,14995287314462858241,14995287314462858241,0,0,0,0,0,0,0,0,0,0,0
379,5,500,8,10,0.050217,9956.75,0.023874,20943.30,0.020073,24909.29,0.019552,25573.28,0.023995,20837.95,0.019478,25669.94,0.036037,13874.47,0.050189,0.002607,0.002762,0.019478,0.075035,0.004573,4,40244,58764,184400,809,0,0,0,1257,0,0,0,0,0,0,0,0,0,0,0,0,0,0,0,0,0,0,0,10771847864894834144,10771847864894834144,10771847864894834144,17108289440227461116,17108289440227461116,17108289440227461116,0,0,0,0,0,0,0,0,0,0,0
380,5,500,8,10,0.050386,9923.38,0.023701,21095.92,0.019915,25106.31,0.019543,25584.33,0.023590,21195.59,0.020580,24295.95,0.035983,13895.59,0.050043,0.002744,0.002801,0.020580,0.076168,0.004465,4,40290,58805,184400,782,0,0,0,1283,0,0,0,0,0,0,0,0,0,0,0,0,0,0,0,0,0,0,0,8357519739210546149,8357519739210546149,8357519739210546149,18191596848277727512,18191596848277727512,18191596848277727512,0,0,0,0,0,0,0,0,0,0,0
381,5,500,8,10,0.050292,9941.84,0.023730,21070.19,0.021065,23735.91,0.020269,24667.64,0.023904,20916.84,0.019226,26007.09,0.036129,13839.48,0.050412,0.002766,0.003471,0.019226,0.075874,0.004509,3,40285,58780,184400,821,0,0,0,1322,0,0,0,0,0,0,0,0,0,0,0,0,0,0,0,0,0,0,0,13654657625038341197,13654657625038341197,13654657625038341197,2477052764046003632,2477052764046003632,2477052764046003632,0,0,0,0,0,0,0,0,0,0,0
382,5,500,8,10,0.050300,9940.29,0.023785,21021.54,0.018684,26760.25,0.018262,27379.91,0.023873,20944.32,0.019678,25409.70,0.036130,13838.96,0.050315,0.002561,0.002760,0.019678,0.075313,0.004520,4,40310,58810,184400,760,0,0,0,1158,0,0,0,0,0,0,0,0,0,0,0,0,0,0,0,0,0,0,0,15533626204161500968,15533626204161500968,15533626204161500968,12773088824537640021,12773088824537640021,12773088824537640021,0,0,0,0,0,0,0,0,0,0,0
383,5,500,8,10,0.050747,9852.79,0.023764,21040.09,0.018670,26781.52,0.018275,27360.44,0.023794,21013.67,0.019472,25678.15,0.035737,13991.13,0.050583,0.002451,0.002829,0.019472,0.075335,0.004447,4,40260,58780,184400,696,0,0,0,1291,0,0,0,0,0,0,0,0,0,0,0,0,0,0,0,0,0,0,0,9504360740931276722,9504360740931276722,9504360740931276722,8183904244451879088,8183904244451879088,8183904244451879088,0,0,0,0,0,0,0,0,0,0,0
384,5,500,8,10,0.051005,9802.90,0.023728,21072.59,0.018883,26479.13,0.018280,27352.65,0.023698,21099.02,0.019371,25811.59,0.035549,14064.95,0.050348,0.002542,0.002741,0.019371,0.075002,0.004478,4,40300,58800,184400,743,0,0,0,1116,0,0,0,0,0,0,0,0,0,0,0,0,0,0,0,0,0,0,0,9864883116275446599,9864883116275446599,9864883116275446599,6821354022708734068,6821354022708734068,6821354022708734068,0,0,0,0,0,0,0,0,0,0,0
385,5,500,8,10,0.051120,9781.00,0.023709,21088.74,0.021850,22883.80,0.020808,24029.55,0.023748,21054.61,0.019293,25916.41,0.035973,13899.46,0.050511,0.002450,0.002771,0.019293,0.075024,0.004585,4,40289,58779,184400,794,0,0,0,1325,0,0,0,0,0,0,0,0,0,0,0,0,0,0,0,0,0,0,0,5257142193539691852,5257142193539691852,5257142193539691852,12749632802729522852,12749632802729522852,12749632802729522852,0,0,0,0,0,0,0,0,0,0,0
386,5,500,8,10,0.050618,9877.89,0.023668,21125.57,0.019454,25701.13,0.018546,26959.57,0.023769,21035.81,0.019003,26311.42,0.035954,13906.56,0.050547,0.002406,0.003609,0.019003,0.075565,0.004460,3,40249,58769,184400,813,0,0,0,1279,0,0,0,0,0,0,0,0,0,0,0,0,0,0,0,0,0,0,0,16706891023882599202,16706891023882599202,16706891023882599202,16800367836421546317,16800367836421546317,16800367836421546317,0,0,0,0,0,0,0,0,0,0,0
387,5,500,8,10,0.051097,9785.30,0.023572,21211.55,0.020727,24122.86,0.020124,24845.75,0.023761,21043.19,0.019367,25817.01,0.035777,13975.33,0.050698,0.002219,0.002802,0.019367,0.075086,0.004548,4,40300,58805,184400,872,0,0,0,1429,0,0,0,0,0,0,0,0,0,0,0,0,0,0,0,0,0,0,0,12517591749094355748,12517591749094355748,12517591749094355748,11722927728499350449,11722927728499350449,11722927728499350449,0,0,0,0,0,0,0,0,0,0,0
388,5,500,8,10,0.050373,9925.94,0.023779,21026.83,0.020200,24752.70,0.019288,25923.33,0.023991,20841.29,0.022909,21825.61,0.035826,13956.15,0.050632,0.002475,0.002781,0.022909,0.078797,0.004572,4,40250,58770,184400,847,0,0,0,1502,0,0,0,0,0,0,0,0,0,0,0,0,0,0,0,0,0,0,0,5999334650080229368,5999334650080229368,5999334650080229368,14253416788950928949,14253416788950928949,14253416788950928949,0,0,0,0,0,0,0,0,0,0,0
389,5,500,8,10,0.050105,9979.13,0.023871,20946.26,0.018960,26371.90,0.018451,27099.23,0.023796,21012.27,0.020806,24032.07,0.035596,14046.65,0.050149,0.002674,0.002763,0.020806,0.076392,0.004466,4,40300,58800,184400,748,0,0,0,1177,0,0,0,0,0,0,0,0,0,0,0,0,0,0,0,0,0,0,0,10567649601831923397,10567649601831923397,10567649601831923397,16382527460920046707,16382527460920046707,16382527460920046707,0,0,0,0,0,0,0,0,0,0,0
390,5,500,8,10,0.050316,9937.28,0.023341,21421.57,0.018319,27293.39,0.018339,27263.70,0.023727,21073.25,0.018891,26467.15,0.035903,13926.25,0.050398,0.002238,0.003442,0.018891,0.074969,0.004524,3,40350,58860,184400,766,0,0,0,1086,0,0,0,0,0,0,0,0,0,0,0,0,0,0,0,0,0,0,0,7021306798809973626,7021306798809973626,7021306798809973626,1389410715079645226,1389410715079645226,1389410715079645226,0,0,0,0,0,0,0,0,0,0,0
391,5,500,8,10,0.050495,9901.93,0.023409,21358.97,0.021622,23124.60,0.021188,23598.52,0.023854,20960.69,0.020824,24010.54,0.035281,14171.89,0.050209,0.002558,0.002780,0.020824,0.076370,0.004488,4,40250,58765,184400,717,0,0,0,1261,0,0,0,0,0,0,0,0,0,0,0,0,0,0,0,0,0,0,0,18117810124167609716,18117810124167609716,18117810124167609716,2414154662535117302,2414154662535117302,2414154662535117302,0,0,0,0,0,0,0,0,0,0,0
392,5,500,8,10,0.050476,9905.78,0.023630,21159.10,0.022756,21972.06,0.021958,22770.59,0.024076,20767.70,0.019363,25823.01,0.035434,14110.73,0.050370,0.002623,0.002774,0.019363,0.075131,0.004451,4,40285,58790,184400,789,0,0,0,1212,0,0,0,0,0,0,0,0,0,0,0,0,0,0,0,0,0,0,0,4425307523401755201,4425307523401755201,4425307523401755201,7486310512492435771,7486310512492435771,7486310512492435771,0,0,0,0,0,0,0,0,0,0,0
393,5,500,8,10,0.050308,9938.82,0.023634,21156.29,0.018786,26615.30,0.018428,27133.17,0.024232,20633.60,0.019790,25265.15,0.035631,14032.60,0.050337,0.002577,0.002845,0.019790,0.075549,0.004516,4,40255,58775,184400,757,0,0,0,1059,0,0,0,0,0,0,0,0,0,0,0,0,0,0,0,0,0,0,0,17115499811414380807,17115499811414380807,17115499811414380807,16415304806268262855,16415304806268262855,16415304806268262855,0,0,0,0,0,0,0,0,0,0,0
394,5,500,8,10,0.050142,9971.76,0.023751,21051.72,0.019844,25196.06,0.019115,26157.80,0.023869,20947.62,0.019292,25916.87,0.035551,14064.31,0.050210,0.002513,0.003409,0.019292,0.075424,0.004473,3,40265,58790,184400,730,0,0,0,1382,0,0,0,0,0,0,0,0,0,0,0,0,0,0,0,0,0,0,0,2618988895904024517,2618988895904024517,2618988895904024517,4607629060318295211,4607629060318295211,4607629060318295211,0,0,0,0,0,0,0,0,0,0,0
395,5,500,8,10,0.050376,9925.40,0.023676,21118.29,0.021047,23756.15,0.020733,24115.61,0.023938,20887.24,0.021279,23496.94,0.035742,13989.09,0.050459,0.002403,0.002757,0.021279,0.076898,0.004497,4,40300,58805,184400,727,0,0,0,1178,0,0,0,0,0,0,0,0,0,0,0,0,0,0,0,0,0,0,0,3142684193327664244,3142684193327664244,3142684193327664244,8496281910952422497,8496281910952422497,8496281910952422497,0,0,0,0,0,0,0,0,0,0,0
396,5,500,8,10,0.050196,9960.99,0.023780,21026.47,0.019594,25518.62,0.019197,26046.11,0.023904,20916.84,0.021001,23808.55,0.035834,13953.40,0.050226,0.002525,0.002781,0.021001,0.076533,0.004474,4,40290,58795,184400,797,0,0,0,1200,0,0,0,0,0,0,0,0,0,0,0,0,0,0,0,0,0,0,0,5983357210918769903,5983357210918769903,5983357210918769903,13902964886291043683,13902964886291043683,13902964886291043683,0,0,0,0,0,0,0,0,0,0,0
397,5,500,8,10,0.050396,9921.50,0.023624,21165.31,0.018776,26629.68,0.018476,27061.55,0.023822,20988.78,0.020393,24518.17,0.035870,13939.19,0.050643,0.002546,0.002801,0.020393,0.076384,0.004524,4,40265,58780,184400,738,0,0,0,1255,0,0,0,0,0,0,0,0,0,0,0,0,0,0,0,0,0,0,0,18170149803113583831,18170149803113583831,18170149803113583831,1840602907173321760,1840602907173321760,1840602907173321760,0,0,0,0,0,0,0,0,0,0,0
398,5,500,8,10,0.050317,9937.02,0.023413,21355.61,0.020196,24757.28,0.019933,25083.57,0.023896,20924.34,0.021090,23707.81,0.035975,13898.48,0.050766,0.002368,0.002861,0.021090,0.077085,0.004510,4,40280,58790,184400,758,0,0,0,1179,0,0,0,0,0,0,0,0,0,0,0,0,0,0,0,0,0,0,0,5156777934490206524,5156777934490206524,5156777934490206524,803995166119965315,803995166119965315,803995166119965315,0,0,0,0,0,0,0,0,0,0,0
399,5,500,8,10,0.050432,9914.32,0.023764,21040.64,0.020093,24884.66,0.019583,25531.79,0.023783,21023.06,0.019752,25313.97,0.035904,13926.08,0.050490,0.002651,0.002825,0.019752,0.075717,0.004520,4,40249,58769,184400,788,0,0,0,1275,0,0,0,0,0,0,0,0,0,0,0,0,0,0,0,0,0,0,0,2398425138075890744,2398425138075890744,2398425138075890744,4651681804954909107,4651681804954909107,4651681804954909107,0,0,0,0,0,0,0,0,0,0,0
400,5,500,8,10,0.050457,9909.42,0.023526,21252.80,0.018497,27031.41,0.018430,27129.68,0.023863,20953.20,0.020798,24041.00,0.035834,13953.33,0.050653,0.002215,0.002849,0.020798,0.076515,0.004488,4,40260,58770,184400,699,0,0,0,1305,0,0,0,0,0,0,0,0,0,0,0,0,0,0,0,0,0,0,0,17956649618027690561,17956649618027690561,17956649618027690561,10004083026822933810,10004083026822933810,10004083026822933810,0,0,0,0,0,0,0,0,0,0,0
401,5,500,8,10,0.050300,9940.40,0.023675,21119.47,0.019883,25147.46,0.019467,25684.52,0.023831,20981.21,0.019432,25730.88,0.035758,13982.83,0.050691,0.002066,0.002776,0.019432,0.074965,0.004509,4,40300,58825,184400,758,0,0,0,1200,0,0,0,0,0,0,0,0,0,0,0,0,0,0,0,0,0,0,0,4095789320605924425,4095789320605924425,4095789320605924425,16367643428750606441,16367643428750606441,16367643428750606441,0,0,0,0,0,0,0,0,0,0,0
402,5,500,8,10,0.050299,9940.63,0.023592,21193.92,0.018737,26685.17,0.018303,27318.34,0.023849,20965.40,0.019478,25670.39,0.035752,13985.05,0.050403,0.002338,0.002781,0.019478,0.075000,0.004464,4,40350,58855,184400,770,0,0,0,1170,0,0,0,0,0,0,0,0,0,0,0,0,0,0,0,0,0,0,0,12940981406312560504,12940981406312560504,12940981406312560504,16095352720433338988,16095352720433338988,16095352720433338988,0,0,0,0,0,0,0,0,0,0,0
403,5,500,8,10,0.050372,9926.12,0.023540,21240.84,0.018976,26349.63,0.018344,27256.94,0.023865,20951.59,0.019573,25545.73,0.035860,13943.19,0.050248,0.002737,0.002772,0.019573,0.075329,0.004569,4,40305,58800,184400,763,0,0,0,1271,0,0,0,0,0,0,0,0,0,0,0,0,0,0,0,0,0,0,0,7144285438467678484,7144285438467678484,7144285438467678484,14568537165085214270,14568537165085214270,14568537165085214270,0,0,0,0,0,0,0,0,0,0,0
404,5,500,8,10,0.050146,9970.82,0.023597,21189.31,0.020077,24903.96,0.019377,25803.44,0.023897,20923.14,0.019253,25969.72,0.035981,13896.19,0.050652,0.002578,0.002780,0.019253,0.075263,0.004531,4,40245,58765,184400,689,0,0,0,1266,0,0,0,0,0,0,0,0,0,0,0,0,0,0,0,0,0,0,0,16583116799671023285,16583116799671023285,16583116799671023285,8746274744462565164,8746274744462565164,8746274744462565164,0,0,0,0,0,0,0,0,0,0,0
405,5,500,8,10,0.050306,9939.23,0.023669,21124.27,0.019580,25536.30,0.018535,26976.42,0.023711,21087.35,0.019371,25811.97,0.035661,14020.91,0.050678,0.002088,0.002769,0.019371,0.074905,0.004509,4,40305,58825,184400,807,0,0,0,1253,0,0,0,0,0,0,0,0,0,0,0,0,0,0,0,0,0,0,0,5590385016993412286,5590385016993412286,5590385016993412286,16566335782241575578,16566335782241575578,16566335782241575578,0,0,0,0,0,0,0,0,0,0,0
406,5,500,8,10,0.050237,9952.77,0.023545,21236.36,0.019028,26277.02,0.018505,27019.55,0.023883,20935.54,0.019948,25065.60,0.035789,13970.86,0.050314,0.002522,0.002793,0.019948,0.075576,0.004516,4,40250,58765,184400,763,0,0,0,1273,0,0,0,0,0,0,0,0,0,0,0,0,0,0,0,0,0,0,0,11431686232294320776,11431686232294320776,11431686232294320776,2687856826617135430,2687856826617135430,2687856826617135430,0,0,0,0,0,0,0,0,0,0,0
407,5,500,8,10,0.050357,9929.08,0.023624,21164.79,0.018833,26548.94,0.018251,27395.60,0.023673,21120.81,0.019496,25646.77,0.035854,13945.44,0.050323,0.002723,0.002788,0.019496,0.075330,0.004564,4,40255,58765,184400,754,0,0,0,1264,0,0,0,0,0,0,0,0,0,0,0,0,0,0,0,0,0,0,0,3580952038865845529,3580952038865845529,3580952038865845529,4455871514092847258,4455871514092847258,4455871514092847258,0,0,0,0,0,0,0,0,0,0,0
408,5,500,8,10,0.050622,9877.14,0.023248,21507.56,0.021972,22756.03,0.021540,23212.32,0.023565,21217.93,0.019307,25896.81,0.035780,13974.41,0.050713,0.002546,0.002823,0.019307,0.075389,0.004510,4,40270,58785,184400,735,0,0,0,1381,0,0,0,0,0,0,0,0,0,0,0,0,0,0,0,0,0,0,0,17455667449831233114,17455667449831233114,17455667449831233114,2141457619519921460,2141457619519921460,2141457619519921460,0,0,0,0,0,0,0,0,0,0,0
409,5,500,8,10,0.050927,9817.91,0.023476,21298.36,0.020695,24160.96,0.020296,24635.86,0.023629,21160.00,0.022040,22685.51,0.036192,13815.06,0.050794,0.002694,0.002850,0.022040,0.078378,0.004499,4,40285,58800,184400,785,0,0,0,1305,0,0,0,0,0,0,0,0,0,0,0,0,0,0,0,0,0,0,0,2190234491962325714,2190234491962325714,2190234491962325714,17099539238413419672,17099539238413419672,17099539238413419672,0,0,0,0,0,0,0,0,0,0,0
410,5,500,8,10,0.050331,9934.15,0.023658,21134.44,0.018783,26620.45,0.018174,27512.02,0.023744,21057.87,0.019507,25631.26,0.035791,13969.94,0.050568,0.002398,0.002743,0.019507,0.075217,0.004498,4,40280,58795,184400,750,0,0,0,1140,0,0,0,0,0,0,0,0,0,0,0,0,0,0,0,0,0,0,0,14356675171655625258,14356675171655625258,14356675171655625258,2908331674874108754,2908331674874108754,2908331674874108754,0,0,0,0,0,0,0,0,0,0,0
411,5,500,8,10,0.050434,9913.88,0.023690,21106.03,0.020583,24292.15,0.019883,25147.04,0.023756,21047.01,0.019470,25681.01,0.035715,13999.87,0.050525,0.002197,0.002767,0.019470,0.074959,0.004475,4,40279,58774,184400,742,0,0,0,1432,0,0,0,0,0,0,0,0,0,0,0,0,0,0,0,0,0,0,0,131874608060570565,131874608060570565,131874608060570565,10487561093220506590,10487561093220506590,10487561093220506590,0,0,0,0,0,0,0,0,0,0,0
412,5,500,8,10,0.050392,9922.28,0.023579,21205.59,0.021895,22836.11,0.021205,23579.66,0.023896,20923.95,0.020898,23925.20,0.035579,14053.33,0.050603,0.002338,0.002772,0.020898,0.076611,0.004506,4,40270,58795,184400,778,0,0,0,1148,0,0,0,0,0,0,0,0,0,0,0,0,0,0,0,0,0,0,0,11780856210293441867,11780856210293441867,11780856210293441867,8544335583454611962,8544335583454611962,8544335583454611962,0,0,0,0,0,0,0,0,0,0,0
413,5,500,8,10,0.050798,9842.94,0.023484,21291.31,0.018668,26783.61,0.018237,27417.01,0.023802,21006.97,0.019319,25881.00,0.035587,14050.05,0.050287,0.002755,0.002811,0.019319,0.075172,0.004501,4,40295,58815,184400,770,0,0,0,1173,0,0,0,0,0,0,0,0,0,0,0,0,0,0,0,0,0,0,0,18070972574723772477,18070972574723772477,18070972574723772477,12701936687235681270,12701936687235681270,12701936687235681270,0,0,0,0,0,0,0,0,0,0,0
414,5,500,8,10,0.050599,9881.61,0.023772,21032.99,0.019482,25664.70,0.018899,26455.78,0.024068,20774.28,0.019262,25957.64,0.035607,14042.37,0.050301,0.002471,0.003509,0.019262,0.075543,0.004517,3,40260,58765,184400,820,0,0,0,1307,0,0,0,0,0,0,0,0,0,0,0,0,0,0,0,0,0,0,0,3887598383858292262,3887598383858292262,3887598383858292262,14318025028703578706,14318025028703578706,14318025028703578706,0,0,0,0,0,0,0,0,0,0,0
415,5,500,8,10,0.050413,9918.10,0.023743,21058.73,0.018876,26488.28,0.018325,27285.34,0.023671,21122.94,0.019379,25800.58,0.035924,13918.36,0.050665,0.002395,0.002782,0.019379,0.075222,0.004545,4,40280,58800,184400,757,0,0,0,1498,0,0,0,0,0,0,0,0,0,0,0,0,0,0,0,0,0,0,0,1979766081573922392,1979766081573922392,1979766081573922392,1870473673589148878,1870473673589148878,1870473673589148878,0,0,0,0,0,0,0,0,0,0,0
416,5,500,8,10,0.050517,9897.69,0.023340,21422.44,0.018726,26700.65,0.018178,27505.67,0.023693,21103.63,0.019269,25948.73,0.035555,14062.74,0.050749,0.002541,0.002793,0.019269,0.075352,0.004517,4,40315,58815,184400,768,0,0,0,1113,0,0,0,0,0,0,0,0,0,0,0,0,0,0,0,0,0,0,0,905893785695806420,905893785695806420,905893785695806420,10153514364950828560,10153514364950828560,10153514364950828560,0,0,0,0,0,0,0,0,0,0,0
417,5,500,8,10,0.050384,9923.87,0.023673,21121.34,0.020093,24884.86,0.019486,25659.44,0.023889,20929.73,0.019495,25646.96,0.035645,14027.29,0.050541,0.002263,0.002766,0.019495,0.075065,0.004464,4,40310,58820,184400,792,0,0,0,1387,0,0,0,0,0,0,0,0,0,0,0,0,0,0,0,0,0,0,0,1502586631061591201,1502586631061591201,1502586631061591201,15278500253967299905,15278500253967299905,15278500253967299905,0,0,0,0,0,0,0,0,0,0,0
418,5,500,8,10,0.050056,9988.77,0.023726,21073.60,0.018745,26673.61,0.018410,27159.68,0.023918,20904.77,0.019547,25579.14,0.035139,14229.20,0.050203,0.002707,0.002803,0.019547,0.075261,0.004512,4,40285,58800,184400,761,0,0,0,1190,0,0,0,0,0,0,0,0,0,0,0,0,0,0,0,0,0,0,0,16215647238509009740,16215647238509009740,16215647238509009740,10920168059733003483,10920168059733003483,10920168059733003483,0,0,0,0,0,0,0,0,0,0,0
419,5,500,8,10,0.050227,9954.77,0.023400,21367.58,0.018589,26897.09,0.018228,27429.64,0.023700,21096.83,0.019270,25946.57,0.035048,14266.06,0.050135,0.002785,0.002815,0.019270,0.075005,0.004503,4,40270,58775,184400,750,0,0,0,1228,0,0,0,0,0,0,0,0,0,0,0,0,0,0,0,0,0,0,0,12553650877018335649,12553650877018335649,12553650877018335649,66807407512261582,66807407512261582,66807407512261582,0,0,0,0,0,0,0,0,0,0,0
420,5,500,8,10,0.051070,9790.40,0.023526,21252.81,0.021538,23215.22,0.021104,23692.68,0.023788,21019.40,0.019471,25679.26,0.035714,14000.13,0.050931,0.002260,0.002882,0.019471,0.075544,0.004560,4,40315,58805,184400,753,0,0,0,1308,0,0,0,0,0,0,0,0,0,0,0,0,0,0,0,0,0,0,0,1245934334293753295,1245934334293753295,1245934334293753295,16787652986939278208,16787652986939278208,16787652986939278208,0,0,0,0,0,0,0,0,0,0,0
421,5,500,8,10,0.050870,9828.89,0.023465,21308.46,0.018814,26575.74,0.018246,27403.17,0.023852,20962.30,0.019559,25563.63,0.035524,14074.89,0.050657,0.002751,0.002804,0.019559,0.075771,0.004546,4,40310,58815,184400,758,0,0,0,1080,0,0,0,0,0,0,0,0,0,0,0,0,0,0,0,0,0,0,0,8744645200896267811,8744645200896267811,8744645200896267811,13244928548089144392,13244928548089144392,13244928548089144392,0,0,0,0,0,0,0,0,0,0,0
422,5,500,8,10,0.051054,9793.61,0.023687,21108.85,0.019486,25659.74,0.018878,26486.10,0.023581,21203.75,0.019486,25659.84,0.035562,14060.14,0.050861,0.002621,0.002833,0.019486,0.075801,0.004465,4,40270,58780,184400,762,0,0,0,1471,0,0,0,0,0,0,0,0,0,0,0,0,0,0,0,0,0,0,0,13483264577704263852,13483264577704263852,13483264577704263852,4861561968343111827,4861561968343111827,4861561968343111827,0,0,0,0,0,0,0,0,0,0,0
423,5,500,8,10,0.050323,9935.89,0.023573,21210.37,0.018674,26774.55,0.018396,27180.11,0.024105,20742.71,0.021197,23587.83,0.035594,14047.31,0.050383,0.002538,0.002892,0.021197,0.077010,0.004422,4,40325,58805,184400,746,0,0,0,1092,0,0,0,0,0,0,0,0,0,0,0,0,0,0,0,0,0,0,0,277804979933902186,277804979933902186,277804979933902186,6969166918534184520,6969166918534184520,6969166918534184520,0,0,0,0,0,0,0,0,0,0,0
424,5,500,8,10,0.050621,9877.25,0.023510,21267.35,0.018413,27155.24,0.018263,27378.34,0.023929,20895.43,0.019380,25799.52,0.035785,13972.44,0.050425,0.002399,0.002933,0.019380,0.075137,0.004461,4,40275,58770,184400,729,0,0,0,1140,0,0,0,0,0,0,0,0,0,0,0,0,0,0,0,0,0,0,0,14103212312668401260,14103212312668401260,14103212312668401260,7654996375922972772,7654996375922972772,7654996375922972772,0,0,0,0,0,0,0,0,0,0,0
425,5,500,8,10,0.050379,9924.83,0.023656,21135.99,0.018561,26938.71,0.018314,27301.67,0.023878,20939.57,0.019011,26300.93,0.035953,13906.95,0.050151,0.002658,0.003598,0.019011,0.075417,0.004518,3,40280,58800,184400,782,0,0,0,1348,0,0,0,0,0,0,0,0,0,0,0,0,0,0,0,0,0,0,0,3493544966413316182,3493544966413316182,3493544966413316182,1727533653693837914,1727533653693837914,1727533653693837914,0,0,0,0,0,0,0,0,0,0,0
426,5,500,8,10,0.050482,9904.59,0.023659,21133.18,0.021145,23645.91,0.020736,24113.04,0.024157,20697.94,0.021634,23112.14,0.035853,13945.66,0.050229,0.002731,0.002865,0.021634,0.077459,0.004437,4,40315,58820,184400,699,0,0,0,1356,0,0,0,0,0,0,0,0,0,0,0,0,0,0,0,0,0,0,0,1528632431141667546,1528632431141667546,1528632431141667546,13540841335160296326,13540841335160296326,13540841335160296326,0,0,0,0,0,0,0,0,0,0,0
427,5,500,8,10,0.050705,9861.00,0.023703,21093.97,0.018936,26404.78,0.018438,27117.71,0.023800,21008.82,0.021068,23732.44,0.035733,13992.86,0.050478,0.002538,0.002954,0.021068,0.077038,0.004479,4,40224,58739,184400,759,0,0,0,1310,0,0,0,0,0,0,0,0,0,0,0,0,0,0,0,0,0,0,0,2923024085372070063,2923024085372070063,2923024085372070063,16664916630305446589,16664916630305446589,16664916630305446589,0,0,0,0,0,0,0,0,0,0,0
428,5,500,8,10,0.050220,9956.23,0.024007,20827.24,0.018537,26973.01,0.018143,27559.14,0.024016,20819.14,0.021021,23785.85,0.035726,13995.56,0.050295,0.002794,0.002922,0.021021,0.077032,0.004492,4,40300,58815,184400,736,0,0,0,1072,0,0,0,0,0,0,0,0,0,0,0,0,0,0,0,0,0,0,0,32999876882821516,32999876882821516,32999876882821516,3497435079046156154,3497435079046156154,3497435079046156154,0,0,0,0,0,0,0,0,0,0,0
429,5,500,8,10,0.050329,9934.59,0.023657,21135.21,0.021219,23563.70,0.020951,23864.90,0.023806,21002.97,0.019419,25747.35,0.035780,13974.48,0.050355,0.002529,0.002944,0.019419,0.075248,0.004531,4,40290,58815,184400,741,0,0,0,1394,0,0,0,0,0,0,0,0,0,0,0,0,0,0,0,0,0,0,0,4852172488595998445,4852172488595998445,4852172488595998445,4983170927840997929,4983170927840997929,4983170927840997929,0,0,0,0,0,0,0,0,0,0,0
430,5,500,8,10,0.051397,9728.28,0.023371,21393.77,0.018631,26837.43,0.018353,27243.37,0.023854,20961.25,0.019335,25860.37,0.035741,13989.42,0.050733,0.002615,0.002807,0.019335,0.075490,0.004507,4,40320,58815,184400,718,0,0,0,1294,0,0,0,0,0,0,0,0,0,0,0,0,0,0,0,0,0,0,0,9760017810895677425,9760017810895677425,9760017810895677425,710267940857383325,710267940857383325,710267940857383325,0,0,0,0,0,0,0,0,0,0,0
431,5,500,8,10,0.050977,9808.37,0.023510,21267.63,0.021463,23295.69,0.020931,23888.00,0.023796,21011.96,0.019355,25833.70,0.035596,14046.71,0.050744,0.002787,0.002798,0.019355,0.075684,0.004590,4,40254,58779,184400,713,0,0,0,1245,0,0,0,0,0,0,0,0,0,0,0,0,0,0,0,0,0,0,0,13020044380769594436,13020044380769594436,13020044380769594436,5863086284685339532,5863086284685339532,5863086284685339532,0,0,0,0,0,0,0,0,0,0,0
432,5,500,8,10,0.050365,9927.48,0.023667,21126.05,0.019227,26004.98,0.018799,26597.46,0.023925,20898.57,0.019922,25097.67,0.035633,14031.92,0.050484,0.002364,0.002819,0.019922,0.075589,0.004466,4,40295,58810,184400,724,0,0,0,1277,0,0,0,0,0,0,0,0,0,0,0,0,0,0,0,0,0,0,0,8281617774399326096,8281617774399326096,8281617774399326096,737399827275328488,737399827275328488,737399827275328488,0,0,0,0,0,0,0,0,0,0,0
433,5,500,8,10,0.050776,9847.09,0.023466,21307.33,0.021044,23759.33,0.020470,24425.61,0.023831,20981.02,0.020295,24636.71,0.035475,14094.56,0.050398,0.002345,0.002778,0.020295,0.075816,0.004516,4,40245,58760,184400,821,0,0,0,1354,0,0,0,0,0,0,0,0,0,0,0,0,0,0,0,0,0,0,0,13813240279079952929,13813240279079952929,13813240279079952929,10366954862463095612,10366954862463095612,10366954862463095612,0,0,0,0,0,0,0,0,0,0,0
434,5,500,8,10,0.050237,9952.82,0.023570,21213.65,0.018992,26327.45,0.018191,27485.92,0.023866,20949.96,0.019457,25697.10,0.035852,13946.06,0.050288,0.002783,0.002853,0.019457,0.075382,0.004521,4,40290,58800,184400,799,0,0,0,1187,0,0,0,0,0,0,0,0,0,0,0,0,0,0,0,0,0,0,0,5150409534315695792,5150409534315695792,5150409534315695792,10116728303871812681,10116728303871812681,10116728303871812681,0,0,0,0,0,0,0,0,0,0,0
435,5,500,8,10,0.050610,9879.50,0.023697,21100.11,0.019746,25322.20,0.019163,26092.27,0.023664,21129.35,0.019389,25787.31,0.035406,14121.92,0.050006,0.002828,0.002759,0.019389,0.074982,0.004515,4,40275,58785,184400,755,0,0,0,1310,0,0,0,0,0,0,0,0,0,0,0,0,0,0,0,0,0,0,0,2739199003021269024,2739199003021269024,2739199003021269024,876237029389057264,876237029389057264,876237029389057264,0,0,0,0,0,0,0,0,0,0,0
436,5,500,8,10,0.050299,9940.48,0.023624,21164.67,0.021188,23597.91,0.021021,23785.90,0.023735,21066.17,0.022795,21934.98,0.035663,14019.95,0.050260,0.002772,0.002749,0.022795,0.078575,0.004551,4,40255,58775,184400,765,0,0,0,1177,0,0,0,0,0,0,0,0,0,0,0,0,0,0,0,0,0,0,0,1168433515005124132,1168433515005124132,1168433515005124132,6924587958759377527,6924587958759377527,6924587958759377527,0,0,0,0,0,0,0,0,0,0,0
437,5,500,8,10,0.050249,9950.35,0.023575,21208.72,0.020755,24090.10,0.020276,24659.88,0.023909,20912.24,0.021283,23492.69,0.035644,14027.67,0.050289,0.002656,0.002756,0.021283,0.076984,0.004456,4,40295,58810,184400,797,0,0,0,1333,0,0,0,0,0,0,0,0,0,0,0,0,0,0,0,0,0,0,0,6168325545744344282,6168325545744344282,6168325545744344282,4090520128339143010,4090520128339143010,4090520128339143010,0,0,0,0,0,0,0,0,0,0,0
438,5,500,8,10,0.050315,9937.46,0.023555,21226.69,0.021798,22937.40,0.021379,23387.48,0.023526,21252.85,0.019329,25867.94,0.035611,14040.53,0.050315,0.002637,0.002783,0.019329,0.075064,0.004487,4,40300,58805,184400,807,0,0,0,1205,0,0,0,0,0,0,0,0,0,0,0,0,0,0,0,0,0,0,0,5641992064856803370,5641992064856803370,5641992064856803370,6050596765089371611,6050596765089371611,6050596765089371611,0,0,0,0,0,0,0,0,0,0,0
439,5,500,8,10,0.050569,9887.47,0.023548,21232.78,0.018820,26566.78,0.018356,27238.80,0.023857,20958.12,0.019295,25913.90,0.035905,13925.62,0.050334,0.002540,0.003440,0.019295,0.075609,0.004449,3,40240,58750,184400,716,0,0,0,1192,0,0,0,0,0,0,0,0,0,0,0,0,0,0,0,0,0,0,0,10047164630987566254,10047164630987566254,10047164630987566254,12102620620829976314,12102620620829976314,12102620620829976314,0,0,0,0,0,0,0,0,0,0,0
440,5,500,8,10,0.050247,9950.87,0.023705,21092.78,0.022095,22629.41,0.021451,23308.45,0.023835,20977.55,0.019581,25535.28,0.035956,13905.87,0.050148,0.002696,0.003551,0.019581,0.075975,0.004540,3,40275,58780,184400,742,0,0,0,1195,0,0,0,0,0,0,0,0,0,0,0,0,0,0,0,0,0,0,0,12753850805308295131,12753850805308295131,12753850805308295131,17332923419813749517,17332923419813749517,17332923419813749517,0,0,0,0,0,0,0,0,0,0,0
441,5,500,8,10,0.050795,9843.39,0.023287,21471.42,0.020516,24371.57,0.019987,25015.78,0.023789,21018.14,0.019845,25194.73,0.035905,13925.62,0.050815,0.002467,0.002829,0.019845,0.075957,0.004534,4,40290,58780,184400,690,0,0,0,1318,0,0,0,0,0,0,0,0,0,0,0,0,0,0,0,0,0,0,0,2608501142733940434,2608501142733940434,2608501142733940434,10175988095554024965,10175988095554024965,10175988095554024965,0,0,0,0,0,0,0,0,0,0,0
442,5,500,8,10,0.050168,9966.55,0.023492,21283.97,0.018831,26551.49,0.018233,27422.47,0.023852,20963.00,0.019412,25756.82,0.035833,13953.65,0.050315,0.002601,0.002786,0.019412,0.075115,0.004505,4,40265,58790,184400,725,0,0,0,1289,0,0,0,0,0,0,0,0,0,0,0,0,0,0,0,0,0,0,0,3723213399850101684,3723213399850101684,3723213399850101684,15658037361140768221,15658037361140768221,15658037361140768221,0,0,0,0,0,0,0,0,0,0,0
443,5,500,8,10,0.050369,9926.75,0.023616,21172.06,0.022498,22224.22,0.021600,23148.62,0.023843,20970.91,0.019196,26046.87,0.035326,14153.72,0.050261,0.002674,0.003478,0.019196,0.075609,0.004440,3,40300,58790,184400,695,0,0,0,1480,0,0,0,0,0,0,0,0,0,0,0,0,0,0,0,0,0,0,0,6050387434721323461,6050387434721323461,6050387434721323461,12867892510915253349,12867892510915253349,12867892510915253349,0,0,0,0,0,0,0,0,0,0,0
444,5,500,8,10,0.050188,9962.63,0.023828,20983.28,0.022307,22414.49,0.021743,22995.72,0.023959,20868.92,0.022868,21864.17,0.035726,13995.28,0.050359,0.002374,0.002811,0.022868,0.078413,0.004503,4,40265,58780,184400,807,0,0,0,1382,0,0,0,0,0,0,0,0,0,0,0,0,0,0,0,0,0,0,0,10840114459122430208,10840114459122430208,10840114459122430208,6085253257573544842,6085253257573544842,6085253257573544842,0,0,0,0,0,0,0,0,0,0,0
445,5,500,8,10,0.051154,9774.33,0.023660,21132.37,0.018914,26435.82,0.018355,27240.74,0.023825,20986.10,0.019135,26129.78,0.035333,14151.18,0.050142,0.002655,0.003447,0.019135,0.075379,0.004537,3,40265,58780,184400,691,0,0,0,1253,0,0,0,0,0,0,0,0,0,0,0,0,0,0,0,0,0,0,0,10820428413182190250,10820428413182190250,10820428413182190250,6418351505456491592,6418351505456491592,6418351505456491592,0,0,0,0,0,0,0,0,0,0,0
446,5,500,8,10,0.050756,9851.14,0.023321,21439.66,0.020500,24389.80,0.020077,24904.15,0.023568,21215.09,0.019358,25828.54,0.035680,14013.40,0.050817,0.002714,0.002823,0.019358,0.075712,0.004508,4,40300,58780,184400,800,0,0,0,1169,0,0,0,0,0,0,0,0,0,0,0,0,0,0,0,0,0,0,0,17041417280752693313,17041417280752693313,17041417280752693313,3406257129489639739,3406257129489639739,3406257129489639739,0,0,0,0,0,0,0,0,0,0,0
447,5,500,8,10,0.050933,9816.89,0.023347,21416.47,0.020164,24796.27,0.019621,25482.61,0.023616,21172.47,0.019149,26110.83,0.035384,14130.54,0.051225,0.002722,0.002762,0.019149,0.075858,0.004519,4,40275,58800,184400,727,0,0,0,1370,0,0,0,0,0,0,0,0,0,0,0,0,0,0,0,0,0,0,0,16821840932461461095,16821840932461461095,16821840932461461095,16058724167349791541,16058724167349791541,16058724167349791541,0,0,0,0,0,0,0,0,0,0,0
448,5,500,8,10,0.050829,9836.83,0.023487,21288.72,0.018626,26844.11,0.018188,27490.20,0.023456,21316.65,0.019408,25762.11,0.035788,13971.26,0.050826,0.002497,0.002785,0.019408,0.075517,0.004484,4,40260,58785,184400,805,0,0,0,1389,0,0,0,0,0,0,0,0,0,0,0,0,0,0,0,0,0,0,0,5145917573012389216,5145917573012389216,5145917573012389216,12877101405562491977,12877101405562491977,12877101405562491977,0,0,0,0,0,0,0,0,0,0,0
449,5,500,8,10,0.050548,9891.52,0.023752,21050.99,0.018816,26572.95,0.018376,27209.66,0.023758,21045.15,0.019281,25931.60,0.035896,13928.94,0.050402,0.002510,0.002785,0.019281,0.074979,0.004501,4,40285,58795,184400,739,0,0,0,1247,0,0,0,0,0,0,0,0,0,0,0,0,0,0,0,0,0,0,0,7195780017173839982,7195780017173839982,7195780017173839982,13091302823225148257,13091302823225148257,13091302823225148257,0,0,0,0,0,0,0,0,0,0,0
450,5,500,8,10,0.050340,9932.48,0.023664,21129.28,0.020150,24813.33,0.019214,26022.69,0.023621,21167.69,0.019289,25921.72,0.035463,14099.34,0.050224,0.002560,0.002744,0.019289,0.074816,0.004503,4,40235,58755,184400,709,0,0,0,1155,0,0,0,0,0,0,0,0,0,0,0,0,0,0,0,0,0,0,0,6152209980576813855,6152209980576813855,6152209980576813855,14138705050407535107,14138705050407535107,14138705050407535107,0,0,0,0,0,0,0,0,0,0,0
451,5,500,8,10,0.051727,9666.08,0.023433,21337.12,0.018684,26761.48,0.018341,27260.86,0.024136,20715.96,0.019676,25411.56,0.035772,13977.22,0.050799,0.002569,0.002785,0.019676,0.075828,0.004464,4,40350,58850,184400,766,0,0,0,1170,0,0,0,0,0,0,0,0,0,0,0,0,0,0,0,0,0,0,0,11887366652970488304,11887366652970488304,11887366652970488304,14720436401339578754,14720436401339578754,14720436401339578754,0,0,0,0,0,0,0,0,0,0,0
452,5,500,8,10,0.050282,9943.99,0.023381,21384.47,0.018620,26853.26,0.018302,27319.55,0.023758,21045.63,0.019074,26214.10,0.036026,13879.04,0.050447,0.002744,0.003514,0.019074,0.075779,0.004475,3,40264,58774,184400,759,0,0,0,1273,0,0,0,0,0,0,0,0,0,0,0,0,0,0,0,0,0,0,0,14204057675973216969,14204057675973216969,14204057675973216969,9117422710772024812,9117422710772024812,9117422710772024812,0,0,0,0,0,0,0,0,0,0,0
453,5,500,8,10,0.050454,9909.96,0.023633,21157.14,0.018723,26704.55,0.018370,27218.82,0.023937,20888.38,0.020510,24378.81,0.035282,14171.60,0.050316,0.002539,0.002783,0.020510,0.076147,0.004486,4,40290,58785,184400,749,0,0,0,1152,0,0,0,0,0,0,0,0,0,0,0,0,0,0,0,0,0,0,0,10342784330358208772,10342784330358208772,10342784330358208772,2288391983179551719,2288391983179551719,2288391983179551719,0,0,0,0,0,0,0,0,0,0,0
454,5,500,8,10,0.050285,9943.35,0.023573,21210.44,0.018798,26598.70,0.018369,27219.50,0.023848,20965.69,0.019461,25692.81,0.035896,13929.24,0.049946,0.002686,0.002822,0.019461,0.074915,0.004537,4,40279,58779,184400,824,0,0,0,1175,0,0,0,0,0,0,0,0,0,0,0,0,0,0,0,0,0,0,0,9549887570644434783,9549887570644434783,9549887570644434783,15347693517009436775,15347693517009436775,15347693517009436775,0,0,0,0,0,0,0,0,0,0,0
455,5,500,8,10,0.050455,9909.79,0.023894,20925.90,0.018638,26826.69,0.018444,27108.75,0.024113,20735.75,0.019157,26099.94,0.035698,14006.32,0.050561,0.002224,0.003508,0.019157,0.075450,0.004520,3,40284,58784,184400,740,0,0,0,1028,0,0,0,0,0,0,0,0,0,0,0,0,0,0,0,0,0,0,0,17106889978297365357,17106889978297365357,17106889978297365357,6783630516998553720,6783630516998553720,6783630516998553720,0,0,0,0,0,0,0,0,0,0,0
456,5,500,8,10,0.050745,9853.20,0.023384,21381.74,0.019242,25985.12,0.018705,26731.03,0.023813,20996.85,0.019493,25650.08,0.035594,14047.41,0.051563,0.002288,0.002786,0.019493,0.076130,0.004514,4,40280,58790,184400,721,0,0,0,1359,0,0,0,0,0,0,0,0,0,0,0,0,0,0,0,0,0,0,0,7148248358953532898,7148248358953532898,7148248358953532898,6427995643087392402,6427995643087392402,6427995643087392402,0,0,0,0,0,0,0,0,0,0,0
457,5,500,8,10,0.050202,9959.81,0.023700,21097.36,0.018532,26980.98,0.018174,27511.44,0.023894,20925.44,0.019283,25929.75,0.035769,13978.41,0.050932,0.002494,0.002761,0.019283,0.075470,0.004476,4,40254,58769,184400,744,0,0,0,1225,0,0,0,0,0,0,0,0,0,0,0,0,0,0,0,0,0,0,0,7382036791114683315,7382036791114683315,7382036791114683315,13566195960740004855,13566195960740004855,13566195960740004855,0,0,0,0,0,0,0,0,0,0,0
458,5,500,8,10,0.050279,9944.58,0.023832,20979.84,0.021552,23200.03,0.021001,23808.39,0.023816,20994.19,0.019125,26143.36,0.035343,14147.00,0.050196,0.002623,0.003540,0.019125,0.075484,0.004425,3,40330,58820,184400,696,0,0,0,1318,0,0,0,0,0,0,0,0,0,0,0,0,0,0,0,0,0,0,0,15250365340656564226,15250365340656564226,15250365340656564226,2917092469616519393,2917092469616519393,2917092469616519393,0,0,0,0,0,0,0,0,0,0,0
459,5,500,8,10,0.050175,9965.10,0.023369,21395.85,0.018623,26848.84,0.018198,27475.82,0.023622,21166.55,0.019344,25848.16,0.035747,13987.37,0.050632,0.002106,0.002808,0.019344,0.074889,0.004473,4,40305,58820,184400,726,0,0,0,1198,0,0,0,0,0,0,0,0,0,0,0,0,0,0,0,0,0,0,0,5697507850406471679,5697507850406471679,5697507850406471679,4128036785307291936,4128036785307291936,4128036785307291936,0,0,0,0,0,0,0,0,0,0,0
460,5,500,8,10,0.050342,9932.11,0.023481,21293.65,0.020650,24212.62,0.019704,25374.92,0.023787,21020.22,0.019356,25831.66,0.035482,14091.75,0.050263,0.002410,0.002793,0.019356,0.074823,0.004437,4,40265,58770,184400,729,0,0,0,1319,0,0,0,0,0,0,0,0,0,0,0,0,0,0,0,0,0,0,0,9405075007854121604,9405075007854121604,9405075007854121604,9697136077873071119,9697136077873071119,9697136077873071119,0,0,0,0,0,0,0,0,0,0,0
461,5,500,8,10,0.051138,9777.39,0.023424,21345.51,0.019668,25422.43,0.019481,25665.89,0.023673,21121.34,0.019170,26081.88,0.035638,14029.81,0.050286,0.002872,0.002800,0.019170,0.075129,0.004563,4,40295,58810,184400,803,0,0,0,1184,0,0,0,0,0,0,0,0,0,0,0,0,0,0,0,0,0,0,0,13088256203232506760,13088256203232506760,13088256203232506760,3101271376020486851,3101271376020486851,3101271376020486851,0,0,0,0,0,0,0,0,0,0,0
462,5,500,8,10,0.050386,9923.39,0.023492,21283.87,0.018501,27025.62,0.018182,27499.53,0.023777,21028.81,0.019325,25873.46,0.035286,14170.09,0.051211,0.002714,0.002788,0.019325,0.076038,0.004475,4,40300,58815,184400,754,0,0,0,1178,0,0,0,0,0,0,0,0,0,0,0,0,0,0,0,0,0,0,0,8535432585929796756,8535432585929796756,8535432585929796756,14988850276182399537,14988850276182399537,14988850276182399537,0,0,0,0,0,0,0,0,0,0,0
463,5,500,8,10,0.050421,9916.53,0.023676,21118.52,0.018612,26864.87,0.018300,27322.42,0.023649,21142.76,0.019251,25972.89,0.035540,14068.60,0.051198,0.002316,0.002787,0.019251,0.075553,0.004457,4,40270,58775,184400,782,0,0,0,1224,0,0,0,0,0,0,0,0,0,0,0,0,0,0,0,0,0,0,0,259746949782031008,259746949782031008,259746949782031008,13863455640872712775,13863455640872712775,13863455640872712775,0,0,0,0,0,0,0,0,0,0,0
464,5,500,8,10,0.050849,9832.94,0.023185,21565.22,0.020661,24200.62,0.020212,24737.36,0.023624,21165.15,0.019061,26231.03,0.035523,14075.49,0.051924,0.002272,0.003535,0.019061,0.076793,0.004467,3,40280,58800,184400,771,0,0,0,1311,0,0,0,0,0,0,0,0,0,0,0,0,0,0,0,0,0,0,0,17912505911658108437,17912505911658108437,17912505911658108437,14534559914255442168,14534559914255442168,14534559914255442168,0,0,0,0,0,0,0,0,0,0,0
465,5,500,8,10,0.051041,9795.99,0.023131,21616.12,0.019445,25714.00,0.018817,26571.55,0.023608,21179.22,0.021746,22992.64,0.036036,13874.83,0.050898,0.002758,0.002812,0.021746,0.078213,0.004614,4,40285,58805,184400,700,0,0,0,1440,0,0,0,0,0,0,0,0,0,0,0,0,0,0,0,0,0,0,0,3120330309212904887,3120330309212904887,3120330309212904887,16312403758736305317,16312403758736305317,16312403758736305317,0,0,0,0,0,0,0,0,0,0,0
466,5,500,8,10,0.050979,9807.96,0.023350,21413.61,0.018586,26901.52,0.018222,27439.74,0.023646,21144.88,0.019268,25950.15,0.035771,13977.94,0.052029,0.002493,0.002810,0.019268,0.076599,0.004554,4,40255,58775,184400,728,0,0,0,1449,0,0,0,0,0,0,0,0,0,0,0,0,0,0,0,0,0,0,0,3297916364831546817,3297916364831546817,3297916364831546817,5641530425869836196,5641530425869836196,5641530425869836196,0,0,0,0,0,0,0,0,0,0,0
467,5,500,8,10,0.051218,9762.17,0.023171,21578.88,0.018557,26944.24,0.018113,27603.88,0.023648,21143.68,0.020716,24136.46,0.035712,14000.87,0.051341,0.002214,0.002790,0.020716,0.077060,0.004570,4,40285,58790,184400,724,0,0,0,1196,0,0,0,0,0,0,0,0,0,0,0,0,0,0,0,0,0,0,0,14728315175735434725,14728315175735434725,14728315175735434725,14825937999257397993,14825937999257397993,14825937999257397993,0,0,0,0,0,0,0,0,0,0,0
468,5,500,8,10,0.050218,9956.50,0.023649,21142.92,0.020186,24769.47,0.019803,25248.55,0.023525,21253.97,0.019333,25862.08,0.035853,13945.82,0.050882,0.003034,0.002817,0.019333,0.076066,0.004512,4,40340,58830,184400,802,0,0,0,1481,0,0,0,0,0,0,0,0,0,0,0,0,0,0,0,0,0,0,0,15060806278717184970,15060806278717184970,15060806278717184970,5178208175760567659,5178208175760567659,5178208175760567659,0,0,0,0,0,0,0,0,0,0,0
469,5,500,8,10,0.051504,9707.90,0.023542,21238.41,0.019631,25469.60,0.019124,26145.26,0.023621,21167.83,0.019395,25779.60,0.035941,13911.84,0.051598,0.002957,0.002835,0.019395,0.076785,0.004479,4,40305,58790,184400,740,0,0,0,1277,0,0,0,0,0,0,0,0,0,0,0,0,0,0,0,0,0,0,0,4079349360242518829,4079349360242518829,4079349360242518829,3765094091583070974,3765094091583070974,3765094091583070974,0,0,0,0,0,0,0,0,0,0,0
470,5,500,8,10,0.051005,9802.95,0.023565,21217.85,0.020930,23889.49,0.020354,24564.80,0.023947,20879.74,0.020630,24236.65,0.035764,13980.38,0.050126,0.002618,0.003408,0.020630,0.076782,0.004424,3,40275,58790,184400,739,0,0,0,1213,0,0,0,0,0,0,0,0,0,0,0,0,0,0,0,0,0,0,0,15999435707244785749,15999435707244785749,15999435707244785749,9688355725356609725,9688355725356609725,9688355725356609725,0,0,0,0,0,0,0,0,0,0,0
471,5,500,8,10,0.050206,9958.88,0.023771,21033.82,0.019375,25806.78,0.018594,26890.60,0.023676,21118.72,0.019271,25945.75,0.035875,13937.14,0.050348,0.002593,0.002750,0.019271,0.074962,0.004442,4,40270,58790,184400,747,0,0,0,1121,0,0,0,0,0,0,0,0,0,0,0,0,0,0,0,0,0,0,0,16946497813642263451,16946497813642263451,16946497813642263451,10489760300823232621,10489760300823232621,10489760300823232621,0,0,0,0,0,0,0,0,0,0,0
472,5,500,8,10,0.050176,9964.92,0.023448,21323.60,0.021419,23344.22,0.020878,23948.66,0.023924,20899.33,0.019057,26237.36,0.035897,13928.57,0.050141,0.002899,0.003482,0.019057,0.075579,0.004592,3,40295,58815,184400,807,0,0,0,1227,0,0,0,0,0,0,0,0,0,0,0,0,0,0,0,0,0,0,0,8604545482766849618,8604545482766849618,8604545482766849618,11704614561064950426,11704614561064950426,11704614561064950426,0,0,0,0,0,0,0,0,0,0,0
473,5,500,8,10,0.050443,9912.15,0.023509,21268.38,0.019390,25787.09,0.019267,25951.31,0.023778,21027.43,0.020044,24944.59,0.035869,13939.56,0.050277,0.002885,0.002822,0.020044,0.076028,0.004506,4,40284,58774,184400,708,0,0,0,1201,0,0,0,0,0,0,0,0,0,0,0,0,0,0,0,0,0,0,0,18094831214121327566,18094831214121327566,18094831214121327566,15639445314847884449,15639445314847884449,15639445314847884449,0,0,0,0,0,0,0,0,0,0,0
474,5,500,8,10,0.050476,9905.74,0.023769,21035.86,0.019034,26268.87,0.018476,27062.13,0.023773,21032.09,0.020389,24523.35,0.035915,13921.83,0.050442,0.003909,0.002737,0.020389,0.077476,0.004527,4,40310,58815,184400,799,0,0,0,1278,0,0,0,0,0,0,0,0,0,0,0,0,0,0,0,0,0,0,0,14293115969745925889,14293115969745925889,14293115969745925889,15947939540559773871,15947939540559773871,15947939540559773871,0,0,0,0,0,0,0,0,0,0,0
475,5,500,8,10,0.050884,9826.30,0.023213,21539.67,0.018584,26905.36,0.018229,27428.74,0.023644,21147.00,0.019466,25686.31,0.036211,13807.82,0.050830,0.002878,0.002836,0.019466,0.076009,0.004527,4,40320,58815,184400,811,0,0,0,1267,0,0,0,0,0,0,0,0,0,0,0,0,0,0,0,0,0,0,0,50957278791277097,50957278791277097,50957278791277097,13362222769647137024,13362222769647137024,13362222769647137024,0,0,0,0,0,0,0,0,0,0,0
476,5,500,8,10,0.050244,9951.44,0.023689,21106.99,0.018938,26402.55,0.018181,27500.67,0.023890,20929.55,0.019352,25836.74,0.035871,13938.72,0.050500,0.002600,0.002800,0.019352,0.075252,0.004473,4,40265,58785,184400,747,0,0,0,1055,0,0,0,0,0,0,0,0,0,0,0,0,0,0,0,0,0,0,0,18121000468126015036,18121000468126015036,18121000468126015036,4680390260831604507,4680390260831604507,4680390260831604507,0,0,0,0,0,0,0,0,0,0,0
477,5,500,8,10,0.050380,9924.55,0.023688,21107.36,0.019412,25757.77,0.019236,25992.77,0.024104,20743.56,0.019762,25301.60,0.035930,13915.96,0.050310,0.002762,0.002871,0.019762,0.075704,0.004545,4,40275,58770,184400,761,0,0,0,1022,0,0,0,0,0,0,0,0,0,0,0,0,0,0,0,0,0,0,0,5574925736325279655,5574925736325279655,5574925736325279655,8993375153421016181,8993375153421016181,8993375153421016181,0,0,0,0,0,0,0,0,0,0,0
478,5,500,8,10,0.050418,9917.14,0.023967,20862.35,0.019369,25814.50,0.018372,27215.18,0.023975,20855.43,0.022109,22615.02,0.035814,13961.09,0.050446,0.003017,0.002930,0.022109,0.078502,0.004579,4,40300,58800,184400,805,0,0,0,1189,0,0,0,0,0,0,0,0,0,0,0,0,0,0,0,0,0,0,0,91673556124622594,91673556124622594,91673556124622594,3778070061968774583,3778070061968774583,3778070061968774583,0,0,0,0,0,0,0,0,0,0,0
479,5,500,8,10,0.050514,9898.15,0.023690,21106.08,0.021022,23784.70,0.020896,23928.16,0.024095,20751.42,0.019711,25366.07,0.035893,13930.23,0.051470,0.002912,0.002967,0.019711,0.077060,0.004515,4,40290,58810,184400,774,0,0,0,1371,0,0,0,0,0,0,0,0,0,0,0,0,0,0,0,0,0,0,0,12041658442747876948,12041658442747876948,12041658442747876948,13385559074326972585,13385559074326972585,13385559074326972585,0,0,0,0,0,0,0,0,0,0,0
480,5,500,8,10,0.050392,9922.28,0.023666,21127.59,0.018942,26396.46,0.018653,26805.84,0.024348,20535.25,0.019324,25874.40,0.036047,13870.95,0.050831,0.002264,0.003605,0.019324,0.076024,0.004523,3,40305,58795,184400,774,0,0,0,1225,0,0,0,0,0,0,0,0,0,0,0,0,0,0,0,0,0,0,0,9456484110128665406,9456484110128665406,9456484110128665406,16732453866518289167,16732453866518289167,16732453866518289167,0,0,0,0,0,0,0,0,0,0,0
481,5,500,8,10,0.050714,9859.20,0.023734,21066.65,0.022746,21981.92,0.022051,22675.02,0.024529,20383.84,0.020245,24697.33,0.036441,13720.73,0.050737,0.002895,0.002924,0.020245,0.076801,0.004562,4,40264,58764,184400,739,0,0,0,1173,0,0,0,0,0,0,0,0,0,0,0,0,0,0,0,0,0,0,0,10711975001535727622,10711975001535727622,10711975001535727622,6973176615213205018,6973176615213205018,6973176615213205018,0,0,0,0,0,0,0,0,0,0,0
482,5,500,8,10,0.050460,9908.91,0.023808,21001.07,0.018885,26476.71,0.018397,27178.37,0.023840,20972.84,0.019704,25376.05,0.035869,13939.60,0.050864,0.002111,0.002898,0.019704,0.075577,0.004519,4,40290,58800,184400,748,0,0,0,1251,0,0,0,0,0,0,0,0,0,0,0,0,0,0,0,0,0,0,0,6607265971017206085,6607265971017206085,6607265971017206085,2008598347539208988,2008598347539208988,2008598347539208988,0,0,0,0,0,0,0,0,0,0,0
483,5,500,8,10,0.050356,9929.33,0.023607,21180.05,0.019861,25174.99,0.019577,25540.55,0.023791,21016.04,0.018865,26503.70,0.035642,14028.54,0.050412,0.002501,0.003542,0.018865,0.075320,0.004564,3,40305,58835,184400,757,0,0,0,1652,0,0,0,0,0,0,0,0,0,0,0,0,0,0,0,0,0,0,0,14852948503335227652,14852948503335227652,14852948503335227652,13483747325629309053,13483747325629309053,13483747325629309053,0,0,0,0,0,0,0,0,0,0,0
484,5,500,8,10,0.051011,9801.85,0.023209,21543.81,0.019934,25083.17,0.019490,25654.81,0.023561,21221.93,0.019238,25989.91,0.036207,13809.43,0.051391,0.002105,0.002861,0.019238,0.075594,0.004551,4,40310,58805,184400,741,0,0,0,1348,0,0,0,0,0,0,0,0,0,0,0,0,0,0,0,0,0,0,0,5156078862653852813,5156078862653852813,5156078862653852813,13231566365912469004,13231566365912469004,13231566365912469004,0,0,0,0,0,0,0,0,0,0,0
485,5,500,8,10,0.050314,9937.50,0.023497,21279.40,0.018710,26723.58,0.018335,27270.99,0.023897,20923.14,0.020176,24781.88,0.035711,14001.13,0.050848,0.002378,0.002780,0.020176,0.076181,0.004530,4,40289,58809,184400,782,0,0,0,1276,0,0,0,0,0,0,0,0,0,0,0,0,0,0,0,0,0,0,0,3402711366688904787,3402711366688904787,3402711366688904787,13048180563744135222,13048180563744135222,13048180563744135222,0,0,0,0,0,0,0,0,0,0,0
486,5,500,8,10,0.050100,9979.98,0.023351,21412.10,0.020700,24154.44,0.020594,24279.17,0.023879,20938.61,0.020642,24222.78,0.035785,13972.29,0.051144,0.002706,0.002816,0.020642,0.077307,0.004484,4,40244,58759,184400,805,0,0,0,1219,0,0,0,0,0,0,0,0,0,0,0,0,0,0,0,0,0,0,0,61940352548908275,61940352548908275,61940352548908275,17109089046322209536,17109089046322209536,17109089046322209536,0,0,0,0,0,0,0,0,0,0,0
487,5,500,8,10,0.050316,9937.25,0.023866,20949.91,0.019049,26248.42,0.018475,27063.86,0.023810,20999.65,0.019465,25687.30,0.038020,13151.02,0.051117,0.002722,0.002819,0.019465,0.076123,0.004510,4,40305,58805,184400,850,0,0,0,1192,0,0,0,0,0,0,0,0,0,0,0,0,0,0,0,0,0,0,0,2621324372139067046,2621324372139067046,2621324372139067046,12857679637875501933,12857679637875501933,12857679637875501933,0,0,0,0,0,0,0,0,0,0,0
488,5,500,8,10,0.050238,9952.62,0.023719,21079.72,0.018736,26686.42,0.018339,27263.95,0.023666,21127.59,0.019235,25994.23,0.035749,13986.59,0.050334,0.002339,0.002784,0.019235,0.074692,0.004559,4,40280,58785,184400,746,0,0,0,1229,0,0,0,0,0,0,0,0,0,0,0,0,0,0,0,0,0,0,0,17921754573267528670,17921754573267528670,17921754573267528670,16857683438601032636,16857683438601032636,16857683438601032636,0,0,0,0,0,0,0,0,0,0,0
489,5,500,8,10,0.051216,9762.62,0.023667,21126.03,0.018932,26410.22,0.018594,26890.45,0.023699,21097.54,0.019607,25501.65,0.035786,13972.02,0.051772,0.002411,0.002851,0.019607,0.076640,0.004454,4,40295,58795,184400,742,0,0,0,1295,0,0,0,0,0,0,0,0,0,0,0,0,0,0,0,0,0,0,0,16005048458791796091,16005048458791796091,16005048458791796091,6005526980345778059,6005526980345778059,6005526980345778059,0,0,0,0,0,0,0,0,0,0,0
490,5,500,8,10,0.051219,9761.99,0.023615,21172.57,0.018962,26367.96,0.018699,26739.56,0.024063,20778.56,0.019883,25147.21,0.035610,14040.83,0.051097,0.002925,0.002871,0.019883,0.076776,0.004485,4,40295,58810,184400,726,0,0,0,1128,0,0,0,0,0,0,0,0,0,0,0,0,0,0,0,0,0,0,0,18241337005665479792,18241337005665479792,18241337005665479792,6707836779325340721,6707836779325340721,6707836779325340721,0,0,0,0,0,0,0,0,0,0,0
491,5,500,8,10,0.050343,9931.80,0.023813,20997.17,0.018744,26675.47,0.018350,27247.76,0.023883,20935.46,0.019531,25600.77,0.035979,13896.92,0.051239,0.002354,0.003572,0.019531,0.076697,0.004504,3,40265,58790,184400,732,0,0,0,1069,0,0,0,0,0,0,0,0,0,0,0,0,0,0,0,0,0,0,0,2522799564673967689,2522799564673967689,2522799564673967689,1628744424323660700,1628744424323660700,1628744424323660700,0,0,0,0,0,0,0,0,0,0,0
492,5,500,8,10,0.050250,9950.24,0.023574,21210.21,0.019149,26111.41,0.018935,26405.43,0.023829,20983.11,0.019668,25422.48,0.035781,13974.00,0.050960,0.002823,0.002892,0.019668,0.076343,0.004514,4,40265,58775,184400,766,0,0,0,1254,0,0,0,0,0,0,0,0,0,0,0,0,0,0,0,0,0,0,0,8181280682735560727,8181280682735560727,8181280682735560727,15213714961838240054,15213714961838240054,15213714961838240054,0,0,0,0,0,0,0,0,0,0,0
493,5,500,8,10,0.050542,9892.74,0.023600,21186.21,0.018568,26927.90,0.018293,27332.61,0.023654,21137.88,0.019260,25960.54,0.035508,14081.18,0.049991,0.002935,0.002913,0.019260,0.075098,0.004588,4,40280,58800,184400,747,0,0,0,1064,0,0,0,0,0,0,0,0,0,0,0,0,0,0,0,0,0,0,0,3958806213653130373,3958806213653130373,3958806213653130373,14609340921017981535,14609340921017981535,14609340921017981535,0,0,0,0,0,0,0,0,0,0,0
494,5,500,8,10,0.050515,9898.01,0.023813,20996.90,0.020344,24577.28,0.019709,25369.53,0.024120,20729.61,0.019535,25594.59,0.035790,13970.54,0.050172,0.002892,0.002869,0.019535,0.075469,0.004523,4,40275,58785,184400,718,0,0,0,1236,0,0,0,0,0,0,0,0,0,0,0,0,0,0,0,0,0,0,0,8509118425556691900,8509118425556691900,8509118425556691900,17891114827844182012,17891114827844182012,17891114827844182012,0,0,0,0,0,0,0,0,0,0,0
495,5,500,8,10,0.050504,9900.28,0.023653,21138.82,0.018951,26384.20,0.018387,27193.46,0.023963,20865.54,0.019568,25551.99,0.035818,13959.61,0.050357,0.002638,0.002873,0.019568,0.075435,0.004464,4,40250,58755,184400,767,0,0,0,1282,0,0,0,0,0,0,0,0,0,0,0,0,0,0,0,0,0,0,0,4331398440307044510,4331398440307044510,4331398440307044510,16906225682735749044,16906225682735749044,16906225682735749044,0,0,0,0,0,0,0,0,0,0,0
496,5,500,8,10,0.050221,9955.90,0.023631,21159.01,0.020640,24224.66,0.020010,24987.28,0.023515,21262.63,0.018860,26511.26,0.035800,13966.40,0.051149,0.002306,0.003518,0.018860,0.075833,0.004499,3,40290,58800,184400,824,0,0,0,1219,0,0,0,0,0,0,0,0,0,0,0,0,0,0,0,0,0,0,0,9095846503592294594,9095846503592294594,9095846503592294594,6681200393835434241,6681200393835434241,6681200393835434241,0,0,0,0,0,0,0,0,0,0,0
497,5,500,8,10,0.050995,9804.92,0.023394,21372.93,0.018828,26555.58,0.018285,27344.44,0.023565,21218.18,0.019406,25764.91,0.035752,13985.14,0.051721,0.002508,0.002830,0.019406,0.076465,0.004515,4,40229,58749,184400,802,0,0,0,1219,0,0,0,0,0,0,0,0,0,0,0,0,0,0,0,0,0,0,0,2968415072643685881,2968415072643685881,2968415072643685881,10095126757791906917,10095126757791906917,10095126757791906917,0,0,0,0,0,0,0,0,0,0,0
498,5,500,8,10,0.050407,9919.16,0.023919,20904.12,0.022676,22050.07,0.022216,22506.08,0.024253,20615.90,0.019895,25131.56,0.035722,13996.80,0.051064,0.002770,0.002956,0.019895,0.076686,0.004530,4,40305,58825,184400,724,0,0,0,1360,0,0,0,0,0,0,0,0,0,0,0,0,0,0,0,0,0,0,0,11653218683338335512,11653218683338335512,11653218683338335512,860939137261146601,860939137261146601,860939137261146601,0,0,0,0,0,0,0,0,0,0,0
499,5,500,8,10,0.051124,9780.14,0.023486,21288.93,0.019035,26267.86,0.018845,26532.74,0.023860,20955.40,0.019467,25684.10,0.036003,13887.80,0.051244,0.002812,0.002930,0.019467,0.076454,0.004425,4,40283,58783,184400,743,0,0,0,1329,0,0,0,0,0,0,0,0,0,0,0,0,0,0,0,0,0,0,0,16106466601419793307,16106466601419793307,16106466601419793307,10707820288626321464,10707820288626321464,10707820288626321464,0,0,0,0,0,0,0,0,0,0,0
