batch_idx,num_blocks,num_txs,threads,merge_cap,seq_time_s,seq_tput,par_time_s,par_tput,concat_time_s,concat_tput,cgraph_time_s,cgraph_tput,graph_time_s,graph_tput,integrated_time_s,integrated_tput,vegeta_time_s,vegeta_tput,phase_pre_execute_s,phase_graph_build_s,phase_integrate_s,phase_execute_s,phase_total_s,vegeta_speculate_s,num_integrated_groups,omakase_graph_bytes,vegeta_sched_bytes,calldata_bytes,par_re_exec,par_validation_aborts,par_cascade_aborts,par_wrote_new_loc,concat_re_exec,concat_validation_aborts,concat_cascade_aborts,concat_wrote_new_loc,cgraph_re_exec,cgraph_validation_aborts,cgraph_cascade_aborts,cgraph_wrote_new_loc,graph_re_exec,graph_validation_aborts,graph_cascade_aborts,graph_wrote_new_loc,integ_re_exec,integ_validation_aborts,integ_cascade_aborts,integ_wrote_new_loc,vegeta_re_exec,vegeta_validation_aborts,vegeta_cascade_aborts,vegeta_wrote_new_loc,digest_seq,digest_par,digest_concat,logical_seq,logical_integ,logical_vegeta,cgraph_cross_block_aborts,cgraph_cross_block_cascade,graph_cross_block_aborts,graph_cross_block_cascade,integ_cross_block_aborts,integ_cross_block_cascade,par_fallbacks,concat_fallbacks,cgraph_fallbacks,graph_fallbacks,integ_fallbacks
0,20,3090,8,10,0.205106,15065.39,0.084363,36627.53,0.066951,46153.27,0.062308,49592.30,0.081206,38051.27,0.077084,40086.34,0.142700,21653.89,0.214617,0.020976,0.027831,0.077084,0.340508,0.046778,17,286449,353684,1967784,2208,0,0,0,3155,0,0,0,0,0,0,0,0,0,0,0,0,0,0,0,0,0,0,0,18209785282780040261,18209785282780040261,18209785282780040261,17352626507453273173,17352626507453273173,17352626507453273173,0,0,0,0,0,0,0,0,0,0,0
1,20,2523,8,10,0.211966,11902.86,0.097042,25998.92,0.057366,43980.46,0.054432,46351.64,0.089773,28104.11,0.074885,33691.68,0.141317,17853.48,0.220691,0.016358,0.027552,0.074885,0.339486,0.032050,14,276798,295573,1801996,1350,0,0,0,2235,0,0,0,0,0,0,0,0,0,0,0,0,0,0,0,0,0,0,0,4142365628596335956,4142365628596335956,4142365628596335956,16898894743372523842,16898894743372523842,16898894743372523842,0,0,0,0,0,0,0,0,0,0,0
2,20,2778,8,10,0.265342,10469.52,0.137029,20273.13,0.099275,27982.95,0.074449,37314.07,0.129776,21406.17,0.102649,27063.01,0.185976,14937.41,0.274132,0.019943,0.031091,0.102649,0.427815,0.038787,11,314728,332973,2110216,1415,0,0,0,2553,0,0,0,0,0,0,0,0,0,0,0,0,0,0,0,0,0,0,0,17072625059347462709,17072625059347462709,17072625059347462709,9545006344655123251,9545006344655123251,9545006344655123251,0,0,0,0,0,0,0,0,0,0,0
3,20,2534,8,10,0.208821,12134.77,0.093962,26968.24,0.074989,33791.68,0.063394,39972.44,0.089384,28349.67,0.078051,32466.03,0.137012,18494.77,0.219261,0.018717,0.024594,0.078051,0.340623,0.033352,14,272092,289392,1795224,1289,0,0,0,2567,0,0,0,0,0,0,0,0,0,0,0,0,0,0,0,0,0,0,0,4908138607515227800,4908138607515227800,4908138607515227800,14824084607034698836,14824084607034698836,14824084607034698836,0,0,0,0,0,0,0,0,0,0,0
4,20,2754,8,10,0.237732,11584.47,0.109192,25221.63,0.059676,46148.91,0.055657,49481.23,0.102925,26757.38,0.084775,32485.89,0.154654,17807.48,0.243456,0.019725,0.026166,0.084775,0.374123,0.036710,13,295883,321058,1964104,1394,0,0,0,2479,0,0,0,0,0,0,0,0,0,0,0,0,0,0,0,0,0,0,0,8706587409500791398,8706587409500791398,8706587409500791398,14149483893261701571,14149483893261701571,14149483893261701571,0,0,0,0,0,0,0,0,0,0,0
5,20,2666,8,10,0.260381,10238.84,0.129483,20589.60,0.079378,33586.19,0.057641,46251.90,0.126568,21063.78,0.101562,26249.90,0.174049,15317.55,0.258835,0.018607,0.026165,0.101562,0.405170,0.033759,12,291441,305636,1923208,1189,0,0,0,1819,0,0,0,0,0,0,0,0,0,0,0,0,0,0,0,0,0,0,0,11442081375435484933,11442081375435484933,11442081375435484933,16782691418170510462,16782691418170510462,16782691418170510462,0,0,0,0,0,0,0,0,0,0,0
6,20,3136,8,10,0.237243,13218.54,0.102367,30634.86,0.066004,47512.24,0.063614,49297.69,0.093914,33392.21,0.088526,35424.52,0.155257,20198.79,0.248943,0.021082,0.026505,0.088526,0.385057,0.047221,16,316571,372041,2051840,2317,0,0,0,3155,0,0,0,0,0,0,0,0,0,0,0,0,0,0,0,0,0,0,0,7717444926335122808,7717444926335122808,7717444926335122808,5615930651673438599,5615930651673438599,5615930651673438599,0,0,0,0,0,0,0,0,0,0,0
7,20,3292,8,10,0.249089,13216.15,0.109269,30127.56,0.061031,53940.08,0.054136,60809.29,0.101587,32405.67,0.090816,36249.26,0.179167,18373.90,0.257115,0.022802,0.024705,0.090816,0.395438,0.052619,15,319009,590624,2136208,3409,0,0,0,3663,0,0,0,0,0,0,0,0,0,0,0,0,0,0,0,0,0,0,0,4403754297352217720,4403754297352217720,4403754297352217720,4481538312907876499,4481538312907876499,4481538312907876499,0,0,0,0,0,0,0,0,0,0,0
8,20,2588,8,10,0.219489,11791.02,0.087095,29714.75,0.057314,45154.54,0.052964,48863.39,0.080438,32173.95,0.068619,37715.58,0.126787,20412.19,0.228717,0.017519,0.023595,0.068619,0.338450,0.037934,13,263325,279965,1859600,1124,0,0,0,2120,0,0,0,0,0,0,0,0,0,0,0,0,0,0,0,0,0,0,0,4080000311836686543,4080000311836686543,4080000311836686543,11571726224730167855,11571726224730167855,11571726224730167855,0,0,0,0,0,0,0,0,0,0,0
9,20,2871,8,10,0.272505,10535.60,0.123994,23154.26,0.070851,40521.76,0.060377,47551.51,0.118200,24289.29,0.098921,29023.19,0.185557,15472.35,0.283162,0.018621,0.021780,0.098921,0.422484,0.037922,14,292277,313112,2003612,1437,0,0,0,1918,0,0,0,0,0,0,0,0,0,0,0,0,0,0,0,0,0,0,0,2737104960233309225,2737104960233309225,2737104960233309225,9612298590376849316,9612298590376849316,9612298590376849316,0,0,0,0,0,0,0,0,0,0,0
10,20,2571,8,10,0.247642,10381.93,0.123840,20760.74,0.064941,39589.75,0.062032,41446.53,0.120446,21345.59,0.106712,24092.94,0.169699,15150.38,0.255899,0.017409,0.021084,0.106712,0.401104,0.031660,14,268767,281287,1880556,1096,0,0,0,1796,0,0,0,0,0,0,0,0,0,0,0,0,0,0,0,0,0,0,0,2607761768591930452,2607761768591930452,2607761768591930452,8772189783376926418,8772189783376926418,8772189783376926418,0,0,0,0,0,0,0,0,0,0,0
11,20,2877,8,10,0.253352,11355.72,0.120891,23798.35,0.055925,51443.54,0.051584,55772.74,0.111499,25802.86,0.091384,31482.42,0.163885,17555.04,0.261370,0.018543,0.024961,0.091384,0.396259,0.042842,13,303507,321657,2002452,1381,0,0,0,1767,0,0,0,0,0,0,0,0,0,0,0,0,0,0,0,0,0,0,0,8160150415869750771,8160150415869750771,8160150415869750771,17561347366715667270,17561347366715667270,17561347366715667270,0,0,0,0,0,0,0,0,0,0,0
12,20,2906,8,10,0.214249,13563.68,0.086159,33728.42,0.054343,53475.30,0.052364,55496.17,0.079125,36726.85,0.079179,36701.77,0.133689,21737.00,0.222252,0.017919,0.017674,0.079179,0.337024,0.041928,19,277622,297792,1980968,1326,0,0,0,2025,0,0,0,0,0,0,0,0,0,0,0,0,0,0,0,0,0,0,0,636736404681975285,636736404681975285,636736404681975285,259311150909161354,259311150909161354,259311150909161354,0,0,0,0,0,0,0,0,0,0,0
13,20,2985,8,10,0.227528,13119.25,0.102266,29188.66,0.067597,44158.94,0.055307,53971.60,0.101400,29437.95,0.089654,33294.55,0.144065,20719.83,0.235362,0.019017,0.025784,0.089654,0.369818,0.041734,14,305828,320393,1997572,1165,0,0,0,1889,0,0,0,0,0,0,0,0,0,0,0,0,0,0,0,0,0,0,0,1626409374238023217,1626409374238023217,1626409374238023217,14197665372580689087,14197665372580689087,14197665372580689087,0,0,0,0,0,0,0,0,0,0,0
14,20,2592,8,10,0.223815,11581.01,0.085529,30305.50,0.057973,44710.81,0.046780,55408.48,0.084742,30587.04,0.074753,34674.29,0.144639,17920.48,0.230291,0.019748,0.022580,0.074753,0.347372,0.035183,14,283300,294990,1818144,951,0,0,0,1605,0,0,0,0,0,0,0,0,0,0,0,0,0,0,0,0,0,0,0,18437724791840419266,18437724791840419266,18437724791840419266,16585084492604607649,16585084492604607649,16585084492604607649,0,0,0,0,0,0,0,0,0,0,0
15,20,2993,8,10,0.214339,13963.89,0.118845,25184.04,0.061013,49054.72,0.057792,51789.30,0.099201,30171.11,0.083232,35959.85,0.153182,19538.86,0.221372,0.020169,0.025438,0.083232,0.350210,0.046542,14,301807,374597,1990084,2024,0,0,0,2803,0,0,0,0,0,0,0,0,0,0,0,0,0,0,0,0,0,0,0,9970689302425458545,9970689302425458545,9970689302425458545,17560078676199743680,17560078676199743680,17560078676199743680,0,0,0,0,0,0,0,0,0,0,0
16,20,2943,8,10,0.299660,9821.15,0.143765,20470.92,0.070447,41775.83,0.056945,51681.17,0.139595,21082.39,0.119968,24531.58,0.209981,14015.52,0.313023,0.018673,0.028693,0.119968,0.480357,0.040929,12,305685,340700,1994684,1852,0,0,0,1866,0,0,0,0,0,0,0,0,0,0,0,0,0,0,0,0,0,0,0,12551169100228822134,12551169100228822134,12551169100228822134,4509916753404667699,4509916753404667699,4509916753404667699,0,0,0,0,0,0,0,0,0,0,0
17,20,2548,8,10,0.202959,12554.23,0.079527,32039.37,0.050676,50280.37,0.047741,53371.54,0.077209,33001.53,0.071307,35732.71,0.122138,20861.70,0.209634,0.018175,0.020640,0.071307,0.319756,0.031533,15,264660,275650,1821008,947,0,0,0,1761,0,0,0,0,0,0,0,0,0,0,0,0,0,0,0,0,0,0,0,12141540091201776015,12141540091201776015,12141540091201776015,16080103115381017110,16080103115381017110,16080103115381017110,0,0,0,0,0,0,0,0,0,0,0
18,20,2769,8,10,0.245281,11289.11,0.119082,23252.83,0.063200,43813.35,0.055372,50007.61,0.112020,24718.84,0.087257,31733.81,0.167490,16532.30,0.252763,0.018959,0.029128,0.087257,0.388107,0.035367,10,299734,346289,1927876,1384,0,0,0,1967,0,0,0,0,0,0,0,0,0,0,0,0,0,0,0,0,0,0,0,5590657655899467775,5590657655899467775,5590657655899467775,2534894047559069311,2534894047559069311,2534894047559069311,0,0,0,0,0,0,0,0,0,0,0
19,20,2648,8,10,0.246570,10739.32,0.128985,20529.53,0.063721,41556.37,0.061811,42840.41,0.123149,21502.42,0.093318,28376.17,0.172963,15309.63,0.253107,0.018586,0.025275,0.093318,0.390285,0.035586,12,289066,303746,1912544,1374,0,0,0,2388,0,0,0,0,0,0,0,0,0,0,0,0,0,0,0,0,0,0,0,1742321088355369989,1742321088355369989,1742321088355369989,9665943088651659858,9665943088651659858,9665943088651659858,0,0,0,0,0,0,0,0,0,0,0
20,20,2866,8,10,0.234505,12221.49,0.119283,24026.97,0.067764,42293.64,0.064700,44296.54,0.115670,24777.38,0.099697,28747.01,0.166381,17225.54,0.239610,0.019861,0.024058,0.099697,0.383226,0.041658,14,297076,335966,1957032,1785,0,0,0,3140,0,0,0,0,0,0,0,0,0,0,0,0,0,0,0,0,0,0,0,15550102336131892172,15550102336131892172,15550102336131892172,8798569626584054396,8798569626584054396,8798569626584054396,0,0,0,0,0,0,0,0,0,0,0
21,20,2922,8,10,0.204663,14277.15,0.079525,36743.17,0.058126,50270.43,0.054854,53268.79,0.077708,37602.12,0.074798,39065.40,0.138604,21081.67,0.211020,0.020713,0.021776,0.074798,0.328307,0.042604,16,288190,357145,2064616,2020,0,0,0,2962,0,0,0,0,0,0,0,0,0,0,0,0,0,0,0,0,0,0,0,8675669893744066575,8675669893744066575,8675669893744066575,12317842080076422045,12317842080076422045,12317842080076422045,0,0,0,0,0,0,0,0,0,0,0
22,20,2671,8,10,0.186195,14345.15,0.077802,34330.53,0.061615,43349.61,0.059639,44785.77,0.074934,35644.74,0.074372,35914.13,0.117703,22692.72,0.194080,0.017933,0.020870,0.074372,0.307255,0.035596,17,262326,282761,1846844,1456,0,0,0,2773,0,0,0,0,0,0,0,0,0,0,0,0,0,0,0,0,0,0,0,9094295999268969533,9094295999268969533,9094295999268969533,17956245545643291437,17956245545643291437,17956245545643291437,0,0,0,0,0,0,0,0,0,0,0
23,20,2959,8,10,0.263977,11209.30,0.114616,25816.67,0.063924,46289.37,0.059530,49705.66,0.113354,26104.10,0.097628,30308.77,0.171623,17241.27,0.274659,0.020267,0.025097,0.097628,0.417651,0.042136,14,315492,351827,2112732,1324,0,0,0,1934,0,0,0,0,0,0,0,0,0,0,0,0,0,0,0,0,0,0,0,11738577677789213927,11738577677789213927,11738577677789213927,5545383613915011136,5545383613915011136,5545383613915011136,0,0,0,0,0,0,0,0,0,0,0
24,20,2648,8,10,0.199123,13298.31,0.088489,29924.79,0.054519,48570.03,0.054005,49032.18,0.084143,31470.06,0.077020,34380.71,0.127296,20801.95,0.206039,0.017152,0.020644,0.077020,0.320855,0.035925,15,264791,279091,1794304,1020,0,0,0,1902,0,0,0,0,0,0,0,0,0,0,0,0,0,0,0,0,0,0,0,14692353458382634180,14692353458382634180,14692353458382634180,5159600115816883143,5159600115816883143,5159600115816883143,0,0,0,0,0,0,0,0,0,0,0
25,20,2726,8,10,0.255857,10654.40,0.125825,21664.98,0.070021,38931.27,0.063514,42919.39,0.117912,23119.01,0.108302,25170.36,0.175892,15498.13,0.264478,0.019544,0.021940,0.108302,0.414263,0.037431,14,276322,293737,1888952,1218,0,0,0,1572,0,0,0,0,0,0,0,0,0,0,0,0,0,0,0,0,0,0,0,15291004054805791074,15291004054805791074,15291004054805791074,17053469187413537432,17053469187413537432,17053469187413537432,0,0,0,0,0,0,0,0,0,0,0
26,20,2657,8,10,0.203155,13078.66,0.078118,34012.82,0.060864,43654.84,0.057694,46053.04,0.074611,35611.24,0.073096,36349.43,0.119368,22258.88,0.210139,0.017835,0.017153,0.073096,0.318224,0.034031,19,269741,285616,1903364,1127,0,0,0,2599,0,0,0,0,0,0,0,0,0,0,0,0,0,0,0,0,0,0,0,8612703913931141666,8612703913931141666,8612703913931141666,10508468039651356835,10508468039651356835,10508468039651356835,0,0,0,0,0,0,0,0,0,0,0
27,20,2770,8,10,0.242278,11433.16,0.117182,23638.53,0.059028,46926.98,0.055827,49618.00,0.114710,24147.93,0.095194,29098.58,0.166357,16650.95,0.253472,0.017017,0.025914,0.095194,0.391597,0.036065,13,288329,304529,1946632,1243,0,0,0,2131,0,0,0,0,0,0,0,0,0,0,0,0,0,0,0,0,0,0,0,5293553004823310641,5293553004823310641,5293553004823310641,6187258731244440860,6187258731244440860,6187258731244440860,0,0,0,0,0,0,0,0,0,0,0
28,20,2623,8,10,0.245391,10689.06,0.126174,20788.79,0.084589,31008.71,0.071060,36912.62,0.114200,22968.50,0.094828,27660.63,0.169298,15493.41,0.254974,0.018238,0.025221,0.094828,0.393261,0.038182,12,280470,300300,1913948,1441,0,0,0,2214,0,0,0,0,0,0,0,0,0,0,0,0,0,0,0,0,0,0,0,10284970601801641072,10284970601801641072,10284970601801641072,10512099609381770733,10512099609381770733,10512099609381770733,0,0,0,0,0,0,0,0,0,0,0
29,20,2599,8,10,0.221301,11744.19,0.093038,27934.83,0.058678,44292.33,0.050282,51688.39,0.082247,31600.09,0.079574,32661.30,0.129155,20123.14,0.228488,0.018311,0.018199,0.079574,0.344573,0.033511,19,266291,285366,1847516,1116,0,0,0,1817,0,0,0,0,0,0,0,0,0,0,0,0,0,0,0,0,0,0,0,2281445551089590411,2281445551089590411,2281445551089590411,1842880134459721214,1842880134459721214,1842880134459721214,0,0,0,0,0,0,0,0,0,0,0
30,20,2786,8,10,0.233308,11941.27,0.102262,27243.68,0.062396,44650.38,0.059450,46862.54,0.098734,28217.28,0.085225,32690.05,0.150801,18474.71,0.242025,0.017598,0.026937,0.085225,0.371785,0.037676,13,289745,312900,2010376,1454,0,0,0,2270,0,0,0,0,0,0,0,0,0,0,0,0,0,0,0,0,0,0,0,13081246261871266047,13081246261871266047,13081246261871266047,7274226898153366189,7274226898153366189,7274226898153366189,0,0,0,0,0,0,0,0,0,0,0
31,20,3069,8,10,0.238457,12870.27,0.114527,26797.19,0.078075,39308.21,0.060418,50796.29,0.106908,28707.04,0.088518,34670.90,0.176461,17391.91,0.245436,0.019839,0.026984,0.088518,0.380777,0.044059,13,322138,423283,2116244,2390,0,0,0,3565,0,0,0,0,0,0,0,0,0,0,0,0,0,0,0,0,0,0,0,3603702991954109141,3603702991954109141,3603702991954109141,10558728882757380950,10558728882757380950,10558728882757380950,0,0,0,0,0,0,0,0,0,0,0
32,20,2789,8,10,0.231609,12041.86,0.117233,23790.25,0.076261,36571.97,0.061572,45296.59,0.115753,24094.51,0.105270,26493.82,0.167131,16687.54,0.239697,0.018464,0.022163,0.105270,0.385594,0.036465,16,288457,311712,2004500,1632,0,0,0,3058,0,0,0,0,0,0,0,0,0,0,0,0,0,0,0,0,0,0,0,7584748959196587614,7584748959196587614,7584748959196587614,13670055946559603627,13670055946559603627,13670055946559603627,0,0,0,0,0,0,0,0,0,0,0
33,20,2581,8,10,0.301165,8570.06,0.171893,15015.13,0.111695,23107.51,0.107093,24100.52,0.151834,16998.81,0.126621,20383.70,0.203564,12679.06,0.308315,0.019306,0.027327,0.126621,0.481569,0.034850,9,279594,290464,1824660,987,0,0,0,1035,0,0,0,0,0,0,0,0,0,0,0,0,0,0,0,0,0,0,0,10535149332314325861,10535149332314325861,10535149332314325861,10397843524323541532,10397843524323541532,10397843524323541532,0,0,0,0,0,0,0,0,0,0,0
34,20,2835,8,10,0.356727,7947.26,0.218194,12993.04,0.154799,18314.09,0.155513,18229.95,0.191751,14784.82,0.158794,17853.35,0.261768,10830.19,0.364211,0.018287,0.028552,0.158794,0.569844,0.041442,9,300423,326908,1925420,1441,0,0,0,1091,0,0,0,0,0,0,0,0,0,0,0,0,0,0,0,0,0,0,0,11225498243618510476,11225498243618510476,11225498243618510476,6239851527312780015,6239851527312780015,6239851527312780015,0,0,0,0,0,0,0,0,0,0,0
35,20,2359,8,10,0.336074,7019.29,0.194388,12135.54,0.126473,18652.27,0.126310,18676.25,0.193656,12181.37,0.130374,18094.04,0.240646,9802.76,0.343272,0.018487,0.027734,0.130374,0.519867,0.026244,7,261896,272116,1654716,933,0,0,0,722,0,0,0,0,0,0,0,0,0,0,0,0,0,0,0,0,0,0,0,1837739392019190377,1837739392019190377,1837739392019190377,17402234361595113855,17402234361595113855,17402234361595113855,0,0,0,0,0,0,0,0,0,0,0
36,20,2455,8,10,0.278533,8814.03,0.166387,14754.80,0.106415,23070.13,0.099318,24718.64,0.153713,15971.35,0.120496,20374.09,0.202564,12119.62,0.286893,0.016613,0.026142,0.120496,0.450144,0.029687,8,267916,280361,1738108,1078,0,0,0,1090,0,0,0,0,0,0,0,0,0,0,0,0,0,0,0,0,0,0,0,14777350375209681246,14777350375209681246,14777350375209681246,15086084524643568706,15086084524643568706,15086084524643568706,0,0,0,0,0,0,0,0,0,0,0
37,20,3256,8,10,0.303091,10742.64,0.190808,17064.28,0.129370,25168.14,0.108282,30069.62,0.179817,18107.31,0.141384,23029.55,0.259815,12532.02,0.312373,0.019415,0.031311,0.141384,0.504482,0.053526,8,324986,448621,2133152,3036,0,0,0,2436,0,0,0,0,0,0,0,0,0,0,0,0,0,0,0,0,0,0,0,6460926096916076081,6460926096916076081,6460926096916076081,18173071842550453703,18173071842550453703,18173071842550453703,0,0,0,0,0,0,0,0,0,0,0
38,20,2430,8,10,0.265299,9159.48,0.165175,14711.66,0.130542,18614.75,0.102953,23603.08,0.159230,15260.96,0.133124,18253.63,0.202540,11997.65,0.271309,0.017194,0.027424,0.133124,0.449051,0.029391,6,249752,258512,1636856,882,0,0,0,1087,0,0,0,0,0,0,0,0,0,0,0,0,0,0,0,0,0,0,0,4830770888521278669,4830770888521278669,4830770888521278669,477248191307348983,477248191307348983,477248191307348983,0,0,0,0,0,0,0,0,0,0,0
39,20,2597,8,10,0.206758,12560.60,0.097455,26648.09,0.049008,52990.91,0.045110,57570.75,0.086044,30182.40,0.080694,32183.47,0.136011,19094.11,0.211960,0.018070,0.018389,0.080694,0.329113,0.030922,16,246960,260015,1681876,1016,0,0,0,1558,0,0,0,0,0,0,0,0,0,0,0,0,0,0,0,0,0,0,0,8778635926882997317,8778635926882997317,8778635926882997317,13243336672738655041,13243336672738655041,13243336672738655041,0,0,0,0,0,0,0,0,0,0,0
40,20,2593,8,10,0.202745,12789.45,0.079230,32727.42,0.047698,54362.88,0.044321,58504.81,0.078189,33163.29,0.073805,35132.95,0.118922,21804.17,0.211052,0.016469,0.018474,0.073805,0.319800,0.033290,17,262280,273195,1807620,891,0,0,0,1398,0,0,0,0,0,0,0,0,0,0,0,0,0,0,0,0,0,0,0,1134419966453993627,1134419966453993627,1134419966453993627,16006482783576806457,16006482783576806457,16006482783576806457,0,0,0,0,0,0,0,0,0,0,0
41,20,2640,8,10,0.235947,11188.95,0.115554,22846.56,0.060684,43504.12,0.052814,49986.60,0.112431,23481.01,0.097315,27128.38,0.156581,16860.24,0.242213,0.019111,0.026497,0.097315,0.385137,0.034606,11,289816,301691,1899072,1016,0,0,0,1774,0,0,0,0,0,0,0,0,0,0,0,0,0,0,0,0,0,0,0,4407229236726384523,4407229236726384523,4407229236726384523,15515649813250791423,15515649813250791423,15515649813250791423,0,0,0,0,0,0,0,0,0,0,0
42,20,2572,8,10,0.225976,11381.75,0.091982,27961.89,0.066234,38831.90,0.053029,48501.62,0.089904,28608.18,0.080404,31988.54,0.133576,19255.02,0.236037,0.018251,0.023025,0.080404,0.357718,0.034084,16,294013,306343,1910544,1030,0,0,0,1649,0,0,0,0,0,0,0,0,0,0,0,0,0,0,0,0,0,0,0,15086291771636465329,15086291771636465329,15086291771636465329,4879692961852922903,4879692961852922903,4879692961852922903,0,0,0,0,0,0,0,0,0,0,0
43,20,2798,8,10,0.223494,12519.36,0.088704,31543.04,0.058607,47741.58,0.053470,52328.63,0.086786,32240.14,0.081875,34174.11,0.132368,21138.10,0.228202,0.019616,0.019905,0.081875,0.349599,0.038528,18,291980,305135,2008184,1151,0,0,0,2082,0,0,0,0,0,0,0,0,0,0,0,0,0,0,0,0,0,0,0,7814003787589716790,7814003787589716790,7814003787589716790,757368972890873254,757368972890873254,757368972890873254,0,0,0,0,0,0,0,0,0,0,0
44,20,2813,8,10,0.227742,12351.68,0.100345,28033.35,0.077688,36208.83,0.073993,38016.92,0.097362,28892.09,0.089626,31385.93,0.145142,19380.97,0.239306,0.016490,0.021257,0.089626,0.366679,0.041137,16,291272,312212,2053844,1628,0,0,0,3358,0,0,0,0,0,0,0,0,0,0,0,0,0,0,0,0,0,0,0,13746123163370116262,13746123163370116262,13746123163370116262,10614254211153087222,10614254211153087222,10614254211153087222,0,0,0,0,0,0,0,0,0,0,0
45,20,3079,8,10,0.206947,14878.23,0.077534,39711.84,0.057766,53301.34,0.053594,57450.50,0.075638,40706.80,0.074794,41166.19,0.133074,23137.51,0.214549,0.019000,0.017723,0.074794,0.326067,0.047271,20,289801,377151,2030876,1943,0,0,0,2770,0,0,0,0,0,0,0,0,0,0,0,0,0,0,0,0,0,0,0,10365427091756861676,10365427091756861676,10365427091756861676,8471001406692845736,8471001406692845736,8471001406692845736,0,0,0,0,0,0,0,0,0,0,0
46,20,2816,8,10,0.216599,13000.98,0.080314,35062.17,0.053189,52943.07,0.050395,55878.10,0.077105,36521.65,0.075423,37335.89,0.123470,22807.23,0.224105,0.019871,0.017989,0.075423,0.337388,0.039059,19,284564,299044,1961984,1199,0,0,0,1844,0,0,0,0,0,0,0,0,0,0,0,0,0,0,0,0,0,0,0,3297584855960963704,3297584855960963704,3297584855960963704,5701509229336847606,5701509229336847606,5701509229336847606,0,0,0,0,0,0,0,0,0,0,0
47,20,2887,8,10,0.232039,12441.87,0.096507,29914.90,0.056079,51481.26,0.050052,57679.78,0.093122,31002.23,0.088691,32551.16,0.131641,21930.88,0.241121,0.020378,0.022820,0.088691,0.373011,0.041136,17,302300,318585,2003644,1154,0,0,0,1820,0,0,0,0,0,0,0,0,0,0,0,0,0,0,0,0,0,0,0,16654773006923720410,16654773006923720410,16654773006923720410,15364026819232172467,15364026819232172467,15364026819232172467,0,0,0,0,0,0,0,0,0,0,0
48,20,2750,8,10,0.249830,11007.49,0.112629,24416.34,0.065851,41761.14,0.053817,51099.45,0.104663,26274.88,0.091515,30049.63,0.157067,17508.48,0.257318,0.018986,0.025418,0.091515,0.393237,0.039496,14,300972,316882,1942072,1102,0,0,0,1831,0,0,0,0,0,0,0,0,0,0,0,0,0,0,0,0,0,0,0,2933508093842104808,2933508093842104808,2933508093842104808,7710122185009726075,7710122185009726075,7710122185009726075,0,0,0,0,0,0,0,0,0,0,0
49,20,2552,8,10,0.240769,10599.36,0.110201,23157.67,0.076870,33198.97,0.064570,39523.16,0.095726,26659.31,0.095265,26788.43,0.148139,17227.03,0.247933,0.019004,0.018277,0.095265,0.380480,0.034760,18,277893,290523,1860672,939,0,0,0,1311,0,0,0,0,0,0,0,0,0,0,0,0,0,0,0,0,0,0,0,2914694432058965559,2914694432058965559,2914694432058965559,5923338507845612892,5923338507845612892,5923338507845612892,0,0,0,0,0,0,0,0,0,0,0
50,20,2545,8,10,0.318296,7995.70,0.171335,14853.94,0.121705,20911.17,0.118279,21516.92,0.168995,15059.66,0.141402,17998.31,0.234964,10831.45,0.326777,0.018863,0.026539,0.141402,0.513581,0.032870,9,278916,298691,1798084,1111,0,0,0,1345,0,0,0,0,0,0,0,0,0,0,0,0,0,0,0,0,0,0,0,1719252379024721202,1719252379024721202,1719252379024721202,14069563112104591719,14069563112104591719,14069563112104591719,0,0,0,0,0,0,0,0,0,0,0
51,20,2585,8,10,0.276870,9336.50,0.147568,17517.32,0.096365,26825.16,0.084830,30472.61,0.141136,18315.63,0.111988,23082.88,0.188303,13727.87,0.286354,0.018398,0.023845,0.111988,0.440585,0.037319,12,274829,288689,1955396,1264,0,0,0,1743,0,0,0,0,0,0,0,0,0,0,0,0,0,0,0,0,0,0,0,13917023514701195333,13917023514701195333,13917023514701195333,14872608111058690838,14872608111058690838,14872608111058690838,0,0,0,0,0,0,0,0,0,0,0
52,20,3348,8,10,0.221666,15103.80,0.099052,33800.31,0.073411,45605.94,0.059242,56513.65,0.092604,36153.79,0.090217,37110.47,0.155504,21530.02,0.229156,0.019996,0.020769,0.090217,0.360138,0.051465,18,309024,406599,2118224,2531,0,0,0,3170,0,0,0,0,0,0,0,0,0,0,0,0,0,0,0,0,0,0,0,1840921534385130780,1840921534385130780,1840921534385130780,41386249028137562,41386249028137562,41386249028137562,0,0,0,0,0,0,0,0,0,0,0
53,20,2691,8,10,0.237034,11352.82,0.112959,23822.90,0.056013,48041.99,0.048847,55090.02,0.111783,24073.35,0.098217,27398.43,0.151990,17705.17,0.244807,0.016037,0.022460,0.098217,0.381521,0.033995,13,272321,286681,1813964,1234,0,0,0,1529,0,0,0,0,0,0,0,0,0,0,0,0,0,0,0,0,0,0,0,1547671799295743478,1547671799295743478,1547671799295743478,18253329812479110661,18253329812479110661,18253329812479110661,0,0,0,0,0,0,0,0,0,0,0
54,20,3056,8,10,0.252457,12105.03,0.132197,23117.01,0.064305,47523.60,0.048955,62425.29,0.126446,24168.42,0.109909,27804.75,0.175831,17380.37,0.263971,0.016656,0.024596,0.109909,0.415132,0.042870,13,298906,325071,1987136,1473,0,0,0,1812,0,0,0,0,0,0,0,0,0,0,0,0,0,0,0,0,0,0,0,16315195884463866256,16315195884463866256,16315195884463866256,13935410285385886945,13935410285385886945,13935410285385886945,0,0,0,0,0,0,0,0,0,0,0
55,20,2963,8,10,0.262111,11304.37,0.143546,20641.47,0.065591,45173.98,0.061473,48199.67,0.133369,22216.60,0.123620,23968.54,0.183387,16157.13,0.270541,0.018556,0.026098,0.123620,0.438816,0.039045,11,286360,304350,1905900,1422,0,0,0,1278,0,0,0,0,0,0,0,0,0,0,0,0,0,0,0,0,0,0,0,15243208548307162676,15243208548307162676,15243208548307162676,17683171737575589402,17683171737575589402,17683171737575589402,0,0,0,0,0,0,0,0,0,0,0
56,20,2860,8,10,0.228301,12527.33,0.112162,25498.80,0.071278,40124.44,0.062019,46114.77,0.108647,26323.73,0.086247,33160.49,0.155824,18354.03,0.235984,0.019872,0.030508,0.086247,0.372612,0.044754,10,317156,340861,2021136,1316,0,0,0,1789,0,0,0,0,0,0,0,0,0,0,0,0,0,0,0,0,0,0,0,16202411342395629174,16202411342395629174,16202411342395629174,2637249392125794607,2637249392125794607,2637249392125794607,0,0,0,0,0,0,0,0,0,0,0
57,20,2736,8,10,0.235545,11615.63,0.118038,23178.93,0.084549,32360.01,0.060476,45241.40,0.113168,24176.54,0.096905,28233.96,0.166606,16422.01,0.244874,0.019054,0.022510,0.096905,0.383343,0.038821,14,276888,296948,1866368,1409,0,0,0,1987,0,0,0,0,0,0,0,0,0,0,0,0,0,0,0,0,0,0,0,15404648863680248175,15404648863680248175,15404648863680248175,6670831483456923654,6670831483456923654,6670831483456923654,0,0,0,0,0,0,0,0,0,0,0
58,20,3019,8,10,0.238404,12663.40,0.120312,25093.19,0.066809,45188.69,0.055837,54068.51,0.118035,25577.08,0.093560,32267.97,0.194316,15536.58,0.245933,0.020913,0.030981,0.093560,0.391388,0.043672,8,320484,426969,2050284,3353,0,0,0,4100,0,0,0,0,0,0,0,0,0,0,0,0,0,0,0,0,0,0,0,4408004171837580483,4408004171837580483,4408004171837580483,1824588256336869784,1824588256336869784,1824588256336869784,0,0,0,0,0,0,0,0,0,0,0
59,20,2834,8,10,0.270647,10471.21,0.120423,23533.80,0.070507,40194.34,0.069289,40901.37,0.117677,24082.85,0.106565,26594.15,0.164769,17199.88,0.278726,0.017791,0.022924,0.106565,0.426005,0.042312,13,286534,320709,1858088,1640,0,0,0,1614,0,0,0,0,0,0,0,0,0,0,0,0,0,0,0,0,0,0,0,17145739311027189277,17145739311027189277,17145739311027189277,11866719700288670440,11866719700288670440,11866719700288670440,0,0,0,0,0,0,0,0,0,0,0
60,20,2925,8,10,0.227084,12880.69,0.100882,28994.28,0.065417,44712.93,0.051654,56626.27,0.095664,30575.68,0.084776,34502.80,0.151946,19250.25,0.232558,0.018843,0.020848,0.084776,0.357024,0.041121,17,290635,329405,1963060,1618,0,0,0,2518,0,0,0,0,0,0,0,0,0,0,0,0,0,0,0,0,0,0,0,4371180300417004317,4371180300417004317,4371180300417004317,6384007298865743227,6384007298865743227,6384007298865743227,0,0,0,0,0,0,0,0,0,0,0
61,20,2686,8,10,0.267515,10040.55,0.128520,20899.40,0.069438,38681.87,0.053792,49932.61,0.125367,21425.08,0.101804,26384.15,0.176966,15178.05,0.278811,0.015820,0.027223,0.101804,0.423657,0.034757,10,297466,312126,1930104,1167,0,0,0,1695,0,0,0,0,0,0,0,0,0,0,0,0,0,0,0,0,0,0,0,17281726428613953611,17281726428613953611,17281726428613953611,858756816792626017,858756816792626017,858756816792626017,0,0,0,0,0,0,0,0,0,0,0
62,20,2683,8,10,0.224602,11945.56,0.099644,26925.72,0.050856,52757.32,0.047560,56413.24,0.091786,29230.88,0.085095,31529.45,0.140447,19103.34,0.231805,0.020735,0.021897,0.085095,0.359532,0.035028,15,285936,300591,1859852,1047,0,0,0,1530,0,0,0,0,0,0,0,0,0,0,0,0,0,0,0,0,0,0,0,4937513896959217985,4937513896959217985,4937513896959217985,9045988194890420732,9045988194890420732,9045988194890420732,0,0,0,0,0,0,0,0,0,0,0
63,20,2356,8,10,0.198182,11888.09,0.092456,25482.51,0.043069,54702.99,0.037524,62786.20,0.091258,25816.81,0.067938,34678.72,0.127504,18477.80,0.205096,0.019328,0.026912,0.067938,0.319274,0.026404,8,294128,303768,1628112,736,0,0,0,886,0,0,0,0,0,0,0,0,0,0,0,0,0,0,0,0,0,0,0,3316520283452177067,3316520283452177067,3316520283452177067,12286577930844250828,12286577930844250828,12286577930844250828,0,0,0,0,0,0,0,0,0,0,0
64,20,2530,8,10,0.234989,10766.45,0.113509,22288.88,0.065733,38489.15,0.052948,47782.64,0.108473,23323.88,0.095795,26410.62,0.157251,16088.90,0.246007,0.014428,0.020814,0.095795,0.377043,0.030679,13,260032,273787,1735528,1122,0,0,0,2124,0,0,0,0,0,0,0,0,0,0,0,0,0,0,0,0,0,0,0,4796996795817881030,4796996795817881030,4796996795817881030,9773727755629885074,9773727755629885074,9773727755629885074,0,0,0,0,0,0,0,0,0,0,0
65,20,2756,8,10,0.253117,10888.23,0.097597,28238.48,0.068450,40263.22,0.058995,46715.90,0.095470,28867.80,0.089336,30849.71,0.140522,19612.53,0.263209,0.018666,0.022785,0.089336,0.393995,0.041561,15,293979,308394,1914192,1072,0,0,0,1505,0,0,0,0,0,0,0,0,0,0,0,0,0,0,0,0,0,0,0,2345139382104663402,2345139382104663402,2345139382104663402,15946005725147617798,15946005725147617798,15946005725147617798,0,0,0,0,0,0,0,0,0,0,0
66,20,2739,8,10,0.279974,9783.07,0.143339,19108.60,0.102177,26806.35,0.096788,28299.00,0.144096,19008.13,0.119491,22922.17,0.186102,14717.74,0.288090,0.016900,0.026157,0.119491,0.450638,0.040383,11,285129,302679,1928844,1231,0,0,0,1725,0,0,0,0,0,0,0,0,0,0,0,0,0,0,0,0,0,0,0,12877167249682343444,12877167249682343444,12877167249682343444,511430806345941944,511430806345941944,511430806345941944,0,0,0,0,0,0,0,0,0,0,0
67,20,3207,8,10,0.210319,15248.23,0.085953,37311.07,0.059231,54144.15,0.056839,56422.69,0.081959,39129.28,0.081000,39592.44,0.146026,21961.83,0.219318,0.018931,0.021466,0.081000,0.340716,0.059277,16,312208,391008,2046044,2690,0,0,0,3252,0,0,0,0,0,0,0,0,0,0,0,0,0,0,0,0,0,0,0,2870222524930322162,2870222524930322162,2870222524930322162,3236712269518931706,3236712269518931706,3236712269518931706,0,0,0,0,0,0,0,0,0,0,0
68,20,2839,8,10,0.228109,12445.80,0.105503,26909.28,0.063093,44996.93,0.056261,50461.49,0.099934,28408.80,0.090846,31250.79,0.159424,17807.89,0.230551,0.018837,0.020771,0.090846,0.361005,0.036180,14,276107,302602,1846044,1579,0,0,0,2591,0,0,0,0,0,0,0,0,0,0,0,0,0,0,0,0,0,0,0,7819534935484264013,7819534935484264013,7819534935484264013,10972054306968996400,10972054306968996400,10972054306968996400,0,0,0,0,0,0,0,0,0,0,0
69,20,2909,8,10,0.229156,12694.39,0.115382,25211.82,0.069384,41926.32,0.063652,45701.29,0.104927,27724.08,0.094402,30815.08,0.152172,19116.58,0.235995,0.020202,0.024311,0.094402,0.374910,0.042912,13,293311,313656,1972340,1325,0,0,0,1875,0,0,0,0,0,0,0,0,0,0,0,0,0,0,0,0,0,0,0,892659742162746722,892659742162746722,892659742162746722,13920880273771939617,13920880273771939617,13920880273771939617,0,0,0,0,0,0,0,0,0,0,0
70,20,2896,8,10,0.258048,11222.72,0.141338,20489.83,0.103791,27902.24,0.084667,34204.75,0.138293,20941.01,0.123146,23516.78,0.192914,15011.84,0.269022,0.018215,0.022387,0.123146,0.432770,0.040553,15,303323,327258,2028672,1851,0,0,0,3111,0,0,0,0,0,0,0,0,0,0,0,0,0,0,0,0,0,0,0,16960649559709117761,16960649559709117761,16960649559709117761,13889837533610752530,13889837533610752530,13889837533610752530,0,0,0,0,0,0,0,0,0,0,0
71,20,2506,8,10,0.234112,10704.29,0.125221,20012.59,0.086025,29131.18,0.074984,33420.52,0.114876,21814.83,0.087096,28772.86,0.165673,15126.16,0.241105,0.019419,0.025162,0.087096,0.372782,0.031593,13,310394,329314,1877576,1517,0,0,0,3080,0,0,0,0,0,0,0,0,0,0,0,0,0,0,0,0,0,0,0,11256817082065442380,11256817082065442380,11256817082065442380,4400510884391489899,4400510884391489899,4400510884391489899,0,0,0,0,0,0,0,0,0,0,0
72,20,2828,8,10,0.219123,12905.98,0.101911,27749.72,0.066280,42667.41,0.062197,45468.33,0.099344,28466.75,0.091800,30805.94,0.155689,18164.39,0.225667,0.019247,0.020153,0.091800,0.356867,0.037107,16,275660,295070,1884208,1526,0,0,0,3039,0,0,0,0,0,0,0,0,0,0,0,0,0,0,0,0,0,0,0,12996707124201688712,12996707124201688712,12996707124201688712,14084482897607303574,14084482897607303574,14084482897607303574,0,0,0,0,0,0,0,0,0,0,0
73,20,2735,8,10,0.245802,11126.85,0.100311,27265.14,0.055161,49582.04,0.051910,52687.56,0.094826,28842.22,0.087899,31115.39,0.150236,18204.67,0.253572,0.018750,0.019023,0.087899,0.379244,0.035723,17,272959,310434,1868092,1424,0,0,0,2040,0,0,0,0,0,0,0,0,0,0,0,0,0,0,0,0,0,0,0,16654427529489152627,16654427529489152627,16654427529489152627,8261214952376205856,8261214952376205856,8261214952376205856,0,0,0,0,0,0,0,0,0,0,0
74,20,3145,8,10,0.224402,14015.02,0.100747,31216.95,0.071517,43975.26,0.057129,55050.74,0.098735,31852.93,0.090282,34835.39,0.154717,20327.49,0.233168,0.019398,0.025234,0.090282,0.368081,0.047294,14,300190,376710,2123940,2204,0,0,0,2852,0,0,0,0,0,0,0,0,0,0,0,0,0,0,0,0,0,0,0,14127957722524593168,14127957722524593168,14127957722524593168,16661507663430022187,16661507663430022187,16661507663430022187,0,0,0,0,0,0,0,0,0,0,0
75,20,2502,8,10,0.197270,12683.14,0.075616,33088.06,0.055873,44780.01,0.054732,45714.06,0.074247,33698.56,0.072644,34441.79,0.118495,21114.73,0.203749,0.018413,0.017732,0.072644,0.312538,0.031965,18,259878,270898,1857144,972,0,0,0,2085,0,0,0,0,0,0,0,0,0,0,0,0,0,0,0,0,0,0,0,17002259642486831887,17002259642486831887,17002259642486831887,16689958811560170529,16689958811560170529,16689958811560170529,0,0,0,0,0,0,0,0,0,0,0
76,20,2736,8,10,0.208446,13125.67,0.088661,30859.20,0.071120,38470.11,0.068056,40202.33,0.085307,32072.53,0.082640,33107.40,0.133477,20497.85,0.216336,0.017347,0.019434,0.082640,0.335758,0.038979,17,288872,309792,2040288,1528,0,0,0,3233,0,0,0,0,0,0,0,0,0,0,0,0,0,0,0,0,0,0,0,7215571275948040147,7215571275948040147,7215571275948040147,15887630106699343972,15887630106699343972,15887630106699343972,0,0,0,0,0,0,0,0,0,0,0
77,20,2521,8,10,0.195243,12912.14,0.089434,28188.23,0.068712,36689.36,0.063756,39541.20,0.085939,29334.62,0.077311,32608.67,0.124076,20318.23,0.202323,0.017310,0.026607,0.077311,0.323550,0.029999,13,255426,268176,1813476,1143,0,0,0,2611,0,0,0,0,0,0,0,0,0,0,0,0,0,0,0,0,0,0,0,3000324518912970074,3000324518912970074,3000324518912970074,10108300586788421942,10108300586788421942,10108300586788421942,0,0,0,0,0,0,0,0,0,0,0
78,20,2781,8,10,0.229019,12143.12,0.101712,27341.96,0.063005,44139.57,0.057860,48063.97,0.096823,28722.56,0.090074,30874.55,0.149755,18570.38,0.236465,0.021852,0.021969,0.090074,0.370360,0.037540,15,291988,335893,2042036,1240,0,0,0,2037,0,0,0,0,0,0,0,0,0,0,0,0,0,0,0,0,0,0,0,13992440737659857501,13992440737659857501,13992440737659857501,17712352157014731030,17712352157014731030,17712352157014731030,0,0,0,0,0,0,0,0,0,0,0
79,20,2848,8,10,0.219917,12950.36,0.092430,30812.34,0.066310,42949.50,0.061659,46189.36,0.090455,31485.19,0.084266,33797.60,0.144735,19677.31,0.227962,0.017886,0.020361,0.084266,0.350475,0.038345,16,290109,324319,1974848,1432,0,0,0,2412,0,0,0,0,0,0,0,0,0,0,0,0,0,0,0,0,0,0,0,10957156067263216174,10957156067263216174,10957156067263216174,801226925912233804,801226925912233804,801226925912233804,0,0,0,0,0,0,0,0,0,0,0
80,20,2711,8,10,0.224851,12056.89,0.100588,26951.59,0.073436,36916.62,0.069757,38863.70,0.099279,27306.79,0.096565,28074.26,0.148078,18307.98,0.234856,0.014423,0.018724,0.096565,0.364569,0.037403,18,279631,302726,1934684,1606,0,0,0,3022,0,0,0,0,0,0,0,0,0,0,0,0,0,0,0,0,0,0,0,12611417412342439574,12611417412342439574,12611417412342439574,6178235389854821864,6178235389854821864,6178235389854821864,0,0,0,0,0,0,0,0,0,0,0
81,20,3004,8,10,0.229631,13081.84,0.114243,26294.85,0.060071,50007.89,0.056857,52834.04,0.109333,27475.74,0.084226,35665.78,0.168285,17850.70,0.237703,0.019829,0.030377,0.084226,0.372136,0.049271,11,317234,430504,2101008,2477,0,0,0,3253,0,0,0,0,0,0,0,0,0,0,0,0,0,0,0,0,0,0,0,16073515729740633305,16073515729740633305,16073515729740633305,13540071726342051146,13540071726342051146,13540071726342051146,0,0,0,0,0,0,0,0,0,0,0
82,20,3009,8,10,0.220565,13642.23,0.104006,28931.04,0.083993,35824.57,0.067011,44903.24,0.091264,32970.24,0.083596,35994.72,0.155644,19332.64,0.227186,0.021424,0.025147,0.083596,0.357353,0.043494,13,299038,376378,2010852,2228,0,0,0,3288,0,0,0,0,0,0,0,0,0,0,0,0,0,0,0,0,0,0,0,18246458083815325486,18246458083815325486,18246458083815325486,7648602586887315190,7648602586887315190,7648602586887315190,0,0,0,0,0,0,0,0,0,0,0
83,20,2723,8,10,0.241044,11296.68,0.141772,19206.87,0.086405,31514.50,0.074195,36700.72,0.115201,23636.95,0.099728,27304.36,0.176160,15457.51,0.248881,0.017473,0.021217,0.099728,0.387298,0.037022,15,273668,298943,1864076,1621,0,0,0,3262,0,0,0,0,0,0,0,0,0,0,0,0,0,0,0,0,0,0,0,16200208979811277280,16200208979811277280,16200208979811277280,16267213378765356080,16267213378765356080,16267213378765356080,0,0,0,0,0,0,0,0,0,0,0
84,20,2867,8,10,0.272070,10537.72,0.124021,23116.98,0.069509,41246.66,0.063942,44837.49,0.118858,24121.23,0.103878,27599.74,0.186452,15376.62,0.280386,0.017891,0.023516,0.103878,0.425671,0.038222,13,288539,308119,1970316,1567,0,0,0,2174,0,0,0,0,0,0,0,0,0,0,0,0,0,0,0,0,0,0,0,12091759304411317593,12091759304411317593,12091759304411317593,8551863906056765379,8551863906056765379,8551863906056765379,0,0,0,0,0,0,0,0,0,0,0
85,20,2795,8,10,0.223125,12526.61,0.114510,24408.37,0.072483,38560.91,0.067426,41452.97,0.112412,24863.82,0.100526,27803.72,0.160121,17455.59,0.231732,0.016862,0.020612,0.100526,0.369732,0.035899,15,273960,296055,1892396,1555,0,0,0,2997,0,0,0,0,0,0,0,0,0,0,0,0,0,0,0,0,0,0,0,6538616212826415096,6538616212826415096,6538616212826415096,10623032085382933592,10623032085382933592,10623032085382933592,0,0,0,0,0,0,0,0,0,0,0
86,20,2853,8,10,0.192095,14852.01,0.100834,28294.05,0.086078,33144.29,0.072403,39404.59,0.090221,31622.49,0.084689,33687.95,0.130053,21937.29,0.199081,0.017841,0.021900,0.084689,0.323511,0.037117,15,270058,289673,1919860,1583,0,0,0,3214,0,0,0,0,0,0,0,0,0,0,0,0,0,0,0,0,0,0,0,7629055143010453621,7629055143010453621,7629055143010453621,7517680313566635373,7517680313566635373,7517680313566635373,0,0,0,0,0,0,0,0,0,0,0
87,20,2871,8,10,0.208227,13787.85,0.098443,29164.02,0.069398,41370.21,0.066523,43157.68,0.096608,29718.10,0.085422,33609.55,0.142042,20212.37,0.214922,0.019422,0.021923,0.085422,0.341689,0.040855,15,289879,309144,1961500,1512,0,0,0,2916,0,0,0,0,0,0,0,0,0,0,0,0,0,0,0,0,0,0,0,14638420614058164017,14638420614058164017,14638420614058164017,15476035280335816807,15476035280335816807,15476035280335816807,0,0,0,0,0,0,0,0,0,0,0
88,20,2851,8,10,0.182908,15587.04,0.072576,39282.84,0.064403,44267.79,0.061647,46247.17,0.072557,39293.38,0.071527,39858.87,0.116880,24392.53,0.187260,0.018097,0.019288,0.071527,0.296172,0.040476,17,277917,316437,2047724,1631,0,0,0,3176,0,0,0,0,0,0,0,0,0,0,0,0,0,0,0,0,0,0,0,5403725286965341813,5403725286965341813,5403725286965341813,18211403209074784620,18211403209074784620,18211403209074784620,0,0,0,0,0,0,0,0,0,0,0
89,20,3012,8,10,0.191585,15721.47,0.075746,39764.32,0.065544,45954.15,0.063376,47525.74,0.075389,39952.63,0.070339,42821.42,0.128277,23480.35,0.192825,0.019710,0.025771,0.070339,0.308644,0.043199,15,281998,344973,2004688,2346,0,0,0,3518,0,0,0,0,0,0,0,0,0,0,0,0,0,0,0,0,0,0,0,7578408449149562639,7578408449149562639,7578408449149562639,6875648798207577714,6875648798207577714,6875648798207577714,0,0,0,0,0,0,0,0,0,0,0
90,20,2687,8,10,0.194267,13831.50,0.087339,30765.31,0.071838,37403.61,0.068630,39152.10,0.087853,30585.20,0.081766,32862.00,0.132826,20229.52,0.201483,0.018801,0.020766,0.081766,0.322817,0.035441,15,275973,296688,1943612,1517,0,0,0,3046,0,0,0,0,0,0,0,0,0,0,0,0,0,0,0,0,0,0,0,13473690222233201811,13473690222233201811,13473690222233201811,136683279232401990,136683279232401990,136683279232401990,0,0,0,0,0,0,0,0,0,0,0
91,20,3068,8,10,0.218475,14042.78,0.099475,30841.90,0.071999,42611.80,0.068720,44645.19,0.097280,31537.96,0.084991,36097.79,0.163320,18785.16,0.226322,0.019943,0.026731,0.084991,0.357987,0.041499,14,304172,546152,2111792,3275,0,0,0,4570,0,0,0,0,0,0,0,0,0,0,0,0,0,0,0,0,0,0,0,4837874195933695539,4837874195933695539,4837874195933695539,607466221918585444,607466221918585444,607466221918585444,0,0,0,0,0,0,0,0,0,0,0
92,20,2908,8,10,0.201704,14417.14,0.083054,35013.16,0.075689,38420.29,0.071809,40496.53,0.081739,35576.77,0.081199,35813.26,0.135461,21467.46,0.215991,0.012183,0.017983,0.081199,0.327355,0.039487,19,289928,314423,2011984,1779,0,0,0,3606,0,0,0,0,0,0,0,0,0,0,0,0,0,0,0,0,0,0,0,4561493414039931682,4561493414039931682,4561493414039931682,14815590132753891443,14815590132753891443,14815590132753891443,0,0,0,0,0,0,0,0,0,0,0
93,20,2829,8,10,0.222625,12707.47,0.101383,27904.07,0.065193,43394.01,0.062040,45599.93,0.098466,28730.74,0.087376,32377.23,0.161268,17542.23,0.232061,0.016458,0.022586,0.087376,0.358480,0.037827,14,289685,348755,1984180,2068,0,0,0,2978,0,0,0,0,0,0,0,0,0,0,0,0,0,0,0,0,0,0,0,5381645468632461273,5381645468632461273,5381645468632461273,3567935536247853466,3567935536247853466,3567935536247853466,0,0,0,0,0,0,0,0,0,0,0
94,20,2699,8,10,0.249153,10832.70,0.112678,23953.18,0.071516,37739.72,0.065559,41169.13,0.109701,24603.33,0.091344,29547.58,0.165085,16349.11,0.250107,0.018692,0.025341,0.091344,0.385484,0.036275,13,307755,323365,2006348,1396,0,0,0,2826,0,0,0,0,0,0,0,0,0,0,0,0,0,0,0,0,0,0,0,1082368600687663378,1082368600687663378,1082368600687663378,12438628283037156507,12438628283037156507,12438628283037156507,0,0,0,0,0,0,0,0,0,0,0
95,20,2806,8,10,0.235231,11928.72,0.105546,26585.49,0.082347,34075.37,0.071615,39182.00,0.102141,27471.92,0.091954,30515.37,0.154791,18127.61,0.253733,0.010241,0.022057,0.091954,0.377985,0.038939,14,291832,320507,1967480,1865,0,0,0,3223,0,0,0,0,0,0,0,0,0,0,0,0,0,0,0,0,0,0,0,10258065750766255290,10258065750766255290,10258065750766255290,9730059833659853858,9730059833659853858,9730059833659853858,0,0,0,0,0,0,0,0,0,0,0
96,20,3233,8,10,0.258453,12509.03,0.113927,28377.91,0.081953,39449.47,0.075552,42791.55,0.111334,29038.73,0.097463,33171.70,0.176772,18289.14,0.264768,0.024096,0.026290,0.097463,0.412615,0.050544,14,311226,383691,2231940,2454,0,0,0,3906,0,0,0,0,0,0,0,0,0,0,0,0,0,0,0,0,0,0,0,1659148432617572264,1659148432617572264,1659148432617572264,15218572834803089777,15218572834803089777,15218572834803089777,0,0,0,0,0,0,0,0,0,0,0
97,20,2876,8,10,0.203985,14099.07,0.087073,33029.67,0.066107,43505.25,0.063142,45547.94,0.086397,33288.00,0.083926,34268.31,0.134348,21407.03,0.211721,0.018267,0.021502,0.083926,0.335416,0.038138,16,278645,298940,1975760,1525,0,0,0,3141,0,0,0,0,0,0,0,0,0,0,0,0,0,0,0,0,0,0,0,12852213438957509145,12852213438957509145,12852213438957509145,10699248331098465419,10699248331098465419,10699248331098465419,0,0,0,0,0,0,0,0,0,0,0
98,20,2963,8,10,0.234506,12635.07,0.109109,27156.35,0.075205,39398.78,0.070900,41791.17,0.106001,27952.50,0.098417,30106.59,0.161315,18367.81,0.239928,0.020627,0.022040,0.098417,0.381012,0.041127,15,301479,325684,2057644,1830,0,0,0,2838,0,0,0,0,0,0,0,0,0,0,0,0,0,0,0,0,0,0,0,14358725756158237044,14358725756158237044,14358725756158237044,14239851542863690959,14239851542863690959,14239851542863690959,0,0,0,0,0,0,0,0,0,0,0
99,20,2992,8,10,0.255744,11699.21,0.120135,24905.24,0.093631,31955.37,0.079894,37449.61,0.111107,26929.07,0.095365,31374.16,0.166595,17959.77,0.266722,0.017792,0.022608,0.095365,0.402487,0.044484,15,303118,324008,2069056,1513,0,0,0,3167,0,0,0,0,0,0,0,0,0,0,0,0,0,0,0,0,0,0,0,14524672252331263635,14524672252331263635,14524672252331263635,6707768822302619650,6707768822302619650,6707768822302619650,0,0,0,0,0,0,0,0,0,0,0
100,20,2938,8,10,0.198139,14827.96,0.086351,34023.92,0.074836,39259.08,0.070309,41786.99,0.086088,34127.75,0.078993,37193.24,0.127751,22997.91,0.205295,0.018936,0.020568,0.078993,0.323792,0.040374,16,288058,306278,2007432,1417,0,0,0,3037,0,0,0,0,0,0,0,0,0,0,0,0,0,0,0,0,0,0,0,15631213187504610074,15631213187504610074,15631213187504610074,7033856685056525347,7033856685056525347,7033856685056525347,0,0,0,0,0,0,0,0,0,0,0
101,20,2984,8,10,0.234442,12728.12,0.096594,30892.09,0.081650,36546.44,0.078691,37920.51,0.094966,31421.67,0.088481,33724.59,0.152399,19580.15,0.241879,0.018836,0.026631,0.088481,0.375827,0.042996,15,306341,335056,2081952,1754,0,0,0,3289,0,0,0,0,0,0,0,0,0,0,0,0,0,0,0,0,0,0,0,8317684730980937090,8317684730980937090,8317684730980937090,9319018520405547751,9319018520405547751,9319018520405547751,0,0,0,0,0,0,0,0,0,0,0
102,20,2920,8,10,0.217297,13437.82,0.085857,34010.06,0.073946,39488.35,0.069763,41856.11,0.084797,34435.32,0.084379,34605.56,0.139924,20868.44,0.225180,0.016285,0.018354,0.084379,0.344199,0.043959,18,291774,315529,2007776,1700,0,0,0,3443,0,0,0,0,0,0,0,0,0,0,0,0,0,0,0,0,0,0,0,12262115175495957814,12262115175495957814,12262115175495957814,14546157982550491513,14546157982550491513,14546157982550491513,0,0,0,0,0,0,0,0,0,0,0
103,20,2976,8,10,0.258098,11530.49,0.120524,24692.16,0.078966,37686.90,0.066554,44715.53,0.115902,25676.94,0.103351,28795.16,0.168938,17615.88,0.266722,0.020085,0.021679,0.103351,0.411837,0.044238,17,302488,321873,1997728,1445,0,0,0,2775,0,0,0,0,0,0,0,0,0,0,0,0,0,0,0,0,0,0,0,11180037798959351147,11180037798959351147,11180037798959351147,6028321416588794604,6028321416588794604,6028321416588794604,0,0,0,0,0,0,0,0,0,0,0
104,20,3056,8,10,0.216608,14108.42,0.088503,34530.04,0.073874,41367.59,0.070723,43210.78,0.087347,34986.99,0.078360,38999.51,0.148432,20588.56,0.222629,0.020835,0.022045,0.078360,0.343869,0.051926,15,303348,358468,2038624,2373,0,0,0,3681,0,0,0,0,0,0,0,0,0,0,0,0,0,0,0,0,0,0,0,36778779342998629,36778779342998629,36778779342998629,15861368293522652269,15861368293522652269,15861368293522652269,0,0,0,0,0,0,0,0,0,0,0
105,20,3111,8,10,0.219125,14197.41,0.090663,34314.00,0.060857,51119.65,0.058199,53454.10,0.089623,34711.95,0.078567,39597.00,0.146617,21218.48,0.223452,0.020311,0.023086,0.078567,0.345415,0.045690,15,310574,358514,2013756,2014,0,0,0,3028,0,0,0,0,0,0,0,0,0,0,0,0,0,0,0,0,0,0,0,15698768689645911613,15698768689645911613,15698768689645911613,6175977023782553280,6175977023782553280,6175977023782553280,0,0,0,0,0,0,0,0,0,0,0
106,20,2899,8,10,0.181673,15957.24,0.076011,38139.13,0.068282,42456.50,0.066289,43732.48,0.076520,37885.44,0.074766,38774.19,0.120899,23978.66,0.185550,0.019573,0.020997,0.074766,0.300886,0.038538,14,277986,299571,1894796,1658,0,0,0,3061,0,0,0,0,0,0,0,0,0,0,0,0,0,0,0,0,0,0,0,6907048494234373469,6907048494234373469,6907048494234373469,18218907731889459443,18218907731889459443,18218907731889459443,0,0,0,0,0,0,0,0,0,0,0
107,20,2865,8,10,0.192612,14874.45,0.074371,38523.08,0.060904,47041.28,0.059631,48045.71,0.073704,38871.83,0.073711,38867.84,0.120374,23800.74,0.199969,0.017739,0.019627,0.073711,0.311046,0.040347,18,276033,296358,1910404,1374,0,0,0,2733,0,0,0,0,0,0,0,0,0,0,0,0,0,0,0,0,0,0,0,4772187128323409082,4772187128323409082,4772187128323409082,12429046360539713167,12429046360539713167,12429046360539713167,0,0,0,0,0,0,0,0,0,0,0
108,20,3062,8,10,0.205118,14928.02,0.089962,34036.58,0.074619,41035.31,0.073766,41509.41,0.090216,33940.84,0.082211,37245.57,0.139350,21973.43,0.211420,0.020043,0.023915,0.082211,0.337590,0.044334,17,296849,327079,2031640,1833,0,0,0,3623,0,0,0,0,0,0,0,0,0,0,0,0,0,0,0,0,0,0,0,8742277905246773260,8742277905246773260,8742277905246773260,10610105436648432803,10610105436648432803,10610105436648432803,0,0,0,0,0,0,0,0,0,0,0
109,20,3081,8,10,0.206465,14922.62,0.089349,34482.59,0.066270,46491.71,0.061024,50488.71,0.086260,35717.48,0.079902,38559.84,0.135691,22705.94,0.217950,0.015582,0.020976,0.079902,0.334410,0.046354,16,296302,323152,2006852,1697,0,0,0,2855,0,0,0,0,0,0,0,0,0,0,0,0,0,0,0,0,0,0,0,17182554012961736601,17182554012961736601,17182554012961736601,8536581536825348425,8536581536825348425,8536581536825348425,0,0,0,0,0,0,0,0,0,0,0
110,20,3148,8,10,0.210619,14946.44,0.074237,42404.56,0.063859,49296.32,0.063265,49759.09,0.074968,41991.22,0.075182,41871.56,0.118620,26538.50,0.218694,0.019703,0.019628,0.075182,0.333207,0.051033,19,307323,327208,2077680,1428,0,0,0,2696,0,0,0,0,0,0,0,0,0,0,0,0,0,0,0,0,0,0,0,13203465313233130716,13203465313233130716,13203465313233130716,8050382242220168384,8050382242220168384,8050382242220168384,0,0,0,0,0,0,0,0,0,0,0
111,20,3372,8,10,0.231505,14565.58,0.099786,33792.35,0.078811,42785.74,0.075811,44479.00,0.089456,37694.66,0.083381,40440.98,0.146881,22957.40,0.240323,0.021391,0.030354,0.083381,0.375449,0.056125,14,327941,406656,2227440,2378,0,0,0,3496,0,0,0,0,0,0,0,0,0,0,0,0,0,0,0,0,0,0,0,7684331860666454681,7684331860666454681,7684331860666454681,12014590425566957637,12014590425566957637,12014590425566957637,0,0,0,0,0,0,0,0,0,0,0
112,20,3259,8,10,0.240454,13553.50,0.106370,30638.28,0.070991,45907.24,0.068928,47281.53,0.101226,32195.20,0.094712,34409.55,0.163603,19920.20,0.248075,0.020704,0.022694,0.094712,0.386184,0.047440,16,317065,350970,2209548,2055,0,0,0,3559,0,0,0,0,0,0,0,0,0,0,0,0,0,0,0,0,0,0,0,16032990041237455262,16032990041237455262,16032990041237455262,11516140605752357147,11516140605752357147,11516140605752357147,0,0,0,0,0,0,0,0,0,0,0
113,20,3017,8,10,0.203224,14845.66,0.076473,39451.63,0.063753,47323.41,0.059815,50438.68,0.074239,40639.03,0.072742,41475.10,0.126193,23907.77,0.213019,0.016798,0.020357,0.072742,0.322917,0.044641,17,298467,327067,2032932,1988,0,0,0,3317,0,0,0,0,0,0,0,0,0,0,0,0,0,0,0,0,0,0,0,8835795684123041750,8835795684123041750,8835795684123041750,3328338697714473079,3328338697714473079,3328338697714473079,0,0,0,0,0,0,0,0,0,0,0
114,20,3371,8,10,0.241661,13949.32,0.132852,25374.19,0.095580,35268.97,0.074227,45414.54,0.123661,27260.00,0.090070,37426.53,0.192317,17528.32,0.258826,0.013577,0.025535,0.090070,0.388008,0.049058,12,312009,387524,2264588,3527,0,0,0,5766,0,0,0,0,0,0,0,0,0,0,0,0,0,0,0,0,0,0,0,11078657049357975912,11078657049357975912,11078657049357975912,4975697385521092885,4975697385521092885,4975697385521092885,0,0,0,0,0,0,0,0,0,0,0
115,20,2777,8,10,0.207381,13390.81,0.095842,28974.90,0.077196,35973.48,0.072949,38067.76,0.095367,29119.24,0.088277,31457.68,0.146102,19007.27,0.214179,0.017540,0.021869,0.088277,0.341865,0.038007,16,284830,311715,1947364,1997,0,0,0,3939,0,0,0,0,0,0,0,0,0,0,0,0,0,0,0,0,0,0,0,14070552503073798431,14070552503073798431,14070552503073798431,5031343383435241113,5031343383435241113,5031343383435241113,0,0,0,0,0,0,0,0,0,0,0
116,20,3181,8,10,0.201140,15814.86,0.093178,34139.09,0.085924,37021.00,0.081288,39132.48,0.093538,34007.63,0.092826,34268.34,0.145429,21873.26,0.209257,0.019564,0.021742,0.092826,0.343389,0.046162,17,312217,346467,2151540,2374,0,0,0,3948,0,0,0,0,0,0,0,0,0,0,0,0,0,0,0,0,0,0,0,13176198676517235723,13176198676517235723,13176198676517235723,14707706842316770444,14707706842316770444,14707706842316770444,0,0,0,0,0,0,0,0,0,0,0
117,20,3642,8,10,0.185053,19680.83,0.080956,44987.63,0.067685,53808.17,0.065334,55744.22,0.078309,46508.12,0.070795,51444.61,0.160027,22758.73,0.190709,0.017144,0.025832,0.070795,0.304479,0.056637,15,322945,664785,2205736,4564,0,0,0,5556,0,0,0,0,0,0,0,0,0,0,0,0,0,0,0,0,0,0,0,13571399049465757457,13571399049465757457,13571399049465757457,16410387133966320530,16410387133966320530,16410387133966320530,0,0,0,0,0,0,0,0,0,0,0
118,20,2991,8,10,0.210052,14239.35,0.099775,29977.35,0.070376,42500.31,0.065754,45487.49,0.098612,30331.12,0.090086,33201.51,0.148928,20083.52,0.218418,0.020001,0.021904,0.090086,0.350409,0.041936,16,292697,325377,1966844,1804,0,0,0,3186,0,0,0,0,0,0,0,0,0,0,0,0,0,0,0,0,0,0,0,8855897504855576733,8855897504855576733,8855897504855576733,15451863999960209410,15451863999960209410,15451863999960209410,0,0,0,0,0,0,0,0,0,0,0
119,20,3019,8,10,0.227401,13276.09,0.089841,33603.85,0.083639,36095.50,0.071782,42058.17,0.089583,33700.77,0.084157,35873.36,0.147951,20405.43,0.234288,0.018481,0.023435,0.084157,0.360361,0.052467,13,304564,388019,1995916,1479,0,0,0,2831,0,0,0,0,0,0,0,0,0,0,0,0,0,0,0,0,0,0,0,15157243951231508612,15157243951231508612,15157243951231508612,12353549484945295612,12353549484945295612,12353549484945295612,0,0,0,0,0,0,0,0,0,0,0
120,20,2925,8,10,0.206532,14162.47,0.080323,36415.59,0.069077,42343.88,0.066775,43804.12,0.079388,36844.45,0.075033,38983.05,0.125839,23244.05,0.211592,0.020221,0.027672,0.075033,0.334518,0.040926,15,297401,316046,2041236,1513,0,0,0,2996,0,0,0,0,0,0,0,0,0,0,0,0,0,0,0,0,0,0,0,10750753371657572460,10750753371657572460,10750753371657572460,15012692710183526927,15012692710183526927,15012692710183526927,0,0,0,0,0,0,0,0,0,0,0
121,20,3121,8,10,0.242100,12891.39,0.109985,28376.66,0.077114,40472.32,0.072919,42800.89,0.109480,28507.40,0.094417,33055.37,0.159730,19539.24,0.251619,0.016339,0.022793,0.094417,0.385168,0.047045,16,307440,343850,2114564,2134,0,0,0,3597,0,0,0,0,0,0,0,0,0,0,0,0,0,0,0,0,0,0,0,12860302705369053410,12860302705369053410,12860302705369053410,12903945753821501054,12903945753821501054,12903945753821501054,0,0,0,0,0,0,0,0,0,0,0
122,20,3002,8,10,0.231072,12991.63,0.091094,32954.90,0.065244,46011.92,0.062221,48247.21,0.088484,33927.07,0.084467,35540.51,0.143068,20983.09,0.238098,0.019262,0.020907,0.084467,0.362734,0.041815,17,291675,312675,2020200,1492,0,0,0,2709,0,0,0,0,0,0,0,0,0,0,0,0,0,0,0,0,0,0,0,12893623194246317590,12893623194246317590,12893623194246317590,16556573063620981775,16556573063620981775,16556573063620981775,0,0,0,0,0,0,0,0,0,0,0
123,20,3153,8,10,0.194789,16186.73,0.083778,37635.39,0.070950,44439.93,0.067352,46813.56,0.083442,37786.71,0.080280,39274.94,0.131519,23973.72,0.200438,0.021555,0.023958,0.080280,0.326231,0.047956,16,304590,375230,2096292,2489,0,0,0,3991,0,0,0,0,0,0,0,0,0,0,0,0,0,0,0,0,0,0,0,10914417188394209494,10914417188394209494,10914417188394209494,2615060211463786560,2615060211463786560,2615060211463786560,0,0,0,0,0,0,0,0,0,0,0
124,20,3192,8,10,0.200701,15904.24,0.084659,37704.14,0.076483,41734.59,0.073589,43375.83,0.083466,38243.01,0.080286,39757.92,0.127625,25010.78,0.208111,0.019613,0.021603,0.080286,0.329613,0.047714,17,310679,334539,2118784,1733,0,0,0,3457,0,0,0,0,0,0,0,0,0,0,0,0,0,0,0,0,0,0,0,11911751417180556795,11911751417180556795,11911751417180556795,12511058334558855008,12511058334558855008,12511058334558855008,0,0,0,0,0,0,0,0,0,0,0
125,20,2915,8,10,0.221252,13175.02,0.086635,33646.92,0.077184,37767.09,0.072297,40319.79,0.087531,33302.64,0.081514,35760.84,0.142477,20459.39,0.224676,0.016330,0.022903,0.081514,0.345423,0.040859,17,292799,317079,2039212,1773,0,0,0,3494,0,0,0,0,0,0,0,0,0,0,0,0,0,0,0,0,0,0,0,4460495702609480235,4460495702609480235,4460495702609480235,1463167658460998066,1463167658460998066,1463167658460998066,0,0,0,0,0,0,0,0,0,0,0
126,20,3521,8,10,0.245839,14322.41,0.095629,36819.28,0.091195,38609.77,0.079946,44042.08,0.092807,37938.79,0.089427,39372.81,0.154494,22790.54,0.256349,0.021693,0.031688,0.089427,0.399157,0.060048,15,352211,440021,2376036,2739,0,0,0,3915,0,0,0,0,0,0,0,0,0,0,0,0,0,0,0,0,0,0,0,7808252359719518583,7808252359719518583,7808252359719518583,17201139616419434483,17201139616419434483,17201139616419434483,0,0,0,0,0,0,0,0,0,0,0
127,20,2851,8,10,0.239632,11897.40,0.115300,24726.87,0.078928,36121.63,0.072305,39430.39,0.113729,25068.43,0.105623,26992.20,0.157011,18157.97,0.258480,0.010496,0.021282,0.105623,0.395881,0.039667,16,299352,316837,1995852,1468,0,0,0,3197,0,0,0,0,0,0,0,0,0,0,0,0,0,0,0,0,0,0,0,11060495040689911981,11060495040689911981,11060495040689911981,7981687988470884114,7981687988470884114,7981687988470884114,0,0,0,0,0,0,0,0,0,0,0
128,20,3207,8,10,0.246005,13036.32,0.081536,39332.29,0.070864,45255.60,0.068122,47077.08,0.080121,40026.79,0.079920,40127.74,0.138631,23133.38,0.257525,0.021176,0.020174,0.079920,0.378795,0.053543,20,327534,348479,2267452,1572,0,0,0,3029,0,0,0,0,0,0,0,0,0,0,0,0,0,0,0,0,0,0,0,12169388132391767248,12169388132391767248,12169388132391767248,14502496629718932907,14502496629718932907,14502496629718932907,0,0,0,0,0,0,0,0,0,0,0
129,20,3081,8,10,0.218511,14099.99,0.083800,36766.11,0.074650,41272.85,0.069728,44185.70,0.085353,36097.25,0.082229,37468.50,0.131730,23388.69,0.227391,0.018706,0.027067,0.082229,0.355393,0.045216,16,306765,328855,2083300,1605,0,0,0,3330,0,0,0,0,0,0,0,0,0,0,0,0,0,0,0,0,0,0,0,5507983876676496907,5507983876676496907,5507983876676496907,1394438290883450971,1394438290883450971,1394438290883450971,0,0,0,0,0,0,0,0,0,0,0
130,20,3063,8,10,0.221149,13850.42,0.106519,28755.32,0.081317,37667.60,0.076202,40195.62,0.106754,28692.14,0.100071,30608.18,0.157544,19442.21,0.231309,0.021047,0.021076,0.100071,0.373503,0.044569,17,299411,326891,2020252,1915,0,0,0,3867,0,0,0,0,0,0,0,0,0,0,0,0,0,0,0,0,0,0,0,2050262248222953086,2050262248222953086,2050262248222953086,12455399931029592326,12455399931029592326,12455399931029592326,0,0,0,0,0,0,0,0,0,0,0
131,20,3092,8,10,0.224197,13791.44,0.094996,32548.73,0.081691,37849.94,0.077061,40123.83,0.091881,33652.40,0.085332,36235.01,0.143983,21474.71,0.240829,0.012250,0.024390,0.085332,0.362800,0.044443,15,316352,341127,2194256,1936,0,0,0,3751,0,0,0,0,0,0,0,0,0,0,0,0,0,0,0,0,0,0,0,13610862313816136405,13610862313816136405,13610862313816136405,15867569792087421801,15867569792087421801,15867569792087421801,0,0,0,0,0,0,0,0,0,0,0
132,20,2797,8,10,0.240420,11633.79,0.122466,22838.97,0.087933,31808.13,0.074216,37687.38,0.109136,25628.48,0.100993,27695.10,0.157996,17703.03,0.251238,0.016599,0.021639,0.100993,0.390469,0.037809,16,293044,313509,1959892,1502,0,0,0,3171,0,0,0,0,0,0,0,0,0,0,0,0,0,0,0,0,0,0,0,11054498188927789942,11054498188927789942,11054498188927789942,7536051160125706788,7536051160125706788,7536051160125706788,0,0,0,0,0,0,0,0,0,0,0
133,20,3042,8,10,0.194382,15649.63,0.081941,37124.46,0.070212,43325.94,0.066894,45475.11,0.078903,38553.80,0.076341,39847.72,0.126675,24014.14,0.200715,0.020280,0.023478,0.076341,0.320814,0.042334,16,288442,318367,1978952,1711,0,0,0,3335,0,0,0,0,0,0,0,0,0,0,0,0,0,0,0,0,0,0,0,2353249491058665529,2353249491058665529,2353249491058665529,12866640736473861875,12866640736473861875,12866640736473861875,0,0,0,0,0,0,0,0,0,0,0
134,20,3010,8,10,0.234173,12853.73,0.097510,30868.50,0.079276,37968.68,0.068754,43779.42,0.093549,32175.58,0.084809,35491.32,0.157427,19120.00,0.241795,0.018877,0.025613,0.084809,0.371095,0.042562,16,296229,313074,2024520,1298,0,0,0,2824,0,0,0,0,0,0,0,0,0,0,0,0,0,0,0,0,0,0,0,10623873481987572603,10623873481987572603,10623873481987572603,10029011242099027115,10029011242099027115,10029011242099027115,0,0,0,0,0,0,0,0,0,0,0
135,20,2910,8,10,0.238354,12208.72,0.095870,30353.53,0.065805,44221.74,0.061740,47132.83,0.093275,31198.14,0.090560,32133.55,0.140843,20661.34,0.246839,0.019493,0.020028,0.090560,0.376919,0.039141,17,298084,312609,2067800,1271,0,0,0,2447,0,0,0,0,0,0,0,0,0,0,0,0,0,0,0,0,0,0,0,16826051063564396039,16826051063564396039,16826051063564396039,348886157946636515,348886157946636515,348886157946636515,0,0,0,0,0,0,0,0,0,0,0
136,20,3015,8,10,0.212387,14195.76,0.091584,32920.54,0.071657,42075.37,0.067536,44643.15,0.087530,34445.30,0.082927,36357.47,0.132539,22748.07,0.220943,0.019919,0.028248,0.082927,0.352037,0.044181,17,297581,316326,2095772,1537,0,0,0,3229,0,0,0,0,0,0,0,0,0,0,0,0,0,0,0,0,0,0,0,10003823888180097639,10003823888180097639,10003823888180097639,16457024779577963935,16457024779577963935,16457024779577963935,0,0,0,0,0,0,0,0,0,0,0
137,20,3351,8,10,0.200059,16750.03,0.078536,42668.41,0.066265,50569.50,0.064230,52171.96,0.079974,41901.12,0.078411,42736.34,0.133267,25144.94,0.208594,0.019096,0.028421,0.078411,0.334522,0.050168,17,304072,347327,2221020,2159,0,0,0,3387,0,0,0,0,0,0,0,0,0,0,0,0,0,0,0,0,0,0,0,6169829120006787412,6169829120006787412,6169829120006787412,13134326372586871312,13134326372586871312,13134326372586871312,0,0,0,0,0,0,0,0,0,0,0
138,20,3332,8,10,0.206068,16169.43,0.074302,44843.97,0.062869,52998.93,0.060593,54989.81,0.071116,46853.14,0.071206,46794.09,0.125717,26503.98,0.213531,0.019926,0.020073,0.071206,0.324735,0.054507,19,309166,341051,2167440,1942,0,0,0,3227,0,0,0,0,0,0,0,0,0,0,0,0,0,0,0,0,0,0,0,17883324824252203007,17883324824252203007,17883324824252203007,11366371386222281706,11366371386222281706,11366371386222281706,0,0,0,0,0,0,0,0,0,0,0
139,20,3299,8,10,0.197398,16712.43,0.083774,39379.71,0.075007,43982.80,0.070472,46813.01,0.082499,39988.51,0.082784,39850.64,0.126908,25995.18,0.204080,0.021719,0.022398,0.082784,0.330982,0.049265,18,312255,342875,2208652,1940,0,0,0,3679,0,0,0,0,0,0,0,0,0,0,0,0,0,0,0,0,0,0,0,17750782801609231336,17750782801609231336,17750782801609231336,13592264845327349385,13592264845327349385,13592264845327349385,0,0,0,0,0,0,0,0,0,0,0
140,20,3109,8,10,0.241404,12878.84,0.111337,27924.13,0.067163,46290.50,0.063632,48859.43,0.108724,28595.21,0.101943,30497.42,0.164899,18853.94,0.255528,0.013316,0.024087,0.101943,0.394875,0.043851,15,300620,331645,2054804,1597,0,0,0,2707,0,0,0,0,0,0,0,0,0,0,0,0,0,0,0,0,0,0,0,3992689968772276261,3992689968772276261,3992689968772276261,4292431392574524395,4292431392574524395,4292431392574524395,0,0,0,0,0,0,0,0,0,0,0
141,20,4189,8,10,0.201540,20784.97,0.081405,51458.94,0.068235,61390.79,0.062522,67000.23,0.076167,54997.39,0.071742,58390.17,0.157101,26664.30,0.209257,0.024356,0.032477,0.071742,0.337832,0.082008,16,367555,766490,2570196,4860,0,0,0,5477,0,0,0,0,0,0,0,0,0,0,0,0,0,0,0,0,0,0,0,7589190172464934853,7589190172464934853,7589190172464934853,14061178845862589730,14061178845862589730,14061178845862589730,0,0,0,0,0,0,0,0,0,0,0
142,20,3216,8,10,0.204080,15758.53,0.078196,41127.52,0.060333,53304.45,0.057766,55673.17,0.076241,42182.22,0.074314,43276.00,0.128107,25104.07,0.212411,0.022658,0.019660,0.074314,0.329042,0.050213,19,308008,341513,2113664,1692,0,0,0,2669,0,0,0,0,0,0,0,0,0,0,0,0,0,0,0,0,0,0,0,2234878986919267489,2234878986919267489,2234878986919267489,14025234811949800095,14025234811949800095,14025234811949800095,0,0,0,0,0,0,0,0,0,0,0
143,20,2970,8,10,0.204555,14519.31,0.092418,32136.71,0.075384,39398.51,0.072699,40853.54,0.087789,33830.94,0.085129,34888.38,0.142017,20913.04,0.209386,0.019704,0.024338,0.085129,0.338557,0.040274,17,293586,323246,2038952,1873,0,0,0,3730,0,0,0,0,0,0,0,0,0,0,0,0,0,0,0,0,0,0,0,13290910752139111986,13290910752139111986,13290910752139111986,10933339661072256319,10933339661072256319,10933339661072256319,0,0,0,0,0,0,0,0,0,0,0
144,20,3649,8,10,0.207238,17607.78,0.083231,43841.88,0.070171,52001.40,0.067187,54311.11,0.086586,42143.22,0.085534,42661.46,0.150226,24290.00,0.216360,0.020776,0.020898,0.085534,0.343567,0.067449,19,330688,562338,2275716,2999,0,0,0,4334,0,0,0,0,0,0,0,0,0,0,0,0,0,0,0,0,0,0,0,14242981634885832555,14242981634885832555,14242981634885832555,16824937798901891703,16824937798901891703,16824937798901891703,0,0,0,0,0,0,0,0,0,0,0
145,20,3391,8,10,0.188950,17946.54,0.079862,42461.00,0.073689,46017.77,0.070977,47776.28,0.080954,41888.03,0.079483,42663.32,0.124532,27229.85,0.201562,0.017576,0.022692,0.079483,0.321313,0.056068,17,323221,354476,2206876,2107,0,0,0,3574,0,0,0,0,0,0,0,0,0,0,0,0,0,0,0,0,0,0,0,12059358045328079377,12059358045328079377,12059358045328079377,2570065914364413174,2570065914364413174,2570065914364413174,0,0,0,0,0,0,0,0,0,0,0
146,20,3143,8,10,0.202968,15485.19,0.086026,36535.30,0.068502,45882.12,0.066332,47382.67,0.086136,36488.64,0.079547,39511.31,0.129528,24265.10,0.209705,0.020762,0.026048,0.079547,0.336062,0.045800,17,307747,328512,2078748,1560,0,0,0,2982,0,0,0,0,0,0,0,0,0,0,0,0,0,0,0,0,0,0,0,13895574297547879165,13895574297547879165,13895574297547879165,5537163090547826790,5537163090547826790,5537163090547826790,0,0,0,0,0,0,0,0,0,0,0
147,20,2846,8,10,0.218122,13047.75,0.093122,30561.97,0.066263,42950.20,0.062409,45602.28,0.091657,31050.68,0.079041,36006.45,0.141027,20180.54,0.225045,0.018792,0.022325,0.079041,0.345204,0.038159,14,288494,305099,1942168,1356,0,0,0,2700,0,0,0,0,0,0,0,0,0,0,0,0,0,0,0,0,0,0,0,8379071810621046212,8379071810621046212,8379071810621046212,4413650753652002241,4413650753652002241,4413650753652002241,0,0,0,0,0,0,0,0,0,0,0
148,20,3184,8,10,0.212437,14987.99,0.078764,40424.50,0.067155,47412.55,0.061916,51424.43,0.075101,42396.01,0.074240,42888.14,0.121180,26274.95,0.212563,0.021124,0.020533,0.074240,0.328459,0.049040,18,309629,339274,2121984,1629,0,0,0,2902,0,0,0,0,0,0,0,0,0,0,0,0,0,0,0,0,0,0,0,5072997796859652275,5072997796859652275,5072997796859652275,11819354647899388611,11819354647899388611,11819354647899388611,0,0,0,0,0,0,0,0,0,0,0
149,20,3186,8,10,0.210172,15159.01,0.078649,40509.01,0.071342,44658.39,0.067140,47452.73,0.076850,41457.25,0.075352,42281.59,0.130867,24345.35,0.223144,0.015618,0.020809,0.075352,0.334923,0.049239,18,310851,330651,2156104,1499,0,0,0,2866,0,0,0,0,0,0,0,0,0,0,0,0,0,0,0,0,0,0,0,896270088020125574,896270088020125574,896270088020125574,947291521240685134,947291521240685134,947291521240685134,0,0,0,0,0,0,0,0,0,0,0
150,20,3048,8,10,0.211253,14428.21,0.079487,38345.73,0.066831,45607.40,0.061911,49231.98,0.078721,38719.25,0.077527,39315.25,0.127900,23831.20,0.214457,0.019985,0.020410,0.077527,0.332380,0.047190,17,303867,325322,2045440,1580,0,0,0,2867,0,0,0,0,0,0,0,0,0,0,0,0,0,0,0,0,0,0,0,12783354907532912833,12783354907532912833,12783354907532912833,4696609841956488800,4696609841956488800,4696609841956488800,0,0,0,0,0,0,0,0,0,0,0
151,20,3081,8,10,0.199847,15416.77,0.083274,36998.21,0.070642,43614.05,0.068066,45264.59,0.081989,37578.36,0.077532,39738.59,0.130538,23602.40,0.202892,0.019711,0.020354,0.077532,0.320489,0.044437,18,297728,322208,2024164,1763,0,0,0,3527,0,0,0,0,0,0,0,0,0,0,0,0,0,0,0,0,0,0,0,5168118304383555658,5168118304383555658,5168118304383555658,18412944461787185772,18412944461787185772,18412944461787185772,0,0,0,0,0,0,0,0,0,0,0
152,20,3223,8,10,0.203225,15859.26,0.075186,42867.20,0.064311,50115.49,0.062742,51369.15,0.075969,42425.38,0.075017,42963.77,0.121072,26620.51,0.214806,0.018947,0.020028,0.075017,0.328798,0.051819,18,310377,334547,2104540,1599,0,0,0,2889,0,0,0,0,0,0,0,0,0,0,0,0,0,0,0,0,0,0,0,17610516780949252350,17610516780949252350,17610516780949252350,9153280386352930977,9153280386352930977,9153280386352930977,0,0,0,0,0,0,0,0,0,0,0
153,20,3415,8,10,0.211117,16175.89,0.085984,39716.50,0.059186,57699.10,0.055034,62052.15,0.085569,39909.20,0.080529,42407.28,0.137706,24799.23,0.216921,0.022303,0.023953,0.080529,0.343705,0.053291,16,324273,356418,2161148,1744,0,0,0,2644,0,0,0,0,0,0,0,0,0,0,0,0,0,0,0,0,0,0,0,13255509159566806606,13255509159566806606,13255509159566806606,3727746264796003905,3727746264796003905,3727746264796003905,0,0,0,0,0,0,0,0,0,0,0
154,20,3253,8,10,0.209402,15534.75,0.088744,36656.12,0.073311,44372.85,0.057985,56100.34,0.087991,36969.54,0.085934,37854.79,0.139717,23282.78,0.216870,0.019723,0.019682,0.085934,0.342208,0.050636,18,307586,329406,2054228,1540,0,0,0,2743,0,0,0,0,0,0,0,0,0,0,0,0,0,0,0,0,0,0,0,13297888593238490224,13297888593238490224,13297888593238490224,12105925553639425940,12105925553639425940,12105925553639425940,0,0,0,0,0,0,0,0,0,0,0
155,20,4047,8,10,0.237225,17059.74,0.110978,36466.55,0.099967,40483.40,0.085778,47179.80,0.114352,35390.75,0.085087,47562.94,0.220897,18320.77,0.244637,0.027722,0.041124,0.085087,0.398570,0.075238,9,415179,844849,2688220,8045,0,0,0,12390,0,0,0,0,0,0,0,0,0,0,0,0,0,0,0,0,0,0,0,2000509029896710268,2000509029896710268,2000509029896710268,2372053344009921014,2372053344009921014,2372053344009921014,0,0,0,0,0,0,0,0,0,0,0
156,20,3854,8,10,0.153804,25057.81,0.100385,38392.22,0.097563,39502.51,0.093808,41083.90,0.101618,37926.34,0.099741,38639.97,0.203547,18934.23,0.161041,0.024264,0.025232,0.099741,0.310279,0.070001,17,388968,913658,2483800,10158,0,0,0,14341,0,0,0,0,0,0,0,0,0,0,0,0,0,0,0,0,0,0,0,11725483755999427859,11725483755999427859,11725483755999427859,96305112310285125,96305112310285125,96305112310285125,0,0,0,0,0,0,0,0,0,0,0
157,20,2971,8,10,0.124684,23828.32,0.048178,61667.20,0.035214,84370.90,0.031834,93328.93,0.043113,68911.58,0.042690,69594.39,0.072597,40924.30,0.130402,0.016060,0.015021,0.042690,0.204173,0.037929,20,236075,257625,1694028,948,0,0,0,1187,0,0,0,0,0,0,0,0,0,0,0,0,0,0,0,0,0,0,0,16824969002158190085,16824969002158190085,16824969002158190085,14035728334140866687,14035728334140866687,14035728334140866687,0,0,0,0,0,0,0,0,0,0,0
158,20,3253,8,10,0.179623,18110.19,0.066991,48558.99,0.046914,69339.01,0.037595,86528.08,0.063920,50891.48,0.061617,52793.94,0.102332,31788.76,0.189011,0.018275,0.019555,0.061617,0.288459,0.050607,18,292298,311238,2068436,1126,0,0,0,1332,0,0,0,0,0,0,0,0,0,0,0,0,0,0,0,0,0,0,0,17839734873175431788,17839734873175431788,17839734873175431788,10714144730081701139,10714144730081701139,10714144730081701139,0,0,0,0,0,0,0,0,0,0,0
159,20,3175,8,10,0.185220,17141.78,0.061317,51780.37,0.041607,76309.85,0.037399,84895.52,0.058703,54085.70,0.058685,54102.23,0.100835,31487.23,0.191221,0.019419,0.016994,0.058685,0.286318,0.045115,20,274788,295143,2033852,811,0,0,0,933,0,0,0,0,0,0,0,0,0,0,0,0,0,0,0,0,0,0,0,1902894302380507835,1902894302380507835,1902894302380507835,8619755896826339560,8619755896826339560,8619755896826339560,0,0,0,0,0,0,0,0,0,0,0
160,20,3341,8,10,0.172902,19323.06,0.060274,55430.65,0.049574,67393.61,0.046671,71585.84,0.058083,57520.95,0.058062,57542.35,0.111502,29963.47,0.178402,0.020511,0.019392,0.058062,0.276366,0.054796,20,304288,394978,2113780,2142,0,0,0,2579,0,0,0,0,0,0,0,0,0,0,0,0,0,0,0,0,0,0,0,2630787150485378392,2630787150485378392,2630787150485378392,4919939728902191656,4919939728902191656,4919939728902191656,0,0,0,0,0,0,0,0,0,0,0
161,20,3307,8,10,0.188148,17576.62,0.071342,46354.41,0.055301,59800.54,0.053134,62239.13,0.063722,51897.08,0.061332,53919.34,0.111177,29745.34,0.193483,0.020189,0.021050,0.061332,0.296054,0.047670,18,299685,349865,2086828,1739,0,0,0,2211,0,0,0,0,0,0,0,0,0,0,0,0,0,0,0,0,0,0,0,13338009421235144018,13338009421235144018,13338009421235144018,14656302388877960826,14656302388877960826,14656302388877960826,0,0,0,0,0,0,0,0,0,0,0
162,20,3181,8,10,0.209307,15197.77,0.077793,40890.43,0.051390,61899.14,0.046358,68618.44,0.077687,40946.62,0.075280,42255.81,0.124784,25492.06,0.216675,0.018521,0.019692,0.075280,0.330167,0.048013,18,302154,337419,2127508,1417,0,0,0,1747,0,0,0,0,0,0,0,0,0,0,0,0,0,0,0,0,0,0,0,13748115867805187096,13748115867805187096,13748115867805187096,12565896187887858678,12565896187887858678,12565896187887858678,0,0,0,0,0,0,0,0,0,0,0
163,20,3043,8,10,0.191607,15881.44,0.065861,46203.28,0.047162,64522.72,0.044985,67644.97,0.061112,49794.02,0.057817,52631.99,0.109809,27711.75,0.198114,0.019322,0.019304,0.057817,0.294557,0.044610,19,292342,324972,2055468,1260,0,0,0,1673,0,0,0,0,0,0,0,0,0,0,0,0,0,0,0,0,0,0,0,3882319416455342721,3882319416455342721,3882319416455342721,14819275541633285618,14819275541633285618,14819275541633285618,0,0,0,0,0,0,0,0,0,0,0
164,20,2801,8,10,0.191338,14639.00,0.070916,39497.57,0.053878,51987.93,0.051352,54544.86,0.067735,41352.47,0.063206,44315.46,0.110563,25333.91,0.198759,0.017406,0.019796,0.063206,0.299166,0.040894,17,277977,292707,1927268,1104,0,0,0,2007,0,0,0,0,0,0,0,0,0,0,0,0,0,0,0,0,0,0,0,7144993515968336947,7144993515968336947,7144993515968336947,1916710711213423052,1916710711213423052,1916710711213423052,0,0,0,0,0,0,0,0,0,0,0
165,20,2862,8,10,0.213447,13408.49,0.082815,34559.12,0.055698,51383.85,0.052595,54415.70,0.080873,35388.76,0.078550,36435.33,0.129208,22150.34,0.222086,0.016168,0.017809,0.078550,0.334613,0.038399,19,287152,305577,2020504,1255,0,0,0,2148,0,0,0,0,0,0,0,0,0,0,0,0,0,0,0,0,0,0,0,5119060480255247464,5119060480255247464,5119060480255247464,12585001327377363389,12585001327377363389,12585001327377363389,0,0,0,0,0,0,0,0,0,0,0
166,20,3007,8,10,0.201352,14934.04,0.077651,38724.42,0.058358,51526.64,0.054130,55551.50,0.073791,40750.00,0.070351,42742.60,0.125739,23914.67,0.210496,0.016170,0.019156,0.070351,0.316172,0.047017,17,288656,312336,2011132,1559,0,0,0,2438,0,0,0,0,0,0,0,0,0,0,0,0,0,0,0,0,0,0,0,9172312946939329730,9172312946939329730,9172312946939329730,12858903232111623787,12858903232111623787,12858903232111623787,0,0,0,0,0,0,0,0,0,0,0
167,20,2942,8,10,0.200467,14675.70,0.078602,37429.07,0.070268,41868.38,0.060784,48401.10,0.075673,38877.93,0.070288,41856.13,0.118792,24766.03,0.212598,0.014650,0.021594,0.070288,0.319130,0.041262,16,293395,311515,1976792,1229,0,0,0,2169,0,0,0,0,0,0,0,0,0,0,0,0,0,0,0,0,0,0,0,15505852361190681850,15505852361190681850,15505852361190681850,8219969247350665569,8219969247350665569,8219969247350665569,0,0,0,0,0,0,0,0,0,0,0
168,20,3088,8,10,0.187503,16469.10,0.070744,43650.21,0.063771,48423.07,0.060706,50868.20,0.071051,43461.71,0.069704,44301.38,0.115799,26666.86,0.194496,0.020266,0.023742,0.069704,0.308209,0.046341,18,292791,315341,2058272,1644,0,0,0,2993,0,0,0,0,0,0,0,0,0,0,0,0,0,0,0,0,0,0,0,12046974464505302757,12046974464505302757,12046974464505302757,14449791268304780189,14449791268304780189,14449791268304780189,0,0,0,0,0,0,0,0,0,0,0
169,20,2909,8,10,0.219813,13233.99,0.106352,27352.49,0.076587,37983.18,0.061247,47495.93,0.098094,29655.09,0.091084,31937.68,0.147363,19740.42,0.227529,0.019484,0.024676,0.091084,0.362773,0.043480,15,295339,311794,1977364,1341,0,0,0,2790,0,0,0,0,0,0,0,0,0,0,0,0,0,0,0,0,0,0,0,154620862058018918,154620862058018918,154620862058018918,13969800587863239366,13969800587863239366,13969800587863239366,0,0,0,0,0,0,0,0,0,0,0
170,20,4893,8,10,0.197286,24801.62,0.089024,54962.71,0.075370,64919.55,0.055669,87895.00,0.086483,56577.28,0.071127,68792.92,0.227118,21543.89,0.205807,0.026347,0.035963,0.071127,0.339245,0.092064,12,394062,1492882,2759444,9924,0,0,0,10494,0,0,0,0,0,0,0,0,0,0,0,0,0,0,0,0,0,0,0,18290240922024108968,18290240922024108968,18290240922024108968,10509400846250495647,10509400846250495647,10509400846250495647,0,0,0,0,0,0,0,0,0,0,0
171,20,3046,8,10,0.192628,15812.89,0.083848,36327.85,0.078861,38624.98,0.074890,40672.98,0.086433,35241.26,0.086478,35222.78,0.142546,21368.51,0.198981,0.019163,0.017264,0.086478,0.321887,0.041192,20,293348,331743,2096920,2374,0,0,0,4429,0,0,0,0,0,0,0,0,0,0,0,0,0,0,0,0,0,0,0,15322882528206972046,15322882528206972046,15322882528206972046,4223540392930724962,4223540392930724962,4223540392930724962,0,0,0,0,0,0,0,0,0,0,0
172,20,2952,8,10,0.205748,14347.66,0.076056,38813.34,0.059706,49442.16,0.055514,53175.81,0.075835,38926.53,0.073191,40332.83,0.121742,24248.04,0.212785,0.020079,0.019350,0.073191,0.325405,0.041410,18,289053,305043,1965536,1216,0,0,0,2311,0,0,0,0,0,0,0,0,0,0,0,0,0,0,0,0,0,0,0,2252131995930242861,2252131995930242861,2252131995930242861,913063839014713181,913063839014713181,913063839014713181,0,0,0,0,0,0,0,0,0,0,0
173,20,3129,8,10,0.203237,15395.79,0.083081,37661.84,0.076456,40925.37,0.067379,46438.96,0.078914,39650.83,0.077557,40344.38,0.128215,24404.33,0.211563,0.018714,0.021625,0.077557,0.329459,0.044316,17,295369,317289,2072324,1714,0,0,0,3358,0,0,0,0,0,0,0,0,0,0,0,0,0,0,0,0,0,0,0,13529633553218054072,13529633553218054072,13529633553218054072,6677889120464775972,6677889120464775972,6677889120464775972,0,0,0,0,0,0,0,0,0,0,0
174,20,3203,8,10,0.186932,17134.57,0.072944,43910.67,0.066648,48058.74,0.065378,48991.90,0.075688,42318.49,0.072554,44146.13,0.117837,27181.63,0.197349,0.018579,0.028169,0.072554,0.316652,0.051358,16,308006,342356,2121260,2067,0,0,0,3538,0,0,0,0,0,0,0,0,0,0,0,0,0,0,0,0,0,0,0,2374159933243289430,2374159933243289430,2374159933243289430,8356072880906432666,8356072880906432666,8356072880906432666,0,0,0,0,0,0,0,0,0,0,0
175,20,2949,8,10,0.220194,13392.71,0.098440,29957.20,0.071916,41005.98,0.070084,42077.80,0.099347,29683.90,0.094811,31103.85,0.148353,19878.23,0.228731,0.019867,0.020409,0.094811,0.363819,0.041015,17,297737,321342,2062516,1793,0,0,0,3146,0,0,0,0,0,0,0,0,0,0,0,0,0,0,0,0,0,0,0,13299773454568594484,13299773454568594484,13299773454568594484,10779700905007119814,10779700905007119814,10779700905007119814,0,0,0,0,0,0,0,0,0,0,0
176,20,2681,8,10,0.206232,12999.90,0.084636,31676.84,0.062354,42996.63,0.059882,44771.65,0.086646,30942.10,0.078837,34007.09,0.133736,20046.92,0.214260,0.017234,0.020077,0.078837,0.330408,0.034078,16,267661,283131,1819268,1290,0,0,0,2596,0,0,0,0,0,0,0,0,0,0,0,0,0,0,0,0,0,0,0,6874152279863511082,6874152279863511082,6874152279863511082,9396115688753260655,9396115688753260655,9396115688753260655,0,0,0,0,0,0,0,0,0,0,0
177,20,2784,8,10,0.217559,12796.56,0.086454,32201.93,0.056043,49676.14,0.052793,52734.28,0.082971,33554.04,0.079718,34923.08,0.132188,21060.90,0.224518,0.018333,0.019334,0.079718,0.341902,0.036231,17,281742,293997,2002144,1134,0,0,0,2123,0,0,0,0,0,0,0,0,0,0,0,0,0,0,0,0,0,0,0,8636193420279505360,8636193420279505360,8636193420279505360,6936906192706448335,6936906192706448335,6936906192706448335,0,0,0,0,0,0,0,0,0,0,0
178,20,3364,8,10,0.198609,16937.81,0.085498,39346.12,0.068563,49064.44,0.065041,51720.85,0.079868,42119.30,0.075091,44798.84,0.141808,23722.28,0.206669,0.022567,0.032899,0.075091,0.337226,0.054516,15,313169,398834,2221008,2592,0,0,0,3800,0,0,0,0,0,0,0,0,0,0,0,0,0,0,0,0,0,0,0,18172903200507579159,18172903200507579159,18172903200507579159,12379934151403805297,12379934151403805297,12379934151403805297,0,0,0,0,0,0,0,0,0,0,0
179,20,2951,8,10,0.214179,13778.17,0.081704,36118.29,0.062509,47209.39,0.061705,47824.29,0.074198,39772.09,0.073358,40227.57,0.133645,22080.82,0.227686,0.012212,0.023461,0.073358,0.336717,0.041449,18,291073,311728,2001148,1445,0,0,0,2621,0,0,0,0,0,0,0,0,0,0,0,0,0,0,0,0,0,0,0,2791036550630835321,2791036550630835321,2791036550630835321,13387952704769608685,13387952704769608685,13387952704769608685,0,0,0,0,0,0,0,0,0,0,0
180,20,2873,8,10,0.220391,13035.91,0.101870,28202.52,0.066280,43346.17,0.064263,44706.63,0.090640,31696.76,0.086689,33141.36,0.139446,20602.93,0.230573,0.017846,0.020260,0.086689,0.355367,0.039949,17,284995,299250,1966340,1292,0,0,0,2410,0,0,0,0,0,0,0,0,0,0,0,0,0,0,0,0,0,0,0,5693775111831338256,5693775111831338256,5693775111831338256,18383411834244531169,18383411834244531169,18383411834244531169,0,0,0,0,0,0,0,0,0,0,0
181,20,2636,8,10,0.202613,13010.04,0.073449,35889.08,0.064045,41158.32,0.057333,45977.19,0.074382,35438.53,0.072528,36344.62,0.119825,21998.66,0.215723,0.014574,0.019837,0.072528,0.322661,0.033979,18,282760,296185,1851856,1125,0,0,0,2379,0,0,0,0,0,0,0,0,0,0,0,0,0,0,0,0,0,0,0,11127397284470861046,11127397284470861046,11127397284470861046,16696611456555010830,16696611456555010830,16696611456555010830,0,0,0,0,0,0,0,0,0,0,0
182,20,3196,8,10,0.191673,16674.19,0.072903,43838.99,0.054665,58464.79,0.051519,62035.96,0.071454,44728.22,0.059877,53375.70,0.144668,22091.94,0.201923,0.020136,0.030271,0.059877,0.312206,0.049103,11,341908,473313,2089488,3136,0,0,0,4184,0,0,0,0,0,0,0,0,0,0,0,0,0,0,0,0,0,0,0,59230306840468065,59230306840468065,59230306840468065,4771294404196563719,4771294404196563719,4771294404196563719,0,0,0,0,0,0,0,0,0,0,0
183,20,2769,8,10,0.177533,15597.09,0.072844,38012.61,0.056504,49005.27,0.054380,50919.30,0.071662,38639.94,0.067402,41082.07,0.112399,24635.49,0.180462,0.019615,0.020070,0.067402,0.287549,0.036026,16,269633,285248,1809508,1270,0,0,0,2422,0,0,0,0,0,0,0,0,0,0,0,0,0,0,0,0,0,0,0,4014816364842625790,4014816364842625790,4014816364842625790,4142286413769408564,4142286413769408564,4142286413769408564,0,0,0,0,0,0,0,0,0,0,0
184,20,2756,8,10,0.202275,13625.01,0.085736,32145.18,0.071683,38447.27,0.064321,42847.64,0.081651,33753.32,0.078118,35279.89,0.126507,21785.28,0.205740,0.020331,0.021397,0.078118,0.325587,0.038243,17,294456,310721,1931760,1380,0,0,0,2746,0,0,0,0,0,0,0,0,0,0,0,0,0,0,0,0,0,0,0,1774376782767882938,1774376782767882938,1774376782767882938,13270081027261754667,13270081027261754667,13270081027261754667,0,0,0,0,0,0,0,0,0,0,0
185,20,3334,8,10,0.198520,16794.31,0.075397,44219.35,0.063891,52182.55,0.059112,56401.10,0.075182,44345.87,0.068818,48446.60,0.141680,23531.97,0.206979,0.019640,0.024159,0.068818,0.319596,0.056506,16,331491,446146,2236248,3078,0,0,0,4664,0,0,0,0,0,0,0,0,0,0,0,0,0,0,0,0,0,0,0,2779004431260495263,2779004431260495263,2779004431260495263,6700822833290321667,6700822833290321667,6700822833290321667,0,0,0,0,0,0,0,0,0,0,0
186,20,2729,8,10,0.178818,15261.35,0.084527,32285.72,0.055640,49047.39,0.054810,49790.62,0.079445,34350.82,0.074593,36585.25,0.123243,22143.27,0.189096,0.012641,0.020703,0.074593,0.297032,0.038597,15,262778,282868,1781348,1468,0,0,0,2512,0,0,0,0,0,0,0,0,0,0,0,0,0,0,0,0,0,0,0,13462053390629921789,13462053390629921789,13462053390629921789,9784482847376311716,9784482847376311716,9784482847376311716,0,0,0,0,0,0,0,0,0,0,0
187,20,2644,8,10,0.178509,14811.57,0.074056,35702.83,0.055890,47307.26,0.053483,49436.37,0.072635,36401.34,0.064993,40681.01,0.113732,23247.61,0.184681,0.016551,0.020305,0.064993,0.286531,0.032941,14,267164,280509,1786416,1176,0,0,0,2480,0,0,0,0,0,0,0,0,0,0,0,0,0,0,0,0,0,0,0,3481807620217345429,3481807620217345429,3481807620217345429,30224070987691676,30224070987691676,30224070987691676,0,0,0,0,0,0,0,0,0,0,0
188,20,2918,8,10,0.214727,13589.36,0.100263,29103.59,0.058798,49627.18,0.056198,51923.13,0.099840,29226.72,0.090322,32306.81,0.144590,20181.21,0.223533,0.017137,0.020395,0.090322,0.351387,0.038872,16,283782,301872,1937976,1366,0,0,0,2222,0,0,0,0,0,0,0,0,0,0,0,0,0,0,0,0,0,0,0,16276306224159774544,16276306224159774544,16276306224159774544,14435751656899098728,14435751656899098728,14435751656899098728,0,0,0,0,0,0,0,0,0,0,0
189,20,2938,8,10,0.192809,15237.88,0.075449,38940.28,0.065507,44849.87,0.060824,48303.14,0.071742,40952.09,0.069204,42454.45,0.119504,24584.92,0.201734,0.016403,0.019191,0.069204,0.306532,0.041050,17,281253,302118,1969384,1413,0,0,0,2397,0,0,0,0,0,0,0,0,0,0,0,0,0,0,0,0,0,0,0,17792428283663829863,17792428283663829863,17792428283663829863,4325837059669514898,4325837059669514898,4325837059669514898,0,0,0,0,0,0,0,0,0,0,0
190,20,2759,8,10,0.206613,13353.45,0.085929,32108.00,0.063696,43315.39,0.059621,46275.63,0.083240,33145.13,0.078026,35360.02,0.136127,20267.86,0.213943,0.017934,0.020225,0.078026,0.330128,0.035802,15,274880,292155,1848444,1336,0,0,0,2614,0,0,0,0,0,0,0,0,0,0,0,0,0,0,0,0,0,0,0,5299073006750028951,5299073006750028951,5299073006750028951,2913271416688648346,2913271416688648346,2913271416688648346,0,0,0,0,0,0,0,0,0,0,0
191,20,2759,8,10,0.201737,13676.25,0.079537,34688.10,0.059000,46762.80,0.056816,48560.56,0.075812,36392.85,0.074440,37063.54,0.128785,21423.28,0.208812,0.017744,0.019170,0.074440,0.320165,0.036953,17,279727,296167,1865436,1280,0,0,0,2423,0,0,0,0,0,0,0,0,0,0,0,0,0,0,0,0,0,0,0,9705816478729845639,9705816478729845639,9705816478729845639,2528876794938094755,2528876794938094755,2528876794938094755,0,0,0,0,0,0,0,0,0,0,0
192,20,3222,8,10,0.207819,15503.84,0.080161,40193.92,0.068593,46972.70,0.064881,49660.25,0.078914,40829.02,0.074447,43279.07,0.126651,25440.03,0.219636,0.016415,0.026463,0.074447,0.336961,0.051148,16,315729,350299,2131448,1683,0,0,0,3208,0,0,0,0,0,0,0,0,0,0,0,0,0,0,0,0,0,0,0,16705733672091467548,16705733672091467548,16705733672091467548,11793341220255076956,11793341220255076956,11793341220255076956,0,0,0,0,0,0,0,0,0,0,0
193,20,3168,8,10,0.212411,14914.50,0.098178,32267.96,0.075712,41842.89,0.064495,49119.83,0.083271,38044.46,0.080436,39385.21,0.141158,22443.01,0.220049,0.020661,0.021604,0.080436,0.342750,0.047672,17,318313,354013,2075360,1995,0,0,0,3477,0,0,0,0,0,0,0,0,0,0,0,0,0,0,0,0,0,0,0,7216215579084000895,7216215579084000895,7216215579084000895,13374900092553545696,13374900092553545696,13374900092553545696,0,0,0,0,0,0,0,0,0,0,0
194,20,2858,8,10,0.194851,14667.63,0.073078,39109.00,0.058489,48863.57,0.056245,50813.49,0.070848,40339.66,0.070115,40761.39,0.118586,24100.74,0.202297,0.019446,0.018691,0.070115,0.310550,0.039074,19,299743,316223,1917832,1397,0,0,0,2384,0,0,0,0,0,0,0,0,0,0,0,0,0,0,0,0,0,0,0,7137517785039528070,7137517785039528070,7137517785039528070,12620347856255793906,12620347856255793906,12620347856255793906,0,0,0,0,0,0,0,0,0,0,0
195,20,3232,8,10,0.237238,13623.46,0.107175,30156.28,0.073240,44129.08,0.070484,45854.59,0.105051,30765.88,0.090041,35894.69,0.166768,19380.23,0.246658,0.019965,0.023980,0.090041,0.380644,0.047365,16,319960,358290,2149280,2076,0,0,0,3029,0,0,0,0,0,0,0,0,0,0,0,0,0,0,0,0,0,0,0,12805942764720879143,12805942764720879143,12805942764720879143,8942069179951740022,8942069179951740022,8942069179951740022,0,0,0,0,0,0,0,0,0,0,0
196,20,3119,8,10,0.229162,13610.44,0.116812,26701.02,0.067695,46074.04,0.066030,47236.35,0.115866,26919.04,0.102485,30433.75,0.168433,18517.71,0.238201,0.021060,0.023749,0.102485,0.385495,0.049217,14,299261,322576,2043612,1671,0,0,0,3030,0,0,0,0,0,0,0,0,0,0,0,0,0,0,0,0,0,0,0,1310672030881907988,1310672030881907988,1310672030881907988,9722201945815975921,9722201945815975921,9722201945815975921,0,0,0,0,0,0,0,0,0,0,0
197,20,2912,8,10,0.196131,14847.21,0.075956,38338.11,0.058252,49989.75,0.057016,51073.17,0.073117,39826.85,0.072006,40440.80,0.117166,24853.60,0.205046,0.015901,0.020377,0.072006,0.313329,0.040028,18,290370,304735,1932768,1233,0,0,0,2226,0,0,0,0,0,0,0,0,0,0,0,0,0,0,0,0,0,0,0,10330333317609826089,10330333317609826089,10330333317609826089,16083384412705861025,16083384412705861025,16083384412705861025,0,0,0,0,0,0,0,0,0,0,0
198,20,3425,8,10,0.220329,15544.91,0.088754,38589.70,0.065502,52288.35,0.058568,58479.40,0.086105,39777.09,0.078776,43477.45,0.148913,23000.01,0.228562,0.020097,0.026203,0.078776,0.353639,0.053518,16,336403,419503,2186148,2588,0,0,0,3788,0,0,0,0,0,0,0,0,0,0,0,0,0,0,0,0,0,0,0,13836169187227534772,13836169187227534772,13836169187227534772,67959489702559640,67959489702559640,67959489702559640,0,0,0,0,0,0,0,0,0,0,0
199,20,3116,8,10,0.206710,15074.24,0.077803,40049.63,0.057157,54516.69,0.054290,57395.97,0.075100,41491.39,0.074616,41760.66,0.125519,24825.01,0.217826,0.017950,0.023297,0.074616,0.333688,0.043917,17,296908,324143,2063376,1558,0,0,0,2674,0,0,0,0,0,0,0,0,0,0,0,0,0,0,0,0,0,0,0,17734390590675102919,17734390590675102919,17734390590675102919,11781725976074886374,11781725976074886374,11781725976074886374,0,0,0,0,0,0,0,0,0,0,0
200,20,3434,8,10,0.197336,17401.82,0.082639,41554.04,0.072671,47254.23,0.068549,50095.90,0.077928,44066.38,0.075416,45533.90,0.149485,22972.25,0.207142,0.019483,0.024404,0.075416,0.326445,0.056764,15,325777,432227,2234440,2995,0,0,0,4392,0,0,0,0,0,0,0,0,0,0,0,0,0,0,0,0,0,0,0,15859782806576085035,15859782806576085035,15859782806576085035,13244289830335419767,13244289830335419767,13244289830335419767,0,0,0,0,0,0,0,0,0,0,0
201,20,3152,8,10,0.202429,15570.86,0.091969,34272.54,0.081216,38809.90,0.077029,40919.61,0.089765,35113.85,0.085341,36934.04,0.143135,22021.14,0.208903,0.021991,0.028915,0.085341,0.345150,0.045935,15,310658,356598,2199328,2221,0,0,0,4212,0,0,0,0,0,0,0,0,0,0,0,0,0,0,0,0,0,0,0,13053245304107048994,13053245304107048994,13053245304107048994,11958852211678310587,11958852211678310587,11958852211678310587,0,0,0,0,0,0,0,0,0,0,0
202,20,3045,8,10,0.207942,14643.49,0.088634,34354.75,0.070996,42889.59,0.066911,45508.11,0.083322,36544.97,0.077552,39263.75,0.130935,23255.77,0.214839,0.020621,0.024048,0.077552,0.337061,0.042679,14,295848,317953,2051220,1503,0,0,0,2699,0,0,0,0,0,0,0,0,0,0,0,0,0,0,0,0,0,0,0,8948173720379302918,8948173720379302918,8948173720379302918,12150231393916779442,12150231393916779442,12150231393916779442,0,0,0,0,0,0,0,0,0,0,0
203,20,3307,8,10,0.214258,15434.69,0.094229,35095.48,0.071163,46470.88,0.068407,48342.71,0.090333,36608.80,0.087462,37810.74,0.146362,22594.72,0.223083,0.020468,0.020411,0.087462,0.351425,0.047216,17,309034,338649,2164044,1864,0,0,0,3216,0,0,0,0,0,0,0,0,0,0,0,0,0,0,0,0,0,0,0,17329707536651047083,17329707536651047083,17329707536651047083,8926688406959189047,8926688406959189047,8926688406959189047,0,0,0,0,0,0,0,0,0,0,0
204,20,3126,8,10,0.197123,15858.12,0.079714,39215.12,0.064543,48433.14,0.061817,50568.40,0.078061,40045.82,0.071636,43637.50,0.128040,24414.27,0.203376,0.019619,0.024167,0.071636,0.318798,0.043513,15,285564,317719,1991896,1763,0,0,0,3004,0,0,0,0,0,0,0,0,0,0,0,0,0,0,0,0,0,0,0,18100112972726790598,18100112972726790598,18100112972726790598,16707331867447873097,16707331867447873097,16707331867447873097,0,0,0,0,0,0,0,0,0,0,0
205,20,3171,8,10,0.236708,13396.23,0.103189,30730.16,0.075778,41846.16,0.068758,46118.10,0.091380,34701.36,0.081886,38724.46,0.174601,18161.44,0.253481,0.013912,0.023227,0.081886,0.372507,0.043197,13,299419,391404,2114380,2402,0,0,0,3690,0,0,0,0,0,0,0,0,0,0,0,0,0,0,0,0,0,0,0,8774032309911219316,8774032309911219316,8774032309911219316,13542252701635524108,13542252701635524108,13542252701635524108,0,0,0,0,0,0,0,0,0,0,0
206,20,3165,8,10,0.203226,15573.78,0.092545,34199.67,0.077807,40677.39,0.066552,47556.75,0.089848,35226.13,0.083492,37907.88,0.140612,22508.71,0.213165,0.018911,0.026482,0.083492,0.342050,0.047148,14,305618,348868,2082356,1932,0,0,0,3225,0,0,0,0,0,0,0,0,0,0,0,0,0,0,0,0,0,0,0,11475984152202613716,11475984152202613716,11475984152202613716,7875054694317423408,7875054694317423408,7875054694317423408,0,0,0,0,0,0,0,0,0,0,0
207,20,3759,8,10,0.210788,17833.10,0.090857,41372.88,0.074742,50293.19,0.072705,51701.77,0.088824,42319.76,0.081766,45972.76,0.150919,24907.35,0.219340,0.022212,0.031498,0.081766,0.354817,0.067421,13,340569,440934,2396956,2872,0,0,0,4619,0,0,0,0,0,0,0,0,0,0,0,0,0,0,0,0,0,0,0,13557169877997723328,13557169877997723328,13557169877997723328,3644294930264320197,3644294930264320197,3644294930264320197,0,0,0,0,0,0,0,0,0,0,0
208,20,2973,8,10,0.200636,14817.87,0.082243,36149.03,0.065997,45047.79,0.063917,46513.21,0.079370,37457.51,0.073006,40722.51,0.138828,21415.01,0.211216,0.017132,0.024148,0.073006,0.325503,0.043355,14,289624,356464,2003860,2152,0,0,0,3191,0,0,0,0,0,0,0,0,0,0,0,0,0,0,0,0,0,0,0,10195369420483938638,10195369420483938638,10195369420483938638,852683209846927651,852683209846927651,852683209846927651,0,0,0,0,0,0,0,0,0,0,0
209,20,2828,8,10,0.197304,14333.21,0.079802,35437.79,0.069855,40484.09,0.066086,42792.42,0.077073,36692.59,0.073219,38623.80,0.131163,21560.95,0.203336,0.018802,0.024586,0.073219,0.319943,0.041517,14,278569,326874,1927952,2083,0,0,0,3509,0,0,0,0,0,0,0,0,0,0,0,0,0,0,0,0,0,0,0,1916414242356805742,1916414242356805742,1916414242356805742,12614317401395407257,12614317401395407257,12614317401395407257,0,0,0,0,0,0,0,0,0,0,0
210,20,2626,8,10,0.258274,10167.48,0.131170,20019.82,0.073909,35530.09,0.061716,42549.42,0.110549,23754.16,0.101676,25827.24,0.180588,14541.38,0.264637,0.020072,0.021434,0.101676,0.407818,0.032985,15,276301,289261,1845352,1252,0,0,0,2244,0,0,0,0,0,0,0,0,0,0,0,0,0,0,0,0,0,0,0,4597770599632487829,4597770599632487829,4597770599632487829,16828656799482418918,16828656799482418918,16828656799482418918,0,0,0,0,0,0,0,0,0,0,0
211,20,3064,8,10,0.208780,14675.70,0.080198,38205.59,0.065206,46989.32,0.062872,48734.30,0.077887,39339.01,0.077786,39390.34,0.130660,23450.13,0.215498,0.019825,0.020919,0.077786,0.334027,0.043039,19,292768,315538,2052032,1583,0,0,0,2916,0,0,0,0,0,0,0,0,0,0,0,0,0,0,0,0,0,0,0,7777660414921905910,7777660414921905910,7777660414921905910,4248432352773018984,4248432352773018984,4248432352773018984,0,0,0,0,0,0,0,0,0,0,0
212,20,2902,8,10,0.216655,13394.57,0.090126,32199.24,0.069284,41885.83,0.067275,43136.39,0.089167,32545.51,0.079162,36659.12,0.140802,20610.47,0.229637,0.014448,0.020452,0.079162,0.343698,0.039586,16,283101,303301,1918200,1591,0,0,0,2974,0,0,0,0,0,0,0,0,0,0,0,0,0,0,0,0,0,0,0,4793277091767023791,4793277091767023791,4793277091767023791,2887957470728240328,2887957470728240328,2887957470728240328,0,0,0,0,0,0,0,0,0,0,0
213,20,2864,8,10,0.221066,12955.38,0.095693,29929.00,0.064039,44723.07,0.056573,50624.58,0.087478,32739.80,0.081231,35257.32,0.135399,21152.36,0.233778,0.014523,0.021551,0.081231,0.351084,0.044263,16,280078,300573,1970048,1293,0,0,0,2224,0,0,0,0,0,0,0,0,0,0,0,0,0,0,0,0,0,0,0,7504312067193897929,7504312067193897929,7504312067193897929,17861320547423407237,17861320547423407237,17861320547423407237,0,0,0,0,0,0,0,0,0,0,0
214,20,2923,8,10,0.212743,13739.60,0.084656,34528.01,0.074484,39243.14,0.069437,42095.80,0.085473,34198.08,0.079103,36951.59,0.136402,21429.26,0.226918,0.013514,0.024682,0.079103,0.344217,0.040034,16,290760,321230,2099052,1933,0,0,0,3261,0,0,0,0,0,0,0,0,0,0,0,0,0,0,0,0,0,0,0,1903520549992140731,1903520549992140731,1903520549992140731,16599339331110788925,16599339331110788925,16599339331110788925,0,0,0,0,0,0,0,0,0,0,0
215,20,3160,8,10,0.219482,14397.56,0.098761,31996.58,0.076518,41297.23,0.071921,43937.37,0.092278,34244.25,0.082428,38336.70,0.151749,20823.82,0.230392,0.019725,0.022663,0.082428,0.355208,0.049629,15,302964,351404,2112096,2485,0,0,0,3547,0,0,0,0,0,0,0,0,0,0,0,0,0,0,0,0,0,0,0,5677062807577356361,5677062807577356361,5677062807577356361,16543469864197252258,16543469864197252258,16543469864197252258,0,0,0,0,0,0,0,0,0,0,0
216,20,2898,8,10,0.242222,11964.22,0.122484,23660.14,0.091325,31732.74,0.086886,33354.01,0.106027,27332.71,0.098176,29518.56,0.162572,17825.91,0.250016,0.019651,0.021215,0.098176,0.389058,0.039083,17,291449,314584,1997256,1715,0,0,0,3662,0,0,0,0,0,0,0,0,0,0,0,0,0,0,0,0,0,0,0,2974249322061687783,2974249322061687783,2974249322061687783,13658008061526210584,13658008061526210584,13658008061526210584,0,0,0,0,0,0,0,0,0,0,0
217,20,2768,8,10,0.226022,12246.60,0.090557,30566.22,0.064785,42725.90,0.061905,44713.71,0.087148,31762.04,0.083225,33259.18,0.142436,19433.36,0.231787,0.018477,0.021151,0.083225,0.354639,0.036288,17,280460,296530,1954752,1298,0,0,0,2763,0,0,0,0,0,0,0,0,0,0,0,0,0,0,0,0,0,0,0,2796645787771690192,2796645787771690192,2796645787771690192,12507094788803551932,12507094788803551932,12507094788803551932,0,0,0,0,0,0,0,0,0,0,0
218,20,2865,8,10,0.234052,12240.87,0.100223,28586.38,0.072281,39637.07,0.068697,41704.95,0.087040,32915.92,0.081603,35108.89,0.146786,19518.15,0.244261,0.017609,0.024303,0.081603,0.367776,0.039160,16,293837,313392,2005348,1495,0,0,0,3152,0,0,0,0,0,0,0,0,0,0,0,0,0,0,0,0,0,0,0,10035963281325602299,10035963281325602299,10035963281325602299,17364772724962818880,17364772724962818880,17364772724962818880,0,0,0,0,0,0,0,0,0,0,0
219,20,2844,8,10,0.230395,12344.04,0.101348,28061.68,0.077871,36521.97,0.072841,39043.96,0.091394,31118.10,0.089005,31953.36,0.150446,18903.81,0.239797,0.018303,0.021792,0.089005,0.368897,0.045396,17,300124,322129,2059472,1674,0,0,0,3350,0,0,0,0,0,0,0,0,0,0,0,0,0,0,0,0,0,0,0,10300418667205142110,10300418667205142110,10300418667205142110,14492786037348924640,14492786037348924640,14492786037348924640,0,0,0,0,0,0,0,0,0,0,0
220,20,3171,8,10,0.225285,14075.51,0.091180,34777.42,0.081248,39028.57,0.076865,41253.91,0.089308,35506.44,0.087040,36431.49,0.158693,19981.99,0.231503,0.023237,0.024293,0.087040,0.366073,0.049313,17,338429,431554,2261516,2777,0,0,0,4637,0,0,0,0,0,0,0,0,0,0,0,0,0,0,0,0,0,0,0,2415502954785852950,2415502954785852950,2415502954785852950,11657040000726456456,11657040000726456456,11657040000726456456,0,0,0,0,0,0,0,0,0,0,0
221,20,2983,8,10,0.190024,15698.05,0.083357,35785.87,0.070073,42569.73,0.065857,45295.18,0.081051,36803.85,0.076525,38980.83,0.136671,21826.09,0.197844,0.020353,0.020924,0.076525,0.315645,0.042902,17,305292,373822,2070076,2551,0,0,0,3708,0,0,0,0,0,0,0,0,0,0,0,0,0,0,0,0,0,0,0,842271894604659975,842271894604659975,842271894604659975,10383562889609598368,10383562889609598368,10383562889609598368,0,0,0,0,0,0,0,0,0,0,0
222,20,3169,8,10,0.207204,15294.11,0.092931,34100.70,0.080967,39139.19,0.076553,41396.06,0.087707,36131.51,0.082997,38182.10,0.145088,21841.98,0.215666,0.020176,0.029087,0.082997,0.347926,0.048863,16,307849,369039,2092292,2388,0,0,0,4688,0,0,0,0,0,0,0,0,0,0,0,0,0,0,0,0,0,0,0,4637221490455510554,4637221490455510554,4637221490455510554,11444955235124534008,11444955235124534008,11444955235124534008,0,0,0,0,0,0,0,0,0,0,0
223,20,2918,8,10,0.196537,14847.07,0.087663,33286.59,0.084456,34550.59,0.079620,36648.86,0.087490,33352.45,0.087703,33271.43,0.130364,22383.50,0.206199,0.018466,0.021267,0.087703,0.333635,0.040515,19,295340,321930,2060472,1886,0,0,0,4394,0,0,0,0,0,0,0,0,0,0,0,0,0,0,0,0,0,0,0,16708302066137199670,16708302066137199670,16708302066137199670,16650911944275710310,16650911944275710310,16650911944275710310,0,0,0,0,0,0,0,0,0,0,0
224,20,2962,8,10,0.218435,13560.10,0.093270,31757.42,0.084837,34914.17,0.079715,37157.34,0.091624,32327.94,0.090600,32693.27,0.145978,20290.67,0.228067,0.019057,0.025277,0.090600,0.363000,0.043096,18,310172,340257,2116488,1980,0,0,0,4017,0,0,0,0,0,0,0,0,0,0,0,0,0,0,0,0,0,0,0,6699494237946202519,6699494237946202519,6699494237946202519,1119704474585186663,1119704474585186663,1119704474585186663,0,0,0,0,0,0,0,0,0,0,0
225,20,2970,8,10,0.231074,12853.02,0.102549,28961.79,0.082518,35992.15,0.079282,37461.40,0.102793,28893.08,0.097811,30364.83,0.154900,19173.68,0.239959,0.018735,0.020032,0.097811,0.376536,0.044047,18,308233,340623,2091880,2116,0,0,0,4356,0,0,0,0,0,0,0,0,0,0,0,0,0,0,0,0,0,0,0,13296630959304376934,13296630959304376934,13296630959304376934,14878599616202286311,14878599616202286311,14878599616202286311,0,0,0,0,0,0,0,0,0,0,0
226,20,2908,8,10,0.203090,14318.76,0.101015,28787.68,0.097718,29759.08,0.091866,31654.79,0.100362,28975.16,0.100662,28888.68,0.146906,19795.00,0.211468,0.018937,0.018442,0.100662,0.349510,0.039788,20,302188,348053,2070736,2565,0,0,0,4437,0,0,0,0,0,0,0,0,0,0,0,0,0,0,0,0,0,0,0,1532052278141838305,1532052278141838305,1532052278141838305,6003359470829233834,6003359470829233834,6003359470829233834,0,0,0,0,0,0,0,0,0,0,0
227,20,2836,8,10,0.224971,12606.09,0.103909,27293.12,0.085420,33200.52,0.081481,34805.75,0.103139,27496.82,0.097106,29205.20,0.157167,18044.48,0.232789,0.020045,0.018503,0.097106,0.368444,0.038339,19,295956,330956,2066448,2337,0,0,0,4115,0,0,0,0,0,0,0,0,0,0,0,0,0,0,0,0,0,0,0,4387168492682672564,4387168492682672564,4387168492682672564,12850484536254426031,12850484536254426031,12850484536254426031,0,0,0,0,0,0,0,0,0,0,0
228,20,2878,8,10,0.213444,13483.63,0.097726,29449.67,0.086987,33085.45,0.081962,35113.92,0.096036,29967.89,0.095452,30151.36,0.150229,19157.44,0.224214,0.016906,0.017741,0.095452,0.354313,0.041867,20,292091,319441,2021304,1981,0,0,0,3931,0,0,0,0,0,0,0,0,0,0,0,0,0,0,0,0,0,0,0,13373529550780333638,13373529550780333638,13373529550780333638,122680976664675168,122680976664675168,122680976664675168,0,0,0,0,0,0,0,0,0,0,0
229,20,3425,8,10,0.194038,17651.21,0.100667,34023.18,0.085365,40121.61,0.075454,45391.87,0.104044,32918.63,0.084707,40433.36,0.180405,18985.02,0.202460,0.021632,0.029542,0.084707,0.338340,0.054376,13,352464,628544,2290244,5528,0,0,0,8129,0,0,0,0,0,0,0,0,0,0,0,0,0,0,0,0,0,0,0,736058361416073230,736058361416073230,736058361416073230,7297238810983981859,7297238810983981859,7297238810983981859,0,0,0,0,0,0,0,0,0,0,0
230,20,3432,8,10,0.225920,15191.21,0.083355,41173.48,0.064235,53429.07,0.058800,58367.42,0.081421,42151.13,0.077637,44205.55,0.140744,24384.63,0.238188,0.017768,0.023441,0.077637,0.357034,0.057371,16,316027,368877,2255680,2186,0,0,0,3229,0,0,0,0,0,0,0,0,0,0,0,0,0,0,0,0,0,0,0,16143600661108245040,16143600661108245040,16143600661108245040,6347010804042130098,6347010804042130098,6347010804042130098,0,0,0,0,0,0,0,0,0,0,0
231,20,2857,8,10,0.212199,13463.79,0.092814,30781.85,0.079483,35944.84,0.078979,36174.15,0.090359,31618.26,0.088545,32265.99,0.132759,21520.18,0.222624,0.017653,0.030665,0.088545,0.359488,0.041091,17,284749,304294,1999940,1481,0,0,0,3469,0,0,0,0,0,0,0,0,0,0,0,0,0,0,0,0,0,0,0,5563516470267237210,5563516470267237210,5563516470267237210,4509321418690147337,4509321418690147337,4509321418690147337,0,0,0,0,0,0,0,0,0,0,0
232,20,2772,8,10,0.221689,12504.02,0.090488,30634.04,0.071036,39022.34,0.067216,41240.04,0.087689,31611.65,0.081076,34190.21,0.141664,19567.47,0.229587,0.017547,0.020606,0.081076,0.348816,0.036033,16,282176,299826,1979504,1364,0,0,0,3136,0,0,0,0,0,0,0,0,0,0,0,0,0,0,0,0,0,0,0,16030308831105529898,16030308831105529898,16030308831105529898,13395362401181620172,13395362401181620172,13395362401181620172,0,0,0,0,0,0,0,0,0,0,0
233,20,3139,8,10,0.207733,15110.77,0.110061,28520.66,0.104821,29946.18,0.098420,31893.77,0.107299,29254.67,0.106001,29613.04,0.165738,18939.57,0.219347,0.019959,0.019532,0.106001,0.364838,0.048807,19,319880,399645,2314892,3318,0,0,0,5566,0,0,0,0,0,0,0,0,0,0,0,0,0,0,0,0,0,0,0,1538487026780597307,1538487026780597307,1538487026780597307,12301476666291554536,12301476666291554536,12301476666291554536,0,0,0,0,0,0,0,0,0,0,0
234,20,2649,8,10,0.198872,13320.16,0.084747,31257.89,0.075010,35315.40,0.071664,36964.01,0.082418,32141.11,0.082713,32026.28,0.137710,19236.02,0.212408,0.011537,0.016700,0.082713,0.323359,0.033870,20,261672,284522,1795652,1750,0,0,0,3206,0,0,0,0,0,0,0,0,0,0,0,0,0,0,0,0,0,0,0,3067510499621048126,3067510499621048126,3067510499621048126,9951494118623881656,9951494118623881656,9951494118623881656,0,0,0,0,0,0,0,0,0,0,0
235,20,3047,8,10,0.217318,14020.92,0.097443,31269.64,0.073669,41360.73,0.070329,43324.82,0.095857,31786.84,0.085403,35678.01,0.155023,19655.19,0.223648,0.021599,0.022276,0.085403,0.352926,0.045451,16,295413,333873,2039996,2187,0,0,0,3518,0,0,0,0,0,0,0,0,0,0,0,0,0,0,0,0,0,0,0,80990877212612093,80990877212612093,80990877212612093,4358643464245785263,4358643464245785263,4358643464245785263,0,0,0,0,0,0,0,0,0,0,0
236,20,2824,8,10,0.199575,14150.10,0.086851,32515.36,0.079756,35407.89,0.075628,37340.82,0.087090,32426.40,0.083345,33883.42,0.133941,21083.99,0.209432,0.017378,0.018510,0.083345,0.328664,0.037943,19,289852,322132,1956800,1969,0,0,0,3809,0,0,0,0,0,0,0,0,0,0,0,0,0,0,0,0,0,0,0,5845791901532760316,5845791901532760316,5845791901532760316,15969928575526678551,15969928575526678551,15969928575526678551,0,0,0,0,0,0,0,0,0,0,0
237,20,2893,8,10,0.221164,13080.78,0.094645,30567.00,0.069463,41647.90,0.066499,43504.16,0.093575,30916.51,0.081354,35560.62,0.148014,19545.44,0.235038,0.012552,0.021425,0.081354,0.350369,0.039916,15,288540,347965,1996852,2199,0,0,0,3396,0,0,0,0,0,0,0,0,0,0,0,0,0,0,0,0,0,0,0,15249267441358391623,15249267441358391623,15249267441358391623,12920034959639888001,12920034959639888001,12920034959639888001,0,0,0,0,0,0,0,0,0,0,0
238,20,2770,8,10,0.204108,13571.27,0.083782,33062.13,0.074555,37153.54,0.070012,39564.44,0.082086,33745.04,0.082083,33746.47,0.136702,20263.13,0.212275,0.019090,0.018520,0.082083,0.331967,0.040964,18,282716,306691,1936936,1829,0,0,0,3753,0,0,0,0,0,0,0,0,0,0,0,0,0,0,0,0,0,0,0,17207363596027329568,17207363596027329568,17207363596027329568,17780746698831139645,17780746698831139645,17780746698831139645,0,0,0,0,0,0,0,0,0,0,0
239,20,2883,8,10,0.196675,14658.73,0.082851,34797.48,0.074627,38632.07,0.071446,40352.27,0.083404,34566.56,0.082150,35094.18,0.130334,22120.08,0.207854,0.017340,0.027653,0.082150,0.334997,0.042613,18,304303,335668,2043884,1981,0,0,0,3484,0,0,0,0,0,0,0,0,0,0,0,0,0,0,0,0,0,0,0,4902871414007639305,4902871414007639305,4902871414007639305,6104442374083757335,6104442374083757335,6104442374083757335,0,0,0,0,0,0,0,0,0,0,0
240,20,2572,8,10,0.187509,13716.66,0.081600,31519.44,0.069681,36910.89,0.066557,38643.77,0.078443,32788.25,0.074396,34571.75,0.127805,20124.46,0.194298,0.018398,0.020772,0.074396,0.307865,0.034112,17,274171,293176,1834896,1440,0,0,0,2936,0,0,0,0,0,0,0,0,0,0,0,0,0,0,0,0,0,0,0,17282692093678565124,17282692093678565124,17282692093678565124,9534903818210671372,9534903818210671372,9534903818210671372,0,0,0,0,0,0,0,0,0,0,0
241,20,2801,8,10,0.230815,12135.23,0.096933,28896.32,0.078778,35555.56,0.069257,40443.50,0.096074,29154.52,0.089994,31124.15,0.156151,17937.74,0.238219,0.019512,0.021218,0.089994,0.368943,0.040324,16,285900,327560,1918020,1887,0,0,0,3464,0,0,0,0,0,0,0,0,0,0,0,0,0,0,0,0,0,0,0,13700842435418142908,13700842435418142908,13700842435418142908,4148818461154945375,4148818461154945375,4148818461154945375,0,0,0,0,0,0,0,0,0,0,0
242,20,2851,8,10,0.213799,13334.94,0.085318,33416.30,0.068017,41916.00,0.065136,43769.77,0.084185,33865.85,0.077902,36597.04,0.134961,21124.55,0.220325,0.020634,0.026084,0.077902,0.344945,0.041404,15,295241,316116,2034476,1556,0,0,0,2944,0,0,0,0,0,0,0,0,0,0,0,0,0,0,0,0,0,0,0,16253377258329533589,16253377258329533589,16253377258329533589,10729943175103049590,10729943175103049590,10729943175103049590,0,0,0,0,0,0,0,0,0,0,0
243,20,2747,8,10,0.217248,12644.54,0.107325,25595.12,0.071247,38555.90,0.067161,40901.63,0.108466,25325.85,0.093703,29316.09,0.153688,17873.91,0.225214,0.018532,0.021783,0.093703,0.359232,0.039378,15,285690,314920,1937324,1858,0,0,0,3047,0,0,0,0,0,0,0,0,0,0,0,0,0,0,0,0,0,0,0,18152931395052774401,18152931395052774401,18152931395052774401,4709058338972479949,4709058338972479949,4709058338972479949,0,0,0,0,0,0,0,0,0,0,0
244,20,2777,8,10,0.230148,12066.14,0.097626,28445.24,0.076992,36068.57,0.073088,37995.08,0.092023,30177.20,0.092436,30042.26,0.151356,18347.52,0.239482,0.018254,0.019335,0.092436,0.369507,0.042745,18,296091,322786,2035364,1794,0,0,0,3383,0,0,0,0,0,0,0,0,0,0,0,0,0,0,0,0,0,0,0,13963718614996085396,13963718614996085396,13963718614996085396,17686999445523308513,17686999445523308513,17686999445523308513,0,0,0,0,0,0,0,0,0,0,0
245,20,2990,8,10,0.229625,13021.24,0.100313,29806.64,0.066806,44756.68,0.064010,46711.38,0.097104,30791.69,0.089491,33411.22,0.158167,18904.09,0.239364,0.016728,0.023792,0.089491,0.369374,0.044188,14,296639,351539,2020280,2059,0,0,0,3509,0,0,0,0,0,0,0,0,0,0,0,0,0,0,0,0,0,0,0,898450287239055251,898450287239055251,898450287239055251,1630488692697929336,1630488692697929336,1630488692697929336,0,0,0,0,0,0,0,0,0,0,0
246,20,2809,8,10,0.237048,11849.90,0.101726,27613.27,0.066322,42354.24,0.063825,44010.85,0.098879,28408.34,0.088981,31568.55,0.157927,17786.67,0.246680,0.018617,0.023730,0.088981,0.378007,0.037262,14,284751,307281,1994948,1544,0,0,0,2704,0,0,0,0,0,0,0,0,0,0,0,0,0,0,0,0,0,0,0,16418574048027672608,16418574048027672608,16418574048027672608,2621750422546265864,2621750422546265864,2621750422546265864,0,0,0,0,0,0,0,0,0,0,0
247,20,3083,8,10,0.234672,13137.48,0.084191,36619.22,0.057224,53875.92,0.054212,56868.89,0.076476,40313.53,0.075604,40778.30,0.138070,22329.27,0.237959,0.019402,0.018959,0.075604,0.351924,0.045098,19,300435,340260,2042924,1620,0,0,0,1919,0,0,0,0,0,0,0,0,0,0,0,0,0,0,0,0,0,0,0,13602900273838851569,13602900273838851569,13602900273838851569,5141418537433233742,5141418537433233742,5141418537433233742,0,0,0,0,0,0,0,0,0,0,0
248,20,2977,8,10,0.220064,13527.86,0.106033,28076.08,0.079572,37412.56,0.074401,40012.92,0.100481,29627.50,0.084517,35223.78,0.153958,19336.40,0.226251,0.020443,0.023503,0.084517,0.354713,0.043775,15,304777,334377,2087524,1766,0,0,0,3251,0,0,0,0,0,0,0,0,0,0,0,0,0,0,0,0,0,0,0,13636406162456190410,13636406162456190410,13636406162456190410,8580298059765696994,8580298059765696994,8580298059765696994,0,0,0,0,0,0,0,0,0,0,0
249,20,2665,8,10,0.267089,9977.95,0.150661,17688.69,0.092239,28892.29,0.089021,29936.65,0.145778,18281.21,0.115112,23151.45,0.204266,13046.73,0.276321,0.018697,0.023481,0.115112,0.433611,0.036026,13,282675,319035,1852772,1737,0,0,0,2704,0,0,0,0,0,0,0,0,0,0,0,0,0,0,0,0,0,0,0,16613506663099451856,16613506663099451856,16613506663099451856,4437525474336450049,4437525474336450049,4437525474336450049,0,0,0,0,0,0,0,0,0,0,0
250,20,2850,8,10,0.414093,6882.51,0.315500,9033.28,0.244137,11673.79,0.241708,11791.11,0.311829,9139.62,0.300925,9470.79,0.379180,7516.22,0.427935,0.020989,0.021408,0.300925,0.771257,0.038230,16,284675,354100,1972264,3463,0,0,0,4912,0,0,0,0,0,0,0,0,0,0,0,0,0,0,0,0,0,0,0,9947002619761979779,9947002619761979779,9947002619761979779,2499267926677091648,2499267926677091648,2499267926677091648,0,0,0,0,0,0,0,0,0,0,0
251,20,2835,8,10,0.355127,7983.06,0.274732,10319.16,0.213440,13282.44,0.189467,14962.99,0.272820,10391.47,0.266152,10651.81,0.327705,8651.08,0.363453,0.026708,0.023910,0.266152,0.680222,0.036441,17,275076,350861,1896236,3396,0,0,0,5314,0,0,0,0,0,0,0,0,0,0,0,0,0,0,0,0,0,0,0,12149297192606726892,12149297192606726892,12149297192606726892,3371305789968622041,3371305789968622041,3371305789968622041,0,0,0,0,0,0,0,0,0,0,0
252,20,3099,8,10,0.387159,8004.46,0.269832,11484.91,0.123217,25150.84,0.122392,25320.32,0.268549,11539.79,0.227321,13632.68,0.340422,9103.40,0.399661,0.017612,0.029372,0.227321,0.673967,0.042398,11,284016,333131,2009868,2953,0,0,0,3928,0,0,0,0,0,0,0,0,0,0,0,0,0,0,0,0,0,0,0,7256125536539949605,7256125536539949605,7256125536539949605,4244695113717157446,4244695113717157446,4244695113717157446,0,0,0,0,0,0,0,0,0,0,0
253,20,2672,8,10,0.398079,6712.24,0.276238,9672.80,0.218870,12208.15,0.203611,13123.08,0.273507,9769.41,0.211547,12630.74,0.336588,7938.48,0.410459,0.017722,0.033770,0.211547,0.673497,0.032288,5,252376,283071,1784288,1770,0,0,0,2818,0,0,0,0,0,0,0,0,0,0,0,0,0,0,0,0,0,0,0,4119359273325123169,4119359273325123169,4119359273325123169,13761897070589154610,13761897070589154610,13761897070589154610,0,0,0,0,0,0,0,0,0,0,0
254,20,3179,8,10,0.412919,7698.84,0.306074,10386.38,0.226448,14038.55,0.225899,14072.66,0.304537,10438.80,0.296373,10726.33,0.366771,8667.52,0.426390,0.022269,0.024574,0.296373,0.769606,0.047072,15,307170,354555,2114924,2693,0,0,0,3579,0,0,0,0,0,0,0,0,0,0,0,0,0,0,0,0,0,0,0,14039928621312279282,14039928621312279282,14039928621312279282,14801358986825452233,14801358986825452233,14801358986825452233,0,0,0,0,0,0,0,0,0,0,0
255,20,2748,8,10,0.453608,6058.09,0.320698,8568.81,0.257629,10666.51,0.245913,11174.67,0.310391,8853.34,0.259991,10569.61,0.386841,7103.70,0.462101,0.024010,0.040018,0.259991,0.786119,0.035308,7,268831,299901,1827024,2133,0,0,0,3231,0,0,0,0,0,0,0,0,0,0,0,0,0,0,0,0,0,0,0,2299756702900801126,2299756702900801126,2299756702900801126,17421220192853794426,17421220192853794426,17421220192853794426,0,0,0,0,0,0,0,0,0,0,0
256,20,2929,8,10,0.268979,10889.34,0.163638,17899.22,0.110036,26618.67,0.102616,28543.42,0.161625,18122.18,0.145593,20117.77,0.230721,12694.99,0.278856,0.020012,0.026795,0.145593,0.471255,0.040272,14,298953,371713,2077572,3438,0,0,0,5663,0,0,0,0,0,0,0,0,0,0,0,0,0,0,0,0,0,0,0,7042426875576445910,7042426875576445910,7042426875576445910,15451791204460241175,15451791204460241175,15451791204460241175,0,0,0,0,0,0,0,0,0,0,0
257,20,3030,8,10,0.292250,10367.83,0.194250,15598.46,0.133400,22713.58,0.122934,24647.42,0.188963,16034.85,0.168049,18030.46,0.262979,11521.82,0.303148,0.014868,0.023805,0.168049,0.509870,0.041484,14,285095,503115,2077400,2316,0,0,0,3753,0,0,0,0,0,0,0,0,0,0,0,0,0,0,0,0,0,0,0,13002372427253395114,13002372427253395114,13002372427253395114,12834466908540925702,12834466908540925702,12834466908540925702,0,0,0,0,0,0,0,0,0,0,0
258,20,3104,8,10,0.355092,8741.39,0.255826,12133.27,0.183110,16951.52,0.180867,17161.78,0.252572,12289.58,0.215779,14385.09,0.312455,9934.22,0.365387,0.020849,0.035882,0.215779,0.637897,0.044120,9,303194,385724,2131936,2682,0,0,0,2838,0,0,0,0,0,0,0,0,0,0,0,0,0,0,0,0,0,0,0,3294933702334153573,3294933702334153573,3294933702334153573,10686090503391697395,10686090503391697395,10686090503391697395,0,0,0,0,0,0,0,0,0,0,0
259,20,2894,8,10,0.405310,7140.21,0.307298,9417.58,0.240036,12056.50,0.237343,12193.32,0.296905,9747.21,0.281865,10267.32,0.348835,8296.19,0.419698,0.020643,0.025236,0.281865,0.747441,0.037660,13,276228,308863,1967704,2083,0,0,0,3651,0,0,0,0,0,0,0,0,0,0,0,0,0,0,0,0,0,0,0,4301490224651247249,4301490224651247249,4301490224651247249,968208441856336404,968208441856336404,968208441856336404,0,0,0,0,0,0,0,0,0,0,0
260,20,2896,8,10,0.452866,6394.83,0.350138,8271.03,0.292831,9889.67,0.290363,9973.73,0.345101,8391.76,0.302331,9578.91,0.395445,7323.39,0.461400,0.024162,0.031634,0.302331,0.819527,0.037469,7,271749,301194,1962400,1919,0,0,0,2930,0,0,0,0,0,0,0,0,0,0,0,0,0,0,0,0,0,0,0,8621491502082678840,8621491502082678840,8621491502082678840,6502603375275907403,6502603375275907403,6502603375275907403,0,0,0,0,0,0,0,0,0,0,0
261,20,2779,8,10,0.538371,5161.87,0.395882,7019.76,0.302070,9199.85,0.302312,9192.48,0.386525,7189.70,0.301715,9210.68,0.479025,5801.37,0.555969,0.017266,0.037069,0.301715,0.912019,0.036607,5,268104,427539,1825196,2843,0,0,0,1614,0,0,0,0,0,0,0,0,0,0,0,0,0,0,0,0,0,0,0,16318096457383959084,16318096457383959084,16318096457383959084,2099294544238986916,2099294544238986916,2099294544238986916,0,0,0,0,0,0,0,0,0,0,0
262,20,2832,8,10,0.408119,6939.15,0.310253,9128.05,0.236218,11988.91,0.230199,12302.41,0.301363,9397.31,0.242715,11668.02,0.381459,7424.12,0.417816,0.020250,0.030472,0.242715,0.711254,0.036727,7,279637,454557,1989600,3652,0,0,0,5337,0,0,0,0,0,0,0,0,0,0,0,0,0,0,0,0,0,0,0,6494414236066280879,6494414236066280879,6494414236066280879,4989428739430212969,4989428739430212969,4989428739430212969,0,0,0,0,0,0,0,0,0,0,0
263,20,2646,8,10,0.383775,6894.67,0.278024,9517.15,0.188770,14017.08,0.186715,14171.30,0.275319,9610.68,0.261827,10105.91,0.329639,8026.96,0.378365,0.020507,0.022218,0.261827,0.682917,0.032441,15,266879,315389,1894136,2735,0,0,0,4689,0,0,0,0,0,0,0,0,0,0,0,0,0,0,0,0,0,0,0,4952540278137969864,4952540278137969864,4952540278137969864,10448016189107677264,10448016189107677264,10448016189107677264,0,0,0,0,0,0,0,0,0,0,0
264,20,2591,8,10,0.351745,7366.14,0.265518,9758.28,0.190860,13575.37,0.185504,13967.35,0.261409,9911.67,0.255736,10131.56,0.323745,8003.20,0.362522,0.019313,0.020133,0.255736,0.657703,0.031098,16,269720,312540,1883708,2742,0,0,0,4248,0,0,0,0,0,0,0,0,0,0,0,0,0,0,0,0,0,0,0,3628248923665786421,3628248923665786421,3628248923665786421,7968349467450885159,7968349467450885159,7968349467450885159,0,0,0,0,0,0,0,0,0,0,0
265,20,2619,8,10,0.453793,5771.35,0.364374,7187.66,0.297498,8803.41,0.294649,8888.54,0.358580,7303.82,0.334364,7832.79,0.426589,6139.39,0.466835,0.017899,0.022701,0.334364,0.841798,0.031992,13,261998,308193,2003756,2761,0,0,0,4282,0,0,0,0,0,0,0,0,0,0,0,0,0,0,0,0,0,0,0,14361659207334343387,14361659207334343387,14361659207334343387,15505534564369686445,15505534564369686445,15505534564369686445,0,0,0,0,0,0,0,0,0,0,0
266,20,2517,8,10,0.416027,6050.09,0.331097,7602.01,0.247568,10166.91,0.244189,10307.61,0.326697,7704.38,0.297441,8462.18,0.388751,6474.58,0.431324,0.016605,0.023706,0.297441,0.769076,0.029141,12,256942,290872,1807476,2194,0,0,0,2644,0,0,0,0,0,0,0,0,0,0,0,0,0,0,0,0,0,0,0,10493144806211755491,10493144806211755491,10493144806211755491,9813360039987803878,9813360039987803878,9813360039987803878,0,0,0,0,0,0,0,0,0,0,0
267,20,2858,8,10,0.577630,4947.80,0.475465,6010.96,0.357632,7991.46,0.357823,7987.19,0.469929,6081.77,0.362261,7889.34,0.542324,5269.91,0.602963,0.017158,0.037173,0.362261,1.019555,0.039496,5,267343,303533,1856424,2342,0,0,0,1732,0,0,0,0,0,0,0,0,0,0,0,0,0,0,0,0,0,0,0,15564551595533345636,15564551595533345636,15564551595533345636,5478061708216970528,5478061708216970528,5478061708216970528,0,0,0,0,0,0,0,0,0,0,0
268,20,2786,8,10,0.523513,5321.74,0.397881,7002.09,0.311404,8946.59,0.306861,9079.02,0.393266,7084.26,0.310971,8959.04,0.479196,5813.91,0.545338,0.016600,0.033357,0.310971,0.906266,0.034345,5,265512,323667,1853320,2650,0,0,0,2586,0,0,0,0,0,0,0,0,0,0,0,0,0,0,0,0,0,0,0,8129999630396200772,8129999630396200772,8129999630396200772,12161878860860271698,12161878860860271698,12161878860860271698,0,0,0,0,0,0,0,0,0,0,0
269,20,2559,8,10,0.474957,5387.86,0.380111,6732.24,0.303839,8422.22,0.301129,8498.01,0.377272,6782.90,0.341458,7494.34,0.443091,5775.33,0.489946,0.018407,0.024696,0.341458,0.874507,0.030523,11,260657,303812,1801660,2622,0,0,0,2384,0,0,0,0,0,0,0,0,0,0,0,0,0,0,0,0,0,0,0,5927041745547092166,5927041745547092166,5927041745547092166,328427759181399712,328427759181399712,328427759181399712,0,0,0,0,0,0,0,0,0,0,0
270,20,2501,8,10,0.456846,5474.49,0.344440,7261.06,0.241762,10344.90,0.238726,10476.44,0.341810,7316.93,0.246475,10147.07,0.407580,6136.23,0.472184,0.020694,0.034494,0.246475,0.773847,0.028157,4,247215,280100,1732276,2307,0,0,0,3172,0,0,0,0,0,0,0,0,0,0,0,0,0,0,0,0,0,0,0,6741261983031064352,6741261983031064352,6741261983031064352,13391643043721042886,13391643043721042886,13391643043721042886,0,0,0,0,0,0,0,0,0,0,0
271,20,2301,8,10,0.401990,5724.03,0.310418,7412.58,0.246327,9341.25,0.246090,9350.25,0.308667,7454.63,0.288478,7976.36,0.361903,6358.06,0.404945,0.014760,0.021011,0.288478,0.729194,0.024745,13,236962,266067,1632404,1949,0,0,0,3191,0,0,0,0,0,0,0,0,0,0,0,0,0,0,0,0,0,0,0,6223305685963716861,6223305685963716861,6223305685963716861,9032385525648687092,9032385525648687092,9032385525648687092,0,0,0,0,0,0,0,0,0,0,0
272,20,2606,8,10,0.337688,7717.18,0.236454,11021.15,0.140985,18484.30,0.126397,20617.64,0.232431,11211.95,0.220588,11813.90,0.312671,8334.63,0.352827,0.017188,0.021123,0.220588,0.611726,0.032560,16,265732,316872,1829624,2739,0,0,0,4660,0,0,0,0,0,0,0,0,0,0,0,0,0,0,0,0,0,0,0,10001632743166111424,10001632743166111424,10001632743166111424,14288858874711026147,14288858874711026147,14288858874711026147,0,0,0,0,0,0,0,0,0,0,0
273,20,2622,8,10,0.353763,7411.75,0.267157,9814.45,0.174094,15060.85,0.163543,16032.47,0.257244,10192.67,0.235457,11135.79,0.328847,7973.32,0.367077,0.017900,0.020578,0.235457,0.641012,0.031789,15,263812,325577,1898328,3232,0,0,0,5656,0,0,0,0,0,0,0,0,0,0,0,0,0,0,0,0,0,0,0,1011038023816077606,1011038023816077606,1011038023816077606,12739560456807428715,12739560456807428715,12739560456807428715,0,0,0,0,0,0,0,0,0,0,0
274,20,3272,8,10,0.278303,11756.98,0.183925,17789.88,0.122416,26728.50,0.107977,30302.68,0.172039,19018.91,0.148297,22063.78,0.241842,13529.52,0.288713,0.020600,0.022225,0.148297,0.479835,0.047711,17,308192,385802,2177920,3686,0,0,0,6374,0,0,0,0,0,0,0,0,0,0,0,0,0,0,0,0,0,0,0,2591196450248062253,2591196450248062253,2591196450248062253,16262858339402131393,16262858339402131393,16262858339402131393,0,0,0,0,0,0,0,0,0,0,0
275,20,3506,8,10,0.256294,13679.61,0.139566,25120.74,0.087886,39892.38,0.082876,42303.99,0.140215,25004.55,0.126617,27689.79,0.213122,16450.64,0.266808,0.020458,0.025368,0.126617,0.439251,0.056755,15,318558,396998,2198152,3227,0,0,0,4761,0,0,0,0,0,0,0,0,0,0,0,0,0,0,0,0,0,0,0,14681755129109895961,14681755129109895961,14681755129109895961,15012582904678881339,15012582904678881339,15012582904678881339,0,0,0,0,0,0,0,0,0,0,0
276,20,3084,8,10,0.386249,7984.49,0.279424,11036.98,0.217062,14207.90,0.209521,14719.26,0.276800,11141.63,0.210738,14634.25,0.347610,8872.00,0.398159,0.018286,0.038676,0.210738,0.665860,0.043400,5,289033,363008,2056176,3096,0,0,0,4351,0,0,0,0,0,0,0,0,0,0,0,0,0,0,0,0,0,0,0,55417729860623449,55417729860623449,55417729860623449,3770045784989116485,3770045784989116485,3770045784989116485,0,0,0,0,0,0,0,0,0,0,0
277,20,2881,8,10,0.458783,6279.65,0.387202,7440.56,0.322818,8924.54,0.300679,9581.65,0.379880,7583.97,0.351291,8201.18,0.437434,6586.13,0.477661,0.015877,0.024699,0.351291,0.869527,0.039684,12,267415,319150,1863268,2687,0,0,0,4150,0,0,0,0,0,0,0,0,0,0,0,0,0,0,0,0,0,0,0,13016954735992942446,13016954735992942446,13016954735992942446,5787719647532785168,5787719647532785168,5787719647532785168,0,0,0,0,0,0,0,0,0,0,0
278,20,3036,8,10,0.466854,6503.11,0.373808,8121.81,0.311250,9754.22,0.305459,9939.13,0.366013,8294.78,0.321668,9438.29,0.449023,6761.35,0.477530,0.017059,0.036049,0.321668,0.852307,0.044494,6,281605,420670,1995920,3848,0,0,0,4541,0,0,0,0,0,0,0,0,0,0,0,0,0,0,0,0,0,0,0,4842115032474525549,4842115032474525549,4842115032474525549,612438305567025994,612438305567025994,612438305567025994,0,0,0,0,0,0,0,0,0,0,0
279,20,2912,8,10,0.231423,12583.00,0.126366,23044.10,0.078378,37153.11,0.072583,40119.60,0.120652,24135.46,0.108560,26823.89,0.186706,15596.75,0.239652,0.018129,0.020681,0.108560,0.387021,0.039524,17,280283,335713,1912672,2392,0,0,0,3824,0,0,0,0,0,0,0,0,0,0,0,0,0,0,0,0,0,0,0,17637364503066932424,17637364503066932424,17637364503066932424,9321358207384544118,9321358207384544118,9321358207384544118,0,0,0,0,0,0,0,0,0,0,0
280,20,2992,8,10,0.216533,13817.75,0.109391,27351.53,0.080182,37315.03,0.075389,39687.61,0.106137,28189.86,0.099523,30063.51,0.165259,18104.94,0.217762,0.018533,0.021900,0.099523,0.357717,0.044177,17,308753,353363,2075488,2363,0,0,0,4026,0,0,0,0,0,0,0,0,0,0,0,0,0,0,0,0,0,0,0,5839834980567237239,5839834980567237239,5839834980567237239,2196122842151919817,2196122842151919817,2196122842151919817,0,0,0,0,0,0,0,0,0,0,0
281,20,3223,8,10,0.245972,13103.14,0.142903,22553.81,0.077032,41839.95,0.072036,44741.67,0.138147,23330.19,0.129575,24873.67,0.202152,15943.47,0.257446,0.019901,0.024290,0.129575,0.431212,0.055285,16,315162,374587,2136956,2673,0,0,0,3627,0,0,0,0,0,0,0,0,0,0,0,0,0,0,0,0,0,0,0,3156193173875468744,3156193173875468744,3156193173875468744,9362713216021471987,9362713216021471987,9362713216021471987,0,0,0,0,0,0,0,0,0,0,0
282,20,3176,8,10,0.197048,16117.87,0.097285,32646.35,0.081923,38767.89,0.078639,40386.85,0.093512,33963.72,0.093021,34142.66,0.148006,21458.62,0.202701,0.021491,0.018647,0.093021,0.335860,0.049439,20,297644,340329,2027648,2556,0,0,0,4067,0,0,0,0,0,0,0,0,0,0,0,0,0,0,0,0,0,0,0,9357906675189544355,9357906675189544355,9357906675189544355,10366241120084146907,10366241120084146907,10366241120084146907,0,0,0,0,0,0,0,0,0,0,0
283,20,3122,8,10,0.214118,14580.77,0.121264,25745.43,0.086896,35927.92,0.080853,38613.20,0.105605,29562.90,0.098810,31596.06,0.169967,18368.28,0.223716,0.019991,0.022854,0.098810,0.365371,0.045197,17,311777,350622,2120520,2377,0,0,0,4121,0,0,0,0,0,0,0,0,0,0,0,0,0,0,0,0,0,0,0,1798565430809458937,1798565430809458937,1798565430809458937,16362989560965493534,16362989560965493534,16362989560965493534,0,0,0,0,0,0,0,0,0,0,0
284,20,3028,8,10,0.248319,12194.01,0.144223,20995.31,0.100203,30218.78,0.078090,38775.53,0.146581,20657.48,0.140208,21596.43,0.192866,15700.01,0.259139,0.021343,0.025542,0.140208,0.446233,0.046292,17,330816,365266,2121232,2140,0,0,0,3721,0,0,0,0,0,0,0,0,0,0,0,0,0,0,0,0,0,0,0,6558717476586295151,6558717476586295151,6558717476586295151,12296289441554384457,12296289441554384457,12296289441554384457,0,0,0,0,0,0,0,0,0,0,0
285,20,3013,8,10,0.228414,13190.93,0.146508,20565.39,0.091350,32983.21,0.071145,42349.94,0.137849,21857.19,0.108996,27643.24,0.196506,15332.84,0.234635,0.021039,0.031267,0.108996,0.395936,0.038463,11,310178,433388,2026484,2138,0,0,0,3729,0,0,0,0,0,0,0,0,0,0,0,0,0,0,0,0,0,0,0,16102093102393125223,16102093102393125223,16102093102393125223,6628779046855642560,6628779046855642560,6628779046855642560,0,0,0,0,0,0,0,0,0,0,0
286,20,2626,8,10,0.216996,12101.58,0.120953,21710.94,0.076097,34508.73,0.071819,36564.15,0.119403,21992.76,0.102694,25571.20,0.168651,15570.64,0.220187,0.018459,0.021859,0.102694,0.363199,0.031278,16,275542,324192,1921640,1997,0,0,0,3764,0,0,0,0,0,0,0,0,0,0,0,0,0,0,0,0,0,0,0,14090617379955446105,14090617379955446105,14090617379955446105,8438552057623656850,8438552057623656850,8438552057623656850,0,0,0,0,0,0,0,0,0,0,0
287,20,2838,8,10,0.262108,10827.59,0.149262,19013.52,0.096154,29515.13,0.073829,38440.02,0.144545,19634.04,0.095405,29746.83,0.211281,13432.33,0.270251,0.018814,0.033715,0.095405,0.418185,0.036364,9,300604,377599,1985848,1950,0,0,0,3646,0,0,0,0,0,0,0,0,0,0,0,0,0,0,0,0,0,0,0,2368289159284681447,2368289159284681447,2368289159284681447,15620108860100855903,15620108860100855903,15620108860100855903,0,0,0,0,0,0,0,0,0,0,0
288,20,2803,8,10,0.226558,12372.09,0.123346,22724.65,0.081877,34234.34,0.077783,36036.22,0.118358,23682.33,0.114595,24460.08,0.178289,15721.67,0.233285,0.021819,0.019603,0.114595,0.389302,0.035637,18,284975,355620,1949484,2174,0,0,0,3902,0,0,0,0,0,0,0,0,0,0,0,0,0,0,0,0,0,0,0,9734626402053584452,9734626402053584452,9734626402053584452,6199180356669228876,6199180356669228876,6199180356669228876,0,0,0,0,0,0,0,0,0,0,0
289,20,2922,8,10,0.239043,12223.72,0.107335,27223.18,0.072133,40508.75,0.069531,42024.55,0.102632,28470.55,0.084440,34604.56,0.167098,17486.76,0.244626,0.021292,0.030128,0.084440,0.380485,0.041162,13,287551,320876,1945704,2095,0,0,0,3606,0,0,0,0,0,0,0,0,0,0,0,0,0,0,0,0,0,0,0,1924306942697434213,1924306942697434213,1924306942697434213,2277912737731273953,2277912737731273953,2277912737731273953,0,0,0,0,0,0,0,0,0,0,0
290,20,2857,8,10,0.251533,11358.36,0.129168,22118.55,0.075728,37727.33,0.073247,39004.91,0.125780,22714.27,0.097112,29419.49,0.194404,14696.23,0.263768,0.017685,0.027765,0.097112,0.406330,0.036544,13,305178,339483,2010244,1943,0,0,0,3758,0,0,0,0,0,0,0,0,0,0,0,0,0,0,0,0,0,0,0,9826720948358251384,9826720948358251384,9826720948358251384,16176541754113547226,16176541754113547226,16176541754113547226,0,0,0,0,0,0,0,0,0,0,0
291,20,2702,8,10,0.207175,13042.13,0.101531,26612.57,0.087756,30789.82,0.084986,31793.31,0.100072,27000.43,0.095587,28267.36,0.153550,17596.85,0.212163,0.019311,0.017313,0.095587,0.344374,0.033518,19,272398,308193,1934296,2258,0,0,0,4010,0,0,0,0,0,0,0,0,0,0,0,0,0,0,0,0,0,0,0,4360751635909232822,4360751635909232822,4360751635909232822,14689809173471292720,14689809173471292720,14689809173471292720,0,0,0,0,0,0,0,0,0,0,0
292,20,2715,8,10,0.228622,11875.51,0.115072,23593.97,0.081502,33312.09,0.076388,35542.28,0.107133,25342.32,0.098936,27441.96,0.164417,16512.86,0.235921,0.019060,0.019214,0.098936,0.373131,0.033914,18,276864,302434,1878860,2057,0,0,0,3557,0,0,0,0,0,0,0,0,0,0,0,0,0,0,0,0,0,0,0,8951253819054283759,8951253819054283759,8951253819054283759,10793303909717539072,10793303909717539072,10793303909717539072,0,0,0,0,0,0,0,0,0,0,0
293,20,2577,8,10,0.217111,11869.51,0.101507,25387.35,0.075744,34022.36,0.072273,35656.47,0.100459,25652.25,0.085634,30093.10,0.154073,16725.81,0.225424,0.017563,0.019784,0.085634,0.348404,0.031098,16,262057,285137,1784548,1780,0,0,0,3031,0,0,0,0,0,0,0,0,0,0,0,0,0,0,0,0,0,0,0,1898513820779514023,1898513820779514023,1898513820779514023,15460064532847188700,15460064532847188700,15460064532847188700,0,0,0,0,0,0,0,0,0,0,0
294,20,2733,8,10,0.238765,11446.41,0.122437,22321.67,0.072452,37721.41,0.067028,40774.12,0.117583,23243.09,0.091555,29851.00,0.181125,15088.99,0.247932,0.019822,0.026572,0.091555,0.385880,0.034601,13,285878,306588,1922516,1738,0,0,0,3121,0,0,0,0,0,0,0,0,0,0,0,0,0,0,0,0,0,0,0,13339866839557517480,13339866839557517480,13339866839557517480,5857651356037401649,5857651356037401649,5857651356037401649,0,0,0,0,0,0,0,0,0,0,0
295,20,2828,8,10,0.244013,11589.52,0.107567,26290.47,0.085349,33134.45,0.079845,35418.69,0.104565,27045.51,0.095212,29702.16,0.172525,16391.79,0.251378,0.019498,0.020547,0.095212,0.386635,0.036275,16,287547,320497,1956048,2122,0,0,0,3869,0,0,0,0,0,0,0,0,0,0,0,0,0,0,0,0,0,0,0,10359240123057159309,10359240123057159309,10359240123057159309,13015271534879182505,13015271534879182505,13015271534879182505,0,0,0,0,0,0,0,0,0,0,0
296,20,2729,8,10,0.242386,11258.90,0.111662,24439.89,0.069564,39229.94,0.066943,40765.88,0.108169,25228.98,0.090130,30278.62,0.166722,16368.59,0.251072,0.018471,0.021663,0.090130,0.381335,0.034979,16,284390,312955,1916452,1829,0,0,0,3194,0,0,0,0,0,0,0,0,0,0,0,0,0,0,0,0,0,0,0,6967894051044006733,6967894051044006733,6967894051044006733,9822623400959714092,9822623400959714092,9822623400959714092,0,0,0,0,0,0,0,0,0,0,0
297,20,2905,8,10,0.242689,11970.04,0.146245,19863.86,0.083155,34934.60,0.072872,39864.34,0.140588,20663.15,0.108646,26738.13,0.189176,15356.04,0.249936,0.022211,0.031193,0.108646,0.411986,0.038088,10,309734,337124,1987684,1852,0,0,0,3167,0,0,0,0,0,0,0,0,0,0,0,0,0,0,0,0,0,0,0,7459514216888343960,7459514216888343960,7459514216888343960,9309135762491893134,9309135762491893134,9309135762491893134,0,0,0,0,0,0,0,0,0,0,0
298,20,2928,8,10,0.260176,11253.94,0.132955,22022.46,0.072449,40414.68,0.070880,41309.35,0.129268,22650.64,0.104684,27969.92,0.199809,14653.98,0.269324,0.018835,0.024393,0.104684,0.417236,0.039933,15,298335,331855,1987808,1950,0,0,0,3958,0,0,0,0,0,0,0,0,0,0,0,0,0,0,0,0,0,0,0,7748897180953230391,7748897180953230391,7748897180953230391,7987497040173486441,7987497040173486441,7987497040173486441,0,0,0,0,0,0,0,0,0,0,0
299,20,2816,8,10,0.256814,10965.15,0.133034,21167.56,0.076661,36733.02,0.070278,40069.66,0.127403,22103.01,0.101438,27760.81,0.195998,14367.49,0.265582,0.019869,0.023989,0.101438,0.410878,0.037224,14,299164,352719,2004416,2612,0,0,0,3971,0,0,0,0,0,0,0,0,0,0,0,0,0,0,0,0,0,0,0,18010789872451260098,18010789872451260098,18010789872451260098,633164771677580371,633164771677580371,633164771677580371,0,0,0,0,0,0,0,0,0,0,0
300,20,2776,8,10,0.260343,10662.84,0.130672,21244.11,0.075920,36564.72,0.071894,38612.17,0.125936,22042.95,0.107946,25716.53,0.197938,14024.58,0.269285,0.018113,0.023592,0.107946,0.418937,0.035441,15,298135,334910,2092256,2187,0,0,0,3571,0,0,0,0,0,0,0,0,0,0,0,0,0,0,0,0,0,0,0,9467599463768638036,9467599463768638036,9467599463768638036,13608345444519205090,13608345444519205090,13608345444519205090,0,0,0,0,0,0,0,0,0,0,0
301,20,2760,8,10,0.246810,11182.71,0.142518,19365.99,0.110584,24958.44,0.097837,28210.13,0.134195,20567.14,0.128669,21450.45,0.196259,14063.06,0.253449,0.020708,0.020140,0.128669,0.422965,0.035810,18,300765,336765,2010368,2402,0,0,0,4384,0,0,0,0,0,0,0,0,0,0,0,0,0,0,0,0,0,0,0,11600204385356084498,11600204385356084498,11600204385356084498,6131385879471733078,6131385879471733078,6131385879471733078,0,0,0,0,0,0,0,0,0,0,0
302,20,2974,8,10,0.268513,11075.80,0.146494,20301.12,0.085519,34775.92,0.078455,37906.94,0.142107,20927.91,0.098187,30289.23,0.208810,14242.64,0.277363,0.018909,0.026864,0.098187,0.421323,0.040894,12,315048,345748,2055192,2123,0,0,0,3468,0,0,0,0,0,0,0,0,0,0,0,0,0,0,0,0,0,0,0,10614422803625848662,10614422803625848662,10614422803625848662,14475493970043695929,14475493970043695929,14475493970043695929,0,0,0,0,0,0,0,0,0,0,0
303,20,2823,8,10,0.302902,9319.84,0.158470,17814.09,0.085454,33035.45,0.079011,35729.25,0.145692,19376.43,0.114140,24732.83,0.216760,13023.62,0.310507,0.018765,0.023146,0.114140,0.466559,0.039111,13,283123,315663,1955836,1975,0,0,0,3348,0,0,0,0,0,0,0,0,0,0,0,0,0,0,0,0,0,0,0,10537368164966458667,10537368164966458667,10537368164966458667,4658702418822343931,4658702418822343931,4658702418822343931,0,0,0,0,0,0,0,0,0,0,0
304,20,3261,8,10,0.223542,14587.86,0.110412,29534.73,0.074853,43565.13,0.070959,45956.30,0.106069,30744.03,0.091989,35449.78,0.169422,19247.79,0.234407,0.017991,0.022618,0.091989,0.367006,0.046951,16,313064,354599,2066516,2165,0,0,0,3623,0,0,0,0,0,0,0,0,0,0,0,0,0,0,0,0,0,0,0,12777527135881926792,12777527135881926792,12777527135881926792,3805372787312471353,3805372787312471353,3805372787312471353,0,0,0,0,0,0,0,0,0,0,0
305,20,3044,8,10,0.208691,14586.19,0.100506,30286.72,0.086786,35074.87,0.080516,37806.03,0.097912,31089.12,0.097306,31282.87,0.160403,18977.19,0.213988,0.021071,0.018839,0.097306,0.351204,0.041383,19,290664,332989,2049968,2491,0,0,0,4629,0,0,0,0,0,0,0,0,0,0,0,0,0,0,0,0,0,0,0,14346403056200510972,14346403056200510972,14346403056200510972,4648757778085415692,4648757778085415692,4648757778085415692,0,0,0,0,0,0,0,0,0,0,0
306,20,2812,8,10,0.669302,4201.39,0.539283,5214.33,0.499262,5632.31,0.487835,5764.24,0.535435,5251.80,0.504304,5576.00,0.607461,4629.10,0.729666,0.000000,0.027471,0.504304,1.261440,0.036270,9,273418,303578,1934320,2122,0,0,0,2977,0,0,0,0,0,0,0,0,0,0,0,0,0,0,0,0,0,0,0,10144665208232734079,10144665208232734079,10144665208232734079,18138992409219190154,18138992409219190154,18138992409219190154,0,0,0,0,0,0,0,0,0,0,0
307,20,2724,8,10,0.251120,10847.43,0.141232,19287.41,0.086880,31353.65,0.073522,37050.24,0.138880,19613.99,0.113521,23995.54,0.182484,14927.35,0.259151,0.017756,0.020401,0.113521,0.410829,0.034543,18,297234,321499,1950448,1824,0,0,0,3110,0,0,0,0,0,0,0,0,0,0,0,0,0,0,0,0,0,0,0,9905611567911853836,9905611567911853836,9905611567911853836,8744469351064638955,8744469351064638955,8744469351064638955,0,0,0,0,0,0,0,0,0,0,0
308,20,2873,8,10,0.218526,13147.18,0.103679,27710.64,0.072181,39802.74,0.069526,41322.46,0.102166,28120.99,0.099181,28967.13,0.153285,18742.83,0.227096,0.019181,0.018357,0.099181,0.363816,0.037576,19,284254,309069,1954852,1806,0,0,0,3462,0,0,0,0,0,0,0,0,0,0,0,0,0,0,0,0,0,0,0,7650503669384207276,7650503669384207276,7650503669384207276,3150753196305228646,3150753196305228646,3150753196305228646,0,0,0,0,0,0,0,0,0,0,0
309,20,2853,8,10,0.248026,11502.83,0.128685,22170.46,0.068672,41545.21,0.063349,45036.42,0.125523,22728.93,0.085192,33488.98,0.176558,16158.96,0.258009,0.019025,0.030013,0.085192,0.392239,0.037222,8,305857,325937,2004628,1580,0,0,0,2716,0,0,0,0,0,0,0,0,0,0,0,0,0,0,0,0,0,0,0,11666601832019432108,11666601832019432108,11666601832019432108,8708493151804680159,8708493151804680159,8708493151804680159,0,0,0,0,0,0,0,0,0,0,0
310,20,2667,8,10,0.240253,11100.79,0.150449,17726.98,0.098223,27152.52,0.080812,33002.41,0.139249,19152.79,0.105592,25257.49,0.185306,14392.38,0.252286,0.016928,0.034479,0.105592,0.409285,0.032659,10,282911,318366,1849900,1822,0,0,0,3299,0,0,0,0,0,0,0,0,0,0,0,0,0,0,0,0,0,0,0,12734765198076375554,12734765198076375554,12734765198076375554,3653071243717839688,3653071243717839688,3653071243717839688,0,0,0,0,0,0,0,0,0,0,0
311,20,3046,8,10,0.246694,12347.27,0.102642,29675.96,0.067383,45204.24,0.063697,47819.99,0.099686,30555.91,0.089168,34160.07,0.163512,18628.57,0.254403,0.019628,0.023484,0.089168,0.386683,0.042673,15,303143,329038,2038328,1743,0,0,0,3140,0,0,0,0,0,0,0,0,0,0,0,0,0,0,0,0,0,0,0,3781871015353265843,3781871015353265843,3781871015353265843,10038513342848068739,10038513342848068739,10038513342848068739,0,0,0,0,0,0,0,0,0,0,0
312,20,3097,8,10,0.213288,14520.30,0.097639,31718.97,0.073183,42318.62,0.068482,45223.69,0.091000,34033.05,0.084340,36720.51,0.146831,21092.22,0.237269,0.001612,0.022872,0.084340,0.346092,0.042097,15,286232,313492,1961828,1955,0,0,0,3502,0,0,0,0,0,0,0,0,0,0,0,0,0,0,0,0,0,0,0,17214059476069606301,17214059476069606301,17214059476069606301,15605066183296763725,15605066183296763725,15605066183296763725,0,0,0,0,0,0,0,0,0,0,0
313,20,2979,8,10,0.335308,8884.38,0.199170,14957.06,0.165999,17945.87,0.133098,22381.95,0.197058,15117.39,0.158796,18759.95,0.263038,11325.37,0.340391,0.026117,0.029895,0.158796,0.555199,0.038620,10,277424,326479,1973004,2511,0,0,0,4119,0,0,0,0,0,0,0,0,0,0,0,0,0,0,0,0,0,0,0,13220727673794808253,13220727673794808253,13220727673794808253,10705794749253951106,10705794749253951106,10705794749253951106,0,0,0,0,0,0,0,0,0,0,0
314,20,2848,8,10,0.238957,11918.48,0.117072,24326.91,0.078925,36084.77,0.075362,37791.05,0.112347,25349.96,0.098401,28942.71,0.164864,17274.86,0.246798,0.019239,0.022998,0.098401,0.387437,0.036624,16,287336,313346,1990496,2059,0,0,0,3548,0,0,0,0,0,0,0,0,0,0,0,0,0,0,0,0,0,0,0,10695626486000076320,10695626486000076320,10695626486000076320,8173686956749223471,8173686956749223471,8173686956749223471,0,0,0,0,0,0,0,0,0,0,0
315,20,2822,8,10,0.271077,10410.31,0.128445,21970.54,0.072390,38983.36,0.065186,43291.67,0.119849,23546.27,0.099970,28228.36,0.184569,15289.69,0.280402,0.016571,0.025327,0.099970,0.422269,0.036301,13,275119,302984,1874808,1753,0,0,0,2492,0,0,0,0,0,0,0,0,0,0,0,0,0,0,0,0,0,0,0,8550856254307881077,8550856254307881077,8550856254307881077,11875115410894155111,11875115410894155111,11875115410894155111,0,0,0,0,0,0,0,0,0,0,0
316,20,3131,8,10,0.305261,10256.81,0.162849,19226.38,0.096413,32475.02,0.093501,33486.36,0.161157,19428.26,0.135993,23023.25,0.226726,13809.63,0.311331,0.019699,0.032011,0.135993,0.499034,0.041339,12,284884,343309,1960812,1682,0,0,0,1918,0,0,0,0,0,0,0,0,0,0,0,0,0,0,0,0,0,0,0,7464193584084675733,7464193584084675733,7464193584084675733,7998681739432244122,7998681739432244122,7998681739432244122,0,0,0,0,0,0,0,0,0,0,0
317,20,3959,8,10,0.232932,16996.39,0.122541,32307.47,0.080529,49162.72,0.078466,50455.27,0.119432,33148.61,0.104302,37957.05,0.200512,19744.44,0.239695,0.022771,0.022707,0.104302,0.389476,0.058710,17,329701,513816,2260028,2633,0,0,0,4330,0,0,0,0,0,0,0,0,0,0,0,0,0,0,0,0,0,0,0,11826444279243562320,11826444279243562320,11826444279243562320,15987117296004917601,15987117296004917601,15987117296004917601,0,0,0,0,0,0,0,0,0,0,0
318,20,4324,8,10,0.203728,21224.34,0.096821,44659.69,0.084006,51472.28,0.076317,56658.21,0.097626,44291.70,0.094963,45533.67,0.184655,23416.70,0.211115,0.024591,0.022984,0.094963,0.353652,0.066825,18,335709,660804,2290448,3979,0,0,0,5212,0,0,0,0,0,0,0,0,0,0,0,0,0,0,0,0,0,0,0,9887391637297127368,9887391637297127368,9887391637297127368,2476913653384120836,2476913653384120836,2476913653384120836,0,0,0,0,0,0,0,0,0,0,0
319,20,5209,8,10,0.226324,23015.68,0.111186,46849.55,0.092338,56412.56,0.086125,60481.54,0.107260,48564.01,0.095941,54293.88,0.205469,25351.73,0.237443,0.024127,0.031486,0.095941,0.388997,0.094699,16,386863,756138,2708036,4069,0,0,0,5299,0,0,0,0,0,0,0,0,0,0,0,0,0,0,0,0,0,0,0,13415758410486324807,13415758410486324807,13415758410486324807,7270324450942335613,7270324450942335613,7270324450942335613,0,0,0,0,0,0,0,0,0,0,0
320,20,4527,8,10,0.203342,22262.97,0.096527,46899.02,0.077834,58162.21,0.074620,60666.99,0.095756,47276.61,0.088523,51139.15,0.174249,25980.01,0.211580,0.021299,0.028922,0.088523,0.350324,0.070973,17,341397,528342,2360892,3316,0,0,0,4543,0,0,0,0,0,0,0,0,0,0,0,0,0,0,0,0,0,0,0,10661974010837053158,10661974010837053158,10661974010837053158,17484111609397282662,17484111609397282662,17484111609397282662,0,0,0,0,0,0,0,0,0,0,0
321,20,4274,8,10,0.264144,16180.59,0.133249,32075.27,0.078401,54514.87,0.073919,57820.41,0.123984,34472.19,0.108464,39404.78,0.202647,21090.89,0.274639,0.022483,0.025151,0.108464,0.430737,0.065071,15,326344,425189,2292776,2342,0,0,0,3651,0,0,0,0,0,0,0,0,0,0,0,0,0,0,0,0,0,0,0,6564499098967400989,6564499098967400989,6564499098967400989,14587914733618180434,14587914733618180434,14587914733618180434,0,0,0,0,0,0,0,0,0,0,0
322,20,6453,8,10,0.196235,32884.00,0.102377,63031.59,0.078841,81847.85,0.069178,93281.28,0.087125,74066.40,0.085973,75058.08,0.221385,29148.37,0.204822,0.025139,0.024843,0.085973,0.340778,0.118416,19,405202,1056062,2752852,4400,0,0,0,4882,0,0,0,0,0,0,0,0,0,0,0,0,0,0,0,0,0,0,0,2910976997635603688,2910976997635603688,2910976997635603688,3714884492852586453,3714884492852586453,3714884492852586453,0,0,0,0,0,0,0,0,0,0,0
323,20,3934,8,10,0.211738,18579.55,0.104183,37760.32,0.086520,45469.19,0.084125,46763.87,0.101326,38825.15,0.096429,40796.94,0.177483,22165.53,0.220878,0.021743,0.022039,0.096429,0.361089,0.057903,18,326071,433211,2293368,2863,0,0,0,4802,0,0,0,0,0,0,0,0,0,0,0,0,0,0,0,0,0,0,0,15838527203194745096,15838527203194745096,15838527203194745096,13643982592607354757,13643982592607354757,13643982592607354757,0,0,0,0,0,0,0,0,0,0,0
324,20,3164,8,10,0.265375,11922.75,0.159734,19807.88,0.088872,35601.85,0.084030,37653.44,0.158611,19948.16,0.137360,23034.32,0.217860,14523.08,0.278195,0.018163,0.025232,0.137360,0.458950,0.042748,15,288874,325369,2035920,2452,0,0,0,3418,0,0,0,0,0,0,0,0,0,0,0,0,0,0,0,0,0,0,0,6327246090207465824,6327246090207465824,6327246090207465824,772809036015967522,772809036015967522,772809036015967522,0,0,0,0,0,0,0,0,0,0,0
325,20,3045,8,10,0.258693,11770.69,0.147659,20621.81,0.100919,30172.57,0.093520,32559.85,0.147393,20659.08,0.146691,20757.97,0.205899,14788.82,0.266624,0.023444,0.019143,0.146691,0.455902,0.048043,19,305646,357991,2084276,2847,0,0,0,4944,0,0,0,0,0,0,0,0,0,0,0,0,0,0,0,0,0,0,0,2853752879362958996,2853752879362958996,2853752879362958996,4379914124502290624,4379914124502290624,4379914124502290624,0,0,0,0,0,0,0,0,0,0,0
326,20,2985,8,10,0.321072,9296.97,0.199298,14977.56,0.123417,24186.28,0.120958,24677.90,0.194557,15342.53,0.163592,18246.58,0.246669,12101.25,0.335703,0.019511,0.036666,0.163592,0.555472,0.041604,10,296776,322996,2065252,2073,0,0,0,2492,0,0,0,0,0,0,0,0,0,0,0,0,0,0,0,0,0,0,0,8029435213600856643,8029435213600856643,8029435213600856643,13513684972915594008,13513684972915594008,13513684972915594008,0,0,0,0,0,0,0,0,0,0,0
327,20,3111,8,10,0.297767,10447.76,0.187393,16601.48,0.155452,20012.55,0.113665,27370.01,0.183893,16917.42,0.152743,20367.50,0.241690,12871.87,0.309189,0.022104,0.029002,0.152743,0.513038,0.043767,12,297563,332423,2108668,2266,0,0,0,4037,0,0,0,0,0,0,0,0,0,0,0,0,0,0,0,0,0,0,0,7421817700519945386,7421817700519945386,7421817700519945386,8994799578550318049,8994799578550318049,8994799578550318049,0,0,0,0,0,0,0,0,0,0,0
328,20,2815,8,10,0.246439,11422.72,0.128731,21867.33,0.084086,33477.70,0.074194,37940.87,0.124973,22524.78,0.102569,27444.96,0.190236,14797.42,0.256074,0.019351,0.027010,0.102569,0.405004,0.037377,14,286967,315027,1963804,1894,0,0,0,3868,0,0,0,0,0,0,0,0,0,0,0,0,0,0,0,0,0,0,0,1091121227206957994,1091121227206957994,1091121227206957994,3941275018994292234,3941275018994292234,3941275018994292234,0,0,0,0,0,0,0,0,0,0,0
329,20,3116,8,10,0.277918,11211.96,0.158665,19638.81,0.087319,35685.42,0.077395,40260.94,0.151014,20633.79,0.126994,24536.68,0.216609,14385.36,0.292646,0.018278,0.023663,0.126994,0.461581,0.042894,14,294441,325001,2044336,2016,0,0,0,2867,0,0,0,0,0,0,0,0,0,0,0,0,0,0,0,0,0,0,0,11807082142857386019,11807082142857386019,11807082142857386019,11874943137481611898,11874943137481611898,11874943137481611898,0,0,0,0,0,0,0,0,0,0,0
330,20,3201,8,10,0.319356,10023.30,0.181805,17606.79,0.125881,25428.80,0.096833,33057.06,0.175795,18208.70,0.134993,23712.39,0.264421,12105.68,0.333702,0.022221,0.029571,0.134993,0.520486,0.045542,11,312960,377850,2163716,2193,0,0,0,3558,0,0,0,0,0,0,0,0,0,0,0,0,0,0,0,0,0,0,0,12305608559019874360,12305608559019874360,12305608559019874360,4879850047309721786,4879850047309721786,4879850047309721786,0,0,0,0,0,0,0,0,0,0,0
331,20,2902,8,10,0.232954,12457.40,0.110349,26298.46,0.082094,35349.83,0.079557,36476.82,0.106854,27158.62,0.098267,29531.65,0.174423,16637.70,0.240082,0.024668,0.029993,0.098267,0.393011,0.039389,15,274099,298214,1908248,1803,0,0,0,3676,0,0,0,0,0,0,0,0,0,0,0,0,0,0,0,0,0,0,0,10911373309345047102,10911373309345047102,10911373309345047102,17130000280451229731,17130000280451229731,17130000280451229731,0,0,0,0,0,0,0,0,0,0,0
332,20,2891,8,10,0.251261,11505.97,0.133138,21714.32,0.071353,40516.77,0.068529,42186.51,0.125643,23009.61,0.111778,25863.66,0.190888,15144.99,0.262984,0.017008,0.023050,0.111778,0.414820,0.038056,16,278946,303206,1882124,1795,0,0,0,3127,0,0,0,0,0,0,0,0,0,0,0,0,0,0,0,0,0,0,0,985909118698821672,985909118698821672,985909118698821672,14462773180630106005,14462773180630106005,14462773180630106005,0,0,0,0,0,0,0,0,0,0,0
333,20,2960,8,10,0.255755,11573.59,0.126374,23422.53,0.088343,33505.84,0.071165,41593.60,0.122034,24255.58,0.093541,31644.04,0.179395,16499.90,0.265178,0.020584,0.025604,0.093541,0.404907,0.039064,13,305340,329450,2042880,1786,0,0,0,3794,0,0,0,0,0,0,0,0,0,0,0,0,0,0,0,0,0,0,0,1069184106228130844,1069184106228130844,1069184106228130844,7555265208772073493,7555265208772073493,7555265208772073493,0,0,0,0,0,0,0,0,0,0,0
334,20,3128,8,10,0.199826,15653.61,0.093086,33603.17,0.073064,42811.94,0.071015,44047.32,0.089686,34877.09,0.089153,35085.84,0.136683,22885.02,0.203735,0.019650,0.018071,0.089153,0.330608,0.043546,19,279370,301925,1941696,1788,0,0,0,3226,0,0,0,0,0,0,0,0,0,0,0,0,0,0,0,0,0,0,0,7207465914349791105,7207465914349791105,7207465914349791105,6436896282113833550,6436896282113833550,6436896282113833550,0,0,0,0,0,0,0,0,0,0,0
335,20,3223,8,10,0.230304,13994.56,0.094055,34267.19,0.072047,44734.83,0.068718,46901.62,0.090164,35746.10,0.086825,37120.56,0.154122,20911.95,0.237996,0.021112,0.025783,0.086825,0.371717,0.046473,17,303998,334198,2085308,1951,0,0,0,3361,0,0,0,0,0,0,0,0,0,0,0,0,0,0,0,0,0,0,0,2405780163264692844,2405780163264692844,2405780163264692844,17575994085182323348,17575994085182323348,17575994085182323348,0,0,0,0,0,0,0,0,0,0,0
336,20,2986,8,10,0.241496,12364.61,0.102984,28994.76,0.084927,35159.79,0.081060,36836.69,0.099387,30044.28,0.093106,32070.85,0.178537,16724.81,0.250740,0.019273,0.019544,0.093106,0.382663,0.040705,17,287922,320652,2064584,2212,0,0,0,4089,0,0,0,0,0,0,0,0,0,0,0,0,0,0,0,0,0,0,0,9143413420058740288,9143413420058740288,9143413420058740288,12750176792419893751,12750176792419893751,12750176792419893751,0,0,0,0,0,0,0,0,0,0,0
337,20,3150,8,10,0.200957,15675.01,0.097890,32178.89,0.080160,39296.20,0.076240,41317.06,0.093498,33690.39,0.089255,35292.01,0.163119,19311.10,0.216734,0.016180,0.021508,0.089255,0.343678,0.045488,17,286315,378205,2004440,2853,0,0,0,4246,0,0,0,0,0,0,0,0,0,0,0,0,0,0,0,0,0,0,0,9960175715167882553,9960175715167882553,9960175715167882553,7239011159258040068,7239011159258040068,7239011159258040068,0,0,0,0,0,0,0,0,0,0,0
338,20,2784,8,10,0.237451,11724.52,0.127439,21845.74,0.072777,38253.81,0.070681,39388.40,0.125461,22190.22,0.106232,26206.80,0.178245,15618.97,0.247533,0.016497,0.021381,0.106232,0.391643,0.036576,15,270823,294423,1996480,1802,0,0,0,3277,0,0,0,0,0,0,0,0,0,0,0,0,0,0,0,0,0,0,0,1638031733540033288,1638031733540033288,1638031733540033288,18309913952291545782,18309913952291545782,18309913952291545782,0,0,0,0,0,0,0,0,0,0,0
339,20,2860,8,10,0.196139,14581.49,0.096821,29539.06,0.073572,38873.55,0.068948,41480.63,0.092261,30998.95,0.088110,32459.26,0.142708,20040.91,0.202721,0.019404,0.017469,0.088110,0.327704,0.036400,19,264018,287303,1864400,1706,0,0,0,3177,0,0,0,0,0,0,0,0,0,0,0,0,0,0,0,0,0,0,0,12237617032457705321,12237617032457705321,12237617032457705321,8365703463886558311,8365703463886558311,8365703463886558311,0,0,0,0,0,0,0,0,0,0,0
340,20,3065,8,10,0.196722,15580.35,0.101291,30259.30,0.082237,37270.54,0.078093,39247.90,0.099729,30733.34,0.092868,33003.84,0.152688,20073.61,0.205087,0.019405,0.019334,0.092868,0.336694,0.043481,18,289089,348619,2038212,2580,0,0,0,4498,0,0,0,0,0,0,0,0,0,0,0,0,0,0,0,0,0,0,0,15074111959857836192,15074111959857836192,15074111959857836192,10304502653267733341,10304502653267733341,10304502653267733341,0,0,0,0,0,0,0,0,0,0,0
341,20,3278,8,10,0.262543,12485.59,0.146315,22403.74,0.080700,40619.76,0.076428,42890.22,0.140645,23306.95,0.124458,26338.11,0.205919,15918.90,0.274020,0.018877,0.022059,0.124458,0.439414,0.048325,17,301590,335735,2147544,2176,0,0,0,3176,0,0,0,0,0,0,0,0,0,0,0,0,0,0,0,0,0,0,0,649163640243770744,649163640243770744,649163640243770744,12022285483045226363,12022285483045226363,12022285483045226363,0,0,0,0,0,0,0,0,0,0,0
342,20,3342,8,10,0.220762,15138.48,0.122477,27286.65,0.107829,30993.47,0.102381,32642.70,0.121085,27600.44,0.120460,27743.72,0.178597,18712.49,0.230720,0.020608,0.020010,0.120460,0.391797,0.051101,20,324208,387868,2247128,3217,0,0,0,5345,0,0,0,0,0,0,0,0,0,0,0,0,0,0,0,0,0,0,0,13320580663311482170,13320580663311482170,13320580663311482170,862757376214408625,862757376214408625,862757376214408625,0,0,0,0,0,0,0,0,0,0,0
343,20,2970,8,10,0.346979,8559.60,0.238960,12428.86,0.165957,17896.15,0.155515,19097.83,0.236733,12545.79,0.215258,13797.38,0.309305,9602.19,0.354943,0.018302,0.022817,0.215258,0.611320,0.039050,15,284603,327758,2016360,2645,0,0,0,4351,0,0,0,0,0,0,0,0,0,0,0,0,0,0,0,0,0,0,0,3882421526698759695,3882421526698759695,3882421526698759695,17208660675736008270,17208660675736008270,17208660675736008270,0,0,0,0,0,0,0,0,0,0,0
344,20,2889,8,10,0.375186,7700.18,0.258009,11197.28,0.210490,13725.10,0.134034,21554.21,0.249810,11564.78,0.229326,12597.79,0.322268,8964.60,0.390232,0.018493,0.024737,0.229326,0.662787,0.039757,15,286244,330984,2018724,2973,0,0,0,5388,0,0,0,0,0,0,0,0,0,0,0,0,0,0,0,0,0,0,0,13758152363340721350,13758152363340721350,13758152363340721350,11751315563938391829,11751315563938391829,11751315563938391829,0,0,0,0,0,0,0,0,0,0,0
345,20,3206,8,10,0.281416,11392.38,0.164913,19440.54,0.093774,34188.45,0.089545,35803.06,0.157587,20344.32,0.137878,23252.42,0.230787,13891.59,0.288123,0.020905,0.022458,0.137878,0.469364,0.046842,16,292287,340087,2038904,2663,0,0,0,4244,0,0,0,0,0,0,0,0,0,0,0,0,0,0,0,0,0,0,0,5040222176045721392,5040222176045721392,5040222176045721392,324041111976457184,324041111976457184,324041111976457184,0,0,0,0,0,0,0,0,0,0,0
346,20,3035,8,10,0.228187,13300.51,0.138149,21969.07,0.108266,28032.75,0.099993,30352.16,0.124512,24375.13,0.120283,25232.10,0.187735,16166.43,0.237435,0.019366,0.019463,0.120283,0.396548,0.041793,19,302442,372882,2104428,3038,0,0,0,5188,0,0,0,0,0,0,0,0,0,0,0,0,0,0,0,0,0,0,0,2474130479700066519,2474130479700066519,2474130479700066519,14459177739345328759,14459177739345328759,14459177739345328759,0,0,0,0,0,0,0,0,0,0,0
347,20,2986,8,10,0.233376,12794.83,0.123980,24084.44,0.094101,31731.90,0.082343,36262.80,0.119963,24891.00,0.104554,28559.45,0.175361,17027.71,0.249929,0.016728,0.020209,0.104554,0.391420,0.043328,18,288314,319699,2004648,2244,0,0,0,4142,0,0,0,0,0,0,0,0,0,0,0,0,0,0,0,0,0,0,0,5655169357480747658,5655169357480747658,5655169357480747658,11616899157381458325,11616899157381458325,11616899157381458325,0,0,0,0,0,0,0,0,0,0,0
348,20,2927,8,10,0.266470,10984.33,0.157102,18631.16,0.093756,31219.48,0.088042,33245.55,0.151907,19268.40,0.147965,19781.73,0.221238,13230.09,0.280448,0.015595,0.019388,0.147965,0.463395,0.038338,18,281645,313385,1984668,2269,0,0,0,3906,0,0,0,0,0,0,0,0,0,0,0,0,0,0,0,0,0,0,0,6024257159247621929,6024257159247621929,6024257159247621929,736984167549356285,736984167549356285,736984167549356285,0,0,0,0,0,0,0,0,0,0,0
349,20,3419,8,10,0.238193,14353.90,0.122411,27930.51,0.096857,35299.30,0.092367,37015.45,0.116875,29253.43,0.107699,31745.98,0.179416,19056.30,0.248835,0.020463,0.022092,0.107699,0.399089,0.051008,18,323831,364966,2257100,2522,0,0,0,4784,0,0,0,0,0,0,0,0,0,0,0,0,0,0,0,0,0,0,0,2243834754040133412,2243834754040133412,2243834754040133412,8147634441070452407,8147634441070452407,8147634441070452407,0,0,0,0,0,0,0,0,0,0,0
350,20,3091,8,10,0.209365,14763.71,0.119929,25773.63,0.083549,36996.39,0.080097,38590.81,0.114071,27097.24,0.102051,30288.71,0.172583,17910.20,0.216140,0.019497,0.019364,0.102051,0.357053,0.040582,17,274392,321197,1941484,2606,0,0,0,4450,0,0,0,0,0,0,0,0,0,0,0,0,0,0,0,0,0,0,0,4400644810660942292,4400644810660942292,4400644810660942292,18378013586457438788,18378013586457438788,18378013586457438788,0,0,0,0,0,0,0,0,0,0,0
351,20,2792,8,10,0.240509,11608.70,0.137763,20266.66,0.099619,28026.77,0.089483,31201.47,0.135205,20650.08,0.110043,25371.86,0.192970,14468.60,0.248209,0.019643,0.026568,0.110043,0.404463,0.035968,14,292672,327752,1945344,2390,0,0,0,4221,0,0,0,0,0,0,0,0,0,0,0,0,0,0,0,0,0,0,0,179749748849033780,179749748849033780,179749748849033780,7120253742386713913,7120253742386713913,7120253742386713913,0,0,0,0,0,0,0,0,0,0,0
352,20,2850,8,10,0.247760,11503.08,0.127513,22350.60,0.085887,33182.99,0.079626,35792.13,0.124196,22947.60,0.111940,25459.98,0.185249,15384.72,0.254355,0.020292,0.022464,0.111940,0.409052,0.037911,16,293990,324290,1920744,2143,0,0,0,4055,0,0,0,0,0,0,0,0,0,0,0,0,0,0,0,0,0,0,0,3759377695285738529,3759377695285738529,3759377695285738529,15605638043249888065,15605638043249888065,15605638043249888065,0,0,0,0,0,0,0,0,0,0,0
353,20,2877,8,10,0.234607,12263.06,0.116641,24665.45,0.092833,30991.19,0.088217,32612.95,0.110057,26141.05,0.110012,26151.64,0.182689,15748.10,0.239114,0.018938,0.017470,0.110012,0.385534,0.037180,20,284277,339772,1889332,2378,0,0,0,4641,0,0,0,0,0,0,0,0,0,0,0,0,0,0,0,0,0,0,0,7584565994710820091,7584565994710820091,7584565994710820091,6798540230328734445,6798540230328734445,6798540230328734445,0,0,0,0,0,0,0,0,0,0,0
354,20,3306,8,10,0.265386,12457.34,0.128373,25753.03,0.100684,32835.29,0.095490,34621.59,0.120381,27462.73,0.115456,28634.40,0.195362,16922.43,0.276854,0.019755,0.020400,0.115456,0.432465,0.047244,18,309558,373553,2115144,2845,0,0,0,4814,0,0,0,0,0,0,0,0,0,0,0,0,0,0,0,0,0,0,0,3059243571274512388,3059243571274512388,3059243571274512388,17020394193648017920,17020394193648017920,17020394193648017920,0,0,0,0,0,0,0,0,0,0,0
355,20,2964,8,10,0.405273,7313.59,0.284610,10414.26,0.222772,13305.09,0.201696,14695.35,0.282404,10495.58,0.251607,11780.28,0.347181,8537.33,0.423322,0.018795,0.025666,0.251607,0.719391,0.038495,13,288217,341517,1990992,2717,0,0,0,4150,0,0,0,0,0,0,0,0,0,0,0,0,0,0,0,0,0,0,0,9569992125168598325,9569992125168598325,9569992125168598325,5706607329692136540,5706607329692136540,5706607329692136540,0,0,0,0,0,0,0,0,0,0,0
356,20,3000,8,10,0.296276,10125.70,0.157489,19049.01,0.100788,29765.57,0.094387,31784.10,0.154664,19396.95,0.144961,20695.24,0.224439,13366.68,0.304522,0.018745,0.020295,0.144961,0.488523,0.040491,17,289768,324668,2017792,2438,0,0,0,4419,0,0,0,0,0,0,0,0,0,0,0,0,0,0,0,0,0,0,0,3593240276432207909,3593240276432207909,3593240276432207909,2906836273895458180,2906836273895458180,2906836273895458180,0,0,0,0,0,0,0,0,0,0,0
357,20,3037,8,10,0.244021,12445.67,0.131363,23119.22,0.097878,31028.28,0.092757,32741.52,0.127998,23726.94,0.123074,24676.16,0.186812,16257.00,0.250653,0.019259,0.020320,0.123074,0.413306,0.040716,18,283792,316732,1987540,2373,0,0,0,4802,0,0,0,0,0,0,0,0,0,0,0,0,0,0,0,0,0,0,0,17395374588935937418,17395374588935937418,17395374588935937418,2283937211936114915,2283937211936114915,2283937211936114915,0,0,0,0,0,0,0,0,0,0,0
358,20,2825,8,10,0.414753,6811.28,0.298667,9458.69,0.232025,12175.40,0.212673,13283.31,0.300202,9410.32,0.228963,12338.22,0.370705,7620.61,0.434174,0.020208,0.036453,0.228963,0.719798,0.036655,6,279154,324374,1941092,2714,0,0,0,4334,0,0,0,0,0,0,0,0,0,0,0,0,0,0,0,0,0,0,0,13777450931653495874,13777450931653495874,13777450931653495874,8154735332431257477,8154735332431257477,8154735332431257477,0,0,0,0,0,0,0,0,0,0,0
359,20,2857,8,10,0.236559,12077.34,0.112477,25400.84,0.082171,34768.98,0.080583,35454.32,0.107667,26535.60,0.098866,28897.74,0.184080,15520.42,0.245462,0.018345,0.019483,0.098866,0.382157,0.040925,17,284066,312336,2011908,2139,0,0,0,4032,0,0,0,0,0,0,0,0,0,0,0,0,0,0,0,0,0,0,0,464551956570227368,464551956570227368,464551956570227368,3250295730869586943,3250295730869586943,3250295730869586943,0,0,0,0,0,0,0,0,0,0,0
360,20,2880,8,10,0.307896,9353.82,0.161884,17790.53,0.104300,27612.55,0.078615,36634.29,0.147877,19475.66,0.127711,22550.99,0.230349,12502.74,0.322038,0.017490,0.020533,0.127711,0.487771,0.037947,17,281193,305278,1948736,1875,0,0,0,3503,0,0,0,0,0,0,0,0,0,0,0,0,0,0,0,0,0,0,0,5535836386823394655,5535836386823394655,5535836386823394655,17115148928223669701,17115148928223669701,17115148928223669701,0,0,0,0,0,0,0,0,0,0,0
361,20,2866,8,10,0.285387,10042.51,0.172316,16632.21,0.086503,33131.64,0.079839,35897.05,0.166425,17221.01,0.143693,19945.34,0.229477,12489.26,0.296275,0.018112,0.024762,0.143693,0.482842,0.037134,15,273078,298018,1921096,2031,0,0,0,3160,0,0,0,0,0,0,0,0,0,0,0,0,0,0,0,0,0,0,0,11550393344150510792,11550393344150510792,11550393344150510792,11101175636593786300,11101175636593786300,11101175636593786300,0,0,0,0,0,0,0,0,0,0,0
362,20,2801,8,10,0.248866,11255.05,0.121701,23015.43,0.085722,32675.41,0.082252,34053.87,0.118285,23680.11,0.102575,27306.94,0.177187,15808.12,0.259253,0.018676,0.020949,0.102575,0.401453,0.036617,16,277635,300350,1952196,1776,0,0,0,3587,0,0,0,0,0,0,0,0,0,0,0,0,0,0,0,0,0,0,0,16240937677332035104,16240937677332035104,16240937677332035104,16926900199384134466,16926900199384134466,16926900199384134466,0,0,0,0,0,0,0,0,0,0,0
363,20,3304,8,10,0.337721,9783.23,0.186870,17680.72,0.125636,26298.17,0.123901,26666.40,0.180438,18310.98,0.149170,22149.16,0.252813,13068.93,0.352522,0.020736,0.026904,0.149170,0.549332,0.051173,12,311401,340581,2155008,1849,0,0,0,2100,0,0,0,0,0,0,0,0,0,0,0,0,0,0,0,0,0,0,0,2906682995602444870,2906682995602444870,2906682995602444870,14927325414870946543,14927325414870946543,14927325414870946543,0,0,0,0,0,0,0,0,0,0,0
364,20,3562,8,10,0.301401,11818.14,0.170123,20937.79,0.088730,40144.34,0.080433,44285.32,0.160422,22203.98,0.130918,27207.83,0.233800,15235.23,0.315403,0.020380,0.027759,0.130918,0.494461,0.064294,12,320196,367191,2227048,2321,0,0,0,3374,0,0,0,0,0,0,0,0,0,0,0,0,0,0,0,0,0,0,0,14500525863130773300,14500525863130773300,14500525863130773300,1058769934372407528,1058769934372407528,1058769934372407528,0,0,0,0,0,0,0,0,0,0,0
365,20,3331,8,10,0.240411,13855.41,0.105629,31534.84,0.071279,46731.53,0.070182,47462.03,0.101180,32921.51,0.086348,38576.31,0.171863,19381.76,0.250292,0.021008,0.025649,0.086348,0.383298,0.050953,14,313038,365733,2123084,2469,0,0,0,3676,0,0,0,0,0,0,0,0,0,0,0,0,0,0,0,0,0,0,0,8354380242669567981,8354380242669567981,8354380242669567981,12580976817171783454,12580976817171783454,12580976817171783454,0,0,0,0,0,0,0,0,0,0,0
366,20,3035,8,10,0.227106,13363.83,0.127807,23746.82,0.074661,40650.55,0.071228,42609.85,0.122965,24681.73,0.107926,28121.07,0.177188,17128.68,0.235100,0.017350,0.023493,0.107926,0.383869,0.041582,14,286060,351660,2006540,1901,0,0,0,3321,0,0,0,0,0,0,0,0,0,0,0,0,0,0,0,0,0,0,0,1928880155836300773,1928880155836300773,1928880155836300773,12262077900741836457,12262077900741836457,12262077900741836457,0,0,0,0,0,0,0,0,0,0,0
367,20,2799,8,10,0.232999,12012.95,0.109347,25597.42,0.091348,30641.11,0.086439,32381.38,0.105395,26557.35,0.104323,26830.14,0.163097,17161.54,0.242537,0.017034,0.018274,0.104323,0.382168,0.037627,19,289400,313740,2030044,2013,0,0,0,3738,0,0,0,0,0,0,0,0,0,0,0,0,0,0,0,0,0,0,0,8513686635498362084,8513686635498362084,8513686635498362084,1638009051851804905,1638009051851804905,1638009051851804905,0,0,0,0,0,0,0,0,0,0,0
368,20,2972,8,10,0.258791,11484.19,0.125092,23758.50,0.100668,29522.84,0.095807,31020.58,0.118929,24989.67,0.112627,26388.06,0.189152,15712.22,0.267538,0.019952,0.019957,0.112627,0.420074,0.042779,19,303679,349564,2104112,2905,0,0,0,5182,0,0,0,0,0,0,0,0,0,0,0,0,0,0,0,0,0,0,0,8273106882869416798,8273106882869416798,8273106882869416798,5958731356291089652,5958731356291089652,5958731356291089652,0,0,0,0,0,0,0,0,0,0,0
369,20,2753,8,10,0.380949,7226.68,0.257890,10675.11,0.202769,13577.00,0.191510,14375.22,0.255402,10779.07,0.202399,13601.83,0.321465,8563.92,0.399292,0.017273,0.031407,0.202399,0.650372,0.035452,7,262057,284197,1833252,1743,0,0,0,2375,0,0,0,0,0,0,0,0,0,0,0,0,0,0,0,0,0,0,0,3775282961966829004,3775282961966829004,3775282961966829004,17962003975054901769,17962003975054901769,17962003975054901769,0,0,0,0,0,0,0,0,0,0,0
370,20,2971,8,10,0.304140,9768.54,0.161390,18408.82,0.141961,20928.22,0.092317,32182.63,0.153872,19308.30,0.141063,21061.46,0.215341,13796.72,0.314834,0.020465,0.021514,0.141063,0.497877,0.040473,17,285005,318845,1999276,2027,0,0,0,3712,0,0,0,0,0,0,0,0,0,0,0,0,0,0,0,0,0,0,0,1896598773738371872,1896598773738371872,1896598773738371872,17501915327735918273,17501915327735918273,17501915327735918273,0,0,0,0,0,0,0,0,0,0,0
371,20,3026,8,10,0.242555,12475.52,0.122857,24630.32,0.081067,37327.07,0.076315,39651.70,0.121137,24979.90,0.105215,28760.22,0.177644,17034.08,0.252477,0.018708,0.020676,0.105215,0.397075,0.040868,16,290244,320604,2021128,2090,0,0,0,3706,0,0,0,0,0,0,0,0,0,0,0,0,0,0,0,0,0,0,0,9057008384257998452,9057008384257998452,9057008384257998452,3123850525481628943,3123850525481628943,3123850525481628943,0,0,0,0,0,0,0,0,0,0,0
372,20,3274,8,10,0.224913,14556.73,0.105937,30905.20,0.083317,39295.70,0.074508,43941.84,0.105070,31160.10,0.099580,32877.98,0.157110,20838.84,0.230600,0.021381,0.020047,0.099580,0.371608,0.046770,18,297781,335266,2047656,2255,0,0,0,3912,0,0,0,0,0,0,0,0,0,0,0,0,0,0,0,0,0,0,0,9883498161200186356,9883498161200186356,9883498161200186356,113311800963877618,113311800963877618,113311800963877618,0,0,0,0,0,0,0,0,0,0,0
373,20,3159,8,10,0.347513,9090.30,0.216214,14610.55,0.140954,22411.56,0.102211,30906.76,0.212590,14859.58,0.170153,18565.65,0.277077,11401.15,0.360038,0.021662,0.035620,0.170153,0.587473,0.046041,8,307194,343909,2127004,2528,0,0,0,3958,0,0,0,0,0,0,0,0,0,0,0,0,0,0,0,0,0,0,0,3563072342845464281,3563072342845464281,3563072342845464281,2551074250478743653,2551074250478743653,2551074250478743653,0,0,0,0,0,0,0,0,0,0,0
374,20,3329,8,10,0.242774,13712.34,0.112003,29722.31,0.086714,38390.59,0.075034,44366.30,0.107364,31006.67,0.098634,33750.96,0.182992,18192.07,0.251928,0.019514,0.023045,0.098634,0.393122,0.046916,16,320063,390088,2162340,3205,0,0,0,4090,0,0,0,0,0,0,0,0,0,0,0,0,0,0,0,0,0,0,0,7170867667722142909,7170867667722142909,7170867667722142909,7540058332632979771,7540058332632979771,7540058332632979771,0,0,0,0,0,0,0,0,0,0,0
375,20,3574,8,10,0.226294,15793.64,0.110960,32209.71,0.083693,42703.68,0.078182,45713.88,0.108473,32948.30,0.102010,35035.70,0.169486,21087.26,0.232648,0.024575,0.022483,0.102010,0.381716,0.052803,17,320179,415859,2166040,2763,0,0,0,3888,0,0,0,0,0,0,0,0,0,0,0,0,0,0,0,0,0,0,0,4263254088204379963,4263254088204379963,4263254088204379963,7756987017695608364,7756987017695608364,7756987017695608364,0,0,0,0,0,0,0,0,0,0,0
376,20,2850,8,10,0.200920,14184.74,0.088924,32049.91,0.072663,39222.25,0.070194,40601.73,0.088163,32326.42,0.084583,33694.72,0.139581,20418.19,0.208129,0.018691,0.030129,0.084583,0.341532,0.036351,18,270872,298342,1939208,1871,0,0,0,3510,0,0,0,0,0,0,0,0,0,0,0,0,0,0,0,0,0,0,0,8258465323233544622,8258465323233544622,8258465323233544622,9288622059124014258,9288622059124014258,9288622059124014258,0,0,0,0,0,0,0,0,0,0,0
377,20,2736,8,10,0.286503,9549.65,0.152239,17971.71,0.085560,31977.70,0.082145,33306.86,0.145833,18761.24,0.132837,20596.71,0.225435,12136.53,0.296455,0.019364,0.019814,0.132837,0.468470,0.034647,16,277754,306089,1972896,2165,0,0,0,3407,0,0,0,0,0,0,0,0,0,0,0,0,0,0,0,0,0,0,0,18148898754102745193,18148898754102745193,18148898754102745193,5636032844836563266,5636032844836563266,5636032844836563266,0,0,0,0,0,0,0,0,0,0,0
378,20,2752,8,10,0.211357,13020.63,0.097207,28310.83,0.075682,36362.60,0.071542,38466.75,0.095371,28855.85,0.087233,31547.52,0.157986,17419.27,0.217755,0.017663,0.018830,0.087233,0.341482,0.035983,18,266684,293954,1826880,1717,0,0,0,3729,0,0,0,0,0,0,0,0,0,0,0,0,0,0,0,0,0,0,0,16270895985184202481,16270895985184202481,16270895985184202481,8063449332299654189,8063449332299654189,8063449332299654189,0,0,0,0,0,0,0,0,0,0,0
379,20,3495,8,10,0.221691,15765.22,0.084280,41468.75,0.080077,43645.54,0.075259,46439.93,0.085710,40777.26,0.085737,40764.36,0.142643,24501.70,0.228255,0.021597,0.021448,0.085737,0.357037,0.056114,19,324245,375175,2262300,2489,0,0,0,4355,0,0,0,0,0,0,0,0,0,0,0,0,0,0,0,0,0,0,0,14307302751366236205,14307302751366236205,14307302751366236205,17561808016393760843,17561808016393760843,17561808016393760843,0,0,0,0,0,0,0,0,0,0,0
380,20,3140,8,10,0.185082,16965.43,0.075288,41706.37,0.070993,44229.73,0.067915,46234.25,0.076332,41136.02,0.075823,41412.21,0.130889,23989.75,0.193685,0.019799,0.018915,0.075823,0.308223,0.049440,19,287688,337628,1995728,2308,0,0,0,3746,0,0,0,0,0,0,0,0,0,0,0,0,0,0,0,0,0,0,0,3953660221237746777,3953660221237746777,3953660221237746777,17950856549120259896,17950856549120259896,17950856549120259896,0,0,0,0,0,0,0,0,0,0,0
381,20,2811,8,10,0.255634,10996.19,0.132185,21265.62,0.088041,31928.23,0.071305,39422.39,0.127762,22001.87,0.107792,26078.09,0.182619,15392.69,0.260422,0.019987,0.021358,0.107792,0.409559,0.036150,15,264818,286843,1872012,1776,0,0,0,3260,0,0,0,0,0,0,0,0,0,0,0,0,0,0,0,0,0,0,0,7512784133133805216,7512784133133805216,7512784133133805216,8013584763923238693,8013584763923238693,8013584763923238693,0,0,0,0,0,0,0,0,0,0,0
382,20,2706,8,10,0.426684,6341.92,0.311328,8691.81,0.243504,11112.76,0.240056,11272.37,0.308355,8775.59,0.289177,9357.60,0.371202,7289.83,0.442908,0.026735,0.019480,0.289177,0.778299,0.033704,15,259960,284680,1858536,1938,0,0,0,2295,0,0,0,0,0,0,0,0,0,0,0,0,0,0,0,0,0,0,0,12016914378604587059,12016914378604587059,12016914378604587059,13998055759946103398,13998055759946103398,13998055759946103398,0,0,0,0,0,0,0,0,0,0,0
383,20,2736,8,10,0.367397,7446.99,0.245460,11146.42,0.183031,14948.30,0.180467,15160.63,0.239098,11443.01,0.180669,15143.68,0.298176,9175.80,0.377824,0.015802,0.034695,0.180669,0.608991,0.034546,5,259835,278935,1819840,1659,0,0,0,2501,0,0,0,0,0,0,0,0,0,0,0,0,0,0,0,0,0,0,0,2481055883843741294,2481055883843741294,2481055883843741294,6874785953403976618,6874785953403976618,6874785953403976618,0,0,0,0,0,0,0,0,0,0,0
384,20,2881,8,10,0.225040,12802.16,0.099098,29072.14,0.075235,38293.41,0.071745,40156.12,0.097550,29533.71,0.094231,30573.82,0.149768,19236.41,0.234159,0.018527,0.017895,0.094231,0.364811,0.038328,19,281321,304351,1985828,1814,0,0,0,3206,0,0,0,0,0,0,0,0,0,0,0,0,0,0,0,0,0,0,0,11971764209461096245,11971764209461096245,11971764209461096245,10948774998200750101,10948774998200750101,10948774998200750101,0,0,0,0,0,0,0,0,0,0,0
385,20,2969,8,10,0.271976,10916.39,0.137828,21541.35,0.109343,27152.96,0.075555,39295.70,0.133501,22239.59,0.116691,25443.32,0.194057,15299.63,0.281324,0.018000,0.022196,0.116691,0.438212,0.041637,16,290116,324971,2018308,2240,0,0,0,4271,0,0,0,0,0,0,0,0,0,0,0,0,0,0,0,0,0,0,0,3513040940497279395,3513040940497279395,3513040940497279395,9363540552662963136,9363540552662963136,9363540552662963136,0,0,0,0,0,0,0,0,0,0,0
386,20,3034,8,10,0.207426,14626.93,0.096930,31300.83,0.075369,40255.06,0.071241,42587.55,0.093839,32332.14,0.083160,36483.67,0.146267,20742.88,0.216279,0.019423,0.021479,0.083160,0.340342,0.041604,17,283251,307286,1972616,1708,0,0,0,3214,0,0,0,0,0,0,0,0,0,0,0,0,0,0,0,0,0,0,0,3827106749547308905,3827106749547308905,3827106749547308905,10257559680846220843,10257559680846220843,10257559680846220843,0,0,0,0,0,0,0,0,0,0,0
387,20,2868,8,10,0.211413,13565.87,0.112592,25472.53,0.076534,37473.62,0.069031,41546.47,0.109149,26275.94,0.092458,31019.42,0.167029,17170.68,0.220919,0.018997,0.020478,0.092458,0.352852,0.036151,16,268982,292892,1863696,1835,0,0,0,3557,0,0,0,0,0,0,0,0,0,0,0,0,0,0,0,0,0,0,0,4453684576248020253,4453684576248020253,4453684576248020253,10586008120377363030,10586008120377363030,10586008120377363030,0,0,0,0,0,0,0,0,0,0,0
388,20,2864,8,10,0.346105,8274.94,0.242842,11793.67,0.194776,14704.09,0.181701,15762.15,0.239188,11973.84,0.212376,13485.51,0.303529,9435.66,0.369976,0.017918,0.025320,0.212376,0.625590,0.037196,13,267722,292252,1849664,1896,0,0,0,2923,0,0,0,0,0,0,0,0,0,0,0,0,0,0,0,0,0,0,0,6674149979713928701,6674149979713928701,6674149979713928701,17878645063705363401,17878645063705363401,17878645063705363401,0,0,0,0,0,0,0,0,0,0,0
389,20,3391,8,10,0.247944,13676.47,0.135548,25017.04,0.074125,45746.84,0.073101,46387.61,0.134415,25227.80,0.116237,29173.14,0.219388,15456.63,0.256880,0.019895,0.023716,0.116237,0.416728,0.050436,16,297853,556578,2044572,4207,0,0,0,5367,0,0,0,0,0,0,0,0,0,0,0,0,0,0,0,0,0,0,0,9816137063751460478,9816137063751460478,9816137063751460478,1314480907333973673,1314480907333973673,1314480907333973673,0,0,0,0,0,0,0,0,0,0,0
390,20,2985,8,10,0.256922,11618.31,0.155207,19232.39,0.124082,24056.59,0.092691,32203.78,0.154383,19334.97,0.145334,20538.89,0.227176,13139.59,0.267095,0.017696,0.023181,0.145334,0.453307,0.039773,16,273975,365190,1896516,2787,0,0,0,4709,0,0,0,0,0,0,0,0,0,0,0,0,0,0,0,0,0,0,0,14096812442119547932,14096812442119547932,14096812442119547932,12244684457974191713,12244684457974191713,12244684457974191713,0,0,0,0,0,0,0,0,0,0,0
391,20,2926,8,10,0.362796,8065.14,0.253337,11549.84,0.213094,13731.01,0.180881,16176.34,0.254565,11494.11,0.209888,13940.80,0.325091,9000.57,0.381492,0.018826,0.034547,0.209888,0.644752,0.038863,8,277897,312247,1951704,2330,0,0,0,3785,0,0,0,0,0,0,0,0,0,0,0,0,0,0,0,0,0,0,0,15348085814660725945,15348085814660725945,15348085814660725945,7644100516962454718,7644100516962454718,7644100516962454718,0,0,0,0,0,0,0,0,0,0,0
392,20,2929,8,10,0.244698,11969.84,0.126082,23230.95,0.084101,34827.12,0.079592,36800.06,0.121518,24103.51,0.111335,26307.96,0.194513,15058.11,0.251357,0.018966,0.019850,0.111335,0.401507,0.039040,17,284123,314373,1986628,2258,0,0,0,4111,0,0,0,0,0,0,0,0,0,0,0,0,0,0,0,0,0,0,0,15505529328570914850,15505529328570914850,15505529328570914850,7907752272778082862,7907752272778082862,7907752272778082862,0,0,0,0,0,0,0,0,0,0,0
393,20,3229,8,10,0.242273,13327.93,0.110377,29254.26,0.088389,36531.58,0.083632,38609.79,0.103947,31063.97,0.104460,30911.22,0.178313,18108.63,0.250115,0.020706,0.018930,0.104460,0.394212,0.047134,20,301928,338983,2110388,2384,0,0,0,4489,0,0,0,0,0,0,0,0,0,0,0,0,0,0,0,0,0,0,0,4353090730154664644,4353090730154664644,4353090730154664644,36531296535073929,36531296535073929,36531296535073929,0,0,0,0,0,0,0,0,0,0,0
394,20,3216,8,10,0.207972,15463.59,0.102642,31332.07,0.089322,36004.53,0.085021,37825.79,0.104366,30814.62,0.095520,33668.26,0.156738,20518.31,0.215924,0.018181,0.020323,0.095520,0.349948,0.044893,18,302358,345103,2100768,2549,0,0,0,4539,0,0,0,0,0,0,0,0,0,0,0,0,0,0,0,0,0,0,0,5345479919828629380,5345479919828629380,5345479919828629380,17847109664141912017,17847109664141912017,17847109664141912017,0,0,0,0,0,0,0,0,0,0,0
395,20,3264,8,10,0.281792,11583.03,0.171480,19034.24,0.128699,25361.47,0.102637,31801.50,0.170761,19114.39,0.145818,22384.07,0.242030,13485.91,0.294293,0.019880,0.022982,0.145818,0.482973,0.045886,15,297704,372054,2131200,3210,0,0,0,4975,0,0,0,0,0,0,0,0,0,0,0,0,0,0,0,0,0,0,0,10054873096357956251,10054873096357956251,10054873096357956251,1915890044881884349,1915890044881884349,1915890044881884349,0,0,0,0,0,0,0,0,0,0,0
396,20,3026,8,10,0.242748,12465.60,0.127180,23793.00,0.088478,34200.51,0.083147,36393.43,0.123880,24426.94,0.118223,25595.72,0.193755,15617.66,0.252486,0.019880,0.019271,0.118223,0.409860,0.042591,19,291920,322955,2047880,2190,0,0,0,4128,0,0,0,0,0,0,0,0,0,0,0,0,0,0,0,0,0,0,0,5278214970276540517,5278214970276540517,5278214970276540517,6005551613884315057,6005551613884315057,6005551613884315057,0,0,0,0,0,0,0,0,0,0,0
397,20,3243,8,10,0.289008,11221.16,0.157718,20561.97,0.139335,23274.77,0.089431,36262.49,0.157418,20601.15,0.150379,21565.49,0.215623,15040.15,0.301224,0.021882,0.022962,0.150379,0.496447,0.049726,18,334701,372816,2316716,2911,0,0,0,4770,0,0,0,0,0,0,0,0,0,0,0,0,0,0,0,0,0,0,0,8347239914026798715,8347239914026798715,8347239914026798715,16522713327898776976,16522713327898776976,16522713327898776976,0,0,0,0,0,0,0,0,0,0,0
398,20,3043,8,10,0.302879,10046.90,0.187028,16270.31,0.162445,18732.49,0.123076,24724.62,0.186846,16286.17,0.165300,18408.92,0.241452,12602.92,0.331681,0.019188,0.028966,0.165300,0.545135,0.044414,14,301857,345502,2122412,2363,0,0,0,4473,0,0,0,0,0,0,0,0,0,0,0,0,0,0,0,0,0,0,0,5926760743409229030,5926760743409229030,5926760743409229030,7115421751108910227,7115421751108910227,7115421751108910227,0,0,0,0,0,0,0,0,0,0,0
399,20,3267,8,10,0.176335,18527.28,0.089294,36587.05,0.084255,38775.20,0.080209,40731.22,0.087037,37535.94,0.087746,37232.43,0.143427,22778.21,0.182880,0.019899,0.018508,0.087746,0.309032,0.048328,20,302466,510411,2110444,3428,0,0,0,5473,0,0,0,0,0,0,0,0,0,0,0,0,0,0,0,0,0,0,0,8591252042807404084,8591252042807404084,8591252042807404084,6523488399056376797,6523488399056376797,6523488399056376797,0,0,0,0,0,0,0,0,0,0,0
400,20,3365,8,10,0.198905,16917.65,0.099903,33682.58,0.087483,38464.76,0.084313,39910.59,0.096817,34756.27,0.094181,35729.21,0.151266,22245.60,0.209162,0.020231,0.035063,0.094181,0.358637,0.050451,18,316206,359571,2206900,2594,0,0,0,4739,0,0,0,0,0,0,0,0,0,0,0,0,0,0,0,0,0,0,0,14436684953011868182,14436684953011868182,14436684953011868182,12680072917483753708,12680072917483753708,12680072917483753708,0,0,0,0,0,0,0,0,0,0,0
401,20,3073,8,10,0.189733,16196.48,0.097340,31569.79,0.088159,34857.30,0.084369,36423.41,0.092937,33065.55,0.091585,33553.70,0.136851,22455.06,0.197292,0.020089,0.025891,0.091585,0.334858,0.044203,17,294691,330006,2102052,2183,0,0,0,4116,0,0,0,0,0,0,0,0,0,0,0,0,0,0,0,0,0,0,0,3830131992440599604,3830131992440599604,3830131992440599604,5722022673888289039,5722022673888289039,5722022673888289039,0,0,0,0,0,0,0,0,0,0,0
402,20,3165,8,10,0.202699,15614.31,0.102916,30753.31,0.090923,34809.86,0.083886,37729.70,0.103810,30488.45,0.102270,30947.40,0.152803,20712.95,0.210543,0.019875,0.018966,0.102270,0.351655,0.044410,19,298363,335058,2064564,2304,0,0,0,4084,0,0,0,0,0,0,0,0,0,0,0,0,0,0,0,0,0,0,0,1531672048021496049,1531672048021496049,1531672048021496049,7548817092111547059,7548817092111547059,7548817092111547059,0,0,0,0,0,0,0,0,0,0,0
403,20,2941,8,10,0.387333,7592.95,0.252797,11633.86,0.142031,20706.77,0.141418,20796.49,0.252299,11656.80,0.178794,16449.09,0.326953,8995.17,0.402339,0.018614,0.029809,0.178794,0.629556,0.039290,11,280905,306100,2002228,1925,0,0,0,2731,0,0,0,0,0,0,0,0,0,0,0,0,0,0,0,0,0,0,0,5061706002691706703,5061706002691706703,5061706002691706703,6576003402093865070,6576003402093865070,6576003402093865070,0,0,0,0,0,0,0,0,0,0,0
404,20,2755,8,10,0.313461,8788.98,0.198576,13873.81,0.151876,18139.85,0.136308,20211.58,0.194760,14145.59,0.154405,17842.69,0.249403,11046.40,0.324018,0.017034,0.032279,0.154405,0.527735,0.034176,9,262864,283864,1844716,1670,0,0,0,3125,0,0,0,0,0,0,0,0,0,0,0,0,0,0,0,0,0,0,0,1251281082233637210,1251281082233637210,1251281082233637210,17798857918314844597,17798857918314844597,17798857918314844597,0,0,0,0,0,0,0,0,0,0,0
405,20,2850,8,10,0.315516,9032.84,0.191287,14899.07,0.108685,26222.65,0.106023,26881.03,0.189358,15050.89,0.153169,18606.91,0.247302,11524.39,0.329628,0.018889,0.030684,0.153169,0.532370,0.036082,9,273210,303875,1948008,1815,0,0,0,3112,0,0,0,0,0,0,0,0,0,0,0,0,0,0,0,0,0,0,0,3954429611665950775,3954429611665950775,3954429611665950775,3910498173641747895,3910498173641747895,3910498173641747895,0,0,0,0,0,0,0,0,0,0,0
406,20,2958,8,10,0.215746,13710.59,0.096791,30560.74,0.081539,36277.07,0.076145,38846.83,0.093189,31742.02,0.087676,33737.92,0.150687,19630.14,0.223767,0.018628,0.018438,0.087676,0.348509,0.040039,19,290013,354053,2012568,2417,0,0,0,3909,0,0,0,0,0,0,0,0,0,0,0,0,0,0,0,0,0,0,0,5411183403440205027,5411183403440205027,5411183403440205027,1840440669533006664,1840440669533006664,1840440669533006664,0,0,0,0,0,0,0,0,0,0,0
407,20,2977,8,10,0.361552,8233.94,0.244090,12196.34,0.199674,14909.28,0.189574,15703.65,0.244328,12184.46,0.232751,12790.49,0.311310,9562.81,0.395469,0.018599,0.023416,0.232751,0.670235,0.040022,15,284761,318251,1972580,2144,0,0,0,2861,0,0,0,0,0,0,0,0,0,0,0,0,0,0,0,0,0,0,0,13060962915754063405,13060962915754063405,13060962915754063405,10225501560805607023,10225501560805607023,10225501560805607023,0,0,0,0,0,0,0,0,0,0,0
408,20,3243,8,10,0.267367,12129.38,0.162125,20003.13,0.097840,33145.97,0.088126,36799.39,0.155750,20821.82,0.136770,23711.34,0.207251,15647.68,0.272802,0.018764,0.029309,0.136770,0.457645,0.046377,14,295091,325121,2080044,2133,0,0,0,3579,0,0,0,0,0,0,0,0,0,0,0,0,0,0,0,0,0,0,0,7614566904064776127,7614566904064776127,7614566904064776127,17710577845264446120,17710577845264446120,17710577845264446120,0,0,0,0,0,0,0,0,0,0,0
409,20,3377,8,10,0.214173,15767.63,0.084894,39779.17,0.066458,50814.15,0.060841,55505.58,0.085257,39609.51,0.079298,42586.37,0.137149,24622.81,0.223015,0.021570,0.024742,0.079298,0.348625,0.052040,15,317265,360180,2124132,2690,0,0,0,3751,0,0,0,0,0,0,0,0,0,0,0,0,0,0,0,0,0,0,0,13656102964255002863,13656102964255002863,13656102964255002863,2701719566293009791,2701719566293009791,2701719566293009791,0,0,0,0,0,0,0,0,0,0,0
410,20,3579,8,10,0.209377,17093.55,0.098547,36317.57,0.072416,49422.91,0.089941,39792.64,0.097208,36817.97,0.088872,40271.28,0.149047,24012.50,0.217296,0.021400,0.024966,0.088872,0.352534,0.056497,14,317450,370705,2161900,2721,0,0,0,4396,0,0,0,0,0,0,0,0,0,0,0,0,0,0,0,0,0,0,0,5229696962918147359,5229696962918147359,5229696962918147359,12309535766279307115,12309535766279307115,12309535766279307115,0,0,0,0,0,0,0,0,0,0,0
411,20,3228,8,10,0.251042,12858.41,0.134216,24050.85,0.073011,44212.68,0.069842,46218.87,0.132357,24388.63,0.111903,28846.42,0.181068,17827.54,0.267217,0.011284,0.026139,0.111903,0.416543,0.047270,13,302685,331730,2071728,1891,0,0,0,3025,0,0,0,0,0,0,0,0,0,0,0,0,0,0,0,0,0,0,0,3646015939231775275,3646015939231775275,3646015939231775275,3756168502767514519,3756168502767514519,3756168502767514519,0,0,0,0,0,0,0,0,0,0,0
412,20,3214,8,10,0.233853,13743.69,0.111540,28814.83,0.081156,39602.93,0.076857,41817.96,0.110759,29017.97,0.100284,32049.11,0.160128,20071.48,0.244900,0.019255,0.024662,0.100284,0.389100,0.047670,16,314095,340880,2173464,2053,0,0,0,3451,0,0,0,0,0,0,0,0,0,0,0,0,0,0,0,0,0,0,0,5897135437305704558,5897135437305704558,5897135437305704558,17444116265010253500,17444116265010253500,17444116265010253500,0,0,0,0,0,0,0,0,0,0,0
413,20,3088,8,10,0.195666,15781.98,0.077937,39621.97,0.072386,42660.09,0.069120,44675.81,0.076842,40186.28,0.075774,40752.77,0.126851,24343.54,0.201672,0.019796,0.026231,0.075774,0.323472,0.049054,16,288888,315003,1981664,1871,0,0,0,3024,0,0,0,0,0,0,0,0,0,0,0,0,0,0,0,0,0,0,0,11168317668602744549,11168317668602744549,11168317668602744549,10517436885549310583,10517436885549310583,10517436885549310583,0,0,0,0,0,0,0,0,0,0,0
414,20,3318,8,10,0.199090,16665.82,0.082424,40255.37,0.072483,45776.40,0.069640,47645.09,0.083112,39921.84,0.077821,42636.48,0.133611,24833.33,0.208716,0.021592,0.020773,0.077821,0.328901,0.049848,17,301506,326981,2038648,1722,0,0,0,3017,0,0,0,0,0,0,0,0,0,0,0,0,0,0,0,0,0,0,0,14128333031624117671,14128333031624117671,14128333031624117671,1969408819616976077,1969408819616976077,1969408819616976077,0,0,0,0,0,0,0,0,0,0,0
415,20,3081,8,10,0.208015,14811.40,0.090534,34031.35,0.076121,40474.90,0.071366,43171.81,0.088783,34702.43,0.086037,35810.12,0.135939,22664.54,0.219481,0.020775,0.019785,0.086037,0.346078,0.047361,17,293333,321293,1969444,1950,0,0,0,3304,0,0,0,0,0,0,0,0,0,0,0,0,0,0,0,0,0,0,0,1064785478701927599,1064785478701927599,1064785478701927599,9345882329108862838,9345882329108862838,9345882329108862838,0,0,0,0,0,0,0,0,0,0,0
416,20,3338,8,10,0.238906,13972.05,0.106474,31350.49,0.071335,46793.35,0.067946,49127.09,0.099826,33438.15,0.091443,36503.57,0.167248,19958.38,0.248080,0.021563,0.028592,0.091443,0.389678,0.049773,15,313755,338495,2144488,1672,0,0,0,2982,0,0,0,0,0,0,0,0,0,0,0,0,0,0,0,0,0,0,0,6614855855815516880,6614855855815516880,6614855855815516880,8642577576435165667,8642577576435165667,8642577576435165667,0,0,0,0,0,0,0,0,0,0,0
417,20,3550,8,10,0.223796,15862.68,0.102524,34626.17,0.073379,48378.90,0.069141,51344.00,0.093041,38155.13,0.085518,41511.89,0.159596,22243.66,0.229769,0.022279,0.024211,0.085518,0.361776,0.053907,15,318080,379280,2164664,2462,0,0,0,3996,0,0,0,0,0,0,0,0,0,0,0,0,0,0,0,0,0,0,0,8727189736993580959,8727189736993580959,8727189736993580959,9187390751138425468,9187390751138425468,9187390751138425468,0,0,0,0,0,0,0,0,0,0,0
418,20,3405,8,10,0.202884,16782.97,0.095288,35733.63,0.092312,36885.71,0.086377,39420.29,0.093825,36291.07,0.093684,36345.76,0.150963,22555.23,0.211552,0.021366,0.021193,0.093684,0.347794,0.051341,19,314116,420441,2250484,3358,0,0,0,5185,0,0,0,0,0,0,0,0,0,0,0,0,0,0,0,0,0,0,0,947897490789837870,947897490789837870,947897490789837870,11570183110600882737,11570183110600882737,11570183110600882737,0,0,0,0,0,0,0,0,0,0,0
419,20,3015,8,10,0.189852,15880.83,0.116760,25822.15,0.108863,27695.42,0.093126,32375.65,0.106705,28255.34,0.106022,28437.36,0.152953,19711.95,0.196120,0.018613,0.018081,0.106022,0.338837,0.039172,19,282231,319811,2021372,2442,0,0,0,4186,0,0,0,0,0,0,0,0,0,0,0,0,0,0,0,0,0,0,0,13276247618867858134,13276247618867858134,13276247618867858134,17980839970051840944,17980839970051840944,17980839970051840944,0,0,0,0,0,0,0,0,0,0,0
420,20,3049,8,10,0.188587,16167.61,0.081081,37604.14,0.075281,40501.74,0.071241,42798.44,0.083053,36711.57,0.080407,37919.63,0.130466,23370.03,0.194106,0.019899,0.019168,0.080407,0.313580,0.042423,18,293662,326277,2033700,2025,0,0,0,3995,0,0,0,0,0,0,0,0,0,0,0,0,0,0,0,0,0,0,0,7673581156944453750,7673581156944453750,7673581156944453750,2880157862349987896,2880157862349987896,2880157862349987896,0,0,0,0,0,0,0,0,0,0,0
421,20,3209,8,10,0.187946,17074.06,0.101964,31471.87,0.101531,31606.09,0.088465,36274.39,0.096295,33324.65,0.095819,33490.24,0.138513,23167.46,0.196387,0.018320,0.018636,0.095819,0.329161,0.046726,20,304430,341560,2135044,2319,0,0,0,3978,0,0,0,0,0,0,0,0,0,0,0,0,0,0,0,0,0,0,0,16787757711426299526,16787757711426299526,16787757711426299526,232832131815852532,232832131815852532,232832131815852532,0,0,0,0,0,0,0,0,0,0,0
422,20,3545,8,10,0.194549,18221.62,0.080698,43929.07,0.075199,47141.36,0.072884,48639.14,0.081463,43516.43,0.079713,44471.89,0.127240,27860.76,0.201460,0.023079,0.023152,0.079713,0.327404,0.059985,17,334003,362823,2249956,1958,0,0,0,3695,0,0,0,0,0,0,0,0,0,0,0,0,0,0,0,0,0,0,0,2337044533970196381,2337044533970196381,2337044533970196381,16215748528720727685,16215748528720727685,16215748528720727685,0,0,0,0,0,0,0,0,0,0,0
423,20,3323,8,10,0.216781,15328.87,0.101955,32592.86,0.082739,40162.36,0.079545,41775.10,0.098907,33597.19,0.089539,37112.14,0.154220,21547.14,0.225761,0.021725,0.021832,0.089539,0.358857,0.052154,16,314189,345549,2179084,2131,0,0,0,3798,0,0,0,0,0,0,0,0,0,0,0,0,0,0,0,0,0,0,0,1384586156091851160,1384586156091851160,1384586156091851160,11706693470750782407,11706693470750782407,11706693470750782407,0,0,0,0,0,0,0,0,0,0,0
424,20,3478,8,10,0.199974,17392.25,0.098836,35189.74,0.094845,36670.53,0.090630,38375.69,0.100773,34513.33,0.100389,34645.17,0.153175,22705.98,0.208169,0.020655,0.019379,0.100389,0.348592,0.051640,20,320505,379095,2256728,2831,0,0,0,4994,0,0,0,0,0,0,0,0,0,0,0,0,0,0,0,0,0,0,0,3130359261386574125,3130359261386574125,3130359261386574125,8821520145244723195,8821520145244723195,8821520145244723195,0,0,0,0,0,0,0,0,0,0,0
425,20,3595,8,10,0.208593,17234.53,0.090586,39686.12,0.079389,45283.45,0.077483,46397.42,0.089445,40192.08,0.088554,40596.79,0.156274,23004.48,0.216581,0.020987,0.026594,0.088554,0.352716,0.054919,14,322859,382039,2157292,2383,0,0,0,3833,0,0,0,0,0,0,0,0,0,0,0,0,0,0,0,0,0,0,0,18132508087150874777,18132508087150874777,18132508087150874777,2613350212328997313,2613350212328997313,2613350212328997313,0,0,0,0,0,0,0,0,0,0,0
426,20,3053,8,10,0.202615,15068.00,0.092495,33007.13,0.077219,39537.02,0.073091,41769.88,0.090676,33669.39,0.090280,33817.09,0.143716,21243.30,0.210595,0.022125,0.020063,0.090280,0.343062,0.042751,18,283039,311229,1891188,2008,0,0,0,3376,0,0,0,0,0,0,0,0,0,0,0,0,0,0,0,0,0,0,0,5896353140960798169,5896353140960798169,5896353140960798169,5376384337864424748,5376384337864424748,5376384337864424748,0,0,0,0,0,0,0,0,0,0,0
427,20,3208,8,10,0.197093,16276.55,0.089920,35676.27,0.083193,38560.97,0.079479,40363.03,0.090430,35474.81,0.086275,37183.23,0.130132,24651.89,0.206127,0.017121,0.021233,0.086275,0.330756,0.045262,17,297321,327991,2017568,2117,0,0,0,4129,0,0,0,0,0,0,0,0,0,0,0,0,0,0,0,0,0,0,0,801070643472077259,801070643472077259,801070643472077259,15205266900377451113,15205266900377451113,15205266900377451113,0,0,0,0,0,0,0,0,0,0,0
428,20,3189,8,10,0.188348,16931.39,0.081801,38984.84,0.079533,40096.76,0.075202,42405.54,0.083275,38294.91,0.082801,38514.17,0.137455,23200.24,0.196486,0.018924,0.022359,0.082801,0.320569,0.045487,18,297110,345660,1988052,2128,0,0,0,4162,0,0,0,0,0,0,0,0,0,0,0,0,0,0,0,0,0,0,0,16485884108474213783,16485884108474213783,16485884108474213783,15680901157094904689,15680901157094904689,15680901157094904689,0,0,0,0,0,0,0,0,0,0,0
429,20,3325,8,10,0.229865,14465.00,0.113895,29193.62,0.104159,31922.31,0.098401,33790.30,0.112190,29637.13,0.106812,31129.33,0.180695,18401.20,0.238779,0.021405,0.020219,0.106812,0.387215,0.049853,19,318263,372963,2146516,3025,0,0,0,5268,0,0,0,0,0,0,0,0,0,0,0,0,0,0,0,0,0,0,0,9166695545732625645,9166695545732625645,9166695545732625645,6530996630047154435,6530996630047154435,6530996630047154435,0,0,0,0,0,0,0,0,0,0,0
430,20,3052,8,10,0.193680,15757.99,0.091779,33253.64,0.090258,33814.16,0.085521,35687.12,0.093644,32591.52,0.094250,32382.09,0.142886,21359.68,0.200657,0.019813,0.018044,0.094250,0.332763,0.043159,20,290511,333726,2005424,2529,0,0,0,4803,0,0,0,0,0,0,0,0,0,0,0,0,0,0,0,0,0,0,0,6669554233657898427,6669554233657898427,6669554233657898427,2661030423870986140,2661030423870986140,2661030423870986140,0,0,0,0,0,0,0,0,0,0,0
431,20,3289,8,10,0.197790,16628.75,0.089796,36627.59,0.076756,42850.13,0.074395,44210.06,0.090492,36345.79,0.085578,38433.00,0.140801,23359.22,0.206219,0.019759,0.021057,0.085578,0.332612,0.048943,17,304608,338888,2085956,2106,0,0,0,4114,0,0,0,0,0,0,0,0,0,0,0,0,0,0,0,0,0,0,0,6552953325697204108,6552953325697204108,6552953325697204108,17413778052838818384,17413778052838818384,17413778052838818384,0,0,0,0,0,0,0,0,0,0,0
432,20,3462,8,10,0.196221,17643.33,0.103986,33292.98,0.098602,35110.69,0.093047,37207.03,0.102458,33789.31,0.103197,33547.46,0.154899,22349.99,0.204443,0.021165,0.019214,0.103197,0.348019,0.051175,20,317949,366589,2158872,2706,0,0,0,4693,0,0,0,0,0,0,0,0,0,0,0,0,0,0,0,0,0,0,0,13955747293283819750,13955747293283819750,13955747293283819750,7662835283663258481,7662835283663258481,7662835283663258481,0,0,0,0,0,0,0,0,0,0,0
433,20,3348,8,10,0.191901,17446.52,0.095060,35219.98,0.084477,39632.25,0.081006,41330.40,0.097290,34412.42,0.090480,37002.54,0.144366,23191.13,0.200706,0.020131,0.021238,0.090480,0.332555,0.049958,18,312767,347642,2117584,2283,0,0,0,4056,0,0,0,0,0,0,0,0,0,0,0,0,0,0,0,0,0,0,0,1822626871103930500,1822626871103930500,1822626871103930500,490122770571695533,490122770571695533,490122770571695533,0,0,0,0,0,0,0,0,0,0,0
434,20,3873,8,10,0.233893,16558.84,0.093002,41644.41,0.081174,47712.03,0.080084,48361.91,0.091432,42359.20,0.089167,43435.25,0.165202,23444.04,0.244218,0.023997,0.024705,0.089167,0.382088,0.064043,17,363865,491055,2400676,2829,0,0,0,4708,0,0,0,0,0,0,0,0,0,0,0,0,0,0,0,0,0,0,0,9782021602758532924,9782021602758532924,9782021602758532924,559081409278563488,559081409278563488,559081409278563488,0,0,0,0,0,0,0,0,0,0,0
435,20,3313,8,10,0.247758,13371.91,0.107811,30729.74,0.094208,35166.95,0.088749,37330.06,0.105420,31426.63,0.101833,32533.51,0.172709,19182.61,0.258269,0.021705,0.021582,0.101833,0.403389,0.054151,18,331491,378191,2257636,2625,0,0,0,4975,0,0,0,0,0,0,0,0,0,0,0,0,0,0,0,0,0,0,0,14255198661240261994,14255198661240261994,14255198661240261994,16137259418347747337,16137259418347747337,16137259418347747337,0,0,0,0,0,0,0,0,0,0,0
436,20,3041,8,10,0.188355,16145.08,0.082639,36798.78,0.075041,40524.31,0.071604,42469.91,0.080456,37797.04,0.079258,38368.45,0.135820,22389.93,0.196478,0.017841,0.020731,0.079258,0.314308,0.040797,17,280460,307945,1904900,1859,0,0,0,3549,0,0,0,0,0,0,0,0,0,0,0,0,0,0,0,0,0,0,0,8460766246924446830,8460766246924446830,8460766246924446830,14252258685775530024,14252258685775530024,14252258685775530024,0,0,0,0,0,0,0,0,0,0,0
437,20,2997,8,10,0.209256,14322.14,0.086527,34636.52,0.074470,40244.40,0.073627,40704.96,0.086287,34733.10,0.083686,35812.29,0.145459,20603.81,0.217656,0.018934,0.018410,0.083686,0.338686,0.040776,19,289969,316229,2008564,1933,0,0,0,3577,0,0,0,0,0,0,0,0,0,0,0,0,0,0,0,0,0,0,0,2719517905158151104,2719517905158151104,2719517905158151104,3322866133557432705,3322866133557432705,3322866133557432705,0,0,0,0,0,0,0,0,0,0,0
438,20,3250,8,10,0.220058,14768.81,0.096392,33716.56,0.086172,37715.23,0.084317,38544.83,0.099181,32768.30,0.095866,33901.43,0.162114,20047.64,0.228241,0.022764,0.020291,0.095866,0.367161,0.046455,19,308879,346154,2160488,2379,0,0,0,4575,0,0,0,0,0,0,0,0,0,0,0,0,0,0,0,0,0,0,0,17241392519537366726,17241392519537366726,17241392519537366726,12871039578110541343,12871039578110541343,12871039578110541343,0,0,0,0,0,0,0,0,0,0,0
439,20,3386,8,10,0.222996,15184.13,0.111765,30295.71,0.106472,31801.88,0.099690,33965.31,0.110746,30574.50,0.108588,31182.08,0.172662,19610.59,0.230873,0.021090,0.020460,0.108588,0.381011,0.049805,19,330715,404775,2372872,3190,0,0,0,5033,0,0,0,0,0,0,0,0,0,0,0,0,0,0,0,0,0,0,0,15925587431673274912,15925587431673274912,15925587431673274912,13755082330794131980,13755082330794131980,13755082330794131980,0,0,0,0,0,0,0,0,0,0,0
440,20,3135,8,10,0.185807,16872.34,0.090319,34710.26,0.086590,36205.16,0.080001,39186.80,0.090461,34655.94,0.088549,35404.26,0.141825,22104.65,0.193039,0.020047,0.020193,0.088549,0.321827,0.041476,19,285721,318251,2007036,2309,0,0,0,4126,0,0,0,0,0,0,0,0,0,0,0,0,0,0,0,0,0,0,0,4327780836366238306,4327780836366238306,4327780836366238306,2175682914503793798,2175682914503793798,2175682914503793798,0,0,0,0,0,0,0,0,0,0,0
441,20,3224,8,10,0.206493,15613.08,0.109100,29550.87,0.087578,36812.94,0.082694,38987.11,0.105626,30522.90,0.104849,30749.12,0.164009,19657.43,0.215074,0.020544,0.021106,0.104849,0.361572,0.047269,18,302060,342995,2066752,2398,0,0,0,3975,0,0,0,0,0,0,0,0,0,0,0,0,0,0,0,0,0,0,0,14134964138353717837,14134964138353717837,14134964138353717837,16162816005209472137,16162816005209472137,16162816005209472137,0,0,0,0,0,0,0,0,0,0,0
442,20,3272,8,10,0.193958,16869.60,0.101427,32259.66,0.097174,33671.71,0.092859,35236.18,0.102766,31839.44,0.101519,32230.38,0.149999,21813.44,0.201899,0.026074,0.021585,0.101519,0.351077,0.049128,18,320023,380398,2216128,2877,0,0,0,4988,0,0,0,0,0,0,0,0,0,0,0,0,0,0,0,0,0,0,0,15263959939407967447,15263959939407967447,15263959939407967447,837714604135237491,837714604135237491,837714604135237491,0,0,0,0,0,0,0,0,0,0,0
443,20,3243,8,10,0.220568,14702.96,0.109722,29556.59,0.108582,29866.78,0.094530,34306.51,0.104921,30909.00,0.105210,30824.03,0.161147,20124.50,0.229304,0.021980,0.020687,0.105210,0.377181,0.047445,19,318605,354510,2190732,2306,0,0,0,4475,0,0,0,0,0,0,0,0,0,0,0,0,0,0,0,0,0,0,0,4878605095673553315,4878605095673553315,4878605095673553315,286958763850209014,286958763850209014,286958763850209014,0,0,0,0,0,0,0,0,0,0,0
444,20,3253,8,10,0.199181,16331.88,0.095559,34041.93,0.092464,35181.14,0.088303,36839.16,0.096126,33841.10,0.096588,33679.30,0.145381,22375.74,0.205406,0.020901,0.018924,0.096588,0.341819,0.047987,20,316004,356414,2161204,2558,0,0,0,4573,0,0,0,0,0,0,0,0,0,0,0,0,0,0,0,0,0,0,0,365890187467339572,365890187467339572,365890187467339572,6712840770492949416,6712840770492949416,6712840770492949416,0,0,0,0,0,0,0,0,0,0,0
445,20,3204,8,10,0.333625,9603.60,0.231022,13868.79,0.214043,14968.98,0.163709,19571.34,0.232104,13804.14,0.229894,13936.86,0.291889,10976.77,0.349878,0.020120,0.021238,0.229894,0.621129,0.045174,17,298118,342718,2079056,2516,0,0,0,4588,0,0,0,0,0,0,0,0,0,0,0,0,0,0,0,0,0,0,0,16603194584809174809,16603194584809174809,16603194584809174809,7212747006408516178,7212747006408516178,7212747006408516178,0,0,0,0,0,0,0,0,0,0,0
446,20,3207,8,10,1.115517,2874.90,0.961752,3334.54,0.903555,3549.31,0.898233,3570.34,0.960138,3340.14,0.902134,3554.90,1.035455,3097.19,1.112089,0.018394,0.040562,0.902134,2.073178,0.043023,4,278124,302419,1978236,1768,0,0,0,1326,0,0,0,0,0,0,0,0,0,0,0,0,0,0,0,0,0,0,0,8748816557868160369,8748816557868160369,8748816557868160369,16221052518624278039,16221052518624278039,16221052518624278039,0,0,0,0,0,0,0,0,0,0,0
447,20,3365,8,10,0.238908,14084.92,0.122029,27575.51,0.079896,42117.22,0.076946,43731.98,0.121792,27628.99,0.115324,29178.63,0.181203,18570.35,0.243670,0.020149,0.021340,0.115324,0.400483,0.049670,17,297412,331752,2042740,2092,0,0,0,3942,0,0,0,0,0,0,0,0,0,0,0,0,0,0,0,0,0,0,0,17047072611583695642,17047072611583695642,17047072611583695642,14203327604714694331,14203327604714694331,14203327604714694331,0,0,0,0,0,0,0,0,0,0,0
448,20,3218,8,10,0.204346,15747.83,0.083404,38583.51,0.072717,44253.90,0.070395,45713.15,0.083260,38650.07,0.080639,39906.34,0.135869,23684.51,0.203576,0.019582,0.019973,0.080639,0.323770,0.044452,18,292493,318118,1994056,1829,0,0,0,3524,0,0,0,0,0,0,0,0,0,0,0,0,0,0,0,0,0,0,0,6766977160222053071,6766977160222053071,6766977160222053071,16026418521080019488,16026418521080019488,16026418521080019488,0,0,0,0,0,0,0,0,0,0,0
449,20,3169,8,10,0.393483,8053.71,0.289324,10953.11,0.204690,15481.93,0.192965,16422.64,0.278282,11387.71,0.267978,11825.58,0.341800,9271.49,0.404953,0.019201,0.021299,0.267978,0.713432,0.043968,18,304097,340537,2044868,2484,0,0,0,4039,0,0,0,0,0,0,0,0,0,0,0,0,0,0,0,0,0,0,0,11008059482654132844,11008059482654132844,11008059482654132844,13580926579181678287,13580926579181678287,13580926579181678287,0,0,0,0,0,0,0,0,0,0,0
450,20,3038,8,10,0.258809,11738.40,0.149756,20286.34,0.121148,25076.85,0.087293,34802.52,0.152189,19962.05,0.146589,20724.68,0.200773,15131.49,0.268535,0.019436,0.021250,0.146589,0.455809,0.040747,17,279375,310085,1889816,2150,0,0,0,3934,0,0,0,0,0,0,0,0,0,0,0,0,0,0,0,0,0,0,0,2553927923525742918,2553927923525742918,2553927923525742918,10539504492697076033,10539504492697076033,10539504492697076033,0,0,0,0,0,0,0,0,0,0,0
451,20,3188,8,10,0.212942,14971.18,0.100420,31746.55,0.086302,36939.84,0.082797,38503.74,0.101481,31414.62,0.098032,32520.00,0.159191,20026.31,0.221056,0.019267,0.019451,0.098032,0.357805,0.045014,19,308771,349086,2079056,2460,0,0,0,4501,0,0,0,0,0,0,0,0,0,0,0,0,0,0,0,0,0,0,0,6576395296206055598,6576395296206055598,6576395296206055598,11825704494347096841,11825704494347096841,11825704494347096841,0,0,0,0,0,0,0,0,0,0,0
452,20,3640,8,10,0.213387,17058.19,0.106014,34334.96,0.081190,44833.09,0.075525,48195.84,0.097363,37385.88,0.092018,39557.37,0.175707,20716.28,0.221643,0.020976,0.025026,0.092018,0.359663,0.052007,15,307344,393369,2169920,2675,0,0,0,4309,0,0,0,0,0,0,0,0,0,0,0,0,0,0,0,0,0,0,0,6028293296081709254,6028293296081709254,6028293296081709254,605774354366793558,605774354366793558,605774354366793558,0,0,0,0,0,0,0,0,0,0,0
453,20,3698,8,10,0.208584,17729.05,0.085191,43408.11,0.070555,52413.08,0.068025,54362.60,0.085196,43405.87,0.079428,46557.94,0.152066,24318.37,0.212886,0.030205,0.032224,0.079428,0.354742,0.055185,15,328102,404657,2328232,2624,0,0,0,3652,0,0,0,0,0,0,0,0,0,0,0,0,0,0,0,0,0,0,0,4744126742035528235,4744126742035528235,4744126742035528235,13204995126877992945,13204995126877992945,13204995126877992945,0,0,0,0,0,0,0,0,0,0,0
454,20,3446,8,10,0.190742,18066.28,0.093402,36894.44,0.081215,42430.68,0.078667,43805.01,0.090413,38113.92,0.086696,39747.96,0.141706,24318.01,0.201660,0.020686,0.022603,0.086696,0.331645,0.050973,17,322740,363800,2210328,2354,0,0,0,4288,0,0,0,0,0,0,0,0,0,0,0,0,0,0,0,0,0,0,0,5236346775712280205,5236346775712280205,5236346775712280205,2432001759235864849,2432001759235864849,2432001759235864849,0,0,0,0,0,0,0,0,0,0,0
455,20,3506,8,10,0.177901,19707.54,0.078933,44417.28,0.074776,46886.66,0.073122,47946.94,0.080110,43764.87,0.078545,44637.07,0.124214,28225.55,0.186560,0.020104,0.020865,0.078545,0.306074,0.052513,18,314169,348084,2116072,2152,0,0,0,3620,0,0,0,0,0,0,0,0,0,0,0,0,0,0,0,0,0,0,0,6487871283152924855,6487871283152924855,6487871283152924855,16407178197161251738,16407178197161251738,16407178197161251738,0,0,0,0,0,0,0,0,0,0,0
456,20,3348,8,10,0.279734,11968.52,0.176898,18926.21,0.096726,34613.21,0.094778,35324.62,0.176285,18991.94,0.170892,19591.29,0.230773,14507.79,0.292474,0.020909,0.020805,0.170892,0.505080,0.048278,19,311655,352330,2107856,2557,0,0,0,4710,0,0,0,0,0,0,0,0,0,0,0,0,0,0,0,0,0,0,0,15617283143735675527,15617283143735675527,15617283143735675527,16251008123174695002,16251008123174695002,16251008123174695002,0,0,0,0,0,0,0,0,0,0,0
457,20,3240,8,10,0.178531,18148.15,0.086731,37356.69,0.082143,39443.49,0.078255,41403.09,0.087131,37185.18,0.086589,37418.04,0.130769,24776.53,0.184054,0.021347,0.019771,0.086589,0.311761,0.046784,19,296757,331122,1996992,2237,0,0,0,4319,0,0,0,0,0,0,0,0,0,0,0,0,0,0,0,0,0,0,0,18401233199985592557,18401233199985592557,18401233199985592557,3020250304757488431,3020250304757488431,3020250304757488431,0,0,0,0,0,0,0,0,0,0,0
458,20,3146,8,10,0.243485,12920.69,0.138386,22733.51,0.086722,36276.95,0.082160,38291.32,0.140737,22353.70,0.122809,25617.03,0.189982,16559.49,0.255345,0.018745,0.023758,0.122809,0.420657,0.044921,15,304757,344292,2048232,2583,0,0,0,4321,0,0,0,0,0,0,0,0,0,0,0,0,0,0,0,0,0,0,0,17322097783542770419,17322097783542770419,17322097783542770419,8661786510073012460,8661786510073012460,8661786510073012460,0,0,0,0,0,0,0,0,0,0,0
459,20,3275,8,10,0.183524,17845.08,0.082811,39548.06,0.074136,44175.30,0.071551,45771.35,0.083619,39165.72,0.079045,41432.33,0.128705,25445.84,0.190239,0.022532,0.023499,0.079045,0.315314,0.047054,17,301991,334396,2015660,2277,0,0,0,3664,0,0,0,0,0,0,0,0,0,0,0,0,0,0,0,0,0,0,0,4573852055172518802,4573852055172518802,4573852055172518802,9110557698579291868,9110557698579291868,9110557698579291868,0,0,0,0,0,0,0,0,0,0,0
460,20,3356,8,10,0.211937,15834.88,0.113041,29688.26,0.108994,30790.69,0.103648,32378.98,0.111431,30117.26,0.110329,30418.14,0.167571,20027.38,0.216606,0.021028,0.024260,0.110329,0.372222,0.050951,20,330616,394151,2213648,3282,0,0,0,5556,0,0,0,0,0,0,0,0,0,0,0,0,0,0,0,0,0,0,0,9438119272526681551,9438119272526681551,9438119272526681551,12077244265739672010,12077244265739672010,12077244265739672010,0,0,0,0,0,0,0,0,0,0,0
461,20,3519,8,10,0.211054,16673.46,0.113528,30996.69,0.098185,35840.47,0.089911,39138.68,0.106173,33144.05,0.098128,35861.45,0.163923,21467.38,0.220346,0.021314,0.020533,0.098128,0.360321,0.052570,18,312029,353929,2147356,2707,0,0,0,4674,0,0,0,0,0,0,0,0,0,0,0,0,0,0,0,0,0,0,0,3813798428401761184,3813798428401761184,3813798428401761184,5599466090496003358,5599466090496003358,5599466090496003358,0,0,0,0,0,0,0,0,0,0,0
462,20,3080,8,10,0.201587,15278.78,0.096684,31856.35,0.080567,38229.09,0.077008,39995.95,0.096024,32075.27,0.088685,34729.71,0.155377,19822.77,0.209351,0.018812,0.019778,0.088685,0.336626,0.040420,17,279325,309985,1962560,2161,0,0,0,3742,0,0,0,0,0,0,0,0,0,0,0,0,0,0,0,0,0,0,0,4293163349196407169,4293163349196407169,4293163349196407169,491019384999834763,491019384999834763,491019384999834763,0,0,0,0,0,0,0,0,0,0,0
463,20,3059,8,10,0.206051,14845.86,0.098354,31102.05,0.080857,37832.26,0.079241,38603.85,0.097679,31316.75,0.092691,33002.17,0.165649,18466.73,0.212834,0.018998,0.018759,0.092691,0.343281,0.041753,19,285676,323531,1990124,2509,0,0,0,4292,0,0,0,0,0,0,0,0,0,0,0,0,0,0,0,0,0,0,0,1789078467716398591,1789078467716398591,1789078467716398591,14240557561950102169,14240557561950102169,14240557561950102169,0,0,0,0,0,0,0,0,0,0,0
464,20,3028,8,10,0.300287,10083.69,0.195218,15510.90,0.150509,20118.41,0.135314,22377.57,0.196432,15415.04,0.166181,18221.04,0.256036,11826.44,0.311254,0.022421,0.029876,0.166181,0.529733,0.040227,11,282594,318294,1949968,2304,0,0,0,3743,0,0,0,0,0,0,0,0,0,0,0,0,0,0,0,0,0,0,0,700224992014865571,700224992014865571,700224992014865571,11376142636077612933,11376142636077612933,11376142636077612933,0,0,0,0,0,0,0,0,0,0,0
465,20,3008,8,10,0.249406,12060.67,0.144917,20756.76,0.077257,38935.23,0.074052,40620.36,0.145881,20619.56,0.133043,22609.29,0.196515,15306.74,0.258509,0.017853,0.024479,0.133043,0.433884,0.040601,15,283859,315294,1931936,2134,0,0,0,3336,0,0,0,0,0,0,0,0,0,0,0,0,0,0,0,0,0,0,0,2873967775899763572,2873967775899763572,2873967775899763572,310511883103173558,310511883103173558,310511883103173558,0,0,0,0,0,0,0,0,0,0,0
466,20,3026,8,10,0.218198,13868.15,0.120637,25083.58,0.137408,22022.00,0.113829,26583.64,0.122104,24782.16,0.122784,24644.97,0.181078,16711.07,0.228665,0.019345,0.018056,0.122784,0.388850,0.041691,20,300692,357757,2115816,2882,0,0,0,5386,0,0,0,0,0,0,0,0,0,0,0,0,0,0,0,0,0,0,0,5911390755607123427,5911390755607123427,5911390755607123427,7190391566005944834,7190391566005944834,7190391566005944834,0,0,0,0,0,0,0,0,0,0,0
467,20,2994,8,10,0.396588,7549.40,0.292235,10245.17,0.243321,12304.71,0.211407,14162.25,0.289889,10328.08,0.275092,10883.64,0.355401,8424.29,0.416005,0.018874,0.023104,0.275092,0.733074,0.040790,15,300203,344978,2079496,2782,0,0,0,4879,0,0,0,0,0,0,0,0,0,0,0,0,0,0,0,0,0,0,0,9360183113485324686,9360183113485324686,9360183113485324686,3822917862036484187,3822917862036484187,3822917862036484187,0,0,0,0,0,0,0,0,0,0,0
468,20,3243,8,10,0.208214,15575.30,0.119805,27068.90,0.115364,28111.07,0.109999,29482.13,0.119668,27100.01,0.120096,27003.47,0.180390,17977.71,0.219318,0.018134,0.018845,0.120096,0.376393,0.046929,20,317386,383031,2240364,3408,0,0,0,6357,0,0,0,0,0,0,0,0,0,0,0,0,0,0,0,0,0,0,0,10372588345883673859,10372588345883673859,10372588345883673859,5611860006195729087,5611860006195729087,5611860006195729087,0,0,0,0,0,0,0,0,0,0,0
469,20,3239,8,10,0.184630,17543.15,0.090154,35927.52,0.085734,37779.86,0.082550,39236.83,0.091065,35567.91,0.091619,35352.79,0.142966,22655.70,0.192273,0.019427,0.018167,0.091619,0.321487,0.051797,20,297233,341598,2059516,2616,0,0,0,4507,0,0,0,0,0,0,0,0,0,0,0,0,0,0,0,0,0,0,0,10474537479020518724,10474537479020518724,10474537479020518724,73992702091907349,73992702091907349,73992702091907349,0,0,0,0,0,0,0,0,0,0,0
470,20,3049,8,10,0.201268,15148.92,0.120630,25275.61,0.086546,35229.92,0.082672,36880.58,0.120257,25354.09,0.114735,26574.26,0.160685,18975.07,0.209163,0.018694,0.019391,0.114735,0.361983,0.040107,18,284858,318703,1956612,2206,0,0,0,3974,0,0,0,0,0,0,0,0,0,0,0,0,0,0,0,0,0,0,0,1561527868212872611,1561527868212872611,1561527868212872611,6208592825123920592,6208592825123920592,6208592825123920592,0,0,0,0,0,0,0,0,0,0,0
471,20,2988,8,10,0.192030,15560.09,0.102899,29038.15,0.093033,32117.75,0.089614,33342.85,0.103652,28827.28,0.101902,29322.36,0.156283,19119.11,0.199900,0.019398,0.024823,0.101902,0.346023,0.039180,19,292374,335494,2002672,2780,0,0,0,4510,0,0,0,0,0,0,0,0,0,0,0,0,0,0,0,0,0,0,0,6922544916048702128,6922544916048702128,6922544916048702128,3534082216154950346,3534082216154950346,3534082216154950346,0,0,0,0,0,0,0,0,0,0,0
472,20,3115,8,10,0.243884,12772.49,0.149442,20844.23,0.118079,26380.66,0.110314,28237.51,0.148188,21020.56,0.139655,22304.89,0.223534,13935.24,0.255606,0.018845,0.019143,0.139655,0.433250,0.042923,19,313370,384075,2225484,3921,0,0,0,6365,0,0,0,0,0,0,0,0,0,0,0,0,0,0,0,0,0,0,0,14796547997181942256,14796547997181942256,14796547997181942256,10199712594986843334,10199712594986843334,10199712594986843334,0,0,0,0,0,0,0,0,0,0,0
473,20,3178,8,10,0.210158,15121.99,0.113335,28040.66,0.104771,30332.73,0.100363,31665.10,0.109892,28919.43,0.110050,28877.84,0.160731,19772.19,0.219094,0.019104,0.018898,0.110050,0.367145,0.046044,20,311993,356658,2165864,2875,0,0,0,5375,0,0,0,0,0,0,0,0,0,0,0,0,0,0,0,0,0,0,0,409827881791329684,409827881791329684,409827881791329684,13790701805921685912,13790701805921685912,13790701805921685912,0,0,0,0,0,0,0,0,0,0,0
474,20,3106,8,10,0.236099,13155.48,0.112657,27570.52,0.099943,31077.68,0.093198,33326.97,0.111622,27826.01,0.111372,27888.44,0.167199,18576.63,0.244503,0.020361,0.020614,0.111372,0.396849,0.046056,20,320049,359629,2144776,2769,0,0,0,4734,0,0,0,0,0,0,0,0,0,0,0,0,0,0,0,0,0,0,0,12522869858070598800,12522869858070598800,12522869858070598800,12385352988829217799,12385352988829217799,12385352988829217799,0,0,0,0,0,0,0,0,0,0,0
475,20,3026,8,10,0.185268,16333.06,0.102633,29483.72,0.096973,31204.60,0.091736,32986.05,0.101373,29850.10,0.101267,29881.32,0.147228,20553.13,0.192565,0.018936,0.029682,0.101267,0.342450,0.040983,19,293320,339805,2037128,2706,0,0,0,4981,0,0,0,0,0,0,0,0,0,0,0,0,0,0,0,0,0,0,0,1512133262032365126,1512133262032365126,1512133262032365126,1375584233209365873,1375584233209365873,1375584233209365873,0,0,0,0,0,0,0,0,0,0,0
476,20,3262,8,10,0.191299,17051.80,0.096694,33735.12,0.090325,36113.95,0.087182,37415.83,0.095247,34247.95,0.094781,34416.09,0.142600,22875.18,0.197064,0.021613,0.020311,0.094781,0.333769,0.047222,19,311778,352768,2141080,2469,0,0,0,4455,0,0,0,0,0,0,0,0,0,0,0,0,0,0,0,0,0,0,0,17227169704526789632,17227169704526789632,17227169704526789632,17805646866475559056,17805646866475559056,17805646866475559056,0,0,0,0,0,0,0,0,0,0,0
477,20,2917,8,10,0.227452,12824.70,0.142437,20479.30,0.127185,22935.13,0.105082,27759.33,0.123633,23594.04,0.123859,23550.97,0.184760,15788.08,0.239002,0.016897,0.018194,0.123859,0.397951,0.037996,19,287137,324327,2034964,2424,0,0,0,4560,0,0,0,0,0,0,0,0,0,0,0,0,0,0,0,0,0,0,0,10980743870066889794,10980743870066889794,10980743870066889794,9648112974154141990,9648112974154141990,9648112974154141990,0,0,0,0,0,0,0,0,0,0,0
478,20,3022,8,10,0.346648,8717.78,0.241158,12531.22,0.186995,16160.89,0.179917,16796.59,0.240431,12569.07,0.231621,13047.19,0.303411,9960.08,0.364063,0.018122,0.022992,0.231621,0.636798,0.040933,16,287512,322977,2019928,2327,0,0,0,3874,0,0,0,0,0,0,0,0,0,0,0,0,0,0,0,0,0,0,0,15013400891656552432,15013400891656552432,15013400891656552432,7347895490097083423,7347895490097083423,7347895490097083423,0,0,0,0,0,0,0,0,0,0,0
479,20,2976,8,10,0.207995,14308.03,0.104767,28405.91,0.099500,29909.60,0.091905,32381.27,0.101365,29359.30,0.101063,29447.08,0.161777,18395.74,0.215411,0.020931,0.018501,0.101063,0.355905,0.040078,20,301429,339264,2059360,2643,0,0,0,4756,0,0,0,0,0,0,0,0,0,0,0,0,0,0,0,0,0,0,0,5065515179951771103,5065515179951771103,5065515179951771103,4800120306719342983,4800120306719342983,4800120306719342983,0,0,0,0,0,0,0,0,0,0,0
480,20,3015,8,10,0.242425,12436.85,0.114629,26302.30,0.097642,30878.05,0.093048,32402.54,0.113336,26602.41,0.113212,26631.56,0.186871,16134.13,0.251875,0.021039,0.018544,0.113212,0.404669,0.041496,20,303936,358116,2165628,2965,0,0,0,5142,0,0,0,0,0,0,0,0,0,0,0,0,0,0,0,0,0,0,0,13264256759645328717,13264256759645328717,13264256759645328717,3994151543481414129,3994151543481414129,3994151543481414129,0,0,0,0,0,0,0,0,0,0,0
481,20,2973,8,10,0.197505,15052.80,0.100231,29661.47,0.113063,26295.16,0.096437,30828.35,0.103202,28807.59,0.102551,28990.41,0.149749,19853.26,0.204436,0.020553,0.019241,0.102551,0.346781,0.038996,18,279750,316835,2013492,2415,0,0,0,4665,0,0,0,0,0,0,0,0,0,0,0,0,0,0,0,0,0,0,0,5873878645031668060,5873878645031668060,5873878645031668060,10278736004082211151,10278736004082211151,10278736004082211151,0,0,0,0,0,0,0,0,0,0,0
482,20,2963,8,10,0.197969,14966.96,0.109508,27057.27,0.104429,28373.40,0.100412,29508.43,0.111757,26512.94,0.111137,26660.71,0.166882,17755.06,0.205809,0.019159,0.017654,0.111137,0.353760,0.038570,20,286249,345024,2041804,3338,0,0,0,5560,0,0,0,0,0,0,0,0,0,0,0,0,0,0,0,0,0,0,0,14829283479083015218,14829283479083015218,14829283479083015218,10158871450398967775,10158871450398967775,10158871450398967775,0,0,0,0,0,0,0,0,0,0,0
483,20,3173,8,10,0.195326,16244.64,0.101372,31300.62,0.093653,33880.46,0.091126,34819.78,0.101887,31142.26,0.101929,31129.38,0.154271,20567.67,0.204532,0.020038,0.019575,0.101929,0.346074,0.045600,19,300559,341794,2100692,2684,0,0,0,4649,0,0,0,0,0,0,0,0,0,0,0,0,0,0,0,0,0,0,0,3325465476909509144,3325465476909509144,3325465476909509144,399506060265847204,399506060265847204,399506060265847204,0,0,0,0,0,0,0,0,0,0,0
484,20,3209,8,10,0.204673,15678.67,0.104857,30603.45,0.095414,33632.34,0.092754,34596.96,0.102870,31194.71,0.102557,31289.94,0.154365,20788.37,0.213746,0.020112,0.019236,0.102557,0.355651,0.046115,20,313876,365866,2109892,3180,0,0,0,5281,0,0,0,0,0,0,0,0,0,0,0,0,0,0,0,0,0,0,0,17042141156123351740,17042141156123351740,17042141156123351740,13222803185429837784,13222803185429837784,13222803185429837784,0,0,0,0,0,0,0,0,0,0,0
485,20,3123,8,10,0.182254,17135.45,0.097298,32097.23,0.093767,33305.99,0.089502,34892.94,0.097131,32152.52,0.098292,31772.68,0.142552,21907.76,0.189821,0.021982,0.019687,0.098292,0.329781,0.044215,19,303172,348747,2061740,2623,0,0,0,4701,0,0,0,0,0,0,0,0,0,0,0,0,0,0,0,0,0,0,0,8725420077226373942,8725420077226373942,8725420077226373942,11169564664530102779,11169564664530102779,11169564664530102779,0,0,0,0,0,0,0,0,0,0,0
486,20,3127,8,10,0.206700,15128.18,0.102130,30617.90,0.100446,31131.03,0.095099,32881.46,0.103580,30189.15,0.102744,30434.89,0.153786,20333.44,0.212103,0.023329,0.021326,0.102744,0.359502,0.045479,19,331343,379493,2214556,2876,0,0,0,5262,0,0,0,0,0,0,0,0,0,0,0,0,0,0,0,0,0,0,0,9863831423464958645,9863831423464958645,9863831423464958645,15055283802488170063,15055283802488170063,15055283802488170063,0,0,0,0,0,0,0,0,0,0,0
487,20,2989,8,10,0.245470,12176.65,0.103735,28813.82,0.098310,30403.73,0.091822,32552.00,0.103405,28905.81,0.102644,29120.02,0.163336,18299.73,0.254912,0.020152,0.021760,0.102644,0.399468,0.042238,18,315710,353435,2160660,2456,0,0,0,4770,0,0,0,0,0,0,0,0,0,0,0,0,0,0,0,0,0,0,0,16779809049430313055,16779809049430313055,16779809049430313055,11977298113537349965,11977298113537349965,11977298113537349965,0,0,0,0,0,0,0,0,0,0,0
488,20,3012,8,10,0.206920,14556.36,0.102779,29305.67,0.087569,34395.85,0.083896,35901.69,0.100640,29928.36,0.101088,29795.74,0.157996,19063.81,0.215549,0.018615,0.017833,0.101088,0.353085,0.040722,20,296894,332629,2056176,2470,0,0,0,4308,0,0,0,0,0,0,0,0,0,0,0,0,0,0,0,0,0,0,0,8391327680253884329,8391327680253884329,8391327680253884329,2142859044119855751,2142859044119855751,2142859044119855751,0,0,0,0,0,0,0,0,0,0,0
489,20,3179,8,10,0.245876,12929.30,0.112974,28139.26,0.108365,29336.16,0.103118,30828.86,0.115333,27563.73,0.113352,28045.38,0.173742,18297.30,0.255110,0.024710,0.022699,0.113352,0.415871,0.048585,18,348774,409784,2351980,3249,0,0,0,5909,0,0,0,0,0,0,0,0,0,0,0,0,0,0,0,0,0,0,0,15601051279345760727,15601051279345760727,15601051279345760727,1176981670808524882,1176981670808524882,1176981670808524882,0,0,0,0,0,0,0,0,0,0,0
490,20,2979,8,10,0.223535,13326.79,0.114829,25942.93,0.092518,32199.18,0.082107,36282.05,0.113413,26266.90,0.104735,28443.28,0.172323,17287.29,0.235275,0.018204,0.019315,0.104735,0.377529,0.040267,18,296066,329636,2052908,2237,0,0,0,4193,0,0,0,0,0,0,0,0,0,0,0,0,0,0,0,0,0,0,0,4816563542973796872,4816563542973796872,4816563542973796872,16705833748907499507,16705833748907499507,16705833748907499507,0,0,0,0,0,0,0,0,0,0,0
491,20,3284,8,10,0.255111,12872.85,0.126913,25876.03,0.084678,38782.08,0.079065,41535.56,0.125455,26176.74,0.111162,29542.40,0.190841,17208.05,0.267615,0.020808,0.023751,0.111162,0.423336,0.048945,16,317302,345497,2156368,1968,0,0,0,2614,0,0,0,0,0,0,0,0,0,0,0,0,0,0,0,0,0,0,0,7654835681503854696,7654835681503854696,7654835681503854696,13414357026367091600,13414357026367091600,13414357026367091600,0,0,0,0,0,0,0,0,0,0,0
492,20,2941,8,10,0.211868,13881.27,0.093720,31380.77,0.080587,36494.55,0.076419,38485.08,0.093241,31541.88,0.085449,34418.20,0.147934,19880.42,0.220639,0.018906,0.021390,0.085449,0.346383,0.039098,16,290639,319019,1970612,2029,0,0,0,3752,0,0,0,0,0,0,0,0,0,0,0,0,0,0,0,0,0,0,0,17033973365887240150,17033973365887240150,17033973365887240150,7770349132792215506,7770349132792215506,7770349132792215506,0,0,0,0,0,0,0,0,0,0,0
493,20,2876,8,10,0.239313,12017.75,0.102929,27941.52,0.079034,36389.47,0.073569,39092.74,0.096328,29856.43,0.091815,31323.89,0.164758,17455.87,0.248390,0.017941,0.022356,0.091815,0.380502,0.037383,16,290070,318690,1947920,2033,0,0,0,3808,0,0,0,0,0,0,0,0,0,0,0,0,0,0,0,0,0,0,0,2836927729028621045,2836927729028621045,2836927729028621045,1562438367962229089,1562438367962229089,1562438367962229089,0,0,0,0,0,0,0,0,0,0,0
494,20,3069,8,10,0.217084,14137.40,0.097237,31561.94,0.084030,36522.78,0.078803,38945.01,0.093941,32669.55,0.094932,32328.47,0.151639,20238.84,0.227379,0.017744,0.020492,0.094932,0.360547,0.043869,18,295974,354119,2041268,2552,0,0,0,4492,0,0,0,0,0,0,0,0,0,0,0,0,0,0,0,0,0,0,0,583168190478492325,583168190478492325,583168190478492325,5280367313446836892,5280367313446836892,5280367313446836892,0,0,0,0,0,0,0,0,0,0,0
495,20,2964,8,10,0.202939,14605.35,0.097142,30512.08,0.091010,32567.81,0.084837,34937.46,0.097612,30364.99,0.096857,30601.79,0.143600,20640.70,0.211807,0.018905,0.018236,0.096857,0.345804,0.041612,20,298751,338411,2005968,2505,0,0,0,4317,0,0,0,0,0,0,0,0,0,0,0,0,0,0,0,0,0,0,0,6956707299216770336,6956707299216770336,6956707299216770336,8848912455726423773,8848912455726423773,8848912455726423773,0,0,0,0,0,0,0,0,0,0,0
496,20,3119,8,10,0.175293,17793.09,0.086984,35857.04,0.079998,38988.52,0.076681,40674.97,0.087553,35624.20,0.086935,35877.34,0.130992,23810.58,0.183257,0.018547,0.018390,0.086935,0.307130,0.043183,19,288658,324098,1933692,2159,0,0,0,3954,0,0,0,0,0,0,0,0,0,0,0,0,0,0,0,0,0,0,0,6627341605228618665,6627341605228618665,6627341605228618665,4670932785921628208,4670932785921628208,4670932785921628208,0,0,0,0,0,0,0,0,0,0,0
497,20,3113,8,10,0.198933,15648.46,0.093767,33199.21,0.085033,36609.15,0.080063,38881.88,0.091584,33990.80,0.091707,33945.01,0.150336,20707.01,0.207058,0.019807,0.022153,0.091707,0.340726,0.043807,16,297471,356556,2058340,2665,0,0,0,4303,0,0,0,0,0,0,0,0,0,0,0,0,0,0,0,0,0,0,0,4017739714209489026,4017739714209489026,4017739714209489026,4787337595352710429,4787337595352710429,4787337595352710429,0,0,0,0,0,0,0,0,0,0,0
498,20,3275,8,10,0.231059,14173.86,0.104976,31197.46,0.085582,38267.20,0.082467,39712.86,0.103378,31679.83,0.096307,34005.78,0.170827,19171.50,0.241241,0.021926,0.023684,0.096307,0.383158,0.050518,17,324859,374134,2298060,2583,0,0,0,4429,0,0,0,0,0,0,0,0,0,0,0,0,0,0,0,0,0,0,0,15034869107105924836,15034869107105924836,15034869107105924836,2032077923206885813,2032077923206885813,2032077923206885813,0,0,0,0,0,0,0,0,0,0,0
499,20,3377,8,10,0.191139,17667.77,0.095443,35382.43,0.088843,38010.81,0.084358,40031.69,0.096847,34869.46,0.091645,36848.88,0.151027,22360.28,0.201022,0.020555,0.020945,0.091645,0.334166,0.049237,18,313714,400579,2150084,2998,0,0,0,5134,0,0,0,0,0,0,0,0,0,0,0,0,0,0,0,0,0,0,0,10195174737875667743,10195174737875667743,10195174737875667743,4732771221295309708,4732771221295309708,4732771221295309708,0,0,0,0,0,0,0,0,0,0,0
500,20,3581,8,10,0.214120,16724.29,0.096959,36933.05,0.090252,39678.00,0.083859,42702.38,0.094201,38014.39,0.093416,38333.87,0.148048,24188.04,0.223383,0.022517,0.022861,0.093416,0.362177,0.059875,18,332084,379374,2279604,2518,0,0,0,4638,0,0,0,0,0,0,0,0,0,0,0,0,0,0,0,0,0,0,0,1939202887197728627,1939202887197728627,1939202887197728627,9828153942733432437,9828153942733432437,9828153942733432437,0,0,0,0,0,0,0,0,0,0,0
501,20,3457,8,10,0.277308,12466.29,0.140234,24651.67,0.089988,38416.07,0.085326,40515.06,0.130641,26461.86,0.109247,31643.92,0.194157,17805.18,0.288685,0.022226,0.026591,0.109247,0.446749,0.059765,15,341724,393114,2377380,2779,0,0,0,4218,0,0,0,0,0,0,0,0,0,0,0,0,0,0,0,0,0,0,0,1319194507058888153,1319194507058888153,1319194507058888153,8306916843680183118,8306916843680183118,8306916843680183118,0,0,0,0,0,0,0,0,0,0,0
502,20,3457,8,10,0.205520,16820.77,0.094476,36591.43,0.083356,41472.57,0.078958,43782.69,0.092409,37409.64,0.087056,39710.14,0.145000,23841.36,0.214307,0.020404,0.023564,0.087056,0.345330,0.056712,17,328550,397375,2323780,3026,0,0,0,4829,0,0,0,0,0,0,0,0,0,0,0,0,0,0,0,0,0,0,0,9102376262657008933,9102376262657008933,9102376262657008933,13514161707578104822,13514161707578104822,13514161707578104822,0,0,0,0,0,0,0,0,0,0,0
503,20,3344,8,10,0.222091,15056.87,0.103905,32183.11,0.094436,35410.33,0.090351,37011.22,0.103682,32252.51,0.096967,34485.80,0.153218,21825.17,0.229849,0.023332,0.023570,0.096967,0.373718,0.054916,17,331932,381752,2307584,2539,0,0,0,4875,0,0,0,0,0,0,0,0,0,0,0,0,0,0,0,0,0,0,0,11571748736210662488,11571748736210662488,11571748736210662488,15245959818368354235,15245959818368354235,15245959818368354235,0,0,0,0,0,0,0,0,0,0,0
504,20,4233,8,10,0.235474,17976.51,0.105001,40313.89,0.094057,45004.81,0.088804,47666.78,0.104233,40610.77,0.097493,43418.56,0.230818,18339.14,0.245895,0.024997,0.030938,0.097493,0.399323,0.088413,14,377445,1356600,2588772,6097,0,0,0,7964,0,0,0,0,0,0,0,0,0,0,0,0,0,0,0,0,0,0,0,4382132845219566696,4382132845219566696,4382132845219566696,18229574810377292655,18229574810377292655,18229574810377292655,0,0,0,0,0,0,0,0,0,0,0
505,20,3365,8,10,0.217094,15500.20,0.109346,30773.80,0.095304,35308.13,0.091144,36919.65,0.106806,31505.58,0.106444,31612.90,0.158105,21283.28,0.225380,0.021504,0.019602,0.106444,0.372930,0.050653,20,316800,357580,2141076,2602,0,0,0,4562,0,0,0,0,0,0,0,0,0,0,0,0,0,0,0,0,0,0,0,1362594940869856857,1362594940869856857,1362594940869856857,10940221883153462728,10940221883153462728,10940221883153462728,0,0,0,0,0,0,0,0,0,0,0
506,20,3707,8,10,0.230143,16107.39,0.106135,34927.07,0.094432,39255.77,0.092311,40157.62,0.106051,34954.77,0.103888,35682.78,0.155192,23886.59,0.239614,0.023563,0.025043,0.103888,0.392109,0.074340,17,354587,414692,2442796,3079,0,0,0,5387,0,0,0,0,0,0,0,0,0,0,0,0,0,0,0,0,0,0,0,7987079195692879736,7987079195692879736,7987079195692879736,1815390029842495215,1815390029842495215,1815390029842495215,0,0,0,0,0,0,0,0,0,0,0
507,20,3460,8,10,0.215043,16089.78,0.090472,38244.01,0.081887,42253.21,0.080345,43064.11,0.090695,38149.85,0.087359,39606.85,0.146997,23537.87,0.224599,0.021040,0.033862,0.087359,0.366859,0.062942,15,323153,373773,2242928,2395,0,0,0,4516,0,0,0,0,0,0,0,0,0,0,0,0,0,0,0,0,0,0,0,7308146747073628600,7308146747073628600,7308146747073628600,9464720224162897078,9464720224162897078,9464720224162897078,0,0,0,0,0,0,0,0,0,0,0
508,20,3436,8,10,0.255440,13451.28,0.115121,29846.81,0.089673,38317.07,0.084514,40655.99,0.110576,31073.52,0.101927,33710.47,0.175543,19573.52,0.267573,0.021104,0.023003,0.101927,0.413606,0.057771,18,338540,386095,2362704,2490,0,0,0,4446,0,0,0,0,0,0,0,0,0,0,0,0,0,0,0,0,0,0,0,17720973645893516380,17720973645893516380,17720973645893516380,11203705079843603493,11203705079843603493,11203705079843603493,0,0,0,0,0,0,0,0,0,0,0
509,20,3280,8,10,0.262433,12498.42,0.138204,23732.95,0.088532,37048.73,0.077532,42304.97,0.135144,24270.50,0.103915,31564.37,0.196730,16672.57,0.273289,0.021994,0.030955,0.103915,0.430153,0.052793,11,339953,386523,2275872,2499,0,0,0,3792,0,0,0,0,0,0,0,0,0,0,0,0,0,0,0,0,0,0,0,5023168790939530133,5023168790939530133,5023168790939530133,2888796015020677141,2888796015020677141,2888796015020677141,0,0,0,0,0,0,0,0,0,0,0
510,20,3593,8,10,0.269397,13337.19,0.141137,25457.53,0.106004,33894.88,0.097729,36764.84,0.134976,26619.61,0.117642,30541.87,0.201445,17836.12,0.278651,0.024190,0.027269,0.117642,0.447752,0.065158,15,356656,418726,2356036,3396,0,0,0,5451,0,0,0,0,0,0,0,0,0,0,0,0,0,0,0,0,0,0,0,6157014118669571341,6157014118669571341,6157014118669571341,9913600446573301038,9913600446573301038,9913600446573301038,0,0,0,0,0,0,0,0,0,0,0
511,20,3328,8,10,0.308510,10787.32,0.197209,16875.46,0.107109,31071.09,0.104123,31962.19,0.191545,17374.46,0.157750,21096.63,0.246896,13479.34,0.323531,0.019295,0.031147,0.157750,0.531723,0.050886,11,319109,374984,2179040,3096,0,0,0,4629,0,0,0,0,0,0,0,0,0,0,0,0,0,0,0,0,0,0,0,15449632704186690455,15449632704186690455,15449632704186690455,8043208988966232877,8043208988966232877,8043208988966232877,0,0,0,0,0,0,0,0,0,0,0
512,20,3566,8,10,0.241451,14769.03,0.120673,29550.82,0.108052,33002.68,0.101208,35234.27,0.120389,29620.59,0.120915,29491.79,0.179126,19907.80,0.250495,0.023371,0.021711,0.120915,0.416492,0.059237,20,344047,404537,2348088,3145,0,0,0,6033,0,0,0,0,0,0,0,0,0,0,0,0,0,0,0,0,0,0,0,14580396328681263118,14580396328681263118,14580396328681263118,5059349059381178864,5059349059381178864,5059349059381178864,0,0,0,0,0,0,0,0,0,0,0
513,20,3215,8,10,0.224711,14307.25,0.105901,30358.62,0.097200,33076.14,0.092230,34858.33,0.103929,30934.60,0.099583,32284.78,0.163183,19701.78,0.233993,0.021307,0.023234,0.099583,0.378116,0.049669,15,317135,364150,2175580,2829,0,0,0,4880,0,0,0,0,0,0,0,0,0,0,0,0,0,0,0,0,0,0,0,44785082864941146,44785082864941146,44785082864941146,16526209314822855423,16526209314822855423,16526209314822855423,0,0,0,0,0,0,0,0,0,0,0
514,20,3618,8,10,0.307772,11755.44,0.150425,24051.79,0.105519,34287.67,0.097385,37151.52,0.145176,24921.41,0.128578,28138.63,0.229043,15796.14,0.317170,0.021968,0.026411,0.128578,0.494126,0.065636,17,363450,418280,2463752,3027,0,0,0,5197,0,0,0,0,0,0,0,0,0,0,0,0,0,0,0,0,0,0,0,6922211415274525232,6922211415274525232,6922211415274525232,9264817185448057860,9264817185448057860,9264817185448057860,0,0,0,0,0,0,0,0,0,0,0
515,20,3608,8,10,0.217305,16603.39,0.099869,36127.15,0.094584,38146.05,0.089717,40215.24,0.099800,36152.47,0.098846,36501.14,0.154611,23335.92,0.221085,0.028081,0.030736,0.098846,0.378748,0.065017,17,347099,422239,2331136,3343,0,0,0,4996,0,0,0,0,0,0,0,0,0,0,0,0,0,0,0,0,0,0,0,8733200542603105058,8733200542603105058,8733200542603105058,16148210608695430873,16148210608695430873,16148210608695430873,0,0,0,0,0,0,0,0,0,0,0
516,20,3260,8,10,0.221392,14725.00,0.106604,30580.36,0.089834,36289.16,0.084463,38596.69,0.102977,31657.52,0.095556,34116.11,0.156220,20868.05,0.231875,0.022680,0.027066,0.095556,0.377177,0.048090,15,339862,385112,2197872,2930,0,0,0,4925,0,0,0,0,0,0,0,0,0,0,0,0,0,0,0,0,0,0,0,12842946867119965383,12842946867119965383,12842946867119965383,13673956405662185600,13673956405662185600,13673956405662185600,0,0,0,0,0,0,0,0,0,0,0
517,20,3527,8,10,0.248018,14220.75,0.128996,27341.94,0.108701,32446.80,0.102349,34460.63,0.123983,28447.33,0.117453,30029.00,0.190024,18560.77,0.257630,0.023848,0.023049,0.117453,0.421980,0.060795,18,346636,410396,2338620,3457,0,0,0,5691,0,0,0,0,0,0,0,0,0,0,0,0,0,0,0,0,0,0,0,17819569504927975352,17819569504927975352,17819569504927975352,16391954974887907621,16391954974887907621,16391954974887907621,0,0,0,0,0,0,0,0,0,0,0
518,20,3602,8,10,0.244638,14723.81,0.117822,30571.63,0.094984,37922.25,0.090350,39867.38,0.114365,31495.62,0.108336,33248.51,0.178509,20178.28,0.252103,0.021789,0.022389,0.108336,0.404615,0.062253,18,337989,390164,2324360,3014,0,0,0,5105,0,0,0,0,0,0,0,0,0,0,0,0,0,0,0,0,0,0,0,8383438645590060412,8383438645590060412,8383438645590060412,12673652785752481816,12673652785752481816,12673652785752481816,0,0,0,0,0,0,0,0,0,0,0
519,20,3433,8,10,0.218540,15708.80,0.104465,32862.59,0.100951,34006.57,0.093840,36583.47,0.103499,33169.48,0.103662,33117.26,0.152264,22546.40,0.226951,0.021380,0.021831,0.103662,0.373824,0.061253,18,335926,381786,2364452,2722,0,0,0,5019,0,0,0,0,0,0,0,0,0,0,0,0,0,0,0,0,0,0,0,14069300743347271453,14069300743347271453,14069300743347271453,12845393542888365753,12845393542888365753,12845393542888365753,0,0,0,0,0,0,0,0,0,0,0
520,20,3412,8,10,0.216971,15725.59,0.096061,35519.10,0.088611,38505.34,0.081473,41878.65,0.094587,36072.71,0.091635,37234.62,0.154116,22139.12,0.226378,0.021225,0.023642,0.091635,0.362880,0.055449,16,331644,381974,2283728,2678,0,0,0,4678,0,0,0,0,0,0,0,0,0,0,0,0,0,0,0,0,0,0,0,2660852611464716669,2660852611464716669,2660852611464716669,9391072984578607337,9391072984578607337,9391072984578607337,0,0,0,0,0,0,0,0,0,0,0
521,20,3349,8,10,0.299281,11190.16,0.162515,20607.33,0.094821,35319.00,0.088664,37771.69,0.160192,20906.13,0.138942,24103.52,0.233040,14370.94,0.309766,0.021632,0.026927,0.138942,0.497267,0.051636,14,323953,368358,2284404,2435,0,0,0,4485,0,0,0,0,0,0,0,0,0,0,0,0,0,0,0,0,0,0,0,10337093503205451960,10337093503205451960,10337093503205451960,17422419735621088022,17422419735621088022,17422419735621088022,0,0,0,0,0,0,0,0,0,0,0
522,20,3582,8,10,0.275444,13004.47,0.148159,24176.71,0.089901,39843.91,0.085248,42018.55,0.146421,24463.76,0.119213,30047.11,0.208556,17175.27,0.283374,0.023214,0.029219,0.119213,0.455020,0.064992,13,352828,405063,2311064,2893,0,0,0,4409,0,0,0,0,0,0,0,0,0,0,0,0,0,0,0,0,0,0,0,13964465197430999080,13964465197430999080,13964465197430999080,10325739882815512891,10325739882815512891,10325739882815512891,0,0,0,0,0,0,0,0,0,0,0
523,20,3361,8,10,0.220094,15270.76,0.106695,31500.90,0.099568,33755.72,0.094453,35583.75,0.108239,31051.74,0.108672,30927.96,0.162368,20699.91,0.229088,0.021244,0.026846,0.108672,0.385851,0.056079,20,325301,375696,2258148,2953,0,0,0,4929,0,0,0,0,0,0,0,0,0,0,0,0,0,0,0,0,0,0,0,5725144216307389048,5725144216307389048,5725144216307389048,8518643340588915996,8518643340588915996,8518643340588915996,0,0,0,0,0,0,0,0,0,0,0
524,20,3777,8,10,0.249324,15148.99,0.116673,32372.50,0.096026,39332.98,0.090695,41644.85,0.113660,33230.81,0.108846,34700.43,0.180732,20898.38,0.256913,0.025145,0.025289,0.108846,0.416193,0.068948,17,362192,429712,2444964,3292,0,0,0,5393,0,0,0,0,0,0,0,0,0,0,0,0,0,0,0,0,0,0,0,2469759307740844291,2469759307740844291,2469759307740844291,6099912050546439413,6099912050546439413,6099912050546439413,0,0,0,0,0,0,0,0,0,0,0
525,20,3315,8,10,0.213674,15514.32,0.103616,31993.03,0.097438,34021.68,0.093558,35432.42,0.105919,31297.43,0.104311,31779.90,0.153901,21539.88,0.220328,0.022575,0.021098,0.104311,0.368313,0.053242,18,323354,371394,2237996,2857,0,0,0,5405,0,0,0,0,0,0,0,0,0,0,0,0,0,0,0,0,0,0,0,10525944259036916163,10525944259036916163,10525944259036916163,3452404288673407179,3452404288673407179,3452404288673407179,0,0,0,0,0,0,0,0,0,0,0
526,20,3387,8,10,0.257514,13152.68,0.135910,24920.85,0.106788,31717.01,0.101654,33318.81,0.122251,27705.32,0.117044,28937.95,0.183149,18493.10,0.267583,0.021188,0.022601,0.117044,0.428416,0.050743,18,332228,369983,2306828,2433,0,0,0,4665,0,0,0,0,0,0,0,0,0,0,0,0,0,0,0,0,0,0,0,10925810623368353635,10925810623368353635,10925810623368353635,12150304281603948405,12150304281603948405,12150304281603948405,0,0,0,0,0,0,0,0,0,0,0
527,20,3155,8,10,0.227289,13881.00,0.108233,29150.09,0.093610,33703.78,0.088184,35777.65,0.103998,30336.98,0.099426,31732.13,0.160583,19647.16,0.236729,0.020587,0.021878,0.099426,0.378621,0.050783,16,315977,359457,2220588,2688,0,0,0,4447,0,0,0,0,0,0,0,0,0,0,0,0,0,0,0,0,0,0,0,11926498375938897958,11926498375938897958,11926498375938897958,14906583646330058043,14906583646330058043,14906583646330058043,0,0,0,0,0,0,0,0,0,0,0
528,20,3339,8,10,0.249897,13361.51,0.122616,27231.45,0.112862,29584.86,0.106075,31477.59,0.120228,27772.25,0.120064,27810.27,0.193691,17238.82,0.258173,0.022435,0.020147,0.120064,0.420818,0.053167,20,338051,411796,2283052,3354,0,0,0,6030,0,0,0,0,0,0,0,0,0,0,0,0,0,0,0,0,0,0,0,11720939588088216114,11720939588088216114,11720939588088216114,14317888199683738786,14317888199683738786,14317888199683738786,0,0,0,0,0,0,0,0,0,0,0
529,20,3302,8,10,0.241440,13676.27,0.116490,28345.79,0.093035,35491.95,0.088042,37504.81,0.116404,28366.75,0.113259,29154.48,0.175963,18765.36,0.249838,0.021119,0.023057,0.113259,0.407272,0.049924,18,325041,371136,2202104,2672,0,0,0,4966,0,0,0,0,0,0,0,0,0,0,0,0,0,0,0,0,0,0,0,4061600230596770388,4061600230596770388,4061600230596770388,15667234242915090718,15667234242915090718,15667234242915090718,0,0,0,0,0,0,0,0,0,0,0
530,20,3252,8,10,0.216017,15054.40,0.102070,31860.37,0.084269,38590.48,0.080136,40580.77,0.102051,31866.56,0.097642,33305.47,0.155277,20943.24,0.225173,0.020654,0.026619,0.097642,0.370088,0.047263,17,312914,359184,2158128,2516,0,0,0,4836,0,0,0,0,0,0,0,0,0,0,0,0,0,0,0,0,0,0,0,12172719616329112619,12172719616329112619,12172719616329112619,16795118240039864977,16795118240039864977,16795118240039864977,0,0,0,0,0,0,0,0,0,0,0
531,20,3391,8,10,0.216066,15694.29,0.103597,32732.54,0.095020,35687.16,0.089622,37836.69,0.102375,33123.17,0.100260,33822.18,0.152051,22301.74,0.226936,0.019305,0.022675,0.100260,0.369175,0.052684,18,322373,370683,2231580,2743,0,0,0,5113,0,0,0,0,0,0,0,0,0,0,0,0,0,0,0,0,0,0,0,11908533332897183866,11908533332897183866,11908533332897183866,17990496212599984637,17990496212599984637,17990496212599984637,0,0,0,0,0,0,0,0,0,0,0
532,20,3130,8,10,0.244028,12826.40,0.126302,24781.85,0.101358,30880.69,0.095459,32788.95,0.123407,25363.14,0.111439,28087.14,0.184432,16971.04,0.253978,0.020819,0.023486,0.111439,0.409723,0.054015,17,322066,375541,2206184,3008,0,0,0,5314,0,0,0,0,0,0,0,0,0,0,0,0,0,0,0,0,0,0,0,15097310076928674709,15097310076928674709,15097310076928674709,13989136691426624675,13989136691426624675,13989136691426624675,0,0,0,0,0,0,0,0,0,0,0
533,20,3336,8,10,0.281866,11835.43,0.162601,20516.45,0.109924,30348.34,0.104798,31832.59,0.159652,20895.47,0.124240,26851.17,0.216433,15413.52,0.291683,0.021377,0.030581,0.124240,0.467882,0.056446,13,346780,408945,2344032,3252,0,0,0,5557,0,0,0,0,0,0,0,0,0,0,0,0,0,0,0,0,0,0,0,11790654661585760354,11790654661585760354,11790654661585760354,12031088725437397029,12031088725437397029,12031088725437397029,0,0,0,0,0,0,0,0,0,0,0
534,20,3294,8,10,0.229499,14353.00,0.123703,26628.28,0.126822,25973.35,0.082803,39781.37,0.122550,26878.85,0.100351,32824.87,0.175056,18816.82,0.241271,0.021097,0.027575,0.100351,0.390294,0.056532,15,322618,368048,2214968,2602,0,0,0,4161,0,0,0,0,0,0,0,0,0,0,0,0,0,0,0,0,0,0,0,4407645027913415102,4407645027913415102,4407645027913415102,5169070382022509769,5169070382022509769,5169070382022509769,0,0,0,0,0,0,0,0,0,0,0
535,20,3382,8,10,0.216626,15612.15,0.103087,32807.17,0.096694,34976.20,0.093111,36322.17,0.102879,32873.57,0.101339,33372.99,0.153733,21999.15,0.226165,0.023129,0.024754,0.101339,0.375387,0.057011,17,338387,394922,2321176,2968,0,0,0,5715,0,0,0,0,0,0,0,0,0,0,0,0,0,0,0,0,0,0,0,14944700058545111569,14944700058545111569,14944700058545111569,4347590188202577204,4347590188202577204,4347590188202577204,0,0,0,0,0,0,0,0,0,0,0
536,20,3112,8,10,0.220023,14144.01,0.099946,31136.68,0.090349,34444.06,0.086189,36106.50,0.099572,31253.76,0.098245,31675.96,0.153716,20245.11,0.230234,0.020671,0.024551,0.098245,0.373702,0.043931,17,310572,350837,2171296,2533,0,0,0,4449,0,0,0,0,0,0,0,0,0,0,0,0,0,0,0,0,0,0,0,16752599287818209783,16752599287818209783,16752599287818209783,11667987102300236019,11667987102300236019,11667987102300236019,0,0,0,0,0,0,0,0,0,0,0
537,20,3542,8,10,0.252789,14011.69,0.116590,30380.01,0.093031,38073.51,0.087257,40592.73,0.112335,31530.61,0.102037,34712.94,0.181098,19558.48,0.260397,0.022536,0.025557,0.102037,0.410527,0.060287,16,342255,388380,2437656,2761,0,0,0,4726,0,0,0,0,0,0,0,0,0,0,0,0,0,0,0,0,0,0,0,9168531109647090646,9168531109647090646,9168531109647090646,419507495714635820,419507495714635820,419507495714635820,0,0,0,0,0,0,0,0,0,0,0
538,20,3277,8,10,0.230015,14246.89,0.117822,27813.02,0.090398,36250.84,0.088027,37227.11,0.117344,27926.34,0.107613,30451.72,0.172405,19007.58,0.238415,0.022718,0.023357,0.107613,0.392103,0.052373,16,321236,369821,2209492,2911,0,0,0,4969,0,0,0,0,0,0,0,0,0,0,0,0,0,0,0,0,0,0,0,10114895426815187647,10114895426815187647,10114895426815187647,5597586980659449049,5597586980659449049,5597586980659449049,0,0,0,0,0,0,0,0,0,0,0
539,20,3906,8,10,0.225137,17349.40,0.100628,38816.05,0.086242,45291.29,0.081154,48130.69,0.099045,39436.77,0.091485,42695.54,0.164428,23755.14,0.233727,0.024536,0.027497,0.091485,0.377245,0.074585,15,358300,429700,2450440,3276,0,0,0,4980,0,0,0,0,0,0,0,0,0,0,0,0,0,0,0,0,0,0,0,17571238640507252030,17571238640507252030,17571238640507252030,6559394851579455862,6559394851579455862,6559394851579455862,0,0,0,0,0,0,0,0,0,0,0
540,20,3213,8,10,0.208411,15416.66,0.097716,32880.97,0.090577,35472.77,0.084816,37881.80,0.096029,33458.72,0.096392,33332.77,0.146342,21955.42,0.219222,0.019689,0.020564,0.096392,0.355866,0.049733,20,315416,354336,2194516,2393,0,0,0,4227,0,0,0,0,0,0,0,0,0,0,0,0,0,0,0,0,0,0,0,5902491222651670185,5902491222651670185,5902491222651670185,12468045895772737492,12468045895772737492,12468045895772737492,0,0,0,0,0,0,0,0,0,0,0
541,20,3172,8,10,0.295651,10728.85,0.157770,20105.20,0.087339,36318.13,0.077909,40714.26,0.157077,20193.95,0.128462,24692.21,0.217821,14562.43,0.308061,0.021678,0.029665,0.128462,0.487865,0.050694,11,323576,358486,2195184,2171,0,0,0,3527,0,0,0,0,0,0,0,0,0,0,0,0,0,0,0,0,0,0,0,16946735368541533771,16946735368541533771,16946735368541533771,12484234252900361057,12484234252900361057,12484234252900361057,0,0,0,0,0,0,0,0,0,0,0
542,20,3346,8,10,0.251273,13316.20,0.115854,28881.22,0.089274,37479.94,0.084552,39573.15,0.112278,29801.05,0.104423,32042.83,0.184151,18169.92,0.262681,0.021131,0.020951,0.104423,0.409186,0.051538,19,317813,360523,2245448,2556,0,0,0,4991,0,0,0,0,0,0,0,0,0,0,0,0,0,0,0,0,0,0,0,4123017155541310028,4123017155541310028,4123017155541310028,11816078126044528948,11816078126044528948,11816078126044528948,0,0,0,0,0,0,0,0,0,0,0
543,20,3333,8,10,0.231650,14388.07,0.116947,28500.02,0.091448,36446.76,0.085629,38923.63,0.109995,30301.27,0.104575,31872.00,0.175582,18982.59,0.242675,0.021436,0.022145,0.104575,0.390830,0.054961,17,326476,376541,2260820,2572,0,0,0,4112,0,0,0,0,0,0,0,0,0,0,0,0,0,0,0,0,0,0,0,18199888316906961318,18199888316906961318,18199888316906961318,13080623581734856345,13080623581734856345,13080623581734856345,0,0,0,0,0,0,0,0,0,0,0
544,20,3336,8,10,0.218799,15246.90,0.109832,30373.57,0.080276,41556.60,0.077054,43294.11,0.107801,30945.77,0.094215,35408.25,0.152730,21842.48,0.228745,0.021918,0.026837,0.094215,0.371716,0.055373,14,332157,372362,2275392,2325,0,0,0,3791,0,0,0,0,0,0,0,0,0,0,0,0,0,0,0,0,0,0,0,9745304644247594250,9745304644247594250,9745304644247594250,5476403814351820099,5476403814351820099,5476403814351820099,0,0,0,0,0,0,0,0,0,0,0
545,20,3292,8,10,0.283334,11618.78,0.139216,23646.62,0.090828,36244.26,0.083876,39248.19,0.133989,24569.14,0.107330,30671.89,0.209294,15729.07,0.295046,0.021243,0.025261,0.107330,0.448880,0.051048,15,321639,379279,2342576,3182,0,0,0,5160,0,0,0,0,0,0,0,0,0,0,0,0,0,0,0,0,0,0,0,2904794845546311666,2904794845546311666,2904794845546311666,6643068411334277208,6643068411334277208,6643068411334277208,0,0,0,0,0,0,0,0,0,0,0
546,20,3612,8,10,0.251318,14372.25,0.123466,29254.97,0.108831,33189.17,0.101058,35741.88,0.118485,30484.99,0.118203,30557.61,0.186723,19344.15,0.260352,0.022822,0.021180,0.118203,0.422556,0.066001,19,340112,401527,2316592,2867,0,0,0,5360,0,0,0,0,0,0,0,0,0,0,0,0,0,0,0,0,0,0,0,2774378418944182723,2774378418944182723,2774378418944182723,2684384790392059611,2684384790392059611,2684384790392059611,0,0,0,0,0,0,0,0,0,0,0
547,20,3239,8,10,0.208001,15572.03,0.101727,31840.08,0.085932,37692.56,0.081371,39805.38,0.100002,32389.49,0.091412,35432.89,0.148500,21811.40,0.216654,0.020062,0.022000,0.091412,0.350128,0.051572,18,320977,362537,2231036,2353,0,0,0,5006,0,0,0,0,0,0,0,0,0,0,0,0,0,0,0,0,0,0,0,4642317112362769698,4642317112362769698,4642317112362769698,5439762640939860399,5439762640939860399,5439762640939860399,0,0,0,0,0,0,0,0,0,0,0
548,20,3221,8,10,0.222067,14504.60,0.104379,30858.66,0.093310,34519.31,0.086114,37403.88,0.105084,30651.77,0.096253,33463.75,0.163861,19656.89,0.232743,0.020297,0.023360,0.096253,0.372654,0.052777,16,324163,377573,2293396,2904,0,0,0,4881,0,0,0,0,0,0,0,0,0,0,0,0,0,0,0,0,0,0,0,4299377639826730538,4299377639826730538,4299377639826730538,15699207397682667877,15699207397682667877,15699207397682667877,0,0,0,0,0,0,0,0,0,0,0
549,20,3311,8,10,0.236350,14008.90,0.106506,31087.53,0.079437,41680.96,0.077779,42569.45,0.102539,32290.06,0.091440,36209.46,0.163846,20208.01,0.241249,0.021291,0.023917,0.091440,0.377897,0.058209,15,314782,363042,2224860,2353,0,0,0,4228,0,0,0,0,0,0,0,0,0,0,0,0,0,0,0,0,0,0,0,12765540361402361660,12765540361402361660,12765540361402361660,12828054735812006465,12828054735812006465,12828054735812006465,0,0,0,0,0,0,0,0,0,0,0
550,20,3260,8,10,0.255550,12756.78,0.118918,27413.94,0.100483,32443.33,0.093004,35052.12,0.112946,28863.23,0.111855,29144.87,0.183614,17754.63,0.265610,0.020294,0.020601,0.111855,0.418360,0.049263,19,320450,366575,2249584,2841,0,0,0,4683,0,0,0,0,0,0,0,0,0,0,0,0,0,0,0,0,0,0,0,7746266424270823914,7746266424270823914,7746266424270823914,12127840281469004295,12127840281469004295,12127840281469004295,0,0,0,0,0,0,0,0,0,0,0
551,20,3786,8,10,0.225753,16770.54,0.111345,34002.56,0.093246,40602.10,0.087104,43465.43,0.106997,35384.02,0.094207,40188.19,0.191511,19769.07,0.237221,0.022515,0.027311,0.094207,0.381254,0.068477,15,356402,812662,2429736,5163,0,0,0,6711,0,0,0,0,0,0,0,0,0,0,0,0,0,0,0,0,0,0,0,3930875998358553257,3930875998358553257,3930875998358553257,6922839653959745931,6922839653959745931,6922839653959745931,0,0,0,0,0,0,0,0,0,0,0
552,20,3533,8,10,0.211719,16687.23,0.093853,37644.13,0.088314,40004.89,0.084723,41700.71,0.094722,37298.81,0.092640,38136.71,0.139417,25341.27,0.220004,0.023468,0.024616,0.092640,0.360728,0.063881,15,338730,389165,2420308,2721,0,0,0,4609,0,0,0,0,0,0,0,0,0,0,0,0,0,0,0,0,0,0,0,2153873092134139158,2153873092134139158,2153873092134139158,2226718525230476794,2226718525230476794,2226718525230476794,0,0,0,0,0,0,0,0,0,0,0
553,20,3261,8,10,0.234015,13935.03,0.108795,29973.69,0.090790,35917.98,0.085935,37947.35,0.109220,29857.29,0.098783,33011.68,0.160369,20334.31,0.244050,0.020822,0.021818,0.098783,0.385473,0.050245,17,320490,362415,2221268,2531,0,0,0,4777,0,0,0,0,0,0,0,0,0,0,0,0,0,0,0,0,0,0,0,14505807800364907956,14505807800364907956,14505807800364907956,12211435344462906560,12211435344462906560,12211435344462906560,0,0,0,0,0,0,0,0,0,0,0
554,20,3335,8,10,0.224516,14854.16,0.107754,30950.08,0.097475,34213.94,0.090573,36820.98,0.102133,32653.59,0.098072,34005.75,0.161541,20644.96,0.233154,0.022965,0.026603,0.098072,0.380793,0.052309,17,324618,375403,2232828,2684,0,0,0,4958,0,0,0,0,0,0,0,0,0,0,0,0,0,0,0,0,0,0,0,7972290043822785059,7972290043822785059,7972290043822785059,16126323855035840397,16126323855035840397,16126323855035840397,0,0,0,0,0,0,0,0,0,0,0
555,20,3358,8,10,0.268856,12489.98,0.124573,26956.07,0.102115,32884.54,0.094746,35441.96,0.118662,28298.82,0.114164,29413.88,0.194200,17291.46,0.278863,0.021125,0.024897,0.114164,0.439049,0.056341,16,325451,369181,2289624,2913,0,0,0,5053,0,0,0,0,0,0,0,0,0,0,0,0,0,0,0,0,0,0,0,5554151692824527248,5554151692824527248,5554151692824527248,5053253085442916512,5053253085442916512,5053253085442916512,0,0,0,0,0,0,0,0,0,0,0
556,20,3527,8,10,0.235543,14973.90,0.117591,29993.76,0.099684,35381.86,0.093860,37577.17,0.118944,29652.57,0.107512,32805.79,0.173750,20299.26,0.243613,0.023127,0.025648,0.107512,0.399899,0.059674,16,352374,439889,2385788,3518,0,0,0,4950,0,0,0,0,0,0,0,0,0,0,0,0,0,0,0,0,0,0,0,4324062484864998096,4324062484864998096,4324062484864998096,13043806948398002659,13043806948398002659,13043806948398002659,0,0,0,0,0,0,0,0,0,0,0
557,20,4619,8,10,0.204756,22558.57,0.100821,45814.00,0.088663,52096.36,0.083818,55107.22,0.097318,47462.79,0.090974,50772.76,0.196777,23473.24,0.211978,0.027720,0.026964,0.090974,0.357635,0.081477,18,384709,749874,2704268,6679,0,0,0,8599,0,0,0,0,0,0,0,0,0,0,0,0,0,0,0,0,0,0,0,17459997306778736866,17459997306778736866,17459997306778736866,815440672614099427,815440672614099427,815440672614099427,0,0,0,0,0,0,0,0,0,0,0
558,20,3089,8,10,0.203134,15206.70,0.098890,31236.78,0.092670,33333.31,0.083217,37119.90,0.097478,31689.21,0.095299,32413.66,0.143325,21552.45,0.211867,0.021062,0.019099,0.095299,0.347327,0.046600,19,297529,340629,2163204,2669,0,0,0,4337,0,0,0,0,0,0,0,0,0,0,0,0,0,0,0,0,0,0,0,8922125383902155653,8922125383902155653,8922125383902155653,6279806172505451794,6279806172505451794,6279806172505451794,0,0,0,0,0,0,0,0,0,0,0
559,20,3328,8,10,0.230807,14418.99,0.103182,32253.66,0.075398,44138.82,0.073000,45589.28,0.104364,31888.49,0.095970,34677.59,0.156591,21252.84,0.241550,0.021094,0.023682,0.095970,0.382296,0.052592,17,328821,366656,2316928,2099,0,0,0,3429,0,0,0,0,0,0,0,0,0,0,0,0,0,0,0,0,0,0,0,511585725280140717,511585725280140717,511585725280140717,4555724702826843121,4555724702826843121,4555724702826843121,0,0,0,0,0,0,0,0,0,0,0
560,20,3395,8,10,0.253977,13367.34,0.121969,27834.89,0.099300,34189.35,0.092090,36865.94,0.113855,29818.74,0.106747,31804.20,0.180429,18816.21,0.264272,0.020940,0.025855,0.106747,0.417814,0.057906,16,337894,383549,2428588,2597,0,0,0,4549,0,0,0,0,0,0,0,0,0,0,0,0,0,0,0,0,0,0,0,6838691619984848489,6838691619984848489,6838691619984848489,2428627264439505463,2428627264439505463,2428627264439505463,0,0,0,0,0,0,0,0,0,0,0
561,20,3771,8,10,0.242464,15552.80,0.116713,32309.89,0.092273,40867.79,0.085192,44264.49,0.113843,33124.44,0.102329,36851.78,0.195156,19323.05,0.251362,0.023875,0.026381,0.102329,0.403947,0.065031,16,335834,496059,2341420,4191,0,0,0,5661,0,0,0,0,0,0,0,0,0,0,0,0,0,0,0,0,0,0,0,1653889198549522333,1653889198549522333,1653889198549522333,2938092526579597455,2938092526579597455,2938092526579597455,0,0,0,0,0,0,0,0,0,0,0
562,20,3241,8,10,0.223362,14510.11,0.096166,33702.28,0.089042,36398.72,0.083514,38807.79,0.096266,33667.07,0.093437,34686.51,0.151730,21360.38,0.231094,0.022302,0.025165,0.093437,0.371997,0.050071,17,319496,356371,2245700,2441,0,0,0,4345,0,0,0,0,0,0,0,0,0,0,0,0,0,0,0,0,0,0,0,14106577095169731751,14106577095169731751,14106577095169731751,10633652951013659113,10633652951013659113,10633652951013659113,0,0,0,0,0,0,0,0,0,0,0
563,20,3284,8,10,0.222592,14753.46,0.099362,33050.97,0.090710,36203.25,0.085346,38478.83,0.095713,34310.85,0.092887,35354.63,0.150804,21776.61,0.224072,0.022610,0.023708,0.092887,0.363278,0.054630,15,323402,368702,2367376,2619,0,0,0,4422,0,0,0,0,0,0,0,0,0,0,0,0,0,0,0,0,0,0,0,13373271579371711699,13373271579371711699,13373271579371711699,16692303544375592012,16692303544375592012,16692303544375592012,0,0,0,0,0,0,0,0,0,0,0
564,20,3296,8,10,0.245911,13403.23,0.115391,28563.75,0.084957,38796.26,0.080342,41024.57,0.108884,30270.79,0.102526,32147.85,0.170556,19325.01,0.254850,0.021390,0.023634,0.102526,0.402400,0.050602,16,324140,365435,2268864,2546,0,0,0,4385,0,0,0,0,0,0,0,0,0,0,0,0,0,0,0,0,0,0,0,809691968062274982,809691968062274982,809691968062274982,16983563165915641896,16983563165915641896,16983563165915641896,0,0,0,0,0,0,0,0,0,0,0
565,20,3413,8,10,0.258425,13206.92,0.118063,28908.33,0.091876,37147.80,0.082808,41215.79,0.112606,30309.34,0.103215,33066.77,0.184869,18461.70,0.268869,0.021764,0.023555,0.103215,0.417404,0.055412,15,331739,399924,2374516,3182,0,0,0,5278,0,0,0,0,0,0,0,0,0,0,0,0,0,0,0,0,0,0,0,16205136099153480057,16205136099153480057,16205136099153480057,13971248822354277117,13971248822354277117,13971248822354277117,0,0,0,0,0,0,0,0,0,0,0
566,20,3099,8,10,0.234603,13209.55,0.098526,31453.53,0.087909,35252.54,0.082578,37528.13,0.099707,31080.95,0.098517,31456.47,0.151830,20411.04,0.245571,0.018306,0.025385,0.098517,0.387778,0.049727,16,305289,346764,2134764,2253,0,0,0,4183,0,0,0,0,0,0,0,0,0,0,0,0,0,0,0,0,0,0,0,14773333761884490091,14773333761884490091,14773333761884490091,9327736843692259450,9327736843692259450,9327736843692259450,0,0,0,0,0,0,0,0,0,0,0
567,20,2905,8,10,0.217383,13363.49,0.099780,29114.02,0.072581,40024.43,0.069781,41630.08,0.098733,29422.68,0.084510,34374.60,0.144609,20088.62,0.228543,0.018226,0.026261,0.084510,0.357541,0.047382,12,302510,336955,2151492,1963,0,0,0,3478,0,0,0,0,0,0,0,0,0,0,0,0,0,0,0,0,0,0,0,7356652237184270292,7356652237184270292,7356652237184270292,1021059482199525794,1021059482199525794,1021059482199525794,0,0,0,0,0,0,0,0,0,0,0
568,20,3243,8,10,0.242144,13392.84,0.130901,24774.51,0.090862,35691.35,0.078039,41556.34,0.130602,24831.21,0.098749,32840.97,0.183099,17711.73,0.251000,0.023106,0.030607,0.098749,0.403461,0.054834,12,334916,390061,2272972,2831,0,0,0,4121,0,0,0,0,0,0,0,0,0,0,0,0,0,0,0,0,0,0,0,1618647031526657572,1618647031526657572,1618647031526657572,10327659736157042295,10327659736157042295,10327659736157042295,0,0,0,0,0,0,0,0,0,0,0
569,20,3199,8,10,0.297043,10769.47,0.152427,20987.11,0.099431,32173.04,0.087398,36602.73,0.144368,22158.69,0.121942,26233.72,0.218443,14644.58,0.313019,0.016831,0.024308,0.121942,0.476100,0.049717,14,320069,359869,2263644,2579,0,0,0,4143,0,0,0,0,0,0,0,0,0,0,0,0,0,0,0,0,0,0,0,3020816831458164720,3020816831458164720,3020816831458164720,1441973822639958235,1441973822639958235,1441973822639958235,0,0,0,0,0,0,0,0,0,0,0
570,20,3347,8,10,0.296315,11295.41,0.131540,25444.79,0.083863,39910.17,0.076531,43733.80,0.121602,27524.24,0.100179,33410.09,0.209187,16000.02,0.310867,0.021680,0.025531,0.100179,0.458257,0.060366,13,321869,367754,2272940,2421,0,0,0,3681,0,0,0,0,0,0,0,0,0,0,0,0,0,0,0,0,0,0,0,13444068902635599196,13444068902635599196,13444068902635599196,15766378097540268238,15766378097540268238,15766378097540268238,0,0,0,0,0,0,0,0,0,0,0
571,20,3337,8,10,0.295467,11293.99,0.135314,24661.18,0.101407,32907.08,0.093399,35728.50,0.124945,26707.79,0.124232,26861.05,0.223199,14950.78,0.311155,0.018622,0.020496,0.124232,0.474505,0.053939,20,320131,363506,2281220,2563,0,0,0,4337,0,0,0,0,0,0,0,0,0,0,0,0,0,0,0,0,0,0,0,9273018820199514270,9273018820199514270,9273018820199514270,7129321726514338148,7129321726514338148,7129321726514338148,0,0,0,0,0,0,0,0,0,0,0
572,20,3312,8,10,0.296371,11175.19,0.156723,21132.82,0.083932,39460.45,0.081545,40615.46,0.151323,21886.90,0.118992,27833.83,0.223865,14794.66,0.309183,0.022223,0.029517,0.118992,0.479914,0.053137,14,336032,369602,2269824,2242,0,0,0,3793,0,0,0,0,0,0,0,0,0,0,0,0,0,0,0,0,0,0,0,10508898594716061307,10508898594716061307,10508898594716061307,2415941599860458988,2415941599860458988,2415941599860458988,0,0,0,0,0,0,0,0,0,0,0
573,20,2908,8,10,0.313992,9261.39,0.173111,16798.44,0.092668,31380.95,0.088106,33005.66,0.160553,18112.35,0.116453,24971.45,0.250801,11594.83,0.325964,0.020628,0.027148,0.116453,0.490193,0.044758,11,305737,345092,2057040,2355,0,0,0,3411,0,0,0,0,0,0,0,0,0,0,0,0,0,0,0,0,0,0,0,6801266573076093143,6801266573076093143,6801266573076093143,14531040501434876140,14531040501434876140,14531040501434876140,0,0,0,0,0,0,0,0,0,0,0
574,20,3623,8,10,0.351269,10314.04,0.169109,21424.02,0.096668,37478.88,0.092493,39170.36,0.156788,23107.66,0.135126,26811.98,0.266564,13591.46,0.364838,0.024036,0.025365,0.135126,0.549366,0.061920,14,343020,390895,2373852,2574,0,0,0,3624,0,0,0,0,0,0,0,0,0,0,0,0,0,0,0,0,0,0,0,9345286349016864027,9345286349016864027,9345286349016864027,2408047722445441204,2408047722445441204,2408047722445441204,0,0,0,0,0,0,0,0,0,0,0
575,20,3890,8,10,0.307633,12644.94,0.135369,28736.32,0.082885,46932.76,0.081609,47666.25,0.119063,32671.78,0.102587,37918.89,0.227538,17096.02,0.308870,0.018483,0.026081,0.102587,0.456021,0.073134,14,342796,445116,2402728,3316,0,0,0,3880,0,0,0,0,0,0,0,0,0,0,0,0,0,0,0,0,0,0,0,15155591628896281998,15155591628896281998,15155591628896281998,9922452780079093550,9922452780079093550,9922452780079093550,0,0,0,0,0,0,0,0,0,0,0
576,20,3171,8,10,0.296016,10712.26,0.141486,22412.11,0.102681,30881.96,0.102258,31009.81,0.128211,24732.65,0.121041,26197.63,0.221450,14319.24,0.307786,0.021905,0.021839,0.121041,0.472572,0.047435,17,311227,352892,2166796,2413,0,0,0,3910,0,0,0,0,0,0,0,0,0,0,0,0,0,0,0,0,0,0,0,17746131408323687094,17746131408323687094,17746131408323687094,16961066634175137477,16961066634175137477,16961066634175137477,0,0,0,0,0,0,0,0,0,0,0
577,20,3419,8,10,0.252853,13521.67,0.123810,27614.91,0.103796,32939.57,0.086926,39332.49,0.115067,29713.21,0.104587,32690.34,0.184512,18530.01,0.267858,0.019218,0.024479,0.104587,0.416142,0.059370,17,329171,403741,2250380,2712,0,0,0,4212,0,0,0,0,0,0,0,0,0,0,0,0,0,0,0,0,0,0,0,6703001038615145394,6703001038615145394,6703001038615145394,6023558967158882198,6023558967158882198,6023558967158882198,0,0,0,0,0,0,0,0,0,0,0
578,20,3157,8,10,0.313043,10084.89,0.147404,21417.27,0.096218,32810.80,0.095457,33072.39,0.136235,23173.16,0.111885,28216.51,0.223758,14108.96,0.326270,0.020224,0.024830,0.111885,0.483209,0.050178,14,319625,360480,2162868,2350,0,0,0,3271,0,0,0,0,0,0,0,0,0,0,0,0,0,0,0,0,0,0,0,11355336118553774592,11355336118553774592,11355336118553774592,5722126776537840999,5722126776537840999,5722126776537840999,0,0,0,0,0,0,0,0,0,0,0
579,20,3364,8,10,0.307560,10937.69,0.149436,22511.24,0.084602,39762.76,0.082010,41019.22,0.138342,24316.54,0.115731,29067.39,0.250944,13405.39,0.319007,0.020023,0.025182,0.115731,0.479943,0.051879,14,318791,410561,2206800,3293,0,0,0,4316,0,0,0,0,0,0,0,0,0,0,0,0,0,0,0,0,0,0,0,9506341628980849389,9506341628980849389,9506341628980849389,4794747686831345527,4794747686831345527,4794747686831345527,0,0,0,0,0,0,0,0,0,0,0
580,20,3246,8,10,0.322744,10057.49,0.145793,22264.46,0.088098,36845.36,0.075860,42789.23,0.135763,23909.33,0.116012,27979.84,0.238031,13636.90,0.329466,0.019572,0.025471,0.116012,0.490522,0.052903,14,321027,376277,2175512,2563,0,0,0,4041,0,0,0,0,0,0,0,0,0,0,0,0,0,0,0,0,0,0,0,17808319777787327295,17808319777787327295,17808319777787327295,12894347785803271562,12894347785803271562,12894347785803271562,0,0,0,0,0,0,0,0,0,0,0
581,20,3459,8,10,0.307915,11233.63,0.148841,23239.54,0.098626,35072.00,0.096878,35704.59,0.134630,25692.56,0.129323,26746.92,0.238589,14497.75,0.322207,0.019987,0.021403,0.129323,0.492920,0.058617,18,316657,371757,2237612,2561,0,0,0,3483,0,0,0,0,0,0,0,0,0,0,0,0,0,0,0,0,0,0,0,16876592659340648612,16876592659340648612,16876592659340648612,750705700277508865,750705700277508865,750705700277508865,0,0,0,0,0,0,0,0,0,0,0
582,20,3137,8,10,0.308379,10172.54,0.146734,21378.84,0.103275,30375.12,0.102831,30506.49,0.132670,23645.16,0.123618,25376.59,0.231945,13524.76,0.319308,0.022278,0.022248,0.123618,0.487453,0.049118,16,311256,349881,2394532,2658,0,0,0,4125,0,0,0,0,0,0,0,0,0,0,0,0,0,0,0,0,0,0,0,17264127861271673386,17264127861271673386,17264127861271673386,3614550724819798809,3614550724819798809,3614550724819798809,0,0,0,0,0,0,0,0,0,0,0
583,20,3078,8,10,0.308711,9970.49,0.155591,19782.57,0.107772,28560.42,0.108159,28458.10,0.141113,21812.32,0.137443,22394.77,0.230461,13355.85,0.320466,0.021205,0.021438,0.137443,0.500551,0.047010,16,292383,327908,2179608,2116,0,0,0,2101,0,0,0,0,0,0,0,0,0,0,0,0,0,0,0,0,0,0,0,14083776811117073252,14083776811117073252,14083776811117073252,17372474147654407246,17372474147654407246,17372474147654407246,0,0,0,0,0,0,0,0,0,0,0
584,20,3158,8,10,0.311803,10128.19,0.145086,21766.47,0.087854,35945.92,0.080625,39168.89,0.137880,22904.02,0.126518,24960.84,0.221192,14277.21,0.326320,0.019962,0.021206,0.126518,0.494006,0.047523,17,311730,341405,2180856,2142,0,0,0,3320,0,0,0,0,0,0,0,0,0,0,0,0,0,0,0,0,0,0,0,3126313724031942554,3126313724031942554,3126313724031942554,5159967110900922553,5159967110900922553,5159967110900922553,0,0,0,0,0,0,0,0,0,0,0
585,20,3249,8,10,0.295250,11004.24,0.135245,24023.05,0.082757,39259.44,0.079716,40757.01,0.121319,26780.60,0.101426,32033.21,0.198011,16408.19,0.307280,0.021815,0.027795,0.101426,0.458316,0.054851,14,331104,357154,2328452,2099,0,0,0,3638,0,0,0,0,0,0,0,0,0,0,0,0,0,0,0,0,0,0,0,8382102363024172322,8382102363024172322,8382102363024172322,6541318393352791965,6541318393352791965,6541318393352791965,0,0,0,0,0,0,0,0,0,0,0
586,20,3484,8,10,0.353890,9844.88,0.140016,24882.93,0.107623,32372.23,0.097632,35685.18,0.127357,27356.10,0.118339,29440.73,0.218515,15943.96,0.367778,0.027959,0.032163,0.118339,0.546240,0.074506,13,426689,483484,2692880,3623,0,0,0,4956,0,0,0,0,0,0,0,0,0,0,0,0,0,0,0,0,0,0,0,4918553726690090821,4918553726690090821,4918553726690090821,17062609638992193656,17062609638992193656,17062609638992193656,0,0,0,0,0,0,0,0,0,0,0
587,20,3299,8,10,0.344394,9579.14,0.147820,22317.66,0.098800,33390.58,0.097531,33825.12,0.125529,26280.73,0.122377,26957.70,0.220328,14973.15,0.357288,0.022462,0.024582,0.122377,0.526709,0.060677,16,346304,382734,2347628,2128,0,0,0,2481,0,0,0,0,0,0,0,0,0,0,0,0,0,0,0,0,0,0,0,15760403068956329785,15760403068956329785,15760403068956329785,15217395078683433865,15217395078683433865,15217395078683433865,0,0,0,0,0,0,0,0,0,0,0
588,20,3173,8,10,0.309074,10266.16,0.139663,22718.94,0.105209,30158.91,0.096656,32827.73,0.128658,24662.32,0.118632,26746.49,0.212430,14936.66,0.322004,0.019929,0.023135,0.118632,0.483700,0.053005,14,311164,343399,2105972,2166,0,0,0,3427,0,0,0,0,0,0,0,0,0,0,0,0,0,0,0,0,0,0,0,11601769982071808164,11601769982071808164,11601769982071808164,1019347397842742708,1019347397842742708,1019347397842742708,0,0,0,0,0,0,0,0,0,0,0
589,20,3434,8,10,0.304203,11288.51,0.139428,24629.18,0.089064,38556.63,0.087949,39045.25,0.125195,27429.26,0.104926,32727.91,0.213965,16049.39,0.317475,0.020951,0.026094,0.104926,0.469445,0.062956,12,327928,388308,2225512,2609,0,0,0,2596,0,0,0,0,0,0,0,0,0,0,0,0,0,0,0,0,0,0,0,16475260294298491776,16475260294298491776,16475260294298491776,7157719323304584973,7157719323304584973,7157719323304584973,0,0,0,0,0,0,0,0,0,0,0
590,20,3160,8,10,0.300711,10508.44,0.145624,21699.76,0.095613,33049.89,0.094095,33582.98,0.131996,23940.08,0.117198,26962.93,0.216345,14606.27,0.316480,0.017893,0.024357,0.117198,0.475928,0.053389,13,316083,351798,2139264,2333,0,0,0,3121,0,0,0,0,0,0,0,0,0,0,0,0,0,0,0,0,0,0,0,9102780531335449759,9102780531335449759,9102780531335449759,14210615927900613471,14210615927900613471,14210615927900613471,0,0,0,0,0,0,0,0,0,0,0
591,20,3049,8,10,0.230172,13246.62,0.109562,27828.97,0.076355,39931.84,0.073709,41365.21,0.104685,29125.47,0.088047,34629.35,0.162963,18709.82,0.241099,0.019440,0.023801,0.088047,0.372387,0.049790,14,299842,333992,2046692,2098,0,0,0,3792,0,0,0,0,0,0,0,0,0,0,0,0,0,0,0,0,0,0,0,1512018016626042198,1512018016626042198,1512018016626042198,15343965376607840832,15343965376607840832,15343965376607840832,0,0,0,0,0,0,0,0,0,0,0
592,20,3355,8,10,0.213334,15726.51,0.095008,35312.75,0.088644,37848.08,0.082164,40833.10,0.092755,36170.60,0.091198,36788.25,0.138786,24173.96,0.221384,0.021333,0.022751,0.091198,0.356666,0.059592,15,322244,364819,2234828,2392,0,0,0,4158,0,0,0,0,0,0,0,0,0,0,0,0,0,0,0,0,0,0,0,436623511513384633,436623511513384633,436623511513384633,6936555874111282070,6936555874111282070,6936555874111282070,0,0,0,0,0,0,0,0,0,0,0
593,20,3315,8,10,0.230725,14367.74,0.096023,34523.13,0.088255,37561.77,0.084393,39280.64,0.094696,35006.94,0.093668,35391.13,0.149744,22137.81,0.238603,0.021531,0.020648,0.093668,0.374449,0.056969,19,332085,371575,2276524,2481,0,0,0,4758,0,0,0,0,0,0,0,0,0,0,0,0,0,0,0,0,0,0,0,11773435380599868266,11773435380599868266,11773435380599868266,3709482847243167732,3709482847243167732,3709482847243167732,0,0,0,0,0,0,0,0,0,0,0
594,20,3585,8,10,0.316282,11334.83,0.134282,26697.61,0.091595,39139.77,0.087078,41169.77,0.124558,28781.66,0.115139,31136.39,0.215084,16667.94,0.325365,0.023953,0.023177,0.115139,0.487634,0.061547,16,336688,380663,2434788,2697,0,0,0,4222,0,0,0,0,0,0,0,0,0,0,0,0,0,0,0,0,0,0,0,17704324005719347811,17704324005719347811,17704324005719347811,17458263384261859702,17458263384261859702,17458263384261859702,0,0,0,0,0,0,0,0,0,0,0
595,20,3433,8,10,0.305905,11222.45,0.155100,22134.09,0.089530,38344.74,0.091112,37678.88,0.141385,24281.27,0.125414,27373.38,0.243606,14092.44,0.320193,0.019439,0.024634,0.125414,0.489680,0.054831,14,310530,401765,2152260,3109,0,0,0,3687,0,0,0,0,0,0,0,0,0,0,0,0,0,0,0,0,0,0,0,7150641093292708039,7150641093292708039,7150641093292708039,16659251884926913637,16659251884926913637,16659251884926913637,0,0,0,0,0,0,0,0,0,0,0
596,20,3768,8,10,0.293539,12836.44,0.118993,31665.69,0.082579,45628.91,0.073532,51243.00,0.108860,34613.26,0.093850,40149.07,0.191490,19677.26,0.296879,0.024220,0.028968,0.093850,0.443917,0.068053,14,372577,418442,2517824,2570,0,0,0,3578,0,0,0,0,0,0,0,0,0,0,0,0,0,0,0,0,0,0,0,3914725341072926550,3914725341072926550,3914725341072926550,10079560329609968923,10079560329609968923,10079560329609968923,0,0,0,0,0,0,0,0,0,0,0
597,20,2631,8,10,0.302889,8686.36,0.131755,19968.83,0.087264,30149.90,0.073984,35561.89,0.122843,21417.54,0.097368,27021.19,0.208021,12647.79,0.317158,0.020799,0.030902,0.097368,0.466227,0.036314,9,328107,361132,1974684,1882,0,0,0,2971,0,0,0,0,0,0,0,0,0,0,0,0,0,0,0,0,0,0,0,16472724382020632258,16472724382020632258,16472724382020632258,7144936156078567077,7144936156078567077,7144936156078567077,0,0,0,0,0,0,0,0,0,0,0
598,20,2924,8,10,0.321879,9084.15,0.142451,20526.33,0.092628,31566.98,0.092875,31483.34,0.128001,22843.56,0.110856,26376.58,0.234958,12444.80,0.333247,0.019203,0.023861,0.110856,0.487167,0.039596,13,292941,344166,2011152,2473,0,0,0,2192,0,0,0,0,0,0,0,0,0,0,0,0,0,0,0,0,0,0,0,9045911000913735988,9045911000913735988,9045911000913735988,16308460701108530346,16308460701108530346,16308460701108530346,0,0,0,0,0,0,0,0,0,0,0
599,20,3030,8,10,0.330936,9155.84,0.151429,20009.33,0.097392,31111.35,0.088251,34333.72,0.139153,21774.67,0.114013,26575.81,0.223278,13570.52,0.347522,0.017322,0.022244,0.114013,0.501102,0.045964,14,289074,314824,2067768,1794,0,0,0,2605,0,0,0,0,0,0,0,0,0,0,0,0,0,0,0,0,0,0,0,16131563683291701706,16131563683291701706,16131563683291701706,14738118495991392107,14738118495991392107,14738118495991392107,0,0,0,0,0,0,0,0,0,0,0
600,20,2993,8,10,0.308092,9714.62,0.150469,19891.08,0.093428,32035.39,0.093166,32125.60,0.136289,21960.69,0.111988,26726.16,0.235977,12683.44,0.331022,0.011701,0.025423,0.111988,0.480132,0.043018,12,289775,325140,2018308,2248,0,0,0,2614,0,0,0,0,0,0,0,0,0,0,0,0,0,0,0,0,0,0,0,18338243087337461091,18338243087337461091,18338243087337461091,18023853783612871082,18023853783612871082,18023853783612871082,0,0,0,0,0,0,0,0,0,0,0
601,20,3430,8,10,0.346022,9912.68,0.169390,20249.18,0.103063,33280.56,0.098060,34978.66,0.154723,22168.66,0.133608,25672.04,0.247757,13844.22,0.358497,0.022233,0.027186,0.133608,0.541525,0.059804,15,334228,364173,2400280,1881,0,0,0,2076,0,0,0,0,0,0,0,0,0,0,0,0,0,0,0,0,0,0,0,14766695731863589664,14766695731863589664,14766695731863589664,13918206650298091099,13918206650298091099,13918206650298091099,0,0,0,0,0,0,0,0,0,0,0
602,20,3109,8,10,0.341579,9101.86,0.156216,19901.97,0.090206,34465.65,0.089782,34628.47,0.143607,21649.41,0.126218,24632.01,0.247515,12560.84,0.355886,0.021700,0.023829,0.126218,0.527633,0.047340,15,301894,333809,2023636,2066,0,0,0,2291,0,0,0,0,0,0,0,0,0,0,0,0,0,0,0,0,0,0,0,17594635107986751155,17594635107986751155,17594635107986751155,4847700449605614070,4847700449605614070,4847700449605614070,0,0,0,0,0,0,0,0,0,0,0
603,20,3278,8,10,0.397449,8247.59,0.184427,17773.94,0.104272,31437.01,0.103141,31781.66,0.169196,19374.04,0.153153,21403.45,0.280417,11689.72,0.413339,0.021010,0.024986,0.153153,0.612488,0.049880,14,323400,353085,2193560,1961,0,0,0,2660,0,0,0,0,0,0,0,0,0,0,0,0,0,0,0,0,0,0,0,13321555572272541479,13321555572272541479,13321555572272541479,16235822980746011691,16235822980746011691,16235822980746011691,0,0,0,0,0,0,0,0,0,0,0
604,20,3406,8,10,0.348716,9767.27,0.159060,21413.37,0.100217,33986.26,0.098067,34731.41,0.143678,23705.80,0.141831,24014.51,0.261487,13025.51,0.364638,0.020257,0.020869,0.141831,0.547594,0.054498,18,320493,384438,2159864,2379,0,0,0,2622,0,0,0,0,0,0,0,0,0,0,0,0,0,0,0,0,0,0,0,16526337805366819427,16526337805366819427,16526337805366819427,2129901338945370731,2129901338945370731,2129901338945370731,0,0,0,0,0,0,0,0,0,0,0
605,20,3697,8,10,0.278357,13281.49,0.133877,27614.89,0.094203,39244.85,0.080704,45809.13,0.123508,29933.17,0.111624,33119.98,0.198654,18610.20,0.289154,0.023142,0.027907,0.111624,0.451829,0.060838,16,343461,404561,2342116,2776,0,0,0,4031,0,0,0,0,0,0,0,0,0,0,0,0,0,0,0,0,0,0,0,15542907406771623511,15542907406771623511,15542907406771623511,10530691354642057409,10530691354642057409,10530691354642057409,0,0,0,0,0,0,0,0,0,0,0
606,20,3448,8,10,0.198947,17331.22,0.098502,35004.37,0.075159,45875.99,0.071206,48422.58,0.096930,35572.12,0.086973,39644.69,0.145969,23621.49,0.209809,0.018587,0.026750,0.086973,0.342119,0.057170,14,322734,387069,2209568,2448,0,0,0,3791,0,0,0,0,0,0,0,0,0,0,0,0,0,0,0,0,0,0,0,16984776529321361513,16984776529321361513,16984776529321361513,11297236366620609334,11297236366620609334,11297236366620609334,0,0,0,0,0,0,0,0,0,0,0
607,20,3376,8,10,0.244908,13784.75,0.108126,31222.87,0.084822,39800.76,0.072228,46741.16,0.106633,31659.93,0.097365,34673.60,0.170960,19747.31,0.255413,0.021625,0.024132,0.097365,0.398535,0.054502,16,313289,348569,2180128,2133,0,0,0,3754,0,0,0,0,0,0,0,0,0,0,0,0,0,0,0,0,0,0,0,15520289239828452945,15520289239828452945,15520289239828452945,6173108514384202933,6173108514384202933,6173108514384202933,0,0,0,0,0,0,0,0,0,0,0
608,20,3298,8,10,0.266478,12376.25,0.134632,24496.37,0.085272,38676.06,0.078179,42185.30,0.126596,26051.35,0.108808,30310.18,0.192886,17098.16,0.278680,0.019433,0.023456,0.108808,0.430378,0.048855,16,322888,359248,2222248,2340,0,0,0,3557,0,0,0,0,0,0,0,0,0,0,0,0,0,0,0,0,0,0,0,3423405850993514131,3423405850993514131,3423405850993514131,13255003889897161441,13255003889897161441,13255003889897161441,0,0,0,0,0,0,0,0,0,0,0
609,20,3340,8,10,0.226009,14778.20,0.104282,32028.65,0.075917,43995.33,0.067246,49668.28,0.098922,33763.84,0.084965,39310.22,0.160274,20839.29,0.236173,0.018885,0.025256,0.084965,0.365280,0.050138,13,305746,341611,2309488,2069,0,0,0,3412,0,0,0,0,0,0,0,0,0,0,0,0,0,0,0,0,0,0,0,7503581621291559324,7503581621291559324,7503581621291559324,8355509046915667713,8355509046915667713,8355509046915667713,0,0,0,0,0,0,0,0,0,0,0
610,20,3206,8,10,0.234850,13651.29,0.115708,27707.68,0.075030,42729.71,0.069452,46161.16,0.113924,28141.53,0.103231,31056.48,0.164688,19467.10,0.247474,0.020223,0.021132,0.103231,0.392060,0.051273,16,290413,325288,2144472,2113,0,0,0,3423,0,0,0,0,0,0,0,0,0,0,0,0,0,0,0,0,0,0,0,4633091333755319285,4633091333755319285,4633091333755319285,15235806918556635854,15235806918556635854,15235806918556635854,0,0,0,0,0,0,0,0,0,0,0
611,20,3852,8,10,0.252202,15273.46,0.122922,31336.89,0.079996,48152.47,0.075738,50859.73,0.119871,32134.46,0.105274,36590.20,0.187643,20528.38,0.264951,0.023216,0.028615,0.105274,0.422056,0.068967,14,353515,400695,2567504,2454,0,0,0,3574,0,0,0,0,0,0,0,0,0,0,0,0,0,0,0,0,0,0,0,16159934403266149965,16159934403266149965,16159934403266149965,13485435964625599190,13485435964625599190,13485435964625599190,0,0,0,0,0,0,0,0,0,0,0
612,20,3429,8,10,0.251198,13650.61,0.116769,29365.64,0.076978,44545.35,0.072445,47332.17,0.111807,30668.99,0.090326,37962.57,0.184189,18616.76,0.262687,0.020414,0.025889,0.090326,0.399316,0.052982,13,320559,352459,2389524,2152,0,0,0,3765,0,0,0,0,0,0,0,0,0,0,0,0,0,0,0,0,0,0,0,14276942176488423213,14276942176488423213,14276942176488423213,1843929294888239049,1843929294888239049,1843929294888239049,0,0,0,0,0,0,0,0,0,0,0
613,20,3257,8,10,0.263604,12355.64,0.136642,23835.98,0.081712,39859.45,0.080380,40520.02,0.127385,25568.24,0.104548,31153.21,0.193503,16831.82,0.273767,0.020324,0.026312,0.104548,0.424950,0.046767,11,310707,348112,2108804,2212,0,0,0,2713,0,0,0,0,0,0,0,0,0,0,0,0,0,0,0,0,0,0,0,6260430187252901650,6260430187252901650,6260430187252901650,9409603603408400936,9409603603408400936,9409603603408400936,0,0,0,0,0,0,0,0,0,0,0
614,20,3255,8,10,0.228945,14217.40,0.118442,27481.75,0.077056,42241.97,0.073332,44387.34,0.116120,28031.23,0.099304,32778.25,0.168130,19359.97,0.241092,0.017062,0.027432,0.099304,0.384889,0.051770,12,310416,351846,2230396,2219,0,0,0,3329,0,0,0,0,0,0,0,0,0,0,0,0,0,0,0,0,0,0,0,7271008940462581872,7271008940462581872,7271008940462581872,8983581961674044052,8983581961674044052,8983581961674044052,0,0,0,0,0,0,0,0,0,0,0
615,20,3162,8,10,0.233461,13543.99,0.118835,26608.31,0.088208,35846.99,0.068039,46473.50,0.115390,27402.64,0.092420,34213.52,0.168031,18817.99,0.242730,0.020822,0.029357,0.092420,0.385328,0.048834,14,315602,350447,2203208,2022,0,0,0,3331,0,0,0,0,0,0,0,0,0,0,0,0,0,0,0,0,0,0,0,3743652170875967197,3743652170875967197,3743652170875967197,13835028561971120407,13835028561971120407,13835028561971120407,0,0,0,0,0,0,0,0,0,0,0
616,20,3543,8,10,0.295576,11986.75,0.139240,25445.32,0.086910,40766.52,0.074606,47489.79,0.128126,27652.44,0.120685,29357.54,0.227310,15586.63,0.310407,0.019820,0.023945,0.120685,0.474856,0.064891,15,311271,364306,2406300,2383,0,0,0,3468,0,0,0,0,0,0,0,0,0,0,0,0,0,0,0,0,0,0,0,4784648018253810883,4784648018253810883,4784648018253810883,16796943159393224924,16796943159393224924,16796943159393224924,0,0,0,0,0,0,0,0,0,0,0
617,20,3491,8,10,0.330084,10576.09,0.147511,23665.96,0.083123,41997.99,0.076709,45509.51,0.136315,25609.73,0.113864,30659.40,0.227634,15336.04,0.344394,0.021493,0.031132,0.113864,0.510883,0.059301,10,327265,364135,2314508,2155,0,0,0,2553,0,0,0,0,0,0,0,0,0,0,0,0,0,0,0,0,0,0,0,8441915592713285755,8441915592713285755,8441915592713285755,17230079712359303900,17230079712359303900,17230079712359303900,0,0,0,0,0,0,0,0,0,0,0
618,20,3936,8,10,0.261402,15057.28,0.120853,32568.37,0.076699,51317.76,0.071804,54816.26,0.111795,35207.44,0.109534,35934.12,0.185623,21204.30,0.276798,0.022217,0.026031,0.109534,0.434580,0.068643,18,339515,393670,2446176,2521,0,0,0,3448,0,0,0,0,0,0,0,0,0,0,0,0,0,0,0,0,0,0,0,11886721420485465398,11886721420485465398,11886721420485465398,15902148766339075500,15902148766339075500,15902148766339075500,0,0,0,0,0,0,0,0,0,0,0
619,20,3622,8,10,0.286292,12651.44,0.142835,25357.92,0.106021,34162.91,0.104706,34592.15,0.128125,28269.23,0.124398,29116.29,0.215125,16836.70,0.299706,0.020754,0.024823,0.124398,0.469681,0.062247,15,324966,374706,2199064,2543,0,0,0,2675,0,0,0,0,0,0,0,0,0,0,0,0,0,0,0,0,0,0,0,10043662856488607751,10043662856488607751,10043662856488607751,14584789712109615904,14584789712109615904,14584789712109615904,0,0,0,0,0,0,0,0,0,0,0
620,20,3668,8,10,0.340820,10762.27,0.158410,23155.08,0.098972,37061.01,0.090961,40324.82,0.141655,25893.89,0.128186,28614.63,0.242732,15111.29,0.356111,0.019993,0.024011,0.128186,0.528301,0.062838,16,328780,388030,2285360,2650,0,0,0,2458,0,0,0,0,0,0,0,0,0,0,0,0,0,0,0,0,0,0,0,17539001001606371993,17539001001606371993,17539001001606371993,14068447629645597326,14068447629645597326,14068447629645597326,0,0,0,0,0,0,0,0,0,0,0
621,20,3282,8,10,0.302511,10849.19,0.133115,24655.46,0.066251,49539.00,0.061202,53625.32,0.124279,26408.34,0.104643,31363.83,0.197307,16634.00,0.311503,0.019581,0.023427,0.104643,0.459153,0.050972,14,292522,328057,2207272,2016,0,0,0,2107,0,0,0,0,0,0,0,0,0,0,0,0,0,0,0,0,0,0,0,7581216757895398789,7581216757895398789,7581216757895398789,6790582205260570493,6790582205260570493,6790582205260570493,0,0,0,0,0,0,0,0,0,0,0
622,20,3337,8,10,0.239332,13942.99,0.101071,33016.24,0.078944,42270.39,0.074306,44908.79,0.095247,35035.12,0.087251,38246.15,0.150521,22169.61,0.250202,0.021741,0.021889,0.087251,0.381083,0.051824,16,312542,338377,2207044,1951,0,0,0,3520,0,0,0,0,0,0,0,0,0,0,0,0,0,0,0,0,0,0,0,1421843137054427713,1421843137054427713,1421843137054427713,8551107141353373282,8551107141353373282,8551107141353373282,0,0,0,0,0,0,0,0,0,0,0
623,20,3284,8,10,0.257681,12744.44,0.125606,26145.30,0.078318,41931.51,0.074058,44343.35,0.120707,27206.47,0.103355,31773.85,0.181082,18135.47,0.267805,0.020455,0.024141,0.103355,0.415757,0.052926,13,299830,334785,2313808,2139,0,0,0,3416,0,0,0,0,0,0,0,0,0,0,0,0,0,0,0,0,0,0,0,9199205098142785948,9199205098142785948,9199205098142785948,3312264762416015192,3312264762416015192,3312264762416015192,0,0,0,0,0,0,0,0,0,0,0
624,20,3548,8,10,0.252102,14073.70,0.113584,31236.88,0.079478,44641.28,0.067546,52526.95,0.122723,28910.55,0.104117,34077.08,0.166552,21302.66,0.264529,0.021743,0.023416,0.104117,0.413805,0.063465,16,330644,368464,2336144,2192,0,0,0,3592,0,0,0,0,0,0,0,0,0,0,0,0,0,0,0,0,0,0,0,1910738180832160929,1910738180832160929,1910738180832160929,11058369662224808243,11058369662224808243,11058369662224808243,0,0,0,0,0,0,0,0,0,0,0
625,20,3710,8,10,0.255370,14527.92,0.118214,31383.79,0.076394,48564.18,0.071094,52184.59,0.111768,33193.84,0.097108,38204.86,0.172926,21454.32,0.264352,0.022789,0.024537,0.097108,0.408786,0.062776,15,334388,374063,2381368,2283,0,0,0,3621,0,0,0,0,0,0,0,0,0,0,0,0,0,0,0,0,0,0,0,10750962900285472147,10750962900285472147,10750962900285472147,12663191824278618938,12663191824278618938,12663191824278618938,0,0,0,0,0,0,0,0,0,0,0
626,20,3524,8,10,0.246076,14320.78,0.105943,33263.23,0.081511,43233.20,0.075573,46630.28,0.099472,35427.14,0.091591,38475.39,0.162894,21633.76,0.255596,0.020900,0.023905,0.091591,0.391992,0.059005,15,328585,358935,2316208,1945,0,0,0,3565,0,0,0,0,0,0,0,0,0,0,0,0,0,0,0,0,0,0,0,1887145441580012205,1887145441580012205,1887145441580012205,18103658033525777927,18103658033525777927,18103658033525777927,0,0,0,0,0,0,0,0,0,0,0
627,20,3512,8,10,0.264340,13285.92,0.124904,28117.56,0.083589,42015.04,0.078965,44475.14,0.118775,29568.46,0.112319,31268.04,0.191034,18384.16,0.277051,0.020375,0.024167,0.112319,0.433912,0.062389,16,332904,378034,2355104,2459,0,0,0,3972,0,0,0,0,0,0,0,0,0,0,0,0,0,0,0,0,0,0,0,16970618743688124272,16970618743688124272,16970618743688124272,4419556287492780694,4419556287492780694,4419556287492780694,0,0,0,0,0,0,0,0,0,0,0
628,20,3192,8,10,0.283055,11276.95,0.141649,22534.54,0.116385,27426.23,0.093114,34280.60,0.141554,22549.72,0.127612,25013.34,0.213847,14926.54,0.294734,0.020081,0.024850,0.127612,0.467277,0.046437,16,303074,332774,2179584,1936,0,0,0,3822,0,0,0,0,0,0,0,0,0,0,0,0,0,0,0,0,0,0,0,5875423358052997482,5875423358052997482,5875423358052997482,11406481566546433393,11406481566546433393,11406481566546433393,0,0,0,0,0,0,0,0,0,0,0
629,20,3374,8,10,0.233234,14466.13,0.107712,31324.33,0.083909,40210.33,0.080402,41964.30,0.107875,31276.80,0.092469,36487.86,0.163527,20632.69,0.246619,0.020197,0.025274,0.092469,0.384560,0.055920,13,315249,358404,2200440,2310,0,0,0,3695,0,0,0,0,0,0,0,0,0,0,0,0,0,0,0,0,0,0,0,17369971523431724250,17369971523431724250,17369971523431724250,14393437354297868037,14393437354297868037,14393437354297868037,0,0,0,0,0,0,0,0,0,0,0
630,20,3580,8,10,0.216020,16572.57,0.092179,38837.67,0.082328,43484.64,0.079096,45261.69,0.091714,39034.18,0.089279,40099.14,0.143329,24977.47,0.226520,0.024675,0.029906,0.089279,0.370379,0.065427,16,334914,376664,2307440,2317,0,0,0,3987,0,0,0,0,0,0,0,0,0,0,0,0,0,0,0,0,0,0,0,7190397715499606516,7190397715499606516,7190397715499606516,14620513103415305508,14620513103415305508,14620513103415305508,0,0,0,0,0,0,0,0,0,0,0
631,20,3464,8,10,0.212980,16264.42,0.090818,38142.25,0.072875,47533.44,0.069418,49900.24,0.089625,38649.85,0.081737,42379.64,0.142013,24392.12,0.224305,0.019648,0.022725,0.081737,0.348415,0.056809,16,313556,347141,2227648,2002,0,0,0,3675,0,0,0,0,0,0,0,0,0,0,0,0,0,0,0,0,0,0,0,10212043169678878542,10212043169678878542,10212043169678878542,5553391347806386441,5553391347806386441,5553391347806386441,0,0,0,0,0,0,0,0,0,0,0
632,20,3312,8,10,0.277975,11914.75,0.133470,24814.61,0.081960,40410.14,0.078284,42307.28,0.127030,26072.53,0.122764,26978.65,0.201318,16451.58,0.290337,0.022313,0.023423,0.122764,0.458836,0.058821,17,324361,362831,2214944,2318,0,0,0,3955,0,0,0,0,0,0,0,0,0,0,0,0,0,0,0,0,0,0,0,15101259332669107875,15101259332669107875,15101259332669107875,6783234442069783070,6783234442069783070,6783234442069783070,0,0,0,0,0,0,0,0,0,0,0
633,20,4012,8,10,0.303374,13224.58,0.139970,28663.33,0.096238,41688.34,0.096357,41636.82,0.122405,32776.31,0.114509,35036.50,0.225110,17822.42,0.316350,0.023715,0.027956,0.114509,0.482530,0.074089,16,354994,415784,2472560,3182,0,0,0,3455,0,0,0,0,0,0,0,0,0,0,0,0,0,0,0,0,0,0,0,14846178452964203314,14846178452964203314,14846178452964203314,16221504034249879584,16221504034249879584,16221504034249879584,0,0,0,0,0,0,0,0,0,0,0
634,20,3444,8,10,0.254549,13529.82,0.114474,30085.47,0.086038,40029.00,0.079000,43595.12,0.109672,31402.68,0.093394,36876.08,0.179099,19229.63,0.266270,0.021285,0.023881,0.093394,0.404830,0.059060,15,319273,364118,2282480,2460,0,0,0,3750,0,0,0,0,0,0,0,0,0,0,0,0,0,0,0,0,0,0,0,10041673849310817473,10041673849310817473,10041673849310817473,5266473646429997732,5266473646429997732,5266473646429997732,0,0,0,0,0,0,0,0,0,0,0
635,20,3885,8,10,0.225005,17266.26,0.092640,41936.71,0.080038,48539.29,0.076110,51044.21,0.091844,42299.98,0.089596,43361.23,0.150884,25748.29,0.234758,0.023871,0.026139,0.089596,0.374364,0.074033,17,344208,422583,2443764,3031,0,0,0,4230,0,0,0,0,0,0,0,0,0,0,0,0,0,0,0,0,0,0,0,9458539891404499861,9458539891404499861,9458539891404499861,11313622493103645377,11313622493103645377,11313622493103645377,0,0,0,0,0,0,0,0,0,0,0
636,20,3111,8,10,0.221366,14053.66,0.102629,30313.19,0.076598,40614.60,0.072086,43156.61,0.098447,31600.73,0.094047,33079.30,0.164726,18885.95,0.231211,0.020576,0.025018,0.094047,0.370851,0.046427,13,312141,350371,2080956,2146,0,0,0,3429,0,0,0,0,0,0,0,0,0,0,0,0,0,0,0,0,0,0,0,7931696485257005865,7931696485257005865,7931696485257005865,12745987089254337104,12745987089254337104,12745987089254337104,0,0,0,0,0,0,0,0,0,0,0
637,20,3284,8,10,0.286779,11451.33,0.137204,23935.14,0.085669,38333.36,0.079947,41076.99,0.132973,24696.80,0.116964,28076.99,0.203932,16103.41,0.299990,0.020816,0.024897,0.116964,0.462667,0.048632,14,300953,343078,2133616,2274,0,0,0,3229,0,0,0,0,0,0,0,0,0,0,0,0,0,0,0,0,0,0,0,6526272327809316911,6526272327809316911,6526272327809316911,13630738728512067924,13630738728512067924,13630738728512067924,0,0,0,0,0,0,0,0,0,0,0
638,20,3321,8,10,0.242790,13678.50,0.113101,29363.10,0.074394,44640.42,0.070650,47006.37,0.109016,30463.49,0.100128,33167.58,0.174406,19041.77,0.254503,0.020749,0.026474,0.100128,0.401854,0.051442,14,314513,352048,2187012,2144,0,0,0,3436,0,0,0,0,0,0,0,0,0,0,0,0,0,0,0,0,0,0,0,8034966218241483936,8034966218241483936,8034966218241483936,15326586833532907278,15326586833532907278,15326586833532907278,0,0,0,0,0,0,0,0,0,0,0
639,20,3529,8,10,0.320435,11013.15,0.149853,23549.81,0.105323,33506.58,0.094013,37537.53,0.143700,24558.07,0.134747,26189.79,0.244997,14404.23,0.330454,0.022867,0.023377,0.134747,0.511444,0.061201,18,333513,393788,2319236,3099,0,0,0,4792,0,0,0,0,0,0,0,0,0,0,0,0,0,0,0,0,0,0,0,17396657753776609,17396657753776609,17396657753776609,17610887125261397325,17610887125261397325,17610887125261397325,0,0,0,0,0,0,0,0,0,0,0
640,20,3272,8,10,0.307807,10630.03,0.142147,23018.41,0.100547,32542.13,0.095526,34252.32,0.132372,24718.16,0.122077,26802.67,0.223687,14627.60,0.317801,0.017289,0.023924,0.122077,0.481092,0.051021,15,302527,341987,2044448,2178,0,0,0,3477,0,0,0,0,0,0,0,0,0,0,0,0,0,0,0,0,0,0,0,6467543486441535358,6467543486441535358,6467543486441535358,3350052892471142348,3350052892471142348,3350052892471142348,0,0,0,0,0,0,0,0,0,0,0
641,20,3251,8,10,0.274814,11829.83,0.135938,23915.39,0.094886,34262.06,0.094466,34414.68,0.123862,26246.90,0.119944,27104.38,0.206521,15741.78,0.287320,0.020503,0.020790,0.119944,0.448556,0.048144,17,296314,334654,1996652,2233,0,0,0,3087,0,0,0,0,0,0,0,0,0,0,0,0,0,0,0,0,0,0,0,9589501694482471261,9589501694482471261,9589501694482471261,4455581695247242586,4455581695247242586,4455581695247242586,0,0,0,0,0,0,0,0,0,0,0
642,20,3319,8,10,0.367842,9022.90,0.150599,22038.72,0.107259,30943.75,0.077239,42970.32,0.144824,22917.45,0.129668,25596.23,0.231405,14342.81,0.383039,0.021521,0.024658,0.129668,0.558886,0.053089,15,318618,357543,2172444,2140,0,0,0,3553,0,0,0,0,0,0,0,0,0,0,0,0,0,0,0,0,0,0,0,11319606813465582236,11319606813465582236,11319606813465582236,8023460622342497932,8023460622342497932,8023460622342497932,0,0,0,0,0,0,0,0,0,0,0
643,20,3365,8,10,0.370451,9083.51,0.162671,20685.94,0.107966,31167.17,0.101876,33030.25,0.152807,22021.28,0.131752,25540.32,0.260908,12897.25,0.384112,0.019023,0.027421,0.131752,0.562308,0.056520,14,317900,358995,2186292,2221,0,0,0,2197,0,0,0,0,0,0,0,0,0,0,0,0,0,0,0,0,0,0,0,11035567549572851620,11035567549572851620,11035567549572851620,7423340455356210597,7423340455356210597,7423340455356210597,0,0,0,0,0,0,0,0,0,0,0
644,20,3311,8,10,0.254017,13034.54,0.119489,27709.70,0.081795,40479.23,0.075806,43677.28,0.113638,29136.27,0.095973,34499.21,0.177014,18704.77,0.264117,0.020165,0.028227,0.095973,0.408482,0.055068,13,314266,346241,2157468,2062,0,0,0,3583,0,0,0,0,0,0,0,0,0,0,0,0,0,0,0,0,0,0,0,1976509832132656572,1976509832132656572,1976509832132656572,7947281658610462272,7947281658610462272,7947281658610462272,0,0,0,0,0,0,0,0,0,0,0
645,20,3528,8,10,0.244232,14445.26,0.100156,35224.94,0.079932,44137.37,0.075634,46645.88,0.093786,37617.72,0.090949,38790.82,0.170199,20728.63,0.246656,0.021344,0.023782,0.090949,0.382732,0.056455,16,324176,373211,2257440,2610,0,0,0,4066,0,0,0,0,0,0,0,0,0,0,0,0,0,0,0,0,0,0,0,8702698950638301695,8702698950638301695,8702698950638301695,10113251811699896973,10113251811699896973,10113251811699896973,0,0,0,0,0,0,0,0,0,0,0
646,20,3440,8,10,0.256522,13410.14,0.131369,26185.81,0.095714,35940.29,0.085851,40069.53,0.122102,28173.11,0.113513,30305.01,0.195449,17600.46,0.269179,0.020051,0.024619,0.113513,0.427362,0.055925,16,323886,383176,2413248,2781,0,0,0,3956,0,0,0,0,0,0,0,0,0,0,0,0,0,0,0,0,0,0,0,17804060179684244714,17804060179684244714,17804060179684244714,17994655690092818468,17994655690092818468,17994655690092818468,0,0,0,0,0,0,0,0,0,0,0
647,20,3712,8,10,0.329772,11256.27,0.155937,23804.46,0.096550,38446.38,0.085386,43473.31,0.145822,25455.77,0.119462,31072.70,0.248041,14965.30,0.346182,0.023509,0.027742,0.119462,0.516894,0.066008,13,331162,379082,2344448,2603,0,0,0,3878,0,0,0,0,0,0,0,0,0,0,0,0,0,0,0,0,0,0,0,12056333340140808752,12056333340140808752,12056333340140808752,3081142915781681989,3081142915781681989,3081142915781681989,0,0,0,0,0,0,0,0,0,0,0
648,20,3643,8,10,0.301397,12087.06,0.139154,26179.61,0.101758,35800.75,0.102594,35508.81,0.126608,28773.87,0.121476,29989.47,0.223230,16319.53,0.315699,0.021639,0.023297,0.121476,0.482111,0.066441,15,329828,388668,2246476,2780,0,0,0,4026,0,0,0,0,0,0,0,0,0,0,0,0,0,0,0,0,0,0,0,2225639871512312117,2225639871512312117,2225639871512312117,13985221892988475900,13985221892988475900,13985221892988475900,0,0,0,0,0,0,0,0,0,0,0
649,20,3470,8,10,0.264727,13107.86,0.118618,29253.62,0.076050,45627.93,0.073070,47488.58,0.112818,30757.60,0.105137,33004.54,0.191104,18157.66,0.278147,0.020907,0.025180,0.105137,0.429371,0.053181,16,313915,348070,2384696,2193,0,0,0,3354,0,0,0,0,0,0,0,0,0,0,0,0,0,0,0,0,0,0,0,2109249869777152022,2109249869777152022,2109249869777152022,6873863530332150518,6873863530332150518,6873863530332150518,0,0,0,0,0,0,0,0,0,0,0
650,20,3377,8,10,0.239184,14118.83,0.104140,32427.35,0.079346,42560.30,0.075594,44672.85,0.099821,33830.66,0.095478,35369.22,0.159445,21179.77,0.251065,0.020598,0.022345,0.095478,0.389488,0.054145,15,306915,343800,2254404,2154,0,0,0,3834,0,0,0,0,0,0,0,0,0,0,0,0,0,0,0,0,0,0,0,242916786524443767,242916786524443767,242916786524443767,3406436877747681217,3406436877747681217,3406436877747681217,0,0,0,0,0,0,0,0,0,0,0
651,20,3486,8,10,0.310784,11216.78,0.141664,24607.47,0.094789,36776.51,0.095207,36614.78,0.126776,27497.42,0.115709,30127.41,0.223816,15575.31,0.322556,0.022024,0.022463,0.115709,0.482752,0.056721,16,312126,351316,2256696,2091,0,0,0,2682,0,0,0,0,0,0,0,0,0,0,0,0,0,0,0,0,0,0,0,6234417368324409102,6234417368324409102,6234417368324409102,7783006945441962452,7783006945441962452,7783006945441962452,0,0,0,0,0,0,0,0,0,0,0
652,20,3465,8,10,0.268521,12904.01,0.122033,28394.02,0.076815,45108.11,0.074430,46553.93,0.113842,30436.90,0.096802,35794.66,0.189831,18253.11,0.279982,0.018968,0.026126,0.096802,0.421878,0.055397,13,311316,358386,2191044,2510,0,0,0,3835,0,0,0,0,0,0,0,0,0,0,0,0,0,0,0,0,0,0,0,17638912040661491044,17638912040661491044,17638912040661491044,5372076354434923798,5372076354434923798,5372076354434923798,0,0,0,0,0,0,0,0,0,0,0
653,20,3309,8,10,0.256497,12900.71,0.114271,28957.35,0.080231,41243.63,0.076280,43379.63,0.108395,30527.31,0.101526,32592.68,0.186092,17781.50,0.271010,0.016136,0.022128,0.101526,0.410800,0.053814,16,314922,372917,2325908,2782,0,0,0,4450,0,0,0,0,0,0,0,0,0,0,0,0,0,0,0,0,0,0,0,10468806152032942211,10468806152032942211,10468806152032942211,16302416783567847438,16302416783567847438,16302416783567847438,0,0,0,0,0,0,0,0,0,0,0
654,20,3307,8,10,0.291340,11351.02,0.139534,23700.39,0.087096,37969.45,0.080101,41285.18,0.133658,24742.24,0.124514,26559.23,0.215344,15356.85,0.304648,0.019930,0.023192,0.124514,0.472285,0.051821,15,305461,336561,2221580,2101,0,0,0,3622,0,0,0,0,0,0,0,0,0,0,0,0,0,0,0,0,0,0,0,1682925288226894531,1682925288226894531,1682925288226894531,17430217895297925343,17430217895297925343,17430217895297925343,0,0,0,0,0,0,0,0,0,0,0
655,20,3725,8,10,0.269020,13846.57,0.119510,31168.93,0.091766,40592.38,0.079716,46728.11,0.112058,33241.72,0.100092,37215.69,0.191148,19487.49,0.281695,0.022290,0.026980,0.100092,0.431057,0.069430,15,330403,380843,2388436,2456,0,0,0,3431,0,0,0,0,0,0,0,0,0,0,0,0,0,0,0,0,0,0,0,5119838689380310434,5119838689380310434,5119838689380310434,14427766764669861746,14427766764669861746,14427766764669861746,0,0,0,0,0,0,0,0,0,0,0
656,20,3340,8,10,0.261993,12748.44,0.140748,23730.37,0.098531,33897.95,0.080889,41291.19,0.134078,24910.80,0.122033,27369.54,0.197847,16881.74,0.277538,0.017388,0.024108,0.122033,0.441068,0.053583,14,308767,347972,2159216,2308,0,0,0,3297,0,0,0,0,0,0,0,0,0,0,0,0,0,0,0,0,0,0,0,13701125668561763224,13701125668561763224,13701125668561763224,10873506797665743990,10873506797665743990,10873506797665743990,0,0,0,0,0,0,0,0,0,0,0
657,20,3426,8,10,0.222018,15431.17,0.102884,33299.61,0.082032,41764.04,0.078581,43598.36,0.098905,34639.36,0.092482,37045.22,0.156949,21828.76,0.233226,0.019063,0.022649,0.092482,0.367420,0.052247,16,308333,349848,2248840,2224,0,0,0,3912,0,0,0,0,0,0,0,0,0,0,0,0,0,0,0,0,0,0,0,16604509014031214192,16604509014031214192,16604509014031214192,12373634344122026801,12373634344122026801,12373634344122026801,0,0,0,0,0,0,0,0,0,0,0
658,20,3407,8,10,0.256210,13297.70,0.114879,29657.20,0.078295,43515.06,0.075063,45388.44,0.111309,30608.50,0.099930,34093.79,0.184139,18502.37,0.268113,0.020918,0.024634,0.099930,0.413595,0.058222,14,310996,349276,2252892,2105,0,0,0,3626,0,0,0,0,0,0,0,0,0,0,0,0,0,0,0,0,0,0,0,15850171204025913772,15850171204025913772,15850171204025913772,10218497873687897800,10218497873687897800,10218497873687897800,0,0,0,0,0,0,0,0,0,0,0
659,20,3308,8,10,0.246660,13411.17,0.107412,30797.43,0.079522,41598.37,0.070654,46819.73,0.100989,32756.07,0.087161,37952.58,0.172220,19208.02,0.257317,0.020921,0.024179,0.087161,0.389579,0.053409,13,308872,360142,2251504,2595,0,0,0,4070,0,0,0,0,0,0,0,0,0,0,0,0,0,0,0,0,0,0,0,5029253070322529094,5029253070322529094,5029253070322529094,13563749952244062529,13563749952244062529,13563749952244062529,0,0,0,0,0,0,0,0,0,0,0
660,20,3314,8,10,0.232928,14227.60,0.105840,31311.35,0.086701,38223.20,0.080186,41328.75,0.104497,31713.96,0.098984,33480.31,0.169099,19597.95,0.245535,0.020120,0.022778,0.098984,0.387417,0.054830,16,308647,362687,2234088,2669,0,0,0,4184,0,0,0,0,0,0,0,0,0,0,0,0,0,0,0,0,0,0,0,17900424276859491284,17900424276859491284,17900424276859491284,17699674354412791562,17699674354412791562,17699674354412791562,0,0,0,0,0,0,0,0,0,0,0
661,20,3626,8,10,0.253084,14327.28,0.119733,30283.99,0.092466,39214.23,0.086637,41853.00,0.115764,31322.29,0.106891,33922.55,0.179089,20246.90,0.264166,0.020812,0.025349,0.106891,0.417217,0.063676,15,335921,377106,2348104,2495,0,0,0,3794,0,0,0,0,0,0,0,0,0,0,0,0,0,0,0,0,0,0,0,15296693270890427107,15296693270890427107,15296693270890427107,9981780035675388634,9981780035675388634,9981780035675388634,0,0,0,0,0,0,0,0,0,0,0
662,20,4047,8,10,0.272216,14866.87,0.134010,30199.25,0.087581,46208.62,0.076593,52837.96,0.123892,32665.56,0.112547,35958.16,0.195498,20700.99,0.282066,0.022225,0.026242,0.112547,0.443080,0.072608,15,350179,402309,2518492,2653,0,0,0,3641,0,0,0,0,0,0,0,0,0,0,0,0,0,0,0,0,0,0,0,15415683322546006179,15415683322546006179,15415683322546006179,3582937129152180993,3582937129152180993,3582937129152180993,0,0,0,0,0,0,0,0,0,0,0
663,20,3581,8,10,0.296368,12082.94,0.131249,27283.92,0.091240,39248.00,0.075729,47286.75,0.125025,28642.23,0.096562,37085.08,0.203313,17613.22,0.309226,0.021223,0.027998,0.096562,0.455010,0.058037,13,329325,367040,2299956,2263,0,0,0,3368,0,0,0,0,0,0,0,0,0,0,0,0,0,0,0,0,0,0,0,16762920598747096529,16762920598747096529,16762920598747096529,17448405601546118791,17448405601546118791,17448405601546118791,0,0,0,0,0,0,0,0,0,0,0
664,20,3572,8,10,0.362132,9863.81,0.176752,20209.12,0.105504,33856.69,0.097067,36799.39,0.163289,21875.36,0.140004,25513.50,0.277591,12867.87,0.376882,0.023780,0.025613,0.140004,0.566279,0.058578,13,324233,364623,2264240,2358,0,0,0,1935,0,0,0,0,0,0,0,0,0,0,0,0,0,0,0,0,0,0,0,4300396380793550603,4300396380793550603,4300396380793550603,1530703859938317568,1530703859938317568,1530703859938317568,0,0,0,0,0,0,0,0,0,0,0
665,20,3117,8,10,0.305666,10197.40,0.142541,21867.38,0.097336,32023.02,0.080391,38772.86,0.134230,23221.27,0.116655,26719.83,0.224507,13883.73,0.318320,0.019555,0.021836,0.116655,0.476366,0.048227,16,299158,332363,2062356,2231,0,0,0,3296,0,0,0,0,0,0,0,0,0,0,0,0,0,0,0,0,0,0,0,13235348972709087197,13235348972709087197,13235348972709087197,2946284702877636966,2946284702877636966,2946284702877636966,0,0,0,0,0,0,0,0,0,0,0
666,20,3625,8,10,0.333913,10856.13,0.148556,24401.58,0.094217,38474.82,0.081400,44533.04,0.139136,26053.73,0.125717,28834.55,0.246576,14701.36,0.348435,0.020072,0.028918,0.125717,0.523142,0.060446,13,324535,366150,2270980,2344,0,0,0,3395,0,0,0,0,0,0,0,0,0,0,0,0,0,0,0,0,0,0,0,9972913783668645522,9972913783668645522,9972913783668645522,5550012032425389260,5550012032425389260,5550012032425389260,0,0,0,0,0,0,0,0,0,0,0
667,20,3454,8,10,0.304197,11354.47,0.120847,28581.66,0.083469,41380.68,0.080566,42871.64,0.115723,29847.17,0.108085,31956.42,0.207064,16680.83,0.307704,0.021032,0.024620,0.108085,0.461441,0.054294,16,320169,352834,2270712,2183,0,0,0,3776,0,0,0,0,0,0,0,0,0,0,0,0,0,0,0,0,0,0,0,6220977005782246591,6220977005782246591,6220977005782246591,6660266141771298089,6660266141771298089,6660266141771298089,0,0,0,0,0,0,0,0,0,0,0
668,20,3360,8,10,0.274549,12238.25,0.116651,28803.83,0.074913,44851.95,0.072351,46440.47,0.110525,30400.24,0.105172,31947.82,0.189661,17715.79,0.283951,0.021088,0.022559,0.105172,0.432769,0.053767,15,305323,342138,2185856,1928,0,0,0,3548,0,0,0,0,0,0,0,0,0,0,0,0,0,0,0,0,0,0,0,7168140842134694363,7168140842134694363,7168140842134694363,9144513513348466407,9144513513348466407,9144513513348466407,0,0,0,0,0,0,0,0,0,0,0
669,20,3689,8,10,0.267838,13773.25,0.134320,27464.19,0.096575,38198.32,0.090505,40760.38,0.126005,29276.64,0.119277,30928.01,0.197034,18722.67,0.277143,0.023667,0.027448,0.119277,0.447534,0.067413,17,353435,466825,2403428,3099,0,0,0,4990,0,0,0,0,0,0,0,0,0,0,0,0,0,0,0,0,0,0,0,2917030537614843172,2917030537614843172,2917030537614843172,15832997496910817141,15832997496910817141,15832997496910817141,0,0,0,0,0,0,0,0,0,0,0
670,20,3871,8,10,0.272189,14221.73,0.128034,30234.12,0.098890,39144.44,0.081465,47517.45,0.124702,31042.08,0.098472,39310.65,0.188402,20546.48,0.282019,0.022373,0.031113,0.098472,0.433977,0.069495,12,347895,396975,2420668,2492,0,0,0,4009,0,0,0,0,0,0,0,0,0,0,0,0,0,0,0,0,0,0,0,938188519246028268,938188519246028268,938188519246028268,3008661102077975238,3008661102077975238,3008661102077975238,0,0,0,0,0,0,0,0,0,0,0
671,20,3561,8,10,0.253562,14043.93,0.134902,26396.94,0.091345,38984.28,0.083169,42816.27,0.128778,27652.25,0.115246,30899.14,0.188659,18875.28,0.267074,0.020516,0.025023,0.115246,0.427859,0.058766,16,324257,362867,2225476,2387,0,0,0,3580,0,0,0,0,0,0,0,0,0,0,0,0,0,0,0,0,0,0,0,13477919113147358884,13477919113147358884,13477919113147358884,5038065442102479353,5038065442102479353,5038065442102479353,0,0,0,0,0,0,0,0,0,0,0
672,20,3471,8,10,0.274170,12660.01,0.133044,26089.10,0.100615,34497.75,0.084381,41135.04,0.118119,29385.50,0.104543,33201.72,0.206898,16776.42,0.287491,0.018781,0.026683,0.104543,0.437497,0.058200,14,326053,381093,2275324,2866,0,0,0,3983,0,0,0,0,0,0,0,0,0,0,0,0,0,0,0,0,0,0,0,17121250431548669738,17121250431548669738,17121250431548669738,54036716911648306,54036716911648306,54036716911648306,0,0,0,0,0,0,0,0,0,0,0
673,20,3332,8,10,0.266311,12511.67,0.123185,27048.67,0.097368,34220.61,0.087059,38272.80,0.117529,28350.42,0.110094,30265.15,0.194927,17093.57,0.278176,0.019641,0.023380,0.110094,0.431291,0.052010,15,314339,352004,2171792,2359,0,0,0,4086,0,0,0,0,0,0,0,0,0,0,0,0,0,0,0,0,0,0,0,16063748991907966806,16063748991907966806,16063748991907966806,10024673101612275895,10024673101612275895,10024673101612275895,0,0,0,0,0,0,0,0,0,0,0
674,20,3682,8,10,0.228907,16085.13,0.101582,36246.70,0.084622,43510.93,0.079931,46064.70,0.098206,37492.60,0.089735,41032.07,0.153870,23929.32,0.241102,0.020441,0.027257,0.089735,0.378535,0.067870,13,333950,376285,2365320,2490,0,0,0,4032,0,0,0,0,0,0,0,0,0,0,0,0,0,0,0,0,0,0,0,9881023234605035309,9881023234605035309,9881023234605035309,7537290967180657892,7537290967180657892,7537290967180657892,0,0,0,0,0,0,0,0,0,0,0
675,20,3658,8,10,0.302762,12082.11,0.160425,22801.88,0.099830,36642.30,0.093791,39001.80,0.159657,22911.69,0.129256,28300.38,0.225593,16215.04,0.316536,0.023559,0.028604,0.129256,0.497955,0.066198,13,342372,389422,2442056,2706,0,0,0,4014,0,0,0,0,0,0,0,0,0,0,0,0,0,0,0,0,0,0,0,12094553578246150611,12094553578246150611,12094553578246150611,10069373509184879847,10069373509184879847,10069373509184879847,0,0,0,0,0,0,0,0,0,0,0
676,20,3423,8,10,0.246401,13892.00,0.108293,31608.75,0.092421,37036.93,0.085186,40182.51,0.108319,31601.18,0.106089,32265.46,0.173645,19712.68,0.256276,0.022428,0.022228,0.106089,0.407020,0.058714,17,324146,367841,2292732,2467,0,0,0,4319,0,0,0,0,0,0,0,0,0,0,0,0,0,0,0,0,0,0,0,17560170228968008487,17560170228968008487,17560170228968008487,11043637315777939443,11043637315777939443,11043637315777939443,0,0,0,0,0,0,0,0,0,0,0
677,20,3816,8,10,0.254757,14979.00,0.100088,38126.60,0.088156,43287.06,0.082914,46023.43,0.098551,38721.12,0.094338,40450.46,0.170029,22443.20,0.267598,0.021834,0.024806,0.094338,0.408576,0.070928,16,354864,408369,2401824,2435,0,0,0,4212,0,0,0,0,0,0,0,0,0,0,0,0,0,0,0,0,0,0,0,9248921982486284537,9248921982486284537,9248921982486284537,9417366848390937086,9417366848390937086,9417366848390937086,0,0,0,0,0,0,0,0,0,0,0
678,20,3138,8,10,0.259881,12074.75,0.111043,28259.24,0.087075,36038.03,0.081382,38558.93,0.106458,29476.40,0.097659,32132.26,0.180874,17349.11,0.272179,0.019452,0.021421,0.097659,0.410712,0.045070,16,299139,337884,2059912,2498,0,0,0,4140,0,0,0,0,0,0,0,0,0,0,0,0,0,0,0,0,0,0,0,13929732346509641925,13929732346509641925,13929732346509641925,15133954738244863076,15133954738244863076,15133954738244863076,0,0,0,0,0,0,0,0,0,0,0
679,20,3233,8,10,0.237297,13624.30,0.105773,30565.34,0.087369,37003.76,0.083738,38608.70,0.103317,31292.16,0.100630,32127.58,0.161674,19997.06,0.246922,0.023016,0.021477,0.100630,0.392044,0.050052,18,313710,348490,2129764,2119,0,0,0,4215,0,0,0,0,0,0,0,0,0,0,0,0,0,0,0,0,0,0,0,2558072122142332168,2558072122142332168,2558072122142332168,6634411821464910806,6634411821464910806,6634411821464910806,0,0,0,0,0,0,0,0,0,0,0
680,20,3406,8,10,0.277734,12263.51,0.131128,25974.53,0.085641,39770.54,0.080815,42145.77,0.129313,26339.15,0.104851,32484.26,0.192801,17665.93,0.288834,0.021974,0.025889,0.104851,0.441548,0.052763,14,319923,360923,2156280,2328,0,0,0,3977,0,0,0,0,0,0,0,0,0,0,0,0,0,0,0,0,0,0,0,7724966071994095135,7724966071994095135,7724966071994095135,13949218484964113774,13949218484964113774,13949218484964113774,0,0,0,0,0,0,0,0,0,0,0
681,20,3309,8,10,0.255355,12958.41,0.109515,30215.13,0.085623,38645.95,0.080092,41314.92,0.104086,31791.06,0.099932,33112.49,0.180797,18302.25,0.265524,0.023338,0.021902,0.099932,0.410696,0.053154,16,311990,351565,2136084,2396,0,0,0,3836,0,0,0,0,0,0,0,0,0,0,0,0,0,0,0,0,0,0,0,12559492634018285351,12559492634018285351,12559492634018285351,15993457328399894022,15993457328399894022,15993457328399894022,0,0,0,0,0,0,0,0,0,0,0
682,20,3382,8,10,0.310307,10898.88,0.139962,24163.64,0.103659,32626.27,0.098686,34270.20,0.128726,26272.78,0.123748,27329.72,0.220840,15314.22,0.324675,0.021279,0.023043,0.123748,0.492745,0.050508,18,321576,358916,2188024,2303,0,0,0,3170,0,0,0,0,0,0,0,0,0,0,0,0,0,0,0,0,0,0,0,17994366800321615568,17994366800321615568,17994366800321615568,12464170949628692134,12464170949628692134,12464170949628692134,0,0,0,0,0,0,0,0,0,0,0
683,20,3489,8,10,0.285887,12204.14,0.126959,27481.28,0.089267,39085.15,0.082216,42437.20,0.115397,30234.87,0.107168,32556.33,0.200626,17390.56,0.296857,0.022583,0.027508,0.107168,0.454116,0.066218,14,319556,370231,2277540,2547,0,0,0,3912,0,0,0,0,0,0,0,0,0,0,0,0,0,0,0,0,0,0,0,17378291293918543561,17378291293918543561,17378291293918543561,4786842422839311156,4786842422839311156,4786842422839311156,0,0,0,0,0,0,0,0,0,0,0
684,20,3540,8,10,0.365818,9676.94,0.173552,20397.39,0.115231,30720.89,0.109201,32417.40,0.160755,22021.14,0.131544,26911.19,0.272635,12984.39,0.381083,0.021262,0.027803,0.131544,0.561692,0.058220,14,325547,354627,2258896,2022,0,0,0,2668,0,0,0,0,0,0,0,0,0,0,0,0,0,0,0,0,0,0,0,539553486992452274,539553486992452274,539553486992452274,4020359383633060366,4020359383633060366,4020359383633060366,0,0,0,0,0,0,0,0,0,0,0
685,20,3689,8,10,0.328774,11220.48,0.157511,23420.57,0.091676,40239.66,0.078990,46702.17,0.143086,25781.62,0.111723,33019.17,0.249108,14808.82,0.340553,0.024944,0.028265,0.111723,0.505485,0.065414,12,330866,376376,2287236,2484,0,0,0,3313,0,0,0,0,0,0,0,0,0,0,0,0,0,0,0,0,0,0,0,6201315449690182974,6201315449690182974,6201315449690182974,4569119770468306569,4569119770468306569,4569119770468306569,0,0,0,0,0,0,0,0,0,0,0
686,20,3615,8,10,0.302963,11932.14,0.122217,29578.51,0.089758,40275.15,0.081205,44516.78,0.115727,31237.30,0.112744,32063.92,0.209720,17237.31,0.315170,0.026504,0.023016,0.112744,0.477433,0.059249,17,334423,377498,2300252,2453,0,0,0,3542,0,0,0,0,0,0,0,0,0,0,0,0,0,0,0,0,0,0,0,5080295085106796768,5080295085106796768,5080295085106796768,1944659688322014069,1944659688322014069,1944659688322014069,0,0,0,0,0,0,0,0,0,0,0
687,20,3799,8,10,0.262493,14472.76,0.115658,32846.92,0.082870,45843.01,0.079365,47867.16,0.109466,34704.85,0.101181,37546.59,0.193001,19683.88,0.273963,0.022451,0.024783,0.101181,0.422378,0.065942,16,336072,383147,2334460,2716,0,0,0,4255,0,0,0,0,0,0,0,0,0,0,0,0,0,0,0,0,0,0,0,7881088037663569921,7881088037663569921,7881088037663569921,7040036236744870217,7040036236744870217,7040036236744870217,0,0,0,0,0,0,0,0,0,0,0
688,20,3930,8,10,0.241712,16259.02,0.115157,34127.25,0.081530,48202.86,0.078985,49756.10,0.113212,34713.50,0.102843,38213.42,0.166622,23586.25,0.254470,0.024573,0.025570,0.102843,0.407456,0.068935,17,348163,395468,2391272,2472,0,0,0,3955,0,0,0,0,0,0,0,0,0,0,0,0,0,0,0,0,0,0,0,6246170452106574204,6246170452106574204,6246170452106574204,11251833734944476099,11251833734944476099,11251833734944476099,0,0,0,0,0,0,0,0,0,0,0
689,20,3682,8,10,0.265100,13889.10,0.111919,32898.75,0.088415,41644.29,0.083281,44211.81,0.110168,33421.80,0.106678,34515.01,0.179582,20503.12,0.275976,0.023410,0.028667,0.106678,0.434731,0.065880,17,342050,381615,2375944,2357,0,0,0,3925,0,0,0,0,0,0,0,0,0,0,0,0,0,0,0,0,0,0,0,2698325271688600978,2698325271688600978,2698325271688600978,3725773794175642759,3725773794175642759,3725773794175642759,0,0,0,0,0,0,0,0,0,0,0
690,20,3536,8,10,0.230749,15324.01,0.103114,34292.22,0.091119,38806.43,0.087246,40529.12,0.100846,35063.45,0.099127,35671.37,0.161982,21829.55,0.241789,0.022500,0.023511,0.099127,0.386927,0.055923,17,325993,367078,2260672,2440,0,0,0,4471,0,0,0,0,0,0,0,0,0,0,0,0,0,0,0,0,0,0,0,5573759878903494981,5573759878903494981,5573759878903494981,2169165319886359674,2169165319886359674,2169165319886359674,0,0,0,0,0,0,0,0,0,0,0
691,20,3607,8,10,0.218046,16542.37,0.102533,35178.98,0.091916,39242.43,0.086651,41626.69,0.100975,35721.54,0.097001,37185.30,0.151853,23753.24,0.228512,0.023514,0.021786,0.097001,0.370813,0.067858,18,334087,382972,2359580,2640,0,0,0,4720,0,0,0,0,0,0,0,0,0,0,0,0,0,0,0,0,0,0,0,17138833424695384793,17138833424695384793,17138833424695384793,7251650055113772947,7251650055113772947,7251650055113772947,0,0,0,0,0,0,0,0,0,0,0
692,20,3866,8,10,0.243595,15870.58,0.109669,35251.65,0.092667,41719.41,0.082774,46705.24,0.106359,36348.75,0.101031,38265.43,0.168669,22920.59,0.254342,0.023942,0.029820,0.101031,0.409136,0.070064,15,344424,382479,2387528,2256,0,0,0,3842,0,0,0,0,0,0,0,0,0,0,0,0,0,0,0,0,0,0,0,1931606203424929254,1931606203424929254,1931606203424929254,16653487218566056210,16653487218566056210,16653487218566056210,0,0,0,0,0,0,0,0,0,0,0
693,20,3757,8,10,0.234763,16003.35,0.103149,36423.08,0.082196,45707.83,0.078446,47892.57,0.101354,37067.94,0.098773,38036.85,0.155881,24101.79,0.245692,0.023584,0.026026,0.098773,0.394074,0.067782,16,352826,392346,2444468,2356,0,0,0,3602,0,0,0,0,0,0,0,0,0,0,0,0,0,0,0,0,0,0,0,10059675547738210386,10059675547738210386,10059675547738210386,3016554652028132244,3016554652028132244,3016554652028132244,0,0,0,0,0,0,0,0,0,0,0
694,20,4215,8,10,0.248472,16963.71,0.114652,36763.51,0.098103,42965.18,0.092332,45650.30,0.111998,37634.53,0.111356,37851.44,0.193094,21828.70,0.261373,0.023849,0.023991,0.111356,0.420570,0.079673,19,376787,528132,2530972,4251,0,0,0,5845,0,0,0,0,0,0,0,0,0,0,0,0,0,0,0,0,0,0,0,16675995599530349413,16675995599530349413,16675995599530349413,16130591412407959474,16130591412407959474,16130591412407959474,0,0,0,0,0,0,0,0,0,0,0
695,20,4193,8,10,0.230271,18208.98,0.112639,37225.12,0.090211,46480.16,0.084267,49758.53,0.108871,38513.51,0.098048,42764.81,0.177833,23578.26,0.243135,0.022865,0.026811,0.098048,0.390859,0.082667,15,367637,501522,2466180,3833,0,0,0,5427,0,0,0,0,0,0,0,0,0,0,0,0,0,0,0,0,0,0,0,6785836553736460479,6785836553736460479,6785836553736460479,16725118757664247214,16725118757664247214,16725118757664247214,0,0,0,0,0,0,0,0,0,0,0
696,20,3727,8,10,0.234330,15904.92,0.115792,32187.04,0.095927,38852.37,0.089628,41582.94,0.112957,32994.75,0.109913,33908.62,0.169004,22052.75,0.246242,0.021517,0.024755,0.109913,0.402427,0.075265,15,341086,383876,2333180,2430,0,0,0,4335,0,0,0,0,0,0,0,0,0,0,0,0,0,0,0,0,0,0,0,9703248748648903597,9703248748648903597,9703248748648903597,6348142997517363446,6348142997517363446,6348142997517363446,0,0,0,0,0,0,0,0,0,0,0
697,20,3622,8,10,0.250080,14483.36,0.107937,33556.73,0.094690,38251.18,0.088389,40978.02,0.106545,33995.13,0.101697,35615.53,0.169077,21422.14,0.259796,0.021202,0.023570,0.101697,0.406264,0.060903,18,338132,377092,2399352,2291,0,0,0,4486,0,0,0,0,0,0,0,0,0,0,0,0,0,0,0,0,0,0,0,17334009506165726727,17334009506165726727,17334009506165726727,16772327116570544582,16772327116570544582,16772327116570544582,0,0,0,0,0,0,0,0,0,0,0
698,20,3505,8,10,0.216643,16178.71,0.100242,34965.55,0.092023,38088.29,0.086651,40449.65,0.099675,35164.45,0.095459,36717.27,0.152331,23009.17,0.225680,0.021612,0.022306,0.095459,0.365057,0.063939,18,326143,370093,2290020,2339,0,0,0,4132,0,0,0,0,0,0,0,0,0,0,0,0,0,0,0,0,0,0,0,8840034556859861726,8840034556859861726,8840034556859861726,15466694582511521375,15466694582511521375,15466694582511521375,0,0,0,0,0,0,0,0,0,0,0
699,20,3831,8,10,0.214388,17869.50,0.098678,38823.23,0.089490,42809.42,0.085616,44746.40,0.098040,39076.08,0.093312,41055.92,0.156044,24550.73,0.224102,0.022420,0.025972,0.093312,0.365805,0.065208,16,340522,396587,2383548,2780,0,0,0,5009,0,0,0,0,0,0,0,0,0,0,0,0,0,0,0,0,0,0,0,17106916770711745315,17106916770711745315,17106916770711745315,4760141820235533923,4760141820235533923,4760141820235533923,0,0,0,0,0,0,0,0,0,0,0
700,20,3586,8,10,0.234078,15319.68,0.112094,31991.13,0.089047,40270.91,0.082457,43489.39,0.108443,33068.00,0.100639,35632.16,0.168306,21306.46,0.245714,0.022258,0.023123,0.100639,0.391734,0.061389,17,326728,363618,2259304,2261,0,0,0,4165,0,0,0,0,0,0,0,0,0,0,0,0,0,0,0,0,0,0,0,6733569894915814754,6733569894915814754,6733569894915814754,11322776107514214173,11322776107514214173,11322776107514214173,0,0,0,0,0,0,0,0,0,0,0
701,20,3827,8,10,0.276522,13839.75,0.133171,28737.44,0.087425,43774.53,0.082970,46125.22,0.129198,29621.12,0.119919,31913.29,0.197346,19392.29,0.287335,0.022204,0.024240,0.119919,0.453698,0.071894,17,344607,393482,2401228,2631,0,0,0,4055,0,0,0,0,0,0,0,0,0,0,0,0,0,0,0,0,0,0,0,9186277258727281811,9186277258727281811,9186277258727281811,9447734549755458132,9447734549755458132,9447734549755458132,0,0,0,0,0,0,0,0,0,0,0
702,20,3668,8,10,0.237714,15430.33,0.114496,32035.99,0.098950,37069.40,0.093263,39329.76,0.113395,32347.04,0.104028,35259.84,0.173348,21159.70,0.249350,0.021620,0.029715,0.104028,0.404713,0.062683,15,340291,388391,2373616,2751,0,0,0,4938,0,0,0,0,0,0,0,0,0,0,0,0,0,0,0,0,0,0,0,18197075651040797529,18197075651040797529,18197075651040797529,17030162667506868902,17030162667506868902,17030162667506868902,0,0,0,0,0,0,0,0,0,0,0
703,20,3627,8,10,0.228345,15883.85,0.101145,35859.54,0.085769,42288.05,0.083389,43495.15,0.100698,36018.53,0.094893,38221.85,0.158861,22831.28,0.240795,0.021679,0.029208,0.094893,0.386576,0.058653,16,332356,368371,2273228,2145,0,0,0,3993,0,0,0,0,0,0,0,0,0,0,0,0,0,0,0,0,0,0,0,470713977938322633,470713977938322633,470713977938322633,12978558366576914301,12978558366576914301,12978558366576914301,0,0,0,0,0,0,0,0,0,0,0
704,20,3540,8,10,0.263212,13449.23,0.130828,27058.35,0.095778,36960.38,0.092962,38079.99,0.126506,27982.84,0.113607,31160.08,0.194978,18155.89,0.275580,0.020320,0.023004,0.113607,0.432511,0.055537,17,331014,371014,2271056,2504,0,0,0,3983,0,0,0,0,0,0,0,0,0,0,0,0,0,0,0,0,0,0,0,9423243504135090848,9423243504135090848,9423243504135090848,13369924983455327615,13369924983455327615,13369924983455327615,0,0,0,0,0,0,0,0,0,0,0
705,20,3952,8,10,0.246687,16020.31,0.119511,33068.11,0.109974,35935.71,0.099305,39796.45,0.117653,33590.22,0.110250,35845.65,0.189979,20802.25,0.259160,0.024637,0.026708,0.110250,0.420755,0.073343,17,363007,447592,2502176,3215,0,0,0,4894,0,0,0,0,0,0,0,0,0,0,0,0,0,0,0,0,0,0,0,12110327922854354564,12110327922854354564,12110327922854354564,11186310236366372640,11186310236366372640,11186310236366372640,0,0,0,0,0,0,0,0,0,0,0
706,20,3625,8,10,0.226939,15973.45,0.126805,28587.17,0.113680,31887.69,0.104320,34748.71,0.124017,29229.91,0.123917,29253.56,0.192535,18827.76,0.238977,0.020624,0.021834,0.123917,0.405351,0.058088,18,332942,398197,2319204,3313,0,0,0,6142,0,0,0,0,0,0,0,0,0,0,0,0,0,0,0,0,0,0,0,4551365050237862626,4551365050237862626,4551365050237862626,3402196292607636858,3402196292607636858,3402196292607636858,0,0,0,0,0,0,0,0,0,0,0
707,20,3527,8,10,0.308515,11432.18,0.145495,24241.36,0.099730,35365.63,0.089656,39339.38,0.132980,26522.79,0.118566,29747.16,0.221868,15896.82,0.322215,0.021252,0.025773,0.118566,0.487806,0.055066,14,319297,364977,2248604,2868,0,0,0,4374,0,0,0,0,0,0,0,0,0,0,0,0,0,0,0,0,0,0,0,17391208933217539848,17391208933217539848,17391208933217539848,4318733474377120890,4318733474377120890,4318733474377120890,0,0,0,0,0,0,0,0,0,0,0
708,20,4145,8,10,0.275561,15042.04,0.136956,30265.16,0.117381,35312.30,0.111537,37162.55,0.130216,31831.64,0.130449,31774.97,0.227281,18237.32,0.289535,0.023781,0.023339,0.130449,0.467103,0.074648,20,376025,467775,2561156,3985,0,0,0,6861,0,0,0,0,0,0,0,0,0,0,0,0,0,0,0,0,0,0,0,5961542962740546830,5961542962740546830,5961542962740546830,17653966610056193086,17653966610056193086,17653966610056193086,0,0,0,0,0,0,0,0,0,0,0
709,20,4210,8,10,0.263436,15981.13,0.134630,31270.91,0.105171,40030.09,0.101021,41674.38,0.126084,33390.42,0.120284,35000.49,0.247011,17043.81,0.277465,0.023322,0.025744,0.120284,0.446815,0.076385,16,367244,567594,2488200,5055,0,0,0,6941,0,0,0,0,0,0,0,0,0,0,0,0,0,0,0,0,0,0,0,4609211375343960111,4609211375343960111,4609211375343960111,13176385873909548355,13176385873909548355,13176385873909548355,0,0,0,0,0,0,0,0,0,0,0
710,20,3591,8,10,0.290626,12356.08,0.148417,24195.34,0.115518,31085.94,0.106977,33567.97,0.137832,26053.41,0.137342,26146.47,0.245240,14642.80,0.304935,0.022044,0.021907,0.137342,0.486228,0.059176,19,343895,406585,2350812,3461,0,0,0,5562,0,0,0,0,0,0,0,0,0,0,0,0,0,0,0,0,0,0,0,5589729768149633974,5589729768149633974,5589729768149633974,16988318566326005579,16988318566326005579,16988318566326005579,0,0,0,0,0,0,0,0,0,0,0
711,20,3626,8,10,0.246935,14684.02,0.123825,29283.19,0.095112,38123.30,0.092289,39289.54,0.118182,30681.38,0.115398,31421.58,0.194451,18647.40,0.259799,0.021338,0.021242,0.115398,0.417778,0.059669,19,325604,387174,2214536,2996,0,0,0,5057,0,0,0,0,0,0,0,0,0,0,0,0,0,0,0,0,0,0,0,6098710825493225961,6098710825493225961,6098710825493225961,15834410299969237694,15834410299969237694,15834410299969237694,0,0,0,0,0,0,0,0,0,0,0
712,20,3882,8,10,0.298720,12995.46,0.140937,27544.30,0.098689,39335.68,0.093372,41575.63,0.127244,30508.40,0.118867,32658.46,0.231667,16756.84,0.312983,0.023935,0.024377,0.118867,0.480161,0.067836,18,357962,435537,2518184,3015,0,0,0,4661,0,0,0,0,0,0,0,0,0,0,0,0,0,0,0,0,0,0,0,11423803705727271546,11423803705727271546,11423803705727271546,3815080610342135204,3815080610342135204,3815080610342135204,0,0,0,0,0,0,0,0,0,0,0
713,20,3788,8,10,0.255065,14851.12,0.125983,30067.59,0.106218,35662.49,0.099792,37958.77,0.121087,31283.19,0.113879,33263.48,0.207368,18267.06,0.267556,0.023810,0.026594,0.113879,0.431838,0.069197,16,343628,423113,2365616,3179,0,0,0,4954,0,0,0,0,0,0,0,0,0,0,0,0,0,0,0,0,0,0,0,8326048474388053097,8326048474388053097,8326048474388053097,8710437321944782933,8710437321944782933,8710437321944782933,0,0,0,0,0,0,0,0,0,0,0
714,20,4491,8,10,0.291204,15422.19,0.134200,33464.86,0.101417,44282.34,0.095132,47208.26,0.125804,35698.31,0.113074,39717.35,0.228807,19627.91,0.305068,0.024899,0.028939,0.113074,0.471980,0.081322,15,388193,539243,2610444,4506,0,0,0,6145,0,0,0,0,0,0,0,0,0,0,0,0,0,0,0,0,0,0,0,441679010064313209,441679010064313209,441679010064313209,3241362069752180499,3241362069752180499,3241362069752180499,0,0,0,0,0,0,0,0,0,0,0
715,20,3456,8,10,0.269437,12826.76,0.132877,26008.97,0.084928,40693.45,0.079134,43672.96,0.122332,28251.05,0.112515,30715.79,0.208105,16607.04,0.282346,0.021469,0.022978,0.112515,0.439309,0.058238,15,314677,367732,2154752,2417,0,0,0,3760,0,0,0,0,0,0,0,0,0,0,0,0,0,0,0,0,0,0,0,15438047077667609033,15438047077667609033,15438047077667609033,3705980467759930006,3705980467759930006,3705980467759930006,0,0,0,0,0,0,0,0,0,0,0
716,20,3340,8,10,0.350881,9518.90,0.176502,18923.25,0.097420,34284.41,0.092000,36304.44,0.161544,20675.44,0.137167,24349.94,0.261305,12782.01,0.367183,0.024010,0.026773,0.137167,0.555132,0.058771,12,316142,355422,2135152,2210,0,0,0,2993,0,0,0,0,0,0,0,0,0,0,0,0,0,0,0,0,0,0,0,14481306363498465080,14481306363498465080,14481306363498465080,9664180943710731771,9664180943710731771,9664180943710731771,0,0,0,0,0,0,0,0,0,0,0
717,20,3510,8,10,0.314451,11162.30,0.143890,24393.57,0.082402,42596.23,0.077283,45417.27,0.132721,26446.45,0.119759,29308.90,0.224281,15650.04,0.326308,0.021726,0.022824,0.119759,0.490618,0.059926,17,332733,366113,2232120,2007,0,0,0,3051,0,0,0,0,0,0,0,0,0,0,0,0,0,0,0,0,0,0,0,2776414250950344965,2776414250950344965,2776414250950344965,4970062415338697221,4970062415338697221,4970062415338697221,0,0,0,0,0,0,0,0,0,0,0
718,20,3596,8,10,0.314387,11438.13,0.150041,23966.85,0.085962,41832.47,0.081212,44279.40,0.137242,26201.89,0.119759,30026.86,0.230409,15607.03,0.328140,0.022820,0.025322,0.119759,0.496042,0.059929,14,337766,377806,2232784,2297,0,0,0,3499,0,0,0,0,0,0,0,0,0,0,0,0,0,0,0,0,0,0,0,6091130821995562809,6091130821995562809,6091130821995562809,12682279017180389529,12682279017180389529,12682279017180389529,0,0,0,0,0,0,0,0,0,0,0
719,20,3590,8,10,0.264474,13574.13,0.128468,27944.71,0.094161,38126.08,0.088148,40726.77,0.123068,29170.90,0.115268,31144.76,0.192381,18660.93,0.275221,0.022048,0.025286,0.115268,0.437823,0.062591,14,331677,383512,2227416,2523,0,0,0,4584,0,0,0,0,0,0,0,0,0,0,0,0,0,0,0,0,0,0,0,5147051560776334732,5147051560776334732,5147051560776334732,5110255455036633114,5110255455036633114,5110255455036633114,0,0,0,0,0,0,0,0,0,0,0
720,20,3586,8,10,0.242764,14771.57,0.097191,36896.51,0.084390,42493.18,0.081548,43974.01,0.096792,37048.35,0.089097,40248.07,0.154012,23283.95,0.250122,0.023349,0.030587,0.089097,0.393156,0.058500,15,349021,381621,2279944,2250,0,0,0,4240,0,0,0,0,0,0,0,0,0,0,0,0,0,0,0,0,0,0,0,15194056466297895588,15194056466297895588,15194056466297895588,7344459245287767795,7344459245287767795,7344459245287767795,0,0,0,0,0,0,0,0,0,0,0
721,20,3788,8,10,0.228479,16579.24,0.107426,35261.38,0.093684,40433.64,0.087188,43446.42,0.109555,34576.34,0.107199,35336.24,0.161360,23475.48,0.237716,0.022753,0.021902,0.107199,0.389570,0.069871,18,353000,411875,2336976,2897,0,0,0,5060,0,0,0,0,0,0,0,0,0,0,0,0,0,0,0,0,0,0,0,18332046046751861766,18332046046751861766,18332046046751861766,18444099476699216616,18444099476699216616,18444099476699216616,0,0,0,0,0,0,0,0,0,0,0
722,20,3969,8,10,0.242953,16336.52,0.134073,29603.36,0.131586,30162.68,0.128106,30982.19,0.133615,29704.79,0.132324,29994.46,0.202438,19606.00,0.257521,0.021271,0.022537,0.132324,0.433653,0.070804,20,380593,492798,2707876,4677,0,0,0,8235,0,0,0,0,0,0,0,0,0,0,0,0,0,0,0,0,0,0,0,7211375298666909892,7211375298666909892,7211375298666909892,5020640445455726652,5020640445455726652,5020640445455726652,0,0,0,0,0,0,0,0,0,0,0
723,20,3401,8,10,0.211369,16090.37,0.107549,31622.73,0.101268,33584.12,0.097560,34860.53,0.107952,31504.73,0.107148,31741.02,0.162351,20948.47,0.222298,0.020526,0.020029,0.107148,0.370001,0.051925,19,327996,395271,2294660,3525,0,0,0,6125,0,0,0,0,0,0,0,0,0,0,0,0,0,0,0,0,0,0,0,14663247670290779661,14663247670290779661,14663247670290779661,3687559099846604792,3687559099846604792,3687559099846604792,0,0,0,0,0,0,0,0,0,0,0
724,20,3282,8,10,0.214914,15271.21,0.094491,34733.42,0.083778,39175.12,0.080464,40788.39,0.092845,35349.34,0.090729,36173.73,0.151515,21661.28,0.225383,0.021104,0.020747,0.090729,0.357964,0.048171,18,312789,359274,2071880,2658,0,0,0,4961,0,0,0,0,0,0,0,0,0,0,0,0,0,0,0,0,0,0,0,8269383092012716564,8269383092012716564,8269383092012716564,16432067448143247783,16432067448143247783,16432067448143247783,0,0,0,0,0,0,0,0,0,0,0
725,20,3466,8,10,0.275468,12582.22,0.141808,24441.50,0.086738,39959.62,0.082357,42084.87,0.135878,25508.09,0.107971,32101.34,0.212129,16339.11,0.289375,0.021658,0.025644,0.107971,0.444648,0.052623,13,317240,353290,2147624,2379,0,0,0,3953,0,0,0,0,0,0,0,0,0,0,0,0,0,0,0,0,0,0,0,1216499726942444622,1216499726942444622,1216499726942444622,5226796012012610001,5226796012012610001,5226796012012610001,0,0,0,0,0,0,0,0,0,0,0
726,20,3345,8,10,0.254197,13159.08,0.128047,26123.19,0.117544,28457.50,0.109513,30544.37,0.122791,27241.47,0.119091,28087.77,0.190310,17576.59,0.265569,0.020241,0.022012,0.119091,0.426913,0.053482,18,334856,386496,2222820,3183,0,0,0,5575,0,0,0,0,0,0,0,0,0,0,0,0,0,0,0,0,0,0,0,10400003943789790576,10400003943789790576,10400003943789790576,10000844217201489078,10000844217201489078,10000844217201489078,0,0,0,0,0,0,0,0,0,0,0
727,20,3575,8,10,0.249576,14324.28,0.123689,28903.21,0.092964,38455.57,0.081868,43668.03,0.116478,30692.57,0.101436,35243.77,0.187663,19050.13,0.262197,0.020412,0.022418,0.101436,0.406463,0.056456,17,322720,360950,2223452,2485,0,0,0,4235,0,0,0,0,0,0,0,0,0,0,0,0,0,0,0,0,0,0,0,17852185435417444177,17852185435417444177,17852185435417444177,13431918971366741618,13431918971366741618,13431918971366741618,0,0,0,0,0,0,0,0,0,0,0
728,20,3639,8,10,0.268546,13550.73,0.120877,30104.90,0.091921,39588.34,0.084163,43237.64,0.114597,31754.74,0.110051,33066.39,0.198845,18300.70,0.281895,0.020453,0.023131,0.110051,0.435530,0.058910,17,327263,377398,2241980,2778,0,0,0,4578,0,0,0,0,0,0,0,0,0,0,0,0,0,0,0,0,0,0,0,12254427983008543424,12254427983008543424,12254427983008543424,92814088377279701,92814088377279701,92814088377279701,0,0,0,0,0,0,0,0,0,0,0
729,20,3925,8,10,0.343827,11415.63,0.163479,24009.18,0.107421,36538.55,0.104136,37691.16,0.143796,27295.55,0.131404,29869.73,0.265594,14778.19,0.361359,0.022027,0.025233,0.131404,0.540024,0.067048,16,352023,408543,2442676,2925,0,0,0,4678,0,0,0,0,0,0,0,0,0,0,0,0,0,0,0,0,0,0,0,4623735062424165816,4623735062424165816,4623735062424165816,16639272718439610072,16639272718439610072,16639272718439610072,0,0,0,0,0,0,0,0,0,0,0
730,20,3549,8,10,0.304117,11669.86,0.159477,22253.98,0.115747,30661.78,0.108775,32627.06,0.148561,23889.14,0.141069,25157.98,0.263405,13473.56,0.315828,0.022329,0.022145,0.141069,0.501370,0.056594,18,336360,411075,2347412,3417,0,0,0,5283,0,0,0,0,0,0,0,0,0,0,0,0,0,0,0,0,0,0,0,16524286952093419395,16524286952093419395,16524286952093419395,2367092054592161785,2367092054592161785,2367092054592161785,0,0,0,0,0,0,0,0,0,0,0
731,20,3602,8,10,0.281172,12810.66,0.145529,24751.02,0.087966,40947.56,0.080919,44513.61,0.134235,26833.47,0.128461,28039.71,0.222789,16167.74,0.295988,0.017732,0.022680,0.128461,0.464861,0.057741,17,314273,399628,2160488,3019,0,0,0,4364,0,0,0,0,0,0,0,0,0,0,0,0,0,0,0,0,0,0,0,766465650735566079,766465650735566079,766465650735566079,45133445300953941,45133445300953941,45133445300953941,0,0,0,0,0,0,0,0,0,0,0
732,20,3503,8,10,0.229237,15281.13,0.123606,28340.03,0.105798,33110.36,0.099316,35271.29,0.118392,29588.26,0.116693,30019.04,0.181286,19323.09,0.238690,0.021900,0.022318,0.116693,0.399601,0.055902,17,331210,383915,2266172,3068,0,0,0,5767,0,0,0,0,0,0,0,0,0,0,0,0,0,0,0,0,0,0,0,16970789199061123765,16970789199061123765,16970789199061123765,16262269720521420237,16262269720521420237,16262269720521420237,0,0,0,0,0,0,0,0,0,0,0
733,20,3691,8,10,0.224173,16465.00,0.118719,31090.14,0.107005,34493.72,0.102480,36016.74,0.117804,31331.78,0.116885,31578.18,0.180434,20456.18,0.235616,0.026082,0.021959,0.116885,0.400542,0.062202,19,343847,424512,2321644,3184,0,0,0,5696,0,0,0,0,0,0,0,0,0,0,0,0,0,0,0,0,0,0,0,10502141339754369674,10502141339754369674,10502141339754369674,11761054703342623012,11761054703342623012,11761054703342623012,0,0,0,0,0,0,0,0,0,0,0
734,20,3498,8,10,0.232187,15065.47,0.114405,30575.56,0.103758,33713.21,0.096614,36206.09,0.112274,31156.03,0.111654,31328.83,0.173773,20129.71,0.243793,0.022460,0.022560,0.111654,0.400467,0.062855,16,330024,388749,2325512,3026,0,0,0,5443,0,0,0,0,0,0,0,0,0,0,0,0,0,0,0,0,0,0,0,5376552354447824067,5376552354447824067,5376552354447824067,2940908169162443531,2940908169162443531,2940908169162443531,0,0,0,0,0,0,0,0,0,0,0
735,20,3649,8,10,0.232819,15673.13,0.109401,33354.43,0.102535,35587.94,0.096561,37789.69,0.107721,33874.57,0.106026,34416.02,0.162608,22440.47,0.242987,0.023147,0.022772,0.106026,0.394932,0.067627,17,343741,408156,2386404,3331,0,0,0,6095,0,0,0,0,0,0,0,0,0,0,0,0,0,0,0,0,0,0,0,1479517644456038119,1479517644456038119,1479517644456038119,7836732987665957191,7836732987665957191,7836732987665957191,0,0,0,0,0,0,0,0,0,0,0
736,20,3906,8,10,0.251828,15510.58,0.115830,33721.94,0.103103,37884.58,0.096426,40507.62,0.113643,34370.83,0.107788,36237.75,0.187309,20853.26,0.264058,0.023626,0.025217,0.107788,0.420689,0.079035,17,368840,495865,2492808,3464,0,0,0,5423,0,0,0,0,0,0,0,0,0,0,0,0,0,0,0,0,0,0,0,6462199036396584919,6462199036396584919,6462199036396584919,16059262619984872082,16059262619984872082,16059262619984872082,0,0,0,0,0,0,0,0,0,0,0
737,20,4171,8,10,0.264915,15744.66,0.123007,33908.77,0.123739,33707.95,0.111599,37374.90,0.123372,33808.39,0.122065,34170.43,0.194408,21454.84,0.275787,0.024661,0.028969,0.122065,0.451481,0.075286,17,384040,464440,2664908,3637,0,0,0,5546,0,0,0,0,0,0,0,0,0,0,0,0,0,0,0,0,0,0,0,14604676381727730524,14604676381727730524,14604676381727730524,16232569676449154,16232569676449154,16232569676449154,0,0,0,0,0,0,0,0,0,0,0
738,20,3615,8,10,0.238029,15187.25,0.116119,31131.89,0.097848,36945.22,0.094043,38440.02,0.108346,33365.23,0.104365,34638.11,0.174780,20683.11,0.248667,0.022480,0.023908,0.104365,0.399419,0.065325,18,334954,393844,2263196,3111,0,0,0,4945,0,0,0,0,0,0,0,0,0,0,0,0,0,0,0,0,0,0,0,15416408826379938744,15416408826379938744,15416408826379938744,9131164518878734636,9131164518878734636,9131164518878734636,0,0,0,0,0,0,0,0,0,0,0
739,20,3704,8,10,0.275155,13461.48,0.127542,29041.39,0.090154,41085.22,0.085054,43548.64,0.119777,30924.26,0.107785,34364.84,0.205708,18006.11,0.286022,0.020930,0.022823,0.107785,0.437561,0.063648,16,333288,388753,2263008,2777,0,0,0,4289,0,0,0,0,0,0,0,0,0,0,0,0,0,0,0,0,0,0,0,9101437474146850959,9101437474146850959,9101437474146850959,11023063248612974648,11023063248612974648,11023063248612974648,0,0,0,0,0,0,0,0,0,0,0
740,20,3652,8,10,0.291761,12517.10,0.122199,29885.62,0.092176,39620.03,0.083902,43527.14,0.115367,31655.42,0.102591,35597.67,0.208801,17490.37,0.302928,0.023937,0.024444,0.102591,0.453899,0.067329,16,334016,410071,2299056,2857,0,0,0,4303,0,0,0,0,0,0,0,0,0,0,0,0,0,0,0,0,0,0,0,17588488494035263854,17588488494035263854,17588488494035263854,11846972473471159166,11846972473471159166,11846972473471159166,0,0,0,0,0,0,0,0,0,0,0
741,20,3597,8,10,0.318313,11300.18,0.147262,24425.89,0.102502,35091.94,0.103011,34918.72,0.134648,26714.12,0.125026,28770.12,0.237516,15144.27,0.331923,0.023524,0.023944,0.125026,0.504418,0.059188,16,336166,394266,2320820,2994,0,0,0,4736,0,0,0,0,0,0,0,0,0,0,0,0,0,0,0,0,0,0,0,284131923741002126,284131923741002126,284131923741002126,15728170631965300551,15728170631965300551,15728170631965300551,0,0,0,0,0,0,0,0,0,0,0
742,20,3774,8,10,0.377824,9988.78,0.203555,18540.47,0.112593,33518.94,0.108248,34864.28,0.191758,19681.07,0.156573,24103.83,0.304662,12387.52,0.399248,0.018559,0.027801,0.156573,0.602180,0.061733,14,348382,398892,2361432,2991,0,0,0,3178,0,0,0,0,0,0,0,0,0,0,0,0,0,0,0,0,0,0,0,8110106730840260213,8110106730840260213,8110106730840260213,5883831557105753884,5883831557105753884,5883831557105753884,0,0,0,0,0,0,0,0,0,0,0
743,20,3576,8,10,0.306001,11686.25,0.149769,23876.84,0.116297,30748.75,0.115568,30942.88,0.135548,26381.77,0.131894,27112.70,0.232791,15361.40,0.318969,0.023377,0.025527,0.131894,0.499767,0.055467,16,331174,362679,2262560,2314,0,0,0,3239,0,0,0,0,0,0,0,0,0,0,0,0,0,0,0,0,0,0,0,11744204528946827165,11744204528946827165,11744204528946827165,18028335033424492039,18028335033424492039,18028335033424492039,0,0,0,0,0,0,0,0,0,0,0
744,20,4227,8,10,0.276250,15301.37,0.124812,33866.86,0.092867,45516.57,0.089454,47253.15,0.114380,36955.80,0.110336,38310.35,0.206779,20442.16,0.286871,0.025457,0.028204,0.110336,0.450867,0.084653,16,368383,428388,2513260,3165,0,0,0,4808,0,0,0,0,0,0,0,0,0,0,0,0,0,0,0,0,0,0,0,3805774366303680432,3805774366303680432,3805774366303680432,17312917988431255896,17312917988431255896,17312917988431255896,0,0,0,0,0,0,0,0,0,0,0
745,20,3726,8,10,0.268739,13864.76,0.123006,30291.26,0.097166,38346.56,0.094064,39611.30,0.118194,31524.32,0.113592,32801.64,0.200822,18553.72,0.279038,0.021844,0.025990,0.113592,0.440464,0.063397,15,338974,400764,2331992,3204,0,0,0,5206,0,0,0,0,0,0,0,0,0,0,0,0,0,0,0,0,0,0,0,5078067690499935439,5078067690499935439,5078067690499935439,13373012050195604569,13373012050195604569,13373012050195604569,0,0,0,0,0,0,0,0,0,0,0
746,20,3625,8,10,0.250822,14452.49,0.118891,30490.14,0.101341,35770.29,0.098284,36883.08,0.115925,31270.33,0.115373,31419.80,0.189921,19086.89,0.262088,0.022519,0.029614,0.115373,0.429594,0.057001,20,336690,383860,2318660,2866,0,0,0,4942,0,0,0,0,0,0,0,0,0,0,0,0,0,0,0,0,0,0,0,9678360030536279100,9678360030536279100,9678360030536279100,11976682663270679676,11976682663270679676,11976682663270679676,0,0,0,0,0,0,0,0,0,0,0
747,20,3582,8,10,0.272948,13123.40,0.134222,26687.08,0.105105,34080.15,0.097133,36877.16,0.126239,28374.67,0.118762,30161.22,0.213968,16740.84,0.286175,0.022900,0.023662,0.118762,0.451499,0.055844,17,338042,382102,2295608,2911,0,0,0,5271,0,0,0,0,0,0,0,0,0,0,0,0,0,0,0,0,0,0,0,17039832894147430845,17039832894147430845,17039832894147430845,16940442163621604367,16940442163621604367,16940442163621604367,0,0,0,0,0,0,0,0,0,0,0
748,20,3750,8,10,0.257391,14569.30,0.124768,30055.77,0.113275,33105.34,0.105582,35517.45,0.120307,31170.13,0.118413,31668.92,0.198127,18927.24,0.265343,0.025614,0.022780,0.118413,0.432150,0.069300,19,353581,415966,2413656,3363,0,0,0,5348,0,0,0,0,0,0,0,0,0,0,0,0,0,0,0,0,0,0,0,14522946536204826355,14522946536204826355,14522946536204826355,1084234386902605252,1084234386902605252,1084234386902605252,0,0,0,0,0,0,0,0,0,0,0
749,20,3693,8,10,0.315562,11702.92,0.146898,25139.89,0.106984,34519.12,0.090409,40847.86,0.136082,27138.03,0.126960,29087.83,0.251595,14678.32,0.328436,0.022233,0.024454,0.126960,0.502084,0.061466,17,340098,454203,2296340,3419,0,0,0,5331,0,0,0,0,0,0,0,0,0,0,0,0,0,0,0,0,0,0,0,15930050285756629338,15930050285756629338,15930050285756629338,1197178274899977725,1197178274899977725,1197178274899977725,0,0,0,0,0,0,0,0,0,0,0
