batch_idx,num_blocks,num_txs,threads,merge_cap,seq_time_s,seq_tput,par_time_s,par_tput,concat_time_s,concat_tput,cgraph_time_s,cgraph_tput,graph_time_s,graph_tput,integrated_time_s,integrated_tput,vegeta_time_s,vegeta_tput,phase_pre_execute_s,phase_graph_build_s,phase_integrate_s,phase_execute_s,phase_total_s,vegeta_speculate_s,num_integrated_groups,omakase_graph_bytes,vegeta_sched_bytes,calldata_bytes,par_re_exec,par_validation_aborts,par_cascade_aborts,par_wrote_new_loc,concat_re_exec,concat_validation_aborts,concat_cascade_aborts,concat_wrote_new_loc,cgraph_re_exec,cgraph_validation_aborts,cgraph_cascade_aborts,cgraph_wrote_new_loc,graph_re_exec,graph_validation_aborts,graph_cascade_aborts,graph_wrote_new_loc,integ_re_exec,integ_validation_aborts,integ_cascade_aborts,integ_wrote_new_loc,vegeta_re_exec,vegeta_validation_aborts,vegeta_cascade_aborts,vegeta_wrote_new_loc,digest_seq,digest_par,digest_concat,logical_seq,logical_integ,logical_vegeta,cgraph_cross_block_aborts,cgraph_cross_block_cascade,graph_cross_block_aborts,graph_cross_block_cascade,integ_cross_block_aborts,integ_cross_block_cascade,par_fallbacks,concat_fallbacks,cgraph_fallbacks,graph_fallbacks,integ_fallbacks
0,5,1084,8,10,0.051387,21095.03,0.024512,44222.45,0.019271,56250.12,0.024925,43490.59,0.026276,41254.56,0.025217,42987.24,0.042575,25460.76,0.051930,0.007788,0.008685,0.025217,0.093619,0.016592,4,118382,131187,663252,608,0,0,0,948,0,0,0,429,0,0,0,236,0,0,0,227,0,0,0,4,0,0,0,13772188144494186047,3415827631611427299,3415827631611427299,15592232131869894734,14391277438535582273,17091086796706134146,0,0,0,0,0,0,0,0,0,0,0
1,5,872,8,10,0.042142,20691.80,0.019381,44991.56,0.017498,49833.88,0.022298,39106.35,0.023286,37447.68,0.020955,41612.95,0.026203,33278.00,0.036756,0.007302,0.014238,0.020955,0.079251,0.011731,1,97082,106372,392536,504,0,0,0,733,0,0,0,378,0,0,0,254,0,0,0,287,0,0,0,9,0,0,0,12450215867845658266,12450215867845658266,12450215867845658266,11162860213398258494,4208176160681470507,17895551254477483728,0,0,0,0,0,0,0,0,0,0,0
2,5,792,8,10,0.040704,19457.32,0.019198,41253.41,0.017702,44740.61,0.021837,36269.13,0.024167,32772.15,0.021482,36868.80,0.028020,28265.95,0.041127,0.007433,0.013791,0.021482,0.083833,0.010367,1,111320,115810,498442,509,0,0,0,766,0,0,0,378,0,0,0,249,0,0,0,315,0,0,0,9,0,0,0,12434101687986151333,7278365747660015439,7278365747660015439,12407731796981435513,9952539685917458510,7711147356195436220,0,0,0,0,0,0,0,0,0,0,0
3,5,833,8,10,0.033480,24880.34,0.017356,47996.12,0.016523,50415.83,0.019314,43129.60,0.021416,38895.73,0.019329,43095.38,0.026765,31123.11,0.033767,0.006344,0.011923,0.019329,0.071364,0.011238,1,98687,104387,465309,472,0,0,0,773,0,0,0,395,0,0,0,300,0,0,0,304,0,0,0,12,0,0,0,10335282437752264429,15705745778895633214,15705745778895633214,1885175362091550598,8299812172382179788,7661654786375063679,0,0,0,0,0,0,0,0,0,0,0
4,5,846,8,10,0.151854,5571.15,0.037745,22413.28,0.024363,34724.68,0.027919,30301.44,0.042457,19926.19,0.034058,24840.05,0.053941,15683.76,0.067062,0.007922,0.012158,0.034058,0.121200,0.012125,2,133773,141048,430898,623,0,0,0,804,0,0,0,285,0,0,0,227,0,0,0,302,0,0,0,18,0,0,0,485800701058389663,3472778065919235319,3472778065919235319,9407901217139671968,14497426525139961094,2034037904113966963,0,0,0,0,0,0,0,0,0,0,0
5,5,678,8,10,0.054748,12384.00,0.035701,18991.05,0.023385,28992.76,0.023278,29126.35,0.036818,18415.05,0.034535,19632.42,0.046207,14673.02,0.054169,0.005762,0.010718,0.034535,0.105184,0.007790,1,87001,91461,358717,406,0,0,0,457,0,0,0,164,0,0,0,121,0,0,0,175,0,0,0,18,0,0,0,17539034122466506856,9933121159257970496,9933121159257970496,4147237997736450097,1693964347670914790,8475299360615326630,0,0,0,0,0,0,0,0,0,0,0
6,5,1132,8,10,0.055542,20380.79,0.024798,45648.73,0.023517,48136.34,0.026792,42250.92,0.028891,39181.77,0.027100,41771.19,0.041208,27470.51,0.056110,0.009385,0.017419,0.027100,0.110014,0.019997,1,138922,157597,600298,777,0,0,0,997,0,0,0,466,0,0,0,338,0,0,0,413,0,0,0,10,0,0,0,18007344766794967647,5551798943169805751,5551798943169805751,7888778623332704362,17952282874090723840,13101769249193696794,0,0,0,0,0,0,0,0,0,0,0
7,5,801,8,10,0.050757,15781.00,0.022881,35007.90,0.018776,42661.55,0.024178,33128.83,0.026673,30030.33,0.021510,37238.10,0.033125,24181.33,0.051243,0.007373,0.012273,0.021510,0.092399,0.011198,2,116749,121884,508108,602,0,0,0,774,0,0,0,423,0,0,0,290,0,0,0,328,0,0,0,9,0,0,0,801152723517525764,14468230960475514857,14468230960475514857,10941599187090624331,17621433535072500591,10068159628302899071,0,0,0,0,0,0,0,0,0,0,0
8,5,850,8,10,0.038569,22038.37,0.018201,46701.08,0.017735,47928.43,0.020918,40635.22,0.022544,37704.27,0.019701,43145.99,0.027442,30974.75,0.039271,0.006531,0.012615,0.019701,0.078118,0.010811,1,102825,109350,385131,585,0,0,0,821,0,0,0,382,0,0,0,193,0,0,0,290,0,0,0,12,0,0,0,5605069160209643713,18378758235886868113,18378758235886868113,14128025182266078571,5130321783879307674,5830980444266853000,0,0,0,0,0,0,0,0,0,0,0
9,5,757,8,10,0.034214,22125.76,0.014660,51636.08,0.012969,58368.39,0.014686,51546.35,0.018750,40373.38,0.017271,43830.49,0.025088,30173.24,0.034401,0.006307,0.012388,0.017271,0.070368,0.010717,1,98169,103314,528190,438,0,0,0,555,0,0,0,352,0,0,0,193,0,0,0,380,0,0,0,6,0,0,0,5355792580972638184,5892222932413450101,5892222932413450101,768560090762251597,8044188462352891813,14652124586322508771,0,0,0,0,0,0,0,0,0,0,0
10,5,835,8,10,0.041062,20335.09,0.018581,44937.86,0.017339,48157.98,0.021583,38688.01,0.024995,33406.29,0.020497,40737.70,0.030677,27218.67,0.041333,0.007625,0.015064,0.020497,0.084518,0.011819,1,112101,118116,409040,469,0,0,0,696,0,0,0,337,0,0,0,193,0,0,0,212,0,0,0,2,0,0,0,16956869462473590969,16231652990471851627,16231652990471851627,6505898981608460773,16384254836454347649,13135108212339179581,0,0,0,0,0,0,0,0,0,0,0
11,5,1015,8,10,0.040503,25059.85,0.022974,44179.56,0.021016,48295.51,0.025239,40216.06,0.026685,38037.04,0.024756,40999.50,0.035977,28212.43,0.041268,0.007373,0.011574,0.024756,0.084972,0.015712,2,120306,158576,457805,1167,0,0,0,1543,0,0,0,440,0,0,0,321,0,0,0,310,0,0,0,22,0,0,0,16931682640868874999,1474555170016973228,1474555170016973228,5575788880668635603,5665986784040826976,18119755359466810324,0,0,0,0,0,0,0,0,0,0,0
12,5,858,8,10,0.044705,19192.54,0.023052,37220.27,0.021125,40616.06,0.023678,36235.76,0.024895,34464.26,0.023931,35853.06,0.029367,29215.99,0.043299,0.007851,0.012217,0.023931,0.087298,0.012159,2,118570,126825,518983,621,0,0,0,990,0,0,0,398,0,0,0,336,0,0,0,311,0,0,0,7,0,0,0,15629729325914984778,16493667450561912388,16493667450561912388,11881426185460473948,5245263236235963852,7297708006849898489,0,0,0,0,0,0,0,0,0,0,0
13,5,742,8,10,0.036005,20608.22,0.015241,48683.82,0.014436,51400.98,0.016412,45210.95,0.017476,42458.69,0.016074,46160.72,0.023948,30983.49,0.036388,0.005749,0.010698,0.016074,0.068909,0.009532,1,90483,94658,372714,421,0,0,0,542,0,0,0,214,0,0,0,204,0,0,0,286,0,0,0,4,0,0,0,10239765145230757047,10239765145230757047,10239765145230757047,1216984141282718614,7227720263845117617,5998721389398514874,0,0,0,0,0,0,0,0,0,0,0
14,5,882,8,10,0.046408,19005.44,0.021134,41733.34,0.019125,46117.88,0.022371,39426.23,0.029887,29510.74,0.022657,38928.75,0.032476,27158.17,0.046689,0.007683,0.013096,0.022657,0.090125,0.012845,1,114154,121324,419662,636,0,0,0,867,0,0,0,343,0,0,0,271,0,0,0,272,0,0,0,14,0,0,0,5597519038564608754,5597519038564608754,5597519038564608754,12305478070725527516,1224738872655858068,10016756247593933850,0,0,0,0,0,0,0,0,0,0,0
15,5,862,8,10,0.048126,17911.44,0.023597,36529.81,0.020748,41545.82,0.024044,35851.05,0.026245,32844.57,0.022998,37482.26,0.033228,25941.99,0.048766,0.007412,0.013398,0.022998,0.092574,0.011763,1,108966,115511,631837,609,0,0,0,1069,0,0,0,371,0,0,0,300,0,0,0,429,0,0,0,12,0,0,0,16601456558638775347,995668264719326922,995668264719326922,10069469126341418210,8229479745578887628,6353946439196412080,0,0,0,0,0,0,0,0,0,0,0
16,5,1001,8,10,0.047006,21295.27,0.022786,43930.91,0.018355,54536.09,0.027278,36695.88,0.029471,33966.02,0.025051,39958.54,0.040679,24607.26,0.047955,0.007997,0.014361,0.025051,0.095364,0.016354,1,116703,132798,303474,611,0,0,0,861,0,0,0,324,0,0,0,179,0,0,0,173,0,0,0,12,0,0,0,2919578132636087955,121061779751589959,121061779751589959,16916321174166578947,2776372388017771900,14544485764629370681,0,0,0,0,0,0,0,0,0,0,0
17,5,835,8,10,0.042866,19479.40,0.021557,38733.80,0.017603,47434.20,0.021444,38939.30,0.023836,35030.49,0.020022,41704.76,0.033816,24692.65,0.043640,0.007650,0.010122,0.020022,0.081433,0.013008,2,96970,109495,514213,536,0,0,0,775,0,0,0,393,0,0,0,267,0,0,0,336,0,0,0,3,0,0,0,9673085439980819883,9673085439980819883,9673085439980819883,2630793432909423755,15968475562249748682,2611375840496180100,0,0,0,0,0,0,0,0,0,0,0
18,5,1361,8,10,0.044384,30664.46,0.024150,56355.26,0.018809,72360.62,0.021289,63929.56,0.030710,44318.06,0.025561,53244.60,0.102376,13294.15,0.045192,0.008784,0.016530,0.025561,0.096067,0.025282,1,129003,1046093,635759,440,0,0,0,796,0,0,0,422,0,0,0,300,0,0,0,346,0,0,0,5,0,0,0,3987725021934979634,8775216711574872638,8775216711574872638,9499917031520683136,17208007730565929728,10789633873371564638,0,0,0,0,0,0,0,0,0,0,0
19,5,1036,8,10,0.047524,21799.68,0.022901,45238.52,0.021224,48811.94,0.026906,38504.09,0.028423,36448.77,0.027940,37078.96,0.035413,29254.48,0.048119,0.008068,0.008551,0.027940,0.092679,0.017347,4,122169,137459,604738,931,0,0,0,1261,0,0,0,328,0,0,0,238,0,0,0,330,0,0,0,11,0,0,0,18156136901782651372,18156136901782651372,18156136901782651372,15279664735138483009,17790297635100153217,11760203164728122194,0,0,0,0,0,0,0,0,0,0,0
20,5,809,8,10,0.040053,20198.40,0.021781,37143.26,0.020479,39503.69,0.024852,32552.11,0.026818,30165.97,0.025191,32114.54,0.030042,26929.05,0.040215,0.006996,0.013018,0.025191,0.085420,0.011064,1,102006,108221,423363,575,0,0,0,959,0,0,0,478,0,0,0,248,0,0,0,332,0,0,0,8,0,0,0,17809097869814794592,10353895965193398932,10353895965193398932,6902175874529153330,2596001098334659371,15798019245980490155,0,0,0,0,0,0,0,0,0,0,0
21,5,836,8,10,0.040166,20813.84,0.021737,38460.22,0.015726,53159.31,0.018857,44333.25,0.024312,34386.90,0.020474,40832.17,0.031090,26889.74,0.040567,0.006275,0.010153,0.020474,0.077469,0.010707,2,92735,97590,476661,501,0,0,0,676,0,0,0,454,0,0,0,233,0,0,0,321,0,0,0,22,0,0,0,16212993402644934298,8200155357234210355,8200155357234210355,127545182107158193,17804099464102033733,7509080915754516023,0,0,0,0,0,0,0,0,0,0,0
22,5,951,8,10,0.040129,23698.73,0.020917,45466.15,0.017812,53391.34,0.020478,46438.98,0.022361,42529.34,0.020143,47211.89,0.028681,33157.85,0.040479,0.006763,0.013535,0.020143,0.080920,0.012911,1,105880,115085,392693,590,0,0,0,856,0,0,0,398,0,0,0,236,0,0,0,321,0,0,0,7,0,0,0,14024649321385407196,1333915025696933496,1333915025696933496,17707051064752214394,17299119929218998926,16169477754401687473,0,0,0,0,0,0,0,0,0,0,0
23,5,769,8,10,0.043247,17781.72,0.021780,35308.29,0.017871,43029.66,0.022615,34003.47,0.026336,29199.40,0.022693,33887.40,0.030969,24831.10,0.043712,0.006753,0.007005,0.022693,0.080163,0.008911,4,96954,100329,545348,531,0,0,0,798,0,0,0,363,0,0,0,191,0,0,0,223,0,0,0,5,0,0,0,16501854942982164739,8880457952153114584,8880457952153114584,3911815016142158381,14480665748356574310,13797652007785545647,0,0,0,0,0,0,0,0,0,0,0
24,5,822,8,10,0.047175,17424.32,0.027157,30268.36,0.020475,40147.23,0.022480,36565.22,0.027810,29557.34,0.026707,30778.52,0.034256,23995.94,0.047423,0.006539,0.007112,0.026707,0.087781,0.011228,4,101590,107415,393492,628,0,0,0,953,0,0,0,386,0,0,0,237,0,0,0,267,0,0,0,7,0,0,0,2550360671456006231,6212153621758052726,6212153621758052726,8023128614763521925,371377215953283857,17899388772349088843,0,0,0,0,0,0,0,0,0,0,0
25,5,889,8,10,0.044584,19940.11,0.023075,38527.32,0.021545,41263.02,0.027880,31886.10,0.028798,30870.32,0.028071,31669.53,0.031477,28242.52,0.045059,0.007326,0.006958,0.028071,0.087414,0.013384,5,113488,120153,532082,650,0,0,0,980,0,0,0,433,0,0,0,293,0,0,0,262,0,0,0,17,0,0,0,12219147534992943131,12994973804597677848,12994973804597677848,14608932964131721599,4939744285390861262,4453601707487848437,0,0,0,0,0,0,0,0,0,0,0
26,5,858,8,10,0.043875,19555.76,0.020030,42835.25,0.018002,47660.35,0.024221,35423.78,0.025468,33689.77,0.024147,35531.97,0.030865,27798.41,0.044265,0.007255,0.012781,0.024147,0.088449,0.014393,1,111303,118793,407229,603,0,0,0,823,0,0,0,336,0,0,0,239,0,0,0,321,0,0,0,8,0,0,0,9678087318060148472,9678087318060148472,9678087318060148472,5957257794071663208,15951108773442902943,12386841043877358477,0,0,0,0,0,0,0,0,0,0,0
27,5,1138,8,10,0.044091,25810.30,0.018034,63104.47,0.016800,67736.82,0.020576,55306.62,0.022376,50857.72,0.019640,57944.37,0.030942,36778.03,0.044361,0.008922,0.015475,0.019640,0.088397,0.021965,1,134972,148852,475327,639,0,0,0,738,0,0,0,324,0,0,0,343,0,0,0,303,0,0,0,13,0,0,0,3120897531108613381,3168090741628049832,3168090741628049832,12151062003386488162,15346358020706967994,15056080602183784708,0,0,0,0,0,0,0,0,0,0,0
28,5,750,8,10,0.044318,16923.03,0.021503,34879.17,0.018399,40762.97,0.026439,28367.36,0.027512,27260.38,0.025549,29354.81,0.030259,24785.91,0.044459,0.006591,0.012357,0.025549,0.088956,0.009643,1,104191,108581,473057,573,0,0,0,820,0,0,0,443,0,0,0,225,0,0,0,311,0,0,0,3,0,0,0,3639338500506741687,6191677922996109418,6191677922996109418,7527205324313961622,7979880043001557600,14586760151471069651,0,0,0,0,0,0,0,0,0,0,0
29,5,917,8,10,0.038487,23826.49,0.015776,58127.28,0.013022,70418.27,0.016214,56554.38,0.018105,50649.50,0.016325,56172.71,0.026012,35252.38,0.038605,0.006858,0.013186,0.016325,0.074974,0.016472,1,100128,106273,388486,363,0,0,0,476,0,0,0,313,0,0,0,171,0,0,0,244,0,0,0,6,0,0,0,17470811165391043778,9408417721705755471,9408417721705755471,11243821562440351471,6879019130968187492,3727624817246891489,0,0,0,0,0,0,0,0,0,0,0
30,5,1084,8,10,0.044926,24128.45,0.023507,46113.25,0.022517,48142.35,0.026766,40498.82,0.029040,37327.64,0.026076,41571.31,0.036595,29621.13,0.045315,0.007727,0.014268,0.026076,0.093386,0.020391,1,121044,134719,443816,940,0,0,0,1092,0,0,0,443,0,0,0,382,0,0,0,476,0,0,0,1,0,0,0,7009880902407520954,7009880902407520954,7009880902407520954,16993956399938877027,7997920519711141086,16012233632304491352,0,0,0,0,0,0,0,0,0,0,0
31,5,709,8,10,0.040110,17676.32,0.020785,34110.93,0.014898,47589.43,0.018095,39183.01,0.022959,30880.57,0.019087,37145.93,0.027666,25627.17,0.040757,0.005586,0.009158,0.019087,0.074587,0.008092,2,88786,92606,433031,484,0,0,0,605,0,0,0,312,0,0,0,195,0,0,0,277,0,0,0,3,0,0,0,14565704173100063985,14565704173100063985,14565704173100063985,13720297769411739320,9281743281237108734,15186997351248621520,0,0,0,0,0,0,0,0,0,0,0
32,5,971,8,10,0.049685,19543.31,0.020907,46443.40,0.019321,50256.10,0.023650,41057.75,0.027571,35218.72,0.023897,40632.71,0.037725,25739.22,0.050266,0.008172,0.016121,0.023897,0.098456,0.014764,1,122070,135635,453019,575,0,0,0,693,0,0,0,382,0,0,0,256,0,0,0,313,0,0,0,9,0,0,0,11721007837204857706,10691148812721876141,10691148812721876141,2199917216898306500,12155740517346399810,14421340391185493704,0,0,0,0,0,0,0,0,0,0,0
33,5,872,8,10,0.047280,18443.50,0.022705,38406.00,0.017815,48948.29,0.020746,42031.86,0.025100,34741.18,0.020201,43166.19,0.034977,24931.02,0.047871,0.007053,0.013143,0.020201,0.088269,0.011157,1,109451,114856,519321,452,0,0,0,773,0,0,0,345,0,0,0,276,0,0,0,347,0,0,0,17,0,0,0,9259457372001698811,9259457372001698811,9259457372001698811,17622334010015884413,15412281713384824018,18202936380847126655,0,0,0,0,0,0,0,0,0,0,0
34,5,791,8,10,0.054272,14574.67,0.026642,29690.17,0.019504,40556.72,0.020561,38470.41,0.030442,25983.55,0.022531,35107.70,0.039189,20184.39,0.054775,0.007836,0.011892,0.022531,0.097034,0.011274,2,114584,119584,577291,521,0,0,0,798,0,0,0,337,0,0,0,277,0,0,0,336,0,0,0,10,0,0,0,3117731439893969420,5575666022658489649,5575666022658489649,8630544421013236482,9047818480670791389,7227223544689317989,0,0,0,0,0,0,0,0,0,0,0
35,5,802,8,10,0.042645,18806.43,0.022311,35946.44,0.017064,46998.80,0.020172,39757.80,0.024890,32221.76,0.025144,31896.74,0.032295,24833.92,0.043074,0.006472,0.008554,0.025144,0.083244,0.011978,5,95843,101878,380772,454,0,0,0,678,0,0,0,395,0,0,0,267,0,0,0,262,0,0,0,14,0,0,0,11460736833593790146,11460736833593790146,11460736833593790146,13109752906888054860,2565083597541738767,18342701957437350654,0,0,0,0,0,0,0,0,0,0,0
36,5,797,8,10,0.040151,19849.96,0.020951,38041.52,0.014197,56140.29,0.017354,45926.47,0.021246,37512.47,0.015100,52782.08,0.028860,27615.72,0.040343,0.005499,0.010698,0.015100,0.071640,0.009437,1,86830,91645,362041,426,0,0,0,635,0,0,0,318,0,0,0,158,0,0,0,238,0,0,0,4,0,0,0,915024863355814804,5149714134236063772,5149714134236063772,7185166139822808889,10023562347682251912,17614549763989870218,0,0,0,0,0,0,0,0,0,0,0
37,5,641,8,10,0.030682,20891.63,0.016888,37956.07,0.015098,42455.28,0.014637,43793.01,0.016060,39912.98,0.018133,35349.25,0.020834,30767.40,0.030846,0.005315,0.005551,0.018133,0.059845,0.006712,4,81964,83494,250991,367,0,0,0,604,0,0,0,315,0,0,0,170,0,0,0,207,0,0,0,4,0,0,0,793876538083622341,793876538083622341,793876538083622341,581489609234749427,461452549593470871,4068916154834598522,0,0,0,0,0,0,0,0,0,0,0
38,5,1087,8,10,0.054768,19847.32,0.022071,49249.81,0.020341,53439.75,0.026578,40898.96,0.028562,38057.26,0.062737,17326.27,0.042970,25296.43,0.055299,0.009570,0.017933,0.062737,0.145539,0.018445,1,151999,169069,512724,777,0,0,0,939,0,0,0,379,0,0,0,325,0,0,0,0,0,0,0,4,0,0,0,3333848042724699331,3333848042724699331,3333848042724699331,3012398882678472125,13353287594245810239,8902163783854295496,0,0,0,0,0,0,0,0,0,0,1
39,5,755,8,10,0.037824,19960.87,0.017846,42306.71,0.016323,46253.96,0.019054,39623.28,0.020164,37443.78,0.018511,40787.26,0.026349,28653.66,0.038005,0.006249,0.011523,0.018511,0.074288,0.009405,1,97335,105305,604856,477,0,0,0,634,0,0,0,294,0,0,0,174,0,0,0,283,0,0,0,6,0,0,0,364173836412415601,364173836412415601,364173836412415601,9272480490995348821,7071078981435926685,4251155782700741526,0,0,0,0,0,0,0,0,0,0,0
40,5,904,8,10,0.048313,18711.17,0.022864,39538.87,0.019571,46191.15,0.024560,36807.69,0.027276,33142.41,0.024358,37112.59,0.039789,22719.84,0.049037,0.007227,0.013148,0.024358,0.093770,0.013958,1,112743,130253,624055,706,0,0,0,951,0,0,0,462,0,0,0,294,0,0,0,358,0,0,0,3,0,0,0,2292799408139212601,14918276567904810674,14918276567904810674,5272128520106322960,15117416185845863909,17162888118191020185,0,0,0,0,0,0,0,0,0,0,0
41,5,918,8,10,0.050090,18326.85,0.026978,34027.42,0.020429,44936.51,0.024282,37805.83,0.029529,31087.75,0.024505,37461.45,0.037002,24809.18,0.050624,0.007683,0.014953,0.024505,0.097766,0.015153,1,117709,126819,407209,782,0,0,0,909,0,0,0,456,0,0,0,296,0,0,0,308,0,0,0,7,0,0,0,14150649396073844756,14150649396073844756,14150649396073844756,1362905415150702467,7963656513298037081,4549106097056753712,0,0,0,0,0,0,0,0,0,0,0
42,5,772,8,10,0.044578,17317.94,0.027420,28155.07,0.017973,42954.08,0.017588,43894.48,0.026568,29057.77,0.017760,43468.06,0.030328,25454.61,0.044953,0.006032,0.011164,0.017760,0.079909,0.009688,1,92340,95600,358375,439,0,0,0,628,0,0,0,331,0,0,0,283,0,0,0,310,0,0,0,7,0,0,0,12258049473482673756,14603298503351273478,14603298503351273478,10784851819500909575,6899013470765440874,12453393924286117818,0,0,0,0,0,0,0,0,0,0,0
43,5,999,8,10,0.065394,15276.52,0.034174,29232.93,0.027214,36709.68,0.028634,34888.25,0.036328,27499.59,0.026116,38252.57,0.051415,19430.11,0.065981,0.008973,0.017432,0.026116,0.118503,0.015924,1,141339,156454,432109,774,0,0,0,977,0,0,0,490,0,0,0,346,0,0,0,431,0,0,0,10,0,0,0,6398661219032688937,18070729384182062683,18070729384182062683,6238023795056746653,16042238239864838505,1213052024174750487,0,0,0,0,0,0,0,0,0,0,0
44,5,833,8,10,0.168114,4954.98,0.141358,5892.85,0.135080,6166.72,0.128896,6462.58,0.138224,6026.44,0.128478,6483.62,0.147469,5648.65,0.169295,0.006078,0.012062,0.128478,0.315911,0.010677,1,100429,106604,431958,584,0,0,0,760,0,0,0,339,0,0,0,334,0,0,0,353,0,0,0,8,0,0,0,4636119230819436600,4636119230819436600,4636119230819436600,6681789453336515356,4262997779769105162,7757936557962181082,0,0,0,0,0,0,0,0,0,0,0
45,5,841,8,10,0.040882,20571.58,0.021226,39620.76,0.020141,41755.40,0.022247,37803.02,0.024142,34835.06,0.022793,36897.72,0.027592,30480.15,0.041357,0.007486,0.011274,0.022793,0.082909,0.010777,2,113100,119845,396885,728,0,0,0,988,0,0,0,518,0,0,0,333,0,0,0,405,0,0,0,6,0,0,0,8304810474838887030,8304810474838887030,8304810474838887030,7364219905754908704,6825217768936884025,1153186320864810086,0,0,0,0,0,0,0,0,0,0,0
46,5,853,8,10,0.041232,20687.63,0.022552,37823.30,0.022035,38711.21,0.024279,35133.83,0.025679,33217.98,0.023965,35593.21,0.024651,34603.16,0.041601,0.006682,0.012250,0.023965,0.084499,0.012413,1,107110,113685,516100,809,0,0,0,1186,0,0,0,452,0,0,0,406,0,0,0,438,0,0,0,8,0,0,0,3088369429390089897,3570628564607625652,3570628564607625652,7929789112419857450,10687568467446464076,3691254280940119608,0,0,0,0,0,0,0,0,0,0,0
47,5,801,8,10,0.041458,19320.82,0.027416,29216.27,0.018204,44001.52,0.025983,30828.10,0.029596,27064.54,0.024663,32477.62,0.035823,22360.16,0.042095,0.006497,0.012029,0.024663,0.085285,0.009983,1,96435,105190,365220,646,0,0,0,1027,0,0,0,359,0,0,0,255,0,0,0,343,0,0,0,12,0,0,0,4762676581984690083,4762676581984690083,4762676581984690083,13023372189696250965,5011210824572565110,10561605944966645160,0,0,0,0,0,0,0,0,0,0,0
48,5,1041,8,10,0.054499,19101.36,0.032639,31894.51,0.031685,32855.17,0.033462,31109.62,0.033323,31239.24,0.031063,33512.11,0.039470,26374.51,0.055172,0.008883,0.013347,0.031063,0.108465,0.017114,2,128716,143326,478574,922,0,0,0,1610,0,0,0,627,0,0,0,544,0,0,0,507,0,0,0,12,0,0,0,14206121728522151757,7702043503243787832,7702043503243787832,3922876562790122199,3063868107920883564,5267013776558453097,0,0,0,0,0,0,0,0,0,0,0
49,5,799,8,10,0.036860,21676.69,0.021573,37037.23,0.021048,37961.23,0.023257,34355.77,0.026179,30520.88,0.029739,26867.09,0.028484,28050.54,0.037324,0.006303,0.008688,0.029739,0.082054,0.010656,5,97075,103845,482141,728,0,0,0,1031,0,0,0,313,0,0,0,332,0,0,0,276,0,0,0,7,0,0,0,16602927901300236181,226103247171356584,226103247171356584,1326729902510759175,5049206437091944910,9148120432456152138,0,0,0,0,0,0,0,0,0,0,0
50,5,895,8,10,0.062836,14243.49,0.035661,25097.40,0.023931,37398.92,0.027769,32229.72,0.037551,23834.38,0.035119,25484.75,0.050735,17640.81,0.063305,0.007133,0.008929,0.035119,0.114486,0.011916,3,111907,120972,444424,601,0,0,0,917,0,0,0,261,0,0,0,265,0,0,0,320,0,0,0,2,0,0,0,18068533924282324714,17173571571106453474,17173571571106453474,16307306990765715962,5840720989495844693,2419925832725314234,0,0,0,0,0,0,0,0,0,0,0
51,5,831,8,10,0.037850,21955.01,0.022752,36525.03,0.021723,38253.94,0.023847,34847.31,0.025315,32826.32,0.024008,34613.66,0.025216,32955.42,0.038114,0.006632,0.006108,0.024008,0.074861,0.010440,5,97563,101653,406851,700,0,0,0,957,0,0,0,464,0,0,0,350,0,0,0,309,0,0,0,8,0,0,0,16575819790946116189,16575819790946116189,16575819790946116189,1303242985854500342,2837976875626988694,16124533887505730336,0,0,0,0,0,0,0,0,0,0,0
52,5,863,8,10,0.047698,18092.88,0.023476,36760.52,0.020014,43119.92,0.031731,27197.32,0.033720,25592.76,0.032198,26802.68,0.035794,24109.91,0.048466,0.006397,0.009588,0.032198,0.096649,0.012938,3,102700,111420,493188,708,0,0,0,1154,0,0,0,501,0,0,0,345,0,0,0,350,0,0,0,8,0,0,0,6754536432761439056,8508059847246233726,8508059847246233726,11351324079776711591,17357235220613027630,13210594783106420513,0,0,0,0,0,0,0,0,0,0,0
53,5,861,8,10,0.039286,21916.47,0.018153,47429.37,0.016692,51582.30,0.022032,39079.14,0.021634,39797.73,0.019716,43670.46,0.027625,31167.06,0.039577,0.006350,0.012609,0.019716,0.078253,0.010639,1,99784,108084,294072,442,0,0,0,714,0,0,0,385,0,0,0,244,0,0,0,284,0,0,0,5,0,0,0,4851946425734972891,4851946425734972891,4851946425734972891,7484556570060859311,14891906182942314538,18331629411482281402,0,0,0,0,0,0,0,0,0,0,0
54,5,824,8,10,0.041653,19782.52,0.021708,37957.94,0.020849,39521.79,0.023171,35561.83,0.025779,31963.92,0.022947,35909.58,0.030711,26831.15,0.041824,0.007044,0.010879,0.022947,0.082694,0.010521,2,105210,111265,494495,585,0,0,0,873,0,0,0,332,0,0,0,268,0,0,0,301,0,0,0,18,0,0,0,2031957122259617165,15227116981816486032,15227116981816486032,17275781175752564619,13989829579826974662,7656006907982357620,0,0,0,0,0,0,0,0,0,0,0
55,5,667,8,10,0.033746,19765.14,0.018759,35556.09,0.014837,44955.04,0.017415,38300.45,0.020622,32344.34,0.017378,38381.01,0.025133,26538.52,0.033923,0.004880,0.010327,0.017378,0.066508,0.007233,1,77344,82499,381509,507,0,0,0,673,0,0,0,284,0,0,0,160,0,0,0,267,0,0,0,1,0,0,0,2773992506333116418,2773992506333116418,2773992506333116418,6406343010288258797,498585240462338154,15748249215697348282,0,0,0,0,0,0,0,0,0,0,0
56,5,972,8,10,0.075038,12953.43,0.041345,23509.73,0.029514,32933.25,0.027911,34824.36,0.042931,22640.95,0.042368,22941.75,0.059641,16297.63,0.075866,0.008909,0.012516,0.042368,0.139659,0.014662,5,118653,127063,437876,733,0,0,0,1070,0,0,0,459,0,0,0,313,0,0,0,268,0,0,0,10,0,0,0,11937788943176043186,12254046837940367506,12254046837940367506,4686008701467496223,6161322431198955431,17874882225133877723,0,0,0,0,0,0,0,0,0,0,0
57,5,817,8,10,0.048549,16828.43,0.024238,33708.07,0.017070,47861.40,0.022489,36328.25,0.026367,30985.39,0.021569,37877.99,0.033020,24742.65,0.049195,0.008022,0.013374,0.021569,0.092159,0.013671,1,121088,126193,318669,459,0,0,0,681,0,0,0,247,0,0,0,258,0,0,0,259,0,0,0,2,0,0,0,8742663523469340582,13822018689590225151,13822018689590225151,5407527742522891847,11186057647292539637,4131223667297165104,0,0,0,0,0,0,0,0,0,0,0
58,5,760,8,10,0.055669,13652.06,0.029832,25476.22,0.024166,31448.80,0.024775,30675.77,0.029754,25543.04,0.019450,39074.08,0.041466,18328.44,0.055966,0.006101,0.009246,0.019450,0.090764,0.008992,2,93031,96516,375901,409,0,0,0,700,0,0,0,320,0,0,0,147,0,0,0,223,0,0,0,14,0,0,0,17687475865545589202,17687475865545589202,17687475865545589202,13006479322478123778,928736255508954060,17288692087271604609,0,0,0,0,0,0,0,0,0,0,0
59,5,1069,8,10,0.065235,16387.01,0.028888,37004.37,0.023640,45220.88,0.027393,39025.15,0.033625,31791.45,0.029119,36711.31,0.055746,19176.29,0.066402,0.011668,0.022319,0.029119,0.129508,0.021046,1,182959,196069,616147,657,0,0,0,976,0,0,0,557,0,0,0,369,0,0,0,362,0,0,0,11,0,0,0,11401752209103188550,10858707252601627213,10858707252601627213,16637699723829970807,8384491918508319991,17497382377179941173,0,0,0,0,0,0,0,0,0,0,0
60,5,1085,8,10,0.041404,26205.08,0.021604,50222.72,0.018612,58296.87,0.020798,52167.86,0.023097,46976.73,0.020429,53111.34,0.034087,31830.69,0.041896,0.008113,0.015293,0.020429,0.085731,0.017673,1,123148,144418,320902,827,0,0,0,1107,0,0,0,423,0,0,0,279,0,0,0,389,0,0,0,11,0,0,0,14024434839859643060,14024434839859643060,14024434839859643060,10752505780255360523,18187747276424080338,5259677175552488485,0,0,0,0,0,0,0,0,0,0,0
61,5,886,8,10,0.044623,19855.13,0.023680,37415.76,0.022564,39266.25,0.026788,33074.15,0.027390,32347.31,0.024934,35533.45,0.034117,25969.29,0.045265,0.006872,0.013257,0.024934,0.090328,0.014444,1,108735,121045,390486,1041,0,0,0,1130,0,0,0,607,0,0,0,407,0,0,0,412,0,0,0,11,0,0,0,14944335824502236756,16465093004360176347,16465093004360176347,1078209897625881584,12223163760710521711,3031279376490974186,0,0,0,0,0,0,0,0,0,0,0
62,5,811,8,10,0.036148,22435.57,0.018308,44297.50,0.016491,49179.10,0.019049,42575.07,0.020293,39964.87,0.018412,44047.64,0.025398,31931.30,0.036531,0.007285,0.007028,0.018412,0.069256,0.013112,4,101598,110268,529972,531,0,0,0,683,0,0,0,328,0,0,0,202,0,0,0,203,0,0,0,8,0,0,0,12222779924066950612,878794513155611191,878794513155611191,4038964605392630241,3949066722067843998,5829953328598359503,0,0,0,0,0,0,0,0,0,0,0
63,5,826,8,10,0.039124,21112.32,0.019796,41725.68,0.018525,44588.99,0.023320,35420.90,0.024402,33850.35,0.022156,37280.29,0.027546,29985.91,0.039478,0.007201,0.012274,0.022156,0.081109,0.010782,1,103413,108383,365636,656,0,0,0,1000,0,0,0,457,0,0,0,326,0,0,0,396,0,0,0,10,0,0,0,1112463958790455301,18237212644851053457,18237212644851053457,14786801962490826799,13347069883887511992,2911959491001636769,0,0,0,0,0,0,0,0,0,0,0
64,5,816,8,10,0.037578,21714.62,0.019183,42537.95,0.017851,45712.19,0.021157,38568.30,0.022807,35779.16,0.023256,35087.08,0.029991,27207.80,0.037891,0.006577,0.010906,0.023256,0.078631,0.009814,2,103717,113402,275470,492,0,0,0,800,0,0,0,315,0,0,0,229,0,0,0,284,0,0,0,6,0,0,0,3055042891635326932,3055042891635326932,3055042891635326932,8515103522475824005,12197899508864710348,6125472548825455380,0,0,0,0,0,0,0,0,0,0,0
65,5,787,8,10,0.044037,17871.16,0.023831,33024.51,0.019556,40243.57,0.021172,37171.44,0.027065,29077.63,0.025237,31184.90,0.029658,26535.66,0.044125,0.008556,0.011833,0.025237,0.089750,0.010013,3,139251,142766,466863,606,0,0,0,887,0,0,0,441,0,0,0,317,0,0,0,451,0,0,0,10,0,0,0,16904642478330603361,12895087930157551946,12895087930157551946,5757911142051231492,8674663415893780658,10917777065072045472,0,0,0,0,0,0,0,0,0,0,0
66,5,922,8,10,0.042469,21709.85,0.023626,39025.11,0.018837,48944.93,0.022212,41509.04,0.027249,33835.84,0.022145,41635.45,0.036243,25439.71,0.042926,0.007437,0.009285,0.022145,0.081792,0.011881,3,114470,128115,269530,622,0,0,0,946,0,0,0,385,0,0,0,292,0,0,0,255,0,0,0,13,0,0,0,11113945461916718440,11113945461916718440,11113945461916718440,15902914521780739778,862774950180199957,2027434919816753633,0,0,0,0,0,0,0,0,0,0,0
67,5,735,8,10,0.052073,14114.86,0.026374,27868.21,0.018906,38876.73,0.020925,35126.15,0.027448,26777.79,0.023448,31345.81,0.040009,18370.94,0.052262,0.006084,0.011559,0.023448,0.093354,0.009242,1,94918,99363,386060,469,0,0,0,773,0,0,0,259,0,0,0,161,0,0,0,319,0,0,0,10,0,0,0,14469568134639005176,14469568134639005176,14469568134639005176,8068499881855060414,14044826335835105283,10424013274033541193,0,0,0,0,0,0,0,0,0,0,0
68,5,874,8,10,0.043124,20267.06,0.022043,39649.61,0.020781,42057.49,0.024143,36201.03,0.024799,35242.88,0.021564,40529.78,0.027844,31388.91,0.043766,0.007160,0.013394,0.021564,0.085885,0.012133,1,110953,117148,472185,712,0,0,0,1062,0,0,0,520,0,0,0,353,0,0,0,418,0,0,0,13,0,0,0,9364717427080440268,7615874429557109436,7615874429557109436,12433002845188814151,11307137155905956346,9905337164379515691,0,0,0,0,0,0,0,0,0,0,0
69,5,924,8,10,0.039684,23283.69,0.021091,43809.72,0.019827,46603.76,0.024410,37853.32,0.025446,36312.76,0.023472,39365.99,0.030776,30023.78,0.040404,0.006648,0.013170,0.023472,0.083694,0.013677,1,106311,120901,366481,740,0,0,0,988,0,0,0,450,0,0,0,310,0,0,0,318,0,0,0,13,0,0,0,10502094468884718606,10502094468884718606,10502094468884718606,2125134839460683217,11371119841061691275,11111717880994161641,0,0,0,0,0,0,0,0,0,0,0
70,5,918,8,10,0.043973,20876.43,0.022956,39990.06,0.022313,41141.72,0.023208,39555.08,0.026432,34731.20,0.023356,39304.77,0.032160,28545.15,0.044581,0.007851,0.014916,0.023356,0.090703,0.013533,1,116416,125381,481228,598,0,0,0,1008,0,0,0,351,0,0,0,222,0,0,0,198,0,0,0,4,0,0,0,4397799211182640639,4397799211182640639,4397799211182640639,11487638856843831530,10629488973415006929,5763111947223846735,0,0,0,0,0,0,0,0,0,0,0
71,5,811,8,10,0.064611,12552.07,0.036057,22492.24,0.027857,29112.68,0.028814,28145.84,0.036549,22189.19,0.024712,32817.43,0.054668,14834.99,0.065062,0.006337,0.008182,0.024712,0.104293,0.011487,4,105034,114239,306380,740,0,0,0,872,0,0,0,382,0,0,0,213,0,0,0,225,0,0,0,18,0,0,0,12181859959125113633,7466649424190939657,7466649424190939657,5012304119752427958,4493870589572807695,5216890963190769018,0,0,0,0,0,0,0,0,0,0,0
72,5,858,8,10,0.046534,18438.33,0.023750,36126.80,0.018046,47545.40,0.020380,42099.07,0.025660,33437.73,0.021658,39616.36,0.035116,24433.34,0.046876,0.006543,0.010488,0.021658,0.085565,0.011012,2,97304,102654,370946,521,0,0,0,720,0,0,0,310,0,0,0,303,0,0,0,300,0,0,0,8,0,0,0,14993362761753380799,10540385509215164693,10540385509215164693,3458154418959993675,8234706599688564573,17641108918226083105,0,0,0,0,0,0,0,0,0,0,0
73,5,865,8,10,0.060112,14389.78,0.037363,23151.05,0.025613,33772.55,0.023972,36083.93,0.037891,22828.87,0.024068,35940.54,0.044175,19581.11,0.060730,0.007031,0.012602,0.024068,0.104431,0.012429,1,111724,121404,477764,659,0,0,0,926,0,0,0,475,0,0,0,381,0,0,0,387,0,0,0,6,0,0,0,10854501155990036719,10854501155990036719,10854501155990036719,7448054845637712792,5938415791342846696,2473904549134188129,0,0,0,0,0,0,0,0,0,0,0
74,5,976,8,10,0.041166,23709.02,0.021077,46305.43,0.017913,54484.82,0.020318,48037.36,0.022468,43438.84,0.020726,47091.63,0.030398,32106.97,0.041699,0.007175,0.009680,0.020726,0.079279,0.013516,4,108208,117583,384893,601,0,0,0,923,0,0,0,381,0,0,0,244,0,0,0,242,0,0,0,10,0,0,0,4357751506755819524,4357751506755819524,4357751506755819524,13209325954420519566,16343387236482036568,11910021393962578622,0,0,0,0,0,0,0,0,0,0,0
75,5,903,8,10,0.044290,20388.51,0.019993,45165.01,0.017965,50264.60,0.023851,37860.04,0.023415,38565.68,0.022333,40434.22,0.033010,27354.95,0.044543,0.006765,0.006894,0.022333,0.080535,0.014888,4,102126,111171,392182,571,0,0,0,906,0,0,0,421,0,0,0,303,0,0,0,264,0,0,0,9,0,0,0,16936557600593928104,2620984439680923300,2620984439680923300,9649711391898406785,7080543268680611261,1947016775604658403,0,0,0,0,0,0,0,0,0,0,0
76,5,900,8,10,0.042002,21427.56,0.017757,50683.18,0.016414,54830.90,0.023206,38782.54,0.023249,38711.60,0.022183,40570.75,0.027276,32996.63,0.042502,0.007011,0.007810,0.022183,0.079505,0.013850,4,112049,119164,409837,568,0,0,0,778,0,0,0,481,0,0,0,261,0,0,0,273,0,0,0,12,0,0,0,12585956157355013665,2103598735019657576,2103598735019657576,10339805754611161642,12046403742180863106,9646621219490527984,0,0,0,0,0,0,0,0,0,0,0
77,5,912,8,10,0.040022,22787.31,0.020312,44899.05,0.018715,48731.21,0.022168,41140.18,0.023974,38041.45,0.023249,39226.90,0.029766,30638.54,0.039961,0.007150,0.010787,0.023249,0.081147,0.014014,2,111232,120232,491768,597,0,0,0,780,0,0,0,438,0,0,0,232,0,0,0,285,0,0,0,6,0,0,0,5339189775983069590,14992111471427426601,14992111471427426601,11566625807385912639,661236928562556329,9032966908363002070,0,0,0,0,0,0,0,0,0,0,0
78,5,867,8,10,0.047910,18096.47,0.022671,38243.07,0.020823,41637.14,0.024588,35261.80,0.027654,31351.71,0.026469,32754.84,0.036626,23671.87,0.048718,0.008491,0.007336,0.026469,0.091014,0.013753,4,109511,115476,403362,581,0,0,0,819,0,0,0,343,0,0,0,270,0,0,0,250,0,0,0,14,0,0,0,16315076306170921938,16315076306170921938,16315076306170921938,16482144391676850666,17165932938097175461,10988915547403635866,0,0,0,0,0,0,0,0,0,0,0
79,5,754,8,10,0.040724,18514.93,0.021584,34933.74,0.019845,37993.77,0.023835,31633.51,0.024486,30793.01,0.021919,34399.63,0.029332,25705.29,0.041095,0.006877,0.013945,0.021919,0.083836,0.009619,1,112630,116120,435960,534,0,0,0,844,0,0,0,463,0,0,0,229,0,0,0,298,0,0,0,11,0,0,0,12163601683802971826,12163601683802971826,12163601683802971826,14334295782933350781,10064734544236530515,13995377314797305285,0,0,0,0,0,0,0,0,0,0,0
80,5,924,8,10,0.033300,27747.85,0.017978,51396.89,0.016561,55792.16,0.019448,47511.05,0.021313,43354.55,0.017770,51998.22,0.025907,35665.67,0.033733,0.006877,0.012927,0.017770,0.071307,0.012309,1,99666,113881,346216,619,0,0,0,908,0,0,0,387,0,0,0,286,0,0,0,313,0,0,0,24,0,0,0,8843459644944507152,8843459644944507152,8843459644944507152,7055367267519184665,2878108005295506299,16828841483261853765,0,0,0,0,0,0,0,0,0,0,0
81,5,780,8,10,0.042554,18329.64,0.020430,38179.81,0.014244,54760.19,0.023431,33289.94,0.025462,30634.40,0.024620,31681.65,0.031347,24882.65,0.043100,0.006726,0.008014,0.024620,0.082460,0.011066,4,106053,111398,341818,502,0,0,0,532,0,0,0,191,0,0,0,159,0,0,0,149,0,0,0,16,0,0,0,14104573608109533386,15747669002269998429,15747669002269998429,15410061415078246833,4133498273146194740,14026856637615468740,0,0,0,0,0,0,0,0,0,0,0
82,5,856,8,10,0.044158,19385.04,0.022536,37983.51,0.021841,39191.58,0.024487,34956.80,0.027116,31568.07,0.024345,35160.85,0.033485,25563.61,0.044782,0.007226,0.011825,0.024345,0.088178,0.011869,2,114963,121493,493698,694,0,0,0,1032,0,0,0,394,0,0,0,244,0,0,0,244,0,0,0,7,0,0,0,5973546306595054641,5973546306595054641,5973546306595054641,10295049873144923701,10519299585316933411,17243783112269948812,0,0,0,0,0,0,0,0,0,0,0
83,5,852,8,10,0.053285,15989.45,0.023153,36799.05,0.017779,47922.92,0.023540,36193.48,0.027879,30560.40,0.022659,37601.46,0.039497,21571.24,0.053915,0.006925,0.012525,0.022659,0.096024,0.011710,1,105155,110320,412068,637,0,0,0,753,0,0,0,376,0,0,0,264,0,0,0,312,0,0,0,20,0,0,0,9398793321549668000,110005223790118204,110005223790118204,3568645608661179180,12756742665836153756,11395852342198914125,0,0,0,0,0,0,0,0,0,0,0
84,5,712,8,10,0.040549,17559.12,0.025162,28297.09,0.020691,34410.51,0.022828,31189.16,0.027981,25445.76,0.027027,26344.16,0.030261,23528.50,0.040666,0.005701,0.006448,0.027027,0.079842,0.009016,4,89134,92759,274168,509,0,0,0,823,0,0,0,374,0,0,0,264,0,0,0,246,0,0,0,5,0,0,0,10889660633200444845,10889660633200444845,10889660633200444845,11993740516192135544,13564494179629686172,16546607126206553147,0,0,0,0,0,0,0,0,0,0,0
85,5,1072,8,10,0.115156,9309.08,0.077973,13748.43,0.061191,17519.00,0.074060,14474.77,0.079930,13411.81,0.075789,14144.60,0.097439,11001.76,0.115818,0.008689,0.012386,0.075789,0.212682,0.016466,2,122855,138270,869495,653,0,0,0,414,0,0,0,393,0,0,0,245,0,0,0,321,0,0,0,9,0,0,0,3846383759679655429,1897590818506287305,1897590818506287305,42333784074981755,8687241363035300526,15470004855719522466,0,0,0,0,0,0,0,0,0,0,0
86,5,775,8,10,0.050967,15205.80,0.027217,28474.83,0.022362,34657.67,0.024519,31607.95,0.027419,28265.19,0.021987,35248.48,0.038160,20309.13,0.051023,0.007074,0.015657,0.021987,0.095741,0.010339,1,125910,129920,363994,572,0,0,0,957,0,0,0,411,0,0,0,288,0,0,0,321,0,0,0,12,0,0,0,9939622090001661079,6430429403252932198,6430429403252932198,11218120237306808372,11779219059566769773,12513649006270182046,0,0,0,0,0,0,0,0,0,0,0
87,5,790,8,10,0.057476,13744.97,0.031578,25017.73,0.021807,36227.55,0.027365,28869.07,0.033692,23447.53,0.024634,32070.10,0.043717,18070.65,0.057789,0.006776,0.008287,0.024634,0.097486,0.009749,3,101373,104683,388041,536,0,0,0,680,0,0,0,428,0,0,0,260,0,0,0,243,0,0,0,7,0,0,0,16269527561744620489,16269527561744620489,16269527561744620489,8310169284466736295,8758387317716683730,5977717885093608473,0,0,0,0,0,0,0,0,0,0,0
88,5,788,8,10,0.060932,12932.46,0.033346,23631.16,0.027330,28833.01,0.024053,32760.85,0.033787,23322.43,0.020985,37550.65,0.044071,17880.26,0.061200,0.006652,0.012497,0.020985,0.101334,0.009638,1,100668,104768,362567,515,0,0,0,934,0,0,0,351,0,0,0,215,0,0,0,335,0,0,0,6,0,0,0,8475053144617018746,8475053144617018746,8475053144617018746,13530722383049772644,18307871258739149782,1187755223676631914,0,0,0,0,0,0,0,0,0,0,0
89,5,804,8,10,0.029432,27317.39,0.012935,62156.91,0.011817,68040.21,0.013328,60322.91,0.015584,51592.53,0.014104,57004.69,0.018264,44020.35,0.029692,0.005822,0.010888,0.014104,0.060507,0.009905,1,85508,88648,288331,301,0,0,0,405,0,0,0,258,0,0,0,202,0,0,0,292,0,0,0,3,0,0,0,17364873351050152831,17364873351050152831,17364873351050152831,6015309793568317454,13379062961146371657,15317335157335007006,0,0,0,0,0,0,0,0,0,0,0
90,5,938,8,10,0.045747,20504.09,0.020469,45826.23,0.018448,50845.15,0.021750,43126.24,0.021642,43342.25,0.021783,43061.84,0.028958,32391.23,0.046507,0.007511,0.007628,0.021783,0.083428,0.017844,4,109544,120234,566977,633,0,0,0,736,0,0,0,324,0,0,0,282,0,0,0,266,0,0,0,4,0,0,0,5057503694154616538,8428331896234418489,8428331896234418489,9856547235567485676,311742152309512994,12566355372430239572,0,0,0,0,0,0,0,0,0,0,0
91,5,1052,8,10,0.073292,14353.47,0.051217,20539.98,0.038271,27488.31,0.037830,27808.70,0.054444,19322.66,0.054275,19382.69,0.058663,17933.02,0.073925,0.007807,0.007449,0.054275,0.143456,0.017045,5,119639,132524,504147,835,0,0,0,1130,0,0,0,557,0,0,0,381,0,0,0,390,0,0,0,5,0,0,0,17951569452296584350,17951569452296584350,17951569452296584350,10617378087693880316,5089918888845352042,6855721002960993238,0,0,0,0,0,0,0,0,0,0,0
92,5,849,8,10,0.043327,19595.14,0.020712,40990.44,0.018756,45264.46,0.020001,42448.74,0.024944,34036.78,0.024588,34528.94,0.029698,28587.36,0.043659,0.006261,0.009076,0.024588,0.083584,0.012789,4,100053,106023,383380,640,0,0,0,935,0,0,0,357,0,0,0,343,0,0,0,302,0,0,0,2,0,0,0,2044481724421717123,5760034341962607586,5760034341962607586,14032537923726652476,7914772853099802532,12796624143340347958,0,0,0,0,0,0,0,0,0,0,0
93,5,832,8,10,0.050098,16607.46,0.027172,30619.30,0.020678,40236.30,0.022381,37174.21,0.028633,29057.05,0.022873,36374.38,0.035449,23470.48,0.050518,0.006485,0.012245,0.022873,0.092121,0.012446,1,100012,106242,485520,764,0,0,0,938,0,0,0,426,0,0,0,371,0,0,0,372,0,0,0,5,0,0,0,11561601856879428659,2556894926343371302,2556894926343371302,12168533890714711672,10047521359693218865,13001136204323342024,0,0,0,0,0,0,0,0,0,0,0
94,5,775,8,10,0.035344,21927.63,0.018477,41943.93,0.016908,45835.04,0.020115,38528.06,0.021831,35499.93,0.019689,39361.54,0.024442,31707.85,0.035591,0.006172,0.011856,0.019689,0.073309,0.009566,1,94847,98152,269394,453,0,0,0,715,0,0,0,464,0,0,0,267,0,0,0,296,0,0,0,9,0,0,0,4935678799517033565,4935678799517033565,4935678799517033565,15766063352629052758,11501228691090448938,7123056042088928492,0,0,0,0,0,0,0,0,0,0,0
95,5,905,8,10,0.041659,21723.95,0.023961,37769.59,0.021614,41870.57,0.025206,35903.73,0.025495,35497.16,0.024161,37457.28,0.028843,31377.05,0.042208,0.007899,0.015115,0.024161,0.089384,0.013380,1,121066,129966,410002,666,0,0,0,1040,0,0,0,497,0,0,0,319,0,0,0,422,0,0,0,8,0,0,0,15803035324189930171,15803035324189930171,15803035324189930171,12728429907034722298,2267579987225472108,5900799048862304746,0,0,0,0,0,0,0,0,0,0,0
96,5,1043,8,10,0.040261,25905.94,0.021703,48058.87,0.019741,52834.55,0.023082,45185.80,0.024670,42278.67,0.022588,46174.17,0.029325,35566.91,0.040833,0.007549,0.014194,0.022588,0.085164,0.015360,1,116819,132059,509090,744,0,0,0,1170,0,0,0,442,0,0,0,311,0,0,0,377,0,0,0,12,0,0,0,9630165993898767760,3520435653120475070,3520435653120475070,11236353751972957775,13932805009896157723,13145768288333430389,0,0,0,0,0,0,0,0,0,0,0
97,5,1008,8,10,0.046759,21557.25,0.026523,38005.25,0.019955,50512.40,0.023165,43514.02,0.027620,36494.98,0.022697,44411.40,0.036809,27384.52,0.047535,0.009331,0.014833,0.022697,0.094396,0.017327,1,114702,132312,414126,894,0,0,0,938,0,0,0,527,0,0,0,370,0,0,0,502,0,0,0,16,0,0,0,9848113856361948462,9848113856361948462,9848113856361948462,5724826736278667617,361430962592540914,3805423782352013006,0,0,0,0,0,0,0,0,0,0,0
98,5,865,8,10,0.054318,15924.86,0.023604,36646.21,0.016864,51292.65,0.020239,42738.33,0.025770,33566.68,0.020142,42944.48,0.034562,25027.49,0.055478,0.008028,0.014710,0.020142,0.098358,0.013754,1,118749,123844,387571,483,0,0,0,659,0,0,0,373,0,0,0,285,0,0,0,243,0,0,0,14,0,0,0,16465172092656552908,12865457880599385456,12865457880599385456,13794839291701852448,15914049542216809676,17737628933372006031,0,0,0,0,0,0,0,0,0,0,0
99,5,861,8,10,0.047823,18003.78,0.023232,37061.73,0.022156,38861.53,0.026192,32872.09,0.027512,31295.86,0.026879,32032.17,0.032415,26561.40,0.048374,0.007287,0.007751,0.026879,0.090292,0.012338,4,112107,118092,430886,696,0,0,0,991,0,0,0,504,0,0,0,332,0,0,0,360,0,0,0,7,0,0,0,2554910505804950066,2554910505804950066,2554910505804950066,6740592547317463386,10320559140121223896,7501939377186913191,0,0,0,0,0,0,0,0,0,0,0
100,5,947,8,10,0.047227,20051.94,0.024452,38729.30,0.021589,43865.84,0.025525,37100.63,0.025742,36787.49,0.026587,35618.34,0.032619,29031.95,0.048071,0.007338,0.011544,0.026587,0.093540,0.013924,2,110810,116815,505578,661,0,0,0,1002,0,0,0,427,0,0,0,320,0,0,0,307,0,0,0,7,0,0,0,909385344902829283,909385344902829283,909385344902829283,8386948958396010247,3265213004485759575,10043744748134955724,0,0,0,0,0,0,0,0,0,0,0
101,5,814,8,10,0.037946,21451.67,0.021779,37376.29,0.020516,39676.37,0.023577,34525.22,0.024317,33474.18,0.023081,35266.46,0.028374,28687.87,0.038328,0.006338,0.011910,0.023081,0.079658,0.012138,1,101677,110662,274624,716,0,0,0,955,0,0,0,362,0,0,0,332,0,0,0,374,0,0,0,5,0,0,0,13584737210133221843,15728921301844038948,15728921301844038948,4686224238931882203,119266453121718935,15560265963000333827,0,0,0,0,0,0,0,0,0,0,0
102,5,830,8,10,0.043080,19266.57,0.021437,38718.63,0.018745,44278.48,0.027033,30703.27,0.028178,29455.83,0.027755,29904.03,0.031187,26613.49,0.043231,0.006796,0.012735,0.027755,0.090517,0.011428,1,107867,113227,507859,556,0,0,0,889,0,0,0,517,0,0,0,277,0,0,0,367,0,0,0,3,0,0,0,11802555536603710468,11802555536603710468,11802555536603710468,14180191384637831397,13507760459770500838,5622502489797144560,0,0,0,0,0,0,0,0,0,0,0
103,5,724,8,10,0.038816,18652.25,0.019892,36396.85,0.019002,38101.39,0.024700,29312.30,0.025501,28391.00,0.024075,30073.02,0.028570,25341.01,0.039063,0.005984,0.011598,0.024075,0.080719,0.008759,1,94014,98009,305538,576,0,0,0,902,0,0,0,356,0,0,0,257,0,0,0,261,0,0,0,5,0,0,0,7816681859208695086,15601837675194629106,15601837675194629106,11262748585185940500,12381691892717565773,8145175021738246830,0,0,0,0,0,0,0,0,0,0,0
104,5,909,8,10,0.047355,19195.29,0.020282,44819.07,0.018923,48036.40,0.023136,39289.57,0.025282,35953.79,0.021897,41513.28,0.029823,30479.83,0.048187,0.007659,0.015345,0.021897,0.093089,0.012617,1,119600,124885,484854,530,0,0,0,750,0,0,0,446,0,0,0,332,0,0,0,321,0,0,0,6,0,0,0,6125572729956711192,7743467700630407191,7743467700630407191,16530087721454536804,2720062212094338088,9608289371828696624,0,0,0,0,0,0,0,0,0,0,0
105,5,785,8,10,0.061657,12731.69,0.048905,16051.64,0.044420,17672.04,0.033131,23694.16,0.051533,15233.09,0.050737,15471.88,0.049680,15801.05,0.062076,0.006179,0.005673,0.050737,0.124665,0.009446,5,96890,100740,414171,521,0,0,0,930,0,0,0,416,0,0,0,275,0,0,0,277,0,0,0,8,0,0,0,2688157277357587223,2688157277357587223,2688157277357587223,2441222429156540429,4961568348188839690,2889418044242053177,0,0,0,0,0,0,0,0,0,0,0
106,5,871,8,10,0.068686,12680.87,0.046636,18676.62,0.033749,25808.51,0.034102,25540.88,0.059118,14733.33,0.043417,20061.44,0.050795,17147.51,0.069016,0.007708,0.012136,0.043417,0.132277,0.012016,2,116782,121162,578308,571,0,0,0,799,0,0,0,483,0,0,0,286,0,0,0,363,0,0,0,11,0,0,0,7133350464784131038,7133350464784131038,7133350464784131038,10969837006247955408,6201248046970279517,10172086386073183886,0,0,0,0,0,0,0,0,0,0,0
107,5,822,8,10,0.042174,19490.83,0.021392,38426.07,0.017879,45975.47,0.019829,41454.22,0.022247,36948.10,0.020479,40138.04,0.028265,29081.54,0.042861,0.006347,0.010369,0.020479,0.080056,0.010149,2,99291,104251,411641,546,0,0,0,891,0,0,0,486,0,0,0,313,0,0,0,419,0,0,0,11,0,0,0,16631072796044862324,17094205009567420777,17094205009567420777,18374784936744645161,3836913941850824797,11275390591913722989,0,0,0,0,0,0,0,0,0,0,0
108,5,813,8,10,0.043011,18902.32,0.024836,32735.27,0.024074,33771.52,0.024276,33489.55,0.027930,29108.53,0.026974,30140.29,0.028537,28488.86,0.043445,0.006930,0.011423,0.026974,0.088772,0.011703,2,104832,109792,417044,584,0,0,0,831,0,0,0,441,0,0,0,304,0,0,0,322,0,0,0,8,0,0,0,8068700843883361952,10260456397247475662,10260456397247475662,1212576422592578798,15315358929773185460,17215345554198586202,0,0,0,0,0,0,0,0,0,0,0
109,5,737,8,10,0.040531,18183.52,0.018987,38816.27,0.017154,42963.75,0.020528,35902.74,0.021894,33662.69,0.020314,36280.32,0.026636,27669.06,0.041006,0.006679,0.014028,0.020314,0.082027,0.009314,1,111412,114857,391958,474,0,0,0,722,0,0,0,418,0,0,0,246,0,0,0,318,0,0,0,8,0,0,0,6478737104502256169,2717647142019109171,2717647142019109171,11791019998745460875,14549231276883937439,2808644006352026543,0,0,0,0,0,0,0,0,0,0,0
110,5,819,8,10,0.042518,19262.52,0.019965,41021.91,0.019382,42255.15,0.022431,36511.70,0.024290,33717.79,0.021051,38905.72,0.028299,28940.86,0.043642,0.008447,0.015931,0.021051,0.089071,0.012103,1,120950,125965,529548,647,0,0,0,881,0,0,0,442,0,0,0,297,0,0,0,295,0,0,0,19,0,0,0,9782669875696707430,16427839739509890547,16427839739509890547,6906402164046718204,14794462158055334568,16973072771890268376,0,0,0,0,0,0,0,0,0,0,0
111,5,786,8,10,0.046106,17047.81,0.028880,27216.14,0.018820,41764.68,0.018832,41738.20,0.034726,22634.34,0.018443,42618.93,0.036771,21375.57,0.046849,0.006614,0.012096,0.018443,0.084000,0.010736,1,86126,94571,309648,597,0,0,0,619,0,0,0,328,0,0,0,317,0,0,0,296,0,0,0,8,0,0,0,13674123915408041013,4595080087949419471,4595080087949419471,18005059859974285064,496143548364215538,8146434413717544605,0,0,0,0,0,0,0,0,0,0,0
112,5,898,8,10,0.046512,19306.84,0.021890,41022.54,0.020733,43312.22,0.024605,36495.97,0.025718,34917.30,0.023436,38317.07,0.033915,26477.81,0.047213,0.008170,0.008448,0.023436,0.087267,0.012936,4,117704,125024,632591,604,0,0,0,941,0,0,0,386,0,0,0,293,0,0,0,289,0,0,0,15,0,0,0,4336618779246505784,8479042789458410829,8479042789458410829,3646304523683643078,4112904397421490115,14311115410861499279,0,0,0,0,0,0,0,0,0,0,0
113,5,698,8,10,0.030883,22601.80,0.015832,44087.62,0.015071,46313.87,0.016259,42929.32,0.017376,40169.38,0.015629,44659.49,0.021735,32114.43,0.030863,0.005658,0.009933,0.015629,0.062083,0.007230,1,77044,82814,282484,393,0,0,0,593,0,0,0,278,0,0,0,196,0,0,0,258,0,0,0,1,0,0,0,15135447455572233696,17461660766517179739,17461660766517179739,7569794480641383273,76614458279495621,7464428348985284201,0,0,0,0,0,0,0,0,0,0,0
114,5,905,8,10,0.047903,18892.32,0.022646,39963.26,0.018937,47791.09,0.021256,42575.32,0.023281,38873.63,0.021386,42316.71,0.029967,30199.39,0.048481,0.007538,0.012085,0.021386,0.089490,0.013001,2,120754,125439,438706,461,0,0,0,836,0,0,0,708,0,0,0,483,0,0,0,771,0,0,0,4,0,0,0,18288056063304901162,16383149377652824973,16383149377652824973,7182221509829237533,5641451867260372894,15109548361519871871,0,0,0,0,0,0,0,0,0,0,0
115,5,838,8,10,0.063253,13248.46,0.033800,24793.06,0.021906,38254.51,0.021583,38826.50,0.033747,24831.94,0.029993,27939.68,0.048822,17164.36,0.063920,0.006622,0.005942,0.029993,0.106477,0.010409,5,99167,105267,617135,579,0,0,0,844,0,0,0,524,0,0,0,281,0,0,0,293,0,0,0,8,0,0,0,8883567003359206687,8883567003359206687,8883567003359206687,604993158174081190,10588667106683452724,2543811124232787771,0,0,0,0,0,0,0,0,0,0,0
116,5,725,8,10,0.043032,16848.08,0.023962,30255.94,0.016781,43202.75,0.021903,33100.90,0.025948,27940.56,0.020672,35071.08,0.031391,23095.48,0.043520,0.005582,0.007564,0.020672,0.077339,0.008128,3,90155,94025,395192,474,0,0,0,658,0,0,0,395,0,0,0,299,0,0,0,326,0,0,0,7,0,0,0,633152214309118099,633152214309118099,633152214309118099,4155552995635183705,11020151933014542445,12321858230349686858,0,0,0,0,0,0,0,0,0,0,0
117,5,843,8,10,0.062025,13591.39,0.038893,21674.95,0.027985,30123.23,0.026068,32337.97,0.036320,23210.08,0.031418,26831.98,0.049295,17101.28,0.062483,0.007182,0.006402,0.031418,0.107485,0.011217,5,108896,117031,518757,713,0,0,0,937,0,0,0,426,0,0,0,269,0,0,0,243,0,0,0,13,0,0,0,9739351307401316890,4324464286395660252,4324464286395660252,5738462786082993794,10275438527659897544,5712797359439922724,0,0,0,0,0,0,0,0,0,0,0
118,5,734,8,10,0.038187,19221.02,0.024958,29409.17,0.016360,44865.98,0.019352,37929.57,0.027232,26953.61,0.021612,33961.93,0.025960,28274.36,0.038488,0.006202,0.012016,0.021612,0.078319,0.009045,1,95226,101581,294084,558,0,0,0,801,0,0,0,335,0,0,0,261,0,0,0,371,0,0,0,8,0,0,0,1910438441597287412,1910438441597287412,1910438441597287412,16838740349694590435,16362976937509921376,9498051613409700646,0,0,0,0,0,0,0,0,0,0,0
119,5,1000,8,10,0.042182,23706.99,0.019937,50157.80,0.018259,54767.75,0.020762,48165.95,0.022141,45165.06,0.019412,51513.78,0.027533,36320.70,0.042930,0.008576,0.015830,0.019412,0.086748,0.014365,1,125733,131203,462005,624,0,0,0,943,0,0,0,517,0,0,0,317,0,0,0,399,0,0,0,9,0,0,0,2192809437079600414,2192809437079600414,2192809437079600414,1026858898045983621,4993552206354948917,11871832890615895244,0,0,0,0,0,0,0,0,0,0,0
120,5,682,8,10,0.034213,19934.17,0.014557,46851.83,0.013457,50681.59,0.015336,44469.33,0.017632,38680.25,0.015861,42997.21,0.023932,28497.14,0.034636,0.006157,0.011808,0.015861,0.068463,0.008047,1,95835,99190,379661,418,0,0,0,578,0,0,0,273,0,0,0,222,0,0,0,272,0,0,0,10,0,0,0,18091573116991140958,18091573116991140958,18091573116991140958,12259603460793767534,13804485254782797770,7612781511043282577,0,0,0,0,0,0,0,0,0,0,0
121,5,998,8,10,0.041170,24241.15,0.018800,53085.39,0.017257,57832.42,0.020935,47670.93,0.022940,43505.40,0.019869,50227.98,0.030894,32304.26,0.041570,0.006857,0.011041,0.019869,0.079337,0.013672,2,109343,126403,554132,710,0,0,0,955,0,0,0,359,0,0,0,201,0,0,0,273,0,0,0,9,0,0,0,11889437654452420953,11889437654452420953,11889437654452420953,7656876728384119208,703356895683567620,46333768402905076,0,0,0,0,0,0,0,0,0,0,0
122,5,743,8,10,0.033910,21910.91,0.017387,42731.98,0.015970,46523.71,0.019607,37895.01,0.021908,33914.98,0.020295,36610.43,0.023694,31358.77,0.034230,0.005937,0.011196,0.020295,0.071657,0.008249,1,89262,94337,352602,493,0,0,0,782,0,0,0,344,0,0,0,217,0,0,0,300,0,0,0,7,0,0,0,12323903687577857068,5269094292310382475,5269094292310382475,7890176011051992363,7190579843280007212,13323846897050462726,0,0,0,0,0,0,0,0,0,0,0
123,5,829,8,10,0.060058,13803.24,0.035574,23303.70,0.030192,27457.93,0.028558,29029.00,0.041868,19800.51,0.034956,23715.40,0.049098,16884.55,0.060526,0.006636,0.010747,0.034956,0.112865,0.010774,2,103552,109202,493600,528,0,0,0,918,0,0,0,315,0,0,0,245,0,0,0,306,0,0,0,16,0,0,0,15919800653281949508,15919800653281949508,15919800653281949508,16875906702053412022,6006677932334157438,12603426021240397239,0,0,0,0,0,0,0,0,0,0,0
124,5,823,8,10,0.068673,11984.25,0.036639,22462.48,0.027104,30364.13,0.030801,26720.21,0.033645,24461.00,0.022458,36645.38,0.050263,16373.79,0.069057,0.006283,0.012234,0.022458,0.110032,0.010092,1,100048,110238,377330,482,0,0,0,576,0,0,0,354,0,0,0,221,0,0,0,276,0,0,0,7,0,0,0,986326876083765210,986326876083765210,986326876083765210,2455466664575177669,15862060593356731810,3162311386580095169,0,0,0,0,0,0,0,0,0,0,0
125,5,971,8,10,0.047940,20254.54,0.023338,41605.88,0.020903,46451.86,0.025908,37479.24,0.028425,34159.99,0.026221,37031.08,0.036068,26921.60,0.048514,0.008103,0.015115,0.026221,0.097953,0.015843,2,126050,135810,415730,652,0,0,0,806,0,0,0,355,0,0,0,283,0,0,0,356,0,0,0,10,0,0,0,8521385089452029890,10024391839976132276,10024391839976132276,6454559553181789213,12857507083586712774,6302063539296022920,0,0,0,0,0,0,0,0,0,0,0
126,5,736,8,10,0.037143,19815.47,0.018168,40509.68,0.016398,44882.76,0.020783,35413.46,0.023595,31193.06,0.020960,35114.28,0.026837,27424.96,0.037703,0.006497,0.011727,0.020960,0.076887,0.008314,1,100432,107317,364702,522,0,0,0,637,0,0,0,302,0,0,0,189,0,0,0,245,0,0,0,8,0,0,0,91163479456849652,13689943274013061795,13689943274013061795,16871834132374478146,2441843425890216485,3006087277633243405,0,0,0,0,0,0,0,0,0,0,0
127,5,861,8,10,0.040602,21205.79,0.020881,41233.44,0.019551,44039.18,0.024924,34544.79,0.026120,32963.69,0.022331,38556.18,0.028555,30152.16,0.040924,0.007524,0.012986,0.022331,0.083765,0.011702,1,107820,113745,488896,613,0,0,0,970,0,0,0,393,0,0,0,329,0,0,0,314,0,0,0,10,0,0,0,11910796223819396436,11910796223819396436,11910796223819396436,16877882342910141744,15940066757946173860,508089728599120955,0,0,0,0,0,0,0,0,0,0,0
128,5,731,8,10,0.050594,14448.26,0.023339,31320.42,0.018455,39610.01,0.029420,24846.83,0.036349,20110.44,0.031502,23204.72,0.039814,18360.29,0.050975,0.006605,0.013450,0.031502,0.102532,0.010344,1,107879,117104,275571,655,0,0,0,795,0,0,0,282,0,0,0,224,0,0,0,340,0,0,0,2,0,0,0,7318976716035931501,12698490020517913518,12698490020517913518,6478192328312386470,4925343344014370927,12648247105324337804,0,0,0,0,0,0,0,0,0,0,0
129,5,769,8,10,0.031155,24682.82,0.018162,42340.67,0.016672,46124.85,0.019344,39754.60,0.020470,37567.43,0.018660,41210.43,0.022109,34782.55,0.031536,0.005736,0.005268,0.018660,0.061200,0.009908,5,87499,92514,354719,529,0,0,0,726,0,0,0,320,0,0,0,299,0,0,0,227,0,0,0,2,0,0,0,14439799920569432845,14439799920569432845,14439799920569432845,6401735515854146696,15257063638029654256,3845228533906379919,0,0,0,0,0,0,0,0,0,0,0
130,5,882,8,10,0.047687,18495.50,0.026433,33367.16,0.025872,34091.19,0.027750,31783.51,0.030953,28494.43,0.029984,29415.96,0.033452,26366.01,0.048220,0.007270,0.009517,0.029984,0.094991,0.013741,3,115607,122117,534361,781,0,0,0,1009,0,0,0,468,0,0,0,348,0,0,0,407,0,0,0,11,0,0,0,5464764447562252165,4923439574339263383,4923439574339263383,14649266005256476616,11695768157109773870,687499308323944964,0,0,0,0,0,0,0,0,0,0,0
131,5,748,8,10,0.045517,16433.31,0.020140,37139.28,0.014228,52572.20,0.016531,45249.01,0.021891,34168.86,0.021843,34244.67,0.030879,24223.57,0.045787,0.006064,0.006060,0.021843,0.079753,0.011732,4,93425,99450,238616,488,0,0,0,519,0,0,0,329,0,0,0,201,0,0,0,217,0,0,0,7,0,0,0,6163818294559268227,3509173463831641312,3509173463831641312,10694445163527590598,6798390401640870835,11050015080689504411,0,0,0,0,0,0,0,0,0,0,0
132,5,895,8,10,0.062334,14358.22,0.029368,30475.80,0.020671,43297.53,0.029567,30270.19,0.032611,27444.62,0.028543,31356.12,0.051937,17232.50,0.063123,0.007752,0.014135,0.028543,0.113552,0.013521,2,123039,138764,484926,694,0,0,0,838,0,0,0,285,0,0,0,210,0,0,0,252,0,0,0,13,0,0,0,17957684650597942211,17957684650597942211,17957684650597942211,13961689913012108994,7673413477956778469,3208576228161773179,0,0,0,0,0,0,0,0,0,0,0
133,5,718,8,10,0.051726,13880.83,0.024388,29440.29,0.021748,33014.67,0.019207,37382.81,0.027825,25803.83,0.017571,40861.73,0.039683,18093.23,0.052271,0.006390,0.011402,0.017571,0.087634,0.008450,1,89337,92687,347422,429,0,0,0,633,0,0,0,274,0,0,0,228,0,0,0,262,0,0,0,17,0,0,0,9901600210261182785,5435070853972483704,5435070853972483704,4848803273737907914,8838216350356492652,324155568438649842,0,0,0,0,0,0,0,0,0,0,0
134,5,887,8,10,0.055103,16097.21,0.029467,30101.68,0.023936,37057.51,0.024003,36953.52,0.031526,28135.10,0.028137,31523.81,0.040059,22142.59,0.055452,0.007539,0.010136,0.028137,0.101264,0.012816,3,111994,117904,504780,694,0,0,0,908,0,0,0,373,0,0,0,237,0,0,0,296,0,0,0,12,0,0,0,7383065467667332733,7383065467667332733,7383065467667332733,15189916563370267245,18217955414039015300,15595950252912267517,0,0,0,0,0,0,0,0,0,0,0
135,5,836,8,10,0.054454,15352.43,0.031548,26499.56,0.026651,31368.54,0.027483,30419.17,0.033973,24607.88,0.031008,26960.53,0.042207,19807.21,0.054636,0.007455,0.010456,0.031008,0.103556,0.012323,2,101790,109445,447481,598,0,0,0,937,0,0,0,508,0,0,0,381,0,0,0,417,0,0,0,8,0,0,0,2251197831351854483,13037730437253084032,13037730437253084032,5127433684125623752,14675475753087900468,13666046777145154380,0,0,0,0,0,0,0,0,0,0,0
136,5,637,8,10,0.026470,24065.19,0.013332,47779.50,0.012480,51040.95,0.014035,45385.91,0.016292,39099.71,0.014221,44792.62,0.019955,31921.75,0.026830,0.005016,0.009396,0.014221,0.055463,0.006230,1,75164,80379,185489,327,0,0,0,535,0,0,0,268,0,0,0,143,0,0,0,213,0,0,0,13,0,0,0,1562849560998160853,1562849560998160853,1562849560998160853,6054278785322088005,7095402025542161381,5293368959033229069,0,0,0,0,0,0,0,0,0,0,0
137,5,1006,8,10,0.055933,17985.71,0.029609,33976.28,0.029785,33775.34,0.029952,33586.76,0.033391,30127.71,0.029002,34686.86,0.038166,26358.85,0.056458,0.009069,0.016573,0.029002,0.111102,0.017359,1,134733,143973,637856,670,0,0,0,935,0,0,0,508,0,0,0,421,0,0,0,614,0,0,0,16,0,0,0,15320052778859505765,3085891252178988629,3085891252178988629,8000952872778740305,8203973656136117318,13484028125564309882,0,0,0,0,0,0,0,0,0,0,0
138,5,941,8,10,0.046184,20374.83,0.020999,44812.42,0.018554,50715.77,0.022451,41914.39,0.024115,39021.69,0.022588,41659.51,0.032573,28888.72,0.046892,0.007179,0.006582,0.022588,0.083241,0.015471,5,108472,115047,293179,517,0,0,0,826,0,0,0,361,0,0,0,224,0,0,0,187,0,0,0,1,0,0,0,4805188192304287863,9098058573729054903,9098058573729054903,16220049643067983242,7388622163634589315,10663134876934320050,0,0,0,0,0,0,0,0,0,0,0
139,5,710,8,10,0.046217,15362.27,0.029416,24136.18,0.013122,54108.50,0.019142,37092.07,0.028610,24816.16,0.019791,35874.21,0.037601,18882.56,0.046582,0.005870,0.010746,0.019791,0.082990,0.008670,1,94658,102263,215950,445,0,0,0,516,0,0,0,253,0,0,0,191,0,0,0,318,0,0,0,3,0,0,0,302055184293411982,2476137307533240975,2476137307533240975,3780438713715253124,8508199082715160286,11849155493945766657,0,0,0,0,0,0,0,0,0,0,0
140,5,1034,8,10,0.054690,18906.53,0.028839,35854.21,0.028002,36926.42,0.031971,32341.70,0.034126,30299.92,0.031702,32616.24,0.045548,22701.13,0.055293,0.009360,0.010353,0.031702,0.106707,0.018553,4,142851,170651,659294,925,0,0,0,1421,0,0,0,472,0,0,0,467,0,0,0,423,0,0,0,13,0,0,0,16746354294776260595,718145198773821034,718145198773821034,2185118991979806429,7960857611721492492,3552717168151435924,0,0,0,0,0,0,0,0,0,0,0
141,5,714,8,10,0.040483,17636.96,0.019433,36742.01,0.018435,38730.86,0.021671,32947.45,0.022619,31566.32,0.020605,34652.01,0.030958,23063.58,0.040813,0.006829,0.011083,0.020605,0.079330,0.009043,1,93112,97617,418367,553,0,0,0,928,0,0,0,400,0,0,0,243,0,0,0,206,0,0,0,9,0,0,0,5504979045539245197,5504979045539245197,5504979045539245197,14337701450670566267,16857856824364019600,18070445775765796376,0,0,0,0,0,0,0,0,0,0,0
142,5,703,8,10,0.026733,26296.75,0.015925,44145.73,0.014264,49283.20,0.015100,46556.71,0.016710,42069.53,0.014434,48704.60,0.019988,35171.31,0.027021,0.005029,0.009383,0.014434,0.055867,0.007973,1,78143,87233,301145,481,0,0,0,621,0,0,0,272,0,0,0,194,0,0,0,254,0,0,0,3,0,0,0,16652341761340900602,16652341761340900602,16652341761340900602,13476555456193871274,16064378737810722073,14036187034570700546,0,0,0,0,0,0,0,0,0,0,0
143,5,931,8,10,0.051291,18151.31,0.024615,37822.78,0.023814,39095.07,0.030387,30637.86,0.032040,29057.28,0.028914,32198.42,0.041042,22684.34,0.051537,0.008591,0.012661,0.028914,0.101703,0.014480,2,133217,142752,450313,791,0,0,0,1044,0,0,0,433,0,0,0,259,0,0,0,293,0,0,0,11,0,0,0,14262136656842816253,14262136656842816253,14262136656842816253,5458390269948090436,3973512976868363146,7676812585024992235,0,0,0,0,0,0,0,0,0,0,0
144,5,860,8,10,0.046407,18531.76,0.026307,32690.72,0.025365,33904.34,0.028708,29956.51,0.030493,28202.81,0.025575,33626.22,0.034484,24938.88,0.046772,0.007824,0.014029,0.025575,0.094200,0.011826,1,119625,127010,488379,808,0,0,0,1148,0,0,0,363,0,0,0,281,0,0,0,342,0,0,0,7,0,0,0,2785743376523547198,2785743376523547198,2785743376523547198,9897366062736120906,1862071542863087406,15720281939291957304,0,0,0,0,0,0,0,0,0,0,0
145,5,727,8,10,0.049083,14811.60,0.027801,26149.94,0.019790,36735.67,0.030576,23776.61,0.033089,21970.81,0.032008,22712.73,0.036725,19795.83,0.049219,0.005953,0.007809,0.032008,0.094989,0.008451,5,94830,98865,392976,584,0,0,0,880,0,0,0,448,0,0,0,326,0,0,0,302,0,0,0,11,0,0,0,10866067581029846316,9586047970999635813,9586047970999635813,10232342869409906579,4245396333916902025,6794394655278971827,0,0,0,0,0,0,0,0,0,0,0
146,5,806,8,10,0.045480,17721.95,0.019738,40835.28,0.018137,44439.85,0.021409,37648.52,0.022718,35478.55,0.019641,41036.44,0.031513,25576.35,0.046113,0.006354,0.012519,0.019641,0.084627,0.009963,1,105686,111251,471937,595,0,0,0,825,0,0,0,397,0,0,0,245,0,0,0,289,0,0,0,5,0,0,0,12681331515516596550,12681331515516596550,12681331515516596550,126571708396735530,12431041555400401896,16027267962790344490,0,0,0,0,0,0,0,0,0,0,0
147,5,719,8,10,0.029968,23992.36,0.014998,47938.69,0.013447,53471.14,0.017708,40602.55,0.019048,37747.12,0.017323,41504.58,0.023707,30328.67,0.030254,0.005300,0.008419,0.017323,0.061296,0.007803,2,83268,88663,219884,453,0,0,0,640,0,0,0,335,0,0,0,173,0,0,0,229,0,0,0,16,0,0,0,6895119946275913368,3196658043611076128,3196658043611076128,4213222477369216331,14353730097306633291,11251866283812611532,0,0,0,0,0,0,0,0,0,0,0
148,5,1078,8,10,0.053279,20233.27,0.027895,38644.49,0.023786,45320.78,0.027949,38570.72,0.031077,34688.32,0.031239,34507.99,0.035803,30109.02,0.053475,0.008278,0.008704,0.031239,0.101696,0.018493,4,129609,139999,659737,793,0,0,0,1227,0,0,0,481,0,0,0,347,0,0,0,378,0,0,0,17,0,0,0,17149548923485852922,8453614212247013936,8453614212247013936,5093607076603871232,15179760019284208283,13363388104151241622,0,0,0,0,0,0,0,0,0,0,0
149,5,937,8,10,0.058546,16004.46,0.032719,28637.53,0.023408,40029.49,0.023964,39100.69,0.033985,27571.31,0.020126,46557.65,0.045433,20623.63,0.058955,0.007835,0.013542,0.020126,0.100458,0.013414,1,112809,118344,379407,553,0,0,0,755,0,0,0,370,0,0,0,278,0,0,0,311,0,0,0,8,0,0,0,3806526632202680424,2007932818624728014,2007932818624728014,9057937930773808811,15438567129900017582,13127972740599557155,0,0,0,0,0,0,0,0,0,0,0
150,5,695,8,10,0.042107,16505.72,0.021281,32657.68,0.015278,45489.69,0.017631,39418.15,0.021750,31954.24,0.020719,33543.64,0.031302,22202.93,0.042445,0.006079,0.005990,0.020719,0.075233,0.008087,4,87727,90642,246660,423,0,0,0,576,0,0,0,304,0,0,0,215,0,0,0,212,0,0,0,7,0,0,0,18172920271707951420,18172920271707951420,18172920271707951420,14215232778120599204,11383232991188557633,14772482364598750572,0,0,0,0,0,0,0,0,0,0,0
151,5,832,8,10,0.048689,17088.02,0.024081,34549.75,0.021682,38372.63,0.026561,31323.72,0.031965,26028.38,0.025735,32329.68,0.036772,22625.79,0.049232,0.006960,0.013087,0.025735,0.095014,0.010608,1,108664,116044,570806,727,0,0,0,906,0,0,0,361,0,0,0,270,0,0,0,304,0,0,0,20,0,0,0,4840888268523193527,11744413355202066726,11744413355202066726,17583598910866316662,5582172443838156172,3612654511074926840,0,0,0,0,0,0,0,0,0,0,0
152,5,804,8,10,0.044668,17999.45,0.021528,37347.25,0.016696,48156.52,0.019379,41488.43,0.023295,34513.45,0.020983,38317.22,0.033494,24004.49,0.045286,0.006530,0.007107,0.020983,0.079906,0.009750,4,102192,112622,281545,518,0,0,0,727,0,0,0,322,0,0,0,200,0,0,0,221,0,0,0,7,0,0,0,5219241907998575234,7947466892667510985,7947466892667510985,10642733611328144126,17381481544547817817,30243590970706867,0,0,0,0,0,0,0,0,0,0,0
153,5,786,8,10,0.048937,16061.44,0.029687,26476.60,0.018988,41394.87,0.021460,36627.11,0.030787,25530.43,0.020619,38120.03,0.037956,20708.13,0.049398,0.006389,0.011660,0.020619,0.088065,0.009988,1,94218,100963,393481,603,0,0,0,787,0,0,0,406,0,0,0,278,0,0,0,345,0,0,0,12,0,0,0,13771605296957337688,15767081386071178747,15767081386071178747,13248086963088833398,3185925763902488194,15732212667800341779,0,0,0,0,0,0,0,0,0,0,0
154,5,894,8,10,0.048489,18437.09,0.029097,30725.03,0.022002,40633.27,0.019586,45644.46,0.030777,29048.02,0.031443,28432.34,0.037294,23971.89,0.048924,0.006639,0.008523,0.031443,0.095529,0.013557,4,104699,112344,447823,623,0,0,0,828,0,0,0,302,0,0,0,278,0,0,0,330,0,0,0,6,0,0,0,16432327528276502646,16432327528276502646,16432327528276502646,18128515279725295085,10178083009377951507,13383464470477497263,0,0,0,0,0,0,0,0,0,0,0
155,5,793,8,10,0.039529,20061.46,0.020070,39511.63,0.019015,41703.98,0.023323,34000.78,0.024564,32282.77,0.023002,34475.62,0.028627,27701.12,0.040000,0.006133,0.011369,0.023002,0.080503,0.011222,2,100635,105775,488427,626,0,0,0,870,0,0,0,423,0,0,0,264,0,0,0,262,0,0,0,10,0,0,0,12953610607042717318,12953610607042717318,12953610607042717318,11847824982140631808,14661443240100441831,2167663288423553735,0,0,0,0,0,0,0,0,0,0,0
156,5,974,8,10,0.052885,18417.17,0.022826,42670.97,0.019201,50725.76,0.024669,39482.63,0.031746,30680.65,0.025384,38370.39,0.042879,22714.83,0.053173,0.008100,0.015640,0.025384,0.102297,0.014681,1,120337,133897,393241,623,0,0,0,955,0,0,0,396,0,0,0,215,0,0,0,265,0,0,0,6,0,0,0,16703698811359677757,5981245183479247807,5981245183479247807,3770741908332519092,3014705110345635142,12489340588083671603,0,0,0,0,0,0,0,0,0,0,0
157,5,787,8,10,0.035235,22335.70,0.019829,39690.31,0.013908,56585.24,0.016574,47482.95,0.021398,36779.16,0.016436,47882.34,0.030077,26165.96,0.035538,0.006002,0.011093,0.016436,0.069069,0.008760,1,88350,100485,341662,375,0,0,0,505,0,0,0,247,0,0,0,116,0,0,0,208,0,0,0,2,0,0,0,13182174322164797841,14707463067157876699,14707463067157876699,11065225278881538556,4874466364589406225,7608223737705182112,0,0,0,0,0,0,0,0,0,0,0
158,5,1033,8,10,0.042829,24118.97,0.019186,53842.71,0.017778,58106.16,0.023367,44208.28,0.025368,40719.79,0.020886,49458.88,0.030283,34111.72,0.043223,0.007839,0.014134,0.020886,0.086082,0.016579,1,115241,129376,548601,676,0,0,0,874,0,0,0,520,0,0,0,323,0,0,0,317,0,0,0,8,0,0,0,10158377367977940068,6086165953132645903,6086165953132645903,4173547259912582744,990280114721213940,15329194298056854595,0,0,0,0,0,0,0,0,0,0,0
159,5,1112,8,10,0.042822,25967.74,0.020372,54585.85,0.019729,56364.21,0.023957,46416.09,0.024793,44852.09,0.023505,47308.30,0.031112,35742.30,0.042995,0.008080,0.013796,0.023505,0.088377,0.018283,2,121070,134635,464910,766,0,0,0,1080,0,0,0,608,0,0,0,341,0,0,0,461,0,0,0,13,0,0,0,14177294156986067576,10982676195744186827,10982676195744186827,3102831142692490630,17550733549671717857,16038973353584540525,0,0,0,0,0,0,0,0,0,0,0
160,5,752,8,10,0.040150,18729.73,0.021700,34653.74,0.016860,44601.79,0.018614,40400.56,0.024128,31167.05,0.023405,32129.37,0.028107,26754.61,0.040448,0.006166,0.007920,0.023405,0.077940,0.009917,4,93164,97039,468816,489,0,0,0,727,0,0,0,364,0,0,0,279,0,0,0,301,0,0,0,11,0,0,0,964581495582345369,9551224634318206009,9551224634318206009,10686602169069272600,13730745383068364858,9044160639743507469,0,0,0,0,0,0,0,0,0,0,0
161,5,847,8,10,0.042640,19863.78,0.019481,43477.35,0.018756,45158.54,0.024864,34065.27,0.027500,30800.25,0.027287,31040.43,0.033148,25551.77,0.043197,0.006663,0.007237,0.027287,0.084383,0.010660,4,105731,112111,399965,562,0,0,0,824,0,0,0,454,0,0,0,224,0,0,0,302,0,0,0,9,0,0,0,14030176737297445076,14030176737297445076,14030176737297445076,13445272297307397847,5101563307865088977,9986260534902121863,0,0,0,0,0,0,0,0,0,0,0
162,5,809,8,10,0.037591,21521.20,0.018418,43925.26,0.017100,47308.78,0.020377,39700.77,0.023537,34371.17,0.021373,37850.62,0.031296,25849.81,0.038047,0.005920,0.011933,0.021373,0.077273,0.010459,1,94823,106078,371914,582,0,0,0,826,0,0,0,319,0,0,0,250,0,0,0,220,0,0,0,5,0,0,0,7400841853920581939,14679353086042412119,14679353086042412119,14302682157440383218,14847831809556780853,1970582370292455894,0,0,0,0,0,0,0,0,0,0,0
163,5,805,8,10,0.039131,20571.96,0.022167,36314.77,0.020197,39857.13,0.022402,35933.77,0.023977,33573.23,0.023007,34989.31,0.027093,29712.79,0.039609,0.006711,0.012431,0.023007,0.081758,0.010105,1,102220,106475,386050,553,0,0,0,886,0,0,0,419,0,0,0,270,0,0,0,399,0,0,0,9,0,0,0,5832029602127810245,5832029602127810245,5832029602127810245,4834638488739570218,21285958426044084,1078343942820436506,0,0,0,0,0,0,0,0,0,0,0
164,5,884,8,10,0.043541,20302.54,0.020044,44103.13,0.018668,47353.39,0.020071,44044.38,0.021892,40379.49,0.018900,46772.35,0.030305,29170.28,0.043949,0.007383,0.013716,0.018900,0.083948,0.011393,1,110510,117260,521804,565,0,0,0,846,0,0,0,374,0,0,0,295,0,0,0,305,0,0,0,14,0,0,0,13984706782264284607,13984706782264284607,13984706782264284607,4339066281552831454,3585234358038047658,3307507340117637193,0,0,0,0,0,0,0,0,0,0,0
165,5,792,8,10,0.049671,15945.07,0.024439,32407.48,0.015675,50527.04,0.016641,47593.48,0.026237,30186.16,0.015448,51268.60,0.038303,20677.02,0.050135,0.006649,0.011286,0.015448,0.083518,0.012632,1,97929,102619,465903,411,0,0,0,445,0,0,0,322,0,0,0,232,0,0,0,297,0,0,0,3,0,0,0,16168201825200372136,15009603950011921141,15009603950011921141,7151086653030856193,9866924048662644097,6288661440118186357,0,0,0,0,0,0,0,0,0,0,0
166,5,697,8,10,0.047931,14541.72,0.025221,27635.18,0.018775,37124.44,0.021699,32121.13,0.027571,25280.00,0.027510,25336.43,0.035838,19448.56,0.048205,0.005978,0.007476,0.027510,0.089169,0.007940,4,91518,95678,443052,537,0,0,0,756,0,0,0,378,0,0,0,209,0,0,0,215,0,0,0,5,0,0,0,3249511941569853438,3249511941569853438,3249511941569853438,15608194730905926152,7040550493171306164,17252996919617366850,0,0,0,0,0,0,0,0,0,0,0
167,5,799,8,10,0.080733,9896.76,0.051342,15562.44,0.032914,24275.60,0.032832,24336.12,0.050971,15675.56,0.043395,18412.36,0.065787,12145.31,0.081637,0.006456,0.005725,0.043395,0.137213,0.010750,5,93543,98773,425274,510,0,0,0,656,0,0,0,363,0,0,0,197,0,0,0,190,0,0,0,3,0,0,0,12797722902293927306,8594150568514259022,8594150568514259022,999535786592978170,1205886889065959540,11962382919809851920,0,0,0,0,0,0,0,0,0,0,0
168,5,930,8,10,0.049974,18609.86,0.026215,35475.50,0.018896,49217.95,0.021752,42754.31,0.028452,32686.68,0.020212,46011.56,0.037423,24851.02,0.050413,0.006833,0.012436,0.020212,0.089894,0.012303,1,104838,116093,579064,665,0,0,0,951,0,0,0,508,0,0,0,373,0,0,0,445,0,0,0,10,0,0,0,16777594517903751649,13340016958435018155,13340016958435018155,17720380245774212406,13498201980475157487,62398791114277231,0,0,0,0,0,0,0,0,0,0,0
169,5,781,8,10,0.057058,13687.78,0.031202,25030.76,0.019117,40854.46,0.021739,35926.71,0.032642,23926.09,0.030662,25471.08,0.044497,17551.57,0.057300,0.006819,0.008843,0.030662,0.103624,0.011159,4,101995,106460,285565,626,0,0,0,802,0,0,0,343,0,0,0,297,0,0,0,316,0,0,0,8,0,0,0,7178780557093483793,305187797454110591,305187797454110591,15651298160450006937,7836215338118508200,8305054554656609926,0,0,0,0,0,0,0,0,0,0,0
170,5,785,8,10,0.063774,12309.06,0.032090,24462.56,0.019210,40865.15,0.030314,25895.31,0.041634,18854.86,0.026659,29445.50,0.049967,15710.36,0.063939,0.006465,0.012424,0.026659,0.109487,0.009223,1,100043,104608,461868,377,0,0,0,533,0,0,0,324,0,0,0,194,0,0,0,382,0,0,0,3,0,0,0,15174275812233244319,3711436617958858339,3711436617958858339,10783350765230821279,12460822156003661344,5022305549382019309,0,0,0,0,0,0,0,0,0,0,0
171,5,850,8,10,0.040879,20793.04,0.019276,44096.96,0.017656,48141.64,0.021333,39843.49,0.023904,35559.08,0.021410,39700.95,0.025202,33728.06,0.041129,0.007445,0.011447,0.021410,0.081432,0.011205,2,108853,112913,409821,533,0,0,0,749,0,0,0,404,0,0,0,285,0,0,0,288,0,0,0,11,0,0,0,18322154318126891571,10712837055184203477,10712837055184203477,5438563349842832871,9678754967788631583,14886471747260777037,0,0,0,0,0,0,0,0,0,0,0
172,5,803,8,10,0.037374,21485.54,0.020796,38613.50,0.019012,42237.42,0.020871,38473.99,0.023122,34728.30,0.019761,40635.67,0.023182,34638.62,0.038128,0.007088,0.012581,0.019761,0.077558,0.010556,1,100547,106707,363208,754,0,0,0,983,0,0,0,451,0,0,0,381,0,0,0,403,0,0,0,8,0,0,0,14165217241848250348,17362212423873151052,17362212423873151052,13791435319396994241,11344680043966278942,12549516845284103125,0,0,0,0,0,0,0,0,0,0,0
173,5,848,8,10,0.032557,26046.45,0.015669,54118.57,0.012455,68082.41,0.013372,63416.98,0.018203,46585.10,0.015037,56394.18,0.027463,30877.94,0.032588,0.006123,0.011260,0.015037,0.065008,0.012506,1,91466,105296,278914,345,0,0,0,456,0,0,0,204,0,0,0,147,0,0,0,270,0,0,0,0,0,0,0,15211643046716603123,10943197575403885863,10943197575403885863,7216932235548322690,6673383572282458135,13367932152005616433,0,0,0,0,0,0,0,0,0,0,0
174,5,943,8,10,0.059598,15822.60,0.033228,28379.25,0.024261,38868.25,0.030399,31020.27,0.039202,24055.13,0.030816,30600.62,0.046741,20175.04,0.060550,0.007919,0.011923,0.030816,0.111209,0.014966,2,122279,129429,541914,809,0,0,0,1104,0,0,0,583,0,0,0,376,0,0,0,390,0,0,0,16,0,0,0,1974920273257519333,1974920273257519333,1974920273257519333,12106396749661288498,16413135234548181374,5483872573890968785,0,0,0,0,0,0,0,0,0,0,0
175,5,739,8,10,0.048563,15217.36,0.031274,23630.07,0.023325,31683.19,0.025139,29396.77,0.029985,24645.27,0.022116,33414.44,0.038458,19215.82,0.048816,0.006104,0.009994,0.022116,0.087030,0.008602,2,99161,103266,392069,425,0,0,0,765,0,0,0,461,0,0,0,228,0,0,0,263,0,0,0,12,0,0,0,17054032175938634270,1350103635803790773,1350103635803790773,3612265360066511341,900320584227056861,4027422682170932832,0,0,0,0,0,0,0,0,0,0,0
176,5,847,8,10,0.040923,20697.19,0.020037,42271.34,0.018584,45577.35,0.020193,41944.50,0.022775,37190.27,0.021694,39043.39,0.030944,27371.99,0.041635,0.006548,0.006123,0.021694,0.075999,0.010972,5,102620,106665,485078,522,0,0,0,966,0,0,0,428,0,0,0,273,0,0,0,263,0,0,0,15,0,0,0,3521887356078237974,8116088299749344381,8116088299749344381,3613511815713931340,14752263811231625614,15830617779023470319,0,0,0,0,0,0,0,0,0,0,0
177,5,623,8,10,0.041735,14927.62,0.018951,32873.54,0.012641,49284.66,0.019593,31796.29,0.021597,28846.85,0.018573,33542.50,0.032212,19340.44,0.042240,0.006472,0.008665,0.018573,0.075950,0.009756,2,98157,102632,442760,333,0,0,0,360,0,0,0,175,0,0,0,115,0,0,0,94,0,0,0,3,0,0,0,11544281630146645846,1229753329566075485,1229753329566075485,3588139264742079189,7597507824974071583,3347284719537919246,0,0,0,0,0,0,0,0,0,0,0
178,5,941,8,10,0.038494,24445.53,0.018232,51613.41,0.016937,55557.41,0.021309,44160.29,0.023936,39312.48,0.021229,44325.47,0.028485,33035.05,0.038805,0.007141,0.013518,0.021229,0.080694,0.013313,1,104611,113741,410754,548,0,0,0,774,0,0,0,323,0,0,0,248,0,0,0,236,0,0,0,4,0,0,0,16482847543793222737,17759892790258646460,17759892790258646460,10608165871039375765,13629006292833510713,10794678504091447392,0,0,0,0,0,0,0,0,0,0,0
179,5,925,8,10,0.041245,22427.11,0.020119,45977.35,0.019238,48080.82,0.022531,41054.95,0.024483,37780.79,0.023241,39799.97,0.027619,33491.62,0.041959,0.008200,0.015349,0.023241,0.088749,0.013218,1,122137,128982,498290,498,0,0,0,765,0,0,0,358,0,0,0,296,0,0,0,361,0,0,0,10,0,0,0,11149425099251010308,11149425099251010308,11149425099251010308,18163534524516991700,2129638784510817067,3277226571523598306,0,0,0,0,0,0,0,0,0,0,0
180,5,732,8,10,0.035783,20456.39,0.019736,37090.29,0.015871,46122.33,0.020748,35280.00,0.023292,31427.54,0.019456,37622.69,0.024956,29331.09,0.036251,0.005852,0.009781,0.019456,0.071341,0.008453,2,100009,102994,254530,432,0,0,0,560,0,0,0,308,0,0,0,274,0,0,0,313,0,0,0,3,0,0,0,9567003384636217320,6739619745667524952,6739619745667524952,7764278282002027358,2202341372629347180,6347191811514306198,0,0,0,0,0,0,0,0,0,0,0
181,5,892,8,10,0.043627,20446.16,0.026293,33924.88,0.020068,44449.70,0.024429,36513.34,0.028938,30824.53,0.022045,40462.09,0.031326,28474.64,0.044318,0.006797,0.009194,0.022045,0.082355,0.011547,3,105738,112918,526574,676,0,0,0,979,0,0,0,535,0,0,0,373,0,0,0,412,0,0,0,14,0,0,0,16560375066403822562,6735523089504837315,6735523089504837315,14971665372417541286,5502615787110267875,9915613628133335169,0,0,0,0,0,0,0,0,0,0,0
182,5,847,8,10,0.054807,15454.23,0.028816,29393.41,0.022044,38422.32,0.022480,37677.27,0.029712,28507.42,0.022758,37217.97,0.043013,19691.78,0.055147,0.007065,0.013710,0.022758,0.098680,0.011558,1,110794,119179,441921,769,0,0,0,939,0,0,0,501,0,0,0,304,0,0,0,403,0,0,0,13,0,0,0,8871750500930520047,17463496845598140457,17463496845598140457,9396297214421433904,16116909407590312001,17639289875244342434,0,0,0,0,0,0,0,0,0,0,0
183,5,821,8,10,0.090362,9085.67,0.061432,13364.38,0.041015,20016.83,0.041125,19963.75,0.062347,13168.17,0.058552,14021.66,0.078338,10480.24,0.090560,0.006815,0.007052,0.058552,0.162980,0.011046,4,100621,112841,452386,600,0,0,0,937,0,0,0,313,0,0,0,316,0,0,0,301,0,0,0,4,0,0,0,17984922858605582284,6534493025276118480,6534493025276118480,1836956745275873081,13957907127228230204,4478432913887497191,0,0,0,0,0,0,0,0,0,0,0
184,5,802,8,10,0.053765,14916.81,0.026298,30496.29,0.018579,43165.89,0.021041,38116.84,0.028858,27791.23,0.021492,37316.72,0.039907,20096.98,0.054251,0.006410,0.012682,0.021492,0.094834,0.010036,1,99702,104687,364727,567,0,0,0,868,0,0,0,403,0,0,0,312,0,0,0,363,0,0,0,16,0,0,0,2477056187243753701,1600986379508243261,1600986379508243261,17027706212088072355,12184765136006902481,10752325864435259223,0,0,0,0,0,0,0,0,0,0,0
185,5,819,8,10,0.057601,14218.41,0.030216,27104.58,0.028124,29120.59,0.023107,35443.47,0.030082,27225.26,0.027122,30197.28,0.043248,18937.09,0.057876,0.007006,0.006692,0.027122,0.098696,0.013134,4,102654,110284,425376,669,0,0,0,883,0,0,0,330,0,0,0,245,0,0,0,268,0,0,0,9,0,0,0,40387690102904125,4207683806849454722,4207683806849454722,17841304526406332556,13268192934149731611,8066572955804223457,0,0,0,0,0,0,0,0,0,0,0
186,5,1198,8,10,0.050455,23743.77,0.027144,44134.49,0.025839,46364.83,0.029848,40137.18,0.033206,36078.01,0.028637,41834.24,0.037909,31602.21,0.051468,0.009482,0.016721,0.028637,0.106308,0.022156,1,127123,150383,453010,808,0,0,0,1194,0,0,0,455,0,0,0,321,0,0,0,399,0,0,0,19,0,0,0,6281273764085403186,15832362831335775044,15832362831335775044,12572244163650354874,12952190332950066375,14290505163733951203,0,0,0,0,0,0,0,0,0,0,0
187,5,793,8,10,0.045339,17490.40,0.022902,34626.08,0.022204,35713.51,0.024050,32973.65,0.026900,29480.08,0.025534,31056.22,0.032852,24138.65,0.045451,0.006484,0.011935,0.025534,0.089404,0.009946,1,98621,106146,460269,595,0,0,0,916,0,0,0,301,0,0,0,277,0,0,0,304,0,0,0,8,0,0,0,17313841651082764698,10036950053272588977,10036950053272588977,15423821734687794716,2411145592377108921,9146186205646622605,0,0,0,0,0,0,0,0,0,0,0
188,5,738,8,10,0.040680,18141.72,0.020150,36624.76,0.017093,43175.41,0.023836,30961.15,0.025113,29386.65,0.018669,39530.07,0.031527,23408.83,0.041301,0.005901,0.008300,0.018669,0.074171,0.009206,3,86926,95531,234110,336,0,0,0,450,0,0,0,268,0,0,0,173,0,0,0,194,0,0,0,14,0,0,0,980288082367958492,6051481077465873907,6051481077465873907,9721283536407503707,11387388513079101435,14476414308492879865,0,0,0,0,0,0,0,0,0,0,0
189,5,991,8,10,0.050027,19809.34,0.022511,44023.33,0.019672,50376.63,0.022547,43951.87,0.026882,36864.87,0.021840,45376.42,0.038068,26032.69,0.051232,0.009586,0.016324,0.021840,0.098981,0.014877,1,121360,131325,604570,696,0,0,0,956,0,0,0,488,0,0,0,320,0,0,0,308,0,0,0,15,0,0,0,8098370860281730705,8098370860281730705,8098370860281730705,4074745561439510260,44910621094968437,3018267049567843819,0,0,0,0,0,0,0,0,0,0,0
190,5,744,8,10,0.034518,21554.05,0.019257,38635.63,0.017712,42005.94,0.021072,35306.90,0.021104,35254.32,0.020549,36206.69,0.022589,32936.49,0.035029,0.006138,0.005720,0.020549,0.067436,0.008831,5,91485,95140,372115,472,0,0,0,747,0,0,0,374,0,0,0,238,0,0,0,203,0,0,0,6,0,0,0,9431008342865114414,7870188776745678733,7870188776745678733,9453217694551937963,17547127090923814526,11969726901387404718,0,0,0,0,0,0,0,0,0,0,0
191,5,766,8,10,0.042293,18111.65,0.019394,39496.99,0.017920,42746.68,0.021959,34883.06,0.023726,32284.81,0.021974,34858.67,0.026137,29307.46,0.043501,0.007398,0.013258,0.021974,0.086131,0.010389,1,111244,114634,449268,474,0,0,0,744,0,0,0,353,0,0,0,249,0,0,0,364,0,0,0,6,0,0,0,11250270406851745650,9972709816444529908,9972709816444529908,9381841119102827184,10659127244435549385,5077480131762837226,0,0,0,0,0,0,0,0,0,0,0
192,5,834,8,10,0.050427,16538.80,0.027884,29909.21,0.021594,38622.43,0.023744,35124.21,0.031259,26680.45,0.030106,27701.84,0.037754,22090.60,0.050879,0.007209,0.007333,0.030106,0.095527,0.012565,4,121810,131815,289015,811,0,0,0,826,0,0,0,421,0,0,0,335,0,0,0,323,0,0,0,6,0,0,0,12511779675307338464,12106426369346326505,12106426369346326505,2693995526929719358,7643257254431487421,16989247822779894652,0,0,0,0,0,0,0,0,0,0,0
193,5,772,8,10,0.032624,23663.32,0.018114,42619.44,0.016410,47045.92,0.019078,40464.65,0.020004,38591.82,0.018170,42488.50,0.024412,31624.22,0.032442,0.006174,0.006419,0.018170,0.063204,0.009783,4,86317,92522,339813,356,0,0,0,667,0,0,0,354,0,0,0,197,0,0,0,176,0,0,0,8,0,0,0,2144177718043571092,2144177718043571092,2144177718043571092,18237983004359567906,8816655348826250828,2999114102458672239,0,0,0,0,0,0,0,0,0,0,0
194,5,895,8,10,0.044167,20263.94,0.024002,37288.19,0.021573,41486.82,0.024527,36491.08,0.028043,31915.73,0.022799,39256.55,0.029696,30138.65,0.044563,0.007707,0.014825,0.022799,0.089894,0.013007,1,123580,129065,590885,797,0,0,0,961,0,0,0,565,0,0,0,392,0,0,0,390,0,0,0,13,0,0,0,12400783697662499036,3727145850269091980,3727145850269091980,9559996445616541066,9037429245299702933,11134861949061957072,0,0,0,0,0,0,0,0,0,0,0
195,5,720,8,10,0.037843,19025.77,0.019587,36759.00,0.015303,47048.15,0.017481,41187.86,0.018928,38038.25,0.016849,42733.61,0.024883,28935.34,0.038052,0.006327,0.011142,0.016849,0.072370,0.008842,1,96311,99766,450800,449,0,0,0,546,0,0,0,336,0,0,0,238,0,0,0,295,0,0,0,3,0,0,0,3692483893938418725,2582215437971515797,2582215437971515797,6753689306100016790,17528032709334962677,3418033610228848757,0,0,0,0,0,0,0,0,0,0,0
196,5,755,8,10,0.043366,17409.76,0.024587,30707.73,0.023877,31620.40,0.026664,28315.28,0.029227,25832.65,0.024649,30629.78,0.033993,22210.73,0.043403,0.006415,0.012638,0.024649,0.087105,0.011926,1,99881,108281,420118,605,0,0,0,855,0,0,0,502,0,0,0,271,0,0,0,303,0,0,0,4,0,0,0,7827295224446394610,7827295224446394610,7827295224446394610,16246435319797149810,7293154100502750665,6709934191932403039,0,0,0,0,0,0,0,0,0,0,0
197,5,921,8,10,0.048163,19122.72,0.027420,33588.86,0.021162,43522.31,0.022575,40798.01,0.029164,31579.95,0.027331,33697.86,0.035810,25719.20,0.048500,0.008008,0.012562,0.027331,0.096402,0.013097,2,119049,125644,471967,624,0,0,0,845,0,0,0,374,0,0,0,247,0,0,0,240,0,0,0,17,0,0,0,6994257698686080480,9858647112764572635,9858647112764572635,15553235839817743217,10230638822744072913,8060525314680003093,0,0,0,0,0,0,0,0,0,0,0
198,5,833,8,10,0.048325,17237.44,0.026237,31749.12,0.017096,48725.95,0.017375,47942.42,0.023185,35928.58,0.017664,47158.89,0.039222,21237.98,0.048403,0.005850,0.010951,0.017664,0.082868,0.011985,1,91229,101434,393100,390,0,0,0,434,0,0,0,243,0,0,0,199,0,0,0,287,0,0,0,4,0,0,0,8537085807274915341,14636623089930211420,14636623089930211420,6061354327934868301,617519901155332579,10381171747675374677,0,0,0,0,0,0,0,0,0,0,0
199,5,802,8,10,0.050351,15928.28,0.020613,38907.47,0.015908,50415.83,0.026866,29852.38,0.028284,28355.38,0.026825,29897.90,0.039648,20228.09,0.050805,0.007568,0.013902,0.026825,0.099101,0.011446,1,117684,123129,487955,406,0,0,0,579,0,0,0,340,0,0,0,201,0,0,0,248,0,0,0,3,0,0,0,626826018814579996,2084534544444571538,2084534544444571538,5545856048892869657,2362049257035785709,13349484656068823987,0,0,0,0,0,0,0,0,0,0,0
200,5,823,8,10,0.067896,12121.44,0.031826,25859.37,0.027420,30014.18,0.025723,31994.46,0.037196,22125.75,0.026258,31343.26,0.050145,16412.27,0.068404,0.006451,0.012140,0.026258,0.113253,0.010256,1,101243,108673,538727,690,0,0,0,1034,0,0,0,450,0,0,0,266,0,0,0,458,0,0,0,12,0,0,0,8293278810857088667,11149756766201386489,11149756766201386489,5032759875028563721,15791191170743736061,14228518782707551324,0,0,0,0,0,0,0,0,0,0,0
201,5,798,8,10,0.062676,12732.05,0.033138,24081.31,0.027585,28928.99,0.022536,35410.41,0.030854,25863.64,0.023638,33758.51,0.045544,17521.43,0.063191,0.007618,0.014515,0.023638,0.108962,0.010359,1,115205,119630,400465,526,0,0,0,767,0,0,0,406,0,0,0,343,0,0,0,415,0,0,0,10,0,0,0,1928827109996951922,4425927093202567211,4425927093202567211,2929510695745661176,533877325475444633,2135661319577121972,0,0,0,0,0,0,0,0,0,0,0
202,5,815,8,10,0.039061,20864.90,0.018910,43098.84,0.015947,51105.25,0.021097,38630.63,0.024226,33642.06,0.021316,38234.59,0.030631,26606.65,0.039737,0.006222,0.007881,0.021316,0.075156,0.009704,4,98319,105954,351023,562,0,0,0,653,0,0,0,349,0,0,0,267,0,0,0,254,0,0,0,4,0,0,0,1429204372618931690,4415164672653905368,4415164672653905368,11571471531707232138,1942421307182979579,9669231789363985889,0,0,0,0,0,0,0,0,0,0,0
203,5,824,8,10,0.036851,22360.42,0.018853,43707.24,0.017560,46924.14,0.019169,42986.62,0.022055,37360.65,0.020507,40181.75,0.023631,34868.95,0.037441,0.006585,0.012496,0.020507,0.077029,0.010199,1,105272,109357,434368,501,0,0,0,771,0,0,0,402,0,0,0,332,0,0,0,420,0,0,0,7,0,0,0,946059658426806517,946059658426806517,946059658426806517,9543561532850240455,14475146953624315025,13376568156025411419,0,0,0,0,0,0,0,0,0,0,0
204,5,1171,8,10,0.038511,30406.86,0.018795,62302.15,0.017401,67295.65,0.022109,52964.39,0.023623,49571.12,0.021882,53514.35,0.052057,22494.56,0.039093,0.006879,0.013480,0.021882,0.081335,0.016021,1,108468,451583,422902,460,0,0,0,748,0,0,0,461,0,0,0,274,0,0,0,415,0,0,0,9,0,0,0,17897267156468742444,2893857468348796102,2893857468348796102,4371204959183564816,11249992683279811276,87173002120111069,0,0,0,0,0,0,0,0,0,0,0
205,5,854,8,10,0.045324,18841.99,0.025350,33688.72,0.020628,41399.43,0.022191,38484.61,0.026709,31974.12,0.025293,33763.71,0.031830,26830.30,0.045977,0.006535,0.006182,0.025293,0.083986,0.010494,5,103276,108396,375718,598,0,0,0,885,0,0,0,403,0,0,0,306,0,0,0,282,0,0,0,8,0,0,0,14286016809188671940,11807439916457419968,11807439916457419968,2653211048842467983,10389508884566513685,14782412197718365490,0,0,0,0,0,0,0,0,0,0,0
206,5,823,8,10,0.033470,24589.02,0.018711,43984.96,0.014014,58727.91,0.014761,55753.54,0.020650,39855.12,0.014178,58047.17,0.032307,25474.45,0.033479,0.005199,0.010732,0.014178,0.063588,0.013596,1,81360,163185,223447,346,0,0,0,441,0,0,0,251,0,0,0,158,0,0,0,161,0,0,0,1,0,0,0,14627040484686903685,10177103957848248321,10177103957848248321,14757204761040538365,7972587713632188301,10169338645156120310,0,0,0,0,0,0,0,0,0,0,0
207,5,938,8,10,0.051409,18245.94,0.025708,36486.05,0.023444,40009.91,0.029745,31535.01,0.032110,29212.22,0.031998,29314.77,0.041029,22862.15,0.051845,0.007945,0.010452,0.031998,0.102240,0.014625,5,126120,134530,566497,787,0,0,0,1073,0,0,0,332,0,0,0,272,0,0,0,289,0,0,0,13,0,0,0,16015132877562275864,3453945693292134331,3453945693292134331,14451476206753516310,10253568384178738552,12979435592968693600,0,0,0,0,0,0,0,0,0,0,0
208,5,1061,8,10,0.043415,24438.34,0.022204,47783.65,0.017802,59601.04,0.023162,45808.39,0.025008,42426.10,0.021905,48435.85,0.032000,33156.00,0.043737,0.007478,0.014018,0.021905,0.087138,0.015218,1,113913,122388,488340,596,0,0,0,740,0,0,0,364,0,0,0,219,0,0,0,236,0,0,0,6,0,0,0,5404287013576363923,5416767158730509058,5416767158730509058,16627435836260071986,17666566605518897431,3653595102432758878,0,0,0,0,0,0,0,0,0,0,0
209,5,702,8,10,0.028828,24351.09,0.014569,48186.06,0.011623,60399.58,0.016078,43662.66,0.016395,42818.29,0.015814,44391.02,0.022244,31558.54,0.029271,0.004966,0.004946,0.015814,0.054996,0.008773,4,81967,91972,307081,344,0,0,0,443,0,0,0,227,0,0,0,126,0,0,0,115,0,0,0,7,0,0,0,14432318838032750778,14432318838032750778,14432318838032750778,5611103928346542656,13233988332028089988,7055602794614967157,0,0,0,0,0,0,0,0,0,0,0
210,5,911,8,10,0.046752,19485.81,0.021428,42514.51,0.020415,44623.11,0.023398,38934.39,0.025401,35865.20,0.024616,37007.93,0.031181,29216.24,0.047296,0.007980,0.010227,0.024616,0.090119,0.016106,3,124328,130453,496858,666,0,0,0,1126,0,0,0,398,0,0,0,368,0,0,0,372,0,0,0,14,0,0,0,9406508465195510966,8750709682599419696,8750709682599419696,7705980427996831039,18044000324166879268,17924462744989677422,0,0,0,0,0,0,0,0,0,0,0
211,5,859,8,10,0.041478,20709.65,0.021722,39545.20,0.019333,44431.15,0.023649,36323.46,0.024483,35085.74,0.023069,37235.69,0.027668,31047.05,0.041787,0.007219,0.006487,0.023069,0.078563,0.011915,5,108771,114906,415946,590,0,0,0,1032,0,0,0,456,0,0,0,291,0,0,0,289,0,0,0,15,0,0,0,14947584610046374178,14947584610046374178,14947584610046374178,8842113292741416519,9560268977033922390,11634355151999777085,0,0,0,0,0,0,0,0,0,0,0
212,5,746,8,10,0.035904,20777.68,0.019768,37737.04,0.018482,40362.58,0.020354,36651.26,0.021626,34496.00,0.020311,36728.04,0.022627,32968.94,0.036086,0.005812,0.011366,0.020311,0.073575,0.008612,1,93659,97639,355455,538,0,0,0,898,0,0,0,429,0,0,0,296,0,0,0,350,0,0,0,4,0,0,0,6886403660947905213,16156672039415552760,16156672039415552760,6059618759055098820,9236612311051337150,1410382957963465443,0,0,0,0,0,0,0,0,0,0,0
213,5,844,8,10,0.037233,22668.12,0.017873,47223.12,0.017073,49434.38,0.020367,41440.19,0.021239,39738.18,0.019480,43325.96,0.026018,32438.66,0.037685,0.006581,0.010427,0.019480,0.074174,0.011406,2,107129,112689,558998,570,0,0,0,802,0,0,0,370,0,0,0,272,0,0,0,307,0,0,0,5,0,0,0,8626281137046156131,4630492638910846923,4630492638910846923,3624002209240017624,4040251165255361030,2924750991823118975,0,0,0,0,0,0,0,0,0,0,0
214,5,810,8,10,0.043750,18514.42,0.022543,35930.62,0.016130,50216.80,0.026327,30766.77,0.027820,29115.30,0.027648,29296.78,0.040377,20060.85,0.044272,0.005919,0.005593,0.027648,0.083432,0.009413,5,93392,102017,280237,405,0,0,0,719,0,0,0,323,0,0,0,125,0,0,0,119,0,0,0,5,0,0,0,5046564807675049986,15972885816241412190,15972885816241412190,17854649242960146473,17524709580139709696,2483240190293979953,0,0,0,0,0,0,0,0,0,0,0
215,5,861,8,10,0.075393,11420.20,0.038361,22444.65,0.029475,29211.10,0.030663,28079.43,0.045208,19045.22,0.043837,19641.00,0.055005,15653.10,0.075955,0.008233,0.007766,0.043837,0.135791,0.013907,4,118805,125895,531422,661,0,0,0,883,0,0,0,453,0,0,0,298,0,0,0,282,0,0,0,12,0,0,0,16845385662637341628,3704989089975248993,3704989089975248993,2156388955268520867,505250787305344517,9764194515616310094,0,0,0,0,0,0,0,0,0,0,0
216,5,747,8,10,0.036505,20462.77,0.019373,38559.56,0.018053,41378.35,0.021429,34858.95,0.023355,31985.20,0.022152,33721.87,0.023058,32396.19,0.036793,0.006342,0.007672,0.022152,0.072958,0.008718,3,101043,105173,371603,487,0,0,0,950,0,0,0,477,0,0,0,312,0,0,0,349,0,0,0,5,0,0,0,14867097471673088069,14867097471673088069,14867097471673088069,17506658090090726765,2419764221179651960,6909525585971974195,0,0,0,0,0,0,0,0,0,0,0
217,5,945,8,10,0.040428,23374.88,0.020572,45936.82,0.018974,49804.69,0.023276,40598.99,0.024978,37833.02,0.021488,43977.76,0.027998,33752.05,0.041793,0.006886,0.013920,0.021488,0.084087,0.013656,1,106975,115330,410556,690,0,0,0,912,0,0,0,417,0,0,0,287,0,0,0,350,0,0,0,7,0,0,0,10043893377584118878,10043893377584118878,10043893377584118878,6310521791058352587,3166132439104090931,1686394454988052060,0,0,0,0,0,0,0,0,0,0,0
218,5,781,8,10,0.057787,13515.11,0.031743,24604.06,0.026522,29447.31,0.025447,30691.31,0.035538,21976.32,0.026540,29427.40,0.042874,18216.00,0.058254,0.006740,0.011935,0.026540,0.103469,0.011016,1,101601,105486,614229,749,0,0,0,965,0,0,0,509,0,0,0,439,0,0,0,535,0,0,0,10,0,0,0,13266359942331954685,1272160359685347700,1272160359685347700,985894509769185496,17005984456528156754,2622937760469356867,0,0,0,0,0,0,0,0,0,0,0
219,5,862,8,10,0.038265,22527.36,0.018393,46865.15,0.017663,48801.66,0.021121,40812.50,0.023646,36454.76,0.021694,39733.64,0.029505,29215.75,0.038534,0.006309,0.005911,0.021694,0.072448,0.011160,5,100730,112465,369479,484,0,0,0,810,0,0,0,369,0,0,0,249,0,0,0,229,0,0,0,2,0,0,0,5644146246159345506,5644146246159345506,5644146246159345506,16856323787369813466,17558859304682553475,14264159886890634908,0,0,0,0,0,0,0,0,0,0,0
220,5,883,8,10,0.050074,17633.98,0.032578,27104.51,0.028222,31287.30,0.030724,28740.21,0.027518,32087.51,0.024457,36104.82,0.038364,23016.29,0.050428,0.006632,0.013313,0.024457,0.094831,0.011806,1,109965,118320,403385,774,0,0,0,1232,0,0,0,368,0,0,0,260,0,0,0,388,0,0,0,15,0,0,0,9862723923496705480,40268470817968358,40268470817968358,17145761178592914857,6409623597603533917,12449150239256989556,0,0,0,0,0,0,0,0,0,0,0
221,5,810,8,10,0.059853,13533.14,0.034050,23788.45,0.021077,38431.24,0.024027,33711.76,0.033610,24099.86,0.022198,36489.40,0.045691,17727.79,0.060172,0.007335,0.012074,0.022198,0.101779,0.011900,1,103287,109117,494572,653,0,0,0,810,0,0,0,440,0,0,0,318,0,0,0,297,0,0,0,11,0,0,0,4262019434576053808,4262019434576053808,4262019434576053808,13981569819121592837,14225688825388145656,6253571064543594385,0,0,0,0,0,0,0,0,0,0,0
222,5,772,8,10,0.073388,10519.48,0.033069,23344.95,0.027168,28415.93,0.028227,27349.53,0.035885,21513.09,0.035749,21594.88,0.056043,13775.02,0.074150,0.006492,0.011385,0.035749,0.127777,0.011295,2,102406,107036,356038,573,0,0,0,778,0,0,0,458,0,0,0,321,0,0,0,317,0,0,0,12,0,0,0,13390422353535372007,13390422353535372007,13390422353535372007,6370351206137880311,5742053807406315833,9814948576904716665,0,0,0,0,0,0,0,0,0,0,0
223,5,893,8,10,0.046736,19107.53,0.022842,39094.67,0.019962,44733.96,0.022047,40504.77,0.025351,35226.05,0.024144,36986.55,0.034742,25703.96,0.047301,0.007047,0.006606,0.024144,0.085098,0.013402,5,109988,117973,373214,592,0,0,0,699,0,0,0,393,0,0,0,226,0,0,0,209,0,0,0,7,0,0,0,15071692296120106958,568758799459663939,568758799459663939,17773633987422179787,15781389067809135305,16102425710694806589,0,0,0,0,0,0,0,0,0,0,0
224,5,917,8,10,0.054811,16730.34,0.026638,34424.49,0.025328,36204.70,0.028338,32359.51,0.031628,28993.07,0.028798,31842.86,0.039578,23169.36,0.055536,0.009102,0.013303,0.028798,0.106739,0.015659,2,125560,141840,545559,783,0,0,0,1160,0,0,0,422,0,0,0,421,0,0,0,414,0,0,0,11,0,0,0,4186825122120657722,3910820355760934944,3910820355760934944,13071717521299700366,13045263597802597033,7553793600292369673,0,0,0,0,0,0,0,0,0,0,0
225,5,744,8,10,0.043623,17055.17,0.025028,29726.82,0.016145,46081.35,0.018382,40474.97,0.026489,28086.85,0.017946,41456.96,0.030657,24268.26,0.043593,0.006656,0.012450,0.017946,0.080645,0.009665,1,105972,111042,340815,473,0,0,0,637,0,0,0,340,0,0,0,239,0,0,0,351,0,0,0,5,0,0,0,1156238397969723546,1774725885191480589,1774725885191480589,9031893393815368048,9985908374426306961,16518455118176845746,0,0,0,0,0,0,0,0,0,0,0
226,5,859,8,10,0.047540,18068.81,0.027899,30790.00,0.021359,40216.61,0.026681,32194.68,0.028473,30169.18,0.021060,40787.69,0.037090,23159.96,0.047797,0.006532,0.012916,0.021060,0.088306,0.011453,1,109294,116879,482938,656,0,0,0,995,0,0,0,496,0,0,0,346,0,0,0,335,0,0,0,11,0,0,0,17534946246456442798,14589231732384528608,14589231732384528608,8313028888218992561,17112441042897618380,15060685951393847551,0,0,0,0,0,0,0,0,0,0,0
227,5,1007,8,10,0.043279,23267.65,0.024746,40693.12,0.016321,61701.37,0.019234,52354.09,0.027244,36961.69,0.023427,42984.42,0.039068,25775.73,0.043452,0.006652,0.012535,0.023427,0.086066,0.013216,1,100340,136475,398844,618,0,0,0,973,0,0,0,370,0,0,0,209,0,0,0,415,0,0,0,6,0,0,0,6267619309714768511,5932156197541398742,5932156197541398742,14072376105325672738,1605404146992466960,1042699199931997555,0,0,0,0,0,0,0,0,0,0,0
228,5,1233,8,10,0.042351,29114.15,0.019800,62273.67,0.017491,70495.20,0.019233,64108.74,0.022141,55688.74,0.020552,59993.34,0.038291,32200.96,0.042823,0.008270,0.013421,0.020552,0.085065,0.019800,2,134951,209456,460692,1126,0,0,0,1192,0,0,0,349,0,0,0,235,0,0,0,324,0,0,0,12,0,0,0,643611511625951224,6117166422054752717,6117166422054752717,17876892978125556658,11266737725217483177,410652091185430732,0,0,0,0,0,0,0,0,0,0,0
229,5,1120,8,10,0.034049,32893.48,0.018758,59707.37,0.017591,63668.47,0.020688,54138.38,0.020796,53857.26,0.019014,58902.49,0.039961,28027.67,0.034381,0.006598,0.011353,0.019014,0.071347,0.015096,2,101245,223110,486731,400,0,0,0,763,0,0,0,377,0,0,0,262,0,0,0,266,0,0,0,5,0,0,0,7349156765589722506,7349156765589722506,7349156765589722506,5627676233236605360,3996490565897294720,2361701921981984594,0,0,0,0,0,0,0,0,0,0,0
230,5,1273,8,10,0.037782,33693.26,0.020153,63166.84,0.017543,72566.52,0.020121,63265.72,0.022404,56820.25,0.019973,63736.54,0.046478,27389.38,0.038424,0.008261,0.009093,0.019973,0.075751,0.019098,4,130497,237702,325454,1302,0,0,0,1517,0,0,0,325,0,0,0,256,0,0,0,217,0,0,0,4,0,0,0,5850692321408290424,15461669377081186171,15461669377081186171,13859067785394181317,9018760341574429820,11956391023001673775,0,0,0,0,0,0,0,0,0,0,0
231,5,993,8,10,0.034184,29048.62,0.021013,47256.04,0.018374,54044.73,0.021683,45797.16,0.023304,42610.19,0.022189,44751.91,0.035503,27969.61,0.034776,0.006695,0.007440,0.022189,0.071101,0.013374,5,108970,148265,379012,1036,0,0,0,1262,0,0,0,286,0,0,0,186,0,0,0,181,0,0,0,4,0,0,0,186839223193034158,186839223193034158,186839223193034158,6245583877259222271,794361865966576383,11105894268950577440,0,0,0,0,0,0,0,0,0,0,0
232,5,761,8,10,0.046764,16273.17,0.023460,32437.56,0.019713,38604.53,0.021383,35588.82,0.026094,29164.21,0.025717,29590.78,0.033729,22562.47,0.047250,0.006995,0.011242,0.025717,0.091205,0.010922,2,107288,112158,465840,445,0,0,0,772,0,0,0,314,0,0,0,197,0,0,0,245,0,0,0,14,0,0,0,18429792462226213455,7130493302051019172,7130493302051019172,14011470901619111831,9482210393920158992,8862228985251833061,0,0,0,0,0,0,0,0,0,0,0
233,5,851,8,10,0.040753,20881.74,0.023761,35814.30,0.022016,38653.69,0.024534,34686.91,0.027341,31125.31,0.026191,32492.51,0.029636,28715.25,0.041368,0.006584,0.006180,0.026191,0.080323,0.011001,5,107317,115282,433379,776,0,0,0,1076,0,0,0,456,0,0,0,297,0,0,0,291,0,0,0,14,0,0,0,13411906619053391284,13411906619053391284,13411906619053391284,2380315680698138063,14822703874899869450,8714189281433209440,0,0,0,0,0,0,0,0,0,0,0
234,5,768,8,10,0.043860,17510.16,0.021158,36297.55,0.015582,49287.04,0.019385,39618.40,0.024889,30856.85,0.024002,31997.55,0.031335,24509.54,0.044013,0.006648,0.006375,0.024002,0.081038,0.010534,5,102411,105826,469432,356,0,0,0,674,0,0,0,273,0,0,0,211,0,0,0,225,0,0,0,2,0,0,0,12830304937112088838,12830304937112088838,12830304937112088838,296395945448167519,17217550946590360011,1022879180918807102,0,0,0,0,0,0,0,0,0,0,0
235,5,709,8,10,0.030009,23625.95,0.015720,45101.00,0.014673,48320.71,0.016802,42197.45,0.017921,39563.17,0.016691,42476.83,0.024008,29532.36,0.030357,0.005352,0.008672,0.016691,0.061072,0.007526,2,86324,93964,348046,418,0,0,0,575,0,0,0,278,0,0,0,179,0,0,0,248,0,0,0,12,0,0,0,8838117304988179187,7493621586407913302,7493621586407913302,16118779145634203763,16931725633436823310,14860581506004175568,0,0,0,0,0,0,0,0,0,0,0
236,5,815,8,10,0.045229,18019.34,0.027157,30010.22,0.023373,34869.32,0.026884,30315.45,0.029785,27362.35,0.026482,30775.64,0.033413,24391.98,0.045954,0.007122,0.012894,0.026482,0.092452,0.011492,1,113697,119862,403748,596,0,0,0,1056,0,0,0,393,0,0,0,317,0,0,0,425,0,0,0,7,0,0,0,14521899468990893195,14175747479073239052,14175747479073239052,13824881991440890889,11148421646767472695,6052833650331633713,0,0,0,0,0,0,0,0,0,0,0
237,5,871,8,10,0.055906,15579.76,0.028953,30083.02,0.021204,41076.58,0.030038,28996.46,0.033755,25803.41,0.025085,34721.68,0.047313,18409.14,0.056357,0.006726,0.009874,0.025085,0.098042,0.011791,3,105697,109417,401499,255,0,0,0,396,0,0,0,331,0,0,0,86,0,0,0,222,0,0,0,6,0,0,0,7948773714340097112,17915073506030211362,17915073506030211362,16961600304102649270,605915908014136066,18029386579562575205,0,0,0,0,0,0,0,0,0,0,0
238,5,936,8,10,0.043668,21434.41,0.018927,49452.38,0.018161,51538.18,0.021639,43254.59,0.023309,40155.52,0.021510,43515.18,0.028189,33204.61,0.044100,0.008532,0.011071,0.021510,0.085213,0.015067,3,134360,142610,398882,515,0,0,0,838,0,0,0,371,0,0,0,249,0,0,0,299,0,0,0,9,0,0,0,2898632723054217793,3366559968879738713,3366559968879738713,2932774199630910435,14813309261403518775,4288250783213825427,0,0,0,0,0,0,0,0,0,0,0
239,5,706,8,10,0.034239,20619.61,0.016214,43542.61,0.014662,48152.56,0.019861,35546.60,0.021243,33233.70,0.020486,34463.35,0.027865,25336.89,0.034440,0.005497,0.006597,0.020486,0.067020,0.007692,5,86165,95065,346254,418,0,0,0,672,0,0,0,247,0,0,0,214,0,0,0,204,0,0,0,4,0,0,0,15011888378570450674,5964510768324907003,5964510768324907003,4360690051963922205,238957251150046951,7634629391693110821,0,0,0,0,0,0,0,0,0,0,0
240,5,961,8,10,0.054685,17573.42,0.024304,39540.85,0.020219,47529.86,0.022498,42715.66,0.026538,36212.64,0.022482,42745.11,0.038739,24807.13,0.055213,0.009412,0.015695,0.022482,0.102802,0.015799,2,144179,155134,542810,553,0,0,0,730,0,0,0,335,0,0,0,231,0,0,0,278,0,0,0,1,0,0,0,8979679863143128293,3012512823876109670,3012512823876109670,7117012138890003142,13206828165318862150,18305125366473447246,0,0,0,0,0,0,0,0,0,0,0
241,5,718,8,10,0.050150,14317.15,0.027147,26448.16,0.022596,31775.58,0.023911,30028.11,0.026840,26751.34,0.027950,25688.75,0.038031,18879.32,0.050463,0.005676,0.011800,0.027950,0.095889,0.008575,1,94618,99373,392574,503,0,0,0,794,0,0,0,225,0,0,0,212,0,0,0,344,0,0,0,11,0,0,0,1901658655592284948,11700010740203805593,11700010740203805593,5151233087556445494,2571862464121173082,10150156364739316935,0,0,0,0,0,0,0,0,0,0,0
242,5,850,8,10,0.052928,16059.69,0.029848,28477.52,0.022965,37012.96,0.026183,32463.82,0.032724,25974.76,0.026527,32042.46,0.036725,23145.17,0.053388,0.007445,0.013652,0.026527,0.101013,0.011231,1,112992,118677,530556,690,0,0,0,900,0,0,0,406,0,0,0,301,0,0,0,339,0,0,0,11,0,0,0,6519960397514784154,15861267204727070844,15861267204727070844,7559923270432849819,15339546990333984988,6215088665409579920,0,0,0,0,0,0,0,0,0,0,0
243,5,866,8,10,0.042600,20328.71,0.021930,39488.44,0.016622,52100.67,0.022663,38212.56,0.022757,38054.77,0.022999,37653.68,0.030592,28308.36,0.043180,0.006993,0.007664,0.022999,0.080836,0.012465,4,115361,123026,292891,531,0,0,0,694,0,0,0,312,0,0,0,197,0,0,0,264,0,0,0,4,0,0,0,11512917861827911254,17652314829580721155,17652314829580721155,12596510651924875469,13048206121688552129,2289834365614957710,0,0,0,0,0,0,0,0,0,0,0
244,5,1310,8,10,0.048531,26993.26,0.026581,49282.87,0.020822,62912.86,0.023407,55966.96,0.027974,46829.58,0.022463,58318.88,0.053712,24389.41,0.049075,0.008741,0.013938,0.022463,0.094216,0.022014,2,124168,249108,435045,659,0,0,0,1013,0,0,0,414,0,0,0,329,0,0,0,339,0,0,0,13,0,0,0,9878467078339571767,9196929808415473420,9196929808415473420,12575496797414150234,2946998528353498317,1342906182358858442,0,0,0,0,0,0,0,0,0,0,0
245,5,762,8,10,0.056599,13463.04,0.029218,26079.55,0.022099,34481.17,0.021832,34902.94,0.036011,21159.95,0.030996,24583.91,0.045798,16638.18,0.057101,0.005682,0.006419,0.030996,0.100198,0.008709,4,90962,100687,543870,534,0,0,0,600,0,0,0,328,0,0,0,226,0,0,0,194,0,0,0,5,0,0,0,7645434425740498669,13314051143026479454,13314051143026479454,6138406148920218919,4664893591415464739,12115457432234779729,0,0,0,0,0,0,0,0,0,0,0
246,5,721,8,10,0.035044,20574.18,0.018390,39206.56,0.015386,46862.09,0.019591,36802.44,0.021391,33705.22,0.018931,38085.35,0.027209,26498.51,0.035151,0.005350,0.010022,0.018931,0.069454,0.008251,1,84179,88254,378916,529,0,0,0,759,0,0,0,336,0,0,0,225,0,0,0,271,0,0,0,4,0,0,0,10402811904374376542,10402811904374376542,10402811904374376542,16352830814401379186,18162875062495190960,5709040366334228426,0,0,0,0,0,0,0,0,0,0,0
247,5,978,8,10,0.052283,18705.74,0.029175,33521.61,0.021966,44523.23,0.032920,29708.72,0.036120,27076.38,0.033705,29016.70,0.039512,24752.20,0.052755,0.007828,0.008310,0.033705,0.102598,0.014052,4,114186,122631,420622,778,0,0,0,1015,0,0,0,532,0,0,0,304,0,0,0,279,0,0,0,14,0,0,0,4392847673815814609,17328572525350309381,17328572525350309381,6950176429081800949,5400927681693760604,7197306706033784925,0,0,0,0,0,0,0,0,0,0,0
248,5,792,8,10,0.038866,20377.56,0.018686,42383.62,0.017061,46421.73,0.020360,38899.84,0.022347,35441.46,0.021134,37474.45,0.027765,28524.88,0.039215,0.006269,0.006974,0.021134,0.073592,0.010922,4,102362,108167,494884,545,0,0,0,766,0,0,0,320,0,0,0,250,0,0,0,230,0,0,0,5,0,0,0,12397019588274574719,16846816039173017919,16846816039173017919,14076915743914166674,15312006858136063705,12492083387251375017,0,0,0,0,0,0,0,0,0,0,0
249,5,839,8,10,0.053238,15759.38,0.031752,26423.78,0.019520,42981.83,0.023627,35510.07,0.027096,30964.48,0.022231,37739.51,0.036226,23160.13,0.053514,0.007138,0.011340,0.022231,0.094224,0.011371,2,112359,118329,337004,566,0,0,0,790,0,0,0,351,0,0,0,229,0,0,0,240,0,0,0,4,0,0,0,1188699600166495460,4613815699216598493,4613815699216598493,9687809629503280684,3869656868740712544,16987662703208474603,0,0,0,0,0,0,0,0,0,0,0
250,5,818,8,10,0.041180,19864.18,0.019963,40975.21,0.017973,45513.85,0.021004,38945.44,0.021530,37992.71,0.021032,38893.99,0.028155,29053.61,0.041790,0.006372,0.005918,0.021032,0.075111,0.010067,5,99472,106037,405524,426,0,0,0,715,0,0,0,386,0,0,0,282,0,0,0,265,0,0,0,9,0,0,0,16317989084988664303,6292687395129135704,6292687395129135704,13135553977596379550,11009505507147175277,10137747389272236257,0,0,0,0,0,0,0,0,0,0,0
251,5,792,8,10,0.049548,15984.46,0.028132,28153.02,0.017984,44039.96,0.021917,36135.73,0.029917,26473.54,0.020237,39136.15,0.034930,22673.82,0.050281,0.006078,0.012602,0.020237,0.089198,0.010338,1,101039,104499,510812,543,0,0,0,754,0,0,0,372,0,0,0,263,0,0,0,302,0,0,0,9,0,0,0,3755486266945574045,10996380252887190147,10996380252887190147,4972589681581377655,2990968163260353456,17904384279804493929,0,0,0,0,0,0,0,0,0,0,0
252,5,851,8,10,0.043719,19465.30,0.020170,42190.76,0.018026,47210.20,0.022484,37849.39,0.024901,34175.05,0.023811,35739.73,0.031167,27304.26,0.044175,0.006853,0.006237,0.023811,0.081076,0.010611,5,108362,115647,410509,480,0,0,0,758,0,0,0,288,0,0,0,210,0,0,0,205,0,0,0,8,0,0,0,2199885800988842673,2199885800988842673,2199885800988842673,11707098889700701583,9921463603513124260,640500945427652363,0,0,0,0,0,0,0,0,0,0,0
253,5,741,8,10,0.035664,20777.39,0.019481,38038.00,0.018303,40485.83,0.021400,34626.29,0.022361,33137.70,0.020803,35619.81,0.024494,30252.52,0.036069,0.006252,0.006807,0.020803,0.069930,0.009137,4,101896,107146,350609,448,0,0,0,749,0,0,0,268,0,0,0,237,0,0,0,234,0,0,0,10,0,0,0,2024793389313765372,2024793389313765372,2024793389313765372,618040380167275764,8545935023285508779,300591198875753504,0,0,0,0,0,0,0,0,0,0,0
254,5,762,8,10,0.030419,25049.87,0.013923,54731.50,0.011017,69168.61,0.013417,56792.16,0.014862,51270.73,0.014696,51850.60,0.020711,36792.27,0.030631,0.005874,0.005414,0.014696,0.056615,0.010943,5,86541,91286,253327,426,0,0,0,447,0,0,0,191,0,0,0,163,0,0,0,160,0,0,0,3,0,0,0,8109202040318809657,13002068948236358844,13002068948236358844,16143653093864345889,9908061949636332688,17394958886375106402,0,0,0,0,0,0,0,0,0,0,0
255,5,930,8,10,0.048801,19056.92,0.024823,37465.99,0.024186,38452.23,0.028577,32543.84,0.029423,31608.31,0.026565,35008.23,0.035366,26296.48,0.049566,0.009110,0.014190,0.026565,0.099431,0.014487,2,128471,136186,546933,762,0,0,0,1104,0,0,0,420,0,0,0,305,0,0,0,409,0,0,0,5,0,0,0,1457076550953542920,1457076550953542920,1457076550953542920,646687629130591780,16761886036478841515,12319467296900622370,0,0,0,0,0,0,0,0,0,0,0
256,5,800,8,10,0.042935,18632.74,0.020552,38925.74,0.018277,43771.82,0.021332,37502.62,0.024705,32382.76,0.021778,36734.13,0.031755,25192.62,0.043180,0.006435,0.012364,0.021778,0.083757,0.010001,1,99779,109959,475444,522,0,0,0,735,0,0,0,361,0,0,0,302,0,0,0,288,0,0,0,8,0,0,0,17564427753432949422,17564427753432949422,17564427753432949422,13102642198855122494,2870091107596854004,4501019460232970914,0,0,0,0,0,0,0,0,0,0,0
257,5,859,8,10,0.055178,15567.87,0.026961,31860.29,0.017110,50203.43,0.026290,32674.10,0.034777,24699.88,0.025066,34270.17,0.043570,19715.37,0.055476,0.007153,0.010451,0.025066,0.098145,0.011984,2,115185,120175,293674,535,0,0,0,551,0,0,0,336,0,0,0,314,0,0,0,299,0,0,0,5,0,0,0,17508882114041088956,15289825569913218920,15289825569913218920,7602501071138857719,2336817912060322265,12193576025952567140,0,0,0,0,0,0,0,0,0,0,0
258,5,768,8,10,0.039600,19393.75,0.017863,42994.88,0.016305,47103.08,0.020262,37902.85,0.024448,31413.46,0.022230,34548.18,0.029844,25733.48,0.039927,0.005702,0.009467,0.022230,0.077325,0.009348,2,92406,96371,278189,507,0,0,0,711,0,0,0,379,0,0,0,241,0,0,0,307,0,0,0,6,0,0,0,6488471758541467185,9833372746340579946,9833372746340579946,16038656200469969986,7928655726402840075,8145762695638164546,0,0,0,0,0,0,0,0,0,0,0
259,5,869,8,10,0.052106,16677.59,0.024528,35428.92,0.016487,52707.38,0.018462,47070.65,0.026511,32778.56,0.018041,48167.60,0.035252,24650.82,0.052464,0.007536,0.013176,0.018041,0.091218,0.011280,1,106637,112077,446657,409,0,0,0,658,0,0,0,340,0,0,0,197,0,0,0,335,0,0,0,1,0,0,0,3591789118668394803,13220407831763959514,13220407831763959514,10912093918174367405,11581497593272366553,9154501769138192043,0,0,0,0,0,0,0,0,0,0,0
260,5,906,8,10,0.054086,16751.18,0.026231,34539.64,0.022027,41132.04,0.024248,37363.80,0.028101,32241.09,0.023073,39267.08,0.040598,22316.62,0.055061,0.007510,0.016078,0.023073,0.101721,0.013432,1,124812,134792,705562,614,0,0,0,986,0,0,0,530,0,0,0,305,0,0,0,388,0,0,0,8,0,0,0,7049988168623644724,10618213695546548293,10618213695546548293,7851368076144747275,9990474623393233977,9172464204501380027,0,0,0,0,0,0,0,0,0,0,0
261,5,940,8,10,0.046573,20183.56,0.025602,36715.92,0.018275,51436.33,0.021202,44335.84,0.027563,34104.09,0.018683,50312.40,0.037819,24855.29,0.046851,0.006922,0.011975,0.018683,0.084431,0.013837,1,102703,125483,449924,465,0,0,0,654,0,0,0,369,0,0,0,245,0,0,0,314,0,0,0,10,0,0,0,16501477518987818742,16501477518987818742,16501477518987818742,14025733528848748932,6652331469797421823,9620715199146520698,0,0,0,0,0,0,0,0,0,0,0
262,5,801,8,10,0.039476,20290.95,0.019582,40905.14,0.018589,43090.69,0.021497,37260.41,0.023466,34133.78,0.021769,36795.26,0.030581,26193.12,0.039980,0.006510,0.012262,0.021769,0.080521,0.009652,1,101152,113682,326278,516,0,0,0,765,0,0,0,291,0,0,0,200,0,0,0,219,0,0,0,7,0,0,0,486508999668999945,9719893561956185815,9719893561956185815,6177081766337624533,10918514238605952433,2284029205934890411,0,0,0,0,0,0,0,0,0,0,0
263,5,766,8,10,0.067062,11422.32,0.035838,21374.07,0.028207,27156.18,0.029224,26211.62,0.033869,22616.76,0.027690,27663.69,0.054646,14017.62,0.067730,0.007778,0.013733,0.027690,0.116931,0.009759,2,127437,137287,433585,554,0,0,0,564,0,0,0,396,0,0,0,165,0,0,0,204,0,0,0,6,0,0,0,2051766272288372693,12697234750767797538,12697234750767797538,14053327354136531137,1030746746446746667,14658164494871758052,0,0,0,0,0,0,0,0,0,0,0
264,5,613,8,10,0.039530,15507.33,0.016625,36872.28,0.014274,42944.27,0.017090,35868.25,0.018350,33405.34,0.018221,33642.25,0.024495,25025.09,0.039757,0.005696,0.005212,0.018221,0.068886,0.006863,5,88653,91268,535707,394,0,0,0,600,0,0,0,359,0,0,0,198,0,0,0,196,0,0,0,7,0,0,0,8189715743224330657,8189715743224330657,8189715743224330657,1684954458156547798,9166111894628295228,13759004933506500267,0,0,0,0,0,0,0,0,0,0,0
265,5,706,8,10,0.037152,19003.24,0.017587,40142.74,0.016226,43510.54,0.018539,38081.21,0.018571,38016.30,0.018071,39068.01,0.023104,30557.26,0.037323,0.006018,0.005376,0.018071,0.066788,0.010009,5,89628,93973,407638,539,0,0,0,622,0,0,0,336,0,0,0,230,0,0,0,229,0,0,0,5,0,0,0,13714278876758755903,106374457592167360,106374457592167360,16864692966430449335,11601119660813060139,6303051009896486049,0,0,0,0,0,0,0,0,0,0,0
266,5,858,8,10,0.069460,12352.39,0.032441,26447.75,0.028925,29662.89,0.029729,28860.51,0.039877,21516.16,0.027859,30797.87,0.052388,16377.82,0.070165,0.007328,0.013501,0.027859,0.118852,0.012836,1,111166,122881,449105,461,0,0,0,588,0,0,0,358,0,0,0,303,0,0,0,348,0,0,0,4,0,0,0,4972765989538742035,10798637185398410261,10798637185398410261,17861604489658608835,11150597452118656570,17722394644968302351,0,0,0,0,0,0,0,0,0,0,0
267,5,922,8,10,0.051764,17811.75,0.027766,33206.05,0.024268,37992.51,0.026134,35279.46,0.030586,30144.99,0.024687,37347.17,0.038834,23741.99,0.052036,0.007775,0.008574,0.024687,0.093072,0.013190,3,108448,114948,557950,527,0,0,0,723,0,0,0,334,0,0,0,245,0,0,0,274,0,0,0,10,0,0,0,6120916034979180262,326967406311007965,326967406311007965,17554835041412282827,9020853150600835752,3959970791066674810,0,0,0,0,0,0,0,0,0,0,0
268,5,729,8,10,0.039754,18337.63,0.018042,40405.54,0.017084,42670.26,0.019678,37046.62,0.021727,33553.02,0.020841,34978.45,0.028522,25559.11,0.040074,0.006753,0.007154,0.020841,0.074823,0.008634,4,107053,111948,345804,432,0,0,0,759,0,0,0,240,0,0,0,175,0,0,0,175,0,0,0,8,0,0,0,15168192743337482550,15168192743337482550,15168192743337482550,17132314065493797616,5716240014659622026,18290188611779862590,0,0,0,0,0,0,0,0,0,0,0
269,5,531,8,10,0.036976,14360.76,0.015081,35209.95,0.012407,42800.15,0.014364,36966.92,0.017484,30370.59,0.012790,41517.00,0.024722,21478.74,0.037303,0.006233,0.011802,0.012790,0.068128,0.006488,1,97103,99008,286416,298,0,0,0,406,0,0,0,217,0,0,0,153,0,0,0,224,0,0,0,8,0,0,0,718596866186290845,5308256003292661622,5308256003292661622,9613254312604409861,16927179800995455934,12959987302519223731,0,0,0,0,0,0,0,0,0,0,0
270,5,778,8,10,0.036969,21044.58,0.018330,42444.98,0.015715,49507.29,0.018870,41228.63,0.018986,40977.10,0.019803,39286.29,0.026025,29894.72,0.037074,0.006394,0.005741,0.019803,0.069013,0.013324,5,96622,103122,580473,470,0,0,0,622,0,0,0,322,0,0,0,216,0,0,0,252,0,0,0,9,0,0,0,12961052207762554596,14679337774372537190,14679337774372537190,13915581689069431790,3947206565067513507,18343621670574422454,0,0,0,0,0,0,0,0,0,0,0
271,5,867,8,10,0.043017,20154.91,0.021096,41097.53,0.018685,46400.45,0.022812,38006.31,0.024751,35029.20,0.023489,36910.69,0.032529,26653.32,0.043323,0.006697,0.012031,0.023489,0.085540,0.011733,2,105807,114632,423616,509,0,0,0,703,0,0,0,434,0,0,0,241,0,0,0,302,0,0,0,5,0,0,0,14973556787942305272,4217507003348624455,4217507003348624455,2373692412314963148,12250756123696914217,11213448672357312099,0,0,0,0,0,0,0,0,0,0,0
272,5,779,8,10,0.040896,19048.31,0.017755,43875.73,0.015748,49467.94,0.018974,41055.33,0.021661,35962.59,0.021984,35435.53,0.027442,28387.11,0.041434,0.006946,0.008782,0.021984,0.079145,0.010073,4,108720,111760,529637,357,0,0,0,586,0,0,0,283,0,0,0,232,0,0,0,240,0,0,0,6,0,0,0,9965044322488072377,12359069444938460582,12359069444938460582,9318401093128468728,9054760406560891627,15064744230087735845,0,0,0,0,0,0,0,0,0,0,0
273,5,999,8,10,0.042783,23350.37,0.021549,46359.14,0.018720,53365.09,0.020429,48900.82,0.024317,41081.74,0.019469,51312.27,0.032412,30822.20,0.043616,0.007148,0.014152,0.019469,0.084385,0.015160,1,110872,128382,299033,604,0,0,0,918,0,0,0,459,0,0,0,307,0,0,0,401,0,0,0,4,0,0,0,17926445099580110961,3537215167927972690,3537215167927972690,263658235612082228,12763321533882089202,6122508346981269143,0,0,0,0,0,0,0,0,0,0,0
274,5,886,8,10,0.048696,18194.49,0.027940,31710.91,0.019058,46490.40,0.019075,46447.64,0.031171,28423.42,0.020607,42996.08,0.041591,21302.86,0.049143,0.006871,0.012297,0.020607,0.088917,0.012113,1,102495,119270,353360,385,0,0,0,631,0,0,0,377,0,0,0,200,0,0,0,376,0,0,0,4,0,0,0,8505250319773204465,4965019851759330023,4965019851759330023,10062562811625664434,9670170345854115929,2060711674995805857,0,0,0,0,0,0,0,0,0,0,0
275,5,579,8,10,0.039129,14797.31,0.016603,34874.21,0.014994,38616.68,0.021613,26789.38,0.023727,24402.13,0.017973,32215.71,0.027761,20856.35,0.039400,0.005681,0.009919,0.017973,0.072973,0.008721,1,89487,91657,394010,339,0,0,0,528,0,0,0,360,0,0,0,212,0,0,0,333,0,0,0,2,0,0,0,10023603016056548817,16206934459748537624,16206934459748537624,4060132041415337524,13496257435521289260,4431529432652073080,0,0,0,0,0,0,0,0,0,0,0
276,5,958,8,10,0.046050,20803.35,0.025723,37243.46,0.024371,39309.31,0.028394,33739.46,0.029655,32304.68,0.026708,35869.42,0.033310,28760.23,0.046617,0.007864,0.013922,0.026708,0.095110,0.014048,1,118393,131738,435376,731,0,0,0,1148,0,0,0,485,0,0,0,409,0,0,0,400,0,0,0,7,0,0,0,601640204654774963,664101858817291692,664101858817291692,17425624909367806980,4889436639729683264,9173679447748998505,0,0,0,0,0,0,0,0,0,0,0
277,5,818,8,10,0.081479,10039.40,0.052071,15709.28,0.026062,31386.66,0.026001,31460.81,0.055578,14718.08,0.027653,29580.48,0.069368,11792.16,0.082697,0.014388,0.027891,0.027653,0.152630,0.014470,1,217005,223375,515151,547,0,0,0,701,0,0,0,396,0,0,0,301,0,0,0,393,0,0,0,10,0,0,0,4168706599046005131,2611287486603262047,2611287486603262047,12524656899940417395,10049469923865074848,16593627040114426345,0,0,0,0,0,0,0,0,0,0,0
278,5,757,8,10,0.051613,14666.81,0.028193,26850.94,0.020316,37261.97,0.020640,36677.21,0.031023,24401.45,0.023200,32629.89,0.038323,19753.36,0.051807,0.006347,0.009998,0.023200,0.091350,0.008957,2,99672,103807,280636,461,0,0,0,702,0,0,0,265,0,0,0,228,0,0,0,258,0,0,0,3,0,0,0,1234622823592021136,4345653556766752038,4345653556766752038,345443290067332674,4818103956166401194,10616965199166336837,0,0,0,0,0,0,0,0,0,0,0
279,5,666,8,10,0.077956,8543.27,0.041121,16196.20,0.029660,22454.16,0.027435,24275.93,0.040403,16483.95,0.024228,27488.88,0.062461,10662.63,0.079049,0.005829,0.006592,0.024228,0.115698,0.007411,4,90277,94337,429848,313,0,0,0,443,0,0,0,251,0,0,0,128,0,0,0,136,0,0,0,3,0,0,0,6644138104954774302,4913302575184236144,4913302575184236144,15800639346942967287,16344568883206144806,15131425317257188118,0,0,0,0,0,0,0,0,0,0,0
280,5,767,8,10,0.076728,9996.41,0.038827,19754.38,0.027104,28298.87,0.036539,20991.10,0.047960,15992.57,0.034657,22131.39,0.059723,12842.55,0.077330,0.007125,0.012629,0.034657,0.131740,0.009711,1,103980,108315,407761,472,0,0,0,548,0,0,0,370,0,0,0,256,0,0,0,405,0,0,0,4,0,0,0,11316666442574369415,14197283339307165747,14197283339307165747,9525631430121327278,6266660246325000421,17476177270888227817,0,0,0,0,0,0,0,0,0,0,0
281,5,920,8,10,0.079771,11532.94,0.037737,24379.21,0.028308,32499.24,0.026211,35099.31,0.036730,25047.64,0.022636,40642.61,0.063029,14596.49,0.081144,0.007475,0.014041,0.022636,0.125297,0.012719,1,108298,119523,426050,531,0,0,0,578,0,0,0,376,0,0,0,304,0,0,0,298,0,0,0,4,0,0,0,13803934973784320549,13206054239540641021,13206054239540641021,7109529465578938881,780682308522380745,5204229607452129973,0,0,0,0,0,0,0,0,0,0,0
282,5,693,8,10,0.050326,13770.26,0.024954,27770.63,0.018023,38450.09,0.018319,37829.16,0.024324,28490.05,0.013733,50461.34,0.040473,17122.68,0.051293,0.005478,0.010743,0.013733,0.081248,0.008269,1,81597,89792,322288,360,0,0,0,508,0,0,0,251,0,0,0,198,0,0,0,195,0,0,0,5,0,0,0,4747159332381281736,5154627970741279886,5154627970741279886,6765865673897225166,1457227309287014081,15315209427534417447,0,0,0,0,0,0,0,0,0,0,0
283,5,967,8,10,0.058237,16604.47,0.023215,41654.97,0.017170,56319.45,0.017353,55726.34,0.028316,34150.08,0.018272,52923.31,0.034301,28191.48,0.059856,0.007821,0.012920,0.018272,0.098869,0.019548,2,112988,120968,329074,410,0,0,0,384,0,0,0,316,0,0,0,276,0,0,0,260,0,0,0,7,0,0,0,14221691897858665317,10563652698014772096,10563652698014772096,13463499263215273086,5500031600105544025,13073353032864356638,0,0,0,0,0,0,0,0,0,0,0
284,5,989,8,10,0.059767,16547.61,0.027266,36272.28,0.022310,44329.06,0.026496,37325.88,0.028959,34152.13,0.027488,35978.86,0.046076,21464.52,0.060553,0.008111,0.012686,0.027488,0.108839,0.017555,2,125877,139647,603897,887,0,0,0,1004,0,0,0,422,0,0,0,296,0,0,0,341,0,0,0,7,0,0,0,15542493810891599933,10297143804043376967,10297143804043376967,11420294295919140736,9390729257157959507,7369677273180072492,0,0,0,0,0,0,0,0,0,0,0
285,5,702,8,10,0.072997,9616.82,0.040740,17231.16,0.032294,21737.69,0.033099,21209.09,0.040056,17525.54,0.016710,42010.00,0.052856,13281.34,0.073454,0.006029,0.011014,0.016710,0.107208,0.008013,1,87485,89840,330961,420,0,0,0,507,0,0,0,387,0,0,0,285,0,0,0,386,0,0,0,7,0,0,0,1153996693887532438,14934444682021089552,14934444682021089552,11878661674663708450,13190669394659607133,1802161108241973105,0,0,0,0,0,0,0,0,0,0,0
286,5,771,8,10,0.075856,10163.93,0.036741,20984.55,0.032379,23811.64,0.032809,23499.51,0.042799,18014.47,0.026060,29585.72,0.055489,13894.54,0.076471,0.007036,0.011047,0.026060,0.120614,0.009654,2,104846,108296,473915,453,0,0,0,597,0,0,0,345,0,0,0,199,0,0,0,304,0,0,0,5,0,0,0,9255516568595784421,9726363484416178758,9726363484416178758,3330914288715209357,11306280697891677136,11314880764227232545,0,0,0,0,0,0,0,0,0,0,0
287,5,875,8,10,0.066664,13125.61,0.034438,25407.82,0.027485,31835.28,0.026531,32980.43,0.037589,23278.32,0.033806,25882.77,0.052605,16633.40,0.067103,0.006913,0.008763,0.033806,0.116586,0.011389,4,102604,111304,408998,648,0,0,0,814,0,0,0,454,0,0,0,354,0,0,0,346,0,0,0,15,0,0,0,17886994227877139569,12825749771817633103,12825749771817633103,102524945686536484,11638352225921384443,10094726096948640107,0,0,0,0,0,0,0,0,0,0,0
288,5,818,8,10,0.059498,13748.35,0.030244,27046.58,0.029393,27829.62,0.029008,28199.13,0.031377,26069.70,0.028465,28736.84,0.041035,19934.39,0.059749,0.006459,0.007980,0.028465,0.102653,0.010250,4,94635,98525,347954,498,0,0,0,576,0,0,0,404,0,0,0,280,0,0,0,293,0,0,0,3,0,0,0,13635334686515393314,8549650520314071116,8549650520314071116,5095520348745084816,6846372546073678693,15068388964179219913,0,0,0,0,0,0,0,0,0,0,0
289,5,770,8,10,0.078083,9861.27,0.070547,10914.76,0.060775,12669.71,0.061225,12576.55,0.061963,12426.84,0.046723,16480.18,0.067368,11429.68,0.078222,0.005494,0.008067,0.046723,0.138506,0.009193,2,84682,88677,255919,312,0,0,0,413,0,0,0,253,0,0,0,200,0,0,0,327,0,0,0,5,0,0,0,2670083206110936945,2670083206110936945,2670083206110936945,7905020421068938902,9423691670208250316,8987029172427434484,0,0,0,0,0,0,0,0,0,0,0
290,5,992,8,10,0.071924,13792.26,0.032087,30916.34,0.025796,38455.53,0.029637,33471.47,0.040781,24324.84,0.029973,33096.01,0.053397,18577.66,0.072536,0.008172,0.012577,0.029973,0.123257,0.014893,2,127579,134334,617142,692,0,0,0,941,0,0,0,542,0,0,0,342,0,0,0,566,0,0,0,5,0,0,0,3268733047028740559,6817788645645957251,6817788645645957251,3731271178184713135,9121754761357214998,2472487816399652847,0,0,0,0,0,0,0,0,0,0,0
291,5,732,8,10,0.052133,14041.02,0.024785,29534.09,0.022450,32605.65,0.020901,35022.61,0.027641,26482.01,0.021057,34763.47,0.039379,18588.78,0.052687,0.006339,0.006288,0.021057,0.086371,0.010093,4,93984,98089,460422,404,0,0,0,591,0,0,0,250,0,0,0,237,0,0,0,185,0,0,0,7,0,0,0,74847376008875486,5051192547965748313,5051192547965748313,14893872706089398623,3770492189208096971,18270047509268152062,0,0,0,0,0,0,0,0,0,0,0
292,5,778,8,10,0.061845,12579.83,0.036153,21519.88,0.026017,29902.99,0.026434,29432.10,0.033246,23401.29,0.020515,37923.87,0.047335,16435.93,0.062638,0.007271,0.011839,0.020515,0.102263,0.009519,1,98303,107153,453845,358,0,0,0,616,0,0,0,244,0,0,0,182,0,0,0,263,0,0,0,5,0,0,0,14046688528597331566,11758185914747771043,11758185914747771043,4776694986001919734,3252054231096942837,16578919917050275607,0,0,0,0,0,0,0,0,0,0,0
293,5,654,8,10,0.047886,13657.44,0.029109,22467.60,0.022376,29228.08,0.024091,27146.77,0.028746,22751.22,0.028591,22874.48,0.040017,16343.07,0.047960,0.005230,0.004516,0.028591,0.086297,0.008605,5,74213,78658,244079,422,0,0,0,610,0,0,0,326,0,0,0,196,0,0,0,176,0,0,0,6,0,0,0,16241675096601411113,5048615723501314416,5048615723501314416,10863780138063228917,7237196057818260605,8963525086110386588,0,0,0,0,0,0,0,0,0,0,0
294,5,782,8,10,0.070805,11044.40,0.036993,21139.02,0.027192,28758.90,0.032285,24221.72,0.038304,20415.54,0.033486,23353.28,0.055215,14162.76,0.071428,0.007055,0.006394,0.033486,0.118362,0.011232,5,105590,112355,595838,528,0,0,0,660,0,0,0,385,0,0,0,293,0,0,0,287,0,0,0,7,0,0,0,5309422444894085219,392212873087470065,392212873087470065,9641663319008555583,1966021305448330971,11418103031389748265,0,0,0,0,0,0,0,0,0,0,0
295,5,694,8,10,0.077508,8953.94,0.047646,14565.80,0.032616,21277.82,0.032681,21235.37,0.046603,14891.66,0.027440,25291.42,0.063758,10884.97,0.077626,0.005898,0.007872,0.027440,0.118836,0.009278,2,85377,89817,330363,457,0,0,0,612,0,0,0,282,0,0,0,235,0,0,0,350,0,0,0,3,0,0,0,17662558388419921424,15358101760337720808,15358101760337720808,3048760788241227301,11887361474453432652,945859032752807309,0,0,0,0,0,0,0,0,0,0,0
296,5,839,8,10,0.075748,11076.19,0.034176,24549.20,0.029687,28261.68,0.029778,28175.06,0.039314,21340.93,0.020835,40268.64,0.058768,14276.47,0.076103,0.007886,0.014539,0.020835,0.119364,0.011893,1,120834,128124,502244,624,0,0,0,722,0,0,0,335,0,0,0,307,0,0,0,285,0,0,0,4,0,0,0,4759781578705158285,13733767106393632519,13733767106393632519,12144816101475645782,1636849207775770660,9963103920285454757,0,0,0,0,0,0,0,0,0,0,0
297,5,944,8,10,0.071481,13206.35,0.048263,19559.69,0.034982,26985.50,0.034756,27160.92,0.045935,20550.93,0.030558,30891.78,0.062829,15024.91,0.072141,0.006264,0.006072,0.030558,0.115036,0.013237,5,94597,104487,355565,330,0,0,0,364,0,0,0,220,0,0,0,154,0,0,0,132,0,0,0,1,0,0,0,10157635928304364238,10157635928304364238,10157635928304364238,5249430188763156900,3504870810252444821,2730469671387797260,0,0,0,0,0,0,0,0,0,0,0
298,5,918,8,10,0.082393,11141.76,0.044947,20424.04,0.027880,32926.35,0.027107,33865.84,0.043814,20952.34,0.033741,27207.28,0.066224,13862.08,0.082896,0.007172,0.009954,0.033741,0.133762,0.013172,4,116191,123116,532155,616,0,0,0,824,0,0,0,432,0,0,0,225,0,0,0,273,0,0,0,5,0,0,0,12533965784040425961,1414065866456874901,1414065866456874901,3712984321216255576,3195616195073030733,17108308049234574621,0,0,0,0,0,0,0,0,0,0,0
299,5,922,8,10,0.069101,13342.85,0.036245,25438.29,0.023066,39972.56,0.025085,36755.04,0.036112,25531.70,0.030689,30043.81,0.053544,17219.58,0.069523,0.007025,0.007016,0.030689,0.114252,0.012512,4,100214,107729,475972,472,0,0,0,795,0,0,0,416,0,0,0,232,0,0,0,269,0,0,0,5,0,0,0,8563717771147536382,12872625184810553875,12872625184810553875,6796854241706239863,5787628496725661157,18329445671967651056,0,0,0,0,0,0,0,0,0,0,0
300,5,910,8,10,0.073795,12331.53,0.042718,21302.72,0.032390,28095.40,0.033048,27535.87,0.039084,23283.01,0.019778,46011.03,0.060879,14947.72,0.073961,0.006800,0.011914,0.019778,0.112453,0.013236,1,98299,111604,489772,505,0,0,0,625,0,0,0,342,0,0,0,210,0,0,0,262,0,0,0,4,0,0,0,14614524402665557838,6321331331322633048,6321331331322633048,6029398878082062943,10681819670276957361,11608386964761173698,0,0,0,0,0,0,0,0,0,0,0
301,5,1104,8,10,0.068014,16232.02,0.035010,31533.72,0.023429,47121.95,0.023275,47432.86,0.032167,34321.06,0.020744,53219.35,0.056033,19702.55,0.068525,0.008090,0.016102,0.020744,0.113462,0.018331,1,130946,163086,419477,767,0,0,0,716,0,0,0,250,0,0,0,174,0,0,0,259,0,0,0,6,0,0,0,7828421547377571784,433887436946264950,433887436946264950,17039581926994257245,7180285433554754009,2253756993145239071,0,0,0,0,0,0,0,0,0,0,0
302,5,715,8,10,0.053056,13476.39,0.029971,23856.69,0.026427,27055.98,0.026403,27080.03,0.028732,24885.01,0.014449,49485.73,0.041609,17183.77,0.053563,0.005614,0.010726,0.014449,0.084351,0.008294,1,82281,85996,343562,280,0,0,0,403,0,0,0,210,0,0,0,153,0,0,0,242,0,0,0,4,0,0,0,10558016709076958924,6056845607695423962,6056845607695423962,142949346716035447,1676972762916791830,6505335795635297053,0,0,0,0,0,0,0,0,0,0,0
303,5,1161,8,10,0.062003,18725.01,0.031566,36780.43,0.024867,46688.49,0.025114,46228.60,0.028193,41180.85,0.023656,49079.17,0.055106,21068.46,0.067819,0.005970,0.011078,0.023656,0.108523,0.021934,4,130382,172827,523674,1010,0,0,0,917,0,0,0,313,0,0,0,239,0,0,0,229,0,0,0,4,0,0,0,11386318196396785970,1065990080954569314,1065990080954569314,3085352863469812907,14808049262472580649,14842923061282257013,0,0,0,0,0,0,0,0,0,0,0
304,5,808,8,10,0.068091,11866.39,0.035705,22629.73,0.028014,28842.40,0.034401,23487.69,0.042817,18870.94,0.037518,21536.43,0.060362,13385.82,0.068408,0.006516,0.010295,0.037518,0.122737,0.010531,2,99870,115030,380613,583,0,0,0,722,0,0,0,277,0,0,0,174,0,0,0,228,0,0,0,12,0,0,0,4395218383744430855,2778864584283494744,2778864584283494744,2574490154712444895,17173696382443760944,2080587853602710311,0,0,0,0,0,0,0,0,0,0,0
305,5,794,8,10,0.066086,12014.64,0.039305,20200.91,0.033755,23522.30,0.033814,23481.27,0.038395,20679.55,0.022509,35274.36,0.052772,15045.96,0.066731,0.006407,0.010927,0.022509,0.106575,0.010681,2,96691,101146,334415,550,0,0,0,866,0,0,0,330,0,0,0,202,0,0,0,316,0,0,0,4,0,0,0,16422117306495305620,14954509931124218845,14954509931124218845,11860724234061690311,13925369231433053214,8323825409002300700,0,0,0,0,0,0,0,0,0,0,0
306,5,774,8,10,0.060279,12840.40,0.034711,22298.19,0.027738,27904.42,0.027062,28600.99,0.035708,21675.94,0.019117,40488.20,0.044209,17507.84,0.060482,0.006879,0.012494,0.019117,0.098971,0.009848,1,106954,110194,363488,485,0,0,0,606,0,0,0,402,0,0,0,301,0,0,0,311,0,0,0,0,0,0,0,16750622708113363131,2767339821220123460,2767339821220123460,8725405600938196989,16168974680521457989,13385589966427578209,0,0,0,0,0,0,0,0,0,0,0
307,5,795,8,10,0.072640,10944.36,0.039851,19949.56,0.034652,22942.38,0.034899,22779.83,0.040565,19598.41,0.024337,32666.66,0.057258,13884.64,0.072954,0.007139,0.006403,0.024337,0.110833,0.010400,5,104690,109310,366014,507,0,0,0,882,0,0,0,546,0,0,0,330,0,0,0,232,0,0,0,10,0,0,0,14913514883878497433,13936223977541704557,13936223977541704557,4710053227719325592,2589652453910854690,2821467558683134938,0,0,0,0,0,0,0,0,0,0,0
308,5,846,8,10,0.050256,16833.78,0.027397,30878.87,0.019301,43831.19,0.019660,43030.54,0.028371,29819.17,0.020514,41239.18,0.037954,22290.25,0.050763,0.006422,0.012947,0.020514,0.090646,0.014527,1,101816,112581,258909,282,0,0,0,473,0,0,0,304,0,0,0,167,0,0,0,416,0,0,0,5,0,0,0,3900450455875082986,1813365392349639441,1813365392349639441,10867329476849994350,3636790014889189784,18044064669119952785,0,0,0,0,0,0,0,0,0,0,0
309,5,889,8,10,0.061120,14545.05,0.025555,34787.91,0.021172,41989.43,0.024251,36658.11,0.032441,27403.94,0.020076,44282.66,0.043273,20543.98,0.061538,0.007306,0.013391,0.020076,0.102312,0.013016,1,106600,111295,603350,459,0,0,0,592,0,0,0,302,0,0,0,241,0,0,0,249,0,0,0,1,0,0,0,13268727618859377383,7291305463565594290,7291305463565594290,17561325394084730322,7429226866994225134,5640454401409655657,0,0,0,0,0,0,0,0,0,0,0
310,5,818,8,10,0.030646,26692.29,0.013895,58870.64,0.012062,67813.53,0.015290,53500.08,0.016828,48610.32,0.015567,52546.16,0.025616,31933.02,0.030994,0.005729,0.009389,0.015567,0.061679,0.010242,4,90029,109339,328485,622,0,0,0,741,0,0,0,259,0,0,0,169,0,0,0,161,0,0,0,9,0,0,0,4502906857430804094,5335544794408667789,5335544794408667789,7010648303912199859,6230153427965631893,2797720394174240623,0,0,0,0,0,0,0,0,0,0,0
311,5,866,8,10,0.062635,13826.18,0.033244,26050.18,0.024885,34800.72,0.040200,21542.17,0.046875,18474.69,0.042391,20428.64,0.055632,15566.63,0.063562,0.006128,0.010831,0.042391,0.122913,0.011623,2,104039,133604,390743,894,0,0,0,947,0,0,0,590,0,0,0,322,0,0,0,528,0,0,0,2,0,0,0,6886163117542870421,15356888602352273801,15356888602352273801,16048930628122599810,1162021260077106414,10793065739135464593,0,0,0,0,0,0,0,0,0,0,0
312,5,769,8,10,0.072700,10577.72,0.037398,20562.51,0.026900,28587.59,0.026314,29223.91,0.038383,20034.83,0.019566,39303.71,0.050834,15127.66,0.073080,0.007307,0.013899,0.019566,0.113853,0.012120,1,113127,118867,380692,478,0,0,0,701,0,0,0,482,0,0,0,309,0,0,0,308,0,0,0,29,0,0,0,9945897994884585425,9945897994884585425,9945897994884585425,10039258353355813765,11118778030994748384,8667938744803006472,0,0,0,0,0,0,0,0,0,0,0
313,5,775,8,10,0.076624,10114.28,0.043924,17644.18,0.033146,23381.56,0.041809,18536.64,0.056859,13630.26,0.035006,22139.09,0.065397,11850.77,0.077138,0.006871,0.011941,0.035006,0.130956,0.009099,3,103596,115231,633366,582,0,0,0,830,0,0,0,415,0,0,0,265,0,0,0,267,0,0,0,11,0,0,0,5927937881701891634,9783109378265088659,9783109378265088659,13029451219212094885,11883316930332186942,16665323637122654120,0,0,0,0,0,0,0,0,0,0,0
314,5,750,8,10,0.058852,12743.94,0.033409,22449.10,0.026461,28343.31,0.026156,28673.74,0.032578,23021.33,0.018696,40115.59,0.046536,16116.53,0.059134,0.005822,0.011624,0.018696,0.095275,0.010136,1,90855,94725,375902,358,0,0,0,595,0,0,0,330,0,0,0,207,0,0,0,322,0,0,0,9,0,0,0,15882822008828657843,797649507886109913,797649507886109913,3161575653966543873,10057578586233625887,7590094537889669567,0,0,0,0,0,0,0,0,0,0,0
315,5,863,8,10,0.077935,11073.28,0.039698,21739.15,0.026742,32271.03,0.027189,31740.38,0.038911,22179.06,0.025857,33375.65,0.062413,13827.28,0.078231,0.007457,0.013460,0.025857,0.125005,0.012054,1,110169,118874,433426,577,0,0,0,586,0,0,0,288,0,0,0,207,0,0,0,368,0,0,0,6,0,0,0,15538447020991409068,14451142641220205731,14451142641220205731,15207596341803741529,14547270901375549927,6637257267254069241,0,0,0,0,0,0,0,0,0,0,0
316,5,857,8,10,0.069423,12344.58,0.038441,22293.75,0.033187,25823.59,0.034027,25186.08,0.038207,22430.64,0.022888,37443.18,0.062874,13630.47,0.069646,0.006629,0.010418,0.022888,0.109582,0.010908,2,103254,143074,402519,957,0,0,0,1016,0,0,0,315,0,0,0,250,0,0,0,269,0,0,0,2,0,0,0,5713406095825228290,8791400857459138456,8791400857459138456,13511059021357015806,10540632299317536349,16426424907357367346,0,0,0,0,0,0,0,0,0,0,0
317,5,819,8,10,0.060519,13532.87,0.033617,24362.50,0.027647,29623.73,0.027236,30070.57,0.033846,24198.13,0.026510,30893.45,0.050535,16206.67,0.060723,0.006512,0.006926,0.026510,0.100672,0.010415,4,99538,105363,372917,450,0,0,0,533,0,0,0,310,0,0,0,173,0,0,0,190,0,0,0,7,0,0,0,11193332840033602716,6517154314839754417,6517154314839754417,8131960058087571545,9640030266876348256,17274043913981109467,0,0,0,0,0,0,0,0,0,0,0
318,5,864,8,10,0.081092,10654.50,0.049256,17540.91,0.029067,29724.76,0.039045,22128.22,0.047937,18023.52,0.042818,20178.30,0.069078,12507.54,0.081488,0.006204,0.012089,0.042818,0.142599,0.012277,1,96694,116074,461826,574,0,0,0,758,0,0,0,292,0,0,0,233,0,0,0,438,0,0,0,10,0,0,0,16771141554403490591,14897637360169379328,14897637360169379328,16193701487857918387,14462048900587101991,9501213889610881604,0,0,0,0,0,0,0,0,0,0,0
319,5,824,8,10,0.067294,12244.85,0.031146,26456.10,0.020492,40210.58,0.021839,37730.77,0.031397,26244.57,0.020501,40193.77,0.055647,14807.75,0.067750,0.006763,0.012072,0.020501,0.107085,0.011542,1,108050,120450,518002,628,0,0,0,791,0,0,0,335,0,0,0,233,0,0,0,258,0,0,0,4,0,0,0,3175682469839563906,2719245407182263963,2719245407182263963,14436606604576855232,7600755113992873284,4197621697380602362,0,0,0,0,0,0,0,0,0,0,0
320,5,569,8,10,0.035332,16104.59,0.015548,36596.62,0.010617,53595.42,0.017608,32314.69,0.019617,29005.38,0.019521,29147.83,0.030376,18731.76,0.035740,0.003506,0.005888,0.019521,0.064655,0.005486,3,58628,63623,384960,256,0,0,0,379,0,0,0,193,0,0,0,87,0,0,0,141,0,0,0,2,0,0,0,3589330628343582786,4740399058384672600,4740399058384672600,8250156959438346635,8525691911494720953,6306371404295588412,0,0,0,0,0,0,0,0,0,0,0
321,5,1072,8,10,0.087226,12289.97,0.038594,27776.39,0.031054,34520.95,0.029698,36096.35,0.038027,28190.74,0.032919,32564.94,0.066827,16041.36,0.087747,0.009412,0.014492,0.032919,0.144570,0.019174,2,136150,155545,674386,898,0,0,0,1110,0,0,0,505,0,0,0,450,0,0,0,645,0,0,0,9,0,0,0,8531229832973325793,304169308186582200,304169308186582200,2737620055413211921,1163079546872070767,13116138975222764977,0,0,0,0,0,0,0,0,0,0,0
322,5,767,8,10,0.063684,12043.87,0.031771,24141.35,0.020133,38096.41,0.020842,36801.44,0.033519,22882.40,0.024783,30948.93,0.049427,15517.77,0.063935,0.005900,0.012242,0.024783,0.106859,0.009343,1,94148,98418,308921,381,0,0,0,586,0,0,0,359,0,0,0,205,0,0,0,378,0,0,0,4,0,0,0,12162327700919226891,11656551326274883726,11656551326274883726,17770370474119522349,534008705706524251,13972654581724863786,0,0,0,0,0,0,0,0,0,0,0
323,5,838,8,10,0.074201,11293.63,0.039965,20968.59,0.034269,24453.76,0.034549,24255.31,0.037824,22155.50,0.020094,41704.55,0.061394,13649.65,0.074263,0.006264,0.012054,0.020094,0.112675,0.010430,1,96623,109248,582801,552,0,0,0,652,0,0,0,358,0,0,0,209,0,0,0,381,0,0,0,4,0,0,0,6612011894966976399,6612011894966976399,6612011894966976399,3860165910384514025,11301492804017761400,5784201674282356053,0,0,0,0,0,0,0,0,0,0,0
324,5,851,8,10,0.082810,10276.56,0.038299,22219.61,0.027602,30831.52,0.027322,31146.70,0.037266,22835.59,0.024106,35302.96,0.065554,12981.67,0.083284,0.007667,0.013360,0.024106,0.128416,0.013775,1,100000,121425,488235,681,0,0,0,743,0,0,0,364,0,0,0,266,0,0,0,374,0,0,0,3,0,0,0,14868595834986911060,14872971147137989789,14872971147137989789,4501941240391555135,14362830212241371399,9707297321373910298,0,0,0,0,0,0,0,0,0,0,0
325,5,840,8,10,0.062863,13362.29,0.034090,24640.91,0.027633,30398.53,0.026801,31341.79,0.034891,24075.22,0.026855,31278.82,0.049787,16871.80,0.063564,0.007152,0.007148,0.026855,0.104720,0.013609,4,104547,111952,535365,620,0,0,0,726,0,0,0,368,0,0,0,229,0,0,0,209,0,0,0,2,0,0,0,17588507104202296280,2278325947995446162,2278325947995446162,16943440064951326880,597565835877809553,12173667517295601273,0,0,0,0,0,0,0,0,0,0,0
326,5,813,8,10,0.065183,12472.60,0.040193,20227.39,0.032699,24862.77,0.033182,24501.41,0.038024,21380.98,0.026219,31007.57,0.054810,14833.04,0.065520,0.006102,0.005674,0.026219,0.103515,0.009424,5,92812,98427,496451,534,0,0,0,708,0,0,0,275,0,0,0,264,0,0,0,266,0,0,0,14,0,0,0,13654170252921327343,15616062110220427376,15616062110220427376,8515738541741332331,17825544951138884424,2822375418681191281,0,0,0,0,0,0,0,0,0,0,0
327,5,955,8,10,0.056791,16816.00,0.032995,28943.61,0.025531,37405.09,0.026518,36013.93,0.032407,29469.18,0.024398,39142.16,0.043903,21752.32,0.057022,0.006992,0.006627,0.024398,0.095039,0.013641,5,105597,111297,419214,363,0,0,0,472,0,0,0,264,0,0,0,193,0,0,0,190,0,0,0,0,0,0,0,1733161491939393557,5712301982787403957,5712301982787403957,17395175269155199896,14602607571808596804,5935521769822054277,0,0,0,0,0,0,0,0,0,0,0
328,5,883,8,10,0.070308,12559.05,0.039205,22522.51,0.034398,25669.90,0.034184,25830.99,0.038838,22735.33,0.030214,29224.51,0.054754,16126.57,0.070952,0.007335,0.007669,0.030214,0.116171,0.013545,4,108781,114881,526432,542,0,0,0,803,0,0,0,540,0,0,0,329,0,0,0,286,0,0,0,7,0,0,0,14713922959019000471,6447538797681912284,6447538797681912284,10740333892652294871,11416916438056127869,2548567939103959178,0,0,0,0,0,0,0,0,0,0,0
329,5,775,8,10,0.056487,13719.88,0.035319,21942.74,0.025933,29884.54,0.026583,29153.44,0.034403,22527.20,0.025697,30159.05,0.043433,17843.68,0.056780,0.006235,0.011785,0.025697,0.100497,0.009110,1,97824,103639,369961,515,0,0,0,794,0,0,0,393,0,0,0,312,0,0,0,583,0,0,0,5,0,0,0,16308716846332236099,16308716846332236099,16308716846332236099,12558372195954597712,467910664057019044,720059025815105222,0,0,0,0,0,0,0,0,0,0,0
330,5,698,8,10,0.061615,11328.38,0.035290,19778.99,0.025427,27451.50,0.025837,27015.39,0.035316,19764.58,0.021922,31840.83,0.050176,13911.01,0.061929,0.006264,0.010136,0.021922,0.100251,0.008244,2,92606,95516,470232,491,0,0,0,694,0,0,0,439,0,0,0,235,0,0,0,311,0,0,0,11,0,0,0,2681627725172591512,2786176125896898284,2786176125896898284,5388275893030611969,14750095407474575430,1198764954284662881,0,0,0,0,0,0,0,0,0,0,0
331,5,781,8,10,0.071404,10937.72,0.041327,18898.02,0.033224,23506.86,0.034453,22668.55,0.039800,19623.22,0.025269,30907.94,0.059137,13206.69,0.072591,0.007392,0.011154,0.025269,0.116405,0.010085,3,131745,136705,389025,530,0,0,0,636,0,0,0,297,0,0,0,177,0,0,0,222,0,0,0,5,0,0,0,10951670401529135096,10137354552701178470,10137354552701178470,2842778102119370028,17575297138155690848,16877995639235432533,0,0,0,0,0,0,0,0,0,0,0
332,5,772,8,10,0.066759,11563.97,0.040120,19242.23,0.033094,23327.79,0.033590,22983.37,0.040907,18871.93,0.021552,35821.13,0.051772,14911.54,0.067150,0.006360,0.011918,0.021552,0.106979,0.009185,1,95520,99715,478277,409,0,0,0,605,0,0,0,466,0,0,0,254,0,0,0,320,0,0,0,1,0,0,0,2861070830412716782,10439953901147984045,10439953901147984045,8959331032472288974,8846772339941099185,11694190799684304764,0,0,0,0,0,0,0,0,0,0,0
333,5,826,8,10,0.072078,11459.86,0.047137,17523.33,0.025322,32619.45,0.035690,23143.71,0.047524,17380.61,0.028905,28576.41,0.058877,14029.28,0.072261,0.006399,0.011784,0.028905,0.119349,0.012470,1,102059,108074,390378,491,0,0,0,385,0,0,0,251,0,0,0,278,0,0,0,332,0,0,0,7,0,0,0,5960723569808759625,5960723569808759625,5960723569808759625,8899785835462332774,12517494751056418407,4371245062047033979,0,0,0,0,0,0,0,0,0,0,0
334,5,637,8,10,0.058787,10835.72,0.036621,17394.54,0.031779,20044.60,0.032100,19844.21,0.035077,18159.79,0.032752,19449.42,0.049059,12984.45,0.058979,0.004651,0.007953,0.032752,0.104335,0.006082,2,72238,78233,394025,332,0,0,0,354,0,0,0,231,0,0,0,165,0,0,0,237,0,0,0,1,0,0,0,6319700011691683344,7415141927389128419,7415141927389128419,17829123259576036654,16145694656910333991,18351268040916647917,0,0,0,0,0,0,0,0,0,0,0
335,5,843,8,10,0.078583,10727.51,0.041017,20552.42,0.032062,26292.40,0.033129,25446.19,0.042134,20007.60,0.022677,37174.29,0.056411,14944.02,0.079565,0.007250,0.009569,0.022677,0.119061,0.012214,3,104296,111961,403904,578,0,0,0,810,0,0,0,352,0,0,0,294,0,0,0,361,0,0,0,3,0,0,0,17051016982020005239,4896126246808776599,4896126246808776599,14566059947269550800,7521200908139909626,12827475465994658100,0,0,0,0,0,0,0,0,0,0,0
336,5,797,8,10,0.078760,10119.34,0.039579,20136.80,0.032491,24530.14,0.036965,21561.07,0.042689,18669.88,0.025648,31075.04,0.061876,12880.63,0.079129,0.006909,0.012596,0.025648,0.124282,0.010538,1,101459,105339,505258,449,0,0,0,517,0,0,0,282,0,0,0,195,0,0,0,430,0,0,0,9,0,0,0,12796769537878760570,14547334350764862789,14547334350764862789,9027724483083496795,18078802691156070807,12638962316008671253,0,0,0,0,0,0,0,0,0,0,0
337,5,831,8,10,0.069111,12024.07,0.043593,19062.68,0.024050,34553.05,0.037705,22039.79,0.043910,18925.15,0.043070,19294.31,0.056218,14781.73,0.069472,0.006517,0.005933,0.043070,0.124991,0.011219,5,95298,99833,420895,438,0,0,0,447,0,0,0,399,0,0,0,231,0,0,0,204,0,0,0,3,0,0,0,460454499758904644,6244767410196873935,6244767410196873935,1307968236190120236,11413928045022195226,6718698840181136528,0,0,0,0,0,0,0,0,0,0,0
338,5,701,8,10,0.042149,16631.56,0.021991,31876.79,0.016953,41349.43,0.019150,36605.46,0.024126,29055.88,0.019206,36498.99,0.028728,24400.97,0.042387,0.005796,0.009649,0.019206,0.077037,0.007761,2,87515,90055,362670,419,0,0,0,631,0,0,0,402,0,0,0,215,0,0,0,306,0,0,0,5,0,0,0,13907773248280279750,1074132084414785037,1074132084414785037,10904575719493295773,7776247865932859972,6702433709876110019,0,0,0,0,0,0,0,0,0,0,0
339,5,829,8,10,0.073881,11220.78,0.038079,21770.79,0.020381,40674.18,0.023979,34572.43,0.037124,22330.79,0.020377,40683.26,0.059715,13882.50,0.074451,0.006565,0.012392,0.020377,0.113785,0.010178,1,97989,104109,475909,430,0,0,0,554,0,0,0,379,0,0,0,177,0,0,0,275,0,0,0,12,0,0,0,17037437968764210435,17037437968764210435,17037437968764210435,9511027787014097753,15102654992366276456,11014016588048594241,0,0,0,0,0,0,0,0,0,0,0
340,5,856,8,10,0.062754,13640.63,0.033605,25472.28,0.019870,43079.50,0.026607,32171.68,0.035466,24136.01,0.032271,26525.25,0.048497,17650.69,0.063033,0.007073,0.007978,0.032271,0.110355,0.011278,5,107826,112731,452008,500,0,0,0,715,0,0,0,297,0,0,0,186,0,0,0,200,0,0,0,9,0,0,0,13835181183237994342,12895821724738870176,12895821724738870176,10749823172403216126,15601802983363296742,11080664654294185161,0,0,0,0,0,0,0,0,0,0,0
341,5,735,8,10,0.071133,10332.72,0.036631,20064.77,0.025101,29281.63,0.025975,28296.68,0.037508,19595.63,0.018566,39588.14,0.049091,14972.20,0.071619,0.007395,0.013938,0.018566,0.111517,0.008864,1,110386,112346,382652,346,0,0,0,652,0,0,0,436,0,0,0,227,0,0,0,232,0,0,0,4,0,0,0,4865752239048873810,14404486435760026207,14404486435760026207,9820891876781107846,17407995980549571994,363574949293828367,0,0,0,0,0,0,0,0,0,0,0
342,5,696,8,10,0.048424,14373.17,0.025062,27770.70,0.020078,34664.26,0.019045,36545.35,0.027599,25218.45,0.024581,28314.83,0.033263,20924.06,0.048578,0.005886,0.006501,0.024581,0.085546,0.009490,4,86159,88559,294324,373,0,0,0,586,0,0,0,347,0,0,0,244,0,0,0,244,0,0,0,4,0,0,0,8515164710639371703,7548818299019668930,7548818299019668930,14297217525416713425,2840597317117427454,17606789240574581888,0,0,0,0,0,0,0,0,0,0,0
343,5,962,8,10,0.066225,14526.19,0.026890,35775.70,0.020286,47420.75,0.027608,34844.71,0.031195,30838.77,0.028031,34318.65,0.048388,19880.88,0.066541,0.008656,0.009297,0.028031,0.112525,0.016628,4,129139,137789,347444,596,0,0,0,768,0,0,0,290,0,0,0,317,0,0,0,229,0,0,0,6,0,0,0,12030209592243940184,6752870312547946025,6752870312547946025,15163229852289576617,15841522642067952790,5004115822066989529,0,0,0,0,0,0,0,0,0,0,0
344,5,832,8,10,0.049730,16730.26,0.022384,37168.79,0.016357,50865.36,0.021092,39445.68,0.025829,32211.80,0.025819,32223.87,0.035917,23164.52,0.049854,0.006942,0.006344,0.025819,0.088958,0.012605,5,106383,115628,384582,480,0,0,0,687,0,0,0,399,0,0,0,219,0,0,0,237,0,0,0,6,0,0,0,719784763238504799,10646440198291245746,10646440198291245746,11050462098950679489,9288365054288600695,17688358149740935673,0,0,0,0,0,0,0,0,0,0,0
345,5,967,8,10,0.070611,13694.69,0.026343,36707.81,0.021271,45460.72,0.028532,33891.90,0.033623,28759.97,0.028321,34144.54,0.050043,19323.23,0.071222,0.009052,0.017437,0.028321,0.126032,0.017125,1,135733,153028,562939,657,0,0,0,742,0,0,0,524,0,0,0,345,0,0,0,342,0,0,0,8,0,0,0,5961767075335870720,5961767075335870720,5961767075335870720,8911307643511350512,15100082094277950240,10551481070148635984,0,0,0,0,0,0,0,0,0,0,0
346,5,899,8,10,0.073171,12286.30,0.034386,26144.62,0.023440,38353.50,0.025723,34949.93,0.033484,26848.61,0.030623,29357.05,0.053162,16910.49,0.073385,0.007780,0.008131,0.030623,0.119919,0.014621,4,115279,121974,701746,503,0,0,0,583,0,0,0,426,0,0,0,287,0,0,0,301,0,0,0,7,0,0,0,13670465432695138658,6983044434174566766,6983044434174566766,13260520201292511568,7774348738860304772,15578111784576592654,0,0,0,0,0,0,0,0,0,0,0
347,5,786,8,10,0.069699,11277.03,0.027023,29086.37,0.023467,33494.30,0.030929,25412.90,0.041022,19160.36,0.039160,20071.53,0.053519,14686.32,0.070326,0.007899,0.007600,0.039160,0.124985,0.015209,4,128389,147344,409582,642,0,0,0,848,0,0,0,509,0,0,0,419,0,0,0,405,0,0,0,10,0,0,0,7186545978155019834,7186545978155019834,7186545978155019834,3380762211842680828,6586288382425046059,18167879680725283219,0,0,0,0,0,0,0,0,0,0,0
348,5,1070,8,10,0.094548,11317.01,0.040982,26108.88,0.028653,37342.95,0.035736,29942.17,0.041600,25721.13,0.027394,39059.17,0.069081,15489.08,0.095272,0.010308,0.015501,0.027394,0.148477,0.019268,2,147593,156063,1016365,440,0,0,0,484,0,0,0,406,0,0,0,320,0,0,0,406,0,0,0,26,0,0,0,17616716852867082868,6599678255003408297,6599678255003408297,6893795237259611488,8041143050263469313,6858939995421852592,0,0,0,0,0,0,0,0,0,0,0
349,5,807,8,10,0.061020,13225.16,0.025554,31580.29,0.020804,38790.93,0.021957,36753.23,0.027985,28836.43,0.020853,38700.33,0.046982,17176.74,0.061197,0.006325,0.012932,0.020853,0.101306,0.014585,1,96741,112911,536883,377,0,0,0,427,0,0,0,254,0,0,0,202,0,0,0,223,0,0,0,8,0,0,0,10859289758252798499,14452825338015813446,14452825338015813446,14218810762818267770,17448154849393093013,16980894305384291404,0,0,0,0,0,0,0,0,0,0,0
350,5,713,8,10,0.068430,10419.35,0.038714,18417.06,0.031749,22457.51,0.032381,22018.92,0.038952,18304.55,0.018462,38620.27,0.054683,13038.90,0.068826,0.006398,0.011760,0.018462,0.105446,0.008288,1,95747,99007,604207,306,0,0,0,545,0,0,0,334,0,0,0,265,0,0,0,414,0,0,0,9,0,0,0,8740672234885962372,3729469512042031636,3729469512042031636,4732945584648504655,14998048816391438507,12567590867045844969,0,0,0,0,0,0,0,0,0,0,0
351,5,709,8,10,0.072729,9748.55,0.039262,18058.23,0.033187,21363.99,0.034145,20764.54,0.040689,17424.82,0.025646,27645.42,0.061408,11545.77,0.072990,0.006426,0.010066,0.025646,0.115128,0.008590,2,103524,107239,544282,346,0,0,0,581,0,0,0,355,0,0,0,227,0,0,0,294,0,0,0,7,0,0,0,9900002783108805810,9900002783108805810,9900002783108805810,8303180567247526626,4865834542009095439,14412641499971146833,0,0,0,0,0,0,0,0,0,0,0
352,5,881,8,10,0.089197,9877.00,0.052908,16651.51,0.044223,19921.80,0.036284,24280.52,0.056254,15661.00,0.032230,27334.96,0.059784,14736.32,0.089659,0.007476,0.014728,0.032230,0.144092,0.013562,1,115911,121026,555637,556,0,0,0,784,0,0,0,425,0,0,0,308,0,0,0,360,0,0,0,6,0,0,0,16059208671097997265,16059208671097997265,16059208671097997265,10246093773938578073,12092932395471234079,17311447044371591536,0,0,0,0,0,0,0,0,0,0,0
353,5,693,8,10,0.059732,11601.82,0.035497,19522.66,0.024697,28060.34,0.031117,22270.64,0.034103,20320.86,0.018195,38087.52,0.048292,14350.23,0.060299,0.005604,0.009773,0.018195,0.093870,0.010407,2,85892,89527,340901,435,0,0,0,628,0,0,0,359,0,0,0,267,0,0,0,381,0,0,0,4,0,0,0,1296923902911778896,1296923902911778896,1296923902911778896,6089653992350075763,7186597471949290409,8469263627193220086,0,0,0,0,0,0,0,0,0,0,0
354,5,785,8,10,0.063934,12278.21,0.039534,19856.30,0.032094,24459.12,0.032498,24155.34,0.039046,20104.28,0.028474,27569.23,0.053521,14667.22,0.064210,0.006037,0.005572,0.028474,0.104292,0.009355,5,91087,97467,453627,424,0,0,0,501,0,0,0,370,0,0,0,266,0,0,0,246,0,0,0,3,0,0,0,12292425187551554194,12292425187551554194,12292425187551554194,4490134837126635946,17205743760179044353,17174223687818745639,0,0,0,0,0,0,0,0,0,0,0
355,5,814,8,10,0.069324,11742.00,0.038377,21210.36,0.032561,24998.88,0.033100,24592.38,0.036627,22224.33,0.029962,27167.58,0.055619,14635.33,0.069716,0.006497,0.006019,0.029962,0.112194,0.011787,5,100235,107105,469961,445,0,0,0,470,0,0,0,376,0,0,0,242,0,0,0,285,0,0,0,8,0,0,0,13788337189412589269,17015146793073025090,17015146793073025090,9942227703536032569,10911371004801899480,55449337014169848,0,0,0,0,0,0,0,0,0,0,0
356,5,918,8,10,0.066871,13727.98,0.041553,22092.29,0.033951,27039.25,0.032740,28038.70,0.044371,20689.31,0.025577,35891.54,0.051873,17696.93,0.067431,0.006703,0.006241,0.025577,0.105953,0.013908,5,100907,105677,498711,437,0,0,0,790,0,0,0,453,0,0,0,303,0,0,0,206,0,0,0,8,0,0,0,6995957072442398219,16479290092851686585,16479290092851686585,1013891564018720086,8205695434419600404,8956287755210462812,0,0,0,0,0,0,0,0,0,0,0
357,5,756,8,10,0.072325,10452.78,0.042343,17854.28,0.026214,28839.71,0.045715,16537.26,0.046921,16112.08,0.030142,25080.95,0.062850,12028.55,0.072708,0.005597,0.010440,0.030142,0.118887,0.009479,1,89938,95013,428228,396,0,0,0,465,0,0,0,341,0,0,0,180,0,0,0,258,0,0,0,3,0,0,0,6626237554167992075,6626237554167992075,6626237554167992075,4914379393255930715,5618353558834745006,3697021359160705027,0,0,0,0,0,0,0,0,0,0,0
358,5,891,8,10,0.075603,11785.17,0.034741,25646.80,0.024836,35874.81,0.034706,25672.62,0.044914,19838.08,0.026460,33672.86,0.068900,12931.83,0.076793,0.008377,0.010471,0.026460,0.122102,0.015683,2,115643,144663,338982,896,0,0,0,872,0,0,0,392,0,0,0,209,0,0,0,182,0,0,0,9,0,0,0,1330743597536053863,15017745497133770233,15017745497133770233,17881898282811627494,5539038976272269174,13190584831289071442,0,0,0,0,0,0,0,0,0,0,0
359,5,869,8,10,0.066188,13129.29,0.035203,24685.61,0.027142,32016.43,0.028081,30946.08,0.037996,22871.10,0.028876,30093.92,0.056377,15414.00,0.066688,0.007646,0.013040,0.028876,0.116250,0.014391,1,102701,114626,531562,492,0,0,0,692,0,0,0,415,0,0,0,312,0,0,0,367,0,0,0,8,0,0,0,3196107761785970094,16855281335128296037,16855281335128296037,1471544532462721744,10456180508192483354,5912084000562544123,0,0,0,0,0,0,0,0,0,0,0
360,5,812,8,10,0.070861,11459.01,0.040268,20164.80,0.033189,24465.83,0.033274,24403.26,0.038747,20956.20,0.038181,21267.12,0.052728,15399.79,0.071204,0.006780,0.006293,0.038181,0.122459,0.011794,5,103291,108341,520542,562,0,0,0,837,0,0,0,549,0,0,0,305,0,0,0,297,0,0,0,7,0,0,0,15972792362137854513,15972792362137854513,15972792362137854513,9344389317492293404,15741496196244957568,14435986264137070715,0,0,0,0,0,0,0,0,0,0,0
361,5,688,8,10,0.072969,9428.70,0.040375,17040.42,0.032661,21065.14,0.032608,21099.12,0.040486,16993.63,0.023241,29603.45,0.059639,11536.10,0.073460,0.005933,0.007272,0.023241,0.109906,0.007898,3,90666,93391,459001,327,0,0,0,380,0,0,0,265,0,0,0,200,0,0,0,193,0,0,0,2,0,0,0,3498669021121254904,3142212925158872340,3142212925158872340,15790055347244636691,13215334982874412914,15501086640929900858,0,0,0,0,0,0,0,0,0,0,0
362,5,837,8,10,0.058197,14382.19,0.036025,23234.16,0.027024,30971.99,0.026216,31927.25,0.034726,24102.95,0.019686,42517.64,0.043691,19157.17,0.059099,0.006709,0.011559,0.019686,0.097053,0.010091,1,91372,95352,397642,514,0,0,0,707,0,0,0,322,0,0,0,253,0,0,0,334,0,0,0,7,0,0,0,12419850787115976698,681493222674315653,681493222674315653,7301270512720631733,4956260794905782929,17591506038624607770,0,0,0,0,0,0,0,0,0,0,0
363,5,823,8,10,0.055325,14875.77,0.028615,28761.11,0.023935,34385.34,0.025856,31830.66,0.031133,26435.11,0.027682,29731.01,0.044369,18548.88,0.055702,0.006334,0.009047,0.027682,0.098765,0.014446,3,100881,111376,467911,561,0,0,0,780,0,0,0,274,0,0,0,204,0,0,0,248,0,0,0,5,0,0,0,17408098343852993354,1732572366411871812,1732572366411871812,16177744895150585740,3869111740873119202,9532439445591684630,0,0,0,0,0,0,0,0,0,0,0
364,5,808,8,10,0.055715,14502.26,0.032113,25161.07,0.024938,32399.77,0.025243,32008.57,0.039225,20599.36,0.025412,31796.50,0.047235,17105.96,0.056271,0.005916,0.006665,0.025412,0.094263,0.012327,4,92248,103413,436332,495,0,0,0,662,0,0,0,302,0,0,0,269,0,0,0,196,0,0,0,3,0,0,0,11118324694247208629,4370204689007652250,4370204689007652250,9220941228923703125,5525263553290098224,14247168905634451636,0,0,0,0,0,0,0,0,0,0,0
365,5,763,8,10,0.050339,15157.18,0.029813,25592.97,0.019422,39284.57,0.022831,33420.10,0.034279,22258.24,0.033990,22447.84,0.038624,19754.57,0.051023,0.006422,0.006177,0.033990,0.097611,0.010262,5,104255,110230,474534,680,0,0,0,874,0,0,0,367,0,0,0,237,0,0,0,189,0,0,0,11,0,0,0,4680661302856989794,1325551189937473347,1325551189937473347,11004475913211447354,7388729404880971243,5513824698824684395,0,0,0,0,0,0,0,0,0,0,0
366,5,678,8,10,0.044091,15377.22,0.025665,26417.01,0.016271,41668.91,0.017721,38260.50,0.027558,24602.89,0.024058,28182.44,0.032457,20889.32,0.044314,0.005770,0.009099,0.024058,0.083240,0.007583,2,87268,89908,476575,411,0,0,0,645,0,0,0,356,0,0,0,246,0,0,0,316,0,0,0,5,0,0,0,16498933219161771482,10796460373957804655,10796460373957804655,7985394033857286768,13795002891089598690,15383416274576265654,0,0,0,0,0,0,0,0,0,0,0
367,5,800,8,10,0.045367,17633.99,0.023228,34441.54,0.017965,44530.04,0.019854,40293.64,0.023803,33609.53,0.019041,42015.32,0.030530,26203.68,0.045641,0.006474,0.012092,0.019041,0.083248,0.012426,1,94136,97696,595518,495,0,0,0,768,0,0,0,418,0,0,0,315,0,0,0,339,0,0,0,8,0,0,0,3388699042837624231,3388699042837624231,3388699042837624231,2722368206071385594,194315894553416389,12385166336897792561,0,0,0,0,0,0,0,0,0,0,0
368,5,695,8,10,0.032466,21407.03,0.017792,39062.66,0.016267,42723.30,0.017653,39369.86,0.019913,34902.45,0.016761,41465.86,0.019710,35261.59,0.032888,0.005142,0.009732,0.016761,0.064522,0.009453,1,79897,84122,223581,511,0,0,0,732,0,0,0,415,0,0,0,248,0,0,0,363,0,0,0,2,0,0,0,11617706214577120729,11617706214577120729,11617706214577120729,320485160390551100,15738882985645154921,8094515469369918494,0,0,0,0,0,0,0,0,0,0,0
369,5,1134,8,10,0.064680,17532.58,0.030065,37717.68,0.024597,46103.18,0.026718,42443.55,0.031826,35631.38,0.026039,43550.46,0.040747,27830.55,0.065712,0.008811,0.013538,0.026039,0.114100,0.018401,2,136238,145993,793439,729,0,0,0,867,0,0,0,524,0,0,0,366,0,0,0,473,0,0,0,7,0,0,0,13160855680682350493,13869565276104869206,13869565276104869206,5725244348736926856,2940641721189674290,17783796959502404363,0,0,0,0,0,0,0,0,0,0,0
370,5,555,8,10,0.043358,12800.46,0.037800,14682.36,0.031474,17633.63,0.025649,21638.62,0.030193,18381.90,0.029125,19055.82,0.035741,15528.19,0.043372,0.010183,0.019680,0.029125,0.102360,0.007226,1,168096,170116,229306,238,0,0,0,433,0,0,0,165,0,0,0,116,0,0,0,233,0,0,0,0,0,0,0,15639502947648710952,11949072823230151463,11949072823230151463,4046288408565614803,10398867358452424091,15531222390992376387,0,0,0,0,0,0,0,0,0,0,0
371,5,971,8,10,0.043414,22366.00,0.021778,44586.80,0.020826,46624.60,0.024837,39094.24,0.025355,38296.53,0.025146,38613.87,0.030284,32062.70,0.043770,0.007408,0.006975,0.025146,0.083300,0.015835,5,114899,124509,535879,635,0,0,0,781,0,0,0,484,0,0,0,276,0,0,0,288,0,0,0,12,0,0,0,2225729858919045059,2225729858919045059,2225729858919045059,3289603850413769152,9113633850993784743,14161542297708513855,0,0,0,0,0,0,0,0,0,0,0
372,5,924,8,10,0.050291,18373.14,0.021834,42319.02,0.020420,45250.03,0.026771,34514.77,0.028246,32712.61,0.027986,33016.43,0.035561,25983.41,0.050747,0.007779,0.009666,0.027986,0.096179,0.017011,3,118792,127217,581866,630,0,0,0,989,0,0,0,444,0,0,0,306,0,0,0,321,0,0,0,8,0,0,0,17957450402765559021,2138739487206871684,2138739487206871684,13481384319236143113,16398854662567589406,9412320018109058836,0,0,0,0,0,0,0,0,0,0,0
373,5,762,8,10,0.047970,15884.94,0.029143,26147.07,0.019991,38116.99,0.023708,32140.42,0.025411,29986.81,0.022313,34150.37,0.036594,20823.31,0.048167,0.006128,0.012194,0.022313,0.088802,0.008701,1,99790,105225,395330,518,0,0,0,864,0,0,0,249,0,0,0,188,0,0,0,287,0,0,0,7,0,0,0,4168780958329666756,4168780958329666756,4168780958329666756,14497894480943883428,6727121789694617982,10799652325343579978,0,0,0,0,0,0,0,0,0,0,0
374,5,919,8,10,0.046429,19793.67,0.022164,41464.49,0.020374,45106.79,0.024068,38183.57,0.028189,32601.35,0.024242,37910.10,0.034897,26334.51,0.046738,0.007905,0.014596,0.024242,0.093481,0.013336,1,117063,129323,561361,552,0,0,0,772,0,0,0,344,0,0,0,271,0,0,0,268,0,0,0,8,0,0,0,16089765510257983338,2760866271568088218,2760866271568088218,5979672439012965033,10250778110219826976,18441651568329557036,0,0,0,0,0,0,0,0,0,0,0
375,5,710,8,10,0.032730,21692.86,0.016179,43884.93,0.014591,48658.91,0.018716,37934.73,0.019450,36503.70,0.018705,37956.77,0.024368,29136.71,0.032962,0.006180,0.011364,0.018705,0.069211,0.008431,1,97829,101769,420607,389,0,0,0,663,0,0,0,308,0,0,0,174,0,0,0,225,0,0,0,10,0,0,0,10201013443006188854,3915180809548227072,3915180809548227072,7567149887523473448,16027103811343837238,14135967066757002254,0,0,0,0,0,0,0,0,0,0,0
376,5,957,8,10,0.053089,18026.39,0.025037,38223.67,0.019099,50107.46,0.020187,47406.86,0.028217,33916.13,0.029137,32844.37,0.039757,24071.32,0.053638,0.006982,0.006560,0.029137,0.096317,0.012952,5,107024,114574,425529,525,0,0,0,746,0,0,0,262,0,0,0,206,0,0,0,196,0,0,0,2,0,0,0,5682429785331017199,15469848344162589777,15469848344162589777,3038684213682751212,6849239467166658726,7489606014942090542,0,0,0,0,0,0,0,0,0,0,0
377,5,862,8,10,0.047989,17962.37,0.022542,38239.45,0.017375,49612.29,0.021791,39558.30,0.028245,30519.00,0.021579,39946.01,0.035085,24568.79,0.048379,0.006828,0.012919,0.021579,0.089705,0.011670,1,106127,111062,508291,449,0,0,0,762,0,0,0,347,0,0,0,245,0,0,0,270,0,0,0,7,0,0,0,18382645484156146437,3286425309650461827,3286425309650461827,1959520011610020302,7490366276985471131,2009363692446485210,0,0,0,0,0,0,0,0,0,0,0
378,5,794,8,10,0.090611,8762.70,0.042651,18616.12,0.027448,28927.64,0.032999,24061.42,0.044749,17743.60,0.042250,18792.97,0.074317,10684.01,0.091153,0.006600,0.006097,0.042250,0.146100,0.010433,5,108513,112153,413876,521,0,0,0,652,0,0,0,419,0,0,0,304,0,0,0,252,0,0,0,12,0,0,0,13279201701483619324,13279201701483619324,13279201701483619324,6351932683851632488,8227028644092279783,18207120274478136513,0,0,0,0,0,0,0,0,0,0,0
379,5,972,8,10,0.087442,11115.92,0.041836,23233.79,0.025277,38454.05,0.027695,35097.14,0.044531,21827.46,0.027766,35006.95,0.069052,14076.43,0.087845,0.007793,0.013526,0.027766,0.136931,0.016238,1,126135,140855,537592,770,0,0,0,926,0,0,0,416,0,0,0,304,0,0,0,356,0,0,0,17,0,0,0,6653740467548293478,3894295268346316167,3894295268346316167,8542279802310760219,16527901048806237077,937461927263470619,0,0,0,0,0,0,0,0,0,0,0
380,5,780,8,10,0.073954,10547.10,0.040115,19444.12,0.032287,24158.58,0.042051,18548.89,0.045732,17055.78,0.031016,25148.46,0.061630,12656.14,0.074148,0.006153,0.005624,0.031016,0.116941,0.009364,5,92911,97866,508235,434,0,0,0,512,0,0,0,292,0,0,0,220,0,0,0,240,0,0,0,11,0,0,0,6308353555155184844,15123536076820225837,15123536076820225837,3460700341422712123,16425348027387133243,13195342506544456112,0,0,0,0,0,0,0,0,0,0,0
381,5,880,8,10,0.071570,12295.62,0.040178,21902.62,0.032432,27133.52,0.032618,26978.68,0.040505,21725.89,0.019907,44206.34,0.059414,14811.40,0.072653,0.006268,0.011705,0.019907,0.110533,0.011336,1,96573,102783,405277,520,0,0,0,613,0,0,0,457,0,0,0,267,0,0,0,371,0,0,0,10,0,0,0,12324970382235784967,14892572013425468753,14892572013425468753,759488556218889233,9466153486417387980,233061916435926634,0,0,0,0,0,0,0,0,0,0,0
382,5,935,8,10,0.090829,10294.11,0.058404,16009.14,0.042737,21878.17,0.048495,19280.30,0.060917,15348.79,0.053583,17449.70,0.080713,11584.30,0.091268,0.007008,0.006412,0.053583,0.158271,0.012502,5,108319,126084,432556,684,0,0,0,848,0,0,0,390,0,0,0,264,0,0,0,254,0,0,0,9,0,0,0,2213901926077187307,2213901926077187307,2213901926077187307,15613055057340067040,8453806650977642885,5001483259688136487,0,0,0,0,0,0,0,0,0,0,0
383,5,838,8,10,0.056051,14950.78,0.030698,27298.32,0.021211,39508.53,0.023287,35985.10,0.031030,27005.74,0.027419,30562.27,0.053491,15666.07,0.056201,0.006244,0.007050,0.027419,0.096915,0.013540,3,96225,144105,476833,1027,0,0,0,903,0,0,0,445,0,0,0,175,0,0,0,214,0,0,0,6,0,0,0,7772462065171735728,8600641077951909111,8600641077951909111,10984383652579827001,1638762007968988061,4827368769531708620,0,0,0,0,0,0,0,0,0,0,0
384,5,823,8,10,0.040466,20338.10,0.020944,39296.10,0.014644,56198.66,0.021990,37426.12,0.023717,34700.54,0.020366,40409.70,0.033181,24803.33,0.040993,0.006976,0.012700,0.020366,0.081035,0.009630,1,109730,115315,249426,413,0,0,0,602,0,0,0,269,0,0,0,156,0,0,0,140,0,0,0,5,0,0,0,18180434459503015181,2320949149184373583,2320949149184373583,17639814079898516783,7916759935996325035,1152195695736138349,0,0,0,0,0,0,0,0,0,0,0
385,5,1161,8,10,0.062589,18549.48,0.026812,43301.65,0.021035,55194.83,0.021159,54869.48,0.031146,37275.86,0.021655,53612.87,0.042337,27422.93,0.063219,0.008271,0.016197,0.021655,0.109342,0.021208,1,125272,134872,609061,382,0,0,0,598,0,0,0,321,0,0,0,265,0,0,0,346,0,0,0,8,0,0,0,8974106352015657589,3022834435151514772,3022834435151514772,13465146434911951330,11149719421360181523,16371492238822289092,0,0,0,0,0,0,0,0,0,0,0
386,5,943,8,10,0.078823,11963.48,0.039737,23731.28,0.021247,44383.30,0.022626,41677.53,0.044408,21234.77,0.018484,51018.19,0.054130,17420.95,0.078901,0.008710,0.014155,0.018484,0.120249,0.013792,1,115297,122142,494327,523,0,0,0,768,0,0,0,440,0,0,0,294,0,0,0,409,0,0,0,7,0,0,0,11474880976180460906,14359111695389404763,14359111695389404763,9573117498013579355,14743383033313585939,16576470909675732791,0,0,0,0,0,0,0,0,0,0,0
387,5,841,8,10,0.076795,10951.30,0.038680,21742.55,0.027763,30291.63,0.027234,30880.94,0.036744,22888.10,0.028848,29153.28,0.061722,13625.54,0.076977,0.007806,0.015099,0.028848,0.128729,0.012478,1,123611,138621,357264,515,0,0,0,581,0,0,0,330,0,0,0,267,0,0,0,272,0,0,0,4,0,0,0,6207519080051517508,1344960758151894038,1344960758151894038,4102123902866999485,12553964581949562323,12559924733844909832,0,0,0,0,0,0,0,0,0,0,0
388,5,646,8,10,0.073668,8769.03,0.033184,19467.22,0.022144,29173.28,0.028281,22841.87,0.036893,17510.04,0.028738,22479.29,0.054734,11802.64,0.074082,0.005864,0.010698,0.028738,0.119382,0.006896,1,83584,86664,379523,356,0,0,0,246,0,0,0,214,0,0,0,138,0,0,0,205,0,0,0,2,0,0,0,12112567694333318753,12227373197240821770,12227373197240821770,11617953816119248159,5467905408420432841,1164780644524245322,0,0,0,0,0,0,0,0,0,0,0
389,5,626,8,10,0.045457,13771.24,0.021097,29672.99,0.015219,41134.10,0.019728,31731.01,0.024755,25287.42,0.021377,29283.27,0.034451,18170.54,0.045671,0.006377,0.012074,0.021377,0.085500,0.006869,1,98474,101564,413444,348,0,0,0,580,0,0,0,307,0,0,0,195,0,0,0,327,0,0,0,2,0,0,0,11695762665947734153,15859535769518980310,15859535769518980310,1856221774326364076,1175446548773407228,698526362815496601,0,0,0,0,0,0,0,0,0,0,0
390,5,763,8,10,0.067009,11386.56,0.035711,21366.16,0.024876,30671.97,0.025292,30167.60,0.037216,20501.73,0.032333,23597.98,0.051854,14714.36,0.067029,0.007818,0.014815,0.032333,0.121994,0.011168,1,119542,137257,354383,524,0,0,0,653,0,0,0,322,0,0,0,208,0,0,0,411,0,0,0,1,0,0,0,13318778362322812149,11427954920063632686,11427954920063632686,13388589027667302257,296297986417684778,11781890338853676528,0,0,0,0,0,0,0,0,0,0,0
391,5,596,8,10,0.080143,7436.66,0.040401,14752.12,0.032434,18375.56,0.032809,18165.76,0.039332,15153.24,0.022775,26169.18,0.062401,9551.16,0.080665,0.007006,0.011589,0.022775,0.122035,0.006277,2,112031,114361,533246,249,0,0,0,268,0,0,0,180,0,0,0,123,0,0,0,179,0,0,0,1,0,0,0,10314692018093423410,10314692018093423410,10314692018093423410,13542366714586049355,3014995081529816456,15953703110373197460,0,0,0,0,0,0,0,0,0,0,0
392,5,787,8,10,0.085047,9253.69,0.042720,18422.46,0.032796,23997.03,0.032505,24211.41,0.044119,17838.09,0.027793,28316.58,0.072819,10807.62,0.085358,0.006271,0.012211,0.027793,0.131633,0.008999,1,98258,121198,340731,359,0,0,0,440,0,0,0,339,0,0,0,204,0,0,0,244,0,0,0,13,0,0,0,4042284172727582696,4042284172727582696,4042284172727582696,6418687068880124990,1798897452516254190,1042237201283237169,0,0,0,0,0,0,0,0,0,0,0
393,5,616,8,10,0.064436,9559.80,0.035972,17124.46,0.028691,21470.16,0.026294,23427.12,0.033482,18398.21,0.024328,25320.13,0.052734,11681.18,0.064701,0.006422,0.008849,0.024328,0.104301,0.006748,3,100529,103214,299932,315,0,0,0,332,0,0,0,205,0,0,0,132,0,0,0,154,0,0,0,5,0,0,0,7089617193300155603,7089617193300155603,7089617193300155603,7809210217872491765,635025390888734200,17112418510885224344,0,0,0,0,0,0,0,0,0,0,0
394,5,648,8,10,0.066769,9705.15,0.032674,19832.09,0.025497,25414.94,0.025048,25870.63,0.032503,19936.69,0.017703,36603.52,0.050984,12709.90,0.066996,0.005752,0.010668,0.017703,0.101119,0.007408,1,92263,96378,513714,385,0,0,0,506,0,0,0,299,0,0,0,162,0,0,0,208,0,0,0,5,0,0,0,16060703409684022200,16060703409684022200,16060703409684022200,5506447277410057264,8548753940110237836,13567130939747444476,0,0,0,0,0,0,0,0,0,0,0
395,5,873,8,10,0.070410,12398.85,0.038915,22433.63,0.024876,35094.60,0.034688,25167.38,0.040468,21572.67,0.027712,31502.62,0.055607,15699.55,0.070838,0.006635,0.011159,0.027712,0.116344,0.011327,1,91803,106273,382329,428,0,0,0,359,0,0,0,250,0,0,0,121,0,0,0,164,0,0,0,4,0,0,0,18187964882100897247,18137344882907557888,18137344882907557888,7437911874874258137,10026334799010157130,6529160671138790073,0,0,0,0,0,0,0,0,0,0,0
396,5,635,8,10,0.064035,9916.44,0.038291,16583.35,0.031879,19919.30,0.032358,19624.03,0.036458,17417.28,0.025392,25008.11,0.048595,13067.09,0.064295,0.005215,0.005721,0.025392,0.100623,0.006390,4,74539,76814,332528,302,0,0,0,470,0,0,0,185,0,0,0,128,0,0,0,132,0,0,0,3,0,0,0,2482130027736829081,18304985111690066065,18304985111690066065,865637387285518378,8513231282363605953,667861936262730643,0,0,0,0,0,0,0,0,0,0,0
397,5,762,8,10,0.077986,9770.94,0.035802,21283.48,0.025211,30225.09,0.035261,21610.44,0.043806,17394.90,0.038744,19667.49,0.061137,12463.83,0.078369,0.005770,0.008832,0.038744,0.131715,0.008944,4,89808,95018,374504,298,0,0,0,484,0,0,0,306,0,0,0,162,0,0,0,211,0,0,0,9,0,0,0,4244203486243976275,4244203486243976275,4244203486243976275,11822364704046283519,8827002923848268974,14048265214241316704,0,0,0,0,0,0,0,0,0,0,0
398,5,790,8,10,0.069833,11312.72,0.039806,19846.18,0.023130,34154.46,0.022377,35303.86,0.039755,19871.60,0.030226,26136.35,0.055878,14137.82,0.070382,0.005791,0.008137,0.030226,0.114536,0.009938,3,96725,100735,485254,436,0,0,0,668,0,0,0,255,0,0,0,215,0,0,0,275,0,0,0,4,0,0,0,4372677621006878574,15368146376802623528,15368146376802623528,8413956972157178701,7620277113199321211,13548669038241901527,0,0,0,0,0,0,0,0,0,0,0
399,5,843,8,10,0.091635,9199.56,0.052027,16203.01,0.032951,25583.25,0.038933,21652.61,0.049671,16971.53,0.024172,34874.73,0.072336,11653.96,0.092013,0.008012,0.014471,0.024172,0.138667,0.013464,1,118798,125333,555561,439,0,0,0,550,0,0,0,327,0,0,0,206,0,0,0,225,0,0,0,6,0,0,0,3306722409487067254,3016645384564013594,3016645384564013594,1614535402884095562,3746510047662054628,2351195676016910589,0,0,0,0,0,0,0,0,0,0,0
400,5,751,8,10,0.070692,10623.49,0.039146,19184.75,0.032344,23219.37,0.033187,22629.46,0.037379,20091.68,0.017447,43045.68,0.059151,12696.39,0.070941,0.006576,0.012111,0.017447,0.107076,0.008714,1,103890,112005,459374,369,0,0,0,424,0,0,0,224,0,0,0,165,0,0,0,226,0,0,0,1,0,0,0,18274693749995442898,18274693749995442898,18274693749995442898,4736643925433818138,14796756498581027225,2338130260575703215,0,0,0,0,0,0,0,0,0,0,0
401,5,903,8,10,0.074434,12131.50,0.041386,21819.23,0.033244,27162.42,0.033590,26882.70,0.039354,22945.83,0.027737,32555.78,0.056840,15886.70,0.074921,0.007270,0.007856,0.027737,0.117784,0.013218,4,112606,119326,550340,516,0,0,0,765,0,0,0,299,0,0,0,266,0,0,0,263,0,0,0,2,0,0,0,4955152438341840377,15723379625558427431,15723379625558427431,14657035209749047572,6987330478690030736,3396633968717657599,0,0,0,0,0,0,0,0,0,0,0
402,5,697,8,10,0.092490,7535.94,0.042843,16268.76,0.029635,23519.37,0.029633,23521.36,0.040861,17057.78,0.023065,30218.30,0.070207,9927.80,0.092881,0.006204,0.009381,0.023065,0.131532,0.008475,2,96641,99891,390795,385,0,0,0,482,0,0,0,284,0,0,0,181,0,0,0,207,0,0,0,3,0,0,0,15714057334135743791,11749005174490633855,11749005174490633855,2187084236945044033,18232545904314264324,6546201464309062062,0,0,0,0,0,0,0,0,0,0,0
403,5,642,8,10,0.040861,15711.68,0.022747,28223.76,0.017287,37138.72,0.017490,36706.88,0.025879,24807.60,0.020535,31263.87,0.034978,18354.40,0.041088,0.004892,0.009761,0.020535,0.076276,0.006937,1,79347,86972,281053,531,0,0,0,588,0,0,0,228,0,0,0,208,0,0,0,353,0,0,0,1,0,0,0,17261487048829549467,13975738371875460588,13975738371875460588,14575174611851246552,3660735416197783472,13555464887858164303,0,0,0,0,0,0,0,0,0,0,0
404,5,1001,8,10,0.091467,10943.87,0.040846,24506.68,0.036180,27667.50,0.042170,23737.40,0.044957,22265.84,0.020024,49990.41,0.067253,14884.07,0.092535,0.008010,0.015666,0.020024,0.136235,0.015792,1,126115,132010,948241,495,0,0,0,479,0,0,0,380,0,0,0,264,0,0,0,348,0,0,0,7,0,0,0,9469178917073347257,15725523745200972325,15725523745200972325,7247976997482151858,16445399763500029135,2421550259153234098,0,0,0,0,0,0,0,0,0,0,0
405,5,885,8,10,0.063110,14023.24,0.039209,22571.42,0.028538,31011.15,0.027552,32120.86,0.038671,22885.39,0.027176,32565.43,0.053955,16402.56,0.063476,0.006847,0.006156,0.027176,0.103655,0.012289,5,98298,106493,498809,412,0,0,0,479,0,0,0,255,0,0,0,220,0,0,0,211,0,0,0,11,0,0,0,14617341643582423548,3640879181856204123,3640879181856204123,10026125356436269925,8768699799434726664,11494657033066373568,0,0,0,0,0,0,0,0,0,0,0
406,5,664,8,10,0.060110,11046.43,0.038205,17379.87,0.033294,19943.32,0.033260,19964.21,0.037384,17761.43,0.022695,29258.10,0.046731,14209.08,0.060457,0.004778,0.004623,0.022695,0.092553,0.007077,5,76580,79740,324494,271,0,0,0,294,0,0,0,228,0,0,0,143,0,0,0,134,0,0,0,2,0,0,0,17232283818128642875,9907927919586053128,9907927919586053128,16037272400791181872,6048766689630053304,7228635416949682561,0,0,0,0,0,0,0,0,0,0,0
407,5,880,8,10,0.073011,12052.92,0.037405,23526.20,0.023432,37555.17,0.022402,39282.43,0.037895,23221.88,0.032097,27416.99,0.060452,14557.03,0.073625,0.006951,0.008677,0.032097,0.121350,0.014559,4,108417,120442,476905,329,0,0,0,479,0,0,0,176,0,0,0,144,0,0,0,153,0,0,0,0,0,0,0,6988672756902506005,1849690305757417708,1849690305757417708,11836405722357849305,2912795559782104425,14978375650180129529,0,0,0,0,0,0,0,0,0,0,0
408,5,757,8,10,0.071572,10576.72,0.031954,23690.07,0.026872,28170.46,0.034426,21989.27,0.040755,18574.49,0.028021,27015.83,0.052798,14337.65,0.072033,0.006481,0.006475,0.028021,0.113009,0.010850,4,95278,99003,564502,457,0,0,0,586,0,0,0,368,0,0,0,253,0,0,0,213,0,0,0,2,0,0,0,7233256669128465502,4599398207876433026,4599398207876433026,15726296858435728584,5313774961144276576,14576774674285038887,0,0,0,0,0,0,0,0,0,0,0
409,5,743,8,10,0.112033,6631.96,0.052685,14102.76,0.040297,18438.32,0.042599,17441.85,0.059397,12508.95,0.030880,24061.17,0.089214,8328.25,0.112842,0.007538,0.013051,0.030880,0.164311,0.008940,1,116071,118736,406623,428,0,0,0,523,0,0,0,290,0,0,0,186,0,0,0,283,0,0,0,3,0,0,0,5643804704514888192,5643804704514888192,5643804704514888192,5818663839398805267,9659894551449151525,3925419557174940132,0,0,0,0,0,0,0,0,0,0,0
410,5,777,8,10,0.074913,10371.99,0.041880,18552.87,0.032626,23815.59,0.033446,23231.34,0.040032,19409.23,0.027529,28224.76,0.058628,13253.01,0.075449,0.005950,0.005489,0.027529,0.114416,0.009069,5,88099,91829,566384,270,0,0,0,443,0,0,0,282,0,0,0,208,0,0,0,214,0,0,0,2,0,0,0,4651100679767431119,6023992415590272703,6023992415590272703,16034535982876800104,876480132543866047,1069158454963205183,0,0,0,0,0,0,0,0,0,0,0
411,5,832,8,10,0.046790,17781.62,0.026489,31409.09,0.017724,46941.77,0.019541,42576.85,0.028921,28767.59,0.021830,38111.86,0.035680,23318.42,0.047296,0.006431,0.008014,0.021830,0.083572,0.011096,3,91878,100708,433443,413,0,0,0,593,0,0,0,182,0,0,0,168,0,0,0,200,0,0,0,6,0,0,0,11048343747318315549,102767186366644931,102767186366644931,5863327107425930790,18079956518886066162,5473245240482705471,0,0,0,0,0,0,0,0,0,0,0
412,5,734,8,10,0.073323,10010.48,0.036002,20387.85,0.027527,26664.64,0.032153,22828.20,0.038362,19133.60,0.018509,39656.33,0.058876,12466.79,0.073499,0.006454,0.011153,0.018509,0.109615,0.009586,1,93074,97784,551397,388,0,0,0,441,0,0,0,341,0,0,0,190,0,0,0,216,0,0,0,8,0,0,0,9013537898479153210,15129530413698764254,15129530413698764254,6726756606033901806,2243708398487192099,9233731194701090164,0,0,0,0,0,0,0,0,0,0,0
413,5,777,8,10,0.094552,8217.70,0.051135,15195.15,0.036185,21472.96,0.039898,19474.60,0.049341,15747.55,0.036519,21276.32,0.077572,10016.56,0.095606,0.005797,0.005723,0.036519,0.143646,0.009624,5,94585,98645,447084,405,0,0,0,424,0,0,0,266,0,0,0,142,0,0,0,130,0,0,0,2,0,0,0,5406607145028603011,5406607145028603011,5406607145028603011,4559516584801933607,17611514840056786388,8877689431789432645,0,0,0,0,0,0,0,0,0,0,0
414,5,685,8,10,0.079193,8649.75,0.044225,15488.93,0.026758,25599.93,0.026517,25832.49,0.043345,15803.26,0.014487,47284.01,0.058007,11808.99,0.079595,0.005987,0.010941,0.014487,0.111010,0.007503,1,87241,89896,412659,345,0,0,0,329,0,0,0,314,0,0,0,203,0,0,0,284,0,0,0,9,0,0,0,6113599024098774620,6113599024098774620,6113599024098774620,13574656391688210338,12313634159815829798,15211107842830377680,0,0,0,0,0,0,0,0,0,0,0
415,5,1082,8,10,0.090219,11993.10,0.046068,23487.04,0.035505,30474.46,0.040686,26593.60,0.054351,19907.57,0.022975,47094.15,0.071383,15157.67,0.090928,0.008610,0.016079,0.022975,0.138592,0.017277,1,129188,138378,583241,565,0,0,0,893,0,0,0,591,0,0,0,347,0,0,0,422,0,0,0,9,0,0,0,13472571607306294279,14208569492405469920,14208569492405469920,8240962183078944065,5203335576255104123,17087742172789101873,0,0,0,0,0,0,0,0,0,0,0
416,5,969,8,10,0.053497,18113.21,0.034405,28164.45,0.027393,35373.79,0.027230,35585.12,0.034798,27846.20,0.028153,34418.54,0.050104,19339.64,0.054185,0.006646,0.006076,0.028153,0.095061,0.013635,5,95045,119305,332570,436,0,0,0,598,0,0,0,214,0,0,0,167,0,0,0,179,0,0,0,3,0,0,0,12969376449829491066,12969376449829491066,12969376449829491066,5066808424890116406,10772588014728167485,13873619912410976298,0,0,0,0,0,0,0,0,0,0,0
417,5,877,8,10,0.098458,8907.36,0.046267,18955.27,0.036400,24093.60,0.034899,25129.90,0.045683,19197.42,0.029098,30139.90,0.080419,10905.39,0.098936,0.006731,0.012649,0.029098,0.147413,0.011631,1,102870,126635,568361,666,0,0,0,548,0,0,0,266,0,0,0,153,0,0,0,213,0,0,0,6,0,0,0,8073457794502731346,8073457794502731346,8073457794502731346,17189746516733947904,15212432511468535613,4636815203511021127,0,0,0,0,0,0,0,0,0,0,0
418,5,749,8,10,0.068269,10971.36,0.040580,18457.50,0.026889,27855.70,0.032846,22803.37,0.038212,19601.31,0.025193,29730.13,0.053722,13942.03,0.068474,0.006574,0.012942,0.025193,0.113184,0.010866,1,101210,106000,457728,473,0,0,0,578,0,0,0,361,0,0,0,284,0,0,0,347,0,0,0,7,0,0,0,17578470993880283161,6598705785002601972,6598705785002601972,2066483733628812926,10277086660917179000,4398039828407846946,0,0,0,0,0,0,0,0,0,0,0
419,5,811,8,10,0.078604,10317.51,0.037933,21379.61,0.026901,30147.38,0.029503,27489.10,0.036666,22118.38,0.022507,36032.75,0.059633,13599.87,0.078724,0.005671,0.011831,0.022507,0.118733,0.009809,1,90407,95282,426064,214,0,0,0,266,0,0,0,233,0,0,0,185,0,0,0,163,0,0,0,4,0,0,0,12556985088356835238,858070521660227910,858070521660227910,2186438488731706660,9443688234746315894,2545137969101597443,0,0,0,0,0,0,0,0,0,0,0
420,5,973,8,10,0.048890,19901.93,0.022709,42845.97,0.019584,49684.45,0.018976,51274.80,0.026826,36270.93,0.019653,49508.76,0.037874,25690.18,0.049126,0.007495,0.013845,0.019653,0.090119,0.014116,1,113966,126711,471417,522,0,0,0,677,0,0,0,322,0,0,0,220,0,0,0,316,0,0,0,3,0,0,0,5694542950925362965,2472000239392112811,2472000239392112811,10879998911889747731,2127948045405283110,11813807249336172370,0,0,0,0,0,0,0,0,0,0,0
421,5,818,8,10,0.054704,14953.15,0.032554,25127.44,0.026814,30506.65,0.025897,31587.19,0.033331,24541.81,0.017088,47869.18,0.043067,18993.76,0.055050,0.006030,0.011785,0.017088,0.089953,0.009811,1,92238,104153,306988,348,0,0,0,493,0,0,0,303,0,0,0,212,0,0,0,346,0,0,0,0,0,0,0,9377528764047050338,9377528764047050338,9377528764047050338,8359396168424903825,11811694909800394106,15271471751811757031,0,0,0,0,0,0,0,0,0,0,0
422,5,961,8,10,0.050397,19068.70,0.027908,34435.18,0.017288,55588.46,0.018373,52304.96,0.025336,37930.27,0.022860,42037.96,0.036629,26235.99,0.050952,0.007261,0.009682,0.022860,0.090754,0.013987,3,107593,119618,615083,533,0,0,0,572,0,0,0,284,0,0,0,210,0,0,0,241,0,0,0,4,0,0,0,12899949571022182433,12899949571022182433,12899949571022182433,16484042083396268678,7178529197304132383,15988752900636800378,0,0,0,0,0,0,0,0,0,0,0
423,5,945,8,10,0.068034,13890.21,0.034363,27500.23,0.026042,36286.97,0.027014,34981.33,0.037011,25532.91,0.020936,45137.07,0.053251,17746.09,0.069538,0.007455,0.014349,0.020936,0.112278,0.012257,1,113710,123275,339741,410,0,0,0,341,0,0,0,257,0,0,0,220,0,0,0,197,0,0,0,6,0,0,0,14210098832120582972,5510419059133084865,5510419059133084865,3309861697012322517,12653085453760294225,3784273660461037801,0,0,0,0,0,0,0,0,0,0,0
424,5,652,8,10,0.020168,32328.01,0.011178,58330.69,0.009381,69502.53,0.011542,56487.53,0.013258,49177.94,0.013103,49758.02,0.016567,39354.68,0.020321,0.004025,0.003845,0.013103,0.041294,0.006830,5,60535,66035,290907,234,0,0,0,376,0,0,0,219,0,0,0,115,0,0,0,113,0,0,0,2,0,0,0,2461544497815759825,15895235471869012082,15895235471869012082,6272093122694671171,16342726935935541958,2864979553200229756,0,0,0,0,0,0,0,0,0,0,0
425,5,1070,8,10,0.053372,20047.82,0.027459,38967.47,0.017016,62882.51,0.018954,56453.11,0.029291,36530.19,0.029584,36168.02,0.040442,26457.43,0.054043,0.008804,0.009810,0.029584,0.102242,0.016563,4,127322,157897,542061,489,0,0,0,653,0,0,0,344,0,0,0,257,0,0,0,419,0,0,0,13,0,0,0,8080306952772223373,11783547047571529590,11783547047571529590,16721985138804701822,10331250261580213954,8940608716689654765,0,0,0,0,0,0,0,0,0,0,0
426,5,910,8,10,0.036652,24827.91,0.015654,58133.47,0.014207,64054.69,0.018110,50247.13,0.018735,48573.20,0.016634,54707.85,0.025540,35630.76,0.037254,0.007543,0.011624,0.016634,0.073055,0.014080,2,116982,125207,273670,451,0,0,0,676,0,0,0,398,0,0,0,257,0,0,0,288,0,0,0,6,0,0,0,11133239176333122487,2834861630278153278,2834861630278153278,16176386465187011350,13837095011449468137,674240579416825935,0,0,0,0,0,0,0,0,0,0,0
427,5,816,8,10,0.035781,22805.62,0.014789,55175.06,0.013964,58435.62,0.016748,48721.19,0.018552,43985.02,0.016259,50187.32,0.025702,31749.06,0.035928,0.006336,0.012663,0.016259,0.071186,0.009559,1,103226,111081,530113,315,0,0,0,467,0,0,0,327,0,0,0,135,0,0,0,219,0,0,0,1,0,0,0,6077366576806479994,17557017209717404310,17557017209717404310,7525000646636721585,16056878578401290663,3360956281660732371,0,0,0,0,0,0,0,0,0,0,0
428,5,884,8,10,0.043493,20325.06,0.019043,46421.52,0.017599,50229.17,0.019078,46335.54,0.021231,41636.71,0.020058,44073.09,0.029776,29688.07,0.043677,0.006885,0.006281,0.020058,0.076900,0.013253,5,106068,111938,417898,435,0,0,0,646,0,0,0,293,0,0,0,240,0,0,0,241,0,0,0,4,0,0,0,5468766276807122635,7868547049680573217,7868547049680573217,9414638388276031303,13475822409090065908,1555214328202038102,0,0,0,0,0,0,0,0,0,0,0
429,5,821,8,10,0.045530,18032.25,0.022500,36489.64,0.016201,50677.44,0.022731,36118.81,0.027824,29507.04,0.021764,37722.19,0.033264,24681.20,0.045826,0.006590,0.012979,0.021764,0.087159,0.011614,1,101035,105030,482069,345,0,0,0,449,0,0,0,277,0,0,0,252,0,0,0,304,0,0,0,11,0,0,0,6083701677591942975,2975237855229901451,2975237855229901451,13253752562233080396,12204210888300346142,17760823636852838738,0,0,0,0,0,0,0,0,0,0,0
430,5,801,8,10,0.048637,16469.10,0.025566,31330.07,0.017567,45598.04,0.030997,25841.32,0.033801,23697.71,0.030009,26692.36,0.037808,21185.96,0.049225,0.006575,0.012704,0.030009,0.098512,0.010057,1,103475,108380,283532,461,0,0,0,702,0,0,0,366,0,0,0,274,0,0,0,283,0,0,0,5,0,0,0,10943928398883500334,10943928398883500334,10943928398883500334,1740873036338573139,10007701174775291797,7078833638082114240,0,0,0,0,0,0,0,0,0,0,0
431,5,870,8,10,0.061413,14166.30,0.030989,28074.36,0.026813,32447.55,0.025943,33535.68,0.031498,27620.87,0.015023,57912.64,0.043408,20042.34,0.062561,0.006735,0.012975,0.015023,0.097294,0.011023,1,104695,113695,441983,296,0,0,0,483,0,0,0,312,0,0,0,193,0,0,0,294,0,0,0,5,0,0,0,17846729184035916064,10048286096321297895,10048286096321297895,13894294102713222186,9957962918739008661,15671039495894986811,0,0,0,0,0,0,0,0,0,0,0
432,5,887,8,10,0.057141,15523.05,0.027886,31808.32,0.017872,49630.45,0.020056,44226.04,0.031183,28445.07,0.025510,34770.20,0.043517,20382.89,0.057786,0.007367,0.010893,0.025510,0.101556,0.011363,2,101407,113417,504948,454,0,0,0,471,0,0,0,257,0,0,0,208,0,0,0,288,0,0,0,3,0,0,0,16949400839895194606,16949400839895194606,16949400839895194606,12395335472625485791,14379092075312680411,3741639141867790772,0,0,0,0,0,0,0,0,0,0,0
433,5,808,8,10,0.055240,14626.98,0.031287,25825.51,0.025418,31787.97,0.021820,37030.22,0.032999,24485.81,0.033133,24386.66,0.040113,20142.99,0.056110,0.006854,0.007154,0.033133,0.103251,0.009894,4,94185,99740,387079,467,0,0,0,810,0,0,0,310,0,0,0,189,0,0,0,181,0,0,0,14,0,0,0,16473140791448906023,1189428157158315399,1189428157158315399,13989980091181114221,13850922503825812859,13469568151045935632,0,0,0,0,0,0,0,0,0,0,0
434,5,851,8,10,0.054529,15606.36,0.024092,35322.41,0.021305,39943.51,0.021016,40492.12,0.024646,34528.70,0.020850,40814.52,0.033542,25371.39,0.055012,0.007244,0.013320,0.020850,0.096426,0.011120,1,106336,112271,490002,591,0,0,0,832,0,0,0,368,0,0,0,348,0,0,0,404,0,0,0,8,0,0,0,17473293570627266343,4389083180076066384,4389083180076066384,17508120245117992853,1519249273342106076,10293433146022183412,0,0,0,0,0,0,0,0,0,0,0
435,5,752,8,10,0.040544,18547.83,0.020631,36450.43,0.015294,49168.70,0.016998,44241.56,0.022967,32743.12,0.016216,46374.32,0.029426,25555.77,0.040760,0.006445,0.012371,0.016216,0.075792,0.009476,1,102037,104827,253251,317,0,0,0,502,0,0,0,353,0,0,0,173,0,0,0,233,0,0,0,4,0,0,0,15580996889692070055,4473943337807928181,4473943337807928181,15298463848965199306,11852272706102869761,430156426621165661,0,0,0,0,0,0,0,0,0,0,0
436,5,928,8,10,0.051104,18158.98,0.026931,34458.14,0.020643,44954.83,0.021973,42233.50,0.028066,33065.29,0.020425,45434.02,0.037499,24747.43,0.051617,0.007441,0.013508,0.020425,0.092991,0.012456,1,109339,117249,514177,601,0,0,0,773,0,0,0,412,0,0,0,242,0,0,0,263,0,0,0,4,0,0,0,16353491498496807855,11794453871906776699,11794453871906776699,14723978662657897007,17494382842112669272,15117053615525213420,0,0,0,0,0,0,0,0,0,0,0
437,5,757,8,10,0.035869,21104.69,0.015722,48148.80,0.012925,58570.88,0.014272,53041.38,0.020451,37014.77,0.020429,37055.25,0.027766,27263.11,0.036333,0.005791,0.005453,0.020429,0.068006,0.008612,5,87288,95178,433036,253,0,0,0,483,0,0,0,252,0,0,0,221,0,0,0,208,0,0,0,6,0,0,0,8987564584702535158,13052496902770112459,13052496902770112459,13699979501197673993,4835361779588439795,10913980035640914735,0,0,0,0,0,0,0,0,0,0,0
438,5,799,8,10,0.044786,17840.21,0.022908,34878.39,0.015785,50617.07,0.017650,45268.67,0.023488,34017.21,0.020975,38093.72,0.031992,24975.02,0.045639,0.006893,0.010387,0.020975,0.083893,0.011667,2,108846,113226,433236,423,0,0,0,580,0,0,0,407,0,0,0,260,0,0,0,357,0,0,0,7,0,0,0,14766561727191099528,14766561727191099528,14766561727191099528,16692366405845090053,16875647685422081901,15615898382709444589,0,0,0,0,0,0,0,0,0,0,0
439,5,856,8,10,0.038987,21955.97,0.022520,38010.20,0.016324,52438.52,0.016394,52212.89,0.023709,36104.21,0.017593,48655.86,0.029728,28794.28,0.039579,0.007346,0.009641,0.017593,0.074158,0.010619,3,117708,123538,250333,366,0,0,0,419,0,0,0,225,0,0,0,163,0,0,0,269,0,0,0,5,0,0,0,7651983652481198511,5036392562326332233,5036392562326332233,13600967585590886992,5151855932104486545,11315196064802495866,0,0,0,0,0,0,0,0,0,0,0
440,5,784,8,10,0.036491,21484.80,0.014401,54439.96,0.012594,62252.12,0.015315,51193.08,0.016046,48859.96,0.015406,50887.79,0.022754,34454.87,0.036779,0.005920,0.005509,0.015406,0.063614,0.009159,5,87725,89640,590419,295,0,0,0,531,0,0,0,347,0,0,0,203,0,0,0,199,0,0,0,4,0,0,0,12013316912650713875,15517619040700067693,15517619040700067693,1013163299896534880,14758685542747759711,17800336590749012436,0,0,0,0,0,0,0,0,0,0,0
441,5,844,8,10,0.045610,18504.74,0.025984,32481.13,0.015418,54742.92,0.016566,50948.08,0.026550,31789.21,0.016468,51250.42,0.035763,23600.11,0.046442,0.006364,0.013272,0.016468,0.082546,0.013239,1,106613,112018,378856,385,0,0,0,451,0,0,0,254,0,0,0,161,0,0,0,238,0,0,0,3,0,0,0,12525830173883904393,12100583720569158621,12100583720569158621,4602147039405379882,17980526374705196643,4602147039405379882,0,0,0,0,0,0,0,0,0,0,0
442,5,911,8,10,0.089737,10151.94,0.053267,17102.55,0.047850,19038.65,0.053870,16911.17,0.063843,14269.43,0.053332,17081.82,0.079327,11484.04,0.090296,0.008628,0.013457,0.053332,0.165713,0.012830,2,122979,134729,548456,431,0,0,0,609,0,0,0,298,0,0,0,201,0,0,0,303,0,0,0,4,0,0,0,15304609060967025681,16739154804662091578,16739154804662091578,16183801119562580331,15016805419871162830,560098510376671520,0,0,0,0,0,0,0,0,0,0,0
443,5,667,8,10,0.031815,20965.06,0.017652,37785.52,0.013479,49483.16,0.015627,42683.06,0.019288,34580.23,0.015829,42138.08,0.023393,28513.16,0.031861,0.004831,0.009753,0.015829,0.062274,0.007697,2,76966,80011,330772,436,0,0,0,528,0,0,0,216,0,0,0,187,0,0,0,240,0,0,0,1,0,0,0,6744261003941687562,1292540789129967135,1292540789129967135,10723182631118091557,7924034571741842451,1220076725094141298,0,0,0,0,0,0,0,0,0,0,0
444,5,1109,8,10,0.057880,19160.23,0.026815,41357.17,0.017692,62682.15,0.023819,46559.56,0.031782,34893.79,0.022914,48398.50,0.039514,28065.86,0.058712,0.008916,0.017144,0.022914,0.107686,0.018621,1,133001,141626,546485,580,0,0,0,678,0,0,0,373,0,0,0,287,0,0,0,343,0,0,0,3,0,0,0,5499789403788407212,13048859052905594136,13048859052905594136,15016282300495977646,6102666510094982178,2874686901451893229,0,0,0,0,0,0,0,0,0,0,0
445,5,959,8,10,0.044140,21726.50,0.021694,44205.97,0.018021,53216.64,0.020077,47765.05,0.026306,36456.16,0.021925,43739.05,0.030304,31645.85,0.044364,0.006927,0.013645,0.021925,0.086861,0.014220,1,105661,112851,361042,406,0,0,0,633,0,0,0,305,0,0,0,246,0,0,0,306,0,0,0,3,0,0,0,4750052514336821692,4750052514336821692,4750052514336821692,15442049529005936477,14272416009977159184,7183091456835801679,0,0,0,0,0,0,0,0,0,0,0
446,5,891,8,10,0.063552,14019.97,0.042836,20800.19,0.034389,25909.22,0.033728,26417.16,0.046434,19188.33,0.036296,24548.19,0.056244,15841.80,0.064369,0.006375,0.010448,0.036296,0.117488,0.011289,2,100719,109564,479285,449,0,0,0,584,0,0,0,344,0,0,0,113,0,0,0,165,0,0,0,8,0,0,0,9656008488108382044,2800331905151792341,2800331905151792341,15412864730686931283,10523629342497047898,5701416639436501894,0,0,0,0,0,0,0,0,0,0,0
447,5,893,8,10,0.043559,20500.84,0.021522,41492.15,0.017393,51343.95,0.020989,42546.90,0.026893,33205.10,0.022437,39799.57,0.034070,26211.01,0.043805,0.006196,0.010833,0.022437,0.083272,0.012754,2,94959,105494,379188,386,0,0,0,471,0,0,0,353,0,0,0,161,0,0,0,285,0,0,0,2,0,0,0,7821774737386660194,7821774737386660194,7821774737386660194,97262042297557550,15122899123237198122,3167910289819954840,0,0,0,0,0,0,0,0,0,0,0
448,5,856,8,10,0.041779,20488.84,0.019147,44706.48,0.016174,52923.87,0.017159,49886.97,0.020816,41123.08,0.019556,43770.91,0.026583,32201.29,0.042239,0.007839,0.008174,0.019556,0.077808,0.011056,4,111556,114181,379035,330,0,0,0,491,0,0,0,331,0,0,0,267,0,0,0,262,0,0,0,3,0,0,0,13691087915977766760,13691087915977766760,13691087915977766760,1780274724550691425,16531625519655120371,14085970548143004308,0,0,0,0,0,0,0,0,0,0,0
449,5,804,8,10,0.038639,20807.73,0.021064,38168.83,0.016624,48362.95,0.016341,49201.06,0.021358,37644.79,0.021056,38183.74,0.028299,28411.18,0.038952,0.005833,0.005452,0.021056,0.071293,0.009613,5,89324,94774,493435,408,0,0,0,576,0,0,0,313,0,0,0,226,0,0,0,254,0,0,0,2,0,0,0,1848882286139312197,1848882286139312197,1848882286139312197,15878954980364321615,5792463560403404463,13174153932732704251,0,0,0,0,0,0,0,0,0,0,0
450,5,960,8,10,0.063742,15060.66,0.037057,25905.91,0.024681,38896.07,0.026453,36291.45,0.037078,25891.64,0.021466,44721.29,0.049861,19253.43,0.063944,0.009492,0.018249,0.021466,0.113151,0.014248,1,143718,150758,529124,582,0,0,0,948,0,0,0,423,0,0,0,304,0,0,0,308,0,0,0,6,0,0,0,12368319175095173507,12368319175095173507,12368319175095173507,9316523281474758054,4381396569693733027,5179458578637582123,0,0,0,0,0,0,0,0,0,0,0
451,5,809,8,10,0.044138,18328.91,0.020786,38921.08,0.014913,54248.65,0.017164,47132.43,0.024355,33216.60,0.023111,35004.41,0.033775,23952.47,0.044688,0.006511,0.006005,0.023111,0.080316,0.010413,5,98130,102900,362629,394,0,0,0,541,0,0,0,303,0,0,0,196,0,0,0,176,0,0,0,0,0,0,0,18212582433489193638,12284834020088246006,12284834020088246006,4766763030274708077,18175305494127923848,7271517303256591191,0,0,0,0,0,0,0,0,0,0,0
452,5,786,8,10,0.053292,14748.90,0.027440,28644.36,0.020020,39259.99,0.021455,36635.33,0.030216,26012.95,0.022547,34860.94,0.043514,18063.06,0.053685,0.006544,0.012464,0.022547,0.095240,0.009063,1,102377,113512,516295,387,0,0,0,514,0,0,0,392,0,0,0,224,0,0,0,311,0,0,0,4,0,0,0,12316211672367083161,16253451409738779780,16253451409738779780,11831927270790049593,13531403595226775300,14506217866978666764,0,0,0,0,0,0,0,0,0,0,0
453,5,852,8,10,0.062724,13583.38,0.040299,21141.89,0.031329,27195.08,0.031734,26848.29,0.040905,20828.99,0.028629,29759.77,0.053471,15934.00,0.063420,0.005942,0.007175,0.028629,0.105167,0.010350,4,97149,104474,380521,486,0,0,0,601,0,0,0,287,0,0,0,170,0,0,0,165,0,0,0,9,0,0,0,6043415924181327327,12609535560292798639,12609535560292798639,3388607677226849098,6615474305663462850,1476130919938578689,0,0,0,0,0,0,0,0,0,0,0
454,5,801,8,10,0.051940,15421.66,0.029883,26804.13,0.023785,33677.28,0.023816,33632.87,0.032497,24648.32,0.023328,34336.58,0.042497,18848.19,0.052118,0.005657,0.011494,0.023328,0.092597,0.009491,1,90085,95445,474166,312,0,0,0,479,0,0,0,306,0,0,0,189,0,0,0,216,0,0,0,1,0,0,0,16528017062894547256,9883131489945033316,9883131489945033316,2570320056647978592,12271484626781872740,303882757856740346,0,0,0,0,0,0,0,0,0,0,0
455,5,818,8,10,0.036152,22626.86,0.016479,49639.02,0.013515,60523.99,0.012794,63935.57,0.017149,47699.47,0.019325,42329.04,0.025826,31672.93,0.036151,0.006218,0.005795,0.019325,0.067489,0.009991,5,98190,103530,431632,273,0,0,0,355,0,0,0,198,0,0,0,162,0,0,0,138,0,0,0,1,0,0,0,93009260162116371,10263266809360716792,10263266809360716792,1631402650685182011,7296426290704071998,9412345110797855926,0,0,0,0,0,0,0,0,0,0,0
456,5,728,8,10,0.065106,11181.69,0.041005,17753.82,0.024366,29878.24,0.028341,25687.24,0.041634,17485.55,0.026947,27016.28,0.054533,13349.77,0.066176,0.007811,0.014900,0.026947,0.115834,0.010675,1,126775,134395,455008,462,0,0,0,449,0,0,0,224,0,0,0,181,0,0,0,220,0,0,0,3,0,0,0,12543011477330341318,772727011913699160,772727011913699160,15967107047860726762,18312651593840837515,13437568302141300238,0,0,0,0,0,0,0,0,0,0,0
457,5,828,8,10,0.027580,30021.98,0.012638,65516.64,0.011457,72272.68,0.013069,63354.17,0.014494,57126.75,0.012745,64965.18,0.020280,40827.60,0.027774,0.005446,0.010863,0.012745,0.056829,0.010007,1,81121,93321,363607,237,0,0,0,391,0,0,0,196,0,0,0,120,0,0,0,172,0,0,0,1,0,0,0,7588994498081116565,7588994498081116565,7588994498081116565,16304929029195377895,13245640456546284832,13999261219786896782,0,0,0,0,0,0,0,0,0,0,0
458,5,983,8,10,0.040612,24204.51,0.019446,50549.53,0.018070,54400.76,0.024525,40080.97,0.024612,39940.54,0.022789,43134.76,0.030525,32203.26,0.040823,0.007028,0.013527,0.022789,0.084167,0.013931,1,108955,116185,553503,531,0,0,0,779,0,0,0,293,0,0,0,193,0,0,0,212,0,0,0,3,0,0,0,12843358683052359971,14283971494718496222,14283971494718496222,15941635047379804875,12740854643880922644,11969235766249956117,0,0,0,0,0,0,0,0,0,0,0
459,5,716,8,10,0.046061,15544.72,0.024349,29405.51,0.015235,46996.03,0.015486,46235.19,0.025891,27654.89,0.014654,48861.01,0.033505,21370.23,0.046339,0.005399,0.010529,0.014654,0.076921,0.007885,1,80345,83865,355355,294,0,0,0,389,0,0,0,329,0,0,0,213,0,0,0,264,0,0,0,2,0,0,0,18280916038324919396,18280916038324919396,18280916038324919396,11256371671598707051,1353143474099215333,1177060143473158692,0,0,0,0,0,0,0,0,0,0,0
460,5,799,8,10,0.049179,16246.88,0.021577,37030.50,0.015283,52280.81,0.017519,45607.55,0.022202,35987.52,0.022084,36180.65,0.031786,25136.73,0.049697,0.006727,0.006445,0.022084,0.084953,0.011237,5,107726,114681,614767,366,0,0,0,461,0,0,0,262,0,0,0,170,0,0,0,159,0,0,0,0,0,0,0,4397463021671922740,4397463021671922740,4397463021671922740,1469410757698942606,17893954619591015291,17207594059311096894,0,0,0,0,0,0,0,0,0,0,0
461,5,778,8,10,0.031867,24413.73,0.017132,45412.55,0.014476,53743.60,0.018447,42174.33,0.020797,37409.72,0.018944,41068.92,0.020497,37957.52,0.032076,0.005927,0.005390,0.018944,0.062336,0.009128,5,92882,95497,256694,443,0,0,0,634,0,0,0,362,0,0,0,258,0,0,0,261,0,0,0,10,0,0,0,6591858157175482100,13318346751972528319,13318346751972528319,2734922766438475939,2523883483160825097,6625301086179387886,0,0,0,0,0,0,0,0,0,0,0
462,5,870,8,10,0.053915,16136.58,0.028096,30965.17,0.018337,47443.88,0.020715,41999.35,0.029070,29927.84,0.019026,45727.94,0.038661,22503.38,0.054619,0.006468,0.013124,0.019026,0.093237,0.011428,1,104537,114532,594605,392,0,0,0,643,0,0,0,410,0,0,0,234,0,0,0,243,0,0,0,2,0,0,0,17415605886897218397,2038762573449353325,2038762573449353325,8903190000987413261,18146907282202328618,8689020561524049971,0,0,0,0,0,0,0,0,0,0,0
463,5,715,8,10,0.026405,27078.58,0.010843,65941.57,0.009297,76904.86,0.012781,55942.87,0.015050,47507.42,0.014912,47948.40,0.018689,38258.58,0.026706,0.005020,0.004601,0.014912,0.051239,0.007671,5,74414,78184,209852,295,0,0,0,446,0,0,0,239,0,0,0,115,0,0,0,138,0,0,0,4,0,0,0,14409818347759885925,15865920657803386784,15865920657803386784,14406698020492785016,757361035091520590,17820727321648614012,0,0,0,0,0,0,0,0,0,0,0
464,5,995,8,10,0.054466,18268.18,0.022220,44780.13,0.019135,51999.46,0.019158,51937.64,0.024310,40929.17,0.022401,44416.96,0.038300,25979.23,0.055187,0.008543,0.015901,0.022401,0.102033,0.019363,1,122800,131665,643488,424,0,0,0,644,0,0,0,361,0,0,0,279,0,0,0,355,0,0,0,2,0,0,0,12713635959771979698,8771897937602536037,8771897937602536037,11173530197598647734,6675577416993314976,3807043601179184769,0,0,0,0,0,0,0,0,0,0,0
465,5,762,8,10,0.048868,15593.04,0.026315,28956.48,0.016955,44943.20,0.018000,42333.07,0.026388,28876.23,0.018605,40956.13,0.041034,18570.17,0.049315,0.007216,0.013402,0.018605,0.088538,0.011836,2,113257,118997,251250,367,0,0,0,491,0,0,0,263,0,0,0,248,0,0,0,211,0,0,0,2,0,0,0,10349829419804734282,13772812992461380293,13772812992461380293,1333557997628934061,9540916115167609491,14851977130711790552,0,0,0,0,0,0,0,0,0,0,0
466,5,962,8,10,0.073568,13076.35,0.037365,25745.90,0.021454,44839.19,0.021489,44767.54,0.036883,26082.45,0.018875,50966.58,0.056826,16928.80,0.073752,0.007993,0.015236,0.018875,0.115857,0.014661,1,118371,133506,410242,573,0,0,0,407,0,0,0,289,0,0,0,226,0,0,0,302,0,0,0,1,0,0,0,18046491481491152960,2447298896055065034,2447298896055065034,12998458840293215733,2562817436179044311,17092329504924913392,0,0,0,0,0,0,0,0,0,0,0
467,5,824,8,10,0.074214,11103.07,0.044066,18699.39,0.032190,25598.30,0.032787,25131.62,0.042022,19608.88,0.018755,43934.90,0.061933,13304.68,0.074964,0.005603,0.011204,0.018755,0.110526,0.009686,1,87731,97856,479654,348,0,0,0,271,0,0,0,316,0,0,0,235,0,0,0,256,0,0,0,3,0,0,0,14397465543764396625,3530256476544399781,3530256476544399781,15925425808586958426,11737339407928194058,11416671926354672900,0,0,0,0,0,0,0,0,0,0,0
468,5,814,8,10,0.079929,10184.03,0.039992,20354.31,0.028132,28935.26,0.031856,25552.79,0.042804,19017.01,0.034340,23704.24,0.061955,13138.66,0.080630,0.007406,0.007706,0.034340,0.130082,0.010873,4,112765,115940,398826,466,0,0,0,656,0,0,0,363,0,0,0,305,0,0,0,283,0,0,0,7,0,0,0,18262818636779030855,8660449152042630888,8660449152042630888,2951742583972029176,7445725750817578789,1051846451636136689,0,0,0,0,0,0,0,0,0,0,0
469,5,729,8,10,0.069345,10512.70,0.030690,23753.67,0.025870,28179.26,0.026536,27472.46,0.028941,25189.06,0.018440,39534.38,0.051078,14272.40,0.069803,0.005622,0.005104,0.018440,0.098969,0.011209,5,82099,85064,344583,321,0,0,0,359,0,0,0,178,0,0,0,156,0,0,0,144,0,0,0,4,0,0,0,3236442794964043110,15328983692282044727,15328983692282044727,3205115627485758145,16156986517566074759,7753614076448375057,0,0,0,0,0,0,0,0,0,0,0
470,5,1019,8,10,0.075782,13446.46,0.036726,27746.35,0.020500,49706.85,0.027376,37222.04,0.040233,25327.24,0.026426,38559.86,0.059618,17092.13,0.076270,0.008973,0.012554,0.026426,0.124223,0.016212,2,132320,142965,455996,435,0,0,0,402,0,0,0,257,0,0,0,193,0,0,0,236,0,0,0,5,0,0,0,17594501284406234255,8961257961366061311,8961257961366061311,3398774344455236374,13527704887813899796,2769158374973966635,0,0,0,0,0,0,0,0,0,0,0
471,5,929,8,10,0.072697,12779.09,0.031061,29909.33,0.018969,48975.31,0.023690,39214.58,0.040763,22790.52,0.040249,23081.10,0.051838,17921.04,0.073093,0.007404,0.006512,0.040249,0.127259,0.011997,5,100925,108135,648499,396,0,0,0,546,0,0,0,364,0,0,0,210,0,0,0,232,0,0,0,6,0,0,0,16048735928550476540,16048735928550476540,16048735928550476540,12072326047892450035,1669649067529359245,5482277205454718482,0,0,0,0,0,0,0,0,0,0,0
472,5,757,8,10,0.048249,15689.40,0.026827,28217.94,0.017301,43753.89,0.017576,43069.69,0.029870,25343.05,0.017607,42994.79,0.036755,20595.87,0.048546,0.006255,0.012126,0.017607,0.084533,0.009244,1,96178,106188,233581,289,0,0,0,384,0,0,0,266,0,0,0,201,0,0,0,267,0,0,0,1,0,0,0,2158489329658691553,2158489329658691553,2158489329658691553,16401370453979342556,11694767647090632833,11037717993128407890,0,0,0,0,0,0,0,0,0,0,0
473,5,956,8,10,0.065530,14588.76,0.033995,28121.58,0.020991,45543.48,0.020415,46828.67,0.032743,29197.35,0.029926,31945.57,0.047488,20131.59,0.065789,0.006800,0.006397,0.029926,0.108913,0.013614,5,108453,114293,600603,428,0,0,0,542,0,0,0,275,0,0,0,171,0,0,0,172,0,0,0,6,0,0,0,15749805454898194130,5325952849498595301,5325952849498595301,10933500245180886220,17061259123161430059,4600758711424057011,0,0,0,0,0,0,0,0,0,0,0
474,5,1058,8,10,0.049380,21425.69,0.026235,40327.35,0.020199,52380.12,0.020159,52483.14,0.029626,35711.31,0.023315,45377.55,0.045794,23103.39,0.049856,0.006759,0.012308,0.023315,0.092238,0.014626,1,99939,117154,394492,511,0,0,0,553,0,0,0,212,0,0,0,138,0,0,0,162,0,0,0,3,0,0,0,17258344170132452351,2491957761670509026,2491957761670509026,1526005656977339645,17370871724056566040,5471377082994551336,0,0,0,0,0,0,0,0,0,0,0
475,5,1165,8,10,0.053236,21883.72,0.023694,49169.41,0.021648,53815.10,0.028711,40577.20,0.031752,36690.31,0.030035,38788.33,0.043883,26547.72,0.053574,0.008256,0.014314,0.030035,0.106179,0.019501,2,124215,138200,610828,619,0,0,0,748,0,0,0,312,0,0,0,213,0,0,0,285,0,0,0,7,0,0,0,2397974747421866491,1117021870192313367,1117021870192313367,5983517127663284531,15980473662676225240,16729339552356961462,0,0,0,0,0,0,0,0,0,0,0
476,5,846,8,10,0.060100,14076.52,0.035392,23903.96,0.027359,30921.77,0.027897,30325.34,0.036340,23279.87,0.018847,44888.74,0.050334,16807.88,0.060329,0.006196,0.011999,0.018847,0.097369,0.010684,1,95835,104080,516417,477,0,0,0,621,0,0,0,274,0,0,0,157,0,0,0,309,0,0,0,4,0,0,0,1026128366745220058,9986732613872417860,9986732613872417860,5818104466549285032,9552258436107233167,13552311079831442575,0,0,0,0,0,0,0,0,0,0,0
477,5,808,8,10,0.065088,12413.90,0.037204,21717.97,0.032533,24836.47,0.032780,24649.03,0.039792,20305.49,0.026154,30894.09,0.054254,14892.98,0.065371,0.006112,0.010933,0.026154,0.108569,0.010083,1,90521,97826,498577,359,0,0,0,453,0,0,0,350,0,0,0,167,0,0,0,177,0,0,0,3,0,0,0,1482650754958873995,14440555502215787159,14440555502215787159,6202538235122770462,1781701124906895071,13899050913019423311,0,0,0,0,0,0,0,0,0,0,0
478,5,956,8,10,0.066008,14483.14,0.041636,22961.01,0.032737,29202.82,0.033169,28822.39,0.039154,24416.38,0.018238,52419.13,0.053024,18029.46,0.066433,0.007080,0.013389,0.018238,0.105140,0.014828,1,102070,116545,423512,414,0,0,0,613,0,0,0,427,0,0,0,267,0,0,0,382,0,0,0,2,0,0,0,974896511333869004,16698263814449294038,16698263814449294038,10361306001762004440,10795973371310167393,11761479648918094708,0,0,0,0,0,0,0,0,0,0,0
479,5,1012,8,10,0.057871,17487.13,0.033581,30135.77,0.029059,34826.24,0.027285,37089.83,0.034947,28957.86,0.026348,38409.58,0.049562,20418.67,0.058244,0.006942,0.009312,0.026348,0.100846,0.015443,3,99663,113188,383280,511,0,0,0,697,0,0,0,239,0,0,0,176,0,0,0,255,0,0,0,0,0,0,0,16181012244211136480,451870803237856321,451870803237856321,12587214363680120338,12730242377363717524,7229139506665029013,0,0,0,0,0,0,0,0,0,0,0
480,5,1082,8,10,0.076177,14203.73,0.043672,24775.43,0.034113,31718.18,0.034751,31136.23,0.041471,26090.71,0.027441,39430.36,0.064351,16814.05,0.076513,0.008481,0.015777,0.027441,0.128212,0.018158,1,117600,139125,647830,465,0,0,0,552,0,0,0,304,0,0,0,247,0,0,0,363,0,0,0,2,0,0,0,16362973484946154956,780143112109200502,780143112109200502,9773941111029559602,1087879949443428773,4205433705115775343,0,0,0,0,0,0,0,0,0,0,0
481,5,892,8,10,0.096136,9278.49,0.041655,21414.22,0.032828,27171.78,0.040148,22217.83,0.049902,17874.96,0.037831,23578.70,0.074753,11932.57,0.096801,0.006778,0.006263,0.037831,0.147673,0.012244,5,103154,111029,544197,521,0,0,0,679,0,0,0,296,0,0,0,166,0,0,0,193,0,0,0,1,0,0,0,5282860323076201634,15486156986448238685,15486156986448238685,1141592243937793953,8487193067815106085,5902887698230796946,0,0,0,0,0,0,0,0,0,0,0
482,5,805,8,10,0.066080,12182.11,0.042423,18975.41,0.027798,28958.63,0.035353,22770.09,0.041506,19394.94,0.033734,23863.23,0.055038,14626.34,0.066262,0.005415,0.010865,0.033734,0.116276,0.009787,1,82347,92757,372122,391,0,0,0,477,0,0,0,327,0,0,0,209,0,0,0,353,0,0,0,2,0,0,0,2640890522361187320,9971837195101359588,9971837195101359588,4070628427685933443,3815772686177674858,13283906669175871313,0,0,0,0,0,0,0,0,0,0,0
483,5,889,8,10,0.067677,13135.91,0.034350,25880.85,0.028614,31068.66,0.027557,32260.74,0.035838,24805.87,0.035164,25281.76,0.052981,16779.64,0.068231,0.006748,0.006370,0.035164,0.116512,0.012221,5,100777,110567,541663,322,0,0,0,363,0,0,0,285,0,0,0,178,0,0,0,181,0,0,0,3,0,0,0,6241059175086038,7899769631137144267,7899769631137144267,4609377364152107439,17629505409481570741,757439806863003124,0,0,0,0,0,0,0,0,0,0,0
484,5,877,8,10,0.090534,9686.98,0.034287,25578.40,0.026945,32547.37,0.039150,22401.06,0.044858,19550.67,0.039323,22302.66,0.064866,13520.25,0.090947,0.005905,0.011631,0.039323,0.147805,0.011012,1,90404,100594,396873,352,0,0,0,197,0,0,0,174,0,0,0,106,0,0,0,169,0,0,0,8,0,0,0,4075774227618732282,2336795845787726230,2336795845787726230,14728771786712745335,15281465751433328422,3973659743099594275,0,0,0,0,0,0,0,0,0,0,0
485,5,688,8,10,0.041736,16484.55,0.022496,30582.95,0.016785,40987.76,0.016563,41538.71,0.024139,28501.71,0.012116,56785.56,0.030499,22558.08,0.042309,0.005944,0.010615,0.012116,0.070984,0.007608,1,93393,95708,195283,153,0,0,0,189,0,0,0,131,0,0,0,70,0,0,0,119,0,0,0,3,0,0,0,14496059945364306645,14652815872197333418,14652815872197333418,1361499470842054050,14314559131052048790,5639240846260461938,0,0,0,0,0,0,0,0,0,0,0
486,5,891,8,10,0.081350,10952.69,0.040038,22253.71,0.019810,44976.63,0.019400,45927.11,0.039081,22798.55,0.023098,38574.59,0.054840,16247.20,0.082228,0.007315,0.015355,0.023098,0.127996,0.012833,1,119639,124744,646936,383,0,0,0,372,0,0,0,221,0,0,0,163,0,0,0,242,0,0,0,1,0,0,0,7396844015796677604,3699765172112398979,3699765172112398979,10865762417543389687,2354266143410533219,9862843670966859508,0,0,0,0,0,0,0,0,0,0,0
487,5,826,8,10,0.043642,18926.55,0.021234,38899.25,0.012060,68491.36,0.015075,54792.92,0.023585,35021.97,0.015049,54889.18,0.033046,24995.33,0.044362,0.006226,0.010148,0.015049,0.075785,0.011142,2,97279,107084,229760,322,0,0,0,342,0,0,0,204,0,0,0,189,0,0,0,191,0,0,0,0,0,0,0,6078549603084202190,12271156910312490896,12271156910312490896,3926162089523454692,15074034132817270348,3541675484708897909,0,0,0,0,0,0,0,0,0,0,0
488,5,915,8,10,0.057836,15820.57,0.030868,29641.88,0.022687,40332.25,0.021255,43049.15,0.031215,29313.00,0.021360,42836.36,0.044743,20449.91,0.058153,0.006738,0.012813,0.021360,0.099064,0.012338,1,104381,111191,674825,445,0,0,0,733,0,0,0,328,0,0,0,183,0,0,0,334,0,0,0,6,0,0,0,18221101031237372527,1919338991243397708,1919338991243397708,3418012855792802047,6962591240722018052,5960738831315480661,0,0,0,0,0,0,0,0,0,0,0
489,5,837,8,10,0.048606,17220.19,0.025927,32283.50,0.020371,41087.05,0.022810,36694.84,0.029959,27938.25,0.023737,35261.28,0.036787,22752.43,0.048483,0.006870,0.012061,0.023737,0.091152,0.010842,1,99800,104795,435536,511,0,0,0,707,0,0,0,326,0,0,0,243,0,0,0,323,0,0,0,8,0,0,0,8837170108951265009,11077931355809005825,11077931355809005825,3109766426351666676,11883094710345698088,16397755891827103669,0,0,0,0,0,0,0,0,0,0,0
490,5,717,8,10,0.030543,23475.18,0.012987,55207.33,0.011450,62622.20,0.016206,44243.59,0.016161,44367.38,0.015275,46939.62,0.023365,30687.23,0.030572,0.004973,0.006411,0.015275,0.057231,0.007615,3,76166,80086,384050,297,0,0,0,511,0,0,0,179,0,0,0,105,0,0,0,128,0,0,0,4,0,0,0,14251940296076653225,14251940296076653225,14251940296076653225,8717453139538852280,4927944390444576214,2668726697907998920,0,0,0,0,0,0,0,0,0,0,0
491,5,868,8,10,0.053524,16216.94,0.021562,40255.97,0.018216,47649.72,0.018116,47914.48,0.024421,35543.08,0.018105,47942.78,0.032218,26941.50,0.054008,0.007480,0.014664,0.018105,0.094257,0.012975,1,116420,120840,533408,416,0,0,0,596,0,0,0,292,0,0,0,193,0,0,0,226,0,0,0,7,0,0,0,5502471127672256551,1200240574819621498,1200240574819621498,13394425543603990800,2442236335948871722,11160210289190495989,0,0,0,0,0,0,0,0,0,0,0
492,5,713,8,10,0.040163,17752.78,0.023979,29733.73,0.012095,58947.88,0.017075,41756.59,0.027729,25713.34,0.016477,43271.22,0.033641,21194.37,0.040524,0.006851,0.013727,0.016477,0.077580,0.008371,1,101887,110627,357224,320,0,0,0,334,0,0,0,153,0,0,0,138,0,0,0,178,0,0,0,2,0,0,0,4746979093610647663,16150163320344271597,16150163320344271597,14109765330384843170,8440337194043096046,8300176900193448783,0,0,0,0,0,0,0,0,0,0,0
493,5,971,8,10,0.052845,18374.44,0.026900,36096.03,0.022608,42948.45,0.021200,45801.08,0.028726,33801.66,0.020409,47576.10,0.039412,24636.88,0.053249,0.007824,0.013835,0.020409,0.095317,0.015485,2,116974,122659,415478,428,0,0,0,557,0,0,0,272,0,0,0,168,0,0,0,191,0,0,0,1,0,0,0,12807042893818545449,1783697147695614085,1783697147695614085,3059199445940952642,3413815127783853445,7461597786907364719,0,0,0,0,0,0,0,0,0,0,0
494,5,710,8,10,0.057094,12435.58,0.030295,23436.26,0.018917,37531.49,0.027747,25588.31,0.034275,20714.89,0.026376,26918.51,0.045333,15662.04,0.057374,0.006177,0.009371,0.026376,0.099298,0.008679,2,94050,98170,485481,363,0,0,0,523,0,0,0,213,0,0,0,168,0,0,0,184,0,0,0,3,0,0,0,7257756448035449262,438668062775060324,438668062775060324,3250581165979903423,3157646580121403177,10275101314704859212,0,0,0,0,0,0,0,0,0,0,0
495,5,890,8,10,0.069406,12823.02,0.035234,25259.66,0.018433,48284.04,0.022305,39901.95,0.039495,22534.78,0.029045,30641.60,0.048782,18244.43,0.071155,0.006434,0.009493,0.029045,0.116127,0.013400,4,118594,125319,511552,572,0,0,0,613,0,0,0,421,0,0,0,254,0,0,0,312,0,0,0,3,0,0,0,849599025819204160,15848649568952314301,15848649568952314301,10093524906731435092,5028044911640908800,12185439124580422165,0,0,0,0,0,0,0,0,0,0,0
496,5,868,8,10,0.047202,18388.88,0.025433,34128.63,0.018853,46039.46,0.021329,40695.82,0.030166,28774.45,0.023485,36960.20,0.036356,23875.16,0.047795,0.006326,0.010233,0.023485,0.087839,0.011105,2,98558,104303,407147,470,0,0,0,644,0,0,0,258,0,0,0,187,0,0,0,257,0,0,0,3,0,0,0,1694618149205072540,15111075134989731351,15111075134989731351,17172640013458641907,11439192720430396844,6645883595338547583,0,0,0,0,0,0,0,0,0,0,0
497,5,851,8,10,0.036784,23135.09,0.015752,54023.60,0.011568,73565.13,0.014833,57372.74,0.017344,49066.81,0.016014,53141.30,0.026639,31945.94,0.037167,0.006586,0.006896,0.016014,0.066663,0.011971,4,95045,109850,442086,308,0,0,0,367,0,0,0,250,0,0,0,176,0,0,0,122,0,0,0,5,0,0,0,17365686661250789325,12210645876400904867,12210645876400904867,1342739486433339084,15290148490060710946,7080894184423745650,0,0,0,0,0,0,0,0,0,0,0
498,5,949,8,10,0.043602,21764.86,0.016619,57103.91,0.014139,67117.16,0.017116,55444.54,0.019451,48789.89,0.018376,51642.32,0.030730,30882.24,0.043810,0.007394,0.006810,0.018376,0.076390,0.015140,5,109639,114954,420249,405,0,0,0,547,0,0,0,405,0,0,0,220,0,0,0,210,0,0,0,10,0,0,0,2969894210103486187,5624269699627296330,5624269699627296330,13205929840034663021,6542257887520679832,493910798383793405,0,0,0,0,0,0,0,0,0,0,0
499,5,880,8,10,0.075339,11680.54,0.045882,19179.74,0.026780,32860.61,0.032570,27018.85,0.045644,19279.74,0.035665,24674.27,0.059209,14862.68,0.075943,0.007250,0.007001,0.035665,0.125858,0.013171,4,103864,108884,499490,386,0,0,0,530,0,0,0,375,0,0,0,218,0,0,0,222,0,0,0,3,0,0,0,8859826432974487913,5824126345813635248,5824126345813635248,13947289549790975686,10908024362172201737,13599438482763075880,0,0,0,0,0,0,0,0,0,0,0
500,5,727,8,10,0.041487,17523.51,0.018100,40166.64,0.013296,54678.11,0.016132,45064.83,0.021111,34436.67,0.016466,44150.41,0.028623,25398.91,0.041760,0.005489,0.010201,0.016466,0.073918,0.008174,1,79490,84175,372517,333,0,0,0,418,0,0,0,302,0,0,0,181,0,0,0,230,0,0,0,5,0,0,0,10372401385095918753,3737046809967243592,3737046809967243592,5438186382285890233,6653897135594324071,13936225950683577210,0,0,0,0,0,0,0,0,0,0,0
501,5,942,8,10,0.068536,13744.59,0.035959,26196.27,0.023266,40488.83,0.023864,39474.32,0.036255,25982.32,0.021187,44461.13,0.054638,17240.60,0.068691,0.007342,0.013017,0.021187,0.110238,0.013383,1,101228,108433,400513,382,0,0,0,435,0,0,0,263,0,0,0,218,0,0,0,261,0,0,0,2,0,0,0,2193170363831731022,2193170363831731022,2193170363831731022,5459625222305096975,14103913261581251540,6185881306340699001,0,0,0,0,0,0,0,0,0,0,0
502,5,855,8,10,0.038747,22066.47,0.015605,54791.62,0.014554,58746.72,0.018551,46088.52,0.020132,42468.71,0.019072,44830.69,0.026146,32700.80,0.039180,0.006389,0.007463,0.019072,0.072103,0.011249,4,109130,113750,483612,350,0,0,0,456,0,0,0,289,0,0,0,139,0,0,0,133,0,0,0,3,0,0,0,4145384522371084507,15815572219530460466,15815572219530460466,16195758551949186259,7602192338277336523,4111441088620670903,0,0,0,0,0,0,0,0,0,0,0
503,5,1186,8,10,0.054251,21861.35,0.026396,44930.31,0.017048,69567.98,0.018960,62553.14,0.028319,41879.46,0.019083,62149.99,0.041255,28747.83,0.056106,0.009097,0.018024,0.019083,0.102310,0.019278,1,125454,136789,424358,405,0,0,0,516,0,0,0,282,0,0,0,263,0,0,0,344,0,0,0,1,0,0,0,10009382001530106209,5816621701857775200,5816621701857775200,6497068773549921847,7863749209241777645,4390219989122002091,0,0,0,0,0,0,0,0,0,0,0
504,5,800,8,10,0.038978,20524.43,0.021497,37214.30,0.016060,49812.11,0.015283,52345.43,0.023052,34704.07,0.016334,48977.48,0.028204,28365.07,0.039651,0.006451,0.009138,0.016334,0.071573,0.010055,3,95938,100053,219447,300,0,0,0,466,0,0,0,216,0,0,0,162,0,0,0,207,0,0,0,3,0,0,0,8536844360809903625,11461795472543717630,11461795472543717630,9346477986841439351,2741691032140530874,4570780699035704074,0,0,0,0,0,0,0,0,0,0,0
505,5,1015,8,10,0.057601,17621.25,0.026016,39014.85,0.017719,57284.52,0.019802,51257.35,0.032539,31193.65,0.021135,48024.24,0.042944,23635.39,0.058153,0.007905,0.014537,0.021135,0.101730,0.016578,1,111075,119180,618772,438,0,0,0,482,0,0,0,319,0,0,0,241,0,0,0,254,0,0,0,2,0,0,0,13178637959715084576,8119486534999926926,8119486534999926926,3445991284784637194,5956044948201895107,63543285451422264,0,0,0,0,0,0,0,0,0,0,0
506,5,860,8,10,0.047488,18109.77,0.020243,42484.25,0.017701,48583.89,0.020581,41786.01,0.024487,35120.86,0.020519,41912.31,0.030507,28190.35,0.048371,0.007788,0.015654,0.020519,0.092332,0.011773,1,124600,129185,394826,497,0,0,0,762,0,0,0,400,0,0,0,301,0,0,0,337,0,0,0,7,0,0,0,3632199597901152326,3632199597901152326,3632199597901152326,14163572032226126390,7331790679715878174,7458124396088749616,0,0,0,0,0,0,0,0,0,0,0
507,5,849,8,10,0.055462,15307.84,0.026238,32357.73,0.022213,38220.65,0.022582,37596.74,0.028469,29821.68,0.028507,29782.15,0.042245,20097.15,0.055746,0.006908,0.006929,0.028507,0.098090,0.011525,4,99049,103134,557263,464,0,0,0,639,0,0,0,411,0,0,0,223,0,0,0,255,0,0,0,7,0,0,0,9537910725442576734,15230013128523875975,15230013128523875975,10508757691296565407,18378185625652890060,17630718640940484362,0,0,0,0,0,0,0,0,0,0,0
508,5,968,8,10,0.069029,14023.13,0.037404,25879.66,0.025252,38332.93,0.023932,40447.13,0.040199,24080.27,0.023202,41720.46,0.052446,18456.98,0.069608,0.007201,0.013286,0.023202,0.113297,0.013831,1,106286,119106,508620,508,0,0,0,896,0,0,0,406,0,0,0,291,0,0,0,408,0,0,0,14,0,0,0,9078461637189736932,4889011458137109639,4889011458137109639,6664772548465878587,3850536104724462113,14037235518165208945,0,0,0,0,0,0,0,0,0,0,0
509,5,953,8,10,0.048798,19529.61,0.022259,42814.45,0.017615,54100.68,0.019888,47917.89,0.026989,35310.45,0.026355,36159.90,0.036646,26005.71,0.049274,0.007514,0.008364,0.026355,0.091508,0.016666,4,115913,126988,416807,496,0,0,0,608,0,0,0,398,0,0,0,216,0,0,0,281,0,0,0,12,0,0,0,12305868609022334007,9223806494039301612,9223806494039301612,17771937806814128508,4795348712682082575,16894822294675981303,0,0,0,0,0,0,0,0,0,0,0
510,5,692,8,10,0.047254,14644.18,0.022594,30627.09,0.017189,40259.00,0.015413,44897.70,0.024227,28563.55,0.015162,45640.77,0.037122,18641.45,0.047543,0.005743,0.011094,0.015162,0.079542,0.008048,1,91673,96308,358328,439,0,0,0,553,0,0,0,281,0,0,0,172,0,0,0,208,0,0,0,1,0,0,0,2454026898756133022,2451813522222182332,2451813522222182332,16555076323470253582,693408053882073835,9654776331061330321,0,0,0,0,0,0,0,0,0,0,0
511,5,899,8,10,0.053471,16812.78,0.023450,38337.49,0.018401,48855.83,0.022468,40013.08,0.027854,32275.42,0.024192,37161.55,0.037820,23770.72,0.053739,0.007804,0.011503,0.024192,0.097237,0.013765,2,128576,135591,505987,557,0,0,0,684,0,0,0,349,0,0,0,341,0,0,0,312,0,0,0,7,0,0,0,10435553869153726543,16968965579993692519,16968965579993692519,2395253412076540257,11853860900970155203,6307955854524171405,0,0,0,0,0,0,0,0,0,0,0
512,5,727,8,10,0.050946,14269.96,0.034184,21267.39,0.020601,35289.74,0.019628,37039.45,0.030796,23606.88,0.019540,37206.27,0.037451,19412.11,0.051261,0.005557,0.010809,0.019540,0.087167,0.008006,1,85411,88316,366578,382,0,0,0,515,0,0,0,300,0,0,0,209,0,0,0,311,0,0,0,2,0,0,0,4267080684376087954,4970663816192333245,4970663816192333245,9768634783881866976,15532761439861190048,5752858108869606682,0,0,0,0,0,0,0,0,0,0,0
513,5,946,8,10,0.061539,15372.41,0.032083,29486.31,0.025683,36834.09,0.025065,37741.20,0.034307,27574.70,0.024806,38135.68,0.045342,20863.61,0.062390,0.007465,0.013446,0.024806,0.108107,0.013545,1,111215,121645,548432,484,0,0,0,645,0,0,0,282,0,0,0,247,0,0,0,269,0,0,0,7,0,0,0,162954853501044853,162954853501044853,162954853501044853,12579082454035255425,11119060194388701354,17905773507916772541,0,0,0,0,0,0,0,0,0,0,0
514,5,788,8,10,0.047455,16605.12,0.021038,37456.92,0.015440,51037.29,0.018095,43548.98,0.023533,33484.19,0.023856,33031.42,0.031476,25034.91,0.047977,0.006429,0.005945,0.023856,0.084206,0.009807,5,98840,103010,382878,456,0,0,0,526,0,0,0,247,0,0,0,204,0,0,0,222,0,0,0,5,0,0,0,14518982220808934532,1357350030691500883,1357350030691500883,2541008084680379210,18120862826693134984,17913756043233581434,0,0,0,0,0,0,0,0,0,0,0
515,5,731,8,10,0.055157,13253.03,0.029860,24480.70,0.015978,45750.58,0.016852,43377.84,0.030584,23901.16,0.015879,46036.50,0.039863,18337.82,0.055397,0.005798,0.011355,0.015879,0.088428,0.008376,1,86970,89110,460602,304,0,0,0,428,0,0,0,237,0,0,0,154,0,0,0,225,0,0,0,1,0,0,0,16306272319618156592,16306272319618156592,16306272319618156592,15102222343944431777,5151533710780965560,17889607470962431367,0,0,0,0,0,0,0,0,0,0,0
516,5,813,8,10,0.037312,21788.98,0.017809,45651.89,0.015646,51961.86,0.020816,39055.84,0.023088,35212.67,0.019845,40966.74,0.029880,27208.65,0.037828,0.006380,0.011448,0.019845,0.075501,0.009443,1,94552,100382,383342,522,0,0,0,815,0,0,0,215,0,0,0,138,0,0,0,229,0,0,0,8,0,0,0,9099020007730321855,9099020007730321855,9099020007730321855,4765686687324441322,13587022096983791347,2193595929522387423,0,0,0,0,0,0,0,0,0,0,0
517,5,737,8,10,0.042174,17475.37,0.017336,42513.85,0.013178,55927.08,0.014613,50435.04,0.019488,37817.34,0.015738,46829.97,0.031171,23643.57,0.042380,0.005723,0.010804,0.015738,0.074645,0.009675,1,86566,95276,231040,285,0,0,0,376,0,0,0,241,0,0,0,166,0,0,0,195,0,0,0,2,0,0,0,15679684127408667472,15679684127408667472,15679684127408667472,817638366365491938,3975753017483440953,12415853693113178872,0,0,0,0,0,0,0,0,0,0,0
518,5,963,8,10,0.042988,22401.43,0.017223,55912.30,0.015745,61162.37,0.019312,49864.15,0.021094,45651.79,0.019697,48889.71,0.030525,31547.84,0.043264,0.007372,0.008243,0.019697,0.078577,0.016300,4,107526,119126,649483,517,0,0,0,670,0,0,0,376,0,0,0,239,0,0,0,288,0,0,0,5,0,0,0,3325329651054413467,16181397711972287544,16181397711972287544,15332694620366067175,11570232567455153865,5571411683478961362,0,0,0,0,0,0,0,0,0,0,0
519,5,861,8,10,0.034425,25010.85,0.017324,49698.65,0.015911,54113.66,0.018914,45522.42,0.019529,44088.34,0.016001,53808.16,0.023544,36570.11,0.034908,0.006063,0.011815,0.016001,0.068788,0.010510,1,93796,99061,383492,470,0,0,0,742,0,0,0,357,0,0,0,282,0,0,0,271,0,0,0,4,0,0,0,12809864147464464677,5578437143249476454,5578437143249476454,16839649678226615230,14133271159454388798,1206680401084878598,0,0,0,0,0,0,0,0,0,0,0
520,5,797,8,10,0.043707,18235.12,0.019817,40218.79,0.016554,48145.21,0.020438,38996.16,0.022167,35954.15,0.019476,40922.23,0.029283,27217.05,0.043982,0.006324,0.012616,0.019476,0.082398,0.010594,1,101342,105327,540981,489,0,0,0,582,0,0,0,374,0,0,0,194,0,0,0,242,0,0,0,6,0,0,0,10123968711859859422,998103645372216986,998103645372216986,3938202508540754278,13666236951061602921,13100771906476068372,0,0,0,0,0,0,0,0,0,0,0
521,5,1064,8,10,0.056258,18912.86,0.028139,37811.94,0.020982,50710.85,0.025530,41676.22,0.031317,33974.90,0.023976,44377.84,0.043625,24389.68,0.057060,0.007765,0.014775,0.023976,0.103577,0.018067,1,116210,127405,446898,670,0,0,0,940,0,0,0,352,0,0,0,270,0,0,0,393,0,0,0,8,0,0,0,17230148888898704311,16878333556286231787,16878333556286231787,13465030416006272122,8617863932530421939,5901541961514994749,0,0,0,0,0,0,0,0,0,0,0
522,5,826,8,10,0.036785,22454.99,0.022457,36781.68,0.016596,49771.92,0.020183,40925.46,0.021316,38749.65,0.018799,43938.79,0.026443,31237.41,0.037024,0.006341,0.011840,0.018799,0.074004,0.013341,1,95167,102302,466923,505,0,0,0,599,0,0,0,256,0,0,0,199,0,0,0,218,0,0,0,6,0,0,0,2770514756290516668,14968006364856118443,14968006364856118443,8291479318926936600,12485807818681326053,8748331404848120918,0,0,0,0,0,0,0,0,0,0,0
523,5,893,8,10,0.038517,23184.64,0.016558,53932.87,0.014922,59846.41,0.018975,47061.35,0.020314,43960.20,0.020148,44321.04,0.025834,34566.35,0.038776,0.006779,0.006286,0.020148,0.071990,0.012070,5,102976,111021,555644,363,0,0,0,530,0,0,0,340,0,0,0,219,0,0,0,227,0,0,0,8,0,0,0,3373187396216496570,11521003277898936514,11521003277898936514,3451247347927621184,11367326261835800568,5881413422306741027,0,0,0,0,0,0,0,0,0,0,0
524,5,951,8,10,0.045665,20825.48,0.019520,48718.89,0.017421,54588.03,0.024748,38427.97,0.026185,36318.70,0.025314,37568.43,0.035681,26652.76,0.046244,0.006756,0.007428,0.025314,0.085742,0.014011,4,104492,112432,511578,494,0,0,0,663,0,0,0,284,0,0,0,211,0,0,0,208,0,0,0,2,0,0,0,13008115122999112410,1158777168830744776,1158777168830744776,11338175298687199727,11147522755882258063,8710338233097993612,0,0,0,0,0,0,0,0,0,0,0
525,5,885,8,10,0.039542,22381.04,0.017886,49480.64,0.016152,54790.72,0.018387,48132.59,0.022282,39717.91,0.018461,47939.72,0.026107,33898.58,0.039864,0.006851,0.011823,0.018461,0.076998,0.012126,1,98319,101439,397694,375,0,0,0,563,0,0,0,378,0,0,0,267,0,0,0,219,0,0,0,6,0,0,0,292550199225078889,892830613737185383,892830613737185383,1195744783153034068,9831354387781605833,8146978133375067687,0,0,0,0,0,0,0,0,0,0,0
526,5,870,8,10,0.055252,15746.18,0.026755,32517.04,0.020592,42250.18,0.019403,44837.63,0.029325,29667.07,0.028736,30275.51,0.039080,22262.29,0.055988,0.006389,0.012519,0.028736,0.103632,0.011530,1,98286,104206,482085,466,0,0,0,593,0,0,0,354,0,0,0,208,0,0,0,335,0,0,0,6,0,0,0,7292732022318107513,5905535695604510978,5905535695604510978,10713723470482329345,17627361903636607914,5744738662681149385,0,0,0,0,0,0,0,0,0,0,0
527,5,758,8,10,0.040758,18597.62,0.021717,34904.04,0.013199,57427.57,0.013831,54804.34,0.022447,33768.39,0.013006,58280.46,0.028650,26456.80,0.040896,0.006626,0.010267,0.013006,0.070795,0.008706,1,89013,91498,366765,263,0,0,0,354,0,0,0,222,0,0,0,123,0,0,0,185,0,0,0,2,0,0,0,16263517104322210195,601129986344328307,601129986344328307,17307179582956025655,17696299392355882340,17697344852326702171,0,0,0,0,0,0,0,0,0,0,0
528,5,976,8,10,0.071070,13732.99,0.036757,26552.76,0.024431,39949.80,0.023403,41703.35,0.037402,26094.79,0.026910,36269.02,0.052436,18613.11,0.071447,0.007905,0.012165,0.026910,0.118427,0.017053,2,112168,126808,506613,398,0,0,0,624,0,0,0,430,0,0,0,224,0,0,0,296,0,0,0,4,0,0,0,3592214819722184030,18138485315784580429,18138485315784580429,9692749070452750443,9390526673203944912,7562096150251682749,0,0,0,0,0,0,0,0,0,0,0
529,5,794,8,10,0.056553,14039.90,0.031900,24889.95,0.020488,38754.29,0.024062,32998.11,0.032401,24505.74,0.024680,32171.29,0.044655,17780.75,0.056908,0.006089,0.011369,0.024680,0.099047,0.009228,1,89190,94430,488543,456,0,0,0,698,0,0,0,340,0,0,0,245,0,0,0,342,0,0,0,1,0,0,0,5215022664375347501,7469536144191170132,7469536144191170132,2811657630681261505,17167717093699792731,13370073223700926805,0,0,0,0,0,0,0,0,0,0,0
530,5,702,8,10,0.044749,15687.34,0.024825,28278.25,0.020775,33791.27,0.019249,36469.04,0.027804,25248.56,0.023321,30101.62,0.031483,22297.69,0.044941,0.005408,0.010840,0.023321,0.084510,0.008222,1,82783,84638,244816,346,0,0,0,574,0,0,0,300,0,0,0,199,0,0,0,270,0,0,0,5,0,0,0,14091991871831073771,12860926063333830504,12860926063333830504,5807163548303877274,616267518740393990,15749779534609930723,0,0,0,0,0,0,0,0,0,0,0
531,5,840,8,10,0.056088,14976.48,0.029118,28847.73,0.021698,38713.50,0.028452,29522.98,0.033938,24751.18,0.033663,24953.27,0.044300,18961.76,0.056467,0.006613,0.008170,0.033663,0.104913,0.013298,4,97718,103648,486172,339,0,0,0,604,0,0,0,364,0,0,0,172,0,0,0,283,0,0,0,3,0,0,0,11522518429950441516,14707433961199323793,14707433961199323793,12340444295954715303,14195942850098321875,10401140089266410122,0,0,0,0,0,0,0,0,0,0,0
532,5,1211,8,10,0.078483,15430.08,0.036351,33313.75,0.026458,45770.98,0.027028,44804.89,0.033486,36164.29,0.028282,42818.99,0.062104,19499.67,0.079239,0.008770,0.008073,0.028282,0.124364,0.021982,5,133085,147330,599348,621,0,0,0,582,0,0,0,263,0,0,0,126,0,0,0,133,0,0,0,5,0,0,0,2284885081773186847,15221061038233107623,15221061038233107623,9277898755863405091,17334159408004943844,18011795710286683059,0,0,0,0,0,0,0,0,0,0,0
533,5,1105,8,10,0.065846,16781.64,0.036300,30440.80,0.026150,42256.62,0.030634,36071.20,0.039400,28045.39,0.021673,50985.82,0.057194,19320.20,0.066645,0.007474,0.014197,0.021673,0.109989,0.016118,1,114733,138538,530406,669,0,0,0,852,0,0,0,337,0,0,0,213,0,0,0,313,0,0,0,7,0,0,0,3883914588841567734,6666273268163360225,6666273268163360225,9451951154743908178,5940578370390008099,15970284571130275652,0,0,0,0,0,0,0,0,0,0,0
534,5,870,8,10,0.055353,15717.35,0.031203,27881.58,0.025323,34355.61,0.025675,33885.75,0.029492,29499.83,0.021691,40108.91,0.044386,19600.81,0.055689,0.006012,0.006456,0.021691,0.089847,0.012291,4,89283,98463,343079,407,0,0,0,452,0,0,0,235,0,0,0,192,0,0,0,267,0,0,0,3,0,0,0,10640259328753217911,10640259328753217911,10640259328753217911,8027364152259100321,5996255364224133835,11603916795844983956,0,0,0,0,0,0,0,0,0,0,0
535,5,826,8,10,0.075612,10924.20,0.043503,18987.00,0.032793,25188.48,0.033390,24738.13,0.044241,18670.63,0.022993,35924.17,0.056956,14502.30,0.075719,0.006984,0.012623,0.022993,0.118319,0.010750,1,109417,113882,531699,560,0,0,0,782,0,0,0,374,0,0,0,251,0,0,0,279,0,0,0,1,0,0,0,13256747535529598368,13256747535529598368,13256747535529598368,10209115418107964461,14348171060348538430,11996233523444482953,0,0,0,0,0,0,0,0,0,0,0
536,5,873,8,10,0.064359,13564.46,0.034210,25519.16,0.025776,33868.31,0.025780,33863.23,0.032377,26963.50,0.028500,30631.64,0.050642,17238.56,0.064659,0.006710,0.009057,0.028500,0.108926,0.011351,3,103853,108308,529275,429,0,0,0,573,0,0,0,305,0,0,0,183,0,0,0,223,0,0,0,1,0,0,0,10140019447503837179,10140019447503837179,10140019447503837179,2754966243215873542,12345213881103485357,1198669861562330105,0,0,0,0,0,0,0,0,0,0,0
537,5,815,8,10,0.055224,14758.07,0.026030,31310.37,0.017742,45936.84,0.023569,34579.96,0.029806,27343.62,0.024739,32944.35,0.042090,19363.40,0.055478,0.006433,0.006815,0.024739,0.093465,0.009863,4,96775,102030,410670,394,0,0,0,619,0,0,0,303,0,0,0,200,0,0,0,240,0,0,0,2,0,0,0,7019020355902996611,17253406611313840406,17253406611313840406,15092210265277163635,7309027565328834525,6885252211092503,0,0,0,0,0,0,0,0,0,0,0
538,5,964,8,10,0.039670,24300.46,0.018274,52753.27,0.016961,56835.67,0.019880,48492.12,0.020427,47191.50,0.021449,44944.38,0.031012,31084.99,0.040096,0.006627,0.013087,0.021449,0.081259,0.013413,1,103129,122194,509376,522,0,0,0,701,0,0,0,289,0,0,0,228,0,0,0,328,0,0,0,0,0,0,0,5991971891931198731,14177016748190309675,14177016748190309675,16139640179243588598,12722860893930542381,16400629733073939237,0,0,0,0,0,0,0,0,0,0,0
539,5,792,8,10,0.050542,15670.24,0.041815,18940.72,0.027817,28471.88,0.024894,31815.10,0.033530,23620.68,0.028050,28235.57,0.040327,19639.47,0.050786,0.006090,0.009711,0.028050,0.094638,0.013314,2,86474,91169,387983,440,0,0,0,625,0,0,0,197,0,0,0,198,0,0,0,293,0,0,0,4,0,0,0,13203465294222939555,12013562113016298296,12013562113016298296,2084900737628872776,1074625848264473743,5610069312518156169,0,0,0,0,0,0,0,0,0,0,0
540,5,1028,8,10,0.038747,26531.14,0.019065,53921.47,0.014236,72208.83,0.017150,59941.69,0.022772,45143.39,0.020752,49536.47,0.033350,30824.72,0.039395,0.006539,0.012282,0.020752,0.078967,0.016842,2,96243,137388,297249,351,0,0,0,616,0,0,0,283,0,0,0,199,0,0,0,335,0,0,0,3,0,0,0,13229028875806705725,13229028875806705725,13229028875806705725,12949828454618627246,7765461610760976829,10510583793257582864,0,0,0,0,0,0,0,0,0,0,0
541,5,983,8,10,0.047380,20747.36,0.020440,48092.97,0.019044,51616.04,0.023501,41828.51,0.025246,38937.56,0.023273,42236.97,0.032676,30083.55,0.047894,0.007771,0.014471,0.023273,0.093409,0.014827,1,114636,121196,669425,521,0,0,0,816,0,0,0,442,0,0,0,225,0,0,0,274,0,0,0,4,0,0,0,6354441454098403392,14887096873731561927,14887096873731561927,2222666908891766618,549407266261885129,11604021734945068858,0,0,0,0,0,0,0,0,0,0,0
542,5,681,8,10,0.029897,22778.33,0.015642,43535.72,0.010630,64063.51,0.018088,37648.58,0.018721,36376.21,0.017284,39399.74,0.023527,28945.76,0.030055,0.004679,0.009502,0.017284,0.061519,0.007806,1,74556,79126,350566,314,0,0,0,420,0,0,0,185,0,0,0,137,0,0,0,105,0,0,0,1,0,0,0,9362392113943966456,9362392113943966456,9362392113943966456,14553201180281140598,1699293813017319186,7334840982921107060,0,0,0,0,0,0,0,0,0,0,0
543,5,1193,8,10,0.056168,21239.71,0.022204,53729.94,0.019691,60586.65,0.023945,49822.46,0.027549,43304.99,0.022266,53580.30,0.038800,30747.05,0.056721,0.009895,0.018312,0.022266,0.107194,0.020949,1,144047,160707,634051,559,0,0,0,732,0,0,0,380,0,0,0,328,0,0,0,417,0,0,0,8,0,0,0,17794055407429368282,17489694142269952172,17489694142269952172,3973400538467283251,1909575497691791145,5044998535862626326,0,0,0,0,0,0,0,0,0,0,0
544,5,729,8,10,0.039639,18390.79,0.020775,35089.70,0.014403,50615.01,0.015741,46311.26,0.022289,32706.51,0.016427,44378.20,0.028579,25508.36,0.039844,0.006650,0.012729,0.016427,0.075650,0.008217,1,108493,113703,353321,353,0,0,0,491,0,0,0,215,0,0,0,162,0,0,0,199,0,0,0,1,0,0,0,5743806211743854964,5743806211743854964,5743806211743854964,4475605633087563334,1385566488235202683,7602110339040204949,0,0,0,0,0,0,0,0,0,0,0
545,5,898,8,10,0.061072,14703.95,0.031390,28607.54,0.022931,39161.21,0.022186,40475.33,0.034240,26226.70,0.022239,40380.00,0.046525,19301.27,0.061469,0.006805,0.012793,0.022239,0.103306,0.013215,1,102623,111123,415451,524,0,0,0,829,0,0,0,248,0,0,0,312,0,0,0,286,0,0,0,7,0,0,0,15679093301954598262,10757317250712029677,10757317250712029677,10537008678722662529,3808832893111056690,5654656240605577111,0,0,0,0,0,0,0,0,0,0,0
546,5,682,8,10,0.044436,15348.03,0.027658,24658.30,0.023428,29110.36,0.021815,31262.87,0.028972,23539.91,0.017680,38574.93,0.033636,20276.05,0.044894,0.006054,0.009618,0.017680,0.078246,0.007734,2,96125,99425,439416,476,0,0,0,618,0,0,0,265,0,0,0,265,0,0,0,262,0,0,0,3,0,0,0,9224314579699659645,15246112654572877294,15246112654572877294,7138203329916303148,12405317575896265450,13775535876610631624,0,0,0,0,0,0,0,0,0,0,0
547,5,802,8,10,0.032698,24527.56,0.015749,50924.96,0.011373,70519.33,0.013523,59307.37,0.016554,48447.94,0.015896,50453.46,0.025734,31164.66,0.033014,0.005343,0.005062,0.015896,0.059314,0.009331,5,83152,95557,338621,241,0,0,0,371,0,0,0,242,0,0,0,119,0,0,0,105,0,0,0,3,0,0,0,8928634635488103851,11136900094507795110,11136900094507795110,15053367693388104416,2423730411209874967,2240785723364846077,0,0,0,0,0,0,0,0,0,0,0
548,5,886,8,10,0.048351,18324.19,0.024863,35635.50,0.015009,59032.63,0.022057,40167.87,0.028492,31096.84,0.019063,46477.56,0.039185,22610.78,0.048548,0.005980,0.011706,0.019063,0.085297,0.011879,1,91458,109263,506999,435,0,0,0,562,0,0,0,251,0,0,0,170,0,0,0,266,0,0,0,6,0,0,0,14720523016917398112,2789041682063704304,2789041682063704304,15277205254329951482,8977480765514483700,14296214055354429993,0,0,0,0,0,0,0,0,0,0,0
549,5,839,8,10,0.059927,14000.25,0.032064,26166.45,0.029205,28727.93,0.025282,33186.24,0.033134,25321.30,0.020483,40961.49,0.044341,18921.44,0.060246,0.006365,0.012116,0.020483,0.099209,0.010739,1,97541,104736,427877,380,0,0,0,661,0,0,0,337,0,0,0,266,0,0,0,298,0,0,0,4,0,0,0,3504870131536510564,6411692721048746340,6411692721048746340,5724554438370644921,5484064823278775613,12973013002598314419,0,0,0,0,0,0,0,0,0,0,0
550,5,719,8,10,0.068752,10457.81,0.039194,18344.71,0.022865,31444.76,0.023063,31175.32,0.040605,17707.24,0.034259,20987.06,0.056202,12793.12,0.069197,0.005933,0.005405,0.034259,0.114793,0.007980,5,84837,86797,378908,334,0,0,0,471,0,0,0,326,0,0,0,203,0,0,0,195,0,0,0,3,0,0,0,2130118435646749650,1465571074458432254,1465571074458432254,5161526592936382817,7805071495306196614,1782070783506131275,0,0,0,0,0,0,0,0,0,0,0
551,5,840,8,10,0.054079,15532.78,0.031868,26358.74,0.023594,35602.92,0.019126,43920.42,0.032721,25671.27,0.018075,46474.16,0.044570,18846.86,0.054421,0.006190,0.011954,0.018075,0.090639,0.010036,1,95288,100178,444061,429,0,0,0,736,0,0,0,391,0,0,0,220,0,0,0,236,0,0,0,4,0,0,0,16536026003542465915,16536026003542465915,16536026003542465915,10437278016666515980,125560498810982135,16860277533221103078,0,0,0,0,0,0,0,0,0,0,0
552,5,726,8,10,0.054755,13259.01,0.030791,23578.12,0.017120,42407.71,0.017658,41115.27,0.027888,26032.66,0.017089,42483.20,0.044177,16434.04,0.055024,0.005258,0.010545,0.017089,0.087916,0.008557,1,82827,85712,408516,299,0,0,0,435,0,0,0,275,0,0,0,200,0,0,0,228,0,0,0,1,0,0,0,16646047539444235815,16646047539444235815,16646047539444235815,2452047211692770828,16371610778335658100,9182460021691071852,0,0,0,0,0,0,0,0,0,0,0
553,5,896,8,10,0.068333,13112.17,0.033381,26841.26,0.024915,35961.95,0.025329,35374.90,0.036837,24323.22,0.023834,37593.14,0.051155,17515.37,0.068637,0.007964,0.014127,0.023834,0.114562,0.012410,1,112579,119234,535012,529,0,0,0,724,0,0,0,451,0,0,0,276,0,0,0,347,0,0,0,3,0,0,0,12755459727009083890,15745037465620876464,15745037465620876464,10500976210266371929,11650347808439441277,16989320127385006851,0,0,0,0,0,0,0,0,0,0,0
554,5,910,8,10,0.028754,31648.12,0.012284,74077.90,0.010955,83064.56,0.013073,69611.15,0.013734,66259.25,0.012442,73140.65,0.022555,40345.30,0.029074,0.005645,0.011014,0.012442,0.058176,0.011406,1,83287,94632,376458,387,0,0,0,464,0,0,0,237,0,0,0,161,0,0,0,268,0,0,0,4,0,0,0,12008186297349795024,12008186297349795024,12008186297349795024,11595828326805265162,11715804556571576585,10335333080383579274,0,0,0,0,0,0,0,0,0,0,0
555,5,789,8,10,0.036947,21355.13,0.017535,44995.43,0.012616,62538.90,0.017165,45965.60,0.020388,38698.64,0.017903,44071.12,0.026023,30318.97,0.037283,0.006023,0.010140,0.017903,0.071349,0.010457,2,87732,90782,440055,321,0,0,0,377,0,0,0,206,0,0,0,156,0,0,0,177,0,0,0,1,0,0,0,13460565339147596188,2634417166895356635,2634417166895356635,14740451734848669364,13460394997605041464,14726087633977672329,0,0,0,0,0,0,0,0,0,0,0
556,5,947,8,10,0.064397,14705.58,0.033884,27948.14,0.021005,45084.10,0.027642,34259.25,0.034045,27815.75,0.033436,28323.01,0.044927,21078.44,0.064611,0.007780,0.014490,0.033436,0.120317,0.014750,1,111546,115536,647321,617,0,0,0,740,0,0,0,613,0,0,0,413,0,0,0,710,0,0,0,9,0,0,0,10178636299892126878,13980085999349969568,13980085999349969568,1894509492000787411,16069645150926102886,6740990987850464266,0,0,0,0,0,0,0,0,0,0,0
557,5,880,8,10,0.048362,18196.27,0.026944,32660.42,0.019960,44088.79,0.019806,44430.40,0.027473,32031.70,0.025453,34573.60,0.038423,22902.89,0.048802,0.006026,0.005615,0.025453,0.085896,0.011903,5,92110,99980,302186,575,0,0,0,790,0,0,0,371,0,0,0,424,0,0,0,325,0,0,0,4,0,0,0,14086604216647186811,14086604216647186811,14086604216647186811,4140320600610121608,14302743219882183670,11597042142406822416,0,0,0,0,0,0,0,0,0,0,0
558,5,880,8,10,0.069852,12597.98,0.040073,21960.06,0.032619,26978.38,0.033580,26206.11,0.039681,22177.05,0.030488,28863.71,0.055274,15920.68,0.070665,0.006999,0.012849,0.030488,0.121001,0.013448,1,100725,105025,517421,563,0,0,0,674,0,0,0,444,0,0,0,260,0,0,0,560,0,0,0,9,0,0,0,8509697497619181741,15829889359467488941,15829889359467488941,1944875472656412378,8858884460642430818,7760152043929931933,0,0,0,0,0,0,0,0,0,0,0
559,5,822,8,10,0.079019,10402.53,0.047903,17159.73,0.033639,24436.03,0.032789,25069.32,0.048073,17098.90,0.026251,31312.91,0.063683,12907.59,0.079610,0.006660,0.012092,0.026251,0.124613,0.009858,1,92987,101042,516050,513,0,0,0,811,0,0,0,585,0,0,0,318,0,0,0,538,0,0,0,3,0,0,0,2383446983781186286,9963459294911010621,9963459294911010621,16292702856314454097,18009464103385462052,17075065855130210269,0,0,0,0,0,0,0,0,0,0,0
560,5,819,8,10,0.051466,15913.36,0.026672,30706.20,0.019560,41870.13,0.019275,42491.31,0.027176,30136.45,0.016345,50106.29,0.037534,21820.18,0.051762,0.006454,0.011233,0.016345,0.085795,0.012466,1,92808,97363,482249,418,0,0,0,568,0,0,0,392,0,0,0,269,0,0,0,219,0,0,0,5,0,0,0,9468879511375258754,15659365292225228712,15659365292225228712,11531384208889248342,924680252269623423,17462914829991997762,0,0,0,0,0,0,0,0,0,0,0
561,5,910,8,10,0.068642,13257.21,0.043928,20715.73,0.032120,28331.28,0.032814,27731.86,0.045064,20193.55,0.038541,23611.17,0.055321,16449.50,0.069240,0.006521,0.006009,0.038541,0.120311,0.012308,5,93338,97208,533843,386,0,0,0,637,0,0,0,421,0,0,0,266,0,0,0,242,0,0,0,4,0,0,0,4115550302192964444,4115550302192964444,4115550302192964444,17563964508230477682,1765404465836896758,7452401283073497272,0,0,0,0,0,0,0,0,0,0,0
562,5,811,8,10,0.077182,10507.57,0.041211,19679.10,0.033825,23976.46,0.032684,24813.61,0.040850,19853.18,0.025350,31992.05,0.060842,13329.51,0.077229,0.005793,0.010987,0.025350,0.119359,0.009408,1,87918,93403,678267,460,0,0,0,732,0,0,0,395,0,0,0,290,0,0,0,402,0,0,0,2,0,0,0,15131886745282709579,11023083081460109821,11023083081460109821,9033571709649236509,13767344539861862266,5277957820455929911,0,0,0,0,0,0,0,0,0,0,0
563,5,732,8,10,0.056232,13017.54,0.032237,22707.12,0.024716,29616.80,0.025147,29108.59,0.032932,22227.42,0.032844,22287.09,0.041949,17449.72,0.056654,0.005535,0.005176,0.032844,0.100209,0.008093,5,85546,88601,438200,317,0,0,0,493,0,0,0,316,0,0,0,184,0,0,0,188,0,0,0,2,0,0,0,3859464964782345654,10943898819950374634,10943898819950374634,13872477729470963245,1879515884033782962,9503906499744979211,0,0,0,0,0,0,0,0,0,0,0
564,5,960,8,10,0.068959,13921.35,0.039321,24414.26,0.032448,29585.98,0.033037,29058.67,0.038199,25131.64,0.033410,28733.56,0.057024,16835.06,0.069136,0.007186,0.012731,0.033410,0.122463,0.013003,1,98019,108019,577579,467,0,0,0,513,0,0,0,369,0,0,0,202,0,0,0,255,0,0,0,9,0,0,0,709155125047974327,4721920914669698046,4721920914669698046,5983365968351464740,9327903827004597311,9736720679640033108,0,0,0,0,0,0,0,0,0,0,0
565,5,782,8,10,0.065090,12014.20,0.032815,23830.39,0.024700,31660.41,0.025149,31094.57,0.036691,21313.15,0.024424,32018.33,0.048232,16213.31,0.065433,0.006561,0.012080,0.024424,0.108497,0.009476,1,98088,102428,458853,481,0,0,0,588,0,0,0,311,0,0,0,212,0,0,0,404,0,0,0,6,0,0,0,5863221676764465676,780535909121990282,780535909121990282,11776968882996681579,5862758166130001216,8447885718444468096,0,0,0,0,0,0,0,0,0,0,0
566,5,745,8,10,0.062601,11900.80,0.032781,22726.63,0.024953,29855.69,0.025143,29630.15,0.034193,21787.96,0.023419,31811.62,0.050810,14662.59,0.063035,0.005959,0.010711,0.023419,0.103124,0.008598,1,83318,90173,507126,357,0,0,0,475,0,0,0,293,0,0,0,171,0,0,0,314,0,0,0,3,0,0,0,11781062654021409080,17019729182823821168,17019729182823821168,10200158001144965526,17089635043295596190,14107048962543271338,0,0,0,0,0,0,0,0,0,0,0
567,5,764,8,10,0.054688,13970.15,0.031067,24591.72,0.025426,30048.38,0.025574,29874.41,0.029390,25995.40,0.013473,56706.69,0.040773,18737.81,0.054996,0.006122,0.011900,0.013473,0.086491,0.009664,1,90493,95173,403391,325,0,0,0,442,0,0,0,222,0,0,0,155,0,0,0,307,0,0,0,4,0,0,0,18294336590636862153,11240486848164604884,11240486848164604884,8440138707403178780,15942454113679546514,11440005592393312070,0,0,0,0,0,0,0,0,0,0,0
568,5,855,8,10,0.071095,12026.13,0.039430,21684.11,0.022044,38785.88,0.027494,31097.56,0.042295,20215.30,0.028325,30185.83,0.054629,15651.02,0.071405,0.006791,0.012702,0.028325,0.119222,0.014358,1,106992,115027,567818,526,0,0,0,626,0,0,0,346,0,0,0,234,0,0,0,256,0,0,0,12,0,0,0,18067156788498710693,7178446676768900303,7178446676768900303,16910670584334380221,4666891760904170344,7161233942438273439,0,0,0,0,0,0,0,0,0,0,0
569,5,849,8,10,0.045939,18481.01,0.020320,41781.68,0.014351,59161.08,0.015322,55409.71,0.022222,38204.60,0.016432,51666.16,0.030867,27505.05,0.046255,0.006045,0.012278,0.016432,0.081011,0.010849,1,96574,105614,328321,316,0,0,0,538,0,0,0,303,0,0,0,200,0,0,0,316,0,0,0,2,0,0,0,8380559019888945311,991935099551884995,991935099551884995,17612785266868971130,11604776194122224014,10317480159295416225,0,0,0,0,0,0,0,0,0,0,0
570,5,811,8,10,0.071469,11347.56,0.034197,23715.59,0.026125,31042.83,0.025989,31204.94,0.033184,24439.34,0.017513,46308.10,0.051027,15893.60,0.071944,0.006750,0.011848,0.017513,0.108054,0.009866,1,98595,104230,659277,390,0,0,0,417,0,0,0,303,0,0,0,212,0,0,0,230,0,0,0,2,0,0,0,17324359598196831477,10283986878716146508,10283986878716146508,2409156648302451276,7645924506079080830,6390341559685821857,0,0,0,0,0,0,0,0,0,0,0
571,5,804,8,10,0.139636,5757.84,0.090182,8915.30,0.072039,11160.56,0.090699,8864.45,0.095140,8450.74,0.056643,14194.09,0.116140,6922.67,0.140171,0.006580,0.011541,0.056643,0.214936,0.010234,1,95294,99664,473469,415,0,0,0,512,0,0,0,317,0,0,0,187,0,0,0,300,0,0,0,5,0,0,0,10722892376538659901,8180666480644726040,8180666480644726040,13100478985185281238,1335437255117404090,207350666539990295,0,0,0,0,0,0,0,0,0,0,0
572,5,819,8,10,0.075407,10861.01,0.045792,17885.13,0.032273,25377.01,0.032894,24898.21,0.044237,18513.78,0.021947,37317.76,0.058760,13938.04,0.075363,0.006366,0.011562,0.021947,0.115237,0.009539,1,91611,96416,439320,435,0,0,0,539,0,0,0,404,0,0,0,203,0,0,0,353,0,0,0,8,0,0,0,9110077665245944843,9110077665245944843,9110077665245944843,4303936183915229634,9895611139728266284,3801791269519739348,0,0,0,0,0,0,0,0,0,0,0
573,5,799,8,10,0.060708,13161.40,0.037014,21586.46,0.021908,36470.49,0.028461,28073.91,0.039290,20335.86,0.026307,30371.63,0.049157,16254.14,0.061332,0.006589,0.012097,0.026307,0.106325,0.011931,1,90112,94932,507381,424,0,0,0,541,0,0,0,345,0,0,0,289,0,0,0,316,0,0,0,5,0,0,0,4348851233019632529,807447673171970143,807447673171970143,964000093969947754,12568039158935537415,3691168528152163615,0,0,0,0,0,0,0,0,0,0,0
574,5,906,8,10,0.104702,8653.14,0.047401,19113.39,0.041184,21998.89,0.042010,21566.45,0.047128,19224.30,0.026832,33765.35,0.085790,10560.67,0.105926,0.008003,0.014075,0.026832,0.154836,0.013931,1,105329,115739,465265,450,0,0,0,381,0,0,0,369,0,0,0,162,0,0,0,268,0,0,0,6,0,0,0,2714691472163943534,4772558462494456027,4772558462494456027,12377608132591215169,852697789367593331,16687512835321894186,0,0,0,0,0,0,0,0,0,0,0
575,5,841,8,10,0.089363,9411.05,0.046603,18046.06,0.032865,25589.29,0.033379,25195.13,0.048501,17339.91,0.022619,37181.47,0.071458,11769.15,0.089558,0.006356,0.012990,0.022619,0.131524,0.011293,1,103801,111871,495254,456,0,0,0,514,0,0,0,382,0,0,0,185,0,0,0,220,0,0,0,5,0,0,0,3590391562880370916,17666286285718320085,17666286285718320085,13311518290789810231,12602698053995982555,14243145808254063931,0,0,0,0,0,0,0,0,0,0,0
576,5,771,8,10,0.052894,14576.44,0.026019,29631.79,0.013276,58075.84,0.017619,43759.04,0.026849,28715.91,0.017523,43998.59,0.041302,18667.44,0.053641,0.006845,0.012454,0.017523,0.090463,0.010561,1,108092,113067,414907,382,0,0,0,378,0,0,0,280,0,0,0,159,0,0,0,265,0,0,0,1,0,0,0,11418183890522943834,802220847752776449,802220847752776449,12930757900221772471,17227884426375892998,10906529588544712403,0,0,0,0,0,0,0,0,0,0,0
577,5,763,8,10,0.054719,13944.00,0.030436,25069.33,0.017292,44125.54,0.016321,46748.84,0.030261,25213.77,0.019817,38502.31,0.038853,19638.16,0.055136,0.005666,0.006063,0.019817,0.086682,0.009685,4,90041,93511,454616,337,0,0,0,531,0,0,0,274,0,0,0,172,0,0,0,194,0,0,0,4,0,0,0,10364172686404631463,11256314638384675776,11256314638384675776,14672542762377502603,3299882891965004514,17217057883212402580,0,0,0,0,0,0,0,0,0,0,0
578,5,1014,8,10,0.071876,14107.67,0.036093,28094.15,0.030616,33119.61,0.033046,30684.85,0.039511,25663.70,0.023865,42489.10,0.052368,19362.97,0.072792,0.006855,0.014533,0.023865,0.118045,0.016368,1,114671,120551,541140,479,0,0,0,686,0,0,0,342,0,0,0,259,0,0,0,270,0,0,0,12,0,0,0,12047773670501665921,2875227794517489541,2875227794517489541,1278580426734265976,625178208392409862,3507064321789703961,0,0,0,0,0,0,0,0,0,0,0
579,5,763,8,10,0.030024,25412.68,0.014815,51503.41,0.013621,56016.49,0.016166,47198.35,0.016656,45809.60,0.016828,45340.18,0.020895,36516.56,0.030295,0.005123,0.004963,0.016828,0.057209,0.008734,5,82565,85750,346243,402,0,0,0,512,0,0,0,346,0,0,0,160,0,0,0,144,0,0,0,12,0,0,0,2746387774181105475,2746387774181105475,2746387774181105475,13645621333133691331,12039149151778600339,5461062113563819874,0,0,0,0,0,0,0,0,0,0,0
580,5,999,8,10,0.061734,16182.42,0.028862,34612.77,0.020257,49315.65,0.019705,50696.69,0.029855,33461.62,0.019033,52486.57,0.043614,22905.26,0.061933,0.007423,0.014241,0.019033,0.102631,0.014869,1,111105,122960,940681,601,0,0,0,696,0,0,0,438,0,0,0,260,0,0,0,382,0,0,0,8,0,0,0,13333846213816564850,6507105737325329844,6507105737325329844,16080750248653932795,10253998328396607617,608013979762899387,0,0,0,0,0,0,0,0,0,0,0
581,5,776,8,10,0.033155,23405.43,0.016967,45735.06,0.013682,56717.28,0.016183,47951.94,0.018966,40916.04,0.015466,50174.30,0.023800,32605.33,0.033484,0.005429,0.010636,0.015466,0.065015,0.008909,1,83592,85617,436248,313,0,0,0,541,0,0,0,302,0,0,0,170,0,0,0,230,0,0,0,4,0,0,0,13355738902205379317,8297485947420497147,8297485947420497147,1744165320652441156,10008565225582202697,6871261871136866731,0,0,0,0,0,0,0,0,0,0,0
582,5,776,8,10,0.040917,18965.27,0.018710,41474.19,0.013236,58628.69,0.019737,39316.64,0.022152,35030.39,0.018184,42674.82,0.034436,22534.70,0.041144,0.006177,0.011404,0.018184,0.076909,0.008913,1,99555,110920,367176,364,0,0,0,500,0,0,0,269,0,0,0,170,0,0,0,160,0,0,0,2,0,0,0,5155746525841918725,5155746525841918725,5155746525841918725,10198772973560301561,7585687107776096336,17798809185802330170,0,0,0,0,0,0,0,0,0,0,0
583,5,977,8,10,0.042033,23243.92,0.021088,46329.12,0.017754,55029.15,0.020111,48580.07,0.024152,40452.80,0.019630,49771.50,0.031524,30992.39,0.042306,0.007035,0.012421,0.019630,0.081391,0.013370,1,102694,111679,409340,618,0,0,0,887,0,0,0,388,0,0,0,304,0,0,0,329,0,0,0,4,0,0,0,12460818780115001356,12460818780115001356,12460818780115001356,13584913802151972996,8482533053932112072,13442255699152770026,0,0,0,0,0,0,0,0,0,0,0
584,5,784,8,10,0.061663,12714.26,0.035413,22138.77,0.021033,37275.10,0.023149,33867.21,0.033278,23559.24,0.021216,36952.62,0.042069,18635.94,0.061859,0.007315,0.010296,0.021216,0.100687,0.010011,2,106382,108907,522421,454,0,0,0,670,0,0,0,330,0,0,0,300,0,0,0,345,0,0,0,2,0,0,0,7011764688718185665,11076141016194425533,11076141016194425533,13468785887830059882,3366212905064513149,7557158905473374176,0,0,0,0,0,0,0,0,0,0,0
585,5,828,8,10,0.032683,25333.93,0.021082,39275.10,0.017944,46144.50,0.017379,47644.05,0.020052,41291.93,0.015535,53298.02,0.022363,37024.94,0.033128,0.005690,0.010894,0.015535,0.065247,0.010060,1,94955,105360,226612,408,0,0,0,552,0,0,0,386,0,0,0,251,0,0,0,289,0,0,0,1,0,0,0,6320478427281964009,6592933655284907909,6592933655284907909,13287082456409446799,138516339157651517,9885304144316087092,0,0,0,0,0,0,0,0,0,0,0
586,5,955,8,10,0.065363,14610.79,0.030158,31666.86,0.024256,39371.93,0.023581,40499.07,0.032018,29826.81,0.021360,44709.03,0.047207,20230.21,0.065718,0.008451,0.015397,0.021360,0.110926,0.014511,1,124864,132214,654999,596,0,0,0,732,0,0,0,372,0,0,0,255,0,0,0,294,0,0,0,5,0,0,0,8257739354712580605,8257739354712580605,8257739354712580605,3602289021292777005,6017461825337101341,5769432091506215023,0,0,0,0,0,0,0,0,0,0,0
587,5,873,8,10,0.054598,15989.64,0.031173,28005.19,0.020251,43108.80,0.025647,34038.80,0.035995,24253.04,0.026985,32351.34,0.045318,19263.74,0.054899,0.006895,0.012409,0.026985,0.101188,0.011904,1,103544,113564,463869,662,0,0,0,892,0,0,0,287,0,0,0,202,0,0,0,250,0,0,0,4,0,0,0,7567816230416567075,11024408554489545098,11024408554489545098,11871856935060183104,6969336834566607973,12548537722430254299,0,0,0,0,0,0,0,0,0,0,0
588,5,809,8,10,0.091285,8862.39,0.062463,12951.65,0.049318,16403.73,0.064148,12611.54,0.072816,11110.13,0.068040,11890.08,0.081402,9938.29,0.091579,0.006456,0.010684,0.068040,0.176759,0.012192,1,86677,91907,444641,443,0,0,0,587,0,0,0,473,0,0,0,339,0,0,0,336,0,0,0,1,0,0,0,3129378175478612277,2050368887222866109,2050368887222866109,3399797335305177878,12949110297486478323,18417798575405974194,0,0,0,0,0,0,0,0,0,0,0
589,5,876,8,10,0.079690,10992.54,0.040977,21377.89,0.030335,28877.98,0.037920,23101.54,0.049381,17739.62,0.038015,23043.69,0.064398,13602.95,0.080034,0.007319,0.013258,0.038015,0.138625,0.012325,1,109051,114256,511073,530,0,0,0,747,0,0,0,416,0,0,0,316,0,0,0,313,0,0,0,8,0,0,0,15849189112980272613,6158645838984346173,6158645838984346173,11887372205662247065,18150667297511889832,10918976298548445896,0,0,0,0,0,0,0,0,0,0,0
590,5,870,8,10,0.066379,13106.58,0.032493,26774.92,0.027298,31870.17,0.027901,31181.64,0.033486,25981.01,0.030153,28852.94,0.053191,16356.21,0.066669,0.007004,0.006358,0.030153,0.110184,0.013007,5,105035,115490,415040,559,0,0,0,674,0,0,0,333,0,0,0,249,0,0,0,262,0,0,0,7,0,0,0,15576047795779985131,15576047795779985131,15576047795779985131,15145587795001216532,10654415057991115207,5195424657534264350,0,0,0,0,0,0,0,0,0,0,0
591,5,1157,8,10,0.075099,15406.32,0.035687,32420.47,0.027814,41598.39,0.027866,41519.78,0.036109,32041.51,0.026403,43820.74,0.061039,18955.13,0.076179,0.008269,0.015551,0.026403,0.126402,0.018554,1,120782,131982,527778,525,0,0,0,723,0,0,0,432,0,0,0,256,0,0,0,450,0,0,0,6,0,0,0,14164443717634863870,18019963543486765118,18019963543486765118,7291142248036338763,13791343723375956136,9947617468390329862,0,0,0,0,0,0,0,0,0,0,0
592,5,1019,8,10,0.061029,16697.02,0.033798,30149.37,0.027216,37440.86,0.027429,37150.57,0.029812,34180.30,0.022067,46176.66,0.052023,19587.49,0.061514,0.007702,0.013998,0.022067,0.105282,0.017487,1,111605,127085,433787,670,0,0,0,752,0,0,0,358,0,0,0,250,0,0,0,278,0,0,0,9,0,0,0,5998358616641703296,1585175856235686478,1585175856235686478,6380871897583379719,3209340444618406229,15710267805725303572,0,0,0,0,0,0,0,0,0,0,0
593,5,891,8,10,0.063903,13943.04,0.033203,26835.09,0.026831,33207.75,0.026767,33287.26,0.031684,28121.80,0.017296,51514.66,0.046613,19114.73,0.064174,0.006043,0.010961,0.017296,0.098475,0.013475,1,90743,103008,419229,449,0,0,0,545,0,0,0,315,0,0,0,199,0,0,0,262,0,0,0,8,0,0,0,2567076369947154128,2567076369947154128,2567076369947154128,2707606817619749385,5697757177870918920,8035491379790060586,0,0,0,0,0,0,0,0,0,0,0
594,5,844,8,10,0.062780,13443.84,0.038046,22183.90,0.033195,25425.59,0.033183,25434.38,0.039458,21389.63,0.022138,38125.03,0.055418,15229.61,0.063572,0.006103,0.007508,0.022138,0.099321,0.010613,3,93122,102022,496236,551,0,0,0,779,0,0,0,445,0,0,0,225,0,0,0,181,0,0,0,2,0,0,0,3386270556272183488,3386270556272183488,3386270556272183488,13873517486080691946,9895058573289499090,8442838703728858197,0,0,0,0,0,0,0,0,0,0,0
595,5,889,8,10,0.078675,11299.62,0.043099,20626.74,0.033172,26799.52,0.043074,20638.91,0.049884,17821.38,0.021226,41883.44,0.063674,13961.82,0.079607,0.006757,0.012622,0.021226,0.120212,0.012874,1,101205,109025,453086,379,0,0,0,444,0,0,0,354,0,0,0,216,0,0,0,305,0,0,0,3,0,0,0,677751330193464435,8724153578623355524,8724153578623355524,2279799854382460032,10032502683813836802,4044462545856072808,0,0,0,0,0,0,0,0,0,0,0
596,5,875,8,10,0.062215,14064.16,0.033328,26254.03,0.025082,34885.90,0.027860,31406.74,0.035823,24425.75,0.024811,35266.20,0.048248,18135.45,0.062748,0.008205,0.016584,0.024811,0.112348,0.011330,1,130781,141086,466166,418,0,0,0,668,0,0,0,320,0,0,0,188,0,0,0,359,0,0,0,4,0,0,0,8438835337289485572,13036132221156486754,13036132221156486754,17460988308658354015,2317611095729779076,1056989683823906100,0,0,0,0,0,0,0,0,0,0,0
597,5,845,8,10,0.054923,15385.14,0.031188,27093.64,0.024787,34090.89,0.025456,33194.04,0.033615,25137.68,0.018406,45909.35,0.048601,17386.53,0.055417,0.005736,0.011287,0.018406,0.090846,0.010599,1,91544,100224,256165,461,0,0,0,633,0,0,0,337,0,0,0,211,0,0,0,231,0,0,0,9,0,0,0,12701709121010573953,1565217431323734140,1565217431323734140,1354680042879080362,14346213283897603290,14985686617776194720,0,0,0,0,0,0,0,0,0,0,0
598,5,909,8,10,0.043790,20758.36,0.019893,45694.85,0.017678,51418.80,0.018820,48300.37,0.023099,39352.37,0.018077,50284.98,0.032665,27827.75,0.044520,0.006689,0.012070,0.018077,0.081356,0.013137,1,100362,106517,563591,461,0,0,0,653,0,0,0,394,0,0,0,266,0,0,0,292,0,0,0,7,0,0,0,16642919514674105646,16492689033315596252,16492689033315596252,11081844239759525612,11720204063189361303,7939333452255695115,0,0,0,0,0,0,0,0,0,0,0
599,5,841,8,10,0.072111,11662.52,0.039752,21156.22,0.022367,37600.70,0.031491,26706.05,0.044423,18931.73,0.036239,23207.17,0.062193,13522.46,0.072754,0.006838,0.010910,0.036239,0.126741,0.010633,2,101634,106774,492888,376,0,0,0,451,0,0,0,252,0,0,0,165,0,0,0,228,0,0,0,1,0,0,0,13417601248119300954,17166273947006241804,17166273947006241804,11702424716362770035,11641667065920621471,16712413193746338787,0,0,0,0,0,0,0,0,0,0,0
600,5,800,8,10,0.056444,14173.44,0.033512,23871.96,0.025386,31513.62,0.025863,30931.71,0.033207,24091.13,0.018659,42875.90,0.045778,17475.58,0.056836,0.006050,0.011586,0.018659,0.093130,0.009258,1,89136,95886,374331,360,0,0,0,456,0,0,0,303,0,0,0,185,0,0,0,268,0,0,0,1,0,0,0,4504983643153730045,4504983643153730045,4504983643153730045,17213744689863660382,6221870135944494802,11196973712909936739,0,0,0,0,0,0,0,0,0,0,0
601,5,725,8,10,0.044894,16149.16,0.020853,34766.79,0.013726,52820.31,0.016892,42920.23,0.027948,25940.60,0.016523,43879.31,0.030622,23675.71,0.045473,0.005581,0.010666,0.016523,0.078243,0.010234,1,89244,94559,242551,368,0,0,0,433,0,0,0,304,0,0,0,147,0,0,0,241,0,0,0,1,0,0,0,13361323846967084888,13361323846967084888,13361323846967084888,1959244710086543824,17243931187589730311,11393805586638037955,0,0,0,0,0,0,0,0,0,0,0
602,5,1043,8,10,0.055084,18934.62,0.022617,46115.93,0.018532,56280.03,0.023618,44161.87,0.026505,39351.19,0.022851,45643.32,0.038828,26861.72,0.055606,0.008316,0.015104,0.022851,0.101878,0.016189,1,126721,135701,552767,614,0,0,0,781,0,0,0,318,0,0,0,273,0,0,0,323,0,0,0,7,0,0,0,14162082730942633272,11368005651917478474,11368005651917478474,14551768022794865675,309934867185343963,11909848167341969141,0,0,0,0,0,0,0,0,0,0,0
603,5,809,8,10,0.036618,22093.13,0.020759,38970.59,0.015885,50928.75,0.018048,44824.84,0.021385,37829.45,0.016139,50127.70,0.027878,29018.83,0.036983,0.005470,0.010701,0.016139,0.069292,0.008973,1,82774,86769,564149,290,0,0,0,526,0,0,0,377,0,0,0,190,0,0,0,257,0,0,0,0,0,0,0,12367187293653247214,2785229647679967731,2785229647679967731,5749893178469006740,14019365691945319714,15953732882429322042,0,0,0,0,0,0,0,0,0,0,0
604,5,819,8,10,0.068512,11954.19,0.039396,20788.98,0.031937,25644.30,0.037023,22121.60,0.043857,18674.19,0.036322,22548.05,0.058234,14064.00,0.068989,0.005990,0.005875,0.036322,0.117177,0.009684,5,92455,97920,378003,470,0,0,0,778,0,0,0,407,0,0,0,240,0,0,0,248,0,0,0,4,0,0,0,15176558344952462081,15032595291461602124,15032595291461602124,13423954959685194496,12059412301190950375,10898775533347556377,0,0,0,0,0,0,0,0,0,0,0
605,5,883,8,10,0.066468,13284.62,0.034441,25637.98,0.026862,32871.64,0.031902,27678.57,0.039304,22465.84,0.028736,30728.03,0.054141,16309.30,0.066878,0.005953,0.010074,0.028736,0.111641,0.010811,2,90469,101869,287919,367,0,0,0,508,0,0,0,318,0,0,0,252,0,0,0,265,0,0,0,0,0,0,0,975675900811228483,17694806387304064793,17694806387304064793,1047645893721243612,18276164082013896448,6410462113275791913,0,0,0,0,0,0,0,0,0,0,0
606,5,736,8,10,0.052790,13942.00,0.033347,22071.01,0.023976,30697.81,0.024521,30014.67,0.036534,20145.75,0.016508,44583.39,0.042948,17136.82,0.053326,0.005929,0.008901,0.016508,0.084664,0.007885,2,80991,87611,432058,281,0,0,0,541,0,0,0,270,0,0,0,163,0,0,0,196,0,0,0,2,0,0,0,13458221141068193257,8552809970454113409,8552809970454113409,15587556610710352588,15636530099015673433,4846346884715079445,0,0,0,0,0,0,0,0,0,0,0
607,5,1048,8,10,0.086774,12077.40,0.038886,26950.44,0.032855,31897.30,0.032992,31764.82,0.042271,24792.29,0.029856,35101.58,0.062429,16786.94,0.088013,0.007396,0.008929,0.029856,0.134195,0.017290,4,107468,117808,434687,441,0,0,0,555,0,0,0,433,0,0,0,286,0,0,0,277,0,0,0,4,0,0,0,12541385578442167212,11123405736798648141,11123405736798648141,6362517703023701806,5585568250952052661,3235406175530725902,0,0,0,0,0,0,0,0,0,0,0
608,5,899,8,10,0.063743,14103.60,0.035085,25623.80,0.022157,40574.03,0.018727,48004.96,0.036250,24799.86,0.035594,25257.00,0.049411,18194.22,0.064243,0.006764,0.006471,0.035594,0.113073,0.014123,5,103839,108924,403068,509,0,0,0,553,0,0,0,380,0,0,0,249,0,0,0,266,0,0,0,7,0,0,0,5432259850538236991,5907911018859716176,5907911018859716176,11574099142829634749,4883781648544524780,13685141737594636878,0,0,0,0,0,0,0,0,0,0,0
609,5,846,8,10,0.045279,18683.97,0.021789,38826.50,0.016857,50185.90,0.018502,45723.97,0.026450,31984.79,0.019573,43222.93,0.035077,24118.24,0.045413,0.006001,0.009728,0.019573,0.080715,0.010158,2,91431,100696,477299,416,0,0,0,614,0,0,0,360,0,0,0,152,0,0,0,241,0,0,0,4,0,0,0,11789496767392368319,18106265115859139992,18106265115859139992,8809227272012561980,215927408790235601,17356618592112739655,0,0,0,0,0,0,0,0,0,0,0
610,5,907,8,10,0.069442,13061.23,0.037343,24288.35,0.023075,39305.81,0.023520,38562.40,0.036400,24917.55,0.018951,47860.88,0.058337,15547.64,0.069719,0.006863,0.012399,0.018951,0.107932,0.011490,1,96826,108016,409413,438,0,0,0,445,0,0,0,348,0,0,0,215,0,0,0,317,0,0,0,3,0,0,0,3955241450863909829,3955241450863909829,3955241450863909829,9971267955176738723,17207289537089693755,13460660581436705885,0,0,0,0,0,0,0,0,0,0,0
611,5,813,8,10,0.038553,21088.01,0.021631,37585.22,0.018374,44247.05,0.019072,42628.88,0.022811,35641.36,0.022077,36825.99,0.030445,26703.51,0.039381,0.005743,0.005595,0.022077,0.072796,0.009877,5,88870,97020,336803,475,0,0,0,676,0,0,0,383,0,0,0,231,0,0,0,225,0,0,0,5,0,0,0,15852640893380660955,9711500746048960837,9711500746048960837,7572852806563450440,5742864150702863944,16022461246625716131,0,0,0,0,0,0,0,0,0,0,0
612,5,858,8,10,0.062246,13784.03,0.033409,25681.55,0.026715,32116.64,0.026136,32827.88,0.031590,27160.63,0.019500,44000.17,0.047239,18162.84,0.062841,0.006628,0.013013,0.019500,0.101981,0.012359,1,104877,112112,566825,472,0,0,0,542,0,0,0,362,0,0,0,222,0,0,0,323,0,0,0,9,0,0,0,9545954583116022374,9545954583116022374,9545954583116022374,5426644394131583690,8436205685640484064,13516285353007695797,0,0,0,0,0,0,0,0,0,0,0
613,5,773,8,10,0.058240,13272.75,0.028249,27364.24,0.021981,35167.42,0.023104,33457.30,0.030577,25280.03,0.023666,32663.09,0.040449,19110.55,0.058551,0.006010,0.007614,0.023666,0.095840,0.009374,3,92902,96682,379135,472,0,0,0,695,0,0,0,389,0,0,0,298,0,0,0,248,0,0,0,2,0,0,0,1937863908958124330,1937863908958124330,1937863908958124330,5359378822534761509,11515403462855035887,4887270548342420068,0,0,0,0,0,0,0,0,0,0,0
614,5,766,8,10,0.038967,19657.72,0.018949,40423.93,0.015801,48477.91,0.021152,36213.40,0.023552,32524.11,0.016919,45273.81,0.025042,30588.60,0.039643,0.006675,0.012273,0.016919,0.075509,0.009343,1,108540,111210,256262,424,0,0,0,526,0,0,0,307,0,0,0,302,0,0,0,335,0,0,0,3,0,0,0,3255306717141073912,12084584213430462781,12084584213430462781,1565567428004064542,14865763700711631568,9971977955488093916,0,0,0,0,0,0,0,0,0,0,0
615,5,912,8,10,0.051699,17640.69,0.027999,32572.47,0.019412,46982.07,0.019108,47729.01,0.031791,28687.52,0.032876,27740.39,0.044536,20478.04,0.052197,0.006562,0.006831,0.032876,0.098466,0.013290,4,99024,117929,624087,526,0,0,0,703,0,0,0,337,0,0,0,239,0,0,0,313,0,0,0,8,0,0,0,5980819894586931431,16821589337098378678,16821589337098378678,15624458864726479457,2555712523159321832,4185778967685902848,0,0,0,0,0,0,0,0,0,0,0
616,5,772,8,10,0.075871,10175.20,0.042917,17988.03,0.026702,28911.47,0.031003,24900.68,0.047744,16169.66,0.027187,28395.79,0.059710,12929.09,0.076202,0.006360,0.010807,0.027187,0.120556,0.011017,1,92656,97066,454188,485,0,0,0,639,0,0,0,447,0,0,0,285,0,0,0,325,0,0,0,4,0,0,0,2400717169110817758,4811640685077036575,4811640685077036575,13177445803306936122,6540824139503112062,4917410619494944961,0,0,0,0,0,0,0,0,0,0,0
617,5,839,8,10,0.061104,13730.64,0.040267,20835.74,0.026955,31125.44,0.027322,30708.32,0.036346,23083.44,0.034933,24017.07,0.045823,18309.69,0.061595,0.006816,0.010207,0.034933,0.113551,0.011598,2,104151,108776,413331,547,0,0,0,708,0,0,0,578,0,0,0,381,0,0,0,611,0,0,0,8,0,0,0,16486170392902225876,16013363614988862967,16013363614988862967,3597303036993002388,4130314693973342252,16098709418032451467,0,0,0,0,0,0,0,0,0,0,0
618,5,914,8,10,0.052322,17468.84,0.031323,29180.13,0.021773,41978.13,0.021047,43427.44,0.032023,28541.76,0.028626,31928.95,0.039115,23367.07,0.052691,0.006289,0.008122,0.028626,0.095728,0.011499,3,94779,100004,386982,460,0,0,0,571,0,0,0,334,0,0,0,210,0,0,0,255,0,0,0,4,0,0,0,2323972340448595938,2323972340448595938,2323972340448595938,13600433423971767007,1822484208596106412,10350007743400568289,0,0,0,0,0,0,0,0,0,0,0
619,5,782,8,10,0.059332,13180.09,0.032382,24148.91,0.021673,36082.07,0.021008,37223.10,0.034740,22510.02,0.022485,34778.99,0.047038,16624.77,0.059907,0.006282,0.011750,0.022485,0.100424,0.009344,1,95655,98520,488025,407,0,0,0,580,0,0,0,370,0,0,0,235,0,0,0,414,0,0,0,0,0,0,0,13901692440175876518,13901692440175876518,13901692440175876518,1365023740217990788,15468345731834285947,15722949435181246972,0,0,0,0,0,0,0,0,0,0,0
620,5,1066,8,10,0.073200,14562.94,0.040153,26548.28,0.028817,36992.53,0.029864,35694.78,0.037224,28637.81,0.036799,28968.01,0.062030,17185.21,0.073780,0.007296,0.006590,0.036799,0.124465,0.020376,5,109870,121610,429755,496,0,0,0,558,0,0,0,336,0,0,0,337,0,0,0,312,0,0,0,1,0,0,0,6986547553811453681,3051783854749643801,3051783854749643801,14117847444426852112,10133010741719327593,15687055100492694311,0,0,0,0,0,0,0,0,0,0,0
621,5,861,8,10,0.034437,25001.85,0.016409,52470.47,0.015445,55747.35,0.017186,50100.19,0.020084,42870.43,0.019436,44299.99,0.028051,30694.56,0.034581,0.005946,0.006587,0.019436,0.066549,0.010837,4,93990,107860,344185,508,0,0,0,774,0,0,0,285,0,0,0,261,0,0,0,264,0,0,0,3,0,0,0,5042587387489334010,5042587387489334010,5042587387489334010,4973679499353264955,346496035283091467,15701350193693135935,0,0,0,0,0,0,0,0,0,0,0
622,5,790,8,10,0.038914,20301.15,0.017117,46151.93,0.013153,60062.40,0.015845,49859.47,0.020424,38679.51,0.017350,45534.35,0.027344,28891.62,0.039059,0.006089,0.011239,0.017350,0.073737,0.012353,1,94989,99224,507344,323,0,0,0,516,0,0,0,204,0,0,0,160,0,0,0,234,0,0,0,5,0,0,0,4487673571579488876,4487673571579488876,4487673571579488876,2922078806217395960,13304635064959549740,8182468641454062852,0,0,0,0,0,0,0,0,0,0,0
623,5,1008,8,10,0.066845,15079.59,0.034576,29153.30,0.028954,34814.38,0.026106,38612.10,0.035431,28449.46,0.026868,37516.61,0.051069,19738.03,0.067477,0.007783,0.015858,0.026868,0.117987,0.014853,1,124631,132946,546569,618,0,0,0,950,0,0,0,376,0,0,0,320,0,0,0,416,0,0,0,2,0,0,0,10198923990182624197,1661992488116797907,1661992488116797907,17794053269139299602,10513614687832943487,7721024126518198339,0,0,0,0,0,0,0,0,0,0,0
624,5,767,8,10,0.040725,18833.71,0.023414,32757.98,0.014137,54253.40,0.015252,50288.01,0.025308,30306.83,0.015948,48093.01,0.029030,26421.32,0.041033,0.006480,0.011251,0.015948,0.074712,0.010523,1,84602,88317,379549,352,0,0,0,540,0,0,0,299,0,0,0,240,0,0,0,275,0,0,0,0,0,0,0,1105487566888540629,1231244963760758120,1231244963760758120,8460914076876481324,1855632263117714426,15127099596003727593,0,0,0,0,0,0,0,0,0,0,0
625,5,948,8,10,0.055690,17022.89,0.030100,31494.80,0.024830,38179.80,0.021580,43930.01,0.030816,30763.55,0.019944,47532.19,0.042977,22058.22,0.056387,0.007371,0.013251,0.019944,0.096953,0.013363,1,110913,117408,433654,393,0,0,0,536,0,0,0,395,0,0,0,228,0,0,0,383,0,0,0,6,0,0,0,10301860199155821371,7890168359650319775,7890168359650319775,1429528664774542748,5233974478757447854,16747791499164994341,0,0,0,0,0,0,0,0,0,0,0
626,5,939,8,10,0.055377,16956.65,0.032686,28728.18,0.025891,36268.07,0.028958,32426.13,0.033314,28186.18,0.027646,33964.69,0.045514,20630.95,0.055639,0.006528,0.012605,0.027646,0.102418,0.012107,1,99986,112861,570709,369,0,0,0,605,0,0,0,317,0,0,0,179,0,0,0,360,0,0,0,4,0,0,0,6244604007024005663,5710684064327897420,5710684064327897420,13836173988341210111,14857632075551710191,11550980204092162206,0,0,0,0,0,0,0,0,0,0,0
627,5,686,8,10,0.046824,14650.58,0.031614,21699.54,0.022553,30417.45,0.023130,29658.25,0.032587,21051.05,0.030897,22202.96,0.040616,16889.77,0.046997,0.005195,0.005741,0.030897,0.088830,0.007760,4,81418,84473,235623,390,0,0,0,565,0,0,0,267,0,0,0,196,0,0,0,167,0,0,0,2,0,0,0,468371925912603974,5515852412296568165,5515852412296568165,18112532183457931990,12811156802419573177,5731999426918013788,0,0,0,0,0,0,0,0,0,0,0
628,5,875,8,10,0.051145,17108.29,0.024932,35095.03,0.023535,37178.13,0.022307,39225.75,0.024195,36163.90,0.022807,38365.76,0.035527,24629.35,0.051257,0.007953,0.014352,0.022807,0.096370,0.012879,1,115052,120032,509539,563,0,0,0,674,0,0,0,310,0,0,0,292,0,0,0,323,0,0,0,10,0,0,0,17954667975096029066,10664562983606585960,10664562983606585960,7419903323416747986,16325159315334125629,14597094330797223372,0,0,0,0,0,0,0,0,0,0,0
629,5,772,8,10,0.049587,15568.65,0.029075,26552.15,0.019638,39311.43,0.030889,24992.52,0.029631,26053.43,0.022301,34617.55,0.038594,20003.23,0.049756,0.006712,0.013018,0.022301,0.091787,0.009396,1,105988,110328,480818,389,0,0,0,595,0,0,0,244,0,0,0,156,0,0,0,208,0,0,0,7,0,0,0,14487370778785025655,14487370778785025655,14487370778785025655,16774937705005287538,4797832686689018429,5934712508446071624,0,0,0,0,0,0,0,0,0,0,0
630,5,832,8,10,0.034578,24061.47,0.018105,45953.85,0.016326,50962.92,0.019390,42909.58,0.021098,39435.70,0.021031,39561.55,0.025308,32874.75,0.034945,0.006144,0.005778,0.021031,0.067897,0.010142,5,94846,99141,493916,420,0,0,0,640,0,0,0,324,0,0,0,188,0,0,0,177,0,0,0,4,0,0,0,12992691914753918258,12992691914753918258,12992691914753918258,17887341168799495886,17070112620876995434,11852045842403536988,0,0,0,0,0,0,0,0,0,0,0
631,5,947,8,10,0.044266,21393.45,0.026671,35506.08,0.014922,63461.73,0.016723,56629.41,0.026099,36284.94,0.016678,56781.06,0.034964,27084.90,0.044469,0.005940,0.011685,0.016678,0.078772,0.011643,1,92999,109164,410492,419,0,0,0,622,0,0,0,243,0,0,0,225,0,0,0,243,0,0,0,0,0,0,0,6609061841638212380,6609061841638212380,6609061841638212380,11495876822112386953,600271249265588715,9485947980256597116,0,0,0,0,0,0,0,0,0,0,0
632,5,1064,8,10,0.048244,22054.33,0.021476,49544.35,0.017889,59477.01,0.019821,53679.35,0.022545,47194.72,0.019942,53354.90,0.036191,29399.97,0.048540,0.007346,0.013156,0.019942,0.088984,0.019012,1,109113,125228,576075,482,0,0,0,661,0,0,0,312,0,0,0,235,0,0,0,265,0,0,0,3,0,0,0,17456514171359690333,7723814193792438917,7723814193792438917,6302439840941106898,10932989747840775678,16636641078737841085,0,0,0,0,0,0,0,0,0,0,0
633,5,760,8,10,0.051320,14808.99,0.029955,25371.35,0.019010,39977.92,0.019866,38257.26,0.030095,25253.26,0.020499,37075.03,0.038403,19790.11,0.051487,0.006931,0.012551,0.020499,0.091467,0.009043,1,102791,105906,385865,446,0,0,0,493,0,0,0,230,0,0,0,179,0,0,0,252,0,0,0,0,0,0,0,4256732957436927418,14532495885159680916,14532495885159680916,5688686527997740795,6230925068074635278,17052431739989425713,0,0,0,0,0,0,0,0,0,0,0
634,5,764,8,10,0.057147,13369.00,0.028319,26978.05,0.018581,41117.74,0.019830,38527.52,0.029779,25655.47,0.022238,34355.30,0.045863,16658.37,0.057739,0.006007,0.009982,0.022238,0.095966,0.008723,2,88340,92520,473561,471,0,0,0,490,0,0,0,239,0,0,0,168,0,0,0,192,0,0,0,2,0,0,0,2888010927102551583,2552599111274659722,2552599111274659722,5320417440723755610,8856928432804025863,7012645778247735905,0,0,0,0,0,0,0,0,0,0,0
635,5,819,8,10,0.041232,19863.21,0.020725,39517.57,0.014578,56179.34,0.016910,48432.65,0.022269,36778.37,0.022501,36399.18,0.026485,30923.37,0.041568,0.006075,0.005701,0.022501,0.075844,0.011214,5,94050,96760,445301,380,0,0,0,543,0,0,0,237,0,0,0,202,0,0,0,190,0,0,0,6,0,0,0,3463580664187558186,43487888387726563,43487888387726563,15923814477664285263,17660187605327885585,3320500918879729685,0,0,0,0,0,0,0,0,0,0,0
636,5,737,8,10,0.031080,23713.08,0.016232,45403.26,0.013427,54889.10,0.012869,57269.62,0.017159,42950.57,0.012210,60362.32,0.023328,31593.15,0.031357,0.004911,0.009700,0.012210,0.058177,0.008081,1,75487,84467,324085,328,0,0,0,496,0,0,0,242,0,0,0,172,0,0,0,269,0,0,0,3,0,0,0,10965218980027475013,2816665520831142419,2816665520831142419,10963194753892900247,9002668888762954251,4093247627933612236,0,0,0,0,0,0,0,0,0,0,0
637,5,945,8,10,0.046921,20140.17,0.020042,47150.33,0.017793,53111.27,0.023491,40227.46,0.026477,35690.96,0.023725,39830.91,0.034295,27555.38,0.047257,0.008505,0.016059,0.023725,0.095546,0.014855,1,135411,144296,560254,498,0,0,0,696,0,0,0,352,0,0,0,227,0,0,0,318,0,0,0,9,0,0,0,12437388314728296372,15348255186957232687,15348255186957232687,18229641051384247329,5473569901944477147,9349663059752541125,0,0,0,0,0,0,0,0,0,0,0
638,5,829,8,10,0.042460,19524.39,0.020460,40517.86,0.017126,48405.40,0.020118,41206.50,0.026700,31048.97,0.018490,44835.16,0.029564,28041.14,0.042992,0.006165,0.012356,0.018490,0.080003,0.010581,1,107248,111798,389795,442,0,0,0,450,0,0,0,319,0,0,0,240,0,0,0,379,0,0,0,2,0,0,0,3863352378239917629,9774271275122573625,9774271275122573625,819719585608485602,13354682078219721872,2151173904250344614,0,0,0,0,0,0,0,0,0,0,0
639,5,797,8,10,0.074115,10753.60,0.039553,20150.36,0.032241,24720.36,0.032779,24314.71,0.038405,20752.77,0.020299,39262.50,0.058803,13553.79,0.074643,0.005747,0.010766,0.020299,0.111456,0.009539,1,86083,93543,256732,495,0,0,0,607,0,0,0,461,0,0,0,196,0,0,0,345,0,0,0,1,0,0,0,15491748854276444453,9917810758109453949,9917810758109453949,14060745585676458241,3201421825630123307,6297129534159559319,0,0,0,0,0,0,0,0,0,0,0
640,5,808,8,10,0.066538,12143.45,0.030712,26308.63,0.024118,33502.19,0.024553,32908.83,0.031915,25317.59,0.025115,32171.75,0.050065,16139.17,0.067005,0.006429,0.010529,0.025115,0.109078,0.011121,2,97294,101719,660740,540,0,0,0,738,0,0,0,364,0,0,0,244,0,0,0,338,0,0,0,2,0,0,0,15291552028018044125,4764011688851518219,4764011688851518219,9956346996950594782,12403016927173484273,2092627569447531655,0,0,0,0,0,0,0,0,0,0,0
641,5,782,8,10,0.035559,21991.56,0.017722,44126.91,0.013247,59032.35,0.015359,50914.29,0.019508,40086.57,0.014008,55825.45,0.024667,31702.67,0.035734,0.005454,0.010936,0.014008,0.066132,0.008897,1,83149,94514,360804,343,0,0,0,474,0,0,0,225,0,0,0,175,0,0,0,282,0,0,0,3,0,0,0,17999342756984817075,6113334705048466968,6113334705048466968,10550884068047526208,746183932927093024,14164838661173150887,0,0,0,0,0,0,0,0,0,0,0
642,5,908,8,10,0.046756,19420.05,0.019973,45460.91,0.017377,52253.74,0.020982,43274.45,0.024591,36923.35,0.023845,38079.75,0.031637,28700.75,0.047158,0.007522,0.006302,0.023845,0.084826,0.013695,5,122129,128944,392706,509,0,0,0,613,0,0,0,252,0,0,0,173,0,0,0,124,0,0,0,4,0,0,0,5941168551516064623,8622795812714210990,8622795812714210990,17923302078204810210,15094276489341503516,13946975116792221245,0,0,0,0,0,0,0,0,0,0,0
643,5,816,8,10,0.041435,19693.51,0.017644,46248.89,0.016149,50528.44,0.022181,36788.15,0.023235,35119.92,0.021327,38261.99,0.028256,28878.97,0.041994,0.006820,0.010226,0.021327,0.080366,0.012252,3,100507,105792,518905,420,0,0,0,654,0,0,0,237,0,0,0,229,0,0,0,215,0,0,0,0,0,0,0,13204153112865379579,16222122891001671091,16222122891001671091,14141609978580286872,3589918824990910730,4917917225994998688,0,0,0,0,0,0,0,0,0,0,0
644,5,953,8,10,0.057629,16536.69,0.029163,32678.80,0.023913,39853.42,0.021116,45131.93,0.031517,30237.39,0.021447,44435.97,0.040863,23321.60,0.058799,0.008876,0.015656,0.021447,0.104777,0.015048,1,115365,121630,458067,466,0,0,0,691,0,0,0,377,0,0,0,280,0,0,0,277,0,0,0,3,0,0,0,13721193148012674064,6780590531130790596,6780590531130790596,5334974917121152035,15086977362837503407,14526500901649911778,0,0,0,0,0,0,0,0,0,0,0
645,5,957,8,10,0.038571,24811.38,0.018271,52378.89,0.017244,55496.19,0.022229,43051.92,0.024757,38655.29,0.022890,41809.54,0.026681,35868.38,0.039189,0.006813,0.012484,0.022890,0.081375,0.012076,1,98135,103705,636463,380,0,0,0,548,0,0,0,298,0,0,0,236,0,0,0,248,0,0,0,4,0,0,0,5170232331516337240,6485388663744209745,6485388663744209745,6390997312613521192,13655127427463199314,9105234253851553104,0,0,0,0,0,0,0,0,0,0,0
646,5,742,8,10,0.054886,13518.97,0.026175,28347.25,0.021706,34183.50,0.021689,34210.14,0.029572,25091.42,0.019886,37312.39,0.042011,17662.12,0.055150,0.006193,0.010326,0.019886,0.091555,0.010213,1,91246,97091,368983,318,0,0,0,542,0,0,0,251,0,0,0,265,0,0,0,283,0,0,0,4,0,0,0,6216318752316905737,16238549023149411862,16238549023149411862,7208951950743154927,4930546460876522311,619392533649909941,0,0,0,0,0,0,0,0,0,0,0
647,5,974,8,10,0.045731,21298.60,0.023594,41281.70,0.018582,52416.55,0.022737,42837.09,0.026299,37035.66,0.022462,43362.15,0.037427,26024.23,0.046213,0.007887,0.009652,0.022462,0.086214,0.015404,3,116157,132147,518673,632,0,0,0,967,0,0,0,377,0,0,0,282,0,0,0,348,0,0,0,10,0,0,0,13820241569343647784,9768070093933359310,9768070093933359310,3926252800648438321,6872797502890437416,13264999561727929354,0,0,0,0,0,0,0,0,0,0,0
648,5,952,8,10,0.052969,17972.75,0.022783,41786.21,0.016024,59411.65,0.018238,52199.99,0.022135,43009.52,0.022285,42718.79,0.039414,24153.66,0.054514,0.007697,0.007265,0.022285,0.091761,0.015077,5,120194,130364,311008,580,0,0,0,714,0,0,0,357,0,0,0,281,0,0,0,243,0,0,0,6,0,0,0,5267805411190728364,6254051045152772656,6254051045152772656,3705735967119700803,1487805502346354265,12143965514272654263,0,0,0,0,0,0,0,0,0,0,0
649,5,807,8,10,0.054819,14721.22,0.031951,25257.52,0.025158,32077.89,0.024922,32381.64,0.033108,24375.11,0.018927,42637.68,0.041494,19448.62,0.055200,0.006204,0.011712,0.018927,0.092042,0.009694,1,95287,98662,501338,413,0,0,0,593,0,0,0,277,0,0,0,224,0,0,0,327,0,0,0,9,0,0,0,10653447236624456718,16908179098155163048,16908179098155163048,697407768397960471,2870058960447785433,8196138126738651378,0,0,0,0,0,0,0,0,0,0,0
650,5,1247,8,10,0.071237,17504.92,0.044255,28177.52,0.032147,38790.05,0.028835,43246.15,0.043495,28670.23,0.019577,63697.04,0.058340,21374.55,0.071771,0.007888,0.015065,0.019577,0.114301,0.020135,1,123774,135684,455790,615,0,0,0,773,0,0,0,464,0,0,0,238,0,0,0,369,0,0,0,8,0,0,0,9605950939317626351,15543006097688820329,15543006097688820329,194758939089194505,6330185168012468426,7032139027203266478,0,0,0,0,0,0,0,0,0,0,0
651,5,1041,8,10,0.041951,24814.57,0.021528,48355.19,0.018339,56765.40,0.019329,53857.82,0.022859,45539.68,0.017960,57960.86,0.036895,28214.99,0.042420,0.007190,0.013851,0.017960,0.081422,0.016097,1,107556,125681,530066,571,0,0,0,857,0,0,0,272,0,0,0,155,0,0,0,224,0,0,0,2,0,0,0,5307968878257899579,5307968878257899579,5307968878257899579,6115204225352609336,18445491251412282289,9770513160032841201,0,0,0,0,0,0,0,0,0,0,0
652,5,867,8,10,0.040797,21251.77,0.016405,52849.88,0.014460,59957.34,0.019870,43633.86,0.021923,39547.35,0.018525,46802.59,0.030417,28503.53,0.040920,0.006188,0.012013,0.018525,0.077646,0.010984,1,97898,106293,402061,393,0,0,0,587,0,0,0,348,0,0,0,196,0,0,0,250,0,0,0,9,0,0,0,13821892990168441021,13821892990168441021,13821892990168441021,256285228880209862,221674545597314480,4202628920979797306,0,0,0,0,0,0,0,0,0,0,0
653,5,905,8,10,0.056051,16145.95,0.027548,32851.24,0.020435,44287.74,0.026903,33638.92,0.030895,29293.12,0.026850,33706.35,0.042263,21413.48,0.056400,0.009258,0.011275,0.026850,0.103782,0.012317,2,110730,117110,489741,502,0,0,0,706,0,0,0,400,0,0,0,229,0,0,0,320,0,0,0,1,0,0,0,4918261633814518144,8163014340807810116,8163014340807810116,12146690139392597621,2521046597321714682,6741794827122085310,0,0,0,0,0,0,0,0,0,0,0
654,5,786,8,10,0.058713,13387.17,0.033198,23676.26,0.027028,29080.89,0.027051,29056.40,0.034383,22860.10,0.025714,30567.26,0.044889,17509.69,0.059095,0.006033,0.011756,0.025714,0.102597,0.009668,1,94975,97045,507719,368,0,0,0,556,0,0,0,352,0,0,0,217,0,0,0,406,0,0,0,5,0,0,0,9961915033793834665,7067927157054258605,7067927157054258605,11905381686952162561,5641886528950394381,9325057223504797864,0,0,0,0,0,0,0,0,0,0,0
655,5,1023,8,10,0.104749,9766.23,0.058893,17370.42,0.033186,30826.45,0.062107,16471.63,0.071179,14372.26,0.051231,19968.21,0.090199,11341.58,0.105564,0.006872,0.006674,0.051231,0.170343,0.014245,5,107534,119159,455246,396,0,0,0,311,0,0,0,370,0,0,0,169,0,0,0,184,0,0,0,4,0,0,0,1764215175074522965,4962063538132079824,4962063538132079824,12753892397709157848,15391430929288748063,16854070407650188155,0,0,0,0,0,0,0,0,0,0,0
656,5,875,8,10,0.066976,13064.45,0.040465,21623.61,0.032374,27027.46,0.032853,26633.97,0.038252,22874.79,0.014637,59780.22,0.059058,14815.87,0.067223,0.005777,0.010733,0.014637,0.098370,0.011356,1,87495,97955,452062,462,0,0,0,405,0,0,0,194,0,0,0,126,0,0,0,179,0,0,0,4,0,0,0,4087012775308386165,14170328482589498979,14170328482589498979,17132837111245909024,10149716021190670133,7324360231775015955,0,0,0,0,0,0,0,0,0,0,0
657,5,1060,8,10,0.104909,10103.96,0.047022,22542.86,0.034459,30761.09,0.044310,23922.60,0.051042,20767.20,0.037635,28165.17,0.079974,13254.29,0.105702,0.008534,0.016551,0.037635,0.168422,0.017877,1,129587,140682,482407,462,0,0,0,737,0,0,0,510,0,0,0,341,0,0,0,494,0,0,0,7,0,0,0,9926111007187597570,11660787905056785773,11660787905056785773,10746946543662285709,4576207441244157053,8235753150147983421,0,0,0,0,0,0,0,0,0,0,0
658,5,837,8,10,0.073082,11452.87,0.040222,20809.69,0.032503,25751.86,0.033029,25341.42,0.039291,21302.51,0.034111,24537.54,0.059469,14074.53,0.073742,0.005742,0.005439,0.034111,0.119034,0.010028,5,87879,92904,469835,457,0,0,0,626,0,0,0,365,0,0,0,151,0,0,0,145,0,0,0,1,0,0,0,5159482422861049376,11307823000754459323,11307823000754459323,17210260638130627594,8825512772770572725,17853011044040719108,0,0,0,0,0,0,0,0,0,0,0
659,5,800,8,10,0.080688,9914.69,0.048193,16600.05,0.032994,24246.77,0.031065,25752.67,0.041722,19174.35,0.027018,29609.50,0.064840,12338.03,0.080854,0.006405,0.010149,0.027018,0.124427,0.009992,2,99698,102683,399318,494,0,0,0,799,0,0,0,361,0,0,0,286,0,0,0,255,0,0,0,13,0,0,0,17026114065247517607,12167488117228889294,12167488117228889294,15617098621449007705,6327560021424190853,4336855408015731312,0,0,0,0,0,0,0,0,0,0,0
660,5,787,8,10,0.065199,12070.73,0.033647,23390.05,0.027367,28757.51,0.028119,27988.05,0.033450,23527.74,0.018671,42150.15,0.046193,17037.20,0.065581,0.005966,0.011286,0.018671,0.101504,0.009611,1,95590,97950,514187,457,0,0,0,697,0,0,0,417,0,0,0,241,0,0,0,321,0,0,0,6,0,0,0,2634508421636964948,8991531800415894453,8991531800415894453,4987603444416001231,15543071504278713221,3874790983570555616,0,0,0,0,0,0,0,0,0,0,0
661,5,681,8,10,0.037276,18269.06,0.021350,31897.62,0.013476,50533.47,0.016277,41838.35,0.020459,33285.29,0.021033,32378.02,0.028822,23627.50,0.037516,0.004792,0.004498,0.021033,0.067840,0.008576,5,74734,78664,203607,398,0,0,0,524,0,0,0,286,0,0,0,205,0,0,0,171,0,0,0,1,0,0,0,6576004679105621516,43630699727369953,43630699727369953,8128305857359188610,6252906794616991877,11365410929709811744,0,0,0,0,0,0,0,0,0,0,0
662,5,872,8,10,0.081120,10749.50,0.042621,20459.48,0.033775,25817.62,0.033291,26193.50,0.041439,21043.19,0.019014,45860.21,0.063993,13626.58,0.081719,0.006822,0.013257,0.019014,0.120813,0.011590,1,106253,115933,637645,480,0,0,0,812,0,0,0,399,0,0,0,297,0,0,0,387,0,0,0,5,0,0,0,5433818168058375856,13208458080907517218,13208458080907517218,16068935415432083829,562872099495028727,10718871898077351247,0,0,0,0,0,0,0,0,0,0,0
663,5,777,8,10,0.072419,10729.25,0.036016,21573.89,0.024907,31195.46,0.024972,31114.29,0.035811,21697.14,0.025596,30356.87,0.057217,13579.82,0.073271,0.006471,0.011547,0.025596,0.116885,0.010782,1,96272,100407,390683,453,0,0,0,378,0,0,0,274,0,0,0,247,0,0,0,302,0,0,0,12,0,0,0,10775783987012804678,15151076705818635687,15151076705818635687,9097518142452004686,9402029446304551274,3854330322194020212,0,0,0,0,0,0,0,0,0,0,0
664,5,877,8,10,0.067353,13020.93,0.035600,24634.88,0.028337,30948.92,0.034308,25562.72,0.038238,22935.11,0.037987,23087.06,0.050608,17329.31,0.067572,0.006377,0.011386,0.037987,0.123322,0.011359,1,94071,99671,331912,467,0,0,0,497,0,0,0,371,0,0,0,231,0,0,0,421,0,0,0,1,0,0,0,8411397967205598873,8411397967205598873,8411397967205598873,12215247506836770610,15793793380577456537,12458316810155415972,0,0,0,0,0,0,0,0,0,0,0
665,5,979,8,10,0.057065,17155.75,0.024045,40715.19,0.019163,51088.90,0.022376,43753.20,0.025628,38200.75,0.022924,42706.46,0.041438,23625.93,0.057521,0.007389,0.013421,0.022924,0.101255,0.016554,2,113147,120432,584602,559,0,0,0,638,0,0,0,337,0,0,0,215,0,0,0,300,0,0,0,1,0,0,0,15468278971508586295,16848775113284850477,16848775113284850477,9107313241848098379,3424863754959170452,16534413766129610186,0,0,0,0,0,0,0,0,0,0,0
666,5,808,8,10,0.080239,10069.93,0.041225,19599.75,0.034061,23721.94,0.034860,23178.53,0.040924,19743.98,0.022127,36515.88,0.058163,13891.97,0.080663,0.006133,0.009460,0.022127,0.118384,0.009393,2,90526,93441,382264,364,0,0,0,465,0,0,0,186,0,0,0,134,0,0,0,196,0,0,0,3,0,0,0,15343124216731544400,11748155403658853005,11748155403658853005,17693628429165521743,17988106478256111498,2428507135727518889,0,0,0,0,0,0,0,0,0,0,0
667,5,961,8,10,0.092370,10403.81,0.048675,19743.37,0.029693,32364.30,0.038433,25004.59,0.049817,19290.62,0.027882,34466.41,0.078519,12239.10,0.092777,0.006704,0.012609,0.027882,0.139972,0.012990,1,101772,114567,590054,494,0,0,0,455,0,0,0,303,0,0,0,210,0,0,0,291,0,0,0,5,0,0,0,7331238649893581195,4653484608304307705,4653484608304307705,6008327075225402525,9127091216161795649,14041724736871797637,0,0,0,0,0,0,0,0,0,0,0
668,5,863,8,10,0.064611,13356.92,0.032995,26155.33,0.021947,39322.33,0.027491,31391.87,0.035340,24420.16,0.035002,24655.92,0.050303,17155.94,0.065177,0.006514,0.006073,0.035002,0.112766,0.012495,5,100704,106164,405188,618,0,0,0,866,0,0,0,450,0,0,0,349,0,0,0,366,0,0,0,5,0,0,0,335250159783117280,13728164999297631623,13728164999297631623,7383853448638085375,7477930260420315049,6938508104605510513,0,0,0,0,0,0,0,0,0,0,0
669,5,792,8,10,0.077162,10264.06,0.037218,21280.23,0.020257,39097.55,0.037525,21106.15,0.041111,19265.02,0.037645,21038.56,0.058844,13459.32,0.077548,0.006454,0.010532,0.037645,0.132179,0.009636,2,99365,103730,473230,402,0,0,0,397,0,0,0,328,0,0,0,188,0,0,0,183,0,0,0,3,0,0,0,12811387895754459297,3133930959221386135,3133930959221386135,12799953206646710233,714003437559454944,10279866275767243186,0,0,0,0,0,0,0,0,0,0,0
670,5,914,8,10,0.047823,19112.34,0.021414,42682.92,0.017790,51376.73,0.019929,45862.49,0.023632,38675.93,0.021765,41994.08,0.034589,26424.42,0.048525,0.007326,0.014755,0.021765,0.092370,0.013146,1,117180,120870,414837,389,0,0,0,592,0,0,0,405,0,0,0,258,0,0,0,338,0,0,0,5,0,0,0,13651570783550209700,13651570783550209700,13651570783550209700,4273164399437251907,5393872148056897967,7096071974199686306,0,0,0,0,0,0,0,0,0,0,0
671,5,885,8,10,0.062785,14095.64,0.031869,27769.75,0.020746,42658.13,0.020974,42195.93,0.033415,26485.31,0.019285,45890.97,0.050470,17535.23,0.063377,0.006663,0.012548,0.019285,0.101873,0.011144,1,100711,107136,417588,357,0,0,0,433,0,0,0,283,0,0,0,131,0,0,0,174,0,0,0,7,0,0,0,3095118629512686484,1145506158167340820,1145506158167340820,2630247093053762096,12854730166638594906,2505653184881109923,0,0,0,0,0,0,0,0,0,0,0
672,5,925,8,10,0.070664,13090.09,0.037130,24912.52,0.020557,44996.23,0.020185,45825.58,0.037169,24886.34,0.029394,31468.72,0.056075,16495.80,0.070841,0.006512,0.007696,0.029394,0.114443,0.012179,4,104014,109934,532156,400,0,0,0,588,0,0,0,315,0,0,0,255,0,0,0,288,0,0,0,4,0,0,0,5458499685188269690,5458499685188269690,5458499685188269690,5603312945297828756,2687272861140351238,65713799371385052,0,0,0,0,0,0,0,0,0,0,0
673,5,859,8,10,0.060571,14181.67,0.027594,31129.97,0.020789,41320.61,0.020824,41249.99,0.032503,26428.06,0.019205,44728.53,0.046045,18655.82,0.060890,0.006923,0.012786,0.019205,0.099804,0.011155,1,98442,107927,412725,483,0,0,0,738,0,0,0,332,0,0,0,325,0,0,0,328,0,0,0,5,0,0,0,14280957058687797067,3941665566205912444,3941665566205912444,15794990240847643000,6376463114099908071,9538311339267702899,0,0,0,0,0,0,0,0,0,0,0
674,5,936,8,10,0.074047,12640.67,0.034267,27315.26,0.027432,34121.05,0.026404,35449.38,0.035214,26580.49,0.019090,49030.56,0.056517,16561.26,0.074341,0.008958,0.010894,0.019090,0.113283,0.014083,2,107274,112699,558368,406,0,0,0,522,0,0,0,288,0,0,0,193,0,0,0,273,0,0,0,3,0,0,0,17703963192846693580,7826790179811013449,7826790179811013449,15375676829018336066,4333173104072111021,4536472633546877273,0,0,0,0,0,0,0,0,0,0,0
675,5,640,8,10,0.030075,21280.22,0.014258,44887.94,0.010379,61665.02,0.016173,39571.15,0.018452,34684.25,0.017481,36610.91,0.023875,26806.53,0.030183,0.004749,0.006254,0.017481,0.058667,0.007070,4,73443,76413,321311,284,0,0,0,329,0,0,0,131,0,0,0,131,0,0,0,138,0,0,0,2,0,0,0,2339098644592405735,952313369930645414,952313369930645414,17904176125976418810,7463660379661805315,14581864410087870907,0,0,0,0,0,0,0,0,0,0,0
676,5,1262,8,10,0.053933,23399.35,0.026495,47631.75,0.024270,51998.60,0.024890,50702.86,0.030440,41458.66,0.028583,44151.76,0.032556,38764.36,0.054435,0.009200,0.012722,0.028583,0.104940,0.024511,3,138977,144492,601075,1395,0,0,0,1789,0,0,0,841,0,0,0,840,0,0,0,798,0,0,0,3,0,0,0,5690972259340721741,1606755388085414543,1606755388085414543,8562199659791321769,785933252325480635,7327506187218628246,0,0,0,0,0,0,0,0,0,0,0
677,5,799,8,10,0.056096,14243.54,0.029718,26885.86,0.019051,41940.12,0.020166,39621.71,0.031317,25513.62,0.019096,41840.77,0.043208,18491.74,0.056046,0.007173,0.011956,0.019096,0.094271,0.009993,1,94851,98476,393719,399,0,0,0,525,0,0,0,304,0,0,0,245,0,0,0,294,0,0,0,6,0,0,0,529729441287931049,12525324923504833152,12525324923504833152,16504338021203607240,17660754826589923842,15985324468543326033,0,0,0,0,0,0,0,0,0,0,0
678,5,815,8,10,0.064071,12720.29,0.041532,19623.63,0.029944,27217.58,0.030474,26744.55,0.039596,20582.70,0.030979,26308.33,0.052082,15648.35,0.064349,0.006487,0.007822,0.030979,0.109637,0.010104,5,95698,103053,519194,442,0,0,0,662,0,0,0,277,0,0,0,253,0,0,0,249,0,0,0,3,0,0,0,5968530507332514966,17818580112801834368,17818580112801834368,18376562852644800460,5531843028699334926,14623887706769940783,0,0,0,0,0,0,0,0,0,0,0
679,5,813,8,10,0.050308,16160.55,0.028896,28135.75,0.020868,38959.92,0.024971,32557.41,0.025528,31846.82,0.022773,35699.87,0.036920,22020.71,0.050421,0.006714,0.012505,0.022773,0.092413,0.010195,1,103127,106102,277391,378,0,0,0,541,0,0,0,297,0,0,0,190,0,0,0,354,0,0,0,4,0,0,0,14704398940580145346,2804904171190503236,2804904171190503236,5187497559164625171,16417994307637629196,7644618128620795594,0,0,0,0,0,0,0,0,0,0,0
680,5,1151,8,10,0.045605,25238.70,0.022674,50763.20,0.017017,67640.03,0.016823,68418.76,0.023821,48319.58,0.017761,64805.44,0.033756,34097.64,0.046187,0.007511,0.014931,0.017761,0.086390,0.019748,1,117454,126844,444046,466,0,0,0,651,0,0,0,377,0,0,0,325,0,0,0,406,0,0,0,5,0,0,0,844746400795761877,16272826492372076814,16272826492372076814,7412105539746432352,11764232105071152342,13364906066550379716,0,0,0,0,0,0,0,0,0,0,0
681,5,966,8,10,0.062985,15337.07,0.028236,34211.16,0.018127,53289.89,0.024825,38912.62,0.036002,26831.74,0.021158,45657.43,0.043632,22139.67,0.063484,0.008026,0.014930,0.021158,0.107597,0.015346,1,121187,126082,428169,538,0,0,0,505,0,0,0,305,0,0,0,272,0,0,0,316,0,0,0,1,0,0,0,12026908318574784606,14512474396690406664,14512474396690406664,12517881000739081582,7644452401004325901,15449903606356360064,0,0,0,0,0,0,0,0,0,0,0
682,5,876,8,10,0.064565,13567.69,0.033570,26094.85,0.019775,44297.79,0.023554,37191.82,0.038881,22530.12,0.028568,30663.84,0.047356,18498.05,0.064790,0.007522,0.012550,0.028568,0.113430,0.012991,2,103403,109568,594838,466,0,0,0,670,0,0,0,344,0,0,0,237,0,0,0,279,0,0,0,8,0,0,0,12708494546735678618,2666453890627760836,2666453890627760836,6313932179037933854,10036310248795552023,4895043512548760834,0,0,0,0,0,0,0,0,0,0,0
683,5,878,8,10,0.045856,19146.90,0.026606,33000.13,0.021602,40643.90,0.018994,46225.53,0.028692,30600.54,0.018169,48323.94,0.038580,22758.03,0.046214,0.006441,0.012349,0.018169,0.083173,0.010630,1,96453,108538,472512,521,0,0,0,822,0,0,0,416,0,0,0,220,0,0,0,236,0,0,0,8,0,0,0,9499222096497107165,7747256803581413569,7747256803581413569,5583946065280849777,9955027675612128,16004140784012724444,0,0,0,0,0,0,0,0,0,0,0
684,5,798,8,10,0.040279,19811.58,0.021796,36612.67,0.016899,47221.75,0.019509,40903.87,0.023958,33307.89,0.019936,40028.41,0.027324,29205.22,0.040723,0.005983,0.011009,0.019936,0.077650,0.009361,1,86666,88966,378275,391,0,0,0,633,0,0,0,287,0,0,0,183,0,0,0,249,0,0,0,4,0,0,0,11941323984596771964,11941323984596771964,11941323984596771964,5871221433999546500,16350602748195095272,5667175278163101631,0,0,0,0,0,0,0,0,0,0,0
685,5,1026,8,10,0.049564,20700.41,0.027569,37215.29,0.027106,37851.48,0.020209,50769.67,0.027498,37312.24,0.018998,54004.72,0.037657,27246.04,0.049902,0.007232,0.012890,0.018998,0.089022,0.017459,1,105735,114985,561907,536,0,0,0,694,0,0,0,370,0,0,0,252,0,0,0,329,0,0,0,5,0,0,0,8470378022835082356,8628453901668000590,8628453901668000590,1530629485261556297,4348127915257492845,6400782082213673448,0,0,0,0,0,0,0,0,0,0,0
686,5,910,8,10,0.050041,18185.08,0.030918,29432.23,0.019244,47288.47,0.020777,43798.59,0.031009,29346.16,0.028661,31750.20,0.040439,22503.12,0.050353,0.006481,0.005882,0.028661,0.091378,0.011435,5,98162,104942,400503,434,0,0,0,629,0,0,0,352,0,0,0,220,0,0,0,213,0,0,0,5,0,0,0,17009309263376761094,16564237147809790814,16564237147809790814,2833733260209901652,15540907264083746284,7593026399325891575,0,0,0,0,0,0,0,0,0,0,0
687,5,827,8,10,0.056273,14696.19,0.034572,23921.14,0.026670,31008.44,0.027780,29769.29,0.036098,22909.85,0.031439,26305.30,0.041590,19884.60,0.056498,0.006016,0.008887,0.031439,0.102839,0.010815,3,99519,103264,400394,542,0,0,0,960,0,0,0,489,0,0,0,276,0,0,0,396,0,0,0,6,0,0,0,5125236066361331111,7072355237061324015,7072355237061324015,13556106744557945291,1280262449645058947,6103484213409756333,0,0,0,0,0,0,0,0,0,0,0
688,5,838,8,10,0.039073,21446.86,0.019900,42110.69,0.016260,51538.29,0.019560,42841.52,0.023059,36341.01,0.017329,48359.54,0.029905,28022.31,0.039835,0.005797,0.011632,0.017329,0.074592,0.010175,1,93707,104367,393546,529,0,0,0,697,0,0,0,456,0,0,0,310,0,0,0,332,0,0,0,10,0,0,0,1271029446547214691,17911444219110742537,17911444219110742537,3278342811534072970,10813811544224081691,5902003819811274502,0,0,0,0,0,0,0,0,0,0,0
689,5,872,8,10,0.058851,14816.97,0.027530,31674.51,0.020763,41998.66,0.022016,39608.31,0.028724,30358.07,0.021840,39925.89,0.040664,21444.11,0.059077,0.006953,0.013552,0.021840,0.101422,0.011734,1,109900,114425,849876,438,0,0,0,639,0,0,0,323,0,0,0,169,0,0,0,275,0,0,0,6,0,0,0,1923321765581988457,3874948266673978927,3874948266673978927,3924680750337757524,6625771913429240782,10220270986538685451,0,0,0,0,0,0,0,0,0,0,0
690,5,831,8,10,0.068032,12214.84,0.037822,21971.49,0.024914,33354.96,0.026375,31506.53,0.036151,22987.01,0.019615,42366.44,0.057551,14439.29,0.068635,0.006620,0.012931,0.019615,0.107801,0.011689,1,98703,104538,392834,525,0,0,0,494,0,0,0,304,0,0,0,173,0,0,0,251,0,0,0,7,0,0,0,12554190424592441761,12554190424592441761,12554190424592441761,2774910397062537550,4040772257515819584,11849607530369738294,0,0,0,0,0,0,0,0,0,0,0
691,5,930,8,10,0.067213,13836.62,0.038944,23880.17,0.032324,28770.82,0.033064,28126.92,0.041414,22456.44,0.026126,35596.96,0.058586,15874.17,0.067352,0.006730,0.012097,0.026126,0.112304,0.014265,1,99014,122874,473925,468,0,0,0,432,0,0,0,228,0,0,0,173,0,0,0,227,0,0,0,4,0,0,0,8477341540376385793,8477341540376385793,8477341540376385793,8039698830358399619,13772301625483293171,11682984084507415551,0,0,0,0,0,0,0,0,0,0,0
692,5,813,8,10,0.054015,15051.37,0.028497,28529.00,0.023123,35160.09,0.026956,30159.71,0.032057,25361.04,0.030556,26607.15,0.041357,19657.95,0.054403,0.006025,0.009922,0.030556,0.100906,0.011587,2,96909,102024,437997,505,0,0,0,681,0,0,0,344,0,0,0,217,0,0,0,251,0,0,0,10,0,0,0,10935365743622079065,5236446158920500000,5236446158920500000,4176561161256563422,15899402142679669602,14521328063419019861,0,0,0,0,0,0,0,0,0,0,0
693,5,955,8,10,0.050412,18943.76,0.026743,35710.05,0.020574,46417.84,0.024664,38720.27,0.030936,30870.61,0.025025,38162.44,0.037720,25318.45,0.050863,0.006772,0.013149,0.025025,0.095808,0.013026,1,105005,111300,540537,590,0,0,0,877,0,0,0,398,0,0,0,356,0,0,0,415,0,0,0,6,0,0,0,16744699442888955450,9641734585366503108,9641734585366503108,18014081082202509643,8798108446735946195,2742696325731031848,0,0,0,0,0,0,0,0,0,0,0
694,5,869,8,10,0.065728,13221.08,0.036105,24068.80,0.028388,30611.16,0.026074,33328.01,0.040250,21590.23,0.026968,32223.11,0.052899,16427.45,0.066413,0.006560,0.007344,0.026968,0.107285,0.011043,5,103289,111964,507490,525,0,0,0,777,0,0,0,325,0,0,0,205,0,0,0,190,0,0,0,2,0,0,0,12295213085087570338,17654400894766098524,17654400894766098524,13504031835441167190,12975345185353335111,5499845905071899845,0,0,0,0,0,0,0,0,0,0,0
695,5,695,8,10,0.040354,17222.70,0.021062,32997.80,0.016639,41770.51,0.015831,43900.05,0.021533,32275.81,0.015659,44384.80,0.029057,23918.73,0.040731,0.005133,0.010096,0.015659,0.071619,0.008183,1,82839,85509,547983,316,0,0,0,538,0,0,0,280,0,0,0,152,0,0,0,231,0,0,0,1,0,0,0,1968449757278268167,1968449757278268167,1968449757278268167,12644310892942521891,10824197372275667743,16619253268167746408,0,0,0,0,0,0,0,0,0,0,0
696,5,950,8,10,0.043769,21704.89,0.020742,45799.90,0.017254,55059.98,0.020605,46105.63,0.021785,43607.99,0.020131,47191.07,0.030030,31635.10,0.044480,0.007126,0.013304,0.020131,0.085042,0.013981,1,110902,117302,412434,537,0,0,0,684,0,0,0,330,0,0,0,204,0,0,0,368,0,0,0,8,0,0,0,17637760637760432846,17637760637760432846,17637760637760432846,14968095107245914848,14868934346669305264,14124379065653641043,0,0,0,0,0,0,0,0,0,0,0
697,5,937,8,10,0.049536,18915.70,0.028378,33018.26,0.016332,57372.20,0.020966,44691.38,0.027010,34691.45,0.022630,41404.73,0.034949,26810.47,0.049666,0.008036,0.011241,0.022630,0.091573,0.016047,2,114599,123914,542924,620,0,0,0,555,0,0,0,289,0,0,0,234,0,0,0,340,0,0,0,13,0,0,0,9764060792533773399,1878966078494205465,1878966078494205465,11449737034014321308,10778232157406985633,1175253347385105638,0,0,0,0,0,0,0,0,0,0,0
698,5,960,8,10,0.047792,20086.85,0.022332,42988.27,0.015062,63737.13,0.017315,55442.69,0.023371,41076.03,0.017945,53496.77,0.035275,27215.12,0.048319,0.007896,0.013688,0.017945,0.087848,0.013677,1,108617,112382,433331,425,0,0,0,594,0,0,0,296,0,0,0,196,0,0,0,272,0,0,0,1,0,0,0,946813526680076667,946813526680076667,946813526680076667,16368267739039914142,9220499668274269979,10310832076811682124,0,0,0,0,0,0,0,0,0,0,0
699,5,835,8,10,0.044765,18652.96,0.019930,41897.27,0.015944,52371.99,0.018542,45032.34,0.023344,35769.26,0.020812,40120.97,0.033516,24913.37,0.044947,0.006709,0.008978,0.020812,0.081446,0.012138,3,103843,115563,262274,411,0,0,0,572,0,0,0,174,0,0,0,162,0,0,0,165,0,0,0,2,0,0,0,3746100338343685694,3746100338343685694,3746100338343685694,5810456674329633096,9045548213361099848,14346895820467805865,0,0,0,0,0,0,0,0,0,0,0
700,5,1019,8,10,0.083258,12239.13,0.046615,21859.71,0.035235,28920.25,0.035308,28860.56,0.050710,20094.78,0.037175,27410.56,0.063221,16118.08,0.083837,0.008463,0.013047,0.037175,0.142522,0.016365,2,124463,131333,684759,551,0,0,0,777,0,0,0,376,0,0,0,254,0,0,0,302,0,0,0,7,0,0,0,500769349394881128,9160987596132091555,9160987596132091555,15485677557646129843,13855788600380531613,14373290494174742815,0,0,0,0,0,0,0,0,0,0,0
701,5,824,8,10,0.078606,10482.65,0.054096,15232.12,0.041415,19896.24,0.045986,17918.69,0.054927,15001.85,0.046768,17619.06,0.070061,11761.11,0.078940,0.006207,0.011830,0.046768,0.143744,0.010235,1,93273,101593,493681,482,0,0,0,592,0,0,0,292,0,0,0,218,0,0,0,309,0,0,0,2,0,0,0,13315304554465596557,11132731754917887196,11132731754917887196,5826897088818407356,1725919566018311691,18058768674919667636,0,0,0,0,0,0,0,0,0,0,0
702,5,854,8,10,0.046613,18321.22,0.026282,32493.67,0.017152,49791.30,0.019293,44265.15,0.029108,29338.89,0.019120,44665.99,0.033065,25827.70,0.047138,0.006549,0.011298,0.019120,0.084105,0.013131,2,102356,107411,286748,477,0,0,0,715,0,0,0,342,0,0,0,270,0,0,0,282,0,0,0,4,0,0,0,12079297788275752965,2712776522652841359,2712776522652841359,8236551903136677596,5014834922235209257,11155486758045814641,0,0,0,0,0,0,0,0,0,0,0
703,5,961,8,10,0.069168,13893.75,0.037830,25403.20,0.027695,34698.93,0.031300,30702.76,0.043368,22159.15,0.037152,25866.72,0.048494,19816.69,0.069526,0.007785,0.012793,0.037152,0.127256,0.016109,2,116137,123042,659631,777,0,0,0,913,0,0,0,600,0,0,0,430,0,0,0,360,0,0,0,8,0,0,0,12409685673844797364,14826113100102638459,14826113100102638459,11473370933314679149,15016920446782856115,9145456656792966240,0,0,0,0,0,0,0,0,0,0,0
704,5,910,8,10,0.060085,15145.15,0.033102,27490.71,0.022948,39654.40,0.022234,40928.93,0.034602,26298.70,0.021587,42155.09,0.048596,18725.75,0.060278,0.007329,0.011327,0.021587,0.100520,0.013614,2,110005,118910,403507,566,0,0,0,769,0,0,0,467,0,0,0,382,0,0,0,320,0,0,0,2,0,0,0,83128680450343450,83128680450343450,83128680450343450,3153242083253889775,5724468442629590020,2654999024108269273,0,0,0,0,0,0,0,0,0,0,0
705,5,746,8,10,0.046287,16116.85,0.022145,33686.45,0.015639,47700.22,0.019350,38552.31,0.025704,29022.98,0.019742,37788.14,0.033683,22147.70,0.046920,0.006399,0.010067,0.019742,0.083128,0.009213,2,96720,100610,507550,384,0,0,0,563,0,0,0,254,0,0,0,158,0,0,0,224,0,0,0,4,0,0,0,8802184754325860875,8802184754325860875,8802184754325860875,16305099244888614206,6839438466266843432,17361195499108234236,0,0,0,0,0,0,0,0,0,0,0
706,5,877,8,10,0.052033,16854.56,0.025127,34902.04,0.019717,44478.71,0.022948,38217.49,0.028017,31302.05,0.020219,43376.08,0.037178,23589.03,0.052633,0.007464,0.012315,0.020219,0.092631,0.013028,1,100810,105175,417203,454,0,0,0,686,0,0,0,567,0,0,0,316,0,0,0,334,0,0,0,7,0,0,0,5380484269058953233,4229405063042145218,4229405063042145218,15810866658761298732,3636732633556738831,6514986295269874150,0,0,0,0,0,0,0,0,0,0,0
707,5,890,8,10,0.051951,17131.44,0.019827,44889.33,0.018134,49077.84,0.021704,41006.11,0.024909,35729.72,0.022344,39830.87,0.035615,24989.29,0.052399,0.007774,0.013254,0.022344,0.095772,0.013916,1,108598,114853,433188,650,0,0,0,902,0,0,0,447,0,0,0,324,0,0,0,434,0,0,0,3,0,0,0,11587155761468584397,15737806402266637622,15737806402266637622,12259367851436711109,6358850851196643827,16418750164034251907,0,0,0,0,0,0,0,0,0,0,0
708,5,833,8,10,0.050665,16441.30,0.024968,33363.24,0.018338,45424.28,0.021404,38918.32,0.025896,32167.64,0.021349,39017.44,0.033146,25131.23,0.051215,0.006922,0.010220,0.021349,0.089707,0.011081,2,100681,104581,591202,382,0,0,0,654,0,0,0,294,0,0,0,196,0,0,0,184,0,0,0,5,0,0,0,15165587926951060006,15165587926951060006,15165587926951060006,10963426950981416638,18135928803223537158,1916579739458483724,0,0,0,0,0,0,0,0,0,0,0
709,5,1159,8,10,0.047051,24632.92,0.020006,57932.05,0.017701,65476.34,0.022101,52441.80,0.023692,48920.24,0.020334,56996.74,0.033237,34871.22,0.047607,0.008389,0.016021,0.020334,0.092352,0.020446,1,119011,134121,588077,583,0,0,0,774,0,0,0,548,0,0,0,300,0,0,0,320,0,0,0,1,0,0,0,14796070516323767318,3806981629766515417,3806981629766515417,654428537865376616,1011538193167275036,6520022709881338300,0,0,0,0,0,0,0,0,0,0,0
710,5,1088,8,10,0.053614,20293.32,0.024585,44253.98,0.020620,52764.44,0.023144,47010.13,0.025973,41889.74,0.024570,44281.52,0.043094,25247.40,0.054487,0.008093,0.007943,0.024570,0.095093,0.017184,5,121592,138182,827787,658,0,0,0,916,0,0,0,343,0,0,0,232,0,0,0,208,0,0,0,7,0,0,0,16578756718974378525,1939870462003301692,1939870462003301692,14386793381049114612,7985154984396979532,13462311361343853228,0,0,0,0,0,0,0,0,0,0,0
711,5,736,8,10,0.044944,16376.06,0.020973,35093.28,0.016996,43304.04,0.018587,39596.88,0.022514,32690.93,0.016447,44750.05,0.028476,25846.45,0.045808,0.006071,0.012225,0.016447,0.080551,0.010608,1,88771,93101,463192,392,0,0,0,603,0,0,0,258,0,0,0,223,0,0,0,276,0,0,0,1,0,0,0,14555535483955718454,14555535483955718454,14555535483955718454,12638334747355545061,13696039851121676652,6055515809658439786,0,0,0,0,0,0,0,0,0,0,0
712,5,735,8,10,0.057088,12874.77,0.030163,24367.81,0.022318,32932.54,0.020117,36536.19,0.031681,23199.75,0.019527,37641.07,0.042602,17252.56,0.057372,0.006155,0.010971,0.019527,0.094025,0.009933,1,92410,96745,535795,528,0,0,0,762,0,0,0,316,0,0,0,293,0,0,0,381,0,0,0,8,0,0,0,16313866331448536036,16032118926486253794,16032118926486253794,13150351143983670962,7425802343261369771,9112422692435550575,0,0,0,0,0,0,0,0,0,0,0
713,5,689,8,10,0.043221,15941.15,0.020846,33051.43,0.018781,36685.90,0.021875,31496.83,0.024638,27964.85,0.019437,35448.24,0.029018,23744.06,0.043472,0.005614,0.011289,0.019437,0.079812,0.007646,1,85551,87921,440893,444,0,0,0,706,0,0,0,355,0,0,0,309,0,0,0,352,0,0,0,2,0,0,0,936961062004045409,12650470431050173219,12650470431050173219,14387269690317213666,9978385780156262478,16446952690676258632,0,0,0,0,0,0,0,0,0,0,0
714,5,836,8,10,0.053682,15573.10,0.024277,34435.60,0.022725,36787.18,0.025407,32903.71,0.028911,28916.74,0.028141,29708.02,0.037411,22346.60,0.054700,0.006848,0.006410,0.028141,0.096098,0.010726,5,104723,111043,542261,468,0,0,0,676,0,0,0,527,0,0,0,302,0,0,0,285,0,0,0,3,0,0,0,18138869020896797705,15002072921402910832,15002072921402910832,382539634108604062,10710411280338263815,12205532772510424235,0,0,0,0,0,0,0,0,0,0,0
715,5,878,8,10,0.052849,16613.28,0.025719,34138.11,0.018262,48078.93,0.024400,35984.31,0.029088,30184.60,0.024306,36122.11,0.040230,21824.47,0.053717,0.006409,0.010225,0.024306,0.094657,0.010671,2,99446,107961,467702,573,0,0,0,772,0,0,0,288,0,0,0,233,0,0,0,281,0,0,0,1,0,0,0,1702449469246027632,1702449469246027632,1702449469246027632,8368095533800223059,16211147536440226170,8674981949206138568,0,0,0,0,0,0,0,0,0,0,0
716,5,744,8,10,0.039334,18914.81,0.021522,34569.96,0.014741,50470.83,0.019368,38412.99,0.025367,29329.07,0.019501,38152.82,0.027741,26819.68,0.039490,0.005989,0.010732,0.019501,0.075712,0.009805,1,88055,93625,438809,329,0,0,0,482,0,0,0,263,0,0,0,146,0,0,0,208,0,0,0,1,0,0,0,15366720111619970749,4663887581880027444,4663887581880027444,5732133007287388319,1544951628689948260,8436721323001560095,0,0,0,0,0,0,0,0,0,0,0
717,5,842,8,10,0.050615,16635.36,0.024741,34032.58,0.019152,43965.19,0.023495,35837.51,0.027641,30462.19,0.024952,33744.45,0.036575,23020.98,0.050864,0.006692,0.008892,0.024952,0.091400,0.011315,3,103866,109121,592473,500,0,0,0,776,0,0,0,388,0,0,0,223,0,0,0,283,0,0,0,6,0,0,0,11421634132724626740,9220204627185379547,9220204627185379547,7451896095592843846,2659839446775382509,3577808524466333910,0,0,0,0,0,0,0,0,0,0,0
718,5,846,8,10,0.047661,17750.32,0.022438,37704.22,0.017302,48895.60,0.020447,41374.41,0.024763,34163.47,0.023808,35533.94,0.032168,26299.50,0.048018,0.006277,0.006003,0.023808,0.084106,0.010554,5,99622,105162,327722,532,0,0,0,702,0,0,0,469,0,0,0,277,0,0,0,291,0,0,0,3,0,0,0,4136474431366876579,4136474431366876579,4136474431366876579,18055722457999542224,7004355562036208532,656388691991129053,0,0,0,0,0,0,0,0,0,0,0
719,5,801,8,10,0.044958,17816.77,0.023352,34300.88,0.017267,46390.05,0.020884,38353.88,0.025134,31869.77,0.020023,40004.32,0.030821,25988.64,0.045362,0.006343,0.012093,0.020023,0.083820,0.011103,1,94255,98610,542100,482,0,0,0,678,0,0,0,304,0,0,0,271,0,0,0,251,0,0,0,3,0,0,0,1160772534940935081,1328216023741790282,1328216023741790282,4337778803214834353,8681133882984889983,1647825139626150521,0,0,0,0,0,0,0,0,0,0,0
720,5,846,8,10,0.038474,21989.05,0.016905,50043.22,0.015215,55601.66,0.018098,46744.48,0.020273,41731.10,0.021324,39673.56,0.028104,30102.82,0.038949,0.006380,0.011779,0.021324,0.078432,0.010160,1,96944,108974,689382,412,0,0,0,604,0,0,0,279,0,0,0,206,0,0,0,250,0,0,0,6,0,0,0,3888273006315647219,5047864548664019579,5047864548664019579,10709492509182425004,18308411815749999733,14066074325480021393,0,0,0,0,0,0,0,0,0,0,0
721,5,898,8,10,0.072760,12341.88,0.056385,15926.10,0.041612,21580.56,0.047511,18900.85,0.049729,18057.96,0.048963,18340.41,0.060335,14883.57,0.073289,0.006492,0.006224,0.048963,0.134969,0.012076,5,107090,113205,488796,525,0,0,0,800,0,0,0,366,0,0,0,267,0,0,0,271,0,0,0,5,0,0,0,11139272421735595880,11139272421735595880,11139272421735595880,9730673005070358255,11188344532730154012,3071371019083517548,0,0,0,0,0,0,0,0,0,0,0
722,5,773,8,10,0.067123,11516.19,0.044833,17241.93,0.028829,26813.20,0.029809,25931.61,0.047043,16431.81,0.047296,16343.93,0.053472,14456.05,0.067886,0.006012,0.005587,0.047296,0.126781,0.009127,5,89364,92724,451961,366,0,0,0,571,0,0,0,260,0,0,0,173,0,0,0,171,0,0,0,1,0,0,0,17586768679022067141,17586768679022067141,17586768679022067141,9198320547972890001,9198320547972890001,2984049599411894456,0,0,0,0,0,0,0,0,0,0,0
723,5,889,8,10,0.064547,13772.89,0.036661,24249.19,0.025265,35187.47,0.025650,34659.35,0.035216,25244.44,0.031074,28609.36,0.046835,18981.41,0.064982,0.006511,0.006875,0.031074,0.109442,0.012778,4,101290,108035,585669,490,0,0,0,675,0,0,0,325,0,0,0,181,0,0,0,165,0,0,0,9,0,0,0,9779457081330925020,8842015903950438539,8842015903950438539,10447974929267245086,13695278339009088612,17736851791799321174,0,0,0,0,0,0,0,0,0,0,0
724,5,789,8,10,0.058294,13534.89,0.029465,26777.29,0.021115,37366.85,0.022655,34826.84,0.030766,25645.17,0.030201,26125.11,0.043930,17960.57,0.058673,0.006241,0.005996,0.030201,0.101111,0.010181,5,94573,97953,532333,440,0,0,0,595,0,0,0,370,0,0,0,258,0,0,0,290,0,0,0,6,0,0,0,18292850285578284696,7217870849126990261,7217870849126990261,11422463977264767168,969684748384900246,18339919586068218639,0,0,0,0,0,0,0,0,0,0,0
725,5,888,8,10,0.067384,13178.25,0.036112,24590.07,0.029220,30390.55,0.027850,31884.72,0.036104,24595.71,0.028328,31346.92,0.053541,16585.45,0.068202,0.006863,0.010904,0.028328,0.114296,0.011773,2,105114,116169,471676,488,0,0,0,734,0,0,0,387,0,0,0,214,0,0,0,336,0,0,0,8,0,0,0,8041028064806452943,10083198901436180361,10083198901436180361,11962161205638145584,5429606101441120860,14250238684443208847,0,0,0,0,0,0,0,0,0,0,0
726,5,786,8,10,0.033222,23659.09,0.015757,49881.15,0.013639,57628.88,0.017518,44867.30,0.019027,41310.74,0.015019,52334.51,0.023209,33866.12,0.033612,0.006216,0.011911,0.015019,0.066758,0.010220,1,92148,98048,294838,483,0,0,0,504,0,0,0,293,0,0,0,194,0,0,0,207,0,0,0,7,0,0,0,7987213436876620706,7987213436876620706,7987213436876620706,9849079518658044306,4325193609134761795,7608786923994544120,0,0,0,0,0,0,0,0,0,0,0
727,5,846,8,10,0.054174,15616.43,0.024157,35020.73,0.020897,40485.10,0.022174,38152.95,0.024862,34028.32,0.022769,37156.47,0.039447,21446.77,0.054721,0.006977,0.010395,0.022769,0.094862,0.013096,2,102476,108236,575435,532,0,0,0,731,0,0,0,296,0,0,0,262,0,0,0,263,0,0,0,10,0,0,0,13234092345367649742,3906582961113712202,3906582961113712202,9213707595026242780,1294749965955933122,7372388238360289306,0,0,0,0,0,0,0,0,0,0,0
728,5,847,8,10,0.060785,13934.46,0.029412,28797.42,0.025601,33084.05,0.023157,36576.46,0.033408,25352.89,0.025679,32984.20,0.044049,19228.58,0.061996,0.006432,0.011419,0.025679,0.105526,0.011086,2,105840,111670,564194,437,0,0,0,668,0,0,0,315,0,0,0,191,0,0,0,306,0,0,0,4,0,0,0,18076907332998962137,18076907332998962137,18076907332998962137,423879997046248179,11339642380098249100,8146713289058271256,0,0,0,0,0,0,0,0,0,0,0
729,5,801,8,10,0.064371,12443.54,0.038014,21071.32,0.032968,24296.64,0.033357,24013.20,0.036471,21962.44,0.016918,47346.99,0.050496,15862.53,0.064914,0.006089,0.011377,0.016918,0.099297,0.009079,1,90417,96332,474602,508,0,0,0,558,0,0,0,249,0,0,0,169,0,0,0,210,0,0,0,5,0,0,0,15332190616130803195,15332190616130803195,15332190616130803195,2037785646659120561,15464074032188863672,2585079986170724982,0,0,0,0,0,0,0,0,0,0,0
730,5,932,8,10,0.073732,12640.36,0.040427,23054.05,0.036775,25343.06,0.037330,24966.24,0.045197,20620.75,0.028781,32382.02,0.057548,16195.19,0.074023,0.006979,0.013316,0.028781,0.123099,0.012409,1,106693,115443,572503,520,0,0,0,753,0,0,0,444,0,0,0,320,0,0,0,445,0,0,0,5,0,0,0,5784793428994288797,2978205192760213531,2978205192760213531,16190579030011207840,10978049141482942771,7957588493934393078,0,0,0,0,0,0,0,0,0,0,0
731,5,802,8,10,0.069326,11568.56,0.038643,20753.83,0.026622,30125.57,0.026324,30466.08,0.034951,22946.54,0.017606,45552.54,0.050129,15998.63,0.070328,0.005858,0.011306,0.017606,0.105098,0.009454,1,89241,97196,461611,375,0,0,0,378,0,0,0,271,0,0,0,201,0,0,0,290,0,0,0,1,0,0,0,4521802702658836295,4521802702658836295,4521802702658836295,11546816747393077079,943417273764058345,6203188654652691594,0,0,0,0,0,0,0,0,0,0,0
732,5,890,8,10,0.069524,12801.28,0.035651,24964.10,0.025907,34353.87,0.026303,33836.25,0.035115,25345.55,0.025282,35202.85,0.054786,16244.98,0.069844,0.006605,0.009596,0.025282,0.111327,0.014591,3,97316,102456,500968,458,0,0,0,534,0,0,0,336,0,0,0,291,0,0,0,289,0,0,0,11,0,0,0,8350522814664382191,17233797870233077774,17233797870233077774,8893882813013490422,8674736588953292490,17356868286858205577,0,0,0,0,0,0,0,0,0,0,0
733,5,798,8,10,0.038019,20989.63,0.017508,45579.53,0.015133,52731.13,0.021600,36943.91,0.023017,34669.54,0.022964,34750.72,0.031743,25139.34,0.038757,0.007266,0.006276,0.022964,0.075263,0.014738,5,101653,110523,298340,617,0,0,0,699,0,0,0,268,0,0,0,192,0,0,0,227,0,0,0,2,0,0,0,5863579894490956116,8356957675583682292,8356957675583682292,11937106582839928814,18077162619462589209,4328714803348117428,0,0,0,0,0,0,0,0,0,0,0
734,5,963,8,10,0.072117,13353.32,0.039862,24158.06,0.033489,28756.03,0.033661,28608.69,0.040358,23861.16,0.026299,36616.99,0.056339,17092.92,0.072959,0.007351,0.006597,0.026299,0.113207,0.013424,5,106033,113183,701192,507,0,0,0,731,0,0,0,307,0,0,0,241,0,0,0,214,0,0,0,3,0,0,0,649049695482095552,16947230370179697558,16947230370179697558,4560810803657169815,6357288873170794569,9362760726895802682,0,0,0,0,0,0,0,0,0,0,0
735,5,838,8,10,0.062869,13329.41,0.026874,31182.48,0.018890,44361.86,0.024719,33900.79,0.031252,26814.59,0.025332,33081.26,0.049297,16998.86,0.063256,0.007271,0.013726,0.025332,0.109584,0.012645,1,108195,120125,321077,469,0,0,0,627,0,0,0,358,0,0,0,239,0,0,0,287,0,0,0,7,0,0,0,7678645886042248721,4452596879498080430,4452596879498080430,2172509761305063329,12714111722775620919,13181246598170600132,0,0,0,0,0,0,0,0,0,0,0
736,5,762,8,10,0.081976,9295.36,0.045300,16821.06,0.030649,24861.79,0.025907,29413.39,0.045663,16687.47,0.028571,26670.01,0.067106,11355.17,0.082369,0.007385,0.012642,0.028571,0.130968,0.009343,1,107465,112835,592218,497,0,0,0,781,0,0,0,289,0,0,0,143,0,0,0,327,0,0,0,1,0,0,0,9762333440542217730,13466648885128299383,13466648885128299383,12154525087477251494,10514844999901513218,14583234581374843246,0,0,0,0,0,0,0,0,0,0,0
737,5,899,8,10,0.084362,10656.44,0.042648,21079.72,0.033297,26999.25,0.042978,20917.86,0.048555,18514.90,0.021329,42149.63,0.068945,13039.39,0.085149,0.007296,0.013334,0.021329,0.127107,0.012382,1,106869,111259,401638,465,0,0,0,532,0,0,0,350,0,0,0,243,0,0,0,310,0,0,0,1,0,0,0,13331052816230539290,15248463133719927871,15248463133719927871,7951077813917718987,18069199536783690843,760504379945881509,0,0,0,0,0,0,0,0,0,0,0
738,5,816,8,10,0.091168,8950.50,0.051000,16000.01,0.032268,25288.35,0.042937,19004.60,0.049721,16411.53,0.031267,26098.00,0.075197,10851.44,0.091719,0.005881,0.009729,0.031267,0.138596,0.009806,2,90814,93749,418298,397,0,0,0,490,0,0,0,472,0,0,0,245,0,0,0,464,0,0,0,2,0,0,0,2314018640629355048,4026224788840341234,4026224788840341234,16258032313846243446,7226925639890501483,13562249966609465772,0,0,0,0,0,0,0,0,0,0,0
739,5,1063,8,10,0.068989,15408.19,0.038650,27503.48,0.032870,32339.18,0.033868,31386.53,0.039971,26594.49,0.032930,32281.08,0.055899,19016.41,0.069666,0.007396,0.006821,0.032930,0.116812,0.017913,5,110677,117532,439116,465,0,0,0,513,0,0,0,296,0,0,0,153,0,0,0,168,0,0,0,10,0,0,0,12645672472593942759,17036888030144752643,17036888030144752643,6842118659002776349,5202946956164576983,16288471613838198135,0,0,0,0,0,0,0,0,0,0,0
740,5,816,8,10,0.058341,13986.72,0.033144,24620.06,0.023905,34134.54,0.022902,35629.50,0.031077,26257.75,0.015273,53428.72,0.052209,15629.35,0.058764,0.005354,0.009758,0.015273,0.089149,0.009815,1,80197,90102,449487,347,0,0,0,399,0,0,0,161,0,0,0,135,0,0,0,87,0,0,0,5,0,0,0,385118199371952004,17846265515551449341,17846265515551449341,6664153253124729526,10092799709181040950,12679599614242106583,0,0,0,0,0,0,0,0,0,0,0
741,5,1096,8,10,0.073958,14819.31,0.035641,30751.47,0.026529,41313.97,0.028890,37936.38,0.040876,26812.47,0.068615,15973.25,0.055862,19619.83,0.074647,0.007782,0.014794,0.068615,0.165837,0.017771,1,119776,133956,484789,677,0,0,0,854,0,0,0,432,0,0,0,384,0,0,0,0,0,0,0,10,0,0,0,6792395618242485423,3236078999402824230,3236078999402824230,4683479536964076249,17345842031730608776,14036183711606779123,0,0,0,0,0,0,0,0,0,0,1
742,5,822,8,10,0.066234,12410.61,0.041409,19850.63,0.019333,42517.88,0.027341,30065.03,0.040051,20523.67,0.030338,27094.93,0.053690,15310.02,0.065037,0.005960,0.007411,0.030338,0.108745,0.009947,3,91139,95264,258491,410,0,0,0,534,0,0,0,305,0,0,0,212,0,0,0,266,0,0,0,1,0,0,0,6294198719886251200,6294198719886251200,6294198719886251200,17833707904961503286,15364797211893525026,9886864875901985785,0,0,0,0,0,0,0,0,0,0,0
743,5,955,8,10,0.093837,10177.24,0.045555,20963.67,0.031485,30331.58,0.030843,30963.38,0.044002,21703.55,0.031300,30511.66,0.069891,13664.16,0.094411,0.007732,0.015199,0.031300,0.148641,0.015761,1,116585,121950,687160,541,0,0,0,695,0,0,0,375,0,0,0,386,0,0,0,336,0,0,0,9,0,0,0,4658961562258760182,15332940064161713263,15332940064161713263,14113994589068614878,4931776079131826154,9617089157008363178,0,0,0,0,0,0,0,0,0,0,0
744,5,825,8,10,0.081678,10100.59,0.035739,23084.12,0.033827,24388.79,0.029938,27556.91,0.045751,18032.22,0.045419,18164.22,0.066100,12481.09,0.081999,0.006643,0.011919,0.045419,0.145979,0.010868,4,108628,113823,512428,451,0,0,0,775,0,0,0,336,0,0,0,182,0,0,0,184,0,0,0,7,0,0,0,10730080861034127920,5987020024173444512,5987020024173444512,9561695642445325414,1572913733756971262,3302380269023630125,0,0,0,0,0,0,0,0,0,0,0
745,5,851,8,10,0.042128,20200.13,0.018752,45381.23,0.013547,62817.24,0.016594,51285.06,0.022224,38291.19,0.017679,48137.10,0.031037,27418.81,0.042676,0.005914,0.011040,0.017679,0.077308,0.010314,1,89721,96616,352899,482,0,0,0,610,0,0,0,269,0,0,0,200,0,0,0,293,0,0,0,3,0,0,0,1508587323227666687,1508587323227666687,1508587323227666687,2870777081359373119,8529446106718517424,9640623733348423104,0,0,0,0,0,0,0,0,0,0,0
746,5,1040,8,10,0.067430,15423.35,0.028116,36989.51,0.020304,51221.05,0.024669,42157.47,0.035300,29461.42,0.032145,32353.68,0.047213,22028.05,0.067908,0.008037,0.015140,0.032145,0.123229,0.015616,1,118892,131747,466858,497,0,0,0,651,0,0,0,311,0,0,0,298,0,0,0,279,0,0,0,8,0,0,0,1066065569103857955,13067669012435528183,13067669012435528183,12890151046363368535,13128124358069037908,12108218122899814939,0,0,0,0,0,0,0,0,0,0,0
747,5,899,8,10,0.073567,12220.20,0.038819,23158.79,0.032630,27551.44,0.033050,27200.90,0.037172,24184.66,0.020118,44686.02,0.057774,15560.73,0.073591,0.007063,0.012669,0.020118,0.113441,0.012360,1,102367,108732,542645,462,0,0,0,550,0,0,0,295,0,0,0,174,0,0,0,345,0,0,0,1,0,0,0,14431528305855734459,14431528305855734459,14431528305855734459,480466061927398584,1335042773506778677,17234353491777693632,0,0,0,0,0,0,0,0,0,0,0
748,5,886,8,10,0.042146,21021.96,0.018270,48494.08,0.014685,60334.04,0.017336,51108.51,0.021067,42056.24,0.021064,42061.39,0.032145,27562.29,0.042617,0.006986,0.006183,0.021064,0.076851,0.011697,5,99057,105132,444612,433,0,0,0,603,0,0,0,262,0,0,0,189,0,0,0,177,0,0,0,0,0,0,0,15502226372242583899,12731038886827718820,12731038886827718820,14001536396672367685,9128834839224814714,14352605863535378835,0,0,0,0,0,0,0,0,0,0,0
749,5,847,8,10,0.042328,20010.42,0.021625,39167.15,0.016993,49844.99,0.016378,51716.57,0.024136,35092.97,0.024297,34859.76,0.031759,26669.70,0.042485,0.005865,0.005502,0.024297,0.078149,0.010098,5,89864,94139,455812,398,0,0,0,630,0,0,0,349,0,0,0,255,0,0,0,257,0,0,0,1,0,0,0,9055494728234517157,9055494728234517157,9055494728234517157,13247057238304427424,9142778224891058752,8243580151956210860,0,0,0,0,0,0,0,0,0,0,0
750,5,1066,8,10,0.065578,16255.49,0.027507,38754.25,0.022189,48041.03,0.026363,40435.01,0.029851,35710.27,0.025165,42361.08,0.049188,21671.89,0.065780,0.008058,0.012797,0.025165,0.111799,0.019003,2,116234,125699,463169,615,0,0,0,800,0,0,0,392,0,0,0,267,0,0,0,305,0,0,0,2,0,0,0,14704706035852400953,882760543876399373,882760543876399373,11138285258940350865,7569299735967712737,17441431337395784266,0,0,0,0,0,0,0,0,0,0,0
751,5,1000,8,10,0.061797,16182.15,0.034481,29001.88,0.025479,39248.32,0.026358,37939.73,0.036090,27708.56,0.022415,44613.83,0.050836,19671.01,0.062383,0.006464,0.012573,0.022415,0.103834,0.012994,1,99967,109192,374793,460,0,0,0,690,0,0,0,374,0,0,0,288,0,0,0,381,0,0,0,7,0,0,0,9827455522375894209,2087504570226917003,2087504570226917003,8429331224730273801,9051812388713310525,4396593186293160925,0,0,0,0,0,0,0,0,0,0,0
752,5,987,8,10,0.052232,18896.44,0.028059,35176.47,0.022947,43011.41,0.022594,43684.67,0.030588,32267.20,0.024722,39924.33,0.036113,27330.67,0.052912,0.007219,0.014140,0.024722,0.098993,0.013918,1,110116,116281,450656,442,0,0,0,811,0,0,0,408,0,0,0,240,0,0,0,424,0,0,0,1,0,0,0,4821949852270703899,4821949852270703899,4821949852270703899,9871773139446447877,2681408019043499308,9148931470545496972,0,0,0,0,0,0,0,0,0,0,0
753,5,925,8,10,0.059796,15469.39,0.032920,28098.54,0.025795,35859.88,0.024131,38332.57,0.039467,23437.20,0.023053,40124.21,0.046303,19977.25,0.060063,0.006401,0.012224,0.023053,0.101741,0.011494,1,92989,98579,491072,471,0,0,0,588,0,0,0,280,0,0,0,211,0,0,0,275,0,0,0,2,0,0,0,5619413910552294014,5619413910552294014,5619413910552294014,3799018590723300015,6146896257458507605,9884116516018705389,0,0,0,0,0,0,0,0,0,0,0
754,5,907,8,10,0.041896,21648.72,0.024446,37102.90,0.015473,58616.54,0.024576,36905.86,0.027031,33554.09,0.018902,47983.52,0.034970,25936.76,0.042262,0.006641,0.010015,0.018902,0.077820,0.012752,2,93207,110882,375744,571,0,0,0,803,0,0,0,266,0,0,0,167,0,0,0,188,0,0,0,7,0,0,0,12428440555417388161,12428440555417388161,12428440555417388161,7132496790491306930,10483573895922739810,14642460938496272915,0,0,0,0,0,0,0,0,0,0,0
755,5,1111,8,10,0.062234,17852.02,0.029072,38215.53,0.024441,45457.33,0.032011,34706.68,0.034400,32296.68,0.030447,36489.21,0.044211,25129.76,0.062746,0.008849,0.012988,0.030447,0.115030,0.018549,2,132143,140403,592023,561,0,0,0,861,0,0,0,320,0,0,0,249,0,0,0,349,0,0,0,5,0,0,0,7305962519491861119,9734313541419029038,9734313541419029038,16283215755976276980,16649704250996515193,5591185942997432032,0,0,0,0,0,0,0,0,0,0,0
756,5,916,8,10,0.056064,16338.55,0.026716,34286.69,0.023054,39733.06,0.020805,44026.83,0.029006,31579.85,0.028730,31882.86,0.039339,23285.01,0.056360,0.007043,0.006689,0.028730,0.098823,0.012144,5,105081,112531,422905,529,0,0,0,754,0,0,0,436,0,0,0,310,0,0,0,275,0,0,0,5,0,0,0,354123336800302552,354123336800302552,354123336800302552,17439945926104402911,3683848065744070805,16267223065992195492,0,0,0,0,0,0,0,0,0,0,0
757,5,1067,8,10,0.046152,23119.51,0.019636,54338.65,0.016935,63005.32,0.020663,51637.42,0.021383,49900.33,0.020761,51394.53,0.028434,37524.98,0.046346,0.007513,0.014127,0.020761,0.088747,0.017827,1,108735,115345,536170,428,0,0,0,598,0,0,0,381,0,0,0,333,0,0,0,296,0,0,0,6,0,0,0,4045654904808400742,5887799357715415180,5887799357715415180,7346530180102828385,2776779079119721528,3617859525606844118,0,0,0,0,0,0,0,0,0,0,0
758,5,919,8,10,0.072043,12756.19,0.031901,28808.19,0.026929,34126.36,0.026687,34435.84,0.034695,26488.26,0.032785,28031.47,0.052616,17466.26,0.072493,0.008241,0.012456,0.032785,0.125975,0.014812,2,119270,124760,432887,535,0,0,0,722,0,0,0,367,0,0,0,283,0,0,0,333,0,0,0,6,0,0,0,10421000465628845220,10421000465628845220,10421000465628845220,5475796006513014134,17020548996907069029,15608170006028287462,0,0,0,0,0,0,0,0,0,0,0
759,5,780,8,10,0.052005,14998.59,0.032420,24059.15,0.021803,35774.29,0.023098,33768.43,0.033121,23550.07,0.020628,37811.94,0.037612,20737.98,0.051602,0.006895,0.010234,0.020628,0.089359,0.009599,2,97306,100791,274468,488,0,0,0,733,0,0,0,429,0,0,0,271,0,0,0,306,0,0,0,2,0,0,0,17209677956942836632,17209677956942836632,17209677956942836632,6618649647615639332,7163463857656248254,5366805440031832131,0,0,0,0,0,0,0,0,0,0,0
760,5,885,8,10,0.039582,22358.81,0.019265,45938.36,0.017431,50771.59,0.018763,47167.23,0.022318,39653.44,0.019624,45098.36,0.027226,32505.76,0.040164,0.006513,0.012801,0.019624,0.079101,0.012534,1,99718,104528,391443,517,0,0,0,626,0,0,0,361,0,0,0,224,0,0,0,335,0,0,0,4,0,0,0,12729935756061319491,9550792301066441106,9550792301066441106,1460247285544005701,16533350289849175975,15515082867100886245,0,0,0,0,0,0,0,0,0,0,0
761,5,946,8,10,0.052537,18006.22,0.027468,34440.54,0.023136,40889.50,0.026400,35833.90,0.028896,32738.19,0.025095,37696.49,0.036912,25628.25,0.053104,0.007785,0.013497,0.025095,0.099482,0.012932,1,113748,123058,698061,635,0,0,0,952,0,0,0,357,0,0,0,317,0,0,0,386,0,0,0,3,0,0,0,7254780491909130171,7254780491909130171,7254780491909130171,1838912474599855796,602332124820157247,4557744722340922982,0,0,0,0,0,0,0,0,0,0,0
762,5,864,8,10,0.047056,18361.06,0.025615,33730.75,0.019151,45114.94,0.021629,39945.49,0.026277,32879.87,0.022169,38973.78,0.033998,25413.04,0.047642,0.006710,0.012649,0.022169,0.089170,0.011313,1,97194,105789,445089,425,0,0,0,576,0,0,0,281,0,0,0,259,0,0,0,326,0,0,0,1,0,0,0,11175395150503965892,17641755294826461353,17641755294826461353,1122150133069306213,1955422836261262070,6260126269243735123,0,0,0,0,0,0,0,0,0,0,0
763,5,841,8,10,0.054319,15482.52,0.021408,39284.48,0.016614,50620.18,0.022900,36724.17,0.024843,33852.00,0.022638,37149.27,0.034832,24144.27,0.054605,0.007885,0.014353,0.022638,0.099481,0.010881,1,113909,117714,533527,417,0,0,0,578,0,0,0,384,0,0,0,209,0,0,0,357,0,0,0,3,0,0,0,6478579461577731332,4656294482819395645,4656294482819395645,9388999646183954907,10684761343775743979,8227786410074956084,0,0,0,0,0,0,0,0,0,0,0
764,5,880,8,10,0.039876,22068.68,0.020762,42384.42,0.018669,47136.29,0.021987,40023.00,0.022419,39252.54,0.021857,40261.14,0.028538,30836.00,0.040221,0.007336,0.013503,0.021857,0.082918,0.011880,1,110674,118389,431364,625,0,0,0,935,0,0,0,362,0,0,0,271,0,0,0,350,0,0,0,2,0,0,0,411162719720258441,309361757459855891,309361757459855891,4173646342558192097,15751084867580099426,11813911677808355673,0,0,0,0,0,0,0,0,0,0,0
765,5,892,8,10,0.045157,19753.37,0.018432,48392.92,0.015780,56527.48,0.020220,44114.40,0.022229,40127.99,0.020143,44283.87,0.030249,29488.43,0.045630,0.007629,0.014121,0.020143,0.087522,0.013842,1,112984,118749,490403,454,0,0,0,569,0,0,0,286,0,0,0,145,0,0,0,272,0,0,0,5,0,0,0,8231641204040621994,13877986796417555652,13877986796417555652,8650988966666983842,2330115542241835886,14649417908685242447,0,0,0,0,0,0,0,0,0,0,0
766,5,822,8,10,0.050900,16149.25,0.031504,26092.12,0.019211,42788.49,0.025806,31853.24,0.031766,25877.02,0.024924,32979.76,0.036489,22527.35,0.052679,0.005589,0.009143,0.024924,0.092335,0.011630,2,94905,100275,285444,459,0,0,0,751,0,0,0,380,0,0,0,269,0,0,0,357,0,0,0,5,0,0,0,10628616920641157807,2491893026096709352,2491893026096709352,14406923142336165460,10446279604084186314,15041633183405076336,0,0,0,0,0,0,0,0,0,0,0
767,5,1013,8,10,0.053140,19062.74,0.028410,35656.44,0.020782,48744.93,0.021076,48063.22,0.028786,35190.99,0.020742,48839.07,0.038082,26600.28,0.053512,0.007856,0.015685,0.020742,0.097795,0.019286,1,122373,134673,622892,679,0,0,0,847,0,0,0,468,0,0,0,382,0,0,0,420,0,0,0,5,0,0,0,7043506616827394101,7043506616827394101,7043506616827394101,14033558505205244793,1112860838924307651,12735853102854878900,0,0,0,0,0,0,0,0,0,0,0
768,5,669,8,10,0.043485,15384.68,0.022362,29917.25,0.018403,36352.87,0.019570,34185.25,0.026600,25150.46,0.022363,29915.97,0.032392,20653.51,0.043693,0.005383,0.010190,0.022363,0.081629,0.008056,2,84820,87695,256633,360,0,0,0,551,0,0,0,262,0,0,0,176,0,0,0,326,0,0,0,4,0,0,0,11881485332915939989,11881485332915939989,11881485332915939989,17034309109679856055,815540715619013947,12295847305967873394,0,0,0,0,0,0,0,0,0,0,0
769,5,1312,8,10,0.048825,26871.21,0.022033,59547.76,0.020659,63508.51,0.025378,51698.34,0.026770,49009.89,0.026015,50433.08,0.034680,37831.84,0.049302,0.009536,0.015456,0.026015,0.100308,0.023889,2,137513,149128,631059,648,0,0,0,1044,0,0,0,582,0,0,0,305,0,0,0,447,0,0,0,6,0,0,0,13437749106071335521,3909451391808945120,3909451391808945120,17689467814605622806,1632624585332793476,15911205980842586035,0,0,0,0,0,0,0,0,0,0,0
770,5,1035,8,10,0.038798,26676.64,0.017282,59890.28,0.015626,66235.71,0.018691,55375.36,0.019122,54126.80,0.019760,52378.34,0.026302,39350.50,0.039398,0.007215,0.006513,0.019760,0.072887,0.014680,5,110595,118820,485157,500,0,0,0,667,0,0,0,348,0,0,0,170,0,0,0,198,0,0,0,3,0,0,0,5003577490397390102,16724404943694971524,16724404943694971524,10202680495141440292,8277528036357055019,10936025780134781833,0,0,0,0,0,0,0,0,0,0,0
771,5,850,8,10,0.058624,14499.30,0.025895,32824.84,0.021485,39562.70,0.019475,43645.69,0.025346,33535.62,0.018401,46192.99,0.042627,19940.59,0.059055,0.006729,0.012175,0.018401,0.096361,0.013205,1,98325,102930,506463,392,0,0,0,453,0,0,0,261,0,0,0,171,0,0,0,227,0,0,0,3,0,0,0,2770282885414405558,2770282885414405558,2770282885414405558,12691046389791419467,4185972686679259700,10155694324547042123,0,0,0,0,0,0,0,0,0,0,0
772,5,1058,8,10,0.045345,23332.11,0.018451,57339.65,0.016442,64345.76,0.020887,50653.90,0.022022,48041.87,0.020336,52025.12,0.033388,31688.26,0.045852,0.007805,0.007132,0.020336,0.081125,0.015298,5,116498,130153,471869,484,0,0,0,667,0,0,0,319,0,0,0,230,0,0,0,200,0,0,0,2,0,0,0,1933604110844911083,8696184693603041719,8696184693603041719,6662335037002107456,3393052076210914234,16353194187083607378,0,0,0,0,0,0,0,0,0,0,0
773,5,849,8,10,0.048379,17549.02,0.024393,34805.11,0.016668,50935.95,0.019739,43011.06,0.026289,32294.55,0.019503,43531.79,0.035078,24203.15,0.048954,0.006634,0.012976,0.019503,0.088066,0.010734,1,104038,107888,478905,478,0,0,0,667,0,0,0,324,0,0,0,192,0,0,0,256,0,0,0,2,0,0,0,2231949269504339065,2231949269504339065,2231949269504339065,18296793432046447287,11686234490371172943,387896497144812132,0,0,0,0,0,0,0,0,0,0,0
774,5,887,8,10,0.046451,19095.30,0.023170,38282.44,0.014860,59688.80,0.018108,48984.70,0.025615,34627.77,0.019043,46579.11,0.036875,24053.99,0.046802,0.007179,0.010441,0.019043,0.083465,0.017004,2,106113,112673,264571,472,0,0,0,590,0,0,0,284,0,0,0,192,0,0,0,254,0,0,0,6,0,0,0,9750849696946610183,10842016810597301922,10842016810597301922,16712725474782424657,10580223938062637328,17537634959735345877,0,0,0,0,0,0,0,0,0,0,0
775,5,963,8,10,0.044984,21407.59,0.019278,49954.25,0.017463,55145.03,0.025348,37991.34,0.027116,35514.72,0.024078,39995.12,0.031950,30141.04,0.045340,0.007795,0.014368,0.024078,0.091581,0.013740,1,115189,122544,661100,491,0,0,0,710,0,0,0,401,0,0,0,189,0,0,0,266,0,0,0,6,0,0,0,12432295606243309976,15855992116771806347,15855992116771806347,9633446371186330285,13534434085429923753,9309659063661135407,0,0,0,0,0,0,0,0,0,0,0
776,5,679,8,10,0.030540,22232.82,0.014435,47037.87,0.013135,51692.67,0.017054,39815.11,0.018174,37360.16,0.017040,39847.12,0.021699,31291.36,0.030689,0.005383,0.004889,0.017040,0.058001,0.007965,5,79130,83260,319674,286,0,0,0,463,0,0,0,239,0,0,0,184,0,0,0,181,0,0,0,0,0,0,0,11323028852871196388,11323028852871196388,11323028852871196388,1806530119563863110,11174327494025717810,7683092120427982935,0,0,0,0,0,0,0,0,0,0,0
777,5,1085,8,10,0.070804,15323.93,0.029901,36286.26,0.026128,41526.67,0.030198,35929.57,0.036223,29953.59,0.029495,36786.22,0.052942,20494.11,0.073256,0.009983,0.018804,0.029495,0.131538,0.018135,1,146518,155878,635351,657,0,0,0,991,0,0,0,387,0,0,0,312,0,0,0,284,0,0,0,13,0,0,0,5512091949585999287,14776446139890153233,14776446139890153233,15830620303007048478,1103293161594945433,9458869497961724454,0,0,0,0,0,0,0,0,0,0,0
778,5,1173,8,10,0.050068,23428.21,0.027258,43033.32,0.017872,65632.36,0.024300,48272.49,0.030578,38361.16,0.023768,49351.63,0.049629,23635.52,0.051263,0.008989,0.013874,0.023768,0.097894,0.019186,2,123176,168956,431228,862,0,0,0,961,0,0,0,269,0,0,0,256,0,0,0,293,0,0,0,6,0,0,0,1835724377544985840,1835724377544985840,1835724377544985840,4224210618154232856,15006394398619048017,12905254114629099453,0,0,0,0,0,0,0,0,0,0,0
779,5,1278,8,10,0.044935,28441.03,0.022313,57277.10,0.019733,64763.00,0.023435,54533.49,0.024561,52034.54,0.021511,59410.37,0.047315,27010.38,0.045832,0.008011,0.014781,0.021511,0.090136,0.019490,1,117123,192328,466683,1140,0,0,0,1338,0,0,0,305,0,0,0,280,0,0,0,384,0,0,0,5,0,0,0,15305695292403770471,12305402298692558265,12305402298692558265,61307070297932437,14877674722067952297,5267771593922135888,0,0,0,0,0,0,0,0,0,0,0
780,5,1357,8,10,0.047725,28433.66,0.024997,54285.69,0.015517,87453.45,0.017661,76835.28,0.024949,54391.28,0.018903,71789.10,0.050343,26955.20,0.048355,0.008750,0.015280,0.018903,0.091288,0.023838,1,123352,209707,469213,1002,0,0,0,970,0,0,0,268,0,0,0,214,0,0,0,253,0,0,0,2,0,0,0,10774139490207237961,10774139490207237961,10774139490207237961,4112926722283270851,10048057639978027432,5078032972869353867,0,0,0,0,0,0,0,0,0,0,0
781,5,957,8,10,0.049925,19168.68,0.027256,35112.00,0.017524,54609.39,0.019708,48558.80,0.028458,33628.88,0.018634,51357.30,0.037910,25243.98,0.050174,0.007517,0.015013,0.018634,0.091338,0.016439,1,114754,125494,554471,634,0,0,0,762,0,0,0,515,0,0,0,227,0,0,0,267,0,0,0,7,0,0,0,17331164338583748264,8990811534214808602,8990811534214808602,13299037308867934437,16920011172019158865,10379425217797625372,0,0,0,0,0,0,0,0,0,0,0
782,5,906,8,10,0.048138,18820.84,0.023148,39138.67,0.017564,51582.93,0.020797,43564.95,0.030155,30044.96,0.020060,45164.05,0.032995,27458.92,0.048463,0.007219,0.012433,0.020060,0.088176,0.011988,1,103865,108870,273840,503,0,0,0,589,0,0,0,345,0,0,0,262,0,0,0,314,0,0,0,5,0,0,0,14108268872340408520,1120688104690511246,1120688104690511246,4134766493458390294,17337104072364910101,13921278398717227561,0,0,0,0,0,0,0,0,0,0,0
783,5,973,8,10,0.050256,19360.94,0.029754,32701.07,0.028244,34450.22,0.030448,31955.86,0.031526,30863.06,0.022624,43008.14,0.037691,25815.00,0.050504,0.007175,0.011494,0.022624,0.091797,0.015326,2,110758,122878,531302,547,0,0,0,847,0,0,0,355,0,0,0,324,0,0,0,315,0,0,0,3,0,0,0,17655584582023145120,17655584582023145120,17655584582023145120,14142564477815693062,4135311031755845285,4797219615716607883,0,0,0,0,0,0,0,0,0,0,0
784,5,877,8,10,0.064163,13668.27,0.030751,28519.27,0.020165,43491.31,0.022532,38922.77,0.031076,28221.53,0.030786,28487.16,0.047260,18556.81,0.064898,0.006961,0.012938,0.030786,0.115582,0.015388,1,107259,111674,417979,602,0,0,0,877,0,0,0,512,0,0,0,379,0,0,0,380,0,0,0,6,0,0,0,9477152601784043733,16737866346085335388,16737866346085335388,13517523191391947585,12106230308380367212,2609507239319499215,0,0,0,0,0,0,0,0,0,0,0
785,5,861,8,10,0.054474,15805.70,0.030175,28533.71,0.025050,34371.85,0.023318,36924.37,0.030210,28500.79,0.017216,50010.59,0.040221,21406.84,0.054896,0.006380,0.012056,0.017216,0.090549,0.012917,1,94538,99403,506541,439,0,0,0,591,0,0,0,314,0,0,0,316,0,0,0,368,0,0,0,0,0,0,0,2455790945406774623,15955986355890461755,15955986355890461755,12926217486013921801,1226621393720822140,12449746181955847101,0,0,0,0,0,0,0,0,0,0,0
786,5,1118,8,10,0.036562,30578.61,0.018999,58844.92,0.017674,63257.39,0.022025,50760.00,0.023710,47152.90,0.024210,46178.92,0.025929,43118.09,0.036927,0.007649,0.007091,0.024210,0.075877,0.018381,5,106646,111366,404388,454,0,0,0,664,0,0,0,312,0,0,0,247,0,0,0,274,0,0,0,1,0,0,0,8699613251852524519,4232160578286535877,4232160578286535877,12739106943171624895,3555111185688500994,2944295540404174391,0,0,0,0,0,0,0,0,0,0,0
787,5,871,8,10,0.046315,18806.20,0.023597,36912.00,0.017556,49611.54,0.019899,43771.22,0.024756,35183.99,0.019400,44897.31,0.030729,28344.41,0.046601,0.007124,0.014351,0.019400,0.087476,0.014534,1,112644,118964,495992,545,0,0,0,644,0,0,0,358,0,0,0,231,0,0,0,246,0,0,0,2,0,0,0,17442192536135354251,10476613259151395172,10476613259151395172,15771638054255651374,11197286395176700908,1390156306818961576,0,0,0,0,0,0,0,0,0,0,0
788,5,897,8,10,0.046504,19288.64,0.023423,38295.32,0.016906,53059.49,0.021003,42708.41,0.027363,32781.86,0.020845,43032.52,0.036474,24592.65,0.046983,0.007526,0.015217,0.020845,0.090571,0.011570,1,120322,133657,439717,464,0,0,0,604,0,0,0,238,0,0,0,153,0,0,0,232,0,0,0,3,0,0,0,10868265083015599688,16856334805114130139,16856334805114130139,11925072734964568164,1646621511177792680,16732748867974479592,0,0,0,0,0,0,0,0,0,0,0
789,5,792,8,10,0.040824,19400.14,0.019000,41684.29,0.017935,44159.21,0.023407,33836.75,0.025375,31211.33,0.024603,32190.92,0.028975,27334.27,0.041108,0.006171,0.005967,0.024603,0.077850,0.010429,5,100529,104329,360146,440,0,0,0,733,0,0,0,318,0,0,0,225,0,0,0,193,0,0,0,2,0,0,0,10500167469842698654,15995148665775130459,15995148665775130459,1914104184247634308,10755432370560047471,16640068703199640110,0,0,0,0,0,0,0,0,0,0,0
790,5,1101,8,10,0.055797,19732.41,0.026540,41485.22,0.017026,64667.02,0.025513,43154.48,0.030207,36448.88,0.025235,43629.85,0.040893,26923.82,0.056340,0.007752,0.015427,0.025235,0.104755,0.017256,1,120652,128602,475267,502,0,0,0,627,0,0,0,295,0,0,0,208,0,0,0,243,0,0,0,9,0,0,0,15542037887327809499,15542037887327809499,15542037887327809499,17515192659510572404,11541950186718773904,14634550611566017068,0,0,0,0,0,0,0,0,0,0,0
791,5,832,8,10,0.052750,15772.45,0.031365,26526.73,0.024717,33661.59,0.020912,39786.25,0.029571,28135.95,0.021628,38468.12,0.037997,21896.41,0.053038,0.007015,0.012105,0.021628,0.093787,0.011978,1,100706,104381,527512,569,0,0,0,779,0,0,0,343,0,0,0,296,0,0,0,323,0,0,0,5,0,0,0,14846374761013139242,16473593370104319411,16473593370104319411,2141876698597429489,703267584924070679,12974272507580614952,0,0,0,0,0,0,0,0,0,0,0
792,5,825,8,10,0.035839,23019.66,0.018709,44096.72,0.014149,58309.85,0.015211,54237.76,0.020547,40151.55,0.015973,51648.83,0.025774,32009.09,0.036089,0.006110,0.010953,0.015973,0.069126,0.014248,1,87527,94057,251739,475,0,0,0,495,0,0,0,265,0,0,0,152,0,0,0,189,0,0,0,5,0,0,0,5566175471066095410,6393749748009135985,6393749748009135985,7040286258935512422,7062009395190395301,12536314102591187151,0,0,0,0,0,0,0,0,0,0,0
793,5,1000,8,10,0.044287,22580.04,0.021411,46705.85,0.020653,48419.49,0.023828,41967.56,0.025977,38496.12,0.024662,40548.25,0.032268,30990.78,0.044991,0.007435,0.011640,0.024662,0.088728,0.013666,2,110672,122152,690852,446,0,0,0,778,0,0,0,305,0,0,0,248,0,0,0,317,0,0,0,5,0,0,0,6619567403541623397,6619567403541623397,6619567403541623397,13996710946232074035,14443092573898525013,12885355475325952538,0,0,0,0,0,0,0,0,0,0,0
794,5,784,8,10,0.033353,23505.91,0.018598,42155.00,0.017301,45314.83,0.019646,39906.16,0.020374,38480.98,0.017953,43669.65,0.022912,34218.03,0.033803,0.006246,0.011872,0.017953,0.069874,0.010452,1,93694,97024,251642,410,0,0,0,683,0,0,0,348,0,0,0,182,0,0,0,239,0,0,0,2,0,0,0,105072638196801498,105072638196801498,105072638196801498,11929819654275139073,6044502638547811462,8159584228060807288,0,0,0,0,0,0,0,0,0,0,0
795,5,896,8,10,0.048152,18607.85,0.023319,38423.02,0.019932,44952.00,0.021546,41585.15,0.028214,31757.37,0.023273,38500.20,0.031876,28109.21,0.048900,0.007425,0.013340,0.023273,0.092937,0.014191,1,109311,116336,537935,629,0,0,0,891,0,0,0,385,0,0,0,302,0,0,0,411,0,0,0,2,0,0,0,150432184047805092,17438838572319765340,17438838572319765340,678818906830935212,9577637915143482715,4091968085947838666,0,0,0,0,0,0,0,0,0,0,0
796,5,879,8,10,0.052768,16657.82,0.029799,29497.98,0.020727,42407.69,0.022173,39643.47,0.032588,26973.23,0.026790,32811.07,0.040528,21688.59,0.052864,0.006718,0.010090,0.026790,0.096462,0.011847,2,100502,106537,627247,622,0,0,0,916,0,0,0,357,0,0,0,319,0,0,0,368,0,0,0,0,0,0,0,7038451339974846376,9991159583028225283,9991159583028225283,12135370233487743687,17085896196395900615,6857873587880564241,0,0,0,0,0,0,0,0,0,0,0
797,5,881,8,10,0.042657,20653.28,0.020111,43807.06,0.018566,47452.31,0.022181,39718.43,0.023227,37929.20,0.022356,39407.42,0.028743,30650.46,0.042963,0.007122,0.014605,0.022356,0.087046,0.011619,1,113303,117453,418979,594,0,0,0,890,0,0,0,370,0,0,0,321,0,0,0,271,0,0,0,5,0,0,0,12046832983389402317,8897508984364138652,8897508984364138652,5383367226619173815,10164870954809194271,13231975841415557351,0,0,0,0,0,0,0,0,0,0,0
798,5,1010,8,10,0.039427,25616.70,0.019174,52676.25,0.017619,57323.85,0.021091,47887.83,0.023019,43877.54,0.022045,45816.01,0.036074,27998.23,0.039842,0.006990,0.006338,0.022045,0.075215,0.015488,5,103685,121565,510013,724,0,0,0,960,0,0,0,290,0,0,0,210,0,0,0,217,0,0,0,11,0,0,0,3607088250818469862,15903184526569204937,15903184526569204937,1792442215690909035,16585795030246718122,10328977869079468250,0,0,0,0,0,0,0,0,0,0,0
799,5,1061,8,10,0.049616,21384.40,0.025502,41603.82,0.022657,46829.34,0.022138,47926.47,0.027600,38442.50,0.021836,48588.45,0.036225,29289.09,0.050195,0.008540,0.015226,0.021836,0.095797,0.016800,1,117068,129553,425711,412,0,0,0,687,0,0,0,344,0,0,0,198,0,0,0,289,0,0,0,3,0,0,0,6011199357386493538,4027711576939624914,4027711576939624914,14456060960242616851,16167220020749062932,18297984099267497350,0,0,0,0,0,0,0,0,0,0,0
800,5,1000,8,10,0.042820,23353.32,0.022875,43715.03,0.021698,46087.79,0.020363,49109.38,0.023067,43351.59,0.020821,48027.32,0.032531,30739.72,0.043526,0.007145,0.014599,0.020821,0.086092,0.017981,1,112545,120030,525238,632,0,0,0,758,0,0,0,489,0,0,0,303,0,0,0,358,0,0,0,7,0,0,0,3146588548450083488,7012400609170936291,7012400609170936291,4068185273721669210,10064818872770646272,7438008743168437960,0,0,0,0,0,0,0,0,0,0,0
801,5,923,8,10,0.039370,23444.14,0.021222,43492.13,0.016541,55799.62,0.019422,47522.38,0.023312,39593.25,0.020299,45470.11,0.029545,31240.81,0.039763,0.006949,0.012035,0.020299,0.079046,0.012468,1,99938,105663,316038,541,0,0,0,810,0,0,0,285,0,0,0,188,0,0,0,252,0,0,0,8,0,0,0,8822384481342492274,1784114589798279186,1784114589798279186,2608971520338525456,9842596944098548592,6647777248199827560,0,0,0,0,0,0,0,0,0,0,0
802,5,797,8,10,0.052530,15172.28,0.028310,28152.12,0.022720,35078.94,0.020431,39010.02,0.029016,27467.21,0.019850,40150.49,0.037183,21434.70,0.053023,0.006005,0.011854,0.019850,0.090732,0.009595,1,96084,99544,563806,427,0,0,0,598,0,0,0,279,0,0,0,241,0,0,0,250,0,0,0,3,0,0,0,11095044050962533443,8741483602803326249,8741483602803326249,871630430719448982,2060861962041514173,18147579355004544164,0,0,0,0,0,0,0,0,0,0,0
803,5,866,8,10,0.051943,16672.13,0.025540,33907.23,0.015640,55371.30,0.017962,48211.66,0.027663,31305.05,0.017053,50782.50,0.037690,22976.64,0.052356,0.006448,0.012055,0.017053,0.087912,0.010785,1,93890,99390,492279,483,0,0,0,586,0,0,0,333,0,0,0,242,0,0,0,297,0,0,0,4,0,0,0,9996176122000686226,5456890333234893766,5456890333234893766,5335128422037383497,2518412487902562875,4777546831764022950,0,0,0,0,0,0,0,0,0,0,0
804,5,854,8,10,0.043958,19427.81,0.022615,37762.61,0.016334,52284.12,0.019484,43831.63,0.023565,36240.09,0.025499,33491.06,0.036575,23349.47,0.044279,0.006032,0.006858,0.025499,0.082668,0.011525,4,92415,104545,367752,390,0,0,0,624,0,0,0,323,0,0,0,203,0,0,0,247,0,0,0,10,0,0,0,17768534702647625672,9116413626849255464,9116413626849255464,3427937624811295121,2948008083436106881,2696311341130106734,0,0,0,0,0,0,0,0,0,0,0
805,5,879,8,10,0.056569,15538.54,0.034322,25610.34,0.025095,35026.31,0.024412,36006.41,0.035862,24510.52,0.034635,25378.77,0.044753,19641.13,0.057083,0.006175,0.006690,0.034635,0.104584,0.011312,4,96268,103588,263352,540,0,0,0,665,0,0,0,301,0,0,0,235,0,0,0,210,0,0,0,1,0,0,0,16145748659207092111,3643361515021519441,3643361515021519441,10440353106309996469,11963575302691668249,9183234558771901547,0,0,0,0,0,0,0,0,0,0,0
806,5,1058,8,10,0.078681,13446.77,0.052213,20263.07,0.044232,23919.35,0.043996,24047.51,0.054489,19416.70,0.049102,21547.14,0.064793,16328.93,0.079213,0.007709,0.013900,0.049102,0.149923,0.018981,1,116848,125513,581982,566,0,0,0,812,0,0,0,313,0,0,0,231,0,0,0,323,0,0,0,8,0,0,0,2333199600248852681,5834672748584427428,5834672748584427428,15926212375996337112,7994584488422536202,2621029977117125656,0,0,0,0,0,0,0,0,0,0,0
807,5,1036,8,10,0.056158,18448.05,0.024252,42718.90,0.022544,45954.30,0.028222,36709.06,0.030958,33464.96,0.027356,37871.63,0.042922,24137.06,0.056448,0.008548,0.015651,0.027356,0.108003,0.017145,1,128372,137832,711719,653,0,0,0,974,0,0,0,471,0,0,0,241,0,0,0,428,0,0,0,23,0,0,0,10193272724360426495,10193272724360426495,10193272724360426495,796238680123667937,5625103617760195466,14327407285941038814,0,0,0,0,0,0,0,0,0,0,0
808,5,881,8,10,0.047774,18440.84,0.020487,43002.66,0.014786,59583.94,0.021081,41791.34,0.023016,38277.00,0.022308,39492.22,0.038480,22894.84,0.047713,0.006429,0.011120,0.022308,0.087570,0.012743,2,98565,108540,410738,471,0,0,0,639,0,0,0,198,0,0,0,160,0,0,0,212,0,0,0,3,0,0,0,9403526703346917527,943042700077271723,943042700077271723,2606485252452284536,14687600641434771669,4535920361041163960,0,0,0,0,0,0,0,0,0,0,0
809,5,1004,8,10,0.048260,20804.06,0.025506,39362.72,0.020394,49230.19,0.020888,48065.64,0.027569,36417.36,0.021012,47783.27,0.034193,29362.73,0.048578,0.008071,0.015343,0.021012,0.093003,0.016470,1,119484,129499,542698,586,0,0,0,769,0,0,0,388,0,0,0,290,0,0,0,400,0,0,0,12,0,0,0,263957292619029740,10220370084543969975,10220370084543969975,5971627437005586344,900193760709448953,4504625649406015543,0,0,0,0,0,0,0,0,0,0,0
810,5,919,8,10,0.066262,13869.17,0.032533,28248.21,0.028563,32174.65,0.025337,36271.49,0.035474,25906.66,0.024464,37565.75,0.051663,17788.32,0.066593,0.007513,0.013529,0.024464,0.112099,0.012399,1,113305,118150,514890,408,0,0,0,566,0,0,0,319,0,0,0,222,0,0,0,370,0,0,0,10,0,0,0,16773354714150901991,7707557673765995836,7707557673765995836,1356367043318740654,1689881294072590418,6106058096644444115,0,0,0,0,0,0,0,0,0,0,0
811,5,864,8,10,0.037937,22774.41,0.022314,38720.84,0.021618,39966.47,0.023704,36449.93,0.028312,30517.48,0.025057,34481.83,0.028877,29920.48,0.038190,0.006497,0.009946,0.025057,0.079689,0.010806,2,106881,110931,300397,615,0,0,0,951,0,0,0,415,0,0,0,296,0,0,0,367,0,0,0,8,0,0,0,11933836428920666632,15197991118435215257,15197991118435215257,14265483714373068076,1376585746418450961,8241337474506343946,0,0,0,0,0,0,0,0,0,0,0
812,5,978,8,10,0.057076,17135.02,0.029204,33488.92,0.023344,41895.90,0.034010,28756.13,0.035576,27490.21,0.032825,29794.39,0.040719,24018.38,0.057533,0.008320,0.012634,0.032825,0.111312,0.015408,2,124625,132140,691175,622,0,0,0,920,0,0,0,485,0,0,0,297,0,0,0,327,0,0,0,13,0,0,0,8619650028529450289,11050508547110632920,11050508547110632920,16543353871038068267,1388480140486716234,2462785423323016917,0,0,0,0,0,0,0,0,0,0,0
813,5,891,8,10,0.045900,19411.84,0.019686,45260.31,0.016986,52455.06,0.020047,44446.11,0.025023,35606.82,0.021819,40835.05,0.033722,26421.87,0.046407,0.007183,0.011087,0.021819,0.086497,0.011429,2,109038,114463,288553,477,0,0,0,696,0,0,0,244,0,0,0,183,0,0,0,235,0,0,0,5,0,0,0,1491649868725886350,1491649868725886350,1491649868725886350,3269746683203237513,1820606763467397586,3572093966272852401,0,0,0,0,0,0,0,0,0,0,0
814,5,911,8,10,0.053313,17087.87,0.024339,37430.35,0.017419,52298.64,0.019236,47359.36,0.028799,31632.55,0.019414,46924.09,0.041553,21923.66,0.053873,0.006701,0.012412,0.019414,0.092401,0.011949,1,99206,108101,483485,262,0,0,0,399,0,0,0,264,0,0,0,106,0,0,0,153,0,0,0,2,0,0,0,14248681710935339780,8578085861258062989,8578085861258062989,3327099134306153319,8163842148162570642,2358813860706145242,0,0,0,0,0,0,0,0,0,0,0
815,5,847,8,10,0.041527,20396.35,0.020636,41045.27,0.015634,54177.79,0.018992,44596.62,0.023163,36567.40,0.023021,36792.30,0.028597,29618.37,0.041713,0.006169,0.005864,0.023021,0.076767,0.010428,5,95487,98802,379803,422,0,0,0,699,0,0,0,378,0,0,0,181,0,0,0,172,0,0,0,1,0,0,0,596456058444119562,2802339830998779438,2802339830998779438,14498073105726866149,17199127784341024621,16302484724219656368,0,0,0,0,0,0,0,0,0,0,0
816,5,881,8,10,0.057915,15212.02,0.032805,26855.79,0.026126,33720.56,0.027364,32195.42,0.032432,27164.40,0.018610,47339.69,0.042921,20526.19,0.057886,0.006114,0.012255,0.018610,0.094866,0.011068,1,96372,100762,393601,454,0,0,0,736,0,0,0,338,0,0,0,208,0,0,0,365,0,0,0,1,0,0,0,4148295246308968524,16060116198719174196,16060116198719174196,11578027966156684420,10176469829321657710,1376462425818933364,0,0,0,0,0,0,0,0,0,0,0
817,5,853,8,10,0.052158,16354.09,0.030630,27848.12,0.023543,36230.85,0.031013,27504.46,0.033734,25285.82,0.027443,31083.17,0.038932,21910.16,0.052416,0.006572,0.007773,0.027443,0.094204,0.011471,4,104320,110935,647344,630,0,0,0,851,0,0,0,388,0,0,0,237,0,0,0,253,0,0,0,6,0,0,0,17308008388533085057,9673759106480202749,9673759106480202749,2650930428029464208,14197634559259417107,10896860909788376058,0,0,0,0,0,0,0,0,0,0,0
818,5,879,8,10,0.048470,18135.05,0.020902,42054.33,0.016308,53901.45,0.017775,49450.80,0.022642,38821.53,0.021723,40463.36,0.031878,27573.47,0.048833,0.006582,0.007157,0.021723,0.084295,0.011535,4,96032,99427,578159,394,0,0,0,525,0,0,0,384,0,0,0,202,0,0,0,192,0,0,0,4,0,0,0,5906552061151848892,2770973391472167506,2770973391472167506,2909816266726316670,12427020730389322679,16712808832262496110,0,0,0,0,0,0,0,0,0,0,0
819,5,927,8,10,0.060599,15297.21,0.031558,29374.65,0.023422,39578.93,0.028411,32628.21,0.038518,24066.94,0.029280,31660.22,0.050119,18496.07,0.061211,0.007868,0.015645,0.029280,0.114003,0.013377,1,121978,134433,399732,647,0,0,0,911,0,0,0,368,0,0,0,272,0,0,0,273,0,0,0,11,0,0,0,15504925251574811202,15504925251574811202,15504925251574811202,16540074643291203292,12698559410589564430,865642312640229049,0,0,0,0,0,0,0,0,0,0,0
820,5,1046,8,10,0.049947,20942.08,0.024510,42676.28,0.019747,52969.06,0.022574,46335.84,0.026425,39583.29,0.021315,49073.41,0.036525,28638.03,0.050279,0.008351,0.015437,0.021315,0.095381,0.017657,1,119881,134941,430836,476,0,0,0,811,0,0,0,395,0,0,0,314,0,0,0,376,0,0,0,6,0,0,0,4545099461373998405,1382461966865082555,1382461966865082555,18023509622998507766,2150729923181615435,14613416850655348707,0,0,0,0,0,0,0,0,0,0,0
821,5,1076,8,10,0.067550,15928.93,0.035154,30608.24,0.026306,40903.68,0.029432,36558.56,0.037641,28585.60,0.026517,40577.67,0.061797,17411.82,0.068214,0.007829,0.009357,0.026517,0.111916,0.016558,3,120991,148276,634182,642,0,0,0,719,0,0,0,326,0,0,0,204,0,0,0,211,0,0,0,6,0,0,0,4462123593572858735,4462123593572858735,4462123593572858735,3385966767929630033,8931665122208126709,250868601257188712,0,0,0,0,0,0,0,0,0,0,0
822,5,679,8,10,0.027597,24603.94,0.014391,47181.31,0.013421,50590.51,0.015163,44781.10,0.016242,41806.05,0.015317,44328.80,0.021351,31802.32,0.027659,0.004668,0.006538,0.015317,0.054182,0.007418,2,71512,76952,326259,383,0,0,0,588,0,0,0,273,0,0,0,126,0,0,0,224,0,0,0,1,0,0,0,18386192094082055764,11747876911973501384,11747876911973501384,17345918455482886872,15945879651577720151,7360784919086783520,0,0,0,0,0,0,0,0,0,0,0
823,5,1151,8,10,0.060511,19021.32,0.027137,42413.73,0.020016,57504.86,0.024777,46454.53,0.029561,38936.04,0.023645,48677.69,0.047494,24234.58,0.060878,0.008966,0.012947,0.023645,0.106436,0.018125,2,125156,131721,607182,518,0,0,0,845,0,0,0,504,0,0,0,297,0,0,0,406,0,0,0,5,0,0,0,12325022842215465610,5343147784736144306,5343147784736144306,3842663273598538875,1862409497211274584,17703352693045705603,0,0,0,0,0,0,0,0,0,0,0
824,5,973,8,10,0.037161,26183.27,0.015026,64753.09,0.013623,71422.76,0.017811,54628.47,0.018590,52340.96,0.017566,55390.65,0.025012,38900.90,0.037649,0.006619,0.012326,0.017566,0.074160,0.012172,1,102802,108022,424862,408,0,0,0,711,0,0,0,549,0,0,0,364,0,0,0,570,0,0,0,5,0,0,0,2454481383210531655,16263165333507838245,16263165333507838245,13806299158644809979,1144499789572566701,4183363850294488882,0,0,0,0,0,0,0,0,0,0,0
825,5,933,8,10,0.046418,20100.02,0.024322,38359.98,0.021723,42949.06,0.019254,48457.45,0.027997,33324.93,0.019157,48701.94,0.034269,27225.87,0.046521,0.006293,0.012186,0.019157,0.084156,0.012087,1,98324,105829,499524,459,0,0,0,693,0,0,0,337,0,0,0,262,0,0,0,428,0,0,0,8,0,0,0,12800488062629311458,12800488062629311458,12800488062629311458,5286379296642275215,2473962464230737101,4614675001209669822,0,0,0,0,0,0,0,0,0,0,0
826,5,812,8,10,0.027870,29135.25,0.016927,47969.79,0.015083,53836.02,0.016597,48925.34,0.018511,43866.45,0.018425,44070.32,0.019000,42735.83,0.028186,0.005635,0.007071,0.018425,0.059316,0.010990,3,85002,89727,250545,608,0,0,0,838,0,0,0,427,0,0,0,335,0,0,0,318,0,0,0,3,0,0,0,13682164530876382916,16219947336924970663,16219947336924970663,17144955327223142630,17787294970119831387,5814861779566124851,0,0,0,0,0,0,0,0,0,0,0
827,5,907,8,10,0.066465,13646.31,0.039457,22986.82,0.032831,27626.70,0.033575,27013.79,0.041247,21989.51,0.022297,40677.62,0.050436,17983.01,0.067245,0.007146,0.012292,0.022297,0.108980,0.011872,1,100096,103776,494806,574,0,0,0,932,0,0,0,472,0,0,0,382,0,0,0,469,0,0,0,4,0,0,0,17735171361025248886,11814547594872115107,11814547594872115107,5955251205330799008,860052368169462152,3464226812186724677,0,0,0,0,0,0,0,0,0,0,0
828,5,947,8,10,0.099836,9485.57,0.045716,20714.65,0.027321,34662.50,0.053326,17758.73,0.057743,16400.30,0.029147,32490.81,0.077481,12222.30,0.099953,0.007950,0.012587,0.029147,0.149637,0.013869,1,103774,108154,558937,501,0,0,0,462,0,0,0,409,0,0,0,273,0,0,0,301,0,0,0,4,0,0,0,7422882294537129075,7315240041705468698,7315240041705468698,17039957862202712031,5921951333221061733,2105859698729607241,0,0,0,0,0,0,0,0,0,0,0
829,5,915,8,10,0.054114,16908.61,0.028578,32017.94,0.018537,49361.14,0.019563,46771.62,0.029460,31059.24,0.021135,43292.89,0.039117,23391.44,0.054516,0.007245,0.013070,0.021135,0.095967,0.012851,1,112275,119255,414075,626,0,0,0,802,0,0,0,355,0,0,0,293,0,0,0,358,0,0,0,1,0,0,0,8521042765507989933,8942173743718492288,8942173743718492288,15328268442149746944,13824418575431148660,9425185455386177516,0,0,0,0,0,0,0,0,0,0,0
830,5,867,8,10,0.071488,12127.97,0.034659,25014.99,0.026385,32859.67,0.030319,28595.50,0.037848,22907.57,0.037999,22816.33,0.059390,14598.42,0.071988,0.006247,0.005895,0.037999,0.122129,0.010710,5,97148,105548,525925,373,0,0,0,594,0,0,0,350,0,0,0,194,0,0,0,204,0,0,0,3,0,0,0,11895813468239310778,8235224300115018918,8235224300115018918,1854357116752874771,4566644678570043294,308046232388884678,0,0,0,0,0,0,0,0,0,0,0
831,5,798,8,10,0.052994,15058.40,0.030904,25821.67,0.024617,32417.20,0.025087,31809.60,0.030099,26512.70,0.015332,52049.09,0.042992,18561.52,0.053328,0.005646,0.010768,0.015332,0.085075,0.009496,1,83600,87420,362733,345,0,0,0,402,0,0,0,276,0,0,0,148,0,0,0,200,0,0,0,3,0,0,0,9771454741360778958,814616839712624483,814616839712624483,3852585946304152219,17261321650075162989,1586958163162650413,0,0,0,0,0,0,0,0,0,0,0
832,5,981,8,10,0.055705,17610.67,0.029954,32750.63,0.021443,45750.22,0.024251,40451.40,0.033213,29536.63,0.025250,38851.81,0.045686,21472.83,0.056245,0.007216,0.013414,0.025250,0.102125,0.014351,1,111585,122055,409366,606,0,0,0,920,0,0,0,381,0,0,0,358,0,0,0,399,0,0,0,5,0,0,0,14453809645578753618,2605278230484265732,2605278230484265732,18075780741629644300,15664961178317785531,8486752271846409703,0,0,0,0,0,0,0,0,0,0,0
833,5,940,8,10,0.065910,14261.81,0.033167,28341.59,0.025298,37156.67,0.026483,35494.16,0.032907,28565.08,0.024908,37738.56,0.048711,19297.36,0.066649,0.007343,0.010934,0.024908,0.109834,0.012724,2,109874,115114,441763,536,0,0,0,816,0,0,0,388,0,0,0,305,0,0,0,342,0,0,0,3,0,0,0,17435585635929629312,3734766813750941440,3734766813750941440,8960843603156120113,8235473143030248905,707234877444377192,0,0,0,0,0,0,0,0,0,0,0
834,5,1146,8,10,0.055643,20595.52,0.028114,40763.28,0.025505,44931.60,0.021712,52782.24,0.027620,41491.71,0.020449,56042.48,0.043362,26428.60,0.056840,0.007588,0.013408,0.020449,0.098284,0.016802,1,108620,125510,525786,620,0,0,0,884,0,0,0,566,0,0,0,302,0,0,0,459,0,0,0,4,0,0,0,1899472444085179319,16358481909149791663,16358481909149791663,755035929451555892,15378665338883975544,7611335830002848353,0,0,0,0,0,0,0,0,0,0,0
835,5,1078,8,10,0.054926,19626.50,0.030659,35161.22,0.023369,46129.74,0.024048,44826.98,0.032083,33600.37,0.026603,40521.38,0.046576,23144.80,0.055437,0.007672,0.011789,0.026603,0.101502,0.015602,2,116773,136673,511938,707,0,0,0,1140,0,0,0,565,0,0,0,380,0,0,0,466,0,0,0,14,0,0,0,16434159840592577293,16434159840592577293,16434159840592577293,11429178942306307694,3219859649120742231,11058438926872611054,0,0,0,0,0,0,0,0,0,0,0
836,5,900,8,10,0.066464,13541.23,0.038284,23508.62,0.028699,31359.53,0.029339,30675.57,0.038566,23336.71,0.038932,23116.97,0.053082,16954.89,0.067009,0.006891,0.012619,0.038932,0.125453,0.014120,1,110064,118059,420299,1015,0,0,0,1136,0,0,0,673,0,0,0,421,0,0,0,717,0,0,0,7,0,0,0,13623571260598427506,17236614496673614593,17236614496673614593,4421910709017612848,13347220208610495426,15429994272076504666,0,0,0,0,0,0,0,0,0,0,0
837,5,915,8,10,0.054203,16880.97,0.029694,30813.94,0.021864,41848.99,0.028306,32325.39,0.038240,23928.03,0.035872,25507.22,0.049116,18629.18,0.054618,0.006593,0.012080,0.035872,0.109162,0.013036,1,105889,121789,356670,678,0,0,0,905,0,0,0,325,0,0,0,248,0,0,0,412,0,0,0,6,0,0,0,17798341310293468010,17798341310293468010,17798341310293468010,5488019748461196510,816282442802494588,13066699145957278432,0,0,0,0,0,0,0,0,0,0,0
838,5,1237,8,10,0.051106,24204.43,0.030982,39926.96,0.024007,51526.67,0.024689,50102.68,0.032875,37627.26,0.028249,43789.31,0.053606,23075.65,0.051796,0.008007,0.008559,0.028249,0.096611,0.018425,4,118661,200531,539098,1356,0,0,0,1634,0,0,0,570,0,0,0,395,0,0,0,372,0,0,0,6,0,0,0,5895550345193338955,15381464229129452226,15381464229129452226,12793353619199047144,5681754285304864560,14553405390384832025,0,0,0,0,0,0,0,0,0,0,0
839,5,1158,8,10,0.061181,18927.50,0.037051,31254.09,0.025723,45017.49,0.026323,43991.82,0.035294,32810.51,0.020614,56176.43,0.061100,18952.63,0.061588,0.007709,0.013730,0.020614,0.103640,0.017640,1,117734,177184,419903,1066,0,0,0,899,0,0,0,330,0,0,0,235,0,0,0,267,0,0,0,5,0,0,0,11774761563316028767,11774761563316028767,11774761563316028767,2443113800425292662,2685964446202226260,5031016412289941637,0,0,0,0,0,0,0,0,0,0,0
840,5,936,8,10,0.057678,16228.01,0.034628,27030.18,0.031607,29614.02,0.032513,28788.38,0.034452,27168.20,0.030045,31153.02,0.049306,18983.47,0.058193,0.006695,0.006126,0.030045,0.101059,0.012423,5,102238,115203,351279,564,0,0,0,878,0,0,0,472,0,0,0,296,0,0,0,273,0,0,0,9,0,0,0,17978020952544310401,15304818885779065611,15304818885779065611,16372017030526063312,1265018511463574505,841213120870578513,0,0,0,0,0,0,0,0,0,0,0
841,5,894,8,10,0.071055,12581.78,0.043407,20595.68,0.034134,26191.01,0.035077,25486.88,0.043643,20484.55,0.036443,24531.69,0.055969,15973.16,0.071404,0.007411,0.007560,0.036443,0.122817,0.012333,4,108464,114064,457478,771,0,0,0,1197,0,0,0,683,0,0,0,403,0,0,0,410,0,0,0,5,0,0,0,9854186633061595224,10926655778034286268,10926655778034286268,1724308398122877554,7018599580484777782,12836129210426257256,0,0,0,0,0,0,0,0,0,0,0
842,5,930,8,10,0.056083,16582.60,0.031993,29069.18,0.021474,43308.30,0.025401,36613.28,0.033855,27469.70,0.028455,32683.51,0.044010,21131.53,0.057138,0.006778,0.011486,0.028455,0.103856,0.014567,2,107733,114723,533014,638,0,0,0,956,0,0,0,500,0,0,0,338,0,0,0,434,0,0,0,7,0,0,0,2282562058000960827,17620852552346912729,17620852552346912729,674186854730801708,7012354109845487141,15882288647324777308,0,0,0,0,0,0,0,0,0,0,0
843,5,831,8,10,0.071263,11660.98,0.040737,20399.00,0.027526,30189.73,0.037455,22186.83,0.041019,20258.77,0.033085,25117.24,0.058106,14301.44,0.071722,0.007190,0.008420,0.033085,0.120417,0.010835,4,101125,106600,405788,618,0,0,0,814,0,0,0,399,0,0,0,318,0,0,0,280,0,0,0,7,0,0,0,11304317892851720764,16462222343143899718,16462222343143899718,17295927719717030185,15782647415499168410,6549891752319158980,0,0,0,0,0,0,0,0,0,0,0
844,5,973,8,10,0.056436,17240.80,0.031201,31185.19,0.019527,49829.38,0.022463,43315.19,0.030829,31561.43,0.027176,35803.79,0.047390,20531.96,0.057044,0.006927,0.006590,0.027176,0.097737,0.016201,4,103399,118204,626081,715,0,0,0,861,0,0,0,336,0,0,0,364,0,0,0,362,0,0,0,14,0,0,0,15938420638000497511,17106235289206589209,17106235289206589209,12055411781832430745,1362509249063863688,15358752397998430106,0,0,0,0,0,0,0,0,0,0,0
845,5,794,8,10,0.059593,13323.78,0.033653,23593.66,0.027066,29335.45,0.028172,28183.56,0.031616,25113.72,0.030455,26071.30,0.045629,17401.08,0.060093,0.005896,0.006545,0.030455,0.102989,0.009642,4,92616,97711,344492,508,0,0,0,747,0,0,0,309,0,0,0,222,0,0,0,212,0,0,0,5,0,0,0,5837350460886164516,12254567103184891869,12254567103184891869,13973297113960342292,2222783290536469805,4934875897346344015,0,0,0,0,0,0,0,0,0,0,0
846,5,961,8,10,0.043432,22126.70,0.023513,40871.43,0.017545,54773.21,0.022093,43497.34,0.029071,33057.54,0.024607,39054.55,0.035704,26915.95,0.043973,0.006379,0.012137,0.024607,0.087095,0.012566,1,99874,114254,466190,507,0,0,0,722,0,0,0,303,0,0,0,270,0,0,0,403,0,0,0,7,0,0,0,9932865613003305009,9932865613003305009,9932865613003305009,1347595303463511355,18254594025055826728,8537516317624815622,0,0,0,0,0,0,0,0,0,0,0
847,5,898,8,10,0.058221,15423.99,0.031444,28559.03,0.023004,39037.31,0.025966,34584.35,0.036997,24272.53,0.025837,34756.88,0.047379,18953.47,0.058829,0.007157,0.013514,0.025837,0.105337,0.011926,1,106032,112912,501386,721,0,0,0,983,0,0,0,377,0,0,0,293,0,0,0,286,0,0,0,6,0,0,0,12578915620702014676,13071116403070752452,13071116403070752452,18223734155434892628,2351204782065473087,17916656607395960800,0,0,0,0,0,0,0,0,0,0,0
848,5,891,8,10,0.068044,13094.48,0.037471,23778.61,0.024882,35808.98,0.034526,25806.34,0.042300,21063.83,0.038022,23433.51,0.063619,14005.26,0.069478,0.007892,0.013805,0.038022,0.129198,0.013825,1,128606,160811,573321,627,0,0,0,830,0,0,0,390,0,0,0,346,0,0,0,451,0,0,0,10,0,0,0,18405195679861558584,18064620379462362444,18064620379462362444,16451697844225282151,6397311573709959527,11637025435869948783,0,0,0,0,0,0,0,0,0,0,0
849,5,1033,8,10,0.071176,14513.39,0.040336,25609.72,0.033161,31151.12,0.033485,30849.95,0.040199,25697.43,0.020165,51227.46,0.056953,18137.85,0.072538,0.008546,0.016035,0.020165,0.117284,0.014966,1,122149,131099,558017,634,0,0,0,659,0,0,0,368,0,0,0,239,0,0,0,393,0,0,0,12,0,0,0,17630462942404657478,17630462942404657478,17630462942404657478,17594582930992974293,4909431160060185484,16021077007488972452,0,0,0,0,0,0,0,0,0,0,0
850,5,1051,8,10,0.068812,15273.43,0.032552,32286.70,0.025479,41249.48,0.031626,33232.25,0.034969,30055.25,0.032780,32062.71,0.048858,21511.13,0.069562,0.007711,0.014746,0.032780,0.124799,0.016904,1,120172,129102,548213,617,0,0,0,859,0,0,0,471,0,0,0,345,0,0,0,379,0,0,0,5,0,0,0,9357412001208058690,13500301132324296731,13500301132324296731,15549551718243404454,14157581559605096464,16284921358257185648,0,0,0,0,0,0,0,0,0,0,0
851,5,907,8,10,0.065527,13841.72,0.034786,26074.03,0.025155,36056.83,0.026086,34768.96,0.034640,26183.32,0.026788,33857.88,0.055148,16446.54,0.066204,0.007434,0.011373,0.026788,0.111799,0.011947,2,107429,120349,556398,655,0,0,0,976,0,0,0,450,0,0,0,244,0,0,0,315,0,0,0,15,0,0,0,11117782595535431503,13909868745911885958,13909868745911885958,13645129286950399734,10656037506320804873,169512419476531820,0,0,0,0,0,0,0,0,0,0,0
852,5,824,8,10,0.064064,12862.04,0.033797,24380.70,0.027392,30081.78,0.028185,29235.50,0.033202,24818.10,0.029226,28194.43,0.053883,15292.29,0.064528,0.006835,0.009125,0.029226,0.109713,0.010905,3,103316,110541,504554,499,0,0,0,919,0,0,0,495,0,0,0,230,0,0,0,307,0,0,0,9,0,0,0,5793653190139576707,5793653190139576707,5793653190139576707,3949121699043098370,11746317028382630683,13810687361073489717,0,0,0,0,0,0,0,0,0,0,0
853,5,839,8,10,0.036528,22968.48,0.018049,46485.61,0.014255,58855.62,0.015052,55740.24,0.019276,43526.38,0.014300,58669.41,0.031729,26442.47,0.037087,0.005781,0.010823,0.014300,0.067992,0.011939,1,85922,98037,237865,331,0,0,0,361,0,0,0,263,0,0,0,175,0,0,0,196,0,0,0,10,0,0,0,14129971687360742887,4122193396959116945,4122193396959116945,5875515243647027251,7329261311932168330,3840978945297966545,0,0,0,0,0,0,0,0,0,0,0
854,5,1111,8,10,0.039675,28002.67,0.022980,48347.28,0.021791,50984.43,0.024542,45268.85,0.025549,43485.79,0.024757,44877.07,0.029949,37096.26,0.040213,0.007579,0.007965,0.024757,0.080513,0.020051,4,116742,141577,316504,752,0,0,0,992,0,0,0,582,0,0,0,353,0,0,0,373,0,0,0,7,0,0,0,13210673696567486767,11336272146607263636,11336272146607263636,6846144941406578778,1489779141406203904,4732940870934477067,0,0,0,0,0,0,0,0,0,0,0
855,5,1014,8,10,0.077797,13033.91,0.039489,25677.90,0.029549,34316.35,0.029656,34191.77,0.038656,26231.34,0.027241,37223.81,0.061637,16451.16,0.078392,0.008346,0.015694,0.027241,0.129673,0.016500,1,126254,135789,1011891,803,0,0,0,795,0,0,0,640,0,0,0,422,0,0,0,339,0,0,0,5,0,0,0,1985128811744979368,16419314389189386449,16419314389189386449,12079674290623073217,13539586640349663744,7663152224492361036,0,0,0,0,0,0,0,0,0,0,0
856,5,1056,8,10,0.069565,15179.96,0.034584,30534.04,0.025947,40698.28,0.028975,36445.81,0.035342,29879.50,0.032461,32531.64,0.054700,19305.38,0.070633,0.007443,0.008826,0.032461,0.119363,0.015668,4,119069,134639,521978,694,0,0,0,964,0,0,0,571,0,0,0,421,0,0,0,395,0,0,0,7,0,0,0,18224326572236743438,6986351931695962763,6986351931695962763,11975443586439254838,1976701778342828163,15074369187322715177,0,0,0,0,0,0,0,0,0,0,0
857,5,1198,8,10,0.063627,18828.38,0.035306,33932.08,0.025963,46142.22,0.026820,44668.49,0.037135,32260.75,0.026807,44689.39,0.057461,20849.02,0.064740,0.007434,0.007003,0.026807,0.105985,0.018205,5,117931,176606,561575,1143,0,0,0,1088,0,0,0,633,0,0,0,381,0,0,0,299,0,0,0,6,0,0,0,282510821453296017,282510821453296017,282510821453296017,12060411576502093414,3161598083674666022,6476141418339729075,0,0,0,0,0,0,0,0,0,0,0
858,5,1180,8,10,0.041457,28463.26,0.024397,48367.10,0.020942,56346.32,0.018504,63771.33,0.025415,46428.79,0.018842,62624.85,0.037565,31412.43,0.041941,0.007232,0.009560,0.018842,0.077575,0.018083,3,109676,156196,591743,968,0,0,0,1087,0,0,0,351,0,0,0,207,0,0,0,201,0,0,0,3,0,0,0,11840154677303417149,7959743342731204538,7959743342731204538,3699866224372337181,14496857526180754778,8489505874710651265,0,0,0,0,0,0,0,0,0,0,0
859,5,1057,8,10,0.058388,18103.18,0.033292,31749.71,0.026555,39803.46,0.027355,38640.49,0.033629,31431.52,0.017233,61335.71,0.045726,23116.03,0.059074,0.006864,0.013551,0.017233,0.096722,0.014647,1,109796,119101,764472,499,0,0,0,678,0,0,0,387,0,0,0,298,0,0,0,341,0,0,0,1,0,0,0,863940333710277443,863940333710277443,863940333710277443,17363547277844223317,15536154321867646237,1353883876587736755,0,0,0,0,0,0,0,0,0,0,0
860,5,909,8,10,0.054863,16568.48,0.031777,28605.61,0.024955,36425.91,0.025274,35965.73,0.032895,27633.02,0.017819,51011.59,0.047280,19225.70,0.055232,0.006372,0.012012,0.017819,0.091436,0.012034,1,95137,108142,492571,459,0,0,0,592,0,0,0,428,0,0,0,204,0,0,0,278,0,0,0,7,0,0,0,8694516139857594935,14282852606351269817,14282852606351269817,908439435570460380,7636226982429891066,367159913763263551,0,0,0,0,0,0,0,0,0,0,0
861,5,862,8,10,0.052713,16352.80,0.032723,26342.28,0.022678,38010.67,0.023755,36287.55,0.033407,25802.70,0.024446,35260.90,0.046503,18536.49,0.052953,0.005791,0.010807,0.024446,0.093998,0.012682,1,89564,103309,513654,565,0,0,0,778,0,0,0,350,0,0,0,206,0,0,0,251,0,0,0,9,0,0,0,4342251921196387318,4342251921196387318,4342251921196387318,17706236997668917333,17381065019235452368,14837879994905544774,0,0,0,0,0,0,0,0,0,0,0
862,5,918,8,10,0.068069,13486.34,0.033322,27549.77,0.024872,36908.85,0.026015,35286.91,0.037513,24471.43,0.021561,42575.95,0.049177,18667.24,0.068785,0.006463,0.013230,0.021561,0.110040,0.014628,1,104217,109832,540754,423,0,0,0,579,0,0,0,326,0,0,0,251,0,0,0,389,0,0,0,8,0,0,0,6993024957080409154,10903401469975474231,10903401469975474231,1616666840735027228,13173514783431381734,1785753259385180151,0,0,0,0,0,0,0,0,0,0,0
863,5,767,8,10,0.065367,11733.69,0.030070,25507.20,0.017963,42698.28,0.025082,30579.49,0.030689,24992.53,0.026763,28658.47,0.050835,15087.96,0.065589,0.006774,0.010310,0.026763,0.109437,0.009215,2,101019,104719,687860,281,0,0,0,378,0,0,0,278,0,0,0,116,0,0,0,170,0,0,0,2,0,0,0,2087494586580279757,11634674876073015725,11634674876073015725,16608360896996398261,606056850867744501,1002331817337778381,0,0,0,0,0,0,0,0,0,0,0
864,5,972,8,10,0.112143,8667.54,0.084165,11548.74,0.054183,17939.21,0.076925,12635.71,0.073447,13234.07,0.072117,13478.16,0.097178,10002.27,0.112748,0.007930,0.008294,0.072117,0.201089,0.017271,4,120673,129533,842944,543,0,0,0,772,0,0,0,403,0,0,0,316,0,0,0,327,0,0,0,10,0,0,0,10762323324669327502,10762323324669327502,10762323324669327502,13816870578312055031,15274595088351519705,5993182144642744164,0,0,0,0,0,0,0,0,0,0,0
865,5,812,8,10,0.064307,12626.93,0.037826,21466.91,0.032383,25074.94,0.032972,24626.64,0.035720,22732.13,0.026978,30098.86,0.051148,15875.58,0.064925,0.006154,0.005650,0.026978,0.103707,0.011408,5,93634,98309,426539,472,0,0,0,568,0,0,0,266,0,0,0,203,0,0,0,241,0,0,0,5,0,0,0,14085429731257403086,14085429731257403086,14085429731257403086,5975027545367832796,8852624277738144150,894101325805912169,0,0,0,0,0,0,0,0,0,0,0
866,5,834,8,10,0.083408,9999.10,0.040573,20555.43,0.024907,33483.95,0.029962,27835.17,0.043028,19382.94,0.023494,35498.65,0.063561,13121.23,0.083623,0.006631,0.012696,0.023494,0.126443,0.012467,1,95693,99573,668154,322,0,0,0,232,0,0,0,320,0,0,0,210,0,0,0,296,0,0,0,8,0,0,0,9107806607673433778,17298588635083014315,17298588635083014315,10923123526828738960,17326028670120940922,767886230923207117,0,0,0,0,0,0,0,0,0,0,0
867,5,722,8,10,0.066255,10897.34,0.039060,18484.48,0.024931,28960.37,0.025035,28839.59,0.037512,19247.26,0.018080,39933.81,0.054521,13242.57,0.066558,0.005671,0.010507,0.018080,0.100816,0.008549,1,81390,91355,485915,313,0,0,0,286,0,0,0,307,0,0,0,164,0,0,0,219,0,0,0,7,0,0,0,16647843383918388631,3315411886908837401,3315411886908837401,5038321072942931069,3139451188040065727,9375408544069646997,0,0,0,0,0,0,0,0,0,0,0
868,5,854,8,10,0.089001,9595.36,0.051558,16563.77,0.033893,25196.91,0.033193,25728.68,0.047420,18009.39,0.035325,24175.62,0.071922,11873.90,0.087839,0.006835,0.006385,0.035325,0.136384,0.011068,5,98323,101363,547726,375,0,0,0,344,0,0,0,297,0,0,0,170,0,0,0,166,0,0,0,10,0,0,0,53064860805932953,848559839028383510,848559839028383510,3868969649136785575,9169718304433949924,6973347281491431317,0,0,0,0,0,0,0,0,0,0,0
869,5,953,8,10,0.059998,15883.98,0.032447,29370.94,0.021570,44182.13,0.024122,39507.89,0.034997,27231.02,0.021890,43536.41,0.047911,19890.96,0.060534,0.007505,0.013929,0.021890,0.103857,0.014521,1,109643,117553,542668,530,0,0,0,893,0,0,0,337,0,0,0,241,0,0,0,284,0,0,0,5,0,0,0,13551521925614903239,8965010823061796771,8965010823061796771,10109248873393801102,1506846693821891126,5230480274821162232,0,0,0,0,0,0,0,0,0,0,0
870,5,853,8,10,0.060275,14151.71,0.031000,27516.44,0.022990,37103.23,0.022661,37642.33,0.046592,18307.71,0.045532,18734.17,0.046944,18170.69,0.061036,0.006631,0.008642,0.045532,0.121840,0.011797,5,99177,104517,644923,408,0,0,0,462,0,0,0,243,0,0,0,151,0,0,0,145,0,0,0,2,0,0,0,12489375538748922266,12489375538748922266,12489375538748922266,1484578362194080395,1199358624866007343,11980942320929206882,0,0,0,0,0,0,0,0,0,0,0
871,5,850,8,10,0.061771,13760.55,0.026615,31936.78,0.021098,40288.26,0.019647,43263.12,0.027391,31032.51,0.024940,34082.14,0.044180,19239.32,0.062441,0.006813,0.010947,0.024940,0.105141,0.012409,2,92962,96967,663551,428,0,0,0,587,0,0,0,334,0,0,0,256,0,0,0,278,0,0,0,2,0,0,0,4533657180610974068,4533657180610974068,4533657180610974068,12396532269380046422,8987177598109842146,17749345861255365212,0,0,0,0,0,0,0,0,0,0,0
872,5,1034,8,10,0.106398,9718.25,0.046598,22189.94,0.035676,28982.94,0.033041,31294.58,0.046960,22018.88,0.043627,23700.71,0.074680,13845.68,0.107369,0.007943,0.009640,0.043627,0.168578,0.015207,3,116431,126186,623536,516,0,0,0,547,0,0,0,577,0,0,0,363,0,0,0,357,0,0,0,6,0,0,0,3982984123820748563,17112351450580839638,17112351450580839638,1336795627026594856,2262330828876463029,1302238625425351328,0,0,0,0,0,0,0,0,0,0,0
873,5,733,8,10,0.061854,11850.43,0.037924,19328.36,0.031943,22946.89,0.032177,22780.57,0.035925,20403.63,0.018104,40488.92,0.048791,15023.14,0.062224,0.005501,0.010180,0.018104,0.096009,0.007823,1,80368,83573,742150,297,0,0,0,392,0,0,0,159,0,0,0,93,0,0,0,146,0,0,0,0,0,0,0,3237922230332224990,5823462070269849072,5823462070269849072,9740236291227431845,17989924297484737355,5255910357099680524,0,0,0,0,0,0,0,0,0,0,0
874,5,1019,8,10,0.064982,15681.31,0.038278,26621.21,0.025622,39771.27,0.024299,41935.03,0.039700,25667.80,0.034273,29731.43,0.050182,20306.10,0.065483,0.008011,0.007163,0.034273,0.114931,0.015993,5,120405,128595,721843,644,0,0,0,807,0,0,0,435,0,0,0,286,0,0,0,251,0,0,0,6,0,0,0,18000402218213252171,18000402218213252171,18000402218213252171,17794191413677812546,14841495353950369525,17058734548895956257,0,0,0,0,0,0,0,0,0,0,0
875,5,810,8,10,0.041687,19430.50,0.025697,31521.70,0.014451,56052.87,0.018241,44406.49,0.027735,29204.72,0.027528,29424.27,0.035467,22838.32,0.042131,0.005873,0.005275,0.027528,0.080807,0.010767,5,87766,95611,398968,356,0,0,0,448,0,0,0,238,0,0,0,115,0,0,0,131,0,0,0,2,0,0,0,9952426139948988819,17602977284047933200,17602977284047933200,7047429910257935705,8211694436524176176,17529708232554777490,0,0,0,0,0,0,0,0,0,0,0
876,5,914,8,10,0.046877,19497.69,0.021744,42034.71,0.021133,43250.21,0.026202,34883.23,0.026031,35111.83,0.025285,36148.27,0.034919,26175.05,0.047209,0.007458,0.013907,0.025285,0.093859,0.015836,1,110692,120702,710350,657,0,0,0,802,0,0,0,288,0,0,0,250,0,0,0,278,0,0,0,10,0,0,0,10650705315187787557,9381045219006833099,9381045219006833099,7926883303128335768,15892819958396249204,2253828819597878097,0,0,0,0,0,0,0,0,0,0,0
877,5,889,8,10,0.049479,17967.06,0.027070,32840.81,0.021573,41208.42,0.021058,42217.48,0.026751,33232.50,0.024079,36919.79,0.038295,23214.40,0.049945,0.006434,0.012282,0.024079,0.092740,0.013221,1,96579,106944,642369,494,0,0,0,632,0,0,0,262,0,0,0,171,0,0,0,271,0,0,0,2,0,0,0,16905302153784790433,16905302153784790433,16905302153784790433,17218642120604488742,17492246936611339331,10786185773624145765,0,0,0,0,0,0,0,0,0,0,0
878,5,803,8,10,0.054434,14751.93,0.029933,26826.86,0.020317,39522.61,0.021029,38186.15,0.030635,26211.95,0.021713,36982.94,0.039641,20256.79,0.054593,0.006432,0.011610,0.021713,0.094348,0.009574,1,93628,97588,434893,344,0,0,0,371,0,0,0,229,0,0,0,173,0,0,0,248,0,0,0,3,0,0,0,1375994350853180338,16534839965038919873,16534839965038919873,9321779388971114956,8831652247553960658,5329538782041289958,0,0,0,0,0,0,0,0,0,0,0
879,5,984,8,10,0.060642,16226.31,0.032331,30435.38,0.024446,40251.50,0.023548,41787.11,0.036102,27256.40,0.021619,45514.89,0.047666,20643.85,0.061150,0.007534,0.013985,0.021619,0.104288,0.015222,1,111790,124860,589447,653,0,0,0,892,0,0,0,313,0,0,0,229,0,0,0,368,0,0,0,4,0,0,0,14983623611239383355,9636424798186382379,9636424798186382379,16345171712788041132,11509503706861128722,3580055543941459641,0,0,0,0,0,0,0,0,0,0,0
880,5,909,8,10,0.042022,21631.49,0.015927,57072.57,0.011935,76162.11,0.016233,55997.25,0.018678,48666.48,0.018789,48378.80,0.029246,31081.40,0.042427,0.007304,0.006239,0.018789,0.074759,0.011438,5,98174,104184,547094,296,0,0,0,412,0,0,0,248,0,0,0,131,0,0,0,116,0,0,0,3,0,0,0,11779496694930524234,10692050441689417890,10692050441689417890,16072423971645410599,15070481456511931013,663165165501717704,0,0,0,0,0,0,0,0,0,0,0
881,5,820,8,10,0.044794,18306.15,0.018858,43482.44,0.016637,49288.34,0.020689,39634.33,0.022049,37190.51,0.019620,41794.46,0.030697,26712.35,0.043973,0.006241,0.012433,0.019620,0.082266,0.011195,1,99523,103583,542642,419,0,0,0,672,0,0,0,342,0,0,0,276,0,0,0,305,0,0,0,6,0,0,0,10833634724526426547,5181830032874545299,5181830032874545299,16769231809835570071,16229389551972333601,2846267838697194253,0,0,0,0,0,0,0,0,0,0,0
882,5,1027,8,10,0.054265,18925.70,0.027177,37789.74,0.019794,51884.06,0.023517,43669.97,0.029125,35261.81,0.024753,41489.10,0.039293,26137.05,0.054907,0.008141,0.014856,0.024753,0.102657,0.015609,1,116866,123531,741480,634,0,0,0,881,0,0,0,502,0,0,0,323,0,0,0,374,0,0,0,9,0,0,0,5182645068986060740,5182645068986060740,5182645068986060740,4511007819430529836,8543468016532036562,17711711976049115147,0,0,0,0,0,0,0,0,0,0,0
883,5,830,8,10,0.044326,18725.04,0.020344,40797.63,0.018735,44303.03,0.021129,39282.16,0.023886,34747.97,0.023268,35671.46,0.029308,28320.06,0.045077,0.006798,0.006083,0.023268,0.081226,0.010253,5,100724,104664,529267,458,0,0,0,627,0,0,0,332,0,0,0,212,0,0,0,213,0,0,0,5,0,0,0,5512684745470758844,5512684745470758844,5512684745470758844,715844359768722490,11571202885355616383,12593160846745700267,0,0,0,0,0,0,0,0,0,0,0
884,5,959,8,10,0.045472,21089.77,0.026607,36043.78,0.018409,52095.27,0.022198,43202.70,0.030647,31291.47,0.028749,33357.20,0.032239,29746.14,0.045649,0.007302,0.011735,0.028749,0.093437,0.014683,2,105688,111588,669535,606,0,0,0,726,0,0,0,333,0,0,0,260,0,0,0,284,0,0,0,5,0,0,0,14473362782369605599,6429073977683900663,6429073977683900663,7788861442930445107,16216063752526186304,16725031157478114682,0,0,0,0,0,0,0,0,0,0,0
885,5,743,8,10,0.031646,23478.72,0.017910,41486.36,0.013691,54268.24,0.015506,47916.50,0.020855,35626.39,0.015884,46777.68,0.024557,30256.13,0.032015,0.005355,0.009773,0.015884,0.063027,0.009307,1,79571,84341,357579,479,0,0,0,595,0,0,0,346,0,0,0,198,0,0,0,247,0,0,0,8,0,0,0,6459322461267545684,10959382987093356814,10959382987093356814,7588662823880652726,15862533226329960944,297722649938430476,0,0,0,0,0,0,0,0,0,0,0
886,5,964,8,10,0.053959,17865.31,0.030481,31625.82,0.020464,47107.19,0.022879,42133.87,0.033098,29125.34,0.031485,30618.00,0.040844,23601.85,0.054327,0.006975,0.009924,0.031485,0.102712,0.015996,3,111135,118990,574785,552,0,0,0,747,0,0,0,460,0,0,0,334,0,0,0,333,0,0,0,6,0,0,0,8075572535794371540,9689399568298690399,9689399568298690399,5947154738502334379,8001065888159780485,579637471923043733,0,0,0,0,0,0,0,0,0,0,0
887,5,1122,8,10,0.044446,25244.13,0.021112,53145.23,0.020083,55869.42,0.024655,45507.13,0.025578,43865.41,0.023797,47149.69,0.032272,34766.84,0.044870,0.007934,0.010890,0.023797,0.087490,0.017365,3,119972,129417,542081,539,0,0,0,887,0,0,0,371,0,0,0,261,0,0,0,260,0,0,0,8,0,0,0,12314751583191476490,16767249239878854295,16767249239878854295,6208234137527014289,1503238261576928954,13836789819606682523,0,0,0,0,0,0,0,0,0,0,0
888,5,1121,8,10,0.042743,26226.34,0.019934,56234.76,0.018330,61155.42,0.020066,55866.57,0.021947,51078.08,0.021173,52943.97,0.032260,34748.46,0.043566,0.008265,0.007698,0.021173,0.080702,0.020680,4,121444,129039,704993,540,0,0,0,906,0,0,0,351,0,0,0,333,0,0,0,496,0,0,0,27,0,0,0,17295082237058825583,8541269453267547023,8541269453267547023,11692935245401308124,3940476729939426827,3239792528401765490,0,0,0,0,0,0,0,0,0,0,0
889,5,1081,8,10,0.054213,19939.85,0.025635,42168.34,0.024843,43512.44,0.025625,42184.62,0.028549,37865.38,0.028823,37504.15,0.046739,23128.65,0.055101,0.007842,0.011877,0.028823,0.103644,0.015344,2,135045,157080,780605,1304,0,0,0,1493,0,0,0,477,0,0,0,329,0,0,0,456,0,0,0,62,0,0,0,9142560181824286646,9142560181824286646,9142560181824286646,18357026359293207211,4122108307171201016,9045468096172739639,0,0,0,0,0,0,0,0,0,0,0
890,5,1003,8,10,0.047261,21222.35,0.028430,35279.46,0.027294,36748.62,0.028200,35566.81,0.031251,32094.59,0.027961,35870.83,0.041180,24356.65,0.047967,0.007670,0.011414,0.027961,0.095012,0.014230,2,132558,154588,526151,1062,0,0,0,1485,0,0,0,322,0,0,0,274,0,0,0,207,0,0,0,16,0,0,0,2816006457022962023,2816006457022962023,2816006457022962023,1591491252285709817,11926149659016552827,17553903535135996693,0,0,0,0,0,0,0,0,0,0,0
891,5,764,8,10,0.041033,18619.12,0.021274,35913.16,0.020934,36496.14,0.023296,32795.19,0.023438,32596.02,0.024108,31690.16,0.035207,21700.26,0.041525,0.005993,0.010497,0.024108,0.082124,0.009670,2,102505,113945,557700,627,0,0,0,974,0,0,0,296,0,0,0,224,0,0,0,290,0,0,0,15,0,0,0,16906995808429042168,16906995808429042168,16906995808429042168,18376144358762912105,17452410107107019827,2230284908945728089,0,0,0,0,0,0,0,0,0,0,0
892,5,829,8,10,0.041418,20015.42,0.022894,36211.13,0.020619,40205.39,0.025060,33080.80,0.028150,29449.25,0.022591,36695.36,0.035229,23531.52,0.041784,0.006044,0.011540,0.022591,0.081960,0.009693,1,100438,109968,561443,850,0,0,0,1223,0,0,0,365,0,0,0,269,0,0,0,263,0,0,0,17,0,0,0,5436952233767907325,5436952233767907325,5436952233767907325,610525782730196106,12222883379130471059,11479330012934480630,0,0,0,0,0,0,0,0,0,0,0
893,5,868,8,10,0.042090,20622.39,0.028633,30315.07,0.027742,31287.88,0.028578,30372.49,0.030158,28781.98,0.028228,30749.92,0.041318,21007.91,0.042708,0.006850,0.007122,0.028228,0.084907,0.011392,4,119273,135958,539543,1209,0,0,0,1588,0,0,0,361,0,0,0,219,0,0,0,248,0,0,0,57,0,0,0,13923171354546253758,10479180318097056527,10479180318097056527,4364624001644193853,14383073961346160824,13770560076871653923,0,0,0,0,0,0,0,0,0,0,0
894,5,804,8,10,0.034341,23412.36,0.016937,47469.90,0.016741,48025.63,0.017104,47006.09,0.019196,41883.93,0.017321,46418.28,0.027464,29274.74,0.034930,0.005418,0.010511,0.017321,0.068180,0.009766,1,91201,98386,446490,659,0,0,0,937,0,0,0,274,0,0,0,177,0,0,0,238,0,0,0,18,0,0,0,16538146438623700192,5617462511258789145,5617462511258789145,9965003719282548479,7775826326792441287,10740998464146814246,0,0,0,0,0,0,0,0,0,0,0
895,5,900,8,10,0.047457,18964.39,0.022486,40024.17,0.021877,41139.53,0.023393,38473.67,0.025342,35513.99,0.025613,35138.11,0.036127,24911.88,0.048242,0.006894,0.013725,0.025613,0.094474,0.013254,1,113885,124555,734581,810,0,0,0,1332,0,0,0,355,0,0,0,289,0,0,0,417,0,0,0,12,0,0,0,1640258037110043656,1640258037110043656,1640258037110043656,17665491311579873079,2292905337913647472,8022918116706039886,0,0,0,0,0,0,0,0,0,0,0
896,5,751,8,10,0.049582,15146.60,0.023385,32114.16,0.017694,42444.74,0.019123,39272.62,0.026540,28297.26,0.023983,31313.35,0.041610,18048.76,0.050254,0.005699,0.010358,0.023983,0.090294,0.009398,1,90587,95697,491013,491,0,0,0,625,0,0,0,138,0,0,0,98,0,0,0,91,0,0,0,9,0,0,0,11259698281123412017,2971281240439694710,2971281240439694710,250351214434927604,6252536797200601379,2801500088474474640,0,0,0,0,0,0,0,0,0,0,0
897,5,801,8,10,0.038135,21004.22,0.018614,43031.31,0.017706,45240.08,0.020076,39898.36,0.020029,39991.46,0.019510,41055.32,0.027629,28991.47,0.038801,0.005517,0.009622,0.019510,0.073451,0.009798,2,91933,96518,691393,470,0,0,0,878,0,0,0,356,0,0,0,229,0,0,0,272,0,0,0,11,0,0,0,8828049744532789283,377759467422290219,377759467422290219,14373539784063317220,573321171492457741,11773758421895245651,0,0,0,0,0,0,0,0,0,0,0
898,5,850,8,10,0.043310,19625.87,0.022259,38186.76,0.018707,45437.04,0.022381,37979.46,0.026675,31864.71,0.021592,39366.15,0.036667,23181.33,0.043795,0.006475,0.011998,0.021592,0.083860,0.010568,1,101892,112022,509458,600,0,0,0,819,0,0,0,322,0,0,0,231,0,0,0,280,0,0,0,6,0,0,0,16263454455854384871,10704971706480577134,10704971706480577134,18032425629772807346,2228419749894226460,13584403628488128432,0,0,0,0,0,0,0,0,0,0,0
899,5,880,8,10,0.038163,23059.24,0.019039,46221.33,0.018383,47869.35,0.019898,44226.57,0.021866,40245.23,0.019716,44633.64,0.031741,27723.97,0.038962,0.006550,0.008702,0.019716,0.073930,0.011133,3,100176,112266,593510,656,0,0,0,1009,0,0,0,277,0,0,0,245,0,0,0,240,0,0,0,5,0,0,0,12370101566928690643,12370101566928690643,12370101566928690643,10847661643344051266,3303389510915094235,659963009441873345,0,0,0,0,0,0,0,0,0,0,0
900,5,835,8,10,0.048694,17147.91,0.030454,27418.12,0.022485,37136.41,0.022971,36350.61,0.033267,25100.04,0.033456,24958.45,0.044155,18910.58,0.049366,0.005838,0.008078,0.033456,0.096738,0.009768,4,87725,93195,336614,446,0,0,0,592,0,0,0,200,0,0,0,150,0,0,0,145,0,0,0,4,0,0,0,17680157382043821223,17680157382043821223,17680157382043821223,11544372636852911493,12233291523255045422,16704742048299067122,0,0,0,0,0,0,0,0,0,0,0
901,5,931,8,10,0.075206,12379.41,0.041130,22635.67,0.036189,25726.07,0.037483,24837.97,0.046786,19899.19,0.029028,32072.80,0.061735,15080.58,0.075843,0.007061,0.010513,0.029028,0.122444,0.013519,2,104041,110656,694321,429,0,0,0,716,0,0,0,323,0,0,0,276,0,0,0,257,0,0,0,5,0,0,0,10358652841862822024,10358652841862822024,10358652841862822024,11436294332996124269,9184927017316083081,3171099247142217871,0,0,0,0,0,0,0,0,0,0,0
902,5,843,8,10,0.066156,12742.57,0.041448,20338.90,0.031140,27071.71,0.032197,26182.72,0.042248,19953.49,0.033103,25466.03,0.054096,15583.44,0.066819,0.006524,0.009953,0.033103,0.116399,0.010485,2,96557,101102,597285,546,0,0,0,841,0,0,0,347,0,0,0,264,0,0,0,312,0,0,0,6,0,0,0,10483605615734877551,10483605615734877551,10483605615734877551,6786396864590120614,17457920419379954159,5814443801466654341,0,0,0,0,0,0,0,0,0,0,0
903,5,857,8,10,0.065783,13027.59,0.040643,21086.14,0.023228,36895.55,0.026518,32317.61,0.042436,20194.89,0.029950,28614.45,0.052682,16267.30,0.066075,0.005964,0.007949,0.029950,0.109939,0.010167,3,91884,97504,379819,506,0,0,0,625,0,0,0,255,0,0,0,168,0,0,0,252,0,0,0,6,0,0,0,13188052940667196198,15968462706129612932,15968462706129612932,15491233957632558237,3240026936975331015,17407116674536338057,0,0,0,0,0,0,0,0,0,0,0
904,5,1058,8,10,0.069537,15214.93,0.038450,27516.43,0.036728,28806.20,0.035829,29529.14,0.040883,25878.60,0.032961,32098.51,0.058344,18133.76,0.070025,0.008730,0.015563,0.032961,0.127279,0.017918,1,136593,153718,745005,1062,0,0,0,1694,0,0,0,568,0,0,0,488,0,0,0,542,0,0,0,19,0,0,0,10845240754970840615,7633223120419586263,7633223120419586263,2437310489140546112,11386618404251705987,4350098901394010496,0,0,0,0,0,0,0,0,0,0,0
905,5,773,8,10,0.047248,16360.65,0.024288,31827.01,0.021710,35605.10,0.026557,29107.55,0.032203,24004.02,0.024743,31241.35,0.033399,23144.54,0.047726,0.005899,0.011657,0.024743,0.090025,0.009520,1,96980,101785,557581,513,0,0,0,907,0,0,0,418,0,0,0,268,0,0,0,398,0,0,0,6,0,0,0,6299319515496152942,6299319515496152942,6299319515496152942,16345385400482566132,11672573600651232983,16546373392050514523,0,0,0,0,0,0,0,0,0,0,0
906,5,695,8,10,0.045244,15361.05,0.021411,32459.77,0.018075,38451.56,0.019572,35510.65,0.024042,28908.12,0.019868,34981.07,0.032682,21265.38,0.045834,0.006092,0.008419,0.019868,0.080212,0.007606,2,92659,96279,371119,498,0,0,0,685,0,0,0,428,0,0,0,348,0,0,0,318,0,0,0,1,0,0,0,7511709608120173401,7511709608120173401,7511709608120173401,13485291516348206263,9814221329446961994,14974563981261194399,0,0,0,0,0,0,0,0,0,0,0
907,5,819,8,10,0.037752,21694.06,0.018515,44233.54,0.016967,48269.21,0.019011,43080.68,0.020631,39698.29,0.019088,42906.44,0.026688,30687.82,0.038280,0.006061,0.008657,0.019088,0.072086,0.010662,2,93462,98412,651804,460,0,0,0,724,0,0,0,302,0,0,0,214,0,0,0,220,0,0,0,8,0,0,0,11263950003766863879,11370214814023202328,11370214814023202328,14440653802053696584,2617229423481343612,13887155223512716084,0,0,0,0,0,0,0,0,0,0,0
908,5,978,8,10,0.041099,23796.27,0.018694,52315.96,0.017348,56376.63,0.021285,45947.74,0.022665,43151.13,0.020801,47016.58,0.032103,30463.97,0.041764,0.006829,0.012818,0.020801,0.082212,0.013340,1,107298,114623,539800,481,0,0,0,681,0,0,0,283,0,0,0,155,0,0,0,234,0,0,0,10,0,0,0,18262979181287676628,18262979181287676628,18262979181287676628,13342259985986977167,17686912070215475003,12695195090884667092,0,0,0,0,0,0,0,0,0,0,0
909,5,837,8,10,0.032543,25719.74,0.016955,49365.24,0.015913,52597.82,0.017755,47140.86,0.020102,41637.84,0.017683,47333.01,0.024048,34804.88,0.032856,0.005851,0.011191,0.017683,0.067581,0.010194,1,93777,99477,466922,553,0,0,0,697,0,0,0,401,0,0,0,197,0,0,0,216,0,0,0,9,0,0,0,13624326552752455540,7129025044474448642,7129025044474448642,10454225257816856967,13911484443371485898,6121876894081429475,0,0,0,0,0,0,0,0,0,0,0
910,5,931,8,10,0.063418,14680.41,0.036317,25635.70,0.026115,35649.65,0.027603,33728.24,0.035823,25988.82,0.027050,34417.18,0.053795,17306.48,0.063787,0.006791,0.007433,0.027050,0.105062,0.013348,4,103114,110959,433277,545,0,0,0,739,0,0,0,294,0,0,0,178,0,0,0,171,0,0,0,5,0,0,0,17244087623715183020,1343318104018660887,1343318104018660887,10255849949836084561,18252737394808615201,13814265231874258478,0,0,0,0,0,0,0,0,0,0,0
911,5,829,8,10,0.074936,11062.80,0.046460,17843.14,0.033117,25032.74,0.033114,25034.84,0.047975,17279.81,0.030225,27427.26,0.064755,12802.09,0.075668,0.006289,0.012748,0.030225,0.124930,0.010608,1,104421,113311,764124,679,0,0,0,863,0,0,0,291,0,0,0,301,0,0,0,308,0,0,0,3,0,0,0,7024702181890004452,7567667684323467134,7567667684323467134,9984998046138869597,12596644003616101988,11101062193514865145,0,0,0,0,0,0,0,0,0,0,0
912,5,803,8,10,0.040864,19650.58,0.023889,33613.86,0.011802,68039.51,0.014538,55234.35,0.023344,34398.78,0.023487,34189.19,0.031504,25489.09,0.041282,0.005798,0.005216,0.023487,0.075782,0.009275,5,83880,88430,254880,335,0,0,0,421,0,0,0,341,0,0,0,194,0,0,0,165,0,0,0,2,0,0,0,3520634752735306427,6236290459316102755,6236290459316102755,12829033996000608942,2158375871300373106,2523859384887059047,0,0,0,0,0,0,0,0,0,0,0
913,5,1071,8,10,0.037136,28839.94,0.019547,54791.55,0.018427,58121.51,0.020848,51373.04,0.022993,46578.96,0.020025,53482.25,0.031724,33760.06,0.037583,0.007418,0.013153,0.020025,0.078180,0.016509,1,110176,127511,502465,554,0,0,0,817,0,0,0,285,0,0,0,200,0,0,0,225,0,0,0,5,0,0,0,17129256893071507010,10196870360496011852,10196870360496011852,17941451619776770706,11172171938579220466,9384888536974735168,0,0,0,0,0,0,0,0,0,0,0
914,5,926,8,10,0.071469,12956.71,0.031285,29599.06,0.025667,36077.63,0.033160,27924.89,0.038999,23744.40,0.035509,26077.92,0.058233,15901.72,0.071790,0.007446,0.009706,0.035509,0.124452,0.013634,3,116033,126388,828156,800,0,0,0,1144,0,0,0,383,0,0,0,283,0,0,0,311,0,0,0,12,0,0,0,13331434261816464096,13331434261816464096,13331434261816464096,17125111959583431731,6938971546050920724,9699265259008220192,0,0,0,0,0,0,0,0,0,0,0
915,5,839,8,10,0.083839,10007.33,0.040519,20706.36,0.033261,25224.55,0.032736,25629.11,0.042569,19708.99,0.031072,27001.45,0.062063,13518.44,0.084638,0.006360,0.012769,0.031072,0.134840,0.010904,1,100836,106006,597371,567,0,0,0,886,0,0,0,339,0,0,0,231,0,0,0,273,0,0,0,5,0,0,0,4759940069515154425,17308026339034758768,17308026339034758768,2446210342381034293,11651085789839716734,1402358635453255670,0,0,0,0,0,0,0,0,0,0,0
916,5,901,8,10,0.091922,9801.78,0.054968,16391.48,0.033121,27203.11,0.052177,17268.29,0.060523,14886.82,0.040450,22274.63,0.076500,11777.75,0.092749,0.006620,0.009581,0.040450,0.149400,0.011753,3,102941,107701,552730,667,0,0,0,1036,0,0,0,506,0,0,0,385,0,0,0,465,0,0,0,14,0,0,0,14747559875919334008,4215490940889538108,4215490940889538108,14323574904451577850,3675355530433081019,9516718197907147636,0,0,0,0,0,0,0,0,0,0,0
917,5,882,8,10,0.074611,11821.36,0.039207,22495.81,0.032848,26851.23,0.033686,26182.61,0.036518,24152.37,0.025981,33947.38,0.059665,14782.52,0.075127,0.006956,0.012455,0.025981,0.120520,0.011492,1,101046,105676,625064,496,0,0,0,753,0,0,0,293,0,0,0,273,0,0,0,404,0,0,0,3,0,0,0,560971276597628422,597351165325878972,597351165325878972,9381564758240956002,9076482472624166118,6937038764567647090,0,0,0,0,0,0,0,0,0,0,0
918,5,1154,8,10,0.074113,15570.76,0.035813,32223.16,0.027020,42709.24,0.026714,43198.97,0.036758,31394.76,0.022931,50325.69,0.058853,19608.20,0.074820,0.008416,0.014159,0.022931,0.120325,0.019193,2,125511,135786,591450,596,0,0,0,709,0,0,0,443,0,0,0,226,0,0,0,225,0,0,0,5,0,0,0,9789513046804141868,9789513046804141868,9789513046804141868,7971452272855632644,5809053132812585756,12186058696412046146,0,0,0,0,0,0,0,0,0,0,0
919,5,988,8,10,0.071829,13754.89,0.036800,26847.84,0.025333,39001.00,0.032139,30741.68,0.035630,27729.21,0.024457,40397.42,0.060496,16331.61,0.072569,0.006339,0.011878,0.024457,0.115243,0.012990,1,97565,113540,587952,318,0,0,0,369,0,0,0,263,0,0,0,143,0,0,0,188,0,0,0,2,0,0,0,656729660939729098,10682458022104383535,10682458022104383535,2767391943109761498,13130315894011909495,10903639095090719585,0,0,0,0,0,0,0,0,0,0,0
920,5,962,8,10,0.058528,16436.48,0.039165,24562.44,0.031855,30199.80,0.029990,32077.05,0.041243,23324.98,0.022228,43278.01,0.052724,18245.94,0.059348,0.007812,0.013229,0.022228,0.102617,0.013884,1,122537,144557,322650,672,0,0,0,768,0,0,0,338,0,0,0,247,0,0,0,296,0,0,0,15,0,0,0,15312259006263465991,17220373755455641245,17220373755455641245,738823906627489229,217653573781677962,17274061435549282068,0,0,0,0,0,0,0,0,0,0,0
921,5,894,8,10,0.074310,12030.73,0.040090,22299.64,0.032632,27396.73,0.033163,26957.92,0.038330,23323.66,0.033349,26807.69,0.060183,14854.59,0.074921,0.006652,0.012704,0.033349,0.127626,0.011227,1,102265,108940,630635,584,0,0,0,643,0,0,0,354,0,0,0,203,0,0,0,266,0,0,0,3,0,0,0,142777207623130205,6535819512881015180,6535819512881015180,10434494669338501486,11305495717071504932,17490304936119569400,0,0,0,0,0,0,0,0,0,0,0
922,5,799,8,10,0.065247,12245.81,0.039243,20360.27,0.032500,24584.44,0.033492,23856.32,0.042821,18659.05,0.023459,34059.17,0.053413,14958.97,0.065586,0.005730,0.011107,0.023459,0.105883,0.009592,1,96525,100920,481536,544,0,0,0,818,0,0,0,284,0,0,0,478,0,0,0,481,0,0,0,5,0,0,0,2104008951810655826,2104008951810655826,2104008951810655826,224439864170870811,18048937325057569991,17337333484651656199,0,0,0,0,0,0,0,0,0,0,0
923,5,894,8,10,0.052149,17143.10,0.032617,27409.17,0.024581,36369.74,0.024942,35843.07,0.033432,26740.74,0.026761,33407.04,0.045902,19476.39,0.052776,0.006909,0.006819,0.026761,0.093265,0.012324,4,93330,100040,406621,518,0,0,0,880,0,0,0,285,0,0,0,240,0,0,0,204,0,0,0,1,0,0,0,7062636739756814810,932558436258470327,932558436258470327,2200080451105750948,8341153520599252972,9193767861954865976,0,0,0,0,0,0,0,0,0,0,0
924,5,856,8,10,0.081913,10450.10,0.042228,20270.75,0.032586,26268.68,0.032738,26147.27,0.040845,20957.33,0.028378,30163.89,0.066823,12809.88,0.082619,0.006012,0.009974,0.028378,0.126984,0.010395,2,95003,106143,513909,421,0,0,0,449,0,0,0,255,0,0,0,182,0,0,0,284,0,0,0,11,0,0,0,12199805505173949547,12199805505173949547,12199805505173949547,1172417911933500982,17372376556040872185,1596886103438848912,0,0,0,0,0,0,0,0,0,0,0
925,5,928,8,10,0.065442,14180.50,0.043935,21122.01,0.027935,33219.66,0.028075,33054.44,0.045459,20413.83,0.020467,45340.18,0.056417,16449.00,0.066374,0.007112,0.010797,0.020467,0.104750,0.012023,2,98960,105300,461105,546,0,0,0,921,0,0,0,399,0,0,0,337,0,0,0,370,0,0,0,9,0,0,0,11733461006844702732,14572136356765922258,14572136356765922258,10971250562389775631,3627374426457335482,4409208247186650017,0,0,0,0,0,0,0,0,0,0,0
926,5,787,8,10,0.033487,23501.63,0.020136,39084.99,0.014537,54137.10,0.016493,47718.52,0.019710,39929.58,0.016824,46778.07,0.023763,33118.89,0.033885,0.006236,0.011974,0.016824,0.068919,0.009987,1,86496,90456,235594,424,0,0,0,516,0,0,0,260,0,0,0,177,0,0,0,257,0,0,0,8,0,0,0,11964702791159690819,5150220408831626961,5150220408831626961,2185881725619949173,6850801654074956987,5551979275438524644,0,0,0,0,0,0,0,0,0,0,0
927,5,1031,8,10,0.065830,15661.49,0.038895,26507.08,0.027988,36837.12,0.023277,44293.31,0.037694,27351.55,0.037481,27507.04,0.054679,18855.44,0.066730,0.007368,0.009731,0.037481,0.121310,0.015480,5,107144,156634,457799,527,0,0,0,837,0,0,0,460,0,0,0,273,0,0,0,284,0,0,0,0,0,0,0,10203327567515409115,11128486763875362038,11128486763875362038,2744168591509732491,10525386092709713243,5250108181169003944,0,0,0,0,0,0,0,0,0,0,0
928,5,930,8,10,0.046952,19807.39,0.024865,37401.58,0.021715,42826.70,0.026549,35029.40,0.028448,32691.02,0.026448,35163.76,0.037408,24861.32,0.047585,0.007075,0.007482,0.026448,0.088589,0.012565,4,109279,115694,428548,746,0,0,0,946,0,0,0,433,0,0,0,276,0,0,0,284,0,0,0,6,0,0,0,10037326541151627945,10037326541151627945,10037326541151627945,8027454042997216717,13281665786224533704,14778754924085163898,0,0,0,0,0,0,0,0,0,0,0
929,5,921,8,10,0.042166,21842.40,0.021882,42089.77,0.021531,42775.77,0.023959,38440.70,0.025973,35459.99,0.021796,42254.92,0.030273,30422.96,0.042591,0.006763,0.013126,0.021796,0.084277,0.012142,1,106056,115461,413645,632,0,0,0,928,0,0,0,554,0,0,0,380,0,0,0,388,0,0,0,18,0,0,0,2620422069813915708,8041419488158830764,8041419488158830764,333511313220593895,7518240743423393004,6780760207161351335,0,0,0,0,0,0,0,0,0,0,0
930,5,829,8,10,0.048667,17034.29,0.025251,32829.94,0.016016,51760.90,0.019837,41790.68,0.025672,32291.90,0.019363,42814.18,0.041757,19852.73,0.049018,0.006525,0.011652,0.019363,0.086558,0.012288,1,98072,105962,472038,568,0,0,0,661,0,0,0,306,0,0,0,205,0,0,0,233,0,0,0,6,0,0,0,11865930141382684260,5875486139448822624,5875486139448822624,7404245026944489937,13308333857385228729,8146442031007327141,0,0,0,0,0,0,0,0,0,0,0
931,5,823,8,10,0.046205,17811.86,0.024151,34076.69,0.019415,42390.44,0.024101,34148.07,0.028461,28916.35,0.024954,32980.52,0.035150,23413.87,0.046475,0.006460,0.008573,0.024954,0.086462,0.009960,3,100244,107659,304044,618,0,0,0,922,0,0,0,292,0,0,0,216,0,0,0,227,0,0,0,9,0,0,0,2637246498396073509,12374263875048469688,12374263875048469688,12006216528539466714,5954198569550315720,7556128706274624949,0,0,0,0,0,0,0,0,0,0,0
932,5,1007,8,10,0.049270,20438.48,0.022978,43823.73,0.019861,50701.21,0.022278,45201.02,0.026728,37675.79,0.023479,42889.12,0.042894,23476.53,0.049542,0.007682,0.013093,0.023479,0.093796,0.017386,1,111518,147918,547366,559,0,0,0,728,0,0,0,297,0,0,0,249,0,0,0,296,0,0,0,9,0,0,0,4401556356080882516,5688449591501579887,5688449591501579887,4720038231957787801,7384373308946525250,5382143025970404791,0,0,0,0,0,0,0,0,0,0,0
933,5,864,8,10,0.047399,18228.22,0.027148,31825.18,0.020492,42162.51,0.024576,35155.94,0.031882,27100.12,0.025495,33889.12,0.037144,23260.86,0.047590,0.006414,0.012300,0.025495,0.091799,0.010836,1,102447,107187,574556,539,0,0,0,905,0,0,0,311,0,0,0,227,0,0,0,310,0,0,0,6,0,0,0,7902272424132546158,7902272424132546158,7902272424132546158,12796294677108628126,12796294677108628126,15655574744306969246,0,0,0,0,0,0,0,0,0,0,0
934,5,939,8,10,0.038059,24672.24,0.021909,42858.73,0.021185,44323.14,0.024135,38906.93,0.026720,35142.35,0.023605,39780.32,0.029050,32323.98,0.038407,0.006973,0.011931,0.023605,0.080916,0.013130,2,104577,112022,281804,713,0,0,0,1060,0,0,0,298,0,0,0,264,0,0,0,238,0,0,0,4,0,0,0,6660203711724164422,4193759468834228067,4193759468834228067,5644339947120427224,17703045267251506800,8192701569741953482,0,0,0,0,0,0,0,0,0,0,0
935,5,881,8,10,0.048736,18076.87,0.032133,27417.04,0.030388,28991.24,0.032422,27172.59,0.035756,24639.28,0.026371,33408.03,0.038921,22635.36,0.049140,0.006566,0.012575,0.026371,0.094651,0.011440,1,104957,114952,522245,705,0,0,0,1019,0,0,0,409,0,0,0,418,0,0,0,383,0,0,0,7,0,0,0,3264630899274332045,55065778349379067,55065778349379067,15024521460538746466,1338239945220784027,7397988533326040765,0,0,0,0,0,0,0,0,0,0,0
936,5,856,8,10,0.040067,21364.09,0.020975,40810.43,0.019403,44116.44,0.024821,34487.29,0.026789,31953.53,0.026374,32456.01,0.032572,26279.91,0.040515,0.006833,0.008379,0.026374,0.082101,0.012910,4,109660,121885,432481,631,0,0,0,884,0,0,0,258,0,0,0,167,0,0,0,192,0,0,0,23,0,0,0,2377172328603512585,724065644028695322,724065644028695322,12637882763953186553,17659981003908043573,12970760351618745258,0,0,0,0,0,0,0,0,0,0,0
937,5,835,8,10,0.042059,19852.97,0.021702,38475.55,0.020615,40504.01,0.026798,31158.66,0.027415,30458.10,0.024889,33548.70,0.034694,24067.85,0.042467,0.006817,0.010743,0.024889,0.084917,0.012396,3,107795,116100,404322,786,0,0,0,1117,0,0,0,396,0,0,0,288,0,0,0,311,0,0,0,12,0,0,0,7293188556651531915,13825942359452556971,13825942359452556971,11764418399549022171,16061919245758539618,14415439067391178299,0,0,0,0,0,0,0,0,0,0,0
938,5,794,8,10,0.051545,15404.06,0.024140,32891.12,0.019088,41597.49,0.020304,39105.10,0.028152,28203.67,0.019543,40628.83,0.038686,20524.43,0.051894,0.006558,0.011890,0.019543,0.089884,0.012824,1,101154,106709,417677,542,0,0,0,712,0,0,0,383,0,0,0,332,0,0,0,332,0,0,0,15,0,0,0,10452292691008963539,14639738263845720785,14639738263845720785,18051318654298987842,5501391725345973278,11281887573747334528,0,0,0,0,0,0,0,0,0,0,0
939,5,1013,8,10,0.058499,17316.56,0.028883,35072.67,0.025724,39380.26,0.027377,37001.20,0.033372,30354.66,0.028129,36012.27,0.047282,21424.50,0.059328,0.008262,0.014114,0.028129,0.109834,0.016101,1,117453,124668,540394,774,0,0,0,1110,0,0,0,529,0,0,0,400,0,0,0,443,0,0,0,14,0,0,0,17170442349058067638,17170442349058067638,17170442349058067638,8153134917849018024,10203608086118161514,1335198043662095504,0,0,0,0,0,0,0,0,0,0,0
940,5,973,8,10,0.043673,22279.41,0.017450,55757.78,0.015683,62043.20,0.023390,41598.51,0.026500,36717.24,0.022844,42593.75,0.036841,26411.10,0.044335,0.007384,0.012919,0.022844,0.087482,0.016007,1,110334,125749,418280,553,0,0,0,674,0,0,0,292,0,0,0,221,0,0,0,310,0,0,0,43,0,0,0,6336932273481926014,6336932273481926014,6336932273481926014,317667823458267233,9792470967599595284,15537189321687006478,0,0,0,0,0,0,0,0,0,0,0
941,5,900,8,10,0.041706,21579.65,0.022294,40370.35,0.020939,42981.38,0.023843,37746.77,0.025166,35762.46,0.023301,38625.16,0.032406,27772.62,0.042208,0.006708,0.013206,0.023301,0.085423,0.013211,1,102797,115992,438321,691,0,0,0,1026,0,0,0,470,0,0,0,274,0,0,0,378,0,0,0,5,0,0,0,4099052654268648552,8459177362032268035,8459177362032268035,16746386898586958622,6152683167929567702,3380714595504543511,0,0,0,0,0,0,0,0,0,0,0
942,5,711,8,10,0.041753,17028.78,0.019474,36509.28,0.016274,43689.51,0.019417,36617.28,0.023134,30734.59,0.022056,32236.54,0.031842,22329.29,0.042069,0.005516,0.005542,0.022056,0.075182,0.009053,4,88291,92316,470496,490,0,0,0,758,0,0,0,296,0,0,0,232,0,0,0,269,0,0,0,6,0,0,0,5026230317526477786,5160863989004517341,5160863989004517341,12480966595676605646,10835627242069214235,15138436099807255936,0,0,0,0,0,0,0,0,0,0,0
943,5,1065,8,10,0.058013,18358.10,0.025818,41250.08,0.024889,42789.54,0.032413,32857.15,0.036522,29160.66,0.035361,30117.72,0.050223,21205.36,0.058362,0.009146,0.011090,0.035361,0.113960,0.018464,5,131416,144416,380404,786,0,0,0,1022,0,0,0,333,0,0,0,310,0,0,0,320,0,0,0,46,0,0,0,5898042803113085984,824523688327404274,824523688327404274,15825363833286078462,198881480785899101,13596326236033461403,0,0,0,0,0,0,0,0,0,0,0
944,5,837,8,10,0.048414,17288.55,0.023343,35856.01,0.024469,34205.99,0.026971,31033.90,0.028618,29247.77,0.027403,30544.59,0.038955,21486.28,0.048993,0.007112,0.007306,0.027403,0.090814,0.011876,4,101953,111248,493180,649,0,0,0,941,0,0,0,341,0,0,0,240,0,0,0,262,0,0,0,2,0,0,0,13327591099298796584,8492294706307535286,8492294706307535286,5749543776066218086,12206484448472244986,13426393577034691778,0,0,0,0,0,0,0,0,0,0,0
945,5,979,8,10,0.040979,23890.05,0.019163,51087.03,0.014736,66434.92,0.018672,52431.21,0.022867,42812.59,0.018620,52578.64,0.033936,28848.31,0.041538,0.007029,0.012838,0.018620,0.080026,0.017568,1,112358,127333,368350,471,0,0,0,576,0,0,0,264,0,0,0,248,0,0,0,353,0,0,0,11,0,0,0,14454119344816284355,14454119344816284355,14454119344816284355,2831395998368213022,11487358254552084218,16252989153011865987,0,0,0,0,0,0,0,0,0,0,0
946,5,1110,8,10,0.044649,24860.45,0.023505,47224.96,0.022709,48879.69,0.025426,43656.14,0.027205,40801.82,0.026605,41722.03,0.040546,27376.31,0.045519,0.007990,0.012682,0.026605,0.092796,0.018468,2,121656,191291,664995,655,0,0,0,1089,0,0,0,400,0,0,0,358,0,0,0,411,0,0,0,12,0,0,0,13746470831806688774,9165400062770525159,9165400062770525159,11674658777712612226,3506053951015988451,13466323895353461256,0,0,0,0,0,0,0,0,0,0,0
947,5,980,8,10,0.064235,15256.43,0.033829,28969.40,0.024274,40372.74,0.031755,30861.11,0.038223,25638.84,0.030137,32518.18,0.049862,19654.28,0.064468,0.008857,0.010993,0.030137,0.114455,0.018076,3,127157,138337,527709,931,0,0,0,1232,0,0,0,567,0,0,0,487,0,0,0,532,0,0,0,7,0,0,0,14478825810736015937,9944003350542933640,9944003350542933640,1425341704768479359,5867269766025510003,15350967648336053853,0,0,0,0,0,0,0,0,0,0,0
948,5,1289,8,10,0.057959,22239.90,0.026544,48560.37,0.023957,53805.55,0.028790,44771.90,0.030008,42955.65,0.033438,38548.54,0.048066,26817.06,0.058436,0.009232,0.009868,0.033438,0.110974,0.024681,4,142286,156281,575463,675,0,0,0,1050,0,0,0,698,0,0,0,419,0,0,0,413,0,0,0,17,0,0,0,6266753437220232988,8406687251510042780,8406687251510042780,136714341170514753,5193832152768639810,8447644430394625273,0,0,0,0,0,0,0,0,0,0,0
949,5,982,8,10,0.033911,28958.03,0.018700,52512.30,0.016736,58676.39,0.020191,48636.57,0.022303,44030.30,0.025359,38723.94,0.026452,37123.35,0.034399,0.006515,0.005991,0.025359,0.072263,0.012774,5,103574,111674,419979,525,0,0,0,732,0,0,0,331,0,0,0,204,0,0,0,212,0,0,0,8,0,0,0,7864731759615156940,7864731759615156940,7864731759615156940,12573495790971731278,8109919938909017451,11953633866926120828,0,0,0,0,0,0,0,0,0,0,0
950,5,914,8,10,0.050113,18238.67,0.023938,38181.78,0.017938,50954.17,0.022659,40337.44,0.027193,33611.65,0.026813,34088.44,0.038449,23771.81,0.050669,0.006804,0.008236,0.026813,0.092522,0.011664,3,99681,108786,384043,566,0,0,0,752,0,0,0,352,0,0,0,220,0,0,0,409,0,0,0,12,0,0,0,8822616433020609441,8822616433020609441,8822616433020609441,15688118979430786192,8120907801654402795,10782952684953316195,0,0,0,0,0,0,0,0,0,0,0
951,5,986,8,10,0.063146,15614.56,0.024478,40281.69,0.019934,49463.41,0.022891,43072.90,0.029823,33061.92,0.023591,41795.59,0.047126,20922.80,0.063592,0.007158,0.013193,0.023591,0.107534,0.013252,1,113901,120231,589143,676,0,0,0,942,0,0,0,575,0,0,0,431,0,0,0,474,0,0,0,11,0,0,0,7031451149245634571,7031451149245634571,7031451149245634571,6604021342504264347,3873031858833932346,17371043403183963779,0,0,0,0,0,0,0,0,0,0,0
952,5,774,8,10,0.042517,18204.30,0.018057,42864.31,0.015760,49112.13,0.019850,38993.23,0.020915,37006.44,0.020149,38413.80,0.031174,24828.16,0.043175,0.006172,0.005527,0.020149,0.075024,0.009306,5,92226,95881,362543,486,0,0,0,652,0,0,0,527,0,0,0,296,0,0,0,291,0,0,0,16,0,0,0,12305441264984736377,4728056922900142052,4728056922900142052,13072833645080444250,2170202952585508868,13603013642027926940,0,0,0,0,0,0,0,0,0,0,0
953,5,834,8,10,0.033118,25182.92,0.020381,40920.97,0.018914,44094.08,0.021560,38683.15,0.023211,35931.30,0.020480,40722.00,0.025547,32645.73,0.033510,0.006138,0.011370,0.020480,0.071499,0.009932,1,95147,100542,364233,688,0,0,0,1091,0,0,0,448,0,0,0,272,0,0,0,277,0,0,0,11,0,0,0,3516404128967634833,7717710052867942891,7717710052867942891,5558361982005893066,10707228306832903276,10265125032754241407,0,0,0,0,0,0,0,0,0,0,0
954,5,1035,8,10,0.055406,18680.26,0.027369,37816.52,0.024854,41643.46,0.024565,42132.45,0.027213,38033.69,0.027461,37690.33,0.045258,22868.97,0.056272,0.007152,0.006488,0.027461,0.097374,0.017469,5,104978,115098,505894,596,0,0,0,690,0,0,0,331,0,0,0,195,0,0,0,182,0,0,0,4,0,0,0,15838289773101805494,15838289773101805494,15838289773101805494,10878743560667412826,5352078858482456009,15455124891702927922,0,0,0,0,0,0,0,0,0,0,0
955,5,972,8,10,0.068016,14290.70,0.037272,26078.51,0.029616,32819.95,0.028662,33912.82,0.037355,26020.46,0.028605,33980.63,0.058513,16611.56,0.068632,0.007034,0.012277,0.028605,0.116547,0.017099,2,106574,129104,414572,478,0,0,0,700,0,0,0,410,0,0,0,317,0,0,0,547,0,0,0,11,0,0,0,4526962078082391571,6810866422929730315,6810866422929730315,664033265825494365,5918687129880510719,1229611278868014604,0,0,0,0,0,0,0,0,0,0,0
956,5,919,8,10,0.075641,12149.42,0.039793,23094.36,0.035582,25827.81,0.035977,25543.89,0.038611,23801.21,0.021891,41980.20,0.062018,14818.30,0.076433,0.006647,0.011854,0.021891,0.116825,0.011638,1,93987,106252,375932,501,0,0,0,584,0,0,0,280,0,0,0,125,0,0,0,186,0,0,0,1,0,0,0,13548658029111136643,13548658029111136643,13548658029111136643,8274347558806909746,11821008572916048290,17418579647704701231,0,0,0,0,0,0,0,0,0,0,0
957,5,944,8,10,0.078152,12078.96,0.040416,23357.15,0.027076,34864.77,0.027710,34067.51,0.045516,20740.16,0.039719,23766.77,0.061951,15237.90,0.078801,0.007293,0.007827,0.039719,0.133641,0.015638,4,114748,120203,528866,697,0,0,0,859,0,0,0,491,0,0,0,417,0,0,0,383,0,0,0,10,0,0,0,15086709061396322191,1315820287886901467,1315820287886901467,759649365289203692,11617548135973710167,7157161770395433123,0,0,0,0,0,0,0,0,0,0,0
958,5,951,8,10,0.060810,15638.96,0.029021,32769.36,0.021574,44080.05,0.021561,44107.88,0.030163,31528.61,0.024224,39258.63,0.047794,19897.79,0.061359,0.007119,0.012390,0.024224,0.105092,0.013053,2,106976,120656,312310,735,0,0,0,980,0,0,0,424,0,0,0,263,0,0,0,378,0,0,0,7,0,0,0,18173826806455729555,7588089585681795234,7588089585681795234,6021602263384531413,1834402876152552131,2262427692638038756,0,0,0,0,0,0,0,0,0,0,0
959,5,890,8,10,0.047540,18720.93,0.022882,38895.38,0.015232,58430.34,0.016543,53800.73,0.025704,34625.09,0.016465,54053.62,0.036446,24419.89,0.047758,0.006516,0.011676,0.016465,0.082415,0.013785,1,97472,103902,436847,415,0,0,0,618,0,0,0,320,0,0,0,242,0,0,0,269,0,0,0,1,0,0,0,17733922123611480085,3072123239556764714,3072123239556764714,3019453030826237397,9235178963711830576,18383921365784307710,0,0,0,0,0,0,0,0,0,0,0
960,5,907,8,10,0.066522,13634.60,0.030685,29558.28,0.023414,38737.71,0.025668,35336.15,0.031164,29104.46,0.029063,31208.02,0.053125,17072.95,0.067117,0.006864,0.009508,0.029063,0.112552,0.011810,4,105281,115746,294363,577,0,0,0,925,0,0,0,377,0,0,0,207,0,0,0,240,0,0,0,8,0,0,0,9955077603921714263,5539549864447513587,5539549864447513587,16662689577348281186,2379673090071779043,9530628822223082684,0,0,0,0,0,0,0,0,0,0,0
961,5,892,8,10,0.062413,14291.98,0.029994,29739.26,0.020581,43340.96,0.023021,38746.55,0.034645,25746.87,0.021177,42122.02,0.049536,18007.08,0.062697,0.007678,0.012776,0.021177,0.104328,0.012425,1,104535,111210,523229,664,0,0,0,932,0,0,0,420,0,0,0,290,0,0,0,303,0,0,0,5,0,0,0,178906289960631416,3159095032244070899,3159095032244070899,9402142252056407121,3082977753838277593,2049769461356764988,0,0,0,0,0,0,0,0,0,0,0
962,5,858,8,10,0.049599,17298.73,0.031338,27379.14,0.019310,44433.93,0.019928,43054.96,0.030871,27792.86,0.022957,37374.51,0.043708,19630.33,0.049843,0.006236,0.011874,0.022957,0.090909,0.017015,1,100179,132604,372470,355,0,0,0,416,0,0,0,304,0,0,0,163,0,0,0,189,0,0,0,2,0,0,0,6673351863996306177,17845146742329177322,17845146742329177322,8551302284911384859,6198840463100241894,12338855858321512089,0,0,0,0,0,0,0,0,0,0,0
963,5,995,8,10,0.088050,11300.35,0.041761,23826.33,0.030868,32233.68,0.039159,25409.42,0.047368,21005.79,0.047017,21162.36,0.074401,13373.42,0.088448,0.008048,0.014224,0.047017,0.157737,0.015668,1,119641,133711,561005,770,0,0,0,998,0,0,0,444,0,0,0,234,0,0,0,552,0,0,0,4,0,0,0,10337793589338411935,5109083909010931677,5109083909010931677,4010311259999283491,12509061252304323790,15304483266625170851,0,0,0,0,0,0,0,0,0,0,0
964,5,930,8,10,0.071606,12987.77,0.034234,27165.85,0.027607,33687.20,0.027489,33831.13,0.032399,28704.32,0.027158,34244.29,0.052744,17632.44,0.071620,0.007381,0.014017,0.027158,0.120176,0.012888,1,112445,119310,509295,577,0,0,0,847,0,0,0,453,0,0,0,253,0,0,0,309,0,0,0,5,0,0,0,14679498186474254851,16804563289578614187,16804563289578614187,8619591143431379144,6998357468533635889,6003364211148495145,0,0,0,0,0,0,0,0,0,0,0
965,5,886,8,10,0.069485,12750.95,0.032762,27043.74,0.025065,35347.96,0.029830,29701.76,0.038622,22940.24,0.027231,32536.12,0.053456,16574.53,0.070140,0.006861,0.012184,0.027231,0.116417,0.014919,1,105085,113730,379153,642,0,0,0,803,0,0,0,357,0,0,0,312,0,0,0,341,0,0,0,9,0,0,0,16179265614500169461,16179265614500169461,16179265614500169461,17364981465611576874,1353557606388975211,16441753683573885279,0,0,0,0,0,0,0,0,0,0,0
966,5,900,8,10,0.072662,12386.13,0.041522,21675.33,0.032514,27680.60,0.033227,27086.02,0.042405,21223.96,0.021806,41272.44,0.060937,14769.44,0.073029,0.006457,0.012961,0.021806,0.114254,0.011388,1,104187,117302,397472,621,0,0,0,867,0,0,0,450,0,0,0,266,0,0,0,341,0,0,0,3,0,0,0,8626453498582016849,8347149934445033598,8347149934445033598,13672345970102046623,12671045955108220951,2382246184028392509,0,0,0,0,0,0,0,0,0,0,0
967,5,881,8,10,0.082082,10733.15,0.042213,20870.42,0.032280,27292.11,0.043017,20480.44,0.049013,17974.93,0.025550,34481.36,0.071921,12249.55,0.082708,0.006934,0.013379,0.025550,0.128571,0.011468,1,106246,112691,507533,620,0,0,0,817,0,0,0,411,0,0,0,300,0,0,0,344,0,0,0,5,0,0,0,1988544034932377446,17617661240065678758,17617661240065678758,10602092598352737973,17261263514720943021,5488055333435690257,0,0,0,0,0,0,0,0,0,0,0
968,5,956,8,10,0.085965,11120.78,0.040084,23849.64,0.032252,29641.76,0.033015,28956.61,0.038362,24920.34,0.024263,39400.86,0.061047,15659.99,0.086909,0.008036,0.016321,0.024263,0.135530,0.014355,1,123747,132947,438624,525,0,0,0,567,0,0,0,401,0,0,0,239,0,0,0,274,0,0,0,5,0,0,0,13452911141890184538,13452911141890184538,13452911141890184538,15347864033877769957,16352706356087797464,122872154988014251,0,0,0,0,0,0,0,0,0,0,0
969,5,1064,8,10,0.145538,7310.78,0.106869,9956.13,0.085220,12485.37,0.110561,9623.66,0.116195,9157.01,0.034759,30610.58,0.133476,7971.47,0.146663,0.007637,0.014848,0.034759,0.203908,0.015295,1,119813,127583,408411,641,0,0,0,584,0,0,0,333,0,0,0,324,0,0,0,412,0,0,0,7,0,0,0,16911366052599417224,16911366052599417224,16911366052599417224,14806967323177385185,10537432990819549855,5079291883600126195,0,0,0,0,0,0,0,0,0,0,0
970,5,850,8,10,0.092292,9209.92,0.051217,16595.95,0.035606,23872.42,0.052383,16226.62,0.066135,12852.54,0.058769,14463.48,0.079923,10635.29,0.093200,0.006559,0.010634,0.058769,0.169161,0.010844,2,102617,107487,406392,574,0,0,0,988,0,0,0,902,0,0,0,408,0,0,0,692,0,0,0,5,0,0,0,1605976241710128739,1605976241710128739,1605976241710128739,17901309231296741768,6752221078420013746,12369475379420449619,0,0,0,0,0,0,0,0,0,0,0
971,5,904,8,10,0.062064,14565.60,0.034160,26463.94,0.025194,35881.94,0.026073,34672.41,0.037013,24423.88,0.026436,34196.13,0.053077,17031.89,0.062506,0.007105,0.010504,0.026436,0.106551,0.011699,2,103352,115417,494303,550,0,0,0,840,0,0,0,429,0,0,0,256,0,0,0,329,0,0,0,2,0,0,0,4748651862952503718,11018691939833857581,11018691939833857581,2128065863870421713,12059676714178519369,16709924217557390924,0,0,0,0,0,0,0,0,0,0,0
972,5,913,8,10,0.072473,12597.74,0.039516,23104.76,0.032696,27924.26,0.033812,27001.95,0.041626,21933.21,0.033100,27583.44,0.057663,15833.46,0.073197,0.007435,0.011033,0.033100,0.124765,0.012627,3,107955,114880,437191,651,0,0,0,789,0,0,0,324,0,0,0,257,0,0,0,354,0,0,0,4,0,0,0,7168532526327720928,7168532526327720928,7168532526327720928,9618318737085399858,223006310120644048,15509405381553034342,0,0,0,0,0,0,0,0,0,0,0
973,5,817,8,10,0.064565,12653.96,0.038127,21428.64,0.032066,25479.04,0.032742,24953.00,0.038567,21184.12,0.020759,39356.77,0.051626,15825.36,0.065206,0.006474,0.011641,0.020759,0.104081,0.009684,1,95104,99269,402293,485,0,0,0,694,0,0,0,391,0,0,0,217,0,0,0,337,0,0,0,3,0,0,0,7674272520961070211,17212277903099123291,17212277903099123291,9821065016909546059,1616485378589988930,10444517105147204856,0,0,0,0,0,0,0,0,0,0,0
974,5,974,8,10,0.069308,14053.24,0.039182,24858.56,0.032528,29943.61,0.033192,29344.35,0.037676,25852.02,0.027196,35814.31,0.055334,17602.29,0.070065,0.007767,0.013506,0.027196,0.118533,0.013823,1,112859,118704,506583,584,0,0,0,701,0,0,0,416,0,0,0,253,0,0,0,368,0,0,0,11,0,0,0,2700664542203973188,14823086087209994432,14823086087209994432,3706920644044476215,6976926974235203606,12022337925633932146,0,0,0,0,0,0,0,0,0,0,0
975,5,872,8,10,0.080856,10784.60,0.041584,20969.67,0.035984,24233.18,0.036148,24122.80,0.040206,21688.20,0.027433,31786.84,0.060824,14336.34,0.081225,0.006898,0.012962,0.027433,0.128518,0.011189,1,106545,112805,444538,545,0,0,0,815,0,0,0,490,0,0,0,210,0,0,0,458,0,0,0,8,0,0,0,14999061268030435954,16309697386779269010,16309697386779269010,1519381985975710611,4599623597671004944,14137112312711425619,0,0,0,0,0,0,0,0,0,0,0
976,5,995,8,10,0.065049,15296.05,0.039087,25455.99,0.028790,34560.37,0.029231,34038.70,0.041446,24007.31,0.023790,41824.49,0.057239,17383.29,0.065737,0.006602,0.008709,0.023790,0.104837,0.013141,3,102830,113640,525848,634,0,0,0,943,0,0,0,638,0,0,0,388,0,0,0,373,0,0,0,10,0,0,0,137428737849102856,137428737849102856,137428737849102856,15454076484648519881,8746440855157421249,2575891924778045523,0,0,0,0,0,0,0,0,0,0,0
977,5,1214,8,10,0.068713,17667.81,0.033441,36302.93,0.025471,47661.77,0.026973,45007.59,0.033940,35769.01,0.026280,46194.06,0.048861,24845.87,0.070385,0.009435,0.015488,0.026280,0.121589,0.028015,3,159904,168579,442769,527,0,0,0,561,0,0,0,396,0,0,0,301,0,0,0,359,0,0,0,3,0,0,0,4782004332818797413,4782004332818797413,4782004332818797413,7122493344816678904,16455827375882975268,1621702214177133548,0,0,0,0,0,0,0,0,0,0,0
978,5,955,8,10,0.041739,22880.43,0.020916,45659.49,0.016498,57885.46,0.016724,57104.22,0.021083,45296.50,0.016389,58270.82,0.036204,26378.50,0.042166,0.006660,0.012231,0.016389,0.077445,0.012562,1,95766,104836,355542,414,0,0,0,701,0,0,0,371,0,0,0,199,0,0,0,302,0,0,0,6,0,0,0,2539872759908204729,2539872759908204729,2539872759908204729,13252249115576948818,86213843801140639,17128744352384113263,0,0,0,0,0,0,0,0,0,0,0
979,5,1063,8,10,0.060947,17441.31,0.030342,35033.90,0.026772,39706.05,0.024906,42680.32,0.030910,34390.59,0.022849,46522.07,0.047905,22189.68,0.061132,0.008219,0.014389,0.022849,0.106590,0.016858,1,119419,128904,563511,713,0,0,0,986,0,0,0,393,0,0,0,366,0,0,0,332,0,0,0,4,0,0,0,6359853884572502566,13708683214076823075,13708683214076823075,5057149318757611421,128237887980498593,11136401028930691830,0,0,0,0,0,0,0,0,0,0,0
980,5,977,8,10,0.056226,17376.36,0.026794,36463.76,0.021936,44538.40,0.026732,36548.08,0.035975,27157.37,0.032021,30511.14,0.046253,21122.98,0.056767,0.007685,0.013292,0.032021,0.109765,0.014931,1,114552,125032,503365,712,0,0,0,951,0,0,0,457,0,0,0,388,0,0,0,590,0,0,0,9,0,0,0,533042278154352903,533042278154352903,533042278154352903,14078278221689566679,2540850842330123639,2280730818317114314,0,0,0,0,0,0,0,0,0,0,0
981,5,897,8,10,0.049197,18232.94,0.024922,35992.23,0.017446,51416.67,0.023367,38387.09,0.030561,29351.60,0.024788,36187.09,0.045661,19644.81,0.049701,0.006689,0.008303,0.024788,0.089481,0.013102,3,106031,124026,339110,629,0,0,0,721,0,0,0,271,0,0,0,136,0,0,0,168,0,0,0,9,0,0,0,7851077179854578354,8402411052500078770,8402411052500078770,5930172293154124660,14677926286917167820,5548426394221787893,0,0,0,0,0,0,0,0,0,0,0
982,5,936,8,10,0.085239,10980.89,0.045937,20375.51,0.033235,28162.95,0.040699,22998.17,0.059523,15725.13,0.053815,17393.03,0.072657,12882.39,0.085865,0.006797,0.012552,0.053815,0.159028,0.013605,1,106278,115203,646053,671,0,0,0,939,0,0,0,502,0,0,0,271,0,0,0,621,0,0,0,6,0,0,0,4569640515231602669,13952884358532385691,13952884358532385691,3321765837810372643,5828251284236745709,14273695066815860906,0,0,0,0,0,0,0,0,0,0,0
983,5,916,8,10,0.054829,16706.47,0.026004,35225.40,0.018352,49912.36,0.019238,47613.13,0.033389,27433.91,0.025032,36593.23,0.041187,22240.03,0.055330,0.009071,0.017498,0.025032,0.106931,0.012733,1,141698,147728,499009,435,0,0,0,592,0,0,0,365,0,0,0,254,0,0,0,464,0,0,0,4,0,0,0,7757921536039874772,17771029476707337169,17771029476707337169,13181912524995553561,511077364559068975,7232149258772829379,0,0,0,0,0,0,0,0,0,0,0
984,5,907,8,10,0.048342,18762.28,0.023004,39427.55,0.018945,47876.12,0.025020,36251.15,0.029706,30532.12,0.025525,35534.28,0.035891,25271.05,0.049089,0.007316,0.015092,0.025525,0.097021,0.012236,1,122533,127878,408993,651,0,0,0,874,0,0,0,404,0,0,0,311,0,0,0,370,0,0,0,5,0,0,0,5435379925711177006,2454714311323614753,2454714311323614753,3126118709654305288,11362029463702623657,11004426394914607093,0,0,0,0,0,0,0,0,0,0,0
985,5,871,8,10,0.057885,15047.09,0.030163,28876.27,0.020814,41846.06,0.023888,36462.13,0.037329,23333.26,0.028684,30365.27,0.042861,20321.29,0.058380,0.006641,0.012572,0.028684,0.106277,0.011517,1,106284,110409,485745,636,0,0,0,782,0,0,0,578,0,0,0,410,0,0,0,620,0,0,0,10,0,0,0,13665606451902405238,9604563335156092381,9604563335156092381,8240793500579209598,17678505283894235042,15808199367086247192,0,0,0,0,0,0,0,0,0,0,0
986,5,974,8,10,0.043168,22562.91,0.021009,46361.01,0.019417,50161.70,0.021149,46053.53,0.023891,40768.89,0.023077,42206.56,0.031452,30967.38,0.042657,0.006864,0.013095,0.023077,0.085693,0.013015,1,104568,115453,399469,610,0,0,0,916,0,0,0,323,0,0,0,248,0,0,0,321,0,0,0,3,0,0,0,16630181984569071464,17660069166513591362,17660069166513591362,10532717743678229364,5229595437803587453,10975012688691694429,0,0,0,0,0,0,0,0,0,0,0
987,5,873,8,10,0.063970,13646.92,0.036771,23741.50,0.031989,27290.88,0.028566,30560.72,0.036056,24212.57,0.021894,39874.76,0.048481,18007.01,0.064610,0.007079,0.013015,0.021894,0.106597,0.011541,1,109891,115246,499682,629,0,0,0,769,0,0,0,513,0,0,0,321,0,0,0,422,0,0,0,4,0,0,0,11323176264863273320,17899655968979242933,17899655968979242933,8086169172903248776,8702737768955006815,11244249869210519292,0,0,0,0,0,0,0,0,0,0,0
988,5,836,8,10,0.073185,11423.07,0.041626,20083.72,0.027780,30093.53,0.028581,29250.34,0.042714,19572.21,0.029901,27959.03,0.061182,13664.24,0.073294,0.006155,0.010540,0.029901,0.119890,0.010377,2,101426,105921,284156,615,0,0,0,784,0,0,0,339,0,0,0,304,0,0,0,506,0,0,0,4,0,0,0,9414943611760057619,2072307758913870874,2072307758913870874,11847533374347124268,7279839693344121941,139644140256737504,0,0,0,0,0,0,0,0,0,0,0
989,5,988,8,10,0.063685,15513.81,0.033437,29548.33,0.024478,40363.43,0.028750,34364.83,0.034390,28729.29,0.032235,30650.19,0.051692,19113.08,0.064386,0.007584,0.008159,0.032235,0.112363,0.014144,4,118324,126539,572191,656,0,0,0,918,0,0,0,340,0,0,0,306,0,0,0,298,0,0,0,4,0,0,0,5330389089702449691,13305837715776989812,13305837715776989812,5890414282246544332,11001488620866206095,17185635739000138919,0,0,0,0,0,0,0,0,0,0,0
990,5,878,8,10,0.065977,13307.62,0.032100,27351.99,0.023022,38137.86,0.028590,30709.92,0.036216,24243.28,0.025962,33818.87,0.050245,17474.28,0.066336,0.006906,0.012484,0.025962,0.111689,0.011354,1,105567,111652,402515,609,0,0,0,886,0,0,0,369,0,0,0,258,0,0,0,285,0,0,0,11,0,0,0,13162840188580802652,11144036283937479068,11144036283937479068,16249981985614566181,3849457859343170950,16128619296418701625,0,0,0,0,0,0,0,0,0,0,0
991,5,880,8,10,0.056738,15509.94,0.031330,28088.03,0.023812,36956.45,0.027941,31494.52,0.033821,26018.98,0.034743,25328.88,0.047010,18719.59,0.057320,0.006499,0.008896,0.034743,0.107458,0.011127,4,95410,101625,485517,588,0,0,0,784,0,0,0,338,0,0,0,203,0,0,0,272,0,0,0,5,0,0,0,7359505366199715340,11404732028089682160,11404732028089682160,4151479105337349642,1624398754426499480,6930109380892348736,0,0,0,0,0,0,0,0,0,0,0
992,5,1027,8,10,0.063931,16064.10,0.033798,30386.70,0.022963,44724.56,0.025815,39783.06,0.038410,26738.07,0.022847,44951.55,0.054313,18908.81,0.064256,0.007880,0.014754,0.022847,0.109737,0.016929,1,119495,134825,520767,532,0,0,0,820,0,0,0,357,0,0,0,267,0,0,0,381,0,0,0,9,0,0,0,4422712923354153577,4422712923354153577,4422712923354153577,10060022464637000041,8436771725472117020,15244231940814641928,0,0,0,0,0,0,0,0,0,0,0
993,5,889,8,10,0.048014,18515.27,0.026960,32975.31,0.022791,39005.80,0.026597,33425.28,0.029105,30544.22,0.025970,34231.52,0.036967,24048.54,0.048586,0.007319,0.009881,0.025970,0.091756,0.012517,3,110546,117961,282406,822,0,0,0,1006,0,0,0,415,0,0,0,371,0,0,0,362,0,0,0,7,0,0,0,1763350725298094399,443293486871346987,443293486871346987,13536185794138652936,7001046528581649095,1801238954252103890,0,0,0,0,0,0,0,0,0,0,0
994,5,890,8,10,0.054528,16322.03,0.029323,30351.86,0.024466,36377.48,0.027020,32938.19,0.030523,29158.66,0.026941,33035.29,0.043314,20547.46,0.055336,0.007629,0.009492,0.026941,0.099398,0.012049,3,110562,118537,492270,1009,0,0,0,1038,0,0,0,332,0,0,0,303,0,0,0,468,0,0,0,13,0,0,0,8098616219426731866,8098616219426731866,8098616219426731866,12942438933044956797,2561655957375590456,7471419223539994294,0,0,0,0,0,0,0,0,0,0,0
995,5,944,8,10,0.059552,15851.58,0.029006,32545.01,0.025401,37164.26,0.024703,38214.11,0.028943,32616.29,0.028046,33659.44,0.048603,19422.50,0.060084,0.007601,0.009676,0.028046,0.105407,0.017528,3,115683,124303,425330,640,0,0,0,854,0,0,0,404,0,0,0,257,0,0,0,253,0,0,0,13,0,0,0,13062590188840893909,5550718800160648673,5550718800160648673,9627209836765951426,10589436797645719800,4657449577950382539,0,0,0,0,0,0,0,0,0,0,0
996,5,822,8,10,0.059500,13815.06,0.034554,23788.65,0.025254,32549.88,0.020814,39492.47,0.035677,23040.37,0.035036,23461.91,0.049672,16548.51,0.059954,0.006307,0.005707,0.035036,0.107004,0.010143,5,97461,101581,440158,511,0,0,0,907,0,0,0,352,0,0,0,262,0,0,0,244,0,0,0,6,0,0,0,11057920776502292312,1857282873476847931,1857282873476847931,11962926928922428834,408103634335772158,7295805420682427700,0,0,0,0,0,0,0,0,0,0,0
997,5,969,8,10,0.078577,12331.92,0.040691,23813.39,0.030456,31815.99,0.032260,30037.49,0.044846,21607.18,0.031663,30603.98,0.060241,16085.30,0.079492,0.007319,0.013402,0.031663,0.131876,0.013193,1,108476,118451,498893,772,0,0,0,1060,0,0,0,428,0,0,0,451,0,0,0,620,0,0,0,4,0,0,0,5169692532585053276,12654207196164749450,12654207196164749450,7962150632865945178,2371462619803562497,7607567731013941277,0,0,0,0,0,0,0,0,0,0,0
998,5,996,8,10,0.067696,14712.75,0.034412,28943.33,0.030911,32221.06,0.031522,31597.15,0.036969,26941.25,0.022586,44097.93,0.061392,16223.70,0.068176,0.006953,0.012581,0.022586,0.110296,0.016357,1,108332,183712,296716,1060,0,0,0,1205,0,0,0,365,0,0,0,243,0,0,0,349,0,0,0,3,0,0,0,926124736588445639,13926413244166693080,13926413244166693080,8863558894575384852,4012589864313629316,918351834813296838,0,0,0,0,0,0,0,0,0,0,0
999,5,906,8,10,0.080931,11194.70,0.041290,21942.41,0.035576,25466.41,0.034659,26140.50,0.041809,21669.81,0.033878,26742.63,0.060777,14906.95,0.081613,0.007624,0.006845,0.033878,0.129960,0.012338,5,107707,113492,490724,757,0,0,0,914,0,0,0,476,0,0,0,413,0,0,0,414,0,0,0,5,0,0,0,1666249843716146839,1666249843716146839,1666249843716146839,1617674259909905141,12906935862700078604,5912416250515800425,0,0,0,0,0,0,0,0,0,0,0
