batch_idx,num_blocks,num_txs,threads,merge_cap,seq_time_s,seq_tput,par_time_s,par_tput,concat_time_s,concat_tput,cgraph_time_s,cgraph_tput,graph_time_s,graph_tput,integrated_time_s,integrated_tput,vegeta_time_s,vegeta_tput,phase_pre_execute_s,phase_graph_build_s,phase_integrate_s,phase_execute_s,phase_total_s,vegeta_speculate_s,num_integrated_groups,omakase_graph_bytes,vegeta_sched_bytes,calldata_bytes,par_re_exec,par_validation_aborts,par_cascade_aborts,par_wrote_new_loc,concat_re_exec,concat_validation_aborts,concat_cascade_aborts,concat_wrote_new_loc,cgraph_re_exec,cgraph_validation_aborts,cgraph_cascade_aborts,cgraph_wrote_new_loc,graph_re_exec,graph_validation_aborts,graph_cascade_aborts,graph_wrote_new_loc,integ_re_exec,integ_validation_aborts,integ_cascade_aborts,integ_wrote_new_loc,vegeta_re_exec,vegeta_validation_aborts,vegeta_cascade_aborts,vegeta_wrote_new_loc,digest_seq,digest_par,digest_concat,logical_seq,logical_integ,logical_vegeta,cgraph_cross_block_aborts,cgraph_cross_block_cascade,graph_cross_block_aborts,graph_cross_block_cascade,integ_cross_block_aborts,integ_cross_block_cascade,par_fallbacks,concat_fallbacks,cgraph_fallbacks,graph_fallbacks,integ_fallbacks
0,5,776,8,10,0.033983,22835.12,0.018230,42567.95,0.016924,45852.77,0.017751,43715.38,0.019403,39993.51,0.018814,41245.68,0.024447,31741.50,0.034332,0.005565,0.010667,0.018814,0.069379,0.008928,1,88809,107914,879798,469,0,0,0,681,0,0,0,352,0,0,0,298,0,0,0,389,0,0,0,3,0,0,0,17917240267699841997,1201433961101818064,1201433961101818064,5461669346609298119,2784922024519139673,3707066409327431395,0,0,0,0,0,0,0,0,0,0,0
1,5,663,8,10,0.031884,20794.06,0.019881,33349.05,0.018989,34915.24,0.019333,34293.21,0.021237,31219.08,0.019926,33272.82,0.019394,34185.88,0.032281,0.005705,0.005007,0.019926,0.062919,0.007562,5,87316,90576,1306248,600,0,0,0,846,0,0,0,405,0,0,0,428,0,0,0,420,0,0,0,4,0,0,0,1321880729950840512,11085561646288167391,11085561646288167391,10305254686780665620,1915973855683701611,6385524131465370332,0,0,0,0,0,0,0,0,0,0,0
2,5,678,8,10,0.039512,17159.26,0.025807,26272.18,0.023822,28460.76,0.023728,28573.36,0.026123,25954.13,0.020427,33191.28,0.030749,22049.67,0.038272,0.005762,0.009598,0.020427,0.074059,0.007158,2,96156,100261,1205444,685,0,0,0,1073,0,0,0,426,0,0,0,379,0,0,0,371,0,0,0,6,0,0,0,2456476369563659684,6607947829337959321,6607947829337959321,12919322287525304973,10936936680681960693,10535816015514535751,0,0,0,0,0,0,0,0,0,0,0
3,5,733,8,10,0.040325,18177.41,0.024700,29676.38,0.029008,25268.46,0.029560,24796.85,0.026614,27542.26,0.029791,24604.89,0.031131,23545.98,0.041087,0.006180,0.009970,0.029791,0.087029,0.009246,2,90754,99494,1302389,652,0,0,0,1124,0,0,0,553,0,0,0,399,0,0,0,438,0,0,0,20,0,0,0,6709178117268006851,6709178117268006851,6709178117268006851,6884094631301636364,9111824533284297183,16134631260680054951,0,0,0,0,0,0,0,0,0,0,0
4,5,711,8,10,0.037707,18855.84,0.025884,27468.70,0.021470,33115.80,0.019873,35777.44,0.026567,26762.33,0.022633,31414.51,0.028698,24775.02,0.037923,0.005421,0.005847,0.022633,0.071824,0.007811,4,85708,93668,765353,650,0,0,0,896,0,0,0,437,0,0,0,389,0,0,0,340,0,0,0,8,0,0,0,16992536185668968131,10776101051846049742,10776101051846049742,5717670422126243385,11018181584441833412,13337308047553806947,0,0,0,0,0,0,0,0,0,0,0
5,5,778,8,10,0.030618,25410.21,0.018107,42967.85,0.016328,47648.49,0.018482,42094.10,0.020772,37454.31,0.019203,40515.05,0.024830,31333.12,0.030818,0.005447,0.006785,0.019203,0.062252,0.008762,3,83187,104062,1377335,487,0,0,0,743,0,0,0,354,0,0,0,298,0,0,0,286,0,0,0,8,0,0,0,2417816852903329672,2417816852903329672,2417816852903329672,13722198318671205037,3142420825726493765,853594256166234154,0,0,0,0,0,0,0,0,0,0,0
6,5,610,8,10,0.037475,16277.36,0.026141,23334.85,0.020778,29357.30,0.023603,25844.62,0.027806,21937.70,0.020553,29679.20,0.027650,22061.21,0.037868,0.004880,0.009396,0.020553,0.072697,0.006322,1,82164,85604,1314213,725,0,0,0,868,0,0,0,411,0,0,0,340,0,0,0,282,0,0,0,9,0,0,0,15195946293894527792,15195946293894527792,15195946293894527792,12211732670082626642,195392878021509060,11635549432186462172,0,0,0,0,0,0,0,0,0,0,0
7,5,736,8,10,0.036515,20155.88,0.022506,32702.91,0.020846,35306.12,0.022489,32726.58,0.024197,30416.38,0.019177,38380.25,0.026782,27481.05,0.034673,0.005892,0.011832,0.019177,0.071574,0.008270,1,91510,98575,1202157,891,0,0,0,1426,0,0,0,539,0,0,0,400,0,0,0,398,0,0,0,8,0,0,0,1191594178919780358,2748235802818493843,2748235802818493843,12199236270685280142,10289430019375749239,12360007551115345390,0,0,0,0,0,0,0,0,0,0,0
8,5,891,8,10,0.032688,27258.04,0.017617,50575.67,0.016513,53956.98,0.017232,51704.83,0.019718,45186.65,0.019255,46272.58,0.024445,36448.79,0.032894,0.006053,0.005680,0.019255,0.063882,0.011513,5,98472,106272,1127600,688,0,0,0,885,0,0,0,349,0,0,0,318,0,0,0,305,0,0,0,9,0,0,0,3981206254416093842,3420171019221184805,3420171019221184805,3792768505096825609,17078046533646776120,11459804270997159798,0,0,0,0,0,0,0,0,0,0,0
9,5,751,8,10,0.047544,15795.99,0.031795,23620.31,0.025268,29720.90,0.024260,30956.65,0.036762,20428.63,0.028886,25999.06,0.038728,19391.66,0.047850,0.005785,0.010905,0.028886,0.093425,0.008801,1,91220,96810,1188647,648,0,0,0,1002,0,0,0,464,0,0,0,383,0,0,0,609,0,0,0,9,0,0,0,11202440481955215870,1345366000489916592,1345366000489916592,4424537102954530365,4897699584539999688,8511861765338054466,0,0,0,0,0,0,0,0,0,0,0
10,5,757,8,10,0.127243,5949.26,0.111242,6805.00,0.086157,8786.33,0.086832,8717.97,0.114503,6611.17,0.082885,9133.14,0.119176,6351.92,0.127621,0.007436,0.010276,0.082885,0.228218,0.009111,2,110666,116016,423194,584,0,0,0,1308,0,0,0,413,0,0,0,302,0,0,0,742,0,0,0,26,0,0,0,1714330310288913429,7439947072197942354,7439947072197942354,8765433876883070990,14447565459104437483,9461616552367187683,0,0,0,0,0,0,0,0,0,0,0
11,5,700,8,10,0.055868,12529.61,0.033178,21098.40,0.024084,29065.04,0.023963,29211.52,0.038642,18114.97,0.035683,19617.17,0.047010,14890.52,0.056467,0.005505,0.006522,0.035683,0.104178,0.007344,3,86309,89454,776684,536,0,0,0,723,0,0,0,367,0,0,0,292,0,0,0,300,0,0,0,3,0,0,0,8995997268384308948,15834236067981688059,15834236067981688059,8370293012366930,4245905238350440962,8370293012366930,0,0,0,0,0,0,0,0,0,0,0
12,5,640,8,10,0.032068,19957.61,0.015272,41907.66,0.013467,47523.42,0.016163,39596.93,0.019611,32635.17,0.016405,39012.32,0.021506,29758.58,0.032311,0.005363,0.010279,0.016405,0.064358,0.006622,1,85397,87062,825602,307,0,0,0,504,0,0,0,273,0,0,0,201,0,0,0,234,0,0,0,3,0,0,0,18344210473791497160,5388257739096025129,5388257739096025129,16063586414960003422,1232706884067595497,3953416108768787811,0,0,0,0,0,0,0,0,0,0,0
13,5,637,8,10,0.043277,14719.21,0.023857,26700.25,0.016757,38013.51,0.019050,33438.48,0.027150,23462.41,0.022787,27953.93,0.031711,20087.74,0.042115,0.005068,0.005546,0.022787,0.075518,0.006529,4,79814,82084,982551,391,0,0,0,665,0,0,0,366,0,0,0,238,0,0,0,223,0,0,0,6,0,0,0,3365690310987716439,16474597476052910647,16474597476052910647,4060728868852617703,750976858107107257,1832867089898695659,0,0,0,0,0,0,0,0,0,0,0
14,5,702,8,10,0.028915,24278.03,0.015622,44936.46,0.014297,49101.29,0.015396,45596.33,0.017265,40659.12,0.015469,45381.73,0.022129,31722.90,0.029169,0.006123,0.011121,0.015469,0.061882,0.007446,1,96338,107693,1218332,376,0,0,0,615,0,0,0,323,0,0,0,248,0,0,0,290,0,0,0,5,0,0,0,6349990886163137167,13779163386968254371,13779163386968254371,8325307845006141508,14308380223612030804,10479385193677031681,0,0,0,0,0,0,0,0,0,0,0
15,5,693,8,10,0.064270,10782.68,0.043889,15789.79,0.038820,17851.75,0.037085,18686.71,0.046349,14951.74,0.039740,17438.33,0.053535,12944.69,0.064260,0.006548,0.013264,0.039740,0.123811,0.007686,1,106364,108809,1291526,381,0,0,0,627,0,0,0,405,0,0,0,198,0,0,0,424,0,0,0,5,0,0,0,6535089446658805907,17366224787739154023,17366224787739154023,5316563837519331072,7782042874809184270,3542622958766944573,0,0,0,0,0,0,0,0,0,0,0
16,5,811,8,10,0.052930,15322.06,0.035369,22929.65,0.028995,27970.53,0.028598,28358.96,0.035574,22797.59,0.025060,32362.08,0.033917,23911.05,0.053329,0.006516,0.011570,0.025060,0.096475,0.009594,1,93042,96482,1391384,697,0,0,0,1186,0,0,0,699,0,0,0,449,0,0,0,587,0,0,0,6,0,0,0,17571070737591972631,17571070737591972631,17571070737591972631,10622255584242548432,13660291668963318812,18257569853859273780,0,0,0,0,0,0,0,0,0,0,0
17,5,888,8,10,0.039506,22477.48,0.019884,44657.99,0.018474,48068.74,0.020504,43309.05,0.022584,39320.48,0.019196,46260.56,0.026847,33076.48,0.040066,0.006739,0.012659,0.019196,0.078660,0.010858,1,105235,111275,1828291,653,0,0,0,961,0,0,0,517,0,0,0,396,0,0,0,378,0,0,0,4,0,0,0,13281407750600456753,2955505689374842443,2955505689374842443,7204401402897940423,13877613676859670921,7238914832133530225,0,0,0,0,0,0,0,0,0,0,0
18,5,721,8,10,0.025950,27784.01,0.014036,51369.57,0.013162,54779.59,0.014928,48299.49,0.016796,42926.30,0.014326,50327.02,0.021511,33517.35,0.026305,0.005148,0.009736,0.014326,0.055515,0.008294,1,76951,86341,435847,420,0,0,0,637,0,0,0,335,0,0,0,189,0,0,0,299,0,0,0,2,0,0,0,14531080606530470262,3261980218225316010,3261980218225316010,3754733006135143210,15802455102796647226,14708596112630721711,0,0,0,0,0,0,0,0,0,0,0
19,5,759,8,10,0.042554,17836.08,0.022471,33776.69,0.017813,42609.49,0.016254,46697.24,0.023949,31692.65,0.017518,43325.93,0.041385,18339.95,0.043047,0.006698,0.009842,0.017518,0.077106,0.009287,2,99954,148699,1251630,489,0,0,0,673,0,0,0,295,0,0,0,161,0,0,0,257,0,0,0,10,0,0,0,6287445808012796734,8423214030074989976,8423214030074989976,16169519859067594732,18401219738640082467,6349860043026908481,0,0,0,0,0,0,0,0,0,0,0
20,5,731,8,10,0.050676,14425.08,0.032475,22509.90,0.025824,28306.89,0.025587,28569.31,0.034838,20982.83,0.018571,39362.38,0.044896,16282.02,0.051001,0.005587,0.010510,0.018571,0.085669,0.008503,1,84839,98494,384080,480,0,0,0,825,0,0,0,402,0,0,0,271,0,0,0,296,0,0,0,4,0,0,0,15535724928414966501,6700171779903392414,6700171779903392414,10948174777509573758,14621541336442451682,10948174777509573758,0,0,0,0,0,0,0,0,0,0,0
21,5,633,8,10,0.042150,15017.76,0.028523,22192.30,0.024638,25691.89,0.025560,24764.95,0.031315,20214.15,0.027453,23057.83,0.033852,18699.23,0.042557,0.004688,0.006219,0.027453,0.080917,0.006128,3,73477,76212,1159539,418,0,0,0,790,0,0,0,447,0,0,0,299,0,0,0,330,0,0,0,9,0,0,0,10988094982254309016,8019932424277516187,8019932424277516187,12823557042264987765,10906666104587276471,17282184228646040779,0,0,0,0,0,0,0,0,0,0,0
22,5,711,8,10,0.036647,19401.09,0.020646,34437.38,0.019083,37257.69,0.020082,35404.53,0.022675,31355.62,0.021079,33730.06,0.024722,28759.38,0.037035,0.005407,0.005873,0.021079,0.069394,0.007769,4,84260,86605,1356428,473,0,0,0,801,0,0,0,333,0,0,0,282,0,0,0,271,0,0,0,16,0,0,0,16701641239908939915,16701641239908939915,16701641239908939915,10525224819703813342,15755717144856719715,9743701552630517239,0,0,0,0,0,0,0,0,0,0,0
23,5,673,8,10,0.059452,11320.11,0.037609,17894.59,0.023906,28152.10,0.032731,20561.72,0.038634,17419.77,0.037157,18112.12,0.041224,16325.26,0.059880,0.005361,0.006623,0.037157,0.109022,0.006757,3,81315,82960,1867929,446,0,0,0,689,0,0,0,594,0,0,0,317,0,0,0,372,0,0,0,7,0,0,0,348456288929039022,348456288929039022,348456288929039022,10930697435889141554,9161785708510495594,9440221779168514943,0,0,0,0,0,0,0,0,0,0,0
24,5,748,8,10,0.033046,22634.82,0.014944,50054.15,0.013510,55367.56,0.015304,48876.65,0.016456,45454.43,0.014427,51847.12,0.021597,34634.78,0.033190,0.005817,0.010269,0.014427,0.063703,0.007870,1,84758,95848,1571000,352,0,0,0,637,0,0,0,343,0,0,0,236,0,0,0,333,0,0,0,3,0,0,0,15425602718889095447,891749759494733621,891749759494733621,13113811831790490147,2466959822864082628,8079744550956026081,0,0,0,0,0,0,0,0,0,0,0
25,5,756,8,10,0.041861,18059.70,0.026857,28149.11,0.025108,30109.61,0.026108,28956.59,0.028607,26427.05,0.025523,29620.19,0.035819,21106.05,0.042338,0.006056,0.009447,0.025523,0.083365,0.009025,2,100041,106731,557082,771,0,0,0,1156,0,0,0,421,0,0,0,309,0,0,0,297,0,0,0,31,0,0,0,1173085497767598107,3474794030990918345,3474794030990918345,12783292498846209700,13402203488789815443,11040148833246885491,0,0,0,0,0,0,0,0,0,0,0
26,5,765,8,10,0.048060,15917.44,0.029514,25920.24,0.027533,27785.16,0.026659,28695.36,0.037594,20348.99,0.035604,21486.08,0.036671,20861.39,0.048533,0.005650,0.008959,0.035604,0.098747,0.008237,2,92987,96517,483720,609,0,0,0,1315,0,0,0,392,0,0,0,300,0,0,0,347,0,0,0,18,0,0,0,6382824690125829569,6382824690125829569,6382824690125829569,6186998623776927054,12217997702331002335,7550635412956898562,0,0,0,0,0,0,0,0,0,0,0
27,5,660,8,10,0.033749,19556.42,0.018558,35564.10,0.015969,41329.75,0.016565,39843.16,0.020129,32788.72,0.015252,43271.85,0.023662,27892.85,0.033209,0.004858,0.009709,0.015252,0.063028,0.006635,1,76725,79640,409501,406,0,0,0,717,0,0,0,317,0,0,0,254,0,0,0,273,0,0,0,1,0,0,0,1752783225111362628,1752783225111362628,1752783225111362628,2444018653617203457,7296404821418176368,311822239030831223,0,0,0,0,0,0,0,0,0,0,0
28,5,912,8,10,0.032635,27945.50,0.020640,44186.92,0.019472,46835.37,0.018282,49885.21,0.020133,45298.55,0.017172,53111.24,0.039344,23179.89,0.033378,0.006821,0.011928,0.017172,0.069298,0.013271,1,106484,239814,497751,687,0,0,0,821,0,0,0,310,0,0,0,281,0,0,0,414,0,0,0,7,0,0,0,15956325985859569848,15956325985859569848,15956325985859569848,16770247876929164321,12228109968877775860,6401754645940289763,0,0,0,0,0,0,0,0,0,0,0
29,5,824,8,10,0.036847,22362.82,0.021601,38146.42,0.019386,42504.11,0.021905,37617.41,0.023628,34873.93,0.022324,36911.16,0.039231,21003.68,0.037176,0.007046,0.006866,0.022324,0.073412,0.010906,4,105530,169490,1186193,650,0,0,0,1055,0,0,0,400,0,0,0,227,0,0,0,245,0,0,0,14,0,0,0,8037836240217435239,8037836240217435239,8037836240217435239,9682896786517094641,13843174344463001454,12169690319715293622,0,0,0,0,0,0,0,0,0,0,0
30,5,653,8,10,0.031603,20662.78,0.015922,41011.28,0.014604,44714.21,0.016415,39781.10,0.017513,37286.89,0.016690,39124.07,0.023406,27898.46,0.032011,0.005388,0.008622,0.016690,0.062712,0.006812,2,82912,84942,826387,408,0,0,0,618,0,0,0,318,0,0,0,209,0,0,0,276,0,0,0,17,0,0,0,9920037861954920502,5676336719663905944,5676336719663905944,13480252803377371399,2013849378488313869,2368678964461546193,0,0,0,0,0,0,0,0,0,0,0
31,5,641,8,10,0.040814,15705.26,0.022466,28531.53,0.016813,38126.22,0.027806,23052.83,0.030392,21091.34,0.030529,20996.37,0.037017,17316.49,0.041048,0.005523,0.009691,0.030529,0.086792,0.006419,1,80099,82899,1063756,395,0,0,0,716,0,0,0,373,0,0,0,196,0,0,0,267,0,0,0,9,0,0,0,17674009909638394583,13064211628158657648,13064211628158657648,8496463001537930985,6163795553844206654,4930415213355308325,0,0,0,0,0,0,0,0,0,0,0
32,5,884,8,10,0.033429,26444.09,0.015726,56212.30,0.014117,62619.14,0.017246,51259.34,0.018385,48083.21,0.018173,48642.89,0.026269,33651.31,0.033727,0.006125,0.006580,0.018173,0.064606,0.011623,4,96513,116708,1748994,478,0,0,0,568,0,0,0,290,0,0,0,182,0,0,0,186,0,0,0,5,0,0,0,12851960247577322168,12851960247577322168,12851960247577322168,10445728122466218322,5563578218337360232,10367287675039420086,0,0,0,0,0,0,0,0,0,0,0
33,5,866,8,10,0.035975,24072.17,0.018935,45735.95,0.015065,57483.80,0.021394,40478.74,0.023238,37265.78,0.020123,43035.01,0.031007,27929.59,0.036372,0.006362,0.008204,0.020123,0.071061,0.010785,3,101852,136712,1369822,575,0,0,0,673,0,0,0,293,0,0,0,246,0,0,0,196,0,0,0,6,0,0,0,16869079561540114553,10161336916188062823,10161336916188062823,11090851620974468210,14808730070821232112,270676244649951765,0,0,0,0,0,0,0,0,0,0,0
34,5,706,8,10,0.033733,20929.20,0.017223,40991.13,0.016807,42005.79,0.019293,36593.12,0.020312,34757.60,0.020189,34969.94,0.020630,34221.24,0.034273,0.006027,0.011539,0.020189,0.072028,0.007877,1,100005,102140,399338,573,0,0,0,891,0,0,0,600,0,0,0,398,0,0,0,522,0,0,0,1,0,0,0,9947190583963556977,12246721024154687045,12246721024154687045,18006345727688294334,4166362505196988064,1305139865796412960,0,0,0,0,0,0,0,0,0,0,0
35,5,648,8,10,0.032736,19794.75,0.017179,37720.99,0.015964,40592.46,0.020065,32294.50,0.019279,33612.51,0.019328,33526.20,0.021086,30731.06,0.033106,0.005435,0.010340,0.019328,0.068209,0.006725,1,82845,84875,408782,422,0,0,0,614,0,0,0,396,0,0,0,292,0,0,0,340,0,0,0,9,0,0,0,5223010121677043366,8969261970274483960,8969261970274483960,15964121501810880952,6733350243754893942,9495739224898435532,0,0,0,0,0,0,0,0,0,0,0
36,5,681,8,10,0.039083,17424.29,0.022522,30236.92,0.021004,32423.05,0.026066,26125.70,0.026819,25392.03,0.023586,28872.57,0.030643,22223.61,0.039665,0.005700,0.007004,0.023586,0.075956,0.007308,3,89848,97178,1497262,735,0,0,0,981,0,0,0,442,0,0,0,287,0,0,0,315,0,0,0,11,0,0,0,2194454775538641827,2194454775538641827,2194454775538641827,12162949214652590271,17218753560418701928,3993006002590355118,0,0,0,0,0,0,0,0,0,0,0
37,5,675,8,10,0.034831,19379.09,0.019852,34000.94,0.018951,35618.65,0.020976,32179.35,0.023469,28760.76,0.021027,32101.67,0.023330,28932.76,0.035004,0.006031,0.010830,0.021027,0.072892,0.007553,1,88744,92424,1212967,534,0,0,0,818,0,0,0,387,0,0,0,247,0,0,0,395,0,0,0,7,0,0,0,15151000671184528544,12763370981745578613,12763370981745578613,4067739023481201405,18334189983573393197,15065039040931481937,0,0,0,0,0,0,0,0,0,0,0
38,5,818,8,10,0.040357,20269.00,0.022731,35986.27,0.018910,43256.43,0.020747,39427.14,0.026059,31390.76,0.020663,39588.18,0.032956,24821.27,0.040579,0.006356,0.012158,0.020663,0.079755,0.010377,1,98229,100924,1069748,503,0,0,0,741,0,0,0,472,0,0,0,309,0,0,0,417,0,0,0,11,0,0,0,18023653013191702015,18023653013191702015,18023653013191702015,835761410265084971,8939743865101563776,5937913083183272115,0,0,0,0,0,0,0,0,0,0,0
39,5,720,8,10,0.027492,26189.38,0.013249,54345.42,0.012274,58662.75,0.013226,54436.19,0.015847,45435.51,0.013675,52652.45,0.019565,36800.57,0.027681,0.005399,0.010074,0.013675,0.056828,0.007406,1,84181,87036,1117002,268,0,0,0,468,0,0,0,267,0,0,0,164,0,0,0,233,0,0,0,3,0,0,0,13590065189319667313,13590065189319667313,13590065189319667313,3224748235624691613,775646071699433913,4558936304168212534,0,0,0,0,0,0,0,0,0,0,0
40,5,738,8,10,0.031594,23358.85,0.017524,42113.76,0.014961,49327.23,0.019481,37883.45,0.019602,37649.87,0.018097,40780.04,0.021109,34961.38,0.031854,0.005745,0.011197,0.018097,0.066894,0.008587,1,87433,91428,1008123,422,0,0,0,589,0,0,0,328,0,0,0,237,0,0,0,286,0,0,0,7,0,0,0,9271405021839293441,2708125561767532787,2708125561767532787,12403932620672936950,4056132872297016893,5315866919432731317,0,0,0,0,0,0,0,0,0,0,0
41,5,722,8,10,0.038219,18891.08,0.022446,32166.73,0.014699,49118.37,0.015803,45687.49,0.023327,30951.70,0.021680,33301.86,0.026019,27748.74,0.038570,0.005551,0.006269,0.021680,0.072071,0.007707,4,84460,86710,1071810,402,0,0,0,554,0,0,0,304,0,0,0,226,0,0,0,229,0,0,0,7,0,0,0,15181642495267114113,13858603099008121036,13858603099008121036,4332894546845668446,662224525940251655,12603348112341183888,0,0,0,0,0,0,0,0,0,0,0
42,5,691,8,10,0.033009,20933.87,0.014121,48934.50,0.013248,52159.08,0.013841,49923.86,0.016315,42352.61,0.015014,46023.58,0.019334,35739.42,0.033131,0.006156,0.011318,0.015014,0.065620,0.007585,1,95233,97168,1790753,323,0,0,0,569,0,0,0,259,0,0,0,225,0,0,0,345,0,0,0,9,0,0,0,15957414333514835167,6486977855195304291,6486977855195304291,13072018971777539673,6161095447708169782,14674724473855954300,0,0,0,0,0,0,0,0,0,0,0
43,5,745,8,10,0.030196,24672.45,0.016544,45031.01,0.016016,46515.23,0.017754,41963.29,0.018842,39539.48,0.018121,41112.15,0.023090,32264.63,0.030570,0.005812,0.007297,0.018121,0.061800,0.007885,3,84183,90168,1345411,428,0,0,0,667,0,0,0,371,0,0,0,240,0,0,0,271,0,0,0,5,0,0,0,8964948318923087723,8964948318923087723,8964948318923087723,12258052699944286922,12055876943871322037,12053945650082758118,0,0,0,0,0,0,0,0,0,0,0
44,5,604,8,10,0.084893,7114.83,0.064636,9344.60,0.049614,12174.05,0.056624,10666.79,0.065041,9286.50,0.060495,9984.28,0.075869,7961.09,0.085521,0.005398,0.006826,0.060495,0.158240,0.006458,3,82033,84958,1020462,396,0,0,0,683,0,0,0,353,0,0,0,219,0,0,0,286,0,0,0,5,0,0,0,9721783451924873029,1008187024150444216,1008187024150444216,9554300902219810343,13100932095623532591,16534372291247068483,0,0,0,0,0,0,0,0,0,0,0
45,5,573,8,10,0.059618,9611.15,0.045437,12610.84,0.041832,13697.52,0.042673,13427.58,0.046148,12416.49,0.075271,7612.49,0.048864,11726.35,0.059515,0.004874,0.009484,0.075271,0.149144,0.005714,1,76532,78917,1092542,410,0,0,0,834,0,0,0,522,0,0,0,287,0,0,0,0,0,0,0,10,0,0,0,8760287132472636046,8760287132472636046,8760287132472636046,1120430738854222132,12150819088435839547,11034631477629523422,0,0,0,0,0,0,0,0,0,0,1
46,5,834,8,10,0.040772,20454.99,0.022700,36739.47,0.016269,51263.63,0.017814,46817.84,0.023925,34858.87,0.018026,46266.96,0.029232,28530.79,0.041247,0.006307,0.010536,0.018026,0.076115,0.010305,2,91382,98902,2145741,463,0,0,0,724,0,0,0,387,0,0,0,258,0,0,0,268,0,0,0,1,0,0,0,11159588496194680678,5394382243753541747,5394382243753541747,3513727792053363496,3732742798139530873,14556380548197708643,0,0,0,0,0,0,0,0,0,0,0
47,5,768,8,10,0.041060,18704.48,0.024948,30783.78,0.018434,41661.54,0.021376,35928.04,0.028434,27009.63,0.026122,29400.16,0.043009,17856.92,0.041282,0.004890,0.006106,0.026122,0.078400,0.008258,4,76174,208019,1012464,340,0,0,0,556,0,0,0,308,0,0,0,330,0,0,0,334,0,0,0,5,0,0,0,6646124024647586810,6436712371162705132,6436712371162705132,14247097585154812740,12823827539904914993,3563384571926314679,0,0,0,0,0,0,0,0,0,0,0
48,5,867,8,10,0.032665,26542.09,0.021724,39910.52,0.020385,42530.24,0.020533,42224.99,0.022626,38319.56,0.022129,39178.98,0.031320,27682.01,0.033010,0.006217,0.006818,0.022129,0.068174,0.010055,4,92279,225354,1191722,535,0,0,0,866,0,0,0,390,0,0,0,340,0,0,0,439,0,0,0,5,0,0,0,17944494513196338044,13137378906727690142,13137378906727690142,7660346036988165365,12592379138353114727,11192414965374862698,0,0,0,0,0,0,0,0,0,0,0
49,5,642,8,10,0.039050,16440.66,0.021286,30160.71,0.017448,36796.01,0.018900,33968.77,0.022647,28348.22,0.017236,37247.75,0.026480,24245.01,0.039212,0.005050,0.009556,0.017236,0.071054,0.006845,1,79252,81582,1774346,556,0,0,0,770,0,0,0,376,0,0,0,252,0,0,0,363,0,0,0,7,0,0,0,12312570488976357995,2245464860852148498,2245464860852148498,14479600489371630304,15505293755179778283,18271074734057785806,0,0,0,0,0,0,0,0,0,0,0
50,5,706,8,10,0.041229,17123.70,0.024861,28397.37,0.022274,31696.74,0.023252,30362.45,0.026388,26754.10,0.024705,28576.92,0.031580,22355.69,0.041697,0.006117,0.009529,0.024705,0.082049,0.007654,2,101414,106554,1253539,819,0,0,0,1168,0,0,0,383,0,0,0,386,0,0,0,432,0,0,0,8,0,0,0,18295575469447380248,5473942773805699661,5473942773805699661,12876903398093006955,6821417712100023923,15039838850925199384,0,0,0,0,0,0,0,0,0,0,0
51,5,617,8,10,0.033264,18548.67,0.018825,32774.78,0.017838,34588.76,0.020814,29643.58,0.023156,26645.92,0.021687,28449.65,0.023888,25829.13,0.033508,0.004948,0.006620,0.021687,0.066764,0.006377,3,82077,85582,1003559,693,0,0,0,801,0,0,0,407,0,0,0,281,0,0,0,320,0,0,0,8,0,0,0,8485786959890505284,11743089375347544824,11743089375347544824,17568102820714888843,3062998108246874516,17831832508142530336,0,0,0,0,0,0,0,0,0,0,0
52,5,643,8,10,0.031346,20513.19,0.015789,40723.57,0.013927,46170.28,0.014487,44384.25,0.016837,38190.14,0.014106,45582.15,0.020267,31726.69,0.031439,0.005848,0.010372,0.014106,0.061765,0.006719,1,88917,94397,1219488,379,0,0,0,555,0,0,0,272,0,0,0,234,0,0,0,226,0,0,0,5,0,0,0,16402384385105861984,5959599359081166562,5959599359081166562,8506637773089830597,12654068414360767898,5486841832556620348,0,0,0,0,0,0,0,0,0,0,0
53,5,669,8,10,0.038008,17601.39,0.024117,27740.25,0.016962,39441.31,0.018793,35599.01,0.025536,26198.25,0.019595,34141.98,0.025720,26010.65,0.038445,0.005412,0.010468,0.019595,0.073920,0.007139,1,89876,92381,1088027,510,0,0,0,759,0,0,0,452,0,0,0,308,0,0,0,355,0,0,0,4,0,0,0,12087263794420160021,2412084805835359020,2412084805835359020,16466915003148900468,3027383201297843072,14591683912827733449,0,0,0,0,0,0,0,0,0,0,0
54,5,682,8,10,0.031046,21967.42,0.018951,35988.39,0.017907,38085.87,0.019149,35615.45,0.020209,33747.35,0.018488,36888.38,0.022147,30793.66,0.031349,0.005505,0.006752,0.018488,0.062094,0.007465,3,84795,88675,1099732,583,0,0,0,948,0,0,0,396,0,0,0,292,0,0,0,285,0,0,0,8,0,0,0,2597274980447278213,7639109915560670144,7639109915560670144,6870909952960553264,10710780588294840484,9449592360986181633,0,0,0,0,0,0,0,0,0,0,0
55,5,652,8,10,0.038271,17036.21,0.026621,24491.99,0.019678,33132.78,0.019987,32620.80,0.026366,24729.17,0.020780,31376.75,0.026198,24887.23,0.038666,0.005526,0.010216,0.020780,0.075188,0.007173,1,86963,90103,386751,594,0,0,0,848,0,0,0,432,0,0,0,380,0,0,0,463,0,0,0,9,0,0,0,6990686674854423710,11642780146017538360,11642780146017538360,2084429998093594383,3728686576120175001,15062321129183674660,0,0,0,0,0,0,0,0,0,0,0
56,5,620,8,10,0.047905,12942.37,0.029850,20770.86,0.019639,31570.46,0.020397,30396.18,0.032296,19197.21,0.026525,23373.98,0.038565,16076.77,0.048187,0.005205,0.009922,0.026525,0.089840,0.006277,1,81087,83002,1514716,464,0,0,0,771,0,0,0,459,0,0,0,307,0,0,0,421,0,0,0,4,0,0,0,9769691011769052001,9769691011769052001,9769691011769052001,9220397972287369982,2345239454526324166,3626301957589695621,0,0,0,0,0,0,0,0,0,0,0
57,5,678,8,10,0.031039,21843.43,0.019269,35186.06,0.018456,36735.28,0.019863,34133.87,0.020517,33045.45,0.020754,32668.54,0.021309,31817.77,0.031526,0.005410,0.007049,0.020754,0.064739,0.007030,3,87205,90235,1153447,638,0,0,0,996,0,0,0,442,0,0,0,330,0,0,0,424,0,0,0,4,0,0,0,15376384885014764755,15376384885014764755,15376384885014764755,17536919162549329667,15927888320571064780,4804671262808684315,0,0,0,0,0,0,0,0,0,0,0
58,5,685,8,10,0.031545,21714.79,0.018849,36341.94,0.017667,38773.09,0.018907,36229.06,0.020860,32837.48,0.018450,37127.21,0.021002,32616.48,0.031768,0.005734,0.008939,0.018450,0.064891,0.007436,2,83121,85671,1245238,496,0,0,0,772,0,0,0,421,0,0,0,364,0,0,0,347,0,0,0,3,0,0,0,16235348073460733762,8845161820958721512,8845161820958721512,13917475954382514659,8212402104870495627,8911086248467383436,0,0,0,0,0,0,0,0,0,0,0
59,5,608,8,10,0.030872,19694.41,0.016045,37893.98,0.015436,39388.36,0.015291,39762.67,0.019282,31531.81,0.016008,37981.53,0.019099,31834.08,0.031279,0.004977,0.010024,0.016008,0.062287,0.006222,1,79599,81529,428867,454,0,0,0,639,0,0,0,271,0,0,0,287,0,0,0,319,0,0,0,2,0,0,0,12401048185093294436,12401048185093294436,12401048185093294436,5668628328454673421,4567843306483084520,6200497247587122666,0,0,0,0,0,0,0,0,0,0,0
60,5,645,8,10,0.030122,21413.00,0.019399,33248.86,0.019104,33763.14,0.019897,32416.62,0.022820,28265.23,0.021284,30304.52,0.019735,32682.38,0.030386,0.005551,0.010706,0.021284,0.067928,0.007075,1,91836,94296,1186262,585,0,0,0,868,0,0,0,436,0,0,0,384,0,0,0,469,0,0,0,3,0,0,0,2249559982946875316,2249559982946875316,2249559982946875316,17423758572310381656,8664074042064270793,1917550748694420968,0,0,0,0,0,0,0,0,0,0,0
61,5,681,8,10,0.034097,19972.21,0.022142,30755.49,0.020719,32868.67,0.021252,32043.91,0.025040,27196.62,0.022158,30733.56,0.026536,25663.05,0.034673,0.005994,0.011832,0.022158,0.074657,0.007609,1,100332,107902,1085088,484,0,0,0,993,0,0,0,362,0,0,0,331,0,0,0,370,0,0,0,9,0,0,0,6341883928832642988,6341883928832642988,6341883928832642988,239551082454103196,3868602374340760164,239551082454103196,0,0,0,0,0,0,0,0,0,0,0
62,5,630,8,10,0.038883,16202.33,0.024866,25335.30,0.020050,31421.32,0.025893,24330.52,0.025554,24653.74,0.023735,26542.66,0.026433,23833.55,0.038909,0.005045,0.009794,0.023735,0.077483,0.006247,1,83195,85635,2213522,611,0,0,0,818,0,0,0,511,0,0,0,346,0,0,0,399,0,0,0,7,0,0,0,843036508567371913,843036508567371913,843036508567371913,14630394333271354329,12442286148382587387,10263813581610378083,0,0,0,0,0,0,0,0,0,0,0
63,5,663,8,10,0.032433,20442.29,0.022827,29044.05,0.020909,31709.57,0.023273,28487.56,0.022206,29856.30,0.022784,29099.41,0.022791,29090.76,0.032531,0.005992,0.011386,0.022784,0.072693,0.007319,1,97171,102541,1101806,522,0,0,0,833,0,0,0,380,0,0,0,343,0,0,0,430,0,0,0,7,0,0,0,5916849635037978150,5916849635037978150,5916849635037978150,8542708246919249401,16733567698641396520,978675793345703776,0,0,0,0,0,0,0,0,0,0,0
64,5,611,8,10,0.034462,17729.63,0.018351,33295.60,0.014525,42066.44,0.017794,34336.48,0.020127,30356.80,0.017315,35286.91,0.024842,24595.77,0.034792,0.004967,0.007444,0.017315,0.064517,0.006212,2,75206,77776,1328232,403,0,0,0,642,0,0,0,390,0,0,0,220,0,0,0,237,0,0,0,9,0,0,0,1862777600874780497,13577631711602226011,13577631711602226011,6319951400032853794,9326619113783048538,5148670858276264324,0,0,0,0,0,0,0,0,0,0,0
65,5,613,8,10,0.063073,9718.89,0.043579,14066.40,0.033685,18197.82,0.033821,18125.07,0.047205,12985.85,0.025730,23823.90,0.050843,12056.75,0.063242,0.005412,0.008714,0.025730,0.103098,0.006448,2,82299,85029,1115150,394,0,0,0,737,0,0,0,344,0,0,0,230,0,0,0,273,0,0,0,0,0,0,0,11321760200752365772,11321760200752365772,11321760200752365772,13111243527236419418,6973260100379877738,2689792702186898967,0,0,0,0,0,0,0,0,0,0,0
66,5,648,8,10,0.031503,20569.79,0.014359,45129.08,0.014157,45772.76,0.017891,36218.44,0.019525,33188.74,0.016487,39303.75,0.018571,34892.86,0.031472,0.005258,0.010015,0.016487,0.063232,0.006553,1,77828,80238,1876110,324,0,0,0,564,0,0,0,286,0,0,0,248,0,0,0,197,0,0,0,4,0,0,0,8451778923132558108,6102157927988784665,6102157927988784665,17317020003145273147,387949235180716115,3874901546247897169,0,0,0,0,0,0,0,0,0,0,0
67,5,645,8,10,0.037679,17118.21,0.027013,23877.18,0.015847,40702.44,0.017359,37155.70,0.025609,25186.20,0.021032,30667.81,0.028670,22497.59,0.038434,0.006019,0.008373,0.021032,0.073857,0.006387,2,88448,92363,363945,392,0,0,0,609,0,0,0,416,0,0,0,288,0,0,0,325,0,0,0,3,0,0,0,3739473576195907005,3396927702388110828,3396927702388110828,5326988716764951896,2040722129294599683,2085864581265388971,0,0,0,0,0,0,0,0,0,0,0
68,5,739,8,10,0.148451,4978.06,0.129716,5697.07,0.123543,5981.74,0.125619,5882.85,0.130199,5675.94,0.124664,5927.92,0.135732,5444.57,0.148927,0.005378,0.010659,0.124664,0.289629,0.008746,1,87044,89024,2263864,379,0,0,0,703,0,0,0,457,0,0,0,346,0,0,0,511,0,0,0,4,0,0,0,3893767951215334067,11429802956778326892,11429802956778326892,14429182261321928562,7204702097641746492,2535479833880348597,0,0,0,0,0,0,0,0,0,0,0
69,5,684,8,10,0.026619,25695.78,0.016386,41743.07,0.014401,47497.75,0.015457,44252.86,0.016901,40471.34,0.013509,50633.82,0.018373,37229.12,0.026822,0.005061,0.009867,0.013509,0.055259,0.007061,1,76991,81011,1120452,462,0,0,0,726,0,0,0,437,0,0,0,274,0,0,0,286,0,0,0,2,0,0,0,4354412832769083592,4354412832769083592,4354412832769083592,8934960043974828208,11596532456410449048,8485295246008368052,0,0,0,0,0,0,0,0,0,0,0
70,5,731,8,10,0.029899,24448.70,0.016059,45520.66,0.015216,48041.53,0.017774,41126.82,0.018614,39271.74,0.016995,43012.48,0.020138,36299.31,0.029925,0.005325,0.005827,0.016995,0.058072,0.008102,4,83531,86216,1646226,456,0,0,0,715,0,0,0,408,0,0,0,274,0,0,0,278,0,0,0,6,0,0,0,15134529590108261595,10880462130610983617,10880462130610983617,11572897625422655465,9674917940195433647,10766742989655574233,0,0,0,0,0,0,0,0,0,0,0
71,5,704,8,10,0.028707,24524.05,0.017360,40552.30,0.016172,43530.87,0.016502,42661.59,0.018386,38289.85,0.017360,40553.23,0.019357,36368.92,0.028929,0.005404,0.009884,0.017360,0.061578,0.010187,1,83419,90329,758497,518,0,0,0,849,0,0,0,311,0,0,0,336,0,0,0,370,0,0,0,11,0,0,0,10234409493285421631,11213884666345541602,11213884666345541602,15016160521295000955,10314242304810988619,4472445006826811395,0,0,0,0,0,0,0,0,0,0,0
72,5,630,8,10,0.027808,22655.32,0.016257,38752.51,0.015287,41210.46,0.016693,37740.49,0.017946,35105.80,0.015897,39630.76,0.020085,31367.08,0.028216,0.005666,0.010182,0.015897,0.059961,0.006296,1,86811,89846,1241394,465,0,0,0,688,0,0,0,373,0,0,0,242,0,0,0,287,0,0,0,5,0,0,0,11537237627746540622,11537237627746540622,11537237627746540622,9648911732200115904,353317964414663724,15665880537579473254,0,0,0,0,0,0,0,0,0,0,0
73,5,710,8,10,0.085252,8328.29,0.060715,11693.94,0.050294,14117.05,0.055308,12837.28,0.071890,9876.24,0.047742,14871.69,0.074513,9528.58,0.085670,0.006004,0.011088,0.047742,0.150504,0.007557,1,89924,94719,1051890,494,0,0,0,808,0,0,0,477,0,0,0,358,0,0,0,411,0,0,0,11,0,0,0,8331374691696629787,16367643591726852913,16367643591726852913,15978658716279928658,391094824923611048,15703546076111435966,0,0,0,0,0,0,0,0,0,0,0
74,5,755,8,10,0.073326,10296.45,0.061044,12368.19,0.054981,13731.98,0.048971,15417.43,0.063100,11965.18,0.055766,13538.83,0.066914,11283.19,0.073876,0.004918,0.010193,0.055766,0.144752,0.008206,1,81930,90560,1757366,509,0,0,0,885,0,0,0,427,0,0,0,284,0,0,0,517,0,0,0,4,0,0,0,11916280485422435923,9972045673317085516,9972045673317085516,4171226447416736510,5045736698149650159,9617150960685539974,0,0,0,0,0,0,0,0,0,0,0
75,5,691,8,10,0.030524,22637.65,0.016516,41838.26,0.014962,46183.45,0.016219,42603.44,0.018083,38213.59,0.014734,46897.98,0.023822,29006.99,0.030750,0.004738,0.009323,0.014734,0.059545,0.007087,1,75965,92520,1612792,435,0,0,0,768,0,0,0,355,0,0,0,277,0,0,0,313,0,0,0,4,0,0,0,17051371763910001628,17051371763910001628,17051371763910001628,4968395651234203962,9100176573214853044,1299424906546888260,0,0,0,0,0,0,0,0,0,0,0
76,5,700,8,10,0.035814,19545.49,0.019068,36710.78,0.018830,37174.50,0.021703,32253.56,0.023481,29810.84,0.019169,36517.43,0.025731,27204.43,0.036373,0.005363,0.010097,0.019169,0.071002,0.007543,1,82037,91587,1317217,522,0,0,0,743,0,0,0,351,0,0,0,330,0,0,0,293,0,0,0,8,0,0,0,17981772861546543474,17981772861546543474,17981772861546543474,9188461951089474373,15512539115475889543,15457371587444539506,0,0,0,0,0,0,0,0,0,0,0
77,5,584,8,10,0.035054,16660.16,0.019911,29330.83,0.018682,31259.30,0.020292,28780.48,0.021783,26810.35,0.020346,28703.74,0.022918,25482.33,0.035212,0.004780,0.009971,0.020346,0.070309,0.006037,1,83201,85586,1369760,563,0,0,0,943,0,0,0,399,0,0,0,364,0,0,0,372,0,0,0,7,0,0,0,3121042096254093602,6313953100830591487,6313953100830591487,15545567099711750957,8762263625717315134,14842122390109888598,0,0,0,0,0,0,0,0,0,0,0
78,5,646,8,10,0.035784,18052.87,0.021874,29532.60,0.016406,39375.64,0.015116,42736.82,0.024065,26843.95,0.014082,45874.01,0.025324,25509.56,0.036123,0.004755,0.009684,0.014082,0.064645,0.006569,1,76197,78617,1178868,400,0,0,0,657,0,0,0,395,0,0,0,292,0,0,0,369,0,0,0,7,0,0,0,11040243405698563677,11040243405698563677,11040243405698563677,783416670686728614,5232026420116625427,11959616890456129313,0,0,0,0,0,0,0,0,0,0,0
79,5,629,8,10,0.048480,12974.53,0.027190,23133.30,0.018916,33251.62,0.018410,34165.94,0.027706,22702.32,0.022170,28371.79,0.038722,16243.84,0.048935,0.005809,0.009332,0.022170,0.086246,0.006605,2,93182,96257,1860941,533,0,0,0,771,0,0,0,333,0,0,0,280,0,0,0,274,0,0,0,12,0,0,0,15759180045263198177,13895317931225015194,13895317931225015194,1227919573447339715,16113695342698368260,4979454169584858925,0,0,0,0,0,0,0,0,0,0,0
80,5,590,8,10,0.049684,11874.96,0.026973,21873.62,0.021678,27216.11,0.027973,21091.81,0.035899,16435.03,0.027827,21202.44,0.041200,14320.29,0.049878,0.004644,0.006894,0.027827,0.089243,0.005575,2,67930,70365,1406455,374,0,0,0,602,0,0,0,320,0,0,0,176,0,0,0,211,0,0,0,8,0,0,0,15721664321646092354,5515904864815056509,5515904864815056509,6564404562579679814,7037658097621757140,14682327611985456373,0,0,0,0,0,0,0,0,0,0,0
81,5,599,8,10,0.044897,13341.75,0.028587,20953.72,0.027873,21490.56,0.028676,20888.71,0.029264,20468.74,0.027976,21411.50,0.034074,17579.32,0.045364,0.004670,0.005993,0.027976,0.084003,0.005687,3,71273,73103,1602483,402,0,0,0,810,0,0,0,340,0,0,0,228,0,0,0,289,0,0,0,5,0,0,0,14621291786287927127,8103220897384390573,8103220897384390573,17412268541494534295,6276739524797968343,8144705806419451940,0,0,0,0,0,0,0,0,0,0,0
82,5,639,8,10,0.090336,7073.60,0.066221,9649.53,0.049562,12892.94,0.057933,11029.97,0.066557,9600.77,0.062989,10144.64,0.075606,8451.68,0.091160,0.005169,0.010345,0.062989,0.169663,0.006854,1,86632,90127,995129,707,0,0,0,1032,0,0,0,489,0,0,0,431,0,0,0,597,0,0,0,6,0,0,0,2159214287433857020,9705825623424874166,9705825623424874166,310916513245882881,5912440077914790378,558115687387436339,0,0,0,0,0,0,0,0,0,0,0
83,5,673,8,10,0.032959,20419.47,0.017625,38185.32,0.016516,40747.56,0.017238,39041.79,0.022496,29915.92,0.017749,37917.35,0.023455,28692.92,0.034026,0.005457,0.010496,0.017749,0.067727,0.006921,1,84133,89203,1695895,441,0,0,0,643,0,0,0,288,0,0,0,317,0,0,0,294,0,0,0,6,0,0,0,740687960254469026,740687960254469026,740687960254469026,3419934731384420655,7775851957572118779,1233721509653873820,0,0,0,0,0,0,0,0,0,0,0
84,5,577,8,10,0.027574,20925.17,0.013771,41898.40,0.012523,46076.88,0.014044,41083.84,0.015755,36622.37,0.014240,40520.22,0.018369,31412.27,0.028171,0.004659,0.008946,0.014240,0.056016,0.005310,1,68603,69948,1156881,315,0,0,0,532,0,0,0,334,0,0,0,207,0,0,0,299,0,0,0,5,0,0,0,9431051115320728609,9431051115320728609,9431051115320728609,17817885500122380362,13315900449373474116,10910242861329398486,0,0,0,0,0,0,0,0,0,0,0
85,5,631,8,10,0.032456,19441.73,0.016910,37315.46,0.015572,40522.37,0.017654,35742.96,0.018534,34044.75,0.017766,35518.05,0.021406,29477.32,0.033331,0.005150,0.005873,0.017766,0.062119,0.006404,4,77365,79865,1387851,457,0,0,0,731,0,0,0,394,0,0,0,306,0,0,0,280,0,0,0,3,0,0,0,1667824757985987389,1667824757985987389,1667824757985987389,13653368461310084077,17245237860833160010,18097163674772374563,0,0,0,0,0,0,0,0,0,0,0
86,5,617,8,10,0.031876,19356.04,0.016994,36306.79,0.015924,38746.94,0.017516,35224.63,0.020055,30765.88,0.018651,33081.21,0.021518,28673.58,0.031724,0.005550,0.009495,0.018651,0.065420,0.006177,1,77354,80289,1967353,505,0,0,0,728,0,0,0,338,0,0,0,253,0,0,0,260,0,0,0,8,0,0,0,13826777126155811056,13356591280996929392,13356591280996929392,13987025127390201055,9981374866203175754,7589775923196868703,0,0,0,0,0,0,0,0,0,0,0
87,5,476,8,10,0.029602,16079.74,0.019356,24592.22,0.016172,29434.18,0.019507,24401.15,0.021769,21866.02,0.021698,21937.06,0.025224,18870.56,0.029966,0.004546,0.007057,0.021698,0.063267,0.004320,2,75558,79833,810519,294,0,0,0,535,0,0,0,217,0,0,0,191,0,0,0,160,0,0,0,5,0,0,0,4025740671062775562,3311722553963546401,3311722553963546401,17433415580561972491,16536659962498428887,10918763220134543046,0,0,0,0,0,0,0,0,0,0,0
88,5,676,8,10,0.041337,16353.25,0.022867,29562.11,0.016767,40316.38,0.018280,36980.96,0.024584,27497.39,0.020877,32379.47,0.032137,21035.00,0.041586,0.005074,0.007638,0.020877,0.075175,0.006684,2,77310,80030,1439680,491,0,0,0,723,0,0,0,329,0,0,0,228,0,0,0,295,0,0,0,6,0,0,0,10339151101111670472,1981067972548474062,1981067972548474062,817957227265461951,2020174869731876680,16124058381719268514,0,0,0,0,0,0,0,0,0,0,0
89,5,560,8,10,0.054806,10217.93,0.039696,14107.26,0.035387,15824.87,0.035827,15630.51,0.041003,13657.41,0.025518,21945.60,0.044362,12623.44,0.055486,0.003987,0.004971,0.025518,0.089962,0.005042,4,67243,68308,657709,340,0,0,0,821,0,0,0,326,0,0,0,221,0,0,0,195,0,0,0,5,0,0,0,13813419238117831980,36030981105742528,36030981105742528,13016371561343627786,96355371984633714,7087294149901188713,0,0,0,0,0,0,0,0,0,0,0
90,5,684,8,10,0.042957,15922.87,0.028606,23910.83,0.023260,29406.95,0.019592,34912.85,0.031192,21928.41,0.029765,22979.70,0.033125,20648.92,0.043188,0.004941,0.009164,0.029765,0.087058,0.006627,1,72165,74215,480727,457,0,0,0,818,0,0,0,378,0,0,0,278,0,0,0,400,0,0,0,8,0,0,0,3758914352787892626,9341371630738022929,9341371630738022929,5142447612715726624,4779345906490902694,1839337351826450590,0,0,0,0,0,0,0,0,0,0,0
91,5,686,8,10,0.035196,19490.72,0.015902,43138.05,0.015034,45628.73,0.016340,41983.66,0.019245,35645.25,0.018249,37590.33,0.024800,27661.69,0.035448,0.005484,0.006070,0.018249,0.065251,0.008954,4,86617,92677,1446499,528,0,0,0,671,0,0,0,388,0,0,0,300,0,0,0,264,0,0,0,11,0,0,0,11725157605911064768,4585685953560894372,4585685953560894372,12041504135757915078,3442054547991280668,7328611793525286333,0,0,0,0,0,0,0,0,0,0,0
92,5,636,8,10,0.029022,21914.57,0.017383,36587.66,0.016902,37629.34,0.017389,36574.73,0.018336,34685.63,0.016263,39107.47,0.018171,35001.05,0.029360,0.004540,0.005013,0.016263,0.055176,0.006285,4,75764,78619,1359736,536,0,0,0,914,0,0,0,452,0,0,0,464,0,0,0,429,0,0,0,6,0,0,0,12448315677024042051,12448315677024042051,12448315677024042051,2860914277333957309,11369019800010096815,3836714787166624152,0,0,0,0,0,0,0,0,0,0,0
93,5,747,8,10,0.041435,18028.02,0.024039,31074.97,0.018270,40885.63,0.019430,38445.89,0.027026,27640.17,0.020174,37028.08,0.035564,21004.50,0.042054,0.005121,0.009693,0.020174,0.077042,0.007894,1,84560,90150,1285451,798,0,0,0,1085,0,0,0,293,0,0,0,285,0,0,0,380,0,0,0,8,0,0,0,10633883551801339239,10397599142472870656,10397599142472870656,10396842720298300109,13329327601603328713,3879466987656500387,0,0,0,0,0,0,0,0,0,0,0
94,5,653,8,10,0.035083,18612.88,0.018645,35022.65,0.017853,36576.17,0.018818,34699.93,0.020041,32582.73,0.017973,36331.93,0.023547,27731.70,0.035708,0.005205,0.008779,0.017973,0.067664,0.006960,2,83549,85919,1095573,524,0,0,0,852,0,0,0,437,0,0,0,340,0,0,0,347,0,0,0,5,0,0,0,8109926062181291062,8109926062181291062,8109926062181291062,4487099045385599978,16459839208087467050,12025566614995001419,0,0,0,0,0,0,0,0,0,0,0
95,5,586,8,10,0.035617,16452.68,0.018910,30989.16,0.016933,34607.86,0.022982,25498.74,0.024338,24077.55,0.025165,23286.68,0.024131,24283.62,0.035541,0.005204,0.004807,0.025165,0.070716,0.006458,5,82223,84838,942754,502,0,0,0,714,0,0,0,415,0,0,0,324,0,0,0,330,0,0,0,4,0,0,0,5053452643500937787,16222301175475675983,16222301175475675983,1455845018503724276,14770164748077137071,15537372304339776639,0,0,0,0,0,0,0,0,0,0,0
96,5,719,8,10,0.047699,15073.85,0.025272,28450.14,0.021598,33290.52,0.020648,34821.99,0.026638,26991.22,0.025806,27861.43,0.032231,22307.69,0.048063,0.006121,0.006565,0.025806,0.086555,0.008250,4,96656,100676,625104,623,0,0,0,1009,0,0,0,456,0,0,0,343,0,0,0,380,0,0,0,4,0,0,0,1626094327355493096,1626094327355493096,1626094327355493096,6047814907602057221,17008837310634657351,6295693233087856324,0,0,0,0,0,0,0,0,0,0,0
97,5,661,8,10,0.040732,16228.20,0.024671,26792.81,0.020384,32426.90,0.019110,34589.21,0.024819,26632.79,0.026206,25223.11,0.030005,22029.78,0.041274,0.005584,0.005014,0.026206,0.078078,0.007549,5,86745,92825,808354,540,0,0,0,857,0,0,0,340,0,0,0,343,0,0,0,392,0,0,0,7,0,0,0,8574652083378100854,8574652083378100854,8574652083378100854,2987540350576133005,17089810970100834671,7511829022100934764,0,0,0,0,0,0,0,0,0,0,0
98,5,995,8,10,0.047584,20910.20,0.040511,24561.20,0.039339,25292.75,0.039081,25460.16,0.035462,28058.20,0.033126,30036.80,0.036466,27285.36,0.048027,0.006967,0.010952,0.033126,0.099072,0.013996,2,114533,125398,1108299,997,0,0,0,1581,0,0,0,574,0,0,0,498,0,0,0,566,0,0,0,11,0,0,0,13379888067003455017,5217698594608373926,5217698594608373926,11891301689984185231,1638305103438402985,16459721981812836179,0,0,0,0,0,0,0,0,0,0,0
99,5,897,8,10,0.047197,19005.52,0.031260,28694.58,0.025445,35253.01,0.020624,43493.46,0.034158,26260.47,0.032734,27402.57,0.039568,22669.80,0.047838,0.006125,0.005716,0.032734,0.092413,0.011377,5,91250,99110,596982,561,0,0,0,719,0,0,0,331,0,0,0,324,0,0,0,310,0,0,0,5,0,0,0,7116375081959601760,17560068870356828947,17560068870356828947,3777179501002077833,8445893469919784007,3414346183250629769,0,0,0,0,0,0,0,0,0,0,0
100,5,911,8,10,0.050495,18041.24,0.028501,31963.51,0.022855,39859.33,0.024198,37647.66,0.032495,28034.99,0.032975,27627.01,0.044031,20690.01,0.051038,0.006162,0.007722,0.032975,0.097898,0.011333,3,99566,108056,914274,468,0,0,0,829,0,0,0,384,0,0,0,246,0,0,0,267,0,0,0,2,0,0,0,17432008547518509892,11475107913634536523,11475107913634536523,16518103041493790562,1563416982671265973,14555811063261881940,0,0,0,0,0,0,0,0,0,0,0
101,5,907,8,10,0.043726,20742.98,0.028002,32390.71,0.023127,39218.14,0.021588,42013.68,0.029842,30393.09,0.027842,32576.57,0.038434,23598.67,0.044183,0.005749,0.005951,0.027842,0.083724,0.013070,4,89529,100999,791556,497,0,0,0,716,0,0,0,383,0,0,0,226,0,0,0,229,0,0,0,3,0,0,0,12249905675554025107,15672611732628166580,15672611732628166580,12043402414110546786,13946575802403441236,16785021350146510371,0,0,0,0,0,0,0,0,0,0,0
102,5,786,8,10,0.080563,9756.35,0.062974,12481.31,0.056807,13836.43,0.054706,14367.75,0.063000,12476.16,0.053680,14642.35,0.072846,10789.83,0.080862,0.006194,0.011937,0.053680,0.152672,0.010576,1,92847,107792,634271,569,0,0,0,870,0,0,0,336,0,0,0,237,0,0,0,495,0,0,0,4,0,0,0,4525995330576871602,4525995330576871602,4525995330576871602,14589745177870595684,17276314694628051312,16383717428058830103,0,0,0,0,0,0,0,0,0,0,0
103,5,902,8,10,0.047156,19128.10,0.027348,32982.53,0.020951,43051.83,0.021538,41878.57,0.029052,31047.91,0.018619,48444.29,0.041942,21505.74,0.047973,0.006629,0.012437,0.018619,0.085658,0.013805,1,110409,131689,621065,714,0,0,0,924,0,0,0,330,0,0,0,242,0,0,0,324,0,0,0,4,0,0,0,17174222584375104443,17174222584375104443,17174222584375104443,17532595750768037441,4595471402525433923,15024186854756337596,0,0,0,0,0,0,0,0,0,0,0
104,5,846,8,10,0.042489,19911.18,0.029393,28782.39,0.025933,32622.84,0.025803,32787.03,0.029713,28472.13,0.029429,28747.06,0.036977,22879.32,0.042932,0.006185,0.005529,0.029429,0.084076,0.010309,5,91739,112594,349583,505,0,0,0,701,0,0,0,445,0,0,0,248,0,0,0,247,0,0,0,3,0,0,0,3725784544715398964,11340217513393521932,11340217513393521932,706906477613532922,2626530901837107108,3671066832371662885,0,0,0,0,0,0,0,0,0,0,0
105,5,766,8,10,0.031876,24030.72,0.018282,41899.61,0.017451,43894.35,0.017925,42733.95,0.020404,37541.34,0.017629,43450.73,0.023378,32766.04,0.032156,0.005627,0.009660,0.017629,0.065072,0.010159,2,97104,107854,678686,697,0,0,0,1066,0,0,0,376,0,0,0,326,0,0,0,346,0,0,0,6,0,0,0,12621736994797129838,13894581174255112086,13894581174255112086,2156584740133164303,52077385856946802,13856717803089479594,0,0,0,0,0,0,0,0,0,0,0
106,5,800,8,10,0.028566,28005.08,0.016438,48668.11,0.015246,52473.81,0.016303,49071.46,0.017371,46053.17,0.016133,49588.81,0.021734,36807.87,0.028810,0.005584,0.006945,0.016133,0.057472,0.009875,3,85914,98204,1949070,537,0,0,0,903,0,0,0,364,0,0,0,311,0,0,0,318,0,0,0,3,0,0,0,1139195921412269666,14037259635101862933,14037259635101862933,1080118081421226667,12887773507712184599,15894473075853942024,0,0,0,0,0,0,0,0,0,0,0
107,5,672,8,10,0.052062,12907.63,0.042628,15764.39,0.027610,24339.21,0.026900,24981.06,0.032076,20950.31,0.028093,23920.19,0.043802,15341.73,0.052271,0.005294,0.006193,0.028093,0.091852,0.007199,3,81300,88610,1282683,564,0,0,0,780,0,0,0,426,0,0,0,280,0,0,0,287,0,0,0,11,0,0,0,3816118709458482605,3816118709458482605,3816118709458482605,17846109807367377395,17893542368888745039,16271735241513687718,0,0,0,0,0,0,0,0,0,0,0
108,5,841,8,10,0.086885,9679.42,0.074625,11269.61,0.055281,15213.17,0.055686,15102.60,0.073497,11442.66,0.070041,12007.30,0.076052,11058.21,0.087037,0.006447,0.010898,0.070041,0.174424,0.011876,1,94489,101849,404412,563,0,0,0,781,0,0,0,419,0,0,0,399,0,0,0,672,0,0,0,3,0,0,0,1275060443570780573,1275060443570780573,1275060443570780573,2132266371841304289,7528993851139034470,2132266371841304289,0,0,0,0,0,0,0,0,0,0,0
109,5,694,8,10,0.028455,24389.39,0.019035,36459.04,0.019189,36166.25,0.018569,37373.93,0.020876,33243.32,0.017933,38699.29,0.018665,37181.26,0.028736,0.005119,0.006558,0.017933,0.058347,0.007259,3,81474,84479,1731620,622,0,0,0,898,0,0,0,430,0,0,0,339,0,0,0,288,0,0,0,6,0,0,0,7250198116760928724,7250198116760928724,7250198116760928724,15953301612363552901,10879051711890498352,17454132977821945995,0,0,0,0,0,0,0,0,0,0,0
110,5,648,8,10,0.058766,11026.75,0.044884,14437.08,0.041288,15694.60,0.042067,15404.16,0.046169,14035.54,0.028508,22730.71,0.051217,12652.14,0.059044,0.005002,0.006592,0.028508,0.099145,0.006611,3,79023,81948,993435,597,0,0,0,886,0,0,0,418,0,0,0,303,0,0,0,304,0,0,0,3,0,0,0,4682081385345093871,12521828060370066381,12521828060370066381,16769415240500013636,16516052097034937008,1958289054208288162,0,0,0,0,0,0,0,0,0,0,0
111,5,698,8,10,0.024518,28468.49,0.014946,46702.79,0.013506,51680.95,0.014795,47178.27,0.016005,43611.83,0.015084,46275.10,0.015708,44435.01,0.024936,0.004500,0.005269,0.015084,0.049789,0.007826,4,73301,77686,1285428,401,0,0,0,653,0,0,0,317,0,0,0,272,0,0,0,269,0,0,0,3,0,0,0,4395903306954597882,4395903306954597882,4395903306954597882,8396588597270907652,9161359163614855804,10318327983637113031,0,0,0,0,0,0,0,0,0,0,0
112,5,692,8,10,0.043252,15999.16,0.024124,28685.57,0.018067,38301.20,0.022206,31162.95,0.028516,24267.11,0.019722,35086.97,0.033618,20584.33,0.043577,0.005729,0.010342,0.019722,0.079370,0.008002,1,91319,105039,1588866,637,0,0,0,879,0,0,0,337,0,0,0,236,0,0,0,247,0,0,0,6,0,0,0,8090631432456359278,8090631432456359278,8090631432456359278,7596656219626739675,7196970967157533246,17626825071669475790,0,0,0,0,0,0,0,0,0,0,0
113,5,881,8,10,0.038027,23167.53,0.023658,37238.93,0.017953,49072.34,0.018918,46569.63,0.022518,39124.82,0.017746,49645.59,0.033550,26259.70,0.038627,0.006540,0.012189,0.017746,0.075102,0.011567,1,110993,146893,1485013,801,0,0,0,1083,0,0,0,383,0,0,0,271,0,0,0,315,0,0,0,6,0,0,0,11705751306392563933,11705751306392563933,11705751306392563933,17078144023176422944,13932613161419560826,6328461619669914887,0,0,0,0,0,0,0,0,0,0,0
114,5,608,8,10,0.024562,24753.58,0.014141,42995.06,0.012918,47065.34,0.013389,45411.25,0.015033,40444.23,0.014251,42664.86,0.015680,38775.79,0.024722,0.004327,0.005596,0.014251,0.048894,0.005542,3,67193,68238,1576098,336,0,0,0,450,0,0,0,300,0,0,0,214,0,0,0,216,0,0,0,3,0,0,0,11609334283662313088,2737845793071624327,2737845793071624327,3992976256545917981,18045298351489098940,16273452532309442069,0,0,0,0,0,0,0,0,0,0,0
115,5,855,8,10,0.031255,27355.85,0.016696,51209.57,0.014991,57034.05,0.014922,57299.27,0.017333,49326.99,0.015757,54262.60,0.032414,26377.20,0.031726,0.006261,0.010048,0.015757,0.063792,0.013700,2,99667,181582,1113244,1023,0,0,0,1192,0,0,0,260,0,0,0,224,0,0,0,261,0,0,0,6,0,0,0,8185151634814332287,13797965950220364399,13797965950220364399,8364874687651648989,7847250284865267623,8364874687651648989,0,0,0,0,0,0,0,0,0,0,0
116,5,620,8,10,0.031687,19566.34,0.016658,37219.68,0.014720,42119.43,0.019605,31623.83,0.021546,28775.75,0.018856,32880.09,0.023264,26651.17,0.031813,0.004923,0.005585,0.018856,0.061177,0.006257,4,79122,81717,798598,421,0,0,0,752,0,0,0,336,0,0,0,242,0,0,0,213,0,0,0,9,0,0,0,3943900040967625966,6113602765739187977,6113602765739187977,16800399573501136016,730126119780592027,5981863190114783499,0,0,0,0,0,0,0,0,0,0,0
117,5,663,8,10,0.030632,21644.34,0.014570,45505.04,0.014640,45286.48,0.014583,45463.46,0.016827,39400.53,0.015877,41757.69,0.021162,31329.23,0.030971,0.005290,0.005386,0.015877,0.057525,0.007259,4,83052,88657,453435,476,0,0,0,768,0,0,0,297,0,0,0,261,0,0,0,252,0,0,0,5,0,0,0,10749183974637184469,1897483359103307490,1897483359103307490,14032514198375672576,13244867305529731129,18116457272938461702,0,0,0,0,0,0,0,0,0,0,0
118,5,790,8,10,0.031937,24736.16,0.016509,47851.94,0.014630,53998.48,0.017160,46036.46,0.018499,42705.22,0.016884,46789.46,0.025600,30859.64,0.032142,0.005815,0.011482,0.016884,0.066323,0.009707,1,90530,115900,866790,685,0,0,0,1001,0,0,0,371,0,0,0,287,0,0,0,314,0,0,0,1,0,0,0,8612912937287515676,8612912937287515676,8612912937287515676,7285110692966345007,2059172141965395297,4885904110014002560,0,0,0,0,0,0,0,0,0,0,0
119,5,839,8,10,0.029163,28769.33,0.016467,50949.22,0.015115,55508.13,0.016675,50315.38,0.017485,47984.75,0.016043,52297.52,0.019087,43956.60,0.029566,0.005847,0.011622,0.016043,0.063079,0.010152,1,87483,92848,599124,413,0,0,0,596,0,0,0,369,0,0,0,303,0,0,0,442,0,0,0,3,0,0,0,12090369589205456545,2389479165611272153,2389479165611272153,9999319396540234306,13670137296826996289,8214606733667345260,0,0,0,0,0,0,0,0,0,0,0
120,5,806,8,10,0.040153,20073.05,0.018056,44639.07,0.020649,39033.73,0.022456,35891.86,0.020328,39648.84,0.021588,37336.27,0.027551,29254.38,0.040433,0.006690,0.012405,0.021588,0.081115,0.010695,1,101413,107428,899654,494,0,0,0,705,0,0,0,337,0,0,0,297,0,0,0,371,0,0,0,4,0,0,0,13845594170119384807,2179773993593197718,2179773993593197718,12450399933959884219,11521000669977958020,7046454487965344695,0,0,0,0,0,0,0,0,0,0,0
121,5,765,8,10,0.036357,21041.21,0.018968,40330.97,0.017196,44487.64,0.019882,38477.72,0.021287,35937.03,0.018714,40877.88,0.039774,19233.50,0.036925,0.006108,0.010504,0.018714,0.072250,0.009561,2,100553,171853,314336,564,0,0,0,791,0,0,0,211,0,0,0,193,0,0,0,252,0,0,0,2,0,0,0,9653662748725448390,1770930433636103647,1770930433636103647,2849395068871691290,4819457891928987533,464527798100194887,0,0,0,0,0,0,0,0,0,0,0
122,5,707,8,10,0.033732,20959.02,0.018997,37217.22,0.014401,49093.21,0.016724,42275.62,0.022433,31516.03,0.017888,39522.70,0.026883,26299.48,0.033743,0.006613,0.008512,0.017888,0.066756,0.007941,3,100019,105379,365497,405,0,0,0,631,0,0,0,267,0,0,0,243,0,0,0,259,0,0,0,5,0,0,0,5710303876275201526,18171740194013943107,18171740194013943107,1561359043133888175,10603057871103354844,12816021778971651108,0,0,0,0,0,0,0,0,0,0,0
123,5,714,8,10,0.031993,22317.51,0.018887,37803.21,0.017520,40752.70,0.019637,36359.67,0.021354,33436.51,0.021286,33542.70,0.023776,30029.84,0.032466,0.005624,0.005366,0.021286,0.064743,0.007932,5,87497,95192,699464,586,0,0,0,851,0,0,0,369,0,0,0,334,0,0,0,326,0,0,0,4,0,0,0,9923174296235988035,4155851232744723260,4155851232744723260,14185289989442624768,10286564184744650471,13689078169584694743,0,0,0,0,0,0,0,0,0,0,0
124,5,954,8,10,0.033774,28246.42,0.019671,48498.13,0.017447,54681.03,0.018859,50586.58,0.020829,45801.57,0.018441,51732.83,0.025116,37984.16,0.034118,0.006902,0.010805,0.018441,0.070266,0.014821,2,101179,121819,518696,813,0,0,0,919,0,0,0,434,0,0,0,376,0,0,0,334,0,0,0,6,0,0,0,15765027049649618276,11089123564225568697,11089123564225568697,9775020035321912089,16504030779291110443,15308378533880993005,0,0,0,0,0,0,0,0,0,0,0
125,5,826,8,10,0.071592,11537.62,0.058515,14116.13,0.050897,16228.75,0.050753,16275.00,0.061751,13376.24,0.060839,13576.88,0.066800,12365.27,0.071753,0.005808,0.005489,0.060839,0.143888,0.009537,5,82889,92399,390387,413,0,0,0,587,0,0,0,374,0,0,0,214,0,0,0,195,0,0,0,1,0,0,0,2292028106729572425,8519393415120648188,8519393415120648188,4633872749348554748,13299301571586862275,7379965222807421210,0,0,0,0,0,0,0,0,0,0,0
126,5,852,8,10,0.037696,22601.66,0.019435,43837.85,0.018365,46391.75,0.018978,44894.85,0.021282,40032.99,0.018927,45014.89,0.035773,23816.61,0.038069,0.006936,0.010592,0.018927,0.074523,0.012510,2,107036,156691,1026801,657,0,0,0,877,0,0,0,309,0,0,0,260,0,0,0,290,0,0,0,0,0,0,0,18329348276080548572,10513537791394439343,10513537791394439343,7126379746751073195,14842422674768734923,9683397438442830359,0,0,0,0,0,0,0,0,0,0,0
127,5,591,8,10,0.034308,17226.50,0.019283,30649.04,0.016535,35742.34,0.013729,43047.52,0.021753,27169.08,0.016693,35404.77,0.035534,16631.88,0.034488,0.005323,0.008881,0.016693,0.065385,0.007051,1,78074,123694,443007,357,0,0,0,533,0,0,0,239,0,0,0,176,0,0,0,280,0,0,0,1,0,0,0,9599177480680892472,13602958560075956835,13602958560075956835,3378590197765352500,3317939915678544374,5085059914760217990,0,0,0,0,0,0,0,0,0,0,0
128,5,948,8,10,0.045243,20953.56,0.027481,34496.87,0.020771,45641.13,0.022020,43052.01,0.030845,30733.94,0.027742,34172.39,0.036692,25836.47,0.045408,0.006536,0.009746,0.027742,0.089433,0.016218,2,95280,106850,516756,596,0,0,0,913,0,0,0,492,0,0,0,454,0,0,0,421,0,0,0,7,0,0,0,5625678960561811375,15425267657640367916,15425267657640367916,10253563729717180049,7477160082619987654,3910878760230864117,0,0,0,0,0,0,0,0,0,0,0
129,5,765,8,10,0.029742,25721.46,0.015720,48663.20,0.013065,58551.85,0.014985,51050.57,0.016301,46930.75,0.014328,53393.40,0.018933,40405.19,0.029308,0.005477,0.010472,0.014328,0.059586,0.008603,1,85160,89980,599864,410,0,0,0,676,0,0,0,372,0,0,0,309,0,0,0,382,0,0,0,8,0,0,0,6573006837951559196,6573006837951559196,6573006837951559196,13653046034003163994,16564190626154555732,14065091854240008113,0,0,0,0,0,0,0,0,0,0,0
130,5,653,8,10,0.031258,20890.84,0.018055,36167.13,0.015869,41150.11,0.021178,30833.49,0.023330,27989.79,0.018862,34620.46,0.020603,31694.57,0.031489,0.005045,0.010028,0.018862,0.065424,0.006961,1,81715,83855,371468,374,0,0,0,591,0,0,0,344,0,0,0,260,0,0,0,317,0,0,0,5,0,0,0,6084477600148553042,6583503323314907107,6583503323314907107,13363863156759167503,7690688024823640049,17547777203566539885,0,0,0,0,0,0,0,0,0,0,0
131,5,810,8,10,0.035180,23024.15,0.018063,44843.79,0.015865,51055.78,0.021128,38337.02,0.023688,34194.05,0.020783,38973.90,0.024012,33732.76,0.035567,0.006221,0.011213,0.020783,0.073785,0.010213,1,94735,98455,631431,483,0,0,0,703,0,0,0,316,0,0,0,256,0,0,0,278,0,0,0,5,0,0,0,2460612795566735478,2561363589097770561,2561363589097770561,13348126170675660332,13413617956108515634,2411588727142299512,0,0,0,0,0,0,0,0,0,0,0
132,5,644,8,10,0.043388,14842.88,0.027549,23376.15,0.024246,26561.23,0.025890,24874.20,0.029420,21889.98,0.024292,26511.32,0.032121,20049.08,0.044208,0.005930,0.011009,0.024292,0.085438,0.006954,1,91632,93277,846595,355,0,0,0,587,0,0,0,345,0,0,0,233,0,0,0,269,0,0,0,4,0,0,0,12362628421382669216,7477413778180566437,7477413778180566437,15361300088831468498,1580941265257377337,15361300088831468498,0,0,0,0,0,0,0,0,0,0,0
133,5,904,8,10,0.042751,21145.46,0.023940,37760.77,0.018260,49507.19,0.020123,44923.16,0.025409,35577.76,0.020201,44751.31,0.028161,32100.85,0.043062,0.007093,0.012390,0.020201,0.082745,0.012736,1,104377,108552,578860,619,0,0,0,979,0,0,0,494,0,0,0,405,0,0,0,451,0,0,0,8,0,0,0,12669220732343521454,12292413071938713633,12292413071938713633,16867924405475630152,3668943747874060045,4012605214807406115,0,0,0,0,0,0,0,0,0,0,0
134,5,805,8,10,0.037363,21545.54,0.021977,36629.98,0.015744,51130.09,0.021792,36939.88,0.025099,32072.73,0.023401,34400.85,0.029043,27717.32,0.037587,0.005995,0.010957,0.023401,0.077940,0.009844,1,91554,96744,459624,490,0,0,0,790,0,0,0,402,0,0,0,336,0,0,0,356,0,0,0,4,0,0,0,1348152002847028778,3831268656781253847,3831268656781253847,9344811752914716721,5507682658901153058,213309957176650136,0,0,0,0,0,0,0,0,0,0,0
135,5,769,8,10,0.029620,25962.32,0.016506,46589.52,0.015447,49782.04,0.016472,46685.48,0.019084,40295.96,0.017702,43440.64,0.021921,35081.02,0.029936,0.005586,0.005126,0.017702,0.058350,0.008408,5,84490,90750,482499,435,0,0,0,647,0,0,0,351,0,0,0,293,0,0,0,278,0,0,0,4,0,0,0,6987738013700067943,3590573071329248257,3590573071329248257,13828174313627162704,7510715098578833487,15536471410018281289,0,0,0,0,0,0,0,0,0,0,0
136,5,821,8,10,0.063071,13017.09,0.045812,17920.90,0.038880,21116.52,0.036277,22631.29,0.048514,16923.10,0.036249,22648.92,0.061244,13405.37,0.062261,0.006616,0.011945,0.036249,0.117072,0.010580,1,101859,139434,628788,582,0,0,0,863,0,0,0,354,0,0,0,261,0,0,0,303,0,0,0,1,0,0,0,6502335042110145286,2205993075592063089,2205993075592063089,4966519079237817770,8299537707920456920,2478366637671400053,0,0,0,0,0,0,0,0,0,0,0
137,5,692,8,10,0.068737,10067.40,0.055446,12480.57,0.050005,13838.69,0.046445,14899.30,0.056472,12253.76,0.049425,14001.01,0.058714,11785.94,0.068347,0.005720,0.010453,0.049425,0.133945,0.007547,1,81793,84933,457522,415,0,0,0,588,0,0,0,367,0,0,0,259,0,0,0,437,0,0,0,1,0,0,0,11594219870734312242,9848305107167980452,9848305107167980452,2689572336686274426,994751764702231911,10295703403401988495,0,0,0,0,0,0,0,0,0,0,0
138,5,760,8,10,0.031982,23763.32,0.018617,40822.49,0.016936,44875.28,0.017732,42860.70,0.019582,38810.81,0.018959,40086.54,0.020589,36913.68,0.032204,0.005762,0.006289,0.018959,0.063214,0.008750,4,89859,94004,1005539,551,0,0,0,845,0,0,0,391,0,0,0,349,0,0,0,338,0,0,0,7,0,0,0,2817416396467688629,13530867830217527646,13530867830217527646,1376679287912010957,566296378228420588,15338780120277191641,0,0,0,0,0,0,0,0,0,0,0
139,5,755,8,10,0.041948,17998.45,0.025824,29236.87,0.019342,39033.31,0.020615,36624.38,0.026400,28598.80,0.022112,34143.68,0.039983,18882.89,0.042334,0.006071,0.010645,0.022112,0.081163,0.011111,1,85141,115681,497604,369,0,0,0,600,0,0,0,237,0,0,0,210,0,0,0,290,0,0,0,2,0,0,0,13437875600223434547,14933751023705269083,14933751023705269083,6800864742503439812,11464087781936178110,8066797428160856262,0,0,0,0,0,0,0,0,0,0,0
140,5,614,8,10,0.026077,23545.67,0.014330,42846.55,0.012476,49212.81,0.014243,43108.26,0.016086,38169.34,0.014556,42181.36,0.018271,33605.46,0.026382,0.005308,0.010067,0.014556,0.056313,0.006120,1,81659,83359,560884,306,0,0,0,481,0,0,0,337,0,0,0,183,0,0,0,224,0,0,0,5,0,0,0,11889325484892503100,11889325484892503100,11889325484892503100,15629210009753497921,14693620777402198289,11840625300118427300,0,0,0,0,0,0,0,0,0,0,0
141,5,805,8,10,0.032699,24618.20,0.016957,47472.75,0.015333,52501.23,0.018339,43895.05,0.019387,41522.44,0.019465,41357.33,0.026893,29932.90,0.033138,0.005864,0.005464,0.019465,0.063930,0.008801,5,91181,117881,729411,450,0,0,0,769,0,0,0,463,0,0,0,281,0,0,0,289,0,0,0,6,0,0,0,9952223762637909049,12741842925994019533,12741842925994019533,17872136435434180811,724110429086901151,10586248375668029745,0,0,0,0,0,0,0,0,0,0,0
142,5,761,8,10,0.030487,24961.56,0.016409,46376.50,0.014750,51593.79,0.016631,45758.42,0.019070,39905.21,0.016193,46995.37,0.023904,31835.43,0.030692,0.005196,0.010063,0.016193,0.062144,0.008051,1,82882,109682,450973,450,0,0,0,557,0,0,0,364,0,0,0,299,0,0,0,316,0,0,0,1,0,0,0,11481041121142696556,17961957777554107781,17961957777554107781,17054122085603106457,4228651037730443137,15950302522305096189,0,0,0,0,0,0,0,0,0,0,0
143,5,833,8,10,0.026092,31925.43,0.014866,56035.49,0.013962,59662.23,0.015827,52633.00,0.017569,47412.47,0.017246,48302.13,0.027117,30718.40,0.026548,0.005085,0.005641,0.017246,0.054520,0.007935,4,75992,130322,560074,393,0,0,0,643,0,0,0,286,0,0,0,210,0,0,0,216,0,0,0,1,0,0,0,17993963981972899310,17543169898210246677,17543169898210246677,11683062728179262428,15503557037576122037,4691219178099620966,0,0,0,0,0,0,0,0,0,0,0
144,5,716,8,10,0.035832,19982.40,0.022859,31322.67,0.014569,49146.94,0.014971,47827.12,0.023722,30183.46,0.014602,49034.26,0.030863,23199.60,0.036242,0.005167,0.009697,0.014602,0.065708,0.006886,1,78542,104822,544941,358,0,0,0,584,0,0,0,289,0,0,0,210,0,0,0,306,0,0,0,8,0,0,0,10490686566017690098,8072446691134672427,8072446691134672427,13449292957167233548,2837883468951506208,4250384362131209083,0,0,0,0,0,0,0,0,0,0,0
145,5,673,8,10,0.030546,22032.04,0.014373,46823.44,0.013468,49972.13,0.016761,40153.49,0.017682,38060.66,0.017616,38204.92,0.021089,31912.14,0.031037,0.005182,0.006798,0.017616,0.060632,0.007253,3,79680,81870,919974,371,0,0,0,699,0,0,0,342,0,0,0,237,0,0,0,292,0,0,0,5,0,0,0,6253242281539414736,6253242281539414736,6253242281539414736,9173298275473309196,966951906193582816,17670719637975613476,0,0,0,0,0,0,0,0,0,0,0
146,5,588,8,10,0.027782,21165.05,0.015935,36899.33,0.014710,39974.06,0.015308,38410.94,0.017265,34058.26,0.017147,34291.02,0.017839,32961.80,0.028035,0.005454,0.007838,0.017147,0.058475,0.006617,2,85210,86920,396036,460,0,0,0,661,0,0,0,337,0,0,0,251,0,0,0,333,0,0,0,5,0,0,0,14130127582013304996,11389619264921975216,11389619264921975216,14689328557075881603,1113696857169453463,10883488801807968554,0,0,0,0,0,0,0,0,0,0,0
147,5,649,8,10,0.031753,20439.00,0.016139,40212.74,0.015150,42838.40,0.017794,36473.89,0.019615,33087.10,0.017963,36129.57,0.022541,28791.95,0.032149,0.005837,0.010399,0.017963,0.066348,0.006845,1,82920,85600,628915,397,0,0,0,602,0,0,0,285,0,0,0,202,0,0,0,276,0,0,0,3,0,0,0,14516165877868573590,14538812654956656045,14538812654956656045,8088975143292140815,206206405120550078,12435366712018875099,0,0,0,0,0,0,0,0,0,0,0
148,5,978,8,10,0.042422,23054.34,0.020703,47239.61,0.015734,62158.08,0.018311,53410.92,0.024162,40476.73,0.016192,60401.13,0.039199,24949.59,0.043202,0.006962,0.013232,0.016192,0.079588,0.011167,1,104450,159535,784467,423,0,0,0,765,0,0,0,381,0,0,0,396,0,0,0,373,0,0,0,6,0,0,0,16888241240575115497,14642350221427924417,14642350221427924417,14314113861365946778,12189394765917566366,10078593774646417496,0,0,0,0,0,0,0,0,0,0,0
149,5,687,8,10,0.043649,15739.18,0.021824,31478.81,0.015721,43698.70,0.017583,39071.58,0.027038,25408.55,0.021643,31742.87,0.033918,20254.47,0.043850,0.005951,0.008293,0.021643,0.079736,0.007399,3,95269,97454,590785,378,0,0,0,732,0,0,0,466,0,0,0,236,0,0,0,298,0,0,0,8,0,0,0,854261460985341673,854261460985341673,854261460985341673,6097556005630651276,1654010578666417554,2259278824028460908,0,0,0,0,0,0,0,0,0,0,0
150,5,611,8,10,0.025159,24285.45,0.014708,41541.91,0.013080,46711.38,0.014548,42000.27,0.015791,38693.78,0.021174,28856.39,0.016118,37908.91,0.025376,0.004839,0.004435,0.021174,0.055824,0.005670,5,71746,73471,486112,330,0,0,0,430,0,0,0,299,0,0,0,191,0,0,0,191,0,0,0,1,0,0,0,4359795477919953025,1162755308403674944,1162755308403674944,16844260177431133381,11077942004259285060,4080124309487326194,0,0,0,0,0,0,0,0,0,0,0
151,5,562,8,10,0.033578,16736.95,0.019580,28703.45,0.013343,42118.91,0.013315,42208.04,0.020658,27204.41,0.016068,34975.81,0.023732,23680.94,0.033782,0.004724,0.008915,0.016068,0.063490,0.005235,1,75351,77316,870535,272,0,0,0,532,0,0,0,225,0,0,0,162,0,0,0,293,0,0,0,6,0,0,0,9839769146156352422,4466667673043796326,4466667673043796326,12734953434727293746,6806018898670942071,5214112179380844519,0,0,0,0,0,0,0,0,0,0,0
152,5,652,8,10,0.035187,18529.44,0.016883,38619.77,0.013790,47280.82,0.015300,42615.16,0.021210,30740.20,0.016304,39989.26,0.023570,27662.30,0.035117,0.005740,0.011082,0.016304,0.068244,0.006902,1,94404,97719,819136,384,0,0,0,562,0,0,0,219,0,0,0,230,0,0,0,315,0,0,0,3,0,0,0,8111522181731807587,5914092714451287861,5914092714451287861,14254380258939122883,4935443768925035420,4561144893756032287,0,0,0,0,0,0,0,0,0,0,0
153,5,648,8,10,0.028658,22611.16,0.016617,38995.50,0.015147,42781.76,0.017678,36655.79,0.018567,34901.07,0.017886,36228.64,0.019512,33210.25,0.029015,0.004968,0.008773,0.017886,0.060642,0.007234,2,76178,78468,447348,423,0,0,0,609,0,0,0,335,0,0,0,266,0,0,0,279,0,0,0,1,0,0,0,6115849579714177261,8346930161150186832,8346930161150186832,371499316748900806,5238341828782939304,10254011023591787110,0,0,0,0,0,0,0,0,0,0,0
154,5,865,8,10,0.030138,28701.61,0.013556,63808.68,0.012682,68206.98,0.012901,67048.72,0.016114,53681.06,0.013771,62811.48,0.026844,32223.59,0.030475,0.006185,0.011199,0.013771,0.061630,0.008777,1,85085,127690,826085,312,0,0,0,482,0,0,0,204,0,0,0,240,0,0,0,218,0,0,0,5,0,0,0,18257942859998835746,12750106331229073947,12750106331229073947,772646410914396027,1682932269595187955,12859325420860742830,0,0,0,0,0,0,0,0,0,0,0
155,5,638,8,10,0.042920,14865.00,0.027767,22976.96,0.019814,32199.60,0.020544,31055.64,0.026778,23825.46,0.019568,32604.97,0.032326,19736.39,0.043199,0.005009,0.009567,0.019568,0.077343,0.006434,1,76269,78814,699348,468,0,0,0,876,0,0,0,464,0,0,0,325,0,0,0,422,0,0,0,10,0,0,0,16876568266784100805,16876568266784100805,16876568266784100805,10978632732713672967,10263776471286833815,4289095779862790361,0,0,0,0,0,0,0,0,0,0,0
156,5,677,8,10,0.048024,14097.13,0.026592,25458.56,0.021500,31488.25,0.020155,33590.25,0.027309,24790.37,0.021266,31834.64,0.034895,19401.15,0.048083,0.005240,0.008807,0.021266,0.083397,0.008233,2,79470,82125,994897,354,0,0,0,536,0,0,0,263,0,0,0,184,0,0,0,299,0,0,0,5,0,0,0,5205531273162704174,8806854299605474512,8806854299605474512,15305942353095942801,13206565253103994099,13864260382013166516,0,0,0,0,0,0,0,0,0,0,0
157,5,802,8,10,0.029420,27260.29,0.015940,50314.92,0.015054,53274.48,0.016898,47460.68,0.018687,42916.75,0.015704,51069.19,0.020727,38693.17,0.029612,0.005756,0.011170,0.015704,0.062242,0.010618,1,86766,94466,403010,553,0,0,0,807,0,0,0,289,0,0,0,202,0,0,0,215,0,0,0,5,0,0,0,6631940677148712948,14459588538039322158,14459588538039322158,12782621054748897319,17458096599448800474,18016851873999107269,0,0,0,0,0,0,0,0,0,0,0
158,5,749,8,10,0.037061,20210.00,0.017266,43379.88,0.015840,47286.35,0.018634,40195.01,0.019421,38567.35,0.015508,48298.78,0.023573,31773.00,0.037415,0.005976,0.011211,0.015508,0.070109,0.008561,1,89149,92819,1009927,448,0,0,0,684,0,0,0,289,0,0,0,199,0,0,0,231,0,0,0,2,0,0,0,9937867404510881234,15147285424623530401,15147285424623530401,12538309637138888620,13701523829270682068,576404508536488298,0,0,0,0,0,0,0,0,0,0,0
159,5,694,8,10,0.047078,14741.37,0.026462,26226.11,0.018855,36807.09,0.022202,31258.72,0.029658,23400.40,0.024489,28338.70,0.039510,17565.29,0.047450,0.006162,0.012734,0.024489,0.090835,0.007672,1,97006,101371,842117,327,0,0,0,558,0,0,0,351,0,0,0,239,0,0,0,320,0,0,0,4,0,0,0,4224192092485952201,12556723639284960943,12556723639284960943,11355555043044287216,13168568711380050402,11099075367161426388,0,0,0,0,0,0,0,0,0,0,0
160,5,790,8,10,0.045180,17485.73,0.023540,33559.22,0.019837,39824.56,0.020105,39292.77,0.026164,30194.58,0.020285,38944.08,0.032952,23973.98,0.045817,0.007488,0.013096,0.020285,0.086687,0.009477,2,115214,121124,534869,481,0,0,0,696,0,0,0,335,0,0,0,277,0,0,0,293,0,0,0,7,0,0,0,11697866586559958317,11697866586559958317,11697866586559958317,10859631152214301590,8959645183700419406,16989352100118350093,0,0,0,0,0,0,0,0,0,0,0
161,5,632,8,10,0.029571,21372.54,0.015630,40435.63,0.012400,50967.49,0.015018,42082.11,0.015800,40001.01,0.013188,47920.98,0.021103,29948.15,0.029793,0.004986,0.009289,0.013188,0.057257,0.006188,1,75188,77453,942381,279,0,0,0,456,0,0,0,289,0,0,0,212,0,0,0,250,0,0,0,5,0,0,0,2630147599257021244,12080019412419622794,12080019412419622794,11542437180983607324,6748925285196280287,17998057719227533633,0,0,0,0,0,0,0,0,0,0,0
162,5,707,8,10,0.038190,18512.62,0.018489,38238.28,0.015993,44207.39,0.019247,36733.23,0.023556,30013.39,0.042198,16754.50,0.028671,24658.73,0.038548,0.006015,0.011185,0.042198,0.097946,0.007811,1,92491,95231,601344,403,0,0,0,747,0,0,0,294,0,0,0,204,0,0,0,0,0,0,0,8,0,0,0,7226855275106405317,2377216664521626763,2377216664521626763,4641649902822102664,3509587820449180739,4393351392845352225,0,0,0,0,0,0,0,0,0,0,1
163,5,728,8,10,0.034809,20914.24,0.015697,46377.29,0.014010,51964.46,0.016168,45026.70,0.017197,42333.82,0.016249,44802.02,0.023192,31390.21,0.035072,0.006010,0.011241,0.016249,0.068572,0.008168,1,103238,113338,947144,424,0,0,0,694,0,0,0,341,0,0,0,280,0,0,0,315,0,0,0,4,0,0,0,2091981443399009246,8840949714171140008,8840949714171140008,3477307951431204659,4107621920090831324,3122083293733382069,0,0,0,0,0,0,0,0,0,0,0
164,5,631,8,10,0.030742,20525.74,0.017804,35441.83,0.015170,41594.06,0.016456,38345.37,0.018474,34155.64,0.017215,36655.12,0.021072,29944.51,0.031003,0.004804,0.009347,0.017215,0.062369,0.006174,1,73652,76347,1163721,477,0,0,0,715,0,0,0,320,0,0,0,229,0,0,0,265,0,0,0,6,0,0,0,13378520745363402890,15814518091320478420,15814518091320478420,6227393864804512289,11188775583243574889,6634994470321495773,0,0,0,0,0,0,0,0,0,0,0
165,5,605,8,10,0.029997,20168.89,0.014683,41204.70,0.012987,46584.31,0.015388,39317.44,0.017122,35335.26,0.015401,39283.56,0.021079,28701.03,0.030146,0.004839,0.009216,0.015401,0.059602,0.005767,1,73471,76171,734677,276,0,0,0,481,0,0,0,250,0,0,0,151,0,0,0,196,0,0,0,1,0,0,0,9100865386920367879,16578316427222769254,16578316427222769254,15268898385106914090,17148743025344743734,15574952283686833888,0,0,0,0,0,0,0,0,0,0,0
166,5,751,8,10,0.038862,19324.99,0.019240,39033.54,0.018258,41132.86,0.020389,36832.99,0.021916,34267.98,0.019583,38350.12,0.024755,30337.84,0.039194,0.006287,0.012266,0.019583,0.077329,0.009493,1,95050,98635,926938,579,0,0,0,777,0,0,0,357,0,0,0,350,0,0,0,329,0,0,0,8,0,0,0,4041941773527214813,10195043064309657515,10195043064309657515,4980947847201352757,5717855710949794141,11707483971654355190,0,0,0,0,0,0,0,0,0,0,0
167,5,715,8,10,0.040251,17763.66,0.017902,39940.75,0.016992,42079.23,0.019902,35926.83,0.022084,32376.69,0.021648,33028.87,0.027950,25581.20,0.040295,0.006022,0.005620,0.021648,0.073585,0.007684,5,95389,97799,742922,382,0,0,0,694,0,0,0,588,0,0,0,316,0,0,0,339,0,0,0,5,0,0,0,8399617015088466866,5173627319035031202,5173627319035031202,17171972637037857611,17171972637037857611,10542063170134176113,0,0,0,0,0,0,0,0,0,0,0
168,5,688,8,10,0.043601,15779.47,0.023485,29295.74,0.018767,36659.34,0.016994,40485.37,0.024207,28421.01,0.024017,28646.76,0.028976,23743.87,0.043826,0.005849,0.005541,0.024017,0.079232,0.007836,5,92677,94527,774046,463,0,0,0,677,0,0,0,435,0,0,0,310,0,0,0,302,0,0,0,5,0,0,0,9608658432283292776,618321314071205407,618321314071205407,16785623919715284052,17098267444232575261,14923311209243374123,0,0,0,0,0,0,0,0,0,0,0
169,5,713,8,10,0.038379,18577.87,0.019073,37382.91,0.015514,45958.84,0.016613,42918.59,0.022745,31347.64,0.015288,46639.20,0.023918,29810.79,0.038736,0.005406,0.010774,0.015288,0.070204,0.007761,1,85837,88122,963415,462,0,0,0,767,0,0,0,362,0,0,0,369,0,0,0,348,0,0,0,14,0,0,0,1006584106266266030,11143678986914210715,11143678986914210715,3706417767477383952,17683190196750963301,6355859700347710992,0,0,0,0,0,0,0,0,0,0,0
170,5,655,8,10,0.037771,17341.37,0.020632,31747.14,0.015703,41711.85,0.016112,40653.60,0.021272,30792.03,0.015236,42990.70,0.023223,28204.61,0.038194,0.005766,0.010519,0.015236,0.069715,0.006821,1,83185,84970,1322233,410,0,0,0,671,0,0,0,337,0,0,0,257,0,0,0,335,0,0,0,3,0,0,0,241322484277728059,241322484277728059,241322484277728059,10038953115288691339,11620486712886924260,5407639367339075429,0,0,0,0,0,0,0,0,0,0,0
171,5,659,8,10,0.033744,19529.34,0.015785,41749.14,0.013910,47375.15,0.017321,38047.21,0.018779,35092.38,0.018825,35006.82,0.023101,28526.46,0.033985,0.004994,0.005521,0.018825,0.063325,0.007100,4,78284,82004,1051436,437,0,0,0,794,0,0,0,385,0,0,0,296,0,0,0,299,0,0,0,2,0,0,0,7211032995635394573,475284499991687585,475284499991687585,9554571863270083654,5041265407532496128,13391807492691806626,0,0,0,0,0,0,0,0,0,0,0
172,5,636,8,10,0.037395,17007.40,0.019775,32161.66,0.012275,51811.16,0.019087,33321.72,0.021916,29020.23,0.019647,32371.88,0.025392,25046.97,0.037499,0.005139,0.008181,0.019647,0.070465,0.006226,2,73354,74664,841592,346,0,0,0,485,0,0,0,309,0,0,0,232,0,0,0,216,0,0,0,4,0,0,0,6446854531929679321,6446854531929679321,6446854531929679321,13269284781049884511,6158858023170862375,13622161817907671246,0,0,0,0,0,0,0,0,0,0,0
173,5,677,8,10,0.033751,20058.57,0.017849,37928.38,0.016360,41382.53,0.019212,35238.87,0.019933,33963.19,0.017846,37934.61,0.022184,30516.81,0.034006,0.005352,0.010007,0.017846,0.067212,0.007842,1,84334,86919,710310,490,0,0,0,704,0,0,0,382,0,0,0,264,0,0,0,322,0,0,0,6,0,0,0,17375304301631822915,8065022942806473975,8065022942806473975,6629596145169774465,14913876010796052305,10249345167219054795,0,0,0,0,0,0,0,0,0,0,0
174,5,611,8,10,0.033889,18029.51,0.018385,33232.86,0.016293,37500.73,0.016950,36047.62,0.019241,31754.68,0.017958,34024.28,0.023195,26341.44,0.034174,0.005168,0.009861,0.017958,0.067160,0.005981,1,77881,79251,646800,325,0,0,0,591,0,0,0,433,0,0,0,242,0,0,0,298,0,0,0,5,0,0,0,2449983980234086136,5517960698884412097,5517960698884412097,3239910280659200503,16117308465128497042,9509365672291492929,0,0,0,0,0,0,0,0,0,0,0
175,5,653,8,10,0.051598,12655.45,0.028378,23010.60,0.017144,38089.49,0.021178,30834.38,0.030360,21508.80,0.029847,21878.61,0.039628,16478.05,0.052024,0.005509,0.005021,0.029847,0.092400,0.007009,5,79665,83035,949630,326,0,0,0,622,0,0,0,289,0,0,0,176,0,0,0,181,0,0,0,1,0,0,0,3762369093022585345,12315601193159850033,12315601193159850033,375320242895094469,10644196519929412693,15731925243994321267,0,0,0,0,0,0,0,0,0,0,0
176,5,659,8,10,0.044025,14968.67,0.019979,32984.23,0.013454,48982.72,0.016137,40838.96,0.021335,30888.26,0.014978,43997.13,0.027972,23559.46,0.044214,0.005338,0.010685,0.014978,0.075216,0.006856,1,87153,88763,1072803,319,0,0,0,517,0,0,0,306,0,0,0,210,0,0,0,303,0,0,0,4,0,0,0,13215745949125737044,2270649028541884903,2270649028541884903,13790431654486473185,16824898957242114621,11233763426090011712,0,0,0,0,0,0,0,0,0,0,0
177,5,616,8,10,0.028700,21463.27,0.013634,45181.87,0.011598,53113.95,0.013834,44527.01,0.015634,39401.36,0.012837,47986.23,0.016773,36724.83,0.028839,0.004839,0.009222,0.012837,0.055737,0.006122,1,73736,74616,1209315,297,0,0,0,498,0,0,0,259,0,0,0,213,0,0,0,243,0,0,0,1,0,0,0,3905465540977204493,3917534300563478485,3917534300563478485,1506870835160563386,16102453182865539456,5342518593454077445,0,0,0,0,0,0,0,0,0,0,0
178,5,749,8,10,0.037037,20223.15,0.018684,40086.95,0.013490,55523.34,0.015747,47565.20,0.020311,36876.41,0.015816,47355.98,0.025172,29755.55,0.037323,0.005653,0.011703,0.015816,0.070495,0.008499,1,93909,96109,763466,360,0,0,0,601,0,0,0,277,0,0,0,257,0,0,0,306,0,0,0,4,0,0,0,7696123838437780250,8978401139519383838,8978401139519383838,14605477584988906120,8842074464824157879,17473718701050392762,0,0,0,0,0,0,0,0,0,0,0
179,5,709,8,10,0.046149,15363.22,0.024720,28681.30,0.018476,38373.28,0.016484,43010.74,0.026907,26350.10,0.016281,43548.09,0.035668,19877.75,0.046534,0.005081,0.009221,0.016281,0.077116,0.007847,2,85537,88752,933830,399,0,0,0,654,0,0,0,334,0,0,0,233,0,0,0,252,0,0,0,4,0,0,0,6603767520482361431,18310753160606734939,18310753160606734939,1904471874823137447,16912678139467213126,17846322986786983552,0,0,0,0,0,0,0,0,0,0,0
180,5,708,8,10,0.050880,13914.98,0.021844,32412.16,0.018524,38221.15,0.020369,34758.03,0.024226,29224.29,0.020885,33900.58,0.033869,20904.22,0.052354,0.006270,0.011972,0.020885,0.091480,0.008191,1,96989,99504,969359,520,0,0,0,790,0,0,0,391,0,0,0,284,0,0,0,313,0,0,0,7,0,0,0,13299753933016493125,5285471123791079757,5285471123791079757,6796173617177028803,2614622765106338175,16445376915189600104,0,0,0,0,0,0,0,0,0,0,0
181,5,728,8,10,0.036637,19870.36,0.018380,39607.43,0.017811,40872.56,0.019683,36986.34,0.022563,32264.86,0.021526,33819.14,0.026280,27701.37,0.037432,0.005779,0.006076,0.021526,0.070813,0.008039,4,88711,91856,695798,508,0,0,0,781,0,0,0,416,0,0,0,319,0,0,0,334,0,0,0,6,0,0,0,15487527071241456078,15487527071241456078,15487527071241456078,2913860116338500783,5978269925557769310,59063782725249947,0,0,0,0,0,0,0,0,0,0,0
182,5,714,8,10,0.040783,17507.24,0.019828,36010.19,0.014751,48402.95,0.016830,42425.12,0.021317,33493.86,0.014980,47664.14,0.028982,24635.80,0.041643,0.005257,0.010705,0.014980,0.072584,0.007591,1,81432,83967,1037560,444,0,0,0,618,0,0,0,429,0,0,0,284,0,0,0,332,0,0,0,3,0,0,0,11956712322914831150,15797476057215100102,15797476057215100102,11307463310123375351,2934896385730506301,16848925427239876730,0,0,0,0,0,0,0,0,0,0,0
183,5,678,8,10,0.033197,20423.80,0.013853,48943.58,0.011981,56590.25,0.014802,45804.89,0.016993,39899.68,0.013222,51278.29,0.021665,31294.75,0.033585,0.005079,0.010144,0.013222,0.062030,0.006807,1,76565,81645,1367358,324,0,0,0,492,0,0,0,321,0,0,0,197,0,0,0,202,0,0,0,3,0,0,0,16157367900537691686,16157367900537691686,16157367900537691686,8517944350247648744,4690968141052906029,919607989319336397,0,0,0,0,0,0,0,0,0,0,0
184,5,622,8,10,0.044302,14039.97,0.025973,23947.97,0.020885,29782.07,0.020146,30875.06,0.026357,23598.89,0.017791,34962.23,0.033508,18562.92,0.044850,0.004940,0.009904,0.017791,0.077484,0.005934,1,70607,72372,861632,263,0,0,0,408,0,0,0,253,0,0,0,175,0,0,0,270,0,0,0,5,0,0,0,5515074063541629177,4003448912262522180,4003448912262522180,14903347182991197248,11730558900486330677,12865462042415299608,0,0,0,0,0,0,0,0,0,0,0
185,5,614,8,10,0.047113,13032.60,0.020313,30226.73,0.014840,41375.75,0.019821,30977.89,0.027677,22184.24,0.017146,35810.27,0.038434,15975.24,0.047731,0.004887,0.008090,0.017146,0.077855,0.006390,2,84154,86589,746549,333,0,0,0,445,0,0,0,276,0,0,0,178,0,0,0,180,0,0,0,5,0,0,0,3152304179262646670,15739159482484563523,15739159482484563523,18407776290463082698,1208684236513735131,15687374835879432902,0,0,0,0,0,0,0,0,0,0,0
186,5,752,8,10,0.032872,22876.57,0.016459,45688.87,0.014227,52858.70,0.015914,47255.41,0.017350,43342.91,0.016954,44356.53,0.025003,30076.59,0.032865,0.005935,0.007241,0.016954,0.062995,0.008120,3,87799,98199,757332,523,0,0,0,771,0,0,0,301,0,0,0,229,0,0,0,175,0,0,0,4,0,0,0,1280064459926667054,1280064459926667054,1280064459926667054,6588237788758049617,7558432900300953312,8557951620000005130,0,0,0,0,0,0,0,0,0,0,0
187,5,741,8,10,0.037055,19997.31,0.015189,48785.59,0.012657,58542.71,0.015390,48148.58,0.019350,38294.65,0.017710,41840.82,0.023945,30946.45,0.037159,0.005925,0.006692,0.017710,0.067486,0.009332,4,87598,89678,660735,298,0,0,0,457,0,0,0,284,0,0,0,181,0,0,0,197,0,0,0,1,0,0,0,2329087796333258327,1827059271362791247,1827059271362791247,8237032640670642067,16582899186364996193,8237032640670642067,0,0,0,0,0,0,0,0,0,0,0
188,5,621,8,10,0.027063,22946.35,0.013057,47561.61,0.011299,54959.76,0.012375,50182.69,0.014240,43609.65,0.012990,47804.44,0.016852,36849.74,0.027515,0.004896,0.009788,0.012990,0.055189,0.006049,1,74383,75543,542547,232,0,0,0,380,0,0,0,226,0,0,0,155,0,0,0,190,0,0,0,0,0,0,0,18048457603585762157,9663410816833590266,9663410816833590266,7540123361033781047,747364433224381959,9019721754377291656,0,0,0,0,0,0,0,0,0,0,0
189,5,781,8,10,0.031887,24492.56,0.016404,47611.77,0.014425,54140.65,0.017091,45695.88,0.019232,40608.99,0.016392,47646.38,0.021309,36651.10,0.031983,0.005751,0.007121,0.016392,0.061247,0.008924,3,82637,86942,1214315,392,0,0,0,686,0,0,0,381,0,0,0,262,0,0,0,277,0,0,0,5,0,0,0,7388465620811876110,7388465620811876110,7388465620811876110,2469663583486993537,9196902009625174209,8857183114797657757,0,0,0,0,0,0,0,0,0,0,0
190,5,683,8,10,0.029180,23406.39,0.017128,39875.71,0.013822,49413.13,0.013946,48973.18,0.017730,38522.14,0.015846,43102.50,0.022377,30522.22,0.029460,0.005472,0.006007,0.015846,0.056785,0.007184,4,80920,83625,595789,393,0,0,0,647,0,0,0,262,0,0,0,165,0,0,0,228,0,0,0,6,0,0,0,11073026225706153775,11073026225706153775,11073026225706153775,345690306550168905,4420282307963349976,17924408008983345955,0,0,0,0,0,0,0,0,0,0,0
191,5,820,8,10,0.051851,15814.44,0.030761,26656.93,0.020840,39348.07,0.022046,37194.74,0.033602,24403.57,0.029964,27366.11,0.039529,20744.31,0.052186,0.007932,0.014106,0.029964,0.104187,0.010810,1,111408,120078,684780,512,0,0,0,788,0,0,0,465,0,0,0,283,0,0,0,410,0,0,0,7,0,0,0,105709270150977340,16549065269867228676,16549065269867228676,15882322427263048729,4435085521737369467,6699384704759234839,0,0,0,0,0,0,0,0,0,0,0
192,5,630,8,10,0.035054,17972.40,0.018435,34173.27,0.014361,43867.38,0.014631,43058.65,0.019959,31564.85,0.016846,37396.83,0.026523,23752.91,0.035135,0.004876,0.009541,0.016846,0.066398,0.006844,1,77470,79310,611061,289,0,0,0,520,0,0,0,229,0,0,0,177,0,0,0,164,0,0,0,9,0,0,0,15798460776624777696,1266072717585718012,1266072717585718012,13874198386732232232,12182079544727550374,16541812054454766279,0,0,0,0,0,0,0,0,0,0,0
193,5,844,8,10,0.054451,15500.31,0.030192,27954.34,0.021927,38490.79,0.020271,41635.25,0.029417,28690.49,0.020917,40349.47,0.043814,19263.32,0.054712,0.006239,0.011715,0.020917,0.093583,0.010221,1,96798,107988,980708,456,0,0,0,750,0,0,0,419,0,0,0,319,0,0,0,336,0,0,0,4,0,0,0,5062368524161146951,10213975756471392758,10213975756471392758,5675790622110574862,7279501505965555230,16490905425164140228,0,0,0,0,0,0,0,0,0,0,0
194,5,808,8,10,0.047273,17092.08,0.027859,29002.88,0.020018,40364.07,0.017623,45847.90,0.029988,26943.99,0.018384,43951.39,0.034863,23176.57,0.047771,0.006271,0.012020,0.018384,0.084446,0.010059,1,95291,98826,577137,520,0,0,0,746,0,0,0,393,0,0,0,316,0,0,0,373,0,0,0,4,0,0,0,14777066997940013959,187463928340172574,187463928340172574,3998399589987287976,6959534489331301046,17946761312069092760,0,0,0,0,0,0,0,0,0,0,0
195,5,646,8,10,0.038695,16694.73,0.022137,29181.59,0.019074,33868.83,0.017640,36622.31,0.023771,27176.35,0.019049,33912.67,0.027494,23496.30,0.038854,0.005382,0.010197,0.019049,0.073482,0.007149,1,81410,83565,1114441,474,0,0,0,803,0,0,0,345,0,0,0,244,0,0,0,404,0,0,0,4,0,0,0,8208359129840941627,8208359129840941627,8208359129840941627,9702736569580441869,6514153449223819600,4928031611860577408,0,0,0,0,0,0,0,0,0,0,0
196,5,707,8,10,0.051658,13686.21,0.033766,20938.20,0.023401,30212.06,0.022191,31859.81,0.031955,22124.95,0.028303,24979.60,0.046663,15151.28,0.052317,0.005657,0.006766,0.028303,0.093043,0.009630,3,92900,124305,695570,786,0,0,0,973,0,0,0,342,0,0,0,229,0,0,0,271,0,0,0,3,0,0,0,6738881288796607682,521807714980544305,521807714980544305,16750028070552481951,12846210495737522806,15195606434467537215,0,0,0,0,0,0,0,0,0,0,0
197,5,636,8,10,0.027545,23089.15,0.014119,45047.11,0.012676,50174.34,0.014951,42538.02,0.015989,39777.30,0.014967,42493.65,0.016598,38317.99,0.027952,0.004817,0.004758,0.014967,0.052494,0.007002,5,79094,80824,570934,331,0,0,0,490,0,0,0,246,0,0,0,243,0,0,0,187,0,0,0,0,0,0,0,4520497256921951716,4254995226832822828,4254995226832822828,14538639696089654428,14386069449078971974,16427372730986501594,0,0,0,0,0,0,0,0,0,0,0
198,5,724,8,10,0.038565,18773.55,0.019326,37461.66,0.017758,40769.21,0.020422,35451.45,0.021971,32952.41,0.018311,39538.14,0.025466,28429.57,0.039118,0.006288,0.010265,0.018311,0.073983,0.008319,2,99904,103419,473061,518,0,0,0,751,0,0,0,367,0,0,0,330,0,0,0,380,0,0,0,2,0,0,0,2768176707484797604,2276577583918688540,2276577583918688540,2256294123913555402,12078400683447336646,5490018889588697271,0,0,0,0,0,0,0,0,0,0,0
199,5,749,8,10,0.033527,22339.98,0.016377,45733.89,0.015135,49488.38,0.016813,44549.89,0.018504,40477.75,0.018147,41274.38,0.024406,30688.60,0.033718,0.005595,0.005257,0.018147,0.062716,0.008251,5,85325,89915,831673,386,0,0,0,661,0,0,0,354,0,0,0,240,0,0,0,237,0,0,0,6,0,0,0,15669935534734632322,6651244720539868231,6651244720539868231,6666922907348637990,4155205016236760202,7861980693515643941,0,0,0,0,0,0,0,0,0,0,0
200,5,725,8,10,0.038410,18875.23,0.018609,38958.79,0.017769,40800.66,0.018796,38571.19,0.020932,34636.24,0.016168,44842.82,0.028589,25359.67,0.038975,0.006732,0.011851,0.016168,0.073726,0.008392,1,101686,107121,448305,489,0,0,0,817,0,0,0,469,0,0,0,226,0,0,0,255,0,0,0,1,0,0,0,12437396008481291817,12437396008481291817,12437396008481291817,17587194457267907477,16854970625348327948,13949033732452099973,0,0,0,0,0,0,0,0,0,0,0
201,5,644,8,10,0.051157,12588.59,0.044008,14633.65,0.032976,19529.16,0.029513,21820.87,0.048218,13356.11,0.034174,18844.73,0.043248,14890.79,0.051390,0.005795,0.010248,0.034174,0.101607,0.006517,1,83653,86243,473093,391,0,0,0,736,0,0,0,421,0,0,0,306,0,0,0,537,0,0,0,3,0,0,0,14803928299065702406,14803928299065702406,14803928299065702406,2921757865724727123,15107847171845224405,4361136260735678001,0,0,0,0,0,0,0,0,0,0,0
202,5,667,8,10,0.059570,11197.00,0.040472,16480.42,0.026105,25550.88,0.033771,19750.78,0.034483,19343.12,0.025455,26202.81,0.042792,15587.17,0.059771,0.006415,0.012806,0.025455,0.104446,0.007715,1,103247,104832,1291631,438,0,0,0,747,0,0,0,514,0,0,0,365,0,0,0,451,0,0,0,6,0,0,0,16716202465812443274,14760713925888559170,14760713925888559170,4557572830910802252,16322286559473746957,9368229494157385428,0,0,0,0,0,0,0,0,0,0,0
203,5,740,8,10,0.040345,18341.88,0.018458,40091.40,0.015107,48983.07,0.018071,40949.28,0.023759,31145.56,0.018718,39533.54,0.031792,23276.42,0.040622,0.006858,0.013788,0.018718,0.079986,0.008986,1,110712,123812,834072,460,0,0,0,693,0,0,0,412,0,0,0,356,0,0,0,381,0,0,0,7,0,0,0,9867650818276172436,9867650818276172436,9867650818276172436,11602666662526137726,615937837179054714,2041726144160107648,0,0,0,0,0,0,0,0,0,0,0
204,5,682,8,10,0.033157,20569.07,0.021331,31972.83,0.021407,31858.04,0.023283,29291.35,0.024907,27381.65,0.024312,28051.87,0.022750,29978.57,0.033422,0.006073,0.005486,0.024312,0.069294,0.007932,5,90766,93646,583931,610,0,0,0,991,0,0,0,489,0,0,0,395,0,0,0,384,0,0,0,8,0,0,0,1139298820776751575,14602062438729995592,14602062438729995592,15109335015852259131,8425039342525436392,8048905643712029609,0,0,0,0,0,0,0,0,0,0,0
205,5,668,8,10,0.043094,15501.06,0.025830,25861.69,0.017968,37177.70,0.019159,34866.11,0.025735,25956.42,0.023271,28704.87,0.028633,23329.74,0.043648,0.005513,0.006555,0.023271,0.078987,0.007720,4,96942,100132,408078,561,0,0,0,809,0,0,0,472,0,0,0,400,0,0,0,345,0,0,0,6,0,0,0,12555865595597773828,12555865595597773828,12555865595597773828,9511823775495390206,8617423462028877938,6684014827923174523,0,0,0,0,0,0,0,0,0,0,0
206,5,653,8,10,0.045941,14214.00,0.026173,24949.37,0.022722,28738.66,0.023613,27654.32,0.032533,20071.82,0.022362,29201.08,0.034858,18733.04,0.046665,0.004599,0.008488,0.022362,0.082114,0.006627,2,78746,81241,564130,508,0,0,0,837,0,0,0,484,0,0,0,345,0,0,0,432,0,0,0,2,0,0,0,9941622380791443059,16257804661671717013,16257804661671717013,14081746435192271753,3976248267895812264,1683338459934207546,0,0,0,0,0,0,0,0,0,0,0
207,5,757,8,10,0.040271,18797.64,0.021684,34911.17,0.020391,37123.47,0.021918,34537.04,0.026465,28604.28,0.026945,28094.28,0.025543,29635.75,0.040320,0.006939,0.006439,0.026945,0.080644,0.009208,5,103587,107117,759342,645,0,0,0,1002,0,0,0,387,0,0,0,345,0,0,0,332,0,0,0,5,0,0,0,14244743313041875030,14244743313041875030,14244743313041875030,16815488235065255840,3493556509031449049,17299577089812135503,0,0,0,0,0,0,0,0,0,0,0
208,5,746,8,10,0.039771,18757.54,0.022062,33814.45,0.012626,59086.38,0.013414,55611.49,0.023602,31607.02,0.016080,46391.85,0.029997,24869.03,0.040271,0.005780,0.008035,0.016080,0.070167,0.008174,2,85932,88972,1053921,286,0,0,0,399,0,0,0,285,0,0,0,194,0,0,0,221,0,0,0,6,0,0,0,11293110220629199413,11293110220629199413,11293110220629199413,12274739356178530024,5179721939946378687,18160190187943223022,0,0,0,0,0,0,0,0,0,0,0
209,5,713,8,10,0.057044,12499.20,0.036944,19299.29,0.026096,27321.85,0.026026,27395.84,0.038464,18536.61,0.036669,19444.07,0.045354,15720.88,0.057396,0.005917,0.005716,0.036669,0.105699,0.008105,5,90867,92882,798108,422,0,0,0,787,0,0,0,489,0,0,0,335,0,0,0,319,0,0,0,3,0,0,0,12177080987118908928,7160437746819305849,7160437746819305849,11327586688665488574,1645982419444896327,15890810072184206943,0,0,0,0,0,0,0,0,0,0,0
210,5,761,8,10,0.044093,17258.99,0.023887,31858.78,0.019125,39791.49,0.022066,34486.80,0.029916,25437.87,0.025782,29516.72,0.034400,22122.21,0.044433,0.006688,0.010290,0.025782,0.087193,0.009456,2,103908,107708,607772,486,0,0,0,872,0,0,0,446,0,0,0,320,0,0,0,297,0,0,0,4,0,0,0,16021793451943019811,10012149632242092819,10012149632242092819,3912969117656267671,345894374217716804,17554933582511316235,0,0,0,0,0,0,0,0,0,0,0
211,5,754,8,10,0.034515,21845.56,0.021321,35364.13,0.019393,38880.04,0.020063,37582.23,0.022497,33515.93,0.019069,39539.78,0.022462,33568.16,0.035110,0.006163,0.011976,0.019069,0.072318,0.008745,1,95103,99828,521827,581,0,0,0,897,0,0,0,463,0,0,0,385,0,0,0,496,0,0,0,6,0,0,0,17888846174225318330,17888846174225318330,17888846174225318330,10228708029654577879,16499550009394990681,15687414674937561936,0,0,0,0,0,0,0,0,0,0,0
212,5,666,8,10,0.031172,21365.65,0.019652,33889.41,0.015989,41654.80,0.015101,44103.98,0.017531,37990.07,0.017531,37989.83,0.022548,29537.21,0.031699,0.004643,0.009774,0.017531,0.063648,0.007691,1,71721,78416,637607,273,0,0,0,518,0,0,0,391,0,0,0,250,0,0,0,227,0,0,0,4,0,0,0,16289810781188752253,3552628396346579289,3552628396346579289,2459568341885049188,8988751202905651754,8983341500552440198,0,0,0,0,0,0,0,0,0,0,0
213,5,836,8,10,0.061611,13569.05,0.032317,25868.48,0.029241,28589.71,0.028573,29257.92,0.032138,26012.47,0.028920,28907.28,0.043749,19108.85,0.062434,0.006331,0.012608,0.028920,0.110293,0.011337,1,104422,109887,748208,499,0,0,0,767,0,0,0,453,0,0,0,301,0,0,0,451,0,0,0,3,0,0,0,3377856691051570615,17068717021185177188,17068717021185177188,12309954118065977745,1813283021394571756,18136840396796974140,0,0,0,0,0,0,0,0,0,0,0
214,5,640,8,10,0.069714,9180.33,0.038729,16525.08,0.025001,25598.90,0.024766,25842.40,0.042395,15096.12,0.032093,19942.11,0.050013,12796.74,0.071050,0.005579,0.012017,0.032093,0.120739,0.007253,1,93884,95939,605989,350,0,0,0,589,0,0,0,301,0,0,0,250,0,0,0,379,0,0,0,0,0,0,0,3382132252381322704,10207263910163768614,10207263910163768614,17313103757459683495,9286075097590415662,16996686201742532137,0,0,0,0,0,0,0,0,0,0,0
215,5,681,8,10,0.051997,13096.99,0.026463,25733.95,0.019162,35538.90,0.021741,31322.78,0.027848,24454.29,0.022889,29752.25,0.034248,19884.46,0.052147,0.005719,0.006523,0.022889,0.087277,0.007912,4,91420,94730,1324896,502,0,0,0,690,0,0,0,373,0,0,0,297,0,0,0,284,0,0,0,6,0,0,0,9765991159295868501,17872897740433629733,17872897740433629733,6818879012198919861,17983195542836358163,16959493496428283758,0,0,0,0,0,0,0,0,0,0,0
216,5,675,8,10,0.058978,11444.99,0.037325,18084.49,0.019088,35362.52,0.033361,20233.05,0.040570,16637.82,0.039703,17001.24,0.043834,15399.10,0.059010,0.006334,0.008931,0.039703,0.113978,0.007785,3,96299,98014,483571,356,0,0,0,477,0,0,0,356,0,0,0,234,0,0,0,369,0,0,0,3,0,0,0,4835796527048491842,1332979351527076481,1332979351527076481,15281354099725060834,12277831113448206233,1525481343033138356,0,0,0,0,0,0,0,0,0,0,0
217,5,957,8,10,0.030252,31634.27,0.013347,71699.54,0.012335,77582.81,0.013103,73038.25,0.015267,62684.14,0.014029,68217.38,0.022895,41799.30,0.030601,0.006047,0.009892,0.014029,0.060568,0.012202,2,90532,102602,885404,460,0,0,0,685,0,0,0,269,0,0,0,222,0,0,0,222,0,0,0,9,0,0,0,160396668335939397,2677280326817597850,2677280326817597850,539201839343194326,4210538530111745908,11471046642701944770,0,0,0,0,0,0,0,0,0,0,0
218,5,751,8,10,0.031574,23785.72,0.015139,49608.21,0.013185,56957.55,0.014889,50440.71,0.017880,42002.42,0.016806,44686.18,0.020648,36371.67,0.031718,0.005679,0.010436,0.016806,0.064639,0.008242,1,84829,87924,614152,427,0,0,0,578,0,0,0,384,0,0,0,223,0,0,0,227,0,0,0,6,0,0,0,2241311699807830776,2241311699807830776,2241311699807830776,14110628565500655372,14469442435628079182,307267105562569970,0,0,0,0,0,0,0,0,0,0,0
219,5,878,8,10,0.037723,23274.87,0.021137,41538.38,0.017110,51314.71,0.017792,49348.46,0.024154,36349.76,0.022931,38289.35,0.030815,28492.37,0.038180,0.005778,0.006384,0.022931,0.073272,0.010486,4,88702,96807,585565,410,0,0,0,591,0,0,0,297,0,0,0,197,0,0,0,235,0,0,0,1,0,0,0,6381218098535961652,5115518608909398737,5115518608909398737,1816194135159326188,4846308541138462879,1816194135159326188,0,0,0,0,0,0,0,0,0,0,0
220,5,734,8,10,0.033937,21628.16,0.016474,44554.55,0.014950,49095.41,0.018049,40666.67,0.021096,34793.15,0.018463,39755.47,0.024027,30548.86,0.034183,0.006446,0.010686,0.018463,0.069778,0.008413,2,102622,106142,662946,497,0,0,0,689,0,0,0,382,0,0,0,317,0,0,0,363,0,0,0,4,0,0,0,11151559415935041717,2349254433331598136,2349254433331598136,14173231602674335206,14964429569156150270,5151219099683987246,0,0,0,0,0,0,0,0,0,0,0
221,5,787,8,10,0.040158,19597.36,0.020007,39335.51,0.017702,44457.04,0.019467,40427.62,0.023600,33347.95,0.019118,41166.26,0.026861,29299.51,0.040624,0.006508,0.012120,0.019118,0.078369,0.009907,1,102923,106278,1260517,524,0,0,0,843,0,0,0,410,0,0,0,294,0,0,0,384,0,0,0,2,0,0,0,10660182851962708977,10660182851962708977,10660182851962708977,8035619448695502233,6474960067679147739,12529807467407037338,0,0,0,0,0,0,0,0,0,0,0
222,5,715,8,10,0.031677,22571.88,0.017884,39980.69,0.017385,41128.15,0.018848,37934.42,0.020629,34659.78,0.019129,37377.16,0.021083,33913.77,0.031928,0.005618,0.007156,0.019129,0.063832,0.008290,3,89937,93772,671794,535,0,0,0,1040,0,0,0,463,0,0,0,308,0,0,0,299,0,0,0,6,0,0,0,13436094711780692157,5702521741402396136,5702521741402396136,5461085945802486530,8665784946572915935,9889328214508112409,0,0,0,0,0,0,0,0,0,0,0
223,5,808,8,10,0.031394,25737.26,0.015508,52102.78,0.013775,58655.18,0.016524,48899.82,0.017327,46633.73,0.015683,51522.34,0.020914,38633.53,0.031550,0.005860,0.011065,0.015683,0.064156,0.009206,1,87547,100067,694539,392,0,0,0,640,0,0,0,449,0,0,0,241,0,0,0,332,0,0,0,7,0,0,0,17362274181231165378,17362274181231165378,17362274181231165378,4978085811647110517,15826877546803110568,2424625765038586685,0,0,0,0,0,0,0,0,0,0,0
224,5,702,8,10,0.040321,17410.30,0.020771,33797.75,0.018819,37302.36,0.017329,40510.55,0.021805,32193.99,0.020409,34397.37,0.028389,24727.96,0.040564,0.005628,0.006297,0.020409,0.072897,0.007779,4,92201,94826,698469,468,0,0,0,792,0,0,0,330,0,0,0,336,0,0,0,319,0,0,0,3,0,0,0,1366942107506883078,1366942107506883078,1366942107506883078,4462715525134371689,13528509636761339508,8820179100743555434,0,0,0,0,0,0,0,0,0,0,0
225,5,788,8,10,0.182811,4310.47,0.151713,5194.03,0.139000,5669.08,0.150026,5252.43,0.158044,4985.95,0.150168,5247.47,0.172313,4573.07,0.183588,0.006143,0.012005,0.150168,0.351904,0.009746,1,99543,105233,580189,604,0,0,0,711,0,0,0,478,0,0,0,362,0,0,0,421,0,0,0,8,0,0,0,8323697360714078705,3516074179178095909,3516074179178095909,2330416976919495458,2395522772543617301,12930068298629619825,0,0,0,0,0,0,0,0,0,0,0
226,5,698,8,10,0.343139,2034.16,0.320310,2179.14,0.315271,2213.97,0.314669,2218.21,0.322051,2167.36,0.212696,3281.68,0.327223,2133.10,0.343682,0.006183,0.007444,0.212696,0.570006,0.007786,3,87251,90101,673114,407,0,0,0,577,0,0,0,531,0,0,0,288,0,0,0,354,0,0,0,4,0,0,0,11540700262259350168,11540700262259350168,11540700262259350168,5628757100469681752,121806906182768141,16408334412511599284,0,0,0,0,0,0,0,0,0,0,0
227,5,624,8,10,0.226546,2754.40,0.204680,3048.66,0.194832,3202.76,0.194798,3203.32,0.205924,3030.25,0.122545,5091.99,0.213195,2926.90,0.226772,0.005328,0.010850,0.122545,0.365496,0.007065,1,83955,86110,630452,429,0,0,0,655,0,0,0,540,0,0,0,301,0,0,0,251,0,0,0,2,0,0,0,16516635436035347448,13525822436957796353,13525822436957796353,11112158961608063987,16370993606223431938,7435809854903467886,0,0,0,0,0,0,0,0,0,0,0
228,5,662,8,10,0.065891,10046.94,0.044487,14880.79,0.036506,18134.02,0.052386,12636.91,0.047253,14009.71,0.043643,15168.54,0.052637,12576.76,0.066005,0.006178,0.009301,0.043643,0.125127,0.007652,2,97007,99292,1261829,398,0,0,0,628,0,0,0,332,0,0,0,232,0,0,0,407,0,0,0,4,0,0,0,8935105949945890098,8935105949945890098,8935105949945890098,2048111242554982636,11630023393256531424,7078931579738666745,0,0,0,0,0,0,0,0,0,0,0
229,5,718,8,10,0.028038,25607.74,0.016426,43710.87,0.014330,50105.13,0.016977,42292.96,0.017674,40625.36,0.016601,43250.09,0.020149,35634.23,0.028260,0.005300,0.009951,0.016601,0.060112,0.007556,1,80425,84240,684450,437,0,0,0,648,0,0,0,347,0,0,0,232,0,0,0,284,0,0,0,9,0,0,0,5558781949552603243,5558781949552603243,5558781949552603243,14003560692756362977,12391317248813656983,13876446394495670840,0,0,0,0,0,0,0,0,0,0,0
230,5,738,8,10,0.039763,18560.03,0.021185,34835.24,0.016910,43643.05,0.019160,38517.09,0.024273,30403.90,0.019411,38020.61,0.026938,27396.12,0.039976,0.006023,0.009982,0.019411,0.075391,0.008831,2,96533,99128,594089,480,0,0,0,697,0,0,0,347,0,0,0,266,0,0,0,359,0,0,0,5,0,0,0,9210569525325953719,9210569525325953719,9210569525325953719,12742683301215484906,7468195182287164586,17763299504217662129,0,0,0,0,0,0,0,0,0,0,0
231,5,606,8,10,0.032783,18485.35,0.017918,33820.42,0.013167,46023.03,0.019647,30844.79,0.021691,27938.18,0.018987,31916.52,0.022591,26824.57,0.032967,0.005033,0.005470,0.018987,0.062457,0.006132,4,78641,80891,491833,369,0,0,0,573,0,0,0,351,0,0,0,249,0,0,0,231,0,0,0,2,0,0,0,8726032734052735630,14795519466183568526,14795519466183568526,6450972202763247685,8360622164575722898,5099184203292389763,0,0,0,0,0,0,0,0,0,0,0
232,5,760,8,10,0.034015,22343.00,0.017056,44558.72,0.015534,48926.50,0.017683,42980.26,0.019742,38497.22,0.018233,41683.47,0.021018,36159.48,0.034305,0.005932,0.009450,0.018233,0.067919,0.008908,2,92813,95483,559759,436,0,0,0,671,0,0,0,395,0,0,0,264,0,0,0,286,0,0,0,6,0,0,0,7320968799443302179,15545762973160328358,15545762973160328358,4444347280155018002,7520663680499255514,10645971230505856337,0,0,0,0,0,0,0,0,0,0,0
233,5,714,8,10,0.029733,24013.51,0.015593,45789.15,0.013639,52351.67,0.015577,45837.14,0.017645,40465.72,0.017259,41368.75,0.018648,38287.63,0.030191,0.005898,0.005313,0.017259,0.058662,0.007864,5,85325,87060,705647,387,0,0,0,563,0,0,0,355,0,0,0,209,0,0,0,215,0,0,0,2,0,0,0,3981369186055206235,9168621637329657730,9168621637329657730,7692903208794179717,17141463809305823023,8297423367743049599,0,0,0,0,0,0,0,0,0,0,0
234,5,733,8,10,0.046053,15916.51,0.021854,33541.19,0.014123,51902.86,0.015920,46041.76,0.023885,30688.72,0.021865,33523.54,0.028447,25767.01,0.046405,0.006548,0.012149,0.021865,0.086966,0.008865,1,100598,103333,1053552,382,0,0,0,498,0,0,0,345,0,0,0,297,0,0,0,432,0,0,0,2,0,0,0,18281174643456347262,6167720030954735589,6167720030954735589,10475496326595368709,5309867655861245285,9365913109500780864,0,0,0,0,0,0,0,0,0,0,0
235,5,666,8,10,0.036502,18245.72,0.021813,30531.82,0.017445,38176.94,0.020715,32151.13,0.023020,28930.84,0.015267,43624.70,0.029714,22414.02,0.036813,0.005617,0.010387,0.015267,0.068083,0.007129,1,86645,88890,751764,376,0,0,0,644,0,0,0,331,0,0,0,198,0,0,0,266,0,0,0,2,0,0,0,16427334451021430640,8850781094951608419,8850781094951608419,17646406705072392398,13333959699719203011,9790225122385645070,0,0,0,0,0,0,0,0,0,0,0
236,5,776,8,10,0.037619,20627.87,0.017365,44687.40,0.014850,52256.55,0.019842,39108.74,0.022651,34259.23,0.021155,36682.02,0.026848,28903.09,0.037982,0.006904,0.012086,0.021155,0.078126,0.009071,1,98737,102287,584199,519,0,0,0,639,0,0,0,322,0,0,0,277,0,0,0,366,0,0,0,10,0,0,0,4652540833597837463,4652540833597837463,4652540833597837463,8639503917007489850,5609654035585322211,8639503917007489850,0,0,0,0,0,0,0,0,0,0,0
237,5,707,8,10,0.044189,15999.30,0.020982,33695.95,0.013217,53492.25,0.014320,49370.65,0.022229,31805.12,0.016590,42617.11,0.029749,23765.85,0.044563,0.007124,0.011153,0.016590,0.079430,0.008061,2,112106,113881,715674,285,0,0,0,419,0,0,0,313,0,0,0,213,0,0,0,181,0,0,0,3,0,0,0,17408894438737620904,43486668397076748,43486668397076748,4056349826632952489,2253928820862558842,10037583855148861028,0,0,0,0,0,0,0,0,0,0,0
238,5,769,8,10,0.064416,11938.10,0.047563,16167.86,0.036171,21259.89,0.039927,19260.07,0.049588,15507.89,0.044854,17144.66,0.055204,13930.14,0.064820,0.005366,0.007068,0.044854,0.122107,0.008514,3,82289,85089,474336,297,0,0,0,567,0,0,0,366,0,0,0,179,0,0,0,266,0,0,0,1,0,0,0,11497324498254649353,15934061455693844683,15934061455693844683,15845505375319895387,4399244305788408705,6563243093647920344,0,0,0,0,0,0,0,0,0,0,0
239,5,601,8,10,0.027375,21953.96,0.013811,43517.38,0.012279,48947.06,0.014820,40553.29,0.015602,38521.65,0.014618,41112.36,0.018482,32517.62,0.027380,0.004685,0.007758,0.014618,0.054441,0.006036,2,72528,74333,479664,276,0,0,0,495,0,0,0,221,0,0,0,116,0,0,0,148,0,0,0,0,0,0,0,12281626915154956543,8731154883287980157,8731154883287980157,8643874372060992312,10889598081471179035,3465833307416364202,0,0,0,0,0,0,0,0,0,0,0
240,5,681,8,10,0.033430,20370.91,0.016121,42243.75,0.014817,45959.54,0.018592,36628.32,0.019968,34103.93,0.017942,37955.64,0.022125,30779.88,0.033578,0.005440,0.010192,0.017942,0.067152,0.007430,1,83879,86584,987480,378,0,0,0,557,0,0,0,359,0,0,0,220,0,0,0,257,0,0,0,6,0,0,0,1825099996768871265,9041892473764297877,9041892473764297877,7780065650918335650,14790526167222090820,1461477357101707939,0,0,0,0,0,0,0,0,0,0,0
241,5,634,8,10,0.030205,20989.70,0.014747,42991.75,0.011213,56540.37,0.013164,48160.86,0.016171,39205.75,0.015599,40643.40,0.020229,31341.58,0.030388,0.004896,0.005473,0.015599,0.056356,0.006206,4,75408,77363,827169,291,0,0,0,470,0,0,0,228,0,0,0,150,0,0,0,194,0,0,0,2,0,0,0,7503278845139987048,936616084760128797,936616084760128797,9943800602048909906,16716264595861849494,1588466301393783371,0,0,0,0,0,0,0,0,0,0,0
242,5,618,8,10,0.032146,19224.73,0.015532,39788.84,0.012602,49039.56,0.014597,42337.56,0.017272,35779.47,0.017334,35652.52,0.020204,30587.32,0.032343,0.005105,0.005840,0.017334,0.060622,0.006481,4,80792,82212,730031,331,0,0,0,589,0,0,0,308,0,0,0,205,0,0,0,257,0,0,0,2,0,0,0,1538490958423782329,9119690815250601140,9119690815250601140,3707875483975635960,18255535121848278436,3688759547264140055,0,0,0,0,0,0,0,0,0,0,0
243,5,734,8,10,0.041529,17674.26,0.019378,37878.62,0.017499,41944.32,0.019098,38432.91,0.020131,36462.06,0.020291,36174.49,0.030987,23687.24,0.041374,0.005178,0.006094,0.020291,0.072937,0.008131,4,79566,97946,1190209,345,0,0,0,500,0,0,0,348,0,0,0,174,0,0,0,213,0,0,0,5,0,0,0,1662787547393206648,11898715775204296761,11898715775204296761,8378837717325948020,8808817113707838199,2652953925036567096,0,0,0,0,0,0,0,0,0,0,0
244,5,654,8,10,0.046782,13979.69,0.025579,25567.46,0.020114,32514.37,0.019813,33008.39,0.025550,25597.24,0.013990,46746.14,0.033949,19264.40,0.047141,0.005098,0.008446,0.013990,0.074675,0.006639,2,78131,80491,947983,301,0,0,0,474,0,0,0,251,0,0,0,178,0,0,0,233,0,0,0,3,0,0,0,6624389150932743451,16209861322824467951,16209861322824467951,17740354083984034712,9946880360550858557,15365230166822194386,0,0,0,0,0,0,0,0,0,0,0
245,5,710,8,10,0.036813,19286.49,0.015565,45615.19,0.014387,49350.05,0.016827,42193.16,0.019220,36940.83,0.013947,50908.73,0.024799,28630.39,0.037331,0.006080,0.010904,0.013947,0.068262,0.007785,1,87729,90479,813697,366,0,0,0,613,0,0,0,404,0,0,0,336,0,0,0,306,0,0,0,3,0,0,0,18063942272035686917,8079179602209782588,8079179602209782588,15654820827073255384,10117677695276999257,11598401553073334166,0,0,0,0,0,0,0,0,0,0,0
246,5,750,8,10,0.042997,17442.99,0.016276,46080.87,0.014559,51513.14,0.017549,42736.99,0.020410,36747.59,0.019442,38576.72,0.032634,22982.51,0.043212,0.006379,0.011940,0.019442,0.080973,0.008530,1,96848,101638,922649,349,0,0,0,537,0,0,0,365,0,0,0,206,0,0,0,226,0,0,0,4,0,0,0,1886977044803891860,17594712819707154759,17594712819707154759,3751652015200768349,4526083940226074876,7358437153926078071,0,0,0,0,0,0,0,0,0,0,0
247,5,932,8,10,0.034277,27189.93,0.014247,65415.86,0.011992,77715.75,0.013743,67818.30,0.016195,57548.43,0.014805,62950.03,0.019989,46625.66,0.034704,0.006724,0.012364,0.014805,0.068597,0.013036,1,93320,95230,1270028,351,0,0,0,496,0,0,0,344,0,0,0,233,0,0,0,332,0,0,0,6,0,0,0,8959038939087533297,13815072278149985368,13815072278149985368,6413486997881592445,7929480285857011015,17350876745841136099,0,0,0,0,0,0,0,0,0,0,0
248,5,784,8,10,0.025405,30860.48,0.011833,66255.22,0.010654,73590.68,0.012304,63719.78,0.014209,55175.57,0.011742,66771.01,0.019816,39563.19,0.025717,0.005081,0.009647,0.011742,0.052187,0.008273,1,74998,81943,816896,343,0,0,0,528,0,0,0,293,0,0,0,171,0,0,0,306,0,0,0,1,0,0,0,2806330012666745175,7737450857104819710,7737450857104819710,12162921773832561539,15637452600241194351,3141411796767856328,0,0,0,0,0,0,0,0,0,0,0
249,5,781,8,10,0.035427,22045.10,0.016507,47313.47,0.015575,50144.68,0.018132,43072.35,0.019223,40628.94,0.016304,47903.10,0.021012,37169.74,0.035815,0.005982,0.010969,0.016304,0.069070,0.008989,1,87846,90686,868181,416,0,0,0,672,0,0,0,475,0,0,0,362,0,0,0,368,0,0,0,5,0,0,0,4774844305437291762,13461438329502516251,13461438329502516251,8257650998806168940,12861385873450925281,16951679089142822898,0,0,0,0,0,0,0,0,0,0,0
250,5,751,8,10,0.043193,17387.22,0.023746,31626.68,0.016814,44664.89,0.018277,41090.57,0.026218,28644.35,0.026495,28345.06,0.031576,23783.51,0.043476,0.005620,0.005293,0.026495,0.080884,0.009058,5,87705,91455,778988,382,0,0,0,711,0,0,0,320,0,0,0,258,0,0,0,238,0,0,0,5,0,0,0,9126025923713542290,9126025923713542290,9126025923713542290,16633457714425225031,13380148552808095636,8752411516009411938,0,0,0,0,0,0,0,0,0,0,0
251,5,781,8,10,0.038204,20442.66,0.018071,43218.67,0.016837,46386.24,0.018679,41811.21,0.021288,36687.58,0.020806,37537.30,0.024130,32365.95,0.038398,0.005866,0.005497,0.020806,0.070567,0.009187,5,89217,91192,780803,261,0,0,0,546,0,0,0,262,0,0,0,184,0,0,0,175,0,0,0,2,0,0,0,13917859540374699920,17225460959713965876,17225460959713965876,12318894265441679092,5379675456148592338,1803866005497351476,0,0,0,0,0,0,0,0,0,0,0
252,5,783,8,10,0.045962,17035.97,0.025046,31262.55,0.020840,37572.38,0.023160,33807.56,0.026713,29311.81,0.021448,36507.07,0.038164,20516.79,0.046530,0.005753,0.011402,0.021448,0.085132,0.009658,1,98020,111985,1154971,650,0,0,0,972,0,0,0,270,0,0,0,219,0,0,0,216,0,0,0,2,0,0,0,8277397875856365720,13308465563506853833,13308465563506853833,558989832543683815,10803224536917897310,10728407893974654584,0,0,0,0,0,0,0,0,0,0,0
253,5,750,8,10,0.035687,21016.16,0.015227,49254.22,0.012698,59063.61,0.015141,49535.11,0.021651,34639.99,0.017141,43755.74,0.023374,32086.54,0.035677,0.005800,0.009439,0.017141,0.068057,0.008747,2,86767,90912,1379068,357,0,0,0,507,0,0,0,327,0,0,0,246,0,0,0,288,0,0,0,5,0,0,0,1507881966007789264,13029952337429963488,13029952337429963488,5865965914908317252,15796121153597622518,17467547335674401936,0,0,0,0,0,0,0,0,0,0,0
254,5,694,8,10,0.033966,20432.07,0.017362,39973.26,0.015046,46125.81,0.018118,38303.50,0.019878,34912.11,0.017988,38580.80,0.022777,30469.82,0.034395,0.005238,0.006901,0.017988,0.064522,0.007653,3,83418,86283,822908,458,0,0,0,601,0,0,0,305,0,0,0,251,0,0,0,272,0,0,0,7,0,0,0,3972512544278109887,3972512544278109887,3972512544278109887,16788597167077900139,13218483161856540669,3680760779597419068,0,0,0,0,0,0,0,0,0,0,0
255,5,752,8,10,0.184376,4078.62,0.161533,4655.38,0.154915,4854.27,0.155090,4848.79,0.158774,4736.30,0.077787,9667.39,0.171817,4376.75,0.184465,0.005943,0.010894,0.077787,0.279089,0.008201,1,89670,95480,771092,481,0,0,0,614,0,0,0,612,0,0,0,273,0,0,0,368,0,0,0,0,0,0,0,362876529734216344,4602538885567510278,4602538885567510278,4296997042704929256,3674611576149027023,5070960219128682458,0,0,0,0,0,0,0,0,0,0,0
256,5,735,8,10,0.038312,19184.77,0.016520,44492.48,0.013476,54542.06,0.014117,52064.29,0.019206,38269.85,0.013525,54342.53,0.021718,33842.47,0.038648,0.005788,0.011057,0.013525,0.069018,0.008235,1,89424,91979,1235443,378,0,0,0,501,0,0,0,314,0,0,0,323,0,0,0,283,0,0,0,4,0,0,0,10962638409449883229,16303637386613966166,16303637386613966166,18247696153146200929,2533472602374061571,18247696153146200929,0,0,0,0,0,0,0,0,0,0,0
257,5,700,8,10,0.033440,20932.92,0.015565,44973.03,0.014093,49668.92,0.015719,44530.91,0.017021,41124.50,0.016609,42145.79,0.021706,32249.72,0.033735,0.005296,0.005147,0.016609,0.060787,0.007652,5,86415,89945,817783,396,0,0,0,651,0,0,0,344,0,0,0,233,0,0,0,213,0,0,0,7,0,0,0,2237675128313991678,2237675128313991678,2237675128313991678,6832602740651611716,18122188717267356546,3269017863984683824,0,0,0,0,0,0,0,0,0,0,0
258,5,685,8,10,0.032165,21296.56,0.017528,39080.61,0.016085,42587.11,0.017359,39460.93,0.018786,36462.69,0.018469,37090.07,0.020378,33614.97,0.032297,0.005505,0.004975,0.018469,0.061246,0.007382,5,83220,85380,709213,449,0,0,0,751,0,0,0,363,0,0,0,267,0,0,0,259,0,0,0,4,0,0,0,17909140473995465587,17604356825433488486,17604356825433488486,9979953613105806655,15672577538264797879,11556043123105814394,0,0,0,0,0,0,0,0,0,0,0
259,5,728,8,10,0.039716,18330.31,0.023032,31608.32,0.018705,38920.20,0.020491,35527.97,0.024881,29259.40,0.019807,36753.97,0.025826,28188.36,0.040381,0.006302,0.011493,0.019807,0.077984,0.008191,1,90386,93066,909420,505,0,0,0,658,0,0,0,334,0,0,0,276,0,0,0,371,0,0,0,2,0,0,0,14375627933581088557,5905569400637390739,5905569400637390739,291010877760113160,8666694847409802350,4782907361347391702,0,0,0,0,0,0,0,0,0,0,0
260,5,641,8,10,0.040198,15946.23,0.022154,28933.82,0.016070,39887.31,0.015641,40981.86,0.024570,26088.55,0.014497,44217.26,0.029159,21982.91,0.040795,0.005013,0.009636,0.014497,0.069941,0.006325,1,72989,74659,1549233,272,0,0,0,403,0,0,0,214,0,0,0,202,0,0,0,235,0,0,0,1,0,0,0,14110991296614844321,16233884018464116898,16233884018464116898,17800707286993583132,1113242379555398927,17803923178718215817,0,0,0,0,0,0,0,0,0,0,0
261,5,659,8,10,0.060480,10896.22,0.037320,17658.20,0.032727,20136.05,0.033128,19892.34,0.038537,17100.31,0.018676,35285.74,0.044613,14771.44,0.061203,0.005482,0.009605,0.018676,0.094966,0.006745,1,74754,75904,917388,309,0,0,0,532,0,0,0,324,0,0,0,259,0,0,0,331,0,0,0,4,0,0,0,18312726656017970896,18312726656017970896,18312726656017970896,6384185031837229925,17547779896926804345,6768920198460242459,0,0,0,0,0,0,0,0,0,0,0
262,5,686,8,10,0.048554,14128.51,0.026354,26030.62,0.023222,29540.39,0.020511,33446.16,0.027951,24543.24,0.015743,43575.52,0.035198,19489.55,0.048843,0.005413,0.010654,0.015743,0.080653,0.007518,1,80654,82569,955704,310,0,0,0,476,0,0,0,342,0,0,0,229,0,0,0,256,0,0,0,1,0,0,0,5646616867601862679,11168467542676274206,11168467542676274206,3061876469880748059,6792890609108186675,1041849625858188147,0,0,0,0,0,0,0,0,0,0,0
263,5,836,8,10,0.046659,17917.16,0.021988,38020.68,0.014837,56346.10,0.018213,45901.96,0.028056,29798.06,0.018269,45760.08,0.036528,22886.73,0.046990,0.006691,0.012352,0.018269,0.084303,0.010068,1,93516,106261,659729,419,0,0,0,554,0,0,0,354,0,0,0,256,0,0,0,338,0,0,0,2,0,0,0,6345896553161291149,8990707504824559948,8990707504824559948,13235149574469074675,13764084587054457654,15157402964408841609,0,0,0,0,0,0,0,0,0,0,0
264,5,720,8,10,0.043939,16386.52,0.018533,38849.31,0.016825,42793.46,0.020805,34607.55,0.023844,30196.17,0.020323,35427.36,0.028129,25596.32,0.044576,0.005924,0.011837,0.020323,0.082661,0.008294,1,94609,97194,1059113,438,0,0,0,653,0,0,0,382,0,0,0,241,0,0,0,318,0,0,0,11,0,0,0,14421756655450878127,481984716146030815,481984716146030815,10474380712765202822,10318379107858667675,2458123944794958358,0,0,0,0,0,0,0,0,0,0,0
265,5,724,8,10,0.142426,5083.34,0.117845,6143.68,0.106440,6801.97,0.113862,6358.60,0.118077,6131.59,0.098375,7359.60,0.126853,5707.40,0.142826,0.006137,0.010743,0.098375,0.258081,0.007776,1,84641,86561,807107,230,0,0,0,299,0,0,0,218,0,0,0,163,0,0,0,211,0,0,0,6,0,0,0,8644633515359730126,12936868272930230889,12936868272930230889,10363737570962318115,6651894266897467787,1142311769685135897,0,0,0,0,0,0,0,0,0,0,0
266,5,811,8,10,0.038164,21250.64,0.019745,41073.39,0.016410,49422.47,0.020020,40509.15,0.021423,37855.69,0.019512,41563.27,0.028479,28477.60,0.038356,0.005657,0.007275,0.019512,0.070801,0.008666,3,90073,103618,1560771,509,0,0,0,697,0,0,0,493,0,0,0,295,0,0,0,328,0,0,0,6,0,0,0,5592340082501970408,12604742579233420684,12604742579233420684,17970042164517224938,18235843296140407853,9051360839590667977,0,0,0,0,0,0,0,0,0,0,0
267,5,876,8,10,0.029896,29301.69,0.014073,62246.90,0.012183,71905.33,0.014333,61116.02,0.015916,55038.63,0.015821,55368.68,0.025292,34635.31,0.030195,0.005130,0.004980,0.015821,0.056126,0.008985,5,77164,106684,945999,304,0,0,0,443,0,0,0,259,0,0,0,170,0,0,0,165,0,0,0,2,0,0,0,2069364975544930081,2069364975544930081,2069364975544930081,14175816446544089107,14365568454079461590,8033342973357727235,0,0,0,0,0,0,0,0,0,0,0
268,5,1132,8,10,0.039597,28587.99,0.019254,58794.02,0.016574,68301.53,0.019389,58384.71,0.023130,48940.46,0.019871,56966.53,0.038541,29371.51,0.040023,0.007183,0.014378,0.019871,0.081455,0.013185,1,104123,181048,1042332,393,0,0,0,551,0,0,0,317,0,0,0,222,0,0,0,335,0,0,0,5,0,0,0,8974206814302475734,11721372295322595158,11721372295322595158,3194794642407571234,14525529076527782570,1890627755455178682,0,0,0,0,0,0,0,0,0,0,0
269,5,750,8,10,0.034927,21473.54,0.020834,35998.88,0.014424,51995.49,0.016136,46481.20,0.022240,33722.75,0.015743,47641.53,0.025243,29710.71,0.035045,0.005277,0.011001,0.015743,0.067066,0.007653,1,82986,85021,682472,355,0,0,0,617,0,0,0,394,0,0,0,241,0,0,0,397,0,0,0,2,0,0,0,8302175994763136553,8302175994763136553,8302175994763136553,18409430456257071763,10781424554906622208,3220251457884669041,0,0,0,0,0,0,0,0,0,0,0
270,5,979,8,10,0.040696,24056.39,0.022904,42743.20,0.016504,59319.07,0.018223,53723.20,0.025015,39136.38,0.019668,49776.45,0.033755,29002.94,0.040847,0.006372,0.010686,0.019668,0.077572,0.010474,2,93544,144964,889944,462,0,0,0,759,0,0,0,408,0,0,0,327,0,0,0,383,0,0,0,3,0,0,0,15008538553752523433,10376417557305279480,10376417557305279480,5937063047461304156,2509909877582127238,9561620986371474372,0,0,0,0,0,0,0,0,0,0,0
271,5,1098,8,10,0.046001,23869.03,0.027164,40421.41,0.020127,54554.85,0.020440,53718.21,0.028858,38048.53,0.028615,38371.04,0.044156,24866.17,0.046623,0.006865,0.006285,0.028615,0.088389,0.013937,5,99489,135349,645233,472,0,0,0,763,0,0,0,482,0,0,0,296,0,0,0,275,0,0,0,11,0,0,0,15509638165804005947,15509638165804005947,15509638165804005947,3501705513356971941,9417374741126844633,1420571959116214788,0,0,0,0,0,0,0,0,0,0,0
272,5,1300,8,10,0.069779,18630.34,0.048996,26532.52,0.069802,18624.17,0.044102,29477.44,0.048635,26729.45,0.050708,25636.90,0.072483,17935.25,0.068762,0.009306,0.017885,0.050708,0.146661,0.017269,1,143759,243564,1099064,479,0,0,0,757,0,0,0,339,0,0,0,364,0,0,0,437,0,0,0,7,0,0,0,7966095467086465512,7966095467086465512,7966095467086465512,14694324117711502982,3544038720470925572,1090877141058333764,0,0,0,0,0,0,0,0,0,0,0
273,5,1170,8,10,0.035265,33177.51,0.026597,43990.23,0.022234,52622.30,0.024646,47472.07,0.023426,49944.46,0.022011,53154.59,0.047424,24671.16,0.035897,0.006318,0.009389,0.022011,0.073614,0.013815,2,97041,268166,1030956,1387,0,0,0,1645,0,0,0,440,0,0,0,301,0,0,0,332,0,0,0,3,0,0,0,5345615499988509218,12312193425513758807,12312193425513758807,280081924339459487,8003898934748405265,16552651136620691867,0,0,0,0,0,0,0,0,0,0,0
274,5,1014,8,10,0.031049,32657.65,0.018073,56106.62,0.017380,58343.81,0.018313,55371.92,0.020001,50697.30,0.017977,56405.57,0.027649,36674.13,0.031458,0.006502,0.011331,0.017977,0.067267,0.011189,3,91680,126430,638759,433,0,0,0,722,0,0,0,338,0,0,0,280,0,0,0,318,0,0,0,6,0,0,0,1733472935968618897,1562578844571701559,1562578844571701559,10534161744725918436,7890432900260913642,13379365106550661442,0,0,0,0,0,0,0,0,0,0,0
275,5,840,8,10,0.041301,20338.62,0.021322,39396.82,0.017316,48508.94,0.019713,42610.63,0.023843,35231.13,0.023853,35215.43,0.030176,27836.56,0.041595,0.006112,0.005608,0.023853,0.077168,0.009373,5,91958,96918,797765,428,0,0,0,730,0,0,0,475,0,0,0,261,0,0,0,260,0,0,0,10,0,0,0,1926065132373688241,1926065132373688241,1926065132373688241,17122560692067166160,17590820588532187982,11505522545550183512,0,0,0,0,0,0,0,0,0,0,0
276,5,1113,8,10,0.053788,20692.48,0.027249,40845.59,0.019245,57834.36,0.028499,39053.60,0.035269,31557.77,0.019991,55674.49,0.046443,23965.07,0.054557,0.007563,0.013922,0.019991,0.096034,0.014541,1,115467,153077,460614,745,0,0,0,887,0,0,0,465,0,0,0,413,0,0,0,395,0,0,0,7,0,0,0,17022281595869598297,12771687888634741862,12771687888634741862,16995142611692460609,6895766549529339396,11023415942753826910,0,0,0,0,0,0,0,0,0,0,0
277,5,1795,8,10,0.040490,44331.74,0.018350,97818.41,0.015910,112822.52,0.018163,98825.63,0.021536,83350.32,0.019956,89950.01,0.049801,36043.14,0.041668,0.008851,0.016804,0.019956,0.087279,0.028780,1,130236,315121,770553,599,0,0,0,737,0,0,0,392,0,0,0,364,0,0,0,414,0,0,0,9,0,0,0,7619852140012252310,10059037788444421821,10059037788444421821,578095148075385590,4486967412167380008,400540104711522770,0,0,0,0,0,0,0,0,0,0,0
278,5,1086,8,10,0.033948,31990.52,0.017188,63183.00,0.016713,64978.96,0.018423,58948.29,0.020519,52925.57,0.017932,60562.50,0.029303,37060.54,0.034355,0.006572,0.010547,0.017932,0.069406,0.012607,2,98587,142942,469233,441,0,0,0,745,0,0,0,388,0,0,0,339,0,0,0,327,0,0,0,8,0,0,0,5854084692546914306,5854084692546914306,5854084692546914306,4351882061313274169,592086737396147049,15043641113664099463,0,0,0,0,0,0,0,0,0,0,0
279,5,1215,8,10,0.035042,34672.90,0.016803,72306.92,0.015202,79922.48,0.017255,70414.63,0.018850,64454.96,0.017812,68211.00,0.035590,34138.63,0.035734,0.006317,0.007243,0.017812,0.067106,0.013686,4,96212,173917,1266338,477,0,0,0,663,0,0,0,383,0,0,0,289,0,0,0,270,0,0,0,11,0,0,0,10143770742060395507,12188069956187203333,12188069956187203333,2542306244828718964,9450647890208602294,14711339805056187665,0,0,0,0,0,0,0,0,0,0,0
280,5,1251,8,10,0.027874,44880.12,0.014300,87483.88,0.012821,97574.31,0.014012,89279.85,0.015811,79122.39,0.014596,85705.99,0.032431,38574.49,0.028254,0.006177,0.005771,0.014596,0.054798,0.014165,5,89292,167142,344665,435,0,0,0,530,0,0,0,362,0,0,0,232,0,0,0,227,0,0,0,10,0,0,0,13238703241253521320,13238703241253521320,13238703241253521320,8465126167534353960,14533741366572469677,8636688769256100691,0,0,0,0,0,0,0,0,0,0,0
281,5,1140,8,10,0.037622,30301.79,0.019978,57061.83,0.016141,70628.75,0.023052,49453.38,0.025122,45378.60,0.023269,48993.21,0.038285,29776.65,0.038029,0.006674,0.012399,0.023269,0.080370,0.012346,1,97166,143181,556081,385,0,0,0,604,0,0,0,375,0,0,0,277,0,0,0,318,0,0,0,6,0,0,0,2014367845665027400,14047493025626135183,14047493025626135183,13784475791511215803,1845387630205588832,1120901309208259745,0,0,0,0,0,0,0,0,0,0,0
282,5,936,8,10,0.035168,26614.82,0.020613,45407.21,0.014209,65875.57,0.016552,56547.51,0.023798,39330.22,0.019962,46889.60,0.029905,31299.02,0.035431,0.005949,0.006279,0.019962,0.067621,0.009336,4,80945,93015,1193930,430,0,0,0,620,0,0,0,367,0,0,0,277,0,0,0,276,0,0,0,6,0,0,0,9381795845615613439,9381795845615613439,9381795845615613439,9784806656553777851,18390396894799532384,6418863774941207237,0,0,0,0,0,0,0,0,0,0,0
283,5,1200,8,10,0.039576,30321.30,0.023595,50858.52,0.018456,65017.78,0.019786,60649.75,0.025700,46692.73,0.024480,49020.02,0.036820,32590.90,0.040340,0.006831,0.006540,0.024480,0.078191,0.015168,5,98595,130935,730598,395,0,0,0,763,0,0,0,319,0,0,0,295,0,0,0,239,0,0,0,1,0,0,0,4203658443721214688,16247676030208779659,16247676030208779659,16465604547332516064,15084182608560069432,9270809781723192643,0,0,0,0,0,0,0,0,0,0,0
284,5,955,8,10,0.038532,24784.78,0.022546,42357.38,0.018477,51687.00,0.016967,56286.37,0.022668,42129.23,0.015977,59774.97,0.028744,33224.14,0.038744,0.006136,0.009904,0.015977,0.070761,0.010836,2,92324,101874,505158,419,0,0,0,673,0,0,0,423,0,0,0,302,0,0,0,312,0,0,0,6,0,0,0,10790000123374482616,10790000123374482616,10790000123374482616,4434092999903613269,5516266531998697109,6757374781155737929,0,0,0,0,0,0,0,0,0,0,0
285,5,1068,8,10,0.062410,17112.67,0.039343,27145.94,0.034315,31123.35,0.034655,30818.04,0.046442,22996.37,0.024467,43650.27,0.054414,19627.42,0.062923,0.006189,0.007812,0.024467,0.101392,0.011870,3,89359,99054,1412072,434,0,0,0,778,0,0,0,357,0,0,0,313,0,0,0,335,0,0,0,7,0,0,0,877825687286728167,877825687286728167,877825687286728167,17113180269145857425,1585308159356074043,2931068788490921522,0,0,0,0,0,0,0,0,0,0,0
286,5,1004,8,10,0.047719,21039.91,0.025338,39624.64,0.014711,68247.25,0.022008,45620.45,0.030075,33382.99,0.025788,38933.42,0.038414,26136.13,0.048038,0.006477,0.012135,0.025788,0.092438,0.010389,1,92441,97756,427134,389,0,0,0,514,0,0,0,397,0,0,0,326,0,0,0,422,0,0,0,6,0,0,0,12118635240708040598,3255659509836373653,3255659509836373653,4014431924134739664,16865701201446685581,11974718885483129601,0,0,0,0,0,0,0,0,0,0,0
287,5,1247,8,10,0.034037,36636.18,0.015673,79564.82,0.014292,87251.85,0.017447,71472.94,0.019529,63854.55,0.018476,67492.82,0.030572,40788.47,0.034749,0.007099,0.012698,0.018476,0.073022,0.014925,1,99738,158538,809589,437,0,0,0,565,0,0,0,354,0,0,0,261,0,0,0,340,0,0,0,3,0,0,0,6417496807844218234,6417496807844218234,6417496807844218234,1008331080184277853,18297618988289713543,7787331468730604927,0,0,0,0,0,0,0,0,0,0,0
288,5,1671,8,10,0.033796,49443.90,0.020390,81950.28,0.013760,121438.96,0.015083,110789.56,0.021123,79106.32,0.020802,80327.10,0.050337,33196.36,0.034233,0.006734,0.006256,0.020802,0.068026,0.019427,5,92477,267257,537830,409,0,0,0,466,0,0,0,267,0,0,0,222,0,0,0,220,0,0,0,5,0,0,0,9225897108712927429,9225897108712927429,9225897108712927429,7777022401594883403,4346076295192387939,4140119504577635273,0,0,0,0,0,0,0,0,0,0,0
289,5,1758,8,10,0.028720,61212.73,0.015458,113728.87,0.014308,122871.85,0.014892,118049.81,0.017787,98837.88,0.014997,117224.72,0.044613,39405.72,0.029531,0.007506,0.014350,0.014997,0.066384,0.022677,1,96361,280351,676558,348,0,0,0,502,0,0,0,351,0,0,0,265,0,0,0,306,0,0,0,4,0,0,0,3441122708481194473,3441122708481194473,3441122708481194473,4870429750366481000,8775985798375531661,99146508282262146,0,0,0,0,0,0,0,0,0,0,0
290,5,1738,8,10,0.032476,53515.62,0.019558,88863.68,0.017010,102174.72,0.015964,108868.29,0.022011,78960.35,0.021159,82140.22,0.054043,32159.85,0.032932,0.006797,0.006365,0.021159,0.067253,0.021691,5,87379,296854,838353,304,0,0,0,440,0,0,0,289,0,0,0,305,0,0,0,285,0,0,0,8,0,0,0,12380746934917851675,12380746934917851675,12380746934917851675,16210806377108324470,3139019713110568866,14217230782018050327,0,0,0,0,0,0,0,0,0,0,0
291,5,1286,8,10,0.042622,30172.04,0.023531,54652.43,0.020589,62459.51,0.021127,60869.94,0.024959,51525.41,0.019877,64697.28,0.044368,28984.59,0.043296,0.006321,0.012470,0.019877,0.081964,0.014294,1,90085,161810,1198324,337,0,0,0,528,0,0,0,400,0,0,0,332,0,0,0,301,0,0,0,8,0,0,0,2569287561621892118,432377288227638487,432377288227638487,7092789374856043379,3279991090126622414,4695376343073601651,0,0,0,0,0,0,0,0,0,0,0
292,5,985,8,10,0.030553,32239.03,0.015546,63359.12,0.014246,69139.98,0.015441,63793.16,0.017757,55470.28,0.015658,62905.92,0.019387,50807.43,0.031053,0.005937,0.011003,0.015658,0.063653,0.010460,1,84408,87178,744634,364,0,0,0,618,0,0,0,359,0,0,0,226,0,0,0,366,0,0,0,7,0,0,0,140338394407499543,10734490762837647817,10734490762837647817,17472057477460991209,16019572804943234775,5945061224806155809,0,0,0,0,0,0,0,0,0,0,0
293,5,1078,8,10,0.048350,22295.94,0.026892,40086.00,0.019450,55425.28,0.021193,50866.86,0.027392,39355.26,0.019015,56692.79,0.039690,27160.58,0.048905,0.006848,0.012356,0.019015,0.087123,0.012258,1,100827,128272,683773,576,0,0,0,908,0,0,0,558,0,0,0,367,0,0,0,454,0,0,0,6,0,0,0,17766394256982261340,17766394256982261340,17766394256982261340,4053038115481087205,1856047968707213961,14580110388401279445,0,0,0,0,0,0,0,0,0,0,0
294,5,925,8,10,0.031472,29391.59,0.016442,56259.30,0.015134,61120.57,0.017075,54172.69,0.019809,46695.60,0.016484,56116.00,0.021357,43310.57,0.031776,0.005803,0.011291,0.016484,0.065355,0.009473,1,86327,91792,688168,493,0,0,0,851,0,0,0,336,0,0,0,321,0,0,0,349,0,0,0,8,0,0,0,10789423666765063109,6690978871530951188,6690978871530951188,17078343739333566888,15298124835875047,6990146056148859191,0,0,0,0,0,0,0,0,0,0,0
295,5,946,8,10,0.050424,18760.94,0.029374,32205.70,0.021738,43519.09,0.029091,32519.08,0.037345,25331.05,0.029362,32218.90,0.045215,20922.45,0.050603,0.005830,0.009111,0.029362,0.094906,0.010884,2,87580,117955,615957,482,0,0,0,649,0,0,0,413,0,0,0,309,0,0,0,314,0,0,0,14,0,0,0,9956000499713855138,9956000499713855138,9956000499713855138,14442515453697181752,10344480329996944623,17901494679121525812,0,0,0,0,0,0,0,0,0,0,0
296,5,754,8,10,0.121187,6221.80,0.100717,7486.34,0.099437,7582.73,0.099478,7579.60,0.101072,7460.02,0.092528,8148.88,0.108291,6962.70,0.121881,0.005747,0.011084,0.092528,0.231239,0.007906,1,87515,91550,648447,486,0,0,0,768,0,0,0,578,0,0,0,295,0,0,0,581,0,0,0,9,0,0,0,17307048181707219382,10689097872884931962,10689097872884931962,1215670847612924359,6596113150129612435,1477910981324462894,0,0,0,0,0,0,0,0,0,0,0
297,5,814,8,10,0.040806,19947.88,0.023906,34049.54,0.015817,51463.37,0.019217,42359.33,0.025652,31732.35,0.016440,49513.36,0.028917,28149.07,0.041211,0.005792,0.011261,0.016440,0.074705,0.009171,1,91466,95486,460203,447,0,0,0,675,0,0,0,437,0,0,0,313,0,0,0,384,0,0,0,8,0,0,0,1620842893941782240,1620842893941782240,1620842893941782240,10304955770453284033,17004188499131799901,7411676383938382661,0,0,0,0,0,0,0,0,0,0,0
298,5,803,8,10,0.041416,19388.70,0.022323,35971.14,0.016297,49272.13,0.018162,44212.73,0.025197,31868.51,0.018159,44220.97,0.029052,27640.31,0.041537,0.005971,0.011424,0.018159,0.077091,0.009354,1,94182,97667,1359801,544,0,0,0,803,0,0,0,409,0,0,0,375,0,0,0,344,0,0,0,5,0,0,0,13655066819891440019,13655066819891440019,13655066819891440019,15712804141946750226,10606398596844852435,11885089850295601779,0,0,0,0,0,0,0,0,0,0,0
299,5,793,8,10,0.028535,27790.33,0.014758,53735.25,0.014218,55775.02,0.015695,50524.09,0.017061,46479.80,0.014626,54219.27,0.018428,43031.74,0.028897,0.005743,0.010719,0.014626,0.059984,0.008636,1,85104,87799,488725,435,0,0,0,708,0,0,0,449,0,0,0,304,0,0,0,441,0,0,0,6,0,0,0,17541232767082666184,14259398285382015108,14259398285382015108,134916235460708736,13378783973373049754,10424992020777816543,0,0,0,0,0,0,0,0,0,0,0
300,5,852,8,10,0.035200,24204.49,0.018271,46632.09,0.016245,52446.37,0.018513,46021.98,0.019574,43526.49,0.018998,44845.70,0.020995,40580.22,0.035636,0.006229,0.005660,0.018998,0.066523,0.014104,5,97990,102875,695628,663,0,0,0,955,0,0,0,455,0,0,0,413,0,0,0,433,0,0,0,8,0,0,0,16584365549329339817,16584365549329339817,16584365549329339817,18162976568921462076,4436627528673735138,9534076383098250565,0,0,0,0,0,0,0,0,0,0,0
301,5,724,8,10,0.035538,20372.69,0.019644,36856.42,0.017742,40806.39,0.018754,38605.92,0.021347,33916.42,0.017036,42499.46,0.024313,29778.17,0.035845,0.005952,0.010783,0.017036,0.069615,0.008456,1,93683,97503,527790,614,0,0,0,811,0,0,0,379,0,0,0,336,0,0,0,314,0,0,0,10,0,0,0,18106337764233503661,17468129658937024310,17468129658937024310,14758797920134925331,2065115446900708845,7221661536447206546,0,0,0,0,0,0,0,0,0,0,0
302,5,640,8,10,0.043073,14858.60,0.025529,25069.78,0.021364,29956.92,0.020999,30477.20,0.028035,22828.84,0.016055,39862.80,0.031497,20319.10,0.043438,0.004901,0.009267,0.016055,0.073661,0.006273,1,74492,76347,966763,391,0,0,0,718,0,0,0,313,0,0,0,295,0,0,0,251,0,0,0,6,0,0,0,12422253570355875307,9265804825294590429,9265804825294590429,5131863240857830513,1804264585322200983,4514464387149062475,0,0,0,0,0,0,0,0,0,0,0
303,5,829,8,10,0.036888,22473.42,0.021093,39301.58,0.020158,41124.63,0.023582,35154.37,0.023648,35055.09,0.021473,38606.65,0.029437,28161.45,0.037100,0.006231,0.012223,0.021473,0.077027,0.010314,1,99863,113988,444854,617,0,0,0,869,0,0,0,462,0,0,0,323,0,0,0,337,0,0,0,6,0,0,0,11123767704248859361,11123767704248859361,11123767704248859361,492118390949341121,16016587811894025375,17135142962134380262,0,0,0,0,0,0,0,0,0,0,0
304,5,735,8,10,0.189448,3879.70,0.160034,4592.77,0.153117,4800.24,0.151765,4843.03,0.161857,4541.06,0.090114,8156.34,0.170086,4321.34,0.190364,0.006121,0.006831,0.090114,0.293430,0.008826,4,96993,100853,1704108,441,0,0,0,661,0,0,0,431,0,0,0,312,0,0,0,285,0,0,0,3,0,0,0,7842222348685562864,7842222348685562864,7842222348685562864,15067852717400052922,14281537578833203722,2763925736228403380,0,0,0,0,0,0,0,0,0,0,0
305,5,710,8,10,0.040315,17611.35,0.020521,34598.69,0.014891,47678.31,0.022041,32213.20,0.025645,27685.64,0.026251,27046.28,0.030343,23399.22,0.040443,0.006055,0.011007,0.026251,0.083756,0.008069,1,90336,92816,669456,386,0,0,0,590,0,0,0,426,0,0,0,251,0,0,0,449,0,0,0,11,0,0,0,15210194218358656164,15210194218358656164,15210194218358656164,5375808137244201250,512932478562295658,17612606171626200123,0,0,0,0,0,0,0,0,0,0,0
306,5,646,8,10,0.029716,21738.87,0.015178,42562.42,0.013298,48580.56,0.017588,36730.55,0.019910,32446.56,0.018436,35039.76,0.020998,30765.04,0.029845,0.005325,0.006421,0.018436,0.060028,0.006898,3,79654,81984,473407,327,0,0,0,614,0,0,0,299,0,0,0,217,0,0,0,290,0,0,0,4,0,0,0,9062860304152491931,9062860304152491931,9062860304152491931,8189140429765241964,5609900571399289307,17451779480722658950,0,0,0,0,0,0,0,0,0,0,0
307,5,894,8,10,0.031228,28627.98,0.014812,60356.68,0.014625,61126.68,0.015549,57496.31,0.017293,51695.79,0.016388,54550.90,0.020851,42875.45,0.031627,0.006424,0.005959,0.016388,0.060399,0.011844,5,98803,102533,731488,424,0,0,0,748,0,0,0,393,0,0,0,249,0,0,0,220,0,0,0,5,0,0,0,1180095809705426445,1180095809705426445,1180095809705426445,1427342474312516198,9437932964654056516,1583725229826085073,0,0,0,0,0,0,0,0,0,0,0
308,5,791,8,10,0.032604,24260.70,0.015524,50954.21,0.014722,53728.24,0.016331,48436.05,0.019459,40649.69,0.016510,47910.45,0.019207,41183.68,0.032784,0.006060,0.011511,0.016510,0.066865,0.009409,1,94111,96996,702710,393,0,0,0,645,0,0,0,392,0,0,0,373,0,0,0,396,0,0,0,8,0,0,0,16444141642905711915,12385008614082092146,12385008614082092146,9973085871682518213,9610996833234908476,8288340771398516562,0,0,0,0,0,0,0,0,0,0,0
309,5,720,8,10,0.039236,18350.35,0.022690,31732.68,0.014686,49025.73,0.018247,39458.53,0.023378,30797.54,0.016287,44207.05,0.028979,24845.45,0.039389,0.005827,0.010585,0.016287,0.072088,0.008376,1,87781,90351,434427,396,0,0,0,622,0,0,0,333,0,0,0,182,0,0,0,232,0,0,0,4,0,0,0,8403833186752687065,14454335653016084886,14454335653016084886,17582206410734642167,11327326328451030580,10870498873098300373,0,0,0,0,0,0,0,0,0,0,0
310,5,863,8,10,0.040192,21472.04,0.021602,39950.92,0.020941,41210.81,0.022583,38214.00,0.023038,37459.52,0.023736,36358.19,0.025827,33414.81,0.040757,0.007130,0.006460,0.023736,0.078083,0.012146,5,110869,114819,595499,668,0,0,0,1011,0,0,0,504,0,0,0,416,0,0,0,373,0,0,0,4,0,0,0,3521283340962351952,13397260674292286222,13397260674292286222,5308845200319809356,11844278244998645808,10687237796616748168,0,0,0,0,0,0,0,0,0,0,0
311,5,737,8,10,0.152584,4830.13,0.131539,5602.91,0.124900,5900.73,0.130298,5656.28,0.133241,5531.33,0.057262,12870.63,0.138810,5309.43,0.152950,0.006014,0.007572,0.057262,0.223798,0.008623,3,94301,97776,1482478,527,0,0,0,757,0,0,0,431,0,0,0,314,0,0,0,368,0,0,0,7,0,0,0,6109024461555982428,6109024461555982428,6109024461555982428,7259398500650911941,3898082698741807835,12757131638552944860,0,0,0,0,0,0,0,0,0,0,0
312,5,722,8,10,0.036715,19665.21,0.018426,39183.07,0.015971,45207.04,0.017384,41531.42,0.020540,35151.48,0.018712,38585.11,0.027579,26179.55,0.037097,0.005702,0.009973,0.018712,0.071484,0.008493,1,85505,89230,757318,466,0,0,0,727,0,0,0,349,0,0,0,256,0,0,0,353,0,0,0,5,0,0,0,2837644175495290720,11478830249824651539,11478830249824651539,2405631379791376302,3482868399695319570,9804554312995499573,0,0,0,0,0,0,0,0,0,0,0
313,5,738,8,10,0.046514,15866.06,0.024146,30563.87,0.017938,41141.36,0.018771,39316.96,0.027047,27286.14,0.022017,33520.06,0.033543,22001.41,0.046876,0.006399,0.011519,0.022017,0.086811,0.008849,1,94139,96544,525883,498,0,0,0,773,0,0,0,423,0,0,0,345,0,0,0,427,0,0,0,2,0,0,0,10653802129018024711,774624701427675738,774624701427675738,9636556759227635348,5513547121277154754,17095607575561272687,0,0,0,0,0,0,0,0,0,0,0
314,5,703,8,10,0.038256,18376.40,0.020130,34922.53,0.015053,46701.59,0.018561,37874.86,0.022802,30831.28,0.022316,31502.15,0.027690,25388.21,0.038376,0.005417,0.005087,0.022316,0.071195,0.008079,5,85435,87840,582407,421,0,0,0,581,0,0,0,363,0,0,0,262,0,0,0,239,0,0,0,2,0,0,0,27251414511284947,9586191522424145257,9586191522424145257,9344608702295770172,8276572362796837545,2535782132935474953,0,0,0,0,0,0,0,0,0,0,0
315,5,652,8,10,0.035111,18569.65,0.021746,29982.86,0.015950,40876.82,0.017129,38063.40,0.021967,29681.02,0.019675,33138.23,0.027099,24060.36,0.035247,0.005285,0.005690,0.019675,0.065897,0.007158,4,79555,82760,527675,420,0,0,0,752,0,0,0,343,0,0,0,253,0,0,0,280,0,0,0,3,0,0,0,2160077264764838912,16650734924773870184,16650734924773870184,13787191611520703924,9159401966015289208,16938677422640709486,0,0,0,0,0,0,0,0,0,0,0
316,5,773,8,10,0.108278,7139.04,0.086439,8942.68,0.077266,10004.42,0.077694,9949.27,0.089482,8638.62,0.077719,9946.04,0.095920,8058.82,0.108972,0.005994,0.011450,0.077719,0.204136,0.009154,1,91483,95253,632290,434,0,0,0,674,0,0,0,317,0,0,0,262,0,0,0,319,0,0,0,4,0,0,0,7075671924317071119,16182603116306701514,16182603116306701514,18091778970198017701,9464139330133209852,18010946126523298392,0,0,0,0,0,0,0,0,0,0,0
317,5,780,8,10,0.038471,20274.97,0.020896,37327.14,0.016556,47113.38,0.015846,49224.27,0.021296,36626.10,0.014595,53441.48,0.027384,28483.97,0.038493,0.005879,0.010956,0.014595,0.069922,0.009003,1,86903,90603,1468798,435,0,0,0,673,0,0,0,432,0,0,0,314,0,0,0,328,0,0,0,14,0,0,0,14098934508678119381,9646146767297473297,9646146767297473297,12310220754349966779,5768727600875383076,4440074862499361092,0,0,0,0,0,0,0,0,0,0,0
318,5,816,8,10,0.037008,22049.03,0.018454,44217.18,0.016825,48498.82,0.019970,40860.48,0.021538,37887.33,0.018131,45005.88,0.024705,33029.64,0.037273,0.006904,0.014103,0.018131,0.076410,0.010411,1,110442,114407,513604,517,0,0,0,716,0,0,0,372,0,0,0,304,0,0,0,310,0,0,0,5,0,0,0,8918261593265429121,9689909581794076338,9689909581794076338,15733519963450550288,15652409266841890008,13655009043033742284,0,0,0,0,0,0,0,0,0,0,0
319,5,747,8,10,0.056077,13320.88,0.029478,25341.02,0.024348,30679.98,0.028312,26384.52,0.034857,21430.63,0.035352,21130.27,0.044901,16636.69,0.056381,0.005997,0.005419,0.035352,0.103149,0.008479,5,87743,91173,656210,390,0,0,0,587,0,0,0,318,0,0,0,251,0,0,0,251,0,0,0,3,0,0,0,16095256325109599040,16095256325109599040,16095256325109599040,609353632322522504,5797292062117114223,6633346294539650993,0,0,0,0,0,0,0,0,0,0,0
320,5,746,8,10,0.044992,16580.73,0.024223,30797.23,0.017838,41821.16,0.019103,39051.08,0.026245,28424.60,0.025218,29581.56,0.031657,23564.73,0.045191,0.005896,0.006583,0.025218,0.082888,0.008615,4,93680,96820,837819,498,0,0,0,703,0,0,0,369,0,0,0,347,0,0,0,342,0,0,0,6,0,0,0,2093820843502209122,1467418430058488451,1467418430058488451,877240442903294282,2248777959032953113,5298754571414391400,0,0,0,0,0,0,0,0,0,0,0
321,5,782,8,10,0.049252,15877.63,0.027568,28366.22,0.020084,38936.97,0.020913,37392.47,0.027136,28818.18,0.021392,36555.34,0.040656,19234.64,0.049545,0.005745,0.011233,0.021392,0.087915,0.009736,1,93925,110200,528375,486,0,0,0,699,0,0,0,411,0,0,0,250,0,0,0,343,0,0,0,6,0,0,0,12373966393108153037,12373966393108153037,12373966393108153037,13051441792239126071,7255218860273794177,15906312062165968441,0,0,0,0,0,0,0,0,0,0,0
322,5,869,8,10,0.044327,19604.47,0.020760,41859.16,0.022683,38310.38,0.027513,31585.48,0.025344,34287.72,0.023771,36557.76,0.038540,22547.78,0.044693,0.007193,0.007565,0.023771,0.083223,0.012058,4,110307,134372,827186,536,0,0,0,710,0,0,0,340,0,0,0,290,0,0,0,299,0,0,0,4,0,0,0,15461101089637537653,2755160722934163536,2755160722934163536,4966357824430750479,909795056127260508,15645925265869647712,0,0,0,0,0,0,0,0,0,0,0
323,5,804,8,10,0.126633,6349.07,0.098660,8149.24,0.091975,8741.46,0.099400,8088.51,0.122987,6537.28,0.041959,19161.58,0.117775,6826.58,0.127271,0.005883,0.011100,0.041959,0.186213,0.009191,1,89573,99073,578782,422,0,0,0,545,0,0,0,296,0,0,0,199,0,0,0,301,0,0,0,6,0,0,0,11653499018649140820,11653499018649140820,11653499018649140820,3352025409188544543,14154378573427110487,18363056553738035901,0,0,0,0,0,0,0,0,0,0,0
324,5,613,8,10,0.047430,12924.41,0.026722,22939.67,0.020383,30073.59,0.020738,29558.79,0.030678,19981.62,0.027806,22045.46,0.035335,17348.17,0.047788,0.004816,0.005506,0.027806,0.085915,0.006189,4,74854,76634,1581818,401,0,0,0,658,0,0,0,382,0,0,0,251,0,0,0,243,0,0,0,4,0,0,0,14578034047034200406,10440461963571854404,10440461963571854404,13932604077427630142,10477709721327865372,13932604077427630142,0,0,0,0,0,0,0,0,0,0,0
325,5,765,8,10,0.039108,19561.34,0.019344,39547.54,0.011943,64053.13,0.014116,54194.05,0.020816,36750.14,0.020612,37114.08,0.028483,26858.52,0.039455,0.005695,0.005195,0.020612,0.070957,0.008303,5,82627,84732,705361,304,0,0,0,477,0,0,0,290,0,0,0,225,0,0,0,208,0,0,0,4,0,0,0,11714899058720663157,11714899058720663157,11714899058720663157,13328026731146214744,14114552027109848926,6109103924558866482,0,0,0,0,0,0,0,0,0,0,0
326,5,833,8,10,0.041004,20315.03,0.020268,41098.74,0.019417,42899.64,0.021222,39251.18,0.022052,37774.07,0.021216,39263.69,0.027558,30227.01,0.041705,0.006426,0.010536,0.021216,0.079882,0.011181,2,101209,105984,978954,598,0,0,0,848,0,0,0,393,0,0,0,318,0,0,0,303,0,0,0,3,0,0,0,17818753444514980430,12483512242922835892,12483512242922835892,3783896572901675650,13592962989444331380,5388004131137630623,0,0,0,0,0,0,0,0,0,0,0
327,5,691,8,10,0.031209,22141.07,0.014833,46584.25,0.014085,49057.90,0.015816,43689.91,0.017674,39097.55,0.015529,44497.42,0.020067,34434.67,0.031449,0.005088,0.010101,0.015529,0.062167,0.007193,1,79393,81563,1025909,383,0,0,0,519,0,0,0,269,0,0,0,209,0,0,0,349,0,0,0,14,0,0,0,17327703382528260376,198073811721072854,198073811721072854,2540422874180173426,4999924798571942571,5202725434488053531,0,0,0,0,0,0,0,0,0,0,0
328,5,820,8,10,0.038870,21096.01,0.022201,36934.63,0.015172,54045.25,0.016116,50879.74,0.023219,35315.21,0.016442,49873.01,0.027282,30056.25,0.039549,0.005749,0.010795,0.016442,0.072535,0.010021,1,86682,90597,728031,420,0,0,0,670,0,0,0,309,0,0,0,226,0,0,0,323,0,0,0,8,0,0,0,6613397103994381794,2004703777852534269,2004703777852534269,903066685519164482,5561066121265320897,8932580499616398551,0,0,0,0,0,0,0,0,0,0,0
329,5,667,8,10,0.042212,15801.12,0.024127,27645.90,0.015366,43407.43,0.020389,32713.52,0.025947,25706.72,0.023009,28988.80,0.031275,21327.16,0.042518,0.005339,0.009039,0.023009,0.079905,0.007302,2,82697,84567,864245,397,0,0,0,522,0,0,0,379,0,0,0,218,0,0,0,300,0,0,0,13,0,0,0,8851960571601818781,8273383141105385642,8273383141105385642,14683812920657635624,8285259125360937418,3202234786758233087,0,0,0,0,0,0,0,0,0,0,0
330,5,659,8,10,0.046890,14054.18,0.026600,24774.39,0.020833,31633.00,0.019462,33861.02,0.026037,25310.24,0.017910,36795.75,0.036106,18251.68,0.047206,0.005544,0.009503,0.017910,0.080162,0.006988,1,75634,78394,1473258,300,0,0,0,450,0,0,0,290,0,0,0,202,0,0,0,225,0,0,0,6,0,0,0,9954656624941010676,9954656624941010676,9954656624941010676,11089571731248362731,10829983328931625952,2434463282009587070,0,0,0,0,0,0,0,0,0,0,0
331,5,745,8,10,0.051418,14489.01,0.029801,24998.89,0.021629,34444.52,0.020810,35799.40,0.033680,22120.06,0.018154,41038.38,0.041850,17801.70,0.051948,0.005764,0.010923,0.018154,0.086788,0.008357,1,90855,94355,1175921,514,0,0,0,767,0,0,0,338,0,0,0,266,0,0,0,278,0,0,0,6,0,0,0,17453084455677258780,10280694315753419707,10280694315753419707,15270909111118966186,15452295843485292323,11834958539074787911,0,0,0,0,0,0,0,0,0,0,0
332,5,737,8,10,0.039473,18671.07,0.022057,33413.85,0.017684,41675.21,0.015421,47791.70,0.023316,31608.55,0.014519,50760.85,0.026249,28077.12,0.040017,0.005435,0.010693,0.014519,0.070664,0.007720,1,81732,84017,597950,356,0,0,0,563,0,0,0,317,0,0,0,241,0,0,0,287,0,0,0,6,0,0,0,217822002079693439,12113486228402051045,12113486228402051045,4287297674029710169,13863285224380760950,2421267430313979792,0,0,0,0,0,0,0,0,0,0,0
333,5,749,8,10,0.033683,22236.87,0.018017,41571.86,0.015969,46903.48,0.017891,41865.68,0.021070,35547.90,0.019319,38770.33,0.022334,33536.74,0.034060,0.006008,0.009451,0.019319,0.068838,0.008336,2,95253,98458,874883,466,0,0,0,719,0,0,0,331,0,0,0,234,0,0,0,289,0,0,0,6,0,0,0,5028315524111650497,5028315524111650497,5028315524111650497,9673706170179016588,129895809164657834,13196052571709697170,0,0,0,0,0,0,0,0,0,0,0
334,5,770,8,10,0.048402,15908.56,0.027410,28092.31,0.018103,42535.30,0.019440,39608.25,0.027479,28021.08,0.022661,33979.37,0.033955,22677.13,0.049010,0.006332,0.011520,0.022661,0.089523,0.009223,1,96861,100536,964244,457,0,0,0,707,0,0,0,342,0,0,0,272,0,0,0,390,0,0,0,2,0,0,0,14990267431734282374,12156637840631712804,12156637840631712804,1706649172584218703,15767773788755950983,12313557237360723538,0,0,0,0,0,0,0,0,0,0,0
335,5,704,8,10,0.041985,16768.01,0.019988,35220.34,0.014139,49791.67,0.020146,34944.53,0.026611,26455.37,0.022800,30876.95,0.031237,22537.38,0.042677,0.005691,0.005333,0.022800,0.076502,0.007707,5,83586,87171,875605,322,0,0,0,530,0,0,0,272,0,0,0,161,0,0,0,165,0,0,0,5,0,0,0,4433622821396402229,6767695782625451411,6767695782625451411,8251765029514778881,11914382123337322271,17886740254416571160,0,0,0,0,0,0,0,0,0,0,0
336,5,671,8,10,0.034699,19337.69,0.015528,43213.32,0.013596,49352.77,0.015694,42756.47,0.018180,36909.69,0.015780,42521.04,0.022427,29919.35,0.035388,0.005714,0.011168,0.015780,0.068051,0.007365,1,89639,91209,1471203,337,0,0,0,567,0,0,0,330,0,0,0,243,0,0,0,316,0,0,0,7,0,0,0,15656551523908074267,15656551523908074267,15656551523908074267,18248693709783660250,3394066415804594438,13241867703110232828,0,0,0,0,0,0,0,0,0,0,0
337,5,924,8,10,0.036588,25254.15,0.015409,59965.51,0.014991,61636.65,0.016893,54696.76,0.018516,49902.34,0.014497,63739.29,0.022580,40920.81,0.043961,0.000000,0.012322,0.014497,0.070779,0.013017,1,99851,102911,978877,366,0,0,0,568,0,0,0,463,0,0,0,305,0,0,0,326,0,0,0,9,0,0,0,6450277298671377164,18401384877127711906,18401384877127711906,15934291623840815653,8215842033750130833,14813753330367509621,0,0,0,0,0,0,0,0,0,0,0
338,5,782,8,10,0.032660,23943.66,0.017272,45276.17,0.016682,46876.52,0.018253,42843.36,0.019428,40251.76,0.019639,39817.91,0.022397,34915.27,0.032976,0.005572,0.005286,0.019639,0.063473,0.009043,5,85947,88932,778774,393,0,0,0,687,0,0,0,411,0,0,0,280,0,0,0,278,0,0,0,10,0,0,0,15199720610076402535,15199720610076402535,15199720610076402535,4700259344502996948,10443752570323981622,2821092163961218900,0,0,0,0,0,0,0,0,0,0,0
339,5,751,8,10,0.039425,19048.79,0.019371,38769.54,0.016980,44228.23,0.019659,38200.69,0.021725,34568.47,0.016023,46870.53,0.029646,25332.27,0.039846,0.005140,0.010185,0.016023,0.071194,0.008225,1,83807,87687,1532343,337,0,0,0,557,0,0,0,319,0,0,0,248,0,0,0,184,0,0,0,7,0,0,0,8380687313671156891,8691701137829864995,8691701137829864995,6050402331296654615,5972598363252333205,3446526454163367023,0,0,0,0,0,0,0,0,0,0,0
340,5,717,8,10,0.041311,17356.24,0.018168,39465.00,0.014073,50948.04,0.018204,39386.30,0.019801,36210.67,0.015110,47451.03,0.023866,30042.28,0.042473,0.006068,0.010569,0.015110,0.074220,0.011483,1,82054,84459,854673,337,0,0,0,496,0,0,0,417,0,0,0,265,0,0,0,347,0,0,0,6,0,0,0,14402107140704396254,13376558861008876484,13376558861008876484,3805392156325981226,15970843412991793868,12077406726031196464,0,0,0,0,0,0,0,0,0,0,0
341,5,839,8,10,0.046881,17896.26,0.027596,30402.62,0.033550,25007.81,0.024658,34025.94,0.038916,21559.35,0.037269,22511.83,0.034612,24239.89,0.047157,0.011101,0.023708,0.037269,0.119235,0.011357,1,183300,185570,950753,357,0,0,0,575,0,0,0,375,0,0,0,304,0,0,0,340,0,0,0,1,0,0,0,10791591718094333764,10791591718094333764,10791591718094333764,4757626859426791077,14029800654645072073,2579442412726152067,0,0,0,0,0,0,0,0,0,0,0
342,5,839,8,10,0.038326,21890.97,0.015271,54940.56,0.013889,60407.21,0.016322,51404.43,0.017265,48596.76,0.016318,51414.09,0.023815,35230.47,0.038503,0.006260,0.012180,0.016318,0.073262,0.010738,1,99930,107820,976635,321,0,0,0,715,0,0,0,399,0,0,0,301,0,0,0,347,0,0,0,4,0,0,0,8093050769373402309,16898614322241980595,16898614322241980595,1222254080381226935,10005006168419592000,6843546248106080202,0,0,0,0,0,0,0,0,0,0,0
343,5,828,8,10,0.042271,19588.04,0.015627,52985.58,0.013922,59475.34,0.020610,40174.84,0.022121,37431.16,0.021558,38407.43,0.030623,27038.85,0.042902,0.006904,0.007120,0.021558,0.078484,0.010252,4,99365,103055,1380092,345,0,0,0,528,0,0,0,330,0,0,0,213,0,0,0,194,0,0,0,4,0,0,0,8624018159220669395,8624018159220669395,8624018159220669395,17124876757292278655,2288564317024073672,5088835086178046229,0,0,0,0,0,0,0,0,0,0,0
344,5,780,8,10,0.063838,12218.43,0.033679,23159.63,0.022136,35237.47,0.026505,29428.05,0.038528,20245.13,0.024891,31336.00,0.051803,15057.13,0.064769,0.006990,0.012992,0.024891,0.109643,0.010095,1,106867,111122,780760,544,0,0,0,884,0,0,0,387,0,0,0,380,0,0,0,311,0,0,0,9,0,0,0,10826656772284938936,6003516468829344895,6003516468829344895,5740452155750405493,15941522936814149753,4023393945155790465,0,0,0,0,0,0,0,0,0,0,0
345,5,752,8,10,0.053103,14161.20,0.025264,29765.69,0.020503,36678.39,0.020386,36887.23,0.025588,29389.03,0.019646,38277.79,0.036858,20402.49,0.053761,0.006721,0.011937,0.019646,0.092065,0.009537,1,96074,98874,1006185,479,0,0,0,904,0,0,0,462,0,0,0,374,0,0,0,458,0,0,0,11,0,0,0,5759046982651912601,3755270869677833221,3755270869677833221,880923294699226925,3221438969902290531,3204852444548661290,0,0,0,0,0,0,0,0,0,0,0
346,5,769,8,10,0.037713,20390.62,0.017184,44749.67,0.016312,47143.04,0.018747,41020.06,0.019603,39228.13,0.017481,43991.34,0.025677,29949.34,0.038132,0.006034,0.005554,0.017481,0.067200,0.009265,5,94526,97046,998035,474,0,0,0,657,0,0,0,418,0,0,0,297,0,0,0,247,0,0,0,9,0,0,0,10028019807880504747,12577553708526239207,12577553708526239207,3735891657093616592,5033961958662499293,17665390924475611043,0,0,0,0,0,0,0,0,0,0,0
347,5,685,8,10,0.035209,19455.33,0.016523,41457.85,0.014878,46041.31,0.016372,41840.92,0.018073,37902.16,0.018590,36847.54,0.024749,27677.52,0.035539,0.005050,0.008612,0.018590,0.067792,0.007356,2,84416,87256,709112,459,0,0,0,690,0,0,0,393,0,0,0,263,0,0,0,312,0,0,0,6,0,0,0,1478616720169737602,14964545661632890703,14964545661632890703,14127428850044375174,10050962800527792382,14063529409306596120,0,0,0,0,0,0,0,0,0,0,0
348,5,1002,8,10,0.039777,25190.15,0.020737,48318.61,0.020184,49643.67,0.021371,46886.36,0.021629,46326.47,0.020597,48647.95,0.027305,36696.48,0.040164,0.006729,0.012681,0.020597,0.080172,0.013359,1,101548,107183,931643,544,0,0,0,731,0,0,0,370,0,0,0,310,0,0,0,433,0,0,0,6,0,0,0,626821253700859449,15655825910665500237,15655825910665500237,6691783053378115545,14530368937627782136,2233698041384288585,0,0,0,0,0,0,0,0,0,0,0
349,5,597,8,10,0.035091,17013.04,0.020300,29409.07,0.017159,34792.52,0.017606,33908.87,0.022898,26071.79,0.014459,41289.47,0.025519,23394.56,0.035395,0.004769,0.009197,0.014459,0.063820,0.005903,1,78336,79966,1193035,406,0,0,0,689,0,0,0,369,0,0,0,285,0,0,0,313,0,0,0,8,0,0,0,13587052284490525581,13587052284490525581,13587052284490525581,986681342375229567,10455505232821115642,12311606740488879734,0,0,0,0,0,0,0,0,0,0,0
350,5,754,8,10,0.038316,19678.47,0.022622,33330.81,0.015949,47274.47,0.020372,37011.86,0.027150,27772.08,0.027456,27461.66,0.032642,23098.78,0.038641,0.005782,0.005271,0.027456,0.077150,0.010207,5,90076,122061,814464,737,0,0,0,995,0,0,0,350,0,0,0,232,0,0,0,236,0,0,0,8,0,0,0,4083764299855395643,4083764299855395643,4083764299855395643,2895098385041131968,14580637627771437912,15700748125858339109,0,0,0,0,0,0,0,0,0,0,0
351,5,797,8,10,0.042632,18694.74,0.025548,31195.90,0.019874,40102.78,0.020892,38148.86,0.028069,28394.70,0.021863,36455.11,0.037669,21157.96,0.042946,0.006075,0.009381,0.021863,0.080264,0.010476,2,99387,135832,541113,949,0,0,0,1201,0,0,0,340,0,0,0,296,0,0,0,327,0,0,0,3,0,0,0,198165921561721128,1173556411843051487,1173556411843051487,5346036877187356077,16243914847994907331,7253601683927937005,0,0,0,0,0,0,0,0,0,0,0
352,5,637,8,10,0.027925,22810.80,0.014170,44954.62,0.013663,46622.42,0.014749,43187.98,0.017750,35887.02,0.014718,43280.29,0.017456,36491.10,0.028104,0.005227,0.010345,0.014718,0.058394,0.006680,1,82471,84586,662478,376,0,0,0,595,0,0,0,371,0,0,0,310,0,0,0,349,0,0,0,4,0,0,0,1857201755797003100,3722319235723785166,3722319235723785166,12037482455362723310,4242862966580252340,12037482455362723310,0,0,0,0,0,0,0,0,0,0,0
353,5,708,8,10,0.029418,24066.49,0.019048,37169.75,0.017311,40897.72,0.019624,36077.94,0.021505,32921.96,0.020060,35293.63,0.019459,36383.63,0.029604,0.005721,0.005301,0.020060,0.060686,0.007737,5,84761,87796,866267,469,0,0,0,832,0,0,0,346,0,0,0,242,0,0,0,234,0,0,0,5,0,0,0,18261468348300860244,855352182115984566,855352182115984566,14796658327691860044,17155555626681730718,8664425878591390699,0,0,0,0,0,0,0,0,0,0,0
354,5,683,8,10,0.036252,18840.22,0.017157,39809.98,0.013335,51217.29,0.015908,42933.46,0.019118,35724.74,0.018132,37668.60,0.023451,29125.12,0.036414,0.005542,0.005096,0.018132,0.065184,0.007387,5,98055,99740,738289,386,0,0,0,594,0,0,0,331,0,0,0,260,0,0,0,233,0,0,0,4,0,0,0,12728225692420332865,4243287394502983008,4243287394502983008,8504747021048887754,2097066154396804952,3743809011224528622,0,0,0,0,0,0,0,0,0,0,0
355,5,756,8,10,0.051202,14765.12,0.018680,40471.17,0.014345,52700.57,0.017781,42516.29,0.022504,33593.79,0.019514,38742.02,0.033371,22654.34,0.051453,0.006586,0.007349,0.019514,0.084902,0.009940,4,119776,122866,1133020,330,0,0,0,472,0,0,0,308,0,0,0,289,0,0,0,266,0,0,0,0,0,0,0,8835987692012281983,122280049106214740,122280049106214740,1268435488683071817,281666522890168794,5307333461916819068,0,0,0,0,0,0,0,0,0,0,0
356,5,603,8,10,0.028303,21305.13,0.014337,42058.87,0.013216,45624.87,0.013846,43551.51,0.015796,38173.36,0.014295,42182.30,0.018347,32867.21,0.028607,0.005204,0.007979,0.014295,0.056085,0.006099,2,83603,85288,500541,283,0,0,0,528,0,0,0,261,0,0,0,188,0,0,0,220,0,0,0,2,0,0,0,8915257015137477994,17437934098007953336,17437934098007953336,12071673389126738929,3843246459340142073,10487022722793307673,0,0,0,0,0,0,0,0,0,0,0
357,5,732,8,10,0.056712,12907.26,0.036838,19870.88,0.025143,29113.02,0.025795,28377.74,0.035657,20528.69,0.020422,35842.83,0.046606,15706.00,0.056747,0.005909,0.010846,0.020422,0.093925,0.008240,1,93161,95706,643805,422,0,0,0,675,0,0,0,320,0,0,0,200,0,0,0,366,0,0,0,5,0,0,0,14217939691318601728,14597460103731662002,14597460103731662002,5136837761848005968,6033719929718230480,8240684716969921629,0,0,0,0,0,0,0,0,0,0,0
358,5,765,8,10,0.033656,22729.85,0.016058,47640.30,0.014326,53399.95,0.017618,43422.68,0.019823,38591.69,0.016150,47367.08,0.025485,30018.07,0.033947,0.006445,0.011381,0.016150,0.067923,0.009361,1,93188,96098,585227,403,0,0,0,592,0,0,0,275,0,0,0,226,0,0,0,271,0,0,0,5,0,0,0,15675916207312125279,10065211577467911002,10065211577467911002,12715648053975721930,13339599137420385524,3666085521324440749,0,0,0,0,0,0,0,0,0,0,0
359,5,760,8,10,0.035823,21215.44,0.022511,33760.96,0.020386,37280.57,0.023587,32220.52,0.024567,30935.97,0.021287,35702.47,0.025414,29904.68,0.036153,0.005673,0.009202,0.021287,0.072315,0.008070,2,93961,98091,634670,426,0,0,0,673,0,0,0,290,0,0,0,260,0,0,0,308,0,0,0,2,0,0,0,14131898537068628163,12256652052808053583,12256652052808053583,5380487082960554170,8602253367579780674,1348465223587159283,0,0,0,0,0,0,0,0,0,0,0
360,5,745,8,10,0.037868,19673.64,0.019526,38154.03,0.016239,45878.06,0.021308,34962.66,0.023158,32170.53,0.021651,34410.00,0.028771,25893.92,0.038081,0.005619,0.011770,0.021651,0.077122,0.008903,1,95138,97568,702524,360,0,0,0,575,0,0,0,286,0,0,0,225,0,0,0,280,0,0,0,7,0,0,0,7262254398093715027,8383048638055091648,8383048638055091648,3481915730359018524,14385558804808026716,16460406275620918572,0,0,0,0,0,0,0,0,0,0,0
361,5,736,8,10,0.035775,20572.77,0.019123,38488.33,0.017803,41340.74,0.019091,38552.22,0.021487,34253.31,0.019342,38051.52,0.022331,32958.44,0.036165,0.006108,0.011351,0.019342,0.072966,0.008880,1,94563,97773,824086,501,0,0,0,818,0,0,0,366,0,0,0,354,0,0,0,438,0,0,0,9,0,0,0,3305888594814728217,15065642793257152100,15065642793257152100,15887910699019343361,14085733347705808716,2951732125392195487,0,0,0,0,0,0,0,0,0,0,0
362,5,729,8,10,0.034876,20902.43,0.024204,30118.56,0.016205,44987.16,0.021148,34471.88,0.024994,29167.46,0.015754,46273.01,0.030661,23776.44,0.035133,0.005826,0.009386,0.015754,0.066099,0.008150,2,92075,100315,932857,468,0,0,0,727,0,0,0,339,0,0,0,283,0,0,0,364,0,0,0,9,0,0,0,4940705917788141596,15416713200506070526,15416713200506070526,12409069704133964267,16399048776677348914,407737281688065257,0,0,0,0,0,0,0,0,0,0,0
363,5,855,8,10,0.038886,21987.34,0.023521,36350.46,0.019741,43310.26,0.022227,38467.29,0.026027,32851.11,0.023528,36339.06,0.031393,27235.61,0.039242,0.007971,0.012853,0.023528,0.083595,0.012815,2,120430,148490,630644,880,0,0,0,1187,0,0,0,456,0,0,0,332,0,0,0,420,0,0,0,7,0,0,0,1850146053498364873,1370502635412005024,1370502635412005024,11705384134869881257,3379189925475093732,13674882368789338223,0,0,0,0,0,0,0,0,0,0,0
364,5,807,8,10,0.047012,17165.81,0.027461,29387.29,0.020010,40330.71,0.019174,42089.14,0.029971,26925.74,0.018467,43700.31,0.038126,21166.68,0.047278,0.005869,0.009730,0.018467,0.081344,0.009574,2,93342,101292,609922,420,0,0,0,590,0,0,0,219,0,0,0,201,0,0,0,220,0,0,0,8,0,0,0,16197055866240630558,15756628552427166901,15756628552427166901,2510290128568764623,4042399852438320115,9126748134004855359,0,0,0,0,0,0,0,0,0,0,0
365,5,730,8,10,0.092781,7868.00,0.072103,10124.37,0.063271,11537.76,0.063719,11456.49,0.074741,9767.12,0.078542,9294.39,0.081665,8938.91,0.100807,0.000187,0.011162,0.078542,0.190698,0.008597,2,91101,94941,699334,429,0,0,0,704,0,0,0,335,0,0,0,251,0,0,0,365,0,0,0,9,0,0,0,9554789687993272059,13915066449582615048,13915066449582615048,1150263046797454053,4228863030277994170,10545810262331012058,0,0,0,0,0,0,0,0,0,0,0
366,5,709,8,10,0.037396,18959.15,0.019126,37070.06,0.016522,42913.68,0.019509,36342.66,0.022102,32078.51,0.021625,32786.03,0.028407,24959.05,0.037677,0.005698,0.006299,0.021625,0.071300,0.007873,4,85622,88387,511053,514,0,0,0,768,0,0,0,349,0,0,0,211,0,0,0,235,0,0,0,7,0,0,0,504465317332163731,1429213930161848538,1429213930161848538,17533374456449168258,3873964863204230395,6022608984993643202,0,0,0,0,0,0,0,0,0,0,0
367,5,1032,8,10,0.041629,24790.33,0.018731,55095.38,0.015907,64877.49,0.020607,50078.89,0.021744,47461.95,0.018667,55283.84,0.027020,38193.90,0.042232,0.007978,0.012114,0.018667,0.080992,0.016079,2,124504,130209,738365,454,0,0,0,621,0,0,0,376,0,0,0,291,0,0,0,218,0,0,0,2,0,0,0,15932321130910526958,14755907843340696037,14755907843340696037,468116723420879042,7866484624305489505,13877864869234820803,0,0,0,0,0,0,0,0,0,0,0
368,5,911,8,10,0.042231,21571.90,0.027454,33182.60,0.025822,35280.48,0.026742,34065.77,0.028658,31788.91,0.023772,38322.89,0.032573,27967.58,0.042770,0.006864,0.010633,0.023772,0.084039,0.013627,2,117357,131537,1117332,1085,0,0,0,1370,0,0,0,429,0,0,0,366,0,0,0,351,0,0,0,6,0,0,0,2222597131962999621,16734198563036768375,16734198563036768375,3760462366278034727,12046288540691264648,6309137087331838512,0,0,0,0,0,0,0,0,0,0,0
369,5,840,8,10,0.047906,17534.23,0.029240,28728.24,0.023826,35255.59,0.025144,33408.01,0.034573,24296.50,0.029629,28350.25,0.036193,23208.99,0.048684,0.006581,0.006111,0.029629,0.091005,0.011212,5,111565,118375,513840,897,0,0,0,1203,0,0,0,488,0,0,0,408,0,0,0,366,0,0,0,16,0,0,0,7037952971758518215,7037952971758518215,7037952971758518215,9643726327147610290,17111201840942280857,12385252286819510355,0,0,0,0,0,0,0,0,0,0,0
370,5,845,8,10,0.044062,19177.61,0.027392,30848.60,0.022361,37788.62,0.022584,37415.82,0.028132,30037.47,0.023262,36325.92,0.031520,26808.37,0.044421,0.006236,0.012319,0.023262,0.086238,0.010709,1,100678,106558,417364,751,0,0,0,1016,0,0,0,542,0,0,0,411,0,0,0,534,0,0,0,6,0,0,0,2206127791621775686,14624135171241182739,14624135171241182739,14341971975003734242,10959073281787584682,16204841276779918969,0,0,0,0,0,0,0,0,0,0,0
371,5,746,8,10,0.043405,17187.01,0.026130,28549.02,0.024188,30841.61,0.024258,30752.15,0.028619,26066.89,0.026479,28173.32,0.030872,24164.17,0.044192,0.006174,0.011973,0.026479,0.088818,0.009230,1,98305,102390,677957,666,0,0,0,975,0,0,0,370,0,0,0,284,0,0,0,402,0,0,0,5,0,0,0,4999897233258634571,15170127430617864625,15170127430617864625,17931063236984511971,17512163455350026192,45238797663945816,0,0,0,0,0,0,0,0,0,0,0
372,5,789,8,10,0.048226,16360.44,0.030202,26124.07,0.021350,36955.13,0.027688,28496.04,0.028270,27909.81,0.026923,29305.30,0.032076,24597.57,0.048799,0.006066,0.007723,0.026923,0.089511,0.010009,3,103711,108481,623817,636,0,0,0,1024,0,0,0,492,0,0,0,420,0,0,0,484,0,0,0,8,0,0,0,13181676894842908293,785623843766580060,785623843766580060,10185319349141940471,1018914482026500666,5585750895139540987,0,0,0,0,0,0,0,0,0,0,0
373,5,771,8,10,0.197364,3906.48,0.175469,4393.95,0.167923,4591.40,0.169427,4550.63,0.177568,4341.99,0.091265,8447.89,0.184178,4186.17,0.198504,0.006581,0.007082,0.091265,0.303432,0.009415,4,99112,102857,413680,588,0,0,0,1086,0,0,0,462,0,0,0,322,0,0,0,347,0,0,0,3,0,0,0,17124144085062073016,7418872788572688464,7418872788572688464,16442279098298531743,10426725847870224948,17948318932598123509,0,0,0,0,0,0,0,0,0,0,0
374,5,712,8,10,0.072111,9873.73,0.052854,13471.04,0.050641,14059.89,0.052041,13681.43,0.057807,12316.90,0.045603,15612.87,0.064333,11067.41,0.072351,0.006111,0.009358,0.045603,0.133423,0.008944,2,100718,104853,1538225,794,0,0,0,1255,0,0,0,482,0,0,0,390,0,0,0,577,0,0,0,10,0,0,0,14092278009967956289,14492878403758908320,14492878403758908320,1960272258680332010,10934004200443440697,17819404937678472557,0,0,0,0,0,0,0,0,0,0,0
375,5,698,8,10,0.047456,14708.40,0.026222,26619.24,0.025818,27035.26,0.029248,23865.27,0.031112,22435.30,0.028662,24352.87,0.038660,18055.03,0.047863,0.005979,0.009255,0.028662,0.091759,0.008013,2,99025,103990,757873,876,0,0,0,1086,0,0,0,407,0,0,0,245,0,0,0,259,0,0,0,13,0,0,0,11439752781339550157,9527541210298606008,9527541210298606008,3127264737300969115,2702716624469944648,3254949018382080526,0,0,0,0,0,0,0,0,0,0,0
376,5,663,8,10,0.047354,14000.85,0.025600,25898.35,0.020509,32326.90,0.021589,30709.41,0.030374,21828.18,0.029888,22182.60,0.036577,18126.08,0.047841,0.005408,0.004883,0.029888,0.088020,0.008223,5,88195,93165,381890,617,0,0,0,1063,0,0,0,352,0,0,0,373,0,0,0,330,0,0,0,8,0,0,0,8452315285713286994,17025267740971417876,17025267740971417876,13563803620585622806,11349968327190875533,3087921616831887052,0,0,0,0,0,0,0,0,0,0,0
377,5,775,8,10,0.057200,13549.07,0.030958,25034.08,0.027299,28389.13,0.029527,26247.56,0.035310,21948.61,0.029012,26713.07,0.041254,18786.27,0.058033,0.007546,0.014186,0.029012,0.108777,0.011111,1,122834,129024,799013,930,0,0,0,1307,0,0,0,568,0,0,0,515,0,0,0,551,0,0,0,15,0,0,0,3083024185331970693,4859630521800056290,4859630521800056290,868038015798981381,4649015159720953793,7195341103258528566,0,0,0,0,0,0,0,0,0,0,0
378,5,702,8,10,0.037456,18742.22,0.024393,28778.42,0.023566,29788.42,0.024887,28207.48,0.026791,26202.95,0.025899,27105.26,0.025077,27994.11,0.038072,0.006240,0.006488,0.025899,0.076698,0.008216,4,94532,98542,512848,701,0,0,0,1044,0,0,0,426,0,0,0,359,0,0,0,340,0,0,0,5,0,0,0,6030778286024579148,6030778286024579148,6030778286024579148,10024358864382338166,13783963288721070930,10024358864382338166,0,0,0,0,0,0,0,0,0,0,0
379,5,749,8,10,0.191230,3916.75,0.160315,4672.05,0.152937,4897.45,0.158743,4718.33,0.170450,4394.26,0.085734,8736.28,0.181091,4136.03,0.191952,0.006338,0.008128,0.085734,0.292153,0.009111,3,97440,101655,629335,699,0,0,0,837,0,0,0,476,0,0,0,445,0,0,0,370,0,0,0,0,0,0,0,2034254970155871111,12472893184079270540,12472893184079270540,2423796623548099082,945049071841827635,7187922842110367218,0,0,0,0,0,0,0,0,0,0,0
380,5,686,8,10,0.053222,12889.39,0.031027,22109.99,0.021851,31394.36,0.023375,29347.78,0.031509,21771.53,0.025519,26882.34,0.042563,16117.47,0.053453,0.005844,0.007145,0.025519,0.091960,0.007867,3,93688,97343,705887,508,0,0,0,671,0,0,0,252,0,0,0,205,0,0,0,176,0,0,0,9,0,0,0,15492017986906496316,17027346109487361333,17027346109487361333,6209406330662521429,12554103607892194063,10064201363971966108,0,0,0,0,0,0,0,0,0,0,0
381,5,751,8,10,0.113186,6635.07,0.090675,8282.30,0.078683,9544.66,0.080063,9380.09,0.093768,8009.10,0.099108,7577.56,0.101524,7397.28,0.114015,0.006672,0.009807,0.099108,0.229603,0.009369,2,98081,104606,1000706,710,0,0,0,1142,0,0,0,552,0,0,0,412,0,0,0,660,0,0,0,9,0,0,0,6102705372929090428,5862636215563091242,5862636215563091242,13409736278496724164,17137021401361070909,16922513771197340444,0,0,0,0,0,0,0,0,0,0,0
382,5,1014,8,10,0.029422,34463.82,0.016342,62048.03,0.015504,65403.18,0.018579,54579.05,0.019132,53000.89,0.018381,55166.83,0.024492,41400.55,0.029950,0.005774,0.005403,0.018381,0.059507,0.012490,5,87347,101762,673820,396,0,0,0,581,0,0,0,210,0,0,0,154,0,0,0,140,0,0,0,4,0,0,0,9841922323342301066,14387023439285664655,14387023439285664655,11083459458953773868,13922633541931928567,14464572766001007393,0,0,0,0,0,0,0,0,0,0,0
383,5,755,8,10,0.050240,15027.87,0.030104,25080.14,0.028901,26123.36,0.030245,24963.11,0.032401,23301.55,0.024458,30868.71,0.036446,20715.64,0.050923,0.007105,0.012932,0.024458,0.095417,0.010099,1,108022,112277,537249,742,0,0,0,1094,0,0,0,567,0,0,0,434,0,0,0,494,0,0,0,7,0,0,0,7181812985685262489,6438700089006398624,6438700089006398624,11075441648805858076,5666075533954365944,11360787117941803753,0,0,0,0,0,0,0,0,0,0,0
384,5,707,8,10,0.035290,20034.13,0.021897,32287.79,0.021109,33492.69,0.023766,29748.08,0.026234,26949.89,0.024681,28645.38,0.026609,26569.87,0.035594,0.006141,0.007357,0.024681,0.073773,0.008218,3,99259,102404,577506,668,0,0,0,928,0,0,0,498,0,0,0,327,0,0,0,361,0,0,0,11,0,0,0,1400463182532863026,2932962540539088774,2932962540539088774,14006589282652807117,10566708599895573209,17721490365173491930,0,0,0,0,0,0,0,0,0,0,0
385,5,803,8,10,0.039181,20494.48,0.022636,35475.16,0.020406,39351.32,0.021979,36535.17,0.023084,34785.81,0.022584,35555.91,0.028353,28321.37,0.039347,0.006432,0.006108,0.022584,0.074471,0.010650,5,102873,108218,544974,661,0,0,0,1063,0,0,0,452,0,0,0,357,0,0,0,350,0,0,0,13,0,0,0,6722798687724863123,8544704123864251262,8544704123864251262,4748623185890593012,14663881652559110327,10692235273823307386,0,0,0,0,0,0,0,0,0,0,0
386,5,683,8,10,0.050072,13640.45,0.028118,24290.32,0.026773,25510.61,0.027878,24499.28,0.029287,23320.71,0.026777,25507.02,0.036368,18780.46,0.050173,0.006418,0.009426,0.026777,0.092794,0.007757,2,98486,102901,624993,662,0,0,0,896,0,0,0,481,0,0,0,333,0,0,0,460,0,0,0,9,0,0,0,10238625419651337555,8315623154525867926,8315623154525867926,18169435362316555697,12552665280027571811,18214271138926503060,0,0,0,0,0,0,0,0,0,0,0
387,5,842,8,10,0.040296,20895.44,0.024386,34528.26,0.022573,37300.76,0.024616,34205.47,0.025785,32655.07,0.024120,34909.33,0.033854,24871.15,0.040612,0.006275,0.007752,0.024120,0.078760,0.010372,3,99960,135990,1213325,656,0,0,0,868,0,0,0,373,0,0,0,261,0,0,0,251,0,0,0,7,0,0,0,1285562807396259520,2254284497796631605,2254284497796631605,1570284780943581330,1289435586690011153,15718809643107751975,0,0,0,0,0,0,0,0,0,0,0
388,5,766,8,10,0.037127,20632.12,0.020592,37199.66,0.019103,40097.43,0.021920,34944.46,0.022865,33501.19,0.020191,37938.03,0.026026,29432.28,0.037466,0.006518,0.011679,0.020191,0.075854,0.011654,1,98187,103527,507932,580,0,0,0,897,0,0,0,373,0,0,0,302,0,0,0,300,0,0,0,5,0,0,0,18098420871380293823,220134939970245956,220134939970245956,17830513444616543301,15976322980860873806,7812356367471294988,0,0,0,0,0,0,0,0,0,0,0
389,5,756,8,10,0.035326,21400.80,0.019426,38916.49,0.017918,42192.79,0.018578,40692.51,0.021075,35871.14,0.021177,35699.37,0.022002,34360.10,0.035497,0.006077,0.005696,0.021177,0.068446,0.009192,5,93891,98131,678815,616,0,0,0,816,0,0,0,438,0,0,0,398,0,0,0,434,0,0,0,5,0,0,0,1710443492802369072,1710443492802369072,1710443492802369072,6224072249667837873,4257638780937074261,5679418461831207844,0,0,0,0,0,0,0,0,0,0,0
390,5,711,8,10,0.035544,20003.31,0.019666,36153.99,0.018080,39326.03,0.019892,35742.70,0.022155,32091.70,0.020665,34406.54,0.024832,28631.94,0.035768,0.005761,0.010816,0.020665,0.073010,0.008091,1,90343,93858,683567,584,0,0,0,744,0,0,0,366,0,0,0,271,0,0,0,332,0,0,0,14,0,0,0,1700052740640760014,1700052740640760014,1700052740640760014,4996942371510692784,14097901958553953779,3807346759553087763,0,0,0,0,0,0,0,0,0,0,0
391,5,753,8,10,0.065123,11562.70,0.047441,15872.32,0.041281,18240.71,0.040232,18716.63,0.050049,15045.35,0.048598,15494.50,0.053330,14119.63,0.065511,0.006136,0.005683,0.048598,0.125928,0.009077,5,96981,100061,637850,569,0,0,0,819,0,0,0,445,0,0,0,363,0,0,0,335,0,0,0,13,0,0,0,16927008211142850608,9551425239622857860,9551425239622857860,11331674114461197101,7392730224742391240,12436744855459118186,0,0,0,0,0,0,0,0,0,0,0
392,5,708,8,10,0.124730,5676.25,0.097951,7228.12,0.082801,8550.61,0.091508,7737.04,0.096931,7304.18,0.088914,7962.73,0.113111,6259.34,0.125453,0.006529,0.011910,0.088914,0.232807,0.008561,1,104883,108008,559865,597,0,0,0,753,0,0,0,414,0,0,0,353,0,0,0,400,0,0,0,12,0,0,0,10083576389094879793,15119105888397053242,15119105888397053242,485044770401750093,11580834306973795030,17532083577696193423,0,0,0,0,0,0,0,0,0,0,0
393,5,769,8,10,0.040419,19025.70,0.022358,34395.57,0.019778,38882.09,0.020687,37173.70,0.023530,32681.32,0.020396,37704.25,0.028368,27108.05,0.040719,0.006190,0.008632,0.020396,0.075936,0.008890,2,91873,95283,1220611,583,0,0,0,866,0,0,0,453,0,0,0,343,0,0,0,289,0,0,0,7,0,0,0,1135483330490057269,3622496276299581562,3622496276299581562,3956887789737905103,5572541030301821057,7477318363654097751,0,0,0,0,0,0,0,0,0,0,0
394,5,667,8,10,0.031767,20996.57,0.019841,33618.10,0.018826,35428.98,0.019755,33763.64,0.023390,28515.92,0.019543,34129.20,0.023849,27968.20,0.031960,0.004828,0.009930,0.019543,0.066262,0.007244,1,78728,82668,608867,486,0,0,0,779,0,0,0,371,0,0,0,280,0,0,0,271,0,0,0,3,0,0,0,16548342477997709757,14889922079428801683,14889922079428801683,16333037334966459265,16702086707068596693,16376466079295081712,0,0,0,0,0,0,0,0,0,0,0
395,5,783,8,10,0.035631,21975.18,0.020763,37710.75,0.019861,39424.06,0.022693,34504.60,0.023165,33800.43,0.021573,36296.10,0.023778,32929.03,0.035936,0.005770,0.011518,0.021573,0.074796,0.009115,1,93686,97706,500713,578,0,0,0,837,0,0,0,374,0,0,0,325,0,0,0,318,0,0,0,2,0,0,0,17184001730006567429,6172040541378575032,6172040541378575032,7014652621268031080,902024093148414313,11186218798239175801,0,0,0,0,0,0,0,0,0,0,0
396,5,913,8,10,0.047656,19158.18,0.028378,32172.37,0.022513,40555.04,0.024589,37130.49,0.030527,29908.14,0.025430,35903.14,0.036168,25243.12,0.048393,0.007620,0.011597,0.025430,0.093039,0.013312,2,110380,115505,850491,609,0,0,0,1056,0,0,0,387,0,0,0,363,0,0,0,384,0,0,0,9,0,0,0,9099059517855324081,492089991899724359,492089991899724359,11082052647709235384,4467205514304086393,73666502915125568,0,0,0,0,0,0,0,0,0,0,0
397,5,847,8,10,0.035784,23669.71,0.019111,44320.03,0.017120,49474.13,0.019572,43276.08,0.021589,39233.33,0.020126,42083.93,0.026473,31995.27,0.036195,0.006301,0.011684,0.020126,0.074307,0.010928,1,97472,103922,419455,526,0,0,0,668,0,0,0,355,0,0,0,288,0,0,0,335,0,0,0,11,0,0,0,13145484024669989454,13145484024669989454,13145484024669989454,7965905853659935444,9486133986042337625,9983910699193162531,0,0,0,0,0,0,0,0,0,0,0
398,5,876,8,10,0.044667,19611.74,0.023176,37797.85,0.021537,40673.95,0.024946,35115.45,0.028042,31239.30,0.025636,34171.01,0.029457,29738.11,0.045080,0.007287,0.013135,0.025636,0.091138,0.011827,1,110593,117673,612488,653,0,0,0,891,0,0,0,540,0,0,0,428,0,0,0,344,0,0,0,7,0,0,0,5195852971949006339,9526669434119498251,9526669434119498251,8665440483660175870,3852202024670939336,16772878463975154597,0,0,0,0,0,0,0,0,0,0,0
399,5,783,8,10,0.037479,20891.46,0.016563,47273.39,0.014290,54792.94,0.019367,40429.76,0.020661,37897.32,0.018288,42814.49,0.028313,27654.92,0.037774,0.005632,0.010924,0.018288,0.072618,0.009384,1,91677,100212,1196923,519,0,0,0,695,0,0,0,355,0,0,0,240,0,0,0,339,0,0,0,15,0,0,0,8121394857016214074,8383897965437276623,8383897965437276623,7363808244355905848,1634407570909704983,7868194315020786766,0,0,0,0,0,0,0,0,0,0,0
400,5,652,8,10,0.029697,21955.42,0.020020,32568.01,0.018770,34737.03,0.020546,31734.20,0.021962,29687.86,0.017140,38038.68,0.021229,30712.02,0.030018,0.004843,0.009198,0.017140,0.061200,0.006656,1,77779,81594,784695,504,0,0,0,712,0,0,0,410,0,0,0,302,0,0,0,228,0,0,0,4,0,0,0,15290798221160941011,310271281742422900,310271281742422900,13915509865175262868,9937866773333142644,13975053891154967035,0,0,0,0,0,0,0,0,0,0,0
401,5,825,8,10,0.036234,22768.68,0.024350,33880.45,0.017366,47507.30,0.015706,52528.16,0.025134,32824.22,0.016020,51498.37,0.033420,24686.16,0.036774,0.005553,0.010631,0.016020,0.068978,0.009748,1,87967,101812,705323,714,0,0,0,995,0,0,0,360,0,0,0,251,0,0,0,304,0,0,0,8,0,0,0,9946716907576309228,3348602015644377710,3348602015644377710,2965798193449424146,4391793793611808726,18291517882537708121,0,0,0,0,0,0,0,0,0,0,0
402,5,862,8,10,0.046530,18525.57,0.027840,30963.18,0.023127,37273.22,0.020197,42680.61,0.030712,28067.18,0.025078,34373.26,0.039387,21885.23,0.047140,0.006057,0.011912,0.025078,0.090187,0.010800,1,97575,108180,520994,504,0,0,0,790,0,0,0,307,0,0,0,277,0,0,0,338,0,0,0,5,0,0,0,15611803307905699876,5053096272837503014,5053096272837503014,2665853584318108398,9962329475043560259,15729220543462080339,0,0,0,0,0,0,0,0,0,0,0
403,5,752,8,10,0.041752,18011.31,0.024168,31115.73,0.018768,40067.21,0.020472,36732.44,0.026024,28896.41,0.021122,35602.26,0.031164,24130.36,0.042188,0.005660,0.010832,0.021122,0.079803,0.009443,1,97633,101733,918266,627,0,0,0,942,0,0,0,361,0,0,0,357,0,0,0,320,0,0,0,10,0,0,0,10267832171512068418,3187826180518919453,3187826180518919453,4049704328655986275,14871290017690667372,4690115783995474025,0,0,0,0,0,0,0,0,0,0,0
404,5,729,8,10,0.039276,18560.83,0.024314,29982.38,0.022100,32986.92,0.026985,27015.08,0.028616,25475.52,0.026547,27460.89,0.029560,24661.69,0.039904,0.006724,0.010077,0.026547,0.083252,0.008839,2,98300,102510,540808,709,0,0,0,1041,0,0,0,421,0,0,0,295,0,0,0,330,0,0,0,5,0,0,0,13706622470621751569,13706622470621751569,13706622470621751569,1959851197362933980,10137634466638614073,8023843707881844346,0,0,0,0,0,0,0,0,0,0,0
405,5,731,8,10,0.042426,17229.90,0.021939,33319.24,0.020112,36346.21,0.020799,35145.81,0.023136,31595.16,0.019621,37256.01,0.031336,23328.15,0.042831,0.006033,0.009468,0.019621,0.077953,0.008947,2,91849,96814,662915,497,0,0,0,1014,0,0,0,417,0,0,0,300,0,0,0,301,0,0,0,10,0,0,0,6438283865652348231,5078012778538535635,5078012778538535635,11257533358959266280,2632823828236624170,12609233278856592803,0,0,0,0,0,0,0,0,0,0,0
406,5,676,8,10,0.035187,19211.65,0.019346,34942.76,0.017859,37852.26,0.020053,33710.06,0.020884,32369.77,0.019972,33847.49,0.023644,28591.28,0.035181,0.005279,0.008866,0.019972,0.069297,0.007393,2,84104,87414,1131599,570,0,0,0,805,0,0,0,319,0,0,0,278,0,0,0,341,0,0,0,7,0,0,0,9295925208455569104,8110081573338741967,8110081573338741967,175499109142725949,12524832129753182027,7017944709918529040,0,0,0,0,0,0,0,0,0,0,0
407,5,656,8,10,0.040576,16167.35,0.025256,25974.49,0.021933,29908.62,0.023506,27908.11,0.027684,23695.65,0.022032,29774.94,0.031206,21021.34,0.040967,0.004920,0.009947,0.022032,0.077867,0.006887,1,80534,83189,524716,660,0,0,0,891,0,0,0,348,0,0,0,261,0,0,0,405,0,0,0,4,0,0,0,6162304165394138024,6162304165394138024,6162304165394138024,13546787092590216244,4751034185017087157,2073390510369511496,0,0,0,0,0,0,0,0,0,0,0
408,5,705,8,10,0.033993,20739.41,0.016011,44032.80,0.014287,49346.85,0.017489,40312.12,0.019560,36043.10,0.016364,43082.83,0.022524,31299.32,0.034113,0.005503,0.010071,0.016364,0.066051,0.007325,1,80191,82726,634506,397,0,0,0,598,0,0,0,271,0,0,0,196,0,0,0,230,0,0,0,11,0,0,0,10569816786080468280,10569816786080468280,10569816786080468280,4316046036603340719,3493902284454683315,14783377972075915096,0,0,0,0,0,0,0,0,0,0,0
409,5,573,8,10,0.032016,17897.12,0.015585,36766.06,0.011410,50218.24,0.013603,42124.29,0.017394,32942.44,0.016976,33754.14,0.023514,24368.04,0.032421,0.004531,0.005714,0.016976,0.059642,0.005617,3,71600,73010,877933,310,0,0,0,454,0,0,0,240,0,0,0,135,0,0,0,145,0,0,0,11,0,0,0,3009054808531628630,1528958976862417384,1528958976862417384,7733886428217429246,11865462485743194082,9624855918752144654,0,0,0,0,0,0,0,0,0,0,0
410,5,806,8,10,0.045630,17663.90,0.023191,34755.28,0.022081,36502.19,0.025003,32235.96,0.026116,30862.83,0.021422,37624.07,0.030384,26527.02,0.046061,0.006683,0.012670,0.021422,0.086837,0.010837,1,109265,112970,902827,688,0,0,0,919,0,0,0,465,0,0,0,359,0,0,0,351,0,0,0,11,0,0,0,645860085688162729,17909665445255795419,17909665445255795419,388993219098183850,8814134698702017025,15072424687599566582,0,0,0,0,0,0,0,0,0,0,0
411,5,766,8,10,0.038411,19942.07,0.021231,36078.95,0.020362,37619.00,0.022898,33453.33,0.023567,32502.56,0.023902,32047.96,0.030344,25244.04,0.038909,0.005931,0.008220,0.023902,0.076962,0.008981,2,86491,93356,847244,621,0,0,0,918,0,0,0,453,0,0,0,280,0,0,0,376,0,0,0,14,0,0,0,10732084351289029436,6529669118553414313,6529669118553414313,11071079493646790109,18425026759067787083,1265517211863820897,0,0,0,0,0,0,0,0,0,0,0
412,5,656,8,10,0.048260,13592.94,0.024869,26377.91,0.024550,26720.88,0.022980,28546.97,0.026021,25210.65,0.018983,34556.70,0.037584,17454.31,0.048857,0.006408,0.011821,0.018983,0.086069,0.007311,1,97980,102520,1568520,445,0,0,0,693,0,0,0,233,0,0,0,203,0,0,0,206,0,0,0,3,0,0,0,15131676524923530680,16248026796793461518,16248026796793461518,6664671573830478357,5412499583954600948,761448361200231429,0,0,0,0,0,0,0,0,0,0,0
413,5,678,8,10,0.033796,20061.54,0.020000,33899.15,0.018440,36766.96,0.021244,31914.52,0.022045,30755.47,0.021446,31614.98,0.025114,26996.50,0.034254,0.006003,0.010710,0.021446,0.072412,0.007556,1,85044,90289,645908,540,0,0,0,918,0,0,0,395,0,0,0,301,0,0,0,311,0,0,0,3,0,0,0,6165331794187093989,12750562392335373736,12750562392335373736,11861514658468884477,6444981990538256934,11861514658468884477,0,0,0,0,0,0,0,0,0,0,0
414,5,695,8,10,0.040581,17126.19,0.022453,30953.57,0.019945,34845.87,0.022574,30787.28,0.027277,25479.40,0.024656,28187.46,0.030114,23079.02,0.040829,0.006158,0.011548,0.024656,0.083192,0.008020,1,96412,99772,835192,604,0,0,0,808,0,0,0,406,0,0,0,385,0,0,0,447,0,0,0,6,0,0,0,7087076209721120504,7087076209721120504,7087076209721120504,3079821954409488725,523838182598478725,11773219788416599820,0,0,0,0,0,0,0,0,0,0,0
415,5,848,8,10,0.040847,20760.19,0.023509,36070.65,0.020993,40394.24,0.022044,38468.52,0.025728,32959.88,0.022719,37324.89,0.033667,25188.23,0.041051,0.006207,0.011966,0.022719,0.081944,0.010439,1,96644,122689,820376,497,0,0,0,761,0,0,0,346,0,0,0,266,0,0,0,257,0,0,0,8,0,0,0,10586812081907231937,1828024623549396240,1828024623549396240,16073086338317062725,5023158159595047320,7450642961021732292,0,0,0,0,0,0,0,0,0,0,0
416,5,784,8,10,0.052149,15033.98,0.028635,27378.76,0.018372,42672.67,0.018359,42703.40,0.028804,27218.06,0.024087,32549.19,0.041484,18899.03,0.052432,0.006409,0.007937,0.024087,0.090866,0.009489,3,94111,106391,924109,517,0,0,0,721,0,0,0,372,0,0,0,228,0,0,0,229,0,0,0,12,0,0,0,11308015596182728356,2535727870321027985,2535727870321027985,1271452801375127942,3300721437891417811,17839074799095102528,0,0,0,0,0,0,0,0,0,0,0
417,5,903,8,10,0.045695,19761.48,0.025690,35149.32,0.021641,41725.83,0.023605,38254.83,0.027174,33229.81,0.022848,39521.36,0.033231,27173.77,0.045956,0.007022,0.011239,0.022848,0.087066,0.012228,2,102586,109816,801489,668,0,0,0,820,0,0,0,400,0,0,0,306,0,0,0,269,0,0,0,6,0,0,0,17735265058514613486,11649007551414338476,11649007551414338476,2401295690060751945,14912539018609902310,13984845771695262076,0,0,0,0,0,0,0,0,0,0,0
418,5,890,8,10,0.046280,19230.89,0.023883,37265.43,0.022934,38806.92,0.025252,35244.46,0.030814,28882.74,0.024350,36550.51,0.040163,22159.81,0.046751,0.006415,0.008025,0.024350,0.085541,0.011601,3,103703,130643,1015777,1073,0,0,0,1263,0,0,0,409,0,0,0,351,0,0,0,300,0,0,0,7,0,0,0,15060291296559593292,15060291296559593292,15060291296559593292,4542830857336512388,9967996426643721699,13735213086482672038,0,0,0,0,0,0,0,0,0,0,0
419,5,729,8,10,0.048126,15147.80,0.024062,30296.59,0.020510,35543.28,0.021853,33359.57,0.025609,28467.04,0.054477,13381.90,0.032609,22355.75,0.048304,0.006287,0.011111,0.054477,0.120179,0.008812,1,95700,98785,1560108,628,0,0,0,989,0,0,0,431,0,0,0,385,0,0,0,0,0,0,0,8,0,0,0,5299511767765431130,5055931701347911003,5055931701347911003,13697978941276354711,10670826719155550484,10719768775256294780,0,0,0,0,0,0,0,0,0,0,1
420,5,718,8,10,0.040831,17584.82,0.019837,36195.79,0.019212,37372.02,0.022956,31277.71,0.024350,29487.15,0.024765,28992.63,0.027872,25760.55,0.041218,0.006027,0.006380,0.024765,0.078390,0.008193,4,93266,96101,785408,562,0,0,0,869,0,0,0,434,0,0,0,285,0,0,0,322,0,0,0,17,0,0,0,2694539595582273760,13519839770843105020,13519839770843105020,8415742965124827867,14603079363964959582,4259647254833480762,0,0,0,0,0,0,0,0,0,0,0
421,5,752,8,10,0.138054,5447.13,0.123198,6103.99,0.113309,6636.72,0.107965,6965.25,0.124289,6050.40,0.110805,6786.67,0.130149,5778.01,0.138846,0.006031,0.009531,0.110805,0.265213,0.009201,2,99071,119511,738121,844,0,0,0,1058,0,0,0,406,0,0,0,336,0,0,0,380,0,0,0,14,0,0,0,15444378408452298087,11243973602548536188,11243973602548536188,16316345226724824340,12168746949724818609,6377037382960166506,0,0,0,0,0,0,0,0,0,0,0
422,5,778,8,10,0.184440,4218.17,0.160197,4856.53,0.158136,4919.82,0.159362,4881.98,0.163385,4761.75,0.155394,5006.62,0.174440,4459.99,0.185552,0.006021,0.009529,0.155394,0.356497,0.009421,2,93927,104907,842770,616,0,0,0,1109,0,0,0,436,0,0,0,417,0,0,0,590,0,0,0,8,0,0,0,10922424539541804342,10922424539541804342,10922424539541804342,14907788011752383320,4756315497998256438,11256932563039476929,0,0,0,0,0,0,0,0,0,0,0
423,5,716,8,10,0.043727,16374.19,0.023123,30964.78,0.021961,32603.84,0.026678,26838.14,0.027556,25983.25,0.025201,28411.58,0.032353,22131.05,0.044223,0.005884,0.011337,0.025201,0.086645,0.008230,1,94344,98384,900805,581,0,0,0,881,0,0,0,358,0,0,0,241,0,0,0,235,0,0,0,5,0,0,0,15538958451476444758,12275041673810348235,12275041673810348235,51351015880569298,14595104445004172269,6520036853030493826,0,0,0,0,0,0,0,0,0,0,0
424,5,730,8,10,0.046228,15791.45,0.026991,27046.33,0.024498,29798.54,0.025484,28645.93,0.030623,23838.48,0.022033,33132.60,0.035357,20646.48,0.046599,0.005637,0.010842,0.022033,0.085111,0.008580,1,91029,97939,828484,627,0,0,0,1049,0,0,0,376,0,0,0,296,0,0,0,333,0,0,0,7,0,0,0,16059166683530511287,11867968977033735045,11867968977033735045,18318650143484087034,14078265533938597868,14521962505267387204,0,0,0,0,0,0,0,0,0,0,0
425,5,668,8,10,0.071161,9387.19,0.048198,13859.39,0.033163,20143.17,0.033240,20096.15,0.050117,13328.75,0.048531,13764.43,0.060322,11073.87,0.071452,0.005558,0.006191,0.048531,0.131732,0.007305,4,85453,88483,1174400,517,0,0,0,514,0,0,0,322,0,0,0,205,0,0,0,250,0,0,0,9,0,0,0,5113894949872790982,5267841709601553187,5267841709601553187,17236851865072122828,9259217257866894678,11094875483759875873,0,0,0,0,0,0,0,0,0,0,0
426,5,833,8,10,0.086984,9576.52,0.059682,13957.31,0.050755,16412.30,0.049446,16846.52,0.062143,13404.67,0.058657,14201.13,0.071199,11699.61,0.087899,0.006663,0.008789,0.058657,0.162007,0.011091,3,107416,112226,971268,625,0,0,0,810,0,0,0,449,0,0,0,395,0,0,0,451,0,0,0,9,0,0,0,17439668144004995156,17425262069842592585,17425262069842592585,18212711233629388124,8634953506879820338,8280554390494576672,0,0,0,0,0,0,0,0,0,0,0
427,5,769,8,10,0.043690,17601.13,0.023514,32704.43,0.023053,33357.43,0.025441,30227.15,0.027549,27914.33,0.024898,30885.94,0.034615,22215.66,0.044158,0.006425,0.009875,0.024898,0.085355,0.009056,2,100065,105200,980628,619,0,0,0,872,0,0,0,231,0,0,0,185,0,0,0,186,0,0,0,8,0,0,0,2097830154080798437,8450010943492883933,8450010943492883933,8164640735794509828,17867913714579438371,2138540955285408421,0,0,0,0,0,0,0,0,0,0,0
428,5,733,8,10,0.032444,22592.93,0.018555,39504.29,0.016142,45408.37,0.018700,39197.27,0.020574,35627.70,0.019053,38472.11,0.024878,29463.50,0.032837,0.005048,0.006696,0.019053,0.063633,0.007704,3,81112,84737,820188,447,0,0,0,646,0,0,0,239,0,0,0,165,0,0,0,172,0,0,0,6,0,0,0,5928854774821351262,13582434220353365584,13582434220353365584,1783639339956879070,4589851714144255580,1353760293400412148,0,0,0,0,0,0,0,0,0,0,0
429,5,858,8,10,0.045376,18908.56,0.026582,32277.82,0.025946,33068.47,0.026420,32475.23,0.030333,28285.67,0.023875,35937.01,0.032112,26718.91,0.045828,0.006894,0.010532,0.023875,0.087129,0.011672,2,108915,114650,704917,811,0,0,0,1028,0,0,0,395,0,0,0,413,0,0,0,362,0,0,0,14,0,0,0,9511334140066522157,3648392475074678450,3648392475074678450,10772479232429878065,568530151826686588,16320856470750113445,0,0,0,0,0,0,0,0,0,0,0
430,5,724,8,10,0.071589,10113.35,0.051696,14004.95,0.041521,17436.75,0.042221,17147.67,0.054038,13398.08,0.047468,15252.40,0.058591,12356.91,0.072560,0.006470,0.011327,0.047468,0.137825,0.008230,1,95906,99131,894962,711,0,0,0,1101,0,0,0,484,0,0,0,431,0,0,0,505,0,0,0,19,0,0,0,2019544144633814782,17118951596426850525,17118951596426850525,6132437850776631443,5252868556974926028,15132576299886065582,0,0,0,0,0,0,0,0,0,0,0
431,5,722,8,10,0.038263,18869.23,0.019309,37391.99,0.018660,38692.21,0.021002,34376.91,0.023237,31070.92,0.020092,35935.29,0.025723,28068.01,0.038623,0.005899,0.010802,0.020092,0.075416,0.008284,1,89994,92844,884538,529,0,0,0,909,0,0,0,319,0,0,0,257,0,0,0,283,0,0,0,8,0,0,0,18395191563420153394,7667034754853064407,7667034754853064407,6796364898447212002,14319128445686057871,315024561114968251,0,0,0,0,0,0,0,0,0,0,0
432,5,811,8,10,0.043586,18607.07,0.024027,33754.22,0.022673,35768.93,0.024366,33283.79,0.025547,31745.54,0.019142,42368.21,0.032284,25121.04,0.043920,0.005567,0.010707,0.019142,0.079337,0.009784,1,91028,99508,1179030,528,0,0,0,818,0,0,0,358,0,0,0,290,0,0,0,298,0,0,0,9,0,0,0,16698231886037818084,5900061255750329369,5900061255750329369,2194275441751046504,9789898839814512903,16686963170148180298,0,0,0,0,0,0,0,0,0,0,0
433,5,731,8,10,0.173869,4204.31,0.155056,4714.42,0.138315,5285.05,0.136345,5361.38,0.153539,4761.00,0.142003,5147.78,0.161457,4527.51,0.174800,0.006247,0.011145,0.142003,0.334195,0.009183,1,103094,109434,706910,935,0,0,0,1310,0,0,0,535,0,0,0,575,0,0,0,935,0,0,0,11,0,0,0,14411603705707773433,3176689324090932097,3176689324090932097,2676230816194511449,13573949916525700148,13418501059563880996,0,0,0,0,0,0,0,0,0,0,0
434,5,633,8,10,0.077929,8122.82,0.075524,8381.43,0.070365,8995.92,0.074139,8537.99,0.048980,12923.53,0.040505,15627.76,0.062328,10155.96,0.077533,0.008822,0.015537,0.040505,0.142397,0.007818,1,127644,130254,1192318,553,0,0,0,818,0,0,0,443,0,0,0,376,0,0,0,342,0,0,0,6,0,0,0,8647961480165455292,2448797678531083899,2448797678531083899,11262460411227777154,15257415517406571067,14400570955275601639,0,0,0,0,0,0,0,0,0,0,0
435,5,650,8,10,0.168782,3851.12,0.146874,4425.55,0.137321,4733.44,0.138506,4692.94,0.150551,4317.48,0.139115,4672.40,0.156671,4148.82,0.169108,0.005837,0.010011,0.139115,0.324071,0.007098,1,80966,83771,612203,551,0,0,0,768,0,0,0,384,0,0,0,272,0,0,0,468,0,0,0,6,0,0,0,8356203223156553202,3761248910176010273,3761248910176010273,17113114753984658333,5815219492161218735,9687597634431173939,0,0,0,0,0,0,0,0,0,0,0
436,5,677,8,10,0.033676,20103.13,0.020260,33416.06,0.018682,36238.99,0.020441,33119.80,0.021380,31665.06,0.020251,33429.81,0.021067,32136.25,0.033951,0.005534,0.005875,0.020251,0.065611,0.007759,4,87765,90290,668891,518,0,0,0,760,0,0,0,364,0,0,0,302,0,0,0,272,0,0,0,5,0,0,0,10105248579709156300,1998060901471646000,1998060901471646000,16769423820558433893,3867993120267877542,7642643785445424001,0,0,0,0,0,0,0,0,0,0,0
437,5,701,8,10,0.052898,13251.98,0.029134,24061.48,0.022389,31309.51,0.019369,36191.96,0.032301,21702.15,0.027642,25359.89,0.042734,16403.76,0.053372,0.006058,0.006986,0.027642,0.094059,0.008441,3,93993,97858,890423,488,0,0,0,726,0,0,0,395,0,0,0,335,0,0,0,352,0,0,0,10,0,0,0,4988043542203946923,12668255351364070125,12668255351364070125,4534740748564781522,10822139871626100260,6551536323926537249,0,0,0,0,0,0,0,0,0,0,0
438,5,770,8,10,0.040297,19108.34,0.022056,34911.12,0.020517,37529.15,0.023168,33235.28,0.025479,30220.88,0.024086,31968.17,0.027743,27754.87,0.040639,0.006431,0.010817,0.024086,0.081973,0.011845,2,98484,103144,1389095,627,0,0,0,951,0,0,0,325,0,0,0,285,0,0,0,334,0,0,0,2,0,0,0,8798027877037478663,8099256373805896718,8099256373805896718,16896600848293770404,17392923047509939858,5205293398125690224,0,0,0,0,0,0,0,0,0,0,0
439,5,709,8,10,0.039018,18171.26,0.018541,38240.52,0.017876,39662.87,0.019052,37214.85,0.020195,35107.34,0.019971,35500.69,0.027078,26183.73,0.039265,0.006786,0.012970,0.019971,0.078993,0.008608,1,114102,117092,714165,489,0,0,0,841,0,0,0,352,0,0,0,260,0,0,0,399,0,0,0,10,0,0,0,4642085815235025568,10907861330379602647,10907861330379602647,14548930511459850918,4841071102037284346,5550532659151211687,0,0,0,0,0,0,0,0,0,0,0
440,5,679,8,10,0.061792,10988.53,0.036910,18396.21,0.023865,28452.23,0.027371,24807.30,0.035589,19078.91,0.034220,19842.34,0.049753,13647.54,0.062165,0.005331,0.010684,0.034220,0.112400,0.007523,1,87976,91066,972859,379,0,0,0,696,0,0,0,379,0,0,0,220,0,0,0,431,0,0,0,12,0,0,0,9842699890489016986,2854413938158265345,2854413938158265345,6746849470454198296,17610441349264312895,8167121925600355346,0,0,0,0,0,0,0,0,0,0,0
441,5,699,8,10,0.056155,12447.78,0.033268,21011.23,0.024678,28324.35,0.025121,27825.48,0.036744,19023.76,0.024590,28426.21,0.044069,15861.33,0.056376,0.005646,0.005208,0.024590,0.091820,0.007775,5,84034,86699,854854,329,0,0,0,507,0,0,0,459,0,0,0,276,0,0,0,203,0,0,0,4,0,0,0,11679732595280504230,11679732595280504230,11679732595280504230,4530161779624384310,10465225603164984199,16128948732174449113,0,0,0,0,0,0,0,0,0,0,0
442,5,758,8,10,0.033629,22540.27,0.016042,47251.56,0.015115,50149.28,0.016365,46319.04,0.018415,41161.93,0.017795,42596.70,0.022473,33729.88,0.034102,0.005683,0.005277,0.017795,0.062856,0.009147,5,89471,93466,892138,454,0,0,0,749,0,0,0,303,0,0,0,299,0,0,0,255,0,0,0,7,0,0,0,7937905712808919906,14739388305096330360,14739388305096330360,16310063478072715046,18227575650245590558,11894318608260963099,0,0,0,0,0,0,0,0,0,0,0
443,5,744,8,10,0.098886,7523.79,0.067405,11037.71,0.058839,12644.77,0.064317,11567.76,0.077536,9595.56,0.075266,9884.96,0.085495,8702.28,0.099533,0.006078,0.006118,0.075266,0.186994,0.008894,5,98039,101304,810875,438,0,0,0,779,0,0,0,378,0,0,0,295,0,0,0,300,0,0,0,5,0,0,0,10069254191921690526,10069254191921690526,10069254191921690526,201045143981913365,6074322290927253518,1300692267714730316,0,0,0,0,0,0,0,0,0,0,0
444,5,679,8,10,0.121891,5570.54,0.103864,6537.42,0.092411,7347.63,0.092554,7336.26,0.105928,6410.01,0.105059,6463.05,0.111741,6076.53,0.123522,0.004479,0.006486,0.105059,0.239546,0.007224,3,79452,83092,1446034,405,0,0,0,569,0,0,0,317,0,0,0,203,0,0,0,211,0,0,0,3,0,0,0,7087132366404002037,7087132366404002037,7087132366404002037,18211388768315281042,838651586222628090,8302545312349694597,0,0,0,0,0,0,0,0,0,0,0
445,5,754,8,10,0.047937,15728.93,0.028288,26654.06,0.021194,35575.52,0.029406,25641.03,0.031560,23890.68,0.030561,24672.22,0.036655,20570.23,0.048769,0.006332,0.006779,0.030561,0.092440,0.008999,4,100726,104401,633962,584,0,0,0,822,0,0,0,392,0,0,0,386,0,0,0,343,0,0,0,9,0,0,0,8977236871850974811,685827789964165844,685827789964165844,6356218775738304539,284097866986729736,6356218775738304539,0,0,0,0,0,0,0,0,0,0,0
446,5,732,8,10,0.039353,18600.87,0.019811,36949.70,0.018465,39642.89,0.019859,36860.51,0.021098,34695.10,0.042654,17161.14,0.025122,29137.48,0.039840,0.005894,0.011447,0.042654,0.099835,0.009105,1,98016,100831,872274,541,0,0,0,823,0,0,0,350,0,0,0,382,0,0,0,0,0,0,0,10,0,0,0,12810929184294364491,6593420430160814430,6593420430160814430,6320824664584773218,16491603956278382364,8941014916550657712,0,0,0,0,0,0,0,0,0,0,1
447,5,701,8,10,0.032378,21650.83,0.015133,46321.12,0.014450,48512.68,0.017449,40174.03,0.018727,37433.00,0.016677,42033.77,0.022557,31076.78,0.032731,0.005561,0.010685,0.016677,0.065655,0.007887,1,88069,90784,878260,378,0,0,0,676,0,0,0,346,0,0,0,224,0,0,0,242,0,0,0,5,0,0,0,8097347445773727799,8097347445773727799,8097347445773727799,7751711467266988426,1208693252235408470,14613535425898565360,0,0,0,0,0,0,0,0,0,0,0
448,5,689,8,10,0.047226,14589.56,0.023431,29404.90,0.021302,32344.56,0.024401,28236.90,0.026467,26032.22,0.023662,29118.46,0.032549,21168.29,0.047245,0.006431,0.011362,0.023662,0.088700,0.007797,1,93640,96705,880875,487,0,0,0,790,0,0,0,423,0,0,0,333,0,0,0,313,0,0,0,3,0,0,0,11047942637288075774,8698342321758381647,8698342321758381647,12004446182668780215,6821452775579298788,3625065571137870873,0,0,0,0,0,0,0,0,0,0,0
449,5,745,8,10,0.035841,20786.50,0.018013,41358.33,0.016289,45736.89,0.018816,39594.15,0.019543,38121.76,0.018380,40533.49,0.024626,30253.01,0.036144,0.006141,0.005501,0.018380,0.066167,0.009133,5,90468,94328,858017,451,0,0,0,711,0,0,0,285,0,0,0,181,0,0,0,176,0,0,0,4,0,0,0,9873640383004047709,9873640383004047709,9873640383004047709,5707748387808523482,3812660429693618416,5707748387808523482,0,0,0,0,0,0,0,0,0,0,0
450,5,678,8,10,0.043079,15738.66,0.025698,26382.96,0.023636,28684.54,0.025060,27054.54,0.027923,24281.05,0.026724,25370.85,0.033651,20147.89,0.043210,0.005001,0.005916,0.026724,0.080851,0.007516,4,82208,85338,1018327,427,0,0,0,754,0,0,0,433,0,0,0,201,0,0,0,220,0,0,0,3,0,0,0,919749181056746396,919749181056746396,919749181056746396,5180208537837655224,17358207099171213997,14422874546754854309,0,0,0,0,0,0,0,0,0,0,0
451,5,689,8,10,0.045327,15200.66,0.021727,31711.47,0.015100,45629.97,0.019433,35455.87,0.026858,25653.69,0.019893,34635.47,0.032274,21348.35,0.045699,0.005590,0.010919,0.019893,0.082101,0.008074,1,85871,88006,1140313,405,0,0,0,552,0,0,0,267,0,0,0,274,0,0,0,253,0,0,0,4,0,0,0,17034153453785301691,15573514253484374514,15573514253484374514,18128376673816330720,4357892381688354750,6755691892941379102,0,0,0,0,0,0,0,0,0,0,0
452,5,823,8,10,0.074651,11024.57,0.052349,15721.29,0.041120,20014.42,0.035476,23198.82,0.051381,16017.70,0.040480,20330.96,0.060371,13632.29,0.074974,0.007028,0.012980,0.040480,0.135462,0.011077,1,102733,107293,722919,477,0,0,0,684,0,0,0,357,0,0,0,308,0,0,0,281,0,0,0,7,0,0,0,9226465148601332256,3846745497712219818,3846745497712219818,16232988008023940642,15547004033336832142,12496729870559886530,0,0,0,0,0,0,0,0,0,0,0
453,5,856,8,10,0.094658,9043.07,0.069354,12342.41,0.062619,13669.95,0.062875,13614.35,0.070175,12198.16,0.062844,13621.10,0.081221,10539.10,0.095507,0.006694,0.012518,0.062844,0.177564,0.011404,1,96723,101178,938898,396,0,0,0,607,0,0,0,388,0,0,0,249,0,0,0,278,0,0,0,8,0,0,0,9804440685995469330,7525784817670757769,7525784817670757769,12189325524381171873,12995185995211519636,9190212814179831289,0,0,0,0,0,0,0,0,0,0,0
454,5,818,8,10,0.066006,12392.75,0.046487,17596.46,0.037127,22032.47,0.033573,24364.74,0.049374,16567.28,0.045343,18040.20,0.055991,14609.38,0.066557,0.006828,0.012234,0.045343,0.130962,0.009988,1,102026,110281,626462,518,0,0,0,778,0,0,0,266,0,0,0,238,0,0,0,316,0,0,0,5,0,0,0,17460390792190374043,1090768382020236349,1090768382020236349,8999474132628014206,12726189202463160270,2313604004677455829,0,0,0,0,0,0,0,0,0,0,0
455,5,807,8,10,0.071236,11328.54,0.042217,19115.71,0.033055,24414.06,0.033067,24405.05,0.045345,17797.04,0.042343,19058.58,0.063630,12682.76,0.071775,0.007009,0.012518,0.042343,0.133646,0.011982,1,107423,135003,881128,523,0,0,0,780,0,0,0,453,0,0,0,233,0,0,0,467,0,0,0,9,0,0,0,5653554022522527312,13441395814811077327,13441395814811077327,2812413000113593962,4325461248576888802,6261640306997311760,0,0,0,0,0,0,0,0,0,0,0
456,5,952,8,10,0.066958,14217.82,0.044446,21419.49,0.030977,30732.26,0.035550,26779.11,0.042679,22306.01,0.038281,24868.87,0.051542,18470.24,0.067387,0.007273,0.013794,0.038281,0.126735,0.014194,1,114573,118963,854014,559,0,0,0,967,0,0,0,541,0,0,0,296,0,0,0,429,0,0,0,6,0,0,0,6488080745732839993,8744665030989133589,8744665030989133589,1931749360132549209,6213731526845047245,14131186389743992252,0,0,0,0,0,0,0,0,0,0,0
457,5,754,8,10,0.110592,6817.86,0.083755,9002.43,0.077170,9770.64,0.078110,9653.08,0.084770,8894.64,0.072089,10459.28,0.097183,7758.53,0.111244,0.006494,0.008448,0.072089,0.198275,0.008893,3,99838,103243,1271430,281,0,0,0,417,0,0,0,262,0,0,0,181,0,0,0,273,0,0,0,7,0,0,0,15165115117986361433,14911648411900021773,14911648411900021773,4060147688152420772,13497798321229423561,3576508612200801243,0,0,0,0,0,0,0,0,0,0,0
458,5,642,8,10,0.039628,16200.75,0.018615,34488.01,0.016002,40118.87,0.016619,38631.32,0.021130,30384.00,0.020870,30761.94,0.026812,23944.10,0.039880,0.004998,0.005105,0.020870,0.070853,0.007701,4,75277,77692,992587,319,0,0,0,543,0,0,0,337,0,0,0,235,0,0,0,251,0,0,0,4,0,0,0,13613433446876165786,13001063587126082356,13001063587126082356,13400876941061476369,14026144415529630627,8325684483313443857,0,0,0,0,0,0,0,0,0,0,0
459,5,1214,8,10,0.059038,20562.88,0.027148,44717.25,0.023148,52444.18,0.024563,49423.46,0.030568,39714.95,0.028525,42559.37,0.046895,25887.53,0.059551,0.009194,0.013537,0.028525,0.110806,0.025566,2,133446,157466,908434,671,0,0,0,946,0,0,0,533,0,0,0,397,0,0,0,372,0,0,0,18,0,0,0,16744599671902142554,6597589620162010401,6597589620162010401,274790970110863477,17448571928329371768,15804073974533144208,0,0,0,0,0,0,0,0,0,0,0
460,5,778,8,10,0.036681,21209.90,0.016023,48556.52,0.014150,54983.32,0.016532,47061.48,0.018883,41201.53,0.016382,47490.68,0.024034,32370.55,0.036784,0.005808,0.008385,0.016382,0.067359,0.009719,2,90865,94535,891839,420,0,0,0,596,0,0,0,335,0,0,0,240,0,0,0,304,0,0,0,10,0,0,0,15696291906306698407,7592680372924475699,7592680372924475699,15276749156103184821,1037147913905829708,3351574888533628127,0,0,0,0,0,0,0,0,0,0,0
461,5,1009,8,10,0.039352,25640.40,0.016807,60035.08,0.014747,68419.46,0.018341,55014.79,0.020997,48055.13,0.019949,50580.18,0.030265,33339.07,0.039660,0.007423,0.007723,0.019949,0.074754,0.014263,4,112213,137478,904642,377,0,0,0,607,0,0,0,380,0,0,0,246,0,0,0,253,0,0,0,3,0,0,0,9217514361116671168,9217514361116671168,9217514361116671168,15216753982054846535,7946598018220959191,12345926973769177077,0,0,0,0,0,0,0,0,0,0,0
462,5,873,8,10,0.054884,15906.38,0.027566,31669.14,0.021115,41345.22,0.020787,41996.86,0.033290,26223.95,0.031524,27693.26,0.050005,17458.17,0.054980,0.006091,0.006559,0.031524,0.099155,0.010777,4,93151,105126,997551,297,0,0,0,338,0,0,0,236,0,0,0,181,0,0,0,155,0,0,0,17,0,0,0,957358810983290707,957358810983290707,957358810983290707,6777236925605427224,4317745409150361833,6803595234557346513,0,0,0,0,0,0,0,0,0,0,0
463,5,671,8,10,0.038504,17426.85,0.021068,31849.70,0.015661,42846.22,0.017447,38459.44,0.020858,32170.38,0.016734,40097.80,0.027035,24819.75,0.038981,0.005747,0.011121,0.016734,0.072583,0.007933,1,90163,92898,1260795,432,0,0,0,722,0,0,0,386,0,0,0,264,0,0,0,265,0,0,0,7,0,0,0,17738667797247760159,5969817098543275574,5969817098543275574,10853431796286882376,16660244500934697605,8554529891676380430,0,0,0,0,0,0,0,0,0,0,0
464,5,658,8,10,0.031797,20693.55,0.017530,37536.06,0.016861,39023.95,0.018436,35690.85,0.020534,32044.45,0.019867,33120.76,0.022209,29627.74,0.032087,0.005299,0.009923,0.019867,0.067176,0.007321,2,82213,85023,667114,477,0,0,0,757,0,0,0,347,0,0,0,258,0,0,0,328,0,0,0,6,0,0,0,13034293503745632679,17121555232334960239,17121555232334960239,3207307714121618648,3876936617020052199,6251570584580869073,0,0,0,0,0,0,0,0,0,0,0
465,5,786,8,10,0.078961,9954.24,0.058480,13440.47,0.054305,14473.69,0.051383,15296.94,0.062001,12677.27,0.052489,14974.66,0.065921,11923.41,0.079661,0.005844,0.011511,0.052489,0.149505,0.009604,1,93384,96639,649953,386,0,0,0,634,0,0,0,359,0,0,0,293,0,0,0,475,0,0,0,9,0,0,0,13979659329167280448,13979659329167280448,13979659329167280448,14768683781246823715,17718706983661596753,1524060902897189552,0,0,0,0,0,0,0,0,0,0,0
466,5,812,8,10,0.030414,26698.67,0.017231,47124.59,0.014177,57276.29,0.015616,51998.43,0.017682,45921.85,0.014777,54951.87,0.026253,30929.43,0.030692,0.005996,0.011047,0.014777,0.062511,0.010950,1,100139,141164,725412,580,0,0,0,663,0,0,0,318,0,0,0,254,0,0,0,281,0,0,0,4,0,0,0,763824730709531163,15959000606423593305,15959000606423593305,3500131649834063171,4409767172092961663,3500131649834063171,0,0,0,0,0,0,0,0,0,0,0
467,5,779,8,10,0.030275,25730.55,0.015901,48991.82,0.013627,57165.88,0.015674,49701.54,0.017448,44646.98,0.014848,52466.66,0.023283,33458.22,0.030637,0.006155,0.011422,0.014848,0.063061,0.009477,1,93304,100694,379521,446,0,0,0,595,0,0,0,315,0,0,0,232,0,0,0,221,0,0,0,5,0,0,0,13023457459174218362,5234842358011925675,5234842358011925675,14967475034112289963,13190803038689374405,11807857977308171705,0,0,0,0,0,0,0,0,0,0,0
468,5,750,8,10,0.040758,18401.22,0.020451,36673.15,0.018213,41179.64,0.020446,36682.66,0.021905,34238.32,0.020628,36358.55,0.023452,31980.28,0.040933,0.006219,0.008039,0.020628,0.075819,0.008956,3,96058,99913,834983,510,0,0,0,814,0,0,0,430,0,0,0,344,0,0,0,340,0,0,0,5,0,0,0,15789090516854055515,15789090516854055515,15789090516854055515,1268327667281092927,3317104972107641351,7933396532022763699,0,0,0,0,0,0,0,0,0,0,0
469,5,666,8,10,0.036716,18139.17,0.015353,43378.88,0.014986,44440.86,0.016144,41253.24,0.017225,38665.03,0.015680,42474.04,0.022865,29127.65,0.037058,0.005167,0.010236,0.015680,0.068142,0.007519,1,84750,88220,1181695,376,0,0,0,522,0,0,0,262,0,0,0,240,0,0,0,306,0,0,0,6,0,0,0,4510550899974740654,18288511568183396402,18288511568183396402,2933768456311868381,17932954118513532407,4321424905432163629,0,0,0,0,0,0,0,0,0,0,0
470,5,686,8,10,0.043936,15613.65,0.021450,31980.93,0.023222,29541.43,0.027803,24673.43,0.025960,26425.76,0.024567,27924.01,0.031061,22085.35,0.044201,0.006568,0.009501,0.024567,0.084837,0.008280,2,101426,104251,1258143,490,0,0,0,718,0,0,0,374,0,0,0,287,0,0,0,435,0,0,0,6,0,0,0,1662223936945291686,5875524619930089735,5875524619930089735,10471839959746344193,7070795391786235396,7985221464366353441,0,0,0,0,0,0,0,0,0,0,0
471,5,697,8,10,0.035238,19779.77,0.016520,42192.56,0.015368,45355.36,0.017288,40317.27,0.019567,35620.93,0.018458,37761.18,0.021918,31799.73,0.035601,0.006414,0.009416,0.018458,0.069888,0.007958,2,87299,89649,713134,403,0,0,0,638,0,0,0,346,0,0,0,213,0,0,0,268,0,0,0,2,0,0,0,5249756635417591141,9976393747787981419,9976393747787981419,7394070714118494388,5114533114497130878,18002496547497338387,0,0,0,0,0,0,0,0,0,0,0
472,5,882,8,10,0.065621,13440.83,0.035150,25092.75,0.031231,28241.18,0.024429,36104.46,0.035827,24618.04,0.029274,30129.05,0.045698,19300.77,0.066206,0.007745,0.006988,0.029274,0.110213,0.013799,5,125756,133091,744061,785,0,0,0,1255,0,0,0,597,0,0,0,498,0,0,0,458,0,0,0,7,0,0,0,4160637048703670541,7650617082292043761,7650617082292043761,627342279827699480,4204227565352571906,15706329830064452485,0,0,0,0,0,0,0,0,0,0,0
473,5,678,8,10,0.046368,14622.05,0.026798,25300.51,0.021499,31536.17,0.022019,30790.93,0.026807,25292.36,0.023193,29233.56,0.030877,21958.10,0.046823,0.006390,0.011710,0.023193,0.088115,0.008117,1,102089,105459,1000727,642,0,0,0,994,0,0,0,519,0,0,0,419,0,0,0,609,0,0,0,2,0,0,0,15771246533793091338,15771246533793091338,15771246533793091338,13050455115143227415,12453327597345856704,5801704692351339688,0,0,0,0,0,0,0,0,0,0,0
474,5,719,8,10,0.045539,15788.84,0.022738,31620.96,0.018576,38705.43,0.019625,36636.63,0.024816,28973.40,0.020871,34449.90,0.031346,22937.63,0.045841,0.006036,0.009652,0.020871,0.082401,0.008569,2,94425,97790,923423,618,0,0,0,898,0,0,0,421,0,0,0,447,0,0,0,417,0,0,0,2,0,0,0,7691836163190359335,9110036636758631228,9110036636758631228,14674836338343765745,8171532802192567629,598615274700099302,0,0,0,0,0,0,0,0,0,0,0
475,5,693,8,10,0.038367,18062.37,0.019700,35178.09,0.018551,37355.64,0.019937,34759.42,0.022171,31257.32,0.021302,32532.58,0.025930,26726.10,0.038664,0.005817,0.005293,0.021302,0.071076,0.008011,5,90673,94378,783508,543,0,0,0,808,0,0,0,503,0,0,0,348,0,0,0,314,0,0,0,6,0,0,0,16446993987855965103,16446993987855965103,16446993987855965103,18371869593766643171,9045225624568167382,11892576380797201829,0,0,0,0,0,0,0,0,0,0,0
476,5,692,8,10,0.053025,13050.35,0.030344,22805.25,0.021349,32413.41,0.019004,36413.95,0.030680,22555.71,0.016806,41176.94,0.039976,17310.24,0.054129,0.006175,0.010889,0.016806,0.087999,0.008126,1,89450,92090,1730390,403,0,0,0,647,0,0,0,298,0,0,0,279,0,0,0,217,0,0,0,6,0,0,0,15980468577854025909,15980468577854025909,15980468577854025909,2036785800736850970,578624584623372592,8618284949417308297,0,0,0,0,0,0,0,0,0,0,0
477,5,676,8,10,0.076630,8821.59,0.056635,11936.15,0.050343,13427.82,0.048901,13823.91,0.058871,11482.78,0.053845,12554.50,0.064503,10480.16,0.076955,0.005457,0.010152,0.053845,0.146410,0.007231,1,80497,82417,519034,244,0,0,0,427,0,0,0,290,0,0,0,222,0,0,0,324,0,0,0,4,0,0,0,701505121685889315,18169987151922400275,18169987151922400275,14922853893859955888,8159388822313719285,6899737128227255345,0,0,0,0,0,0,0,0,0,0,0
478,5,682,8,10,0.223115,3056.72,0.198600,3434.04,0.195611,3486.51,0.195823,3482.74,0.202945,3360.51,0.165858,4111.95,0.211340,3227.03,0.223393,0.005387,0.010807,0.165858,0.405446,0.007845,1,84608,86798,928318,407,0,0,0,830,0,0,0,642,0,0,0,340,0,0,0,344,0,0,0,3,0,0,0,16074954415721094320,16074954415721094320,16074954415721094320,2912073383223642515,5993109297840758453,13570216348929647614,0,0,0,0,0,0,0,0,0,0,0
479,5,703,8,10,0.053989,13021.16,0.035820,19626.06,0.027377,25678.39,0.026249,26782.08,0.036769,19119.21,0.016815,41808.48,0.043767,16062.17,0.054469,0.005812,0.010691,0.016815,0.087787,0.007965,1,83846,85921,590879,442,0,0,0,756,0,0,0,496,0,0,0,251,0,0,0,360,0,0,0,5,0,0,0,17636675018355977865,17636675018355977865,17636675018355977865,18210991413549053064,8327550878645584894,3943997892619028192,0,0,0,0,0,0,0,0,0,0,0
480,5,721,8,10,0.035669,20213.67,0.016052,44917.56,0.015850,45487.63,0.017128,42095.07,0.019136,37678.02,0.017548,41086.86,0.021628,33336.17,0.036093,0.005930,0.011185,0.017548,0.070756,0.008174,1,90943,93463,776796,429,0,0,0,707,0,0,0,351,0,0,0,282,0,0,0,345,0,0,0,1,0,0,0,16964609484085109804,16964609484085109804,16964609484085109804,16870328264940678261,8068618813703833349,16662105343665860314,0,0,0,0,0,0,0,0,0,0,0
481,5,742,8,10,0.038562,19241.71,0.019438,38172.13,0.016224,45734.58,0.018043,41123.23,0.022061,33634.17,0.021236,34941.49,0.028363,26160.50,0.039049,0.006047,0.005562,0.021236,0.071894,0.008788,5,93678,104768,732770,481,0,0,0,647,0,0,0,362,0,0,0,288,0,0,0,225,0,0,0,2,0,0,0,15098366859173326806,3358445597650037502,3358445597650037502,17159409509066411446,14623126416545097848,10420470559882675304,0,0,0,0,0,0,0,0,0,0,0
482,5,836,8,10,0.042294,19766.39,0.021432,39007.70,0.016863,49576.54,0.022350,37404.98,0.023855,35045.76,0.021266,39312.43,0.030081,27791.81,0.042949,0.007264,0.013225,0.021266,0.084704,0.011332,1,103621,107961,1534692,497,0,0,0,620,0,0,0,333,0,0,0,266,0,0,0,355,0,0,0,8,0,0,0,12288010845006426834,13744471102831436978,13744471102831436978,7045154009939085954,14958191406309527672,865491249420504568,0,0,0,0,0,0,0,0,0,0,0
483,5,672,8,10,0.124473,5398.74,0.106030,6337.81,0.100181,6707.87,0.096219,6984.04,0.104949,6403.09,0.102940,6528.07,0.109690,6126.37,0.125005,0.005731,0.008361,0.102940,0.242037,0.007721,2,87135,89750,1146770,477,0,0,0,752,0,0,0,360,0,0,0,297,0,0,0,333,0,0,0,2,0,0,0,6284044016065306765,5678871303436237062,5678871303436237062,6806511895839294266,16028718022208240422,15688622711881648144,0,0,0,0,0,0,0,0,0,0,0
484,5,659,8,10,0.067589,9750.04,0.043700,15080.25,0.033466,19691.67,0.033709,19549.86,0.042100,15653.09,0.034423,19143.98,0.050936,12937.71,0.068288,0.005634,0.008948,0.034423,0.117293,0.007272,2,87354,89909,661083,357,0,0,0,546,0,0,0,364,0,0,0,281,0,0,0,324,0,0,0,1,0,0,0,2489605257230711047,2545756520716516057,2545756520716516057,9877383355239096361,16464941501409324040,9655522424418601304,0,0,0,0,0,0,0,0,0,0,0
485,5,757,8,10,0.055636,13606.42,0.030830,24554.35,0.027668,27360.42,0.028989,26113.60,0.032389,23372.44,0.031752,23841.26,0.041382,18292.76,0.056183,0.006083,0.005607,0.031752,0.099625,0.008913,5,94466,101466,963273,581,0,0,0,876,0,0,0,384,0,0,0,351,0,0,0,347,0,0,0,10,0,0,0,15586703075035252823,15586703075035252823,15586703075035252823,15829630600951954502,15830238092221358210,16893744177497300466,0,0,0,0,0,0,0,0,0,0,0
486,5,814,8,10,0.052802,15416.19,0.028346,28716.71,0.027360,29751.71,0.029076,27995.72,0.032600,24969.46,0.028564,28497.61,0.038186,21316.49,0.053243,0.006347,0.011600,0.028564,0.099755,0.010623,2,100214,103149,715609,395,0,0,0,868,0,0,0,364,0,0,0,250,0,0,0,423,0,0,0,5,0,0,0,13693354673485158308,3986153336170358470,3986153336170358470,16518019950006551531,11918215874319892959,11634692159578539772,0,0,0,0,0,0,0,0,0,0,0
487,5,796,8,10,0.041881,19006.43,0.023841,33388.48,0.021109,37708.90,0.021975,36222.20,0.024805,32089.68,0.015146,52554.20,0.028489,27940.21,0.042204,0.005897,0.011542,0.015146,0.074789,0.009711,1,96330,100400,899347,523,0,0,0,773,0,0,0,416,0,0,0,275,0,0,0,243,0,0,0,5,0,0,0,526467378489877731,9283843008011297650,9283843008011297650,10462081748453998463,1875644439043696694,458600146180220652,0,0,0,0,0,0,0,0,0,0,0
488,5,883,8,10,0.038281,23066.39,0.017765,49705.69,0.016353,53997.36,0.019051,46350.26,0.021854,40404.77,0.019855,44473.44,0.027294,32351.58,0.038822,0.006227,0.005934,0.019855,0.070837,0.011327,5,101044,108294,956757,548,0,0,0,810,0,0,0,476,0,0,0,327,0,0,0,319,0,0,0,5,0,0,0,8271544825938203368,8271544825938203368,8271544825938203368,16048486981961747652,1224121742305084029,10379810934322328908,0,0,0,0,0,0,0,0,0,0,0
489,5,748,8,10,0.041395,18070.01,0.019348,38660.42,0.018309,40853.32,0.020777,36002.17,0.022226,33654.82,0.020300,36847.42,0.027301,27398.18,0.042074,0.006305,0.011909,0.020300,0.080588,0.009135,1,102591,105871,1441796,537,0,0,0,760,0,0,0,329,0,0,0,296,0,0,0,334,0,0,0,4,0,0,0,12002425170689359725,12002425170689359725,12002425170689359725,5855609417427593731,17213236172548880666,1660483147498389168,0,0,0,0,0,0,0,0,0,0,0
490,5,793,8,10,0.032710,24243.56,0.015231,52063.47,0.014542,54533.29,0.016311,48616.42,0.017310,45810.89,0.017256,45954.60,0.024273,32670.23,0.033018,0.005626,0.005154,0.017256,0.061054,0.009444,5,85677,92072,628945,421,0,0,0,664,0,0,0,371,0,0,0,240,0,0,0,222,0,0,0,3,0,0,0,4483171170821703837,3410286589378916456,3410286589378916456,6740048064414291620,2622235669133728321,13201377287566780347,0,0,0,0,0,0,0,0,0,0,0
491,5,850,8,10,0.046469,18291.84,0.025194,33738.13,0.021278,39947.62,0.019381,43857.80,0.026179,32468.30,0.024722,34382.30,0.030572,27802.91,0.047018,0.006154,0.009969,0.024722,0.087863,0.010267,2,98281,106046,1096514,479,0,0,0,791,0,0,0,458,0,0,0,290,0,0,0,505,0,0,0,4,0,0,0,558691010755316075,558691010755316075,558691010755316075,8192616368799208180,12903255142094232012,15524152596131982383,0,0,0,0,0,0,0,0,0,0,0
492,5,771,8,10,0.035908,21471.82,0.016601,46441.74,0.015323,50317.56,0.016227,47512.11,0.017509,44034.91,0.017491,44080.06,0.023330,33047.31,0.036206,0.005854,0.005365,0.017491,0.064916,0.009116,5,90799,94049,620245,466,0,0,0,689,0,0,0,374,0,0,0,236,0,0,0,229,0,0,0,10,0,0,0,17533561345855424350,13011835517911025382,13011835517911025382,7938680103781610633,9130652530946598372,12118859832097848200,0,0,0,0,0,0,0,0,0,0,0
493,5,839,8,10,0.037611,22307.31,0.018866,44471.31,0.017642,47555.62,0.018451,45471.70,0.021872,38359.73,0.018313,45815.39,0.025983,32290.63,0.038052,0.006211,0.011384,0.018313,0.073960,0.010502,1,98480,106025,1605086,647,0,0,0,825,0,0,0,416,0,0,0,395,0,0,0,408,0,0,0,9,0,0,0,10485284168896127447,2931106973605219630,2931106973605219630,11251665395040924201,6818401827011502901,13207633569661104389,0,0,0,0,0,0,0,0,0,0,0
494,5,721,8,10,0.044895,16059.63,0.020258,35590.08,0.018968,38012.25,0.020892,34511.52,0.023828,30258.15,0.021646,33308.65,0.030533,23613.73,0.045341,0.006415,0.012359,0.021646,0.085761,0.009033,1,110308,113388,646235,559,0,0,0,861,0,0,0,527,0,0,0,359,0,0,0,389,0,0,0,3,0,0,0,13513611234056496158,3459287098013485053,3459287098013485053,15542686306402096817,16949846226726894522,5591461415826423384,0,0,0,0,0,0,0,0,0,0,0
495,5,828,8,10,0.148617,5571.37,0.117242,7062.29,0.108550,7627.82,0.108717,7616.08,0.115536,7166.58,0.057419,14420.25,0.129811,6378.53,0.149441,0.006779,0.009656,0.057419,0.223295,0.011540,2,112920,118145,1756138,620,0,0,0,818,0,0,0,488,0,0,0,411,0,0,0,506,0,0,0,10,0,0,0,11395480749312105627,15004918206782882228,15004918206782882228,13912715728192226598,2815541427630002063,16133974173145166687,0,0,0,0,0,0,0,0,0,0,0
496,5,733,8,10,0.037091,19762.06,0.019573,37449.96,0.015168,48326.56,0.015374,47676.99,0.021057,34810.11,0.014229,51515.68,0.028279,25919.98,0.037558,0.005398,0.010679,0.014229,0.067864,0.008306,1,87205,96025,659849,549,0,0,0,804,0,0,0,364,0,0,0,286,0,0,0,329,0,0,0,6,0,0,0,4713628931057265243,17143624974141377971,17143624974141377971,11737881331071914003,10778012965137060409,12489016452640646330,0,0,0,0,0,0,0,0,0,0,0
497,5,934,8,10,0.039040,23923.90,0.018473,50559.84,0.016517,56546.38,0.019440,48046.45,0.021051,44368.83,0.018480,50541.98,0.032063,29129.93,0.039671,0.006490,0.012550,0.018480,0.077190,0.011931,1,104220,120105,589247,730,0,0,0,914,0,0,0,493,0,0,0,363,0,0,0,424,0,0,0,13,0,0,0,141007270861267176,3761282936905500931,3761282936905500931,15293873010844359728,2114826905796206824,488110312288923902,0,0,0,0,0,0,0,0,0,0,0
498,5,871,8,10,0.059949,14528.95,0.033193,26240.34,0.029016,30017.46,0.028347,30725.84,0.031844,27351.77,0.029968,29064.09,0.049068,17750.86,0.060848,0.005757,0.009674,0.029968,0.106247,0.010451,2,94494,106979,871370,605,0,0,0,715,0,0,0,475,0,0,0,314,0,0,0,412,0,0,0,4,0,0,0,7746441713256851379,7746441713256851379,7746441713256851379,12764717301908614863,8859071679564857807,9177556249207069953,0,0,0,0,0,0,0,0,0,0,0
499,5,791,8,10,0.048640,16262.36,0.029954,26407.29,0.020072,39409.05,0.022560,35061.83,0.032014,24708.00,0.025927,30509.31,0.043248,18290.03,0.049221,0.005824,0.011089,0.025927,0.092060,0.009136,1,91702,104937,469305,670,0,0,0,1030,0,0,0,435,0,0,0,287,0,0,0,369,0,0,0,6,0,0,0,8215470588384783231,8215470588384783231,8215470588384783231,2654337668017106230,16933151403677158130,4234148492105265041,0,0,0,0,0,0,0,0,0,0,0
500,5,902,8,10,0.037914,23790.83,0.017925,50320.24,0.016456,54812.28,0.018497,48764.88,0.021859,41264.52,0.019977,45151.33,0.027378,32945.63,0.038436,0.006149,0.008127,0.019977,0.072690,0.011174,3,98194,109989,672870,587,0,0,0,914,0,0,0,357,0,0,0,278,0,0,0,252,0,0,0,7,0,0,0,7854991530640118745,7854991530640118745,7854991530640118745,2188464462132268097,1464725651837798028,15079368266434110142,0,0,0,0,0,0,0,0,0,0,0
501,5,884,8,10,0.073744,11987.45,0.048336,18288.79,0.035929,24604.08,0.045743,19325.22,0.053681,16467.78,0.039485,22388.17,0.062153,14222.99,0.074645,0.006498,0.012081,0.039485,0.132709,0.011439,1,103609,113464,1472291,693,0,0,0,975,0,0,0,563,0,0,0,340,0,0,0,392,0,0,0,6,0,0,0,6559993251665509771,6559993251665509771,6559993251665509771,8273931786017246602,4705391179380088592,14660936343594901198,0,0,0,0,0,0,0,0,0,0,0
502,5,871,8,10,0.036992,23545.40,0.017810,48905.72,0.016421,53041.74,0.017097,50944.32,0.019365,44978.93,0.016343,53294.68,0.028408,30660.89,0.037289,0.006041,0.011045,0.016343,0.070717,0.010640,1,93453,105778,1049995,568,0,0,0,776,0,0,0,406,0,0,0,385,0,0,0,379,0,0,0,9,0,0,0,13717535736597101998,308559817133902796,308559817133902796,12150724960799086294,1338532073264074770,10505066055568333736,0,0,0,0,0,0,0,0,0,0,0
503,5,917,8,10,0.032021,28637.64,0.016974,54024.58,0.016082,57019.53,0.016360,56052.42,0.018834,48689.72,0.015776,58126.37,0.027058,33890.22,0.032433,0.006011,0.010979,0.015776,0.065199,0.010716,1,89399,136244,654420,451,0,0,0,679,0,0,0,313,0,0,0,330,0,0,0,304,0,0,0,1,0,0,0,16534701125763339269,7035843830186215780,7035843830186215780,16470707106613496301,16925067107019609234,8119529653059342930,0,0,0,0,0,0,0,0,0,0,0
504,5,737,8,10,0.049322,14942.51,0.026473,27839.21,0.019635,37535.51,0.021891,33667.14,0.029196,25242.85,0.027060,27235.82,0.037185,19820.04,0.049814,0.005959,0.007702,0.027060,0.090534,0.008538,4,92621,97971,804308,356,0,0,0,579,0,0,0,357,0,0,0,251,0,0,0,244,0,0,0,7,0,0,0,13243523786382132566,13243523786382132566,13243523786382132566,4776390882934941728,16246936400982694195,10164900222697278910,0,0,0,0,0,0,0,0,0,0,0
505,5,699,8,10,0.033295,20994.09,0.016040,43579.43,0.014735,47437.57,0.017461,40031.77,0.019352,36119.37,0.018226,38351.37,0.023291,30011.60,0.033247,0.005774,0.006714,0.018226,0.063961,0.007677,3,83212,86127,914206,489,0,0,0,551,0,0,0,318,0,0,0,226,0,0,0,227,0,0,0,4,0,0,0,6944518357733325725,1352497462388836183,1352497462388836183,4305011424255057920,16934802215364115110,10079573481223756395,0,0,0,0,0,0,0,0,0,0,0
506,5,688,8,10,0.043508,15813.13,0.024508,28072.39,0.019386,35489.93,0.020666,33290.82,0.028723,23952.67,0.025409,27076.83,0.034125,20161.41,0.044111,0.005639,0.009512,0.025409,0.084671,0.007928,2,93259,98239,551166,560,0,0,0,908,0,0,0,327,0,0,0,355,0,0,0,371,0,0,0,5,0,0,0,9972044079595051087,4960837215611134136,4960837215611134136,7741361178351284964,12184821525433399241,8393602930064225142,0,0,0,0,0,0,0,0,0,0,0
507,5,726,8,10,0.049097,14786.94,0.024540,29583.87,0.023284,31179.55,0.020930,34686.90,0.026846,27042.97,0.017983,40370.73,0.030029,24176.68,0.049976,0.006305,0.011796,0.017983,0.086060,0.008756,1,95883,99278,767500,427,0,0,0,714,0,0,0,324,0,0,0,241,0,0,0,277,0,0,0,5,0,0,0,16853148043794093779,14784807017152169770,14784807017152169770,17045618884293850014,15059682002614619595,5290034512544856948,0,0,0,0,0,0,0,0,0,0,0
508,5,685,8,10,0.082309,8322.25,0.055929,12247.61,0.049786,13758.77,0.050507,13562.50,0.058530,11703.37,0.029088,23549.60,0.067076,10212.36,0.082715,0.005900,0.007498,0.029088,0.125201,0.007861,3,91797,93982,1567500,411,0,0,0,511,0,0,0,461,0,0,0,281,0,0,0,307,0,0,0,2,0,0,0,5432099066211601303,3607962100772763142,3607962100772763142,18018890463259325490,14070748220074857174,4916482036953006365,0,0,0,0,0,0,0,0,0,0,0
509,5,634,8,10,0.093488,6781.60,0.067189,9436.04,0.053919,11758.47,0.062555,10135.08,0.068856,9207.65,0.035353,17933.41,0.076447,8293.31,0.093988,0.006348,0.010043,0.035353,0.145732,0.007656,2,103357,106067,616539,515,0,0,0,874,0,0,0,494,0,0,0,468,0,0,0,586,0,0,0,8,0,0,0,15920796383729529714,11615291710842991928,11615291710842991928,17032648551205166175,10282824623953005160,15768608365239484051,0,0,0,0,0,0,0,0,0,0,0
510,5,746,8,10,0.039908,18692.89,0.019204,38845.82,0.018563,40187.73,0.019060,39140.38,0.020629,36163.34,0.018313,40735.14,0.022155,33671.76,0.038488,0.005931,0.010055,0.018313,0.072788,0.008716,2,93303,96143,805668,525,0,0,0,827,0,0,0,452,0,0,0,331,0,0,0,435,0,0,0,13,0,0,0,8231268091975941768,8221300210229321690,8221300210229321690,634331030068445440,11403210976338199937,15452111443273607577,0,0,0,0,0,0,0,0,0,0,0
511,5,671,8,10,0.044511,15074.85,0.024450,27443.88,0.018358,36550.69,0.018866,35566.53,0.027096,24764.13,0.022980,29199.50,0.033654,19938.43,0.044923,0.006242,0.011243,0.022980,0.085388,0.007558,1,100452,103472,585549,581,0,0,0,824,0,0,0,466,0,0,0,320,0,0,0,328,0,0,0,4,0,0,0,15742705942183137167,14887334546265644318,14887334546265644318,8437008100174362954,14870294090187957787,17314370133683289262,0,0,0,0,0,0,0,0,0,0,0
512,5,673,8,10,0.039458,17056.17,0.023473,28670.80,0.021539,31246.30,0.022331,30137.68,0.023245,28952.49,0.017958,37476.80,0.027687,24307.46,0.039861,0.005405,0.008711,0.017958,0.071935,0.007326,2,86214,88969,872654,500,0,0,0,863,0,0,0,450,0,0,0,280,0,0,0,274,0,0,0,7,0,0,0,1630090982591083382,9828005587454974590,9828005587454974590,13606276315575676782,1880628141517363597,18016719197028467854,0,0,0,0,0,0,0,0,0,0,0
513,5,706,8,10,0.048313,14613.08,0.030872,22868.88,0.028729,24574.42,0.028892,24435.71,0.031719,22258.22,0.031548,22378.46,0.036920,19122.46,0.048760,0.005395,0.005191,0.031548,0.090894,0.007998,5,85236,88121,558607,462,0,0,0,737,0,0,0,534,0,0,0,262,0,0,0,251,0,0,0,10,0,0,0,17863387177163233242,7748948354643999458,7748948354643999458,6283558654824330535,16628400300920554920,9774257685612103460,0,0,0,0,0,0,0,0,0,0,0
514,5,729,8,10,0.057483,12681.99,0.027613,26400.84,0.020626,35343.47,0.021933,33236.93,0.030266,24086.29,0.023966,30417.51,0.041758,17457.86,0.057903,0.006726,0.010186,0.023966,0.098782,0.009383,2,99547,105137,1812197,447,0,0,0,725,0,0,0,411,0,0,0,246,0,0,0,337,0,0,0,5,0,0,0,4760174497015572833,12677629945633366898,12677629945633366898,7258247083590530785,18350656674478288243,15031305930053265497,0,0,0,0,0,0,0,0,0,0,0
515,5,644,8,10,0.034923,18440.47,0.016157,39858.88,0.015488,41581.19,0.016038,40155.62,0.019814,32501.72,0.018340,35115.30,0.026596,24214.62,0.035298,0.005218,0.007839,0.018340,0.066694,0.007469,2,86099,89879,519485,410,0,0,0,643,0,0,0,239,0,0,0,231,0,0,0,275,0,0,0,3,0,0,0,3259150563250061314,13141111853040871059,13141111853040871059,1438881112681460352,15601036921822637578,18327459689666779489,0,0,0,0,0,0,0,0,0,0,0
516,5,972,8,10,0.041381,23489.07,0.018233,53308.61,0.016784,57912.77,0.019840,48993.04,0.021691,44811.46,0.019894,48859.41,0.027481,35370.16,0.041790,0.007742,0.014392,0.019894,0.083818,0.014852,1,111512,117177,803098,478,0,0,0,708,0,0,0,326,0,0,0,229,0,0,0,273,0,0,0,15,0,0,0,3385854656727610161,3385854656727610161,3385854656727610161,18055222308703150561,15799414940452177977,15270199088638219858,0,0,0,0,0,0,0,0,0,0,0
517,5,968,8,10,0.037355,25913.49,0.017462,55434.62,0.015388,62905.78,0.017478,55383.70,0.018589,52072.80,0.018029,53691.79,0.030759,31470.79,0.037986,0.006591,0.006075,0.018029,0.068681,0.012653,5,100586,122266,872260,629,0,0,0,743,0,0,0,243,0,0,0,213,0,0,0,186,0,0,0,4,0,0,0,1488853544397541296,5878482081722794627,5878482081722794627,11524442556412508709,14229179037913572462,7220931477490195311,0,0,0,0,0,0,0,0,0,0,0
518,5,851,8,10,0.049382,17233.00,0.022111,38486.93,0.020195,42139.12,0.023576,36095.86,0.026797,31757.68,0.027264,31213.73,0.033960,25059.19,0.049891,0.007683,0.012142,0.027264,0.096980,0.013833,2,115281,122121,616262,621,0,0,0,837,0,0,0,348,0,0,0,310,0,0,0,335,0,0,0,5,0,0,0,16668982648266184396,16668982648266184396,16668982648266184396,16135654444582752151,2348863059620392990,16135654444582752151,0,0,0,0,0,0,0,0,0,0,0
519,5,704,8,10,0.034294,20528.46,0.016513,42633.26,0.015530,45332.35,0.015914,44236.67,0.017803,39544.14,0.017629,39934.67,0.022252,31637.89,0.034636,0.005582,0.005208,0.017629,0.063055,0.007953,5,90032,93567,915378,452,0,0,0,756,0,0,0,370,0,0,0,311,0,0,0,315,0,0,0,8,0,0,0,1359291445798970720,1643261826877259570,1643261826877259570,12874301602675692667,397454066180434832,15572306395318170946,0,0,0,0,0,0,0,0,0,0,0
520,5,815,8,10,0.040385,20180.75,0.021437,38018.26,0.016664,48906.97,0.018027,45210.97,0.020323,40101.39,0.017886,45567.07,0.026963,30226.78,0.040604,0.006487,0.012989,0.017886,0.077965,0.014390,1,103223,113153,1007889,567,0,0,0,902,0,0,0,441,0,0,0,361,0,0,0,352,0,0,0,8,0,0,0,10940968357760116215,10940968357760116215,10940968357760116215,15844348573426050432,9239583845218191759,12238327715998099202,0,0,0,0,0,0,0,0,0,0,0
521,5,767,8,10,0.037279,20574.68,0.015090,50828.81,0.012316,62276.52,0.014552,52707.80,0.016871,45462.98,0.016334,46956.40,0.027540,27850.36,0.037706,0.005384,0.007236,0.016334,0.066660,0.009044,3,85917,103212,1514209,271,0,0,0,451,0,0,0,295,0,0,0,169,0,0,0,193,0,0,0,8,0,0,0,1340339750225726045,9450781079449222946,9450781079449222946,8205578162949232398,1702423634850806361,8453977493258070190,0,0,0,0,0,0,0,0,0,0,0
522,5,813,8,10,0.035322,23017.10,0.017378,46782.26,0.015267,53253.47,0.017271,47071.90,0.020767,39149.15,0.017348,46863.07,0.026621,30539.83,0.035616,0.006349,0.010307,0.017348,0.069620,0.010303,2,102178,110193,550427,530,0,0,0,730,0,0,0,376,0,0,0,329,0,0,0,341,0,0,0,5,0,0,0,13477425854966614731,15928475562249634931,15928475562249634931,5872535783660368788,10605373281527990566,8479141461795720798,0,0,0,0,0,0,0,0,0,0,0
523,5,745,8,10,0.031976,23298.77,0.016626,44810.45,0.015280,48756.17,0.016498,45157.45,0.018663,39919.58,0.016982,43871.09,0.021694,34340.85,0.032322,0.005807,0.010432,0.016982,0.065543,0.008265,1,84732,87592,719328,466,0,0,0,673,0,0,0,387,0,0,0,239,0,0,0,291,0,0,0,5,0,0,0,14441025242843235251,14441025242843235251,14441025242843235251,15232206073418129051,5863690489578099871,9196511056239888708,0,0,0,0,0,0,0,0,0,0,0
524,5,697,8,10,0.055002,12672.33,0.029966,23259.33,0.024430,28530.21,0.030786,22640.41,0.036452,19120.83,0.020834,33455.65,0.042821,16276.94,0.055193,0.005987,0.008430,0.020834,0.090443,0.007902,2,89526,92176,794598,429,0,0,0,722,0,0,0,370,0,0,0,233,0,0,0,320,0,0,0,5,0,0,0,5588252397571519126,5588252397571519126,5588252397571519126,16744760145599041312,16833005325468462745,4934193654813907151,0,0,0,0,0,0,0,0,0,0,0
525,5,790,8,10,0.045342,17423.19,0.025696,30744.24,0.022742,34736.81,0.026301,30037.11,0.029134,27115.77,0.028845,27388.20,0.031806,24838.12,0.045598,0.005776,0.005684,0.028845,0.085901,0.009593,5,94623,98118,680594,444,0,0,0,750,0,0,0,368,0,0,0,222,0,0,0,234,0,0,0,1,0,0,0,8642789078136945475,17158287534443907117,17158287534443907117,2786022715018621628,16323579627389674427,15760972307968791746,0,0,0,0,0,0,0,0,0,0,0
526,5,679,8,10,0.037243,18231.71,0.017182,39517.78,0.015048,45120.80,0.019042,35657.59,0.020569,33011.46,0.020322,33411.85,0.026080,26035.22,0.037747,0.005802,0.005329,0.020322,0.069200,0.007910,5,88314,90849,678266,444,0,0,0,738,0,0,0,406,0,0,0,280,0,0,0,273,0,0,0,1,0,0,0,7078209975040520698,7078209975040520698,7078209975040520698,6512891669411154289,16488232694178637161,17780021888555693915,0,0,0,0,0,0,0,0,0,0,0
527,5,645,8,10,0.038223,16874.48,0.016224,39756.96,0.013655,47235.18,0.016195,39826.03,0.017394,37081.27,0.015807,40804.13,0.025217,25577.76,0.038398,0.005356,0.006745,0.015807,0.066306,0.006951,3,83370,85900,2272822,372,0,0,0,571,0,0,0,261,0,0,0,189,0,0,0,213,0,0,0,6,0,0,0,554347451557318150,14420120602645035425,14420120602645035425,12281306288740988768,13374117779547864897,2062723101996797631,0,0,0,0,0,0,0,0,0,0,0
528,5,657,8,10,0.111410,5897.16,0.088583,7416.73,0.082136,7998.89,0.079549,8259.02,0.093193,7049.90,0.089989,7300.88,0.099297,6616.54,0.111932,0.005510,0.006172,0.089989,0.213602,0.007084,4,84165,86205,629118,357,0,0,0,563,0,0,0,235,0,0,0,168,0,0,0,177,0,0,0,5,0,0,0,8416502573697392223,16997173387456967270,16997173387456967270,2594041762396870891,6168227375566315318,10991832019944935902,0,0,0,0,0,0,0,0,0,0,0
529,5,710,8,10,0.273799,2593.14,0.245407,2893.15,0.239439,2965.27,0.247294,2871.08,0.249461,2846.13,0.200503,3541.10,0.258741,2744.06,0.275015,0.006112,0.011254,0.200503,0.492884,0.008379,1,93211,96596,896897,444,0,0,0,738,0,0,0,480,0,0,0,348,0,0,0,414,0,0,0,7,0,0,0,10550511536977367938,12613040827394632544,12613040827394632544,2767540461515111455,11142212464293147095,6330904609580038027,0,0,0,0,0,0,0,0,0,0,0
530,5,618,8,10,0.032840,18818.65,0.015629,39541.02,0.014878,41537.54,0.017745,34826.24,0.019475,31732.67,0.017985,34361.27,0.022873,27018.81,0.033136,0.005146,0.008219,0.017985,0.064486,0.006686,2,85525,87815,512528,399,0,0,0,658,0,0,0,290,0,0,0,181,0,0,0,209,0,0,0,8,0,0,0,10853794392747240877,1855446273125867134,1855446273125867134,3426296413932744138,11579785107470381055,4623231621302279132,0,0,0,0,0,0,0,0,0,0,0
531,5,721,8,10,0.045835,15730.48,0.025645,28114.88,0.018802,38346.17,0.021415,33667.30,0.027240,26468.48,0.026896,26806.57,0.031638,22788.70,0.046180,0.006428,0.005797,0.026896,0.085301,0.008851,5,96757,100257,953019,548,0,0,0,793,0,0,0,432,0,0,0,368,0,0,0,328,0,0,0,9,0,0,0,225612016178530552,11436405629566306857,11436405629566306857,221235302309247923,16037061746341911286,1563119851045839327,0,0,0,0,0,0,0,0,0,0,0
532,5,705,8,10,0.032523,21677.06,0.015525,45411.90,0.014896,47329.52,0.015697,44912.90,0.018224,38686.04,0.016490,42753.23,0.022051,31972.04,0.033223,0.005871,0.010503,0.016490,0.066087,0.007431,1,82510,84665,610339,379,0,0,0,579,0,0,0,340,0,0,0,214,0,0,0,274,0,0,0,7,0,0,0,10691323898196166487,15571964136996367174,15571964136996367174,4373378627854274847,521139898184151776,6250037937568965453,0,0,0,0,0,0,0,0,0,0,0
533,5,688,8,10,0.035190,19550.76,0.015713,43786.08,0.013714,50167.24,0.015688,43856.27,0.018381,37430.57,0.015195,45278.74,0.021420,32119.12,0.035302,0.005941,0.010343,0.015195,0.066781,0.007653,1,82500,84680,2695457,352,0,0,0,549,0,0,0,372,0,0,0,256,0,0,0,286,0,0,0,7,0,0,0,15191859930640043622,14522497937107997739,14522497937107997739,2464258715078688733,8882965731092488921,362073346470778982,0,0,0,0,0,0,0,0,0,0,0
534,5,682,8,10,0.032957,20693.58,0.017503,38965.53,0.016456,41442.91,0.017301,39420.07,0.019289,35356.68,0.015906,42877.69,0.020935,32576.87,0.033062,0.005710,0.010509,0.015906,0.065187,0.007631,1,86845,89010,982209,461,0,0,0,763,0,0,0,420,0,0,0,408,0,0,0,483,0,0,0,5,0,0,0,12053279446425781473,9879541245924098857,9879541245924098857,6140784863877029916,4004806798673690070,12626868203278937404,0,0,0,0,0,0,0,0,0,0,0
535,5,661,8,10,0.069053,9572.35,0.041674,15861.31,0.024808,26644.95,0.031889,20728.38,0.045576,14503.22,0.029687,22265.54,0.053942,12254.00,0.069385,0.005357,0.010558,0.029687,0.114987,0.007243,1,87304,88889,1302017,381,0,0,0,758,0,0,0,411,0,0,0,203,0,0,0,320,0,0,0,3,0,0,0,16276522248790368329,5932302538208718708,5932302538208718708,4500331315092217516,17573754318500165561,9833129046855083537,0,0,0,0,0,0,0,0,0,0,0
536,5,718,8,10,0.054632,13142.58,0.033856,21207.58,0.029269,24531.03,0.029708,24168.44,0.034053,21084.87,0.027259,26340.40,0.040064,17921.46,0.055083,0.006350,0.009829,0.027259,0.098520,0.008328,2,96263,98903,867794,441,0,0,0,893,0,0,0,516,0,0,0,328,0,0,0,423,0,0,0,4,0,0,0,16244043490354191306,12098047986055069862,12098047986055069862,7509231631081785737,3492517944956192476,5715753529710160881,0,0,0,0,0,0,0,0,0,0,0
537,5,812,8,10,0.039929,20335.92,0.016268,49915.19,0.014742,55079.21,0.015936,50953.46,0.019000,42737.93,0.017388,46698.76,0.025776,31502.35,0.040258,0.006806,0.010521,0.017388,0.074972,0.010829,2,102684,106439,638309,436,0,0,0,685,0,0,0,304,0,0,0,280,0,0,0,349,0,0,0,15,0,0,0,11391827130457869350,11391827130457869350,11391827130457869350,10378805902955676626,13953547652454159396,224637287464062754,0,0,0,0,0,0,0,0,0,0,0
538,5,667,8,10,0.034843,19143.28,0.014992,44489.35,0.013820,48261.81,0.015265,43693.94,0.017953,37151.83,0.016188,41203.77,0.020572,32422.23,0.035414,0.005777,0.010425,0.016188,0.067804,0.007246,1,83346,85501,891995,384,0,0,0,687,0,0,0,375,0,0,0,270,0,0,0,386,0,0,0,6,0,0,0,1937029054846451119,1937029054846451119,1937029054846451119,13304001362435874641,16876755169695686057,13701487262181326518,0,0,0,0,0,0,0,0,0,0,0
539,5,684,8,10,0.042746,16001.68,0.016540,41353.06,0.015349,44562.01,0.018123,37741.75,0.020837,32826.10,0.018235,37510.13,0.026178,26128.75,0.043245,0.006262,0.011856,0.018235,0.079598,0.008178,1,97877,100587,846840,323,0,0,0,598,0,0,0,336,0,0,0,282,0,0,0,296,0,0,0,1,0,0,0,17811054547076454559,925606325260955501,925606325260955501,17929884088159416436,17495209875851111238,238708472899396539,0,0,0,0,0,0,0,0,0,0,0
540,5,639,8,10,0.041545,15380.78,0.018168,35171.90,0.015687,40733.63,0.020354,31394.85,0.021821,29283.75,0.020267,31528.99,0.028159,22692.44,0.042017,0.005403,0.010735,0.020267,0.078422,0.007389,1,88623,92298,1187734,441,0,0,0,674,0,0,0,331,0,0,0,226,0,0,0,319,0,0,0,5,0,0,0,14455563506303026241,5959700197976637229,5959700197976637229,15294953524364142361,12845803972902637494,3040472128231625401,0,0,0,0,0,0,0,0,0,0,0
541,5,729,8,10,0.035209,20704.92,0.017544,41552.18,0.016096,45292.05,0.017761,41045.80,0.019441,37498.12,0.017676,41243.40,0.024512,29740.89,0.035611,0.005708,0.005235,0.017676,0.064229,0.008353,5,86879,94639,758514,437,0,0,0,730,0,0,0,427,0,0,0,273,0,0,0,265,0,0,0,5,0,0,0,6645711685456720588,6645711685456720588,6645711685456720588,6700933404375868820,15969502644410792744,11224182340069070555,0,0,0,0,0,0,0,0,0,0,0
542,5,730,8,10,0.046890,15568.22,0.020122,36277.99,0.015684,46544.80,0.022720,32130.74,0.026668,27373.16,0.025831,28261.00,0.031318,23309.41,0.047259,0.005937,0.005474,0.025831,0.084500,0.008705,5,93788,95538,835993,434,0,0,0,583,0,0,0,404,0,0,0,292,0,0,0,289,0,0,0,6,0,0,0,14019720076288497808,2361358220357341256,2361358220357341256,9052099300789517820,4518489794890088414,1683843351921045814,0,0,0,0,0,0,0,0,0,0,0
543,5,871,8,10,0.108018,8063.50,0.081325,10710.18,0.068321,12748.69,0.071736,12141.80,0.083619,10416.31,0.072831,11959.22,0.092102,9456.92,0.108658,0.006677,0.012802,0.072831,0.200968,0.011441,1,100815,109255,795628,481,0,0,0,708,0,0,0,357,0,0,0,399,0,0,0,436,0,0,0,13,0,0,0,4044443517586893943,130331604283300798,130331604283300798,4654722284170140416,11833290641933169803,8484870524602028036,0,0,0,0,0,0,0,0,0,0,0
544,5,705,8,10,0.039546,17827.30,0.019249,36624.89,0.017305,40739.78,0.019853,35510.42,0.021346,33027.71,0.020055,35152.73,0.027662,25485.93,0.039980,0.006094,0.011221,0.020055,0.077351,0.008648,1,93291,96411,762791,437,0,0,0,705,0,0,0,380,0,0,0,304,0,0,0,311,0,0,0,6,0,0,0,5468036778745183561,16606866172987643236,16606866172987643236,15839162370704879962,2932255618808346851,8881342442717377309,0,0,0,0,0,0,0,0,0,0,0
545,5,762,8,10,0.052632,14477.93,0.030353,25104.71,0.021662,35176.73,0.021731,35064.48,0.031818,23948.48,0.022067,34531.05,0.039027,19524.86,0.053099,0.006238,0.011443,0.022067,0.092847,0.009492,1,95703,100298,958149,553,0,0,0,778,0,0,0,476,0,0,0,285,0,0,0,364,0,0,0,4,0,0,0,2026138394743703296,11113279649171452218,11113279649171452218,10580261776287372292,4900900762768987881,8466102849716895435,0,0,0,0,0,0,0,0,0,0,0
546,5,847,8,10,0.043162,19623.84,0.024203,34995.94,0.020340,41641.77,0.020720,40878.50,0.022629,37430.57,0.017319,48907.10,0.030068,28169.70,0.043349,0.007377,0.013211,0.017319,0.081256,0.011797,1,107054,110174,1478557,356,0,0,0,673,0,0,0,355,0,0,0,186,0,0,0,265,0,0,0,4,0,0,0,5296123069010992011,5296123069010992011,5296123069010992011,978953103807772672,1731667586932054359,766171076788911828,0,0,0,0,0,0,0,0,0,0,0
547,5,720,8,10,0.032863,21909.32,0.013006,55358.15,0.012234,58852.15,0.014448,49834.21,0.015535,46346.02,0.015821,45508.63,0.020707,34770.82,0.033362,0.005582,0.006063,0.015821,0.060829,0.008056,4,84168,86253,917565,226,0,0,0,423,0,0,0,204,0,0,0,221,0,0,0,205,0,0,0,3,0,0,0,1995186714204187329,14231560989883937073,14231560989883937073,13199277040062320772,14205915173185510304,11285806778077126523,0,0,0,0,0,0,0,0,0,0,0
548,5,768,8,10,0.036184,21224.76,0.018705,41058.88,0.015132,50754.61,0.018103,42424.58,0.018836,40772.25,0.017257,44504.42,0.026774,28684.79,0.036650,0.006234,0.011355,0.017257,0.071495,0.009184,1,93357,97587,664168,422,0,0,0,604,0,0,0,265,0,0,0,234,0,0,0,217,0,0,0,6,0,0,0,15231435859843611261,18091819007369815733,18091819007369815733,2269860520385618129,2667359963813068815,11280772939919543215,0,0,0,0,0,0,0,0,0,0,0
549,5,715,8,10,0.048259,14815.78,0.026585,26894.55,0.018875,37881.22,0.023103,30948.03,0.026446,27036.57,0.017703,40389.52,0.032316,22125.52,0.048724,0.005991,0.010722,0.017703,0.083139,0.007991,1,94976,97866,936829,359,0,0,0,635,0,0,0,340,0,0,0,211,0,0,0,234,0,0,0,6,0,0,0,1815454899088583069,9831865205956364358,9831865205956364358,12291944138509938607,1691529823584992869,7454328922572827543,0,0,0,0,0,0,0,0,0,0,0
550,5,681,8,10,0.052369,13003.95,0.036616,18598.55,0.027375,24876.31,0.024547,27742.49,0.038050,17897.51,0.028013,24310.21,0.041218,16522.07,0.052573,0.006615,0.011852,0.028013,0.099053,0.007995,1,100980,103615,560433,489,0,0,0,653,0,0,0,409,0,0,0,285,0,0,0,486,0,0,0,8,0,0,0,11142413429250882811,7436692213388328195,7436692213388328195,5268526666295829783,6863308281009285022,16781093565797611068,0,0,0,0,0,0,0,0,0,0,0
551,5,704,8,10,0.035994,19558.64,0.020152,34933.72,0.016318,43142.16,0.018003,39103.56,0.022640,31095.11,0.019428,36236.96,0.027365,25726.05,0.036608,0.004376,0.005655,0.019428,0.066068,0.007699,4,78695,82425,688016,431,0,0,0,638,0,0,0,302,0,0,0,217,0,0,0,189,0,0,0,4,0,0,0,15253538341838657906,14018277667393976003,14018277667393976003,4466867016925440418,576894039006220507,12051031570059870626,0,0,0,0,0,0,0,0,0,0,0
552,5,760,8,10,0.054001,14073.82,0.031741,23943.85,0.020659,36787.69,0.024329,31239.05,0.030933,24568.86,0.035808,21224.24,0.043534,17457.55,0.054176,0.006425,0.011917,0.035808,0.108326,0.009170,1,105614,108904,475852,431,0,0,0,695,0,0,0,343,0,0,0,187,0,0,0,331,0,0,0,4,0,0,0,15845507085485207856,9361068776804117546,9361068776804117546,17681545689685528194,6610909220154515372,379093895011642244,0,0,0,0,0,0,0,0,0,0,0
553,5,701,8,10,0.076257,9192.58,0.050175,13971.16,0.033458,20951.55,0.057614,12167.08,0.055919,12535.99,0.021792,32167.94,0.064362,10891.48,0.076993,0.007285,0.014452,0.021792,0.120522,0.009119,1,107451,110676,1348624,351,0,0,0,579,0,0,0,385,0,0,0,229,0,0,0,253,0,0,0,6,0,0,0,3048789438818032027,2937753538673039061,2937753538673039061,8319020636144095787,11203362046881864072,15711338864933580996,0,0,0,0,0,0,0,0,0,0,0
554,5,619,8,10,0.236169,2621.00,0.214489,2885.93,0.209408,2955.95,0.209041,2961.14,0.215508,2872.28,0.101004,6128.45,0.223980,2763.64,0.236640,0.004690,0.006667,0.101004,0.349001,0.006192,3,75524,77989,563671,422,0,0,0,666,0,0,0,418,0,0,0,240,0,0,0,284,0,0,0,8,0,0,0,4906434086724819426,13070784861045325619,13070784861045325619,11091269983543266053,14754011076295058669,7138640665536283519,0,0,0,0,0,0,0,0,0,0,0
555,5,784,8,10,0.033850,23160.85,0.018245,42971.50,0.017168,45665.89,0.018721,41879.17,0.020747,37788.13,0.020337,38549.65,0.024867,31527.73,0.034107,0.005812,0.006572,0.020337,0.066827,0.009110,4,89965,93375,634979,463,0,0,0,840,0,0,0,425,0,0,0,269,0,0,0,260,0,0,0,9,0,0,0,15080212794128965305,10997440568628229897,10997440568628229897,18342987960222018527,3070165096436956930,9199280120538710038,0,0,0,0,0,0,0,0,0,0,0
556,5,685,8,10,0.034991,19576.44,0.028538,24003.26,0.023063,29701.70,0.014225,48153.18,0.017418,39326.86,0.015769,43440.25,0.026411,25935.79,0.035340,0.005283,0.010108,0.015769,0.066500,0.007385,1,79010,95250,1303796,368,0,0,0,646,0,0,0,341,0,0,0,192,0,0,0,326,0,0,0,7,0,0,0,3687752580343721285,3687752580343721285,3687752580343721285,3526489622481730195,12502521343672151826,9711174591190505429,0,0,0,0,0,0,0,0,0,0,0
557,5,831,8,10,0.031700,26214.16,0.015109,55001.28,0.014265,58255.23,0.017165,48411.49,0.017814,46647.73,0.016571,50147.04,0.032489,25578.05,0.031972,0.005498,0.006375,0.016571,0.060417,0.009027,4,83202,149642,767444,309,0,0,0,571,0,0,0,294,0,0,0,153,0,0,0,159,0,0,0,14,0,0,0,1565798558455721259,11786460348466760319,11786460348466760319,4352784835789331619,4209687096991753584,12088834403258961011,0,0,0,0,0,0,0,0,0,0,0
558,5,920,8,10,0.037361,24624.82,0.018223,50484.32,0.016681,55151.51,0.017717,51928.75,0.019939,46139.98,0.018753,49059.43,0.033952,27096.87,0.037719,0.006165,0.012487,0.018753,0.075123,0.011742,1,103440,163145,789476,460,0,0,0,742,0,0,0,378,0,0,0,275,0,0,0,314,0,0,0,5,0,0,0,1510629918858306510,8191904955382597200,8191904955382597200,11346343706209954835,11518626535599129047,1859744999853993150,0,0,0,0,0,0,0,0,0,0,0
559,5,955,8,10,0.036785,25961.88,0.016909,56479.12,0.015818,60374.59,0.019870,48062.31,0.020633,46284.29,0.019488,49004.18,0.034766,27469.65,0.037066,0.006684,0.007119,0.019488,0.070357,0.013092,4,95936,203351,1316926,423,0,0,0,621,0,0,0,238,0,0,0,222,0,0,0,213,0,0,0,10,0,0,0,764391526766624447,13333084034593968994,13333084034593968994,17762119267056214208,12395089398947101370,14014594752075820097,0,0,0,0,0,0,0,0,0,0,0
560,5,597,8,10,0.030860,19345.50,0.017495,34123.77,0.015585,38307.14,0.017086,34941.86,0.018600,32097.00,0.017361,34388.08,0.020650,28910.34,0.030894,0.004996,0.007458,0.017361,0.060709,0.006022,2,75612,77252,860460,331,0,0,0,551,0,0,0,253,0,0,0,212,0,0,0,243,0,0,0,4,0,0,0,10914074284884828513,3012557655512070525,3012557655512070525,11154902673583190796,2797886262765432611,16513052938899218698,0,0,0,0,0,0,0,0,0,0,0
561,5,990,8,10,0.032076,30864.46,0.015164,65285.87,0.013980,70814.58,0.015758,62823.42,0.016849,58757.20,0.013895,71247.43,0.030339,32631.53,0.032425,0.005900,0.010988,0.013895,0.063209,0.011752,1,90299,157694,560401,365,0,0,0,592,0,0,0,307,0,0,0,290,0,0,0,315,0,0,0,5,0,0,0,16488335531187588085,8338895198437455356,8338895198437455356,8438625927476345248,16868979232398110414,5493608699775045964,0,0,0,0,0,0,0,0,0,0,0
562,5,733,8,10,0.042996,17048.14,0.028047,26134.79,0.023108,31721.01,0.023787,30814.51,0.029088,25199.39,0.025772,28441.64,0.028924,25342.11,0.043617,0.005530,0.010539,0.025772,0.085458,0.008405,1,87474,89559,1274640,454,0,0,0,771,0,0,0,449,0,0,0,375,0,0,0,594,0,0,0,10,0,0,0,3493239969073835758,3493239969073835758,3493239969073835758,17550160327583877294,3415032242577363422,3025528718299818238,0,0,0,0,0,0,0,0,0,0,0
563,5,665,8,10,0.048098,13825.96,0.027549,24139.23,0.018133,36673.81,0.019365,34340.22,0.027181,24465.43,0.019501,34100.23,0.038767,17153.94,0.048638,0.005568,0.005880,0.019501,0.079587,0.007269,4,83885,87040,906443,496,0,0,0,824,0,0,0,397,0,0,0,253,0,0,0,249,0,0,0,5,0,0,0,3415206317026085100,7874349800816742062,7874349800816742062,4529658731594003790,16825083957744239324,5722469046095769012,0,0,0,0,0,0,0,0,0,0,0
564,5,721,8,10,0.035902,20082.31,0.019936,36164.95,0.019512,36950.99,0.020713,34808.79,0.023942,30114.03,0.021204,34002.85,0.025392,28394.21,0.036144,0.005632,0.009300,0.021204,0.072280,0.007993,2,87194,90619,851866,487,0,0,0,869,0,0,0,383,0,0,0,295,0,0,0,328,0,0,0,5,0,0,0,11137555331031699148,309059155574392052,309059155574392052,581761966175324536,8464326304595889087,12334281269888197284,0,0,0,0,0,0,0,0,0,0,0
565,5,733,8,10,0.036572,20042.92,0.017077,42922.30,0.015918,46048.99,0.019781,37055.85,0.021291,34427.53,0.018131,40428.90,0.028267,25931.69,0.036899,0.005659,0.009589,0.018131,0.070277,0.008720,2,88142,91577,1282536,467,0,0,0,670,0,0,0,311,0,0,0,220,0,0,0,252,0,0,0,14,0,0,0,9347674074950829860,17702055716848657751,17702055716848657751,7700321773179643714,11350495815629421516,12396786110606107295,0,0,0,0,0,0,0,0,0,0,0
566,5,737,8,10,0.164046,4492.65,0.141791,5197.79,0.124008,5943.16,0.123242,5980.09,0.144093,5114.75,0.143690,5129.09,0.152590,4829.93,0.164719,0.006060,0.011395,0.143690,0.325865,0.008949,1,92508,96533,788399,543,0,0,0,815,0,0,0,452,0,0,0,333,0,0,0,457,0,0,0,6,0,0,0,7856967859799510667,7856967859799510667,7856967859799510667,8294380037205330770,8621264793792651286,9751770893718707990,0,0,0,0,0,0,0,0,0,0,0
567,5,735,8,10,0.137518,5344.75,0.117482,6256.28,0.106489,6902.10,0.107102,6862.61,0.115580,6359.21,0.047705,15407.08,0.125465,5858.19,0.137887,0.006048,0.005604,0.047705,0.197245,0.008719,5,92419,95729,871448,546,0,0,0,995,0,0,0,572,0,0,0,345,0,0,0,297,0,0,0,4,0,0,0,17297120353147819652,17297120353147819652,17297120353147819652,1497484983878255327,11321774925557095450,10740698975122984336,0,0,0,0,0,0,0,0,0,0,0
568,5,712,8,10,0.064766,10993.38,0.044836,15880.20,0.037809,18831.71,0.036268,19631.86,0.049010,14527.56,0.047596,14959.26,0.054749,13004.75,0.064718,0.005492,0.005262,0.047596,0.123067,0.008037,5,85318,87758,674451,490,0,0,0,787,0,0,0,357,0,0,0,284,0,0,0,272,0,0,0,3,0,0,0,15306744310123721742,15306744310123721742,15306744310123721742,5739933331171446938,5134930716077894797,16232881322480361994,0,0,0,0,0,0,0,0,0,0,0
569,5,689,8,10,0.036228,19018.23,0.017109,40271.03,0.015197,45337.79,0.017164,40142.04,0.021028,32766.01,0.019302,35695.15,0.025939,26562.28,0.036565,0.005490,0.006543,0.019302,0.067900,0.007659,4,89604,91744,869009,492,0,0,0,677,0,0,0,365,0,0,0,287,0,0,0,268,0,0,0,8,0,0,0,410223635603025655,3377080163488744804,3377080163488744804,13237021228298929989,10053473427730365992,6303104010395068239,0,0,0,0,0,0,0,0,0,0,0
570,5,775,8,10,0.034427,22511.35,0.016654,46534.83,0.015794,49067.75,0.016738,46302.03,0.019423,39900.52,0.016701,46405.58,0.025110,30863.62,0.034814,0.005678,0.010984,0.016701,0.068176,0.009123,1,91863,95353,688289,473,0,0,0,758,0,0,0,332,0,0,0,221,0,0,0,332,0,0,0,9,0,0,0,8581953263761767562,8921884157704471574,8921884157704471574,8869990565160226596,850992417031793676,13210483514419860533,0,0,0,0,0,0,0,0,0,0,0
571,5,753,8,10,0.050889,14796.77,0.029824,25248.26,0.026041,28915.81,0.024065,31289.73,0.033064,22774.27,0.019012,39606.82,0.040509,18588.47,0.051167,0.005882,0.011219,0.019012,0.087280,0.008968,1,94383,96983,921903,559,0,0,0,948,0,0,0,458,0,0,0,355,0,0,0,385,0,0,0,12,0,0,0,14587010521056291167,14587010521056291167,14587010521056291167,11872234500575340135,4596072533713325746,4227341979767513872,0,0,0,0,0,0,0,0,0,0,0
572,5,777,8,10,0.037422,20763.34,0.018163,42778.31,0.016993,45724.39,0.018171,42760.25,0.019973,38903.33,0.018468,42073.53,0.025656,30285.14,0.037777,0.006047,0.008969,0.018468,0.071261,0.009507,2,93893,97803,1080310,437,0,0,0,659,0,0,0,366,0,0,0,239,0,0,0,295,0,0,0,7,0,0,0,17963275393283443631,2455619440280398400,2455619440280398400,7686390908881152257,6670277669481487437,14432285006751562256,0,0,0,0,0,0,0,0,0,0,0
573,5,907,8,10,0.044906,20197.70,0.023717,38242.08,0.021862,41487.48,0.022262,40741.48,0.025087,36154.23,0.021356,42470.58,0.032886,27580.31,0.045188,0.007166,0.006610,0.021356,0.080319,0.012430,5,111110,117435,819629,660,0,0,0,1146,0,0,0,467,0,0,0,414,0,0,0,320,0,0,0,11,0,0,0,5037192767841016285,8070374239090058382,8070374239090058382,16280916922590999197,16282560118932382171,18397609824708907127,0,0,0,0,0,0,0,0,0,0,0
574,5,742,8,10,0.043893,16904.83,0.024539,30237.09,0.018482,40148.02,0.020207,36719.46,0.026420,28084.76,0.023509,31562.75,0.032124,23097.70,0.044235,0.005461,0.006047,0.023509,0.079251,0.008477,4,89243,95543,995166,515,0,0,0,717,0,0,0,329,0,0,0,249,0,0,0,267,0,0,0,2,0,0,0,17011375428236971219,17011375428236971219,17011375428236971219,13515974172109207360,10867161557052335408,5110013350566778476,0,0,0,0,0,0,0,0,0,0,0
575,5,803,8,10,0.044650,17984.17,0.023776,33773.59,0.021056,38135.68,0.022037,36439.10,0.025875,31033.28,0.017147,46829.25,0.032080,25031.20,0.045069,0.005871,0.011601,0.017147,0.079688,0.010256,1,93120,95650,1046605,466,0,0,0,848,0,0,0,411,0,0,0,254,0,0,0,257,0,0,0,6,0,0,0,9942098103507287621,15076339805631521198,15076339805631521198,6889462690861558171,1462729792510556981,17443608491383656618,0,0,0,0,0,0,0,0,0,0,0
576,5,848,8,10,0.038069,22275.32,0.019048,44519.57,0.018294,46354.96,0.022162,38264.03,0.022927,36986.92,0.019806,42814.42,0.025482,33278.88,0.038371,0.006445,0.011750,0.019806,0.076372,0.010738,1,98814,102234,797024,462,0,0,0,730,0,0,0,411,0,0,0,318,0,0,0,282,0,0,0,4,0,0,0,11842625853426450903,13880749050845067109,13880749050845067109,5268244315443780916,12347291526491740930,8676972427542638128,0,0,0,0,0,0,0,0,0,0,0
577,5,848,8,10,0.032697,25935.45,0.017305,49003.83,0.015884,53386.68,0.018214,46556.33,0.020295,41783.81,0.018998,44635.14,0.021492,39456.31,0.033148,0.006144,0.009485,0.018998,0.067775,0.009843,2,89906,92336,597992,438,0,0,0,715,0,0,0,395,0,0,0,347,0,0,0,321,0,0,0,7,0,0,0,6461137462725943695,15959062624948475905,15959062624948475905,7261273673213900970,261401632981505803,1697744107807106616,0,0,0,0,0,0,0,0,0,0,0
578,5,771,8,10,0.038590,19979.34,0.019672,39193.28,0.017056,45203.98,0.020896,36897.11,0.022130,34840.29,0.019156,40248.20,0.027006,28549.33,0.038831,0.005839,0.007310,0.019156,0.071137,0.009155,3,90061,94206,1256160,512,0,0,0,726,0,0,0,443,0,0,0,250,0,0,0,254,0,0,0,6,0,0,0,17540320194766279565,2653540012478914786,2653540012478914786,8568475730224377150,14493591900443917996,12558118626846646638,0,0,0,0,0,0,0,0,0,0,0
579,5,749,8,10,0.036087,20755.49,0.018276,40983.68,0.017378,43099.41,0.019067,39282.15,0.020407,36702.71,0.019485,38439.76,0.022037,33988.18,0.036395,0.005643,0.005455,0.019485,0.066978,0.008504,5,88959,91929,1025224,465,0,0,0,674,0,0,0,327,0,0,0,274,0,0,0,259,0,0,0,2,0,0,0,15379786936475239600,17217146150996098730,17217146150996098730,9946385710505151654,12179408971480709138,3512776100618097181,0,0,0,0,0,0,0,0,0,0,0
580,5,786,8,10,0.038418,20458.97,0.021422,36691.37,0.017896,43921.47,0.017516,44874.00,0.025377,30973.34,0.018321,42901.82,0.028955,27145.95,0.038909,0.005601,0.010846,0.018321,0.073677,0.008730,1,91645,94680,555868,439,0,0,0,692,0,0,0,426,0,0,0,283,0,0,0,367,0,0,0,7,0,0,0,8412426769960524912,8412426769960524912,8412426769960524912,6838431746569332779,4005694686190392660,9997283112914232401,0,0,0,0,0,0,0,0,0,0,0
581,5,874,8,10,0.071453,12231.80,0.054360,16078.06,0.039309,22233.91,0.041388,21117.10,0.058294,14993.08,0.053525,16328.85,0.063383,13789.17,0.072064,0.006487,0.011611,0.053525,0.143686,0.010726,1,100948,110838,662011,642,0,0,0,976,0,0,0,400,0,0,0,462,0,0,0,442,0,0,0,5,0,0,0,4236846462993120356,4236846462993120356,4236846462993120356,631755384837473853,4371587527347318570,15454402845464464990,0,0,0,0,0,0,0,0,0,0,0
582,5,876,8,10,0.075706,11571.03,0.056714,15445.88,0.051819,16905.13,0.052231,16771.57,0.057457,15246.21,0.050596,17313.73,0.070877,12359.48,0.076232,0.006890,0.011879,0.050596,0.145597,0.012112,1,103168,132113,413993,863,0,0,0,1045,0,0,0,492,0,0,0,364,0,0,0,569,0,0,0,8,0,0,0,18094354280531734515,2602116121278824234,2602116121278824234,3554923063118203782,16703552003901213646,8185164450129135814,0,0,0,0,0,0,0,0,0,0,0
583,5,728,8,10,0.081976,8880.62,0.056166,12961.65,0.050730,14350.39,0.057931,12566.66,0.064899,11217.40,0.033459,21757.77,0.070783,10284.88,0.082389,0.005782,0.011066,0.033459,0.132696,0.008571,1,88402,91417,558060,506,0,0,0,661,0,0,0,445,0,0,0,268,0,0,0,451,0,0,0,9,0,0,0,2721462029754409468,16129308953655759872,16129308953655759872,3588867408588930427,4837789136144158954,12466915587324026769,0,0,0,0,0,0,0,0,0,0,0
584,5,712,8,10,0.048344,14727.92,0.031163,22847.37,0.024510,29049.50,0.030285,23510.08,0.032384,21985.97,0.029928,23790.35,0.038849,18327.37,0.048920,0.005773,0.007251,0.029928,0.091873,0.007983,3,86996,89146,774448,394,0,0,0,782,0,0,0,436,0,0,0,263,0,0,0,259,0,0,0,5,0,0,0,2031635380790933845,13465799042489054194,13465799042489054194,13058120424559532076,12239774806968779541,17540276164812396912,0,0,0,0,0,0,0,0,0,0,0
585,5,881,8,10,0.055387,15906.25,0.031554,27920.55,0.026467,33286.58,0.027465,32076.86,0.037663,23391.37,0.028823,30565.84,0.040925,21527.45,0.055882,0.006751,0.008473,0.028823,0.099928,0.012062,3,106321,109766,869579,562,0,0,0,1052,0,0,0,635,0,0,0,420,0,0,0,428,0,0,0,17,0,0,0,10744941635608479175,15712320657273188387,15712320657273188387,3293313301074886296,9536741209838202692,12617600581938910348,0,0,0,0,0,0,0,0,0,0,0
586,5,724,8,10,0.046478,15577.32,0.029139,24846.83,0.021390,33848.34,0.026626,27191.54,0.029662,24407.95,0.026125,27712.57,0.034681,20875.95,0.046740,0.006038,0.007484,0.026125,0.086387,0.008859,3,97464,100149,557675,532,0,0,0,862,0,0,0,397,0,0,0,257,0,0,0,287,0,0,0,3,0,0,0,381295663360393968,381295663360393968,381295663360393968,14541845929478070780,3314722109533148736,17289362224773831095,0,0,0,0,0,0,0,0,0,0,0
587,5,709,8,10,0.037859,18727.35,0.018788,37736.19,0.014243,49779.71,0.016224,43700.21,0.020038,35382.04,0.021062,33663.32,0.025783,27498.44,0.038361,0.005382,0.005175,0.021062,0.069980,0.007842,5,84375,86640,738975,418,0,0,0,617,0,0,0,320,0,0,0,238,0,0,0,227,0,0,0,6,0,0,0,1431651959069987353,16100125273877800354,16100125273877800354,3453403158790838364,8500417149475294256,4979667279856541556,0,0,0,0,0,0,0,0,0,0,0
588,5,721,8,10,0.040103,17978.79,0.018709,38537.62,0.017348,41562.06,0.020765,34721.08,0.022476,32078.09,0.021503,33530.59,0.026853,26849.66,0.040270,0.005797,0.009708,0.021503,0.077278,0.008633,2,93917,97982,792755,534,0,0,0,931,0,0,0,391,0,0,0,327,0,0,0,342,0,0,0,13,0,0,0,8522698599961381043,3617836570304544506,3617836570304544506,4460749217201133,16635996687428719922,16240251036344808935,0,0,0,0,0,0,0,0,0,0,0
589,5,792,8,10,0.041060,19289.06,0.020293,39028.28,0.019387,40851.15,0.022025,35958.95,0.023548,33633.20,0.021650,36582.57,0.025468,31097.31,0.041389,0.006779,0.012543,0.021650,0.082361,0.009832,1,104353,107328,348179,663,0,0,0,1082,0,0,0,573,0,0,0,434,0,0,0,430,0,0,0,12,0,0,0,6430457684988008375,6430457684988008375,6430457684988008375,16002695803818808756,8251508929809218846,15498210505130753717,0,0,0,0,0,0,0,0,0,0,0
590,5,856,8,10,0.043009,19902.72,0.019675,43506.04,0.018590,46046.89,0.020272,42226.27,0.021892,39101.18,0.020257,42257.51,0.028072,30493.05,0.043838,0.008017,0.015096,0.020257,0.087208,0.011978,1,121492,125612,865957,551,0,0,0,962,0,0,0,478,0,0,0,322,0,0,0,358,0,0,0,9,0,0,0,14078960372566505793,6447218963832947582,6447218963832947582,17043138911302354904,4889422848165379688,16583284712034035726,0,0,0,0,0,0,0,0,0,0,0
591,5,874,8,10,0.151207,5780.15,0.114204,7652.95,0.092776,9420.50,0.093806,9317.10,0.104618,8354.21,0.100524,8694.43,0.120632,7245.17,0.152163,0.008100,0.009734,0.100524,0.270521,0.012413,3,124815,130280,1191528,508,0,0,0,562,0,0,0,407,0,0,0,377,0,0,0,447,0,0,0,15,0,0,0,4276848734824216875,12887274781189513884,12887274781189513884,11030765158675607899,7549103188841207897,15955679866507783014,0,0,0,0,0,0,0,0,0,0,0
592,5,730,8,10,0.052010,14035.65,0.020062,36386.87,0.016761,43553.53,0.023895,30549.72,0.026396,27655.29,0.023541,31009.85,0.032980,22134.41,0.052304,0.007499,0.011209,0.023541,0.094554,0.009907,2,111694,117624,580748,497,0,0,0,669,0,0,0,385,0,0,0,349,0,0,0,320,0,0,0,7,0,0,0,4101317002529553762,4101317002529553762,4101317002529553762,8973814409742462222,10206290109923362003,9250472273533392835,0,0,0,0,0,0,0,0,0,0,0
593,5,813,8,10,0.038607,21058.27,0.017937,45325.02,0.016959,47939.56,0.021756,37368.41,0.022083,36815.47,0.020289,40070.53,0.030871,26335.55,0.039339,0.007419,0.014349,0.020289,0.081395,0.011552,1,112576,131386,549826,613,0,0,0,969,0,0,0,392,0,0,0,241,0,0,0,314,0,0,0,6,0,0,0,11940820079450324611,11940820079450324611,11940820079450324611,8073187404944416040,15435481544429927586,419940792384833889,0,0,0,0,0,0,0,0,0,0,0
594,5,739,8,10,0.036519,20236.15,0.018071,40893.60,0.016995,43484.36,0.020269,36458.90,0.021751,33975.60,0.021421,34498.70,0.024990,29572.28,0.036998,0.006294,0.005560,0.021421,0.070273,0.008840,5,95222,98117,517942,472,0,0,0,661,0,0,0,359,0,0,0,217,0,0,0,226,0,0,0,2,0,0,0,11980669300765870971,11980669300765870971,11980669300765870971,16684307247050968236,4115813838176333945,17855414775950871849,0,0,0,0,0,0,0,0,0,0,0
595,5,761,8,10,0.172378,4414.73,0.155429,4896.14,0.142325,5346.91,0.148431,5126.96,0.155582,4891.30,0.150808,5046.16,0.162220,4691.16,0.173561,0.005966,0.007934,0.150808,0.338269,0.009178,3,93897,97472,772488,480,0,0,0,817,0,0,0,449,0,0,0,251,0,0,0,371,0,0,0,5,0,0,0,8944247872865538564,12177081228491666853,12177081228491666853,12449637062146986857,11591446110329235141,10873233249798088936,0,0,0,0,0,0,0,0,0,0,0
596,5,1056,8,10,0.035054,30124.96,0.020659,51116.41,0.019430,54350.06,0.021556,48987.87,0.023139,45637.24,0.022301,47352.19,0.037593,28090.19,0.035487,0.006597,0.007546,0.022301,0.071931,0.014584,4,106513,285633,487948,589,0,0,0,1014,0,0,0,473,0,0,0,340,0,0,0,384,0,0,0,9,0,0,0,8163309570076257479,18021773091400535304,18021773091400535304,3520779546903387393,17861587957850482880,1341062203909287696,0,0,0,0,0,0,0,0,0,0,0
597,5,720,8,10,0.038334,18782.50,0.020466,35179.66,0.018800,38298.40,0.019721,36508.92,0.021396,33651.32,0.017621,40860.78,0.024601,29267.68,0.038668,0.006174,0.011410,0.017621,0.073873,0.008550,1,94549,97449,1893696,570,0,0,0,754,0,0,0,399,0,0,0,384,0,0,0,440,0,0,0,11,0,0,0,11324100868476839725,11324100868476839725,11324100868476839725,17463387811547109401,17393846225723270692,11958335413147323866,0,0,0,0,0,0,0,0,0,0,0
598,5,674,8,10,0.030629,22005.55,0.016115,41824.47,0.014825,45463.49,0.017314,38927.12,0.018914,35634.20,0.018523,36386.65,0.019978,33736.48,0.031055,0.005775,0.005197,0.018523,0.060550,0.007700,5,86702,89007,378860,428,0,0,0,726,0,0,0,361,0,0,0,246,0,0,0,225,0,0,0,2,0,0,0,10592925060130022015,8046906041829229981,8046906041829229981,5710908865312841430,9583765115907419959,10170950645045274284,0,0,0,0,0,0,0,0,0,0,0
599,5,817,8,10,0.036585,22331.82,0.020168,40509.61,0.018960,43091.09,0.021398,38180.64,0.024480,33373.98,0.022109,36953.61,0.026866,30409.78,0.036936,0.006509,0.009914,0.022109,0.075468,0.010526,3,101564,106694,453554,596,0,0,0,808,0,0,0,445,0,0,0,293,0,0,0,276,0,0,0,12,0,0,0,856505339681791473,12487365643997893007,12487365643997893007,15498402048700256767,5596523902616775646,5360604063038624872,0,0,0,0,0,0,0,0,0,0,0
600,5,803,8,10,0.039582,20287.09,0.021797,36839.68,0.018953,42368.67,0.019373,41450.04,0.023587,34044.15,0.020055,40040.43,0.028305,28370.03,0.040158,0.006749,0.012619,0.020055,0.079580,0.010033,1,106168,110718,450505,507,0,0,0,788,0,0,0,388,0,0,0,293,0,0,0,405,0,0,0,4,0,0,0,1702560772293525337,7810864997606356010,7810864997606356010,8264911432800742357,4793920971066896966,2963750222129522353,0,0,0,0,0,0,0,0,0,0,0
601,5,951,8,10,0.033937,28022.68,0.016394,58010.17,0.014520,65494.63,0.016947,56114.81,0.018927,50245.58,0.016024,59350.26,0.023044,41268.73,0.034254,0.007421,0.013246,0.016024,0.070944,0.013171,1,113826,120816,643009,452,0,0,0,652,0,0,0,357,0,0,0,287,0,0,0,365,0,0,0,6,0,0,0,13828136896601005390,12871627621039307444,12871627621039307444,17611765045394477908,17875981028983337676,8804369481969979440,0,0,0,0,0,0,0,0,0,0,0
602,5,858,8,10,0.047916,17906.51,0.024784,34619.79,0.021276,40327.11,0.024522,34989.09,0.032227,26623.88,0.023784,36075.24,0.037806,22694.94,0.048358,0.006933,0.013421,0.023784,0.092495,0.011497,1,115360,120920,668878,659,0,0,0,941,0,0,0,383,0,0,0,380,0,0,0,334,0,0,0,12,0,0,0,14781215583101812468,9467068100723608612,9467068100723608612,17097884792591103307,10143130864552949239,7359222587834857606,0,0,0,0,0,0,0,0,0,0,0
603,5,753,8,10,0.046406,16226.20,0.024127,31210.38,0.019787,38055.92,0.021715,34676.38,0.029525,25503.56,0.020231,37220.41,0.033378,22559.95,0.046906,0.006335,0.011584,0.020231,0.085056,0.008954,1,101357,105937,482794,499,0,0,0,765,0,0,0,334,0,0,0,272,0,0,0,238,0,0,0,5,0,0,0,2705615018721020733,18392219795306377629,18392219795306377629,11761944100665637551,1436026953824261551,6910449362112049924,0,0,0,0,0,0,0,0,0,0,0
604,5,656,8,10,0.034576,18972.76,0.018204,36036.34,0.014405,45539.37,0.017543,37393.56,0.021228,30902.05,0.019585,33495.51,0.025243,25987.14,0.034957,0.005355,0.006709,0.019585,0.066605,0.007319,3,83605,86625,1173299,471,0,0,0,622,0,0,0,262,0,0,0,212,0,0,0,224,0,0,0,8,0,0,0,8924720902847380206,11756971067235209702,11756971067235209702,2657126494226179586,5810921218168143795,5091307854635164917,0,0,0,0,0,0,0,0,0,0,0
605,5,876,8,10,0.045431,19282.15,0.026249,33372.65,0.028392,30853.30,0.030907,28342.96,0.029006,30200.80,0.026271,33344.74,0.030579,28647.53,0.045777,0.007579,0.014069,0.026271,0.093697,0.013192,1,115470,119760,605740,695,0,0,0,940,0,0,0,548,0,0,0,420,0,0,0,482,0,0,0,8,0,0,0,4925084461065408694,7268157573976711060,7268157573976711060,18158483309657225433,15560906163202473598,3320836358027615474,0,0,0,0,0,0,0,0,0,0,0
606,5,747,8,10,0.033411,22357.60,0.015350,48663.39,0.013979,53437.37,0.015652,47724.27,0.018721,39901.80,0.018070,41339.48,0.021389,34924.07,0.033724,0.005672,0.005273,0.018070,0.062739,0.008721,5,91077,93122,552003,408,0,0,0,584,0,0,0,337,0,0,0,274,0,0,0,277,0,0,0,7,0,0,0,4134438223004888281,4134438223004888281,4134438223004888281,8927615854701944412,14356289952220684434,16230118931715190580,0,0,0,0,0,0,0,0,0,0,0
607,5,794,8,10,0.036529,21736.11,0.016382,48466.80,0.014468,54881.31,0.019032,41718.59,0.020887,38014.01,0.019430,40864.35,0.025343,31329.75,0.037159,0.006188,0.011747,0.019430,0.074524,0.009649,1,95755,99315,438908,377,0,0,0,627,0,0,0,391,0,0,0,234,0,0,0,305,0,0,0,7,0,0,0,7972388225574183655,18119907597271202728,18119907597271202728,15995070395403178998,16614935075515684904,2867857419090573391,0,0,0,0,0,0,0,0,0,0,0
608,5,762,8,10,0.038736,19671.77,0.023866,31928.46,0.022622,33684.16,0.023507,32416.50,0.025849,29479.41,0.020056,37993.30,0.026351,28916.78,0.039084,0.005760,0.006546,0.020056,0.071445,0.008848,4,92246,95601,759873,509,0,0,0,829,0,0,0,435,0,0,0,394,0,0,0,361,0,0,0,7,0,0,0,18248527938800230471,18248527938800230471,18248527938800230471,14388233491205707626,17051499913287386874,15718859433722524389,0,0,0,0,0,0,0,0,0,0,0
609,5,818,8,10,0.039513,20702.26,0.024678,33147.45,0.018455,44324.18,0.020606,39696.50,0.025584,31973.36,0.018794,43524.38,0.028178,29029.47,0.039649,0.005867,0.011575,0.018794,0.075886,0.009978,1,93178,96718,581381,603,0,0,0,867,0,0,0,444,0,0,0,334,0,0,0,353,0,0,0,4,0,0,0,11001634070379932926,12814928368371154183,12814928368371154183,10564274476725839936,3493457225348021824,17905018427319611176,0,0,0,0,0,0,0,0,0,0,0
610,5,716,8,10,0.036827,19442.11,0.019272,37152.92,0.015046,47586.06,0.017894,40012.31,0.021178,33809.00,0.017168,41704.88,0.023319,30704.44,0.037095,0.005733,0.010805,0.017168,0.070800,0.008216,1,87868,89758,1301740,390,0,0,0,623,0,0,0,359,0,0,0,254,0,0,0,284,0,0,0,2,0,0,0,16269415344515396834,16269415344515396834,16269415344515396834,16852316511855686613,2096947604222531455,2339180500316825357,0,0,0,0,0,0,0,0,0,0,0
611,5,869,8,10,0.047089,18454.33,0.022320,38934.51,0.017543,49535.22,0.020452,42489.63,0.024759,35098.28,0.021755,39945.71,0.036082,24084.33,0.047922,0.007004,0.010553,0.021755,0.087233,0.011803,2,106938,114958,763887,523,0,0,0,841,0,0,0,495,0,0,0,279,0,0,0,353,0,0,0,5,0,0,0,1280500119062453804,1280500119062453804,1280500119062453804,12318836777880038908,14276245111562614727,4265527086754352272,0,0,0,0,0,0,0,0,0,0,0
612,5,731,8,10,0.217525,3360.53,0.188254,3883.06,0.179991,4061.32,0.185079,3949.66,0.189438,3858.77,0.023466,31151.92,0.203913,3584.86,0.218333,0.006034,0.011337,0.023466,0.259170,0.008723,1,92543,94993,747053,429,0,0,0,497,0,0,0,464,0,0,0,286,0,0,0,352,0,0,0,3,0,0,0,16087647997580083207,6139683124672671762,6139683124672671762,8456033835137402744,3664580272628312631,14106453085808640217,0,0,0,0,0,0,0,0,0,0,0
613,5,770,8,10,0.043422,17733.12,0.021864,35217.93,0.016623,46320.87,0.023240,33132.49,0.027765,27732.63,0.025929,29696.62,0.032378,23781.66,0.043747,0.006519,0.007061,0.025929,0.083256,0.009627,4,100142,103497,899202,506,0,0,0,704,0,0,0,444,0,0,0,338,0,0,0,355,0,0,0,7,0,0,0,18268996359155067129,3799999071302970182,3799999071302970182,14152287471008669258,9198621364721378248,6690425166044642114,0,0,0,0,0,0,0,0,0,0,0
614,5,760,8,10,0.047399,16034.26,0.023138,32846.66,0.018858,40300.37,0.018849,40319.93,0.026492,28687.58,0.017436,43588.99,0.033248,22858.35,0.047872,0.005727,0.010934,0.017436,0.081970,0.008396,1,86976,89216,736882,331,0,0,0,542,0,0,0,313,0,0,0,232,0,0,0,344,0,0,0,3,0,0,0,7151898465405660574,9144072212655689515,9144072212655689515,17310605384344449490,10890491504108124123,912008431984641806,0,0,0,0,0,0,0,0,0,0,0
615,5,680,8,10,0.046016,14777.57,0.023515,28917.16,0.018614,36532.20,0.016867,40315.51,0.024699,27531.49,0.017019,39955.45,0.033797,20119.87,0.046099,0.005629,0.010911,0.017019,0.079658,0.007895,1,89245,91650,1379526,318,0,0,0,486,0,0,0,296,0,0,0,196,0,0,0,247,0,0,0,2,0,0,0,12094959408383503119,15443551515060150762,15443551515060150762,12911357454790375254,15805317944962948281,426682767671748603,0,0,0,0,0,0,0,0,0,0,0
616,5,677,8,10,0.044871,15087.83,0.020725,32665.86,0.012967,52209.95,0.015490,43704.49,0.020876,32429.68,0.020807,32536.41,0.030141,22461.34,0.044946,0.005323,0.006103,0.020807,0.077180,0.007270,4,84313,86123,1313110,297,0,0,0,442,0,0,0,327,0,0,0,224,0,0,0,201,0,0,0,4,0,0,0,12492741645305338734,14012682688418624057,14012682688418624057,485103745231466636,941354584065881343,14794567666076242134,0,0,0,0,0,0,0,0,0,0,0
617,5,684,8,10,0.041388,16526.47,0.021305,32104.45,0.016768,40792.89,0.015340,44588.12,0.024352,28088.37,0.024165,28305.13,0.027822,24584.84,0.041723,0.005250,0.005011,0.024165,0.076149,0.007358,5,81144,82914,609003,286,0,0,0,417,0,0,0,301,0,0,0,215,0,0,0,209,0,0,0,2,0,0,0,15259485924940027724,3733116523585367950,3733116523585367950,5747642046333867006,1476480297231355767,8566675530783161858,0,0,0,0,0,0,0,0,0,0,0
618,5,701,8,10,0.041005,17095.51,0.020002,35046.41,0.014977,46803.94,0.017154,40863.98,0.021667,32352.87,0.016075,43608.10,0.029225,23986.49,0.041225,0.005450,0.010276,0.016075,0.073026,0.007808,1,86628,89373,1611557,462,0,0,0,727,0,0,0,358,0,0,0,221,0,0,0,402,0,0,0,4,0,0,0,10672769815750351314,2144441098258282199,2144441098258282199,14673776794845286819,16149391379215036906,15945365304328129403,0,0,0,0,0,0,0,0,0,0,0
619,5,693,8,10,0.037183,18637.49,0.023976,28903.84,0.019449,35631.77,0.020994,33010.14,0.025001,27718.76,0.022869,30302.60,0.025186,27514.89,0.037556,0.006023,0.008941,0.022869,0.075390,0.007505,2,91581,93496,1450622,402,0,0,0,721,0,0,0,343,0,0,0,209,0,0,0,359,0,0,0,5,0,0,0,3797897086694341667,17579506541639234525,17579506541639234525,5496159221820128,18220354291301538690,6182847280532471419,0,0,0,0,0,0,0,0,0,0,0
620,5,711,8,10,0.038231,18597.60,0.018876,37665.98,0.016895,42083.09,0.019424,36604.40,0.021128,33652.66,0.020315,34998.68,0.024442,29089.78,0.038731,0.005808,0.006511,0.020315,0.071365,0.008185,4,93984,96699,1375687,417,0,0,0,660,0,0,0,288,0,0,0,250,0,0,0,277,0,0,0,6,0,0,0,6819130028412789601,13825896487040546355,13825896487040546355,2017341595971882321,16512753500004237699,13689619502512368805,0,0,0,0,0,0,0,0,0,0,0
621,5,735,8,10,0.048531,15144.91,0.025351,28992.60,0.022506,32657.90,0.026098,28162.98,0.028189,26073.77,0.018091,40626.88,0.038498,19092.04,0.048835,0.005654,0.010752,0.018091,0.083332,0.008005,1,86081,98261,498125,321,0,0,0,523,0,0,0,261,0,0,0,214,0,0,0,225,0,0,0,5,0,0,0,9123075716929537491,16038989055215912969,16038989055215912969,13377069259883329860,5775744218755584800,2413772151323393077,0,0,0,0,0,0,0,0,0,0,0
622,5,673,8,10,0.041695,16140.84,0.024412,27568.82,0.022086,30471.88,0.023972,28074.86,0.022148,30387.09,0.021122,31862.71,0.028810,23360.07,0.042271,0.005987,0.008298,0.021122,0.077678,0.007775,3,99000,101870,1249289,432,0,0,0,815,0,0,0,496,0,0,0,284,0,0,0,327,0,0,0,13,0,0,0,4931134417475396528,11880682308141625276,11880682308141625276,13844949277023915032,3651122921745828670,4735919063410505488,0,0,0,0,0,0,0,0,0,0,0
623,5,731,8,10,0.067823,10778.10,0.045995,15892.90,0.032941,22191.30,0.033435,21863.55,0.047420,15415.42,0.033221,22004.08,0.053531,13655.61,0.068622,0.005364,0.010997,0.033221,0.118204,0.008304,1,92113,94938,1494494,392,0,0,0,534,0,0,0,355,0,0,0,283,0,0,0,313,0,0,0,3,0,0,0,1741205011236159428,9504454907695958590,9504454907695958590,17535991824537983393,5786669614919716919,17885839643982192429,0,0,0,0,0,0,0,0,0,0,0
624,5,788,8,10,0.050488,15607.55,0.030259,26042.06,0.025710,30649.65,0.025620,30756.80,0.032057,24581.30,0.032535,24220.41,0.041528,18975.27,0.050748,0.006108,0.005527,0.032535,0.094919,0.008801,5,87452,128037,646450,383,0,0,0,720,0,0,0,406,0,0,0,331,0,0,0,324,0,0,0,3,0,0,0,5568533493124617999,5471165429401507253,5471165429401507253,16012364787804599457,8378297575465475315,13833752145276790127,0,0,0,0,0,0,0,0,0,0,0
625,5,710,8,10,0.046699,15203.74,0.019670,36095.56,0.019337,36716.37,0.020420,34770.02,0.024493,28988.00,0.021316,33308.28,0.029297,24234.70,0.047379,0.006808,0.010584,0.021316,0.086088,0.008577,2,102706,106101,713880,433,0,0,0,765,0,0,0,348,0,0,0,336,0,0,0,259,0,0,0,4,0,0,0,4364987031083052875,15768315791624329877,15768315791624329877,10064588470388672473,3448262660091719149,8401355726094148020,0,0,0,0,0,0,0,0,0,0,0
626,5,684,8,10,0.041259,16578.23,0.015346,44572.41,0.015137,45188.66,0.015873,43091.52,0.018896,36197.28,0.016692,40977.52,0.027433,24933.56,0.042063,0.006038,0.011608,0.016692,0.076402,0.007470,1,89372,91572,900158,272,0,0,0,394,0,0,0,305,0,0,0,259,0,0,0,251,0,0,0,6,0,0,0,9100739686364536727,5643201983657269418,5643201983657269418,17672046893408365787,4639531744135806288,11258194281316629546,0,0,0,0,0,0,0,0,0,0,0
627,5,776,8,10,0.036277,21390.74,0.018146,42764.83,0.017245,44999.58,0.018765,41353.45,0.020141,38528.27,0.017696,43851.37,0.023761,32659.00,0.036836,0.005932,0.005423,0.017696,0.065887,0.009419,5,91580,95395,970133,528,0,0,0,668,0,0,0,411,0,0,0,304,0,0,0,277,0,0,0,1,0,0,0,10154113745378541057,11688137471973320568,11688137471973320568,14166294755861741041,12017671780429432276,4140177236900164632,0,0,0,0,0,0,0,0,0,0,0
628,5,784,8,10,0.035517,22074.17,0.016139,48578.73,0.015309,51212.22,0.016712,46912.05,0.017412,45027.12,0.017138,45745.94,0.025391,30876.63,0.036058,0.006248,0.011770,0.017138,0.071214,0.009148,1,91415,95435,569841,422,0,0,0,675,0,0,0,429,0,0,0,270,0,0,0,404,0,0,0,6,0,0,0,9215269119752331378,4431144007300038671,4431144007300038671,6393003266482818613,1378985249556675273,3302261401588080241,0,0,0,0,0,0,0,0,0,0,0
629,5,709,8,10,0.170958,4147.22,0.146245,4848.03,0.138672,5112.79,0.137424,5159.22,0.147919,4793.17,0.147878,4794.51,0.160415,4419.78,0.171756,0.006461,0.008214,0.147878,0.334308,0.008409,3,94024,97809,1563867,472,0,0,0,710,0,0,0,400,0,0,0,328,0,0,0,456,0,0,0,4,0,0,0,9690180617041428902,6727746671398651386,6727746671398651386,9445878689525152602,17968472079863911049,12681594131160365303,0,0,0,0,0,0,0,0,0,0,0
630,5,699,8,10,0.121921,5733.23,0.102768,6801.73,0.096122,7272.01,0.096760,7224.08,0.103893,6728.08,0.097222,7189.74,0.110174,6344.54,0.122444,0.005767,0.008908,0.097222,0.234341,0.008039,2,93417,95082,541521,393,0,0,0,499,0,0,0,411,0,0,0,258,0,0,0,390,0,0,0,6,0,0,0,4203658746140342303,15439436764757221842,15439436764757221842,12541895179797157059,9363892839266168404,18182445800214047516,0,0,0,0,0,0,0,0,0,0,0
631,5,785,8,10,0.050106,15666.73,0.032159,24409.81,0.029361,26735.77,0.030230,25967.74,0.032334,24277.81,0.024118,32548.92,0.037801,20766.80,0.050654,0.006412,0.011658,0.024118,0.092841,0.009512,1,93723,96163,671182,519,0,0,0,832,0,0,0,323,0,0,0,268,0,0,0,446,0,0,0,6,0,0,0,16366994346919009778,2559032924139520985,2559032924139520985,10555037235456424049,8266381876710219076,7267893521852283193,0,0,0,0,0,0,0,0,0,0,0
632,5,766,8,10,0.035516,21567.62,0.019574,39134.19,0.015129,50631.60,0.017493,43788.73,0.021339,35896.98,0.017724,43217.05,0.025129,30482.95,0.035763,0.005672,0.009190,0.017724,0.068349,0.008185,2,87417,90892,891176,456,0,0,0,641,0,0,0,329,0,0,0,221,0,0,0,266,0,0,0,10,0,0,0,11588723405580806668,6815248381938457324,6815248381938457324,4001365017383501098,12404916023457718395,9306714646650614394,0,0,0,0,0,0,0,0,0,0,0
633,5,747,8,10,0.030789,24261.82,0.016352,45682.94,0.015304,48810.29,0.017639,42349.74,0.017999,41501.67,0.016873,44271.17,0.020697,36092.22,0.031084,0.005203,0.009600,0.016873,0.062760,0.008104,2,82999,86084,1399001,465,0,0,0,824,0,0,0,342,0,0,0,243,0,0,0,264,0,0,0,4,0,0,0,16290749702536691989,18110740572416690134,18110740572416690134,5400878487033268153,12378085619910085548,2997445296747547453,0,0,0,0,0,0,0,0,0,0,0
634,5,816,8,10,0.042179,19345.99,0.022374,36471.54,0.017244,47321.14,0.027091,30120.67,0.026809,30437.02,0.025169,32421.37,0.031514,25892.85,0.043154,0.006727,0.012602,0.025169,0.087652,0.009986,1,102751,106786,641717,481,0,0,0,740,0,0,0,635,0,0,0,273,0,0,0,360,0,0,0,5,0,0,0,5167985585877177892,5167985585877177892,5167985585877177892,15013614075326227029,2114819099437270042,15200139570252722375,0,0,0,0,0,0,0,0,0,0,0
635,5,914,8,10,0.041254,22155.23,0.019766,46241.47,0.016246,56258.85,0.019279,47409.89,0.021458,42595.11,0.019008,48084.19,0.025136,36362.00,0.041760,0.006597,0.012445,0.019008,0.079811,0.012867,1,105818,109118,1375724,429,0,0,0,669,0,0,0,480,0,0,0,328,0,0,0,328,0,0,0,5,0,0,0,16967830488431567620,2174266719461004482,2174266719461004482,7993286370616523744,15029784715976718344,7549280069398706501,0,0,0,0,0,0,0,0,0,0,0
636,5,852,8,10,0.037074,22981.20,0.015635,54491.76,0.013747,61977.89,0.020700,41159.77,0.022106,38541.80,0.022514,37842.69,0.037149,22934.96,0.037386,0.006102,0.006488,0.022514,0.072489,0.011309,4,100223,117223,661319,647,0,0,0,879,0,0,0,142,0,0,0,123,0,0,0,160,0,0,0,6,0,0,0,14782747179183060045,6029778443225171421,6029778443225171421,3889729747316667701,10924062733205938341,5509880708145855467,0,0,0,0,0,0,0,0,0,0,0
637,5,855,8,10,0.040285,21223.77,0.019818,43142.82,0.013843,61764.85,0.016700,51198.66,0.023561,36288.06,0.016435,52023.48,0.032659,26179.81,0.041228,0.006088,0.012586,0.016435,0.076338,0.011259,1,101559,107574,734444,478,0,0,0,570,0,0,0,276,0,0,0,253,0,0,0,263,0,0,0,6,0,0,0,9364970567458516241,6692737454225610632,6692737454225610632,9292069299328880126,14941142130355508832,1404060675203360674,0,0,0,0,0,0,0,0,0,0,0
638,5,875,8,10,0.037242,23495.21,0.016287,53724.46,0.014510,60303.95,0.020016,43714.20,0.021394,40899.36,0.022024,39729.45,0.035473,24666.41,0.037780,0.006359,0.006685,0.022024,0.072847,0.011882,4,101032,116957,501030,653,0,0,0,872,0,0,0,306,0,0,0,230,0,0,0,237,0,0,0,7,0,0,0,3575196903564488813,18163193595812469747,18163193595812469747,4822731075175898394,1626791487129010510,114432651491072018,0,0,0,0,0,0,0,0,0,0,0
639,5,795,8,10,0.041118,19334.60,0.018788,42315.23,0.015004,52985.81,0.020528,38727.84,0.022858,34780.12,0.021618,36775.36,0.033651,23624.99,0.041412,0.006447,0.008050,0.021618,0.077527,0.009979,4,101186,109111,667688,502,0,0,0,630,0,0,0,316,0,0,0,211,0,0,0,203,0,0,0,3,0,0,0,18221971722416839761,18221971722416839761,18221971722416839761,5454789009901629520,3878003468647072412,3879272072146581435,0,0,0,0,0,0,0,0,0,0,0
640,5,787,8,10,0.053806,14626.55,0.031500,24984.19,0.024548,32060.01,0.020870,37708.91,0.036812,21378.85,0.032387,24299.92,0.046680,16859.42,0.054488,0.006337,0.006761,0.032387,0.099972,0.009657,4,96740,101305,284452,401,0,0,0,656,0,0,0,301,0,0,0,272,0,0,0,224,0,0,0,6,0,0,0,6983673333651741806,6228298887574028066,6228298887574028066,14704344616642751491,12784372283491983157,16232120689368664649,0,0,0,0,0,0,0,0,0,0,0
641,5,1143,8,10,0.035437,32254.01,0.016989,67279.64,0.016269,70256.09,0.020315,56262.71,0.022371,51093.43,0.019539,58499.58,0.032731,34920.83,0.036093,0.007533,0.014150,0.019539,0.077314,0.017372,1,110493,137353,496147,530,0,0,0,739,0,0,0,349,0,0,0,302,0,0,0,337,0,0,0,5,0,0,0,13950448749836352330,10361803479375680420,10361803479375680420,18349404677001247495,8263079064627165266,14944457733069303427,0,0,0,0,0,0,0,0,0,0,0
642,5,769,8,10,0.034917,22023.77,0.017405,44183.32,0.013910,55284.39,0.017208,44687.80,0.018811,40879.82,0.017146,44850.03,0.027143,28331.18,0.035093,0.006014,0.010963,0.017146,0.069216,0.009194,1,91735,96755,1220809,503,0,0,0,722,0,0,0,310,0,0,0,258,0,0,0,330,0,0,0,8,0,0,0,8848817295810535622,8848817295810535622,8848817295810535622,16932372908110108539,13432374131010564969,14936523515066907871,0,0,0,0,0,0,0,0,0,0,0
643,5,880,8,10,0.050097,17566.05,0.028498,30879.42,0.020597,42725.28,0.023901,36818.26,0.028178,31229.74,0.028023,31403.09,0.044877,19609.13,0.050878,0.006687,0.006257,0.028023,0.091845,0.012466,5,102504,112524,288396,562,0,0,0,764,0,0,0,217,0,0,0,198,0,0,0,190,0,0,0,9,0,0,0,12668812006640588890,12668812006640588890,12668812006640588890,13297533599611076130,13960720345045244409,2519193782914430969,0,0,0,0,0,0,0,0,0,0,0
644,5,796,8,10,0.097747,8143.45,0.077869,10222.32,0.062498,12736.37,0.069702,11420.04,0.081059,9820.00,0.069646,11429.28,0.087894,9056.32,0.098276,0.005652,0.011275,0.069646,0.184849,0.009817,1,90025,93670,831332,314,0,0,0,459,0,0,0,302,0,0,0,241,0,0,0,294,0,0,0,8,0,0,0,12299743994317047060,119933697687769841,119933697687769841,16164323650150050349,11093158019025609745,6109197470829005193,0,0,0,0,0,0,0,0,0,0,0
645,5,841,8,10,0.036014,23352.03,0.016438,51160.75,0.015948,52734.70,0.019287,43604.86,0.020570,40885.61,0.020875,40287.99,0.026731,31461.54,0.036424,0.006103,0.005811,0.020875,0.069212,0.011080,5,99920,104940,720902,475,0,0,0,767,0,0,0,407,0,0,0,300,0,0,0,313,0,0,0,7,0,0,0,16034539386561183890,16034539386561183890,16034539386561183890,16917945256769600811,4370750374475708244,8155295425760650650,0,0,0,0,0,0,0,0,0,0,0
646,5,828,8,10,0.035250,23489.22,0.016394,50505.43,0.014892,55601.12,0.017841,46410.50,0.020000,41399.05,0.018929,43741.63,0.025214,32838.97,0.035732,0.007210,0.012806,0.018929,0.074677,0.011006,1,108489,114694,507926,448,0,0,0,676,0,0,0,224,0,0,0,199,0,0,0,227,0,0,0,5,0,0,0,5705625721152679528,5705625721152679528,5705625721152679528,17018970509454513,16615482250945265945,4255463351688457419,0,0,0,0,0,0,0,0,0,0,0
647,5,763,8,10,0.050042,15247.07,0.027734,27511.60,0.018847,40484.18,0.019898,38346.19,0.034263,22269.23,0.026670,28609.06,0.043685,17465.94,0.050558,0.005531,0.011056,0.026670,0.093814,0.009210,1,89000,95615,535595,404,0,0,0,497,0,0,0,248,0,0,0,186,0,0,0,364,0,0,0,3,0,0,0,1810353745683484917,1810353745683484917,1810353745683484917,17432496395683379993,3129376942437139476,10103857893380477625,0,0,0,0,0,0,0,0,0,0,0
648,5,883,8,10,0.038193,23119.71,0.018995,46485.36,0.015434,57212.55,0.021749,40600.35,0.023255,37969.97,0.022332,39539.49,0.029260,30177.68,0.038618,0.007312,0.010000,0.022332,0.078262,0.012628,3,106026,112016,1042787,406,0,0,0,546,0,0,0,275,0,0,0,189,0,0,0,236,0,0,0,3,0,0,0,12034895594401298991,6842053229832586805,6842053229832586805,7203321128090868308,14243992900471397493,4838961027560618352,0,0,0,0,0,0,0,0,0,0,0
649,5,680,8,10,0.052949,12842.51,0.028751,23651.54,0.017782,38240.76,0.018570,36617.36,0.031424,21639.28,0.026386,25771.09,0.035748,19021.79,0.053609,0.007138,0.009040,0.026386,0.096173,0.007945,3,112766,115216,619870,314,0,0,0,445,0,0,0,332,0,0,0,182,0,0,0,271,0,0,0,6,0,0,0,10323479762411903936,2652270093234949644,2652270093234949644,14106525818634174889,9228470710977293404,12598514953896226691,0,0,0,0,0,0,0,0,0,0,0
650,5,805,8,10,0.038956,20664.55,0.017144,46956.30,0.016002,50305.13,0.018004,44712.82,0.020775,38748.49,0.019396,41503.46,0.025821,31176.00,0.039240,0.006291,0.011783,0.019396,0.076709,0.009836,1,96735,100720,555564,446,0,0,0,687,0,0,0,415,0,0,0,266,0,0,0,174,0,0,0,7,0,0,0,1898450766632242233,1898450766632242233,1898450766632242233,2076562254011370676,17133928830223756456,2719443976644166218,0,0,0,0,0,0,0,0,0,0,0
651,5,846,8,10,0.037082,22814.48,0.018951,44641.39,0.017654,47922.43,0.019528,43322.72,0.020308,41658.98,0.017868,47346.96,0.025633,33004.16,0.037522,0.006584,0.012495,0.017868,0.074469,0.011021,1,99094,102894,796376,483,0,0,0,766,0,0,0,348,0,0,0,268,0,0,0,296,0,0,0,4,0,0,0,16653940774611862083,16653940774611862083,16653940774611862083,6599531427307311366,12235167557308330598,14773345902028581495,0,0,0,0,0,0,0,0,0,0,0
652,5,739,8,10,0.032745,22568.48,0.013412,55098.16,0.011849,62366.75,0.014722,50198.58,0.016175,45688.56,0.016595,44531.46,0.023804,31044.70,0.032957,0.005399,0.004928,0.016595,0.059879,0.008734,5,82955,86280,684117,372,0,0,0,448,0,0,0,245,0,0,0,191,0,0,0,221,0,0,0,7,0,0,0,10733976295928921707,10733976295928921707,10733976295928921707,2043493915143407226,4324994187772893775,10045656120336751392,0,0,0,0,0,0,0,0,0,0,0
653,5,783,8,10,0.033240,23556.13,0.014300,54757.00,0.013552,57778.67,0.016602,47162.18,0.017961,43593.95,0.016667,46977.92,0.022473,34841.33,0.033610,0.005541,0.008846,0.016667,0.064665,0.008701,2,83427,86677,631241,332,0,0,0,599,0,0,0,393,0,0,0,261,0,0,0,296,0,0,0,6,0,0,0,10315711578947577170,10315711578947577170,10315711578947577170,14256163315491827490,4933058391946454644,11526332900284530539,0,0,0,0,0,0,0,0,0,0,0
654,5,819,8,10,0.037721,21712.24,0.015428,53084.00,0.014474,56585.17,0.018030,45424.72,0.020882,39220.48,0.019081,42921.65,0.030224,27097.59,0.037978,0.005829,0.006479,0.019081,0.069367,0.010639,4,90418,96528,1167491,341,0,0,0,508,0,0,0,234,0,0,0,210,0,0,0,160,0,0,0,7,0,0,0,13002686326427891648,15821433804365213297,15821433804365213297,8449683165743365633,5255808513494214090,11693297870505885808,0,0,0,0,0,0,0,0,0,0,0
655,5,747,8,10,0.040253,18557.51,0.015731,47486.48,0.013432,55615.30,0.018639,40077.64,0.019671,37974.01,0.019905,37527.33,0.030401,24571.78,0.040904,0.007122,0.011512,0.019905,0.079444,0.013404,1,108792,116132,1121480,387,0,0,0,462,0,0,0,274,0,0,0,201,0,0,0,172,0,0,0,2,0,0,0,17480539352442470932,17480539352442470932,17480539352442470932,6849665647241970822,8109562526469846591,5699770372343832495,0,0,0,0,0,0,0,0,0,0,0
656,5,855,8,10,0.042173,20273.87,0.024455,34962.83,0.017768,48120.78,0.022485,38025.11,0.026891,31794.74,0.025415,33640.99,0.030499,28033.66,0.042373,0.006725,0.012584,0.025415,0.087097,0.010906,1,101937,105327,818106,323,0,0,0,540,0,0,0,336,0,0,0,237,0,0,0,345,0,0,0,1,0,0,0,12206973779036635256,12206973779036635256,12206973779036635256,12886508139871259169,3165906255748424688,17606457611398237962,0,0,0,0,0,0,0,0,0,0,0
657,5,882,8,10,0.042781,20616.77,0.018594,47435.74,0.014327,61560.42,0.019323,45644.50,0.020627,42758.81,0.017294,50999.63,0.031418,28072.78,0.043329,0.006611,0.011820,0.017294,0.079054,0.011765,1,97073,104063,598601,282,0,0,0,414,0,0,0,293,0,0,0,190,0,0,0,267,0,0,0,2,0,0,0,1028970226555254575,15820764863273403323,15820764863273403323,1748744008550147939,17618352473011537626,1131039667540133427,0,0,0,0,0,0,0,0,0,0,0
658,5,811,8,10,0.034560,23466.22,0.015439,52528.42,0.014456,56101.34,0.017418,46560.34,0.018901,42907.58,0.015098,53714.08,0.022699,35728.08,0.034825,0.005926,0.011040,0.015098,0.066889,0.010260,1,90211,94236,1095323,343,0,0,0,579,0,0,0,380,0,0,0,288,0,0,0,322,0,0,0,4,0,0,0,12787360763526517671,12520427194797178690,12520427194797178690,5698144132870404040,1314926665359036588,15319298439637437423,0,0,0,0,0,0,0,0,0,0,0
659,5,770,8,10,0.037915,20308.52,0.014912,51636.47,0.014494,53126.15,0.018753,41061.12,0.019972,38554.41,0.018124,42485.63,0.026815,28715.00,0.038549,0.006141,0.005660,0.018124,0.068473,0.009345,5,90606,93646,775169,340,0,0,0,634,0,0,0,449,0,0,0,282,0,0,0,234,0,0,0,10,0,0,0,15336319548992385508,12160686250224351560,12160686250224351560,7766242131610578522,1855054609046346401,7675359098853015368,0,0,0,0,0,0,0,0,0,0,0
660,5,766,8,10,0.039372,19455.37,0.022925,33413.02,0.018413,41600.20,0.016060,47695.59,0.023850,32117.46,0.020316,37704.70,0.027759,27595.10,0.039752,0.006184,0.011745,0.020316,0.077997,0.009882,1,94113,97413,743641,396,0,0,0,606,0,0,0,303,0,0,0,233,0,0,0,363,0,0,0,5,0,0,0,9515267935762133401,4246123532350157795,4246123532350157795,3860863993463599470,2984480897596231048,8399985245850788747,0,0,0,0,0,0,0,0,0,0,0
661,5,616,8,10,0.033330,18481.68,0.016562,37193.85,0.014142,43558.99,0.016052,38374.17,0.017758,34687.68,0.015707,39219.00,0.024453,25190.83,0.033575,0.004929,0.008735,0.015707,0.062944,0.007575,2,82042,87667,1463072,299,0,0,0,527,0,0,0,250,0,0,0,143,0,0,0,217,0,0,0,1,0,0,0,12135868622543945370,9084338275092491546,9084338275092491546,10154927340303872888,14851515575031546895,2127869162039802034,0,0,0,0,0,0,0,0,0,0,0
662,5,1040,8,10,0.054770,18988.65,0.024774,41979.08,0.021037,49435.61,0.021818,47667.52,0.028373,36654.17,0.022866,45482.69,0.037525,27714.65,0.055229,0.007980,0.014796,0.022866,0.100872,0.016204,1,114965,124410,1113857,509,0,0,0,691,0,0,0,415,0,0,0,306,0,0,0,446,0,0,0,4,0,0,0,15864820748963145223,17541737270651914598,17541737270651914598,3033098537606780007,10458995193067420492,2361998502150850348,0,0,0,0,0,0,0,0,0,0,0
663,5,659,8,10,0.034313,19205.52,0.015552,42372.87,0.012616,52233.87,0.013582,48519.85,0.018478,35663.93,0.013879,47482.40,0.026438,24926.32,0.034473,0.004690,0.009071,0.013879,0.062113,0.006563,1,70656,72991,634234,201,0,0,0,343,0,0,0,178,0,0,0,136,0,0,0,155,0,0,0,4,0,0,0,15087534887540541728,15087534887540541728,15087534887540541728,8205137536740495458,9562560462970865571,8205137536740495458,0,0,0,0,0,0,0,0,0,0,0
664,5,768,8,10,0.053323,14402.68,0.029384,26136.28,0.019318,39756.37,0.021776,35268.06,0.033131,23180.50,0.026350,29146.60,0.044087,17420.17,0.053694,0.005810,0.006454,0.026350,0.092308,0.009221,4,91948,95963,773741,327,0,0,0,547,0,0,0,354,0,0,0,223,0,0,0,191,0,0,0,9,0,0,0,18264837671880676101,17208809391095003614,17208809391095003614,5493999757366734556,10892940598877881674,3485766616122277039,0,0,0,0,0,0,0,0,0,0,0
665,5,997,8,10,0.073509,13562.99,0.039864,25009.75,0.035435,28135.80,0.035019,28470.53,0.041978,23750.44,0.022741,43840.94,0.057991,17192.40,0.074709,0.008213,0.015151,0.022741,0.120815,0.015492,1,119053,122733,877049,436,0,0,0,517,0,0,0,483,0,0,0,362,0,0,0,561,0,0,0,4,0,0,0,18185513885184777334,2152746328148131279,2152746328148131279,14647604485042307247,14007899456157641909,246216206028958856,0,0,0,0,0,0,0,0,0,0,0
666,5,805,8,10,0.036079,22312.18,0.017296,46541.38,0.016738,48093.05,0.019009,42348.25,0.020427,39408.43,0.019640,40987.28,0.025990,30974.03,0.036443,0.006192,0.009513,0.019640,0.071788,0.009718,2,95513,98898,664879,393,0,0,0,734,0,0,0,252,0,0,0,194,0,0,0,285,0,0,0,9,0,0,0,707641486250785768,7268201018918224038,7268201018918224038,10766002615257383697,4689592927819841790,16337964226254857118,0,0,0,0,0,0,0,0,0,0,0
667,5,768,8,10,0.035408,21689.98,0.015594,49248.19,0.012959,59264.46,0.015025,51115.43,0.018268,42041.72,0.014662,52381.23,0.022742,33769.40,0.035803,0.005966,0.011279,0.014662,0.067709,0.009133,1,88770,90940,1661943,266,0,0,0,476,0,0,0,383,0,0,0,241,0,0,0,262,0,0,0,4,0,0,0,925719621262509324,4569661951982756653,4569661951982756653,15237384343213070915,18441991259199142831,9287756667830193919,0,0,0,0,0,0,0,0,0,0,0
668,5,916,8,10,0.034085,26874.16,0.015062,60815.78,0.013019,70360.06,0.015381,59552.49,0.017083,53621.31,0.015086,60716.56,0.027615,33170.85,0.034339,0.006104,0.011950,0.015086,0.067479,0.011539,1,94450,129140,823818,337,0,0,0,516,0,0,0,354,0,0,0,237,0,0,0,230,0,0,0,5,0,0,0,18052568359523653116,13116345281697124743,13116345281697124743,5114458061656449720,8210872899590352410,1807635270784160120,0,0,0,0,0,0,0,0,0,0,0
669,5,770,8,10,0.049278,15625.79,0.028094,27408.32,0.014478,53183.56,0.016683,46154.43,0.027203,28305.34,0.016204,47518.20,0.037454,20558.45,0.049341,0.005650,0.011181,0.016204,0.082377,0.009163,1,91980,94760,800901,389,0,0,0,521,0,0,0,337,0,0,0,279,0,0,0,350,0,0,0,5,0,0,0,7379605094912647558,7379605094912647558,7379605094912647558,15076436180624798781,8026992960797960966,18369642493541258382,0,0,0,0,0,0,0,0,0,0,0
670,5,825,8,10,0.034533,23890.53,0.016478,50068.24,0.014755,55913.00,0.017348,47555.44,0.018466,44676.87,0.017763,46444.42,0.024520,33646.38,0.034937,0.005932,0.006409,0.017763,0.065041,0.009730,4,92085,96365,875604,422,0,0,0,679,0,0,0,312,0,0,0,241,0,0,0,234,0,0,0,5,0,0,0,13275488885116631806,14155704243907236709,14155704243907236709,10571301836509097004,745425715139448753,5252179714372358307,0,0,0,0,0,0,0,0,0,0,0
671,5,1039,8,10,0.055406,18752.38,0.031275,33221.50,0.018134,57295.36,0.023207,44770.07,0.032463,32005.89,0.032353,32114.82,0.042866,24238.45,0.056270,0.007031,0.006379,0.032353,0.102033,0.013805,5,102724,108759,514093,369,0,0,0,691,0,0,0,484,0,0,0,296,0,0,0,250,0,0,0,9,0,0,0,13773739564406163813,13773739564406163813,13773739564406163813,2354107805863303543,16295954596795439063,3700738679666865795,0,0,0,0,0,0,0,0,0,0,0
672,5,819,8,10,0.040180,20383.10,0.025389,32257.82,0.022615,36215.18,0.025440,32193.46,0.028057,29190.51,0.026362,31067.52,0.029240,28009.14,0.040914,0.006310,0.008875,0.026362,0.082461,0.009972,3,100807,104147,702778,466,0,0,0,809,0,0,0,514,0,0,0,278,0,0,0,306,0,0,0,8,0,0,0,8524077575926751781,8391738892815402400,8391738892815402400,16415088428212979191,7372249788544040805,1517935320632506563,0,0,0,0,0,0,0,0,0,0,0
673,5,925,8,10,0.033556,27565.89,0.015638,59151.00,0.013607,67978.95,0.015051,61456.53,0.016659,55525.55,0.014132,65454.24,0.029111,31774.39,0.033842,0.006369,0.011794,0.014132,0.066137,0.012751,1,99772,157562,797606,840,0,0,0,1019,0,0,0,398,0,0,0,316,0,0,0,383,0,0,0,4,0,0,0,581168186966158981,6710370051827316533,6710370051827316533,656929281206465850,387345936834200207,17908689992348464464,0,0,0,0,0,0,0,0,0,0,0
674,5,785,8,10,0.034879,22506.70,0.016335,48055.47,0.014442,54357.00,0.014664,53532.52,0.017209,45616.54,0.016684,47050.99,0.025840,30379.69,0.035231,0.005451,0.010556,0.016684,0.067922,0.009236,1,86827,96972,1594903,540,0,0,0,712,0,0,0,357,0,0,0,271,0,0,0,259,0,0,0,3,0,0,0,12349688085565926178,17834254026398781458,17834254026398781458,6063086089287781451,8807278678953461167,16952718372593115787,0,0,0,0,0,0,0,0,0,0,0
675,5,876,8,10,0.043802,19999.12,0.021436,40865.35,0.019712,44439.41,0.020758,42200.87,0.024951,35108.73,0.021966,39879.39,0.030792,28448.52,0.044333,0.006760,0.012362,0.021966,0.085421,0.011346,1,113701,120231,727250,688,0,0,0,1236,0,0,0,468,0,0,0,349,0,0,0,571,0,0,0,2,0,0,0,5431432891235264511,6064563862658156498,6064563862658156498,8568395861636332380,14571760876717883941,3851388742724048647,0,0,0,0,0,0,0,0,0,0,0
676,5,813,8,10,0.049957,16274.05,0.033644,24165.07,0.046421,17513.67,0.047535,17103.23,0.049248,16508.30,0.046036,17660.07,0.039777,20439.20,0.050268,0.006158,0.009059,0.046036,0.111521,0.010116,2,101863,107483,711470,728,0,0,0,1184,0,0,0,452,0,0,0,362,0,0,0,420,0,0,0,13,0,0,0,10505991401267060858,402753550432357998,402753550432357998,12847260920436570763,2901642628582264599,12639297110017904315,0,0,0,0,0,0,0,0,0,0,0
677,5,756,8,10,0.033474,22584.97,0.019095,39592.04,0.017251,43822.30,0.018411,41063.23,0.021429,35280.11,0.019223,39328.66,0.024560,30782.19,0.033902,0.006002,0.011150,0.019223,0.070276,0.008603,1,97841,101231,569959,601,0,0,0,808,0,0,0,417,0,0,0,358,0,0,0,423,0,0,0,8,0,0,0,618437349077539197,11836299479699906035,11836299479699906035,458600037206742532,14953898527634337192,14999349346937802672,0,0,0,0,0,0,0,0,0,0,0
678,5,723,8,10,0.035997,20084.91,0.021037,34367.67,0.015182,47623.21,0.017964,40247.95,0.021834,33113.02,0.015056,48020.40,0.030669,23573.92,0.036753,0.005976,0.010739,0.015056,0.068524,0.007856,1,90842,93422,718528,421,0,0,0,663,0,0,0,434,0,0,0,222,0,0,0,324,0,0,0,13,0,0,0,17435338799818681688,2682174154883827787,2682174154883827787,11731474332748646776,6274998504134094414,1551639207863750397,0,0,0,0,0,0,0,0,0,0,0
679,5,723,8,10,0.031373,23044.96,0.017546,41205.20,0.014539,49727.72,0.015976,45255.79,0.018460,39166.08,0.015656,46180.92,0.021866,33064.98,0.031690,0.005723,0.010591,0.015656,0.063660,0.008106,1,89277,93152,463495,441,0,0,0,698,0,0,0,382,0,0,0,253,0,0,0,353,0,0,0,4,0,0,0,15526824056296029489,1163204370972992309,1163204370972992309,13852436142284918161,16815813618726817311,11131827575009910574,0,0,0,0,0,0,0,0,0,0,0
680,5,731,8,10,0.049592,14740.39,0.030484,23979.62,0.016283,44894.69,0.014985,48782.07,0.030670,23834.39,0.024767,29515.58,0.037200,19650.79,0.050412,0.005218,0.010272,0.024767,0.090668,0.008599,1,87623,90438,1476347,341,0,0,0,483,0,0,0,343,0,0,0,250,0,0,0,267,0,0,0,2,0,0,0,13004451453438195664,7218936169612229537,7218936169612229537,11074117147193280165,14195541565069088343,13906587131906581832,0,0,0,0,0,0,0,0,0,0,0
681,5,778,8,10,0.031312,24846.42,0.016206,48006.90,0.014744,52766.82,0.017901,43460.31,0.018058,43083.51,0.015770,49333.15,0.024210,32135.95,0.031564,0.005652,0.010639,0.015770,0.063625,0.008929,1,88686,93286,304551,436,0,0,0,778,0,0,0,340,0,0,0,277,0,0,0,278,0,0,0,6,0,0,0,2115949225532916554,2115949225532916554,2115949225532916554,10193603619571860131,545870433812497470,17692085602775381899,0,0,0,0,0,0,0,0,0,0,0
682,5,733,8,10,0.034585,21194.23,0.016111,45495.59,0.015828,46310.09,0.016694,43907.93,0.019703,37201.99,0.018456,39716.84,0.024675,29706.60,0.034657,0.005891,0.010939,0.018456,0.069942,0.008967,1,92298,95398,608400,372,0,0,0,602,0,0,0,269,0,0,0,205,0,0,0,260,0,0,0,6,0,0,0,15712488583502016832,15712488583502016832,15712488583502016832,8732939263953620047,14456329242735870926,16228994008568580789,0,0,0,0,0,0,0,0,0,0,0
683,5,807,8,10,0.033114,24370.16,0.014204,56816.50,0.012554,64281.57,0.015637,51606.73,0.016329,49421.42,0.014515,55597.67,0.022449,35947.43,0.033252,0.006419,0.011749,0.014515,0.065935,0.009307,1,97730,100815,654365,384,0,0,0,627,0,0,0,347,0,0,0,227,0,0,0,306,0,0,0,3,0,0,0,9167090897769764238,584850884886871272,584850884886871272,9707746473411098814,9611971152249561024,6844959600823549984,0,0,0,0,0,0,0,0,0,0,0
684,5,780,8,10,0.039836,19580.28,0.020939,37250.63,0.019981,39036.72,0.024268,32141.46,0.023830,32732.36,0.022130,35246.46,0.027916,27941.44,0.040243,0.006352,0.012368,0.022130,0.081093,0.010182,1,108151,111946,321233,555,0,0,0,870,0,0,0,469,0,0,0,338,0,0,0,362,0,0,0,16,0,0,0,11387254107046605522,3893743640770408517,3893743640770408517,11495103405093726686,16210023008364858556,42339295536244868,0,0,0,0,0,0,0,0,0,0,0
685,5,856,8,10,0.042791,20004.24,0.030898,27704.21,0.030076,28461.23,0.031701,27002.16,0.025809,33166.22,0.023389,36598.15,0.031462,27207.35,0.043037,0.006552,0.011809,0.023389,0.084788,0.011913,1,102592,109367,570481,465,0,0,0,693,0,0,0,357,0,0,0,301,0,0,0,417,0,0,0,8,0,0,0,13216595254880501409,3413853252156923745,3413853252156923745,9120543002408778888,6571426861251939229,10212288097089378952,0,0,0,0,0,0,0,0,0,0,0
686,5,805,8,10,0.034258,23498.30,0.017052,47208.52,0.016466,48888.61,0.016652,48342.62,0.019139,42061.56,0.018032,44643.91,0.021351,37702.48,0.034706,0.006298,0.008070,0.018032,0.067106,0.010405,3,100384,105689,872093,578,0,0,0,790,0,0,0,396,0,0,0,398,0,0,0,352,0,0,0,10,0,0,0,17483143514202197188,12056426535427437053,12056426535427437053,1732324206869378637,15818992215304062027,16478165289028137196,0,0,0,0,0,0,0,0,0,0,0
687,5,768,8,10,0.028762,26701.86,0.015622,49162.51,0.014862,51674.18,0.015881,48358.78,0.017730,43317.30,0.015607,49209.91,0.018149,42315.73,0.028942,0.005745,0.011031,0.015607,0.061324,0.009026,1,88656,91711,649338,484,0,0,0,706,0,0,0,425,0,0,0,309,0,0,0,374,0,0,0,5,0,0,0,705949013781662493,705949013781662493,705949013781662493,14117310601845985656,8700725368905435622,15630200139147290943,0,0,0,0,0,0,0,0,0,0,0
688,5,835,8,10,0.033961,24587.05,0.017729,47098.37,0.017040,49002.82,0.018452,45252.54,0.018883,44220.49,0.016426,50833.60,0.021140,39497.84,0.034303,0.006444,0.012405,0.016426,0.069578,0.010578,1,103123,106123,472652,470,0,0,0,718,0,0,0,408,0,0,0,285,0,0,0,292,0,0,0,7,0,0,0,3966767902838257065,17238936294694347748,17238936294694347748,5481302284581663503,5964198406053135354,15435041315892658093,0,0,0,0,0,0,0,0,0,0,0
689,5,878,8,10,0.034241,25641.88,0.019142,45867.41,0.018795,46713.41,0.019226,45667.23,0.020620,42580.10,0.018282,48025.84,0.023690,37061.36,0.034594,0.006837,0.012557,0.018282,0.072270,0.011408,1,100754,105944,420161,505,0,0,0,819,0,0,0,405,0,0,0,295,0,0,0,342,0,0,0,4,0,0,0,1523677856672603870,1523677856672603870,1523677856672603870,2095694782401037183,9552698547330468487,4206408426867031590,0,0,0,0,0,0,0,0,0,0,0
690,5,892,8,10,0.034115,26146.51,0.016402,54384.80,0.015210,58644.82,0.017348,51418.28,0.018424,48415.62,0.018323,48681.33,0.025308,35246.29,0.034493,0.006823,0.006154,0.018323,0.065794,0.012004,5,101624,105299,422802,454,0,0,0,659,0,0,0,270,0,0,0,217,0,0,0,219,0,0,0,4,0,0,0,10955785999151584241,8325242983435821765,8325242983435821765,18090991075953592967,12555964383612031948,12626711411657776963,0,0,0,0,0,0,0,0,0,0,0
691,5,940,8,10,0.040617,23142.82,0.017736,53000.37,0.014339,65557.67,0.021831,43058.61,0.023105,40683.88,0.022662,41479.71,0.032813,28647.40,0.041315,0.006990,0.009694,0.022662,0.080661,0.017288,4,108717,116767,460549,455,0,0,0,614,0,0,0,315,0,0,0,218,0,0,0,220,0,0,0,3,0,0,0,736864491051111400,8194018809805305096,8194018809805305096,5830728944020022740,1808652876896793898,17792245464638980502,0,0,0,0,0,0,0,0,0,0,0
692,5,790,8,10,0.031535,25051.26,0.015804,49987.26,0.013692,57699.91,0.016473,47958.11,0.017660,44733.11,0.016511,47845.78,0.020812,37959.67,0.031853,0.005946,0.005533,0.016511,0.059843,0.009532,5,90474,94009,542364,413,0,0,0,618,0,0,0,421,0,0,0,249,0,0,0,215,0,0,0,6,0,0,0,14952631041782762842,16988456267645049466,16988456267645049466,7382090984905623207,4770534286476277899,9488718711519363631,0,0,0,0,0,0,0,0,0,0,0
693,5,753,8,10,0.042512,17712.59,0.023286,32337.64,0.016832,44735.85,0.017934,41987.12,0.024402,30857.58,0.017633,42705.20,0.030354,24807.02,0.042981,0.005929,0.011022,0.017633,0.077565,0.008749,1,92538,96443,1131869,509,0,0,0,698,0,0,0,333,0,0,0,283,0,0,0,345,0,0,0,7,0,0,0,9184580478515116453,9184580478515116453,9184580478515116453,13330834732858812279,7048265024140761840,3723933078624488819,0,0,0,0,0,0,0,0,0,0,0
694,5,753,8,10,0.054073,13925.59,0.031508,23898.88,0.017516,42989.30,0.021638,34800.20,0.030771,24471.32,0.023959,31428.78,0.040968,18380.21,0.054542,0.006038,0.008059,0.023959,0.092598,0.009003,3,94357,97407,589514,457,0,0,0,580,0,0,0,383,0,0,0,291,0,0,0,307,0,0,0,4,0,0,0,5953791429429252395,13369887181860351840,13369887181860351840,222006759521503508,10102385761873916035,14851357582768886575,0,0,0,0,0,0,0,0,0,0,0
695,5,1027,8,10,0.048132,21336.97,0.027003,38032.77,0.023831,43094.35,0.027346,37555.64,0.029730,34543.91,0.025598,40119.90,0.031986,32107.43,0.048692,0.008480,0.008566,0.025598,0.091336,0.018603,4,126393,133928,520140,717,0,0,0,1130,0,0,0,501,0,0,0,376,0,0,0,394,0,0,0,17,0,0,0,17404467605523867012,14724464380907963926,14724464380907963926,17376909244357074280,12852337241342406980,1003711172096720428,0,0,0,0,0,0,0,0,0,0,0
696,5,922,8,10,0.047012,19612.17,0.023867,38631.08,0.021860,42177.41,0.019753,46676.02,0.024977,36913.97,0.020538,44891.85,0.036932,24965.06,0.047793,0.007641,0.013856,0.020538,0.089828,0.012483,1,121425,127420,429873,704,0,0,0,1014,0,0,0,475,0,0,0,324,0,0,0,390,0,0,0,28,0,0,0,10093956781983956827,15026929914193908674,15026929914193908674,8866942131652612501,12794833732975209937,7368461627036157368,0,0,0,0,0,0,0,0,0,0,0
697,5,842,8,10,0.034965,24081.27,0.017742,47457.56,0.017114,49200.03,0.017323,48606.53,0.019601,42957.56,0.017947,46916.76,0.024000,35084.00,0.035239,0.006346,0.011749,0.017947,0.071281,0.010391,1,98500,101920,490790,591,0,0,0,769,0,0,0,349,0,0,0,321,0,0,0,334,0,0,0,12,0,0,0,17002773728780861242,17002773728780861242,17002773728780861242,3220489216209357340,4493866922817166116,1417308034725762656,0,0,0,0,0,0,0,0,0,0,0
698,5,799,8,10,0.031782,25140.05,0.019821,40310.23,0.018579,43006.00,0.019980,39989.43,0.021936,36423.37,0.018072,44212.91,0.024408,32735.62,0.032293,0.006184,0.011220,0.018072,0.067769,0.009549,1,94760,98945,322971,667,0,0,0,1066,0,0,0,380,0,0,0,330,0,0,0,411,0,0,0,14,0,0,0,14836231449052277418,14836231449052277418,14836231449052277418,2804852767775755867,13728705601113598423,6080525455902424355,0,0,0,0,0,0,0,0,0,0,0
699,5,915,8,10,0.044101,20747.88,0.021322,42913.58,0.018256,50119.82,0.019884,46018.01,0.023121,39573.56,0.020245,45196.12,0.032106,28499.41,0.044482,0.006430,0.011891,0.020245,0.083048,0.011594,1,101849,122294,1468113,574,0,0,0,760,0,0,0,366,0,0,0,300,0,0,0,327,0,0,0,7,0,0,0,1869609838420281271,17094830494233060963,17094830494233060963,10868283670304175076,14953124201229811219,4240149617892821356,0,0,0,0,0,0,0,0,0,0,0
700,5,798,8,10,0.047064,16955.64,0.026660,29932.80,0.022572,35353.55,0.021075,37864.21,0.027750,28757.03,0.019657,40595.60,0.035425,22526.42,0.047502,0.005697,0.010871,0.019657,0.083727,0.009145,1,86691,91131,646638,337,0,0,0,590,0,0,0,358,0,0,0,296,0,0,0,379,0,0,0,9,0,0,0,1389947225174378809,1389947225174378809,1389947225174378809,493683657933177216,493683657933177216,139366706976690874,0,0,0,0,0,0,0,0,0,0,0
701,5,1008,8,10,0.035839,28125.74,0.016624,60634.36,0.015005,67175.51,0.015955,63176.70,0.018162,55500.71,0.018465,54590.18,0.027062,37247.35,0.036417,0.006870,0.006343,0.018465,0.068094,0.013550,5,99829,112569,754989,434,0,0,0,675,0,0,0,419,0,0,0,324,0,0,0,363,0,0,0,8,0,0,0,14027168498744941097,8904497112125095301,8904497112125095301,15870250441266158447,3771267875825251185,7391589768978119242,0,0,0,0,0,0,0,0,0,0,0
702,5,981,8,10,0.035589,27565.01,0.016588,59138.05,0.014873,65956.97,0.017496,56069.39,0.018605,52727.37,0.018620,52684.89,0.031205,31437.37,0.035981,0.006522,0.010138,0.018620,0.071262,0.012634,2,95880,118545,590232,454,0,0,0,620,0,0,0,346,0,0,0,337,0,0,0,326,0,0,0,13,0,0,0,8129959003505713905,13909532428222283155,13909532428222283155,13397598012466750509,9148817302539712376,18258209283889941912,0,0,0,0,0,0,0,0,0,0,0
703,5,808,8,10,0.031390,25740.68,0.013490,59896.70,0.012115,66693.45,0.014018,57638.65,0.016113,50146.11,0.014431,55990.09,0.021673,37281.11,0.031630,0.005562,0.010954,0.014431,0.062576,0.009510,1,84924,87164,655205,343,0,0,0,565,0,0,0,312,0,0,0,199,0,0,0,252,0,0,0,9,0,0,0,9667735210398542564,9667735210398542564,9667735210398542564,6376921390188610079,16877098485651110431,18270756681505543732,0,0,0,0,0,0,0,0,0,0,0
704,5,743,8,10,0.040991,18125.95,0.021578,34433.58,0.018380,40424.86,0.018719,39692.92,0.023842,31163.24,0.019566,37973.50,0.027764,26761.41,0.041427,0.005459,0.006195,0.019566,0.072647,0.008478,4,86450,89130,901555,342,0,0,0,546,0,0,0,382,0,0,0,311,0,0,0,288,0,0,0,4,0,0,0,15003640489378453751,15003640489378453751,15003640489378453751,17371912355680402494,6452518844810736815,1184460529710017373,0,0,0,0,0,0,0,0,0,0,0
705,5,845,8,10,0.044477,18998.67,0.023391,36125.48,0.018476,45733.97,0.018317,46131.95,0.026760,31577.04,0.018609,45408.15,0.030855,27386.18,0.045166,0.006047,0.011591,0.018609,0.081412,0.010553,1,91556,94311,1421242,466,0,0,0,724,0,0,0,325,0,0,0,300,0,0,0,316,0,0,0,3,0,0,0,4878438967021418339,16917240295267909808,16917240295267909808,10113992356363954811,14907866065850249792,14891769961894969407,0,0,0,0,0,0,0,0,0,0,0
706,5,626,8,10,0.034295,18253.28,0.018841,33226.01,0.012876,48615.82,0.013607,46005.64,0.021044,29747.88,0.020079,31176.15,0.025317,24726.03,0.034520,0.004175,0.006402,0.020079,0.065176,0.006614,2,67964,70309,665953,338,0,0,0,470,0,0,0,209,0,0,0,201,0,0,0,241,0,0,0,2,0,0,0,816837646875237883,15136157013559704714,15136157013559704714,5520121352725781468,12347018722452708657,2928432903949684180,0,0,0,0,0,0,0,0,0,0,0
707,5,839,8,10,0.037270,22511.20,0.019534,42951.49,0.019115,43893.38,0.019941,42073.35,0.022477,37326.99,0.021453,39109.20,0.025923,32365.22,0.038145,0.006746,0.005998,0.021453,0.072342,0.010475,5,93713,97543,827435,568,0,0,0,847,0,0,0,440,0,0,0,252,0,0,0,275,0,0,0,5,0,0,0,16091067984426149927,15176746648164889174,15176746648164889174,15481878998543773987,4853563316484434046,14705150176617725810,0,0,0,0,0,0,0,0,0,0,0
708,5,810,8,10,0.037857,21396.23,0.017876,45311.62,0.017083,47416.19,0.019501,41535.33,0.022619,35810.15,0.019619,41287.38,0.025643,31588.10,0.038581,0.006517,0.010416,0.019619,0.075133,0.009757,2,93210,97505,648034,531,0,0,0,713,0,0,0,362,0,0,0,341,0,0,0,355,0,0,0,6,0,0,0,13230713635884675756,13230713635884675756,13230713635884675756,1928647338149402519,10972057490319260753,11967100692927622422,0,0,0,0,0,0,0,0,0,0,0
709,5,809,8,10,0.047227,17129.91,0.026905,30068.50,0.025113,32214.38,0.028387,28498.68,0.031326,25825.22,0.027381,29545.77,0.035817,22587.08,0.047746,0.007298,0.011847,0.027381,0.094272,0.010262,1,93720,99590,750066,515,0,0,0,790,0,0,0,366,0,0,0,314,0,0,0,440,0,0,0,1,0,0,0,16050590048206058054,8408223557105218163,8408223557105218163,17334264469422641884,17221044614548906785,7818860379771675074,0,0,0,0,0,0,0,0,0,0,0
710,5,816,8,10,0.039476,20670.95,0.016489,49487.86,0.016173,50455.13,0.019390,42084.15,0.020329,40139.37,0.020687,39444.74,0.028794,28339.04,0.039762,0.006126,0.005676,0.020687,0.072250,0.009870,5,94733,99863,609593,400,0,0,0,689,0,0,0,306,0,0,0,216,0,0,0,229,0,0,0,8,0,0,0,11536423496157027573,10755423037693295713,10755423037693295713,13893988691860414702,9478292273872183474,13657095874353617712,0,0,0,0,0,0,0,0,0,0,0
711,5,773,8,10,0.068795,11236.27,0.049780,15528.37,0.044670,17304.60,0.073016,10586.78,0.051462,15020.83,0.047681,16212.04,0.056255,13740.92,0.068043,0.007202,0.014141,0.047681,0.137067,0.009572,1,117999,120744,571919,489,0,0,0,860,0,0,0,441,0,0,0,312,0,0,0,461,0,0,0,5,0,0,0,13255166545274397418,5596086377413729115,5596086377413729115,6849688512148853886,9893205008703903164,8844821473234133079,0,0,0,0,0,0,0,0,0,0,0
712,5,700,8,10,0.032007,21870.27,0.014886,47023.45,0.013522,51769.15,0.014653,47770.78,0.016695,41929.18,0.015079,46421.93,0.021060,33238.93,0.032101,0.005275,0.009826,0.015079,0.062281,0.007326,1,77851,80071,1314062,366,0,0,0,533,0,0,0,279,0,0,0,178,0,0,0,258,0,0,0,5,0,0,0,477219111089539431,14871319269376934275,14871319269376934275,8044626354182027724,8915590427612023505,7631910110025340153,0,0,0,0,0,0,0,0,0,0,0
713,5,771,8,10,0.035182,21914.86,0.017666,43643.38,0.016406,46995.10,0.018912,40767.23,0.021346,36118.94,0.019728,39081.49,0.025893,29776.71,0.035534,0.006125,0.010807,0.019728,0.072195,0.009900,1,92714,97649,686884,524,0,0,0,789,0,0,0,365,0,0,0,309,0,0,0,319,0,0,0,6,0,0,0,10126758971398989644,2644132640112711810,2644132640112711810,10142078188037269097,13072261609516349446,10142078188037269097,0,0,0,0,0,0,0,0,0,0,0
714,5,856,8,10,0.035231,24296.71,0.015529,55121.19,0.014310,59816.90,0.015560,55012.64,0.018323,46717.52,0.017207,49748.60,0.026984,31722.16,0.035753,0.005770,0.010847,0.017207,0.069576,0.010183,1,88453,100408,1039116,359,0,0,0,671,0,0,0,351,0,0,0,265,0,0,0,273,0,0,0,6,0,0,0,8686394329080904805,8686394329080904805,8686394329080904805,15501577788953414200,12863499607648254433,6679288099437329263,0,0,0,0,0,0,0,0,0,0,0
715,5,862,8,10,0.029672,29050.83,0.014153,60906.50,0.013474,63975.33,0.014142,60953.06,0.015955,54026.28,0.014863,57995.61,0.020957,41131.18,0.029915,0.005303,0.009922,0.014863,0.060003,0.009842,1,80680,89580,702541,353,0,0,0,602,0,0,0,338,0,0,0,258,0,0,0,323,0,0,0,3,0,0,0,1075268022117880447,16803843840101906972,16803843840101906972,13754144942247219739,7434506277578107971,6160111535749294992,0,0,0,0,0,0,0,0,0,0,0
716,5,883,8,10,0.050366,17531.73,0.027508,32099.21,0.027281,32366.94,0.027404,32221.44,0.027365,32267.12,0.027153,32519.27,0.036711,24052.73,0.051154,0.006748,0.008389,0.027153,0.093444,0.011720,3,105079,109049,660012,649,0,0,0,993,0,0,0,491,0,0,0,404,0,0,0,420,0,0,0,17,0,0,0,17127096703238053527,4286845068113388781,4286845068113388781,1062254349455332550,6768820632028208840,12474904867838175880,0,0,0,0,0,0,0,0,0,0,0
717,5,816,8,10,0.035478,22999.91,0.019968,40864.92,0.018697,43642.54,0.018934,43096.94,0.021967,37146.70,0.021589,37797.22,0.024114,33839.54,0.035940,0.006059,0.005429,0.021589,0.069017,0.009881,5,91857,95302,579612,518,0,0,0,821,0,0,0,408,0,0,0,270,0,0,0,302,0,0,0,5,0,0,0,6992452887665078555,6992452887665078555,6992452887665078555,17271392499887927943,10116995692490018487,8442537166221928067,0,0,0,0,0,0,0,0,0,0,0
718,5,745,8,10,0.051739,14399.13,0.031597,23578.04,0.022128,33667.66,0.023568,31610.04,0.033392,22311.06,0.017155,43426.39,0.038072,19568.44,0.051883,0.005398,0.010492,0.017155,0.084927,0.009010,1,86223,89373,1354683,539,0,0,0,822,0,0,0,524,0,0,0,447,0,0,0,411,0,0,0,11,0,0,0,9653270266402634814,6471228401235393354,6471228401235393354,12539443461698230892,5474988557477811630,12018199276214443681,0,0,0,0,0,0,0,0,0,0,0
719,5,881,8,10,0.040175,21929.13,0.026337,33451.36,0.025289,34836.95,0.025139,35044.82,0.028274,31159.25,0.026445,33314.23,0.034414,25599.69,0.040793,0.006591,0.006921,0.026445,0.080750,0.012352,4,109843,123338,719333,1061,0,0,0,1257,0,0,0,409,0,0,0,354,0,0,0,324,0,0,0,1,0,0,0,10103078969410395365,10103078969410395365,10103078969410395365,11464216833285821056,9265385022859782846,11723155146279773421,0,0,0,0,0,0,0,0,0,0,0
720,5,813,8,10,0.036302,22395.44,0.021000,38715.02,0.021516,37785.53,0.023357,34806.84,0.023389,34760.02,0.023827,34121.49,0.024515,33162.89,0.036643,0.006058,0.005530,0.023827,0.072058,0.011200,5,93885,99050,632293,686,0,0,0,901,0,0,0,487,0,0,0,437,0,0,0,428,0,0,0,3,0,0,0,10154098908993242185,8439586626549449801,8439586626549449801,17984154556676774732,3281054411727350873,2510355802050349935,0,0,0,0,0,0,0,0,0,0,0
721,5,688,8,10,0.032539,21143.69,0.015139,45446.56,0.014579,47192.59,0.015613,44067.14,0.017975,38274.95,0.017279,39816.05,0.023199,29655.82,0.032852,0.005187,0.004917,0.017279,0.060236,0.007317,5,82602,85187,866908,517,0,0,0,779,0,0,0,369,0,0,0,216,0,0,0,212,0,0,0,5,0,0,0,5455306732739461680,7078755893515763600,7078755893515763600,332626479319999236,4331390342617055602,2837915302791795582,0,0,0,0,0,0,0,0,0,0,0
722,5,790,8,10,0.039493,20003.55,0.020843,37903.18,0.016055,49205.54,0.023184,34075.35,0.025350,31164.31,0.020248,39017.15,0.026501,29810.55,0.039748,0.005670,0.010973,0.020248,0.076639,0.009205,1,90615,94210,677614,508,0,0,0,678,0,0,0,435,0,0,0,315,0,0,0,325,0,0,0,2,0,0,0,6978953021917485124,7288114938289380434,7288114938289380434,5057626765201120556,16812267196869262661,14432475947125698797,0,0,0,0,0,0,0,0,0,0,0
723,5,761,8,10,0.031642,24049.97,0.014509,52450.86,0.013830,55026.06,0.016180,47032.91,0.018259,41677.85,0.018777,40527.40,0.022414,33951.66,0.032001,0.005515,0.005076,0.018777,0.061370,0.008512,5,84495,88440,622725,412,0,0,0,716,0,0,0,337,0,0,0,263,0,0,0,270,0,0,0,3,0,0,0,9502235033418575384,14197335117843886185,14197335117843886185,14789208882824000451,16326992504935242810,8280640477546632784,0,0,0,0,0,0,0,0,0,0,0
724,5,723,8,10,0.032109,22517.31,0.015282,47311.74,0.014071,51384.05,0.016676,43354.87,0.018034,40090.91,0.017839,40528.49,0.022639,31936.56,0.032388,0.005284,0.010130,0.017839,0.065642,0.008016,1,83668,86528,679719,425,0,0,0,657,0,0,0,284,0,0,0,238,0,0,0,278,0,0,0,6,0,0,0,3834829672934478957,8156148405013547217,8156148405013547217,10122187397033703841,5379244691112320705,18334005989633128330,0,0,0,0,0,0,0,0,0,0,0
725,5,909,8,10,0.049883,18222.63,0.026224,34662.63,0.017772,51149.08,0.016022,56732.81,0.026281,34587.18,0.019391,46877.04,0.037566,24197.44,0.050015,0.006463,0.012565,0.019391,0.088434,0.012032,1,100247,105707,1285784,381,0,0,0,568,0,0,0,303,0,0,0,200,0,0,0,341,0,0,0,4,0,0,0,13068606525667835622,3590392781368735083,3590392781368735083,11978156579518793723,2813381744488293050,15525109350440207010,0,0,0,0,0,0,0,0,0,0,0
726,5,764,8,10,0.033844,22574.37,0.015357,49749.59,0.014498,52697.27,0.016905,45193.08,0.019682,38817.98,0.018348,41638.85,0.023347,32724.22,0.034394,0.005864,0.006299,0.018348,0.064905,0.009296,4,91593,94483,346324,373,0,0,0,610,0,0,0,343,0,0,0,259,0,0,0,214,0,0,0,6,0,0,0,15198327407953836267,17451018583220164183,17451018583220164183,2621296742538853810,13907025741088813084,16154502924718886306,0,0,0,0,0,0,0,0,0,0,0
727,5,893,8,10,0.035666,25038.06,0.018600,48010.52,0.017030,52437.64,0.019542,45697.15,0.021570,41400.75,0.017404,51310.77,0.024290,36764.63,0.035981,0.007383,0.012687,0.017404,0.073454,0.012266,1,108541,112626,591865,516,0,0,0,815,0,0,0,399,0,0,0,340,0,0,0,329,0,0,0,5,0,0,0,8348291378884715516,8444602586222626158,8444602586222626158,6886613779071453768,16955411643748194628,1272668172500672146,0,0,0,0,0,0,0,0,0,0,0
728,5,857,8,10,0.030285,28298.13,0.016997,50421.38,0.015424,55562.00,0.017271,49620.95,0.019053,44980.24,0.018819,45538.14,0.021945,39052.64,0.030740,0.005845,0.005519,0.018819,0.060923,0.010264,5,91372,96167,536199,459,0,0,0,771,0,0,0,372,0,0,0,314,0,0,0,278,0,0,0,3,0,0,0,11395195491373550407,7493848516215769108,7493848516215769108,15012420760897464498,17769082688878228907,17525362385119662061,0,0,0,0,0,0,0,0,0,0,0
729,5,819,8,10,0.035020,23386.59,0.017982,45546.13,0.017269,47425.15,0.019047,42997.99,0.021026,38952.59,0.019496,42007.70,0.026990,30345.06,0.035595,0.006674,0.010698,0.019496,0.072463,0.010116,2,102372,106412,560686,478,0,0,0,748,0,0,0,426,0,0,0,252,0,0,0,301,0,0,0,6,0,0,0,6020256794332790739,6020256794332790739,6020256794332790739,16572083722011438237,5528575878093093699,145612028170735306,0,0,0,0,0,0,0,0,0,0,0
730,5,943,8,10,0.040232,23439.20,0.021389,44088.78,0.017557,53712.21,0.019643,48007.93,0.027945,33744.58,0.028216,33420.30,0.031194,30229.73,0.040612,0.006925,0.006041,0.028216,0.081794,0.012770,5,105701,116976,512702,529,0,0,0,713,0,0,0,495,0,0,0,348,0,0,0,379,0,0,0,3,0,0,0,10320743373291031734,6011090560238684526,6011090560238684526,2651119605049770535,4830145065481134755,15630108983038092096,0,0,0,0,0,0,0,0,0,0,0
731,5,843,8,10,0.042691,19746.46,0.023641,35658.47,0.016404,51389.11,0.019352,43560.43,0.025095,33592.24,0.023914,35251.59,0.034827,24205.04,0.042993,0.005981,0.006460,0.023914,0.079348,0.010026,4,92893,96713,1126501,454,0,0,0,609,0,0,0,357,0,0,0,264,0,0,0,258,0,0,0,11,0,0,0,7506107392307573970,16395037317503525911,16395037317503525911,16925847145393070151,11977476206450972743,15542541943435513349,0,0,0,0,0,0,0,0,0,0,0
732,5,865,8,10,0.030491,28368.84,0.013688,63192.12,0.012570,68812.77,0.015915,54351.30,0.017156,50420.82,0.016254,53216.16,0.023241,37218.48,0.030751,0.005862,0.005409,0.016254,0.058277,0.010534,5,90183,94193,394160,322,0,0,0,483,0,0,0,274,0,0,0,184,0,0,0,172,0,0,0,5,0,0,0,14230933955231697767,14740540328533356235,14740540328533356235,1013602086818292774,12723080314329334722,5660104385079353844,0,0,0,0,0,0,0,0,0,0,0
733,5,835,8,10,0.034531,24181.06,0.019674,42440.83,0.018660,44748.02,0.019897,41965.84,0.022540,37044.96,0.020912,39929.70,0.023727,35192.65,0.035023,0.006360,0.011846,0.020912,0.074141,0.010548,1,97678,101308,437330,487,0,0,0,832,0,0,0,436,0,0,0,348,0,0,0,416,0,0,0,6,0,0,0,10217136695034707382,10217136695034707382,10217136695034707382,15767747306391734070,2246722794824018485,17874806228522681772,0,0,0,0,0,0,0,0,0,0,0
734,5,901,8,10,0.037355,24119.66,0.019684,45772.58,0.019148,47053.57,0.022446,40140.29,0.024174,37270.72,0.021109,42682.77,0.026220,34363.28,0.037747,0.006929,0.010676,0.021109,0.076461,0.012203,2,103540,109455,508028,548,0,0,0,848,0,0,0,534,0,0,0,382,0,0,0,308,0,0,0,9,0,0,0,11102157081147222650,5838551698825811311,5838551698825811311,12818238064343834299,7592698944065679652,9180021142709836732,0,0,0,0,0,0,0,0,0,0,0
735,5,747,8,10,0.038219,19545.10,0.023292,32071.18,0.017432,42853.38,0.022018,33927.03,0.024196,30872.31,0.015069,49573.11,0.029680,25168.85,0.038568,0.005349,0.010448,0.015069,0.069434,0.008093,1,84958,88373,834285,414,0,0,0,522,0,0,0,290,0,0,0,186,0,0,0,261,0,0,0,10,0,0,0,17630306979668106765,12689338434251582596,12689338434251582596,6792131098092140710,15774604429689444927,7314882067510970824,0,0,0,0,0,0,0,0,0,0,0
736,5,883,8,10,0.034727,25426.77,0.018117,48739.43,0.016281,54235.48,0.019347,45639.42,0.020283,43533.61,0.017381,50802.17,0.023131,38173.58,0.035172,0.006561,0.011772,0.017381,0.070885,0.011101,1,98403,103308,390540,491,0,0,0,864,0,0,0,418,0,0,0,356,0,0,0,424,0,0,0,8,0,0,0,16299392981872981538,542843058418777627,542843058418777627,5106539338279331947,8876377061232606028,17266495278652550918,0,0,0,0,0,0,0,0,0,0,0
737,5,1154,8,10,0.044208,26103.70,0.017818,64765.34,0.015632,73824.24,0.020407,56548.38,0.022242,51884.32,0.020994,54969.25,0.045795,25199.09,0.044582,0.007047,0.010981,0.020994,0.083603,0.015514,2,104950,183620,1566376,353,0,0,0,567,0,0,0,472,0,0,0,296,0,0,0,323,0,0,0,2,0,0,0,16521875890815561675,8321576659571765430,8321576659571765430,14836248155516283130,14296543640087385190,6506251809571532276,0,0,0,0,0,0,0,0,0,0,0
738,5,913,8,10,0.042133,21669.41,0.019151,47674.87,0.017986,50762.12,0.021122,43225.76,0.023827,38318.67,0.022852,39952.06,0.035379,25806.51,0.042578,0.006334,0.012546,0.022852,0.084310,0.011484,1,104195,125095,750252,446,0,0,0,836,0,0,0,481,0,0,0,298,0,0,0,400,0,0,0,10,0,0,0,917287320699650400,16454244537061217100,16454244537061217100,16139802820095912297,12068285345474176192,7809203797274264697,0,0,0,0,0,0,0,0,0,0,0
739,5,923,8,10,0.045573,20253.17,0.017057,54111.43,0.015437,59791.07,0.020854,44259.75,0.021400,43130.78,0.020608,44788.90,0.030938,29834.06,0.045944,0.006429,0.006040,0.020608,0.079020,0.012211,5,104435,112935,852585,443,0,0,0,555,0,0,0,397,0,0,0,356,0,0,0,316,0,0,0,14,0,0,0,16804691828091950194,10976558569195145789,10976558569195145789,15285683060208290398,6205919446318136969,8942221079015697250,0,0,0,0,0,0,0,0,0,0,0
740,5,872,8,10,0.037775,23084.34,0.017782,49037.23,0.015974,54589.09,0.018039,48338.58,0.019741,44172.91,0.018458,47241.67,0.026706,32651.84,0.038253,0.006229,0.010450,0.018458,0.073390,0.013695,2,97107,104987,1009398,508,0,0,0,711,0,0,0,383,0,0,0,371,0,0,0,371,0,0,0,10,0,0,0,13754918448541522017,10169947226526929314,10169947226526929314,16358082266646301030,4550860108232404248,8204869925167605716,0,0,0,0,0,0,0,0,0,0,0
741,5,943,8,10,0.061624,15302.39,0.032611,28916.94,0.024876,37907.32,0.022292,42302.52,0.032547,28973.27,0.027768,33959.82,0.043689,21584.22,0.061849,0.007070,0.006404,0.027768,0.103091,0.012580,5,108720,113410,681496,582,0,0,0,973,0,0,0,667,0,0,0,421,0,0,0,451,0,0,0,18,0,0,0,1778433970631602496,1778433970631602496,1778433970631602496,16766675555685014844,8716839323690168467,3681167526323645472,0,0,0,0,0,0,0,0,0,0,0
742,5,780,8,10,0.048599,16049.63,0.020082,38840.81,0.016736,46606.24,0.022878,34093.18,0.026698,29215.78,0.026892,29005.29,0.032751,23815.80,0.048929,0.006704,0.006105,0.026892,0.088630,0.009791,5,100129,104614,788445,512,0,0,0,677,0,0,0,545,0,0,0,427,0,0,0,414,0,0,0,5,0,0,0,9551621729244508522,9551621729244508522,9551621729244508522,10727017421161655139,14847041478543278612,8761822252513619577,0,0,0,0,0,0,0,0,0,0,0
743,5,718,8,10,0.027411,26193.42,0.013633,52665.40,0.012289,58424.79,0.013382,53654.43,0.014732,48736.45,0.014180,50634.56,0.017128,41919.39,0.027679,0.004761,0.004391,0.014180,0.051011,0.007396,5,75074,77234,681853,358,0,0,0,455,0,0,0,251,0,0,0,248,0,0,0,250,0,0,0,2,0,0,0,16213895854553981425,5515198433263120735,5515198433263120735,9157462875597767672,16065232955203881862,9157462875597767672,0,0,0,0,0,0,0,0,0,0,0
744,5,755,8,10,0.036206,20853.07,0.018313,41227.40,0.013873,54420.91,0.015057,50141.58,0.017097,44159.39,0.015627,48313.31,0.023264,32453.13,0.036579,0.005600,0.010022,0.015627,0.067828,0.008288,1,84777,87432,2234973,418,0,0,0,435,0,0,0,319,0,0,0,215,0,0,0,322,0,0,0,2,0,0,0,15367190748696877937,5169107541587643975,5169107541587643975,903468375294898892,16064505148459839504,3297241050582414779,0,0,0,0,0,0,0,0,0,0,0
745,5,658,8,10,0.027296,24106.15,0.013184,49910.10,0.012125,54270.01,0.013698,48037.82,0.015144,43449.20,0.013827,47588.24,0.017801,36964.78,0.027523,0.004786,0.009484,0.013827,0.055620,0.006697,1,72750,74560,600946,276,0,0,0,440,0,0,0,284,0,0,0,164,0,0,0,245,0,0,0,4,0,0,0,1179084705052673728,1179084705052673728,1179084705052673728,11878244752153343770,2076886744483372983,5109289984327237259,0,0,0,0,0,0,0,0,0,0,0
746,5,846,8,10,0.034406,24588.91,0.017679,47853.55,0.016271,51993.60,0.018694,45255.36,0.021573,39215.69,0.017858,47375.01,0.023646,35777.52,0.035050,0.006214,0.011258,0.017858,0.070380,0.010394,1,90533,93803,541661,443,0,0,0,633,0,0,0,412,0,0,0,308,0,0,0,339,0,0,0,3,0,0,0,13128187408061408779,13128187408061408779,13128187408061408779,9124207227737336491,5724816191589500494,11396017281363976765,0,0,0,0,0,0,0,0,0,0,0
747,5,782,8,10,0.045696,17113.25,0.024227,32277.73,0.019196,40737.04,0.019743,39608.70,0.029809,26233.90,0.022693,34460.02,0.033008,23691.55,0.046060,0.006095,0.011448,0.022693,0.086296,0.009238,1,93916,97176,728290,515,0,0,0,810,0,0,0,353,0,0,0,411,0,0,0,438,0,0,0,4,0,0,0,1042704974339363160,1042704974339363160,1042704974339363160,10321146592796334367,2440797543226978315,65555253718427702,0,0,0,0,0,0,0,0,0,0,0
748,5,742,8,10,0.037068,20017.17,0.017009,43622.87,0.015669,47355.04,0.018243,40672.45,0.020934,35444.27,0.017953,41329.55,0.026164,28359.75,0.037306,0.005646,0.010666,0.017953,0.071571,0.008452,1,87509,90169,723181,375,0,0,0,557,0,0,0,286,0,0,0,200,0,0,0,256,0,0,0,4,0,0,0,17834209112636334548,17834209112636334548,17834209112636334548,7562972941350799665,1398435058318638241,15992788264476160232,0,0,0,0,0,0,0,0,0,0,0
749,5,771,8,10,0.037714,20443.47,0.019970,38608.58,0.018409,41882.63,0.018995,40589.81,0.022153,34804.00,0.022255,34643.19,0.024994,30847.53,0.038169,0.006308,0.005683,0.022255,0.072416,0.009094,5,94290,97500,987823,538,0,0,0,849,0,0,0,417,0,0,0,358,0,0,0,339,0,0,0,8,0,0,0,13870274250891624695,13870274250891624695,13870274250891624695,8859860168698218638,6632970821323953998,8256260993778371941,0,0,0,0,0,0,0,0,0,0,0
750,5,753,8,10,0.044672,16856.30,0.023144,32535.62,0.017462,43121.35,0.019602,38414.71,0.026458,28460.56,0.019990,37668.41,0.030833,24421.91,0.044936,0.005784,0.010915,0.019990,0.081626,0.008745,1,91156,94456,1704219,421,0,0,0,689,0,0,0,290,0,0,0,281,0,0,0,347,0,0,0,4,0,0,0,12606453722982299224,6823153556904515294,6823153556904515294,290807593237592453,9305892567397753966,13356001864113448540,0,0,0,0,0,0,0,0,0,0,0
751,5,731,8,10,0.032860,22245.62,0.015750,46414.00,0.014658,49871.29,0.017328,42184.87,0.018967,38539.99,0.018207,40149.09,0.024614,29698.64,0.033159,0.005505,0.006975,0.018207,0.063846,0.008226,4,84716,88176,619683,384,0,0,0,642,0,0,0,338,0,0,0,226,0,0,0,189,0,0,0,4,0,0,0,7281713196060850565,7281713196060850565,7281713196060850565,12714723406187358448,7955612963195456102,7682740492278977479,0,0,0,0,0,0,0,0,0,0,0
752,5,792,8,10,0.040428,19590.50,0.019218,41211.19,0.016483,48049.47,0.017872,44315.82,0.021578,36704.28,0.018648,42470.61,0.030075,26334.49,0.040736,0.006084,0.007570,0.018648,0.073038,0.009402,3,92300,96040,551597,463,0,0,0,686,0,0,0,422,0,0,0,276,0,0,0,275,0,0,0,10,0,0,0,6496549964987312097,3833923825365704791,3833923825365704791,14824050165727596713,8478335393228642010,9625991663986418336,0,0,0,0,0,0,0,0,0,0,0
753,5,727,8,10,0.035096,20714.57,0.017229,42195.44,0.016672,43606.86,0.020067,36229.32,0.021644,33589.01,0.017872,40677.33,0.025972,27992.17,0.035475,0.005959,0.009384,0.017872,0.068690,0.008181,2,86834,89654,764973,427,0,0,0,701,0,0,0,322,0,0,0,259,0,0,0,243,0,0,0,8,0,0,0,12255219730035883869,4550555638051815664,4550555638051815664,18400566004142008139,2686938675966741459,10294356696627957430,0,0,0,0,0,0,0,0,0,0,0
754,5,763,8,10,0.046458,16423.52,0.023685,32214.31,0.017186,44395.46,0.020500,37219.65,0.027602,27642.97,0.025744,29638.08,0.037418,20391.29,0.046866,0.006323,0.007813,0.025744,0.086746,0.009071,4,101241,105376,636042,459,0,0,0,702,0,0,0,296,0,0,0,247,0,0,0,235,0,0,0,4,0,0,0,16359102589846841992,12161655065731604259,12161655065731604259,17647283997537961715,393047504946301292,17372644072853653406,0,0,0,0,0,0,0,0,0,0,0
755,5,968,8,10,0.046687,20733.88,0.024314,39812.97,0.020516,47183.74,0.020257,47786.96,0.028476,33993.12,0.020522,47168.62,0.033910,28545.78,0.047005,0.006781,0.012446,0.020522,0.086754,0.012896,1,102173,105643,674085,449,0,0,0,696,0,0,0,395,0,0,0,254,0,0,0,334,0,0,0,5,0,0,0,14796786647413938108,14796786647413938108,14796786647413938108,13638092092995910647,16274507476377932794,15772746931065974281,0,0,0,0,0,0,0,0,0,0,0
756,5,845,8,10,0.038693,21838.53,0.015463,54646.05,0.013875,60900.87,0.018162,46526.34,0.020254,41720.73,0.019817,42639.22,0.027752,30448.74,0.038900,0.006226,0.008872,0.019817,0.073816,0.010294,2,97902,103152,797934,397,0,0,0,502,0,0,0,205,0,0,0,223,0,0,0,237,0,0,0,10,0,0,0,11726882032165323408,11726882032165323408,11726882032165323408,6832010760535986113,14628478523955778688,13413621595858239899,0,0,0,0,0,0,0,0,0,0,0
757,5,896,8,10,0.052929,16928.28,0.020952,42765.35,0.016137,55525.70,0.017755,50465.30,0.025590,35014.14,0.024414,36700.38,0.040467,22141.29,0.053281,0.007698,0.013906,0.024414,0.099299,0.011415,1,125483,129628,1218155,417,0,0,0,606,0,0,0,384,0,0,0,332,0,0,0,524,0,0,0,49,0,0,0,17699153219500374766,1066096792076418273,1066096792076418273,13733338137622446715,302388685304339690,10095610804568896714,0,0,0,0,0,0,0,0,0,0,0
758,5,801,8,10,0.039691,20181.02,0.019725,40607.78,0.015637,51223.23,0.018934,42303.84,0.021980,36442.53,0.020506,39061.45,0.027844,28767.67,0.040040,0.006148,0.007187,0.020506,0.073880,0.010165,4,98969,103964,511470,503,0,0,0,728,0,0,0,401,0,0,0,256,0,0,0,304,0,0,0,11,0,0,0,9987518645749493242,5282641337803395632,5282641337803395632,3811660941249951534,6008845271110247387,3811660941249951534,0,0,0,0,0,0,0,0,0,0,0
759,5,844,8,10,0.036205,23312.01,0.017723,47620.55,0.016896,49951.68,0.021054,40087.64,0.022956,36766.54,0.019921,42367.29,0.027434,30764.68,0.036853,0.005663,0.010351,0.019921,0.072789,0.010362,2,99486,104141,618306,530,0,0,0,780,0,0,0,342,0,0,0,253,0,0,0,336,0,0,0,8,0,0,0,14713311376577383926,6332024662584799284,6332024662584799284,5026817559516207831,18290545489939191736,8203042955402395232,0,0,0,0,0,0,0,0,0,0,0
760,5,838,8,10,0.046073,18188.72,0.031438,26655.53,0.023757,35274.36,0.021931,38211.06,0.033352,25125.63,0.023471,35703.71,0.035808,23402.72,0.046456,0.006000,0.011252,0.023471,0.087179,0.009715,1,97379,102269,779542,583,0,0,0,812,0,0,0,417,0,0,0,370,0,0,0,425,0,0,0,10,0,0,0,1665761444487706806,8449217512132570608,8449217512132570608,4555979418534472579,14200936215807970776,1622931496649218624,0,0,0,0,0,0,0,0,0,0,0
761,5,808,8,10,0.036839,21933.20,0.020257,39886.65,0.019287,41893.60,0.021667,37292.16,0.022697,35600.14,0.022164,36455.57,0.025937,31152.84,0.037314,0.005952,0.005587,0.022164,0.071018,0.009397,5,94577,98627,488174,537,0,0,0,932,0,0,0,404,0,0,0,349,0,0,0,372,0,0,0,10,0,0,0,1390435075000075615,14767968088460526790,14767968088460526790,2775422702158633061,3665143438785828608,1963201111580425053,0,0,0,0,0,0,0,0,0,0,0
762,5,766,8,10,0.032877,23298.65,0.017871,42863.85,0.016882,45372.97,0.018014,42523.44,0.021250,36047.56,0.018384,41665.96,0.022261,34410.47,0.033364,0.005708,0.010729,0.018384,0.068186,0.008485,1,87154,89774,737286,450,0,0,0,710,0,0,0,311,0,0,0,307,0,0,0,306,0,0,0,6,0,0,0,18266106776638357899,17523009733486461684,17523009733486461684,2231791967917470029,16700186681908467631,5312320868341041277,0,0,0,0,0,0,0,0,0,0,0
763,5,723,8,10,0.036666,19718.48,0.020279,35652.94,0.023889,30265.39,0.020672,34974.79,0.020629,35048.51,0.018743,38573.76,0.025163,28732.27,0.036884,0.005629,0.008778,0.018743,0.070034,0.008132,2,88988,91613,1441587,469,0,0,0,758,0,0,0,372,0,0,0,260,0,0,0,303,0,0,0,4,0,0,0,2111587018631048292,2111587018631048292,2111587018631048292,7220825400371177016,15426835992140198833,1579427409944238506,0,0,0,0,0,0,0,0,0,0,0
764,5,748,8,10,0.039018,19170.45,0.022009,33986.08,0.018480,40476.35,0.020373,36715.12,0.028627,26129.31,0.022516,33220.76,0.029834,25071.88,0.039427,0.006270,0.006293,0.022516,0.074506,0.009490,4,94447,98457,620708,504,0,0,0,838,0,0,0,333,0,0,0,326,0,0,0,338,0,0,0,6,0,0,0,6718116654762061563,410972214291539885,410972214291539885,762711612425741257,16730186261458640426,18111253597465878104,0,0,0,0,0,0,0,0,0,0,0
765,5,791,8,10,0.045093,17541.51,0.027730,28524.82,0.018276,43281.69,0.025124,31483.56,0.030826,25659.90,0.027148,29136.65,0.036624,21598.07,0.045548,0.005534,0.006347,0.027148,0.084577,0.009093,4,90319,94434,539731,462,0,0,0,792,0,0,0,321,0,0,0,261,0,0,0,266,0,0,0,6,0,0,0,712824376736663110,16137105288471726944,16137105288471726944,3154702285746583009,8814719889237022208,7984216167625010050,0,0,0,0,0,0,0,0,0,0,0
766,5,766,8,10,0.038094,20108.37,0.022904,33444.36,0.015895,48192.04,0.017356,44135.62,0.025549,29981.34,0.018346,41753.62,0.026973,28399.26,0.038344,0.005798,0.008929,0.018346,0.071416,0.008646,2,85716,89056,566345,414,0,0,0,612,0,0,0,315,0,0,0,244,0,0,0,340,0,0,0,6,0,0,0,12006059819304176168,12006059819304176168,12006059819304176168,14146523018099063900,14951054739345356085,17957423408351394711,0,0,0,0,0,0,0,0,0,0,0
767,5,919,8,10,0.033944,27073.89,0.017904,51329.67,0.015917,57736.98,0.018072,50853.46,0.020383,45086.98,0.018534,49585.84,0.027557,33348.81,0.034479,0.006473,0.010798,0.018534,0.070283,0.012760,2,102354,113284,405326,521,0,0,0,770,0,0,0,312,0,0,0,259,0,0,0,288,0,0,0,8,0,0,0,3468400243639164992,8654745795230840524,8654745795230840524,1152104805388140029,3763580895291297830,15119356283731579168,0,0,0,0,0,0,0,0,0,0,0
768,5,767,8,10,0.031566,24298.28,0.018207,42126.26,0.017017,45072.74,0.018689,41039.71,0.020166,38035.19,0.018327,41850.23,0.022254,34465.87,0.031742,0.006166,0.010931,0.018327,0.067167,0.009531,1,89784,93054,385541,479,0,0,0,857,0,0,0,359,0,0,0,276,0,0,0,296,0,0,0,11,0,0,0,7569971766578212853,9900651033471323886,9900651033471323886,7633751417504205624,12419993415908684960,15737373970849136916,0,0,0,0,0,0,0,0,0,0,0
769,5,876,8,10,0.044562,19658.08,0.023558,37185.26,0.020246,43267.06,0.019995,43810.28,0.025883,33844.20,0.024857,35241.65,0.029957,29242.16,0.044786,0.006743,0.007600,0.024857,0.083986,0.011360,4,107825,112370,1058877,659,0,0,0,972,0,0,0,517,0,0,0,445,0,0,0,465,0,0,0,3,0,0,0,15060874539608353603,1851249718328472429,1851249718328472429,12730415416252908506,6610654298755256571,13826704813298430253,0,0,0,0,0,0,0,0,0,0,0
770,5,744,8,10,0.032318,23021.21,0.018648,39896.85,0.016893,44041.12,0.019079,38996.06,0.020122,36975.08,0.019153,38844.10,0.022331,33317.30,0.032749,0.005829,0.005333,0.019153,0.063065,0.009018,5,92595,96325,289554,593,0,0,0,856,0,0,0,413,0,0,0,342,0,0,0,292,0,0,0,8,0,0,0,16544609838117621928,16544609838117621928,16544609838117621928,14030729681569851138,8421937482522318733,1433936202176109461,0,0,0,0,0,0,0,0,0,0,0
771,5,885,8,10,0.036616,24169.51,0.019002,46574.99,0.018514,47801.91,0.023176,38186.02,0.023185,38171.85,0.022005,40217.24,0.029664,29834.54,0.037001,0.006824,0.006095,0.022005,0.071925,0.011594,5,106077,120607,491495,528,0,0,0,812,0,0,0,359,0,0,0,243,0,0,0,267,0,0,0,13,0,0,0,17129530041432720441,17129530041432720441,17129530041432720441,15453514452963816049,16767701260113740843,928300130474100949,0,0,0,0,0,0,0,0,0,0,0
772,5,768,8,10,0.038579,19907.40,0.018394,41753.23,0.015823,48537.56,0.020194,38031.06,0.022041,34844.00,0.020867,36804.14,0.028744,26718.61,0.039146,0.006831,0.008798,0.020867,0.075643,0.009466,3,111016,113786,463998,422,0,0,0,685,0,0,0,383,0,0,0,274,0,0,0,317,0,0,0,9,0,0,0,13609611157264925265,4224779184217852163,4224779184217852163,12967838475168564696,8295910512552599913,7956975200594437128,0,0,0,0,0,0,0,0,0,0,0
773,5,834,8,10,0.055654,14985.39,0.033693,24753.07,0.027503,30324.44,0.028432,29333.13,0.037237,22397.14,0.031841,26192.55,0.043770,19054.19,0.056215,0.006140,0.009925,0.031841,0.104121,0.010348,2,99228,104043,479101,631,0,0,0,996,0,0,0,645,0,0,0,392,0,0,0,373,0,0,0,5,0,0,0,11048364884750891458,11048364884750891458,11048364884750891458,14903657652250041462,7063736411232001470,10394600156596688887,0,0,0,0,0,0,0,0,0,0,0
774,5,843,8,10,0.042674,19754.24,0.021849,38583.40,0.019534,43154.69,0.024814,33972.94,0.024826,33956.60,0.024212,34818.13,0.030322,27801.28,0.043326,0.006340,0.012517,0.024212,0.086394,0.010545,1,103600,105960,606439,435,0,0,0,803,0,0,0,533,0,0,0,279,0,0,0,357,0,0,0,6,0,0,0,10175202637349882986,10175202637349882986,10175202637349882986,17724318544331361630,8662804201748889092,8061756253965921597,0,0,0,0,0,0,0,0,0,0,0
775,5,798,8,10,0.033644,23718.69,0.018515,43099.52,0.017331,46045.96,0.018886,42253.16,0.019763,40378.47,0.018136,43999.76,0.022678,35188.70,0.033900,0.006108,0.011778,0.018136,0.069922,0.009861,1,96437,99537,310565,554,0,0,0,851,0,0,0,346,0,0,0,283,0,0,0,349,0,0,0,5,0,0,0,3325305073366472876,12509164403733267994,12509164403733267994,11627812465152635033,1748693574110951304,3380459522229964430,0,0,0,0,0,0,0,0,0,0,0
776,5,855,8,10,0.037748,22649.91,0.018086,47274.69,0.016900,50590.29,0.018931,45163.27,0.020161,42408.52,0.018501,46214.88,0.026025,32852.74,0.038118,0.006469,0.010645,0.018501,0.073732,0.011703,2,98061,103756,1308264,568,0,0,0,684,0,0,0,402,0,0,0,260,0,0,0,350,0,0,0,2,0,0,0,875250379443932153,620082903832086346,620082903832086346,6548409358829673569,9549622081997790539,6548409358829673569,0,0,0,0,0,0,0,0,0,0,0
777,5,768,8,10,0.030505,25175.96,0.016340,47000.53,0.016001,47996.16,0.018142,42332.55,0.019779,38829.43,0.016250,47261.56,0.021364,35949.10,0.030788,0.005736,0.010891,0.016250,0.063665,0.009124,1,91916,94976,289614,453,0,0,0,705,0,0,0,429,0,0,0,298,0,0,0,329,0,0,0,7,0,0,0,3293214950475512858,4677820911393477280,4677820911393477280,10344664471272962006,2073339937707908676,12853979342201157844,0,0,0,0,0,0,0,0,0,0,0
778,5,823,8,10,0.033939,24249.48,0.017833,46149.33,0.016472,49963.17,0.017592,46783.65,0.019960,41232.95,0.018553,44358.49,0.021412,38436.01,0.034422,0.006097,0.011798,0.018553,0.070871,0.009993,1,96050,98960,560682,478,0,0,0,798,0,0,0,447,0,0,0,326,0,0,0,357,0,0,0,4,0,0,0,3309281617708995978,8244914813543369287,8244914813543369287,8048112654542218935,7652987854784819010,13090642632215711783,0,0,0,0,0,0,0,0,0,0,0
779,5,807,8,10,0.049940,16159.42,0.025869,31195.78,0.022362,36088.47,0.025087,32168.36,0.032323,24966.52,0.028356,28459.80,0.039234,20568.87,0.050436,0.006917,0.009293,0.028356,0.095002,0.010330,3,106548,111408,490711,657,0,0,0,1021,0,0,0,500,0,0,0,386,0,0,0,376,0,0,0,11,0,0,0,16892492505000460138,7519176026999784056,7519176026999784056,16346048724888599678,17462266586605424721,14646754339081168853,0,0,0,0,0,0,0,0,0,0,0
780,5,899,8,10,0.034072,26385.36,0.019072,47137.92,0.018219,49345.03,0.019168,46901.30,0.020928,42956.66,0.018118,49619.82,0.025289,35549.50,0.034459,0.006267,0.009849,0.018118,0.068693,0.010786,2,97430,103050,618266,617,0,0,0,1068,0,0,0,399,0,0,0,296,0,0,0,351,0,0,0,11,0,0,0,18291231619628233915,16943537339117283609,16943537339117283609,8737746743097082373,196241454394683434,16557293639505932110,0,0,0,0,0,0,0,0,0,0,0
781,5,761,8,10,0.036147,21053.11,0.018362,41444.81,0.015164,50185.76,0.018312,41558.54,0.020453,37207.58,0.016636,45744.32,0.025462,29887.17,0.036660,0.005617,0.010503,0.016636,0.069416,0.008429,1,84577,87382,465553,428,0,0,0,686,0,0,0,408,0,0,0,250,0,0,0,287,0,0,0,9,0,0,0,3350492267216026026,15340946246738358849,15340946246738358849,5550293836104642040,415093834025514146,746623156498471725,0,0,0,0,0,0,0,0,0,0,0
782,5,786,8,10,0.029424,26713.23,0.013780,57037.77,0.011080,70940.01,0.013299,59100.51,0.014879,52825.39,0.012524,62758.83,0.018968,41437.34,0.029785,0.005263,0.010055,0.012524,0.057627,0.009102,1,81587,84302,1142839,319,0,0,0,405,0,0,0,264,0,0,0,210,0,0,0,268,0,0,0,2,0,0,0,5061263632310658047,5061263632310658047,5061263632310658047,13383077617963286625,7704428655392613091,13383077617963286625,0,0,0,0,0,0,0,0,0,0,0
783,5,758,8,10,0.220067,3444.40,0.202636,3740.70,0.198746,3813.91,0.199561,3798.34,0.203145,3731.33,0.101730,7451.11,0.209861,3611.91,0.220774,0.005488,0.006061,0.101730,0.334053,0.008327,4,81895,83860,747964,387,0,0,0,620,0,0,0,455,0,0,0,231,0,0,0,258,0,0,0,4,0,0,0,10272517061421967413,10272517061421967413,10272517061421967413,11916648684565289988,5842559198445114401,17827003352956839114,0,0,0,0,0,0,0,0,0,0,0
784,5,834,8,10,0.373858,2230.79,0.347938,2396.98,0.343686,2426.63,0.347705,2398.58,0.351685,2371.44,0.347159,2402.36,0.360624,2312.66,0.374667,0.006712,0.007267,0.347159,0.735805,0.010438,3,90129,92584,780436,434,0,0,0,516,0,0,0,335,0,0,0,258,0,0,0,328,0,0,0,6,0,0,0,11199238746036243603,1648787194954548330,1648787194954548330,17920645242394129333,10055551354856648518,2690690624942471463,0,0,0,0,0,0,0,0,0,0,0
785,5,881,8,10,0.238490,3694.07,0.220597,3993.71,0.214179,4113.38,0.213655,4123.48,0.221284,3981.30,0.211094,4173.49,0.229891,3832.26,0.239425,0.006199,0.012129,0.211094,0.468847,0.011335,1,102913,106063,593761,363,0,0,0,530,0,0,0,272,0,0,0,233,0,0,0,269,0,0,0,3,0,0,0,14356412603058526963,14356412603058526963,14356412603058526963,7530236528681473302,6709103210074827838,1890319903304712314,0,0,0,0,0,0,0,0,0,0,0
786,5,750,8,10,0.404885,1852.38,0.384934,1948.39,0.374899,2000.54,0.382167,1962.49,0.384222,1952.00,0.117284,6394.73,0.392902,1908.87,0.405295,0.005188,0.009159,0.117284,0.536927,0.008530,2,92575,95265,626190,314,0,0,0,504,0,0,0,336,0,0,0,196,0,0,0,205,0,0,0,7,0,0,0,11348747600756464206,11348747600756464206,11348747600756464206,901361520007225263,3143108269571196615,10463316688494676564,0,0,0,0,0,0,0,0,0,0,0
787,5,742,8,10,0.321829,2305.57,0.308512,2405.09,0.305642,2427.67,0.306316,2422.34,0.308271,2406.97,0.297833,2491.33,0.314845,2356.72,0.322461,0.005886,0.010223,0.297833,0.636404,0.008038,1,83264,86339,445410,391,0,0,0,727,0,0,0,460,0,0,0,195,0,0,0,540,0,0,0,5,0,0,0,15001195416845919895,3326016658845741785,3326016658845741785,5267124233782297388,12692193306406983653,17539191437565141580,0,0,0,0,0,0,0,0,0,0,0
788,5,805,8,10,0.062544,12871.00,0.045521,17684.27,0.039183,20544.82,0.040009,20120.30,0.044589,18053.90,0.042330,19017.40,0.050446,15957.62,0.062965,0.006287,0.006685,0.042330,0.118267,0.010218,4,89157,92532,1112102,414,0,0,0,697,0,0,0,362,0,0,0,263,0,0,0,301,0,0,0,6,0,0,0,15765154454719758025,580168442056444367,580168442056444367,17961682333879911446,2474723140279445488,14457719611600451596,0,0,0,0,0,0,0,0,0,0,0
789,5,788,8,10,0.033986,23186.06,0.017592,44793.13,0.016601,47466.07,0.019332,40761.55,0.019608,40187.87,0.018085,43571.47,0.025929,30391.17,0.034208,0.005675,0.005345,0.018085,0.063313,0.009514,5,88207,92667,649265,457,0,0,0,671,0,0,0,368,0,0,0,297,0,0,0,206,0,0,0,2,0,0,0,8316102684054163410,9904548916308975772,9904548916308975772,14981505923104119257,6235283466228041310,12140246289689529575,0,0,0,0,0,0,0,0,0,0,0
790,5,802,8,10,0.067919,11808.23,0.048944,16386.22,0.037696,21275.60,0.040378,19862.22,0.049211,16297.16,0.038606,20773.79,0.059027,13587.08,0.068503,0.005521,0.010739,0.038606,0.123369,0.009343,1,89213,93338,827693,373,0,0,0,627,0,0,0,247,0,0,0,186,0,0,0,200,0,0,0,7,0,0,0,15940630462666586693,13507941874109856785,13507941874109856785,14968491129839370786,11841189418300393168,13757510898442631044,0,0,0,0,0,0,0,0,0,0,0
791,5,970,8,10,0.034531,28090.98,0.016001,60620.70,0.014459,67087.08,0.015554,62365.24,0.017656,54939.71,0.016792,57765.95,0.027703,35014.03,0.035367,0.007215,0.013088,0.016792,0.072461,0.013236,1,105326,113711,521851,365,0,0,0,544,0,0,0,345,0,0,0,251,0,0,0,284,0,0,0,6,0,0,0,15293925677806951581,15293925677806951581,15293925677806951581,18044331486320403137,3284108941496112027,12113052273610680852,0,0,0,0,0,0,0,0,0,0,0
792,5,821,8,10,0.031905,25732.61,0.015447,53150.12,0.014202,57808.98,0.016415,50015.06,0.018036,45520.47,0.016013,51270.08,0.024403,33643.71,0.032404,0.005953,0.011238,0.016013,0.065608,0.009359,1,90016,93571,622249,444,0,0,0,599,0,0,0,263,0,0,0,229,0,0,0,260,0,0,0,6,0,0,0,15409292144051038053,17236162439966689945,17236162439966689945,1590338566805583664,5813434127742612182,12809973520878513059,0,0,0,0,0,0,0,0,0,0,0
793,5,811,8,10,0.033933,23900.36,0.016859,48103.48,0.016054,50515.69,0.018614,43568.99,0.021582,37577.97,0.018852,43018.74,0.025775,31464.15,0.034196,0.005488,0.010762,0.018852,0.069298,0.009570,1,86400,90295,567786,492,0,0,0,706,0,0,0,300,0,0,0,240,0,0,0,319,0,0,0,4,0,0,0,13860146817913553819,12851263430921211518,12851263430921211518,13843288579876606224,7375208123997747835,12823071408731202538,0,0,0,0,0,0,0,0,0,0,0
794,5,802,8,10,0.046118,17390.31,0.025413,31558.68,0.014597,54942.58,0.023901,33554.52,0.029800,26912.67,0.024200,33139.83,0.040521,19792.20,0.046393,0.005892,0.011073,0.024200,0.087558,0.009208,1,90424,97229,791697,321,0,0,0,458,0,0,0,218,0,0,0,151,0,0,0,228,0,0,0,4,0,0,0,14468356835395292842,6806157034114715114,6806157034114715114,6548118943770244191,10273177055194893148,434857507100774854,0,0,0,0,0,0,0,0,0,0,0
795,5,784,8,10,0.032336,24245.52,0.015473,50669.61,0.014833,52854.53,0.017525,44737.13,0.018701,41922.23,0.016459,47633.14,0.023113,33920.43,0.032316,0.005653,0.010599,0.016459,0.065027,0.008861,1,84919,88804,888815,373,0,0,0,699,0,0,0,358,0,0,0,225,0,0,0,278,0,0,0,4,0,0,0,17570307873911780070,12054777110524566153,12054777110524566153,15827409600498486768,2725605506677544785,2484468311830286649,0,0,0,0,0,0,0,0,0,0,0
796,5,813,8,10,0.036643,22186.90,0.018296,44435.65,0.017154,47392.84,0.019024,42735.79,0.021455,37893.01,0.020720,39238.32,0.026835,30296.47,0.037220,0.006591,0.006765,0.020720,0.071296,0.009754,4,96339,100344,583311,468,0,0,0,792,0,0,0,325,0,0,0,290,0,0,0,307,0,0,0,4,0,0,0,5252332078778665888,7424943997702409591,7424943997702409591,4728945266397582541,211524612256266833,11700774030065344684,0,0,0,0,0,0,0,0,0,0,0
797,5,856,8,10,0.278818,3070.10,0.260001,3292.29,0.249363,3432.75,0.251298,3406.32,0.257763,3320.87,0.248189,3448.99,0.270810,3160.88,0.279241,0.006101,0.011983,0.248189,0.545513,0.010881,1,96731,102671,1121216,476,0,0,0,738,0,0,0,411,0,0,0,272,0,0,0,616,0,0,0,5,0,0,0,228940390321836606,3606391543950196991,3606391543950196991,5296236543191309667,14478297918423797799,10280823137021973986,0,0,0,0,0,0,0,0,0,0,0
798,5,688,8,10,0.029612,23233.97,0.015032,45768.35,0.013594,50609.60,0.014923,46102.88,0.016384,41991.40,0.017332,39695.49,0.019113,35997.35,0.030011,0.004981,0.005563,0.017332,0.057886,0.007113,4,77278,79268,795843,405,0,0,0,607,0,0,0,274,0,0,0,243,0,0,0,254,0,0,0,4,0,0,0,9446058083777996985,11902017491277996515,11902017491277996515,11025967845354130715,16166528021712595593,1424252571315957076,0,0,0,0,0,0,0,0,0,0,0
799,5,812,8,10,0.031941,25421.92,0.017895,45376.47,0.016876,48115.93,0.018283,44413.37,0.018821,43143.23,0.017114,47447.56,0.022439,36186.36,0.032296,0.005639,0.010616,0.017114,0.065664,0.008951,1,84174,87744,711463,471,0,0,0,678,0,0,0,440,0,0,0,275,0,0,0,332,0,0,0,6,0,0,0,6372289085830844498,15693500883694554110,15693500883694554110,5182867999739163519,15227140882648161701,16714305616136406288,0,0,0,0,0,0,0,0,0,0,0
800,5,786,8,10,0.063804,12319.02,0.044819,17537.37,0.041660,18866.95,0.041826,18792.36,0.046998,16723.97,0.033844,23224.20,0.054818,14338.46,0.064058,0.006452,0.011125,0.033844,0.115479,0.008785,1,90689,95504,863626,425,0,0,0,643,0,0,0,362,0,0,0,252,0,0,0,227,0,0,0,3,0,0,0,1311369752735591087,1311369752735591087,1311369752735591087,13206469963746465530,3840155324532981553,9430144026389511526,0,0,0,0,0,0,0,0,0,0,0
801,5,706,8,10,0.031196,22631.32,0.015250,46294.89,0.013581,51984.00,0.014157,49869.54,0.016678,42330.49,0.015341,46020.44,0.021673,32575.63,0.031478,0.005567,0.006670,0.015341,0.059056,0.007408,3,75475,78055,1068037,341,0,0,0,519,0,0,0,195,0,0,0,166,0,0,0,178,0,0,0,5,0,0,0,15680613444969864949,2771938007378636403,2771938007378636403,7722402447011277319,7043761800660753835,868885798696180880,0,0,0,0,0,0,0,0,0,0,0
802,5,831,8,10,0.036212,22948.03,0.015450,53784.81,0.014183,58593.33,0.017515,47445.34,0.020697,40150.07,0.020221,41096.39,0.027801,29890.48,0.036584,0.006113,0.005557,0.020221,0.068475,0.010018,5,91483,96043,756792,487,0,0,0,717,0,0,0,283,0,0,0,295,0,0,0,303,0,0,0,15,0,0,0,16760868656784484979,11132325170228633071,11132325170228633071,10996311285017148321,2112722232003136535,7015388801441165758,0,0,0,0,0,0,0,0,0,0,0
803,5,715,8,10,0.103977,6876.55,0.084460,8465.52,0.081464,8776.93,0.079581,8984.57,0.086365,8278.83,0.077278,9252.29,0.094371,7576.50,0.104597,0.005164,0.010181,0.077278,0.197219,0.007762,1,77908,81268,437506,351,0,0,0,529,0,0,0,336,0,0,0,203,0,0,0,250,0,0,0,5,0,0,0,5632938518311811874,15228798898576265846,15228798898576265846,6310391761383708311,4202954994028103324,6310391761383708311,0,0,0,0,0,0,0,0,0,0,0
804,5,795,8,10,0.051560,15419.03,0.029204,27221.91,0.024800,32055.83,0.020328,39108.84,0.033381,23815.79,0.030637,25949.13,0.042491,18709.89,0.051862,0.005762,0.006693,0.030637,0.094955,0.009390,4,92773,97658,899268,502,0,0,0,735,0,0,0,303,0,0,0,300,0,0,0,244,0,0,0,7,0,0,0,11430623103760348354,11430623103760348354,11430623103760348354,5375871012854093219,12705653121979339559,107252741175696096,0,0,0,0,0,0,0,0,0,0,0
805,5,804,8,10,0.032207,24963.74,0.016839,47745.83,0.015467,51981.83,0.017626,45614.96,0.018088,44448.99,0.017582,45728.01,0.024577,32713.81,0.032614,0.005516,0.008935,0.017582,0.064647,0.009044,2,84277,87687,517452,541,0,0,0,757,0,0,0,370,0,0,0,258,0,0,0,336,0,0,0,7,0,0,0,17432280792333073408,17432280792333073408,17432280792333073408,10778575135372087638,14880824195345454406,5040991269046111485,0,0,0,0,0,0,0,0,0,0,0
806,5,795,8,10,0.033425,23784.78,0.016666,47702.88,0.015563,51083.97,0.016949,46904.81,0.017648,45047.91,0.015437,51498.40,0.024481,32473.60,0.033664,0.005672,0.010738,0.015437,0.065511,0.008821,1,85115,88505,669825,476,0,0,0,655,0,0,0,265,0,0,0,223,0,0,0,295,0,0,0,10,0,0,0,13218561243388882216,3451690600956596932,3451690600956596932,2333010264213658708,5034128115573443663,9071861891782595805,0,0,0,0,0,0,0,0,0,0,0
807,5,794,8,10,0.038941,20389.65,0.021874,36298.83,0.016387,48452.36,0.018674,42518.99,0.024129,32906.48,0.018794,42248.50,0.029685,26747.22,0.039484,0.006515,0.011268,0.018794,0.076061,0.009115,1,91954,96109,979875,507,0,0,0,612,0,0,0,291,0,0,0,213,0,0,0,275,0,0,0,6,0,0,0,1644019255802329908,1644019255802329908,1644019255802329908,6121600395001258855,853166497818172539,15725253647016079807,0,0,0,0,0,0,0,0,0,0,0
808,5,787,8,10,0.027964,28143.76,0.016387,48025.06,0.013845,56842.89,0.015359,51239.97,0.016674,47198.67,0.015823,49736.45,0.022487,34997.36,0.028305,0.005230,0.004758,0.015823,0.054116,0.008518,5,81089,88029,627455,467,0,0,0,705,0,0,0,421,0,0,0,263,0,0,0,231,0,0,0,8,0,0,0,10441490402344856093,10441490402344856093,10441490402344856093,15420748963909492524,12109206034224109906,7039671367631051398,0,0,0,0,0,0,0,0,0,0,0
809,5,1020,8,10,0.045923,22211.04,0.023332,43717.34,0.019069,53490.16,0.017399,58624.12,0.023927,42630.17,0.016955,60160.99,0.038959,26181.15,0.046363,0.006356,0.012305,0.016955,0.081979,0.014868,1,103629,124864,805817,550,0,0,0,665,0,0,0,346,0,0,0,323,0,0,0,311,0,0,0,7,0,0,0,17962767325060710639,17962767325060710639,17962767325060710639,14617674618220944476,14417290287036987014,7782423121365038884,0,0,0,0,0,0,0,0,0,0,0
810,5,934,8,10,0.040207,23229.59,0.021060,44349.20,0.018502,50480.90,0.015819,59044.67,0.021004,44467.96,0.015965,58501.94,0.038733,24114.10,0.040559,0.006079,0.011430,0.015965,0.074033,0.012117,1,97184,116664,654869,509,0,0,0,665,0,0,0,251,0,0,0,255,0,0,0,300,0,0,0,6,0,0,0,400928481153255476,400928481153255476,400928481153255476,1780755814347259666,9501747542135654697,3657813572792831854,0,0,0,0,0,0,0,0,0,0,0
811,5,899,8,10,0.046543,19315.61,0.028173,31910.50,0.021580,41658.77,0.019222,46769.83,0.026337,34134.88,0.026976,33325.57,0.045497,19759.47,0.046659,0.005483,0.006336,0.026976,0.085454,0.011362,4,90256,108621,696773,514,0,0,0,703,0,0,0,211,0,0,0,216,0,0,0,215,0,0,0,6,0,0,0,1858194592128407676,14785340261967210003,14785340261967210003,205657165656585822,6202050291008295934,6788801016399092269,0,0,0,0,0,0,0,0,0,0,0
812,5,950,8,10,0.040139,23667.80,0.020407,46553.76,0.013327,71281.68,0.015136,62763.07,0.023531,40372.34,0.018212,52163.84,0.039662,23952.44,0.040551,0.006007,0.011331,0.018212,0.076100,0.012217,1,95549,118649,591636,520,0,0,0,579,0,0,0,225,0,0,0,221,0,0,0,339,0,0,0,3,0,0,0,4172561100449493384,16181721963354807640,16181721963354807640,3644405831744229041,14064894193641950842,12521968592437469696,0,0,0,0,0,0,0,0,0,0,0
813,5,877,8,10,0.033954,25829.10,0.016444,53333.42,0.014903,58846.12,0.017928,48917.24,0.020525,42728.54,0.037818,23189.97,0.032068,27348.25,0.034397,0.005591,0.010804,0.037818,0.088611,0.011067,1,95119,114059,739547,582,0,0,0,655,0,0,0,291,0,0,0,216,0,0,0,0,0,0,0,8,0,0,0,720551658551883124,10722623982851682792,10722623982851682792,7180824574695398817,3753109484058261940,3096330553664772359,0,0,0,0,0,0,0,0,0,0,1
814,5,802,8,10,0.035667,22485.57,0.015645,51261.98,0.013380,59940.89,0.017022,47115.54,0.018311,43798.33,0.016457,48733.29,0.027674,28979.77,0.035949,0.005624,0.008962,0.016457,0.066992,0.009568,2,90262,97492,838635,457,0,0,0,605,0,0,0,211,0,0,0,137,0,0,0,181,0,0,0,10,0,0,0,6652507224599819611,9680538673720584836,9680538673720584836,3882990895097835622,8935295179988054696,13204306088970823475,0,0,0,0,0,0,0,0,0,0,0
815,5,1069,8,10,0.034708,30800.08,0.013898,76915.44,0.011021,96997.42,0.015410,69371.57,0.017105,62496.28,0.015445,69212.38,0.023988,44563.10,0.034973,0.007149,0.010478,0.015445,0.068045,0.014263,2,102146,106216,839972,290,0,0,0,351,0,0,0,184,0,0,0,165,0,0,0,147,0,0,0,4,0,0,0,8841471947665904211,10841826024329386083,10841826024329386083,6191116417721014485,11061917491060453057,4137877893041877849,0,0,0,0,0,0,0,0,0,0,0
816,5,936,8,10,0.040451,23138.87,0.018983,49306.77,0.018328,51068.31,0.019205,48736.51,0.022127,42301.65,0.020166,46414.21,0.024944,37523.88,0.040836,0.006501,0.005993,0.020166,0.073496,0.011997,5,99318,102958,690640,405,0,0,0,672,0,0,0,497,0,0,0,404,0,0,0,339,0,0,0,8,0,0,0,12752049919490866580,4566583231182880100,4566583231182880100,17074383386230082231,6930207885402976884,11512168649064304770,0,0,0,0,0,0,0,0,0,0,0
817,5,717,8,10,0.027446,26123.88,0.011967,59915.86,0.011151,64296.51,0.013275,54009.92,0.014757,48588.55,0.013891,51614.75,0.017114,41894.33,0.027845,0.005274,0.004901,0.013891,0.051911,0.007737,5,78543,80048,409880,287,0,0,0,510,0,0,0,339,0,0,0,236,0,0,0,218,0,0,0,1,0,0,0,353346133982103798,10033651006795113007,10033651006795113007,11961162346430998843,7102309297522235540,12504754333812545498,0,0,0,0,0,0,0,0,0,0,0
818,5,987,8,10,0.032084,30762.98,0.017317,56997.30,0.015670,62988.03,0.018540,53234.98,0.019884,49637.91,0.020049,49229.40,0.024255,40693.15,0.032689,0.006135,0.006746,0.020049,0.065620,0.012092,4,93768,98018,513691,460,0,0,0,715,0,0,0,317,0,0,0,223,0,0,0,242,0,0,0,8,0,0,0,5836338145408205990,1612659376645450178,1612659376645450178,17811574948355040613,15184396907707502777,18094863601623696973,0,0,0,0,0,0,0,0,0,0,0
819,5,806,8,10,0.029697,27141.07,0.014202,56753.37,0.013922,57892.79,0.016191,49781.23,0.016690,48293.33,0.014706,54807.65,0.021580,37348.75,0.030303,0.005506,0.010345,0.014706,0.060860,0.008887,1,85124,88594,349932,420,0,0,0,652,0,0,0,380,0,0,0,226,0,0,0,244,0,0,0,1,0,0,0,13816436354319713342,17963520287792635762,17963520287792635762,11700094735380501267,17031575685807018164,6538378592003509748,0,0,0,0,0,0,0,0,0,0,0
820,5,952,8,10,0.033245,28636.22,0.015654,60815.59,0.014207,67010.90,0.016963,56121.50,0.018357,51859.37,0.018396,51749.99,0.025542,37272.25,0.033706,0.007164,0.012905,0.018396,0.072171,0.012754,1,107667,114072,495120,382,0,0,0,560,0,0,0,319,0,0,0,239,0,0,0,304,0,0,0,2,0,0,0,15666821176924191430,14621667451578464030,14621667451578464030,12704207726736560353,15359855392500508321,12145940261420657117,0,0,0,0,0,0,0,0,0,0,0
821,5,876,8,10,0.028945,30264.80,0.015686,55846.91,0.013690,63990.14,0.015595,56172.34,0.016515,53042.88,0.015103,58002.04,0.021330,41067.98,0.029363,0.005932,0.006453,0.015103,0.056851,0.010462,4,87872,92122,878121,435,0,0,0,648,0,0,0,342,0,0,0,225,0,0,0,250,0,0,0,4,0,0,0,16934662284318375577,16934662284318375577,16934662284318375577,15041653577570642804,12323260476284112398,9874205963437567426,0,0,0,0,0,0,0,0,0,0,0
822,5,822,8,10,0.027742,29630.35,0.013303,61788.78,0.011926,68927.89,0.013454,61096.93,0.015466,53147.22,0.013942,58957.03,0.020079,40937.80,0.028103,0.005615,0.010170,0.013942,0.057830,0.009542,1,85339,92144,816191,367,0,0,0,578,0,0,0,339,0,0,0,246,0,0,0,277,0,0,0,4,0,0,0,13201661021362481372,9414521952490332169,9414521952490332169,17445317513242370019,13500341976505097402,8936637517049556513,0,0,0,0,0,0,0,0,0,0,0
823,5,856,8,10,0.033192,25789.56,0.019738,43367.61,0.018596,46031.22,0.019279,44399.89,0.021914,39062.05,0.021424,39956.11,0.024197,35377.00,0.033634,0.005809,0.005513,0.021424,0.066380,0.010577,5,91679,94764,408056,520,0,0,0,759,0,0,0,361,0,0,0,299,0,0,0,305,0,0,0,6,0,0,0,18052896135541232366,4659710870825472288,4659710870825472288,5084568392527557545,14390717641297148861,12200835242177650863,0,0,0,0,0,0,0,0,0,0,0
824,5,863,8,10,0.131879,6543.89,0.118384,7289.83,0.116163,7429.18,0.115803,7452.30,0.120748,7147.14,0.109016,7916.25,0.124695,6920.89,0.132392,0.006220,0.011170,0.109016,0.258799,0.010112,1,87746,92736,700392,394,0,0,0,674,0,0,0,414,0,0,0,216,0,0,0,552,0,0,0,3,0,0,0,5810156143009262581,16961602976420545852,16961602976420545852,17972955209141928480,7668123583873890935,6574737605202729596,0,0,0,0,0,0,0,0,0,0,0
825,5,846,8,10,0.035198,24035.32,0.019716,42908.60,0.016024,52796.04,0.015820,53476.32,0.023293,36319.88,0.020087,42115.85,0.026288,32182.36,0.035676,0.005652,0.006369,0.020087,0.067784,0.009873,4,86278,90243,684698,427,0,0,0,661,0,0,0,311,0,0,0,222,0,0,0,249,0,0,0,2,0,0,0,9476805246289782869,13797596021947485371,13797596021947485371,618689554582248281,15460847194180054470,13086930483577070308,0,0,0,0,0,0,0,0,0,0,0
826,5,866,8,10,0.044010,19677.25,0.025386,34113.27,0.022420,38625.39,0.023172,37372.72,0.027936,30999.66,0.025447,34031.95,0.036423,23776.22,0.044365,0.006044,0.009648,0.025447,0.085504,0.010726,2,96714,101229,407023,595,0,0,0,937,0,0,0,338,0,0,0,286,0,0,0,370,0,0,0,5,0,0,0,13454536769053067070,1949393552466009802,1949393552466009802,16007353986658765407,12868249596536783292,1172826642083642646,0,0,0,0,0,0,0,0,0,0,0
827,5,773,8,10,0.038321,20171.75,0.030414,25416.08,0.028812,26829.32,0.024007,32198.73,0.031603,24459.44,0.025303,30549.32,0.027718,27887.71,0.038726,0.005513,0.010710,0.025303,0.080252,0.009184,1,89908,93603,1103183,559,0,0,0,885,0,0,0,528,0,0,0,354,0,0,0,443,0,0,0,5,0,0,0,10084902097996150489,10084902097996150489,10084902097996150489,14545223080670459510,17472626595147220459,1746360455326987603,0,0,0,0,0,0,0,0,0,0,0
828,5,799,8,10,0.027864,28674.55,0.014957,53420.38,0.013870,57606.34,0.015943,50117.37,0.017112,46692.40,0.015529,51452.19,0.020188,39577.45,0.028300,0.005180,0.009883,0.015529,0.058892,0.008815,1,80629,84429,437918,452,0,0,0,649,0,0,0,356,0,0,0,250,0,0,0,297,0,0,0,8,0,0,0,17532777355095533998,17239955712729331826,17239955712729331826,12256431762636541087,8294882313739186301,3305724028932774994,0,0,0,0,0,0,0,0,0,0,0
829,5,775,8,10,0.038157,20310.77,0.021483,36075.49,0.015660,49487.63,0.017102,45315.52,0.024402,31759.11,0.019414,39919.24,0.031062,24949.73,0.038577,0.005003,0.010504,0.019414,0.073498,0.008678,1,85379,88954,551021,526,0,0,0,762,0,0,0,302,0,0,0,277,0,0,0,280,0,0,0,6,0,0,0,3908508138140898799,4522090462799834719,4522090462799834719,9409462282491345899,17154218833220485761,5714917720637549319,0,0,0,0,0,0,0,0,0,0,0
830,5,844,8,10,0.028667,29441.12,0.015097,55903.59,0.013924,60614.67,0.015505,54434.09,0.017973,46958.19,0.017995,46901.15,0.023717,35586.15,0.028980,0.005490,0.005118,0.017995,0.057583,0.010022,5,85471,90281,427735,416,0,0,0,651,0,0,0,264,0,0,0,181,0,0,0,170,0,0,0,5,0,0,0,12913990795863782362,11351172442946956416,11351172442946956416,1128162757811752634,6614317080044546043,1128162757811752634,0,0,0,0,0,0,0,0,0,0,0
831,5,822,8,10,0.029945,27450.11,0.017348,47382.40,0.016861,48752.04,0.017937,45827.04,0.018234,45081.36,0.017592,46725.81,0.021802,37702.44,0.030396,0.005735,0.011057,0.017592,0.064780,0.010034,1,87717,92342,441066,512,0,0,0,787,0,0,0,337,0,0,0,262,0,0,0,330,0,0,0,1,0,0,0,16310099798523372693,996815540887018468,996815540887018468,3917372130648947417,15698036947815237566,18241943423127113990,0,0,0,0,0,0,0,0,0,0,0
832,5,815,8,10,0.035814,22756.55,0.019043,42797.17,0.016035,50827.18,0.017892,45550.83,0.019175,42504.08,0.016583,49146.57,0.026896,30302.34,0.036423,0.006023,0.011312,0.016583,0.070342,0.009842,1,96006,101316,512240,544,0,0,0,796,0,0,0,393,0,0,0,315,0,0,0,365,0,0,0,6,0,0,0,17207173851777336558,16119255899802259256,16119255899802259256,17250023295278802547,3272183945442828771,16876191978360599829,0,0,0,0,0,0,0,0,0,0,0
833,5,759,8,10,0.106448,7130.27,0.084336,8999.70,0.081578,9304.03,0.085149,8913.81,0.087963,8628.58,0.047935,15833.86,0.099501,7628.05,0.106941,0.005912,0.010712,0.047935,0.171501,0.008675,1,84581,88976,736040,426,0,0,0,813,0,0,0,424,0,0,0,346,0,0,0,203,0,0,0,4,0,0,0,16503099918337168114,18324577589250048559,18324577589250048559,374694075296499998,2039069251131318082,9936946226450444537,0,0,0,0,0,0,0,0,0,0,0
834,5,802,8,10,0.028627,28015.18,0.015152,52930.25,0.014252,56272.15,0.016639,48200.35,0.019034,42135.52,0.015457,51886.97,0.022337,35904.93,0.028821,0.005544,0.008626,0.015457,0.058448,0.008710,2,78107,81997,481109,371,0,0,0,610,0,0,0,208,0,0,0,145,0,0,0,196,0,0,0,3,0,0,0,3163744157975757898,3163744157975757898,3163744157975757898,143577194897548538,7894460474279850212,17257660404383355282,0,0,0,0,0,0,0,0,0,0,0
835,5,770,8,10,0.035262,21836.30,0.016525,46596.01,0.015692,49070.19,0.020043,38416.95,0.021511,35795.28,0.018632,41325.68,0.026109,29491.21,0.035920,0.006278,0.011591,0.018632,0.072422,0.009242,1,99539,104189,534346,509,0,0,0,748,0,0,0,464,0,0,0,315,0,0,0,373,0,0,0,6,0,0,0,9771825059356676520,13252537942823665175,13252537942823665175,15934568919936479613,5668649905055646874,10594629735843252691,0,0,0,0,0,0,0,0,0,0,0
836,5,854,8,10,0.032805,26032.46,0.017342,49243.97,0.016195,52732.38,0.018055,47299.16,0.020535,41587.03,0.020776,41104.74,0.025274,33789.51,0.033320,0.006236,0.005705,0.020776,0.066037,0.010450,5,93649,99199,553177,532,0,0,0,741,0,0,0,276,0,0,0,240,0,0,0,235,0,0,0,2,0,0,0,7099984665797438732,17087024322453946012,17087024322453946012,313098071055152098,10437154726297091512,14304254461815881444,0,0,0,0,0,0,0,0,0,0,0
837,5,796,8,10,0.030184,26371.17,0.013699,58105.95,0.012326,64577.98,0.014963,53199.39,0.016764,47482.00,0.016063,49555.44,0.023834,33397.13,0.030476,0.005782,0.006264,0.016063,0.058585,0.009267,4,86367,92467,449273,426,0,0,0,607,0,0,0,301,0,0,0,221,0,0,0,187,0,0,0,5,0,0,0,12418443335357850045,4445425759830354825,4445425759830354825,11688708607120622625,14177740971383391773,8097429185398408165,0,0,0,0,0,0,0,0,0,0,0
838,5,821,8,10,0.032478,25278.63,0.017149,47875.15,0.014081,58303.59,0.015037,54596.97,0.017880,45917.80,0.017554,46770.76,0.026345,31163.29,0.032954,0.005488,0.005022,0.017554,0.061018,0.009160,5,84249,90364,435400,460,0,0,0,678,0,0,0,265,0,0,0,174,0,0,0,178,0,0,0,4,0,0,0,866374133173361888,15862753952028593847,15862753952028593847,16575945109495591408,1241508931659729219,5634583953820354040,0,0,0,0,0,0,0,0,0,0,0
839,5,804,8,10,0.031175,25789.92,0.014732,54574.37,0.013814,58202.82,0.016570,48522.55,0.017372,46280.45,0.017404,46195.18,0.025031,32120.55,0.031427,0.005615,0.009429,0.017404,0.063875,0.009503,2,89523,94758,345178,439,0,0,0,735,0,0,0,317,0,0,0,220,0,0,0,238,0,0,0,10,0,0,0,16772213698812865387,3978213735600077942,3978213735600077942,13496475109075521749,18240541284218728137,8464056613955251507,0,0,0,0,0,0,0,0,0,0,0
840,5,922,8,10,0.033581,27455.94,0.016802,54875.94,0.014711,62674.20,0.016739,55081.31,0.018659,49413.71,0.016495,55894.39,0.025373,36337.75,0.034157,0.006637,0.009553,0.016495,0.066843,0.012023,2,96757,103292,1040323,467,0,0,0,695,0,0,0,347,0,0,0,290,0,0,0,300,0,0,0,7,0,0,0,15033949248841491403,13371508403144661697,13371508403144661697,6515601817736133094,17877399067704859349,9556578379599213977,0,0,0,0,0,0,0,0,0,0,0
841,5,895,8,10,0.030992,28878.09,0.015879,56363.06,0.014271,62715.39,0.016196,55260.37,0.016878,53027.87,0.016927,52874.80,0.020551,43550.57,0.031321,0.006121,0.011814,0.016927,0.066183,0.011571,1,91929,96904,622273,442,0,0,0,621,0,0,0,392,0,0,0,438,0,0,0,455,0,0,0,4,0,0,0,17881308022937646737,14753160771083474058,14753160771083474058,14012808789237828304,13875924639268948943,14279304822966857139,0,0,0,0,0,0,0,0,0,0,0
842,5,811,8,10,0.027937,29029.57,0.015312,52963.76,0.013965,58072.48,0.015577,52063.42,0.017916,45268.06,0.023851,34002.79,0.020496,39569.22,0.028382,0.005114,0.009623,0.023851,0.066969,0.008335,1,80001,82846,646770,473,0,0,0,781,0,0,0,589,0,0,0,365,0,0,0,486,0,0,0,8,0,0,0,8190129617352770854,17684928667124114143,17684928667124114143,15360262368957990835,2397720378951290264,2338284271969981483,0,0,0,0,0,0,0,0,0,0,0
843,5,728,8,10,0.034749,20950.24,0.018341,39693.13,0.017019,42774.79,0.020732,35114.83,0.022716,32048.02,0.019787,36792.46,0.026556,27413.62,0.035134,0.005278,0.006831,0.019787,0.067030,0.007769,3,83228,87138,432279,412,0,0,0,640,0,0,0,432,0,0,0,310,0,0,0,317,0,0,0,13,0,0,0,13567909588747280952,17715874812145202980,17715874812145202980,8832561940522892067,3909493849437245769,7037804664373010667,0,0,0,0,0,0,0,0,0,0,0
844,5,940,8,10,0.037163,25293.77,0.023574,39873.84,0.016850,55785.35,0.018211,51617.11,0.025459,36921.38,0.016891,55650.75,0.028607,32858.95,0.037608,0.006274,0.012011,0.016891,0.072784,0.012005,1,92371,96666,359054,470,0,0,0,828,0,0,0,397,0,0,0,342,0,0,0,327,0,0,0,3,0,0,0,7969941848243353385,7969941848243353385,7969941848243353385,10992462471197974394,8915846725002039156,12473233328205201005,0,0,0,0,0,0,0,0,0,0,0
845,5,821,8,10,0.035918,22857.86,0.020993,39108.47,0.016614,49415.02,0.015903,51623.95,0.021512,38165.34,0.020910,39263.64,0.025473,32229.64,0.036356,0.005377,0.005126,0.020910,0.067769,0.009357,5,81824,84439,582138,368,0,0,0,559,0,0,0,301,0,0,0,251,0,0,0,228,0,0,0,2,0,0,0,4696773616678660832,2019107222758162377,2019107222758162377,12284419935135151420,17471560029477423002,12261396081409930184,0,0,0,0,0,0,0,0,0,0,0
846,5,901,8,10,0.029245,30808.39,0.015340,58736.05,0.014447,62364.39,0.014633,61574.69,0.016944,53174.23,0.015660,57533.60,0.021387,42127.69,0.029677,0.006089,0.011293,0.015660,0.062719,0.010693,1,88954,93329,287233,498,0,0,0,677,0,0,0,324,0,0,0,263,0,0,0,372,0,0,0,5,0,0,0,4464503803382434488,2418958007783435939,2418958007783435939,15040591886833790566,1193995795630340763,16228477551630658611,0,0,0,0,0,0,0,0,0,0,0
847,5,857,8,10,0.050811,16866.48,0.027338,31348.55,0.019704,43494.10,0.022315,38405.40,0.031986,26792.98,0.024456,35043.17,0.043005,19927.76,0.051502,0.006581,0.007781,0.024456,0.090320,0.010967,3,94391,100426,742774,466,0,0,0,741,0,0,0,286,0,0,0,208,0,0,0,210,0,0,0,1,0,0,0,18346242748309724290,536180662917097239,536180662917097239,16027411686308966478,10013102769976617757,13953973418524809639,0,0,0,0,0,0,0,0,0,0,0
848,5,807,8,10,0.038941,20723.92,0.021885,36874.30,0.020848,38709.17,0.015315,52692.94,0.021287,37910.29,0.015277,52823.32,0.026698,30226.95,0.039364,0.005555,0.010172,0.015277,0.070368,0.008735,1,84717,87642,1015468,489,0,0,0,659,0,0,0,401,0,0,0,314,0,0,0,409,0,0,0,15,0,0,0,11819548236502662191,12315680303254194956,12315680303254194956,14436487266077727103,10259792970797330098,5435708492653099334,0,0,0,0,0,0,0,0,0,0,0
849,5,738,8,10,0.034435,21431.89,0.019723,37417.92,0.014964,49318.52,0.016312,45241.78,0.020667,35709.61,0.016577,44519.82,0.026598,27746.63,0.034730,0.005148,0.009674,0.016577,0.066129,0.007793,1,79494,82964,587372,535,0,0,0,750,0,0,0,295,0,0,0,246,0,0,0,335,0,0,0,9,0,0,0,6584016242547563245,1420985667708298914,1420985667708298914,7534081613408746731,10106641880894582127,17212726016897451289,0,0,0,0,0,0,0,0,0,0,0
850,5,776,8,10,0.039335,19728.11,0.023505,33014.48,0.015498,50070.33,0.015553,49895.24,0.025830,30042.82,0.014642,52998.27,0.028482,27245.56,0.039764,0.005165,0.010143,0.014642,0.069714,0.008734,1,82754,85619,689349,411,0,0,0,587,0,0,0,372,0,0,0,303,0,0,0,361,0,0,0,3,0,0,0,12352124082080435040,14601887528313519295,14601887528313519295,3118911123624461563,14457976583168574591,4288873050418203211,0,0,0,0,0,0,0,0,0,0,0
851,5,759,8,10,0.035000,21685.49,0.018114,41901.77,0.014541,52197.03,0.016963,44744.22,0.024290,31248.02,0.016891,44935.40,0.025849,29362.28,0.035310,0.005509,0.010078,0.016891,0.067788,0.008212,1,83419,85689,811999,416,0,0,0,600,0,0,0,347,0,0,0,283,0,0,0,276,0,0,0,3,0,0,0,5603563817342884507,11879669091768482571,11879669091768482571,9975242648615357895,12017565447396034946,10098040244610081570,0,0,0,0,0,0,0,0,0,0,0
852,5,798,8,10,0.048053,16606.72,0.029078,27443.31,0.022500,35466.83,0.021378,37328.13,0.029562,26994.31,0.028297,28201.15,0.037613,21215.95,0.048595,0.006434,0.007621,0.028297,0.090947,0.009484,3,89723,93333,1309575,554,0,0,0,816,0,0,0,469,0,0,0,315,0,0,0,344,0,0,0,3,0,0,0,1450971221651156551,284456145604538826,284456145604538826,13186352410623370413,2093191563636855938,12710207974143258869,0,0,0,0,0,0,0,0,0,0,0
853,5,737,8,10,0.047489,15519.26,0.021284,34627.68,0.018999,38791.59,0.021017,35067.34,0.023962,30757.48,0.019546,37706.85,0.031640,23293.15,0.047902,0.005721,0.010995,0.019546,0.084164,0.008286,1,86188,88408,607504,404,0,0,0,559,0,0,0,335,0,0,0,296,0,0,0,414,0,0,0,3,0,0,0,7268659882516863552,13719554191084579831,13719554191084579831,2687622235248844353,7440469372498081410,18289562935760361771,0,0,0,0,0,0,0,0,0,0,0
854,5,799,8,10,0.029762,26846.76,0.014030,56949.43,0.013415,59558.20,0.014206,56242.61,0.015997,49948.25,0.016493,48445.40,0.020555,38871.86,0.030195,0.005728,0.005468,0.016493,0.057884,0.009366,5,88638,94438,587476,449,0,0,0,663,0,0,0,388,0,0,0,287,0,0,0,301,0,0,0,15,0,0,0,13905683326585014780,13905683326585014780,13905683326585014780,4995658978977350145,16329396697943337942,10327909542346237221,0,0,0,0,0,0,0,0,0,0,0
855,5,725,8,10,0.033667,21534.52,0.018932,38294.55,0.018521,39144.34,0.020255,35793.88,0.021423,33842.32,0.021484,33746.28,0.023137,31334.72,0.034214,0.005771,0.010726,0.021484,0.072195,0.007918,1,87873,91033,773773,536,0,0,0,851,0,0,0,473,0,0,0,393,0,0,0,426,0,0,0,9,0,0,0,8880602602703137399,10083156570372366409,10083156570372366409,10728958975543626329,13424167167786861178,15658919958893670335,0,0,0,0,0,0,0,0,0,0,0
856,5,763,8,10,0.029151,26174.44,0.016680,45742.56,0.015490,49258.07,0.016799,45419.95,0.018019,42344.87,0.016612,45930.02,0.019613,38903.65,0.029560,0.005338,0.010390,0.016612,0.061901,0.008505,1,81181,84131,501633,496,0,0,0,774,0,0,0,301,0,0,0,308,0,0,0,358,0,0,0,0,0,0,0,17124375927142244317,2296739649974383621,2296739649974383621,17604534467357796636,5962995261359075703,4801853543835467297,0,0,0,0,0,0,0,0,0,0,0
857,5,832,8,10,0.063308,13142.10,0.043311,19209.87,0.036707,22666.22,0.035229,23616.84,0.045499,18286.00,0.044566,18669.01,0.052257,15921.18,0.063785,0.005878,0.005370,0.044566,0.119599,0.010088,5,87193,91883,694010,398,0,0,0,728,0,0,0,412,0,0,0,276,0,0,0,230,0,0,0,8,0,0,0,6271264091156303422,2860759557103254721,2860759557103254721,13169811959023679215,9382570566169507974,4330281561737244008,0,0,0,0,0,0,0,0,0,0,0
858,5,717,8,10,0.167383,4283.60,0.144561,4959.83,0.143026,5013.07,0.143361,5001.34,0.145504,4927.70,0.103125,6952.73,0.153539,4669.83,0.167677,0.006485,0.006183,0.103125,0.283470,0.007994,4,87447,90402,872757,490,0,0,0,731,0,0,0,500,0,0,0,307,0,0,0,237,0,0,0,4,0,0,0,3891651800401550569,903142902379237218,903142902379237218,9022815873701808661,6553925071793526800,9022815873701808661,0,0,0,0,0,0,0,0,0,0,0
859,5,716,8,10,0.034246,20907.59,0.017004,42106.92,0.015741,45485.16,0.019677,36387.64,0.020010,35782.60,0.019347,37008.13,0.025895,27650.56,0.034455,0.005651,0.007133,0.019347,0.066586,0.007682,3,84195,87230,819003,415,0,0,0,501,0,0,0,228,0,0,0,136,0,0,0,116,0,0,0,2,0,0,0,9655334270508453474,17986087663130222438,17986087663130222438,3933076545767201701,13788046234126935199,51373017230435915,0,0,0,0,0,0,0,0,0,0,0
860,5,733,8,10,0.107189,6838.39,0.086968,8428.41,0.080949,9055.09,0.081843,8956.13,0.090669,8084.38,0.088290,8302.20,0.096277,7613.41,0.107785,0.006201,0.006583,0.088290,0.208858,0.008215,4,86056,90991,632736,411,0,0,0,678,0,0,0,294,0,0,0,167,0,0,0,217,0,0,0,4,0,0,0,5765439766278869726,1977380285156610370,1977380285156610370,8558446962802304476,17169183551458866362,6917553605689437784,0,0,0,0,0,0,0,0,0,0,0
861,5,723,8,10,0.056609,12771.76,0.034681,20846.93,0.020125,35924.85,0.030297,23864.04,0.038855,18607.46,0.038729,18668.25,0.047089,15353.83,0.057563,0.005696,0.005378,0.038729,0.107366,0.007884,5,81217,83497,564871,505,0,0,0,580,0,0,0,467,0,0,0,319,0,0,0,296,0,0,0,7,0,0,0,4466725059153123293,4466725059153123293,4466725059153123293,15016396635916525385,12083800724467615844,12589462427903461979,0,0,0,0,0,0,0,0,0,0,0
862,5,721,8,10,0.034615,20829.30,0.017074,42226.71,0.015480,46577.33,0.017451,41316.25,0.020304,35510.14,0.018727,38499.79,0.025256,28547.18,0.034860,0.006369,0.008447,0.018727,0.068402,0.008326,3,89790,92625,791646,485,0,0,0,701,0,0,0,457,0,0,0,360,0,0,0,357,0,0,0,5,0,0,0,14390903112290771072,13966613145429157425,13966613145429157425,9680073872132441380,2806330068985310644,15776471403031162252,0,0,0,0,0,0,0,0,0,0,0
863,5,831,8,10,0.031782,26147.00,0.015750,52760.93,0.014776,56238.69,0.015959,52070.24,0.017412,47727.06,0.015430,53857.13,0.020893,39773.89,0.032257,0.006031,0.011887,0.015430,0.065605,0.010176,1,93561,99071,599123,456,0,0,0,623,0,0,0,312,0,0,0,240,0,0,0,311,0,0,0,7,0,0,0,15351694711558032188,13334256919107046347,13334256919107046347,2911301451349292656,10962882593966396923,1327645957108532040,0,0,0,0,0,0,0,0,0,0,0
864,5,833,8,10,0.035179,23678.67,0.015728,52961.40,0.015474,53832.03,0.019754,42169.21,0.019274,43218.40,0.018620,44737.00,0.024105,34557.61,0.035695,0.005793,0.010689,0.018620,0.070797,0.009307,1,89516,92446,764130,383,0,0,0,639,0,0,0,500,0,0,0,253,0,0,0,337,0,0,0,4,0,0,0,13403873831686910289,6127038656271251232,6127038656271251232,456684100967811991,5250426430941443905,3056431496808937676,0,0,0,0,0,0,0,0,0,0,0
865,5,731,8,10,0.052142,14019.53,0.037105,19700.71,0.051161,14288.15,0.048277,15141.65,0.038459,19007.16,0.033060,22110.98,0.042733,17106.21,0.052219,0.005501,0.007875,0.033060,0.098656,0.007980,2,81972,84632,995631,488,0,0,0,743,0,0,0,334,0,0,0,295,0,0,0,381,0,0,0,5,0,0,0,2547510434269312739,2547510434269312739,2547510434269312739,9306178789689999547,16440231072823304991,9812053345904696918,0,0,0,0,0,0,0,0,0,0,0
866,5,718,8,10,0.033425,21481.06,0.017630,40726.27,0.017023,42177.27,0.018821,38148.04,0.020781,34550.50,0.017856,40209.91,0.020726,34642.86,0.033656,0.005625,0.010663,0.017856,0.067800,0.007886,1,85794,88279,586743,493,0,0,0,849,0,0,0,440,0,0,0,319,0,0,0,321,0,0,0,2,0,0,0,4173365418693229185,2376493876104564951,2376493876104564951,15507278077918064294,13213086022783046173,12313056294624023089,0,0,0,0,0,0,0,0,0,0,0
867,5,744,8,10,0.045486,16356.54,0.022260,33422.44,0.021222,35057.30,0.024685,30139.92,0.025475,29205.44,0.023392,31805.34,0.032429,22942.40,0.045946,0.006801,0.010022,0.023392,0.086162,0.009493,2,107167,112267,555907,628,0,0,0,901,0,0,0,440,0,0,0,338,0,0,0,368,0,0,0,19,0,0,0,484099235920761274,8411698632141761362,8411698632141761362,1756995645562095729,8859222615869617422,2876944071952578591,0,0,0,0,0,0,0,0,0,0,0
868,5,730,8,10,0.034268,21302.64,0.019617,37211.99,0.018321,39845.08,0.020458,35682.10,0.021349,34193.84,0.019029,38362.55,0.023716,30780.94,0.034650,0.005628,0.010567,0.019029,0.069873,0.008341,1,88664,91629,462660,641,0,0,0,830,0,0,0,395,0,0,0,275,0,0,0,303,0,0,0,4,0,0,0,14934057065375299974,1531351784469550923,1531351784469550923,6965767994532364997,15627362565347357701,8733133722290646579,0,0,0,0,0,0,0,0,0,0,0
869,5,752,8,10,0.036787,20442.22,0.023233,32367.29,0.020617,36475.37,0.018931,39724.24,0.022064,34082.33,0.018517,40611.50,0.028701,26201.30,0.037126,0.006226,0.009589,0.018517,0.071458,0.008462,2,96064,98839,644109,464,0,0,0,982,0,0,0,484,0,0,0,391,0,0,0,482,0,0,0,7,0,0,0,2689964702437648647,16389764619252665370,16389764619252665370,4230649065318667015,9290915116176161835,4250511217740252690,0,0,0,0,0,0,0,0,0,0,0
870,5,752,8,10,0.275104,2733.51,0.248128,3030.69,0.238480,3153.31,0.244470,3076.04,0.249702,3011.59,0.143200,5251.39,0.257780,2917.22,0.276367,0.005837,0.007414,0.143200,0.432818,0.008969,3,92267,95377,728819,446,0,0,0,996,0,0,0,645,0,0,0,367,0,0,0,463,0,0,0,6,0,0,0,430292162429810113,5076646516403409006,5076646516403409006,11289701658874863776,14486988693107007007,5500142671520671255,0,0,0,0,0,0,0,0,0,0,0
871,5,760,8,10,0.061658,12326.02,0.042254,17986.61,0.038093,19951.43,0.038469,19755.95,0.044520,17070.89,0.032946,23067.81,0.049564,15333.75,0.061880,0.005220,0.010045,0.032946,0.110091,0.007887,1,79337,81627,1160885,410,0,0,0,743,0,0,0,543,0,0,0,265,0,0,0,509,0,0,0,8,0,0,0,9294935926487264619,9294935926487264619,9294935926487264619,13820952997932445146,15010607798963795726,5863248989702450339,0,0,0,0,0,0,0,0,0,0,0
872,5,714,8,10,0.031626,22576.31,0.017235,41428.28,0.016053,44477.51,0.018471,38655.50,0.019235,37120.31,0.018560,38470.16,0.019624,36383.64,0.031856,0.005365,0.005140,0.018560,0.060921,0.008035,5,86112,89027,606800,496,0,0,0,821,0,0,0,530,0,0,0,323,0,0,0,299,0,0,0,3,0,0,0,4485959066408093835,8800481633237703190,8800481633237703190,15432131242460402495,3751413336026386112,2391271681388873567,0,0,0,0,0,0,0,0,0,0,0
873,5,764,8,10,0.034660,22042.77,0.018063,42296.58,0.017500,43658.14,0.018403,41514.27,0.021414,35676.80,0.020939,36486.33,0.020228,37770.24,0.035112,0.005785,0.010752,0.020939,0.072588,0.008374,1,89565,92090,626629,545,0,0,0,954,0,0,0,555,0,0,0,481,0,0,0,427,0,0,0,4,0,0,0,10965184002819292671,6908153086690292718,6908153086690292718,3857504858174627475,15680962593901713826,3474634555393832092,0,0,0,0,0,0,0,0,0,0,0
874,5,933,8,10,0.045518,20497.39,0.025519,36561.40,0.021786,42824.90,0.021181,44049.93,0.027258,34228.67,0.019304,48332.12,0.034721,26871.71,0.045773,0.006752,0.007115,0.019304,0.078944,0.012712,4,105744,110284,580720,641,0,0,0,878,0,0,0,439,0,0,0,333,0,0,0,293,0,0,0,35,0,0,0,15761663355546908972,9639449305719532085,9639449305719532085,6401069157276535687,6054882842299529584,17109457231826936452,0,0,0,0,0,0,0,0,0,0,0
875,5,832,8,10,0.036034,23089.27,0.021996,37825.87,0.022099,37648.82,0.022759,36556.51,0.025532,32586.80,0.023248,35788.34,0.027467,30291.36,0.036608,0.006417,0.011816,0.023248,0.078088,0.010343,1,105534,110769,303219,720,0,0,0,1020,0,0,0,465,0,0,0,353,0,0,0,360,0,0,0,10,0,0,0,14662084723599475780,14662084723599475780,14662084723599475780,17171403856591301505,12791071111239750043,18170282440050186792,0,0,0,0,0,0,0,0,0,0,0
876,5,779,8,10,0.029272,26612.11,0.016059,48509.28,0.014437,53958.10,0.017083,45600.91,0.019740,39462.98,0.018762,41520.51,0.023067,33770.53,0.030151,0.005704,0.005712,0.018762,0.060329,0.011602,4,87630,92625,609830,562,0,0,0,864,0,0,0,369,0,0,0,305,0,0,0,317,0,0,0,16,0,0,0,2646435508903295368,6976474157425280163,6976474157425280163,3025133384240070439,13160064667565926278,17187659404484274292,0,0,0,0,0,0,0,0,0,0,0
877,5,724,8,10,0.026001,27845.48,0.015001,48262.07,0.013834,52336.65,0.013883,52149.78,0.015447,46869.62,0.014907,48569.01,0.018170,39846.11,0.026172,0.005099,0.006416,0.014907,0.052594,0.007659,3,77269,80724,910786,400,0,0,0,715,0,0,0,373,0,0,0,251,0,0,0,261,0,0,0,2,0,0,0,13636530054865999603,17688206401306471172,17688206401306471172,11847127627645692669,2707242337837048680,1637012526362721738,0,0,0,0,0,0,0,0,0,0,0
878,5,771,8,10,0.031594,24403.68,0.016613,46408.81,0.015766,48902.57,0.019013,40552.21,0.019878,38785.69,0.017944,42966.47,0.021904,35198.94,0.031946,0.005818,0.009241,0.017944,0.064949,0.008996,2,89830,93020,464286,519,0,0,0,815,0,0,0,424,0,0,0,319,0,0,0,326,0,0,0,13,0,0,0,9397881927858320090,15145307958792959365,15145307958792959365,11298788154788471818,16444607247888320137,1381471393779546487,0,0,0,0,0,0,0,0,0,0,0
879,5,965,8,10,0.048175,20031.18,0.023376,41281.49,0.021981,43901.19,0.022245,43379.74,0.026063,37025.07,0.021837,44191.37,0.032855,29371.74,0.048517,0.007089,0.012483,0.021837,0.089925,0.015727,2,108853,115563,706341,734,0,0,0,963,0,0,0,493,0,0,0,337,0,0,0,348,0,0,0,11,0,0,0,572686043948613439,16440900501672029676,16440900501672029676,14953505360104175752,5624589222459458677,13352691184901371231,0,0,0,0,0,0,0,0,0,0,0
880,5,751,8,10,0.072448,10366.12,0.057065,13160.40,0.051998,14442.73,0.050247,14946.12,0.060089,12498.05,0.052058,14426.19,0.065658,11438.06,0.072728,0.005621,0.010208,0.052058,0.140615,0.007871,1,80725,84155,514083,367,0,0,0,532,0,0,0,339,0,0,0,211,0,0,0,448,0,0,0,6,0,0,0,14942766213052086179,18171392361354521518,18171392361354521518,6101533384819511196,6366385960014712431,10117601153409407039,0,0,0,0,0,0,0,0,0,0,0
881,5,783,8,10,0.038049,20578.50,0.023814,32880.34,0.018579,42145.41,0.025168,31111.11,0.027390,28586.64,0.024367,32133.25,0.028468,27504.76,0.038352,0.006573,0.010423,0.024367,0.079716,0.009376,2,107049,110949,708875,596,0,0,0,948,0,0,0,402,0,0,0,362,0,0,0,381,0,0,0,8,0,0,0,15314555952393968595,4793069892594598490,4793069892594598490,11491518630410628466,12106642678684099517,6619974835154645284,0,0,0,0,0,0,0,0,0,0,0
882,5,807,8,10,0.034427,23440.90,0.018838,42838.49,0.018378,43910.29,0.019615,41142.18,0.021731,37136.40,0.018910,42674.85,0.024399,33074.92,0.034884,0.006002,0.010060,0.018910,0.069856,0.009729,2,92213,96613,303382,551,0,0,0,778,0,0,0,323,0,0,0,279,0,0,0,320,0,0,0,5,0,0,0,13165667933639347089,4253637186605437448,4253637186605437448,17358771334518327587,5545929082520639795,2715352252538379860,0,0,0,0,0,0,0,0,0,0,0
883,5,708,8,10,0.033489,21141.54,0.018941,37378.63,0.017182,41206.75,0.020521,34501.75,0.021728,32584.32,0.021123,33517.82,0.025810,27431.63,0.034170,0.005909,0.010772,0.021123,0.071974,0.007520,1,85323,88853,441179,502,0,0,0,745,0,0,0,331,0,0,0,253,0,0,0,373,0,0,0,6,0,0,0,4493381940001502570,16249629405624488709,16249629405624488709,7615272341789331496,15001030036271375200,9638736906436822373,0,0,0,0,0,0,0,0,0,0,0
884,5,747,8,10,0.042049,17765.20,0.020975,35613.82,0.017297,43186.30,0.017492,42705.28,0.023576,31684.65,0.016686,44767.66,0.030745,24296.48,0.042551,0.006266,0.008135,0.016686,0.073638,0.008492,3,100837,103607,1133368,414,0,0,0,661,0,0,0,400,0,0,0,196,0,0,0,202,0,0,0,16,0,0,0,13119853456210246506,13119853456210246506,13119853456210246506,13881392685626637226,8590172272406186044,12140888756163972954,0,0,0,0,0,0,0,0,0,0,0
885,5,761,8,10,0.044468,17113.25,0.026009,29258.68,0.018778,40526.04,0.027485,27687.72,0.033408,22778.90,0.031540,24127.79,0.034728,21912.88,0.044831,0.007354,0.010763,0.031540,0.094488,0.009517,2,121812,126107,364934,633,0,0,0,939,0,0,0,434,0,0,0,353,0,0,0,459,0,0,0,6,0,0,0,2103473498911401140,15709710666865529047,15709710666865529047,15544707624231625387,2148473171060274608,10535981620143438722,0,0,0,0,0,0,0,0,0,0,0
886,5,721,8,10,0.033179,21730.56,0.017393,41453.87,0.017204,41909.03,0.018738,38478.50,0.019985,36077.81,0.018265,39474.54,0.023606,30542.94,0.033718,0.005568,0.010527,0.018265,0.068078,0.008076,1,87910,91115,461448,554,0,0,0,805,0,0,0,341,0,0,0,304,0,0,0,359,0,0,0,6,0,0,0,9124694513865364244,3393139460970648610,3393139460970648610,15137437568948486719,601155515791941968,13030014237064705473,0,0,0,0,0,0,0,0,0,0,0
887,5,759,8,10,0.038288,19823.36,0.024160,31415.88,0.017832,42563.51,0.017493,43388.73,0.025824,29390.86,0.017010,44620.32,0.027356,27745.75,0.038523,0.005663,0.010741,0.017010,0.071937,0.008440,1,89499,92599,424834,575,0,0,0,802,0,0,0,435,0,0,0,341,0,0,0,329,0,0,0,5,0,0,0,1472355371341306380,18168590621464385558,18168590621464385558,4639804956492964615,18398805813365960921,2409244583731775403,0,0,0,0,0,0,0,0,0,0,0
888,5,710,8,10,0.073692,9634.69,0.056170,12640.22,0.046566,15247.06,0.046791,15173.70,0.057272,12396.90,0.047885,14827.04,0.063408,11197.24,0.074046,0.005679,0.010024,0.047885,0.137634,0.007539,1,81288,83703,528259,531,0,0,0,757,0,0,0,414,0,0,0,327,0,0,0,460,0,0,0,4,0,0,0,13644647623115906246,11562344455397270762,11562344455397270762,4032950719627050650,9424026677380192140,8443393585383459640,0,0,0,0,0,0,0,0,0,0,0
889,5,862,8,10,0.050587,17039.79,0.032067,26881.52,0.018821,45798.96,0.020834,41374.86,0.033967,25377.37,0.027734,31081.16,0.039750,21685.41,0.051423,0.006442,0.006988,0.027734,0.092586,0.010261,4,101495,105555,363033,675,0,0,0,899,0,0,0,591,0,0,0,423,0,0,0,459,0,0,0,23,0,0,0,9710576237958585278,9710576237958585278,9710576237958585278,14901779883056372552,5885382362401701570,8001793400012325627,0,0,0,0,0,0,0,0,0,0,0
890,5,823,8,10,0.038157,21568.75,0.018309,44950.55,0.017872,46050.88,0.019344,42545.34,0.020449,40247.28,0.020805,39558.23,0.022199,37073.54,0.038462,0.006278,0.005802,0.020805,0.071347,0.009683,5,100591,104756,555043,674,0,0,0,1102,0,0,0,532,0,0,0,476,0,0,0,464,0,0,0,5,0,0,0,7636251487490570226,7636251487490570226,7636251487490570226,1154521715426147238,13681432558152152790,4584365104030057015,0,0,0,0,0,0,0,0,0,0,0
891,5,720,8,10,0.041440,17374.40,0.029375,24511.05,0.025826,27878.68,0.024871,28949.34,0.030849,23339.80,0.021041,34219.13,0.035624,20211.31,0.041800,0.005532,0.007989,0.021041,0.076362,0.008202,2,92813,98623,822281,855,0,0,0,1320,0,0,0,596,0,0,0,337,0,0,0,371,0,0,0,19,0,0,0,16327387632971035905,10094739993501137769,10094739993501137769,10627442252126630152,16345279792509992930,3577180246430951849,0,0,0,0,0,0,0,0,0,0,0
892,5,680,8,10,0.056828,11965.99,0.031543,21557.85,0.020988,32400.15,0.025996,26157.45,0.031740,21424.26,0.028691,23700.55,0.046516,14618.64,0.057475,0.005520,0.008037,0.028691,0.099723,0.007364,4,87927,90542,549747,557,0,0,0,829,0,0,0,397,0,0,0,258,0,0,0,270,0,0,0,7,0,0,0,18316995129834781519,18316995129834781519,18316995129834781519,2517670408192757712,6280855387399768161,4896030489214142422,0,0,0,0,0,0,0,0,0,0,0
893,5,752,8,10,0.036884,20388.01,0.020223,37185.45,0.019403,38757.52,0.020561,36573.80,0.022443,33507.37,0.019894,37801.23,0.022120,33996.98,0.037046,0.006324,0.011501,0.019894,0.074765,0.008986,1,96131,99386,557484,537,0,0,0,972,0,0,0,514,0,0,0,419,0,0,0,403,0,0,0,5,0,0,0,3894880863765356912,9872270924398181663,9872270924398181663,15236653141953347452,5997435929554273882,12672690645990775691,0,0,0,0,0,0,0,0,0,0,0
894,5,844,8,10,0.041220,20475.60,0.021034,40124.99,0.021419,39403.87,0.025414,33209.70,0.026803,31488.52,0.025880,32611.65,0.027882,30270.45,0.041906,0.006332,0.006968,0.025880,0.081086,0.010557,4,105305,109985,487255,498,0,0,0,1160,0,0,0,427,0,0,0,448,0,0,0,377,0,0,0,8,0,0,0,1549207310694131695,5728997560524904688,5728997560524904688,5432123783897971782,7268112872094380843,5825104315366052643,0,0,0,0,0,0,0,0,0,0,0
895,5,902,8,10,0.035995,25059.33,0.017665,51061.65,0.015371,58682.63,0.015885,56781.73,0.019468,46332.73,0.018318,49240.98,0.023356,38619.59,0.036431,0.006278,0.012495,0.018318,0.073522,0.011414,1,100195,104950,304403,501,0,0,0,800,0,0,0,512,0,0,0,313,0,0,0,375,0,0,0,8,0,0,0,12459087988914978207,12459087988914978207,12459087988914978207,15594189402951313482,17840270356673261232,11742544598810985775,0,0,0,0,0,0,0,0,0,0,0
896,5,862,8,10,0.048244,17867.34,0.022361,38550.06,0.022393,38494.48,0.023573,36566.91,0.024165,35671.27,0.023230,37107.89,0.029051,29671.64,0.048367,0.007614,0.006738,0.023230,0.085949,0.012499,5,114968,120573,592624,612,0,0,0,943,0,0,0,517,0,0,0,399,0,0,0,398,0,0,0,6,0,0,0,4333520530737297099,16080361407828704024,16080361407828704024,4261639467059051990,855663437806340647,4261639467059051990,0,0,0,0,0,0,0,0,0,0,0
897,5,705,8,10,0.041757,16883.32,0.021274,33139.64,0.019916,35398.77,0.023110,30506.89,0.024388,28908.15,0.020973,33614.14,0.028432,24796.15,0.041606,0.005956,0.009469,0.020973,0.078005,0.008011,2,95083,97698,1249270,551,0,0,0,867,0,0,0,375,0,0,0,340,0,0,0,373,0,0,0,10,0,0,0,3095063122584717947,3095063122584717947,3095063122584717947,14067587537604709905,15770819868348367862,11067198549820569489,0,0,0,0,0,0,0,0,0,0,0
898,5,745,8,10,0.039521,18850.51,0.024124,30881.75,0.019750,37722.21,0.018822,39580.32,0.027347,27242.45,0.030705,24263.48,0.027875,26726.12,0.039830,0.005305,0.005051,0.030705,0.080891,0.008234,5,84795,87040,547972,475,0,0,0,808,0,0,0,438,0,0,0,433,0,0,0,381,0,0,0,2,0,0,0,6038263866821052815,6038263866821052815,6038263866821052815,17465429752656810109,14400772186945115054,17465429752656810109,0,0,0,0,0,0,0,0,0,0,0
899,5,794,8,10,0.043646,18191.76,0.024798,32018.52,0.018746,42355.10,0.020348,39020.35,0.028047,28309.23,0.025766,30815.44,0.032538,24401.96,0.044149,0.005931,0.007741,0.025766,0.083588,0.009229,3,95580,100335,623960,580,0,0,0,935,0,0,0,392,0,0,0,359,0,0,0,388,0,0,0,5,0,0,0,8308632621006069877,17200358998970849512,17200358998970849512,10722183313292456660,9798262456575522241,11193155728720596614,0,0,0,0,0,0,0,0,0,0,0
900,5,844,8,10,0.036669,23017.01,0.021376,39483.04,0.018070,46708.46,0.019401,43502.10,0.022894,36865.85,0.019572,43122.65,0.025890,32599.28,0.036743,0.006602,0.012098,0.019572,0.075015,0.010441,1,100176,105906,418948,609,0,0,0,926,0,0,0,468,0,0,0,313,0,0,0,405,0,0,0,8,0,0,0,9108776318648593848,4402637821461844700,4402637821461844700,2005698868644582355,12582929121511021588,3784096734054466934,0,0,0,0,0,0,0,0,0,0,0
901,5,751,8,10,0.042740,17571.42,0.027412,27396.77,0.021086,35615.49,0.023087,32528.61,0.029975,25054.30,0.024503,30648.95,0.033530,22397.65,0.043227,0.006064,0.007783,0.024503,0.081577,0.008400,3,95175,99245,589036,771,0,0,0,941,0,0,0,439,0,0,0,356,0,0,0,427,0,0,0,9,0,0,0,15266608539212372237,11880333029186815062,11880333029186815062,8103387250709980982,4611798083463438649,11254070412696438986,0,0,0,0,0,0,0,0,0,0,0
902,5,737,8,10,0.028824,25568.59,0.016197,45502.40,0.015986,46103.49,0.017166,42934.78,0.018320,40228.54,0.017059,43203.05,0.019275,38236.22,0.029054,0.005211,0.010438,0.017059,0.061762,0.007974,1,83891,86956,501996,459,0,0,0,732,0,0,0,415,0,0,0,295,0,0,0,340,0,0,0,4,0,0,0,8033694950837327982,3304953636980959726,3304953636980959726,8429289077648777326,17551829196079101123,8429289077648777326,0,0,0,0,0,0,0,0,0,0,0
903,5,694,8,10,0.035844,19361.91,0.018008,38538.31,0.015253,45498.17,0.016371,42391.67,0.018661,37190.51,0.015285,45403.52,0.019683,35258.70,0.036163,0.005524,0.008975,0.015285,0.065948,0.007706,2,87239,89464,1280458,423,0,0,0,669,0,0,0,290,0,0,0,341,0,0,0,349,0,0,0,6,0,0,0,17819242048634157758,6617138982225991578,6617138982225991578,11210672791774659904,2623627716998832113,12989006914850129348,0,0,0,0,0,0,0,0,0,0,0
904,5,844,8,10,0.035310,23902.69,0.019170,44028.02,0.018347,46001.21,0.019428,43442.66,0.021269,39681.35,0.018242,46266.32,0.023067,36588.60,0.035878,0.006340,0.012143,0.018242,0.072604,0.011266,1,98230,103160,557530,565,0,0,0,889,0,0,0,506,0,0,0,301,0,0,0,371,0,0,0,5,0,0,0,947463115408394978,947463115408394978,947463115408394978,14554321193054685605,1661214968012533395,7110674818105495137,0,0,0,0,0,0,0,0,0,0,0
905,5,755,8,10,0.031132,24251.61,0.017525,43082.17,0.015490,48741.86,0.018040,41852.04,0.020510,36810.63,0.019293,39133.51,0.022145,34093.89,0.031477,0.005594,0.006825,0.019293,0.063189,0.008420,4,87053,91538,296698,461,0,0,0,663,0,0,0,351,0,0,0,252,0,0,0,186,0,0,0,7,0,0,0,5703338935648011847,18059425384221052562,18059425384221052562,11075738419940343179,4278694626170082234,15755519591028366327,0,0,0,0,0,0,0,0,0,0,0
906,5,827,8,10,0.034988,23636.78,0.020524,40293.65,0.020524,40294.86,0.018993,43542.15,0.021121,39154.75,0.016933,48840.93,0.023280,35524.54,0.035344,0.005989,0.011495,0.016933,0.069760,0.009709,1,93485,97580,478414,419,0,0,0,633,0,0,0,338,0,0,0,302,0,0,0,296,0,0,0,4,0,0,0,3955783352422739413,15188665500255036583,15188665500255036583,5942527683470229550,8716421096220080886,16994189891839529725,0,0,0,0,0,0,0,0,0,0,0
907,5,836,8,10,0.039256,21296.36,0.020139,41512.33,0.016465,50775.39,0.019254,43420.48,0.021545,38803.18,0.020793,40205.50,0.029739,28111.02,0.039690,0.006404,0.007999,0.020793,0.074886,0.009961,3,102285,107430,496709,520,0,0,0,856,0,0,0,324,0,0,0,280,0,0,0,299,0,0,0,9,0,0,0,561392993244698001,12427943694515963537,12427943694515963537,10421439148314621085,15482741132843450905,11604951061004877445,0,0,0,0,0,0,0,0,0,0,0
908,5,749,8,10,0.042012,17828.34,0.020397,36721.49,0.015203,49265.58,0.023774,31505.62,0.024364,30741.73,0.021837,34299.54,0.029528,25365.88,0.042327,0.006282,0.012090,0.021837,0.082536,0.008539,1,107700,111420,769200,495,0,0,0,830,0,0,0,483,0,0,0,280,0,0,0,257,0,0,0,7,0,0,0,3194834093177813221,3194834093177813221,3194834093177813221,7428040391023973453,14449605513586194457,7428040391023973453,0,0,0,0,0,0,0,0,0,0,0
909,5,752,8,10,0.031854,23608.04,0.017457,43076.36,0.016465,45672.09,0.017586,42761.21,0.019191,39185.55,0.017025,44171.42,0.021865,34393.01,0.032157,0.005390,0.010478,0.017025,0.065050,0.008248,1,85591,88901,470726,510,0,0,0,849,0,0,0,351,0,0,0,326,0,0,0,349,0,0,0,8,0,0,0,12366194895018266220,9078057629545917777,9078057629545917777,9466901738760180571,14800818714523540749,12340516878352059201,0,0,0,0,0,0,0,0,0,0,0
910,5,739,8,10,0.045810,16131.82,0.022230,33242.69,0.017340,42618.89,0.018601,39728.45,0.024400,30287.43,0.017919,41240.86,0.033282,22203.98,0.046107,0.006021,0.011672,0.017919,0.081718,0.008890,1,96086,99826,1379407,484,0,0,0,791,0,0,0,289,0,0,0,236,0,0,0,272,0,0,0,6,0,0,0,2602851972462509937,3587693849123588953,3587693849123588953,7252454544524457908,3394212219056159686,6875186957959342733,0,0,0,0,0,0,0,0,0,0,0
911,5,677,8,10,0.035272,19193.82,0.016533,40948.19,0.015307,44227.39,0.018235,37127.13,0.019885,34046.58,0.019171,35314.25,0.025053,27022.41,0.035726,0.005806,0.010596,0.019171,0.071299,0.007109,1,89897,92712,632623,407,0,0,0,724,0,0,0,366,0,0,0,236,0,0,0,365,0,0,0,3,0,0,0,17668623688285274148,4241988157674860921,4241988157674860921,17166513352671900085,8764346391447008491,3194007301913454063,0,0,0,0,0,0,0,0,0,0,0
912,5,714,8,10,0.049893,14310.51,0.029930,23855.54,0.022325,31981.69,0.020557,34732.64,0.033679,21199.97,0.024047,29691.28,0.041176,17340.07,0.050034,0.005958,0.011343,0.024047,0.091383,0.007772,1,93969,96499,409850,495,0,0,0,790,0,0,0,391,0,0,0,262,0,0,0,388,0,0,0,2,0,0,0,17426906342680818341,17426906342680818341,17426906342680818341,16892132277158508888,14794260666859170866,16059409188670475898,0,0,0,0,0,0,0,0,0,0,0
913,5,798,8,10,0.242597,3289.40,0.216910,3678.94,0.222601,3584.88,0.210442,3792.02,0.217323,3671.96,0.209890,3801.99,0.231267,3450.55,0.243600,0.006378,0.011835,0.209890,0.471704,0.009581,1,94161,98071,635478,510,0,0,0,668,0,0,0,443,0,0,0,255,0,0,0,830,0,0,0,9,0,0,0,8820134359844838811,2804490841465561303,2804490841465561303,12618763417559811872,18229816888378599874,6103408417805877686,0,0,0,0,0,0,0,0,0,0,0
914,5,740,8,10,0.039800,18592.75,0.024157,30633.16,0.019163,38616.64,0.021792,33957.84,0.028469,25993.30,0.021331,34690.91,0.028928,25581.12,0.040132,0.005975,0.011429,0.021331,0.078867,0.008696,1,96982,102942,555333,605,0,0,0,954,0,0,0,396,0,0,0,313,0,0,0,376,0,0,0,4,0,0,0,3326170979992441007,7281167512925036823,7281167512925036823,12196142496698534386,7085611782423600051,5793470555749410948,0,0,0,0,0,0,0,0,0,0,0
915,5,770,8,10,0.038479,20011.04,0.024644,31244.39,0.020027,38447.42,0.022539,34163.08,0.025125,30646.69,0.017466,44086.86,0.029784,25852.82,0.038988,0.005947,0.011634,0.017466,0.074035,0.009679,1,96980,102195,891839,580,0,0,0,923,0,0,0,489,0,0,0,306,0,0,0,364,0,0,0,3,0,0,0,3520208902370438156,12653397952934492894,12653397952934492894,13750858086478356780,17421495994629213579,16410201881951059337,0,0,0,0,0,0,0,0,0,0,0
916,5,749,8,10,0.033096,22630.94,0.017742,42217.23,0.017311,43268.02,0.017631,42482.70,0.020619,36325.05,0.018630,40203.29,0.022058,33956.18,0.033439,0.005786,0.011025,0.018630,0.068881,0.008685,1,88126,90626,744308,596,0,0,0,957,0,0,0,390,0,0,0,367,0,0,0,371,0,0,0,6,0,0,0,16277857400791471764,16277857400791471764,16277857400791471764,13859318266685903001,12369295696714545822,7272883068219838167,0,0,0,0,0,0,0,0,0,0,0
917,5,749,8,10,0.038823,19292.60,0.020513,36513.87,0.020120,37227.26,0.020504,36529.54,0.022365,33489.83,0.021695,34523.65,0.025713,29129.47,0.039321,0.006001,0.006559,0.021695,0.073577,0.008491,4,92675,96325,669851,617,0,0,0,775,0,0,0,371,0,0,0,276,0,0,0,297,0,0,0,7,0,0,0,3737391766216326234,17704544096825854299,17704544096825854299,17156993529591708533,2052559810797802938,6222321720393436170,0,0,0,0,0,0,0,0,0,0,0
918,5,679,8,10,0.032311,21014.76,0.017729,38299.87,0.018017,37686.28,0.017723,38311.06,0.020001,33948.73,0.018147,37416.34,0.022088,30740.45,0.032523,0.005328,0.010107,0.018147,0.066106,0.007467,1,83119,86484,418939,423,0,0,0,709,0,0,0,273,0,0,0,243,0,0,0,220,0,0,0,2,0,0,0,8113516356017613343,1402251862151128906,1402251862151128906,4406913002979789290,7558772960494762341,4406913002979789290,0,0,0,0,0,0,0,0,0,0,0
919,5,799,8,10,0.037270,21438.40,0.020897,38235.48,0.018266,43742.06,0.021134,37805.85,0.022144,36081.49,0.020702,38595.23,0.025655,31144.17,0.037537,0.006088,0.008805,0.020702,0.073132,0.009329,4,92694,96834,720806,533,0,0,0,784,0,0,0,529,0,0,0,305,0,0,0,299,0,0,0,11,0,0,0,10571558360789150724,3618395949656301415,3618395949656301415,9838236975394200529,16456521099214550728,11352825337165340646,0,0,0,0,0,0,0,0,0,0,0
920,5,823,8,10,0.040250,20447.02,0.025754,31956.58,0.025149,32724.40,0.025414,32383.78,0.022843,36028.87,0.019782,41602.50,0.030478,27002.76,0.040673,0.006184,0.011308,0.019782,0.077947,0.009697,1,97480,110580,799655,668,0,0,0,1068,0,0,0,566,0,0,0,353,0,0,0,360,0,0,0,14,0,0,0,3049286002151404650,3049286002151404650,3049286002151404650,1588303936209318553,15899438626958132018,13642555609952536732,0,0,0,0,0,0,0,0,0,0,0
921,5,709,8,10,0.040928,17322.89,0.021087,33622.88,0.016055,44161.47,0.018649,38018.84,0.022720,31206.31,0.019211,36906.33,0.027427,25850.00,0.041364,0.005432,0.009072,0.019211,0.075078,0.007509,2,89038,91548,723211,498,0,0,0,721,0,0,0,350,0,0,0,269,0,0,0,327,0,0,0,4,0,0,0,18419937376543007134,10666091486816740773,10666091486816740773,1700843404582786962,11351970365863756032,9653846766180516730,0,0,0,0,0,0,0,0,0,0,0
922,5,726,8,10,0.076586,9479.54,0.039901,18194.83,0.029543,24574.30,0.040090,18109.05,0.047069,15424.20,0.033217,21856.05,0.061383,11827.39,0.076865,0.006258,0.011680,0.033217,0.128020,0.008833,1,92546,95806,1309336,424,0,0,0,650,0,0,0,349,0,0,0,238,0,0,0,321,0,0,0,6,0,0,0,9598779773706457467,9598779773706457467,9598779773706457467,9619901758783310961,2183835024247176698,830007200030957283,0,0,0,0,0,0,0,0,0,0,0
923,5,757,8,10,0.035803,21143.75,0.017798,42533.49,0.015974,47388.63,0.016445,46032.51,0.019139,39552.72,0.017849,42412.48,0.024352,31085.26,0.036206,0.005898,0.010479,0.017849,0.070432,0.008334,2,92762,95127,633780,508,0,0,0,739,0,0,0,394,0,0,0,274,0,0,0,328,0,0,0,9,0,0,0,8067820244349634855,8067820244349634855,8067820244349634855,9519061799115567691,12141173051450809399,9965863398903983583,0,0,0,0,0,0,0,0,0,0,0
924,5,769,8,10,0.035802,21479.32,0.017368,44276.34,0.015955,48196.59,0.017379,44249.68,0.020077,38301.95,0.018715,41089.09,0.022655,33944.36,0.036275,0.005474,0.005198,0.018715,0.065663,0.008933,5,89880,92925,659114,460,0,0,0,715,0,0,0,525,0,0,0,363,0,0,0,310,0,0,0,5,0,0,0,3640531359162897914,3640531359162897914,3640531359162897914,13075814483285765967,14519279038069815581,9794728085572309512,0,0,0,0,0,0,0,0,0,0,0
925,5,716,8,10,0.031633,22634.62,0.015586,45939.96,0.014255,50227.33,0.016305,43914.11,0.018485,38734.21,0.018514,38672.52,0.020182,35477.38,0.032056,0.005285,0.005045,0.018514,0.060900,0.007778,5,82477,84847,600323,411,0,0,0,681,0,0,0,352,0,0,0,290,0,0,0,252,0,0,0,3,0,0,0,15464300247435290705,4760627622407619241,4760627622407619241,10049560712856358822,12821078630573051077,6478914577589741424,0,0,0,0,0,0,0,0,0,0,0
926,5,790,8,10,0.035490,22260.08,0.016675,47376.48,0.015690,50351.67,0.016721,47247.19,0.021007,37605.92,0.017823,44324.18,0.023645,33411.24,0.035666,0.006149,0.010361,0.017823,0.070000,0.008676,3,93366,96276,634940,466,0,0,0,664,0,0,0,318,0,0,0,252,0,0,0,284,0,0,0,3,0,0,0,17440665333013748761,8277289108856927551,8277289108856927551,12675295781846429452,12899212992724791401,4702338040951892925,0,0,0,0,0,0,0,0,0,0,0
927,5,698,8,10,0.042479,16431.70,0.024796,28149.54,0.033008,21146.34,0.032502,21475.64,0.026589,26251.07,0.034133,20449.25,0.030636,22783.69,0.042633,0.005920,0.010134,0.034133,0.092821,0.007402,2,90153,92843,730129,419,0,0,0,653,0,0,0,325,0,0,0,229,0,0,0,290,0,0,0,4,0,0,0,16942044703114142856,18150482941079102484,18150482941079102484,13165095027633541788,9699397884997471857,13165095027633541788,0,0,0,0,0,0,0,0,0,0,0
928,5,724,8,10,0.038576,18768.13,0.019782,36599.05,0.019145,37816.79,0.020519,35284.46,0.022934,31569.19,0.020100,36019.52,0.029276,24730.56,0.039021,0.005860,0.011481,0.020100,0.076463,0.008077,1,94878,98393,598763,611,0,0,0,1031,0,0,0,464,0,0,0,329,0,0,0,348,0,0,0,2,0,0,0,14144787679137399180,4890769512729277750,4890769512729277750,1679267408132020851,10207879236517758846,2356979279122861634,0,0,0,0,0,0,0,0,0,0,0
929,5,761,8,10,0.042549,17885.43,0.022313,34105.65,0.016195,46991.25,0.017029,44687.45,0.025331,30041.93,0.021607,35220.07,0.029893,25457.56,0.042835,0.005330,0.006178,0.021607,0.075949,0.008053,4,87084,90589,1224421,563,0,0,0,714,0,0,0,374,0,0,0,311,0,0,0,332,0,0,0,5,0,0,0,5695301895551573291,4921471280810045521,4921471280810045521,9557660577754213368,5672816676687741839,338893306292936527,0,0,0,0,0,0,0,0,0,0,0
930,5,747,8,10,0.038250,19529.44,0.023885,31274.67,0.023374,31958.94,0.024312,30725.02,0.025042,29829.69,0.023248,32132.36,0.029233,25553.42,0.038535,0.005860,0.011026,0.023248,0.078669,0.008493,1,96429,101909,601514,672,0,0,0,1052,0,0,0,428,0,0,0,289,0,0,0,355,0,0,0,4,0,0,0,7865517728114278939,7865517728114278939,7865517728114278939,10315870875997191718,131660569070077898,7419417052035265338,0,0,0,0,0,0,0,0,0,0,0
931,5,731,8,10,0.029995,24371.11,0.016832,43429.99,0.016220,45068.79,0.017599,41535.74,0.019307,37861.17,0.016767,43598.29,0.021728,33643.87,0.030286,0.011366,0.011826,0.016767,0.070245,0.007651,1,80915,84030,680325,531,0,0,0,840,0,0,0,356,0,0,0,289,0,0,0,314,0,0,0,6,0,0,0,415773809352083162,415773809352083162,415773809352083162,12655314154530052302,910608744769516126,15285682267906292037,0,0,0,0,0,0,0,0,0,0,0
932,5,702,8,10,0.036578,19191.81,0.020881,33619.00,0.016977,41349.27,0.023509,29860.59,0.024839,28261.56,0.023996,29254.64,0.025839,27167.87,0.036880,0.005409,0.007663,0.023996,0.073949,0.007806,4,84959,87529,517137,477,0,0,0,781,0,0,0,491,0,0,0,348,0,0,0,327,0,0,0,1,0,0,0,8450346617369803539,17021542189417909624,17021542189417909624,16793953166975065332,9755253199062149009,14841824473609441750,0,0,0,0,0,0,0,0,0,0,0
933,5,784,8,10,0.036316,21588.26,0.019671,39855.61,0.018137,43226.51,0.021080,37192.52,0.022573,34731.81,0.018854,41582.35,0.024047,32602.19,0.036703,0.005996,0.011283,0.018854,0.072836,0.009061,1,94180,97205,431521,551,0,0,0,915,0,0,0,447,0,0,0,349,0,0,0,441,0,0,0,4,0,0,0,15772638302213494032,16515588592860025646,16515588592860025646,17871302755462879830,15321747076107177972,8596967666791604973,0,0,0,0,0,0,0,0,0,0,0
934,5,846,8,10,0.040251,21017.86,0.023125,36583.29,0.017675,47864.77,0.019483,43421.53,0.024601,34389.15,0.018561,45578.37,0.026502,31921.82,0.040642,0.006551,0.012135,0.018561,0.077889,0.010709,1,102096,105571,663489,530,0,0,0,831,0,0,0,400,0,0,0,313,0,0,0,366,0,0,0,11,0,0,0,12216652763772352235,17829196897973050726,17829196897973050726,13964506431055421193,10989995172025951756,13401389251587994304,0,0,0,0,0,0,0,0,0,0,0
935,5,841,8,10,0.036876,22806.26,0.020335,41357.78,0.018813,44703.44,0.022476,37417.72,0.022547,37299.21,0.021405,39289.82,0.027740,30317.21,0.037192,0.006054,0.008500,0.021405,0.073152,0.011111,3,95877,101407,877659,534,0,0,0,848,0,0,0,311,0,0,0,283,0,0,0,278,0,0,0,10,0,0,0,3858194115693141530,13787594502698047908,13787594502698047908,5977013770076817736,2625471680781490503,17501643283312347886,0,0,0,0,0,0,0,0,0,0,0
936,5,825,8,10,0.040098,20574.65,0.021459,38444.72,0.018703,44109.53,0.024252,34018.35,0.023769,34709.41,0.022202,37158.32,0.031444,26236.98,0.040398,0.006198,0.007314,0.022202,0.076112,0.009666,3,96120,103025,317649,658,0,0,0,987,0,0,0,358,0,0,0,276,0,0,0,257,0,0,0,10,0,0,0,3118393759610239275,7665068468046433382,7665068468046433382,3623221630238413891,1779103683230759821,2131535261785794442,0,0,0,0,0,0,0,0,0,0,0
937,5,871,8,10,0.043460,20041.32,0.023102,37702.92,0.020141,43244.37,0.019771,44053.51,0.024070,36186.17,0.023851,36517.77,0.029173,29856.16,0.043890,0.005992,0.006550,0.023851,0.080283,0.010011,4,94781,100716,734777,561,0,0,0,982,0,0,0,415,0,0,0,296,0,0,0,286,0,0,0,10,0,0,0,6495612768633424035,13966834866677177695,13966834866677177695,17457784974001837612,5287031665272740559,5857265823922730875,0,0,0,0,0,0,0,0,0,0,0
938,5,719,8,10,0.032762,21946.36,0.020027,35902.29,0.019327,37201.96,0.019633,36622.54,0.023609,30455.09,0.021479,33474.07,0.023365,30772.40,0.033064,0.005401,0.008632,0.021479,0.068576,0.007534,2,81637,84947,271665,412,0,0,0,723,0,0,0,382,0,0,0,275,0,0,0,350,0,0,0,5,0,0,0,17034347880050171559,14022233520163802775,14022233520163802775,3931604076552342823,1894598307447984384,10146890970502149926,0,0,0,0,0,0,0,0,0,0,0
939,5,794,8,10,0.035145,22592.03,0.018028,44042.16,0.017594,45129.15,0.020571,38598.44,0.023215,34201.94,0.020936,37925.34,0.024706,32137.72,0.035657,0.006161,0.011799,0.020936,0.074553,0.009662,1,95786,99071,601956,538,0,0,0,770,0,0,0,395,0,0,0,289,0,0,0,294,0,0,0,5,0,0,0,3538832227613598108,16074892731342883100,16074892731342883100,654839991305379329,14590283282555634912,14520474347629895890,0,0,0,0,0,0,0,0,0,0,0
940,5,869,8,10,0.034326,25315.95,0.017624,49307.97,0.016071,54073.14,0.018463,47066.46,0.019671,44177.42,0.019264,45110.86,0.026040,33371.76,0.035052,0.006241,0.012419,0.019264,0.072976,0.011099,1,99064,103694,509842,462,0,0,0,773,0,0,0,389,0,0,0,243,0,0,0,331,0,0,0,7,0,0,0,13897122595383549343,10646752516074243609,10646752516074243609,2091935760266985106,12577351206871758458,7738545538476054027,0,0,0,0,0,0,0,0,0,0,0
941,5,768,8,10,0.034302,22389.59,0.019711,38962.03,0.018572,41351.86,0.020896,36754.30,0.023808,32258.24,0.022580,34012.13,0.021899,35070.54,0.035266,0.006289,0.006996,0.022580,0.071132,0.009155,4,95325,98215,716502,626,0,0,0,921,0,0,0,463,0,0,0,338,0,0,0,332,0,0,0,3,0,0,0,15817038285593207113,9628544372339316668,9628544372339316668,1790926135528970636,2763918348092314323,6952521025036813395,0,0,0,0,0,0,0,0,0,0,0
942,5,722,8,10,0.031853,22666.70,0.016852,42843.20,0.015594,46299.30,0.017829,40495.06,0.021238,33995.86,0.018424,39188.62,0.022220,32493.71,0.032613,0.006228,0.011618,0.018424,0.068882,0.007988,1,92785,95680,610361,439,0,0,0,672,0,0,0,292,0,0,0,261,0,0,0,351,0,0,0,6,0,0,0,12384385682026226625,12384385682026226625,12384385682026226625,7868621006117027419,3378358871064294940,7232043421893745562,0,0,0,0,0,0,0,0,0,0,0
943,5,764,8,10,0.039860,19167.26,0.019876,38438.27,0.019099,40001.78,0.022333,34210.18,0.023641,32316.94,0.022901,33361.50,0.027945,27339.54,0.040422,0.006730,0.007695,0.022901,0.077747,0.010286,4,110356,117146,378222,489,0,0,0,769,0,0,0,400,0,0,0,303,0,0,0,319,0,0,0,8,0,0,0,5058561747608487001,12524307060144949018,12524307060144949018,2077557305562049740,10436371810665241834,16538553424311833301,0,0,0,0,0,0,0,0,0,0,0
944,5,744,8,10,0.033642,22115.21,0.020963,35490.37,0.020072,37067.01,0.021839,34067.88,0.021986,33840.49,0.019926,37339.01,0.023602,31522.31,0.033846,0.005850,0.006411,0.019926,0.066033,0.008623,4,93411,97016,562861,694,0,0,0,959,0,0,0,470,0,0,0,354,0,0,0,337,0,0,0,4,0,0,0,2736207273382678088,16143809092210994827,16143809092210994827,18188341074192930232,5796251482507533306,9053272570561790746,0,0,0,0,0,0,0,0,0,0,0
945,5,841,8,10,0.041201,20412.20,0.021558,39011.14,0.020999,40048.73,0.024432,34421.40,0.025595,32858.51,0.024311,34593.87,0.029246,28756.52,0.041692,0.006903,0.013349,0.024311,0.086255,0.010982,1,110638,115498,592855,734,0,0,0,1163,0,0,0,568,0,0,0,402,0,0,0,491,0,0,0,14,0,0,0,16680084729041265125,4189535609196008831,4189535609196008831,1030937429230650030,1572695791987670252,18362819924661890862,0,0,0,0,0,0,0,0,0,0,0
946,5,782,8,10,0.037656,20766.70,0.020051,39000.41,0.018756,41692.45,0.021973,35589.16,0.024268,32223.65,0.021097,37067.39,0.027634,28298.53,0.038235,0.006237,0.011781,0.021097,0.077349,0.009783,1,97645,102030,311644,645,0,0,0,905,0,0,0,469,0,0,0,390,0,0,0,432,0,0,0,10,0,0,0,12304407105507408173,12304407105507408173,12304407105507408173,1207411012824750679,9012340976722800358,2144820761866544045,0,0,0,0,0,0,0,0,0,0,0
947,5,760,8,10,0.040544,18744.85,0.017634,43098.64,0.016496,46071.76,0.020053,37899.10,0.021453,35426.89,0.022523,33743.42,0.027465,27672.08,0.041149,0.007082,0.010847,0.022523,0.081600,0.009181,2,112092,115777,482115,490,0,0,0,819,0,0,0,510,0,0,0,381,0,0,0,389,0,0,0,6,0,0,0,5596735846548351612,7877101987374202175,7877101987374202175,17517889298305461386,2216489122325348607,2860938910643257442,0,0,0,0,0,0,0,0,0,0,0
948,5,760,8,10,0.057445,13230.06,0.021408,35500.22,0.017507,43411.57,0.026680,28485.99,0.029267,25967.38,0.026049,29175.79,0.040676,18684.39,0.057753,0.006405,0.008231,0.026049,0.098438,0.009384,3,107504,112794,1444585,435,0,0,0,676,0,0,0,315,0,0,0,241,0,0,0,292,0,0,0,9,0,0,0,12789837098132593915,12789837098132593915,12789837098132593915,3503970564392947067,10049916426857051652,3208082924346139140,0,0,0,0,0,0,0,0,0,0,0
949,5,691,8,10,0.043456,15901.15,0.017532,39414.49,0.014032,49243.11,0.017649,39153.38,0.021132,32698.65,0.018097,38182.89,0.031808,21724.36,0.043579,0.006226,0.008046,0.018097,0.075949,0.007743,3,93625,95925,676130,349,0,0,0,507,0,0,0,335,0,0,0,240,0,0,0,308,0,0,0,8,0,0,0,16990834887232693171,16990834887232693171,16990834887232693171,14292731937006843639,2156156054188795426,14292731937006843639,0,0,0,0,0,0,0,0,0,0,0
950,5,787,8,10,0.039398,19975.48,0.018717,42046.33,0.015521,50706.01,0.022397,35138.73,0.023336,33725.39,0.021470,36656.63,0.026619,29564.97,0.039710,0.006040,0.010051,0.021470,0.077271,0.009174,2,97196,103526,611982,419,0,0,0,565,0,0,0,345,0,0,0,186,0,0,0,247,0,0,0,3,0,0,0,5046775434739325125,5774551174278036546,5774551174278036546,17246293790988166407,17219041076883223794,6223830966191192859,0,0,0,0,0,0,0,0,0,0,0
951,5,751,8,10,0.039361,19079.89,0.019468,38577.04,0.016781,44751.81,0.019533,38448.02,0.023358,32152.35,0.021585,34792.48,0.030553,24579.95,0.039856,0.006066,0.011459,0.021585,0.078966,0.008762,1,90239,94534,547962,516,0,0,0,802,0,0,0,354,0,0,0,289,0,0,0,335,0,0,0,2,0,0,0,12976396227231566167,7571490368768627909,7571490368768627909,16838038913821925857,10012456350026369220,94332928624142435,0,0,0,0,0,0,0,0,0,0,0
952,5,706,8,10,0.030016,23520.42,0.017176,41103.37,0.015922,44340.75,0.018494,38174.82,0.019310,36561.35,0.018658,37839.25,0.020397,34612.13,0.030206,0.005432,0.010193,0.018658,0.064488,0.007398,1,81486,84531,393777,481,0,0,0,800,0,0,0,361,0,0,0,282,0,0,0,323,0,0,0,8,0,0,0,3717053012219212006,3717053012219212006,3717053012219212006,16776512025732451145,6757702299664223189,8876243527799566232,0,0,0,0,0,0,0,0,0,0,0
953,5,735,8,10,0.055375,13273.17,0.034725,21166.24,0.027832,26408.50,0.029262,25118.20,0.036985,19872.67,0.036215,20295.24,0.046331,15863.97,0.055738,0.005635,0.009205,0.036215,0.106794,0.008459,5,90377,93692,538338,501,0,0,0,986,0,0,0,559,0,0,0,313,0,0,0,290,0,0,0,9,0,0,0,15127529359073859780,4162530343544577870,4162530343544577870,16954972220033620887,4285788815001625115,12172217955975464076,0,0,0,0,0,0,0,0,0,0,0
954,5,805,8,10,0.038725,20787.74,0.019433,41424.76,0.017786,45261.33,0.019831,40592.94,0.020909,38499.87,0.019548,41180.44,0.024563,32772.33,0.039138,0.006889,0.012880,0.019548,0.078455,0.010229,1,107327,111522,389285,590,0,0,0,801,0,0,0,457,0,0,0,325,0,0,0,342,0,0,0,5,0,0,0,5102114205963795544,15442823714211168621,15442823714211168621,13768833578135021710,15636852239705281744,6311238233801991716,0,0,0,0,0,0,0,0,0,0,0
955,5,766,8,10,0.040949,18706.33,0.020480,37401.50,0.018537,41322.25,0.020062,38180.70,0.023588,32473.55,0.019597,39088.22,0.027869,27485.80,0.041214,0.006105,0.011572,0.019597,0.078487,0.009325,1,96653,100993,1425649,611,0,0,0,866,0,0,0,478,0,0,0,353,0,0,0,355,0,0,0,6,0,0,0,13333591640713655718,18168218235272007049,18168218235272007049,1687009331510655749,104992463541657538,6566349742007516676,0,0,0,0,0,0,0,0,0,0,0
956,5,833,8,10,0.055202,15090.00,0.023576,35332.91,0.022178,37559.84,0.028527,29199.90,0.029828,27926.89,0.029820,27934.25,0.039238,21229.43,0.055263,0.008174,0.012476,0.029820,0.105733,0.012134,2,128872,135247,748325,696,0,0,0,1217,0,0,0,641,0,0,0,458,0,0,0,570,0,0,0,17,0,0,0,8546871840690519952,8546871840690519952,8546871840690519952,16808962845331107841,14202265575259007097,3640329911386975224,0,0,0,0,0,0,0,0,0,0,0
957,5,867,8,10,0.050105,17303.50,0.023836,36374.28,0.022632,38308.75,0.032454,26714.77,0.032569,26620.18,0.032236,26895.12,0.041681,20800.77,0.050571,0.006689,0.013017,0.032236,0.102513,0.011395,1,110800,116435,583956,719,0,0,0,1041,0,0,0,507,0,0,0,320,0,0,0,365,0,0,0,12,0,0,0,966694922308739971,966694922308739971,966694922308739971,12285265210948861849,4283414541847811989,16633182705647360017,0,0,0,0,0,0,0,0,0,0,0
958,5,751,8,10,0.037024,20284.20,0.020721,36244.02,0.021555,34841.22,0.022234,33776.52,0.023162,32424.36,0.023742,31631.70,0.023957,31347.70,0.037343,0.005936,0.007340,0.023742,0.074361,0.009068,3,91955,97215,416391,636,0,0,0,932,0,0,0,604,0,0,0,292,0,0,0,390,0,0,0,5,0,0,0,13009880325146234244,4739777615633201061,4739777615633201061,16171368401552975597,2904463851744637041,12088970879602901036,0,0,0,0,0,0,0,0,0,0,0
959,5,728,8,10,0.041255,17646.49,0.021580,33734.90,0.023102,31511.94,0.022792,31941.63,0.023703,30713.32,0.023341,31190.14,0.026386,27590.86,0.042059,0.006348,0.011822,0.023341,0.083570,0.008811,1,100782,103617,594845,567,0,0,0,934,0,0,0,499,0,0,0,384,0,0,0,527,0,0,0,5,0,0,0,16900876626200122253,2961670744591435053,2961670744591435053,13366509560259304295,10180386409385048575,14310705119770125498,0,0,0,0,0,0,0,0,0,0,0
960,5,772,8,10,0.030865,25011.98,0.018011,42863.71,0.016860,45788.47,0.018194,42431.79,0.020436,37776.65,0.018096,42660.88,0.020905,36929.19,0.031087,0.005633,0.010611,0.018096,0.065427,0.008590,1,85768,88643,415037,527,0,0,0,841,0,0,0,544,0,0,0,414,0,0,0,411,0,0,0,5,0,0,0,16287637048286096295,16287637048286096295,16287637048286096295,2415808524162614096,9901305397048102650,11574306100402843338,0,0,0,0,0,0,0,0,0,0,0
961,5,801,8,10,0.035966,22270.80,0.017099,46844.09,0.015451,51842.48,0.019947,40156.88,0.022394,35768.88,0.022529,35553.48,0.025833,31006.96,0.036567,0.006014,0.005670,0.022529,0.070781,0.009607,5,97418,101083,538626,472,0,0,0,717,0,0,0,402,0,0,0,286,0,0,0,286,0,0,0,9,0,0,0,4345693086147953887,2701358705832948048,2701358705832948048,17815762978244636410,14075935581937150508,3021088481239232337,0,0,0,0,0,0,0,0,0,0,0
962,5,726,8,10,0.047571,15261.26,0.030274,23981.01,0.023936,30330.26,0.019571,37095.70,0.034322,21152.67,0.034648,20953.69,0.039036,18598.31,0.048154,0.005834,0.005413,0.034648,0.094049,0.007804,5,88940,93630,404753,406,0,0,0,604,0,0,0,296,0,0,0,284,0,0,0,273,0,0,0,7,0,0,0,738238941495187180,738238941495187180,738238941495187180,14625238323585450173,14625238323585450173,4015743672707204357,0,0,0,0,0,0,0,0,0,0,0
963,5,680,8,10,0.062727,10840.68,0.041286,16470.45,0.031399,21656.81,0.032090,21190.73,0.042947,15833.63,0.040600,16748.76,0.052682,12907.69,0.062895,0.005455,0.008675,0.040600,0.117625,0.007381,2,84360,87155,1439430,407,0,0,0,792,0,0,0,501,0,0,0,263,0,0,0,416,0,0,0,3,0,0,0,10413208764372252033,10413208764372252033,10413208764372252033,92404614670966837,740029107285781492,15764454686133859476,0,0,0,0,0,0,0,0,0,0,0
964,5,761,8,10,0.078577,9684.81,0.052563,14477.81,0.047267,16100.06,0.047529,16011.24,0.055375,13742.76,0.037416,20338.90,0.063370,12008.87,0.078677,0.005206,0.010916,0.037416,0.132215,0.008687,1,81625,84110,648468,268,0,0,0,492,0,0,0,462,0,0,0,256,0,0,0,376,0,0,0,3,0,0,0,15102773882402215888,3688104919119969519,3688104919119969519,16431536824583262620,8015244148272894327,2374166024771809620,0,0,0,0,0,0,0,0,0,0,0
965,5,955,8,10,0.070385,13568.25,0.042489,22476.17,0.038151,25032.11,0.039554,24144.06,0.046610,20489.38,0.037444,25504.79,0.057584,16584.38,0.071205,0.007175,0.006542,0.037444,0.122366,0.013262,5,107995,112240,746966,460,0,0,0,566,0,0,0,468,0,0,0,328,0,0,0,334,0,0,0,3,0,0,0,16547101062185622018,16547101062185622018,16547101062185622018,1934923037912895312,8505497176963533950,10485322251343778621,0,0,0,0,0,0,0,0,0,0,0
966,5,773,8,10,0.032932,23472.37,0.014853,52045.10,0.013492,57293.43,0.017547,44052.59,0.018999,40685.88,0.017079,45259.10,0.022261,34724.22,0.033328,0.006117,0.008347,0.017079,0.064871,0.009041,3,94900,98025,316453,280,0,0,0,569,0,0,0,367,0,0,0,231,0,0,0,307,0,0,0,2,0,0,0,16860669151651499170,16860669151651499170,16860669151651499170,10939378680531900589,5776736555999885149,6701766832853152957,0,0,0,0,0,0,0,0,0,0,0
967,5,795,8,10,0.039605,20073.00,0.019848,40055.13,0.018271,43510.98,0.022962,34622.34,0.023696,33549.44,0.021539,36910.10,0.028791,27613.27,0.039815,0.006116,0.006713,0.021539,0.074183,0.009464,4,97298,102593,592628,519,0,0,0,902,0,0,0,457,0,0,0,333,0,0,0,333,0,0,0,7,0,0,0,10849617090780201421,10849617090780201421,10849617090780201421,8820907595644880177,8260885454825186952,9997692595930593209,0,0,0,0,0,0,0,0,0,0,0
968,5,763,8,10,0.041768,18267.53,0.016796,45427.18,0.014413,52939.51,0.017399,43854.20,0.022457,33975.45,0.018146,42048.09,0.031113,24523.70,0.042389,0.005736,0.009304,0.018146,0.075575,0.008458,2,87898,91678,1167981,391,0,0,0,577,0,0,0,426,0,0,0,274,0,0,0,310,0,0,0,6,0,0,0,4997904010592792204,4997904010592792204,4997904010592792204,7066807495844879787,17023810126397766799,9934585138135554195,0,0,0,0,0,0,0,0,0,0,0
969,5,712,8,10,0.039625,17968.38,0.021192,33598.25,0.016343,43565.22,0.021201,33582.55,0.023374,30461.02,0.019697,36148.09,0.031468,22626.40,0.040221,0.005616,0.010473,0.019697,0.076008,0.007589,1,90147,94352,911949,371,0,0,0,582,0,0,0,317,0,0,0,246,0,0,0,157,0,0,0,4,0,0,0,6065520088042523080,6065520088042523080,6065520088042523080,6020163481961571055,4945902274279156403,6020163481961571055,0,0,0,0,0,0,0,0,0,0,0
970,5,738,8,10,0.041107,17953.14,0.021058,35045.72,0.018285,40360.57,0.019742,37382.83,0.020633,35768.51,0.016230,45472.10,0.026902,27433.25,0.041660,0.005745,0.010681,0.016230,0.074316,0.008511,1,88345,91140,869292,412,0,0,0,680,0,0,0,480,0,0,0,272,0,0,0,298,0,0,0,5,0,0,0,14230202220378749706,14230202220378749706,14230202220378749706,8161915920668152308,16941866127398555327,11137135720362685570,0,0,0,0,0,0,0,0,0,0,0
971,5,728,8,10,0.038739,18792.59,0.018378,39613.24,0.017953,40550.68,0.019784,36797.16,0.021394,34028.19,0.021088,34522.10,0.027263,26702.60,0.039075,0.005940,0.011318,0.021088,0.077421,0.008251,1,92716,96156,734051,492,0,0,0,818,0,0,0,363,0,0,0,223,0,0,0,310,0,0,0,8,0,0,0,12971742252305638264,12971742252305638264,12971742252305638264,1901620867579268836,16967537836775023462,7241568479874336038,0,0,0,0,0,0,0,0,0,0,0
972,5,812,8,10,0.039858,20372.48,0.021895,37085.92,0.021624,37550.77,0.026027,31198.83,0.024395,33285.55,0.024096,33698.88,0.028889,28107.18,0.039992,0.006202,0.006857,0.024096,0.077147,0.009832,4,96739,100594,597033,551,0,0,0,799,0,0,0,419,0,0,0,350,0,0,0,422,0,0,0,3,0,0,0,10487748963264856101,7994062227703256088,7994062227703256088,5914497053941003114,13395101573317767302,3715648868579543767,0,0,0,0,0,0,0,0,0,0,0
973,5,701,8,10,0.096725,7247.33,0.095152,7367.19,0.072394,9683.12,0.073854,9491.74,0.062302,11251.71,0.047562,14738.78,0.080794,8676.43,0.095611,0.008043,0.014413,0.047562,0.165628,0.008598,2,125124,128104,643785,507,0,0,0,514,0,0,0,479,0,0,0,372,0,0,0,296,0,0,0,6,0,0,0,2720389890679516068,14749565727591857008,14749565727591857008,9672405530248482322,3469162430209800962,13502646683463498003,0,0,0,0,0,0,0,0,0,0,0
974,5,626,8,10,0.049659,12606.01,0.026071,24010.96,0.018620,33619.29,0.025856,24210.61,0.027948,22398.45,0.023153,27037.40,0.035419,17674.31,0.050013,0.005519,0.008874,0.023153,0.087560,0.006681,2,87568,90803,1576377,402,0,0,0,601,0,0,0,269,0,0,0,210,0,0,0,245,0,0,0,4,0,0,0,11785114645791598396,11785114645791598396,11785114645791598396,11351856396802510816,4394368384944836006,7433239344124045146,0,0,0,0,0,0,0,0,0,0,0
975,5,737,8,10,0.035855,20555.08,0.013366,55140.35,0.010454,70500.89,0.016443,44820.75,0.017553,41986.02,0.017258,42705.08,0.027114,27181.39,0.036027,0.005713,0.005280,0.017258,0.064278,0.007570,5,85087,88892,830569,269,0,0,0,309,0,0,0,257,0,0,0,152,0,0,0,150,0,0,0,16,0,0,0,4670084504543684873,8120005913150533334,8120005913150533334,7681639502957329905,10247642193041248715,4155681965753426535,0,0,0,0,0,0,0,0,0,0,0
976,5,695,8,10,0.041915,16581.36,0.023564,29494.59,0.018910,36753.18,0.019825,35055.86,0.026171,26555.93,0.019116,36357.04,0.031264,22229.88,0.042226,0.004881,0.010172,0.019116,0.076394,0.007540,1,82754,86619,551130,403,0,0,0,656,0,0,0,456,0,0,0,310,0,0,0,372,0,0,0,8,0,0,0,14563460562243749353,17235892579655706094,17235892579655706094,14152544307748348639,11416145355254131771,5716417063977345498,0,0,0,0,0,0,0,0,0,0,0
977,5,714,8,10,0.042099,16960.02,0.022373,31913.17,0.021449,33288.74,0.022037,32399.81,0.025161,28377.20,0.025351,28164.81,0.034816,20507.82,0.042364,0.006122,0.008324,0.025351,0.082160,0.008726,3,98795,102315,787195,465,0,0,0,888,0,0,0,413,0,0,0,254,0,0,0,409,0,0,0,12,0,0,0,8525717779037232281,8525717779037232281,8525717779037232281,11870322878789621462,1110287257774636361,16610774461790269776,0,0,0,0,0,0,0,0,0,0,0
978,5,766,8,10,0.042345,18089.52,0.018870,40593.70,0.014841,51613.07,0.016658,45984.42,0.020056,38193.01,0.019393,39499.58,0.025679,29829.32,0.042625,0.005930,0.005485,0.019393,0.073432,0.008938,5,93848,97008,643848,346,0,0,0,541,0,0,0,410,0,0,0,212,0,0,0,202,0,0,0,8,0,0,0,12483699011910989036,10680442133738231056,10680442133738231056,6974511924948597306,5939730494771561996,2010382246532460305,0,0,0,0,0,0,0,0,0,0,0
979,5,894,8,10,0.045552,19626.08,0.026199,34123.11,0.020832,42915.30,0.023844,37493.07,0.027616,32372.71,0.024157,37008.44,0.035011,25535.17,0.045859,0.006551,0.012677,0.024157,0.089243,0.012335,1,100887,130182,794973,612,0,0,0,904,0,0,0,425,0,0,0,372,0,0,0,329,0,0,0,11,0,0,0,4654072990860900427,13343067580206417476,13343067580206417476,11498352255367178864,10863358254231140835,9888954556806898143,0,0,0,0,0,0,0,0,0,0,0
980,5,746,8,10,0.046447,16061.28,0.025229,29569.02,0.022661,32920.28,0.027323,27302.89,0.029741,25083.34,0.020271,36800.92,0.033585,22212.03,0.046830,0.006258,0.011727,0.020271,0.085086,0.009082,1,101300,106940,1248648,497,0,0,0,735,0,0,0,350,0,0,0,249,0,0,0,318,0,0,0,3,0,0,0,15360235781477228818,3635698172222560493,3635698172222560493,6615625159331318371,7265856857401606984,16027290587462940770,0,0,0,0,0,0,0,0,0,0,0
981,5,757,8,10,0.036532,20721.45,0.020690,36587.79,0.019640,38543.97,0.017665,42853.62,0.021046,35969.14,0.015647,48378.88,0.026067,29041.00,0.036923,0.005470,0.010443,0.015647,0.068483,0.008124,1,85032,92327,619395,443,0,0,0,853,0,0,0,511,0,0,0,316,0,0,0,382,0,0,0,4,0,0,0,947162379707596269,756404244813915930,756404244813915930,17979921125389342596,10029615162631681206,14506106290351633461,0,0,0,0,0,0,0,0,0,0,0
982,5,728,8,10,0.032879,22141.50,0.015839,45961.80,0.014196,51280.52,0.015987,45536.51,0.018142,40128.56,0.016969,42901.40,0.023745,30659.06,0.033249,0.005428,0.010679,0.016969,0.066325,0.008662,1,84829,88084,677611,370,0,0,0,648,0,0,0,295,0,0,0,259,0,0,0,332,0,0,0,4,0,0,0,355757300102798498,1867924927930454859,1867924927930454859,5170929527040872875,9586467433999212504,2421327015317443508,0,0,0,0,0,0,0,0,0,0,0
983,5,733,8,10,0.038741,18920.42,0.017476,41943.63,0.020053,36552.72,0.023492,31202.47,0.020561,35649.51,0.019101,38374.73,0.028092,26093.06,0.039178,0.006696,0.011961,0.019101,0.076936,0.008406,1,96472,101232,631485,393,0,0,0,628,0,0,0,322,0,0,0,224,0,0,0,219,0,0,0,3,0,0,0,7439087388141934753,7439087388141934753,7439087388141934753,1923917336661463416,4309226034032127311,7135042083055434263,0,0,0,0,0,0,0,0,0,0,0
984,5,802,8,10,0.039966,20067.12,0.023122,34685.48,0.017949,44682.83,0.018169,44141.28,0.026995,29709.63,0.020338,39433.55,0.028973,27680.68,0.040530,0.005866,0.011408,0.020338,0.078143,0.009712,1,90832,98092,304462,554,0,0,0,708,0,0,0,371,0,0,0,379,0,0,0,386,0,0,0,4,0,0,0,9793854297616617347,14022038573329500745,14022038573329500745,2894546676854904039,10335305576693835295,18001597239628493672,0,0,0,0,0,0,0,0,0,0,0
985,5,703,8,10,0.027947,25154.47,0.013144,53483.62,0.011858,59286.82,0.012857,54676.35,0.015437,45539.04,0.013066,53803.23,0.015734,44679.99,0.028048,0.005286,0.009900,0.013066,0.056300,0.007479,1,77688,79268,474121,270,0,0,0,505,0,0,0,278,0,0,0,247,0,0,0,277,0,0,0,10,0,0,0,13290188967379092654,6223524242107551683,6223524242107551683,16736290571766449807,16308522770672338615,15451475727531846410,0,0,0,0,0,0,0,0,0,0,0
986,5,853,8,10,0.036133,23607.05,0.019156,44529.32,0.016312,52291.77,0.016656,51214.14,0.020107,42423.96,0.017564,48564.30,0.022913,37227.62,0.036247,0.005846,0.007757,0.017564,0.067415,0.010353,3,89607,93917,1276845,452,0,0,0,671,0,0,0,412,0,0,0,276,0,0,0,318,0,0,0,3,0,0,0,3290057952354538154,5484772261898867250,5484772261898867250,3525400474876966701,14431811562142207566,1644129379687484575,0,0,0,0,0,0,0,0,0,0,0
987,5,761,8,10,0.031295,24317.28,0.017615,43201.95,0.016629,45764.29,0.019449,39127.64,0.020511,37102.00,0.020910,36393.26,0.021407,35549.91,0.031897,0.005610,0.005421,0.020910,0.063839,0.008496,5,88100,92335,406354,416,0,0,0,752,0,0,0,330,0,0,0,259,0,0,0,289,0,0,0,0,0,0,0,13919849589447963263,9430423693800367332,9430423693800367332,14069507394882117328,4309608766300346246,14630836235817621876,0,0,0,0,0,0,0,0,0,0,0
988,5,812,8,10,0.036283,22379.56,0.018661,43512.20,0.017470,46479.91,0.021877,37116.60,0.020725,39179.01,0.020063,40471.56,0.025373,32002.21,0.036900,0.006296,0.005843,0.020063,0.069103,0.010108,5,95097,99032,454951,436,0,0,0,687,0,0,0,377,0,0,0,288,0,0,0,273,0,0,0,3,0,0,0,9078967863205373852,11552042366515615561,11552042366515615561,460496101280283892,8316774817245700237,13075784523496714675,0,0,0,0,0,0,0,0,0,0,0
989,5,714,8,10,0.049763,14347.99,0.025046,28508.11,0.018114,39417.43,0.020494,34840.11,0.027536,25929.49,0.023825,29968.66,0.035446,20143.29,0.050260,0.007609,0.014540,0.023825,0.096234,0.008683,1,119061,121326,701472,495,0,0,0,734,0,0,0,447,0,0,0,305,0,0,0,480,0,0,0,6,0,0,0,6470842959873620655,6774188470364546547,6774188470364546547,9118019417898694800,15552791322582673857,15230079179630287594,0,0,0,0,0,0,0,0,0,0,0
990,5,888,8,10,0.041334,21483.71,0.022550,39379.16,0.021769,40791.09,0.023676,37506.45,0.023505,37779.17,0.023869,37202.82,0.033649,26390.42,0.041699,0.006561,0.012592,0.023869,0.084722,0.011027,1,105782,130602,637910,565,0,0,0,844,0,0,0,386,0,0,0,233,0,0,0,286,0,0,0,4,0,0,0,16752075251983366603,11163043403722501861,11163043403722501861,2833374589107232530,7575504445035971722,16705432372946187613,0,0,0,0,0,0,0,0,0,0,0
991,5,699,8,10,0.027080,25811.94,0.012993,53796.40,0.011200,62412.81,0.014020,49858.90,0.015559,44925.00,0.012740,54865.99,0.018166,38479.42,0.027329,0.005210,0.010054,0.012740,0.055334,0.007292,1,75734,77669,533415,355,0,0,0,509,0,0,0,304,0,0,0,196,0,0,0,260,0,0,0,3,0,0,0,16816868747142356353,2917082516173032714,2917082516173032714,9213277083755984250,15050121514820009797,8210532541081305049,0,0,0,0,0,0,0,0,0,0,0
992,5,714,8,10,0.034010,20993.80,0.016816,42459.10,0.016200,44074.16,0.019227,37135.67,0.020766,34383.42,0.018361,38886.25,0.023790,30012.98,0.034205,0.005855,0.011390,0.018361,0.069811,0.008366,1,91757,95112,476409,493,0,0,0,848,0,0,0,318,0,0,0,211,0,0,0,231,0,0,0,0,0,0,0,2285221404873681214,14025744719369422994,14025744719369422994,15147546125312171068,1026920716076404870,7014956469459993210,0,0,0,0,0,0,0,0,0,0,0
993,5,700,8,10,0.059198,11824.72,0.030273,23123.02,0.021087,33195.36,0.025439,27516.45,0.032433,21582.77,0.025960,26964.07,0.046060,15197.55,0.060020,0.006156,0.009438,0.025960,0.101575,0.008139,2,92266,95566,1159215,408,0,0,0,677,0,0,0,337,0,0,0,237,0,0,0,370,0,0,0,4,0,0,0,2185286828552394396,2185286828552394396,2185286828552394396,16790781040081440332,2271294563894528897,11804926723177687868,0,0,0,0,0,0,0,0,0,0,0
994,5,1049,8,10,0.040016,26214.73,0.016538,63429.19,0.015428,67992.19,0.020237,51835.42,0.021495,48802.43,0.019334,54257.12,0.027488,38162.72,0.040273,0.007661,0.014352,0.019334,0.081619,0.016736,1,111478,115663,701895,417,0,0,0,629,0,0,0,409,0,0,0,255,0,0,0,296,0,0,0,6,0,0,0,10380908587229229472,10380908587229229472,10380908587229229472,2053714488494331721,5257267753126832516,1425528336995446378,0,0,0,0,0,0,0,0,0,0,0
995,5,812,8,10,0.036653,22153.65,0.020953,38752.84,0.017918,45318.21,0.017860,45465.43,0.022718,35743.08,0.021677,37459.63,0.026299,30875.66,0.036800,0.006096,0.011285,0.021677,0.075857,0.009159,1,94303,98238,558730,381,0,0,0,565,0,0,0,429,0,0,0,298,0,0,0,344,0,0,0,5,0,0,0,7368095564379852141,17628618224565684919,17628618224565684919,8889695446527278338,3217427138196229837,2262782265298756194,0,0,0,0,0,0,0,0,0,0,0
996,5,884,8,10,0.028025,31542.73,0.013884,63669.24,0.013076,67606.05,0.014882,59399.99,0.016791,52647.78,0.015521,56954.61,0.022360,39534.55,0.028219,0.005697,0.010968,0.015521,0.060405,0.010139,1,85358,104773,509666,407,0,0,0,644,0,0,0,368,0,0,0,251,0,0,0,378,0,0,0,6,0,0,0,17827969138336140482,16454737312498620273,16454737312498620273,2597116540306560159,8296410292137820400,6552940514753956679,0,0,0,0,0,0,0,0,0,0,0
997,5,783,8,10,0.033638,23277.52,0.017513,44709.14,0.017001,46056.49,0.017494,44759.28,0.019209,40761.32,0.017868,43822.15,0.022933,34142.76,0.033950,0.005862,0.010986,0.017868,0.068665,0.009628,1,90170,92810,272454,425,0,0,0,617,0,0,0,311,0,0,0,265,0,0,0,289,0,0,0,5,0,0,0,7775993450717014320,12863180213629816939,12863180213629816939,18274338492110520915,10071094881250004949,2119202607080704924,0,0,0,0,0,0,0,0,0,0,0
998,5,933,8,10,0.047130,19796.16,0.027481,33951.28,0.019752,47235.20,0.024601,37925.15,0.031355,29755.96,0.030609,30480.82,0.041003,22754.32,0.047582,0.006479,0.006125,0.030609,0.090795,0.012078,5,101442,137492,477269,654,0,0,0,1023,0,0,0,476,0,0,0,369,0,0,0,328,0,0,0,5,0,0,0,10914418735580293008,2714415733852263024,2714415733852263024,9108747350788691554,316784473567908190,15881810099739700214,0,0,0,0,0,0,0,0,0,0,0
999,5,777,8,10,0.039138,19852.61,0.019692,39457.66,0.019010,40872.87,0.020114,38629.97,0.022105,35150.91,0.020337,38206.64,0.027532,28221.55,0.039544,0.006133,0.010048,0.020337,0.076062,0.009688,2,98689,102919,1048988,577,0,0,0,977,0,0,0,429,0,0,0,365,0,0,0,321,0,0,0,9,0,0,0,7047082082345571912,10603886677854669338,10603886677854669338,12433182231093031190,2546808745557216021,9812123160991651047,0,0,0,0,0,0,0,0,0,0,0
