batch_idx,num_blocks,num_txs,threads,merge_cap,seq_time_s,seq_tput,par_time_s,par_tput,concat_time_s,concat_tput,cgraph_time_s,cgraph_tput,graph_time_s,graph_tput,integrated_time_s,integrated_tput,vegeta_time_s,vegeta_tput,phase_pre_execute_s,phase_graph_build_s,phase_integrate_s,phase_execute_s,phase_total_s,vegeta_speculate_s,num_integrated_groups,omakase_graph_bytes,vegeta_sched_bytes,calldata_bytes,par_re_exec,par_validation_aborts,par_cascade_aborts,par_wrote_new_loc,concat_re_exec,concat_validation_aborts,concat_cascade_aborts,concat_wrote_new_loc,cgraph_re_exec,cgraph_validation_aborts,cgraph_cascade_aborts,cgraph_wrote_new_loc,graph_re_exec,graph_validation_aborts,graph_cascade_aborts,graph_wrote_new_loc,integ_re_exec,integ_validation_aborts,integ_cascade_aborts,integ_wrote_new_loc,vegeta_re_exec,vegeta_validation_aborts,vegeta_cascade_aborts,vegeta_wrote_new_loc,digest_seq,digest_par,digest_concat,logical_seq,logical_integ,logical_vegeta,cgraph_cross_block_aborts,cgraph_cross_block_cascade,graph_cross_block_aborts,graph_cross_block_cascade,integ_cross_block_aborts,integ_cross_block_cascade,par_fallbacks,concat_fallbacks,cgraph_fallbacks,graph_fallbacks,integ_fallbacks
0,20,2850,8,10,0.153979,18509.00,0.083491,34135.49,0.078947,36100.38,0.085175,33460.63,0.093518,30475.56,0.076049,37476.06,0.103680,27488.53,0.151394,0.022482,0.052122,0.076049,0.302047,0.032664,4,356506,391271,4693879,2247,0,0,0,3796,0,0,0,1715,0,0,0,1519,0,0,0,1448,0,0,0,32,0,0,0,4053190328571372325,4207672370008174864,4207672370008174864,10748739626629167290,12438826630571542973,11193197639595003276,0,0,0,0,0,0,0,0,0,0,0
1,20,2835,8,10,0.138649,20447.32,0.084004,33748.56,0.070542,40188.85,0.076813,36907.81,0.094199,30095.81,0.076430,37092.54,0.107987,26253.17,0.141642,0.022026,0.041182,0.076430,0.281280,0.030202,4,327541,364611,4659058,2286,0,0,0,3885,0,0,0,1758,0,0,0,1314,0,0,0,1324,0,0,0,28,0,0,0,190627047876301371,8149095015480252001,8149095015480252001,12230576914850540157,17205294079375401760,18149970780980401519,0,0,0,0,0,0,0,0,0,0,0
2,20,3099,8,10,0.265575,11669.01,0.192218,16122.30,0.139335,22241.29,0.134366,23063.86,0.211658,14641.55,0.167825,18465.70,0.231725,13373.61,0.271460,0.024684,0.050465,0.167825,0.514434,0.036271,5,383003,404828,3516125,2338,0,0,0,4515,0,0,0,1690,0,0,0,1330,0,0,0,2046,0,0,0,48,0,0,0,15184720822530853328,3620005882008337781,3620005882008337781,13002523902852497739,13550680785277900756,18146351046228928876,0,0,0,0,0,0,0,0,0,0,0
3,20,2672,8,10,0.174609,15302.80,0.101067,26437.97,0.083034,32179.68,0.063737,41922.26,0.110499,24181.25,0.094450,28290.19,0.130679,20447.07,0.172073,0.024487,0.049392,0.094450,0.340402,0.027930,6,364602,382307,4318011,1439,0,0,0,2378,0,0,0,1399,0,0,0,884,0,0,0,1002,0,0,0,19,0,0,0,5757565782675339691,15490683534664273176,15490683534664273176,8972020138998616136,9438766540681398041,11973637226216252362,0,0,0,0,0,0,0,0,0,0,0
4,20,3179,8,10,0.159903,19880.84,0.089280,35607.12,0.077575,40979.65,0.079579,39947.73,0.096683,32880.80,0.069428,45788.42,0.122428,25966.18,0.163109,0.024590,0.046219,0.069428,0.303345,0.037770,4,367848,435168,4907152,2125,0,0,0,3400,0,0,0,1959,0,0,0,1264,0,0,0,1406,0,0,0,20,0,0,0,5477660914181190666,6910105529174121682,6910105529174121682,9245131167752999378,4128071481608017777,16313783368840455775,0,0,0,0,0,0,0,0,0,0,0
5,20,2748,8,10,0.190759,14405.61,0.118237,23241.40,0.074133,37068.49,0.082946,33130.01,0.127650,21527.56,0.080795,34012.21,0.145569,18877.70,0.194434,0.021619,0.035939,0.080795,0.332786,0.029026,7,319875,340225,4767976,1775,0,0,0,3213,0,0,0,1711,0,0,0,1134,0,0,0,1407,0,0,0,32,0,0,0,628463199492732784,6312850024707813861,6312850024707813861,17988684922465729927,5859919574310462464,15795311055523936134,0,0,0,0,0,0,0,0,0,0,0
6,20,2929,8,10,0.137015,21377.21,0.073682,39751.78,0.060166,48681.65,0.063863,45863.99,0.082090,35680.25,0.063421,46183.57,0.096859,30239.92,0.142693,0.019430,0.043673,0.063421,0.269217,0.030398,3,321312,340657,3021303,1602,0,0,0,2843,0,0,0,1457,0,0,0,958,0,0,0,1264,0,0,0,29,0,0,0,2226137056294600501,3889578249371701955,3889578249371701955,15900608351889728515,4989903208319633547,8189740782271912189,0,0,0,0,0,0,0,0,0,0,0
7,20,3030,8,10,0.141379,21431.70,0.078086,38803.38,0.064565,46929.74,0.082445,36751.85,0.090162,33606.26,0.081195,37317.69,0.136227,22242.21,0.144195,0.023746,0.047426,0.081195,0.296562,0.037114,4,369321,571331,3574087,2141,0,0,0,3281,0,0,0,1175,0,0,0,836,0,0,0,1101,0,0,0,43,0,0,0,12748663019453400248,4998857540185522633,4998857540185522633,4655325159842899738,5341458102281824700,4820753130594788157,0,0,0,0,0,0,0,0,0,0,0
8,20,3104,8,10,0.130034,23870.65,0.063480,48897.22,0.057171,54292.81,0.074953,41412.83,0.079937,38830.43,0.065250,47570.99,0.098558,31494.28,0.132910,0.024084,0.049994,0.065250,0.272238,0.036473,3,367470,426325,3926936,1754,0,0,0,2928,0,0,0,1533,0,0,0,892,0,0,0,1078,0,0,0,16,0,0,0,10818692283544916162,15615680879015268102,15615680879015268102,17355014285082283750,6338078638923446265,6188621081465134986,0,0,0,0,0,0,0,0,0,0,0
9,20,2894,8,10,0.141645,20431.34,0.077818,37189.19,0.069973,41358.54,0.079361,36466.34,0.091815,31519.93,0.074515,38837.68,0.106942,27061.51,0.144254,0.023805,0.046720,0.074515,0.289294,0.032618,4,356242,372782,4896979,1901,0,0,0,3210,0,0,0,1515,0,0,0,924,0,0,0,1112,0,0,0,30,0,0,0,4151564092425949273,6522212788675147570,6522212788675147570,4007255267873568206,17712300670922535994,4013013128136190791,0,0,0,0,0,0,0,0,0,0,0
10,20,2896,8,10,0.132026,21935.11,0.067903,42649.35,0.058124,49824.33,0.065083,44497.37,0.078077,37091.36,0.061712,46927.62,0.087208,33207.91,0.135169,0.023472,0.046766,0.061712,0.267118,0.031044,4,345912,359992,5216097,1498,0,0,0,2667,0,0,0,1391,0,0,0,970,0,0,0,1039,0,0,0,23,0,0,0,4346204199138994350,14848148921788211479,14848148921788211479,4516612912222216600,12249992312161846206,6029194406953163583,0,0,0,0,0,0,0,0,0,0,0
11,20,2779,8,10,0.227297,12226.29,0.154510,17985.89,0.121306,22908.93,0.129309,21491.23,0.163287,17019.10,0.131237,21175.44,0.197776,14051.24,0.229601,0.020314,0.038769,0.131237,0.419921,0.030735,6,322928,467493,5271209,1605,0,0,0,3082,0,0,0,2079,0,0,0,1029,0,0,0,1179,0,0,0,21,0,0,0,9295340728735426931,5908774557333558118,5908774557333558118,14709132146601665698,8574051824778068176,10937182716062458577,0,0,0,0,0,0,0,0,0,0,0
12,20,2832,8,10,0.141250,20049.56,0.080389,35228.50,0.070031,40439.19,0.076509,37015.31,0.091797,30850.71,0.070835,39980.49,0.107475,26350.28,0.144387,0.020949,0.042940,0.070835,0.279110,0.029829,4,335464,476829,5223166,2152,0,0,0,3442,0,0,0,1646,0,0,0,1303,0,0,0,1543,0,0,0,28,0,0,0,14484265922243362797,4119266113437074016,4119266113437074016,3429703357114992880,16410521354490647468,7044874715981481745,0,0,0,0,0,0,0,0,0,0,0
13,20,2646,8,10,0.136747,19349.57,0.076201,34723.77,0.064207,41210.15,0.066899,39552.43,0.085869,30814.48,0.066657,39695.74,0.093578,28275.91,0.140810,0.021221,0.043019,0.066657,0.271706,0.028546,4,340179,354834,3793998,1912,0,0,0,3310,0,0,0,1648,0,0,0,1242,0,0,0,1304,0,0,0,21,0,0,0,16682936844069286759,5503841040842803396,5503841040842803396,17023532330679547570,16449426586355561818,3460164725371746149,0,0,0,0,0,0,0,0,0,0,0
14,20,2591,8,10,0.136856,18932.31,0.079536,32576.63,0.065929,39299.79,0.071444,36266.16,0.087550,29594.40,0.072087,35942.91,0.095867,27027.01,0.140626,0.020515,0.040338,0.072087,0.273566,0.026280,5,318890,328235,4342268,1848,0,0,0,3269,0,0,0,1855,0,0,0,1247,0,0,0,1241,0,0,0,11,0,0,0,2207909631736691337,15566288390315822880,15566288390315822880,4666851469361878230,3655837801430498638,2558839853577110686,0,0,0,0,0,0,0,0,0,0,0
15,20,2619,8,10,0.134039,19539.06,0.085387,30672.20,0.078279,33457.09,0.090663,28887.26,0.095096,27540.47,0.076552,34212.01,0.094947,27583.74,0.137426,0.022459,0.045879,0.076552,0.282317,0.028059,4,366159,383984,5586678,2115,0,0,0,3421,0,0,0,1693,0,0,0,1385,0,0,0,1403,0,0,0,18,0,0,0,14717241197033610278,14717241197033610278,14717241197033610278,2408725443807287477,11163000969665592646,9944383362645699039,0,0,0,0,0,0,0,0,0,0,0
16,20,2517,8,10,0.162101,15527.38,0.101550,24785.85,0.072854,34548.76,0.074875,33616.23,0.111813,22510.74,0.076928,32718.72,0.122250,20588.94,0.165009,0.022226,0.039378,0.076928,0.303542,0.024899,5,313874,325364,4683437,1548,0,0,0,2810,0,0,0,1650,0,0,0,903,0,0,0,1048,0,0,0,15,0,0,0,4414431580817689378,9271195423691253029,9271195423691253029,1014231909668472334,5558353721130034725,13593107475955672994,0,0,0,0,0,0,0,0,0,0,0
17,20,2858,8,10,0.232390,12298.31,0.175616,16274.10,0.168744,16936.88,0.170513,16761.19,0.182847,15630.55,0.164715,17351.23,0.192017,14884.12,0.234929,0.022337,0.042076,0.164715,0.464056,0.033647,4,324380,339965,5789039,1878,0,0,0,3540,0,0,0,1943,0,0,0,1262,0,0,0,1360,0,0,0,17,0,0,0,9860320389114801701,17822633786418055154,17822633786418055154,13047918009012784680,5623930025177971247,7744966486542329600,0,0,0,0,0,0,0,0,0,0,0
18,20,2786,8,10,0.215603,12921.87,0.152358,18285.86,0.124128,22444.54,0.121313,22965.31,0.170440,16345.95,0.091066,30593.19,0.183984,15142.61,0.218563,0.020744,0.043873,0.091066,0.374246,0.028581,3,329922,362912,5663442,1892,0,0,0,3552,0,0,0,1747,0,0,0,1134,0,0,0,1189,0,0,0,18,0,0,0,6724635449686507917,3346492000870778098,3346492000870778098,693322167838809506,1274104834948289563,157286677878559769,0,0,0,0,0,0,0,0,0,0,0
19,20,2559,8,10,0.152339,16798.10,0.087411,29275.48,0.069378,36884.94,0.074153,34509.70,0.097891,26141.29,0.070352,36374.15,0.112108,22826.13,0.155983,0.020512,0.041200,0.070352,0.288047,0.026068,4,328085,345375,5726786,2020,0,0,0,3405,0,0,0,1435,0,0,0,1296,0,0,0,1177,0,0,0,30,0,0,0,8392533834707336065,10642967516877188882,10642967516877188882,3411418574335783232,16263724506514963168,3107540933114983597,0,0,0,0,0,0,0,0,0,0,0
20,20,2501,8,10,0.208684,11984.64,0.133411,18746.62,0.119771,20881.52,0.114548,21833.60,0.151292,16530.92,0.075469,33139.50,0.171030,14623.13,0.212302,0.021373,0.041079,0.075469,0.350224,0.024086,4,297939,310559,5699962,1805,0,0,0,3077,0,0,0,1605,0,0,0,1106,0,0,0,1183,0,0,0,19,0,0,0,5645689561373010983,15777875272478908477,15777875272478908477,15822868163294173523,6783875912655698769,15956058138621480012,0,0,0,0,0,0,0,0,0,0,0
21,20,2301,8,10,0.118562,19407.55,0.064552,35645.53,0.059623,38592.63,0.067187,34247.54,0.075369,30529.95,0.065936,34897.34,0.083830,27448.39,0.120043,0.019134,0.038360,0.065936,0.243473,0.021640,4,293496,304461,5322604,1660,0,0,0,2782,0,0,0,1335,0,0,0,905,0,0,0,910,0,0,0,13,0,0,0,7352231664187585934,2671374813661500622,2671374813661500622,15737532189556470698,9995767224066311569,14738545241719981774,0,0,0,0,0,0,0,0,0,0,0
22,20,2606,8,10,0.171460,15198.92,0.104768,24873.96,0.076509,34061.56,0.085420,30507.92,0.113582,22943.87,0.092211,28261.37,0.132315,19695.49,0.174510,0.019415,0.040928,0.092211,0.327064,0.026429,3,293696,305231,4024615,1597,0,0,0,2744,0,0,0,1560,0,0,0,978,0,0,0,1615,0,0,0,22,0,0,0,4614079747778519049,2517070702756444642,2517070702756444642,174309762371835204,12857860282817102938,6469566491037328405,0,0,0,0,0,0,0,0,0,0,0
23,20,2622,8,10,0.142289,18427.25,0.074394,35244.95,0.067179,39030.09,0.074453,35216.84,0.088128,29752.03,0.069708,37613.90,0.100572,26070.90,0.145318,0.020901,0.046988,0.069708,0.282915,0.027656,3,335676,348626,4683514,2204,0,0,0,3543,0,0,0,1773,0,0,0,1346,0,0,0,1509,0,0,0,20,0,0,0,12299725537097301632,8656414955426042858,8656414955426042858,14810170225282395083,15362430755903037413,2094439388121752722,0,0,0,0,0,0,0,0,0,0,0
24,20,3272,8,10,0.181197,18057.73,0.117242,27908.08,0.106906,30606.21,0.095555,34241.89,0.118481,27616.18,0.097309,33624.68,0.137378,23817.48,0.185785,0.023200,0.043723,0.097309,0.350018,0.040681,7,383451,412206,3138739,2587,0,0,0,4366,0,0,0,1914,0,0,0,1486,0,0,0,1470,0,0,0,25,0,0,0,9369729502860444263,10624129412536051748,10624129412536051748,17813714619340394262,1857714842735188934,1955849066861527655,0,0,0,0,0,0,0,0,0,0,0
25,20,3506,8,10,0.226195,15499.93,0.145894,24031.16,0.108141,32420.66,0.103627,33832.97,0.153985,22768.42,0.068230,51385.06,0.195371,17945.30,0.230360,0.023840,0.050048,0.068230,0.372478,0.048320,4,387941,444021,2961166,2196,0,0,0,3326,0,0,0,1684,0,0,0,1071,0,0,0,1091,0,0,0,14,0,0,0,17799040336927041538,8727431283669153253,8727431283669153253,10564931562067358086,17977375149594701369,10804833367788288422,0,0,0,0,0,0,0,0,0,0,0
26,20,3084,8,10,0.156378,19721.49,0.104289,29571.61,0.086209,35773.69,0.073756,41813.59,0.101582,30359.58,0.076435,40347.89,0.128460,24007.53,0.159491,0.024190,0.042024,0.076435,0.302140,0.038026,6,351361,402561,4260022,2341,0,0,0,3265,0,0,0,1634,0,0,0,1155,0,0,0,1108,0,0,0,17,0,0,0,4475364804506606825,5454039254705690518,5454039254705690518,14120062048022276364,64743690411578723,14196296574453808286,0,0,0,0,0,0,0,0,0,0,0
27,20,2881,8,10,0.196655,14650.03,0.147467,19536.61,0.096953,29715.50,0.097792,29460.46,0.152473,18895.21,0.115200,25008.59,0.158704,18153.33,0.201563,0.021914,0.045802,0.115200,0.384480,0.033791,3,321276,338541,4414895,1886,0,0,0,2950,0,0,0,1658,0,0,0,1287,0,0,0,1691,0,0,0,7,0,0,0,3196814281000397724,15982010505845103211,15982010505845103211,1568588089994186702,18368712569841527909,1812156774544267830,0,0,0,0,0,0,0,0,0,0,0
28,20,3036,8,10,0.136294,22275.41,0.078810,38523.26,0.060920,49836.09,0.067028,45294.18,0.084529,35916.66,0.069035,43977.74,0.114718,26464.82,0.139488,0.023453,0.050173,0.069035,0.282149,0.038843,3,364685,497225,5763221,2739,0,0,0,3653,0,0,0,1477,0,0,0,995,0,0,0,1176,0,0,0,20,0,0,0,11272409440715787427,18331800458434381160,18331800458434381160,8217514695888191433,353202414809321358,1372845226395308972,0,0,0,0,0,0,0,0,0,0,0
29,20,2912,8,10,0.123563,23566.85,0.063980,45514.04,0.059471,48965.37,0.067109,43392.28,0.075315,38664.17,0.062446,46632.08,0.090006,32353.28,0.125829,0.022278,0.046586,0.062446,0.257140,0.033589,6,334731,373626,2717947,2037,0,0,0,3178,0,0,0,1637,0,0,0,1076,0,0,0,1044,0,0,0,17,0,0,0,16904180856106929509,1508290761524822207,1508290761524822207,3519538867483493328,8692247427427865899,8029991134321122824,0,0,0,0,0,0,0,0,0,0,0
30,20,2992,8,10,0.139740,21411.16,0.071963,41576.67,0.061942,48303.34,0.070993,42145.04,0.084378,35459.34,0.073122,40918.14,0.115854,25825.69,0.143500,0.025958,0.046999,0.073122,0.289579,0.036439,4,383174,473354,2278951,1863,0,0,0,3121,0,0,0,1376,0,0,0,1084,0,0,0,1488,0,0,0,15,0,0,0,8352081173736542880,12252343332938017614,12252343332938017614,14300907358678735002,12251579921625866583,5597263787623518534,0,0,0,0,0,0,0,0,0,0,0
31,20,3223,8,10,0.176126,18299.44,0.114488,28151.40,0.092990,34659.65,0.092588,34810.13,0.124783,25828.74,0.100169,32175.73,0.163151,19754.71,0.180275,0.023392,0.043004,0.100169,0.346840,0.044191,5,364771,490251,2378891,2080,0,0,0,3052,0,0,0,1667,0,0,0,1066,0,0,0,1206,0,0,0,8,0,0,0,3823232753706731898,10994981818567135230,10994981818567135230,10135890455128688320,12648760090341872261,4095933247668383334,0,0,0,0,0,0,0,0,0,0,0
32,20,3176,8,10,0.140400,22621.08,0.075710,41949.66,0.063801,49779.53,0.079544,39927.83,0.093059,34129.06,0.072665,43707.53,0.099596,31888.70,0.143253,0.024090,0.050916,0.072665,0.290923,0.041871,3,350366,372571,2119519,1826,0,0,0,2753,0,0,0,1604,0,0,0,1270,0,0,0,1248,0,0,0,22,0,0,0,5007832941896922932,4709070586462729634,4709070586462729634,16349262705851904051,16895590307886158651,512953693135358898,0,0,0,0,0,0,0,0,0,0,0
33,20,3122,8,10,0.149664,20860.05,0.087261,35777.78,0.069904,44660.95,0.077947,40052.85,0.097869,31899.85,0.075910,41127.78,0.108930,28660.51,0.153218,0.025884,0.049939,0.075910,0.304951,0.037996,4,368309,385559,2367578,1942,0,0,0,3156,0,0,0,1589,0,0,0,1220,0,0,0,1157,0,0,0,22,0,0,0,308373423578527921,12943140449325948857,12943140449325948857,13819984373204117469,3314524678211512935,12459157575998924934,0,0,0,0,0,0,0,0,0,0,0
34,20,3028,8,10,0.205978,14700.59,0.142414,21261.99,0.121214,24980.61,0.095122,31832.75,0.150326,20142.92,0.109985,27531.00,0.181119,16718.32,0.209469,0.023438,0.045006,0.109985,0.387898,0.037645,5,352596,428016,2589453,1865,0,0,0,3600,0,0,0,1805,0,0,0,1098,0,0,0,1328,0,0,0,13,0,0,0,7281170085772677636,13512349793269233814,13512349793269233814,15322684650865273080,3859049995239451430,7654733387816139115,0,0,0,0,0,0,0,0,0,0,0
35,20,3013,8,10,0.113642,26513.02,0.061082,49327.07,0.054348,55439.30,0.063109,47742.51,0.070937,42474.61,0.064447,46751.26,0.095041,31702.13,0.117148,0.023395,0.051377,0.064447,0.256367,0.030529,4,326438,435833,2301342,1572,0,0,0,2724,0,0,0,1485,0,0,0,1016,0,0,0,938,0,0,0,14,0,0,0,8619295928439786011,17409034970232100724,17409034970232100724,2979764000321062066,4007831531614226257,11309670129570363285,0,0,0,0,0,0,0,0,0,0,0
36,20,2626,8,10,0.125702,20890.75,0.067529,38887.22,0.056687,46324.48,0.064215,40893.70,0.080178,32752.08,0.065044,40372.92,0.092181,28487.59,0.129249,0.022568,0.046261,0.065044,0.263121,0.026608,3,320970,353770,2489866,1538,0,0,0,2954,0,0,0,1439,0,0,0,865,0,0,0,1154,0,0,0,19,0,0,0,14385453905920836212,12803281412162785305,12803281412162785305,9830965430183081969,8553658303624439794,10093627488973898349,0,0,0,0,0,0,0,0,0,0,0
37,20,2838,8,10,0.142721,19885.01,0.075343,37667.59,0.055095,51510.60,0.060838,46648.16,0.087057,32599.39,0.059413,47767.28,0.112638,25195.74,0.147756,0.021973,0.047865,0.059413,0.277007,0.029038,3,343002,403922,2731899,1385,0,0,0,2390,0,0,0,1479,0,0,0,1000,0,0,0,1106,0,0,0,20,0,0,0,17065036064470864715,15209486635299787284,15209486635299787284,9874809542889857321,15800624362123733352,13153187919356687765,0,0,0,0,0,0,0,0,0,0,0
38,20,2803,8,10,0.135049,20755.38,0.072601,38608.33,0.058618,47817.93,0.061769,45378.86,0.081621,34341.81,0.060630,46231.04,0.100830,27799.34,0.137387,0.022346,0.051088,0.060630,0.271452,0.028341,3,325035,375735,2791917,1545,0,0,0,2752,0,0,0,1284,0,0,0,984,0,0,0,1051,0,0,0,18,0,0,0,11227927751479023971,5130411458979235249,5130411458979235249,2501275776080158720,14076634133431798385,13762729168987390786,0,0,0,0,0,0,0,0,0,0,0
39,20,2922,8,10,0.159024,18374.61,0.086009,33973.05,0.063585,45954.05,0.072332,40397.03,0.095768,30511.25,0.070372,41522.43,0.120202,24309.06,0.161818,0.022677,0.054818,0.070372,0.309685,0.034240,3,345895,364020,3249951,1700,0,0,0,2686,0,0,0,1535,0,0,0,916,0,0,0,935,0,0,0,16,0,0,0,164467569250474563,4517928746188244806,4517928746188244806,11736761888675366696,14312076039032154175,7846184262531478991,0,0,0,0,0,0,0,0,0,0,0
40,20,2857,8,10,0.145059,19695.46,0.071114,40174.65,0.060031,47592.04,0.068412,41761.75,0.081579,35021.28,0.063375,45081.13,0.105915,26974.54,0.148595,0.024939,0.048428,0.063375,0.285337,0.030772,4,380080,401080,3025738,1529,0,0,0,2815,0,0,0,1245,0,0,0,978,0,0,0,931,0,0,0,26,0,0,0,14513622440901945629,12455819061543624570,12455819061543624570,12455530232613510768,9370886774813360815,6085351048205796620,0,0,0,0,0,0,0,0,0,0,0
41,20,2702,8,10,0.139374,19386.75,0.067318,40138.10,0.060249,44846.97,0.068696,39332.52,0.079249,34095.19,0.066356,40719.98,0.095544,28280.21,0.141528,0.021978,0.045361,0.066356,0.275223,0.028671,4,330919,342004,3568258,1593,0,0,0,2908,0,0,0,1688,0,0,0,1025,0,0,0,1122,0,0,0,19,0,0,0,7852546345569508825,2229717808015849120,2229717808015849120,9427167368994390775,10296910071891638511,6771632114672081388,0,0,0,0,0,0,0,0,0,0,0
42,20,2715,8,10,0.152878,17759.27,0.079689,34069.87,0.062083,43731.45,0.066728,40687.29,0.087953,30868.79,0.065074,41721.97,0.099566,27268.31,0.155913,0.021799,0.044276,0.065074,0.287063,0.029243,4,336219,345804,4111130,1798,0,0,0,3002,0,0,0,1670,0,0,0,1257,0,0,0,1366,0,0,0,20,0,0,0,16914684949588646459,8269863253418600556,8269863253418600556,10256154852494116293,11952292802652252799,7558682006502598667,0,0,0,0,0,0,0,0,0,0,0
43,20,2577,8,10,0.155023,16623.36,0.084656,30440.71,0.060208,42801.28,0.072726,35434.15,0.090092,28604.09,0.069759,36941.54,0.109558,23521.78,0.158387,0.019692,0.046782,0.069759,0.294620,0.026428,4,310428,318983,3148332,1504,0,0,0,2669,0,0,0,1353,0,0,0,967,0,0,0,985,0,0,0,15,0,0,0,11010214927735700767,7949565014101892389,7949565014101892389,14032212422687455109,2723675605278526968,4849852480388115255,0,0,0,0,0,0,0,0,0,0,0
44,20,2733,8,10,0.155100,17620.87,0.076258,35838.67,0.055412,49321.03,0.061277,44600.41,0.090177,30307.03,0.056067,48745.15,0.105751,25843.67,0.158256,0.023212,0.051537,0.056067,0.289073,0.028864,3,336449,344329,3979414,1367,0,0,0,2346,0,0,0,1238,0,0,0,915,0,0,0,916,0,0,0,11,0,0,0,4957983973173885978,16887521712973988378,16887521712973988378,10810029505984783051,17128313629803679174,3925260962260883842,0,0,0,0,0,0,0,0,0,0,0
45,20,2828,8,10,0.158986,17787.69,0.071576,39510.22,0.060161,47007.25,0.068370,41363.47,0.083900,33706.80,0.070622,40044.33,0.108625,26034.54,0.162888,0.023277,0.045022,0.070622,0.301809,0.030046,4,339582,352857,4070075,1735,0,0,0,2949,0,0,0,1490,0,0,0,1056,0,0,0,1096,0,0,0,19,0,0,0,15247412850691866711,7002417236751260920,7002417236751260920,7024242276999074946,4760166938235820142,12529636729744791314,0,0,0,0,0,0,0,0,0,0,0
46,20,2729,8,10,0.154533,17659.67,0.073046,37360.09,0.050177,54387.60,0.059239,46067.59,0.084523,32287.18,0.059930,45536.36,0.114410,23852.87,0.156388,0.019829,0.046523,0.059930,0.282670,0.029151,3,319767,336402,3026248,1364,0,0,0,2122,0,0,0,1219,0,0,0,696,0,0,0,827,0,0,0,18,0,0,0,17792846601933682569,13775757791023263376,13775757791023263376,10571201182470728720,2377120759468343456,16686633766297159858,0,0,0,0,0,0,0,0,0,0,0
47,20,2905,8,10,0.138226,21016.38,0.071883,40412.87,0.057324,50677.29,0.069324,41904.42,0.081032,35849.94,0.066860,43449.07,0.095223,30507.21,0.140323,0.022861,0.049556,0.066860,0.279600,0.032265,3,338683,355368,3037431,1445,0,0,0,2633,0,0,0,1279,0,0,0,866,0,0,0,1363,0,0,0,15,0,0,0,16488461841071979874,11479809027018318837,11479809027018318837,10615695150882437949,3873611762943474953,1362336424806111440,0,0,0,0,0,0,0,0,0,0,0
48,20,2928,8,10,0.176614,16578.56,0.098693,29667.68,0.064274,45554.81,0.068482,42755.92,0.103082,28404.66,0.075959,38546.94,0.131346,22292.22,0.179758,0.021936,0.042444,0.075959,0.320097,0.034117,6,347072,365767,3283347,1652,0,0,0,2792,0,0,0,1593,0,0,0,1063,0,0,0,1098,0,0,0,20,0,0,0,8646610515818083288,18097665136193451854,18097665136193451854,7457338394290700040,2015441351481919981,10051440490726246730,0,0,0,0,0,0,0,0,0,0,0
49,20,2816,8,10,0.148016,19024.97,0.082251,34236.58,0.066554,42311.56,0.072391,38900.00,0.088881,31682.81,0.073213,38463.14,0.113554,24798.81,0.151897,0.022479,0.032286,0.073213,0.279874,0.032798,12,350055,391265,2571238,2051,0,0,0,3316,0,0,0,1385,0,0,0,977,0,0,0,1058,0,0,0,11,0,0,0,9348555463242552088,11471867202892119983,11471867202892119983,13430231876177639369,6470638274671894173,2213957885317366715,0,0,0,0,0,0,0,0,0,0,0
50,20,2776,8,10,0.183600,15119.80,0.106021,26183.54,0.084261,32945.30,0.082727,33556.17,0.121953,22762.91,0.067858,40909.18,0.138319,20069.51,0.187476,0.024541,0.050975,0.067858,0.330850,0.031292,4,388864,411639,3047101,1743,0,0,0,2890,0,0,0,1707,0,0,0,1242,0,0,0,1386,0,0,0,11,0,0,0,1145488214149727468,15841256989144216189,15841256989144216189,10859407951889021362,3568101262553771068,17004658821129382821,0,0,0,0,0,0,0,0,0,0,0
51,20,2760,8,10,0.164015,16827.78,0.091504,30162.53,0.077734,35505.48,0.088698,31117.00,0.108382,25465.50,0.105426,26179.41,0.111103,24841.70,0.167931,0.024454,0.041604,0.105426,0.339415,0.031099,7,364178,376183,2315481,2196,0,0,0,3709,0,0,0,1680,0,0,0,1420,0,0,0,943,0,0,0,19,0,0,0,17590592935026444478,9955356284994991023,9955356284994991023,8518820881706181902,4135238634650460854,5120830713338364134,0,0,0,0,0,0,0,0,0,0,1
52,20,2974,8,10,0.177540,16751.16,0.105480,28194.87,0.077537,38356.03,0.079650,37338.26,0.114189,26044.43,0.087635,33936.22,0.135771,21904.47,0.182332,0.025071,0.046205,0.087635,0.341243,0.034837,6,371978,385523,2981628,1797,0,0,0,3237,0,0,0,1798,0,0,0,1245,0,0,0,1626,0,0,0,21,0,0,0,10950010789471516103,13315614337011203705,13315614337011203705,18427204328632527419,4982535431965668271,1766980026676136448,0,0,0,0,0,0,0,0,0,0,0
53,20,2823,8,10,0.212710,13271.57,0.113045,24972.25,0.081376,34690.85,0.074772,37754.78,0.119445,23634.29,0.081260,34740.15,0.153039,18446.23,0.216827,0.022768,0.058318,0.081260,0.379173,0.033929,3,356293,373778,3316700,1613,0,0,0,2863,0,0,0,1380,0,0,0,1068,0,0,0,1305,0,0,0,22,0,0,0,15182565962896694674,6421759448192860488,6421759448192860488,9641401308171796771,13043653636707699845,17570896969403526375,0,0,0,0,0,0,0,0,0,0,0
54,20,3261,8,10,0.159621,20429.61,0.084421,38628.05,0.060554,53853.13,0.077544,42053.41,0.097800,33343.67,0.081269,40126.16,0.117798,27683.07,0.162289,0.025987,0.047458,0.081269,0.317003,0.037678,4,352534,377519,2568692,1571,0,0,0,2500,0,0,0,1388,0,0,0,867,0,0,0,1179,0,0,0,19,0,0,0,17911755005061447104,6119428060106656844,6119428060106656844,13081212903702228538,4700527191380151207,7587329766476722306,0,0,0,0,0,0,0,0,0,0,0
55,20,3044,8,10,0.134332,22660.25,0.065844,46230.35,0.062006,49091.82,0.071801,42394.67,0.080099,38003.06,0.066662,45663.22,0.091294,33342.93,0.138179,0.025271,0.049286,0.066662,0.279398,0.035462,4,371656,394811,3289796,1844,0,0,0,3352,0,0,0,1793,0,0,0,1189,0,0,0,1287,0,0,0,17,0,0,0,12395859987471504121,16678272097126999353,16678272097126999353,9440707429184987151,9100943501365533611,1695974142595942855,0,0,0,0,0,0,0,0,0,0,0
56,20,2812,8,10,0.788461,3566.44,0.696758,4035.83,0.662115,4247.00,0.665034,4228.35,0.705948,3983.29,0.305167,9214.63,0.742755,3785.90,0.794834,0.021965,0.042787,0.305167,1.164752,0.031604,5,357332,370517,2582224,1774,0,0,0,2875,0,0,0,2252,0,0,0,1234,0,0,0,1355,0,0,0,19,0,0,0,11526807693003851151,10027955136310455667,10027955136310455667,9649620377704276453,17026786736155027514,11241566870850936764,0,0,0,0,0,0,0,0,0,0,0
57,20,2724,8,10,0.164240,16585.48,0.098345,27698.42,0.081452,33443.21,0.090439,30119.59,0.109023,24985.53,0.088349,30832.33,0.122801,22182.22,0.167823,0.023252,0.043695,0.088349,0.323119,0.029458,4,347643,358498,3032201,1650,0,0,0,2961,0,0,0,1602,0,0,0,1016,0,0,0,1153,0,0,0,21,0,0,0,1241906053242900293,9551514588256742649,9551514588256742649,967125562761628111,11615417114146381387,3210376433320548861,0,0,0,0,0,0,0,0,0,0,0
58,20,2873,8,10,0.145557,19738.00,0.074892,38361.73,0.058541,49076.88,0.064264,44706.05,0.083915,34236.98,0.061447,46756.09,0.096668,29720.43,0.148602,0.023385,0.047093,0.061447,0.280526,0.031922,4,357672,367032,3070722,1553,0,0,0,2758,0,0,0,1559,0,0,0,1030,0,0,0,1116,0,0,0,16,0,0,0,16392209368523188231,14533482058756317751,14533482058756317751,16882075571541017149,11195949282047855730,17060162423747429641,0,0,0,0,0,0,0,0,0,0,0
59,20,2853,8,10,0.173299,16462.87,0.099040,28806.56,0.065532,43536.29,0.067567,42224.94,0.111202,25656.01,0.080193,35576.75,0.130340,21888.88,0.176853,0.023947,0.051270,0.080193,0.332263,0.031676,6,361922,371812,2253873,1281,0,0,0,2243,0,0,0,1273,0,0,0,742,0,0,0,946,0,0,0,15,0,0,0,11266674458594836644,17607609577922900988,17607609577922900988,11231513086514923317,16119966181563644310,9890165462732659375,0,0,0,0,0,0,0,0,0,0,0
60,20,2667,8,10,0.137533,19391.69,0.064400,41413.08,0.051219,52070.66,0.060140,44346.53,0.074121,35981.77,0.059492,44829.40,0.094089,28345.36,0.141813,0.019899,0.041265,0.059492,0.262469,0.027769,5,315772,340187,3734889,1309,0,0,0,2246,0,0,0,1319,0,0,0,754,0,0,0,892,0,0,0,19,0,0,0,11362800778597787867,16219112072696940010,16219112072696940010,15189339046599654052,11165780230730264952,10542848587162936797,0,0,0,0,0,0,0,0,0,0,0
61,20,3046,8,10,0.162041,18797.75,0.070829,43004.90,0.048399,62935.52,0.058557,52017.94,0.079440,38343.36,0.058667,51919.82,0.111896,27221.60,0.165081,0.024385,0.052755,0.058667,0.300888,0.035204,4,352529,364274,3954357,1320,0,0,0,1956,0,0,0,1400,0,0,0,909,0,0,0,1088,0,0,0,19,0,0,0,10240683073618337714,1902650333876436587,1902650333876436587,2131213133989820337,1796581390879532778,12137186920170741724,0,0,0,0,0,0,0,0,0,0,0
62,20,3097,8,10,0.143561,21572.66,0.070056,44207.36,0.059305,52221.73,0.066039,46896.25,0.081825,37848.92,0.063147,49044.23,0.096996,31929.28,0.146868,0.023452,0.038506,0.063147,0.271973,0.035027,9,336417,351777,3244868,1513,0,0,0,2674,0,0,0,1429,0,0,0,1008,0,0,0,1047,0,0,0,17,0,0,0,6727467522280004935,10822862083147998042,10822862083147998042,4556534718878259773,8807005341801168019,15909873041357757047,0,0,0,0,0,0,0,0,0,0,0
63,20,2979,8,10,0.302010,9863.90,0.215639,13814.73,0.198180,15031.77,0.169868,17537.14,0.223048,13355.89,0.264142,11278.00,0.258466,11525.69,0.305590,0.024686,0.054852,0.264142,0.649270,0.033068,3,353884,380649,4128039,1836,0,0,0,3293,0,0,0,1583,0,0,0,979,0,0,0,806,0,0,0,14,0,0,0,5447889087813517602,16362055118819499993,16362055118819499993,4815676533614247054,1109294032159386890,6496674596782840360,0,0,0,0,0,0,0,0,0,0,1
64,20,2848,8,10,0.140831,20222.88,0.071788,39672.51,0.059825,47605.90,0.067176,42396.05,0.079327,35901.92,0.064825,43933.67,0.090468,31480.74,0.144179,0.023617,0.044504,0.064825,0.277125,0.030702,4,346262,357172,3671859,1713,0,0,0,2856,0,0,0,1506,0,0,0,1071,0,0,0,1345,0,0,0,17,0,0,0,3812320379697996328,10174351367557036358,10174351367557036358,17438201996462730387,5297653309600477437,2972333287868080621,0,0,0,0,0,0,0,0,0,0,0
65,20,2822,8,10,0.189813,14867.28,0.106503,26496.80,0.074864,37695.12,0.075568,37343.91,0.115619,24407.74,0.061787,45673.21,0.141253,19978.29,0.193936,0.021926,0.052318,0.061787,0.329967,0.030075,3,315641,333096,4082054,1235,0,0,0,2574,0,0,0,1406,0,0,0,915,0,0,0,943,0,0,0,9,0,0,0,233162360417602881,550502221797212575,550502221797212575,18130549384550004653,207530072895960994,12479343146176200316,0,0,0,0,0,0,0,0,0,0,0
66,20,3131,8,10,0.254184,12317.84,0.169051,18521.02,0.144731,21633.30,0.147759,21189.95,0.179881,17405.98,0.139567,22433.73,0.210833,14850.60,0.257875,0.022041,0.058343,0.139567,0.477826,0.033569,3,341955,389515,4372990,1419,0,0,0,2145,0,0,0,1844,0,0,0,882,0,0,0,1016,0,0,0,25,0,0,0,5503570547072244902,1547283038464723446,1547283038464723446,17902752282630521022,8157984085527994060,3986982257857852942,0,0,0,0,0,0,0,0,0,0,0
67,20,3959,8,10,0.156168,25350.88,0.086146,45957.02,0.059723,66289.66,0.065461,60478.69,0.097289,40693.09,0.108830,36377.76,0.142233,27834.64,0.159597,0.025422,0.050312,0.108830,0.344161,0.043755,4,365300,531050,3259981,1517,0,0,0,2620,0,0,0,1596,0,0,0,980,0,0,0,792,0,0,0,19,0,0,0,8246072356441394584,3906860605770270501,3906860605770270501,1856415086348838248,1628202163140867214,17399987986831910596,0,0,0,0,0,0,0,0,0,0,1
68,20,4324,8,10,0.185059,23365.50,0.112033,38595.81,0.104098,41537.88,0.105727,40897.79,0.117731,36727.68,0.128877,33551.26,0.177962,24297.31,0.182093,0.029362,0.067835,0.128877,0.408167,0.050989,3,419888,730498,3566544,2605,0,0,0,4203,0,0,0,1877,0,0,0,1262,0,0,0,1243,0,0,0,27,0,0,0,3487925066408264529,7858988287487016261,7858988287487016261,16817048339677852146,6588053365512890401,13551615452872261876,0,0,0,0,0,0,0,0,0,0,0
69,20,5209,8,10,0.164756,31616.40,0.079657,65393.11,0.067945,76665.35,0.083694,62238.76,0.095752,54401.19,0.071536,72816.31,0.160661,32422.26,0.169112,0.029490,0.056585,0.071536,0.326723,0.069400,5,436482,780962,2966738,2219,0,0,0,3206,0,0,0,2060,0,0,0,1388,0,0,0,1452,0,0,0,30,0,0,0,15312542517809182010,856559046882187485,856559046882187485,14866253616024132811,228542525128187321,4945674184971217472,0,0,0,0,0,0,0,0,0,0,0
70,20,4527,8,10,0.139528,32445.10,0.075044,60324.31,0.059023,76698.88,0.069257,65365.70,0.087236,51893.53,0.072530,62415.78,0.135347,33447.47,0.142356,0.026180,0.050498,0.072530,0.291564,0.050648,4,357093,525183,2825274,1466,0,0,0,2655,0,0,0,1554,0,0,0,1006,0,0,0,1082,0,0,0,18,0,0,0,14437660436629302960,15530989092479018294,15530989092479018294,1166788287202290977,8051316548850328718,3352337422596544378,0,0,0,0,0,0,0,0,0,0,0
71,20,4274,8,10,0.184363,23182.54,0.101771,41996.29,0.076907,55573.34,0.076717,55711.09,0.119328,35817.35,0.066028,64729.88,0.155081,27559.74,0.187727,0.025092,0.058719,0.066028,0.337567,0.047726,4,368859,452089,3153953,1668,0,0,0,2959,0,0,0,1562,0,0,0,1163,0,0,0,1298,0,0,0,28,0,0,0,18400107989018948950,14961370891551040952,14961370891551040952,10072032190846261495,12190219839592540371,14132385067267202994,0,0,0,0,0,0,0,0,0,0,0
72,20,6453,8,10,0.136658,47220.12,0.077580,83178.99,0.061003,105781.51,0.060948,105877.89,0.084865,76038.68,0.062364,103473.18,0.193632,33326.19,0.141284,0.027687,0.053260,0.062364,0.284594,0.076615,4,360621,1000436,3251065,1360,0,0,0,2165,0,0,0,1559,0,0,0,1071,0,0,0,1411,0,0,0,18,0,0,0,6290306905684741607,8256936557649618095,8256936557649618095,6633391338055258326,14818840306014012642,4595849434885474424,0,0,0,0,0,0,0,0,0,0,0
73,20,3934,8,10,0.158538,24814.30,0.084504,46554.13,0.065662,59913.24,0.063981,61487.30,0.099026,39727.00,0.076816,51213.23,0.123996,31726.74,0.162796,0.024047,0.047455,0.076816,0.311114,0.042070,5,347155,412765,2732532,1707,0,0,0,2758,0,0,0,1792,0,0,0,1109,0,0,0,1169,0,0,0,20,0,0,0,15938596261963473067,14805258357623141617,14805258357623141617,13180945396139841602,18354423882858723766,12198367539633108421,0,0,0,0,0,0,0,0,0,0,0
74,20,3164,8,10,0.232615,13601.90,0.159452,19842.97,0.143033,22120.78,0.149752,21128.29,0.169665,18648.48,0.135930,23276.65,0.185604,17047.07,0.236088,0.024106,0.062869,0.135930,0.458993,0.035210,2,353179,367354,2957176,1901,0,0,0,2589,0,0,0,2019,0,0,0,1170,0,0,0,1433,0,0,0,23,0,0,0,4721790704348320703,7526894184552492763,7526894184552492763,14933186229490613806,10801833019830798512,2766175708631246319,0,0,0,0,0,0,0,0,0,0,0
75,20,3045,8,10,0.151295,20126.25,0.081007,37589.34,0.072834,41807.13,0.073262,41563.12,0.087895,34643.69,0.069302,43938.15,0.105109,28969.99,0.156115,0.023907,0.047488,0.069302,0.296812,0.038733,4,357056,381536,2635035,2053,0,0,0,3411,0,0,0,1728,0,0,0,1306,0,0,0,1404,0,0,0,30,0,0,0,8421835656649298915,11789248356591430788,11789248356591430788,433234656666654849,2815681989306581447,5216053405034316956,0,0,0,0,0,0,0,0,0,0,0
76,20,2985,8,10,0.288566,10344.27,0.211299,14126.90,0.180514,16536.09,0.194923,15313.77,0.223300,13367.67,0.145442,20523.70,0.243273,12270.16,0.292498,0.022797,0.035921,0.145442,0.496658,0.035018,9,360746,373206,3578459,1489,0,0,0,2157,0,0,0,1800,0,0,0,1025,0,0,0,1086,0,0,0,20,0,0,0,14607046688479782164,14607046688479782164,14607046688479782164,8143900143839576546,475522706427868480,13690185184671007627,0,0,0,0,0,0,0,0,0,0,0
77,20,3111,8,10,0.263229,11818.62,0.190257,16351.56,0.171179,18173.94,0.182601,17037.14,0.198929,15638.75,0.104185,29860.42,0.211095,14737.47,0.267425,0.024266,0.056532,0.104185,0.452408,0.037635,4,380145,392865,3215114,1934,0,0,0,3078,0,0,0,1892,0,0,0,1263,0,0,0,1356,0,0,0,16,0,0,0,3117388939641066290,1104204426059155674,1104204426059155674,5571158122433815923,9218750907820774613,16757374681287016363,0,0,0,0,0,0,0,0,0,0,0
78,20,2815,8,10,0.158195,17794.51,0.083595,33674.10,0.061022,46131.21,0.069909,40266.56,0.091764,30676.55,0.070493,39932.83,0.116069,24252.76,0.160437,0.022266,0.042284,0.070493,0.295480,0.031984,5,341705,353460,2393283,1853,0,0,0,2889,0,0,0,1467,0,0,0,1142,0,0,0,1248,0,0,0,11,0,0,0,13635778255150864924,7409489623606658217,7409489623606658217,6735213316101022505,2468660417396265610,5240924465397714532,0,0,0,0,0,0,0,0,0,0,0
79,20,3116,8,10,0.240342,12964.84,0.153624,20283.24,0.128472,24254.29,0.129753,24014.95,0.167400,18614.14,0.133856,23278.76,0.193132,16134.01,0.245581,0.023134,0.047813,0.133856,0.450383,0.036742,4,371505,386285,3270902,1671,0,0,0,2637,0,0,0,1390,0,0,0,1047,0,0,0,1335,0,0,0,25,0,0,0,3010940226025028415,12984566553126521275,12984566553126521275,7539063495917970628,17263806628300985672,15631985677957853436,0,0,0,0,0,0,0,0,0,0,0
80,20,3201,8,10,0.259169,12350.99,0.168189,19032.13,0.142897,22400.79,0.134819,23742.93,0.200222,15987.28,0.089027,35955.39,0.226714,14119.08,0.263861,0.024643,0.052870,0.089027,0.430401,0.038654,3,374803,427748,2772162,1833,0,0,0,2897,0,0,0,1421,0,0,0,1067,0,0,0,1239,0,0,0,21,0,0,0,14714395461411603370,16897128301367118478,16897128301367118478,18353952172823767134,14272258118861636339,16930303122001699572,0,0,0,0,0,0,0,0,0,0,0
81,20,2902,8,10,0.156601,18531.14,0.079091,36692.00,0.063097,45992.78,0.069432,41796.12,0.090337,32124.10,0.073028,39738.03,0.109675,26460.02,0.160208,0.023361,0.052133,0.073028,0.308730,0.032149,4,329255,339805,4292042,1488,0,0,0,2726,0,0,0,1551,0,0,0,926,0,0,0,863,0,0,0,22,0,0,0,9364443736781849720,3661391317629054932,3661391317629054932,8159586789261723763,9484134557133637099,5717274370839859374,0,0,0,0,0,0,0,0,0,0,0
82,20,2891,8,10,0.180329,16031.79,0.101646,28441.83,0.063450,45563.23,0.065456,44166.92,0.108548,26633.50,0.080149,36070.14,0.137016,21099.77,0.184283,0.022014,0.042142,0.080149,0.328588,0.032911,4,331163,343158,4241455,1584,0,0,0,2363,0,0,0,1301,0,0,0,837,0,0,0,1138,0,0,0,27,0,0,0,17686868146633921002,2983712127875829708,2983712127875829708,6602623298078536815,351251755334556580,14466346830093820371,0,0,0,0,0,0,0,0,0,0,0
83,20,2960,8,10,0.162841,18177.27,0.091580,32321.51,0.062849,47097.13,0.068678,43099.97,0.099179,29845.03,0.079855,37067.00,0.111624,26517.65,0.165650,0.023184,0.042077,0.079855,0.310766,0.032628,6,351551,364356,3312682,1563,0,0,0,2705,0,0,0,1406,0,0,0,892,0,0,0,1049,0,0,0,15,0,0,0,10294303640660984960,18090693060589088244,18090693060589088244,6770238896530636628,13656177966828435770,4280550392990829159,0,0,0,0,0,0,0,0,0,0,0
84,20,3128,8,10,0.140633,22242.36,0.066505,47033.75,0.057999,53931.86,0.067159,46575.85,0.077350,40439.57,0.062700,49888.57,0.094428,33125.61,0.144012,0.026740,0.043999,0.062700,0.277450,0.037687,4,351916,363216,4761197,1534,0,0,0,2656,0,0,0,1481,0,0,0,1039,0,0,0,1169,0,0,0,27,0,0,0,13414150196147500273,14996655630760439782,14996655630760439782,16203339553805334602,5002114509222849160,1078993087054852331,0,0,0,0,0,0,0,0,0,0,0
85,20,3223,8,10,0.166562,19350.11,0.073817,43661.81,0.069175,46591.74,0.081343,39622.35,0.087995,36626.96,0.073965,43574.67,0.112961,28531.87,0.172327,0.028787,0.069646,0.073965,0.344725,0.039888,3,456331,472436,4162153,1287,0,0,0,2636,0,0,0,1575,0,0,0,1007,0,0,0,1071,0,0,0,16,0,0,0,8567219728002959456,12555115268730769315,12555115268730769315,7056520355966548002,2559340779091953849,5106377469796171469,0,0,0,0,0,0,0,0,0,0,0
86,20,2986,8,10,0.186952,15972.01,0.091605,32596.48,0.069796,42782.02,0.080488,37098.71,0.100785,29627.36,0.072036,41451.31,0.136383,21894.30,0.190008,0.025204,0.056135,0.072036,0.343383,0.035681,4,374930,387225,3494092,1951,0,0,0,3524,0,0,0,1766,0,0,0,1306,0,0,0,1154,0,0,0,30,0,0,0,18077424541515710055,355384179073180559,355384179073180559,13984155613268091231,8474443810175792802,11734353774805149847,0,0,0,0,0,0,0,0,0,0,0
87,20,3150,8,10,0.156088,20180.87,0.087796,35878.58,0.064699,48686.62,0.071957,43776.28,0.098681,31921.15,0.072395,43511.45,0.122589,25695.69,0.159278,0.022652,0.050168,0.072395,0.304493,0.039289,6,364205,439760,3480255,2616,0,0,0,3580,0,0,0,1466,0,0,0,1172,0,0,0,1258,0,0,0,20,0,0,0,9552559985057391084,10611644823714170939,10611644823714170939,14403486439783958555,5838609894612728519,18407860260681864388,0,0,0,0,0,0,0,0,0,0,0
88,20,2784,8,10,0.144514,19264.51,0.068724,40509.67,0.057196,48674.91,0.063068,44143.03,0.080014,34793.90,0.068073,40897.33,0.094290,29525.99,0.149024,0.022347,0.031740,0.068073,0.271183,0.031405,13,380921,390746,3400054,1550,0,0,0,2569,0,0,0,1426,0,0,0,1090,0,0,0,1127,0,0,0,11,0,0,0,14698684490818195408,17749488773221152466,17749488773221152466,14981330734431058349,10887807062016582463,13321938407685829484,0,0,0,0,0,0,0,0,0,0,0
89,20,2860,8,10,0.155094,18440.39,0.090413,31632.78,0.071017,40272.03,0.076378,37445.14,0.095695,29886.61,0.063197,45255.46,0.116135,24626.47,0.158598,0.024074,0.056056,0.063197,0.301924,0.032141,3,359500,370695,2364243,1469,0,0,0,2785,0,0,0,1361,0,0,0,808,0,0,0,927,0,0,0,11,0,0,0,13702818897874163079,16426433299682828185,16426433299682828185,14651735618492753420,18161874062650632864,8520813010314541553,0,0,0,0,0,0,0,0,0,0,0
90,20,3065,8,10,0.149990,20434.69,0.084848,36123.50,0.069885,43857.63,0.082766,37032.34,0.095384,32133.26,0.079880,38370.28,0.110289,27790.68,0.152895,0.027008,0.052628,0.079880,0.312410,0.038128,4,396975,438880,3090111,2234,0,0,0,3649,0,0,0,1697,0,0,0,1197,0,0,0,1345,0,0,0,26,0,0,0,4572836933772922785,1543371749898511085,1543371749898511085,14696455407894091836,8442819703789952518,16843865474457814603,0,0,0,0,0,0,0,0,0,0,0
91,20,3278,8,10,0.221417,14804.68,0.136000,24102.93,0.102946,31841.83,0.115807,28305.69,0.148992,22001.22,0.118449,27674.33,0.176190,18604.95,0.224432,0.029616,0.048763,0.118449,0.421261,0.041621,5,389562,409757,2558674,1735,0,0,0,2658,0,0,0,1428,0,0,0,988,0,0,0,986,0,0,0,25,0,0,0,12130747354709095462,11099553541946081539,11099553541946081539,13160750957072377778,5410784120759832346,14259565534778299530,0,0,0,0,0,0,0,0,0,0,0
92,20,3342,8,10,0.175106,19085.61,0.101569,32903.62,0.087010,38409.46,0.089367,37396.54,0.109929,30401.45,0.081405,41053.80,0.124056,26939.41,0.179363,0.024097,0.049977,0.081405,0.334842,0.042829,4,408922,438627,2726493,2985,0,0,0,4396,0,0,0,2065,0,0,0,1419,0,0,0,1530,0,0,0,25,0,0,0,92873393870552879,14991779596129191413,14991779596129191413,14011739833938862849,12865640074552962709,14870764235592494900,0,0,0,0,0,0,0,0,0,0,0
93,20,2970,8,10,0.362227,8199.28,0.282386,10517.51,0.258390,11494.26,0.253201,11729.82,0.293538,10117.93,0.258475,11490.46,0.313492,9473.91,0.370172,0.023537,0.043444,0.258475,0.695628,0.036564,6,395257,412722,3333595,2845,0,0,0,4163,0,0,0,1958,0,0,0,1373,0,0,0,1713,0,0,0,30,0,0,0,1275003222626346273,6787237769079901566,6787237769079901566,4007685851744498141,1500081250984555416,1043083035867333085,0,0,0,0,0,0,0,0,0,0,0
94,20,2889,8,10,0.332887,8678.63,0.233346,12380.78,0.213658,13521.62,0.185816,15547.63,0.254712,11342.22,0.152630,18928.07,0.278419,10376.46,0.337477,0.025500,0.045088,0.152630,0.560695,0.035605,5,392973,411733,2323086,2645,0,0,0,4068,0,0,0,1941,0,0,0,1596,0,0,0,1709,0,0,0,31,0,0,0,7328201460937647276,2751563729571446324,2751563729571446324,6811569434158882456,14444778170669266629,3591864683106228536,0,0,0,0,0,0,0,0,0,0,0
95,20,3206,8,10,0.247734,12941.31,0.164491,19490.45,0.130632,24542.28,0.142027,22573.24,0.174521,18370.31,0.146657,21860.53,0.202943,15797.55,0.250823,0.025011,0.048323,0.146657,0.470814,0.038932,4,377214,405774,2917662,2382,0,0,0,3243,0,0,0,1751,0,0,0,1198,0,0,0,2001,0,0,0,29,0,0,0,15766398470586311147,8816082108761399707,8816082108761399707,8613326934461039933,10245937872608705256,15671696119209858371,0,0,0,0,0,0,0,0,0,0,0
96,20,3035,8,10,0.167164,18155.83,0.094494,32118.54,0.084629,35862.25,0.092847,32688.17,0.103936,29200.77,0.090166,33660.00,0.125929,24100.81,0.170610,0.026287,0.038429,0.090166,0.325492,0.036710,9,395652,444532,2960798,2588,0,0,0,3885,0,0,0,1860,0,0,0,1238,0,0,0,1247,0,0,0,40,0,0,0,8408820583161888797,15754791952099779433,15754791952099779433,10470110649628502248,1950927496334194051,9069826481749616480,0,0,0,0,0,0,0,0,0,0,0
97,20,2986,8,10,0.172497,17310.46,0.106189,28119.54,0.097992,30471.99,0.081801,36503.06,0.117759,25356.95,0.104812,28489.18,0.126694,23568.60,0.176162,0.024485,0.047992,0.104812,0.353451,0.037600,4,375529,391684,2508164,2265,0,0,0,3677,0,0,0,1743,0,0,0,1353,0,0,0,1746,0,0,0,32,0,0,0,17477541587538213358,8946702858622561153,8946702858622561153,7377553613827136450,8858067009768543711,10297113492228443951,0,0,0,0,0,0,0,0,0,0,0
98,20,2927,8,10,0.235679,12419.43,0.160143,18277.37,0.138326,21160.15,0.156296,18727.34,0.168157,17406.38,0.152664,19172.81,0.191483,15285.96,0.239149,0.024514,0.044183,0.152664,0.460511,0.033546,5,363603,378068,2890056,2213,0,0,0,2906,0,0,0,1668,0,0,0,1252,0,0,0,1287,0,0,0,27,0,0,0,18092897175461470007,15785580320704910625,15785580320704910625,10152464827522479811,15687095008964794311,5553212922863865882,0,0,0,0,0,0,0,0,0,0,0
99,20,3419,8,10,0.162405,21052.32,0.087326,39152.08,0.077285,44238.87,0.087497,39075.83,0.101901,33552.22,0.087237,39192.24,0.119927,28508.92,0.166374,0.025913,0.060232,0.087237,0.339755,0.044117,4,406047,433337,3079357,2344,0,0,0,3672,0,0,0,1817,0,0,0,1246,0,0,0,1317,0,0,0,43,0,0,0,10891807550174231087,11058642652025895701,11058642652025895701,2823535591833494178,13114605613204842004,801285535946149477,0,0,0,0,0,0,0,0,0,0,0
100,20,3091,8,10,0.154066,20062.77,0.096637,31985.57,0.069804,44281.17,0.076698,40300.70,0.106042,29148.82,0.077602,39831.37,0.125990,24533.67,0.157314,0.023317,0.042227,0.077602,0.300460,0.037830,5,357644,389984,2929278,2435,0,0,0,3722,0,0,0,1602,0,0,0,1174,0,0,0,1050,0,0,0,29,0,0,0,11887039245450223300,4911885960421672908,4911885960421672908,12765743801665194817,10083176097192336277,8921353339868189657,0,0,0,0,0,0,0,0,0,0,0
101,20,2792,8,10,0.150663,18531.48,0.086393,32317.59,0.078741,35457.92,0.089012,31366.55,0.100711,27722.93,0.080379,34735.47,0.114062,24477.85,0.153482,0.023327,0.043772,0.080379,0.300960,0.031613,4,350238,365488,2860038,2201,0,0,0,4006,0,0,0,1669,0,0,0,1218,0,0,0,1231,0,0,0,31,0,0,0,15300348355150236561,12090505265642062365,12090505265642062365,17028964721937686007,9193477782854476677,9676499215380079514,0,0,0,0,0,0,0,0,0,0,0
102,20,2850,8,10,0.148985,19129.44,0.075263,37867.45,0.066851,42632.01,0.078232,36430.01,0.087456,32587.87,0.072056,39552.70,0.108145,26353.43,0.152348,0.023587,0.040147,0.072056,0.288138,0.032861,6,343639,358379,3262510,1947,0,0,0,3084,0,0,0,1532,0,0,0,1012,0,0,0,1113,0,0,0,48,0,0,0,12617491240378314686,5593419547806902656,5593419547806902656,17751585206493204867,7118708065072514605,14619641032245714025,0,0,0,0,0,0,0,0,0,0,0
103,20,2877,8,10,0.164624,17476.16,0.087753,32785.23,0.080365,35799.09,0.087461,32894.80,0.100838,28530.85,0.079337,36262.92,0.126456,22750.93,0.168377,0.023121,0.047795,0.079337,0.318631,0.032695,4,370308,409478,3869996,2077,0,0,0,3537,0,0,0,1517,0,0,0,1065,0,0,0,1037,0,0,0,21,0,0,0,11620759609190989985,5333734063412217839,5333734063412217839,10999754803164814196,18121351111332897828,17005755417992070196,0,0,0,0,0,0,0,0,0,0,0
104,20,3306,8,10,0.189295,17464.78,0.099403,33258.59,0.079073,41809.52,0.089972,36744.59,0.109987,30058.12,0.083577,39556.55,0.146268,22602.34,0.192749,0.025490,0.045866,0.083577,0.347682,0.041147,5,389396,438846,4301483,2749,0,0,0,3889,0,0,0,1680,0,0,0,1257,0,0,0,1227,0,0,0,32,0,0,0,7564212690898556508,4481860191701637656,4481860191701637656,18411099640437226229,12750740853724054610,14964753854430401294,0,0,0,0,0,0,0,0,0,0,0
105,20,2964,8,10,0.406782,7286.46,0.325468,9106.89,0.310611,9542.48,0.302026,9813.73,0.340166,8713.39,0.167548,17690.44,0.364924,8122.25,0.409968,0.024111,0.044731,0.167548,0.646357,0.034098,4,375738,414028,3267104,2701,0,0,0,4609,0,0,0,1980,0,0,0,1339,0,0,0,1296,0,0,0,44,0,0,0,7825666095614199676,10763667187195541336,10763667187195541336,13915388763518266152,16252618287144326671,2539497253188454064,0,0,0,0,0,0,0,0,0,0,0
106,20,3000,8,10,0.244870,12251.38,0.156280,19196.26,0.126237,23764.88,0.116645,25718.99,0.168226,17833.19,0.166061,18065.70,0.201502,14888.18,0.248943,0.024047,0.050936,0.166061,0.489986,0.035048,5,377611,397306,3954780,2470,0,0,0,3046,0,0,0,1540,0,0,0,1144,0,0,0,417,0,0,0,33,0,0,0,8637899560447447885,8440024383672349139,8440024383672349139,13126332040850212983,7164319771850701515,2036723552700208306,0,0,0,0,0,0,0,0,0,0,1
107,20,3037,8,10,0.188852,16081.39,0.111521,27232.66,0.095180,31907.98,0.097246,31230.10,0.125933,24115.98,0.096434,31493.04,0.139055,21840.34,0.192656,0.025182,0.045583,0.096434,0.359855,0.035194,4,368985,384450,3304605,2359,0,0,0,3883,0,0,0,1555,0,0,0,1242,0,0,0,1234,0,0,0,42,0,0,0,584341256091700467,1029254301402685930,1029254301402685930,6404359594486629588,6413751251976465348,12391159127400689546,0,0,0,0,0,0,0,0,0,0,0
108,20,2825,8,10,0.425428,6640.37,0.340715,8291.39,0.309248,9135.07,0.293845,9613.90,0.348850,8098.04,0.162685,17364.86,0.374134,7550.77,0.429184,0.022184,0.042726,0.162685,0.656780,0.031693,4,356131,373041,3690461,2108,0,0,0,3537,0,0,0,1814,0,0,0,1211,0,0,0,1314,0,0,0,30,0,0,0,7226196747719709623,11879838257767100124,11879838257767100124,15822108021067572325,4440549761612194648,1731943433446249189,0,0,0,0,0,0,0,0,0,0,0
109,20,2857,8,10,0.169449,16860.51,0.084134,33957.92,0.071850,39763.41,0.077981,36637.32,0.096956,29466.92,0.075860,37661.39,0.117806,24251.81,0.173379,0.023755,0.053264,0.075860,0.326258,0.036042,4,388669,402549,3662574,2043,0,0,0,3348,0,0,0,1794,0,0,0,1190,0,0,0,1214,0,0,0,27,0,0,0,6275562895471255497,10206366436196287223,10206366436196287223,18382463550881033015,13312124265190808820,1838752502501911971,0,0,0,0,0,0,0,0,0,0,0
110,20,2880,8,10,0.257125,11200.77,0.152105,18934.30,0.115927,24843.15,0.116851,24646.80,0.169722,16968.95,0.120451,23910.14,0.203488,14153.20,0.262606,0.022977,0.048733,0.120451,0.454766,0.033366,10,355816,368731,3530726,1671,0,0,0,2925,0,0,0,1570,0,0,0,1023,0,0,0,1148,0,0,0,28,0,0,0,252011357326136582,12371932526024776407,12371932526024776407,9358598364799447457,13150027723589485818,993991100452581843,0,0,0,0,0,0,0,0,0,0,0
111,20,2866,8,10,0.242465,11820.24,0.168880,16970.66,0.156506,18312.40,0.156635,18297.27,0.177087,16184.11,0.150154,19087.05,0.194441,14739.66,0.246205,0.021882,0.045163,0.150154,0.463404,0.032795,4,361217,374062,3830530,1936,0,0,0,3034,0,0,0,1666,0,0,0,1099,0,0,0,1320,0,0,0,22,0,0,0,13387010591585958837,13082522483414903107,13082522483414903107,3348226963278738295,17425702967814754310,18399703339570874087,0,0,0,0,0,0,0,0,0,0,0
112,20,2801,8,10,0.171629,16320.06,0.085066,32927.32,0.078394,35729.56,0.084344,33209.37,0.103055,27179.65,0.083677,33473.86,0.125472,22323.65,0.175802,0.022776,0.044769,0.083677,0.327025,0.032071,4,347096,359246,3897532,1679,0,0,0,3116,0,0,0,1375,0,0,0,934,0,0,0,1140,0,0,0,17,0,0,0,5864314208695463000,13517010805672982322,13517010805672982322,7027389511203724243,7046243332477155053,9090229635678046751,0,0,0,0,0,0,0,0,0,0,0
113,20,3304,8,10,0.305793,10804.68,0.209756,15751.64,0.164033,20142.28,0.163201,20244.92,0.217200,15211.80,0.098029,33704.38,0.261295,12644.69,0.310984,0.026025,0.051278,0.098029,0.486316,0.043704,4,404242,449072,3169407,1900,0,0,0,2721,0,0,0,1807,0,0,0,938,0,0,0,1126,0,0,0,34,0,0,0,3271935148431739092,1863625090709350418,1863625090709350418,4452891282080464925,16098938193610981643,3447038572808388613,0,0,0,0,0,0,0,0,0,0,0
114,20,3562,8,10,0.268928,13245.16,0.172525,20646.32,0.133753,26631.17,0.143704,24787.07,0.178229,19985.54,0.088105,40429.11,0.220423,16159.87,0.274236,0.027231,0.053888,0.088105,0.443460,0.055903,4,418058,452233,4026465,1836,0,0,0,2961,0,0,0,1907,0,0,0,1138,0,0,0,1174,0,0,0,32,0,0,0,12045310522183794978,7114724798295630242,7114724798295630242,4894358029688996757,16562451095456340016,11296482993749778300,0,0,0,0,0,0,0,0,0,0,0
115,20,3331,8,10,0.169556,19645.42,0.081586,40828.12,0.063695,52296.31,0.071503,46585.57,0.094060,35413.62,0.067047,49681.55,0.130905,25445.85,0.173347,0.025032,0.057567,0.067047,0.322992,0.042091,4,382433,425948,4054827,1568,0,0,0,2533,0,0,0,1477,0,0,0,934,0,0,0,923,0,0,0,33,0,0,0,9793440328349139651,8904671362804774213,8904671362804774213,10144785086347094250,9059180576494136012,8236986792417858820,0,0,0,0,0,0,0,0,0,0,0
116,20,3035,8,10,0.170392,17811.87,0.107456,28244.06,0.089053,34080.92,0.085653,35433.78,0.117237,25887.76,0.097992,30971.99,0.137895,22009.48,0.175256,0.024437,0.045739,0.097992,0.343423,0.036907,4,364626,419026,2422000,1842,0,0,0,2865,0,0,0,1652,0,0,0,996,0,0,0,1275,0,0,0,18,0,0,0,10703605924755693350,17054961794460118183,17054961794460118183,18219793356719512205,2278448456879445455,8594116079760927160,0,0,0,0,0,0,0,0,0,0,0
117,20,2799,8,10,0.153886,18188.73,0.070622,39633.59,0.066087,42353.18,0.076916,36390.15,0.083719,33433.20,0.069857,40067.73,0.099193,28217.67,0.157989,0.021993,0.041764,0.069857,0.291602,0.031475,6,358805,371115,3987955,1612,0,0,0,3137,0,0,0,1566,0,0,0,1017,0,0,0,1089,0,0,0,19,0,0,0,12618214973372342823,12883462012529351716,12883462012529351716,4510079941377167076,11732534874483535536,17366355096021195945,0,0,0,0,0,0,0,0,0,0,0
118,20,2972,8,10,0.193531,15356.75,0.102112,29105.39,0.083481,35601.09,0.084981,34972.41,0.109508,27139.67,0.079223,37514.16,0.134268,22134.84,0.197695,0.025524,0.049885,0.079223,0.352328,0.037409,5,405575,423290,3451719,2555,0,0,0,4330,0,0,0,2098,0,0,0,1641,0,0,0,1535,0,0,0,19,0,0,0,3123582197308814716,11203224316393250066,11203224316393250066,6360006134532923158,8453462126076847670,1298378482592947739,0,0,0,0,0,0,0,0,0,0,0
119,20,2753,8,10,0.403321,6825.82,0.320482,8590.20,0.274996,10011.06,0.277421,9923.53,0.325949,8446.11,0.267144,10305.31,0.356821,7715.35,0.406772,0.021260,0.050950,0.267144,0.746125,0.030140,3,329058,337788,3768621,1411,0,0,0,2966,0,0,0,2033,0,0,0,1075,0,0,0,1561,0,0,0,16,0,0,0,9690321129435010622,9690321129435010622,9690321129435010622,4808178160403305430,9481291451498263654,5490206255043814068,0,0,0,0,0,0,0,0,0,0,0
120,20,2971,8,10,0.239298,12415.49,0.161172,18433.74,0.146988,20212.47,0.117143,25362.09,0.170508,17424.45,0.145763,20382.41,0.191502,15514.18,0.243027,0.022151,0.046905,0.145763,0.457846,0.035398,4,367540,388190,4191028,1813,0,0,0,2880,0,0,0,1612,0,0,0,1198,0,0,0,1427,0,0,0,15,0,0,0,5743994495100804068,15386371996268959610,15386371996268959610,11310233258124783893,1198863788539516816,14187152071944268675,0,0,0,0,0,0,0,0,0,0,0
121,20,3026,8,10,0.213458,14176.12,0.120841,25041.23,0.092616,32672.39,0.094915,31881.15,0.128905,23474.66,0.082918,36493.77,0.158672,19070.77,0.216814,0.023993,0.051044,0.082918,0.374770,0.035498,3,368178,384563,3239312,1678,0,0,0,2929,0,0,0,1648,0,0,0,1084,0,0,0,1323,0,0,0,24,0,0,0,10899261847899696982,16945081999723889402,16945081999723889402,15463453528833894284,9637979873551040273,10564987425557112752,0,0,0,0,0,0,0,0,0,0,0
122,20,3274,8,10,0.158494,20656.89,0.077871,42043.63,0.072377,45235.57,0.075252,43507.40,0.088852,36847.66,0.075151,43565.60,0.112502,29101.73,0.162311,0.024977,0.054503,0.075151,0.316942,0.039733,5,384393,409063,4124012,2011,0,0,0,3148,0,0,0,1745,0,0,0,1253,0,0,0,1293,0,0,0,27,0,0,0,9835209159999127742,3261404212309189828,3261404212309189828,4654437484022798908,8789926215109050075,15679448109259446635,0,0,0,0,0,0,0,0,0,0,0
123,20,3159,8,10,0.266608,11848.88,0.171545,18414.99,0.155827,20272.47,0.127705,24736.77,0.178196,17727.67,0.108976,28987.95,0.209661,15067.19,0.271576,0.024324,0.047870,0.108976,0.452746,0.039130,4,404957,423907,4627704,2195,0,0,0,3824,0,0,0,2006,0,0,0,1404,0,0,0,1632,0,0,0,32,0,0,0,3759527950557929552,272194379744567768,272194379744567768,1905223339415518640,4222779301541316679,352853385089251167,0,0,0,0,0,0,0,0,0,0,0
124,20,3329,8,10,0.177653,18738.82,0.095194,34970.81,0.077457,42978.45,0.065379,50918.12,0.103729,32093.15,0.069931,47603.96,0.146454,22730.64,0.181100,0.023991,0.049143,0.069931,0.324165,0.038003,4,354067,397982,2589771,2125,0,0,0,3018,0,0,0,1719,0,0,0,1155,0,0,0,1275,0,0,0,27,0,0,0,5725714583086568934,5476942526997463329,5476942526997463329,9789060302232688155,18368923099748914964,2500528088682751366,0,0,0,0,0,0,0,0,0,0,0
125,20,3574,8,10,0.178906,19976.96,0.099081,36071.61,0.078389,45592.87,0.083890,42603.37,0.111008,32195.83,0.091242,39170.45,0.147764,24187.16,0.182862,0.024978,0.047034,0.091242,0.346115,0.043739,4,377786,458386,3849576,2157,0,0,0,3221,0,0,0,1808,0,0,0,1267,0,0,0,1347,0,0,0,31,0,0,0,1779420110241874968,14755992964607867676,14755992964607867676,11665679176584902798,1800968922489849909,10264025746895567509,0,0,0,0,0,0,0,0,0,0,0
126,20,2850,8,10,0.176296,16166.00,0.090516,31486.30,0.069655,40915.91,0.079654,35779.57,0.103453,27548.71,0.076449,37279.58,0.125063,22788.43,0.179737,0.024115,0.047891,0.076449,0.328192,0.032332,4,359730,376310,3037180,1858,0,0,0,3283,0,0,0,1483,0,0,0,1060,0,0,0,1284,0,0,0,24,0,0,0,17550646182285671689,17592496517621956491,17592496517621956491,12150840637202959789,5946546164265008369,11149967922634344784,0,0,0,0,0,0,0,0,0,0,0
127,20,2736,8,10,0.257328,10632.33,0.160969,16997.01,0.132154,20703.09,0.143316,19090.63,0.172067,15900.81,0.092276,29650.14,0.196305,13937.47,0.262018,0.026447,0.045964,0.092276,0.426705,0.031364,4,380021,390336,3575256,1868,0,0,0,3531,0,0,0,2127,0,0,0,1417,0,0,0,1763,0,0,0,25,0,0,0,14043155273710102526,9746298050443648737,9746298050443648737,3061011251381338052,10501961156000909778,5768170546133470647,0,0,0,0,0,0,0,0,0,0,0
128,20,2752,8,10,0.179141,15362.17,0.096357,28560.54,0.074089,37144.74,0.072038,38201.82,0.104493,26336.57,0.075400,36498.59,0.133308,20643.98,0.182856,0.021946,0.045381,0.075400,0.325584,0.031826,4,349913,364918,3762943,1829,0,0,0,3003,0,0,0,1404,0,0,0,1039,0,0,0,1156,0,0,0,25,0,0,0,1141821808357816180,15011674933644383594,15011674933644383594,11473978255451998351,10931192189388842298,7725960472302885794,0,0,0,0,0,0,0,0,0,0,0
129,20,3495,8,10,0.165859,21072.06,0.073745,47392.92,0.067384,51867.13,0.077432,45136.63,0.085483,40885.36,0.074269,47058.76,0.114033,30649.13,0.168889,0.026003,0.043240,0.074269,0.312401,0.048638,10,412782,450447,3206998,2073,0,0,0,3521,0,0,0,1562,0,0,0,1071,0,0,0,956,0,0,0,28,0,0,0,11702607206755602831,2308973295613179547,2308973295613179547,8835440161294476646,8800991929331871175,879007214626427686,0,0,0,0,0,0,0,0,0,0,0
130,20,3140,8,10,0.145777,21539.76,0.069063,45465.44,0.057500,54608.75,0.065126,48213.86,0.076015,41307.83,0.058797,53404.00,0.103976,30199.42,0.150581,0.023354,0.056992,0.058797,0.289724,0.041559,3,371832,409832,3791853,1723,0,0,0,2941,0,0,0,1708,0,0,0,1018,0,0,0,1125,0,0,0,24,0,0,0,7051169128456422277,13072008605458250113,13072008605458250113,4509901922401948480,7801214250116101845,16664873872570374361,0,0,0,0,0,0,0,0,0,0,0
131,20,2811,8,10,0.171968,16346.09,0.086633,32447.38,0.075025,37467.27,0.089280,31485.07,0.102116,27527.57,0.082122,34229.56,0.125029,22482.80,0.175258,0.023769,0.026485,0.082122,0.307635,0.031530,15,347801,359001,4426280,1633,0,0,0,2865,0,0,0,1602,0,0,0,896,0,0,0,883,0,0,0,10,0,0,0,16851181447743035860,16041882627973332566,16041882627973332566,17250878528878667548,9940283640465480563,9682836531373402428,0,0,0,0,0,0,0,0,0,0,0
132,20,2706,8,10,0.462838,5846.54,0.376002,7196.78,0.348946,7754.79,0.356255,7595.68,0.389842,6941.28,0.129063,20966.45,0.414540,6527.72,0.466030,0.023138,0.053001,0.129063,0.671233,0.030146,3,354162,365347,2991562,1694,0,0,0,3576,0,0,0,1670,0,0,0,1048,0,0,0,1275,0,0,0,29,0,0,0,2078718721156617948,6936601568629559665,6936601568629559665,12143770092897576301,2060934908987738268,17676250524398167302,0,0,0,0,0,0,0,0,0,0,0
133,20,2736,8,10,0.168875,16201.37,0.089025,30733.07,0.067981,40246.26,0.062589,43713.75,0.100656,27181.57,0.071297,38374.88,0.116761,23432.45,0.173035,0.022539,0.041327,0.071297,0.308198,0.029451,5,333978,342048,5590022,1525,0,0,0,2724,0,0,0,1567,0,0,0,1124,0,0,0,1274,0,0,0,20,0,0,0,10754653152127550924,1160567022907554067,1160567022907554067,13877380646677461119,163847277287534586,4158212186995829533,0,0,0,0,0,0,0,0,0,0,0
134,20,2881,8,10,0.164524,17511.15,0.081998,35134.81,0.073799,39038.42,0.079489,36243.94,0.092522,31138.59,0.075534,38141.85,0.111220,25903.68,0.168011,0.023984,0.043276,0.075534,0.310805,0.033872,6,370083,381228,3244938,1566,0,0,0,3086,0,0,0,1757,0,0,0,1168,0,0,0,1249,0,0,0,24,0,0,0,2268207469957532476,9985263956975107765,9985263956975107765,13749320794225161161,12121435025645599648,14315783783192886892,0,0,0,0,0,0,0,0,0,0,0
135,20,2969,8,10,0.227098,13073.65,0.134142,22133.22,0.114051,26032.23,0.092030,32261.06,0.147749,20094.94,0.127585,23270.81,0.172612,17200.38,0.232834,0.023147,0.039415,0.127585,0.422981,0.034892,9,364980,386570,3577869,1691,0,0,0,3002,0,0,0,1734,0,0,0,1170,0,0,0,1147,0,0,0,28,0,0,0,15656624637936721743,9499710847955922481,9499710847955922481,9090294739793269621,1698434650300873622,9410491001579427674,0,0,0,0,0,0,0,0,0,0,0
136,20,3034,8,10,0.165897,18288.45,0.085165,35624.82,0.067027,45265.11,0.071864,42218.75,0.092611,32760.59,0.065733,46156.25,0.114279,26549.10,0.168551,0.024971,0.046476,0.065733,0.305731,0.036764,4,373510,386160,4117062,1549,0,0,0,2887,0,0,0,1683,0,0,0,996,0,0,0,1112,0,0,0,15,0,0,0,11783539401770584314,14448266468330740650,14448266468330740650,6600123058834042851,17810203129320914622,12132003382401647870,0,0,0,0,0,0,0,0,0,0,0
137,20,2868,8,10,0.171155,16756.73,0.098187,29209.71,0.065180,44001.52,0.066751,42965.65,0.107279,26734.14,0.087453,32794.79,0.128139,22381.97,0.174396,0.023360,0.042259,0.087453,0.327467,0.032110,5,364480,378005,2849446,1679,0,0,0,2766,0,0,0,1541,0,0,0,937,0,0,0,1059,0,0,0,22,0,0,0,6021601108096221814,18271946482258591948,18271946482258591948,11970326924828596528,8180926901246342842,6950947460705986275,0,0,0,0,0,0,0,0,0,0,0
138,20,2864,8,10,0.374730,7642.84,0.290279,9866.38,0.260694,10986.08,0.263715,10860.20,0.297977,9611.50,0.077455,36976.51,0.330871,8655.94,0.377839,0.023318,0.049833,0.077455,0.528445,0.032516,3,351415,363775,3023126,1695,0,0,0,2967,0,0,0,1784,0,0,0,934,0,0,0,1107,0,0,0,18,0,0,0,12523774806874855829,15633071940331354478,15633071940331354478,11160611242902955759,6106160127982957895,16556504077216394920,0,0,0,0,0,0,0,0,0,0,0
139,20,3391,8,10,0.141269,24003.86,0.076427,44369.22,0.068929,49195.63,0.065962,51408.70,0.074709,45389.72,0.063928,53043.94,0.125901,26933.86,0.145259,0.023565,0.059384,0.063928,0.292136,0.040734,3,355368,605048,4177642,1466,0,0,0,2987,0,0,0,1278,0,0,0,833,0,0,0,932,0,0,0,30,0,0,0,12451642253247447065,5751415285882100268,5751415285882100268,8992958378996937751,8935385276995783656,44681076334884635,0,0,0,0,0,0,0,0,0,0,0
140,20,2985,8,10,0.152194,19613.12,0.084140,35476.71,0.066719,44739.95,0.070109,42576.54,0.088385,33772.86,0.068246,43738.52,0.117531,25397.48,0.156249,0.020645,0.043095,0.068246,0.288236,0.033009,4,329266,403356,3601944,1578,0,0,0,3074,0,0,0,1723,0,0,0,1106,0,0,0,1214,0,0,0,22,0,0,0,11111153792380137140,7689862608073802970,7689862608073802970,8530717044243294453,335815716562330954,1768721734032550317,0,0,0,0,0,0,0,0,0,0,0
141,20,2926,8,10,0.379848,7703.08,0.295399,9905.23,0.259443,11278.01,0.241338,12124.06,0.304015,9624.54,0.090536,32318.48,0.331558,8824.99,0.382237,0.021077,0.057715,0.090536,0.551565,0.033843,3,354508,368783,3794249,2007,0,0,0,3620,0,0,0,2236,0,0,0,1158,0,0,0,989,0,0,0,28,0,0,0,1236836722680612748,4322916448389027580,4322916448389027580,8318941758373666768,7462297167400834015,9224459123661905319,0,0,0,0,0,0,0,0,0,0,0
142,20,2929,8,10,0.183977,15920.51,0.105252,27828.40,0.094463,31006.82,0.085209,34374.27,0.120689,24269.03,0.120920,24222.58,0.142909,20495.57,0.188183,0.023071,0.044225,0.120920,0.376399,0.033277,5,353620,364160,3153652,1845,0,0,0,3329,0,0,0,1998,0,0,0,1107,0,0,0,919,0,0,0,21,0,0,0,13295991528604957699,2251840577021898199,2251840577021898199,14567839765158687187,4271868746228066023,4808421885436307356,0,0,0,0,0,0,0,0,0,0,1
143,20,3229,8,10,0.168453,19168.51,0.088104,36649.72,0.071903,44907.99,0.075968,42504.66,0.095839,33691.94,0.125783,25671.27,0.117847,27399.86,0.171649,0.023934,0.052748,0.125783,0.374114,0.040039,4,381818,400758,3941710,2087,0,0,0,3472,0,0,0,1668,0,0,0,1154,0,0,0,655,0,0,0,25,0,0,0,8042829863488155354,10983282643348845743,10983282643348845743,12452607811807647556,5981486654984280989,2949179945070238770,0,0,0,0,0,0,0,0,0,0,1
144,20,3216,8,10,0.142229,22611.37,0.068485,46959.47,0.063433,50698.89,0.075811,42421.51,0.082383,39037.35,0.068363,47042.66,0.093762,34299.46,0.145411,0.024793,0.045826,0.068363,0.284392,0.037844,4,356658,369078,3676400,1738,0,0,0,2983,0,0,0,1672,0,0,0,1108,0,0,0,1087,0,0,0,12,0,0,0,8950629461840287469,7480704095069006651,7480704095069006651,7682093160523050699,7459928804599105013,5291154208214877461,0,0,0,0,0,0,0,0,0,0,0
145,20,3264,8,10,0.266156,12263.49,0.185798,17567.51,0.148698,21950.53,0.158329,20615.32,0.203984,16001.23,0.132559,24623.02,0.231028,14128.17,0.269434,0.024307,0.051626,0.132559,0.477927,0.039984,3,374309,419039,2189932,2408,0,0,0,3850,0,0,0,2256,0,0,0,1388,0,0,0,880,0,0,0,23,0,0,0,11610657996006641981,1471159223347718093,1471159223347718093,15366223840463329904,1103375660968635127,18321009655434448208,0,0,0,0,0,0,0,0,0,0,1
146,20,3026,8,10,0.188242,16075.02,0.108965,27770.36,0.079637,37997.18,0.093885,32230.89,0.120738,25062.57,0.090464,33449.61,0.141211,21428.97,0.191970,0.023842,0.048543,0.090464,0.354819,0.036429,4,370189,380669,2940677,1913,0,0,0,3366,0,0,0,1784,0,0,0,1170,0,0,0,1481,0,0,0,23,0,0,0,5175604643468989048,9997955593740622619,9997955593740622619,3607429082481394007,1610328955487562138,3976829821386962671,0,0,0,0,0,0,0,0,0,0,0
147,20,3243,8,10,0.267768,12111.24,0.171021,18962.63,0.147137,22040.74,0.147986,21914.25,0.172634,18785.45,0.082827,39153.74,0.195148,16618.16,0.271383,0.029273,0.051803,0.082827,0.435287,0.041575,5,431771,448251,3198419,2239,0,0,0,3969,0,0,0,2010,0,0,0,1426,0,0,0,1393,0,0,0,47,0,0,0,3019679497576391452,3126771192735248293,3126771192735248293,13048740340145735672,15783421230347324683,8310576550556064948,0,0,0,0,0,0,0,0,0,0,0
148,20,3043,8,10,0.303472,10027.27,0.207640,14655.15,0.184723,16473.31,0.211051,14418.29,0.224477,13555.93,0.201309,15116.08,0.250487,12148.33,0.305713,0.024896,0.048603,0.201309,0.580521,0.039158,6,405507,436497,2421004,1939,0,0,0,3122,0,0,0,1641,0,0,0,1086,0,0,0,1302,0,0,0,22,0,0,0,7657371812863804272,3035277788664447623,3035277788664447623,11064854245389050335,14760736597418935610,16146746003584660793,0,0,0,0,0,0,0,0,0,0,0
149,20,3267,8,10,0.140504,23251.94,0.075157,43468.87,0.071601,45627.61,0.079117,41293.53,0.085328,38287.68,0.072035,45353.15,0.110663,29521.99,0.143987,0.025345,0.058329,0.072035,0.299696,0.041268,4,384410,573730,3214058,2060,0,0,0,3581,0,0,0,1826,0,0,0,1283,0,0,0,1053,0,0,0,39,0,0,0,17763301673211196340,17118216217676551024,17118216217676551024,4761080166621474403,9276648287362999485,14994274430764186732,0,0,0,0,0,0,0,0,0,0,0
150,20,3365,8,10,0.168412,19980.81,0.087742,38350.95,0.071382,47140.52,0.081122,41480.81,0.104890,32081.29,0.082672,40703.17,0.123212,27310.60,0.172624,0.029366,0.054135,0.082672,0.338797,0.043958,4,431875,453510,2245186,2076,0,0,0,3525,0,0,0,1583,0,0,0,1230,0,0,0,1233,0,0,0,29,0,0,0,29869298137723752,16081021513961922501,16081021513961922501,13865561397887143546,13486809164842254718,14113269904441752547,0,0,0,0,0,0,0,0,0,0,0
151,20,3073,8,10,0.148215,20733.41,0.077925,39435.25,0.064414,47707.38,0.076346,40250.92,0.089515,34329.54,0.072831,42193.38,0.100662,30527.90,0.151931,0.025352,0.044972,0.072831,0.295086,0.038230,5,377896,390661,2769950,1860,0,0,0,3186,0,0,0,1898,0,0,0,1137,0,0,0,1150,0,0,0,25,0,0,0,4816000741951703746,4152610171511457472,4152610171511457472,13408074128475444038,2233529204911537227,9863731615332762058,0,0,0,0,0,0,0,0,0,0,0
152,20,3165,8,10,0.164315,19261.78,0.085810,36883.98,0.071879,44032.59,0.080123,39501.67,0.096570,32774.03,0.071522,44252.14,0.113647,27849.48,0.167992,0.024212,0.046856,0.071522,0.310582,0.038728,4,374110,390715,3406881,1953,0,0,0,3461,0,0,0,1941,0,0,0,1190,0,0,0,1378,0,0,0,18,0,0,0,8766719009799878664,13472648526585493601,13472648526585493601,14419475395443708797,13924654825651771539,6064224388813276054,0,0,0,0,0,0,0,0,0,0,0
153,20,2941,8,10,0.354107,8305.41,0.249712,11777.57,0.222699,13206.18,0.234685,12531.67,0.264012,11139.66,0.073302,40121.50,0.300752,9778.81,0.359820,0.022710,0.046791,0.073302,0.502624,0.034097,4,358090,368435,3762663,1536,0,0,0,3065,0,0,0,2837,0,0,0,1015,0,0,0,1243,0,0,0,16,0,0,0,6965248077274362721,1020808298367771699,1020808298367771699,381584504567804220,4402775513692256480,7079152548129286305,0,0,0,0,0,0,0,0,0,0,0
154,20,2755,8,10,0.161944,17012.06,0.078715,34999.82,0.056431,48820.43,0.063650,43283.77,0.086553,31830.25,0.129653,21248.96,0.110352,24965.55,0.164929,0.021389,0.051920,0.129653,0.367891,0.029739,3,334794,343059,4984292,1400,0,0,0,2463,0,0,0,1360,0,0,0,894,0,0,0,510,0,0,0,14,0,0,0,10322166986948320562,3103777874159442305,3103777874159442305,6197156079370493716,10822060487991974441,8757610890757689705,0,0,0,0,0,0,0,0,0,0,1
155,20,2850,8,10,0.194948,14619.30,0.103605,27508.33,0.073933,38548.23,0.081487,34974.98,0.115016,24779.10,0.086283,33030.82,0.140002,20356.89,0.197447,0.023226,0.044601,0.086283,0.351558,0.031810,5,356738,377333,4617595,1558,0,0,0,2802,0,0,0,1613,0,0,0,1007,0,0,0,1077,0,0,0,24,0,0,0,17879181299010351326,1075647603566140374,1075647603566140374,7837371517398830753,12783589283904977217,6912522888341284534,0,0,0,0,0,0,0,0,0,0,0
156,20,2958,8,10,0.167851,17622.72,0.082449,35876.89,0.075932,38955.74,0.080132,36914.30,0.095887,30848.91,0.068557,43146.75,0.119457,24762.10,0.171778,0.023342,0.055395,0.068557,0.319072,0.033554,3,361331,411241,3230621,1521,0,0,0,2685,0,0,0,1519,0,0,0,1197,0,0,0,1165,0,0,0,10,0,0,0,15971749493369516225,11430624019308099065,11430624019308099065,18263564979655110430,912841997679571905,3389720042343002003,0,0,0,0,0,0,0,0,0,0,0
157,20,2977,8,10,0.378815,7858.71,0.295363,10079.13,0.268200,11099.91,0.273923,10868.04,0.303292,9815.63,0.084700,35147.61,0.333399,8929.25,0.383181,0.023229,0.047024,0.084700,0.538134,0.035120,4,368009,379954,3346411,1798,0,0,0,3050,0,0,0,2013,0,0,0,1128,0,0,0,1154,0,0,0,22,0,0,0,2816980483584510620,13240377144799940114,13240377144799940114,16966061419029700929,7360054349346306783,2811956048491177829,0,0,0,0,0,0,0,0,0,0,0
158,20,3243,8,10,0.149841,21643.01,0.076211,42553.17,0.063635,50962.30,0.080593,40239.17,0.088362,36701.45,0.074080,43777.27,0.102744,31563.86,0.152781,0.025346,0.053065,0.074080,0.305271,0.038877,5,373680,387510,4307618,1796,0,0,0,3185,0,0,0,1942,0,0,0,1058,0,0,0,1141,0,0,0,22,0,0,0,17514625022838864316,9516723261313640568,9516723261313640568,1045092502942165732,12391623610412112655,6557703824979844443,0,0,0,0,0,0,0,0,0,0,0
159,20,3377,8,10,0.158926,21248.85,0.070113,48164.88,0.056417,59858.32,0.078485,43027.26,0.092668,36442.00,0.080830,41779.22,0.141445,23874.97,0.161511,0.026480,0.037952,0.080830,0.306773,0.044368,11,400690,447570,2564481,2407,0,0,0,3123,0,0,0,1087,0,0,0,848,0,0,0,675,0,0,0,22,0,0,0,9069853687930738208,7257783095685222689,7257783095685222689,7823924792951894025,16929831033008268388,14155839929321281094,0,0,0,0,0,0,0,0,0,0,0
160,20,3579,8,10,0.176255,20305.86,0.092034,38887.98,0.071466,50079.90,0.075357,47493.84,0.107894,33171.35,0.094262,37968.81,0.153413,23329.19,0.180861,0.026499,0.038221,0.094262,0.339843,0.048538,12,398204,444659,2289804,1986,0,0,0,3062,0,0,0,1362,0,0,0,988,0,0,0,906,0,0,0,25,0,0,0,2623930778193363738,9706617486987099956,9706617486987099956,12291359909442070185,9680909169914893509,7622431958475442981,0,0,0,0,0,0,0,0,0,0,0
161,20,3228,8,10,0.221791,14554.23,0.135597,23805.80,0.104625,30853.04,0.122602,26329.19,0.154836,20847.93,0.130146,24802.83,0.182320,17705.16,0.224945,0.024795,0.047444,0.130146,0.427330,0.040265,5,381675,403055,2595755,1573,0,0,0,2549,0,0,0,1547,0,0,0,964,0,0,0,1558,0,0,0,23,0,0,0,15407879516001471080,7951721748202109430,7951721748202109430,1241458699312851969,15143387394663013699,5638545468670849578,0,0,0,0,0,0,0,0,0,0,0
162,20,3214,8,10,0.168087,19121.03,0.082531,38942.71,0.062224,51652.26,0.074666,43045.21,0.093164,34498.40,0.078405,40992.08,0.115875,27736.88,0.170812,0.025494,0.049012,0.078405,0.323724,0.040434,5,409157,425272,3014597,1537,0,0,0,2705,0,0,0,1515,0,0,0,871,0,0,0,981,0,0,0,16,0,0,0,1376251500220157669,12574382671339209303,12574382671339209303,13884110057967907877,6517259152113117524,6071337501946720851,0,0,0,0,0,0,0,0,0,0,0
163,20,3088,8,10,0.144187,21416.58,0.058637,52663.43,0.052270,59077.80,0.067555,45710.93,0.075561,40867.88,0.097395,31705.90,0.106481,29000.45,0.147191,0.024060,0.045470,0.097395,0.314115,0.041102,4,361485,381485,3604329,1436,0,0,0,2254,0,0,0,1305,0,0,0,789,0,0,0,651,0,0,0,20,0,0,0,17012494384702857079,4161665131137254581,4161665131137254581,6913875909279788756,17079458001731309581,807078139478108578,0,0,0,0,0,0,0,0,0,0,1
164,20,3318,8,10,0.159568,20793.68,0.071955,46112.06,0.063975,51864.17,0.076069,43618.34,0.087961,37721.07,0.067873,48885.25,0.110638,29989.71,0.162228,0.025649,0.059707,0.067873,0.315457,0.042366,3,376319,393734,3287199,1289,0,0,0,2703,0,0,0,1614,0,0,0,971,0,0,0,1109,0,0,0,15,0,0,0,14348394728228465114,15905250298511907792,15905250298511907792,5235171474182893666,2082365078604136998,3676515202003550115,0,0,0,0,0,0,0,0,0,0,0
165,20,3081,8,10,0.159755,19285.78,0.073652,41831.94,0.059137,52099.57,0.071546,43063.21,0.088018,35004.30,0.072862,42285.52,0.114383,26935.86,0.163321,0.025603,0.047457,0.072862,0.309242,0.039862,4,358773,379508,3954804,1398,0,0,0,2392,0,0,0,1243,0,0,0,866,0,0,0,1089,0,0,0,13,0,0,0,3021993455010439065,1221320745806809191,1221320745806809191,4150391922618566042,13128033220026717126,264735401307746733,0,0,0,0,0,0,0,0,0,0,0
166,20,3338,8,10,0.199344,16744.92,0.099404,33580.30,0.077669,42977.11,0.081985,40714.79,0.112447,29685.11,0.076996,43353.03,0.147055,22699.02,0.203256,0.025752,0.051272,0.076996,0.357276,0.042604,4,385786,398791,3977612,1338,0,0,0,2505,0,0,0,1965,0,0,0,1050,0,0,0,1201,0,0,0,27,0,0,0,6906140739204695787,9449966643590348537,9449966643590348537,15030847081590440354,8128343359707896807,17638997910064764154,0,0,0,0,0,0,0,0,0,0,0
167,20,3550,8,10,0.174144,20385.48,0.089985,39451.08,0.059529,59634.39,0.067662,52466.77,0.096605,36747.47,0.064071,55407.41,0.132014,26891.18,0.177793,0.024950,0.050719,0.064071,0.317533,0.043968,4,376220,423860,3014416,1531,0,0,0,2475,0,0,0,1470,0,0,0,1059,0,0,0,1228,0,0,0,23,0,0,0,7289369835146027200,15047614342167040162,15047614342167040162,14003649376474649672,1882147420402788026,14984938698358184061,0,0,0,0,0,0,0,0,0,0,0
168,20,3405,8,10,0.156758,21721.42,0.078617,43311.00,0.072634,46879.16,0.078511,43369.58,0.088102,38648.24,0.067723,50278.22,0.115894,29380.37,0.160277,0.023789,0.047806,0.067723,0.299596,0.042905,4,397788,475363,3822537,2600,0,0,0,3757,0,0,0,2070,0,0,0,1222,0,0,0,1367,0,0,0,18,0,0,0,2135800127413989556,1689211677049138606,1689211677049138606,3001147472874328136,17297615596506471314,4692949056021579566,0,0,0,0,0,0,0,0,0,0,0
169,20,3015,8,10,0.150759,19998.79,0.088741,33975.22,0.096584,31216.28,0.082898,36370.18,0.111426,27058.30,0.079384,37980.12,0.117499,25659.86,0.154936,0.023086,0.045977,0.079384,0.303383,0.034026,4,374404,389704,2463452,2074,0,0,0,3581,0,0,0,1813,0,0,0,1132,0,0,0,1278,0,0,0,41,0,0,0,15835359940687443419,15347951379891203563,15347951379891203563,14183987042746904902,6415126664127068112,13613781828818955413,0,0,0,0,0,0,0,0,0,0,0
170,20,3049,8,10,0.148924,20473.52,0.074774,40776.22,0.057034,53459.74,0.063852,47750.99,0.083717,36420.27,0.067157,45400.84,0.107906,28255.95,0.152053,0.024851,0.045806,0.067157,0.289868,0.035909,4,362846,376471,3043663,1489,0,0,0,2663,0,0,0,1646,0,0,0,934,0,0,0,1112,0,0,0,18,0,0,0,12399958133967171658,13401917362655568556,13401917362655568556,10050843359051285379,2939446595879883582,2893639755039478340,0,0,0,0,0,0,0,0,0,0,0
171,20,3209,8,10,0.147192,21801.43,0.083555,38405.93,0.084197,38112.89,0.081200,39519.92,0.093726,34238.26,0.109531,29297.68,0.103135,31114.60,0.149034,0.024808,0.047871,0.109531,0.331244,0.041708,5,395704,414694,2413145,1943,0,0,0,3521,0,0,0,2055,0,0,0,1282,0,0,0,1008,0,0,0,43,0,0,0,9181387441568525549,7149986299352525578,7149986299352525578,1963726829954904148,9835320915306828655,1900179893693514699,0,0,0,0,0,0,0,0,0,0,1
172,20,3545,8,10,0.145004,24447.58,0.070358,50384.88,0.063850,55521.01,0.077705,45621.39,0.083051,42684.43,0.072215,49089.76,0.105613,33565.83,0.149516,0.029329,0.056687,0.072215,0.307747,0.050598,4,411171,431146,1776164,1930,0,0,0,3084,0,0,0,1544,0,0,0,979,0,0,0,1040,0,0,0,17,0,0,0,4884995233310889632,2026456444502459360,2026456444502459360,11467753048176765976,6003126282835022630,5274340834243088406,0,0,0,0,0,0,0,0,0,0,0
173,20,3323,8,10,0.172813,19228.91,0.093811,35422.13,0.070281,47281.34,0.081038,41005.23,0.101658,32687.93,0.081704,40671.15,0.121724,27299.57,0.176249,0.025272,0.040143,0.081704,0.323367,0.044837,11,399207,417052,2783887,2091,0,0,0,3481,0,0,0,1579,0,0,0,1274,0,0,0,1162,0,0,0,33,0,0,0,3830327716822533349,2259522725600974399,2259522725600974399,4437218146218463797,16477471186276076178,17702910673858183775,0,0,0,0,0,0,0,0,0,0,0
174,20,3478,8,10,0.154798,22467.96,0.076935,45207.00,0.067721,51357.75,0.073680,47204.35,0.086382,40262.99,0.069667,49923.24,0.113607,30614.33,0.158396,0.026400,0.049597,0.069667,0.304060,0.042912,4,405000,438290,2711747,2139,0,0,0,3759,0,0,0,1781,0,0,0,1252,0,0,0,1279,0,0,0,50,0,0,0,3595883015006858450,17005550719943195314,17005550719943195314,8710958823438650593,2357275266805759106,10710408866870876490,0,0,0,0,0,0,0,0,0,0,0
175,20,3595,8,10,0.148624,24188.52,0.070357,51096.46,0.062621,57408.52,0.066464,54089.59,0.080199,44826.08,0.064964,55338.75,0.116303,30910.67,0.151003,0.025387,0.052018,0.064964,0.293372,0.043730,3,363731,405716,2647064,1501,0,0,0,2888,0,0,0,1716,0,0,0,1135,0,0,0,1319,0,0,0,46,0,0,0,3139229266143979573,13612671507333369350,13612671507333369350,13005630848051539158,18222475193769129011,485197095395589616,0,0,0,0,0,0,0,0,0,0,0
176,20,3053,8,10,0.154569,19751.71,0.079600,38354.26,0.061663,49511.22,0.066202,46116.51,0.090786,33628.40,0.079731,38291.24,0.108296,28191.30,0.159113,0.021111,0.043198,0.079731,0.303153,0.035299,4,333939,345504,3816185,1653,0,0,0,2727,0,0,0,1379,0,0,0,1041,0,0,0,1101,0,0,0,19,0,0,0,8332537619442033432,7141882940059633915,7141882940059633915,16585530143958765677,4708298607780641875,15301059847182877030,0,0,0,0,0,0,0,0,0,0,1
177,20,3208,8,10,0.157022,20430.28,0.078144,41052.46,0.074785,42896.42,0.084472,37977.06,0.093828,34190.24,0.080930,39639.42,0.112481,28520.31,0.160217,0.024997,0.043701,0.080930,0.309844,0.038207,6,366060,384190,2579612,1958,0,0,0,3365,0,0,0,1511,0,0,0,1215,0,0,0,1513,0,0,0,16,0,0,0,10284828320248296033,6631467540283211591,6631467540283211591,15499628601312355022,11561001409530152528,11842269797471234090,0,0,0,0,0,0,0,0,0,0,0
178,20,3189,8,10,0.131372,24274.54,0.060218,52957.98,0.055447,57514.59,0.062629,50918.76,0.071915,44343.77,0.059921,53219.71,0.095236,33485.38,0.135300,0.022907,0.043214,0.059921,0.261343,0.037398,4,335760,363375,3742603,1557,0,0,0,2930,0,0,0,1448,0,0,0,1039,0,0,0,1151,0,0,0,18,0,0,0,8596513009790695906,6468725732366959245,6468725732366959245,179576954257950152,12339816875085257945,6698278354107863457,0,0,0,0,0,0,0,0,0,0,0
179,20,3325,8,10,0.178068,18672.64,0.095444,34837.20,0.082638,40235.62,0.079318,41919.99,0.100864,32965.18,0.076713,43343.52,0.123886,26839.15,0.180823,0.023818,0.045440,0.076713,0.326794,0.041923,6,371063,386568,3313640,2117,0,0,0,3714,0,0,0,1906,0,0,0,1444,0,0,0,1514,0,0,0,33,0,0,0,3874955238038937070,4513498902149966334,4513498902149966334,5707697424356944820,1387686971736400684,18139992312805853098,0,0,0,0,0,0,0,0,0,0,0
180,20,3052,8,10,0.142095,21478.65,0.071840,42483.07,0.065912,46304.05,0.081238,37568.67,0.086766,35175.20,0.075462,40444.35,0.100970,30226.67,0.145455,0.022719,0.039028,0.075462,0.282663,0.036434,9,348604,363859,2799540,2108,0,0,0,3260,0,0,0,1763,0,0,0,1270,0,0,0,1258,0,0,0,14,0,0,0,8141723786938103623,15452206030575820687,15452206030575820687,2161228889540016447,14912928712023415846,12430315821607812545,0,0,0,0,0,0,0,0,0,0,0
181,20,3289,8,10,0.148211,22191.39,0.072249,45523.36,0.059909,54900.36,0.067283,48883.02,0.085126,38636.73,0.069112,47589.58,0.104846,31369.83,0.151064,0.024610,0.053366,0.069112,0.298152,0.041019,4,379584,394889,2903692,1621,0,0,0,2729,0,0,0,1437,0,0,0,1019,0,0,0,987,0,0,0,20,0,0,0,435433032778011756,6600114728156252217,6600114728156252217,6165352066075906984,3137886486111460521,12526566601497226081,0,0,0,0,0,0,0,0,0,0,0
182,20,3462,8,10,0.151942,22784.98,0.078483,44111.34,0.064097,54011.78,0.074296,46597.51,0.094238,36736.85,0.085058,40701.67,0.116532,29708.56,0.155719,0.026938,0.046524,0.085058,0.314239,0.043640,6,390270,414020,2736088,1781,0,0,0,3021,0,0,0,1603,0,0,0,1156,0,0,0,1281,0,0,0,23,0,0,0,13895554099873111328,16081165950863806138,16081165950863806138,21349270425001646,2666981033615736832,15149629762693115609,0,0,0,0,0,0,0,0,0,0,0
183,20,3348,8,10,0.142711,23460.03,0.073833,45345.88,0.069612,48095.42,0.074347,45032.25,0.087970,38058.35,0.072753,46018.43,0.102598,32632.36,0.146099,0.025778,0.046953,0.072753,0.291584,0.040795,6,371724,388614,2173803,1907,0,0,0,3155,0,0,0,1583,0,0,0,1086,0,0,0,1213,0,0,0,23,0,0,0,3070521402497786046,4206596963792793764,4206596963792793764,8514347712314737286,14532401369256217438,18106581668712163138,0,0,0,0,0,0,0,0,0,0,0
184,20,3873,8,10,0.167364,23141.13,0.069883,55421.39,0.063663,60835.53,0.079456,48743.94,0.087709,44157.43,0.073864,52434.32,0.134661,28761.18,0.170844,0.026160,0.051205,0.073864,0.322074,0.049378,5,404665,517520,3559753,1610,0,0,0,3015,0,0,0,2236,0,0,0,1366,0,0,0,1422,0,0,0,27,0,0,0,12504360895672762891,8366311664398346879,8366311664398346879,12154768484759744075,13727644449390112360,6487118302661081163,0,0,0,0,0,0,0,0,0,0,0
185,20,3313,8,10,0.178459,18564.50,0.087844,37714.52,0.069523,47653.48,0.077275,42872.78,0.095099,34837.51,0.077199,42914.99,0.124086,26699.29,0.181483,0.025698,0.041988,0.077199,0.326368,0.043228,7,376500,395635,3161192,1894,0,0,0,3333,0,0,0,2198,0,0,0,1485,0,0,0,1452,0,0,0,36,0,0,0,11949695241514937768,4741072196902472803,4741072196902472803,107061867520273022,14406965459058818352,9325091825768549801,0,0,0,0,0,0,0,0,0,0,0
186,20,3041,8,10,0.144154,21095.48,0.071222,42697.35,0.059993,50688.84,0.066521,45714.63,0.082106,37037.41,0.061134,49743.57,0.096581,31486.49,0.146795,0.023785,0.047146,0.061134,0.278859,0.034458,3,337292,348302,4105870,1666,0,0,0,2703,0,0,0,1520,0,0,0,1068,0,0,0,1188,0,0,0,9,0,0,0,5581533969923359991,9582542950765955969,9582542950765955969,9056353288181585466,16187910835584120404,13049835290200444234,0,0,0,0,0,0,0,0,0,0,0
187,20,2997,8,10,0.152209,19689.99,0.072890,41116.58,0.063390,47278.85,0.073331,40869.70,0.088205,33977.76,0.068670,43643.21,0.108349,27660.66,0.155377,0.023477,0.044723,0.068670,0.292247,0.034019,4,352824,365444,4034906,1687,0,0,0,3063,0,0,0,1663,0,0,0,1037,0,0,0,1046,0,0,0,24,0,0,0,3243637491252232673,9140398937605764958,9140398937605764958,3626912265552609951,7359608302224053827,13179849677597395285,0,0,0,0,0,0,0,0,0,0,0
188,20,3250,8,10,0.170124,19103.72,0.084493,38464.89,0.069218,46952.87,0.078372,41469.09,0.100288,32406.67,0.074584,43575.17,0.128923,25208.75,0.173536,0.023898,0.047859,0.074584,0.319877,0.039304,4,379125,393245,2626697,1777,0,0,0,2920,0,0,0,1503,0,0,0,995,0,0,0,1090,0,0,0,24,0,0,0,6573563015436759611,2994070471452225824,2994070471452225824,15037126701881036036,16181024934443459125,17059220960065546393,0,0,0,0,0,0,0,0,0,0,0
189,20,3386,8,10,0.166521,20333.72,0.072784,46521.15,0.061554,55008.49,0.075929,44594.36,0.093183,36336.93,0.074350,45541.52,0.122863,27559.12,0.169927,0.027048,0.052791,0.074350,0.324115,0.041968,5,417029,436094,3145865,1848,0,0,0,3045,0,0,0,1600,0,0,0,1027,0,0,0,996,0,0,0,62,0,0,0,15332742131627316718,1007402057510158915,1007402057510158915,3638459329496456588,8007419664771435186,10295175242768863381,0,0,0,0,0,0,0,0,0,0,0
190,20,3135,8,10,0.152025,20621.57,0.087889,35669.88,0.077434,40486.19,0.080283,39049.30,0.098594,31797.01,0.074714,41959.93,0.110568,28353.64,0.156666,0.024134,0.049393,0.074714,0.304907,0.035410,3,362597,376797,3446589,1962,0,0,0,3230,0,0,0,1657,0,0,0,1224,0,0,0,1279,0,0,0,25,0,0,0,14734471585744337545,11185420772819290183,11185420772819290183,8039321842398131758,13265283547812827037,5860862716946763428,0,0,0,0,0,0,0,0,0,0,0
191,20,3224,8,10,0.156367,20618.18,0.089253,36122.11,0.067186,47986.30,0.083163,38767.31,0.106671,30223.78,0.081558,39530.33,0.122171,26389.13,0.161811,0.023449,0.041618,0.081558,0.308435,0.040115,8,368412,390797,2132110,1912,0,0,0,3293,0,0,0,1551,0,0,0,1100,0,0,0,1162,0,0,0,22,0,0,0,15761672655282941317,15681902204798133909,15681902204798133909,9015959136072057238,6873084810405429242,11642038955067618210,0,0,0,0,0,0,0,0,0,0,0
192,20,3272,8,10,0.143140,22858.68,0.072057,45408.76,0.064752,50531.23,0.074686,43810.29,0.085875,38101.68,0.072738,44983.52,0.102242,32002.51,0.147711,0.026384,0.043352,0.072738,0.290184,0.040741,8,383701,409336,2225467,2031,0,0,0,3672,0,0,0,1781,0,0,0,1357,0,0,0,1350,0,0,0,32,0,0,0,13699400868447491284,12781430872881036914,12781430872881036914,17596984142791602630,2023272628413182232,6705403772700931234,0,0,0,0,0,0,0,0,0,0,0
193,20,3243,8,10,0.167174,19398.91,0.089567,36207.62,0.072983,44434.81,0.085339,38001.42,0.101843,31843.03,0.085492,37933.35,0.126830,25569.63,0.170573,0.027758,0.050365,0.085492,0.334188,0.039191,5,401094,413959,1860103,1759,0,0,0,3302,0,0,0,1966,0,0,0,1256,0,0,0,1444,0,0,0,26,0,0,0,10457762126197529649,8795576610378254362,8795576610378254362,1710949881920199454,14298343269780687538,7453476010925956106,0,0,0,0,0,0,0,0,0,0,0
194,20,3253,8,10,0.150116,21669.88,0.078873,41243.71,0.070207,46334.11,0.077264,42102.55,0.091959,35374.50,0.070667,46032.50,0.104149,31234.01,0.153898,0.024245,0.047524,0.070667,0.296334,0.040163,4,384676,400966,2649271,2023,0,0,0,3417,0,0,0,1872,0,0,0,1282,0,0,0,1317,0,0,0,16,0,0,0,3497644893773493192,5031441715443103156,5031441715443103156,7685926694166386557,2228426768033442133,17433049386847420708,0,0,0,0,0,0,0,0,0,0,0
195,20,3204,8,10,0.318376,10063.59,0.252160,12706.22,0.239850,13358.36,0.224905,14245.99,0.260374,12305.39,0.249042,12865.28,0.277503,11545.83,0.321983,0.022576,0.053385,0.249042,0.646985,0.036370,3,336447,349392,2974622,1651,0,0,0,2792,0,0,0,1542,0,0,0,947,0,0,0,1703,0,0,0,19,0,0,0,12511603397081485263,18423021205672327103,18423021205672327103,18256817089377999285,18382122382844679476,12493624151634781292,0,0,0,0,0,0,0,0,0,0,0
196,20,3207,8,10,1.349714,2376.06,1.257111,2551.09,1.223310,2621.58,1.236278,2594.08,1.264394,2536.39,0.166060,19312.29,1.295611,2475.28,1.355730,0.022859,0.046729,0.166060,1.591378,0.038214,4,364883,376248,2445797,1437,0,0,0,2230,0,0,0,1862,0,0,0,925,0,0,0,1248,0,0,0,18,0,0,0,12446034097130798354,1648488808996339507,1648488808996339507,1161278460087165231,15591356626423313752,8686729751146661909,0,0,0,0,0,0,0,0,0,0,0
197,20,3365,8,10,0.197174,17066.18,0.124955,26929.70,0.091440,36800.14,0.089010,37804.81,0.131070,25673.23,0.089117,37759.23,0.161017,20898.48,0.200567,0.024517,0.048685,0.089117,0.362886,0.041520,4,366723,386908,3110911,1504,0,0,0,2992,0,0,0,1320,0,0,0,936,0,0,0,1249,0,0,0,18,0,0,0,12012159859626384606,17046092680017646806,17046092680017646806,1597803094394150126,8188568518883361367,6814747076986376732,0,0,0,0,0,0,0,0,0,0,0
198,20,3218,8,10,0.144809,22222.44,0.073277,43915.45,0.060069,53571.72,0.077150,41710.87,0.089624,35905.66,0.070445,45680.74,0.114343,28143.32,0.148486,0.023343,0.044057,0.070445,0.286332,0.037257,4,347661,365791,2870547,1567,0,0,0,2691,0,0,0,1294,0,0,0,850,0,0,0,883,0,0,0,17,0,0,0,11374514580169584485,12345797173332266252,12345797173332266252,11484892926662672825,1227848425559473078,13487275208477016096,0,0,0,0,0,0,0,0,0,0,0
199,20,3169,8,10,0.376432,8418.52,0.303430,10443.93,0.286797,11049.64,0.284742,11129.36,0.309749,10230.87,0.295326,10730.53,0.337687,9384.44,0.380172,0.023551,0.036444,0.295326,0.735492,0.035819,8,341388,356033,3211833,1534,0,0,0,2975,0,0,0,1580,0,0,0,1005,0,0,0,1101,0,0,0,20,0,0,0,10403410470241152538,15856053201611138156,15856053201611138156,2058538319082429474,13630086028986496305,12438072294469490163,0,0,0,0,0,0,0,0,0,0,0
200,20,3038,8,10,0.236244,12859.57,0.158511,19165.80,0.147737,20563.55,0.113174,26843.69,0.168780,17999.71,0.158885,19120.76,0.199405,15235.33,0.239722,0.023187,0.044952,0.158885,0.466745,0.033479,4,331774,347089,3125961,1605,0,0,0,3091,0,0,0,1178,0,0,0,897,0,0,0,997,0,0,0,27,0,0,0,16398073663340966901,17335171921222116921,17335171921222116921,16374975148000018767,6348104523324730406,15875235833793662659,0,0,0,0,0,0,0,0,0,0,0
201,20,3188,8,10,0.153829,20724.28,0.082088,38836.58,0.059782,53326.88,0.069688,45746.43,0.091886,34695.31,0.072613,43903.74,0.119112,26764.75,0.158177,0.022272,0.044274,0.072613,0.297337,0.036279,4,345932,361652,3066420,1847,0,0,0,2856,0,0,0,1535,0,0,0,1019,0,0,0,860,0,0,0,20,0,0,0,7516851609529284908,10788743983720249198,10788743983720249198,3733738301661225655,345076711965063336,1154540192885731242,0,0,0,0,0,0,0,0,0,0,0
202,20,3640,8,10,0.158196,23009.45,0.088260,41241.65,0.066148,55028.00,0.061512,59175.42,0.090916,40037.12,0.062006,58703.96,0.146384,24866.13,0.164017,0.021277,0.052296,0.062006,0.299596,0.046560,4,366868,432738,2784914,1931,0,0,0,2944,0,0,0,1312,0,0,0,986,0,0,0,1258,0,0,0,26,0,0,0,14449630468258334483,457453792292552321,457453792292552321,18153919791861435978,16694096055971066269,17395413697396209686,0,0,0,0,0,0,0,0,0,0,0
203,20,3698,8,10,0.144237,25638.31,0.065164,56749.35,0.049838,74199.74,0.062616,59058.35,0.078386,47176.87,0.062538,59131.75,0.122576,30168.96,0.148439,0.023701,0.046258,0.062538,0.280936,0.047643,4,378649,431949,3009790,1758,0,0,0,2167,0,0,0,1097,0,0,0,719,0,0,0,962,0,0,0,23,0,0,0,14003750791054827085,4447426513213214456,4447426513213214456,13128395068219498548,800245469790480059,5205405825807270316,0,0,0,0,0,0,0,0,0,0,0
204,20,3446,8,10,0.129337,26643.51,0.061437,56090.19,0.059906,57523.61,0.065258,52805.63,0.073156,47104.62,0.068171,50549.53,0.087788,39253.78,0.132862,0.023793,0.048195,0.068171,0.273021,0.040807,3,352411,365266,1964143,1500,0,0,0,2467,0,0,0,1617,0,0,0,1048,0,0,0,1329,0,0,0,17,0,0,0,12575848504405078187,6640478980615900483,6640478980615900483,7937172050688797554,13697042488028930356,8704077414698177662,0,0,0,0,0,0,0,0,0,0,0
205,20,3506,8,10,0.122334,28659.21,0.061069,57410.71,0.056432,62128.07,0.062261,56311.77,0.070235,49918.36,0.061177,57308.68,0.091171,38455.07,0.125717,0.024329,0.045357,0.061177,0.256580,0.042412,5,366650,387095,2597488,1656,0,0,0,2699,0,0,0,1385,0,0,0,987,0,0,0,1189,0,0,0,12,0,0,0,14427965455166529632,5190341870132695170,5190341870132695170,6910995871955084854,10937806423645011272,4766367016239458225,0,0,0,0,0,0,0,0,0,0,0
206,20,3348,8,10,0.241011,13891.46,0.176690,18948.42,0.164416,20363.03,0.167075,20038.94,0.189012,17713.20,0.167855,19945.81,0.208880,16028.35,0.244335,0.023926,0.044455,0.167855,0.480571,0.039194,4,350189,367234,2895296,1843,0,0,0,2704,0,0,0,1695,0,0,0,1069,0,0,0,1395,0,0,0,14,0,0,0,13716942035569034185,12259730554182443926,12259730554182443926,3834338632703674448,8776950404223870104,2574829107676764955,0,0,0,0,0,0,0,0,0,0,0
207,20,3240,8,10,0.124524,26019.17,0.067934,47693.01,0.058724,55173.34,0.067651,47892.57,0.079346,40833.91,0.063752,50822.15,0.096126,33705.83,0.128184,0.022371,0.048012,0.063752,0.262320,0.037095,3,334871,351531,1857740,1899,0,0,0,3060,0,0,0,1323,0,0,0,941,0,0,0,1043,0,0,0,19,0,0,0,18325784880938687810,2163708462595747991,2163708462595747991,18178201712270720150,16550105590050691684,3215042170657583847,0,0,0,0,0,0,0,0,0,0,0
208,20,3146,8,10,0.208316,15102.08,0.131789,23871.57,0.122941,25589.49,0.127507,24673.15,0.146727,21441.20,0.103726,30329.79,0.172097,18280.38,0.211400,0.022919,0.046646,0.103726,0.384692,0.035705,4,349999,368089,2263735,1744,0,0,0,3826,0,0,0,1651,0,0,0,1141,0,0,0,1166,0,0,0,18,0,0,0,12904495728666965799,11402138924470377536,11402138924470377536,4303322076007171281,4960938084710032399,13677306476598569226,0,0,0,0,0,0,0,0,0,0,0
209,20,3275,8,10,0.126081,25975.36,0.062614,52304.47,0.055182,59348.58,0.065221,50213.68,0.073920,44304.75,0.065276,50171.70,0.101830,32161.55,0.130168,0.022667,0.044755,0.065276,0.262866,0.038200,4,349514,372484,1783028,1855,0,0,0,2929,0,0,0,1214,0,0,0,889,0,0,0,1048,0,0,0,17,0,0,0,3374178681354544998,3233727345320970212,3233727345320970212,15988816792520546824,6805570161201866465,16775452330299914662,0,0,0,0,0,0,0,0,0,0,0
210,20,3356,8,10,0.120386,27877.07,0.059869,56055.86,0.054832,61205.26,0.063050,53227.38,0.073576,45612.57,0.061917,54202.02,0.091911,36513.54,0.122740,0.022243,0.043613,0.061917,0.250513,0.038489,4,330246,347876,2741645,1593,0,0,0,2858,0,0,0,1549,0,0,0,1194,0,0,0,1124,0,0,0,29,0,0,0,6464511329252942144,8072663347591324567,8072663347591324567,13710313610186677111,5526897017553476688,6248936204616271560,0,0,0,0,0,0,0,0,0,0,0
211,20,3519,8,10,0.152477,23078.90,0.085130,41336.57,0.063997,54987.18,0.066762,52709.97,0.094943,37064.20,0.076343,46094.41,0.118245,29760.24,0.155208,0.023825,0.047242,0.076343,0.302619,0.042052,4,352447,369737,1971199,1729,0,0,0,2938,0,0,0,1381,0,0,0,1091,0,0,0,1203,0,0,0,13,0,0,0,17660720336575589353,5670330846109422444,5670330846109422444,17553562718632323212,14402377379603530714,9212466884174830008,0,0,0,0,0,0,0,0,0,0,0
212,20,3080,8,10,0.145241,21206.16,0.076296,40369.06,0.060744,50704.79,0.060459,50943.22,0.084152,36600.29,0.059695,51596.03,0.102607,30017.49,0.148587,0.020782,0.044960,0.059695,0.274023,0.033059,3,318636,330076,3104188,1692,0,0,0,2804,0,0,0,1429,0,0,0,1113,0,0,0,1282,0,0,0,34,0,0,0,10660618165238299571,11155529280825977286,11155529280825977286,12586468278248049082,33365971356728620,9361348043507389701,0,0,0,0,0,0,0,0,0,0,0
213,20,3059,8,10,0.159684,19156.58,0.081507,37530.50,0.068749,44495.00,0.075434,40551.81,0.090861,33666.63,0.071681,42674.90,0.112773,27125.36,0.163474,0.022773,0.048702,0.071681,0.306630,0.034293,3,347732,362367,3278328,1929,0,0,0,3162,0,0,0,1792,0,0,0,1211,0,0,0,1367,0,0,0,22,0,0,0,6090866633187265868,1674721687924812952,1674721687924812952,8886575103636951114,2606175405053665632,17914574735989711315,0,0,0,0,0,0,0,0,0,0,0
214,20,3028,8,10,0.290745,10414.62,0.221285,13683.72,0.209775,14434.50,0.204002,14842.97,0.230230,13152.07,0.095331,31762.91,0.250230,12100.86,0.294632,0.022162,0.035052,0.095331,0.447178,0.033626,10,335884,349439,2887403,1802,0,0,0,2685,0,0,0,1640,0,0,0,1028,0,0,0,970,0,0,0,10,0,0,0,8180037917575300739,3259785900900900105,3259785900900900105,811839696833181688,6353646507318225491,9213702014518527863,0,0,0,0,0,0,0,0,0,0,0
215,20,3008,8,10,0.228732,13150.78,0.153255,19627.38,0.124836,24095.56,0.137212,21922.32,0.167144,17996.42,0.144768,20778.10,0.188868,15926.45,0.231788,0.022779,0.033974,0.144768,0.433308,0.033559,11,346893,362408,2588376,1734,0,0,0,3346,0,0,0,1611,0,0,0,1141,0,0,0,1162,0,0,0,21,0,0,0,10399033767461441596,5168092367116507826,5168092367116507826,10034911462338838337,9393077490473632778,8567442775105016048,0,0,0,0,0,0,0,0,0,0,0
216,20,3026,8,10,0.157711,19187.03,0.082733,36575.70,0.076111,39757.68,0.094546,32005.64,0.095522,31678.48,0.076711,39446.82,0.111692,27092.36,0.160674,0.023498,0.047541,0.076711,0.308423,0.033540,4,351573,362443,2902411,1698,0,0,0,3239,0,0,0,2067,0,0,0,1143,0,0,0,1192,0,0,0,17,0,0,0,10559453920721451059,12537278047355426150,12537278047355426150,10370579548517034708,18218707656828827921,4715449981341454596,0,0,0,0,0,0,0,0,0,0,0
217,20,2994,8,10,0.412403,7259.89,0.329041,9099.18,0.306560,9766.42,0.293172,10212.43,0.336930,8886.12,0.278109,10765.56,0.355650,8418.39,0.415824,0.023469,0.045990,0.278109,0.763393,0.033338,4,346896,357976,2996473,1858,0,0,0,4183,0,0,0,1935,0,0,0,1203,0,0,0,1810,0,0,0,18,0,0,0,2117916653625810992,5432025182013081511,5432025182013081511,2830081691074794167,18410906628065993905,15566511910836191455,0,0,0,0,0,0,0,0,0,0,0
218,20,3243,8,10,0.141522,22915.21,0.071665,45251.93,0.066514,48756.71,0.073099,44364.34,0.083604,38789.81,0.065654,49394.99,0.092981,34878.21,0.145001,0.024663,0.045462,0.065654,0.280780,0.038922,5,369629,382984,2117368,1992,0,0,0,3555,0,0,0,1953,0,0,0,1307,0,0,0,1400,0,0,0,16,0,0,0,803691929993004558,13254136894490916675,13254136894490916675,846631487453455645,306308498388228079,15900408724465071981,0,0,0,0,0,0,0,0,0,0,0
219,20,3239,8,10,0.137932,23482.58,0.068017,47620.17,0.063003,51410.07,0.069857,46365.83,0.080082,40445.87,0.067266,48152.40,0.096550,33547.31,0.140405,0.023120,0.046129,0.067266,0.276920,0.043375,4,356591,374671,2691243,2137,0,0,0,3626,0,0,0,1924,0,0,0,1240,0,0,0,1322,0,0,0,40,0,0,0,8038158743085370538,7708424657446808953,7708424657446808953,295379107655510616,5955546306974230709,11088080596965626345,0,0,0,0,0,0,0,0,0,0,0
220,20,3049,8,10,0.176014,17322.50,0.111826,27265.47,0.106173,28717.20,0.110544,27581.77,0.124713,24448.08,0.099120,30760.78,0.139882,21796.97,0.179963,0.023440,0.044704,0.099120,0.347227,0.033998,4,343713,358968,1967519,1892,0,0,0,3234,0,0,0,1700,0,0,0,1060,0,0,0,1271,0,0,0,23,0,0,0,17163514771617764754,3866632212018065954,3866632212018065954,18275419287935308346,7441976062208501914,307077521727473636,0,0,0,0,0,0,0,0,0,0,0
221,20,2988,8,10,0.150743,19821.76,0.084676,35287.40,0.069336,43094.37,0.071984,41508.95,0.093482,31963.27,0.071304,41905.22,0.107218,27868.47,0.154341,0.023233,0.045657,0.071304,0.294535,0.033147,4,362194,375274,2384584,2083,0,0,0,3535,0,0,0,1800,0,0,0,1171,0,0,0,1403,0,0,0,27,0,0,0,4252012044334311090,6118497374585563157,6118497374585563157,4401386932626015463,13874144844045855956,2080679069969723880,0,0,0,0,0,0,0,0,0,0,0
222,20,3115,8,10,0.203648,15295.97,0.135696,22955.64,0.116749,26681.20,0.108022,28836.62,0.142557,21850.86,0.133735,23292.26,0.158176,19693.30,0.207315,0.024326,0.034957,0.133735,0.400334,0.035213,11,371265,387570,2268616,2750,0,0,0,4213,0,0,0,2305,0,0,0,1631,0,0,0,1881,0,0,0,43,0,0,0,14068865633327944229,9299698284054775789,9299698284054775789,5956264827777086679,16648345643484419799,17339090616510495337,0,0,0,0,0,0,0,0,0,0,0
223,20,3178,8,10,0.171437,18537.46,0.087064,36501.80,0.076527,41528.07,0.085793,37042.44,0.098198,32363.15,0.080118,39666.40,0.119482,26598.05,0.175984,0.023424,0.044120,0.080118,0.323646,0.038194,7,382526,397426,1898889,2038,0,0,0,3992,0,0,0,1984,0,0,0,1519,0,0,0,1311,0,0,0,21,0,0,0,6300502346601202404,9918960080830299308,9918960080830299308,6589381929677752553,14522928494182403942,4286983833373578564,0,0,0,0,0,0,0,0,0,0,0
224,20,3106,8,10,0.172224,18034.63,0.087998,35296.41,0.075077,41370.84,0.080670,38502.63,0.100844,30799.96,0.083921,37010.89,0.115990,26778.08,0.175579,0.024861,0.047369,0.083921,0.331731,0.038329,4,378159,393204,3013826,2135,0,0,0,3731,0,0,0,1755,0,0,0,1438,0,0,0,1649,0,0,0,23,0,0,0,996738785358588993,2277333492013190541,2277333492013190541,17070438922731730826,15508098064063499090,13335826921775984004,0,0,0,0,0,0,0,0,0,0,0
225,20,3026,8,10,0.141254,21422.33,0.079709,37962.90,0.067149,45064.15,0.072312,41846.53,0.088136,34333.41,0.073895,40950.07,0.096893,31230.45,0.144755,0.023953,0.046394,0.073895,0.288997,0.034433,4,358464,373319,2790438,2208,0,0,0,3470,0,0,0,1818,0,0,0,1326,0,0,0,1403,0,0,0,22,0,0,0,6883068340517772531,11431969407580691049,11431969407580691049,9050663503349297708,12328662650672146002,1644360904468367549,0,0,0,0,0,0,0,0,0,0,0
226,20,3262,8,10,0.140401,23233.41,0.075233,43358.61,0.065242,49998.53,0.075694,43094.42,0.086891,37541.18,0.079035,41272.62,0.099677,32725.61,0.143520,0.025484,0.045339,0.079035,0.293379,0.039844,6,376057,394637,1829351,1865,0,0,0,3213,0,0,0,1523,0,0,0,1074,0,0,0,1456,0,0,0,21,0,0,0,15475885477298629824,10405994924823331490,10405994924823331490,7188696186123717663,10172503752813810043,15440152152595783719,0,0,0,0,0,0,0,0,0,0,0
227,20,2917,8,10,0.155849,18716.84,0.074746,39025.41,0.062642,46566.08,0.078031,37382.64,0.088679,32894.00,0.076400,38180.82,0.109816,26562.63,0.159752,0.025735,0.047355,0.076400,0.309242,0.032641,4,375144,388654,3251956,1800,0,0,0,3259,0,0,0,1829,0,0,0,1175,0,0,0,1330,0,0,0,21,0,0,0,6523737109845114820,16728347523131702020,16728347523131702020,16468622036556776180,1357604368237673386,9823215988803266065,0,0,0,0,0,0,0,0,0,0,0
228,20,3022,8,10,0.373868,8083.07,0.288777,10464.81,0.262921,11493.94,0.267462,11298.82,0.305033,9907.14,0.085782,35229.04,0.324522,9312.15,0.378780,0.024694,0.054273,0.085782,0.543528,0.035463,3,375042,392472,2492500,2016,0,0,0,3170,0,0,0,1890,0,0,0,1169,0,0,0,1428,0,0,0,15,0,0,0,19402088038374630,9204012979368803090,9204012979368803090,14106232403683446978,1506470405569541547,1722128921119730199,0,0,0,0,0,0,0,0,0,0,0
229,20,2976,8,10,0.144388,20611.17,0.074380,40010.98,0.072951,40794.55,0.078025,38141.45,0.082776,35952.32,0.074638,39872.54,0.094881,31365.74,0.147138,0.024276,0.048103,0.074638,0.294155,0.033852,4,350062,363532,2553904,2112,0,0,0,3414,0,0,0,1636,0,0,0,1098,0,0,0,1203,0,0,0,25,0,0,0,1460060838686146517,11632062794323122863,11632062794323122863,15070153897184881522,11296063467195633243,15565433345210124899,0,0,0,0,0,0,0,0,0,0,0
230,20,3015,8,10,0.198384,15197.82,0.102436,29433.13,0.086657,34792.39,0.079454,37946.36,0.113371,26594.02,0.082310,36629.68,0.145217,20762.00,0.202233,0.023612,0.054846,0.082310,0.363000,0.034217,6,365832,386897,3465982,2112,0,0,0,3462,0,0,0,1839,0,0,0,1153,0,0,0,1287,0,0,0,27,0,0,0,17136235146653285873,17726054338793550436,17726054338793550436,6540937311427895151,1230445583506563798,16546761192754186945,0,0,0,0,0,0,0,0,0,0,0
231,20,2973,8,10,0.137732,21585.41,0.061908,48022.57,0.056604,52523.07,0.061992,47957.57,0.076081,39076.66,0.058553,50774.28,0.088038,33769.56,0.140597,0.023483,0.058318,0.058553,0.280951,0.032477,3,350107,360997,2624506,1676,0,0,0,3051,0,0,0,1602,0,0,0,1140,0,0,0,1159,0,0,0,14,0,0,0,10455444316314009881,16189851976218546706,16189851976218546706,8779609251504627762,4068688085952777569,3934022758697077465,0,0,0,0,0,0,0,0,0,0,0
232,20,2963,8,10,0.145532,20359.84,0.077423,38270.52,0.070436,42066.67,0.074784,39620.85,0.089580,33076.60,0.072565,40832.59,0.105616,28054.54,0.149208,0.022499,0.045701,0.072565,0.289972,0.031350,5,349961,364991,3105023,2329,0,0,0,3666,0,0,0,1884,0,0,0,1196,0,0,0,1372,0,0,0,12,0,0,0,253149918205630856,6281052821629085558,6281052821629085558,16378849967561271642,570173619015541523,12763239582542291522,0,0,0,0,0,0,0,0,0,0,0
233,20,3173,8,10,0.149044,21288.99,0.083283,38098.93,0.070611,44936.09,0.084247,37663.12,0.097360,32590.39,0.075468,42044.54,0.105346,30119.82,0.153615,0.024319,0.046695,0.075468,0.300097,0.037865,5,372313,386813,2489806,2218,0,0,0,3493,0,0,0,1606,0,0,0,1278,0,0,0,1441,0,0,0,26,0,0,0,10213727920072671591,4884835644139579747,4884835644139579747,677718748271116549,3093785121453980415,7200782308204984463,0,0,0,0,0,0,0,0,0,0,0
234,20,3209,8,10,0.151108,21236.48,0.079247,40493.67,0.072398,44324.33,0.085867,37371.84,0.094558,33937.01,0.081302,39470.21,0.107494,29852.73,0.155138,0.024846,0.040649,0.081302,0.301934,0.036568,8,363391,382566,1926047,2144,0,0,0,3710,0,0,0,1546,0,0,0,1112,0,0,0,1086,0,0,0,20,0,0,0,7634453933369272644,9128714734246739931,9128714734246739931,11841737643552480605,1915180813359851801,18443020596564545092,0,0,0,0,0,0,0,0,0,0,0
235,20,3123,8,10,0.138292,22582.65,0.070534,44276.40,0.066241,47145.81,0.075440,41397.04,0.085979,36322.96,0.070781,44122.07,0.095695,32634.99,0.141296,0.025610,0.051642,0.070781,0.289328,0.038419,4,390852,407922,2214927,1951,0,0,0,3445,0,0,0,1620,0,0,0,1153,0,0,0,1174,0,0,0,20,0,0,0,7103883371234950149,8634671164723461207,8634671164723461207,13603380478324285130,11619982475262137090,12851499492061516298,0,0,0,0,0,0,0,0,0,0,0
236,20,3127,8,10,0.152051,20565.44,0.077690,40249.87,0.072456,43157.38,0.084908,36827.97,0.092052,33969.83,0.080587,38802.83,0.104902,29808.89,0.155558,0.025939,0.049285,0.080587,0.311368,0.038672,4,404496,420681,1949475,2403,0,0,0,3892,0,0,0,1974,0,0,0,1510,0,0,0,1650,0,0,0,27,0,0,0,7623996229777172831,1462600361229427118,1462600361229427118,886384946454304162,5188100349508889183,17008407479517513391,0,0,0,0,0,0,0,0,0,0,0
237,20,2989,8,10,0.177920,16799.67,0.073200,40833.23,0.064466,46365.79,0.087713,34077.12,0.097564,30636.35,0.080090,37320.40,0.125805,23758.98,0.181745,0.024895,0.040599,0.080090,0.327330,0.034702,8,376004,394064,3280659,1699,0,0,0,3056,0,0,0,1566,0,0,0,1091,0,0,0,1078,0,0,0,31,0,0,0,18208370332466227607,894476341131108236,894476341131108236,4692366442036656946,8110782044314731839,2226726957366181792,0,0,0,0,0,0,0,0,0,0,0
238,20,3012,8,10,0.164124,18351.97,0.089082,33811.40,0.078259,38487.69,0.076956,39139.31,0.099002,30423.64,0.074471,40445.46,0.119512,25202.48,0.167109,0.024946,0.047624,0.074471,0.314149,0.035239,4,370375,385110,2747049,2115,0,0,0,3814,0,0,0,1929,0,0,0,1247,0,0,0,1321,0,0,0,26,0,0,0,17805688114565765523,7722026851436786646,7722026851436786646,14015605511848851674,14652824268759497518,10155667803359052920,0,0,0,0,0,0,0,0,0,0,0
239,20,3179,8,10,0.185452,17141.90,0.082513,38527.07,0.077541,40997.61,0.098457,32288.05,0.108218,29375.78,0.091332,34807.11,0.128843,24673.53,0.188961,0.027724,0.050639,0.091332,0.358656,0.040000,4,424525,444305,2343517,2359,0,0,0,4081,0,0,0,2353,0,0,0,1549,0,0,0,1808,0,0,0,37,0,0,0,3363482062388436563,15161299412875260042,15161299412875260042,733424726837315103,13721482075257849957,2415376013659274568,0,0,0,0,0,0,0,0,0,0,0
240,20,2979,8,10,0.176677,16861.24,0.104252,28575.04,0.090113,33058.61,0.072884,40873.01,0.118602,25117.69,0.078395,38000.10,0.137881,21605.63,0.179675,0.022787,0.047701,0.078395,0.328558,0.032829,3,349056,363001,2797846,1780,0,0,0,3132,0,0,0,1695,0,0,0,1154,0,0,0,1502,0,0,0,23,0,0,0,14111829841481170333,14756901548327802446,14756901548327802446,11306983358881884325,5966645771239387152,229304983512298330,0,0,0,0,0,0,0,0,0,0,0
241,20,3284,8,10,0.220995,14860.04,0.127506,25755.61,0.116348,28225.76,0.124666,26342.39,0.144061,22795.93,0.094803,34640.28,0.170517,19259.08,0.223640,0.026951,0.035946,0.094803,0.381340,0.040126,12,376881,391926,2304515,1511,0,0,0,2795,0,0,0,1943,0,0,0,1141,0,0,0,1234,0,0,0,15,0,0,0,3369738118497350641,4867003900961437777,4867003900961437777,3968472734346768668,17472853320465462954,17055213357357270133,0,0,0,0,0,0,0,0,0,0,0
242,20,2941,8,10,0.161571,18202.52,0.073552,39985.42,0.061990,47442.77,0.071942,40880.34,0.088203,33343.68,0.072301,40677.16,0.116814,25176.77,0.165195,0.023710,0.045054,0.072301,0.306260,0.032382,4,352130,366290,3683273,1600,0,0,0,2770,0,0,0,1611,0,0,0,1028,0,0,0,1226,0,0,0,17,0,0,0,837359996694371699,837359996694371699,837359996694371699,12340787452230863749,3422153696204576952,6876068362793077094,0,0,0,0,0,0,0,0,0,0,0
243,20,2876,8,10,0.186138,15450.92,0.094217,30525.29,0.066220,43430.78,0.081982,35080.97,0.102181,28146.08,0.079813,36034.31,0.140516,20467.43,0.189758,0.022966,0.044847,0.079813,0.337384,0.031606,4,361915,375725,3647764,1615,0,0,0,2824,0,0,0,1573,0,0,0,1112,0,0,0,1082,0,0,0,28,0,0,0,8906826116023441463,762036769186328657,762036769186328657,13869819834570997052,10171094984287062270,1660749122538257902,0,0,0,0,0,0,0,0,0,0,0
244,20,3069,8,10,0.170352,18015.68,0.089189,34410.25,0.066625,46063.58,0.079334,38684.67,0.101295,30297.74,0.080149,38291.26,0.126606,24240.63,0.174308,0.024005,0.048280,0.080149,0.326742,0.037016,4,369186,408926,2777146,1804,0,0,0,3153,0,0,0,1771,0,0,0,1141,0,0,0,1274,0,0,0,33,0,0,0,10755110447303183139,11553367821199544116,11553367821199544116,2969042320688739748,9595972966065001671,11510612477513274158,0,0,0,0,0,0,0,0,0,0,0
245,20,2964,8,10,0.155506,19060.39,0.082411,35966.17,0.074752,39651.20,0.084906,34909.03,0.092351,32094.91,0.078893,37569.77,0.112595,26324.51,0.158829,0.024072,0.047479,0.078893,0.309273,0.033637,4,363524,384444,3177139,1663,0,0,0,2961,0,0,0,1712,0,0,0,1012,0,0,0,1315,0,0,0,12,0,0,0,9822061170712288291,1271097723668980653,1271097723668980653,16853599156826017310,8372315912172456507,2316260488566134584,0,0,0,0,0,0,0,0,0,0,0
246,20,3119,8,10,0.133465,23369.47,0.072307,43135.73,0.060402,51637.26,0.066767,46714.82,0.081990,38041.23,0.063025,49488.05,0.090505,34462.29,0.136582,0.023792,0.048184,0.063025,0.271582,0.035402,3,340056,357306,2461782,1618,0,0,0,2966,0,0,0,1360,0,0,0,1161,0,0,0,1124,0,0,0,19,0,0,0,1664774141571022723,8183190945916282492,8183190945916282492,6894896663621092854,13765862002824241871,6640935769043807276,0,0,0,0,0,0,0,0,0,0,0
247,20,3113,8,10,0.154667,20127.06,0.076987,40435.62,0.062702,49647.70,0.079374,39219.21,0.090597,34360.87,0.076537,40672.99,0.113209,27497.89,0.157813,0.027171,0.051849,0.076537,0.313370,0.036866,4,399899,432669,2327748,1709,0,0,0,2786,0,0,0,1642,0,0,0,994,0,0,0,1230,0,0,0,17,0,0,0,9293742829113791314,8850492590372300666,8850492590372300666,7465419484451571224,15867452923350494435,5623852259592943631,0,0,0,0,0,0,0,0,0,0,0
248,20,3275,8,10,0.168795,19402.19,0.081180,40342.46,0.061429,53313.21,0.073038,44839.51,0.094211,34762.33,0.074578,43913.51,0.123858,26441.55,0.171409,0.025272,0.047712,0.074578,0.318970,0.041270,4,382763,397373,2896249,1531,0,0,0,2846,0,0,0,1642,0,0,0,967,0,0,0,1238,0,0,0,8,0,0,0,9834020027402426866,11905836688765817597,11905836688765817597,15704594836915412416,9847676561311784945,5671114522325849118,0,0,0,0,0,0,0,0,0,0,0
249,20,3377,8,10,0.144434,23381.00,0.077715,43453.59,0.067435,50078.02,0.076288,44266.41,0.089171,37871.12,0.073894,45700.38,0.114182,29575.61,0.148428,0.024483,0.048721,0.073894,0.295526,0.041437,4,367918,430233,2308377,1951,0,0,0,3578,0,0,0,1810,0,0,0,1178,0,0,0,1485,0,0,0,21,0,0,0,14219004320458373474,11123504059141117754,11123504059141117754,9942111809042381967,6092829128052783228,8933196078712739214,0,0,0,0,0,0,0,0,0,0,0
