batch_idx,num_blocks,num_txs,threads,merge_cap,seq_time_s,seq_tput,par_time_s,par_tput,concat_time_s,concat_tput,cgraph_time_s,cgraph_tput,graph_time_s,graph_tput,integrated_time_s,integrated_tput,vegeta_time_s,vegeta_tput,phase_pre_execute_s,phase_graph_build_s,phase_integrate_s,phase_execute_s,phase_total_s,vegeta_speculate_s,num_integrated_groups,omakase_graph_bytes,vegeta_sched_bytes,calldata_bytes,par_re_exec,par_validation_aborts,par_cascade_aborts,par_wrote_new_loc,concat_re_exec,concat_validation_aborts,concat_cascade_aborts,concat_wrote_new_loc,cgraph_re_exec,cgraph_validation_aborts,cgraph_cascade_aborts,cgraph_wrote_new_loc,graph_re_exec,graph_validation_aborts,graph_cascade_aborts,graph_wrote_new_loc,integ_re_exec,integ_validation_aborts,integ_cascade_aborts,integ_wrote_new_loc,vegeta_re_exec,vegeta_validation_aborts,vegeta_cascade_aborts,vegeta_wrote_new_loc,digest_seq,digest_par,digest_concat,logical_seq,logical_integ,logical_vegeta,cgraph_cross_block_aborts,cgraph_cross_block_cascade,graph_cross_block_aborts,graph_cross_block_cascade,integ_cross_block_aborts,integ_cross_block_cascade,par_fallbacks,concat_fallbacks,cgraph_fallbacks,graph_fallbacks,integ_fallbacks
0,5,564,8,10,0.023553,23946.20,0.012561,44900.28,0.010608,53167.75,0.012177,46317.80,0.015494,36400.93,0.012364,45614.87,0.016285,34632.51,0.023837,0.004631,0.008548,0.012364,0.049381,0.005290,1,72077,73192,426865,220,0,0,0,489,0,0,0,264,0,0,0,171,0,0,0,258,0,0,0,2,0,0,0,1007506154685911834,1007506154685911834,1007506154685911834,6422025185658326378,4251960765701535911,1604822694069911854,0,0,0,0,0,0,0,0,0,0,0
1,5,1116,8,10,0.033384,33429.20,0.015027,74268.01,0.012744,87567.54,0.013370,83472.82,0.015383,72547.73,0.013750,81161.30,0.030840,36186.95,0.034281,0.007822,0.014393,0.013750,0.070246,0.018443,1,116198,168063,591592,815,0,0,0,890,0,0,0,315,0,0,0,184,0,0,0,237,0,0,0,1,0,0,0,9031458185366786433,1509413003072177271,1509413003072177271,4631682609806274909,13683422928691772598,9573639023725072090,0,0,0,0,0,0,0,0,0,0,0
2,5,706,8,10,0.027952,25257.18,0.013680,51609.01,0.011218,62933.78,0.013139,53731.30,0.016067,43939.69,0.012665,55743.55,0.019270,36636.55,0.026899,0.005961,0.010682,0.012665,0.056208,0.006936,1,81804,84634,430415,280,0,0,0,451,0,0,0,281,0,0,0,132,0,0,0,281,0,0,0,5,0,0,0,394923026677818416,14321402534312270901,14321402534312270901,12582337175807703182,7219633581616384011,4091632810768452376,0,0,0,0,0,0,0,0,0,0,0
3,5,704,8,10,0.035343,19918.87,0.025543,27561.25,0.021706,32433.06,0.023313,30197.30,0.026002,27075.30,0.025183,27955.85,0.029640,23751.52,0.035998,0.005494,0.005792,0.025183,0.072467,0.008141,4,88112,93972,366015,706,0,0,0,1050,0,0,0,331,0,0,0,166,0,0,0,183,0,0,0,20,0,0,0,6194903202729072334,2525301006904568049,2525301006904568049,7241291312888458925,4037133724885475404,14594807928254688627,0,0,0,0,0,0,0,0,0,0,0
4,5,644,8,10,0.030392,21189.92,0.017093,37675.30,0.014080,45738.51,0.013257,48579.12,0.019023,33853.84,0.011591,55559.31,0.023847,27005.10,0.031110,0.005340,0.010121,0.011591,0.058162,0.006360,1,83608,87628,388233,291,0,0,0,395,0,0,0,251,0,0,0,138,0,0,0,180,0,0,0,3,0,0,0,8015800946741429942,1899690730601025362,1899690730601025362,3059868861697913785,4115900080912273376,3059868861697913785,0,0,0,0,0,0,0,0,0,0,0
5,5,609,8,10,0.028824,21128.34,0.017895,34031.69,0.014064,43301.03,0.015717,38748.94,0.015417,39502.91,0.011450,53186.03,0.017192,35422.46,0.029408,0.004955,0.009823,0.011450,0.055637,0.005847,1,82993,84138,464892,308,0,0,0,467,0,0,0,247,0,0,0,196,0,0,0,247,0,0,0,3,0,0,0,3722897520012796695,13894483483544713008,13894483483544713008,1162300647960619073,14032751495103858592,11856532317875539130,0,0,0,0,0,0,0,0,0,0,0
6,5,694,8,10,0.031406,22097.94,0.016087,43140.15,0.014318,48471.54,0.015492,44798.28,0.016762,41402.63,0.014380,48260.50,0.021648,32058.27,0.031953,0.006463,0.011247,0.014380,0.064043,0.008254,1,97412,100422,367134,378,0,0,0,631,0,0,0,330,0,0,0,194,0,0,0,268,0,0,0,2,0,0,0,6515148656646720435,6515148656646720435,6515148656646720435,17569005795757836784,206042733197545772,14283778812488314929,0,0,0,0,0,0,0,0,0,0,0
7,5,576,8,10,0.027623,20852.48,0.014025,41068.43,0.012329,46719.99,0.013803,41730.03,0.015256,37755.19,0.014028,41061.69,0.021231,27129.79,0.028265,0.004686,0.008691,0.014028,0.055670,0.005902,1,71363,74828,489979,408,0,0,0,586,0,0,0,241,0,0,0,158,0,0,0,226,0,0,0,7,0,0,0,6693155449521449878,4130153155503286798,4130153155503286798,14657523010032651160,7435345575435026732,682272951686994981,0,0,0,0,0,0,0,0,0,0,0
8,5,840,8,10,0.038532,21800.15,0.019108,43961.53,0.017586,47766.26,0.019344,43424.59,0.023227,36164.14,0.021870,38407.93,0.025157,33390.08,0.039054,0.006912,0.006207,0.021870,0.074043,0.010908,5,105443,110523,495090,493,0,0,0,679,0,0,0,392,0,0,0,312,0,0,0,291,0,0,0,6,0,0,0,15310161977609197300,15310161977609197300,15310161977609197300,3851472025644359782,8986734142426609038,3851472025644359782,0,0,0,0,0,0,0,0,0,0,0
9,5,536,8,10,0.044644,12006.07,0.029962,17889.50,0.013464,39808.75,0.027101,19777.77,0.034157,15692.30,0.029572,18125.31,0.038167,14043.48,0.045141,0.005442,0.006864,0.029572,0.087018,0.005007,3,81566,82931,419821,213,0,0,0,302,0,0,0,218,0,0,0,130,0,0,0,136,0,0,0,6,0,0,0,5836380686644268552,10508853627131687260,10508853627131687260,11413172776966652404,14907324322556412840,8206734765696491754,0,0,0,0,0,0,0,0,0,0,0
10,5,744,8,10,0.029908,24875.93,0.015422,48242.50,0.012751,58348.46,0.013856,53694.65,0.016589,44847.77,0.014305,52008.07,0.024890,29891.17,0.030490,0.005887,0.010717,0.014305,0.061399,0.008332,1,87251,93441,432133,418,0,0,0,571,0,0,0,331,0,0,0,190,0,0,0,291,0,0,0,4,0,0,0,12073357872081196916,15797814000216964503,15797814000216964503,3311463609641691873,10636595516102375973,10621424375173126843,0,0,0,0,0,0,0,0,0,0,0
11,5,658,8,10,0.047627,13815.60,0.022383,29396.90,0.015277,43070.72,0.016622,39586.74,0.023721,27738.67,0.023824,27619.66,0.032722,20108.54,0.048256,0.006139,0.005888,0.023824,0.084107,0.007548,5,95909,97624,407880,321,0,0,0,451,0,0,0,325,0,0,0,203,0,0,0,209,0,0,0,3,0,0,0,2040418447146480147,2040418447146480147,2040418447146480147,4298678657025756232,6371195177643201615,14312717909381191060,0,0,0,0,0,0,0,0,0,0,0
12,5,742,8,10,0.031799,23334.06,0.015214,48769.88,0.012727,58299.84,0.015593,47584.85,0.017656,42026.17,0.015395,48198.07,0.024500,30285.43,0.032541,0.006188,0.011150,0.015395,0.065274,0.009858,1,94674,101004,396641,382,0,0,0,569,0,0,0,324,0,0,0,180,0,0,0,258,0,0,0,6,0,0,0,12068092243432996280,13956074925311008744,13956074925311008744,15713219864424571447,7993688538884868709,6310290434946501589,0,0,0,0,0,0,0,0,0,0,0
13,5,574,8,10,0.025852,22203.70,0.011109,51671.85,0.009518,60307.76,0.010352,55448.37,0.013227,43396.03,0.011544,49721.59,0.017709,32412.52,0.026224,0.004807,0.009453,0.011544,0.052028,0.005455,1,76118,77373,411382,206,0,0,0,331,0,0,0,207,0,0,0,128,0,0,0,212,0,0,0,5,0,0,0,13882634597302309359,13607683078621766077,13607683078621766077,14720800203090720373,13385275870432357680,11809663323356202097,0,0,0,0,0,0,0,0,0,0,0
14,5,590,8,10,0.042548,13866.83,0.023994,24589.96,0.019862,29704.47,0.022408,26330.11,0.026755,22051.63,0.022674,26020.81,0.030321,19458.48,0.041970,0.005751,0.011916,0.022674,0.082311,0.005834,1,88988,90733,435786,240,0,0,0,482,0,0,0,229,0,0,0,165,0,0,0,176,0,0,0,8,0,0,0,16344392468487123179,13785471076724667197,13785471076724667197,9107018470622389041,397565866983872995,9107018470622389041,0,0,0,0,0,0,0,0,0,0,0
15,5,628,8,10,0.025101,25019.17,0.014075,44617.24,0.014564,43119.27,0.014198,44232.91,0.015398,40784.90,0.015589,40284.20,0.019021,33016.32,0.025540,0.004725,0.005399,0.015589,0.051254,0.006123,4,73593,77778,309335,365,0,0,0,595,0,0,0,320,0,0,0,161,0,0,0,175,0,0,0,7,0,0,0,1804442077155472623,10008407554269954798,10008407554269954798,5100653447622836125,18120819074461671368,556213669127848296,0,0,0,0,0,0,0,0,0,0,0
16,5,598,8,10,0.028306,21126.48,0.013402,44619.36,0.011803,50664.93,0.012429,48114.48,0.015308,39064.40,0.013426,44540.27,0.022044,27127.60,0.028619,0.005184,0.009746,0.013426,0.056975,0.005845,1,79797,81232,393675,263,0,0,0,478,0,0,0,213,0,0,0,168,0,0,0,103,0,0,0,2,0,0,0,8131676355418034557,11051456597154734533,11051456597154734533,9891110050495297689,6934746010681315127,15477827669301374451,0,0,0,0,0,0,0,0,0,0,0
17,5,713,8,10,0.027988,25475.37,0.013565,52562.26,0.012278,58070.27,0.014100,50567.08,0.014952,47686.49,0.013584,52488.16,0.019643,36297.64,0.028395,0.005248,0.004742,0.013584,0.051969,0.007884,5,79522,83672,543464,363,0,0,0,632,0,0,0,199,0,0,0,138,0,0,0,93,0,0,0,3,0,0,0,113597313455599143,16606672831004948858,16606672831004948858,2886586868459846163,6873605976323615009,2886586868459846163,0,0,0,0,0,0,0,0,0,0,0
18,5,777,8,10,0.039683,19580.35,0.019253,40357.40,0.012097,64232.16,0.014534,53462.67,0.021307,36466.42,0.014814,52451.03,0.029994,25905.27,0.040412,0.007472,0.012961,0.014814,0.075658,0.009282,1,113318,126353,359114,337,0,0,0,399,0,0,0,293,0,0,0,214,0,0,0,239,0,0,0,8,0,0,0,13390898224450756816,13390898224450756816,13390898224450756816,17709839009436183194,7810469074740676442,9186995877697560415,0,0,0,0,0,0,0,0,0,0,0
19,5,666,8,10,0.032383,20566.25,0.014270,46670.79,0.011828,56309.02,0.013639,48830.24,0.016526,40299.80,0.014604,45604.32,0.019971,33348.71,0.032966,0.005859,0.010788,0.014604,0.064216,0.006985,1,90432,91552,473208,225,0,0,0,370,0,0,0,234,0,0,0,158,0,0,0,254,0,0,0,1,0,0,0,15122130352108771923,13478456096601145210,13478456096601145210,4215559387430374018,10546346938484118584,958352433512421320,0,0,0,0,0,0,0,0,0,0,0
20,5,692,8,10,0.028901,23944.01,0.015071,45917.30,0.010604,65261.22,0.012510,55313.77,0.016780,41239.76,0.012113,57127.25,0.022781,30375.61,0.029422,0.006139,0.010990,0.012113,0.058663,0.007153,1,88134,91924,265777,314,0,0,0,425,0,0,0,199,0,0,0,141,0,0,0,238,0,0,0,0,0,0,0,14810720704762858954,14810720704762858954,14810720704762858954,18290171334490447802,9403470785272632038,18290171334490447802,0,0,0,0,0,0,0,0,0,0,0
21,5,623,8,10,0.028266,22040.93,0.014017,44444.72,0.011345,54911.65,0.012647,49260.95,0.014893,41830.74,0.012516,49776.97,0.018762,33205.08,0.028685,0.005732,0.010175,0.012516,0.057109,0.006260,1,81324,82534,474414,236,0,0,0,415,0,0,0,253,0,0,0,171,0,0,0,332,0,0,0,6,0,0,0,9935384668445152961,149048699675193853,149048699675193853,8743430447775321071,645734662111535564,18235666784192086024,0,0,0,0,0,0,0,0,0,0,0
22,5,643,8,10,0.027301,23552.10,0.012027,53463.41,0.009007,71385.64,0.010855,59234.63,0.014419,44595.01,0.011304,56880.20,0.019269,33370.24,0.028182,0.005264,0.010035,0.011304,0.054786,0.006621,1,81439,82904,517778,235,0,0,0,370,0,0,0,230,0,0,0,126,0,0,0,165,0,0,0,7,0,0,0,14521926276379616056,5241369827844043530,5241369827844043530,12112507785182893037,9221072657413323161,3532336462827784552,0,0,0,0,0,0,0,0,0,0,0
23,5,708,8,10,0.031583,22417.44,0.013047,54265.48,0.011885,59570.06,0.013538,52296.65,0.016098,43979.82,0.014241,49714.25,0.022418,31581.55,0.032100,0.006351,0.011437,0.014241,0.064129,0.007574,1,92186,95961,471660,296,0,0,0,417,0,0,0,241,0,0,0,145,0,0,0,237,0,0,0,7,0,0,0,14238020271735625135,13605388717355311783,13605388717355311783,13751760326138834744,18408545810282461798,13751760326138834744,0,0,0,0,0,0,0,0,0,0,0
24,5,789,8,10,0.037989,20769.21,0.019040,41439.01,0.014340,55019.69,0.015508,50877.49,0.022031,35812.84,0.018160,43446.40,0.032398,24353.67,0.039066,0.005575,0.008829,0.018160,0.071631,0.010770,2,86071,101981,416458,344,0,0,0,488,0,0,0,287,0,0,0,193,0,0,0,198,0,0,0,4,0,0,0,10293831703494931834,14019415447639177076,14019415447639177076,9468105558135159682,246866317784102306,6388887621669904235,0,0,0,0,0,0,0,0,0,0,0
25,5,860,8,10,0.025272,34029.90,0.014500,59309.08,0.013262,64847.04,0.014717,58433.88,0.016327,52673.08,0.013906,61844.33,0.024187,35556.12,0.025772,0.005410,0.010104,0.013906,0.055192,0.009312,1,78597,97502,410662,360,0,0,0,553,0,0,0,290,0,0,0,187,0,0,0,227,0,0,0,9,0,0,0,10757019362267182065,16605269851669069594,16605269851669069594,14078655421417210338,16461821525784461560,14078655421417210338,0,0,0,0,0,0,0,0,0,0,0
26,5,874,8,10,0.045965,19014.32,0.023159,37738.37,0.017584,49705.01,0.030055,29080.45,0.031669,27597.59,0.030805,28371.62,0.040667,21491.66,0.046647,0.006040,0.009845,0.030805,0.093337,0.009964,2,91367,106187,522730,331,0,0,0,523,0,0,0,208,0,0,0,139,0,0,0,204,0,0,0,4,0,0,0,5079887344067881687,4168526711358768550,4168526711358768550,7355063330533042979,14809645523019069404,7355063330533042979,0,0,0,0,0,0,0,0,0,0,0
27,5,613,8,10,0.029633,20686.20,0.012728,48160.38,0.011493,53334.79,0.014625,41913.21,0.015069,40680.56,0.014514,42234.65,0.021380,28671.16,0.030274,0.006738,0.010517,0.014514,0.062043,0.006096,1,84618,87003,521464,201,0,0,0,392,0,0,0,213,0,0,0,75,0,0,0,131,0,0,0,1,0,0,0,8142189267928453657,8142189267928453657,8142189267928453657,17600884128554577360,12490185385155276644,6056152181382360750,0,0,0,0,0,0,0,0,0,0,0
28,5,654,8,10,0.029891,21879.30,0.015576,41988.88,0.013459,48592.13,0.014752,44334.14,0.016479,39688.06,0.014194,46077.21,0.021982,29751.13,0.030490,0.005764,0.010787,0.014194,0.061235,0.006831,1,89850,93020,510869,294,0,0,0,546,0,0,0,225,0,0,0,208,0,0,0,212,0,0,0,1,0,0,0,1838828090281527296,1838828090281527296,1838828090281527296,13624058539094919439,3061129744440774673,17696224196103963633,0,0,0,0,0,0,0,0,0,0,0
29,5,616,8,10,0.027458,22434.08,0.011918,51688.00,0.009277,66400.18,0.010971,56150.08,0.013986,44045.07,0.012186,50548.66,0.018020,34183.84,0.028055,0.005143,0.009792,0.012186,0.055176,0.006012,1,79859,81859,510890,260,0,0,0,441,0,0,0,188,0,0,0,151,0,0,0,183,0,0,0,1,0,0,0,886840340359012797,15781421111794305098,15781421111794305098,12695426965648733939,6224796731516164442,4699373172314995160,0,0,0,0,0,0,0,0,0,0,0
30,5,984,8,10,0.030216,32565.27,0.012951,75979.46,0.010727,91728.17,0.013700,71824.19,0.014658,67128.79,0.012447,79053.49,0.037639,26142.96,0.030846,0.006469,0.011843,0.012447,0.061606,0.012825,1,97808,322348,476717,238,0,0,0,432,0,0,0,370,0,0,0,215,0,0,0,213,0,0,0,3,0,0,0,835605222161972133,8986126233101050261,8986126233101050261,16212310779766851391,3135066175422721598,7206567554702742660,0,0,0,0,0,0,0,0,0,0,0
31,5,1038,8,10,0.033908,30612.37,0.015939,65124.07,0.011957,86807.57,0.012926,80304.37,0.015754,65889.35,0.014315,72511.04,0.033580,30911.02,0.034759,0.007265,0.010112,0.014315,0.066451,0.015637,3,112112,146882,493250,625,0,0,0,656,0,0,0,258,0,0,0,166,0,0,0,216,0,0,0,5,0,0,0,18108519991495226203,15852850668606996204,15852850668606996204,16896277611434124702,6813197437972628529,6025129931715862977,0,0,0,0,0,0,0,0,0,0,0
32,5,646,8,10,0.033260,19422.95,0.014305,45160.54,0.013277,48654.84,0.014500,44552.20,0.015753,41007.80,0.014248,45338.25,0.021172,30511.69,0.033875,0.005876,0.010382,0.014248,0.064381,0.008797,1,96213,98618,502474,277,0,0,0,416,0,0,0,249,0,0,0,223,0,0,0,250,0,0,0,1,0,0,0,14105676425193700230,14105676425193700230,14105676425193700230,18044091354699161654,10859705413941551679,3518231545879400675,0,0,0,0,0,0,0,0,0,0,0
33,5,586,8,10,0.030538,19189.04,0.016137,36313.53,0.010307,56851.81,0.012457,47041.00,0.016973,34525.62,0.013107,44708.50,0.022032,26597.23,0.031016,0.004232,0.008051,0.013107,0.056406,0.005467,1,64498,66638,397592,204,0,0,0,282,0,0,0,228,0,0,0,145,0,0,0,202,0,0,0,1,0,0,0,14592420932770515804,14592420932770515804,14592420932770515804,18107555044840399506,1206705271747066907,3108668733773023392,0,0,0,0,0,0,0,0,0,0,0
34,5,702,8,10,0.035225,19929.16,0.017419,40300.63,0.012983,54069.81,0.014474,48500.60,0.017070,41123.62,0.013336,52638.25,0.022835,30741.99,0.034257,0.006042,0.011067,0.013336,0.064703,0.009434,1,93988,98528,556772,296,0,0,0,535,0,0,0,274,0,0,0,172,0,0,0,224,0,0,0,4,0,0,0,425603108302592448,8170521248335859962,8170521248335859962,9311322593455961366,17092854609590925326,9311322593455961366,0,0,0,0,0,0,0,0,0,0,0
35,5,654,8,10,0.028966,22578.50,0.012759,51256.13,0.010395,62917.29,0.013589,48128.06,0.015963,40970.51,0.011791,55464.27,0.020084,32563.80,0.029417,0.005906,0.010213,0.011791,0.057328,0.006470,1,82211,83806,468892,188,0,0,0,359,0,0,0,213,0,0,0,102,0,0,0,141,0,0,0,2,0,0,0,15134110886023339722,15134110886023339722,15134110886023339722,15782024122524002447,4381808068742040534,4537754452545299795,0,0,0,0,0,0,0,0,0,0,0
36,5,668,8,10,0.039252,17018.25,0.020372,32790.14,0.016782,39804.05,0.014065,47494.45,0.022273,29990.97,0.013478,49560.71,0.030079,22207.99,0.040207,0.005468,0.010337,0.013478,0.069491,0.006875,1,81128,84308,377550,307,0,0,0,476,0,0,0,249,0,0,0,168,0,0,0,193,0,0,0,0,0,0,0,5756879697660671086,8559620685069860724,8559620685069860724,7599664565530618988,14183487018454303825,15989306715845292693,0,0,0,0,0,0,0,0,0,0,0
37,5,731,8,10,0.035813,20411.40,0.014663,49853.27,0.013099,55807.29,0.015587,46898.01,0.017640,41439.59,0.013187,55431.58,0.023224,31475.81,0.036207,0.005860,0.008936,0.013187,0.064190,0.008179,2,90360,93650,625099,255,0,0,0,352,0,0,0,297,0,0,0,156,0,0,0,209,0,0,0,0,0,0,0,637591407556828757,9952332446834217168,9952332446834217168,8554519177565104787,17723710608367237963,17780004502093885431,0,0,0,0,0,0,0,0,0,0,0
38,5,741,8,10,0.028999,25553.03,0.011715,63249.71,0.010021,73943.80,0.012338,60059.05,0.013585,54543.72,0.011895,62293.85,0.017885,41431.59,0.029649,0.005483,0.010011,0.011895,0.057039,0.007669,1,81536,85846,593402,258,0,0,0,373,0,0,0,358,0,0,0,191,0,0,0,373,0,0,0,1,0,0,0,9947817419490083275,13737671412176373150,13737671412176373150,8908632585867357368,1702075833960921289,17351050460443792125,0,0,0,0,0,0,0,0,0,0,0
39,5,731,8,10,0.031649,23096.85,0.013680,53436.79,0.012284,59510.26,0.014294,51139.55,0.015862,46086.26,0.014238,51341.01,0.023107,31635.87,0.032438,0.005179,0.010383,0.014238,0.062239,0.008100,1,83522,88197,531671,387,0,0,0,537,0,0,0,338,0,0,0,208,0,0,0,281,0,0,0,2,0,0,0,17864929161958773255,15353481663584749992,15353481663584749992,16289934332829134170,5109046142187499567,14485745336392500159,0,0,0,0,0,0,0,0,0,0,0
40,5,559,8,10,0.029355,19042.82,0.011761,47529.03,0.009944,56214.39,0.011736,47630.66,0.013341,41901.88,0.010833,51601.12,0.017553,31845.56,0.029796,0.004296,0.008699,0.010833,0.053624,0.005159,1,69892,70972,610660,271,0,0,0,428,0,0,0,237,0,0,0,177,0,0,0,204,0,0,0,3,0,0,0,16423411574156637195,9003371750914124407,9003371750914124407,5353559349196657672,3202520925556578099,5636883453506241383,0,0,0,0,0,0,0,0,0,0,0
41,5,643,8,10,0.033864,18987.45,0.017287,37195.31,0.011343,56689.40,0.016425,39148.08,0.019544,32899.29,0.017083,37640.61,0.022525,28546.13,0.034456,0.005498,0.010255,0.017083,0.067292,0.006687,1,81416,82901,517226,235,0,0,0,376,0,0,0,240,0,0,0,137,0,0,0,200,0,0,0,3,0,0,0,15993753059581397667,8957831780724405201,8957831780724405201,13859413624009360657,3223235157353789421,5800734904326148754,0,0,0,0,0,0,0,0,0,0,0
42,5,690,8,10,0.032897,20974.56,0.015990,43152.04,0.012469,55337.94,0.013681,50436.52,0.017246,40009.68,0.012431,55506.24,0.024119,28607.87,0.033392,0.006654,0.012103,0.012431,0.064580,0.007465,1,102152,105812,346940,309,0,0,0,459,0,0,0,178,0,0,0,163,0,0,0,172,0,0,0,1,0,0,0,6336125334875227301,6336125334875227301,6336125334875227301,7411731182857736396,15029479630585853509,14432418669083512453,0,0,0,0,0,0,0,0,0,0,0
43,5,679,8,10,0.028159,24112.76,0.012417,54683.95,0.010566,64260.19,0.012264,55365.39,0.014908,45547.49,0.013385,50728.81,0.019241,35288.34,0.028713,0.006160,0.010529,0.013385,0.058786,0.007161,1,85400,87360,461314,244,0,0,0,329,0,0,0,286,0,0,0,161,0,0,0,244,0,0,0,7,0,0,0,351133629085665921,351133629085665921,351133629085665921,8257237488727328934,3947300119760862856,8101955865600312861,0,0,0,0,0,0,0,0,0,0,0
44,5,657,8,10,0.031969,20551.48,0.015077,43576.10,0.011536,56951.07,0.012988,50583.56,0.017018,38605.26,0.013575,48399.55,0.024113,27246.62,0.032369,0.005623,0.010177,0.013575,0.061744,0.006743,1,78343,81098,613558,252,0,0,0,472,0,0,0,349,0,0,0,184,0,0,0,233,0,0,0,2,0,0,0,3324198961595346655,4634029354977922099,4634029354977922099,197217701312924677,5077685708659029536,2922146711997335342,0,0,0,0,0,0,0,0,0,0,0
45,5,620,8,10,0.025994,23851.29,0.013169,47080.75,0.010965,56542.75,0.012105,51217.84,0.014742,42055.69,0.011947,51894.27,0.019123,32422.17,0.026410,0.005315,0.008541,0.011947,0.052214,0.006709,2,79832,83697,301042,353,0,0,0,565,0,0,0,276,0,0,0,224,0,0,0,238,0,0,0,3,0,0,0,5506647988759111900,13382652573818140799,13382652573818140799,2076340126409082532,11316635557992413586,2076340126409082532,0,0,0,0,0,0,0,0,0,0,0
46,5,721,8,10,0.034108,21138.61,0.014926,48304.86,0.011029,65374.04,0.012477,57787.38,0.016628,43359.55,0.013133,54900.29,0.023016,31326.36,0.034813,0.006380,0.011181,0.013133,0.065506,0.008570,1,89426,92111,557974,312,0,0,0,408,0,0,0,234,0,0,0,162,0,0,0,257,0,0,0,1,0,0,0,6898888681229216879,2902388251774995040,2902388251774995040,14491954373081570490,316161890496529068,7011218585281793903,0,0,0,0,0,0,0,0,0,0,0
47,5,879,8,10,0.026962,32601.75,0.011073,79385.02,0.008932,98405.56,0.009759,90068.74,0.011731,74928.69,0.009845,89287.10,0.016637,52834.91,0.027889,0.006129,0.011397,0.009845,0.055259,0.011441,1,90267,94372,491715,309,0,0,0,423,0,0,0,210,0,0,0,130,0,0,0,286,0,0,0,1,0,0,0,2643760153872638575,6554080299186081804,6554080299186081804,5987354299368917055,4093256034321048737,7191487693134219979,0,0,0,0,0,0,0,0,0,0,0
48,5,659,8,10,0.035357,18638.62,0.020844,31616.11,0.015728,41900.31,0.020637,31932.92,0.022826,28870.53,0.022506,29281.35,0.026986,24420.44,0.035776,0.004588,0.004533,0.022506,0.067404,0.006327,5,72346,74691,471223,254,0,0,0,377,0,0,0,191,0,0,0,144,0,0,0,153,0,0,0,5,0,0,0,14896201865336625592,10084522408753747709,10084522408753747709,17062519026450787029,1809377921528614549,11240498793440755513,0,0,0,0,0,0,0,0,0,0,0
49,5,748,8,10,0.036468,20510.86,0.014924,50121.55,0.012859,58171.02,0.014602,51225.20,0.017003,43992.01,0.015154,49358.51,0.022584,33120.82,0.037124,0.008759,0.012289,0.015154,0.073326,0.011452,2,136905,140440,511944,325,0,0,0,502,0,0,0,269,0,0,0,185,0,0,0,276,0,0,0,4,0,0,0,12053949632493815243,2848640812235566826,2848640812235566826,1777821564427149331,16244658026940514933,16586378615953959516,0,0,0,0,0,0,0,0,0,0,0
50,5,771,8,10,0.037561,20526.86,0.022000,35045.95,0.018545,41573.48,0.016551,46582.78,0.023286,33110.71,0.015630,49329.73,0.029689,25968.91,0.038413,0.006129,0.011665,0.015630,0.071837,0.008418,1,92032,97147,329882,408,0,0,0,658,0,0,0,365,0,0,0,295,0,0,0,370,0,0,0,13,0,0,0,16431981362334147027,6953180372102776348,6953180372102776348,17807220729186420198,13523403373063082938,15656264853649730233,0,0,0,0,0,0,0,0,0,0,0
51,5,728,8,10,0.027719,26263.78,0.012014,60597.85,0.010811,67337.04,0.013279,54821.84,0.014611,49825.06,0.014559,50004.37,0.020082,36250.82,0.028210,0.005128,0.004808,0.014559,0.052705,0.008370,5,81946,85411,502323,239,0,0,0,393,0,0,0,173,0,0,0,120,0,0,0,150,0,0,0,4,0,0,0,15379445921740170139,17604450233916775960,17604450233916775960,8193302506131139433,6826196909642121522,8193302506131139433,0,0,0,0,0,0,0,0,0,0,0
52,5,736,8,10,0.028924,25445.86,0.011785,62450.14,0.010025,73416.86,0.012255,60056.88,0.013404,54910.80,0.011098,66318.91,0.022278,33036.62,0.029483,0.005661,0.010251,0.011098,0.056494,0.008479,1,82779,88404,531481,279,0,0,0,392,0,0,0,204,0,0,0,145,0,0,0,185,0,0,0,5,0,0,0,15653006915618511338,16683227330038201718,16683227330038201718,12857528593116371151,15683034827801217844,2740337329449851774,0,0,0,0,0,0,0,0,0,0,0
53,5,794,8,10,0.025399,31260.51,0.010444,76027.51,0.009129,86974.14,0.011377,69789.39,0.013364,59415.01,0.011635,68244.36,0.021367,37159.35,0.026109,0.005582,0.010296,0.011635,0.053622,0.008899,1,80501,88766,487475,315,0,0,0,417,0,0,0,230,0,0,0,143,0,0,0,202,0,0,0,3,0,0,0,1120830307963094710,17910528006269365222,17910528006269365222,10251629186919122244,14001646307944040522,2712549012673931914,0,0,0,0,0,0,0,0,0,0,0
54,5,767,8,10,0.027372,28021.59,0.012809,59879.81,0.011358,67529.13,0.013947,54994.60,0.015143,50652.13,0.014686,52228.18,0.018471,41525.31,0.027840,0.005485,0.005252,0.014686,0.053263,0.008165,5,80001,82366,335193,240,0,0,0,470,0,0,0,278,0,0,0,129,0,0,0,124,0,0,0,1,0,0,0,14398693186379346617,17645347990143637841,17645347990143637841,11903112553890466847,4868480475850603782,11903112553890466847,0,0,0,0,0,0,0,0,0,0,0
55,5,688,8,10,0.034063,20197.82,0.017482,39355.34,0.013264,51868.11,0.012673,54287.53,0.018371,37450.61,0.012685,54237.01,0.024266,28352.21,0.035064,0.005982,0.011185,0.012685,0.064916,0.007441,1,88618,91303,457827,252,0,0,0,378,0,0,0,276,0,0,0,146,0,0,0,177,0,0,0,5,0,0,0,11726095499551468447,7041247969724558660,7041247969724558660,8226364448799455238,2672356013527787470,5284849669187188023,0,0,0,0,0,0,0,0,0,0,0
56,5,760,8,10,0.030203,25163.41,0.012961,58638.34,0.011866,64050.21,0.015350,49512.83,0.016099,47208.13,0.015350,49510.38,0.022322,34047.38,0.030677,0.005470,0.005846,0.015350,0.057343,0.009832,4,84540,89685,536582,402,0,0,0,490,0,0,0,263,0,0,0,148,0,0,0,136,0,0,0,2,0,0,0,1054866782541119046,1619750907161000643,1619750907161000643,12906512061193818510,17453649803299134240,12378936122867445495,0,0,0,0,0,0,0,0,0,0,0
57,5,608,8,10,0.027620,22012.83,0.012090,50287.85,0.010554,57607.50,0.014769,41168.22,0.015435,39392.03,0.014512,41895.93,0.019267,31555.88,0.028108,0.004617,0.004381,0.014512,0.051619,0.006031,5,71150,72610,492865,208,0,0,0,336,0,0,0,145,0,0,0,122,0,0,0,104,0,0,0,0,0,0,0,1292017630969773575,15603383154763241788,15603383154763241788,4449049644388512730,8609795732473878926,4449049644388512730,0,0,0,0,0,0,0,0,0,0,0
58,5,682,8,10,0.027545,24759.76,0.012991,52498.53,0.009930,68682.52,0.012604,54111.74,0.015027,45385.40,0.012847,53085.05,0.018074,37733.22,0.028120,0.005498,0.010854,0.012847,0.057319,0.007583,1,86561,88881,363602,207,0,0,0,326,0,0,0,192,0,0,0,122,0,0,0,205,0,0,0,1,0,0,0,14957820849239887458,18137983261164210097,18137983261164210097,11282340537631379756,15725432079487626456,15828492992598269377,0,0,0,0,0,0,0,0,0,0,0
59,5,542,8,10,0.025276,21442.95,0.011447,47347.92,0.007096,76377.07,0.009466,57257.78,0.012951,41850.77,0.013215,41013.82,0.017298,31332.90,0.025552,0.004816,0.004115,0.013215,0.047699,0.004778,5,64913,65808,429532,110,0,0,0,161,0,0,0,115,0,0,0,63,0,0,0,66,0,0,0,1,0,0,0,7813556103663697148,13610972123796704273,13610972123796704273,3550210409561203165,16844895367224224091,2956764332887531170,0,0,0,0,0,0,0,0,0,0,0
60,5,605,8,10,0.030655,19736.01,0.016478,36715.63,0.010994,55029.35,0.012985,46593.42,0.018596,32534.71,0.017730,34122.43,0.023907,25306.78,0.031145,0.005584,0.006428,0.017730,0.060887,0.006526,3,83059,84929,385170,253,0,0,0,391,0,0,0,140,0,0,0,109,0,0,0,169,0,0,0,3,0,0,0,5575722256348722971,11634676418745899434,11634676418745899434,13118338364026374095,13191837291668576226,11591965237505519567,0,0,0,0,0,0,0,0,0,0,0
61,5,979,8,10,0.029764,32892.26,0.013099,74737.69,0.011873,82457.31,0.013125,74591.28,0.014812,66093.79,0.012983,75406.81,0.030284,32327.62,0.030517,0.006934,0.013362,0.012983,0.063795,0.015602,1,108811,168991,457559,601,0,0,0,724,0,0,0,173,0,0,0,154,0,0,0,236,0,0,0,2,0,0,0,16136655103315233054,15803981429425381821,15803981429425381821,17251613365060405156,15619043525388650977,16552912560989358278,0,0,0,0,0,0,0,0,0,0,0
62,5,757,8,10,0.032587,23230.08,0.015787,47949.68,0.015048,50307.11,0.016054,47152.03,0.017269,43835.27,0.015464,48953.81,0.019976,37894.59,0.033348,0.005413,0.011315,0.015464,0.065539,0.009458,1,89540,91935,471091,372,0,0,0,517,0,0,0,337,0,0,0,240,0,0,0,325,0,0,0,5,0,0,0,4477645096322837752,15589608428054229586,15589608428054229586,3520969571305623001,4025129944704746201,8345724683458489457,0,0,0,0,0,0,0,0,0,0,0
63,5,652,8,10,0.030348,21484.17,0.022905,28465.92,0.016255,40111.00,0.016345,39890.76,0.023637,27583.65,0.017577,37094.16,0.021097,30905.51,0.031010,0.004929,0.009295,0.017577,0.062811,0.006488,1,70106,72266,367044,188,0,0,0,345,0,0,0,153,0,0,0,121,0,0,0,230,0,0,0,2,0,0,0,14955947365912403085,14955947365912403085,14955947365912403085,3946300667654373130,11804536438972249807,14640776787100018632,0,0,0,0,0,0,0,0,0,0,0
64,5,792,8,10,0.067093,11804.44,0.042607,18588.32,0.031763,24934.96,0.038930,20344.24,0.043889,18045.34,0.024880,31832.56,0.058167,13615.93,0.067242,0.006374,0.011272,0.024880,0.109767,0.009466,1,87464,96859,537170,286,0,0,0,310,0,0,0,240,0,0,0,183,0,0,0,285,0,0,0,3,0,0,0,17422795044450884592,14315984154103385733,14315984154103385733,5955227504695939950,13868247113517603628,13345622188925812111,0,0,0,0,0,0,0,0,0,0,0
65,5,700,8,10,0.057760,12119.14,0.041526,16856.97,0.033452,20925.68,0.034087,20535.49,0.044360,15779.94,0.042194,16590.16,0.053098,13183.26,0.058533,0.006018,0.009457,0.042194,0.116202,0.007411,2,91201,102381,473802,261,0,0,0,334,0,0,0,159,0,0,0,150,0,0,0,110,0,0,0,1,0,0,0,16167359552890940294,15095702316277684525,15095702316277684525,12685395118957568742,3088358283991815443,5166015404961101320,0,0,0,0,0,0,0,0,0,0,0
66,5,770,8,10,0.047922,16067.94,0.027079,28435.66,0.018322,42024.86,0.027384,28119.03,0.029668,25953.96,0.028446,27068.66,0.039513,19487.34,0.048769,0.005966,0.006814,0.028446,0.089995,0.009995,4,97367,103537,669355,418,0,0,0,645,0,0,0,349,0,0,0,214,0,0,0,198,0,0,0,16,0,0,0,1567462437507081059,1567462437507081059,1567462437507081059,3684393502962277446,7644002780267452453,4756252091031087740,0,0,0,0,0,0,0,0,0,0,0
67,5,681,8,10,0.034405,19793.74,0.017059,39920.73,0.011709,58162.55,0.016545,41159.35,0.020127,33834.53,0.019567,34803.32,0.026280,25913.20,0.034925,0.006029,0.005847,0.019567,0.066368,0.007415,5,87818,90948,337743,313,0,0,0,405,0,0,0,335,0,0,0,156,0,0,0,150,0,0,0,5,0,0,0,4205433386286058671,9058138144787521763,9058138144787521763,18044555315289054889,10378435067418765950,12987311489526626727,0,0,0,0,0,0,0,0,0,0,0
68,5,657,8,10,0.026369,24915.96,0.011225,58530.95,0.010728,61242.65,0.012425,52875.95,0.012952,50727.00,0.012540,52391.02,0.017792,36926.46,0.027193,0.005178,0.007016,0.012540,0.051927,0.006905,3,79237,85542,447313,321,0,0,0,498,0,0,0,216,0,0,0,138,0,0,0,187,0,0,0,4,0,0,0,17039039059813287480,4717691117691990625,4717691117691990625,16669096954412452431,12857065116235866964,5367371757613514574,0,0,0,0,0,0,0,0,0,0,0
69,5,684,8,10,0.043799,15616.96,0.020281,33726.61,0.013306,51405.06,0.014922,45839.59,0.022987,29755.87,0.016896,40481.77,0.028137,24309.85,0.044165,0.006211,0.011678,0.016896,0.078950,0.008165,1,87777,89937,326150,215,0,0,0,365,0,0,0,287,0,0,0,145,0,0,0,276,0,0,0,2,0,0,0,5794044115286794775,10502853660545031899,10502853660545031899,10197742211900833745,313531145311178055,17721330072195623253,0,0,0,0,0,0,0,0,0,0,0
70,5,558,8,10,0.021954,25416.66,0.008885,62799.64,0.008275,67432.55,0.009043,61703.23,0.011015,50658.20,0.009548,58439.83,0.012405,44983.10,0.022359,0.003817,0.005943,0.009548,0.041667,0.004717,2,60096,60731,430363,180,0,0,0,290,0,0,0,194,0,0,0,160,0,0,0,235,0,0,0,4,0,0,0,4957004251431420324,15024946904850819880,15024946904850819880,14980331683475705395,2380823278910886847,14561557563684880847,0,0,0,0,0,0,0,0,0,0,0
71,5,649,8,10,0.033809,19196.18,0.017726,36612.82,0.011840,54813.60,0.012265,52916.36,0.017762,36538.56,0.010779,60209.04,0.025346,25605.39,0.034271,0.005237,0.009519,0.010779,0.059807,0.006413,1,76366,79081,688679,227,0,0,0,286,0,0,0,150,0,0,0,96,0,0,0,102,0,0,0,1,0,0,0,9228282340896805945,17498562185980628216,17498562185980628216,12434699311126955471,8440377484112793133,8793508238245301543,0,0,0,0,0,0,0,0,0,0,0
72,5,642,8,10,0.035178,18250.08,0.019425,33049.73,0.012620,50870.89,0.013563,47333.94,0.024014,26734.04,0.016947,37883.64,0.024536,26165.72,0.035631,0.005912,0.011041,0.016947,0.069531,0.006770,1,94147,96527,323396,275,0,0,0,334,0,0,0,251,0,0,0,175,0,0,0,200,0,0,0,4,0,0,0,14555521302432327402,3990635484475656125,3990635484475656125,6186289749588831379,16780468938105092196,2135098913002090989,0,0,0,0,0,0,0,0,0,0,0
73,5,815,8,10,0.035928,22684.10,0.018176,44840.13,0.014243,57221.46,0.016845,48383.12,0.020407,39938.23,0.017010,47911.97,0.029562,27569.40,0.036743,0.005514,0.010886,0.017010,0.070154,0.009099,1,91004,123859,565187,392,0,0,0,574,0,0,0,294,0,0,0,217,0,0,0,317,0,0,0,3,0,0,0,10841709992663226852,16454425845485227435,16454425845485227435,16779342281430838039,11951169912631900658,16779342281430838039,0,0,0,0,0,0,0,0,0,0,0
74,5,626,8,10,0.027432,22820.02,0.011242,55683.97,0.009576,65372.42,0.013485,46420.24,0.015274,40984.93,0.012877,48614.55,0.020361,30744.91,0.028015,0.005452,0.009847,0.012877,0.056190,0.006144,1,81462,83667,442145,165,0,0,0,307,0,0,0,144,0,0,0,78,0,0,0,117,0,0,0,2,0,0,0,16676722636823121561,7198567414934823354,7198567414934823354,8888437831386852209,16685067776079018318,8888437831386852209,0,0,0,0,0,0,0,0,0,0,0
75,5,686,8,10,0.036120,18992.20,0.017628,38914.65,0.014922,45973.64,0.015979,42932.00,0.023233,29526.75,0.019786,34671.35,0.028670,23927.63,0.036779,0.005629,0.008004,0.019786,0.070198,0.007623,2,94291,98386,407985,492,0,0,0,794,0,0,0,267,0,0,0,220,0,0,0,245,0,0,0,5,0,0,0,8395806295824820729,8395806295824820729,8395806295824820729,915547990006054907,15737688047013656407,10060306419010138836,0,0,0,0,0,0,0,0,0,0,0
76,5,766,8,10,0.037480,20437.58,0.018453,41510.75,0.014175,54037.68,0.015568,49203.17,0.019787,38712.75,0.015904,48162.81,0.022393,34207.64,0.038641,0.006958,0.012303,0.015904,0.073806,0.010034,1,105179,107044,492044,373,0,0,0,589,0,0,0,285,0,0,0,234,0,0,0,262,0,0,0,5,0,0,0,1076585952319800793,1076585952319800793,1076585952319800793,13124343894999432876,16848541354618756080,3140823236469815414,0,0,0,0,0,0,0,0,0,0,0
77,5,621,8,10,0.030298,20496.59,0.017474,35537.75,0.011667,53224.95,0.013913,44635.40,0.018964,32746.67,0.013446,46184.15,0.020794,29864.48,0.030836,0.005092,0.009766,0.013446,0.059140,0.006293,1,79576,81341,385463,383,0,0,0,495,0,0,0,310,0,0,0,217,0,0,0,311,0,0,0,4,0,0,0,18405825765793714136,5630979427924130891,5630979427924130891,17194022143640686785,10265226069469141950,5105728591594407689,0,0,0,0,0,0,0,0,0,0,0
78,5,637,8,10,0.042323,15050.78,0.025351,25127.43,0.019401,32832.78,0.027010,23583.68,0.030348,20989.84,0.027351,23289.60,0.032600,19539.81,0.042702,0.005143,0.010172,0.027351,0.085368,0.006660,1,80590,82505,568767,331,0,0,0,574,0,0,0,297,0,0,0,149,0,0,0,215,0,0,0,6,0,0,0,15906410046097319028,11244619875196782714,11244619875196782714,15573803033009525908,16229146269593396852,7365670584544720810,0,0,0,0,0,0,0,0,0,0,0
79,5,624,8,10,0.032967,18927.86,0.020043,31132.29,0.015004,41588.41,0.016067,38836.18,0.021437,29109.16,0.016144,38652.72,0.022849,27309.37,0.033548,0.005536,0.010698,0.016144,0.065926,0.006630,1,87467,88972,284539,395,0,0,0,671,0,0,0,281,0,0,0,221,0,0,0,311,0,0,0,5,0,0,0,15837474860098165835,15837474860098165835,15837474860098165835,4216058880131785636,12492724917228781635,4216058880131785636,0,0,0,0,0,0,0,0,0,0,0
80,5,584,8,10,0.029997,19468.88,0.016538,35312.33,0.009724,60055.64,0.010213,57181.22,0.017527,33319.33,0.010396,56176.43,0.022334,26148.08,0.030661,0.005973,0.011274,0.010396,0.058304,0.005776,1,88789,89869,318885,195,0,0,0,337,0,0,0,234,0,0,0,172,0,0,0,229,0,0,0,2,0,0,0,16587157124801681458,16587157124801681458,16587157124801681458,2796157700362600721,14340941567820535517,2796157700362600721,0,0,0,0,0,0,0,0,0,0,0
81,5,686,8,10,0.031796,21574.92,0.019533,35120.81,0.017744,38660.79,0.018488,37105.22,0.020671,33186.31,0.017212,39855.09,0.023615,29049.40,0.032985,0.005489,0.006108,0.017212,0.061795,0.007206,4,85033,88183,449342,575,0,0,0,971,0,0,0,363,0,0,0,278,0,0,0,246,0,0,0,10,0,0,0,11907765189418853333,18319943221367578214,18319943221367578214,5282924380547499243,15027656490175164301,13514056636227637809,0,0,0,0,0,0,0,0,0,0,0
82,5,715,8,10,0.047866,14937.62,0.029558,24189.76,0.021662,33007.47,0.033021,21653.12,0.034199,20906.95,0.031602,22625.36,0.037394,19120.92,0.047965,0.005822,0.009748,0.031602,0.095137,0.009128,2,82992,87857,565024,335,0,0,0,531,0,0,0,346,0,0,0,230,0,0,0,262,0,0,0,6,0,0,0,2106426836227498675,12076425920738781921,12076425920738781921,1888354600723677597,10001949764965365613,5581855258220431183,0,0,0,0,0,0,0,0,0,0,0
83,5,881,8,10,0.029971,29395.12,0.015607,56450.15,0.014718,59859.21,0.016181,54446.10,0.018320,48088.67,0.017553,50192.25,0.024544,35895.09,0.030842,0.005902,0.009267,0.017553,0.063565,0.011051,2,85971,105001,488953,374,0,0,0,644,0,0,0,314,0,0,0,224,0,0,0,200,0,0,0,1,0,0,0,13755583551828414017,5555536348834046053,4961441489365487924,3826818508914059574,5739019638237318403,17074883328197758804,0,0,0,0,0,0,0,0,0,0,0
84,5,671,8,10,0.042289,15867.06,0.020615,32549.44,0.016526,40603.74,0.019108,35116.03,0.020969,31999.37,0.016049,41809.96,0.029123,23040.56,0.043261,0.006959,0.010909,0.016049,0.077177,0.009610,2,105627,108077,346147,395,0,0,0,490,0,0,0,310,0,0,0,179,0,0,0,232,0,0,0,3,0,0,0,2943229673687565657,17971862032031393605,17971862032031393605,12551754261802392807,16282972143722370394,17988798434924124208,0,0,0,0,0,0,0,0,0,0,0
85,5,914,8,10,0.036833,24814.79,0.018557,49253.88,0.014877,61436.76,0.016194,56439.21,0.018898,48363.87,0.018575,49206.53,0.042404,21554.42,0.037621,0.007710,0.012123,0.018575,0.076029,0.012643,2,137869,213504,530521,1352,0,0,0,1435,0,0,0,267,0,0,0,133,0,0,0,272,0,0,0,79,0,0,0,11805855353404785869,6469422777235566010,6469422777235566010,13393614065412965514,2057793175269675678,14861007516897625267,0,0,0,0,0,0,0,0,0,0,0
86,5,733,8,10,0.027742,26422.00,0.012182,60170.75,0.010880,67371.35,0.014648,50042.17,0.015879,46160.29,0.012956,56574.86,0.023667,30971.61,0.028284,0.005555,0.009745,0.012956,0.056541,0.007661,1,84471,100946,399147,502,0,0,0,529,0,0,0,235,0,0,0,138,0,0,0,239,0,0,0,33,0,0,0,11305889710915337246,5090773545390378063,5090773545390378063,7371942582163501113,9682713351251057324,3638737026199077117,0,0,0,0,0,0,0,0,0,0,0
87,5,604,8,10,0.026442,22842.15,0.013643,44271.20,0.012667,47684.15,0.014233,42437.88,0.015109,39976.31,0.013332,45305.69,0.017182,35153.31,0.027069,0.004860,0.009213,0.013332,0.054474,0.005728,1,71792,73332,298830,304,0,0,0,431,0,0,0,262,0,0,0,168,0,0,0,236,0,0,0,1,0,0,0,15127213106405290429,15127213106405290429,15127213106405290429,15938133373782641705,2246777691693918651,15938133373782641705,0,0,0,0,0,0,0,0,0,0,0
88,5,656,8,10,0.042489,15439.18,0.024733,26523.40,0.017510,37464.94,0.020111,32619.17,0.027530,23828.60,0.016497,39764.46,0.032570,20141.30,0.043416,0.005960,0.011221,0.016497,0.077093,0.007220,1,97327,100512,390034,471,0,0,0,757,0,0,0,316,0,0,0,280,0,0,0,377,0,0,0,13,0,0,0,4780598901555233264,2478864315612836424,2478864315612836424,11204722560560755682,9360749697406934671,4354413201527128397,0,0,0,0,0,0,0,0,0,0,0
89,5,613,8,10,0.031234,19626.27,0.018767,32663.46,0.016045,38205.10,0.014083,43528.65,0.018848,32523.44,0.012495,49061.19,0.021035,29141.32,0.032151,0.005690,0.010234,0.012495,0.060570,0.006207,1,85822,88662,253797,341,0,0,0,552,0,0,0,291,0,0,0,250,0,0,0,287,0,0,0,6,0,0,0,10763083538041160382,1709482171282212495,1709482171282212495,15215867519314706256,17224537472111043136,6180421214700317720,0,0,0,0,0,0,0,0,0,0,0
90,5,730,8,10,0.035084,20807.18,0.016382,44561.03,0.011039,66126.87,0.012763,57194.80,0.019128,38163.91,0.014179,51484.68,0.025345,28802.20,0.035710,0.005501,0.010576,0.014179,0.065966,0.008642,1,88011,90856,426990,276,0,0,0,396,0,0,0,316,0,0,0,178,0,0,0,268,0,0,0,12,0,0,0,1415321259252482889,757004631773159581,757004631773159581,6069574764603253045,4225338752241859932,6069574764603253045,0,0,0,0,0,0,0,0,0,0,0
91,5,672,8,10,0.032316,20794.71,0.013682,49117.23,0.011924,56357.58,0.018297,36727.22,0.019908,33754.45,0.017235,38989.90,0.025399,26457.43,0.032841,0.005136,0.009852,0.017235,0.065065,0.008139,1,78263,81883,384141,318,0,0,0,412,0,0,0,162,0,0,0,139,0,0,0,172,0,0,0,18,0,0,0,9591921929546151430,5400244720254837226,5400244720254837226,2496940154556711764,4697352549045601932,4311710439860886932,0,0,0,0,0,0,0,0,0,0,0
92,5,743,8,10,0.042416,17516.93,0.018023,41224.55,0.013289,55912.42,0.016490,45056.94,0.021596,34404.38,0.021352,34797.63,0.029026,25597.43,0.043309,0.006420,0.006023,0.021352,0.077105,0.008799,5,96909,99069,429776,294,0,0,0,399,0,0,0,214,0,0,0,144,0,0,0,128,0,0,0,1,0,0,0,3669916399467121012,11116392254307404793,11116392254307404793,6414313700550326473,4848357008343250409,4420026009226776054,0,0,0,0,0,0,0,0,0,0,0
93,5,770,8,10,0.039841,19326.81,0.022563,34126.35,0.014085,54668.13,0.024993,30808.38,0.026497,29060.09,0.025645,30025.56,0.035350,21781.88,0.040625,0.005997,0.007155,0.025645,0.079422,0.008941,4,91939,103254,525149,359,0,0,0,524,0,0,0,252,0,0,0,167,0,0,0,154,0,0,0,0,0,0,0,17155248154469266211,1229814661955434537,1229814661955434537,17481215377210769389,691706095719260172,17481215377210769389,0,0,0,0,0,0,0,0,0,0,0
94,5,672,8,10,0.039879,16851.18,0.018027,37278.40,0.014108,47633.46,0.017784,37786.94,0.021656,31030.55,0.019805,33931.15,0.028916,23239.45,0.040384,0.006091,0.008145,0.019805,0.074426,0.008330,3,93657,96422,581893,305,0,0,0,476,0,0,0,234,0,0,0,173,0,0,0,169,0,0,0,5,0,0,0,13027602724560702110,5422590505952071407,5422590505952071407,12956381069859945060,12105616192577116590,12956381069859945060,0,0,0,0,0,0,0,0,0,0,0
95,5,774,8,10,0.031927,24243.00,0.013356,57953.19,0.011132,69528.27,0.013523,57237.05,0.016024,48301.48,0.013704,56481.43,0.025333,30552.59,0.032568,0.005965,0.008399,0.013704,0.060635,0.009117,2,93885,108430,548071,323,0,0,0,386,0,0,0,247,0,0,0,159,0,0,0,258,0,0,0,1,0,0,0,11587797230605591106,11587797230605591106,11587797230605591106,7296016891244607573,17164557396621052726,5314725501777091659,0,0,0,0,0,0,0,0,0,0,0
96,5,669,8,10,0.032415,20638.67,0.015482,43211.58,0.010913,61302.72,0.012015,55678.30,0.018019,37127.62,0.014240,46981.03,0.022714,29452.72,0.032726,0.005249,0.007625,0.014240,0.059839,0.006894,2,78172,79572,524977,235,0,0,0,374,0,0,0,240,0,0,0,127,0,0,0,195,0,0,0,5,0,0,0,15873651450194984927,11177591495647666998,11177591495647666998,4736346956470579428,384245911296487949,1837611662036492644,0,0,0,0,0,0,0,0,0,0,0
97,5,695,8,10,0.023723,29296.17,0.009879,70351.41,0.008529,81484.95,0.009374,74141.27,0.010879,63881.67,0.010205,68102.18,0.016140,43060.53,0.024279,0.005113,0.006318,0.010205,0.045916,0.009702,3,76991,80201,352002,202,0,0,0,317,0,0,0,197,0,0,0,148,0,0,0,172,0,0,0,7,0,0,0,3649469034847819984,3649469034847819984,3649469034847819984,5623184891237716253,11153063592339252116,5623184891237716253,0,0,0,0,0,0,0,0,0,0,0
98,5,667,8,10,0.025712,25941.08,0.011553,57732.52,0.009726,68576.74,0.011752,56757.83,0.013848,48165.88,0.013505,49387.51,0.019366,34441.31,0.026219,0.004520,0.004890,0.013505,0.049134,0.006561,4,71577,74817,537741,217,0,0,0,302,0,0,0,189,0,0,0,120,0,0,0,126,0,0,0,2,0,0,0,12602830907259139838,4936365438768686105,4936365438768686105,16916750204266554407,1691967683543145487,16916750204266554407,0,0,0,0,0,0,0,0,0,0,0
99,5,617,8,10,0.029548,20881.23,0.014257,43275.87,0.012952,47637.67,0.016380,37666.96,0.016921,36462.74,0.016573,37229.36,0.021433,28786.85,0.030137,0.005118,0.005349,0.016573,0.057176,0.006699,4,82538,85088,450105,315,0,0,0,588,0,0,0,253,0,0,0,165,0,0,0,150,0,0,0,1,0,0,0,9206452557086240898,11191308252003804259,11191308252003804259,7419886768234398838,1344513144449704987,4304983486147184651,0,0,0,0,0,0,0,0,0,0,0
100,5,679,8,10,0.038233,17759.44,0.019294,35193.11,0.013835,49077.02,0.014606,46487.51,0.023109,29382.75,0.014423,47077.61,0.027967,24278.90,0.038756,0.005827,0.010483,0.014423,0.069489,0.009387,1,84388,87003,365155,254,0,0,0,486,0,0,0,271,0,0,0,228,0,0,0,214,0,0,0,8,0,0,0,15141076746930499199,18290355476132376509,18290355476132376509,14861344485574142872,9959407525239675296,11989692901395292803,0,0,0,0,0,0,0,0,0,0,0
101,5,687,8,10,0.032259,21296.09,0.013559,50668.64,0.010983,62553.33,0.013058,52611.79,0.015197,45206.80,0.012589,54571.08,0.021791,31527.24,0.032897,0.006443,0.011925,0.012589,0.063854,0.007920,1,102023,106513,537878,297,0,0,0,421,0,0,0,349,0,0,0,164,0,0,0,389,0,0,0,4,0,0,0,7177023740177256481,13034096711246911191,13034096711246911191,166371243209637585,196951273806629830,15438440028370835474,0,0,0,0,0,0,0,0,0,0,0
102,5,608,8,10,0.028038,21684.80,0.013719,44316.62,0.011378,53435.37,0.012562,48399.94,0.014372,42303.02,0.014315,42472.88,0.018365,33107.11,0.028530,0.004589,0.004391,0.014315,0.051825,0.005976,5,72055,73500,622906,213,0,0,0,352,0,0,0,156,0,0,0,66,0,0,0,68,0,0,0,1,0,0,0,2197577318964060137,5525242570294365938,5525242570294365938,11289928351593916840,13924447567261785230,17012549534149778363,0,0,0,0,0,0,0,0,0,0,0
103,5,752,8,10,0.028436,26445.65,0.012681,59299.66,0.009939,75660.93,0.011374,66117.95,0.013248,56761.65,0.010393,72353.36,0.018625,40375.24,0.028991,0.005292,0.010233,0.010393,0.054909,0.008158,1,81537,86052,573323,312,0,0,0,360,0,0,0,244,0,0,0,176,0,0,0,299,0,0,0,0,0,0,0,18346863382780949922,12852378303333508851,12852378303333508851,13523627687910706405,18316480993397333883,4677283479915719643,0,0,0,0,0,0,0,0,0,0,0
104,5,710,8,10,0.031966,22211.40,0.016520,42979.11,0.017004,41753.97,0.017967,39516.83,0.018350,38692.98,0.018456,38469.76,0.021647,32799.21,0.032787,0.005568,0.009727,0.018456,0.066537,0.007849,3,85865,91990,317387,386,0,0,0,734,0,0,0,431,0,0,0,195,0,0,0,282,0,0,0,4,0,0,0,7129955262689009113,7129955262689009113,7129955262689009113,30061013180535692,3398941733221706598,4744320458513793645,0,0,0,0,0,0,0,0,0,0,0
105,5,614,8,10,0.039450,15564.14,0.020603,29800.99,0.012991,47265.19,0.014303,42927.80,0.023451,26181.71,0.016289,37695.28,0.029604,20740.66,0.039909,0.006942,0.011444,0.016289,0.074584,0.006593,1,93931,95121,436465,206,0,0,0,350,0,0,0,310,0,0,0,167,0,0,0,289,0,0,0,1,0,0,0,1157280050190300654,12329752487453134209,12329752487453134209,4416985776366126276,7698968925537280679,10113389962872047844,0,0,0,0,0,0,0,0,0,0,0
106,5,680,8,10,0.028096,24202.84,0.012870,52836.91,0.012081,56287.76,0.012404,54820.55,0.014488,46933.78,0.012082,56279.96,0.017068,39839.77,0.029186,0.005834,0.011102,0.012082,0.058205,0.007517,1,87456,88551,476828,273,0,0,0,402,0,0,0,283,0,0,0,220,0,0,0,223,0,0,0,5,0,0,0,9792130181609588066,4788762521928987719,4788762521928987719,3922844595136099777,11185043472666878958,15616523673019373064,0,0,0,0,0,0,0,0,0,0,0
107,5,653,8,10,0.030022,21750.96,0.012725,51316.44,0.011228,58159.99,0.014431,45250.35,0.017032,38339.21,0.016144,40447.73,0.020676,31582.80,0.030568,0.005240,0.004870,0.016144,0.056823,0.006648,5,76795,78170,501728,208,0,0,0,325,0,0,0,279,0,0,0,163,0,0,0,140,0,0,0,10,0,0,0,8073519689932950351,3707102734034827418,3707102734034827418,3158861379972150522,8244140326327818323,5902159884985071528,0,0,0,0,0,0,0,0,0,0,0
108,5,673,8,10,0.029577,22754.13,0.013336,50465.71,0.011587,58080.21,0.013746,48961.29,0.015995,42075.97,0.015779,42651.17,0.020123,33444.11,0.029970,0.004993,0.004733,0.015779,0.055475,0.006877,5,77097,78572,438903,188,0,0,0,395,0,0,0,247,0,0,0,131,0,0,0,120,0,0,0,8,0,0,0,117169740260110636,117169740260110636,117169740260110636,5370938241846685293,9539183577849344594,5798915587511893515,0,0,0,0,0,0,0,0,0,0,0
109,5,648,8,10,0.034141,18980.00,0.018017,35965.88,0.014926,43413.52,0.020403,31759.90,0.021274,30459.94,0.020764,31207.39,0.024659,26278.31,0.034760,0.005219,0.005746,0.020764,0.066490,0.006586,4,82486,84106,414353,225,0,0,0,428,0,0,0,252,0,0,0,125,0,0,0,90,0,0,0,1,0,0,0,1993416690566043945,12301817866079514922,12301817866079514922,13445815229649645813,17330019121099797023,13445815229649645813,0,0,0,0,0,0,0,0,0,0,0
110,5,638,8,10,0.028214,22613.25,0.014233,44825.18,0.012767,49974.48,0.014909,42791.97,0.015520,41107.47,0.014876,42887.66,0.017200,37092.18,0.028549,0.005364,0.010015,0.014876,0.058804,0.006544,1,77131,78306,513362,217,0,0,0,451,0,0,0,276,0,0,0,132,0,0,0,216,0,0,0,2,0,0,0,3738805859142257448,14010906158768024205,14010906158768024205,5451446926141492310,4921280312961735272,15025538656141263087,0,0,0,0,0,0,0,0,0,0,0
111,5,811,8,10,0.032895,24653.93,0.013528,59950.86,0.012531,64718.08,0.016056,50510.43,0.016738,48453.09,0.016670,48651.09,0.024498,33104.07,0.033803,0.006218,0.005704,0.016670,0.062395,0.009875,5,96848,103498,555072,405,0,0,0,536,0,0,0,203,0,0,0,206,0,0,0,195,0,0,0,6,0,0,0,14362536246663430095,11939641178469501240,11939641178469501240,10448229096997961672,1119541134115715049,13128990498921904075,0,0,0,0,0,0,0,0,0,0,0
112,5,746,8,10,0.034480,21635.67,0.013999,53288.65,0.011636,64109.94,0.014860,50200.45,0.015659,47640.13,0.013929,53557.50,0.022321,33421.67,0.034905,0.005708,0.011925,0.013929,0.066467,0.010155,1,89453,93928,514659,329,0,0,0,496,0,0,0,327,0,0,0,233,0,0,0,280,0,0,0,5,0,0,0,14980168148735387695,2663293004802448432,2663293004802448432,11959408526709159215,16661435318113585819,3875827439302791778,0,0,0,0,0,0,0,0,0,0,0
113,5,720,8,10,0.040893,17607.07,0.023486,30656.15,0.021250,33882.92,0.026353,27320.95,0.028643,25137.26,0.026321,27354.80,0.032012,22491.85,0.041300,0.004939,0.008614,0.026321,0.081173,0.008795,2,83005,88015,731792,376,0,0,0,639,0,0,0,287,0,0,0,173,0,0,0,236,0,0,0,2,0,0,0,10175761644061436910,16488853173837668286,16488853173837668286,7764027778191482784,2722452930802809487,6452275680972606987,0,0,0,0,0,0,0,0,0,0,0
114,5,574,8,10,0.026533,21633.48,0.013640,42083.34,0.011241,51063.58,0.012856,44648.20,0.014472,39661.82,0.012720,45126.82,0.015835,36247.95,0.027003,0.004587,0.005882,0.012720,0.050191,0.005842,3,73542,74977,367754,303,0,0,0,568,0,0,0,292,0,0,0,227,0,0,0,217,0,0,0,5,0,0,0,7568162825847721815,2396965909716635403,2396965909716635403,3036685915224293084,12216347055081863030,7030018158276307207,0,0,0,0,0,0,0,0,0,0,0
115,5,583,8,10,0.032102,18161.03,0.015184,38394.73,0.013868,42039.91,0.015662,37224.31,0.017968,32447.47,0.014743,39544.03,0.022387,26041.90,0.032616,0.005435,0.010205,0.014743,0.062998,0.006189,1,89386,91466,520354,304,0,0,0,505,0,0,0,244,0,0,0,190,0,0,0,230,0,0,0,2,0,0,0,9667889223884093776,6641688502592817461,6641688502592817461,9131662404673651497,5177302811203327108,9131662404673651497,0,0,0,0,0,0,0,0,0,0,0
116,5,645,8,10,0.030486,21157.05,0.012395,52037.69,0.011098,58116.68,0.013475,47865.06,0.014798,43586.25,0.014025,45989.90,0.019295,33428.73,0.030775,0.005028,0.004762,0.014025,0.054590,0.006618,5,79279,81564,683691,238,0,0,0,423,0,0,0,263,0,0,0,176,0,0,0,154,0,0,0,3,0,0,0,5099883605719449690,7863384320567234834,7863384320567234834,2336639616459395563,2789045115992479949,11793674434797314059,0,0,0,0,0,0,0,0,0,0,0
117,5,635,8,10,0.028116,22584.86,0.010718,59244.03,0.008666,73278.17,0.011189,56750.20,0.013313,47699.12,0.012921,49145.91,0.017605,36069.05,0.028686,0.004932,0.006445,0.012921,0.052984,0.006784,3,79199,80514,352692,134,0,0,0,237,0,0,0,200,0,0,0,106,0,0,0,117,0,0,0,2,0,0,0,13439011944510720738,7559425730406078282,7559425730406078282,9339459061141744271,6037186107593497261,15782339136047420776,0,0,0,0,0,0,0,0,0,0,0
118,5,709,8,10,0.029078,24383.02,0.012751,55602.75,0.009983,71021.29,0.012940,54789.92,0.013715,51694.03,0.013063,54277.42,0.022409,31639.53,0.029758,0.005151,0.006118,0.013063,0.054089,0.007672,4,80440,93850,473287,545,0,0,0,612,0,0,0,254,0,0,0,119,0,0,0,143,0,0,0,13,0,0,0,8085532686160350231,8085532686160350231,8085532686160350231,7023685371978645736,2721321008137590739,7023685371978645736,0,0,0,0,0,0,0,0,0,0,0
119,5,610,8,10,0.026769,22787.96,0.011938,51096.33,0.010684,57092.79,0.012782,47722.10,0.014953,40794.11,0.014089,43295.17,0.017562,34734.79,0.027419,0.004851,0.005682,0.014089,0.052041,0.005946,4,73987,76782,470390,201,0,0,0,392,0,0,0,323,0,0,0,142,0,0,0,134,0,0,0,2,0,0,0,4894427292618498942,10486692975521507354,10486692975521507354,12775214646847733585,3452816611819667683,12775214646847733585,0,0,0,0,0,0,0,0,0,0,0
120,5,759,8,10,0.029042,26134.42,0.013971,54324.94,0.012381,61304.60,0.013398,56649.52,0.015285,49655.92,0.015400,49285.05,0.020980,36176.74,0.029768,0.005720,0.005252,0.015400,0.056140,0.008951,5,85111,95026,507472,387,0,0,0,545,0,0,0,213,0,0,0,144,0,0,0,148,0,0,0,2,0,0,0,822244771833954502,4578320180189157042,4578320180189157042,18166649899172726718,1302237171843536648,15983032998701141922,0,0,0,0,0,0,0,0,0,0,0
121,5,617,8,10,0.030889,19974.78,0.012057,51175.26,0.011317,54520.69,0.013688,45076.16,0.015472,39877.76,0.014528,42468.80,0.020150,30620.63,0.031185,0.005189,0.005835,0.014528,0.056738,0.006535,4,78827,80507,485560,213,0,0,0,320,0,0,0,201,0,0,0,142,0,0,0,153,0,0,0,0,0,0,0,13588877391517311463,13588877391517311463,13588877391517311463,2973394160844121524,17525944027281730624,2973394160844121524,0,0,0,0,0,0,0,0,0,0,0
122,5,710,8,10,0.033529,21175.63,0.015380,46165.31,0.013985,50769.61,0.015741,45104.70,0.016330,43477.42,0.015607,45493.54,0.022342,31778.96,0.034025,0.006169,0.009389,0.015607,0.065189,0.008276,2,97007,99892,405609,312,0,0,0,474,0,0,0,246,0,0,0,168,0,0,0,173,0,0,0,6,0,0,0,16001091856404809769,16001091856404809769,16001091856404809769,2243393312018387867,10215919208695711548,2461022278162027624,0,0,0,0,0,0,0,0,0,0,0
123,5,700,8,10,0.034745,20146.72,0.018194,38474.43,0.016727,41848.12,0.018973,36894.65,0.019733,35474.44,0.018936,36966.39,0.027910,25080.66,0.035434,0.006266,0.011435,0.018936,0.072071,0.008154,1,100633,103783,444569,415,0,0,0,641,0,0,0,316,0,0,0,166,0,0,0,243,0,0,0,4,0,0,0,2128538959784743263,2128538959784743263,2128538959784743263,17659992837582889832,14213326552351691047,1556300501719223618,0,0,0,0,0,0,0,0,0,0,0
124,5,681,8,10,0.039824,17100.25,0.015967,42650.55,0.014772,46101.59,0.018347,37117.68,0.021650,31455.17,0.020267,33601.00,0.028113,24223.63,0.040786,0.007031,0.010744,0.020267,0.078827,0.008221,2,120805,123395,465904,356,0,0,0,573,0,0,0,303,0,0,0,299,0,0,0,316,0,0,0,12,0,0,0,15167544031214872374,15167544031214872374,15167544031214872374,13646457734727683191,12611103313345592218,17016653574532417643,0,0,0,0,0,0,0,0,0,0,0
125,5,661,8,10,0.034627,19089.22,0.019712,33532.87,0.015632,42285.26,0.016886,39145.06,0.019913,33195.00,0.016364,40393.46,0.023895,27662.41,0.035209,0.005916,0.011006,0.016364,0.068496,0.007346,1,93239,95119,429078,440,0,0,0,779,0,0,0,435,0,0,0,246,0,0,0,330,0,0,0,7,0,0,0,2804153262426342001,7127370439505102548,7127370439505102548,3504011680599657235,4206509242745128275,13696914445347302974,0,0,0,0,0,0,0,0,0,0,0
126,5,807,8,10,0.031359,25734.01,0.015125,53354.80,0.013278,60775.61,0.016939,47640.67,0.018632,43312.46,0.017717,45550.37,0.028858,27964.15,0.032081,0.005964,0.006201,0.017717,0.061963,0.009346,4,90581,137336,384068,376,0,0,0,463,0,0,0,355,0,0,0,181,0,0,0,166,0,0,0,8,0,0,0,4222492671078291188,18114562896405236453,18114562896405236453,10840283597369744090,11101432058078173378,14504579474245170274,0,0,0,0,0,0,0,0,0,0,0
127,5,920,8,10,0.032866,27992.53,0.015567,59098.91,0.011779,78103.28,0.012859,71546.55,0.017086,53845.59,0.016022,57420.18,0.033610,27372.82,0.033975,0.006740,0.007385,0.016022,0.064122,0.012787,4,106178,151558,459438,679,0,0,0,895,0,0,0,234,0,0,0,168,0,0,0,151,0,0,0,6,0,0,0,7673822209524764502,7673822209524764502,7673822209524764502,15945880814823916944,4795581533060310121,8635933559378759516,0,0,0,0,0,0,0,0,0,0,0
128,5,788,8,10,0.032383,24334.09,0.014767,53361.86,0.012206,64557.52,0.015709,50161.01,0.018765,41992.19,0.015525,50756.20,0.023846,33044.95,0.033165,0.005882,0.011684,0.015525,0.066256,0.009802,1,93041,100386,501996,535,0,0,0,613,0,0,0,410,0,0,0,181,0,0,0,346,0,0,0,10,0,0,0,14865742941574839284,6824969621538466940,6824969621538466940,4906317912455349528,7538402244695816403,8196076506362693437,0,0,0,0,0,0,0,0,0,0,0
129,5,657,8,10,0.035092,18722.17,0.017637,37251.06,0.015460,42496.56,0.016938,38787.43,0.018494,35524.95,0.016190,40580.14,0.025545,25718.94,0.035624,0.006679,0.011743,0.016190,0.070236,0.007412,1,115647,119092,390452,412,0,0,0,721,0,0,0,294,0,0,0,229,0,0,0,284,0,0,0,14,0,0,0,11885276444092063226,11726399641054231995,11726399641054231995,17084883063852224308,13796920268194823215,1629830678331079313,0,0,0,0,0,0,0,0,0,0,0
130,5,680,8,10,0.030798,22079.11,0.013796,49289.29,0.011777,57738.52,0.013810,49240.07,0.015872,42843.43,0.013146,51726.27,0.019194,35427.97,0.031476,0.005929,0.010892,0.013146,0.061443,0.007299,1,100782,103267,334541,353,0,0,0,575,0,0,0,402,0,0,0,243,0,0,0,262,0,0,0,6,0,0,0,4298951706188426447,4298951706188426447,4298951706188426447,4625657155504329241,18100770079412400636,12849932729043509372,0,0,0,0,0,0,0,0,0,0,0
131,5,664,8,10,0.047978,13839.60,0.027651,24013.97,0.021034,31568.56,0.026679,24888.03,0.030426,21823.32,0.027420,24215.70,0.040304,16474.87,0.048517,0.006635,0.011713,0.027420,0.094285,0.007468,1,107596,110541,637470,339,0,0,0,497,0,0,0,276,0,0,0,150,0,0,0,215,0,0,0,6,0,0,0,5801781390901787151,5801781390901787151,5801781390901787151,10586448322304874826,114603418413967164,10586448322304874826,0,0,0,0,0,0,0,0,0,0,0
132,5,650,8,10,0.030021,21651.56,0.011074,58693.47,0.009506,68379.82,0.011991,54206.78,0.014990,43363.29,0.012165,53433.53,0.019599,33164.31,0.030449,0.004802,0.009350,0.012165,0.056766,0.006215,1,71383,72748,595636,181,0,0,0,323,0,0,0,298,0,0,0,135,0,0,0,209,0,0,0,6,0,0,0,11832235113428827093,15123305247061166390,15123305247061166390,9880939285241615392,11405505755792706381,9994607376602238003,0,0,0,0,0,0,0,0,0,0,0
133,5,669,8,10,0.028835,23201.32,0.011882,56305.69,0.009451,70789.14,0.010879,61497.06,0.013315,50245.86,0.011558,57882.41,0.018724,35730.41,0.029305,0.004980,0.009547,0.011558,0.055390,0.006632,1,75786,78046,475844,201,0,0,0,358,0,0,0,274,0,0,0,171,0,0,0,259,0,0,0,8,0,0,0,2618960165506486902,7158261251679954476,7158261251679954476,7823236594135413211,6277617037027558454,9266893288650383453,0,0,0,0,0,0,0,0,0,0,0
134,5,618,8,10,0.028981,21324.11,0.014981,41251.41,0.013399,46122.25,0.013755,44927.88,0.016339,37822.62,0.014528,42537.49,0.017977,34377.53,0.029608,0.005033,0.009750,0.014528,0.058919,0.006415,1,76369,77629,598787,339,0,0,0,510,0,0,0,326,0,0,0,277,0,0,0,342,0,0,0,3,0,0,0,5628337779665028766,13425401537538621918,13425401537538621918,16813250746593616959,578920699744426406,16813250746593616959,0,0,0,0,0,0,0,0,0,0,0
135,5,644,8,10,0.039416,16338.65,0.020940,30754.88,0.011752,54798.97,0.012843,50143.85,0.021253,30301.57,0.012381,52015.40,0.026529,24275.03,0.039876,0.005096,0.010874,0.012381,0.068227,0.008879,1,78959,81009,629526,274,0,0,0,348,0,0,0,270,0,0,0,193,0,0,0,214,0,0,0,1,0,0,0,8506677719615238626,15909130807038181910,15909130807038181910,9654920337519172111,2548542727899050505,4356906793552462934,0,0,0,0,0,0,0,0,0,0,0
136,5,673,8,10,0.034078,19748.95,0.016409,41014.63,0.011361,59236.98,0.015182,44329.31,0.018475,36427.87,0.018164,37050.38,0.027086,24846.74,0.034536,0.005182,0.004933,0.018164,0.062815,0.006968,5,77932,82027,504812,314,0,0,0,368,0,0,0,190,0,0,0,107,0,0,0,99,0,0,0,1,0,0,0,2828652141331255057,2828652141331255057,2828652141331255057,17533727951311758744,5681360408933575593,8268893630253548431,0,0,0,0,0,0,0,0,0,0,0
137,5,817,8,10,0.035374,23095.96,0.017404,46944.51,0.011737,69607.24,0.015029,54360.35,0.019933,40988.23,0.017560,46527.17,0.029956,27273.23,0.035999,0.006132,0.006208,0.017560,0.065899,0.011614,4,87714,98539,559233,424,0,0,0,578,0,0,0,395,0,0,0,170,0,0,0,151,0,0,0,7,0,0,0,13718854146611340241,13729422651912241986,13729422651912241986,6186422943213808572,287243204126617122,6186422943213808572,0,0,0,0,0,0,0,0,0,0,0
138,5,689,8,10,0.037277,18483.43,0.015721,43827.11,0.010282,67010.29,0.011993,57452.39,0.016792,41031.21,0.012510,55077.06,0.027779,24803.33,0.037839,0.005590,0.010150,0.012510,0.066088,0.007404,1,81534,87684,744423,316,0,0,0,425,0,0,0,259,0,0,0,150,0,0,0,231,0,0,0,0,0,0,0,15646096810605609398,12103202205912142724,12103202205912142724,2453201740156190716,1738633804851935275,14474873249168114783,0,0,0,0,0,0,0,0,0,0,0
139,5,656,8,10,0.043518,15074.09,0.026492,24762.20,0.015019,43679.14,0.014928,43943.44,0.027289,24038.59,0.026616,24646.84,0.032967,19898.53,0.044092,0.005018,0.004677,0.026616,0.080403,0.007791,5,73644,75884,414947,300,0,0,0,435,0,0,0,204,0,0,0,179,0,0,0,175,0,0,0,3,0,0,0,5202125355222953211,4671344184674441010,4671344184674441010,16107448833471801853,607863315818069001,16107448833471801853,0,0,0,0,0,0,0,0,0,0,0
140,5,593,8,10,0.032255,18384.63,0.014747,40211.01,0.010619,55845.76,0.012809,46294.55,0.017366,34147.69,0.016562,35805.16,0.024576,24129.48,0.032919,0.004667,0.004345,0.016562,0.058493,0.005785,5,71668,73393,673213,256,0,0,0,408,0,0,0,199,0,0,0,115,0,0,0,96,0,0,0,5,0,0,0,16398151073661758876,16398151073661758876,16398151073661758876,9608699810201357306,17205738272070412833,7674316666923239298,0,0,0,0,0,0,0,0,0,0,0
141,5,567,8,10,0.041735,13585.66,0.022428,25280.56,0.015672,36179.75,0.016164,35078.88,0.024602,23047.33,0.016337,34705.86,0.032444,17476.20,0.042534,0.004720,0.009477,0.016337,0.073069,0.005444,1,77767,79412,645121,214,0,0,0,324,0,0,0,160,0,0,0,126,0,0,0,168,0,0,0,5,0,0,0,4523101645415144124,5274369203846733609,5274369203846733609,17058475153588425678,12777136068837302400,17058475153588425678,0,0,0,0,0,0,0,0,0,0,0
142,5,575,8,10,0.030874,18624.09,0.015318,37536.58,0.011052,52026.34,0.013944,41235.78,0.018297,31426.67,0.013528,42505.75,0.021051,27314.74,0.031569,0.004655,0.007083,0.013528,0.056835,0.005655,2,69352,70332,387766,263,0,0,0,425,0,0,0,287,0,0,0,181,0,0,0,184,0,0,0,2,0,0,0,8027733070150615717,7660461529325235125,7660461529325235125,5772477838893383434,9816917420645978238,18238718412541415949,0,0,0,0,0,0,0,0,0,0,0
143,5,624,8,10,0.026932,23169.66,0.012434,50184.22,0.011229,55570.63,0.012268,50864.16,0.014089,44289.27,0.013467,46335.21,0.018466,33791.46,0.027767,0.004406,0.007184,0.013467,0.052825,0.006016,2,69859,72174,618111,248,0,0,0,367,0,0,0,196,0,0,0,125,0,0,0,185,0,0,0,3,0,0,0,10315992043778225962,2070279703714373650,2070279703714373650,13017804405912472332,6310038761598999474,13017804405912472332,0,0,0,0,0,0,0,0,0,0,0
144,5,620,8,10,0.026630,23282.29,0.011449,54152.99,0.008993,68946.00,0.011362,54565.86,0.014095,43985.74,0.011383,54469.28,0.019380,31991.43,0.026959,0.004880,0.007779,0.011383,0.051000,0.006173,2,71772,74697,528648,190,0,0,0,323,0,0,0,183,0,0,0,95,0,0,0,108,0,0,0,0,0,0,0,7052638052884879469,16527343343503038149,16527343343503038149,10375433406028660526,8008670047732206223,10375433406028660526,0,0,0,0,0,0,0,0,0,0,0
145,5,609,8,10,0.038574,15787.66,0.021855,27864.88,0.016400,37134.97,0.016044,37957.94,0.023914,25466.59,0.027823,21888.35,0.027952,21787.29,0.039271,0.005340,0.007579,0.027823,0.080013,0.006342,2,77641,79481,397207,309,0,0,0,503,0,0,0,269,0,0,0,173,0,0,0,244,0,0,0,3,0,0,0,122294922978180111,10639175402145624365,10639175402145624365,4746837685977498619,16855882371313485420,4746837685977498619,0,0,0,0,0,0,0,0,0,0,0
146,5,616,8,10,0.025553,24106.54,0.010794,57068.65,0.009707,63456.67,0.011291,54558.14,0.013079,47098.14,0.011303,54497.93,0.017370,35463.25,0.026185,0.004403,0.009152,0.011303,0.051043,0.005968,1,71111,72366,486457,211,0,0,0,356,0,0,0,262,0,0,0,105,0,0,0,204,0,0,0,2,0,0,0,16288480800045836,16288480800045836,16288480800045836,11039651955961664204,4712981456781188593,11039651955961664204,0,0,0,0,0,0,0,0,0,0,0
147,5,610,8,10,0.033864,18013.14,0.013762,44324.88,0.011734,51984.26,0.016192,37672.83,0.017124,35623.28,0.016331,37352.40,0.023666,25775.66,0.034308,0.005184,0.006478,0.016331,0.062301,0.006332,3,78568,80678,674339,277,0,0,0,460,0,0,0,270,0,0,0,155,0,0,0,166,0,0,0,2,0,0,0,7464038333534571700,13205249041438852696,13205249041438852696,17037911735791777735,17055477831753122175,10293352182243553352,0,0,0,0,0,0,0,0,0,0,0
148,5,741,8,10,0.029441,25168.88,0.014139,52408.42,0.011684,63418.21,0.012550,59041.66,0.015025,49317.45,0.011874,62407.85,0.030666,24163.27,0.030058,0.005795,0.010302,0.011874,0.058028,0.009019,1,92078,125653,676370,837,0,0,0,927,0,0,0,236,0,0,0,141,0,0,0,228,0,0,0,7,0,0,0,14056201405152838443,11336235856167966816,11336235856167966816,3351622406774668127,537109043516554014,5714525303709096826,0,0,0,0,0,0,0,0,0,0,0
149,5,652,8,10,0.026833,24298.02,0.009947,65549.40,0.007445,87577.18,0.010252,63596.70,0.012012,54279.03,0.010666,61130.63,0.020385,31983.57,0.027412,0.005343,0.009372,0.010666,0.052792,0.006839,2,87479,94264,433205,313,0,0,0,347,0,0,0,142,0,0,0,78,0,0,0,138,0,0,0,19,0,0,0,15925483340257987788,14617608366476618719,14617608366476618719,2482296280704048808,10568933150250014898,2482296280704048808,0,0,0,0,0,0,0,0,0,0,0
150,5,1170,8,10,0.048844,23953.62,0.028124,41602.10,0.022632,51696.90,0.029386,39815.09,0.031218,37478.27,0.030579,38261.71,0.051901,22542.85,0.050002,0.007749,0.009224,0.030579,0.097555,0.020621,3,126969,201644,797314,1079,0,0,0,1054,0,0,0,216,0,0,0,171,0,0,0,225,0,0,0,15,0,0,0,7289736442827269693,7289736442827269693,7289736442827269693,15288962264367042717,16380541478572558371,4322647968325112357,0,0,0,0,0,0,0,0,0,0,0
151,5,693,8,10,0.028662,24178.44,0.013044,53128.34,0.009358,74050.53,0.012877,53817.10,0.016953,40877.75,0.011860,58433.30,0.020551,33720.32,0.029234,0.005213,0.009102,0.011860,0.055408,0.007909,2,77107,83387,503153,358,0,0,0,400,0,0,0,180,0,0,0,133,0,0,0,241,0,0,0,33,0,0,0,15485823861853711220,10708820785069381636,10708820785069381636,2734836596845568852,12085449230135863397,16262015565895723145,0,0,0,0,0,0,0,0,0,0,0
152,5,573,8,10,0.024600,23292.81,0.011496,49842.01,0.009329,61420.00,0.011644,49209.73,0.012694,45140.08,0.012067,47486.84,0.018393,31152.57,0.025032,0.004160,0.004558,0.012067,0.045816,0.005013,4,63604,65479,433450,202,0,0,0,358,0,0,0,200,0,0,0,142,0,0,0,131,0,0,0,3,0,0,0,4382530936343749762,6400463427765641034,6400463427765641034,2464657403860268689,3251277835838115486,10332692273433452679,0,0,0,0,0,0,0,0,0,0,0
153,5,642,8,10,0.026606,24129.49,0.010932,58726.88,0.009251,69396.54,0.012218,52546.83,0.013576,47287.67,0.012619,50873.87,0.017311,37087.05,0.027143,0.005140,0.008766,0.012619,0.053669,0.006356,2,79930,81215,403436,197,0,0,0,304,0,0,0,285,0,0,0,154,0,0,0,216,0,0,0,2,0,0,0,11145384609594530785,11145384609594530785,11145384609594530785,16834086912379609033,15726043776747473750,566007937729052972,0,0,0,0,0,0,0,0,0,0,0
154,5,514,8,10,0.024678,20828.15,0.011121,46217.92,0.009943,51693.93,0.011484,44757.46,0.012883,39897.39,0.011358,45253.89,0.017756,28948.08,0.025224,0.004537,0.009083,0.011358,0.050201,0.005088,1,73429,74754,451422,187,0,0,0,302,0,0,0,191,0,0,0,85,0,0,0,130,0,0,0,3,0,0,0,17166610828505286731,16457687762358415489,16457687762358415489,434187798643599249,12091857635576747082,434187798643599249,0,0,0,0,0,0,0,0,0,0,0
155,5,701,8,10,0.030214,23201.02,0.013413,52264.66,0.009024,77685.10,0.011517,60868.76,0.013846,50629.20,0.012348,56771.64,0.018527,37837.67,0.030554,0.005136,0.006031,0.012348,0.054068,0.008128,4,74306,76161,701260,227,0,0,0,279,0,0,0,205,0,0,0,159,0,0,0,176,0,0,0,6,0,0,0,6396549574553481127,2146293855109881530,2146293855109881530,11167907055879107131,12331079684066803781,11167907055879107131,0,0,0,0,0,0,0,0,0,0,0
156,5,672,8,10,0.036325,18499.44,0.019834,33881.88,0.015087,44542.80,0.014820,45344.13,0.021769,30869.14,0.013014,51635.46,0.029552,22739.85,0.036992,0.005574,0.010384,0.013014,0.065964,0.007052,1,86924,89204,327563,199,0,0,0,341,0,0,0,229,0,0,0,112,0,0,0,164,0,0,0,0,0,0,0,14050494770246775633,17948455453673584006,17948455453673584006,6060426859814697156,5647347382938808641,11131384479638974157,0,0,0,0,0,0,0,0,0,0,0
157,5,722,8,10,0.035356,20420.79,0.016938,42626.05,0.012172,59317.94,0.013042,55361.08,0.017178,42030.87,0.011839,60985.49,0.025855,27924.90,0.035766,0.005432,0.009904,0.011839,0.062940,0.007562,1,76808,80453,822757,257,0,0,0,266,0,0,0,215,0,0,0,123,0,0,0,236,0,0,0,0,0,0,0,6903781753393778126,6903781753393778126,6903781753393778126,8696533475865201582,9803872524205689020,8696533475865201582,0,0,0,0,0,0,0,0,0,0,0
158,5,600,8,10,0.031651,18956.89,0.017860,33594.33,0.012334,48646.24,0.012114,49530.57,0.020340,29499.01,0.015720,38169.09,0.024574,24415.64,0.032306,0.004146,0.005117,0.015720,0.057289,0.005483,3,62779,64849,420567,224,0,0,0,302,0,0,0,253,0,0,0,146,0,0,0,166,0,0,0,3,0,0,0,6129046281570271204,5033132996467334487,5033132996467334487,9281304212668364856,3249632005171084726,9281304212668364856,0,0,0,0,0,0,0,0,0,0,0
159,5,603,8,10,0.032704,18438.15,0.016551,36432.85,0.009467,63693.37,0.010950,55066.08,0.016991,35488.52,0.010038,60073.01,0.023335,25841.38,0.033357,0.005697,0.010384,0.010038,0.059477,0.006029,1,89072,90067,326713,241,0,0,0,332,0,0,0,226,0,0,0,168,0,0,0,191,0,0,0,1,0,0,0,12138264884570606253,2616172391294314747,2616172391294314747,205735385644876861,6079730494521585236,14930241221854624412,0,0,0,0,0,0,0,0,0,0,0
160,5,618,8,10,0.029250,21128.00,0.011850,52152.23,0.010307,59961.22,0.014417,42866.98,0.015959,38725.28,0.014416,42867.83,0.022096,27969.42,0.029863,0.005279,0.008315,0.014416,0.057874,0.006075,2,78178,79928,550689,242,0,0,0,388,0,0,0,265,0,0,0,132,0,0,0,190,0,0,0,10,0,0,0,272678395578024712,3721651960337517601,3721651960337517601,10262892578501830870,3026177678943349604,17658149069579508494,0,0,0,0,0,0,0,0,0,0,0
161,5,577,8,10,0.022875,25224.21,0.009086,63501.08,0.007157,80618.90,0.009914,58203.15,0.011843,48720.59,0.010388,55542.85,0.014554,39644.54,0.023203,0.004321,0.005283,0.010388,0.043195,0.005319,3,64442,65072,431080,132,0,0,0,205,0,0,0,170,0,0,0,91,0,0,0,117,0,0,0,0,0,0,0,18213821092361058812,14839123709844503881,14839123709844503881,15964480683939750760,9675918960639562995,1905920087116260239,0,0,0,0,0,0,0,0,0,0,0
162,5,643,8,10,0.028136,22853.55,0.011932,53889.90,0.009166,70151.28,0.011705,54932.04,0.012628,50916.92,0.012734,50496.28,0.017401,36952.22,0.028612,0.004995,0.005320,0.012734,0.051660,0.006638,4,74058,75538,528501,206,0,0,0,269,0,0,0,185,0,0,0,124,0,0,0,134,0,0,0,3,0,0,0,8128111116237113964,15014144050298937368,15014144050298937368,6741439523875435299,17697403863232224509,13586752931310201309,0,0,0,0,0,0,0,0,0,0,0
163,5,755,8,10,0.031894,23672.13,0.013562,55672.17,0.010090,74825.98,0.012904,58508.82,0.015115,49948.80,0.013191,57235.40,0.022621,33376.70,0.032759,0.006627,0.011585,0.013191,0.064162,0.009563,2,106261,110271,309235,308,0,0,0,357,0,0,0,276,0,0,0,185,0,0,0,313,0,0,0,5,0,0,0,17232646245934060131,16877571044872116993,16877571044872116993,3527967400614851846,5510733064894658652,3527967400614851846,0,0,0,0,0,0,0,0,0,0,0
164,5,648,8,10,0.027930,23200.86,0.012092,53590.98,0.011000,58906.48,0.013244,48927.26,0.014758,43908.91,0.014010,46253.00,0.020190,32095.44,0.028634,0.005273,0.006772,0.014010,0.054690,0.006715,4,78438,80808,434661,226,0,0,0,362,0,0,0,227,0,0,0,161,0,0,0,146,0,0,0,2,0,0,0,11378359053786659420,11406056424810559726,11406056424810559726,11786890445340940706,4181553929345375439,11786890445340940706,0,0,0,0,0,0,0,0,0,0,0
165,5,733,8,10,0.038958,18814.91,0.016818,43583.41,0.013306,55088.81,0.018665,39271.97,0.019880,36871.75,0.016947,43252.86,0.027056,27091.49,0.039721,0.006811,0.012571,0.016947,0.076050,0.009332,1,106850,109295,594135,346,0,0,0,499,0,0,0,352,0,0,0,182,0,0,0,343,0,0,0,9,0,0,0,11875764186354136737,9883092124502460267,9883092124502460267,8912494681192389236,13407110586481123487,8912494681192389236,0,0,0,0,0,0,0,0,0,0,0
166,5,622,8,10,0.025560,24334.62,0.011374,54685.79,0.009530,65269.66,0.011660,53344.83,0.012609,49329.25,0.013503,46064.65,0.016658,37338.31,0.026095,0.005034,0.004495,0.013503,0.049126,0.006403,5,74056,75281,413353,213,0,0,0,372,0,0,0,255,0,0,0,184,0,0,0,159,0,0,0,7,0,0,0,6544404856715008309,7502952272907827851,7502952272907827851,1356298895855548584,2235340020692461206,17753562671844590679,0,0,0,0,0,0,0,0,0,0,0
167,5,637,8,10,0.031004,20545.55,0.013677,46574.38,0.012976,49089.30,0.011972,53206.55,0.016342,38980.22,0.012612,50508.38,0.018557,34326.38,0.031663,0.005510,0.008782,0.012612,0.058567,0.006890,2,89399,90539,351800,218,0,0,0,401,0,0,0,272,0,0,0,203,0,0,0,266,0,0,0,3,0,0,0,17865817432828263781,18046323967012397353,18046323967012397353,6136955761926437302,11502666957542160064,6136955761926437302,0,0,0,0,0,0,0,0,0,0,0
168,5,614,8,10,0.039414,15578.31,0.021896,28041.91,0.019285,31837.66,0.023430,26205.98,0.025647,23940.67,0.021694,28302.42,0.028912,21236.66,0.039837,0.005197,0.009661,0.021694,0.076389,0.006606,1,82126,83451,566861,346,0,0,0,546,0,0,0,407,0,0,0,246,0,0,0,306,0,0,0,3,0,0,0,7906872669765397995,4693220723542696605,4693220723542696605,7826572047972970530,15576681489696481628,7826572047972970530,0,0,0,0,0,0,0,0,0,0,0
169,5,622,8,10,0.026830,23182.77,0.011198,55547.34,0.009419,66034.13,0.011417,54480.66,0.013101,47475.98,0.010902,57051.52,0.016800,37023.67,0.027260,0.005226,0.009610,0.010902,0.052998,0.006812,1,82465,84850,421311,261,0,0,0,430,0,0,0,408,0,0,0,202,0,0,0,262,0,0,0,2,0,0,0,6360449929535325015,14715373055290093837,14715373055290093837,7576635995151780619,1627955785939111258,4745091316294561713,0,0,0,0,0,0,0,0,0,0,0
170,5,672,8,10,0.032261,20830.37,0.014112,47618.56,0.012743,52733.29,0.014103,47648.21,0.017453,38502.71,0.014985,44844.97,0.019697,34116.35,0.032696,0.005751,0.010646,0.014985,0.064079,0.007765,1,90322,92902,394469,284,0,0,0,457,0,0,0,357,0,0,0,184,0,0,0,254,0,0,0,5,0,0,0,14677299463688455989,14677299463688455989,14677299463688455989,2393489356638967166,1870641966824378742,4376653942806812252,0,0,0,0,0,0,0,0,0,0,0
171,5,664,8,10,0.033566,19781.84,0.014356,46253.61,0.013263,50063.88,0.015181,43737.65,0.015641,42452.77,0.014185,46810.14,0.019710,33688.39,0.034317,0.006088,0.011333,0.014185,0.065923,0.007589,1,94661,96071,387835,261,0,0,0,527,0,0,0,455,0,0,0,202,0,0,0,251,0,0,0,3,0,0,0,10442115076375597841,11483988483348865291,11483988483348865291,18056999784924855873,7827424979653820160,11423940994405473713,0,0,0,0,0,0,0,0,0,0,0
172,5,704,8,10,0.029260,24060.37,0.011768,59822.56,0.010327,68172.44,0.012360,56959.44,0.015157,46447.43,0.014037,50153.95,0.020616,34148.17,0.029711,0.005300,0.005806,0.014037,0.054854,0.007550,4,80073,81893,439725,241,0,0,0,423,0,0,0,257,0,0,0,180,0,0,0,151,0,0,0,5,0,0,0,14346102414020567794,11986498898403013132,11986498898403013132,15961410900176973312,6376732945927961668,15961410900176973312,0,0,0,0,0,0,0,0,0,0,0
173,5,767,8,10,0.033936,22601.10,0.014216,53954.61,0.013147,58341.08,0.016878,45443.74,0.018796,40806.39,0.014930,51372.27,0.022366,34293.48,0.034606,0.006410,0.012080,0.014930,0.068025,0.009537,1,99370,102175,478630,280,0,0,0,446,0,0,0,374,0,0,0,189,0,0,0,215,0,0,0,1,0,0,0,3234350885795978113,1016123771998392518,1016123771998392518,17868913839297598388,18253136239978512040,18170059768464658167,0,0,0,0,0,0,0,0,0,0,0
174,5,666,8,10,0.036733,18131.03,0.015038,44287.53,0.013126,50738.30,0.015652,42549.42,0.016873,39470.99,0.014081,47297.68,0.023575,28250.65,0.037204,0.006776,0.012387,0.014081,0.070448,0.007684,1,106073,107803,426366,281,0,0,0,505,0,0,0,281,0,0,0,217,0,0,0,216,0,0,0,3,0,0,0,6986993532163147980,16567199174813685198,16567199174813685198,16408221336337670732,12050861716260418809,16408221336337670732,0,0,0,0,0,0,0,0,0,0,0
175,5,661,8,10,0.037861,17458.54,0.017294,38222.14,0.010821,61083.55,0.015174,43562.50,0.019181,34460.98,0.018780,35196.47,0.027131,24363.58,0.038362,0.006642,0.012368,0.018780,0.076153,0.007562,1,109844,111114,425804,209,0,0,0,320,0,0,0,204,0,0,0,131,0,0,0,306,0,0,0,2,0,0,0,4297438543951123022,17917981498100900917,17917981498100900917,5711666440765549228,9959789068576053827,5071847388886458819,0,0,0,0,0,0,0,0,0,0,0
176,5,683,8,10,0.045570,14987.77,0.026277,25992.01,0.023039,29645.66,0.024398,27994.38,0.024408,27982.46,0.018522,36874.89,0.030755,22207.76,0.046423,0.006872,0.012409,0.018522,0.084225,0.009286,1,112163,116773,483749,727,0,0,0,968,0,0,0,440,0,0,0,220,0,0,0,327,0,0,0,12,0,0,0,8004656960093213304,1248087293843592433,1248087293843592433,13983305855790603226,15241321851647854260,13880404128880335646,0,0,0,0,0,0,0,0,0,0,0
177,5,694,8,10,0.035305,19657.19,0.018804,36906.39,0.017744,39112.15,0.019071,36390.37,0.019807,35037.32,0.017343,40015.57,0.023856,29091.31,0.036186,0.006441,0.011949,0.017343,0.071919,0.008198,1,103570,105995,437340,456,0,0,0,693,0,0,0,296,0,0,0,242,0,0,0,282,0,0,0,8,0,0,0,7602591119053869004,796387115949325041,796387115949325041,7739104213468632564,5849867452538892671,5976231994950819135,0,0,0,0,0,0,0,0,0,0,0
178,5,788,8,10,0.037498,21014.55,0.016500,47756.37,0.015432,51062.67,0.020134,39137.42,0.021927,35937.12,0.021579,36517.72,0.025709,30650.69,0.037936,0.006379,0.005935,0.021579,0.071828,0.010727,5,94826,98131,522486,454,0,0,0,653,0,0,0,359,0,0,0,249,0,0,0,237,0,0,0,4,0,0,0,10400694113475487419,9539861808952238019,9539861808952238019,12883903394109245144,3873924068657363907,12883903394109245144,0,0,0,0,0,0,0,0,0,0,0
179,5,648,8,10,0.040072,16170.82,0.020330,31874.26,0.014279,45382.67,0.016305,39743.02,0.023586,27473.91,0.018475,35074.28,0.029149,22230.67,0.040765,0.005995,0.005918,0.018475,0.071154,0.007482,4,89901,91831,376045,323,0,0,0,535,0,0,0,312,0,0,0,201,0,0,0,189,0,0,0,4,0,0,0,11277624895739113592,11277624895739113592,11277624895739113592,9900714236440943860,18374427943480472164,9900714236440943860,0,0,0,0,0,0,0,0,0,0,0
180,5,1039,8,10,0.034404,30199.73,0.015660,66348.69,0.012692,81860.62,0.014845,69991.38,0.016547,62789.30,0.014405,72125.80,0.036296,28625.50,0.035216,0.007766,0.014132,0.014405,0.071519,0.017404,1,126519,206234,530841,794,0,0,0,844,0,0,0,209,0,0,0,155,0,0,0,220,0,0,0,2,0,0,0,8209767272649419604,8209767272649419604,8209767272649419604,12449644160900440636,15498250992454775973,8340080589587428289,0,0,0,0,0,0,0,0,0,0,0
181,5,713,8,10,0.030427,23433.40,0.013601,52422.76,0.012111,58873.68,0.014452,49334.91,0.016035,44465.61,0.015897,44852.38,0.019800,36009.37,0.031030,0.005354,0.005955,0.015897,0.058235,0.008323,4,83536,85136,515339,277,0,0,0,397,0,0,0,280,0,0,0,167,0,0,0,171,0,0,0,5,0,0,0,10317186813447864553,15616842014350417897,15616842014350417897,1260040073276677073,7828947232642099010,2518903080218763291,0,0,0,0,0,0,0,0,0,0,0
182,5,700,8,10,0.034362,20371.13,0.015774,44375.74,0.014945,46839.18,0.017083,40975.36,0.018834,37167.37,0.017693,39563.29,0.022510,31097.33,0.035059,0.006513,0.007630,0.017693,0.066895,0.008095,4,92352,94947,397347,281,0,0,0,512,0,0,0,233,0,0,0,146,0,0,0,124,0,0,0,5,0,0,0,10257464685773895116,10792739185010026195,10792739185010026195,17871658884739625807,7108636727558699691,4351224277321794090,0,0,0,0,0,0,0,0,0,0,0
183,5,627,8,10,0.025991,24123.66,0.012747,49189.60,0.011211,55928.82,0.012294,51000.84,0.013595,46119.93,0.011752,53352.15,0.014924,42012.30,0.026260,0.004992,0.009657,0.011752,0.052661,0.006454,1,75456,76221,409161,222,0,0,0,401,0,0,0,297,0,0,0,150,0,0,0,182,0,0,0,1,0,0,0,10335313732008838027,18433502299131580534,18433502299131580534,9075491938069441544,14529781491593602246,8010564875758243586,0,0,0,0,0,0,0,0,0,0,0
184,5,714,8,10,0.031032,23008.32,0.012860,55521.31,0.011190,63804.93,0.013755,51908.65,0.015516,46017.98,0.015324,46594.86,0.017501,40797.71,0.031494,0.005717,0.005142,0.015324,0.057677,0.008493,5,83084,84379,500315,259,0,0,0,388,0,0,0,221,0,0,0,217,0,0,0,206,0,0,0,5,0,0,0,16766811034227008605,4191710488766510121,4191710488766510121,17941279560151644358,16156423935636072779,11553766652542619039,0,0,0,0,0,0,0,0,0,0,0
185,5,732,8,10,0.042724,17133.21,0.023145,31627.01,0.016254,45035.80,0.023644,30959.53,0.026414,27712.46,0.025450,28761.82,0.033113,22106.14,0.043711,0.006252,0.006350,0.025450,0.081764,0.008093,4,91264,95199,626235,391,0,0,0,622,0,0,0,230,0,0,0,160,0,0,0,168,0,0,0,12,0,0,0,18256016149485747240,2705112931848014112,2705112931848014112,12101212911022631721,1573217148030581326,6742506702861077839,0,0,0,0,0,0,0,0,0,0,0
186,5,720,8,10,0.030642,23497.08,0.014626,49227.59,0.012874,55927.88,0.016083,44768.25,0.017459,41238.40,0.015733,45762.99,0.019308,37290.97,0.031010,0.005578,0.007734,0.015733,0.060055,0.008266,3,87677,89282,412607,238,0,0,0,505,0,0,0,260,0,0,0,138,0,0,0,152,0,0,0,2,0,0,0,12275221929028693390,3498900384577806380,3498900384577806380,13655408296494685938,10513100376072277725,14619811522532916206,0,0,0,0,0,0,0,0,0,0,0
187,5,650,8,10,0.028846,22533.16,0.012352,52622.91,0.010376,62646.19,0.012819,50704.35,0.013744,47292.71,0.012768,50906.55,0.016851,38573.71,0.029430,0.005549,0.010367,0.012768,0.058114,0.007107,1,81630,82900,395854,221,0,0,0,318,0,0,0,234,0,0,0,176,0,0,0,277,0,0,0,4,0,0,0,13671874284593896302,12154241762845288769,12154241762845288769,17480202608595371704,10708800839626527038,15464079557162612469,0,0,0,0,0,0,0,0,0,0,0
188,5,707,8,10,0.032582,21699.10,0.012558,56298.84,0.011495,61502.86,0.016056,44034.60,0.017696,39951.81,0.016354,43230.68,0.023963,29503.91,0.033355,0.005986,0.010779,0.016354,0.066474,0.008308,1,86690,90870,441466,268,0,0,0,380,0,0,0,311,0,0,0,153,0,0,0,182,0,0,0,0,0,0,0,12407447441346121211,5312808308053447018,5312808308053447018,17721612837973680711,5439651036676418977,17721612837973680711,0,0,0,0,0,0,0,0,0,0,0
189,5,660,8,10,0.034590,19080.63,0.017735,37214.69,0.010963,60200.85,0.015225,43350.04,0.019565,33734.28,0.017399,37933.58,0.024562,26870.43,0.039625,0.003220,0.013094,0.017399,0.073338,0.008423,1,91854,94324,389144,288,0,0,0,381,0,0,0,262,0,0,0,152,0,0,0,257,0,0,0,8,0,0,0,15159857510513527686,7630872365615886559,7630872365615886559,16716896778688474294,10197121799860128228,6905809156523171248,0,0,0,0,0,0,0,0,0,0,0
190,5,741,8,10,0.030975,23922.65,0.012329,60101.65,0.011178,66293.19,0.012736,58180.26,0.014418,51395.71,0.013826,53594.82,0.019513,37975.16,0.031700,0.006021,0.005447,0.013826,0.056995,0.008637,5,84655,89175,447995,373,0,0,0,550,0,0,0,337,0,0,0,239,0,0,0,194,0,0,0,6,0,0,0,15469418501888887468,5471726480260302316,5471726480260302316,2829769478778448192,6777473174467007402,2829769478778448192,0,0,0,0,0,0,0,0,0,0,0
191,5,779,8,10,0.040202,19377.31,0.020313,38350.50,0.017448,44647.50,0.019440,40072.63,0.022940,33958.44,0.021359,36471.94,0.031279,24904.77,0.041195,0.005876,0.008747,0.021359,0.077178,0.009253,4,89673,95608,404570,246,0,0,0,367,0,0,0,215,0,0,0,150,0,0,0,118,0,0,0,5,0,0,0,9079371330368952707,5808676013629366057,5808676013629366057,13951003389465246965,14933005750722851502,8552729739063123199,0,0,0,0,0,0,0,0,0,0,0
192,5,764,8,10,0.040353,18933.06,0.022693,33666.36,0.018316,41711.72,0.016436,46484.64,0.023836,32052.75,0.023247,32864.44,0.031158,24520.16,0.040860,0.005608,0.005989,0.023247,0.075705,0.008483,4,85060,91445,466143,283,0,0,0,450,0,0,0,276,0,0,0,142,0,0,0,141,0,0,0,4,0,0,0,7077447976094481412,12086827415868129234,12086827415868129234,18309458635413514853,14552338175916605419,18309458635413514853,0,0,0,0,0,0,0,0,0,0,0
193,5,580,8,10,0.029243,19834.02,0.013091,44304.87,0.010053,57695.39,0.013024,44532.45,0.016450,35259.10,0.013983,41478.10,0.020407,28421.86,0.029556,0.004706,0.005471,0.013983,0.053715,0.006126,4,72464,74364,562254,274,0,0,0,329,0,0,0,225,0,0,0,164,0,0,0,153,0,0,0,6,0,0,0,3817054825691342338,14063103405434721921,14063103405434721921,13974539548279026807,4959453120615506177,11276475426337481993,0,0,0,0,0,0,0,0,0,0,0
194,5,704,8,10,0.029370,23969.86,0.013898,50653.06,0.011904,59138.36,0.013713,51338.75,0.015484,45465.58,0.013456,52317.68,0.019223,36622.05,0.029862,0.005501,0.010731,0.013456,0.059550,0.009169,1,85074,87699,434918,261,0,0,0,441,0,0,0,304,0,0,0,147,0,0,0,217,0,0,0,3,0,0,0,2390686579605933307,15867039477041251177,15867039477041251177,16070819644513365006,16827484342742172498,14233413459921787035,0,0,0,0,0,0,0,0,0,0,0
195,5,702,8,10,0.038117,18416.83,0.020105,34916.17,0.011662,60196.98,0.014356,48901.11,0.021947,31986.77,0.013152,53374.20,0.027347,25670.25,0.039149,0.006711,0.012788,0.013152,0.071801,0.008202,1,99581,101066,518964,216,0,0,0,225,0,0,0,296,0,0,0,190,0,0,0,244,0,0,0,5,0,0,0,10294617177432595916,317786053816893882,317786053816893882,4990279243355016564,8074988594784515968,6121170406566392974,0,0,0,0,0,0,0,0,0,0,0
196,5,677,8,10,0.025755,26286.43,0.011713,57799.20,0.011278,60025.89,0.012723,53210.99,0.014170,47778.51,0.013091,51713.87,0.016985,39858.15,0.026446,0.005000,0.005692,0.013091,0.050230,0.007584,4,80962,83082,384054,243,0,0,0,401,0,0,0,288,0,0,0,147,0,0,0,123,0,0,0,1,0,0,0,1913189063454431821,14333704290958170244,14333704290958170244,7262207408897679911,16531781425804130608,2864821926278277404,0,0,0,0,0,0,0,0,0,0,0
197,5,589,8,10,0.035941,16388.05,0.018079,32578.72,0.011848,49714.91,0.013257,44429.33,0.019572,30094.11,0.021492,27406.17,0.025030,23532.20,0.036483,0.004847,0.006524,0.021492,0.069346,0.007698,4,75902,77702,487118,230,0,0,0,362,0,0,0,233,0,0,0,161,0,0,0,146,0,0,0,3,0,0,0,3587922746109247274,4339766422615700909,4339766422615700909,439437429302384109,11149029408155025647,439437429302384109,0,0,0,0,0,0,0,0,0,0,0
198,5,589,8,10,0.028822,20435.84,0.012132,48548.09,0.009823,59960.53,0.011486,51278.83,0.013637,43190.43,0.011652,50547.39,0.018092,32555.31,0.029186,0.005132,0.009586,0.011652,0.055556,0.005679,1,81321,83136,507951,191,0,0,0,343,0,0,0,189,0,0,0,117,0,0,0,164,0,0,0,3,0,0,0,13806615643902520821,13806615643902520821,13806615643902520821,7565257593189190721,11425938938107143238,13943373316409785941,0,0,0,0,0,0,0,0,0,0,0
199,5,697,8,10,0.028174,24739.35,0.013312,52359.77,0.012055,57819.74,0.013221,52717.46,0.015231,45762.88,0.015476,45037.72,0.018204,38288.35,0.028527,0.005625,0.005191,0.015476,0.054819,0.007522,5,83594,86859,425435,220,0,0,0,384,0,0,0,294,0,0,0,149,0,0,0,139,0,0,0,1,0,0,0,7395066969018871907,12421782075203653173,12421782075203653173,9554410022590590414,1119545684078391403,14316275610508299413,0,0,0,0,0,0,0,0,0,0,0
200,5,764,8,10,0.029454,25939.19,0.013162,58047.27,0.011695,65329.19,0.012703,60145.30,0.014458,52842.91,0.013760,55524.30,0.020556,37166.40,0.030026,0.005986,0.005596,0.013760,0.055368,0.009200,5,93232,97102,504672,253,0,0,0,376,0,0,0,232,0,0,0,128,0,0,0,107,0,0,0,3,0,0,0,4559721844119920751,4559721844119920751,4559721844119920751,8495601598005951926,15982872011320676881,8225515465699783502,0,0,0,0,0,0,0,0,0,0,0
201,5,492,8,10,0.021318,23079.16,0.008430,58362.94,0.007482,65757.42,0.010295,47791.53,0.010779,45643.61,0.010060,48906.03,0.014488,33958.78,0.021629,0.003392,0.005351,0.010060,0.040431,0.003979,2,53468,54173,502089,111,0,0,0,181,0,0,0,225,0,0,0,66,0,0,0,74,0,0,0,1,0,0,0,6217041949543654776,574210113818300114,574210113818300114,11229424048089968315,8311992964678882460,10746333211024846295,0,0,0,0,0,0,0,0,0,0,0
202,5,728,8,10,0.031209,23326.65,0.013951,52183.66,0.011478,63424.09,0.013638,53380.66,0.016119,45162.78,0.013890,52413.43,0.022256,32710.21,0.031570,0.005059,0.010242,0.013890,0.060760,0.008282,1,78494,81664,753591,243,0,0,0,381,0,0,0,192,0,0,0,104,0,0,0,199,0,0,0,3,0,0,0,35857548594779111,5761014129485898045,5761014129485898045,6909662046769663575,5018921560334790703,6909662046769663575,0,0,0,0,0,0,0,0,0,0,0
203,5,561,8,10,0.037991,14766.69,0.022827,24576.51,0.018337,30593.86,0.023570,23801.80,0.025416,22073.04,0.023411,23963.08,0.028764,19503.40,0.038572,0.004105,0.008394,0.023411,0.074482,0.004871,1,63421,64241,723128,195,0,0,0,327,0,0,0,191,0,0,0,86,0,0,0,186,0,0,0,1,0,0,0,8299883324311441574,8299883324311441574,8299883324311441574,6369061825174641365,13324806262728431742,6369061825174641365,0,0,0,0,0,0,0,0,0,0,0
204,5,671,8,10,0.032211,20831.39,0.012177,55104.75,0.009853,68102.19,0.013083,51287.46,0.015542,43174.01,0.014473,46363.48,0.021597,31069.53,0.032628,0.005845,0.011188,0.014473,0.064134,0.010850,1,95663,98213,511590,370,0,0,0,313,0,0,0,254,0,0,0,126,0,0,0,175,0,0,0,5,0,0,0,15704457778878303409,15704457778878303409,15704457778878303409,8908616406400234507,8908616406400234507,8908616406400234507,0,0,0,0,0,0,0,0,0,0,0
205,5,626,8,10,0.033753,18546.24,0.016796,37270.13,0.015486,40422.96,0.017295,36194.65,0.018618,33623.26,0.018354,34107.42,0.025598,24454.96,0.034218,0.005743,0.006812,0.018354,0.065127,0.007145,4,94778,97473,452922,399,0,0,0,638,0,0,0,315,0,0,0,164,0,0,0,241,0,0,0,15,0,0,0,5660439383195701356,5660439383195701356,5660439383195701356,16560833760641661626,10627182003729736712,11669671950048728758,0,0,0,0,0,0,0,0,0,0,0
206,5,613,8,10,0.031160,19672.45,0.011705,52371.83,0.010056,60959.77,0.012764,48025.19,0.014351,42713.50,0.014446,42435.18,0.019752,31034.95,0.031789,0.004614,0.004421,0.014446,0.055269,0.005950,5,74204,75554,581705,225,0,0,0,351,0,0,0,237,0,0,0,154,0,0,0,163,0,0,0,2,0,0,0,5366527713171996660,5366527713171996660,5366527713171996660,14635695400236584723,10775636487899951881,2922642303651312912,0,0,0,0,0,0,0,0,0,0,0
207,5,675,8,10,0.036727,18378.65,0.020487,32947.89,0.013589,49673.41,0.015411,43799.89,0.021381,31570.49,0.021282,31717.11,0.026653,25325.51,0.037299,0.004929,0.004606,0.021282,0.068116,0.006876,5,76443,78498,513205,309,0,0,0,546,0,0,0,345,0,0,0,227,0,0,0,188,0,0,0,6,0,0,0,5138633012803095392,5138633012803095392,5138633012803095392,5155063890449185425,16253836492434519725,17234979777050976473,0,0,0,0,0,0,0,0,0,0,0
208,5,661,8,10,0.027812,23766.37,0.012312,53687.14,0.011309,58449.85,0.013180,50151.52,0.014542,45453.80,0.014596,45285.74,0.021074,31365.84,0.028373,0.005056,0.004797,0.014596,0.052822,0.006835,5,79052,85857,395361,383,0,0,0,470,0,0,0,266,0,0,0,120,0,0,0,125,0,0,0,4,0,0,0,7095224776990596306,7095224776990596306,7095224776990596306,17041518337032134423,14799307395209224421,12536698989450746513,0,0,0,0,0,0,0,0,0,0,0
209,5,952,8,10,0.025231,37731.34,0.010517,90524.27,0.008487,112165.56,0.009604,99127.64,0.011633,81834.83,0.010710,88891.40,0.025997,36619.20,0.026211,0.006093,0.006228,0.010710,0.049240,0.013316,4,89122,135932,463736,445,0,0,0,416,0,0,0,124,0,0,0,111,0,0,0,95,0,0,0,4,0,0,0,4209472002225596241,2657463694846227918,2657463694846227918,5005018082761858113,17472205579793315598,5005018082761858113,0,0,0,0,0,0,0,0,0,0,0
210,5,865,8,10,0.027009,32026.93,0.012689,68168.21,0.012295,70354.47,0.013779,62777.13,0.015028,57558.25,0.012685,68190.88,0.025019,34573.92,0.027791,0.006147,0.011070,0.012685,0.057694,0.012020,1,95642,129062,423468,740,0,0,0,901,0,0,0,222,0,0,0,160,0,0,0,219,0,0,0,4,0,0,0,12272765725648519810,8294841560758756556,8294841560758756556,10239672066283175099,6525637480184519136,10239672066283175099,0,0,0,0,0,0,0,0,0,0,0
211,5,870,8,10,0.030502,28522.34,0.013152,66148.37,0.011183,77794.24,0.011572,75180.59,0.015590,55806.49,0.012229,71144.06,0.022040,39474.17,0.030989,0.006036,0.011751,0.012229,0.061004,0.010332,1,91414,98699,531734,289,0,0,0,471,0,0,0,221,0,0,0,162,0,0,0,325,0,0,0,2,0,0,0,1222063996401592293,15552320382314458161,15552320382314458161,6483962413195496286,15497197273117073755,10270957270965264559,0,0,0,0,0,0,0,0,0,0,0
212,5,631,8,10,0.030742,20525.68,0.016937,37254.73,0.012102,52142.12,0.011953,52791.00,0.017916,35219.55,0.015839,39838.12,0.021200,29764.66,0.031154,0.004611,0.006132,0.015839,0.057736,0.006145,3,70379,71799,527957,244,0,0,0,367,0,0,0,217,0,0,0,148,0,0,0,172,0,0,0,2,0,0,0,11375376129998262344,7345946342736572070,7345946342736572070,17392063545135203425,7458956139911284097,340855226431598760,0,0,0,0,0,0,0,0,0,0,0
213,5,720,8,10,0.043540,16536.62,0.025844,27858.94,0.018798,38302.29,0.018798,38301.10,0.025046,28747.00,0.022200,32431.92,0.035174,20469.82,0.044285,0.006176,0.008014,0.022200,0.080675,0.008109,3,91538,95913,487598,331,0,0,0,428,0,0,0,273,0,0,0,153,0,0,0,150,0,0,0,4,0,0,0,7363912371915117963,14535710372767764637,14535710372767764637,8074202393705517508,9763486513782740235,3508286282101050949,0,0,0,0,0,0,0,0,0,0,0
214,5,680,8,10,0.029391,23136.01,0.012037,56492.90,0.011314,60101.73,0.011716,58038.84,0.014376,47302.37,0.014460,47025.15,0.020315,33472.80,0.030185,0.005094,0.004826,0.014460,0.054566,0.007506,5,78595,82305,493271,358,0,0,0,539,0,0,0,234,0,0,0,184,0,0,0,180,0,0,0,5,0,0,0,9459905746002343394,12689010848222182947,12689010848222182947,17020350614600995459,17687512164042904754,14007785586119587450,0,0,0,0,0,0,0,0,0,0,0
215,5,660,8,10,0.036250,18207.08,0.019858,33236.03,0.016465,40085.64,0.015661,42142.18,0.021133,31231.29,0.012507,52772.18,0.028224,23384.17,0.036736,0.005216,0.009928,0.012507,0.064386,0.006614,1,78833,80278,434611,205,0,0,0,276,0,0,0,226,0,0,0,128,0,0,0,153,0,0,0,3,0,0,0,18312470579978026785,3424017697736368325,3424017697736368325,3787679037262852657,8260042827841180800,13500848220235280440,0,0,0,0,0,0,0,0,0,0,0
216,5,824,8,10,0.040762,20215.14,0.022529,36574.45,0.016232,50763.72,0.025724,32032.24,0.027675,29774.22,0.025877,31843.00,0.033990,24242.53,0.041532,0.005834,0.008009,0.025877,0.081253,0.009677,3,86226,91186,486357,283,0,0,0,453,0,0,0,207,0,0,0,109,0,0,0,110,0,0,0,3,0,0,0,9142744662972331647,15336776117326896207,15336776117326896207,9518498792513516390,272820477498319143,9518498792513516390,0,0,0,0,0,0,0,0,0,0,0
217,5,720,8,10,0.033085,21762.31,0.012350,58297.64,0.010692,67337.99,0.016895,42615.59,0.018723,38454.98,0.017252,41734.73,0.023660,30430.59,0.033823,0.005578,0.005057,0.017252,0.061710,0.007723,5,81202,84552,522187,280,0,0,0,439,0,0,0,273,0,0,0,182,0,0,0,164,0,0,0,1,0,0,0,17405767209314255201,17405767209314255201,17405767209314255201,15036708802764961286,13237322966949245882,15036708802764961286,0,0,0,0,0,0,0,0,0,0,0
218,5,660,8,10,0.032582,20256.54,0.016598,39763.26,0.010008,65945.59,0.011089,59516.73,0.018029,36608.25,0.010963,60201.34,0.021573,30594.08,0.032931,0.004840,0.009400,0.010963,0.058134,0.006676,1,73096,74491,451498,206,0,0,0,354,0,0,0,304,0,0,0,139,0,0,0,313,0,0,0,3,0,0,0,5683736026218914145,576001818913089911,576001818913089911,15423572220398265734,591203452861600252,12985146297401792189,0,0,0,0,0,0,0,0,0,0,0
219,5,852,8,10,0.037432,22761.48,0.020379,41807.22,0.014474,58865.02,0.013814,61677.71,0.020958,40653.07,0.021137,40308.06,0.031698,26878.86,0.038451,0.006444,0.005863,0.021137,0.071896,0.011398,5,97677,111707,431523,479,0,0,0,528,0,0,0,232,0,0,0,116,0,0,0,117,0,0,0,1,0,0,0,11571967755240656137,16909929968634435407,16909929968634435407,13880505847780839160,6810213987036230344,17266502618860449145,0,0,0,0,0,0,0,0,0,0,0
220,5,753,8,10,0.032794,22961.51,0.013190,57089.11,0.010922,68941.09,0.014446,52126.48,0.016241,46363.34,0.014746,51065.82,0.022809,33013.76,0.033293,0.005814,0.011002,0.014746,0.064855,0.008094,1,91467,95137,489320,299,0,0,0,438,0,0,0,253,0,0,0,141,0,0,0,114,0,0,0,4,0,0,0,2869287248176910600,3221169472088294687,3221169472088294687,8419020976568648613,3889347693090145769,8419020976568648613,0,0,0,0,0,0,0,0,0,0,0
221,5,688,8,10,0.031416,21899.93,0.013919,49429.41,0.009807,70152.06,0.012170,56530.36,0.014572,47212.85,0.013469,51080.56,0.021836,31507.34,0.031909,0.005784,0.010192,0.013469,0.061354,0.007184,1,84722,87512,600970,238,0,0,0,286,0,0,0,198,0,0,0,105,0,0,0,179,0,0,0,1,0,0,0,9023129925228263181,9023129925228263181,9023129925228263181,4426794752220810126,12671194308597031918,11068649889462343276,0,0,0,0,0,0,0,0,0,0,0
222,5,855,8,10,0.050138,17052.97,0.034108,25067.18,0.025663,33316.65,0.026485,32282.58,0.036282,23565.52,0.034369,24877.31,0.042935,19913.98,0.050569,0.006219,0.005624,0.034369,0.096780,0.009858,5,89094,95129,439891,341,0,0,0,362,0,0,0,201,0,0,0,99,0,0,0,76,0,0,0,2,0,0,0,1300141428115344499,6015058523761987013,6015058523761987013,5961471955488864092,13619449234374245970,14634351025618260259,0,0,0,0,0,0,0,0,0,0,0
223,5,667,8,10,0.035318,18885.29,0.023651,28201.87,0.017940,37180.26,0.025879,25773.72,0.024982,26699.44,0.023257,28679.75,0.025366,26294.68,0.035879,0.005173,0.009711,0.023257,0.074020,0.006859,1,74824,77444,322198,390,0,0,0,550,0,0,0,308,0,0,0,234,0,0,0,386,0,0,0,6,0,0,0,17987862548518983861,9798357512976170224,9798357512976170224,13919022158906471963,9814154224463478546,13919022158906471963,0,0,0,0,0,0,0,0,0,0,0
224,5,758,8,10,0.030393,24940.19,0.015446,49073.32,0.014198,53387.56,0.016063,47189.07,0.017736,42736.98,0.014984,50588.53,0.020605,36788.07,0.031031,0.005860,0.011397,0.014984,0.063272,0.009796,1,87217,89647,475312,411,0,0,0,630,0,0,0,320,0,0,0,249,0,0,0,301,0,0,0,4,0,0,0,4558721309750284594,11732082055160092337,11732082055160092337,4023418451079264101,7114995573900556301,5902024510091810012,0,0,0,0,0,0,0,0,0,0,0
225,5,729,8,10,0.027875,26152.65,0.013767,52954.42,0.011238,64866.99,0.012469,58467.32,0.014839,49127.14,0.011814,61704.44,0.022113,32967.09,0.028473,0.005494,0.010567,0.011814,0.056348,0.009740,1,82436,89956,234417,404,0,0,0,508,0,0,0,349,0,0,0,201,0,0,0,334,0,0,0,3,0,0,0,13216333556605568793,17415950915134987696,17415950915134987696,3776249252244008744,7192570377893648907,8034955984884802358,0,0,0,0,0,0,0,0,0,0,0
226,5,650,8,10,0.034051,19089.13,0.014741,44096.02,0.009091,71503.03,0.012898,50393.60,0.015779,41194.81,0.011664,55728.74,0.022795,28515.05,0.034502,0.006743,0.012631,0.011664,0.065540,0.007279,1,122333,128093,401663,178,0,0,0,227,0,0,0,152,0,0,0,123,0,0,0,160,0,0,0,1,0,0,0,16794185741554011761,18141144606384242160,18141144606384242160,14994192829554996242,4640853994445896692,14994192829554996242,0,0,0,0,0,0,0,0,0,0,0
227,5,723,8,10,0.031575,22897.92,0.013985,51699.60,0.010055,71902.52,0.012537,57668.42,0.016388,44116.58,0.012495,57864.51,0.021122,34229.79,0.031981,0.005798,0.009918,0.012495,0.060191,0.009472,1,85459,88164,484514,245,0,0,0,311,0,0,0,213,0,0,0,114,0,0,0,219,0,0,0,3,0,0,0,4790359856603614215,13633716856455976615,13633716856455976615,5902688605103866306,11690455747242740102,9070292773718878267,0,0,0,0,0,0,0,0,0,0,0
228,5,679,8,10,0.027757,24462.40,0.012995,52252.21,0.012020,56487.04,0.012688,53514.15,0.015222,44605.67,0.014755,46017.40,0.020550,33041.04,0.028510,0.005240,0.004829,0.014755,0.053334,0.007063,5,77519,81974,519767,305,0,0,0,495,0,0,0,247,0,0,0,105,0,0,0,99,0,0,0,5,0,0,0,8233060002510117399,2336419065714579083,2336419065714579083,11996496359936043633,9774121191966714543,10520254328833961038,0,0,0,0,0,0,0,0,0,0,0
229,5,651,8,10,0.026894,24206.46,0.012778,50946.16,0.009620,67670.62,0.011032,59009.88,0.013880,46902.03,0.011724,55528.50,0.016506,39441.28,0.027368,0.004604,0.006330,0.011724,0.050026,0.007188,3,76187,78072,381867,216,0,0,0,308,0,0,0,182,0,0,0,130,0,0,0,134,0,0,0,3,0,0,0,15018930226476153722,8710706859716536923,8710706859716536923,262224818512096046,4350151360231680540,8605601724779791009,0,0,0,0,0,0,0,0,0,0,0
230,5,725,8,10,0.041526,17458.78,0.022617,32055.33,0.014058,51572.29,0.026121,27755.73,0.027599,26268.83,0.027046,26806.12,0.036147,20057.12,0.041980,0.005999,0.006488,0.027046,0.081513,0.010615,4,85200,92305,608448,373,0,0,0,512,0,0,0,172,0,0,0,123,0,0,0,86,0,0,0,5,0,0,0,11839495733288134089,4076364833703115657,4076364833703115657,7169661396498696551,6160448065767269588,9918224736417251727,0,0,0,0,0,0,0,0,0,0,0
231,5,681,8,10,0.030523,22311.29,0.014144,48147.06,0.012131,56137.33,0.014199,47960.05,0.016715,40741.05,0.014143,48150.88,0.025868,26325.72,0.031307,0.006848,0.012621,0.014143,0.064920,0.007700,1,106986,111351,273981,357,0,0,0,531,0,0,0,264,0,0,0,138,0,0,0,240,0,0,0,13,0,0,0,10695464384108254988,2427086509053775562,2427086509053775562,2518126342815792735,18086031427356544480,2518126342815792735,0,0,0,0,0,0,0,0,0,0,0
232,5,650,8,10,0.028335,22940.13,0.014267,45560.38,0.013639,47657.84,0.014858,43746.61,0.016286,39911.64,0.015198,42769.29,0.020556,31620.44,0.028912,0.005035,0.009550,0.015198,0.058695,0.007065,1,78445,81135,476635,370,0,0,0,586,0,0,0,278,0,0,0,145,0,0,0,245,0,0,0,4,0,0,0,15302224615323348114,12216067430049714376,12216067430049714376,7090044871586075627,11447099200593753383,2294454179733905695,0,0,0,0,0,0,0,0,0,0,0
233,5,864,8,10,0.028810,29989.91,0.014033,61568.54,0.012133,71213.14,0.014418,59926.69,0.016093,53687.85,0.014878,58073.11,0.026771,32273.77,0.029564,0.006169,0.011561,0.014878,0.062171,0.010410,1,93063,108433,331940,613,0,0,0,780,0,0,0,261,0,0,0,159,0,0,0,245,0,0,0,3,0,0,0,16884229964009438340,16884229964009438340,16884229964009438340,3380468885670338543,8976743813535792718,3380468885670338543,0,0,0,0,0,0,0,0,0,0,0
234,5,951,8,10,0.027311,34820.95,0.015273,62264.98,0.012929,73554.05,0.014384,66112.91,0.016302,58335.73,0.015712,60528.23,0.039138,24298.46,0.028258,0.006403,0.006737,0.015712,0.057110,0.013475,4,109109,192054,452406,1541,0,0,0,1585,0,0,0,288,0,0,0,187,0,0,0,259,0,0,0,17,0,0,0,4252912590576330893,6501223673673445755,6501223673673445755,16009406391529028701,5126549595207103526,4416368920433254210,0,0,0,0,0,0,0,0,0,0,0
235,5,554,8,10,0.028219,19632.34,0.012324,44954.05,0.010135,54661.22,0.013126,42206.51,0.015338,36118.29,0.012519,44252.58,0.020996,26386.50,0.028756,0.005625,0.010271,0.012519,0.057172,0.005584,1,89425,90900,413398,199,0,0,0,375,0,0,0,177,0,0,0,95,0,0,0,140,0,0,0,4,0,0,0,1851790272378984194,10123563458700461048,10123563458700461048,14798781267699021128,5342291617179811870,14798781267699021128,0,0,0,0,0,0,0,0,0,0,0
236,5,797,8,10,0.031804,25059.66,0.013938,57181.03,0.010631,74971.71,0.012610,63203.45,0.016307,48874.94,0.013776,57853.01,0.025682,31033.49,0.032443,0.007097,0.012288,0.013776,0.065604,0.012676,1,103227,114217,576761,442,0,0,0,502,0,0,0,247,0,0,0,148,0,0,0,207,0,0,0,3,0,0,0,895990596316050408,11455505574304715909,11455505574304715909,879738048331274182,6294584690205213915,879738048331274182,0,0,0,0,0,0,0,0,0,0,0
237,5,528,8,10,0.028011,18849.97,0.011185,47206.38,0.009145,57738.73,0.012956,40752.95,0.014696,35927.67,0.012795,41267.62,0.020407,25873.98,0.028068,0.004660,0.008775,0.012795,0.054297,0.004877,1,68312,69642,586647,171,0,0,0,275,0,0,0,151,0,0,0,104,0,0,0,179,0,0,0,2,0,0,0,1239384270202464629,18348233060228613989,18348233060228613989,16246991185855517704,1003648194409907046,13675330048412504723,0,0,0,0,0,0,0,0,0,0,0
238,5,648,8,10,0.029126,22248.52,0.016127,40180.28,0.011887,54511.94,0.017048,38010.92,0.018083,35835.01,0.015455,41929.11,0.022576,28703.49,0.029719,0.005056,0.009679,0.015455,0.059908,0.006747,1,81312,83147,292402,336,0,0,0,532,0,0,0,339,0,0,0,179,0,0,0,241,0,0,0,5,0,0,0,9266773223560137346,4615053228848996808,4615053228848996808,7367193240867861255,13103101203725967259,6069685120839019915,0,0,0,0,0,0,0,0,0,0,0
239,5,861,8,10,0.028054,30691.25,0.012118,71048.64,0.010358,83122.97,0.012092,71205.72,0.014149,60850.96,0.012201,70567.05,0.024689,34873.69,0.028680,0.005571,0.011087,0.012201,0.057540,0.010306,1,85231,102616,545760,436,0,0,0,549,0,0,0,301,0,0,0,170,0,0,0,215,0,0,0,4,0,0,0,4932586674219818883,17810493394768382307,17810493394768382307,16836463289636207978,403045366149827453,5446574431822103467,0,0,0,0,0,0,0,0,0,0,0
240,5,886,8,10,0.030138,29397.82,0.012284,72123.45,0.011079,79972.38,0.012762,69424.48,0.014814,59807.52,0.014100,62838.10,0.027014,32797.46,0.030955,0.006670,0.012704,0.014100,0.064429,0.012477,1,101982,130532,441659,494,0,0,0,616,0,0,0,243,0,0,0,119,0,0,0,110,0,0,0,5,0,0,0,14663376908584634605,9595369291340184545,9595369291340184545,2676337795233993473,11830036597444122384,3886697906610559424,0,0,0,0,0,0,0,0,0,0,0
241,5,693,8,10,0.042047,16481.63,0.023334,29699.36,0.016459,42105.61,0.016979,40815.21,0.025963,26691.92,0.015955,43435.44,0.034401,20144.54,0.042850,0.006559,0.011858,0.015955,0.077222,0.007845,1,103004,105554,326061,306,0,0,0,462,0,0,0,224,0,0,0,141,0,0,0,151,0,0,0,4,0,0,0,11354515669912126619,3891919249335140258,3891919249335140258,4599215969095968274,4851826397575783749,15712436649388701395,0,0,0,0,0,0,0,0,0,0,0
242,5,677,8,10,0.030004,22563.81,0.013184,51349.46,0.009494,71308.94,0.012749,53100.88,0.016231,41711.11,0.011793,57405.13,0.022737,29774.62,0.030524,0.005852,0.011041,0.011793,0.059210,0.007410,1,91048,94143,445058,222,0,0,0,286,0,0,0,144,0,0,0,96,0,0,0,158,0,0,0,1,0,0,0,4418691733234422269,7863622697553389879,7863622697553389879,17490537499460143393,16214700163925926495,4073399716778368610,0,0,0,0,0,0,0,0,0,0,0
243,5,669,8,10,0.028694,23314.97,0.011873,56348.49,0.009982,67023.13,0.012344,54198.25,0.014149,47283.93,0.011624,57554.78,0.019981,33482.36,0.029051,0.005676,0.010659,0.011624,0.057010,0.006888,1,84626,85901,502138,216,0,0,0,317,0,0,0,281,0,0,0,131,0,0,0,146,0,0,0,1,0,0,0,7503282192982747625,16739242097663593387,16739242097663593387,7192104117245399657,16097256497496768891,12361765918725649030,0,0,0,0,0,0,0,0,0,0,0
244,5,701,8,10,0.036704,19098.55,0.022862,30662.70,0.015968,43900.14,0.021291,32925.38,0.026622,26332.09,0.023199,30216.94,0.030470,23006.13,0.037232,0.006090,0.009111,0.023199,0.075632,0.007176,2,93274,96774,411044,325,0,0,0,443,0,0,0,308,0,0,0,175,0,0,0,172,0,0,0,6,0,0,0,12638604440600893464,15256150335275250018,15256150335275250018,11885082842441574244,17138446631128089436,8081559325468817850,0,0,0,0,0,0,0,0,0,0,0
245,5,618,8,10,0.027850,22190.17,0.014483,42669.41,0.011854,52135.85,0.012543,49272.47,0.015040,41090.97,0.012953,47710.03,0.017733,34849.44,0.028350,0.005188,0.009660,0.012953,0.056151,0.006216,1,81971,83016,478017,282,0,0,0,422,0,0,0,296,0,0,0,176,0,0,0,211,0,0,0,1,0,0,0,13816175179575761279,17486782923203311641,17486782923203311641,14428418097353792147,6994165120949859896,10662744348374655260,0,0,0,0,0,0,0,0,0,0,0
246,5,589,8,10,0.027930,21088.08,0.014979,39321.15,0.011299,52126.91,0.013154,44777.25,0.015938,36954.56,0.014652,40199.17,0.019803,29742.36,0.028609,0.004943,0.004836,0.014652,0.053041,0.005709,5,76041,77056,395364,245,0,0,0,394,0,0,0,291,0,0,0,180,0,0,0,135,0,0,0,2,0,0,0,18404992881077211029,18404992881077211029,18404992881077211029,7291178895482516005,7538505386812402434,12604480084062251183,0,0,0,0,0,0,0,0,0,0,0
247,5,778,8,10,0.035806,21728.09,0.015921,48866.90,0.011561,67297.22,0.016363,47544.96,0.017646,44089.40,0.017215,45193.80,0.025712,30257.67,0.036742,0.005816,0.005598,0.017215,0.065372,0.008901,5,93645,98525,488259,316,0,0,0,400,0,0,0,168,0,0,0,113,0,0,0,111,0,0,0,3,0,0,0,11035857316621826163,9643662212564065281,9643662212564065281,4409882176136635421,6639724138811019716,14947183759592151050,0,0,0,0,0,0,0,0,0,0,0
248,5,616,8,10,0.037106,16600.88,0.019639,31366.13,0.013200,46666.51,0.016432,37488.70,0.020980,29361.09,0.015240,40419.64,0.027841,22125.29,0.037605,0.005764,0.008804,0.015240,0.067414,0.006220,2,84905,86070,529587,224,0,0,0,341,0,0,0,293,0,0,0,158,0,0,0,132,0,0,0,6,0,0,0,3527747298095625993,2990858837826288605,2990858837826288605,1496657028907126101,18366023894917791088,3585603101892254019,0,0,0,0,0,0,0,0,0,0,0
249,5,703,8,10,0.031579,22261.55,0.014440,48684.07,0.011508,61088.95,0.013994,50236.08,0.017157,40974.07,0.013359,52625.46,0.023664,29707.35,0.032511,0.006670,0.012440,0.013359,0.064980,0.009155,1,104653,112833,316213,339,0,0,0,441,0,0,0,221,0,0,0,191,0,0,0,265,0,0,0,2,0,0,0,14242866514098901872,730401497500809107,730401497500809107,4049544734294574789,10485320489792510785,13625001909655018576,0,0,0,0,0,0,0,0,0,0,0
250,5,665,8,10,0.028054,23704.60,0.012174,54624.54,0.011453,58065.85,0.014196,46845.76,0.015674,42427.22,0.015168,43841.88,0.020426,32556.28,0.028554,0.004788,0.005415,0.015168,0.053925,0.006746,4,75731,79676,435097,265,0,0,0,427,0,0,0,196,0,0,0,144,0,0,0,196,0,0,0,2,0,0,0,13172671953419855365,9508060658955454140,9508060658955454140,7297029732311232956,3342543505875822445,15126552081289297772,0,0,0,0,0,0,0,0,0,0,0
251,5,699,8,10,0.028900,24186.70,0.012703,55026.10,0.009817,71205.49,0.012668,55178.91,0.014646,47725.67,0.012900,54186.93,0.021383,32689.39,0.029272,0.005890,0.010816,0.012900,0.058878,0.007646,1,89085,93440,482641,280,0,0,0,379,0,0,0,256,0,0,0,113,0,0,0,161,0,0,0,4,0,0,0,15782562510340972399,14806168556804261872,14806168556804261872,6247628102978809138,6811628671784379058,6247628102978809138,0,0,0,0,0,0,0,0,0,0,0
252,5,575,8,10,0.022221,25876.30,0.010109,56879.69,0.007183,80053.73,0.008155,70511.37,0.010694,53768.15,0.008440,68128.87,0.015412,37307.95,0.023259,0.005138,0.010404,0.008440,0.047241,0.005699,1,83294,84789,293485,137,0,0,0,214,0,0,0,140,0,0,0,98,0,0,0,193,0,0,0,2,0,0,0,16688635973560396661,16688635973560396661,16688635973560396661,14574517024673880282,11777665498803030496,18403015118506913187,0,0,0,0,0,0,0,0,0,0,0
253,5,631,8,10,0.030373,20774.95,0.012218,51645.07,0.009529,66221.07,0.014091,44780.86,0.014837,42530.06,0.014057,44889.32,0.024417,25842.23,0.030792,0.005558,0.011044,0.014057,0.061450,0.006027,1,89027,92572,575253,247,0,0,0,329,0,0,0,213,0,0,0,116,0,0,0,161,0,0,0,4,0,0,0,768854267531607051,298126916155088650,298126916155088650,3013144274503451223,2925090141931736180,6543763141923305046,0,0,0,0,0,0,0,0,0,0,0
254,5,536,8,10,0.024022,22312.54,0.010924,49066.07,0.008732,61382.24,0.010377,51653.49,0.011886,45094.24,0.010179,52659.10,0.015937,33631.76,0.024605,0.005312,0.009777,0.010179,0.049873,0.004975,1,83187,83807,283114,171,0,0,0,327,0,0,0,220,0,0,0,125,0,0,0,180,0,0,0,3,0,0,0,353231013763293627,11327516503106155261,11327516503106155261,10518719501112641111,2345484117273380350,10254065579834298814,0,0,0,0,0,0,0,0,0,0,0
255,5,614,8,10,0.034309,17896.25,0.017447,35191.32,0.008962,68508.55,0.010039,61164.08,0.018075,33969.24,0.010691,57429.31,0.024691,24867.73,0.034819,0.006517,0.012929,0.010691,0.064957,0.006338,1,107639,109614,619769,203,0,0,0,145,0,0,0,172,0,0,0,126,0,0,0,222,0,0,0,2,0,0,0,17939148525115726222,4966404186793912324,4966404186793912324,12496122013484705554,2631933154155045781,12496122013484705554,0,0,0,0,0,0,0,0,0,0,0
256,5,567,8,10,0.026787,21166.93,0.013054,43435.87,0.012043,47082.77,0.015030,37724.03,0.016642,34070.15,0.016041,35346.75,0.020166,28116.29,0.027305,0.004685,0.004792,0.016041,0.052823,0.005224,4,68933,73058,404916,308,0,0,0,501,0,0,0,253,0,0,0,92,0,0,0,88,0,0,0,0,0,0,0,9795151048097104518,10931074828214833430,10931074828214833430,3536636221575828532,2082947517515301024,3536636221575828532,0,0,0,0,0,0,0,0,0,0,0
257,5,618,8,10,0.025188,24535.36,0.012829,48170.42,0.010429,59255.69,0.011730,52686.23,0.015450,39999.86,0.012111,51028.65,0.016307,37898.38,0.025671,0.004433,0.008814,0.012111,0.051029,0.006053,1,69481,70731,393278,240,0,0,0,355,0,0,0,239,0,0,0,128,0,0,0,152,0,0,0,2,0,0,0,11232787027376051835,15436697326917724749,15436697326917724749,8195809577776730503,4706667055703667715,8195809577776730503,0,0,0,0,0,0,0,0,0,0,0
258,5,733,8,10,0.041242,17773.26,0.020519,35722.13,0.013230,55403.27,0.013467,54428.26,0.022912,31991.85,0.020819,35208.58,0.030185,24283.40,0.041620,0.005939,0.008835,0.020819,0.077213,0.008115,2,84999,89339,583494,351,0,0,0,399,0,0,0,248,0,0,0,181,0,0,0,205,0,0,0,6,0,0,0,4266389567555203975,17200001856011124255,17200001856011124255,2064321635408340045,1625104944242973679,3111680088885189139,0,0,0,0,0,0,0,0,0,0,0
259,5,612,8,10,0.038269,15992.23,0.020623,29675.37,0.013207,46340.16,0.020592,29720.93,0.023551,25985.71,0.021887,27961.54,0.026583,23022.50,0.038929,0.005519,0.010578,0.021887,0.076913,0.006272,1,84112,85087,438041,243,0,0,0,355,0,0,0,342,0,0,0,150,0,0,0,211,0,0,0,6,0,0,0,904197962391314964,904197962391314964,904197962391314964,7070209220640846745,10754683223566385762,12770508752461684253,0,0,0,0,0,0,0,0,0,0,0
260,5,672,8,10,0.039839,16868.09,0.019625,34242.22,0.013654,49216.37,0.019897,33774.47,0.022085,30427.87,0.017988,37357.30,0.024910,26977.00,0.040431,0.006019,0.012032,0.017988,0.076471,0.010062,1,96993,99598,474626,338,0,0,0,445,0,0,0,406,0,0,0,185,0,0,0,390,0,0,0,9,0,0,0,17413333447155418314,17156558453921993701,17156558453921993701,3748070610729745102,4505337796041544430,16950932194356819968,0,0,0,0,0,0,0,0,0,0,0
261,5,758,8,10,0.028667,26441.86,0.010760,70444.38,0.009142,82912.64,0.012757,59416.55,0.013771,55043.85,0.012699,59691.74,0.021985,34478.54,0.029396,0.005717,0.010786,0.012699,0.058597,0.008317,1,88443,94103,439194,238,0,0,0,316,0,0,0,148,0,0,0,89,0,0,0,181,0,0,0,5,0,0,0,6877566314935438251,13090056369499866389,13090056369499866389,12455265202065962530,6088433669706316036,11352599153204905627,0,0,0,0,0,0,0,0,0,0,0
262,5,628,8,10,0.030448,20625.50,0.013753,45663.42,0.012125,51793.92,0.014673,42800.83,0.016345,38420.75,0.015044,41745.01,0.019307,32527.38,0.031019,0.005164,0.008164,0.015044,0.059391,0.006592,2,76928,78668,510479,248,0,0,0,440,0,0,0,263,0,0,0,159,0,0,0,261,0,0,0,5,0,0,0,11116339547899243208,10912924262139536896,10912924262139536896,4859503085749445713,2372311772141523797,1262048896130011832,0,0,0,0,0,0,0,0,0,0,0
263,5,698,8,10,0.033685,20721.63,0.013751,50760.77,0.012028,58032.33,0.014925,46765.81,0.017319,40302.50,0.015093,46247.19,0.022620,30857.29,0.034187,0.006146,0.007271,0.015093,0.062697,0.009749,3,89284,92649,520601,277,0,0,0,441,0,0,0,324,0,0,0,133,0,0,0,162,0,0,0,3,0,0,0,13759636838312162679,1206529609025489233,1206529609025489233,9997587374862987507,8162043513258519727,2671327553016419454,0,0,0,0,0,0,0,0,0,0,0
264,5,675,8,10,0.034217,19726.95,0.014258,47343.00,0.013016,51858.99,0.015986,42224.28,0.017271,39083.62,0.017653,38236.05,0.023113,29204.90,0.034733,0.005368,0.004921,0.017653,0.062676,0.007627,5,87387,92582,606187,354,0,0,0,607,0,0,0,251,0,0,0,201,0,0,0,214,0,0,0,4,0,0,0,11189515863137213136,11189515863137213136,11189515863137213136,17510091380093725973,3045513575545428802,17510091380093725973,0,0,0,0,0,0,0,0,0,0,0
265,5,541,8,10,0.033221,16284.83,0.014497,37318.55,0.011024,49075.66,0.012814,42218.37,0.017125,31590.87,0.016502,32784.73,0.022558,23983.15,0.033782,0.004293,0.005124,0.016502,0.059700,0.006969,4,73829,75814,564064,188,0,0,0,351,0,0,0,197,0,0,0,144,0,0,0,123,0,0,0,10,0,0,0,7465958600517143898,1503060614308992181,1503060614308992181,8563847967899184326,15489728767242109558,5934396196949746782,0,0,0,0,0,0,0,0,0,0,0
266,5,740,8,10,0.031842,23240.09,0.013546,54626.80,0.010873,68056.63,0.013066,56636.88,0.016311,45368.78,0.012307,60128.38,0.021798,33948.52,0.032535,0.005177,0.010317,0.012307,0.060336,0.008279,1,81959,84689,623641,286,0,0,0,503,0,0,0,360,0,0,0,178,0,0,0,235,0,0,0,11,0,0,0,11308112553178342651,1694110752740986252,1694110752740986252,17584458213747710733,11942381142902922437,4145566785625912182,0,0,0,0,0,0,0,0,0,0,0
267,5,783,8,10,0.035520,22044.06,0.014788,52948.07,0.013197,59330.29,0.015721,49805.67,0.017503,44733.97,0.017482,44788.61,0.024542,31905.13,0.036312,0.006778,0.012707,0.017482,0.073279,0.009480,1,111356,115591,448997,375,0,0,0,687,0,0,0,300,0,0,0,224,0,0,0,222,0,0,0,2,0,0,0,13720434194937298235,13993049369467843859,13993049369467843859,9461980337378958578,17796052139756756962,14933509087223678191,0,0,0,0,0,0,0,0,0,0,0
268,5,890,8,10,0.030363,29311.79,0.014469,61510.99,0.013163,67613.10,0.015466,57545.20,0.016224,54856.06,0.014119,63037.75,0.028538,31186.22,0.030933,0.006634,0.011809,0.014119,0.063495,0.017467,1,98271,137131,418256,750,0,0,0,720,0,0,0,353,0,0,0,236,0,0,0,377,0,0,0,10,0,0,0,17895368157390220655,11463405214729436945,11463405214729436945,6071523692574605066,5085153373889255562,11756611448085255649,0,0,0,0,0,0,0,0,0,0,0
269,5,972,8,10,0.033648,28887.53,0.015849,61328.46,0.012829,75764.97,0.016142,60215.70,0.016886,57563.58,0.015722,61825.01,0.025890,37543.31,0.034526,0.006952,0.008332,0.015722,0.065531,0.016607,3,101567,125632,465630,900,0,0,0,928,0,0,0,354,0,0,0,243,0,0,0,245,0,0,0,7,0,0,0,2912302824248310545,2277597831652410956,2277597831652410956,321815165344003903,10316759307559682912,12273730243177008981,0,0,0,0,0,0,0,0,0,0,0
270,5,622,8,10,0.026771,23233.74,0.011093,56073.37,0.009132,68113.16,0.012557,49535.51,0.015293,40672.70,0.011459,54278.47,0.019435,32003.36,0.027259,0.004886,0.009415,0.011459,0.053021,0.006442,1,77449,80114,527226,231,0,0,0,361,0,0,0,176,0,0,0,113,0,0,0,216,0,0,0,2,0,0,0,2606770426870273710,3134545035649475905,3134545035649475905,8779226251434567221,14322855364678857621,13648818123835059342,0,0,0,0,0,0,0,0,0,0,0
271,5,723,8,10,0.029300,24675.81,0.015471,46732.38,0.013901,52009.20,0.015021,48133.88,0.017596,41088.03,0.014880,48588.86,0.020795,34767.69,0.029850,0.005265,0.010772,0.014880,0.060767,0.008474,1,84987,90967,496389,392,0,0,0,557,0,0,0,245,0,0,0,207,0,0,0,152,0,0,0,3,0,0,0,4375629731550823805,5424749300595663296,5424749300595663296,5854890745339133676,11209803231571493434,8741649253214065125,0,0,0,0,0,0,0,0,0,0,0
272,5,688,8,10,0.028359,24260.80,0.014147,48631.86,0.012457,55231.29,0.016006,42982.79,0.017126,40173.45,0.016441,41847.29,0.021223,32417.86,0.028868,0.005240,0.004802,0.016441,0.055351,0.007136,5,76538,79433,336797,332,0,0,0,500,0,0,0,366,0,0,0,180,0,0,0,183,0,0,0,1,0,0,0,13849530034114232754,3289374796297490529,3289374796297490529,18282136117094160428,14238446157240593125,18282136117094160428,0,0,0,0,0,0,0,0,0,0,0
273,5,695,8,10,0.047954,14493.16,0.022257,31225.80,0.015358,45252.77,0.026326,26399.36,0.033047,21030.45,0.027262,25493.52,0.040114,17325.71,0.048558,0.005005,0.009419,0.027262,0.090244,0.007166,1,76872,86182,530922,364,0,0,0,355,0,0,0,324,0,0,0,200,0,0,0,304,0,0,0,1,0,0,0,1106110831373790076,11908246237485530748,11908246237485530748,17033938684823905427,7341494190606995123,1902687572361783331,0,0,0,0,0,0,0,0,0,0,0
274,5,726,8,10,0.040625,17870.73,0.024363,29799.44,0.018489,39267.49,0.019365,37490.87,0.028531,25446.25,0.026465,27432.65,0.036278,20012.15,0.041573,0.012234,0.025281,0.026465,0.105553,0.009831,1,195374,199939,449175,371,0,0,0,664,0,0,0,338,0,0,0,258,0,0,0,268,0,0,0,13,0,0,0,2445514295621123739,16120894587022591125,16120894587022591125,15851378001425446790,11764986942291333936,16856456619539067783,0,0,0,0,0,0,0,0,0,0,0
275,5,730,8,10,0.028148,25934.22,0.012943,56399.82,0.010322,70720.46,0.012426,58749.38,0.014375,50782.47,0.012257,59559.82,0.017629,41409.97,0.028706,0.005184,0.010119,0.012257,0.056266,0.007841,1,82599,84574,375858,296,0,0,0,434,0,0,0,386,0,0,0,213,0,0,0,304,0,0,0,2,0,0,0,1818274698953770403,13516351790525758917,13516351790525758917,5003736233055253575,1652367897406121595,18035068305056507855,0,0,0,0,0,0,0,0,0,0,0
276,5,757,8,10,0.028613,26456.67,0.013215,57285.48,0.010685,70848.56,0.012542,60359.11,0.014215,53255.40,0.014984,50521.08,0.021447,35295.55,0.029404,0.005578,0.005198,0.014984,0.055164,0.008742,5,88339,92934,532904,247,0,0,0,371,0,0,0,238,0,0,0,147,0,0,0,140,0,0,0,1,0,0,0,2711451042030540706,11166312297247164972,11166312297247164972,716775756263278145,13386034197691789199,188240358045567331,0,0,0,0,0,0,0,0,0,0,0
277,5,745,8,10,0.028167,26448.96,0.011806,63106.06,0.010832,68776.04,0.013105,56847.74,0.015500,48065.17,0.013890,53635.11,0.019876,37481.85,0.028967,0.005101,0.006509,0.013890,0.054468,0.007850,4,80462,84952,326193,291,0,0,0,443,0,0,0,261,0,0,0,169,0,0,0,157,0,0,0,4,0,0,0,12226293834641932755,2376164905772195959,2376164905772195959,17051223808082064514,13656257773934221323,631454491425568921,0,0,0,0,0,0,0,0,0,0,0
278,5,729,8,10,0.030520,23886.28,0.014075,51793.84,0.013189,55271.25,0.016245,44875.23,0.016810,43367.22,0.015891,45874.47,0.018202,40050.71,0.031232,0.005886,0.006196,0.015891,0.059205,0.009135,4,86616,89051,479636,350,0,0,0,528,0,0,0,366,0,0,0,230,0,0,0,271,0,0,0,2,0,0,0,13389109792142777244,7711376909359077355,7711376909359077355,2882359156737998906,17090792505487433215,2882359156737998906,0,0,0,0,0,0,0,0,0,0,0
279,5,678,8,10,0.053725,12619.91,0.034045,19914.99,0.021107,32121.67,0.022195,30547.39,0.034672,19554.72,0.023532,28811.87,0.043410,15618.64,0.054695,0.013451,0.024443,0.023532,0.116121,0.012073,1,203763,207128,466166,327,0,0,0,590,0,0,0,430,0,0,0,280,0,0,0,492,0,0,0,1,0,0,0,15352998099283319543,18086507954114486418,18086507954114486418,17155911009096123808,9008418392495257361,970930226506487926,0,0,0,0,0,0,0,0,0,0,0
280,5,801,8,10,0.038644,20727.46,0.020794,38520.30,0.019004,42148.36,0.020427,39212.75,0.023076,34711.56,0.019700,40660.30,0.027502,29125.47,0.039286,0.006557,0.007174,0.019700,0.072717,0.010887,4,101692,105622,478747,622,0,0,0,900,0,0,0,345,0,0,0,280,0,0,0,239,0,0,0,4,0,0,0,968009519434790232,1941419231733726031,1941419231733726031,6849683292963594370,3489395459178085621,2492192210649138675,0,0,0,0,0,0,0,0,0,0,0
281,5,800,8,10,0.038202,20941.17,0.017784,44985.33,0.015591,51313.09,0.017408,45956.08,0.019706,40596.83,0.018974,42162.84,0.026004,30763.94,0.038990,0.007301,0.011465,0.018974,0.076729,0.010308,2,120518,125208,523977,581,0,0,0,799,0,0,0,300,0,0,0,273,0,0,0,298,0,0,0,10,0,0,0,17519194212357548899,16980685713629469226,16980685713629469226,5827425853477248042,3792949724121034117,7965477576598011413,0,0,0,0,0,0,0,0,0,0,0
282,5,624,8,10,0.032952,18936.69,0.017042,36615.61,0.012613,49473.06,0.019513,31978.07,0.021914,28475.03,0.019190,32517.51,0.026079,23926.86,0.033489,0.005274,0.006340,0.019190,0.064292,0.006375,3,81520,83945,448834,301,0,0,0,523,0,0,0,285,0,0,0,163,0,0,0,139,0,0,0,1,0,0,0,3633383697808040668,7962807755493062876,7962807755493062876,6242191774660971791,155987902042848337,6242191774660971791,0,0,0,0,0,0,0,0,0,0,0
283,5,671,8,10,0.031948,21002.59,0.015460,43402.52,0.014036,47805.71,0.016579,40472.14,0.018596,36083.44,0.016492,40686.75,0.024133,27804.29,0.032669,0.005730,0.010640,0.016492,0.065532,0.007667,1,94002,96472,392564,414,0,0,0,614,0,0,0,293,0,0,0,216,0,0,0,272,0,0,0,5,0,0,0,17587227850593954500,9416944667951990021,9416944667951990021,11919413156149203171,14832812026888228502,16975872300158592580,0,0,0,0,0,0,0,0,0,0,0
284,5,617,8,10,0.032180,19173.15,0.014726,41898.53,0.013879,44454.55,0.017404,35451.87,0.018624,33129.42,0.018978,32510.99,0.023526,26226.54,0.032923,0.005415,0.005016,0.018978,0.062332,0.006637,5,84652,87407,537556,392,0,0,0,714,0,0,0,351,0,0,0,214,0,0,0,224,0,0,0,3,0,0,0,3515006289920761201,3515006289920761201,3515006289920761201,2535094123882542102,16318388363991679813,17519452045917218022,0,0,0,0,0,0,0,0,0,0,0
285,5,661,8,10,0.032199,20528.78,0.018095,36530.30,0.012064,54791.82,0.012820,51558.22,0.017738,37264.05,0.015024,43995.56,0.024091,27437.17,0.032788,0.006438,0.012199,0.015024,0.066449,0.007768,1,104502,106482,307084,349,0,0,0,558,0,0,0,410,0,0,0,252,0,0,0,356,0,0,0,3,0,0,0,1847125496464135653,1847125496464135653,1847125496464135653,18113830814755391721,4139934618760899563,335902708616523206,0,0,0,0,0,0,0,0,0,0,0
286,5,579,8,10,0.041077,14095.36,0.024352,23775.98,0.014366,40302.62,0.024859,23291.76,0.028752,20137.82,0.024149,23975.66,0.032045,18068.61,0.041707,0.005806,0.011248,0.024149,0.082910,0.005712,1,90572,92822,439309,391,0,0,0,645,0,0,0,279,0,0,0,173,0,0,0,206,0,0,0,8,0,0,0,7201394855056873370,7201394855056873370,7201394855056873370,1963020650322724190,6869243730331389738,9217710315179175695,0,0,0,0,0,0,0,0,0,0,0
287,5,649,8,10,0.041674,15573.18,0.022965,28260.20,0.016836,38548.91,0.018931,34281.88,0.024845,26122.06,0.017676,36716.80,0.031248,20769.64,0.042486,0.007098,0.014380,0.017676,0.081639,0.007409,1,119486,122771,452481,509,0,0,0,809,0,0,0,334,0,0,0,256,0,0,0,314,0,0,0,13,0,0,0,1485083919924892349,1485083919924892349,1485083919924892349,12372877916377028446,10679455544056018611,4691867055298510647,0,0,0,0,0,0,0,0,0,0,0
288,5,638,8,10,0.031788,20070.77,0.017549,36355.39,0.012134,52579.41,0.012750,50039.15,0.018304,34855.30,0.018101,35246.23,0.023227,27467.66,0.032577,0.004823,0.004546,0.018101,0.060047,0.006374,5,73993,75798,234107,329,0,0,0,533,0,0,0,317,0,0,0,249,0,0,0,240,0,0,0,1,0,0,0,14591307006762059171,18432157948413687778,18432157948413687778,6194754736243382149,2456396377700198226,6194754736243382149,0,0,0,0,0,0,0,0,0,0,0
289,5,627,8,10,0.033445,18747.39,0.016024,39127.88,0.013619,46038.31,0.015349,40848.53,0.016977,36932.60,0.017161,36536.16,0.023753,26396.25,0.034198,0.004931,0.006658,0.017161,0.062948,0.006495,4,79681,81311,526856,436,0,0,0,614,0,0,0,373,0,0,0,216,0,0,0,205,0,0,0,7,0,0,0,12164604614657127043,5913078197398067388,5913078197398067388,2408423269505821877,1899822244739000857,4556893423679981422,0,0,0,0,0,0,0,0,0,0,0
290,5,820,8,10,0.042865,19129.87,0.019750,41518.76,0.018474,44387.41,0.018936,43303.40,0.021660,37857.60,0.020169,40656.24,0.027549,29764.81,0.043774,0.006840,0.011459,0.020169,0.082243,0.010862,2,113826,116781,398098,501,0,0,0,839,0,0,0,448,0,0,0,367,0,0,0,370,0,0,0,3,0,0,0,15102624921917765212,6156121205597366341,6156121205597366341,3768992458458935540,12012091652559463050,3345183962878450505,0,0,0,0,0,0,0,0,0,0,0
291,5,743,8,10,0.045588,16298.03,0.025122,29576.05,0.019063,38976.15,0.016273,45659.20,0.026458,28081.95,0.013845,53666.15,0.038967,19067.42,0.046363,0.006658,0.012220,0.013845,0.079085,0.008849,1,109143,116708,393287,433,0,0,0,577,0,0,0,237,0,0,0,130,0,0,0,132,0,0,0,10,0,0,0,4918116410422231518,7997177536881204384,7997177536881204384,2333541382547404286,18065204099064123528,5972753447629723200,0,0,0,0,0,0,0,0,0,0,0
292,5,666,8,10,0.037202,17902.26,0.018260,36472.87,0.012430,53578.35,0.014339,46447.93,0.017722,37579.41,0.014063,47358.69,0.024560,27117.39,0.038247,0.005514,0.010801,0.014063,0.068625,0.007684,1,90409,92724,426005,333,0,0,0,493,0,0,0,342,0,0,0,191,0,0,0,334,0,0,0,1,0,0,0,12414923272666257187,12414923272666257187,12414923272666257187,10784678880673725955,16114485443978406226,10784678880673725955,0,0,0,0,0,0,0,0,0,0,0
293,5,809,8,10,0.051658,15660.76,0.022732,35587.93,0.014012,57734.87,0.021047,38437.03,0.028615,28272.28,0.021717,37252.47,0.043478,18607.00,0.052582,0.006296,0.011828,0.021717,0.092422,0.009924,1,103537,131837,362525,253,0,0,0,338,0,0,0,246,0,0,0,190,0,0,0,292,0,0,0,6,0,0,0,11941717393305913718,12978085141503421217,12978085141503421217,3156496018549006839,10104552010264796467,12614015466104532321,0,0,0,0,0,0,0,0,0,0,0
294,5,632,8,10,0.033005,19148.40,0.014897,42425.69,0.011803,53546.03,0.013916,45416.38,0.017706,35693.16,0.015642,40405.29,0.021178,29841.60,0.033516,0.005169,0.005689,0.015642,0.060016,0.006586,4,78662,80117,480290,269,0,0,0,386,0,0,0,220,0,0,0,183,0,0,0,162,0,0,0,2,0,0,0,10673039426552516007,8206562683786132310,8206562683786132310,17553002964083766075,16307820054212868132,13583610100575609544,0,0,0,0,0,0,0,0,0,0,0
295,5,628,8,10,0.030190,20801.52,0.015190,41341.85,0.010435,60180.98,0.011612,54081.22,0.016741,37512.58,0.016503,38053.71,0.020608,30474.12,0.030918,0.004848,0.004544,0.016503,0.056813,0.005975,5,72896,74846,465687,249,0,0,0,413,0,0,0,267,0,0,0,116,0,0,0,124,0,0,0,3,0,0,0,166672885137894756,6388356987840720172,6388356987840720172,592356541386657403,5298210174046990210,9329617583172843509,0,0,0,0,0,0,0,0,0,0,0
296,5,717,8,10,0.072797,9849.36,0.051356,13961.27,0.046263,15498.26,0.047473,15103.39,0.053574,13383.31,0.051514,13918.59,0.060282,11894.06,0.071400,0.008731,0.015123,0.051514,0.146767,0.008589,1,125404,127304,469708,335,0,0,0,451,0,0,0,363,0,0,0,226,0,0,0,386,0,0,0,6,0,0,0,5772046426263336708,13238025843104290670,13238025843104290670,15546286047741743591,16816911406948480973,17394292523518754077,0,0,0,0,0,0,0,0,0,0,0
297,5,654,8,10,0.038930,16799.38,0.019291,33902.07,0.012072,54173.66,0.013865,47170.40,0.021046,31074.06,0.013983,46772.36,0.024564,26624.62,0.039512,0.005800,0.010746,0.013983,0.070040,0.006868,1,89576,91351,621171,236,0,0,0,382,0,0,0,272,0,0,0,215,0,0,0,314,0,0,0,2,0,0,0,9262215560856298788,9262215560856298788,9262215560856298788,5403213608755992752,17770792003037799309,6368191214735507184,0,0,0,0,0,0,0,0,0,0,0
298,5,1119,8,10,0.034750,32201.34,0.014843,75390.01,0.011048,101287.52,0.011860,94354.04,0.016097,69517.66,0.012050,92865.19,0.037403,29917.00,0.035632,0.007947,0.013988,0.012050,0.069617,0.018230,1,119501,185491,545326,704,0,0,0,768,0,0,0,216,0,0,0,183,0,0,0,277,0,0,0,3,0,0,0,6434065587667133294,6434065587667133294,6434065587667133294,4062424997012804623,7118977396170012494,5545844827335940757,0,0,0,0,0,0,0,0,0,0,0
299,5,655,8,10,0.031334,20903.55,0.013228,49515.10,0.011762,55687.88,0.014082,46512.97,0.016696,39231.95,0.014490,45204.36,0.021621,30294.89,0.031862,0.005974,0.009244,0.014490,0.061569,0.007232,2,90491,92061,541541,306,0,0,0,552,0,0,0,331,0,0,0,207,0,0,0,241,0,0,0,3,0,0,0,1002639182233581254,1002639182233581254,1002639182233581254,7732863329570819577,1376169787889907788,6896381856693769336,0,0,0,0,0,0,0,0,0,0,0
300,5,601,8,10,0.027099,22177.76,0.012200,49261.87,0.010590,56750.04,0.013292,45214.79,0.015344,39167.16,0.014365,41836.82,0.019895,30208.36,0.027684,0.004965,0.006430,0.014365,0.053444,0.006103,3,76032,78142,350573,277,0,0,0,469,0,0,0,268,0,0,0,146,0,0,0,159,0,0,0,2,0,0,0,16703410442178790361,2069955486459410614,2069955486459410614,13703645301244267898,4849145693380820844,13703645301244267898,0,0,0,0,0,0,0,0,0,0,0
301,5,630,8,10,0.039340,16014.08,0.021337,29525.83,0.013161,47867.54,0.021612,29150.53,0.023631,26660.15,0.021786,28917.57,0.028598,22029.46,0.039733,0.004768,0.010212,0.021786,0.076500,0.007035,1,76636,78081,573761,249,0,0,0,407,0,0,0,243,0,0,0,153,0,0,0,184,0,0,0,2,0,0,0,12377784715033184827,13401604013510078932,13401604013510078932,10255067780883979373,15822350157126857755,10255067780883979373,0,0,0,0,0,0,0,0,0,0,0
302,5,628,8,10,0.033471,18762.79,0.016137,38917.05,0.011237,55884.63,0.018197,34511.37,0.019786,31740.19,0.019076,32921.68,0.025262,24859.70,0.033983,0.005520,0.006178,0.019076,0.064756,0.007105,4,87924,90394,384646,241,0,0,0,379,0,0,0,228,0,0,0,120,0,0,0,125,0,0,0,3,0,0,0,4044713122286060439,15234751465424968211,15234751465424968211,16653334633781757791,14451620901924251053,16653334633781757791,0,0,0,0,0,0,0,0,0,0,0
303,5,643,8,10,0.035782,17970.11,0.014476,44418.09,0.012145,52944.08,0.015808,40676.59,0.018347,35046.88,0.015439,41647.21,0.024916,25806.84,0.036221,0.006562,0.010050,0.015439,0.068272,0.007337,2,101820,103510,397756,261,0,0,0,412,0,0,0,228,0,0,0,196,0,0,0,256,0,0,0,2,0,0,0,7186444784795010368,7186444784795010368,7186444784795010368,12623601720164677923,7614689829259408053,5584355392988977889,0,0,0,0,0,0,0,0,0,0,0
304,5,756,8,10,0.039222,19274.84,0.022983,32894.40,0.022931,32968.75,0.024712,30592.91,0.026836,28171.01,0.024008,31490.07,0.031251,24191.27,0.040031,0.006275,0.010116,0.024008,0.080430,0.009854,2,104736,112466,510622,739,0,0,0,1097,0,0,0,259,0,0,0,260,0,0,0,322,0,0,0,14,0,0,0,16616799289289282700,236745384743633061,236745384743633061,17428163313476930874,14990811604905149246,14725399064611116574,0,0,0,0,0,0,0,0,0,0,0
305,5,646,8,10,0.027797,23239.93,0.014166,45601.82,0.012711,50820.36,0.014478,44619.03,0.015400,41949.22,0.013702,47144.76,0.017953,35982.16,0.028352,0.005362,0.010050,0.013702,0.057466,0.006485,1,77183,78633,328924,314,0,0,0,472,0,0,0,258,0,0,0,168,0,0,0,245,0,0,0,3,0,0,0,14823349611570326638,14823349611570326638,14823349611570326638,4685523237278924712,5677723215930773985,5117398691949084233,0,0,0,0,0,0,0,0,0,0,0
306,5,715,8,10,0.034230,20888.09,0.016214,44099.03,0.015070,47445.79,0.016000,44687.39,0.018987,37656.53,0.016697,42823.01,0.022253,32131.09,0.034740,0.006622,0.012859,0.016697,0.070918,0.010023,1,105139,108259,421260,373,0,0,0,494,0,0,0,329,0,0,0,190,0,0,0,300,0,0,0,1,0,0,0,17887528611490204492,17887528611490204492,17887528611490204492,14462445925474194318,14462445925474194318,17722208394198726424,0,0,0,0,0,0,0,0,0,0,0
307,5,619,8,10,0.044488,13913.80,0.023801,26006.93,0.016356,37845.12,0.016622,37240.51,0.025134,24628.39,0.020572,30089.23,0.033440,18510.80,0.045485,0.013713,0.019774,0.020572,0.099544,0.009529,2,211079,212564,547413,223,0,0,0,345,0,0,0,209,0,0,0,174,0,0,0,165,0,0,0,5,0,0,0,11254317610328461830,9699491360006987762,9699491360006987762,6524475787013321611,12508992297764072228,6901713567200204402,0,0,0,0,0,0,0,0,0,0,0
308,5,592,8,10,0.032645,18134.22,0.017411,34001.54,0.016482,35917.84,0.018945,31249.10,0.019448,30440.43,0.019316,30647.39,0.023319,25387.21,0.033690,0.005223,0.006723,0.019316,0.064952,0.006003,3,81720,83495,396762,320,0,0,0,561,0,0,0,303,0,0,0,163,0,0,0,191,0,0,0,3,0,0,0,9267103645232003836,9267103645232003836,9267103645232003836,11991455752415295221,17034896942401296402,11991455752415295221,0,0,0,0,0,0,0,0,0,0,0
309,5,625,8,10,0.036104,17311.13,0.019629,31840.03,0.012867,48573.18,0.014482,43155.97,0.019085,32749.03,0.013866,45075.83,0.027029,23123.61,0.037000,0.006256,0.011473,0.013866,0.068595,0.006807,1,95500,97070,444709,311,0,0,0,445,0,0,0,275,0,0,0,218,0,0,0,217,0,0,0,7,0,0,0,3118407491726278215,17237071627027243319,17237071627027243319,13834630769823461602,12806839762664165218,6144603119927626219,0,0,0,0,0,0,0,0,0,0,0
310,5,641,8,10,0.028384,22583.05,0.015213,42135.51,0.013085,48986.74,0.013474,47574.11,0.016179,39620.24,0.013700,46789.65,0.018047,35519.18,0.029414,0.005184,0.009775,0.013700,0.058073,0.006520,1,75717,77872,423617,307,0,0,0,476,0,0,0,275,0,0,0,276,0,0,0,303,0,0,0,2,0,0,0,5334617315731102048,4314568709804493981,4314568709804493981,9376860623739686943,16694366672884109270,9376860623739686943,0,0,0,0,0,0,0,0,0,0,0
311,5,663,8,10,0.026138,25365.10,0.011169,59359.46,0.010414,63665.47,0.013580,48821.80,0.014986,44239.87,0.013244,50061.46,0.017867,37107.67,0.026401,0.005181,0.009519,0.013244,0.054345,0.006682,1,73738,75293,317572,263,0,0,0,364,0,0,0,250,0,0,0,151,0,0,0,214,0,0,0,2,0,0,0,1791064537529452866,8015624052085941488,8015624052085941488,11663269780784262787,8992435578667613293,11663269780784262787,0,0,0,0,0,0,0,0,0,0,0
312,5,652,8,10,0.039758,16399.14,0.021154,30821.19,0.013214,49341.74,0.015564,41892.25,0.022389,29122.09,0.013420,48586.01,0.026443,24656.85,0.040382,0.005646,0.010921,0.013420,0.070369,0.006928,1,89992,90892,436151,195,0,0,0,240,0,0,0,237,0,0,0,127,0,0,0,253,0,0,0,2,0,0,0,4681505220561291346,2096812931469515611,2096812931469515611,16109994685010601232,15042961295513181920,8978996019266620230,0,0,0,0,0,0,0,0,0,0,0
313,5,630,8,10,0.037918,16614.94,0.022098,28509.79,0.014577,43218.36,0.022667,27794.02,0.025361,24841.51,0.023561,26739.52,0.025254,24946.35,0.038462,0.005243,0.004857,0.023561,0.072123,0.006593,5,81126,82011,442230,283,0,0,0,404,0,0,0,352,0,0,0,199,0,0,0,214,0,0,0,4,0,0,0,17158444117388889742,17158444117388889742,17158444117388889742,5851349944671469325,6064049302179113127,7042861578863322984,0,0,0,0,0,0,0,0,0,0,0
314,5,661,8,10,0.027849,23735.28,0.013000,50846.05,0.012308,53705.46,0.012939,51087.65,0.014947,44221.94,0.013818,47837.51,0.018217,36284.03,0.028405,0.005340,0.005882,0.013818,0.053445,0.007343,4,84053,86043,379975,340,0,0,0,501,0,0,0,277,0,0,0,206,0,0,0,188,0,0,0,4,0,0,0,14386150157737342669,14386150157737342669,14386150157737342669,15598941925444969631,6947024259548600273,7063046522839993507,0,0,0,0,0,0,0,0,0,0,0
315,5,838,8,10,0.036451,22989.47,0.016818,49828.33,0.014783,56686.42,0.017112,48971.59,0.018570,45127.47,0.016903,49577.36,0.030105,27835.87,0.037387,0.007779,0.013418,0.016903,0.075486,0.010843,1,115297,148997,427049,408,0,0,0,583,0,0,0,311,0,0,0,242,0,0,0,315,0,0,0,5,0,0,0,8305826682894539456,14273383279940173062,14273383279940173062,4550049150902302163,7960061602027237003,16637988485506409394,0,0,0,0,0,0,0,0,0,0,0
316,5,786,8,10,0.028689,27397.26,0.014030,56024.09,0.014761,53249.17,0.015040,52262.29,0.016303,48210.73,0.014856,52907.87,0.027893,28179.21,0.029165,0.005514,0.005977,0.014856,0.055512,0.008147,4,80897,101372,306726,261,0,0,0,421,0,0,0,248,0,0,0,145,0,0,0,146,0,0,0,3,0,0,0,4586281565355013554,8678987847813924997,8678987847813924997,16385724997161821990,5344268547672839977,9960890753975869771,0,0,0,0,0,0,0,0,0,0,0
317,5,670,8,10,0.033452,20028.71,0.015700,42675.21,0.014708,45552.72,0.016405,40841.01,0.018803,35632.92,0.018595,36030.73,0.023151,28940.09,0.034128,0.006246,0.005643,0.018595,0.064613,0.008088,5,93734,96719,439079,365,0,0,0,542,0,0,0,280,0,0,0,236,0,0,0,211,0,0,0,6,0,0,0,9046419953725323043,4181660914964027390,4181660914964027390,5949663853214677890,12042749944432742329,5276388732611337224,0,0,0,0,0,0,0,0,0,0,0
318,5,719,8,10,0.030042,23933.06,0.013789,52143.31,0.012673,56736.21,0.013574,52967.05,0.015907,45199.02,0.013645,52692.26,0.019759,36389.03,0.030745,0.005676,0.010515,0.013645,0.060581,0.007935,1,83488,85443,474324,325,0,0,0,557,0,0,0,325,0,0,0,258,0,0,0,311,0,0,0,7,0,0,0,10329998488948988152,6357598023949492002,6357598023949492002,15981928630389700196,9324787880366573088,8265168341905987602,0,0,0,0,0,0,0,0,0,0,0
319,5,673,8,10,0.035506,18954.45,0.018324,36728.08,0.014705,45765.32,0.015882,42374.46,0.019822,33952.08,0.019242,34975.82,0.022854,29448.32,0.036127,0.005346,0.005030,0.019242,0.065744,0.007408,5,85596,87411,440522,387,0,0,0,649,0,0,0,343,0,0,0,256,0,0,0,267,0,0,0,3,0,0,0,14172596598813303747,6108435616188736639,6108435616188736639,14531725842620732424,295345472688746305,17369506196699042430,0,0,0,0,0,0,0,0,0,0,0
320,5,697,8,10,0.029373,23729.40,0.013675,50969.30,0.011406,61110.26,0.013882,50209.65,0.015638,44571.18,0.015012,46429.70,0.020189,34524.12,0.029661,0.005233,0.006716,0.015012,0.056622,0.007436,3,79613,84493,561067,369,0,0,0,526,0,0,0,249,0,0,0,173,0,0,0,180,0,0,0,3,0,0,0,11846728620468672185,3311874235581055635,3311874235581055635,16925135419742698382,10368473411671910472,7637946856795400745,0,0,0,0,0,0,0,0,0,0,0
321,5,603,8,10,0.030115,20023.45,0.017027,35413.66,0.015812,38136.40,0.017107,35248.91,0.018418,32739.52,0.016666,36181.84,0.021454,28106.67,0.030650,0.005222,0.008959,0.016666,0.061497,0.006221,2,78650,80850,400654,387,0,0,0,698,0,0,0,325,0,0,0,184,0,0,0,252,0,0,0,7,0,0,0,7631422835103194776,1167031487518857788,1167031487518857788,4812445252625930666,5005641777787245177,7304357392245285745,0,0,0,0,0,0,0,0,0,0,0
322,5,741,8,10,0.040952,18094.34,0.024407,30359.86,0.017965,41245.99,0.020249,36593.90,0.025889,28622.37,0.023792,31144.88,0.030891,23987.40,0.041482,0.008025,0.012475,0.023792,0.085773,0.010789,2,122037,125612,417515,439,0,0,0,753,0,0,0,384,0,0,0,243,0,0,0,247,0,0,0,2,0,0,0,13144496438500265753,13144496438500265753,13144496438500265753,3243220967552432080,15739786865400567826,6936777820137401043,0,0,0,0,0,0,0,0,0,0,0
323,5,670,8,10,0.032055,20901.88,0.015752,42534.82,0.014784,45319.04,0.018032,37156.66,0.018927,35399.65,0.017080,39227.89,0.025385,26393.31,0.032553,0.005877,0.010468,0.017080,0.065978,0.007480,1,86720,88990,423982,363,0,0,0,579,0,0,0,333,0,0,0,215,0,0,0,232,0,0,0,6,0,0,0,7031334027601633389,5456185831645847680,5456185831645847680,16904186714130796775,1792949072391291499,5046118649296455196,0,0,0,0,0,0,0,0,0,0,0
324,5,662,8,10,0.030251,21883.76,0.013313,49726.89,0.012094,54737.91,0.012792,51750.77,0.015700,42165.66,0.015208,43529.22,0.019165,34541.59,0.031072,0.005638,0.006989,0.015208,0.058907,0.009008,3,82483,85458,398236,369,0,0,0,532,0,0,0,206,0,0,0,196,0,0,0,149,0,0,0,5,0,0,0,18085647294693618286,6865835512551331846,6865835512551331846,9840522183988034973,5815871321239812531,8986720745870450992,0,0,0,0,0,0,0,0,0,0,0
325,5,605,8,10,0.036075,16770.57,0.021036,28760.90,0.016136,37494.90,0.015757,38395.65,0.020986,28828.40,0.018406,32870.55,0.026046,23228.22,0.037079,0.005751,0.007527,0.018406,0.068762,0.007057,3,85540,87270,405006,236,0,0,0,349,0,0,0,229,0,0,0,160,0,0,0,152,0,0,0,5,0,0,0,9336180612506807667,10888793758553512682,10888793758553512682,13239865261905599558,12936507733142041155,11345306046362284894,0,0,0,0,0,0,0,0,0,0,0
326,5,731,8,10,0.034066,21458.15,0.014199,51481.49,0.013013,56173.47,0.013957,52374.30,0.015894,45992.60,0.013579,53832.48,0.022794,32070.18,0.034881,0.006712,0.012270,0.013579,0.067441,0.008091,1,102582,105287,348721,369,0,0,0,829,0,0,0,453,0,0,0,310,0,0,0,464,0,0,0,58,0,0,0,881664693052898044,15753854132563568839,15753854132563568839,5366815353276630154,2583501323536509078,8390932121595061289,0,0,0,0,0,0,0,0,0,0,0
327,5,1006,8,10,0.034934,28796.99,0.014931,67377.93,0.011542,87159.30,0.013691,73481.00,0.016270,61831.33,0.015288,65803.03,0.027395,36722.50,0.035736,0.007135,0.012806,0.015288,0.070965,0.014975,1,113117,127937,501561,500,0,0,0,599,0,0,0,320,0,0,0,172,0,0,0,338,0,0,0,9,0,0,0,17283547573163506944,16049311767975233780,16049311767975233780,1015137959331916633,15278498998087844976,4377681077295324913,0,0,0,0,0,0,0,0,0,0,0
328,5,1099,8,10,0.043960,24999.73,0.021109,52063.26,0.016153,68037.74,0.022429,48999.90,0.024161,45486.95,0.021657,50746.08,0.041630,26398.92,0.044906,0.006977,0.013337,0.021657,0.086877,0.014938,1,104162,162232,638192,556,0,0,0,549,0,0,0,235,0,0,0,191,0,0,0,158,0,0,0,6,0,0,0,3496408091370002618,3496408091370002618,3496408091370002618,9746706852288798010,16350654183180687120,9746706852288798010,0,0,0,0,0,0,0,0,0,0,0
329,5,693,8,10,0.027297,25387.24,0.011155,62127.01,0.009817,70588.47,0.010864,63788.09,0.012694,54592.24,0.012045,57533.92,0.018304,37861.20,0.027944,0.005248,0.005767,0.012045,0.051004,0.007656,4,83731,85946,524751,268,0,0,0,313,0,0,0,271,0,0,0,166,0,0,0,157,0,0,0,5,0,0,0,15009021017495753979,2933698492173602957,2933698492173602957,16932751387414537817,1462442079846110288,2674624768151944709,0,0,0,0,0,0,0,0,0,0,0
330,5,606,8,10,0.031589,19183.75,0.043466,13941.80,0.036426,16636.33,0.018959,31964.32,0.020647,29349.82,0.017010,35625.08,0.022680,26719.26,0.032151,0.004932,0.009277,0.017010,0.063371,0.006269,1,77170,79190,448697,354,0,0,0,634,0,0,0,223,0,0,0,190,0,0,0,248,0,0,0,2,0,0,0,959052533046500818,13851539530294559355,13851539530294559355,5463744734690862211,17059421146610359266,9046925873494773663,0,0,0,0,0,0,0,0,0,0,0
331,5,611,8,10,0.032492,18804.87,0.014001,43640.78,0.011713,52164.14,0.015279,39989.98,0.016348,37375.24,0.014261,42845.43,0.022810,26785.93,0.032855,0.005594,0.009061,0.014261,0.061769,0.006357,2,89484,91514,455922,290,0,0,0,479,0,0,0,360,0,0,0,195,0,0,0,190,0,0,0,7,0,0,0,5947588029802977418,786747800178450963,786747800178450963,17016463986280154968,17246780188163482393,13585594757861928391,0,0,0,0,0,0,0,0,0,0,0
332,5,615,8,10,0.046749,13155.42,0.023241,26461.65,0.017554,35034.07,0.030368,20251.64,0.032750,18778.51,0.022612,27197.75,0.038929,15797.99,0.047353,0.004977,0.009682,0.022612,0.084625,0.006297,1,78154,80294,560381,441,0,0,0,637,0,0,0,355,0,0,0,301,0,0,0,525,0,0,0,8,0,0,0,12750351948530077060,13820447744989307321,13820447744989307321,15320603004934759204,15715310338141274780,18272113497138017779,0,0,0,0,0,0,0,0,0,0,0
333,5,692,8,10,0.035199,19659.50,0.017881,38699.66,0.016131,42899.30,0.017488,39568.95,0.018906,36601.66,0.016815,41153.21,0.024723,27989.89,0.035826,0.006676,0.011427,0.016815,0.070744,0.009738,1,98345,102075,430375,493,0,0,0,792,0,0,0,441,0,0,0,346,0,0,0,421,0,0,0,7,0,0,0,17433552988456615148,8732746118691094223,8732746118691094223,3419042262340149284,8397761173838700506,13167647451363431614,0,0,0,0,0,0,0,0,0,0,0
334,5,751,8,10,0.031460,23871.32,0.013713,54764.86,0.012046,62344.84,0.013949,53837.65,0.015248,49253.70,0.014980,50134.82,0.022149,33906.11,0.032054,0.006033,0.005427,0.014980,0.058494,0.008248,5,89610,95695,578958,323,0,0,0,542,0,0,0,268,0,0,0,231,0,0,0,196,0,0,0,5,0,0,0,626510623288865200,626510623288865200,626510623288865200,13885989082826496275,16229145017747144756,7646507183542664800,0,0,0,0,0,0,0,0,0,0,0
335,5,665,8,10,0.028771,23113.24,0.016037,41467.49,0.014948,44486.12,0.016054,41422.92,0.017430,38151.91,0.016115,41265.27,0.020315,32733.94,0.029688,0.005141,0.006744,0.016115,0.057689,0.007040,3,81150,83810,297968,427,0,0,0,695,0,0,0,322,0,0,0,261,0,0,0,215,0,0,0,4,0,0,0,3626309068324585027,3626309068324585027,3626309068324585027,8580117617256580626,2851819059996365271,2091687602540843416,0,0,0,0,0,0,0,0,0,0,0
336,5,786,8,10,0.047356,16597.79,0.022709,34612.32,0.018358,42815.60,0.019642,40016.98,0.024436,32165.24,0.024677,31851.97,0.032141,24454.38,0.048457,0.006001,0.005798,0.024677,0.084933,0.009601,5,101257,105902,1039864,559,0,0,0,731,0,0,0,358,0,0,0,270,0,0,0,261,0,0,0,9,0,0,0,6168804080141344341,6168804080141344341,6168804080141344341,8638674094668794400,15574463700464755116,16107395705753552154,0,0,0,0,0,0,0,0,0,0,0
337,5,659,8,10,0.041279,15964.39,0.019682,33482.56,0.013585,48508.25,0.013952,47233.06,0.020180,32655.67,0.020453,32220.22,0.029348,22454.40,0.041832,0.005181,0.005569,0.020453,0.073036,0.006703,4,77882,80357,1042225,349,0,0,0,470,0,0,0,304,0,0,0,127,0,0,0,161,0,0,0,6,0,0,0,3661542525985925408,13202323738433411374,13202323738433411374,10546938859096356280,7358803813021139595,4736966688527928039,0,0,0,0,0,0,0,0,0,0,0
338,5,718,8,10,0.039157,18336.44,0.017484,41066.58,0.014972,47955.53,0.015098,47555.10,0.016939,42387.19,0.014253,50375.30,0.025094,28611.92,0.039620,0.005239,0.010380,0.014253,0.069491,0.007735,1,83558,86003,1354427,344,0,0,0,385,0,0,0,326,0,0,0,187,0,0,0,292,0,0,0,6,0,0,0,12544554083555317312,12544554083555317312,12544554083555317312,9460072764568335544,15813898853188061875,9460072764568335544,0,0,0,0,0,0,0,0,0,0,0
339,5,704,8,10,0.044666,15761.49,0.021841,32232.41,0.016032,43911.50,0.018274,38525.57,0.022594,31158.48,0.016909,41635.58,0.034379,20477.49,0.045448,0.006770,0.012735,0.016909,0.081862,0.008286,1,112848,115748,897155,456,0,0,0,668,0,0,0,416,0,0,0,251,0,0,0,354,0,0,0,18,0,0,0,942642317452376127,14052799026505545399,14052799026505545399,2842635190073349764,10417233182678188320,12232165332682300936,0,0,0,0,0,0,0,0,0,0,0
340,5,732,8,10,0.026307,27824.96,0.012606,58065.62,0.011494,63687.61,0.013979,52363.34,0.014820,49392.14,0.014976,48878.73,0.020573,35581.25,0.026969,0.005259,0.004831,0.014976,0.052035,0.007752,5,78439,82809,420717,266,0,0,0,403,0,0,0,310,0,0,0,163,0,0,0,144,0,0,0,2,0,0,0,18289340589544783161,18289340589544783161,18289340589544783161,4581725797167056351,4022161595597023685,13457127978299329583,0,0,0,0,0,0,0,0,0,0,0
341,5,733,8,10,0.033277,22027.37,0.017442,42025.71,0.017008,43097.60,0.018178,40323.61,0.019084,38408.93,0.017685,41447.46,0.023234,31548.91,0.033987,0.005791,0.011368,0.017685,0.068831,0.008637,1,90150,93720,464050,515,0,0,0,882,0,0,0,349,0,0,0,318,0,0,0,344,0,0,0,10,0,0,0,780846832838624849,18433680516000217617,18433680516000217617,10576987710645603719,5906189464401099306,11706226145363543720,0,0,0,0,0,0,0,0,0,0,0
342,5,650,8,10,0.033925,19159.87,0.015370,42289.48,0.013798,47108.01,0.017154,37891.35,0.019591,33178.29,0.017423,37306.44,0.025566,25424.30,0.034276,0.006071,0.010655,0.017423,0.068425,0.006887,1,88965,91210,466936,428,0,0,0,638,0,0,0,240,0,0,0,156,0,0,0,238,0,0,0,6,0,0,0,9993016764320457881,13143807404074322040,13143807404074322040,3546729258505606179,17849324929181351782,8453673448759921593,0,0,0,0,0,0,0,0,0,0,0
343,5,680,8,10,0.035364,19228.61,0.014911,45604.27,0.013339,50977.99,0.016375,41526.00,0.018883,36010.67,0.016399,41465.27,0.026312,25844.17,0.036000,0.006816,0.012125,0.016399,0.071340,0.007617,1,105262,108662,361375,368,0,0,0,655,0,0,0,300,0,0,0,243,0,0,0,367,0,0,0,16,0,0,0,16903295775385654537,14575898459204821983,14575898459204821983,8859127042967551100,16675750026801385332,8859127042967551100,0,0,0,0,0,0,0,0,0,0,0
344,5,709,8,10,0.031095,22800.87,0.015005,47249.49,0.013422,52825.24,0.014373,49329.07,0.016553,42832.22,0.013860,51153.74,0.017769,39900.50,0.031835,0.005555,0.010510,0.013860,0.061760,0.007816,1,84810,86770,548497,448,0,0,0,602,0,0,0,400,0,0,0,308,0,0,0,280,0,0,0,9,0,0,0,8020602029780053370,12059851064373278887,12059851064373278887,9287111681106258123,7639834287850414437,9287111681106258123,0,0,0,0,0,0,0,0,0,0,0
345,5,722,8,10,0.039950,18072.73,0.023300,30987.52,0.018834,38333.99,0.024945,28944.01,0.026702,27039.05,0.023395,30861.52,0.031638,22820.38,0.040837,0.005967,0.009688,0.023395,0.079887,0.008322,2,94708,97953,416454,424,0,0,0,515,0,0,0,266,0,0,0,219,0,0,0,291,0,0,0,7,0,0,0,2753585505372135608,385739353140207124,385739353140207124,18274607724102675827,11748922350668981890,12938535902952735490,0,0,0,0,0,0,0,0,0,0,0
346,5,700,8,10,0.031002,22579.00,0.016274,43013.26,0.013991,50033.25,0.015827,44228.19,0.017617,39733.82,0.016195,43224.34,0.021037,33274.59,0.031703,0.006187,0.009608,0.016195,0.063692,0.007983,2,96745,101235,436296,558,0,0,0,750,0,0,0,286,0,0,0,306,0,0,0,341,0,0,0,4,0,0,0,6298985713922603965,13082732611160543868,13082732611160543868,5072256793939111787,7895456732743820412,18146248017390768882,0,0,0,0,0,0,0,0,0,0,0
347,5,722,8,10,0.029848,24189.14,0.013999,51575.19,0.012143,59460.52,0.014737,48992.90,0.016424,43960.61,0.013569,53211.05,0.018713,38582.98,0.030356,0.005443,0.010478,0.013569,0.059845,0.007878,1,84648,86778,410997,348,0,0,0,530,0,0,0,392,0,0,0,202,0,0,0,287,0,0,0,5,0,0,0,5238931134148824686,15989113069110992689,15989113069110992689,6708548401248080564,11720765253702684680,11394461566687254966,0,0,0,0,0,0,0,0,0,0,0
348,5,788,8,10,0.046566,16922.23,0.026338,29918.99,0.016745,47057.79,0.019698,40004.55,0.028137,28006.18,0.018654,42242.14,0.037072,21255.80,0.047531,0.007675,0.013593,0.018654,0.087453,0.010499,1,117266,120601,379629,402,0,0,0,524,0,0,0,339,0,0,0,197,0,0,0,336,0,0,0,5,0,0,0,18257910868615756739,3189488365928334460,3189488365928334460,16346458744708348021,16182105065877559468,17512072560913155518,0,0,0,0,0,0,0,0,0,0,0
349,5,709,8,10,0.037246,19035.74,0.014293,49605.68,0.012947,54761.67,0.013590,52168.92,0.016435,43140.16,0.014698,48239.04,0.022993,30835.00,0.037700,0.006894,0.011280,0.014698,0.070572,0.008372,2,118451,120446,432584,334,0,0,0,588,0,0,0,284,0,0,0,220,0,0,0,236,0,0,0,5,0,0,0,6846717664148182158,15425040802970009018,15425040802970009018,14414342017187422060,4646301222820973193,12333695018047462100,0,0,0,0,0,0,0,0,0,0,0
350,5,730,8,10,0.034445,21193.24,0.017688,41271.94,0.014020,52069.57,0.014899,48996.76,0.018995,38430.32,0.015767,46298.37,0.022639,32245.37,0.035453,0.005607,0.011164,0.015767,0.067991,0.009914,1,88087,92032,539132,409,0,0,0,673,0,0,0,391,0,0,0,286,0,0,0,383,0,0,0,2,0,0,0,8328909681611683928,8328909681611683928,8328909681611683928,11692929538358874694,8603935757915001065,14471843488132422681,0,0,0,0,0,0,0,0,0,0,0
351,5,644,8,10,0.036330,17726.40,0.018213,35358.75,0.014610,44080.81,0.017256,37319.63,0.021267,30281.73,0.017920,35937.91,0.023580,27311.14,0.036763,0.005413,0.008876,0.017920,0.068971,0.007051,2,84792,86667,588513,373,0,0,0,624,0,0,0,360,0,0,0,206,0,0,0,277,0,0,0,3,0,0,0,13960306375137837860,10692562440920153176,10692562440920153176,6655132993721780392,8483540866403849358,14943556282621834884,0,0,0,0,0,0,0,0,0,0,0
352,5,732,8,10,0.036633,19981.99,0.018427,39725.24,0.014875,49210.29,0.018090,40464.48,0.019922,36743.49,0.018753,39033.85,0.023961,30550.07,0.037310,0.006086,0.009160,0.018753,0.071309,0.009633,2,94190,96150,371299,394,0,0,0,548,0,0,0,354,0,0,0,261,0,0,0,258,0,0,0,5,0,0,0,8441494673956489996,17773464038884764927,17773464038884764927,2289426353401507388,17390296798124486158,16719498629971688727,0,0,0,0,0,0,0,0,0,0,0
353,5,676,8,10,0.066716,10132.47,0.046771,14453.41,0.037637,17960.89,0.041855,16151.03,0.051228,13196.00,0.048164,14035.40,0.056762,11909.34,0.067561,0.008191,0.012943,0.048164,0.136859,0.008449,2,134757,136852,384862,340,0,0,0,535,0,0,0,433,0,0,0,232,0,0,0,232,0,0,0,4,0,0,0,2669201815291977935,15665546255207753007,15665546255207753007,7688869859680639918,6965918087945435988,7688869859680639918,0,0,0,0,0,0,0,0,0,0,0
354,5,691,8,10,0.032589,21203.34,0.013663,50575.79,0.013426,51466.81,0.014018,49293.59,0.018801,36753.30,0.015002,46060.64,0.022198,31128.71,0.032886,0.006080,0.009885,0.015002,0.063852,0.008656,2,96094,98599,414454,302,0,0,0,445,0,0,0,352,0,0,0,156,0,0,0,207,0,0,0,2,0,0,0,2276367931390087859,5438188760491223174,5438188760491223174,11957828925599775811,4836755871055479456,11902578864976734534,0,0,0,0,0,0,0,0,0,0,0
355,5,752,8,10,0.030458,24689.86,0.014691,51186.56,0.013507,55673.48,0.015781,47652.21,0.017488,43000.22,0.015421,48763.30,0.024737,30400.25,0.031207,0.005744,0.010993,0.015421,0.063366,0.008303,1,90779,115759,308284,349,0,0,0,508,0,0,0,418,0,0,0,207,0,0,0,420,0,0,0,7,0,0,0,11482292397122395326,14279352265089767743,14279352265089767743,5199665610747904623,8294623762272421705,8247239965765088918,0,0,0,0,0,0,0,0,0,0,0
356,5,654,8,10,0.027200,24044.36,0.011656,56110.40,0.010715,61036.44,0.012067,54196.56,0.012848,50901.12,0.011440,57169.54,0.016932,38624.03,0.027837,0.004751,0.009883,0.011440,0.053911,0.006654,1,72972,75127,496950,256,0,0,0,482,0,0,0,284,0,0,0,197,0,0,0,219,0,0,0,3,0,0,0,2449164601404394104,564324294868157867,564324294868157867,7035291643075309605,9084840456342219157,13176189441034681651,0,0,0,0,0,0,0,0,0,0,0
357,5,1004,8,10,0.041154,24396.40,0.018151,55314.92,0.012695,79088.68,0.014356,69937.76,0.018447,54425.43,0.015193,66082.66,0.036566,27457.19,0.042161,0.009048,0.013982,0.015193,0.080384,0.016843,2,143765,191065,478162,875,0,0,0,831,0,0,0,313,0,0,0,217,0,0,0,242,0,0,0,5,0,0,0,15084306708425544414,8254454419986965028,8254454419986965028,3890928973683551865,14941340768657834360,9206256393604486344,0,0,0,0,0,0,0,0,0,0,0
358,5,687,8,10,0.028294,24280.34,0.014694,46754.68,0.013697,50156.09,0.014983,45851.48,0.017050,40292.58,0.016708,41117.35,0.018942,36268.79,0.028986,0.005736,0.004932,0.016708,0.056361,0.007216,5,83601,86421,351915,535,0,0,0,862,0,0,0,333,0,0,0,248,0,0,0,259,0,0,0,13,0,0,0,18174623024788611402,5464994318910575386,5464994318910575386,17509673857007988356,6774357151671488509,5440881769915514994,0,0,0,0,0,0,0,0,0,0,0
359,5,667,8,10,0.039520,16877.63,0.021657,30798.23,0.018086,36879.25,0.021565,30929.84,0.026166,25490.66,0.019333,34500.61,0.029823,22365.48,0.040388,0.006315,0.011843,0.019333,0.077879,0.007660,1,103512,106202,411741,439,0,0,0,765,0,0,0,266,0,0,0,189,0,0,0,237,0,0,0,2,0,0,0,9502875670517213561,11363120910133344954,11363120910133344954,10084619423749747324,246007420694288831,9747827263208520339,0,0,0,0,0,0,0,0,0,0,0
360,5,641,8,10,0.030941,20717.10,0.016891,37949.87,0.016046,39948.13,0.018292,35041.97,0.018950,33826.69,0.017891,35827.73,0.021146,30313.30,0.031749,0.005474,0.006035,0.017891,0.061149,0.007036,4,89432,91907,317314,419,0,0,0,611,0,0,0,378,0,0,0,223,0,0,0,238,0,0,0,8,0,0,0,9911919849171834806,784689517117742504,784689517117742504,10833774446555545642,8747126675564473222,272158508608562619,0,0,0,0,0,0,0,0,0,0,0
361,5,618,8,10,0.028716,21521.00,0.015660,39463.83,0.014546,42484.62,0.016551,37339.92,0.018136,34075.39,0.017805,34709.97,0.020809,29699.32,0.029326,0.005270,0.006480,0.017805,0.058881,0.006300,3,77854,79634,440883,390,0,0,0,571,0,0,0,314,0,0,0,223,0,0,0,205,0,0,0,10,0,0,0,17019304224637062405,1331132994160013273,1331132994160013273,14384666056709899426,10840005612887932300,8391148524167215801,0,0,0,0,0,0,0,0,0,0,0
362,5,662,8,10,0.033493,19765.44,0.016694,39656.01,0.015437,42883.10,0.016494,40135.24,0.019049,34752.88,0.017346,38163.61,0.023233,28493.78,0.034119,0.006569,0.012044,0.017346,0.070078,0.007346,1,104232,105902,400889,430,0,0,0,615,0,0,0,295,0,0,0,219,0,0,0,311,0,0,0,3,0,0,0,3936563131462198918,3936563131462198918,3936563131462198918,10042176446740291214,17524197885252076855,4020063984469009776,0,0,0,0,0,0,0,0,0,0,0
363,5,766,8,10,0.043983,17415.66,0.021719,35268.60,0.014762,51891.18,0.022395,34204.63,0.025015,30621.89,0.023635,32409.30,0.033730,22709.51,0.045142,0.006402,0.012372,0.023635,0.087552,0.009970,1,101738,108228,406743,406,0,0,0,588,0,0,0,306,0,0,0,213,0,0,0,348,0,0,0,4,0,0,0,6492924179217611760,16789550289027061110,16789550289027061110,15163776547600090002,8581081615962487323,8526082070625355014,0,0,0,0,0,0,0,0,0,0,0
364,5,663,8,10,0.034020,19488.79,0.017434,38028.45,0.016647,39826.79,0.017878,37085.59,0.020091,33000.04,0.018547,35747.83,0.025041,26476.34,0.034789,0.005921,0.009582,0.018547,0.068840,0.007308,2,93096,95366,486236,379,0,0,0,611,0,0,0,337,0,0,0,155,0,0,0,218,0,0,0,4,0,0,0,10066762823879331513,11212571783911425884,11212571783911425884,10481917081450689392,14265626835284322573,12480832885897826249,0,0,0,0,0,0,0,0,0,0,0
365,5,733,8,10,0.038355,19111.11,0.021688,33798.24,0.020750,35325.26,0.021593,33946.11,0.022832,32104.65,0.018278,40103.15,0.029013,25264.11,0.039111,0.006218,0.007807,0.018278,0.071413,0.008973,3,103417,109167,395977,699,0,0,0,1101,0,0,0,363,0,0,0,212,0,0,0,268,0,0,0,7,0,0,0,2076903219998334082,14036809105465247983,14036809105465247983,8058357424279720687,5364836963269784924,15793379383930581939,0,0,0,0,0,0,0,0,0,0,0
366,5,962,8,10,0.029017,33152.69,0.013120,73324.86,0.012009,80109.86,0.015102,63700.30,0.016528,58205.90,0.013257,72567.47,0.039156,24568.10,0.029748,0.006355,0.008978,0.013257,0.058338,0.010562,2,90828,314668,456140,288,0,0,0,383,0,0,0,263,0,0,0,83,0,0,0,108,0,0,0,4,0,0,0,5053454650591085423,11252317570716503373,11252317570716503373,10683708958101841994,10067018474123258700,10002886869049541783,0,0,0,0,0,0,0,0,0,0,0
367,5,710,8,10,0.035882,19787.32,0.016264,43653.37,0.014778,48043.81,0.016947,41895.68,0.018791,37784.68,0.017069,41596.57,0.024892,28522.68,0.036681,0.006505,0.012333,0.017069,0.072588,0.008515,1,106370,108350,450714,359,0,0,0,574,0,0,0,293,0,0,0,244,0,0,0,247,0,0,0,5,0,0,0,17252178431315580811,6028014792084310015,6028014792084310015,15315268951713289785,12866250916253329555,6114988230340917702,0,0,0,0,0,0,0,0,0,0,0
368,5,703,8,10,0.034120,20603.47,0.018607,37780.48,0.016324,43065.96,0.018681,37631.70,0.022027,31915.19,0.018342,38327.49,0.022314,31504.58,0.034613,0.005754,0.011243,0.018342,0.069952,0.008187,1,88708,90563,335041,411,0,0,0,690,0,0,0,380,0,0,0,240,0,0,0,351,0,0,0,2,0,0,0,13108060422078876306,2578553863894813503,2578553863894813503,3103446979520448881,1056103579321388889,16157923838624346795,0,0,0,0,0,0,0,0,0,0,0
369,5,712,8,10,0.030523,23326.98,0.015188,46877.63,0.013256,53711.21,0.016407,43395.87,0.017650,40340.53,0.017200,41396.29,0.021127,33701.52,0.030996,0.005424,0.006090,0.017200,0.059710,0.007567,4,84383,89858,439433,357,0,0,0,586,0,0,0,443,0,0,0,235,0,0,0,281,0,0,0,4,0,0,0,16800747415708886939,16800747415708886939,16800747415708886939,13767232274686746050,15869118123919120344,819472029971655265,0,0,0,0,0,0,0,0,0,0,0
370,5,800,8,10,0.032770,24412.68,0.016606,48174.49,0.014940,53547.78,0.016833,47524.93,0.019058,41977.47,0.018439,43386.86,0.022400,35713.64,0.033519,0.006004,0.005465,0.018439,0.063426,0.009580,5,92391,95856,358170,421,0,0,0,688,0,0,0,425,0,0,0,225,0,0,0,253,0,0,0,6,0,0,0,3940820339856716430,2114976353625219641,2114976353625219641,872620051180062478,16913149250692435400,902692342723864734,0,0,0,0,0,0,0,0,0,0,0
371,5,693,8,10,0.064660,10717.58,0.044214,15673.84,0.034378,20157.95,0.034816,19904.55,0.044834,15457.06,0.036161,19164.15,0.054687,12672.17,0.064817,0.007192,0.012752,0.036161,0.120923,0.008090,2,112261,115286,471915,508,0,0,0,760,0,0,0,385,0,0,0,213,0,0,0,179,0,0,0,5,0,0,0,12722879425353836926,10478907924030997058,10478907924030997058,16298250780453124053,13869119253557443359,9016681735557227219,0,0,0,0,0,0,0,0,0,0,0
372,5,822,8,10,0.037758,21770.04,0.016436,50011.74,0.012024,68361.56,0.017638,46604.72,0.018989,43288.15,0.017223,47727.97,0.034113,24096.74,0.038371,0.006405,0.012324,0.017223,0.074323,0.010534,1,107856,153471,390429,788,0,0,0,910,0,0,0,249,0,0,0,177,0,0,0,277,0,0,0,1,0,0,0,16791410853584308608,16791410853584308608,16791410853584308608,845833245649434050,9130474162554663476,18092907939493529128,0,0,0,0,0,0,0,0,0,0,0
373,5,713,8,10,0.036349,19615.63,0.017103,41687.79,0.015842,45007.41,0.017396,40986.61,0.017805,40044.55,0.015934,44746.35,0.023462,30389.16,0.036960,0.006311,0.012302,0.015934,0.071508,0.008530,1,104395,107120,345210,425,0,0,0,675,0,0,0,303,0,0,0,236,0,0,0,376,0,0,0,5,0,0,0,5990251893571747212,3115870571716718057,3115870571716718057,15805192127375875971,1003155689873158266,17398623785732445033,0,0,0,0,0,0,0,0,0,0,0
374,5,694,8,10,0.046862,14809.39,0.024142,28746.24,0.015843,43805.36,0.019783,35080.36,0.025596,27113.09,0.020091,34543.22,0.032419,21407.39,0.047479,0.005979,0.008888,0.020091,0.082438,0.007963,2,91306,92876,444740,281,0,0,0,439,0,0,0,301,0,0,0,243,0,0,0,297,0,0,0,2,0,0,0,1519203650478260941,3066473741867810797,3066473741867810797,7521456695497481061,12406423645299986557,4847818746654897009,0,0,0,0,0,0,0,0,0,0,0
375,5,600,8,10,0.029905,20063.72,0.015564,38551.51,0.013583,44172.21,0.017625,34043.50,0.018449,32522.64,0.018451,32518.75,0.023900,25104.71,0.030233,0.004764,0.007788,0.018451,0.061236,0.005969,2,74770,76945,472334,336,0,0,0,436,0,0,0,276,0,0,0,138,0,0,0,199,0,0,0,3,0,0,0,6502738185142392335,5614999473631311372,5614999473631311372,17128844584364327445,4247611281405812857,11191927741612280837,0,0,0,0,0,0,0,0,0,0,0
376,5,713,8,10,0.034143,20882.64,0.016496,43223.44,0.014633,48725.79,0.017176,41511.51,0.019478,36605.96,0.017511,40716.92,0.024842,28701.66,0.034899,0.006141,0.008465,0.017511,0.067017,0.007843,3,92302,94917,339854,367,0,0,0,581,0,0,0,347,0,0,0,166,0,0,0,166,0,0,0,8,0,0,0,3376747617682114153,6012059609571275864,6012059609571275864,4124378886334128595,14519489109187067253,13919552284923032047,0,0,0,0,0,0,0,0,0,0,0
377,5,655,8,10,0.038243,17127.17,0.019573,33464.59,0.014831,44163.97,0.016234,40347.70,0.020415,32084.53,0.020347,32190.74,0.025718,25468.65,0.038946,0.005733,0.005390,0.020347,0.070416,0.007567,5,87892,90022,456047,461,0,0,0,618,0,0,0,338,0,0,0,304,0,0,0,272,0,0,0,2,0,0,0,13353743793216054933,9463216544837428396,9463216544837428396,12936907141931809389,2547170699318979856,11100913577587658793,0,0,0,0,0,0,0,0,0,0,0
378,5,670,8,10,0.033114,20232.87,0.018361,36489.68,0.014765,45377.96,0.016409,40832.26,0.018922,35408.84,0.016989,39438.01,0.022751,29448.73,0.033766,0.006083,0.011722,0.016989,0.068559,0.007552,1,99005,100990,281482,414,0,0,0,664,0,0,0,344,0,0,0,235,0,0,0,376,0,0,0,11,0,0,0,16957936162306871351,16957936162306871351,16957936162306871351,17312611804331324994,9483324109495740672,1076172698797480018,0,0,0,0,0,0,0,0,0,0,0
379,5,661,8,10,0.032012,20648.59,0.013761,48035.71,0.013385,49384.76,0.014166,46661.33,0.016746,39471.61,0.015821,41780.32,0.021047,31405.39,0.032525,0.005654,0.006279,0.015821,0.060279,0.007340,4,89651,91256,426035,340,0,0,0,505,0,0,0,325,0,0,0,222,0,0,0,195,0,0,0,6,0,0,0,9629367245300437074,9629367245300437074,9629367245300437074,13035601216309329938,16192644380163797339,8567412636064732934,0,0,0,0,0,0,0,0,0,0,0
380,5,793,8,10,0.038592,20548.04,0.035675,22228.23,0.021874,36253.88,0.021835,36317.97,0.021749,36461.77,0.020436,38803.21,0.028141,28179.71,0.039296,0.006662,0.011741,0.020436,0.078136,0.009625,1,107907,114647,545644,633,0,0,0,1018,0,0,0,366,0,0,0,208,0,0,0,323,0,0,0,4,0,0,0,9721767732384281217,9721767732384281217,9721767732384281217,14952602971583084972,12612982426093755553,5659414321804700990,0,0,0,0,0,0,0,0,0,0,0
381,5,653,8,10,0.034833,18746.33,0.021766,30001.11,0.017174,38023.22,0.019363,33724.34,0.020798,31396.83,0.022689,28780.19,0.027210,23998.36,0.035633,0.005199,0.006682,0.022689,0.070203,0.007452,3,86095,90980,363284,598,0,0,0,739,0,0,0,327,0,0,0,287,0,0,0,274,0,0,0,12,0,0,0,11019613805457662094,396151085582700652,396151085582700652,7945240896026696138,3408959872096738669,7688813196407544799,0,0,0,0,0,0,0,0,0,0,0
382,5,700,8,10,0.044797,15626.17,0.026780,26138.84,0.017976,38941.33,0.029535,23701.08,0.031854,21975.45,0.030439,22996.45,0.033976,20603.00,0.045872,0.005952,0.011251,0.030439,0.093515,0.008621,1,92723,94943,567575,398,0,0,0,614,0,0,0,361,0,0,0,249,0,0,0,249,0,0,0,6,0,0,0,13895247290167716918,585838835377180695,585838835377180695,8761719493776610301,8303627807061248227,14065590998610673277,0,0,0,0,0,0,0,0,0,0,0
383,5,660,8,10,0.043360,15221.27,0.019997,33004.53,0.013535,48762.85,0.016295,40503.27,0.023809,27720.37,0.016471,40071.00,0.029099,22681.31,0.043846,0.006360,0.010120,0.016471,0.076797,0.007727,2,98754,101279,497734,354,0,0,0,542,0,0,0,330,0,0,0,178,0,0,0,182,0,0,0,2,0,0,0,13135127660195443904,11739028437763924037,11739028437763924037,5583513400223225283,5273370515556123758,7246372895579755818,0,0,0,0,0,0,0,0,0,0,0
384,5,739,8,10,0.040098,18429.72,0.020011,36930.50,0.019403,38086.77,0.020058,36842.52,0.021790,33914.45,0.043645,16932.18,0.027324,27046.11,0.040823,0.007112,0.013174,0.043645,0.104754,0.009111,1,117251,119991,333619,450,0,0,0,858,0,0,0,383,0,0,0,306,0,0,0,0,0,0,0,22,0,0,0,8290241171350997244,8290241171350997244,8290241171350997244,3824123502692434895,13109650927697130882,10334786869022554690,0,0,0,0,0,0,0,0,0,0,1
385,5,709,8,10,0.055491,12776.80,0.026288,26969.98,0.020104,35266.03,0.028700,24704.07,0.033615,21091.81,0.025270,28056.97,0.042022,16871.99,0.055969,0.006110,0.011238,0.025270,0.098587,0.007888,1,92678,94678,549054,370,0,0,0,680,0,0,0,365,0,0,0,195,0,0,0,229,0,0,0,13,0,0,0,1050752783939725156,1050752783939725156,1050752783939725156,6806516452492571305,6526589582015832396,5017306704836705755,0,0,0,0,0,0,0,0,0,0,0
386,5,705,8,10,0.037478,18810.88,0.019033,37040.48,0.016898,41720.51,0.021222,33219.98,0.023149,30454.44,0.021793,32350.08,0.028267,24940.79,0.038262,0.006332,0.010627,0.021793,0.077014,0.008235,2,103527,106947,436660,381,0,0,0,729,0,0,0,231,0,0,0,239,0,0,0,275,0,0,0,3,0,0,0,14506319080170197167,5729299519707877496,5729299519707877496,3974631188764815460,14675672803955981770,3974631188764815460,0,0,0,0,0,0,0,0,0,0,0
387,5,1080,8,10,0.045292,23845.53,0.021672,49833.57,0.017703,61005.48,0.017167,62909.72,0.022291,48449.12,0.016550,65255.43,0.041032,26320.94,0.046158,0.008766,0.017285,0.016550,0.088759,0.018505,1,138350,195020,553345,754,0,0,0,885,0,0,0,332,0,0,0,254,0,0,0,270,0,0,0,6,0,0,0,7375735031094119470,10393903365220983572,10393903365220983572,13792459943419910431,6574741501522968523,11627406729333585785,0,0,0,0,0,0,0,0,0,0,0
388,5,695,8,10,0.030682,22651.86,0.014907,46623.46,0.013381,51939.71,0.015009,46306.81,0.016947,41010.88,0.015850,43847.72,0.021927,31696.77,0.031528,0.006024,0.011135,0.015850,0.064537,0.007807,1,95093,97193,334271,368,0,0,0,661,0,0,0,332,0,0,0,270,0,0,0,268,0,0,0,11,0,0,0,15433106265828599846,17063397465534744305,17063397465534744305,9531328178690335580,13597063437944536290,13010630140258526317,0,0,0,0,0,0,0,0,0,0,0
389,5,721,8,10,0.041155,17519.13,0.021594,33389.66,0.016339,44127.58,0.017873,40339.99,0.022715,31741.76,0.016924,42602.01,0.034082,21154.75,0.041952,0.006808,0.012330,0.016924,0.078014,0.008041,1,110117,114667,444128,412,0,0,0,613,0,0,0,290,0,0,0,253,0,0,0,279,0,0,0,26,0,0,0,10459362553240038271,11270568019242697878,11270568019242697878,10065974303294322498,11875873239311361457,5273285369745655018,0,0,0,0,0,0,0,0,0,0,0
390,5,796,8,10,0.062854,12664.35,0.046223,17220.86,0.074124,10738.73,0.073672,10804.66,0.048750,16328.23,0.016526,48165.65,0.053438,14895.87,0.063043,0.008719,0.014494,0.016526,0.102782,0.009889,1,123706,125846,470552,666,0,0,0,1170,0,0,0,751,0,0,0,961,0,0,0,758,0,0,0,4,0,0,0,7296036503694440623,10219278153106678726,10219278153106678726,5152828561864838796,8579267007577782223,5152828561864838796,0,0,0,0,0,0,0,0,0,0,0
391,5,664,8,10,0.036203,18341.12,0.017014,39027.56,0.012180,54517.78,0.018915,35104.98,0.020892,31782.07,0.020014,33176.57,0.026315,25233.02,0.037028,0.006482,0.011626,0.020014,0.075149,0.007369,1,97358,98953,505463,286,0,0,0,423,0,0,0,324,0,0,0,155,0,0,0,329,0,0,0,5,0,0,0,2616528698913633061,11569174313899421606,11569174313899421606,16507535820643742498,12189553475691614993,10728055489389668906,0,0,0,0,0,0,0,0,0,0,0
392,5,669,8,10,0.032776,20411.13,0.016361,40891.13,0.014482,46196.71,0.016715,40023.90,0.018814,35558.70,0.017425,38393.68,0.023469,28506.20,0.033507,0.005648,0.006186,0.017425,0.062765,0.007454,4,86798,88968,415394,384,0,0,0,652,0,0,0,333,0,0,0,276,0,0,0,254,0,0,0,7,0,0,0,6730102200235463538,6730102200235463538,6730102200235463538,7982612492351068591,1580924512728362119,1854836988078388995,0,0,0,0,0,0,0,0,0,0,0
393,5,708,8,10,0.037577,18841.15,0.017846,39672.72,0.016211,43674.09,0.021317,33213.41,0.023989,29513.16,0.023700,29873.52,0.028710,24660.79,0.038050,0.005905,0.005360,0.023700,0.073015,0.008012,5,91478,93943,496511,407,0,0,0,634,0,0,0,444,0,0,0,188,0,0,0,205,0,0,0,4,0,0,0,12925548568264246577,17500427603797311001,17500427603797311001,309723585852516663,4411591750764930164,771123804534688703,0,0,0,0,0,0,0,0,0,0,0
394,5,807,8,10,0.034238,23570.36,0.018660,43246.98,0.018111,44558.37,0.019954,40442.14,0.021926,36804.97,0.020293,39767.68,0.026387,30582.83,0.035043,0.006110,0.009713,0.020293,0.071160,0.009905,2,96417,101787,474497,438,0,0,0,506,0,0,0,332,0,0,0,291,0,0,0,290,0,0,0,6,0,0,0,3051054793733194420,1611663852632818004,1611663852632818004,14940765211515193741,7979904370925842224,4922150721519884846,0,0,0,0,0,0,0,0,0,0,0
395,5,779,8,10,0.046692,16683.82,0.026209,29722.21,0.018062,43130.05,0.029541,26370.55,0.032899,23678.38,0.031094,25052.83,0.039915,19516.63,0.047692,0.006326,0.012305,0.031094,0.097417,0.009613,1,108439,113379,435845,533,0,0,0,794,0,0,0,419,0,0,0,232,0,0,0,363,0,0,0,6,0,0,0,17385580649676636705,17385580649676636705,17385580649676636705,12245510985599731372,11359169497295024227,12245510985599731372,0,0,0,0,0,0,0,0,0,0,0
396,5,738,8,10,0.049465,14919.63,0.029120,25343.62,0.021844,33785.21,0.024441,30194.62,0.032352,22811.31,0.032609,22631.90,0.039619,18627.20,0.050214,0.005609,0.008002,0.032609,0.096435,0.008259,4,89531,93611,451401,423,0,0,0,714,0,0,0,390,0,0,0,246,0,0,0,272,0,0,0,6,0,0,0,16786051682565010468,16786051682565010468,16786051682565010468,12448493857313528139,364060132488611965,9896589877021371266,0,0,0,0,0,0,0,0,0,0,0
397,5,822,8,10,0.037288,22044.76,0.016545,49682.11,0.013882,59213.00,0.016686,49263.97,0.018044,45556.15,0.016221,50674.41,0.025829,31824.14,0.038032,0.007033,0.012480,0.016221,0.073765,0.010721,1,108114,110734,531153,437,0,0,0,654,0,0,0,318,0,0,0,246,0,0,0,268,0,0,0,11,0,0,0,959959903887450075,94006564549426070,94006564549426070,11771005582465034354,14793130638444601431,11771005582465034354,0,0,0,0,0,0,0,0,0,0,0
398,5,792,8,10,0.039318,20143.20,0.020431,38765.09,0.018046,43886.95,0.019532,40548.38,0.022828,34694.66,0.019843,39913.21,0.029624,26734.91,0.040785,0.006482,0.009511,0.019843,0.076622,0.011411,3,107783,112903,470640,493,0,0,0,720,0,0,0,274,0,0,0,184,0,0,0,152,0,0,0,7,0,0,0,1037620080655056769,12408607942958115701,12408607942958115701,2984979318242006544,8072540792210316634,2984979318242006544,0,0,0,0,0,0,0,0,0,0,0
399,5,640,8,10,0.035321,18119.44,0.016511,38761.72,0.014191,45098.29,0.018524,34550.50,0.019914,32138.25,0.018956,33761.59,0.026669,23998.25,0.035780,0.006445,0.008512,0.018956,0.069694,0.007143,3,101091,103231,521037,317,0,0,0,479,0,0,0,282,0,0,0,170,0,0,0,189,0,0,0,3,0,0,0,8071671502213291950,1297107935961598081,1297107935961598081,1069597799556420582,4789570539519636252,17509842164221063903,0,0,0,0,0,0,0,0,0,0,0
400,5,750,8,10,0.034265,21888.32,0.017008,44098.18,0.016346,45883.03,0.020996,35720.78,0.020033,37438.78,0.019955,37585.03,0.025190,29773.93,0.034771,0.005885,0.005554,0.019955,0.066165,0.008944,5,91853,95963,414605,392,0,0,0,582,0,0,0,279,0,0,0,128,0,0,0,122,0,0,0,3,0,0,0,2619244917609258076,10900499068583825911,10900499068583825911,877757150621225658,252552830156725928,16475496782488666108,0,0,0,0,0,0,0,0,0,0,0
401,5,680,8,10,0.041916,16222.87,0.024576,27668.84,0.016237,41880.59,0.022856,29751.90,0.028894,23533.98,0.020431,33282.47,0.030619,22208.07,0.042429,0.005668,0.011292,0.020431,0.079820,0.007682,1,89516,91116,441124,357,0,0,0,658,0,0,0,336,0,0,0,231,0,0,0,287,0,0,0,2,0,0,0,14571429662725177069,10070266952812293714,10070266952812293714,12444380381943340803,10754825058276891417,14059092254123427365,0,0,0,0,0,0,0,0,0,0,0
402,5,721,8,10,0.026844,26859.07,0.013277,54306.28,0.013510,53367.87,0.014104,51119.44,0.016270,44315.51,0.016015,45021.49,0.017195,41930.48,0.027718,0.005712,0.005226,0.016015,0.054671,0.007976,5,82935,84750,339436,341,0,0,0,492,0,0,0,342,0,0,0,203,0,0,0,185,0,0,0,1,0,0,0,17913024576599720280,17913024576599720280,17913024576599720280,7167344751814727628,9279330889361305325,7167344751814727628,0,0,0,0,0,0,0,0,0,0,0
403,5,787,8,10,0.031110,25297.46,0.016564,47512.46,0.015822,49741.28,0.016162,48692.97,0.018217,43202.06,0.017267,45577.57,0.021560,36502.96,0.031925,0.005672,0.005472,0.017267,0.060336,0.009601,5,91573,93863,439492,347,0,0,0,565,0,0,0,290,0,0,0,189,0,0,0,205,0,0,0,6,0,0,0,9463591341235030034,9463591341235030034,9463591341235030034,8231237566385192149,1813150270202729961,3748743579716515073,0,0,0,0,0,0,0,0,0,0,0
404,5,715,8,10,0.037049,19298.54,0.019328,36993.64,0.014938,47864.07,0.017601,40621.60,0.021742,32886.35,0.017010,42034.57,0.027881,25644.36,0.038015,0.005632,0.010999,0.017010,0.071656,0.008381,1,88552,91162,375979,388,0,0,0,655,0,0,0,325,0,0,0,202,0,0,0,222,0,0,0,7,0,0,0,7995328911896545160,9665031558918837573,9665031558918837573,10107166889519540073,1853071183725379966,15142234081761266631,0,0,0,0,0,0,0,0,0,0,0
405,5,794,8,10,0.036047,22026.94,0.018566,42765.61,0.017801,44604.55,0.019498,40721.59,0.022590,35147.84,0.021710,36573.04,0.029694,26739.81,0.036901,0.006333,0.007819,0.021710,0.072763,0.010332,3,103096,112016,577337,632,0,0,0,811,0,0,0,270,0,0,0,232,0,0,0,245,0,0,0,4,0,0,0,15932142108167876042,15932142108167876042,15932142108167876042,4010896543221459966,12177223055063289796,8264330212335796173,0,0,0,0,0,0,0,0,0,0,0
406,5,691,8,10,0.034654,19940.01,0.015504,44570.02,0.013730,50328.11,0.018317,37725.29,0.020082,34409.67,0.017009,40625.10,0.024145,28618.86,0.035129,0.005771,0.011332,0.017009,0.069241,0.007918,1,89330,91675,461775,366,0,0,0,511,0,0,0,236,0,0,0,213,0,0,0,233,0,0,0,5,0,0,0,3563061329646253487,6142718236475776746,6142718236475776746,14992887633996656530,6499945998121087354,3258952729549703422,0,0,0,0,0,0,0,0,0,0,0
407,5,784,8,10,0.048689,16102.28,0.027492,28517.58,0.019229,40771.79,0.028023,27976.82,0.030345,25836.46,0.031083,25222.69,0.038197,20525.43,0.049611,0.006779,0.007116,0.031083,0.094589,0.010345,4,103074,114334,538018,632,0,0,0,1079,0,0,0,346,0,0,0,291,0,0,0,345,0,0,0,21,0,0,0,14347645889634185472,10946609617321285971,10946609617321285971,1115887898325968474,1466614606897024339,11928313374245700374,0,0,0,0,0,0,0,0,0,0,0
408,5,655,8,10,0.031533,20771.77,0.015093,43396.37,0.014132,46347.35,0.016443,39834.56,0.019025,34429.15,0.016452,39813.26,0.023071,28390.62,0.032066,0.005332,0.005057,0.016452,0.058907,0.007158,5,83225,85040,430948,396,0,0,0,659,0,0,0,256,0,0,0,187,0,0,0,187,0,0,0,7,0,0,0,8470154237316390375,12411063181329715870,12411063181329715870,16222322481827980406,5327169079803475049,753757026329514668,0,0,0,0,0,0,0,0,0,0,0
409,5,794,8,10,0.039421,20141.37,0.020109,39485.13,0.017921,44304.33,0.019383,40964.29,0.021364,37165.26,0.019147,41469.22,0.029088,27296.52,0.040091,0.006318,0.006308,0.019147,0.071864,0.010012,5,96659,100879,457562,495,0,0,0,672,0,0,0,298,0,0,0,253,0,0,0,235,0,0,0,2,0,0,0,13587788474617004418,13587788474617004418,13587788474617004418,15709998260520108378,17601470383472771228,267635840553031704,0,0,0,0,0,0,0,0,0,0,0
410,5,728,8,10,0.032827,22176.95,0.016766,43422.18,0.015759,46195.15,0.017061,42669.96,0.018984,38348.19,0.017311,42053.30,0.022307,32635.01,0.033595,0.005801,0.011467,0.017311,0.068174,0.008607,1,96280,99420,407681,411,0,0,0,679,0,0,0,361,0,0,0,233,0,0,0,349,0,0,0,2,0,0,0,3808160049982380670,13131863798425141341,13131863798425141341,17110395989416662420,12883051058221538666,10799915686198822954,0,0,0,0,0,0,0,0,0,0,0
411,5,743,8,10,0.035862,20718.27,0.017684,42016.29,0.016095,46162.83,0.018896,39319.59,0.021041,35312.29,0.019396,38307.70,0.023080,32191.74,0.036797,0.006388,0.012513,0.019396,0.075093,0.010862,1,93248,96158,552234,469,0,0,0,582,0,0,0,362,0,0,0,275,0,0,0,268,0,0,0,15,0,0,0,16891681720489784510,16891681720489784510,16891681720489784510,6578461812260217180,18033064293905914946,5112588169680102675,0,0,0,0,0,0,0,0,0,0,0
412,5,650,8,10,0.034219,18995.16,0.018548,35044.13,0.014892,43646.98,0.016540,39297.83,0.021977,29576.47,0.021603,30088.41,0.027083,24000.09,0.035326,0.005353,0.004998,0.021603,0.067281,0.007085,5,79529,81679,397930,336,0,0,0,556,0,0,0,334,0,0,0,220,0,0,0,199,0,0,0,4,0,0,0,11673602290352609086,2198842624775104761,2198842624775104761,416065471513005648,14348555742913245560,9942265908823695105,0,0,0,0,0,0,0,0,0,0,0
413,5,921,8,10,0.037925,24285.05,0.018367,50144.14,0.016865,54610.69,0.020106,45806.96,0.022192,41501.39,0.020555,44806.19,0.027578,33395.99,0.039012,0.007479,0.013575,0.020555,0.080621,0.013512,1,105275,110770,572565,397,0,0,0,669,0,0,0,338,0,0,0,228,0,0,0,287,0,0,0,5,0,0,0,7456219269507357037,17331818289177828050,17331818289177828050,1448188989611443046,6676167245059791734,15737350858238618065,0,0,0,0,0,0,0,0,0,0,0
414,5,677,8,10,0.037084,18255.76,0.017821,37988.98,0.014377,47090.34,0.017081,39634.57,0.021618,31316.32,0.016072,42122.89,0.026296,25745.40,0.037836,0.006193,0.011514,0.016072,0.071615,0.007919,1,95671,97621,428360,402,0,0,0,563,0,0,0,386,0,0,0,208,0,0,0,289,0,0,0,0,0,0,0,11176964102068706401,11289828062517263708,11289828062517263708,5149435213089216131,14925790182045751574,891452591290153633,0,0,0,0,0,0,0,0,0,0,0
415,5,728,8,10,0.043506,16733.50,0.019293,37734.63,0.016882,43122.78,0.018604,39131.98,0.022389,32516.55,0.017236,42238.30,0.031200,23333.70,0.044258,0.006775,0.012693,0.017236,0.080961,0.008977,1,106525,108780,534978,482,0,0,0,747,0,0,0,397,0,0,0,277,0,0,0,345,0,0,0,11,0,0,0,11980331310003886125,11980331310003886125,11980331310003886125,12451101015313316516,15257067291104653659,12505398765798106767,0,0,0,0,0,0,0,0,0,0,0
416,5,794,8,10,0.032010,24805.06,0.017063,46533.79,0.016193,49032.44,0.017742,44752.33,0.020474,38781.52,0.017991,44132.20,0.024406,32532.74,0.032654,0.006740,0.011551,0.017991,0.068937,0.012416,1,99854,112214,360476,543,0,0,0,647,0,0,0,306,0,0,0,255,0,0,0,278,0,0,0,10,0,0,0,14832446228630399160,748283892893174003,748283892893174003,8240674650200624885,15683468567274241319,429144623658677257,0,0,0,0,0,0,0,0,0,0,0
417,5,806,8,10,0.032975,24442.48,0.014015,57508.03,0.012460,64685.45,0.015544,51851.19,0.016123,49992.15,0.016129,49972.47,0.022094,36479.86,0.033555,0.005828,0.005151,0.016129,0.060662,0.009604,5,89623,92963,479588,542,0,0,0,735,0,0,0,484,0,0,0,414,0,0,0,414,0,0,0,43,0,0,0,13406791739618481278,6425177302057685751,6425177302057685751,2185020370509830684,5273120777223676220,2185020370509830684,0,0,0,0,0,0,0,0,0,0,0
418,5,660,8,10,0.034032,19393.45,0.016077,41052.13,0.012110,54501.07,0.014899,44299.61,0.017798,37081.80,0.015906,41495.04,0.023244,28394.88,0.034638,0.005482,0.005793,0.015906,0.061819,0.006949,4,81828,83493,385558,346,0,0,0,498,0,0,0,434,0,0,0,193,0,0,0,174,0,0,0,5,0,0,0,14889653605723547654,15555449337140944360,15555449337140944360,13814329431564491268,16929827746290724972,6660788729382756036,0,0,0,0,0,0,0,0,0,0,0
419,5,796,8,10,0.049115,16206.81,0.026292,30275.06,0.016865,47199.69,0.021020,37867.84,0.029515,26969.29,0.030023,26512.58,0.041610,19129.85,0.050154,0.007129,0.013816,0.030023,0.101123,0.013848,1,109452,129597,338385,771,0,0,0,877,0,0,0,318,0,0,0,251,0,0,0,200,0,0,0,8,0,0,0,1380663395981701289,3965234416148985822,3965234416148985822,10971939170279893469,13011619969146114199,10200622740996999556,0,0,0,0,0,0,0,0,0,0,0
420,5,707,8,10,0.039278,18000.09,0.021775,32467.95,0.014885,47497.83,0.022638,31230.17,0.025186,28071.29,0.022598,31285.88,0.029150,24254.19,0.039984,0.005708,0.011088,0.022598,0.079378,0.008284,1,93201,94936,613297,335,0,0,0,535,0,0,0,277,0,0,0,200,0,0,0,291,0,0,0,2,0,0,0,15732876631100065896,4421179806978682767,4421179806978682767,10936290981941340884,7793616570048141423,15377935190894535448,0,0,0,0,0,0,0,0,0,0,0
421,5,775,8,10,0.039187,19777.08,0.021714,35690.96,0.015670,49458.50,0.017349,44670.37,0.023978,32320.93,0.017771,43610.75,0.031041,24967.04,0.039944,0.006042,0.011656,0.017771,0.075413,0.009558,1,94474,98644,430637,452,0,0,0,748,0,0,0,352,0,0,0,215,0,0,0,202,0,0,0,6,0,0,0,8440120205096698323,12982882069497524676,12982882069497524676,4372733667507432590,6267920197266626538,15607949679694861285,0,0,0,0,0,0,0,0,0,0,0
422,5,934,8,10,0.034535,27045.02,0.016953,55093.07,0.013329,70073.42,0.013683,68259.04,0.017841,52350.92,0.015740,59340.33,0.037753,24739.43,0.035477,0.006807,0.009604,0.015740,0.067628,0.013207,2,112235,156520,366746,1059,0,0,0,1241,0,0,0,335,0,0,0,171,0,0,0,240,0,0,0,30,0,0,0,15770951078766338797,12733669874451486546,12733669874451486546,10740342041237169665,1018097224867591876,7517550194241197679,0,0,0,0,0,0,0,0,0,0,0
423,5,695,8,10,0.026035,26694.82,0.012412,55994.82,0.011113,62538.07,0.013220,52572.28,0.014602,47596.80,0.014100,49292.21,0.018273,38034.55,0.026530,0.004910,0.004422,0.014100,0.049961,0.007014,5,74106,75621,482427,266,0,0,0,506,0,0,0,211,0,0,0,183,0,0,0,177,0,0,0,4,0,0,0,12547007956041669402,7934668851360207621,7934668851360207621,11174775505760244678,15119211072622029960,2148132051246300501,0,0,0,0,0,0,0,0,0,0,0
424,5,796,8,10,0.034295,23210.33,0.020292,39226.81,0.018971,41959.27,0.020476,38875.44,0.021629,36802.46,0.017922,44415.34,0.028935,27509.60,0.035198,0.005592,0.010994,0.017922,0.069706,0.009222,1,93016,97351,323052,553,0,0,0,1019,0,0,0,358,0,0,0,240,0,0,0,322,0,0,0,12,0,0,0,3387460787756735019,4245210172489453398,4245210172489453398,14636327366741146363,3028030653669830617,9556009261029645646,0,0,0,0,0,0,0,0,0,0,0
425,5,733,8,10,0.034346,21341.71,0.016070,45613.76,0.014672,49958.99,0.018398,39841.77,0.020570,35634.56,0.017892,40967.75,0.026456,27706.72,0.035064,0.005642,0.010208,0.017892,0.068807,0.008575,2,101172,104142,407363,420,0,0,0,617,0,0,0,313,0,0,0,186,0,0,0,267,0,0,0,6,0,0,0,3548470484667119370,12737971222052722369,12737971222052722369,6497597832313976367,7175053963824552340,12165750262452565195,0,0,0,0,0,0,0,0,0,0,0
426,5,717,8,10,0.032538,22036.10,0.017546,40862.88,0.015179,47237.32,0.018587,38574.41,0.020449,35062.07,0.017374,41268.54,0.023789,30139.93,0.033229,0.005840,0.010838,0.017374,0.067281,0.008369,1,91711,95021,473225,413,0,0,0,527,0,0,0,328,0,0,0,214,0,0,0,277,0,0,0,25,0,0,0,9683743385980467243,1441095625447218616,1441095625447218616,12352051077490449048,5872105083578360999,14321414504211899033,0,0,0,0,0,0,0,0,0,0,0
427,5,653,8,10,0.026335,24795.66,0.014162,46110.78,0.014059,46447.32,0.015253,42811.28,0.016820,38823.14,0.016512,39547.29,0.019669,33199.66,0.027008,0.004818,0.009332,0.016512,0.057670,0.006576,1,72902,74727,451202,336,0,0,0,495,0,0,0,231,0,0,0,147,0,0,0,237,0,0,0,3,0,0,0,16387611145749103682,14582211805737584156,14582211805737584156,3843964825351827031,1935937910166752945,6585721286390742573,0,0,0,0,0,0,0,0,0,0,0
428,5,644,8,10,0.033169,19415.44,0.016372,39334.76,0.011979,53761.55,0.019074,33763.71,0.019904,32356.02,0.019090,33735.30,0.023695,27178.51,0.033800,0.005084,0.005834,0.019090,0.063808,0.007073,4,84882,86567,405518,296,0,0,0,485,0,0,0,236,0,0,0,146,0,0,0,124,0,0,0,3,0,0,0,8512393875027306213,9843589390154904339,9843589390154904339,15529670556961541822,17799206183952742742,1789054329487926927,0,0,0,0,0,0,0,0,0,0,0
429,5,797,8,10,0.032051,24866.54,0.016246,49058.30,0.011531,69120.09,0.013863,57491.96,0.017989,44305.91,0.012337,64601.73,0.023682,33653.67,0.032741,0.005494,0.010727,0.012337,0.061299,0.009584,1,83931,86841,341176,299,0,0,0,464,0,0,0,258,0,0,0,187,0,0,0,235,0,0,0,5,0,0,0,8416207773163417349,10774442088818209206,10774442088818209206,16477184697440380438,4052239507107081118,16477184697440380438,0,0,0,0,0,0,0,0,0,0,0
430,5,687,8,10,0.029786,23064.26,0.014977,45870.46,0.013608,50483.32,0.015186,45239.13,0.017070,40246.96,0.017001,40409.01,0.021510,31938.85,0.030200,0.005311,0.004924,0.017001,0.057436,0.008494,5,78907,81132,520847,307,0,0,0,504,0,0,0,239,0,0,0,153,0,0,0,152,0,0,0,10,0,0,0,10924999445462171118,3294235114334839110,3294235114334839110,5434918395377983288,10838167770936767216,16407412110354347024,0,0,0,0,0,0,0,0,0,0,0
431,5,737,8,10,0.035614,20694.20,0.015735,46839.37,0.014475,50913.62,0.018175,40550.35,0.019561,37676.11,0.017833,41328.40,0.028666,25709.81,0.036207,0.006388,0.011660,0.017833,0.072088,0.008975,1,102348,111623,430065,425,0,0,0,684,0,0,0,255,0,0,0,214,0,0,0,210,0,0,0,11,0,0,0,484384230076023367,3233492273653569523,3233492273653569523,534613405188610402,18426550028958874202,11556545304660357177,0,0,0,0,0,0,0,0,0,0,0
432,5,819,8,10,0.042926,19079.28,0.025018,32736.43,0.023801,34410.36,0.025526,32085.54,0.027305,29994.73,0.023406,34990.30,0.035626,22988.58,0.043792,0.006244,0.011564,0.023406,0.085006,0.010747,1,104919,114464,416244,847,0,0,0,1272,0,0,0,470,0,0,0,300,0,0,0,309,0,0,0,6,0,0,0,1232700864515754326,8723765847674816541,8723765847674816541,14434542935802328263,18111713237930319345,7266703999545089085,0,0,0,0,0,0,0,0,0,0,0
433,5,697,8,10,0.046053,15134.76,0.026522,26279.77,0.014817,47040.45,0.026223,26580.22,0.029357,23742.41,0.023543,29605.88,0.034512,20195.66,0.046600,0.006051,0.011682,0.023543,0.087876,0.008037,1,99453,102118,497419,354,0,0,0,505,0,0,0,285,0,0,0,232,0,0,0,310,0,0,0,7,0,0,0,13033863268619886141,11782281306435441198,11782281306435441198,14861001620800450050,15501243459903301300,17230986922706682658,0,0,0,0,0,0,0,0,0,0,0
434,5,742,8,10,0.030502,24326.04,0.014226,52157.16,0.012596,58908.05,0.014347,51718.59,0.016212,45767.63,0.014045,52830.55,0.022570,32874.85,0.031394,0.006163,0.011376,0.014045,0.062978,0.008402,1,92693,95588,423696,316,0,0,0,470,0,0,0,272,0,0,0,204,0,0,0,173,0,0,0,4,0,0,0,12469870915596511527,9031530814634679976,9031530814634679976,1139137361604438512,3964935705438972704,10376700864233397204,0,0,0,0,0,0,0,0,0,0,0
435,5,804,8,10,0.031708,25356.36,0.015584,51591.11,0.014521,55366.59,0.016156,49765.14,0.017583,45725.07,0.015267,52661.14,0.020957,38364.66,0.032383,0.006047,0.011549,0.015267,0.065246,0.009260,1,91202,96007,356764,451,0,0,0,635,0,0,0,310,0,0,0,238,0,0,0,311,0,0,0,2,0,0,0,5175199153752852679,3971239204186526955,3971239204186526955,681746729391448360,6204474032411548020,17890054528763565326,0,0,0,0,0,0,0,0,0,0,0
436,5,787,8,10,0.036910,21321.91,0.020737,37951.54,0.013859,56786.50,0.017688,44492.32,0.023108,34057.94,0.016659,47242.31,0.026765,29404.36,0.037528,0.005774,0.012420,0.016659,0.072380,0.012708,1,93063,96348,464149,450,0,0,0,526,0,0,0,278,0,0,0,239,0,0,0,252,0,0,0,4,0,0,0,764343654872972390,5778397206503295207,5778397206503295207,1006701731244998317,17573414172801171881,9070521637977544872,0,0,0,0,0,0,0,0,0,0,0
437,5,758,8,10,0.036154,20965.90,0.019710,38457.58,0.017951,42225.42,0.019809,38266.18,0.022955,33021.71,0.020091,37728.57,0.030197,25101.62,0.036806,0.006940,0.012536,0.020091,0.076373,0.009297,1,107151,114001,450887,532,0,0,0,833,0,0,0,316,0,0,0,242,0,0,0,275,0,0,0,40,0,0,0,924253980665512557,2012074281178752580,2012074281178752580,5127153361225009114,929953515712874316,6274052582412071978,0,0,0,0,0,0,0,0,0,0,0
438,5,803,8,10,0.031286,25666.13,0.014305,56133.95,0.012865,62415.93,0.013632,58904.89,0.015445,51991.95,0.013846,57996.23,0.022605,35523.34,0.032269,0.006292,0.011612,0.013846,0.064018,0.009271,1,96291,102386,345022,327,0,0,0,596,0,0,0,256,0,0,0,190,0,0,0,252,0,0,0,6,0,0,0,9159965656194694351,9159965656194694351,9159965656194694351,13830861909277589178,1260298646957181577,13830861909277589178,0,0,0,0,0,0,0,0,0,0,0
439,5,733,8,10,0.036808,19913.97,0.021149,34659.41,0.016549,44291.47,0.014924,49115.57,0.022045,33250.32,0.020473,35803.20,0.028398,25811.55,0.037442,0.005629,0.010499,0.020473,0.074043,0.008260,1,83580,89220,476919,394,0,0,0,608,0,0,0,353,0,0,0,176,0,0,0,341,0,0,0,6,0,0,0,6594088559663090337,8167135605941216026,8167135605941216026,2005608770659968984,15057837759635283399,11667919956213219435,0,0,0,0,0,0,0,0,0,0,0
440,5,760,8,10,0.044243,17177.96,0.021338,35616.48,0.015435,49240.21,0.025689,29584.10,0.029958,25369.10,0.020016,37969.04,0.034879,21789.68,0.045096,0.006291,0.010072,0.020016,0.081476,0.009518,2,102257,106567,425477,479,0,0,0,550,0,0,0,292,0,0,0,252,0,0,0,278,0,0,0,2,0,0,0,17432141823780441427,12792822555051893528,12792822555051893528,13646859288894453497,4477258877301620230,16937178477917162712,0,0,0,0,0,0,0,0,0,0,0
441,5,783,8,10,0.033844,23135.63,0.015406,50823.76,0.014463,54138.28,0.018568,42168.59,0.019704,39737.76,0.017115,45750.13,0.024537,31911.07,0.034733,0.006392,0.011429,0.017115,0.069669,0.012628,1,94908,101168,296464,472,0,0,0,699,0,0,0,404,0,0,0,253,0,0,0,319,0,0,0,8,0,0,0,13990433856143818920,6033099617476011326,6033099617476011326,9295974264059318468,16488667038961603742,16542400278041818443,0,0,0,0,0,0,0,0,0,0,0
442,5,756,8,10,0.036033,20980.96,0.012981,58240.57,0.011273,67063.01,0.014608,51751.42,0.016417,46048.57,0.015801,47845.88,0.020578,36738.45,0.036624,0.005870,0.005476,0.015801,0.063770,0.009061,5,92530,94020,487548,262,0,0,0,370,0,0,0,359,0,0,0,220,0,0,0,199,0,0,0,6,0,0,0,12717859332066356099,16571003065080743588,16571003065080743588,12922710065898140839,13500063118006932029,9535100720498057572,0,0,0,0,0,0,0,0,0,0,0
443,5,849,8,10,0.032978,25744.46,0.015362,55266.43,0.012994,65338.31,0.015743,53929.83,0.018221,46594.38,0.016149,52574.05,0.023922,35490.27,0.033488,0.006198,0.011221,0.016149,0.067055,0.010285,1,93020,97700,503093,391,0,0,0,586,0,0,0,423,0,0,0,246,0,0,0,232,0,0,0,11,0,0,0,15940567325890235818,4096063552448837233,4096063552448837233,11360614277410998679,13614377604897850650,11360614277410998679,0,0,0,0,0,0,0,0,0,0,0
444,5,1147,8,10,0.055988,20486.71,0.027594,41566.86,0.024798,46254.32,0.032459,35336.62,0.036460,31458.85,0.033035,34720.45,0.052283,21938.14,0.056972,0.009236,0.015056,0.033035,0.114300,0.019908,2,139942,195602,563706,1214,0,0,0,1453,0,0,0,537,0,0,0,358,0,0,0,233,0,0,0,14,0,0,0,11112461447037539829,8877214149616825271,8877214149616825271,16958936277169633866,956294371236855863,13439374251348505895,0,0,0,0,0,0,0,0,0,0,0
445,5,691,8,10,0.031294,22080.96,0.013736,50306.31,0.012508,55246.83,0.017056,40512.93,0.018519,37312.84,0.016942,40786.32,0.022126,31230.92,0.031755,0.005224,0.009982,0.016942,0.063902,0.008151,1,80381,82656,592993,319,0,0,0,478,0,0,0,306,0,0,0,222,0,0,0,268,0,0,0,9,0,0,0,12811238090950350209,4921534310746794264,4921534310746794264,8741491161063686558,5825571688840432855,10799364352192783399,0,0,0,0,0,0,0,0,0,0,0
446,5,800,8,10,0.032882,24329.65,0.016925,47266.68,0.014024,57045.45,0.015671,51049.96,0.019244,41570.93,0.014190,56376.22,0.026323,30391.46,0.033521,0.005497,0.008721,0.014190,0.061930,0.009523,2,87319,101914,474294,465,0,0,0,601,0,0,0,305,0,0,0,245,0,0,0,302,0,0,0,5,0,0,0,14213706753659137163,9658772520825093594,9658772520825093594,13933145428226538799,1197783308069693705,4245726431642102837,0,0,0,0,0,0,0,0,0,0,0
447,5,734,8,10,0.031847,23047.48,0.014231,51576.66,0.011985,61241.81,0.013656,53749.13,0.015683,46801.79,0.014515,50568.06,0.019827,37020.95,0.032499,0.005502,0.005186,0.014515,0.057702,0.008436,5,85868,87838,453906,364,0,0,0,507,0,0,0,427,0,0,0,250,0,0,0,227,0,0,0,11,0,0,0,18145950731323023015,18145950731323023015,18145950731323023015,7510214224242705945,14967810676995587299,3580161585510186931,0,0,0,0,0,0,0,0,0,0,0
448,5,787,8,10,0.044601,17645.53,0.019768,39811.40,0.016422,47924.15,0.024899,31607.54,0.025987,30283.97,0.025400,30984.14,0.033541,23463.51,0.045499,0.006457,0.007051,0.025400,0.084407,0.009509,4,101167,106572,451744,484,0,0,0,823,0,0,0,499,0,0,0,274,0,0,0,245,0,0,0,4,0,0,0,3647735451523096826,5269260128370737481,5269260128370737481,6917136987988090239,16787828192788416770,4679234766410614669,0,0,0,0,0,0,0,0,0,0,0
449,5,757,8,10,0.032188,23518.38,0.015405,49140.05,0.014236,53176.31,0.017501,43254.95,0.018388,41167.03,0.017287,43789.04,0.026134,28966.60,0.032881,0.005834,0.010620,0.017287,0.066622,0.008648,1,88399,93494,436749,486,0,0,0,727,0,0,0,274,0,0,0,173,0,0,0,233,0,0,0,2,0,0,0,11277910170391854952,5013031287182793585,5013031287182793585,2851960661219707664,17890288010357464941,2851960661219707664,0,0,0,0,0,0,0,0,0,0,0
450,5,790,8,10,0.034756,22729.64,0.016138,48953.88,0.014385,54918.83,0.019158,41236.38,0.020279,38956.71,0.017443,45289.95,0.027001,29258.69,0.035389,0.005903,0.011274,0.017443,0.070010,0.009110,1,89474,94679,528231,432,0,0,0,594,0,0,0,280,0,0,0,163,0,0,0,185,0,0,0,2,0,0,0,3336733072477450712,1759957169155974604,1759957169155974604,4956475583735516184,17140794738903492071,2752137718304595999,0,0,0,0,0,0,0,0,0,0,0
451,5,925,8,10,0.032301,28636.85,0.015868,58292.24,0.014221,65045.73,0.015989,57851.79,0.017529,52770.47,0.015172,60967.66,0.021139,43757.43,0.033004,0.006278,0.009668,0.015172,0.064123,0.010836,2,92254,98254,585536,319,0,0,0,763,0,0,0,561,0,0,0,276,0,0,0,355,0,0,0,6,0,0,0,15141058844005134076,15141058844005134076,15141058844005134076,16933829747072289355,10554023630259534799,11080792379210343262,0,0,0,0,0,0,0,0,0,0,0
452,5,662,8,10,0.029966,22091.51,0.016431,40288.60,0.015631,42352.57,0.015842,41786.81,0.017052,38821.79,0.015150,43697.54,0.020075,32976.06,0.030700,0.005416,0.010335,0.015150,0.061600,0.006804,1,80088,81823,343009,399,0,0,0,652,0,0,0,460,0,0,0,270,0,0,0,397,0,0,0,5,0,0,0,1708955945379117254,14330986431803589911,14330986431803589911,7347966077944212310,11400860558104372800,2763949902229137479,0,0,0,0,0,0,0,0,0,0,0
453,5,751,8,10,0.027232,27577.63,0.013600,55218.94,0.012761,58849.90,0.013932,53904.56,0.014246,52716.26,0.013650,55018.17,0.018670,40225.21,0.027982,0.005415,0.008220,0.013650,0.055267,0.008215,2,80232,82497,435481,385,0,0,0,615,0,0,0,381,0,0,0,232,0,0,0,299,0,0,0,14,0,0,0,6783291628302589537,6783291628302589537,6783291628302589537,9449980620462487093,12212825094642665669,17979881296026076457,0,0,0,0,0,0,0,0,0,0,0
454,5,722,8,10,0.031324,23049.27,0.013650,52894.85,0.011870,60825.27,0.015067,47918.78,0.016743,43122.93,0.015984,45170.57,0.020383,35421.91,0.032136,0.006144,0.006561,0.015984,0.060824,0.007557,4,94044,95559,437550,321,0,0,0,489,0,0,0,243,0,0,0,132,0,0,0,156,0,0,0,1,0,0,0,8228265426268923100,8228265426268923100,8228265426268923100,7277687160385185630,417659562524702567,13532573493810277181,0,0,0,0,0,0,0,0,0,0,0
455,5,882,8,10,0.034101,25864.50,0.014639,60249.91,0.013064,67513.66,0.016137,54657.74,0.017714,49789.87,0.015791,55855.94,0.020758,42489.81,0.034873,0.006683,0.012209,0.015791,0.069556,0.012308,1,96767,98547,469655,277,0,0,0,428,0,0,0,277,0,0,0,207,0,0,0,316,0,0,0,7,0,0,0,16656307020856419330,16656307020856419330,16656307020856419330,9853009035134890660,9240613559846719441,3839082962685640835,0,0,0,0,0,0,0,0,0,0,0
456,5,882,8,10,0.032405,27218.28,0.013618,64769.28,0.010969,80406.05,0.013076,67451.21,0.014773,59702.32,0.013680,64471.92,0.019612,44971.92,0.032980,0.006031,0.010865,0.013680,0.063557,0.009394,1,94949,97059,562515,290,0,0,0,426,0,0,0,216,0,0,0,139,0,0,0,244,0,0,0,4,0,0,0,5336596277922274357,5336596277922274357,5336596277922274357,9462394842548324003,6305182649350333721,9462394842548324003,0,0,0,0,0,0,0,0,0,0,0
457,5,848,8,10,0.027819,30482.68,0.011850,71561.54,0.010632,79756.56,0.012570,67463.38,0.013353,63508.45,0.012726,66634.47,0.018985,44667.24,0.028561,0.005187,0.004794,0.012726,0.051269,0.008499,5,85653,87513,426738,224,0,0,0,414,0,0,0,359,0,0,0,169,0,0,0,169,0,0,0,5,0,0,0,4530918023540098358,4084845781161928857,4084845781161928857,6278096371864469358,9336598437009972350,7159578041436578936,0,0,0,0,0,0,0,0,0,0,0
458,5,825,8,10,0.029939,27556.41,0.014714,56070.91,0.013510,61065.33,0.016726,49325.13,0.017197,47974.86,0.015127,54538.71,0.023244,35493.24,0.031332,0.006431,0.011765,0.015127,0.064654,0.009670,1,90773,95178,283380,454,0,0,0,660,0,0,0,470,0,0,0,254,0,0,0,252,0,0,0,32,0,0,0,5764942494537331615,5764942494537331615,5764942494537331615,11698320947641189971,5942335386887019453,11698320947641189971,0,0,0,0,0,0,0,0,0,0,0
459,5,816,8,10,0.040189,20304.24,0.022291,36606.89,0.017208,47419.94,0.023990,34014.51,0.026245,31091.94,0.025335,32208.38,0.027579,29587.79,0.041688,0.006203,0.005536,0.025335,0.078761,0.009214,5,89896,93766,544501,477,0,0,0,848,0,0,0,477,0,0,0,314,0,0,0,306,0,0,0,6,0,0,0,10088660251655482164,10088660251655482164,10088660251655482164,16999921390714535060,15924276154664788914,14965453592631633800,0,0,0,0,0,0,0,0,0,0,0
460,5,594,8,10,0.025934,22903.91,0.012848,46234.23,0.011579,51298.13,0.012750,46589.41,0.013753,43192.03,0.013327,44570.67,0.017376,34184.90,0.026590,0.004733,0.005382,0.013327,0.050032,0.006106,4,75479,78194,402770,354,0,0,0,689,0,0,0,276,0,0,0,189,0,0,0,172,0,0,0,6,0,0,0,812230838741779926,812230838741779926,812230838741779926,16450047860101918498,5389605944675112067,11343297084299527774,0,0,0,0,0,0,0,0,0,0,0
461,5,786,8,10,0.033133,23722.25,0.015626,50299.49,0.014218,55283.73,0.015924,49360.36,0.018858,41680.96,0.017586,44695.23,0.021762,36118.53,0.033851,0.005632,0.005889,0.017586,0.062957,0.009840,4,88233,92048,358565,543,0,0,0,825,0,0,0,415,0,0,0,277,0,0,0,332,0,0,0,8,0,0,0,2633095419247402643,3154928117521243184,3154928117521243184,6746568045108813271,5603361274795312264,10700641281948872211,0,0,0,0,0,0,0,0,0,0,0
462,5,685,8,10,0.042282,16200.57,0.021979,31166.08,0.013331,51383.48,0.017488,39170.17,0.022803,30040.09,0.015136,45255.51,0.030356,22565.36,0.043343,0.005357,0.010895,0.015136,0.074731,0.007579,1,86911,89161,597657,312,0,0,0,341,0,0,0,208,0,0,0,184,0,0,0,181,0,0,0,8,0,0,0,686226887279296575,5316758534593861590,5316758534593861590,8881585007615399661,8598451300487109481,10323772081320121016,0,0,0,0,0,0,0,0,0,0,0
463,5,712,8,10,0.032329,22023.46,0.016477,43212.63,0.016245,43828.02,0.016373,43486.01,0.018558,38365.56,0.015648,45501.12,0.021346,33354.82,0.033125,0.005373,0.010339,0.015648,0.064485,0.007397,1,86608,89428,306143,413,0,0,0,806,0,0,0,430,0,0,0,312,0,0,0,301,0,0,0,6,0,0,0,18286347272826990604,14635161325324005974,14635161325324005974,1997170536743661723,2473153709995754994,6758330567034975044,0,0,0,0,0,0,0,0,0,0,0
464,5,844,8,10,0.036641,23034.54,0.016050,52586.37,0.014468,58334.48,0.016725,50462.85,0.018579,45428.43,0.017991,46913.50,0.025081,33651.16,0.037351,0.006645,0.005947,0.017991,0.067933,0.010636,5,100014,104179,435305,483,0,0,0,754,0,0,0,362,0,0,0,217,0,0,0,265,0,0,0,8,0,0,0,893869419725747783,893869419725747783,893869419725747783,4517206810402692712,11559891615077351219,17796519402164920872,0,0,0,0,0,0,0,0,0,0,0
465,5,829,8,10,0.033098,25047.12,0.016531,50148.00,0.015941,52003.66,0.016643,49809.27,0.018262,45396.02,0.017053,48613.81,0.021681,38235.91,0.033913,0.006602,0.012195,0.017053,0.069764,0.010517,1,96622,100847,445881,553,0,0,0,806,0,0,0,402,0,0,0,290,0,0,0,350,0,0,0,9,0,0,0,5598077741513975635,6469117619507628961,6469117619507628961,9227399700808178209,12224856645379634778,9227399700808178209,0,0,0,0,0,0,0,0,0,0,0
466,5,733,8,10,0.037289,19657.03,0.019592,37412.37,0.014883,49250.71,0.015609,46961.07,0.019391,37801.13,0.015308,47882.60,0.023080,31759.08,0.037929,0.005600,0.010936,0.015308,0.069774,0.008036,1,87394,89219,372648,495,0,0,0,687,0,0,0,470,0,0,0,255,0,0,0,388,0,0,0,6,0,0,0,601262953103343108,18337825400757682884,18337825400757682884,1038076942365476784,10633951132211302743,8244481905763610770,0,0,0,0,0,0,0,0,0,0,0
467,5,775,8,10,0.034556,22427.10,0.021142,36656.48,0.018937,40924.70,0.020769,37315.26,0.021777,35587.22,0.021297,36390.80,0.029288,26461.76,0.035685,0.006172,0.006892,0.021297,0.070047,0.009258,4,107632,141092,333493,949,0,0,0,1250,0,0,0,238,0,0,0,142,0,0,0,159,0,0,0,59,0,0,0,2496807777010569514,2496807777010569514,2496807777010569514,3886816893138628440,12393154816669987536,15923623458756174849,0,0,0,0,0,0,0,0,0,0,0
468,5,769,8,10,0.027947,27516.32,0.016559,46439.19,0.015886,48405.92,0.017019,45183.79,0.017641,43592.78,0.016745,45924.21,0.021034,36559.09,0.028751,0.006329,0.006482,0.016745,0.058307,0.008440,4,84998,88763,375436,435,0,0,0,732,0,0,0,327,0,0,0,217,0,0,0,261,0,0,0,7,0,0,0,7187382993470363736,7187382993470363736,7187382993470363736,4595257791421981492,101806450466903431,15714382362699273256,0,0,0,0,0,0,0,0,0,0,0
469,5,1361,8,10,0.039213,34708.27,0.018779,72474.70,0.015673,86838.99,0.016253,83738.42,0.020650,65907.64,0.016080,84637.27,0.060881,22355.21,0.040556,0.008850,0.017098,0.016080,0.082585,0.021281,1,140770,451260,334069,1405,0,0,0,1407,0,0,0,340,0,0,0,207,0,0,0,285,0,0,0,9,0,0,0,685389313117703911,685389313117703911,685389313117703911,6350567616636450061,935730866692675342,1634160949344312442,0,0,0,0,0,0,0,0,0,0,0
470,5,819,8,10,0.028751,28486.03,0.014609,56063.17,0.013653,59985.94,0.015057,54394.29,0.016491,49662.37,0.014450,56676.27,0.021886,37421.11,0.029354,0.005720,0.011525,0.014450,0.061049,0.010331,1,91604,106844,405019,713,0,0,0,896,0,0,0,369,0,0,0,312,0,0,0,419,0,0,0,5,0,0,0,4731117670366531223,4731117670366531223,4731117670366531223,235043848545368934,5354742347899730231,7090910060836503345,0,0,0,0,0,0,0,0,0,0,0
471,5,693,8,10,0.030780,22514.44,0.015020,46139.35,0.014128,49050.62,0.016941,40905.84,0.017882,38753.84,0.016075,43109.51,0.020716,33452.62,0.031389,0.005948,0.011060,0.016075,0.064472,0.008055,1,92076,93951,408484,399,0,0,0,573,0,0,0,406,0,0,0,251,0,0,0,339,0,0,0,0,0,0,0,7999622066663560176,14161634517983244359,14161634517983244359,4323689595602618548,6123736918716273556,12647270687714242460,0,0,0,0,0,0,0,0,0,0,0
472,5,793,8,10,0.033505,23667.98,0.018488,42892.46,0.017844,44439.91,0.020445,38786.70,0.021088,37604.68,0.018756,42279.76,0.022288,35580.23,0.034298,0.006276,0.011530,0.018756,0.070860,0.009984,1,97049,100284,316795,568,0,0,0,774,0,0,0,452,0,0,0,253,0,0,0,390,0,0,0,4,0,0,0,1523800507230593985,1523800507230593985,1523800507230593985,3236427235636207630,15988182357440717197,9490855575683614257,0,0,0,0,0,0,0,0,0,0,0
473,5,635,8,10,0.037845,16778.75,0.021578,29428.79,0.017227,36860.51,0.019507,32551.83,0.023301,27252.14,0.015688,40475.60,0.028345,22402.20,0.038425,0.005489,0.010571,0.015688,0.070173,0.006510,1,84775,86530,495225,334,0,0,0,614,0,0,0,300,0,0,0,166,0,0,0,244,0,0,0,5,0,0,0,14149047781273113463,14149047781273113463,14149047781273113463,8509355145735549255,14720644568249257230,1793346109154211448,0,0,0,0,0,0,0,0,0,0,0
474,5,705,8,10,0.027931,25240.51,0.012251,57545.51,0.010235,68883.79,0.012009,58704.27,0.014507,48597.58,0.012260,57503.38,0.019757,35684.26,0.028672,0.005611,0.010784,0.012260,0.057328,0.007754,1,91583,92928,387481,276,0,0,0,415,0,0,0,324,0,0,0,166,0,0,0,196,0,0,0,4,0,0,0,15868248067659195955,5794328352732284562,5794328352732284562,3823175852832740245,10794637965731612518,9547888723755334974,0,0,0,0,0,0,0,0,0,0,0
475,5,858,8,10,0.038506,22282.49,0.018422,46575.11,0.017396,49320.87,0.020241,42388.86,0.020959,40936.78,0.019231,44615.87,0.031113,27576.72,0.039395,0.007161,0.013291,0.019231,0.079078,0.012189,1,112833,130498,425697,622,0,0,0,899,0,0,0,452,0,0,0,206,0,0,0,315,0,0,0,7,0,0,0,6441837368073737098,15424708750963887285,15424708750963887285,4422031092956938545,10087787682865940893,4422031092956938545,0,0,0,0,0,0,0,0,0,0,0
476,5,667,8,10,0.033858,19699.69,0.016891,39489.05,0.014856,44898.68,0.017424,38279.79,0.019689,33876.26,0.016655,40047.12,0.024438,27293.76,0.034558,0.006533,0.011717,0.016655,0.069463,0.007460,1,100990,103540,328397,331,0,0,0,545,0,0,0,229,0,0,0,224,0,0,0,208,0,0,0,3,0,0,0,11040325264829392698,14596753288513113455,14596753288513113455,2728860446312318705,6240046305331994584,2728860446312318705,0,0,0,0,0,0,0,0,0,0,0
477,5,758,8,10,0.040568,18684.69,0.016139,46967.03,0.013861,54686.75,0.016496,45950.58,0.019310,39254.13,0.017157,44180.06,0.026483,28622.29,0.041357,0.007495,0.012781,0.017157,0.078790,0.009483,1,113097,116367,609469,352,0,0,0,607,0,0,0,448,0,0,0,271,0,0,0,368,0,0,0,11,0,0,0,11863670295475272545,15584791935096333609,15584791935096333609,1719181110488721375,2680732045389855814,6179858693588788740,0,0,0,0,0,0,0,0,0,0,0
478,5,1022,8,10,0.045393,22514.56,0.021470,47601.86,0.018381,55600.18,0.026388,38729.15,0.028328,36077.96,0.027470,37204.12,0.042520,24035.59,0.046218,0.007747,0.013382,0.027470,0.094817,0.021406,2,117710,186935,694699,417,0,0,0,546,0,0,0,384,0,0,0,222,0,0,0,224,0,0,0,2,0,0,0,17600013702468541088,14831801089782700473,14831801089782700473,15827213075898161309,9443638538896165582,11482945553585194928,0,0,0,0,0,0,0,0,0,0,0
479,5,572,8,10,0.026216,21819.15,0.012640,45251.40,0.011388,50227.03,0.014421,39665.14,0.016122,35478.62,0.016134,35453.77,0.018237,31364.98,0.026663,0.004577,0.004658,0.016134,0.052032,0.005996,4,68963,70618,380998,249,0,0,0,428,0,0,0,224,0,0,0,167,0,0,0,172,0,0,0,5,0,0,0,5161522552745219786,3939374994162877509,3939374994162877509,17172476448845098164,3467599057056115445,16556594520331969890,0,0,0,0,0,0,0,0,0,0,0
480,5,861,8,10,0.043195,19933.06,0.018943,45451.52,0.016751,51401.04,0.018407,46774.64,0.022939,37534.91,0.020654,41686.62,0.026662,32293.74,0.043840,0.007847,0.007937,0.020654,0.080279,0.012153,4,118289,122679,588665,537,0,0,0,799,0,0,0,402,0,0,0,262,0,0,0,311,0,0,0,15,0,0,0,1195855337814836217,7248317935633291279,7248317935633291279,7326525173992750712,4535446942147051662,1484507320277578056,0,0,0,0,0,0,0,0,0,0,0
481,5,657,8,10,0.032645,20125.41,0.016128,40737.61,0.013857,47413.73,0.016170,40631.35,0.018767,35008.45,0.015802,41578.03,0.023892,27498.43,0.033441,0.005787,0.010701,0.015802,0.065731,0.007177,1,91093,92983,396533,365,0,0,0,484,0,0,0,326,0,0,0,219,0,0,0,320,0,0,0,3,0,0,0,17873139891392130661,1849321352880062541,1849321352880062541,15071221398169548454,15905867367628143235,5085484313619950076,0,0,0,0,0,0,0,0,0,0,0
482,5,719,8,10,0.033758,21298.84,0.014995,47948.53,0.014010,51320.84,0.017187,41833.34,0.018434,39004.13,0.016780,42848.88,0.024580,29251.02,0.034441,0.006406,0.012094,0.016780,0.069722,0.008416,1,102451,105366,417447,295,0,0,0,570,0,0,0,268,0,0,0,133,0,0,0,163,0,0,0,4,0,0,0,1602402301801811701,12220396608223959791,12220396608223959791,10137216494266985148,12069001388722104505,16721245052610319684,0,0,0,0,0,0,0,0,0,0,0
483,5,688,8,10,0.034893,19717.67,0.018138,37931.71,0.020444,33652.55,0.020753,33152.49,0.021289,32316.63,0.017260,39861.95,0.028526,24118.42,0.035406,0.005936,0.007909,0.017260,0.066510,0.007449,3,87214,89609,315682,439,0,0,0,646,0,0,0,320,0,0,0,177,0,0,0,167,0,0,0,6,0,0,0,11815619474076117641,11815619474076117641,11815619474076117641,8757410194048500618,16066150966766368555,15488102745325727434,0,0,0,0,0,0,0,0,0,0,0
484,5,722,8,10,0.032075,22510.00,0.015544,46448.39,0.014525,49708.35,0.016042,45007.56,0.018027,40051.58,0.016614,43457.21,0.021965,32871.17,0.032722,0.005836,0.011335,0.016614,0.066508,0.008360,1,88721,90966,418070,438,0,0,0,639,0,0,0,305,0,0,0,225,0,0,0,351,0,0,0,7,0,0,0,12052858661755381984,4616745820751766849,4616745820751766849,11799373365821634446,18303745982123825579,12622163659202366239,0,0,0,0,0,0,0,0,0,0,0
485,5,982,8,10,0.041967,23399.60,0.022137,44359.92,0.017528,56025.28,0.025782,38088.18,0.027722,35422.50,0.025990,37784.21,0.036688,26765.90,0.042861,0.007423,0.010184,0.025990,0.086458,0.015569,3,115683,140958,485408,842,0,0,0,1100,0,0,0,405,0,0,0,256,0,0,0,329,0,0,0,7,0,0,0,791818533264353461,16535642822603932026,16535642822603932026,10304238278493839732,6367729130371457528,6601370886485316952,0,0,0,0,0,0,0,0,0,0,0
486,5,709,8,10,0.045393,15619.30,0.021370,33176.62,0.015342,46212.04,0.018935,37443.35,0.024584,28840.20,0.018292,38760.73,0.035160,20165.05,0.046190,0.007296,0.013733,0.018292,0.085511,0.008596,1,109103,112083,415695,377,0,0,0,678,0,0,0,276,0,0,0,180,0,0,0,245,0,0,0,6,0,0,0,1377868847531317982,1377868847531317982,1377868847531317982,14305579993333983572,15597011710450290715,4110194073474838479,0,0,0,0,0,0,0,0,0,0,0
487,5,708,8,10,0.038453,18412.26,0.019833,35698.41,0.014630,48392.51,0.015918,44477.84,0.021508,32917.81,0.017615,40193.44,0.024781,28570.19,0.039110,0.005993,0.011584,0.017615,0.074302,0.008011,1,95250,97475,464704,337,0,0,0,536,0,0,0,371,0,0,0,227,0,0,0,333,0,0,0,7,0,0,0,17628479352538434641,17628479352538434641,17628479352538434641,8813138366366842918,4519984003959903186,18161549408232891485,0,0,0,0,0,0,0,0,0,0,0
488,5,810,8,10,0.032172,25176.98,0.017843,45395.42,0.016074,50393.05,0.017457,46398.73,0.018830,43016.55,0.016312,49655.94,0.023653,34244.77,0.032830,0.005826,0.009483,0.016312,0.064450,0.009510,2,91409,97664,462193,460,0,0,0,645,0,0,0,356,0,0,0,238,0,0,0,306,0,0,0,4,0,0,0,12652996480647680742,12652996480647680742,12652996480647680742,2365534910758789237,13152323393346836818,4553492725803332640,0,0,0,0,0,0,0,0,0,0,0
489,5,743,8,10,0.036119,20571.02,0.018893,39327.32,0.013426,55341.83,0.015769,47117.58,0.019788,37548.03,0.015109,49175.16,0.023150,32094.73,0.037101,0.005457,0.010414,0.015109,0.068081,0.008471,1,84018,86168,638345,385,0,0,0,499,0,0,0,359,0,0,0,190,0,0,0,245,0,0,0,2,0,0,0,2570413063086546743,2570413063086546743,2570413063086546743,6595105011600089520,16719536605946259171,16451745158847649243,0,0,0,0,0,0,0,0,0,0,0
490,5,666,8,10,0.033177,20074.45,0.013935,47793.35,0.011517,57826.72,0.013414,49649.07,0.017070,39016.63,0.014260,46704.01,0.020854,31936.86,0.033627,0.005936,0.010843,0.014260,0.064666,0.007185,1,89593,91078,456020,313,0,0,0,497,0,0,0,344,0,0,0,222,0,0,0,207,0,0,0,2,0,0,0,17911287676008281392,489860287813785628,489860287813785628,8302325305089464505,11866709484108068793,4505674154783412880,0,0,0,0,0,0,0,0,0,0,0
491,5,783,8,10,0.050005,15658.37,0.024149,32424.14,0.015035,52079.77,0.026940,29064.40,0.028876,27116.13,0.026766,29253.39,0.037288,20998.50,0.051203,0.007317,0.014017,0.026766,0.099303,0.010218,1,111499,114959,608668,440,0,0,0,583,0,0,0,342,0,0,0,266,0,0,0,354,0,0,0,17,0,0,0,1843375202033671971,10773719206166095389,10773719206166095389,10382395346550789775,10076911006199763679,8765607225564037880,0,0,0,0,0,0,0,0,0,0,0
492,5,741,8,10,0.034870,21250.50,0.016101,46022.93,0.014962,49525.32,0.016847,43983.38,0.019548,37906.10,0.018055,41042.31,0.023433,31621.84,0.035491,0.005881,0.011515,0.018055,0.070941,0.008628,1,91885,94875,406948,345,0,0,0,618,0,0,0,368,0,0,0,237,0,0,0,301,0,0,0,7,0,0,0,10981710486796914688,15241093662502483728,15241093662502483728,16323888799103569054,12812008899717895362,18077578777358261525,0,0,0,0,0,0,0,0,0,0,0
493,5,756,8,10,0.033181,22783.99,0.017266,43784.56,0.016042,47127.18,0.017201,43949.69,0.018558,40737.00,0.017805,42459.08,0.022363,33805.25,0.033746,0.005788,0.007495,0.017805,0.064834,0.008532,3,91216,93971,423763,392,0,0,0,748,0,0,0,269,0,0,0,185,0,0,0,232,0,0,0,4,0,0,0,4340240425267569874,13009231628067749774,13009231628067749774,1250116965281306922,9853967438464479952,7101382556177232965,0,0,0,0,0,0,0,0,0,0,0
494,5,801,8,10,0.034263,23378.19,0.018674,42892.89,0.017182,46619.59,0.019968,40114.99,0.021716,36885.32,0.020123,39805.65,0.027328,29310.58,0.035415,0.006727,0.010433,0.020123,0.072697,0.009951,2,102810,112090,356991,700,0,0,0,1100,0,0,0,297,0,0,0,218,0,0,0,284,0,0,0,46,0,0,0,15833500700651173603,12312572493796013781,12312572493796013781,17257883689983173040,16858423289599909815,12582560412192811000,0,0,0,0,0,0,0,0,0,0,0
495,5,855,8,10,0.039305,21753.22,0.026592,32152.45,0.015853,53932.04,0.015898,53779.64,0.027569,31013.36,0.022191,38529.31,0.041140,20782.67,0.040053,0.006412,0.009585,0.022191,0.078241,0.013637,2,101106,152821,428676,1108,0,0,0,1205,0,0,0,244,0,0,0,165,0,0,0,275,0,0,0,6,0,0,0,13131302349135676027,1808319502386815462,1808319502386815462,16781256149461479639,6087335953664967358,2021290968149966856,0,0,0,0,0,0,0,0,0,0,0
496,5,876,8,10,0.038227,22915.64,0.020355,43036.52,0.018818,46551.10,0.021268,41189.00,0.023582,37147.34,0.022373,39154.09,0.027027,32412.22,0.039213,0.007161,0.006550,0.022373,0.075297,0.012602,5,110532,114767,453135,590,0,0,0,807,0,0,0,437,0,0,0,284,0,0,0,285,0,0,0,9,0,0,0,15010820869034171829,15010820869034171829,15010820869034171829,1663141957872242094,8444225044653760241,15405172844678487495,0,0,0,0,0,0,0,0,0,0,0
497,5,698,8,10,0.028133,24810.84,0.013942,50065.68,0.012692,54997.17,0.014108,49475.25,0.017237,40493.32,0.013770,50689.23,0.018325,38090.53,0.028598,0.005337,0.010493,0.013770,0.058199,0.007373,1,79842,81677,306309,350,0,0,0,548,0,0,0,263,0,0,0,178,0,0,0,219,0,0,0,3,0,0,0,12575407414141578150,17695105559801384231,17695105559801384231,15503909170062503974,1045318782750616793,15503909170062503974,0,0,0,0,0,0,0,0,0,0,0
498,5,840,8,10,0.038339,21910.07,0.021295,39445.61,0.019440,43209.19,0.021344,39354.80,0.021518,39036.72,0.019573,42915.47,0.026698,31463.62,0.039587,0.006443,0.012475,0.019573,0.078078,0.010585,1,101721,107086,478844,560,0,0,0,861,0,0,0,327,0,0,0,248,0,0,0,318,0,0,0,7,0,0,0,17371584148344900600,14954576359683477037,14954576359683477037,8958192051153757764,15399651122209390271,3479842787550169971,0,0,0,0,0,0,0,0,0,0,0
499,5,778,8,10,0.031147,24978.41,0.016772,46387.63,0.015873,49014.86,0.017634,44119.71,0.019062,40815.14,0.016910,46008.22,0.020250,38420.64,0.032002,0.005801,0.011013,0.016910,0.065726,0.009084,1,89215,91480,334722,466,0,0,0,761,0,0,0,425,0,0,0,269,0,0,0,343,0,0,0,10,0,0,0,16067277374834800579,14608394334842588356,14608394334842588356,10718990891987175727,11991392202428214275,17219843303019691580,0,0,0,0,0,0,0,0,0,0,0
500,5,715,8,10,0.035008,20423.82,0.018322,39024.88,0.013144,54396.33,0.014905,47971.92,0.017442,40994.06,0.014721,48568.68,0.025842,27668.62,0.036030,0.005977,0.011588,0.014721,0.068315,0.008693,1,86573,91103,569321,383,0,0,0,630,0,0,0,358,0,0,0,212,0,0,0,301,0,0,0,15,0,0,0,17713381261004891932,3710059756759779421,3710059756759779421,5070951099641759726,8761303128459014601,5070951099641759726,0,0,0,0,0,0,0,0,0,0,0
501,5,699,8,10,0.034350,20349.31,0.018434,37918.34,0.017535,39862.27,0.020193,34615.28,0.020022,34911.41,0.019911,35105.37,0.024859,28118.56,0.034845,0.005565,0.005217,0.019911,0.065538,0.007943,5,90292,93122,391301,459,0,0,0,762,0,0,0,430,0,0,0,263,0,0,0,248,0,0,0,5,0,0,0,12904059074466411253,12904059074466411253,12904059074466411253,5655889571069971529,4750958805948124685,11409350623458120618,0,0,0,0,0,0,0,0,0,0,0
502,5,773,8,10,0.043208,17890.09,0.022056,35046.83,0.017800,43426.02,0.019671,39295.92,0.024429,31643.18,0.023561,32808.35,0.032711,23631.52,0.044241,0.006140,0.005747,0.023561,0.079689,0.008839,5,93971,96866,334228,563,0,0,0,753,0,0,0,358,0,0,0,204,0,0,0,240,0,0,0,8,0,0,0,12500519564377714104,6306724643743394457,6306724643743394457,168572932088159480,17077198227537963258,8450071735460279760,0,0,0,0,0,0,0,0,0,0,0
503,5,728,8,10,0.031800,22892.89,0.015135,48099.85,0.014067,51752.07,0.017230,42252.26,0.018448,39463.16,0.017738,41042.25,0.022524,32320.82,0.032413,0.005783,0.005165,0.017738,0.061098,0.008646,5,87479,90404,416937,425,0,0,0,709,0,0,0,398,0,0,0,261,0,0,0,274,0,0,0,8,0,0,0,16734261437479397380,5527449514756171432,5527449514756171432,11859169227009641621,5402943096901831297,5647227811259852848,0,0,0,0,0,0,0,0,0,0,0
504,5,713,8,10,0.039321,18132.85,0.022800,31271.25,0.014994,47551.53,0.023412,30454.76,0.026940,26466.53,0.024959,28566.54,0.031074,22945.35,0.039965,0.005710,0.007050,0.024959,0.077684,0.007808,3,85463,88613,344072,430,0,0,0,665,0,0,0,260,0,0,0,204,0,0,0,205,0,0,0,8,0,0,0,9213888929595738069,2498776313772150022,2498776313772150022,1642552125396586666,4851639753842620520,6784462463032809636,0,0,0,0,0,0,0,0,0,0,0
505,5,910,8,10,0.035851,25382.67,0.017296,52611.92,0.014618,62251.40,0.017114,53173.31,0.019418,46862.89,0.018888,48178.81,0.028214,32253.09,0.036857,0.006757,0.006095,0.018888,0.068597,0.012619,5,102486,114596,563478,636,0,0,0,882,0,0,0,396,0,0,0,300,0,0,0,305,0,0,0,10,0,0,0,8558985561973585469,10513776548774355790,10513776548774355790,15106747592990680423,4196296775776608429,4270251256341915158,0,0,0,0,0,0,0,0,0,0,0
506,5,1206,8,10,0.052284,23066.25,0.021207,56867.47,0.018151,66441.31,0.020577,58610.27,0.022393,53856.07,0.018778,64225.52,0.044353,27190.73,0.053333,0.009187,0.014128,0.018778,0.095426,0.021103,2,146090,207795,957939,719,0,0,0,1029,0,0,0,591,0,0,0,388,0,0,0,355,0,0,0,31,0,0,0,9257188232807027203,17029924420956943332,17029924420956943332,12340801696877832661,1149714171031048658,1585517454520380389,0,0,0,0,0,0,0,0,0,0,0
507,5,692,8,10,0.047945,14433.26,0.015986,43286.60,0.014299,48394.02,0.022927,30182.78,0.023605,29315.40,0.021606,32027.56,0.033062,20930.50,0.048431,0.006186,0.011431,0.021606,0.087655,0.009642,1,98620,102965,526079,376,0,0,0,474,0,0,0,272,0,0,0,188,0,0,0,173,0,0,0,9,0,0,0,15704715398516062281,15704715398516062281,15704715398516062281,17947616222309611467,17542814969535227659,15801799716072403981,0,0,0,0,0,0,0,0,0,0,0
508,5,759,8,10,0.049714,15267.42,0.021460,35367.32,0.022088,34363.05,0.023546,32234.90,0.026170,29002.53,0.027352,27749.37,0.035945,21115.37,0.050814,0.006811,0.006279,0.027352,0.091256,0.009611,5,103095,106490,922141,590,0,0,0,820,0,0,0,519,0,0,0,292,0,0,0,295,0,0,0,5,0,0,0,1009516653785458649,965084907180505994,965084907180505994,9035487634213427779,14450250042245773496,18305821392793442859,0,0,0,0,0,0,0,0,0,0,0
509,5,674,8,10,0.031197,21604.54,0.013796,48853.21,0.013054,51630.47,0.017052,39525.76,0.018358,36714.70,0.017086,39447.38,0.021966,30684.14,0.032015,0.005761,0.006391,0.017086,0.061253,0.007166,4,80747,83032,330373,345,0,0,0,622,0,0,0,260,0,0,0,183,0,0,0,182,0,0,0,15,0,0,0,4175100880990213003,16335248598912452361,16335248598912452361,6208881240614474099,3906501821067727287,6208881240614474099,0,0,0,0,0,0,0,0,0,0,0
510,5,736,8,10,0.038320,19206.51,0.017412,42270.00,0.015230,48324.12,0.019246,38241.13,0.022137,33247.80,0.020859,35284.43,0.027865,26413.06,0.039176,0.006814,0.012095,0.020859,0.078944,0.008894,1,102419,106574,607837,428,0,0,0,630,0,0,0,282,0,0,0,191,0,0,0,266,0,0,0,6,0,0,0,5590157958258608621,5590157958258608621,5590157958258608621,507441449289210001,3986662630190877774,10839273743926696067,0,0,0,0,0,0,0,0,0,0,0
511,5,682,8,10,0.045986,14830.74,0.026536,25700.52,0.017075,39941.79,0.018724,36424.46,0.028430,23989.13,0.023818,28634.32,0.032129,21226.70,0.046795,0.007390,0.010831,0.023818,0.088834,0.009446,2,108080,110710,430115,388,0,0,0,630,0,0,0,316,0,0,0,223,0,0,0,203,0,0,0,8,0,0,0,15268632038872013680,15268632038872013680,15268632038872013680,10824906090514220562,8409517714890460023,5114079074038165056,0,0,0,0,0,0,0,0,0,0,0
512,5,770,8,10,0.041438,18582.13,0.020056,38392.14,0.016161,47646.23,0.022545,34153.63,0.023333,33000.52,0.020923,36801.54,0.029990,25675.02,0.042148,0.007375,0.011974,0.020923,0.082419,0.009831,1,98756,100646,577698,417,0,0,0,726,0,0,0,437,0,0,0,377,0,0,0,264,0,0,0,10,0,0,0,18179559642591068470,15171551699623904683,15171551699623904683,12635975600057941060,893676778166569193,16701632724226655214,0,0,0,0,0,0,0,0,0,0,0
513,5,667,8,10,0.040621,16419.97,0.019023,35061.93,0.017091,39026.89,0.018101,36848.42,0.021070,31656.40,0.019226,34691.90,0.027991,23828.72,0.041431,0.005858,0.009795,0.019226,0.076310,0.008915,2,97621,100526,443925,345,0,0,0,582,0,0,0,344,0,0,0,170,0,0,0,232,0,0,0,7,0,0,0,8311536467474709705,8311536467474709705,8311536467474709705,7237465375002073464,1858321009447665381,7237465375002073464,0,0,0,0,0,0,0,0,0,0,0
514,5,927,8,10,0.063665,14560.59,0.025936,35741.14,0.018071,51298.62,0.029897,31006.54,0.032024,28947.34,0.027049,34271.32,0.048948,18938.49,0.064829,0.007754,0.012973,0.027049,0.112604,0.015083,2,126409,131649,462348,466,0,0,0,573,0,0,0,400,0,0,0,258,0,0,0,365,0,0,0,16,0,0,0,918256282609448808,918256282609448808,918256282609448808,16840229674369893527,8521142269398679810,15652385713475807730,0,0,0,0,0,0,0,0,0,0,0
515,5,843,8,10,0.052161,16161.64,0.018597,45328.78,0.016271,51811.28,0.022895,36819.63,0.025684,32822.30,0.025034,33674.15,0.036276,23238.74,0.053202,0.008059,0.012046,0.025034,0.098340,0.013392,2,124674,130024,726148,479,0,0,0,639,0,0,0,426,0,0,0,258,0,0,0,436,0,0,0,15,0,0,0,8285548702811841427,15899755647258201983,15899755647258201983,13710588757219837156,2426807221838400199,16815327553946414717,0,0,0,0,0,0,0,0,0,0,0
516,5,791,8,10,0.050269,15735.30,0.022070,35840.11,0.018810,42051.01,0.030720,25749.03,0.031072,25456.98,0.030357,26056.28,0.040184,19684.23,0.051061,0.006698,0.006468,0.030357,0.094584,0.011472,4,100637,105822,478558,396,0,0,0,543,0,0,0,227,0,0,0,153,0,0,0,142,0,0,0,13,0,0,0,7606858656764650943,7606858656764650943,7606858656764650943,6869570933639905684,15571095965913917377,1325168996934059266,0,0,0,0,0,0,0,0,0,0,0
517,5,755,8,10,0.038737,19490.55,0.016789,44969.36,0.016611,45452.04,0.022860,33027.41,0.024135,31281.84,0.022180,34040.34,0.029881,25266.48,0.039749,0.005853,0.009462,0.022180,0.077244,0.008927,2,95756,99286,312671,371,0,0,0,728,0,0,0,256,0,0,0,156,0,0,0,149,0,0,0,7,0,0,0,7591092544870157918,7591092544870157918,7591092544870157918,13062609946579588851,16389157197989499976,10835328833130670151,0,0,0,0,0,0,0,0,0,0,0
518,5,810,8,10,0.044129,18355.38,0.018621,43498.36,0.018346,44152.22,0.022199,36488.04,0.025631,31602.41,0.023894,33899.25,0.030964,26159.45,0.044738,0.006230,0.006916,0.023894,0.081777,0.010143,4,103223,109973,409239,423,0,0,0,816,0,0,0,377,0,0,0,291,0,0,0,304,0,0,0,9,0,0,0,16880983810970749730,14205591407787086431,14205591407787086431,12903201358467498051,11305227752710638520,1875802061131240720,0,0,0,0,0,0,0,0,0,0,0
519,5,725,8,10,0.035413,20472.67,0.016309,44454.16,0.014051,51597.31,0.017604,41184.24,0.020376,35581.38,0.018194,39847.46,0.024659,29401.53,0.036205,0.005915,0.010658,0.018194,0.070971,0.007645,1,90533,92923,363050,301,0,0,0,515,0,0,0,433,0,0,0,249,0,0,0,276,0,0,0,2,0,0,0,7322057671337388123,1175324201607669002,1175324201607669002,11664254050577306365,10262194452220309104,1849034090144843378,0,0,0,0,0,0,0,0,0,0,0
520,5,811,8,10,0.032342,25076.08,0.015327,52911.89,0.014343,56543.02,0.016793,48293.65,0.018200,44560.25,0.017884,45348.83,0.025116,32290.63,0.033905,0.005538,0.006545,0.017884,0.063872,0.009286,4,88886,92416,621112,344,0,0,0,691,0,0,0,380,0,0,0,258,0,0,0,290,0,0,0,11,0,0,0,7457652824699312407,7457652824699312407,7457652824699312407,9301380892192610500,17143967358539882900,18199067983552329712,0,0,0,0,0,0,0,0,0,0,0
521,5,776,8,10,0.031920,24310.85,0.016509,47005.06,0.014909,52048.94,0.019633,39526.01,0.021863,35493.54,0.019717,39357.68,0.026034,29807.32,0.033429,0.005925,0.006448,0.019717,0.065518,0.009354,4,88741,91671,965760,417,0,0,0,605,0,0,0,460,0,0,0,235,0,0,0,215,0,0,0,1,0,0,0,13093661232631202197,2528301538451827052,2528301538451827052,1732142502032638628,8611590788660488917,3794059511056745608,0,0,0,0,0,0,0,0,0,0,0
522,5,754,8,10,0.041639,18108.13,0.019840,38003.65,0.018017,41848.57,0.021577,34944.07,0.024736,30481.32,0.022300,33811.79,0.029942,25182.02,0.042716,0.006677,0.010392,0.022300,0.082085,0.010385,2,102641,106646,389936,488,0,0,0,790,0,0,0,384,0,0,0,336,0,0,0,348,0,0,0,10,0,0,0,16033285971868877934,6505000432664734770,6505000432664734770,7323243499274006291,7901644799487156841,8161297522961160322,0,0,0,0,0,0,0,0,0,0,0
523,5,722,8,10,0.043395,16637.81,0.017691,40812.24,0.017059,42323.17,0.017949,40225.05,0.020791,34726.08,0.020370,35443.87,0.030051,24026.11,0.044884,0.006956,0.013230,0.020370,0.085440,0.008724,1,103707,108392,707243,494,0,0,0,784,0,0,0,373,0,0,0,214,0,0,0,307,0,0,0,10,0,0,0,11863656825435821067,18102946166285729612,18102946166285729612,5885733754541083441,4276975149086452522,8268149178243078583,0,0,0,0,0,0,0,0,0,0,0
524,5,695,8,10,0.039369,17653.61,0.019698,35283.48,0.017375,39999.10,0.022349,31097.27,0.024910,27899.99,0.022325,31131.38,0.029371,23662.41,0.039845,0.005910,0.009115,0.022325,0.077194,0.008208,2,94522,97992,422393,498,0,0,0,648,0,0,0,296,0,0,0,197,0,0,0,214,0,0,0,7,0,0,0,1607107902498740157,7713332735625586214,7713332735625586214,5914418451017330092,13913280541257075850,4809925841671349130,0,0,0,0,0,0,0,0,0,0,0
525,5,789,8,10,0.039920,19764.30,0.019574,40308.80,0.019294,40893.09,0.020721,38076.43,0.022150,35620.59,0.020864,37817.00,0.029388,26847.59,0.040677,0.006398,0.012265,0.020864,0.080204,0.010132,1,102625,107400,460120,595,0,0,0,1045,0,0,0,455,0,0,0,291,0,0,0,323,0,0,0,15,0,0,0,6558845013316843732,6558845013316843732,6558845013316843732,10914180145046263296,7828441432049902642,6914939658974047318,0,0,0,0,0,0,0,0,0,0,0
526,5,799,8,10,0.039999,19975.74,0.019190,41635.53,0.017888,44667.49,0.020551,38878.23,0.022062,36216.63,0.017524,45593.39,0.027472,29084.17,0.041011,0.006599,0.012608,0.017524,0.077743,0.010206,1,104047,107722,443948,550,0,0,0,878,0,0,0,434,0,0,0,338,0,0,0,263,0,0,0,14,0,0,0,8354733933312990991,8354733933312990991,8354733933312990991,8998211194814780334,9885583621865883967,7303825993914569560,0,0,0,0,0,0,0,0,0,0,0
527,5,809,8,10,0.047843,16909.30,0.022088,36625.91,0.016838,48047.32,0.023920,33820.40,0.025481,31749.19,0.024591,32898.13,0.035485,22798.49,0.049092,0.007583,0.006812,0.024591,0.088078,0.011041,5,118263,122963,481586,517,0,0,0,698,0,0,0,293,0,0,0,190,0,0,0,190,0,0,0,22,0,0,0,14046355501726326826,14046355501726326826,14046355501726326826,6615667977340533028,8360298813653593868,6204969984363594874,0,0,0,0,0,0,0,0,0,0,0
528,5,775,8,10,0.042003,18450.86,0.018265,42431.86,0.017889,43322.68,0.020327,38126.24,0.022508,34432.54,0.021204,36549.33,0.030122,25728.42,0.042895,0.005892,0.006557,0.021204,0.076548,0.009365,4,97999,105279,414442,471,0,0,0,752,0,0,0,346,0,0,0,297,0,0,0,251,0,0,0,15,0,0,0,15876928238532319292,15876928238532319292,15876928238532319292,11571991386034614672,3394298980837480472,7759070217743128705,0,0,0,0,0,0,0,0,0,0,0
529,5,710,8,10,0.053886,13175.86,0.023589,30098.71,0.020590,34482.38,0.028797,24655.49,0.032271,22001.38,0.029954,23702.96,0.039055,18179.64,0.054636,0.006196,0.006711,0.029954,0.097497,0.008703,4,100663,103918,668977,342,0,0,0,492,0,0,0,238,0,0,0,264,0,0,0,188,0,0,0,13,0,0,0,8684416296949998682,8684416296949998682,8684416296949998682,12113129815014521035,2109527878244901248,17764749097802148673,0,0,0,0,0,0,0,0,0,0,0
530,5,628,8,10,0.037915,16563.21,0.018249,34413.65,0.016252,38640.72,0.019173,32755.16,0.020959,29963.06,0.016165,38849.69,0.025954,24196.45,0.038363,0.005725,0.010265,0.016165,0.070517,0.007005,1,88716,90306,433916,312,0,0,0,559,0,0,0,377,0,0,0,220,0,0,0,260,0,0,0,6,0,0,0,5447597794987343427,5447597794987343427,5447597794987343427,9230674495328710519,17415038267268128861,17388476785464304014,0,0,0,0,0,0,0,0,0,0,0
531,5,684,8,10,0.030738,22252.45,0.015683,43614.08,0.013840,49420.47,0.015934,42926.99,0.018468,37036.78,0.016667,41039.39,0.020688,33063.21,0.031398,0.005238,0.010142,0.016667,0.063444,0.007444,1,80175,82255,282284,376,0,0,0,581,0,0,0,336,0,0,0,224,0,0,0,359,0,0,0,5,0,0,0,10160068604903110001,13226170460406504444,13226170460406504444,17099377497953237635,16350636396502517838,2577444221087783391,0,0,0,0,0,0,0,0,0,0,0
532,5,829,8,10,0.037637,22026.42,0.019374,42788.80,0.014735,56259.62,0.016005,51795.22,0.021163,39171.22,0.016652,49784.01,0.023686,34999.18,0.038213,0.005871,0.009135,0.016652,0.069871,0.010786,2,95769,98794,1291177,405,0,0,0,515,0,0,0,356,0,0,0,208,0,0,0,268,0,0,0,6,0,0,0,9304346950181406067,857964039484346066,857964039484346066,1881231396688187746,16757393150018740909,10426548274465214441,0,0,0,0,0,0,0,0,0,0,0
533,5,673,8,10,0.033851,19881.22,0.015257,44111.47,0.013373,50324.61,0.015797,42603.69,0.018508,36361.84,0.015314,43947.48,0.022168,30359.50,0.034390,0.005786,0.010982,0.015314,0.066473,0.007585,1,88594,90604,572707,295,0,0,0,562,0,0,0,357,0,0,0,233,0,0,0,308,0,0,0,11,0,0,0,8130454464306300170,8715627044842369564,8715627044842369564,14237969386906641549,9587587131353457363,12538396542232208530,0,0,0,0,0,0,0,0,0,0,0
534,5,725,8,10,0.040579,17866.23,0.022324,32476.30,0.020244,35812.57,0.021203,34193.69,0.022161,32715.29,0.020148,35982.89,0.028079,25820.11,0.041139,0.006750,0.009877,0.020148,0.077914,0.008846,2,107237,109902,391289,476,0,0,0,808,0,0,0,503,0,0,0,316,0,0,0,339,0,0,0,8,0,0,0,3876015093962314323,9171129930025906595,9171129930025906595,13395318240863513218,15516474540974751124,12124422776995114396,0,0,0,0,0,0,0,0,0,0,0
535,5,815,8,10,0.032556,25033.85,0.014539,56054.61,0.013027,62560.79,0.015745,51761.77,0.016857,48346.60,0.015747,51755.85,0.024187,33696.05,0.033198,0.005980,0.005437,0.015747,0.060362,0.009909,5,89803,104358,558851,515,0,0,0,692,0,0,0,336,0,0,0,220,0,0,0,175,0,0,0,8,0,0,0,15591130663433143952,1528660001422848408,1528660001422848408,5038087645599220660,1620602263285862698,17424862092601903456,0,0,0,0,0,0,0,0,0,0,0
536,5,812,8,10,0.045230,17952.61,0.024533,33098.61,0.018065,44948.32,0.019698,41222.07,0.024187,33571.31,0.021907,37066.28,0.028757,28236.72,0.045971,0.006853,0.010352,0.021907,0.085082,0.010326,2,109974,114059,523219,348,0,0,0,630,0,0,0,364,0,0,0,223,0,0,0,390,0,0,0,3,0,0,0,13722501241066273483,13722501241066273483,13722501241066273483,12051447173311804328,18409326364919673318,15692160208192248357,0,0,0,0,0,0,0,0,0,0,0
537,5,763,8,10,0.034188,22317.47,0.014904,51194.26,0.013439,56773.49,0.015365,49657.73,0.017781,42910.05,0.016068,47485.60,0.021885,34864.71,0.034790,0.005829,0.011266,0.016068,0.067953,0.009713,1,88471,91121,459865,425,0,0,0,666,0,0,0,367,0,0,0,227,0,0,0,268,0,0,0,7,0,0,0,15580847855534082613,1264108789821707134,1264108789821707134,1325515495142002086,9653905034002364352,1325515495142002086,0,0,0,0,0,0,0,0,0,0,0
538,5,721,8,10,0.034733,20758.15,0.015752,45772.90,0.014982,48122.85,0.016432,43877.60,0.017448,41323.68,0.015244,47296.78,0.022431,32143.25,0.035411,0.005761,0.011261,0.015244,0.067677,0.008347,1,90713,93073,418030,323,0,0,0,565,0,0,0,354,0,0,0,200,0,0,0,257,0,0,0,8,0,0,0,14149037820084250924,14149037820084250924,14149037820084250924,13284356152292799894,11684358001875278929,16368386384511348303,0,0,0,0,0,0,0,0,0,0,0
539,5,714,8,10,0.049054,14555.25,0.025419,28088.94,0.021425,33325.79,0.019562,36498.53,0.030634,23307.34,0.025785,27690.29,0.035220,20272.52,0.049738,0.006763,0.012587,0.025785,0.094873,0.008534,1,105934,108269,603990,405,0,0,0,615,0,0,0,287,0,0,0,368,0,0,0,497,0,0,0,12,0,0,0,6822755020158327201,16780357056438039129,16780357056438039129,11426821502809317721,10221545377966254979,1408347298324869473,0,0,0,0,0,0,0,0,0,0,0
540,5,680,8,10,0.036437,18662.14,0.014026,48482.74,0.013156,51687.63,0.017027,39936.26,0.018859,36057.56,0.017503,38851.04,0.026426,25732.60,0.037096,0.006821,0.011924,0.017503,0.073343,0.007776,1,100125,103065,361136,310,0,0,0,451,0,0,0,270,0,0,0,172,0,0,0,232,0,0,0,9,0,0,0,11521049293162139965,11521049293162139965,11521049293162139965,11346214217697296487,8494256604318579586,8133297434374198239,0,0,0,0,0,0,0,0,0,0,0
541,5,756,8,10,0.043737,17285.28,0.021764,34736.71,0.016216,46619.20,0.015766,47951.91,0.022861,33069.95,0.013754,54966.31,0.030505,24782.49,0.044487,0.006910,0.013191,0.013754,0.078342,0.009096,1,103645,105870,454419,299,0,0,0,449,0,0,0,413,0,0,0,197,0,0,0,262,0,0,0,5,0,0,0,17694220752165455226,14771974342977939079,14771974342977939079,13365802778547207482,8520833806927455743,15263858331770214373,0,0,0,0,0,0,0,0,0,0,0
542,5,733,8,10,0.057834,12674.11,0.030495,24036.60,0.018308,40037.63,0.030461,24063.63,0.034928,20985.75,0.028313,25888.79,0.041576,17630.42,0.058588,0.006613,0.013142,0.028313,0.106657,0.009450,1,107718,111043,533642,396,0,0,0,664,0,0,0,315,0,0,0,190,0,0,0,276,0,0,0,20,0,0,0,16840812081142421927,12236395590495194036,12236395590495194036,8632476701502505135,8150493637402002219,1316119023710323932,0,0,0,0,0,0,0,0,0,0,0
543,5,741,8,10,0.044547,16634.25,0.017646,41993.05,0.016414,45143.62,0.021148,35038.45,0.021168,35006.37,0.020427,36275.58,0.030420,24359.28,0.045463,0.006277,0.012007,0.020427,0.084174,0.009040,1,101743,104543,655019,345,0,0,0,602,0,0,0,306,0,0,0,258,0,0,0,262,0,0,0,19,0,0,0,11613975737232242702,15444456216643613867,15444456216643613867,2715855352794642456,5784274701863218089,485801896145287725,0,0,0,0,0,0,0,0,0,0,0
544,5,741,8,10,0.042957,17249.80,0.016480,44963.08,0.014525,51016.25,0.021410,34610.36,0.022709,32630.74,0.022313,33209.56,0.030274,24476.58,0.043707,0.005901,0.006513,0.022313,0.078434,0.008996,4,95357,98802,455604,343,0,0,0,538,0,0,0,348,0,0,0,166,0,0,0,181,0,0,0,5,0,0,0,6996691027636313779,6996691027636313779,6996691027636313779,15018759423106583559,8247625045239963802,1291367328817809923,0,0,0,0,0,0,0,0,0,0,0
545,5,694,8,10,0.041166,16858.45,0.022510,30830.51,0.019183,36177.21,0.023823,29131.24,0.021072,32934.15,0.020650,33607.05,0.029908,23204.74,0.041915,0.005995,0.006583,0.020650,0.075144,0.008436,4,95575,98290,450808,395,0,0,0,594,0,0,0,412,0,0,0,222,0,0,0,226,0,0,0,5,0,0,0,4775037672427586200,8826252992939768043,8826252992939768043,7782543699862801820,225090900083365245,7782543699862801820,0,0,0,0,0,0,0,0,0,0,0
546,5,721,8,10,0.033060,21808.88,0.013799,52250.29,0.012730,56637.87,0.014754,48868.83,0.016956,42522.64,0.014666,49160.18,0.023042,31290.92,0.033443,0.007040,0.011843,0.014666,0.066992,0.008196,1,96399,98754,388075,287,0,0,0,529,0,0,0,252,0,0,0,154,0,0,0,263,0,0,0,10,0,0,0,15700728640073002895,8731040206052856881,8731040206052856881,15363773992219239316,12165299130099695726,15147521594446834183,0,0,0,0,0,0,0,0,0,0,0
547,5,859,8,10,0.050430,17033.62,0.026043,32983.81,0.018150,47327.42,0.020780,41338.32,0.031281,27460.90,0.025897,33170.42,0.037894,22668.77,0.051287,0.007487,0.015362,0.025897,0.100032,0.013078,1,123279,128929,473130,515,0,0,0,779,0,0,0,331,0,0,0,228,0,0,0,272,0,0,0,9,0,0,0,7845476509533503350,7845476509533503350,7845476509533503350,13999390111776172898,725836657748395778,1392584240259207885,0,0,0,0,0,0,0,0,0,0,0
548,5,854,8,10,0.033907,25186.40,0.017943,47596.24,0.016174,52802.05,0.019208,44459.85,0.021146,40386.63,0.019269,44320.62,0.025561,33410.34,0.034980,0.006139,0.007033,0.019269,0.067420,0.010256,4,107052,112407,455384,492,0,0,0,684,0,0,0,354,0,0,0,192,0,0,0,227,0,0,0,13,0,0,0,9225495365770965203,9225495365770965203,9225495365770965203,3450649031681505289,2653231300842642515,3450649031681505289,0,0,0,0,0,0,0,0,0,0,0
549,5,841,8,10,0.038361,21923.12,0.018496,45469.40,0.016178,51982.60,0.019429,43284.70,0.021164,39737.01,0.020701,40626.37,0.025997,32350.09,0.038821,0.006818,0.006161,0.020701,0.072502,0.012081,5,104209,107874,459404,476,0,0,0,750,0,0,0,422,0,0,0,263,0,0,0,270,0,0,0,9,0,0,0,10164870839686132,10164870839686132,10164870839686132,1602273353056116987,6199634061322812735,9640977633687307052,0,0,0,0,0,0,0,0,0,0,0
550,5,844,8,10,0.030357,27802.64,0.013498,62525.77,0.010783,78273.20,0.013652,61824.36,0.015801,53414.67,0.014186,59494.20,0.025109,33613.29,0.031011,0.005824,0.011391,0.014186,0.062413,0.010043,1,92012,112182,400032,479,0,0,0,605,0,0,0,212,0,0,0,113,0,0,0,216,0,0,0,5,0,0,0,5478076472921074080,9747364341664263048,9747364341664263048,8406870770694453271,7061135410113802259,16307142167949826570,0,0,0,0,0,0,0,0,0,0,0
551,5,812,8,10,0.027886,29118.54,0.014522,55913.65,0.013069,62132.15,0.015700,51721.02,0.016510,49181.81,0.016540,49093.67,0.020966,38730.10,0.028360,0.005722,0.005161,0.016540,0.055784,0.009112,5,84982,91717,376089,321,0,0,0,545,0,0,0,273,0,0,0,163,0,0,0,159,0,0,0,4,0,0,0,2366557565695209701,10542748122476064715,10542748122476064715,14861373560078003113,2960982863027162249,14861373560078003113,0,0,0,0,0,0,0,0,0,0,0
552,5,824,8,10,0.031832,25885.83,0.013285,62024.05,0.011847,69555.01,0.014014,58796.45,0.016005,51485.28,0.015385,53559.86,0.022902,35978.86,0.032600,0.005910,0.010966,0.015385,0.064861,0.009446,1,88768,94903,525655,225,0,0,0,388,0,0,0,243,0,0,0,163,0,0,0,316,0,0,0,3,0,0,0,9313606426618533795,12625820566876097971,12625820566876097971,9138777872833196128,14824722329523893816,5370453472059471945,0,0,0,0,0,0,0,0,0,0,0
553,5,831,8,10,0.040315,20612.80,0.019579,42443.14,0.016441,50545.18,0.024634,33734.32,0.025952,32021.03,0.024502,33916.04,0.031139,26686.66,0.041137,0.006671,0.011026,0.024502,0.083336,0.012840,2,100265,107250,393109,361,0,0,0,583,0,0,0,300,0,0,0,198,0,0,0,269,0,0,0,6,0,0,0,15408808011170302467,11013355641943286391,11013355641943286391,10145462571535724930,16124042716958644819,279181424203237914,0,0,0,0,0,0,0,0,0,0,0
554,5,790,8,10,0.035627,22174.38,0.015809,49970.20,0.012888,61298.25,0.016799,47027.34,0.018471,42769.09,0.015192,51999.65,0.025363,31147.85,0.036019,0.007182,0.013247,0.015192,0.071641,0.011633,1,109756,117286,532388,363,0,0,0,475,0,0,0,345,0,0,0,232,0,0,0,335,0,0,0,2,0,0,0,12797970842225278345,12797970842225278345,12797970842225278345,1296218976452743211,6689553878925405300,5903886900938900267,0,0,0,0,0,0,0,0,0,0,0
555,5,887,8,10,0.034472,25731.27,0.014381,61677.83,0.012709,69793.23,0.015563,56994.29,0.018250,48602.16,0.015238,58208.39,0.026189,33869.15,0.035529,0.006099,0.012191,0.015238,0.069057,0.010896,1,96010,103070,338893,312,0,0,0,519,0,0,0,323,0,0,0,202,0,0,0,264,0,0,0,5,0,0,0,9075043351307380117,12639592782377578269,12639592782377578269,13911646538410485132,5427328026710213767,12268995573358111014,0,0,0,0,0,0,0,0,0,0,0
556,5,862,8,10,0.035437,24324.69,0.017239,50002.44,0.015821,54484.72,0.017809,48402.23,0.020165,42746.61,0.017845,48303.87,0.024230,35575.28,0.035945,0.007310,0.013441,0.017845,0.074541,0.010854,1,109438,116118,429342,374,0,0,0,617,0,0,0,320,0,0,0,276,0,0,0,365,0,0,0,6,0,0,0,6315972403496561888,14238635125372284073,14238635125372284073,5108005388847444398,787798348892477144,15198423695850409070,0,0,0,0,0,0,0,0,0,0,0
557,5,819,8,10,0.032926,24873.71,0.014992,54628.90,0.014234,57540.06,0.016181,50614.79,0.017863,45848.95,0.015145,54076.00,0.025323,32342.67,0.033528,0.006408,0.010449,0.015145,0.065530,0.009968,2,102943,108348,442119,380,0,0,0,657,0,0,0,328,0,0,0,198,0,0,0,261,0,0,0,8,0,0,0,526604650008870681,14963876707786598058,12806093164168266062,8725449662378716065,4272409952843597105,988106451156874167,0,0,0,0,0,0,0,0,0,0,0
558,5,877,8,10,0.036712,23888.63,0.017291,50719.13,0.016540,53022.24,0.019126,45854.47,0.021289,41194.42,0.018983,46200.11,0.024849,35293.38,0.037589,0.007437,0.013531,0.018983,0.077540,0.012500,1,105076,110436,490796,444,0,0,0,754,0,0,0,391,0,0,0,277,0,0,0,354,0,0,0,3,0,0,0,7837549712654737101,18064204472922471253,18064204472922471253,13780372712267631299,6789382960782638768,6464403597540793894,0,0,0,0,0,0,0,0,0,0,0
559,5,741,8,10,0.041827,17715.80,0.022527,32893.56,0.019848,37333.73,0.019037,38923.75,0.024631,30084.63,0.024139,30696.87,0.030064,24647.56,0.042595,0.006365,0.005634,0.024139,0.078734,0.008356,5,91284,93689,402421,381,0,0,0,765,0,0,0,364,0,0,0,260,0,0,0,248,0,0,0,5,0,0,0,435458833838821338,435458833838821338,435458833838821338,13069743559468929980,4182055549926788182,18102464963545038254,0,0,0,0,0,0,0,0,0,0,0
560,5,730,8,10,0.033377,21871.53,0.013970,52254.75,0.012835,56874.11,0.015368,47500.36,0.017061,42788.81,0.016509,44217.27,0.023241,31409.60,0.034008,0.005459,0.009092,0.016509,0.065069,0.008117,2,88252,90697,470139,277,0,0,0,459,0,0,0,236,0,0,0,143,0,0,0,213,0,0,0,5,0,0,0,15221531229341311049,15221531229341311049,15221531229341311049,17111692492523104765,16199196460380923529,11546055740588722220,0,0,0,0,0,0,0,0,0,0,0
561,5,728,8,10,0.031334,23233.44,0.014287,50956.62,0.013129,55450.98,0.015766,46174.43,0.017162,42419.40,0.016453,44247.13,0.020787,35021.85,0.032058,0.005530,0.005120,0.016453,0.059162,0.008062,5,85715,88560,538048,373,0,0,0,533,0,0,0,293,0,0,0,223,0,0,0,224,0,0,0,4,0,0,0,872297273875730861,9391754113937704740,9391754113937704740,4660078445386842665,2857029131983357721,7011773252123901203,0,0,0,0,0,0,0,0,0,0,0
562,5,895,8,10,0.032876,27223.64,0.015986,55984.94,0.014864,60214.11,0.016204,55234.07,0.018749,47735.49,0.017555,50982.91,0.024980,35828.10,0.033426,0.006363,0.011982,0.017555,0.069326,0.011450,1,91999,109454,534859,353,0,0,0,609,0,0,0,412,0,0,0,230,0,0,0,302,0,0,0,4,0,0,0,4355553009721660710,9486326076496365065,9486326076496365065,13403857958672931879,15245591934892340893,15605098856525888450,0,0,0,0,0,0,0,0,0,0,0
563,5,756,8,10,0.032763,23074.59,0.013736,55038.90,0.011947,63281.27,0.013103,57696.45,0.014960,50534.63,0.014650,51602.52,0.020806,36334.88,0.033637,0.005965,0.005396,0.014650,0.059649,0.008472,5,86908,88713,534848,302,0,0,0,580,0,0,0,316,0,0,0,213,0,0,0,186,0,0,0,8,0,0,0,13721676472082932202,15534584206499745019,15534584206499745019,11213881986767157784,17309154031943405040,3394898092362529,0,0,0,0,0,0,0,0,0,0,0
564,5,818,8,10,0.030266,27026.79,0.013755,59468.72,0.012233,66868.92,0.013403,61029.76,0.015134,54051.92,0.014762,55413.48,0.018344,44592.56,0.030850,0.006128,0.005581,0.014762,0.057321,0.009708,5,89580,91570,355328,340,0,0,0,480,0,0,0,353,0,0,0,247,0,0,0,246,0,0,0,3,0,0,0,5977550507019081685,4252887210877512168,4252887210877512168,10918693182410136037,7048260657522790157,6786950531620997020,0,0,0,0,0,0,0,0,0,0,0
565,5,1061,8,10,0.042212,25134.84,0.020341,52160.19,0.018009,58913.39,0.021591,49141.08,0.023284,45567.82,0.021207,50030.64,0.032969,32181.47,0.043037,0.008109,0.014983,0.021207,0.087337,0.016757,1,124143,153908,484097,812,0,0,0,1159,0,0,0,378,0,0,0,353,0,0,0,370,0,0,0,11,0,0,0,11788683865432779627,11788683865432779627,11788683865432779627,1791918064925338024,5977210582333809278,5592804064363381716,0,0,0,0,0,0,0,0,0,0,0
566,5,1121,8,10,0.033725,33239.51,0.016636,67384.18,0.013812,81161.79,0.017133,65428.38,0.019320,58022.13,0.016916,66267.04,0.039089,28678.43,0.034835,0.007898,0.013543,0.016916,0.073193,0.016443,1,117619,322019,456901,435,0,0,0,631,0,0,0,412,0,0,0,214,0,0,0,284,0,0,0,3,0,0,0,14321073049226547595,11657540527209428337,11657540527209428337,9995172075220663020,9864946002237061837,1880929006413506310,0,0,0,0,0,0,0,0,0,0,0
567,5,1189,8,10,0.033833,35143.22,0.015976,74424.47,0.014195,83762.48,0.015541,76505.53,0.017309,68691.80,0.016815,70708.91,0.042375,28059.06,0.034715,0.007563,0.009107,0.016815,0.068200,0.024088,4,123019,275954,508699,1470,0,0,0,1581,0,0,0,198,0,0,0,99,0,0,0,146,0,0,0,6,0,0,0,13740152328437669593,16466507601933081314,16466507601933081314,6170639568246941598,15240941638830293915,14665238545835507074,0,0,0,0,0,0,0,0,0,0,0
568,5,741,8,10,0.027893,26565.54,0.013725,53989.10,0.012494,59306.12,0.015002,49394.89,0.017068,43415.31,0.017266,42916.58,0.018871,39267.58,0.028422,0.005781,0.005109,0.017266,0.056578,0.009999,5,82676,85731,392602,332,0,0,0,554,0,0,0,235,0,0,0,157,0,0,0,160,0,0,0,2,0,0,0,3178537803829499048,3178537803829499048,3178537803829499048,17663716703294731973,11520523647507035026,3969876441566762597,0,0,0,0,0,0,0,0,0,0,0
569,5,790,8,10,0.031039,25451.91,0.013282,59479.33,0.009441,83676.50,0.013887,56888.30,0.015067,52432.97,0.013422,58856.66,0.027273,28966.68,0.031666,0.006261,0.011454,0.013422,0.062804,0.009388,1,99430,116600,447324,584,0,0,0,615,0,0,0,128,0,0,0,80,0,0,0,132,0,0,0,2,0,0,0,7543998294761380723,7543998294761380723,7543998294761380723,10676215623438486353,12514759457428013912,10676215623438486353,0,0,0,0,0,0,0,0,0,0,0
570,5,818,8,10,0.032223,25385.31,0.014984,54590.63,0.013218,61887.27,0.014528,56305.55,0.016239,50371.51,0.015873,51534.33,0.019833,41243.61,0.032885,0.006118,0.005791,0.015873,0.060667,0.010279,5,97000,101060,417957,393,0,0,0,552,0,0,0,265,0,0,0,180,0,0,0,183,0,0,0,2,0,0,0,10406289175937406289,12568573688302376826,12568573688302376826,3100106702789895183,16854192329925790969,16097605633412869354,0,0,0,0,0,0,0,0,0,0,0
571,5,867,8,10,0.037660,23021.86,0.016704,51904.26,0.015131,57300.53,0.019532,44389.76,0.021488,40347.80,0.018463,46958.41,0.028686,30223.93,0.038479,0.006461,0.012238,0.018463,0.075640,0.011636,1,101710,106385,537516,403,0,0,0,550,0,0,0,427,0,0,0,245,0,0,0,333,0,0,0,40,0,0,0,13038204809129256435,14433264674432452887,14433264674432452887,16841478658863946024,6379944120642525952,2468495756629546249,0,0,0,0,0,0,0,0,0,0,0
572,5,822,8,10,0.033371,24631.81,0.015375,53462.32,0.014092,58329.92,0.017228,47712.62,0.019616,41903.80,0.014974,54896.75,0.020956,39225.22,0.034045,0.005855,0.005274,0.014974,0.060147,0.009354,5,92563,96013,392021,414,0,0,0,736,0,0,0,542,0,0,0,303,0,0,0,257,0,0,0,11,0,0,0,1900426947466748532,1006114471171417543,1006114471171417543,10963843562381298303,15259973284150058729,12098086124078454297,0,0,0,0,0,0,0,0,0,0,0
573,5,730,8,10,0.039795,18344.11,0.022173,32923.57,0.018052,40437.91,0.019239,37943.51,0.023904,30539.46,0.023407,31187.33,0.031840,22926.92,0.040784,0.006054,0.005727,0.023407,0.075971,0.008709,5,99453,103928,445657,594,0,0,0,702,0,0,0,423,0,0,0,217,0,0,0,223,0,0,0,20,0,0,0,8829724739909186618,18145838231422757638,18145838231422757638,12045542153823138364,17690369376252364201,251933942772386907,0,0,0,0,0,0,0,0,0,0,0
574,5,677,8,10,0.028060,24126.52,0.014974,45211.89,0.013806,49036.36,0.015392,43983.49,0.017269,39203.74,0.015513,43641.13,0.018656,36288.84,0.028852,0.005156,0.010212,0.015513,0.059734,0.007030,1,81094,82804,344452,300,0,0,0,445,0,0,0,261,0,0,0,182,0,0,0,238,0,0,0,4,0,0,0,10798707920443541164,7492935769702558278,7492935769702558278,3549275164762678062,13361825689354868916,12980906163783010175,0,0,0,0,0,0,0,0,0,0,0
575,5,741,8,10,0.031519,23509.84,0.014684,50461.62,0.013245,55944.50,0.015839,46784.45,0.018317,40454.51,0.015934,46505.41,0.022880,32386.58,0.031754,0.005687,0.010945,0.015934,0.064320,0.008416,1,86531,88206,577890,334,0,0,0,620,0,0,0,326,0,0,0,253,0,0,0,332,0,0,0,5,0,0,0,3890197767476643330,10874010093443672419,10874010093443672419,12414612593630089439,9777380808846318205,12414612593630089439,0,0,0,0,0,0,0,0,0,0,0
576,5,785,8,10,0.039758,19744.48,0.021963,35742.00,0.020091,39071.86,0.024817,31631.01,0.026976,29100.47,0.024022,32678.86,0.033244,23613.61,0.040657,0.006155,0.011397,0.024022,0.082230,0.008669,1,87338,95353,361123,333,0,0,0,688,0,0,0,292,0,0,0,187,0,0,0,298,0,0,0,7,0,0,0,407127278010805115,7817144716868385061,7817144716868385061,14642183923816707786,15712923873884104582,14642183923816707786,0,0,0,0,0,0,0,0,0,0,0
577,5,1026,8,10,0.036737,27928.37,0.016097,63739.15,0.014868,69005.05,0.017298,59314.01,0.018159,56501.85,0.018478,55526.90,0.023594,43485.65,0.037430,0.007065,0.008643,0.018478,0.071615,0.013707,3,115335,123670,504119,357,0,0,0,597,0,0,0,282,0,0,0,230,0,0,0,275,0,0,0,12,0,0,0,7370324306090973269,7370324306090973269,7370324306090973269,3214002976893187456,5542955851291630780,6599261611630154600,0,0,0,0,0,0,0,0,0,0,0
578,5,744,8,10,0.036336,20475.42,0.020447,36386.41,0.014164,52527.35,0.014102,52759.72,0.021864,34028.41,0.022196,33519.87,0.027748,26812.74,0.037021,0.005410,0.005000,0.022196,0.069626,0.009826,5,83774,87399,419533,441,0,0,0,585,0,0,0,368,0,0,0,256,0,0,0,238,0,0,0,7,0,0,0,10766661033076147987,595936193801494906,595936193801494906,5305508882858156439,6591467010252080589,4280431560427180805,0,0,0,0,0,0,0,0,0,0,0
579,5,1094,8,10,0.030639,35705.78,0.017375,62963.16,0.016281,67193.01,0.017351,63050.90,0.019716,55487.64,0.017964,60897.95,0.037166,29435.59,0.031243,0.006874,0.007216,0.017964,0.063297,0.019985,4,101227,298652,338322,400,0,0,0,731,0,0,0,370,0,0,0,333,0,0,0,272,0,0,0,9,0,0,0,9698056173546687823,7480398438925559211,7480398438925559211,6231731230648328561,2044678762667686606,6231731230648328561,0,0,0,0,0,0,0,0,0,0,0
580,5,845,8,10,0.034664,24376.96,0.017645,47889.98,0.016808,50273.95,0.018857,44812.06,0.019863,42541.12,0.020437,41347.55,0.025195,33538.80,0.035416,0.006597,0.005892,0.020437,0.068341,0.010908,5,102804,109534,460758,578,0,0,0,875,0,0,0,372,0,0,0,248,0,0,0,249,0,0,0,4,0,0,0,5700673743881846817,5700673743881846817,5700673743881846817,13007311476440357805,7397974669510423354,793916935593611642,0,0,0,0,0,0,0,0,0,0,0
581,5,879,8,10,0.033023,26617.56,0.015185,57886.92,0.013711,64109.65,0.015075,58309.82,0.017132,51306.29,0.016032,54827.50,0.021403,41068.60,0.033773,0.006189,0.011895,0.016032,0.067889,0.012888,1,95370,101190,431827,547,0,0,0,663,0,0,0,379,0,0,0,210,0,0,0,320,0,0,0,6,0,0,0,5336323611728454476,5336323611728454476,5336323611728454476,1590210849138006353,11424746027034035936,2336551794401799563,0,0,0,0,0,0,0,0,0,0,0
582,5,924,8,10,0.040466,22833.75,0.019064,48467.56,0.018672,49486.97,0.020142,45874.95,0.022212,41599.75,0.019986,46231.47,0.029842,30963.36,0.041259,0.007651,0.011730,0.019986,0.080626,0.012593,2,122932,128947,463294,576,0,0,0,734,0,0,0,354,0,0,0,245,0,0,0,244,0,0,0,7,0,0,0,12676813914731520616,12676813914731520616,12676813914731520616,18058595909246204645,13121391118904269544,18058595909246204645,0,0,0,0,0,0,0,0,0,0,0
583,5,743,8,10,0.029917,24835.18,0.013955,53241.95,0.012792,58084.26,0.014023,52984.98,0.015731,47231.03,0.015259,48692.56,0.017728,41910.79,0.030635,0.005932,0.007678,0.015259,0.059504,0.009927,4,89588,92583,297266,352,0,0,0,532,0,0,0,328,0,0,0,185,0,0,0,222,0,0,0,5,0,0,0,3975989237563733645,18419511058945613360,18419511058945613360,1306453757624596515,703219233243363847,263067770150872956,0,0,0,0,0,0,0,0,0,0,0
584,5,701,8,10,0.029239,23974.74,0.014605,47997.96,0.014136,49589.73,0.017148,40879.41,0.018327,38249.26,0.015956,43934.06,0.020783,33729.61,0.029889,0.005595,0.010464,0.015956,0.061903,0.007788,1,85921,88096,436069,409,0,0,0,623,0,0,0,353,0,0,0,246,0,0,0,266,0,0,0,5,0,0,0,16507578461723560842,7133255492628009634,7133255492628009634,8015658957622119021,12603387305598187375,8015658957622119021,0,0,0,0,0,0,0,0,0,0,0
585,5,791,8,10,0.030839,25649.38,0.016793,47103.67,0.015477,51108.94,0.016790,47111.35,0.018523,42704.63,0.017004,46519.12,0.020500,38585.88,0.031407,0.005944,0.005514,0.017004,0.059868,0.009330,5,88504,90959,406989,350,0,0,0,691,0,0,0,326,0,0,0,238,0,0,0,239,0,0,0,6,0,0,0,14660169265163692520,14660169265163692520,14660169265163692520,9873489376081809169,13515063788182744990,9873489376081809169,0,0,0,0,0,0,0,0,0,0,0
586,5,831,8,10,0.041513,20017.97,0.020604,40332.59,0.017193,48332.29,0.021972,37820.97,0.023455,35429.38,0.022412,37078.65,0.027964,29717.18,0.042569,0.006764,0.006454,0.022412,0.078200,0.010985,5,102977,106237,400112,489,0,0,0,660,0,0,0,385,0,0,0,216,0,0,0,191,0,0,0,1,0,0,0,17049297429429094461,9354069357857526187,9354069357857526187,4342490931650359494,11762489026013185805,6148957684144979879,0,0,0,0,0,0,0,0,0,0,0
587,5,820,8,10,0.035286,23238.62,0.017342,47283.30,0.015526,52813.02,0.018813,43586.93,0.020014,40971.32,0.018817,43577.88,0.027583,29727.96,0.036123,0.006881,0.007190,0.018817,0.069011,0.011084,4,101328,106133,510783,473,0,0,0,755,0,0,0,287,0,0,0,240,0,0,0,201,0,0,0,5,0,0,0,7664999669773252993,15232564710481145486,15232564710481145486,18250469436566525632,17396706392656937846,837615612854077924,0,0,0,0,0,0,0,0,0,0,0
588,5,709,8,10,0.035252,20112.30,0.016991,41728.64,0.012812,55340.57,0.020699,34252.88,0.022760,31150.88,0.021073,33644.52,0.028085,25244.87,0.035903,0.005926,0.009266,0.021073,0.072167,0.008127,2,87736,91171,452061,320,0,0,0,527,0,0,0,275,0,0,0,165,0,0,0,176,0,0,0,8,0,0,0,17583461467503045192,17583461467503045192,17583461467503045192,16383842399695939729,10812495604135531669,15456093298208006795,0,0,0,0,0,0,0,0,0,0,0
589,5,746,8,10,0.036400,20494.44,0.018494,40336.84,0.017329,43048.63,0.019514,38229.56,0.021379,34893.67,0.019442,38370.81,0.024492,30459.13,0.035905,0.006873,0.007909,0.019442,0.070129,0.008848,3,92788,95693,450911,455,0,0,0,845,0,0,0,360,0,0,0,283,0,0,0,352,0,0,0,6,0,0,0,8906779094031288935,17834821453939774766,17834821453939774766,2223906371904173009,2781338737923998532,3226665057349284261,0,0,0,0,0,0,0,0,0,0,0
590,5,709,8,10,0.039390,17999.65,0.020694,34261.51,0.016694,42470.03,0.023348,30367.19,0.025183,28154.08,0.023526,30136.49,0.029164,24310.55,0.040012,0.006136,0.011485,0.023526,0.081159,0.007844,1,97038,98623,490561,284,0,0,0,469,0,0,0,297,0,0,0,198,0,0,0,278,0,0,0,8,0,0,0,6516032613326559039,11055551541066290394,11055551541066290394,10621012828098601951,12767717464023861195,7123460587055462954,0,0,0,0,0,0,0,0,0,0,0
591,5,682,8,10,0.028774,23702.04,0.014232,47920.49,0.012856,53048.45,0.014772,46168.69,0.016893,40372.15,0.015632,43628.39,0.018612,36643.51,0.029407,0.005157,0.007573,0.015632,0.057769,0.007175,3,84085,85645,330983,290,0,0,0,519,0,0,0,333,0,0,0,153,0,0,0,223,0,0,0,2,0,0,0,12420563955493645159,629224181075910965,629224181075910965,8066386608687015854,13086003049297370001,6080158198581445633,0,0,0,0,0,0,0,0,0,0,0
592,5,758,8,10,0.040587,18675.96,0.023168,32718.22,0.016412,46187.11,0.021582,35122.48,0.025640,29562.95,0.023655,32043.42,0.029616,25594.39,0.041382,0.006909,0.012333,0.023655,0.084280,0.008784,1,102369,104184,397457,344,0,0,0,576,0,0,0,387,0,0,0,316,0,0,0,415,0,0,0,3,0,0,0,13028092568776553414,13028092568776553414,13028092568776553414,17152278511942050378,5978840288953677499,4080786599636212910,0,0,0,0,0,0,0,0,0,0,0
593,5,735,8,10,0.029294,25090.76,0.013541,54279.89,0.012379,59373.50,0.014314,51348.99,0.017094,42997.50,0.015196,48367.77,0.019769,37179.41,0.030050,0.005436,0.010497,0.015196,0.061179,0.008076,1,82029,83614,483311,360,0,0,0,539,0,0,0,286,0,0,0,264,0,0,0,331,0,0,0,5,0,0,0,14614174737153276705,3447500967856901960,3447500967856901960,10271652186226540858,3327487137910006237,634560956434045795,0,0,0,0,0,0,0,0,0,0,0
594,5,786,8,10,0.038190,20581.16,0.016308,48196.27,0.015721,49996.79,0.018957,41461.46,0.020349,38626.36,0.017528,44843.02,0.024804,31687.98,0.039265,0.006482,0.012541,0.017528,0.075816,0.010257,1,102660,105215,445778,434,0,0,0,640,0,0,0,418,0,0,0,267,0,0,0,356,0,0,0,9,0,0,0,2822549230561243217,13080689708560034683,13080689708560034683,11004868728227579800,18407238822841423771,11004868728227579800,0,0,0,0,0,0,0,0,0,0,0
595,5,905,8,10,0.033357,27130.40,0.014614,61928.83,0.014463,62572.20,0.015766,57403.19,0.017542,51589.47,0.014887,60790.09,0.026407,34271.54,0.034144,0.006777,0.011670,0.014887,0.067478,0.013922,1,102195,118235,527095,475,0,0,0,635,0,0,0,358,0,0,0,197,0,0,0,322,0,0,0,9,0,0,0,13612296575975067239,4631126703053690764,4631126703053690764,1552069776783635579,8449776994352915385,10669055724691543731,0,0,0,0,0,0,0,0,0,0,0
596,5,773,8,10,0.035334,21876.77,0.015193,50877.64,0.012584,61429.05,0.016693,46306.69,0.018783,41155.00,0.015975,48388.76,0.023989,32222.51,0.036129,0.006599,0.011870,0.015975,0.070573,0.008995,1,99679,101744,550561,262,0,0,0,358,0,0,0,214,0,0,0,164,0,0,0,183,0,0,0,1,0,0,0,15154490155578714198,14705246276577158178,14705246276577158178,5719461057054895973,3140060299407758425,17038033975914899792,0,0,0,0,0,0,0,0,0,0,0
597,5,839,8,10,0.038992,21517.29,0.016628,50457.64,0.014623,57375.93,0.018664,44953.02,0.020268,41395.94,0.020081,41780.44,0.026190,32034.96,0.039494,0.006972,0.006128,0.020081,0.072675,0.011608,5,103501,107231,512989,521,0,0,0,697,0,0,0,494,0,0,0,329,0,0,0,333,0,0,0,7,0,0,0,15927552779524280205,2218104407042229688,2218104407042229688,11933249812746796567,17124893615939028613,7892199069199012657,0,0,0,0,0,0,0,0,0,0,0
598,5,686,8,10,0.028354,24193.78,0.015519,44204.55,0.014568,47090.95,0.015988,42905.96,0.017896,38333.07,0.018229,37631.69,0.020817,32954.58,0.028889,0.005247,0.004874,0.018229,0.057240,0.007125,5,80694,82789,288198,316,0,0,0,525,0,0,0,267,0,0,0,185,0,0,0,175,0,0,0,4,0,0,0,14679811956308722421,3761359287359654413,3761359287359654413,2743325510992498772,1263803397384984832,13534888858972363333,0,0,0,0,0,0,0,0,0,0,0
599,5,888,8,10,0.041078,21617.61,0.018573,47810.65,0.015462,57431.52,0.019574,45366.31,0.021219,41849.88,0.019303,46003.36,0.026632,33343.88,0.041808,0.007007,0.012964,0.019303,0.081082,0.012864,1,107621,110921,580887,483,0,0,0,676,0,0,0,470,0,0,0,364,0,0,0,357,0,0,0,3,0,0,0,983079125993155530,2660926618718512169,2660926618718512169,3788239189718956568,7073646609481367349,7725827973124762058,0,0,0,0,0,0,0,0,0,0,0
600,5,746,8,10,0.035543,20988.49,0.016239,45939.95,0.015336,48642.54,0.017614,42352.56,0.020203,36925.47,0.019501,38255.42,0.024156,30882.65,0.036317,0.006406,0.008437,0.019501,0.070661,0.008850,3,98623,100903,382530,493,0,0,0,690,0,0,0,312,0,0,0,363,0,0,0,394,0,0,0,7,0,0,0,16330218238114074936,2975202668241553723,2975202668241553723,9243077110188697293,10670556462984552291,6735282071396358373,0,0,0,0,0,0,0,0,0,0,0
601,5,725,8,10,0.037033,19577.28,0.020307,35702.52,0.017688,40988.84,0.020863,34750.15,0.021531,33672.72,0.020101,36068.45,0.025678,28233.88,0.037642,0.005721,0.005353,0.020101,0.068816,0.008243,5,91577,94947,491573,548,0,0,0,740,0,0,0,372,0,0,0,290,0,0,0,276,0,0,0,10,0,0,0,5006917300645486533,8959328117386852647,8959328117386852647,7269665035868802207,12092020411492502843,7269665035868802207,0,0,0,0,0,0,0,0,0,0,0
602,5,759,8,10,0.030251,25090.20,0.013815,54938.57,0.012168,62377.41,0.014778,51360.24,0.017103,44378.10,0.015552,48803.85,0.021313,35611.98,0.030943,0.006094,0.005352,0.015552,0.057941,0.008372,5,88547,91232,326207,358,0,0,0,609,0,0,0,245,0,0,0,201,0,0,0,161,0,0,0,10,0,0,0,2711508638841010064,9948219893093051027,9948219893093051027,7054823183728594758,624316357991628957,6556720093448719273,0,0,0,0,0,0,0,0,0,0,0
603,5,818,8,10,0.040682,20107.05,0.021551,37956.58,0.014637,55885.07,0.024498,33390.06,0.025770,31741.82,0.024286,33682.46,0.029221,27993.16,0.041360,0.006219,0.011997,0.024286,0.083862,0.013166,1,93405,96915,536351,419,0,0,0,594,0,0,0,283,0,0,0,207,0,0,0,282,0,0,0,10,0,0,0,5117535183761747907,951577848965002546,951577848965002546,4202851356252992334,15715580722900354077,4202851356252992334,0,0,0,0,0,0,0,0,0,0,0
604,5,771,8,10,0.031670,24344.72,0.016172,47674.42,0.014775,52182.75,0.016456,46851.41,0.017427,44240.63,0.015587,49465.17,0.022074,34928.42,0.032386,0.006250,0.011396,0.015587,0.065619,0.009191,1,93282,95677,412131,521,0,0,0,789,0,0,0,478,0,0,0,282,0,0,0,389,0,0,0,15,0,0,0,4455585563655668319,4455585563655668319,4455585563655668319,14178721180077919579,10220700284351524165,7361801847849753450,0,0,0,0,0,0,0,0,0,0,0
605,5,758,8,10,0.031025,24431.70,0.014132,53635.86,0.012916,58686.40,0.014048,53956.19,0.016848,44991.18,0.015177,49942.67,0.022207,34132.95,0.031846,0.005863,0.010820,0.015177,0.063706,0.008815,1,87231,90196,387429,352,0,0,0,557,0,0,0,415,0,0,0,265,0,0,0,312,0,0,0,5,0,0,0,13880620503925338165,17200430623908422444,17200430623908422444,16990841983588321264,12382219795296270783,2958692295773888313,0,0,0,0,0,0,0,0,0,0,0
606,5,783,8,10,0.033509,23367.00,0.016630,47082.79,0.014642,53477.36,0.017142,45676.45,0.019483,40188.92,0.018244,42917.28,0.020476,38239.61,0.034274,0.006147,0.005920,0.018244,0.064586,0.009631,5,95462,97607,458738,426,0,0,0,739,0,0,0,509,0,0,0,274,0,0,0,306,0,0,0,10,0,0,0,9147920811930377224,9147920811930377224,9147920811930377224,8589658776622214017,4293726262759933945,8589658776622214017,0,0,0,0,0,0,0,0,0,0,0
607,5,769,8,10,0.032428,23714.35,0.016257,47303.53,0.014844,51805.29,0.017711,43420.38,0.019283,39880.20,0.018001,42720.80,0.023417,32839.96,0.033173,0.006083,0.009239,0.018001,0.066496,0.009668,2,87330,92160,317899,365,0,0,0,597,0,0,0,265,0,0,0,143,0,0,0,207,0,0,0,2,0,0,0,10203033189681550775,7911663082411982771,7911663082411982771,16716031654472482346,16904006871151284149,8901314321513436547,0,0,0,0,0,0,0,0,0,0,0
608,5,872,8,10,0.036011,24215.09,0.016726,52133.80,0.013760,63372.28,0.015899,54847.74,0.019175,45476.11,0.018064,48272.77,0.026358,33083.40,0.037062,0.007073,0.008788,0.018064,0.070987,0.012876,3,110792,116217,416668,438,0,0,0,567,0,0,0,420,0,0,0,282,0,0,0,311,0,0,0,7,0,0,0,888601695683731962,4667541072652087883,4667541072652087883,4290635143829678163,18189646558566585016,13496549781003699299,0,0,0,0,0,0,0,0,0,0,0
609,5,726,8,10,0.033524,21656.19,0.013673,53096.08,0.013250,54792.09,0.015974,45448.83,0.016670,43550.65,0.016119,45039.15,0.022565,32174.32,0.034055,0.005689,0.006511,0.016119,0.062375,0.008548,4,92384,94989,435654,320,0,0,0,574,0,0,0,333,0,0,0,144,0,0,0,149,0,0,0,8,0,0,0,14782513932593603802,682884143419216621,682884143419216621,10968773566910516133,1083526273367482699,4523565916700851570,0,0,0,0,0,0,0,0,0,0,0
610,5,866,8,10,0.037941,22824.68,0.017238,50236.60,0.016141,53653.81,0.021158,40930.65,0.022134,39126.05,0.021868,39600.80,0.026256,32982.98,0.038644,0.006926,0.006330,0.021868,0.073769,0.012809,5,104367,108527,481251,406,0,0,0,597,0,0,0,364,0,0,0,257,0,0,0,275,0,0,0,5,0,0,0,13866681781423100505,4746395057238580863,4746395057238580863,3021755407478630586,11159671208570782414,7646406005626202808,0,0,0,0,0,0,0,0,0,0,0
611,5,759,8,10,0.037929,20010.91,0.017384,43660.00,0.011718,64769.86,0.014063,53972.47,0.019127,39681.86,0.016633,45632.84,0.028276,26842.17,0.038447,0.005752,0.007061,0.016633,0.067893,0.008735,3,87956,94346,760407,301,0,0,0,356,0,0,0,302,0,0,0,170,0,0,0,209,0,0,0,7,0,0,0,2565709016637792000,15967629000531623195,15967629000531623195,6574219794678742609,6016101723740494121,342670806300191758,0,0,0,0,0,0,0,0,0,0,0
612,5,863,8,10,0.031756,27176.30,0.015723,54886.11,0.014247,60575.61,0.014994,57558.19,0.016023,53859.79,0.016153,53426.45,0.023412,36861.26,0.032611,0.005888,0.006595,0.016153,0.061247,0.010916,4,97136,106506,362470,506,0,0,0,713,0,0,0,316,0,0,0,243,0,0,0,266,0,0,0,5,0,0,0,11830388490266049046,13970408720555801830,13970408720555801830,667104313914019411,14228476276093819671,10195936062095544540,0,0,0,0,0,0,0,0,0,0,0
613,5,860,8,10,0.030044,28625.05,0.012763,67383.20,0.011557,74416.09,0.012872,66813.05,0.014382,59797.38,0.012457,69037.69,0.020082,42825.05,0.030726,0.006159,0.011660,0.012457,0.061002,0.011606,1,90426,94936,488797,229,0,0,0,421,0,0,0,281,0,0,0,153,0,0,0,281,0,0,0,3,0,0,0,1297402538533940594,381029029195414190,381029029195414190,17795456043641603204,8639777570309591123,17795456043641603204,0,0,0,0,0,0,0,0,0,0,0
614,5,808,8,10,0.031063,26011.89,0.012631,63968.67,0.010279,78608.98,0.010292,78508.35,0.013377,60403.67,0.010803,74794.82,0.021438,37690.45,0.031662,0.006940,0.012824,0.010803,0.062228,0.009520,1,113552,118907,425795,191,0,0,0,341,0,0,0,264,0,0,0,136,0,0,0,260,0,0,0,3,0,0,0,11291687577632195314,13738269145869231624,13738269145869231624,5516975732123176652,17251379839978906523,5516975732123176652,0,0,0,0,0,0,0,0,0,0,0
615,5,884,8,10,0.035998,24556.93,0.013993,63173.41,0.010546,83824.62,0.013614,64932.21,0.016364,54022.52,0.014930,59208.88,0.023226,38060.21,0.037025,0.007461,0.011129,0.014930,0.070546,0.010795,2,114889,117194,457835,226,0,0,0,369,0,0,0,360,0,0,0,142,0,0,0,159,0,0,0,11,0,0,0,18230878710576545670,18230878710576545670,18230878710576545670,151516400533323146,11210856956355139807,4281831571903460376,0,0,0,0,0,0,0,0,0,0,0
616,5,808,8,10,0.029548,27345.01,0.011682,69166.25,0.010324,78264.96,0.012451,64893.88,0.014244,56725.19,0.014141,57137.92,0.017897,45147.07,0.030267,0.005843,0.005324,0.014141,0.055576,0.009592,5,91435,94050,298836,335,0,0,0,464,0,0,0,366,0,0,0,206,0,0,0,210,0,0,0,6,0,0,0,6218715428052528205,13977268500825028490,13977268500825028490,15844044947605255935,11706582005798130102,4287092635259612017,0,0,0,0,0,0,0,0,0,0,0
617,5,836,8,10,0.038747,21575.72,0.020945,39914.69,0.017024,49105.77,0.021675,38569.96,0.023604,35417.56,0.020520,40741.51,0.030528,27384.94,0.039534,0.006083,0.011391,0.020520,0.077527,0.009828,1,91780,95945,516796,291,0,0,0,557,0,0,0,363,0,0,0,254,0,0,0,257,0,0,0,7,0,0,0,12886894317197308120,12886894317197308120,12886894317197308120,1553711700149394324,10600685171737887696,1836735415879345318,0,0,0,0,0,0,0,0,0,0,0
618,5,860,8,10,0.030361,28325.43,0.015639,54991.85,0.014580,58984.46,0.015238,56438.55,0.016443,52303.12,0.015457,55637.86,0.019236,44706.94,0.030999,0.006384,0.011087,0.015457,0.063927,0.011596,1,94164,97099,466518,416,0,0,0,657,0,0,0,448,0,0,0,354,0,0,0,398,0,0,0,10,0,0,0,14922350621572041119,16417471392250438168,16417471392250438168,12010454489028891168,647313223994038836,16689556392684253693,0,0,0,0,0,0,0,0,0,0,0
619,5,749,8,10,0.027952,26795.66,0.012606,59414.39,0.011107,67433.93,0.013546,55291.54,0.016045,46681.27,0.013137,57012.68,0.019050,39318.55,0.028498,0.005554,0.010397,0.013137,0.057586,0.009569,1,81581,83276,379405,298,0,0,0,434,0,0,0,339,0,0,0,176,0,0,0,253,0,0,0,5,0,0,0,2126029507375408823,4759582988515474662,4759582988515474662,15692713328130908639,6870250671628114549,13931021734219146206,0,0,0,0,0,0,0,0,0,0,0
620,5,737,8,10,0.032324,22800.13,0.015431,47762.54,0.011785,62539.13,0.016690,44159.22,0.017885,41208.80,0.015706,46923.78,0.021801,33805.28,0.033124,0.005437,0.010411,0.015706,0.064678,0.008098,1,85039,86809,561500,315,0,0,0,477,0,0,0,253,0,0,0,270,0,0,0,199,0,0,0,7,0,0,0,13890585381137202406,5036588831606224453,5036588831606224453,11395704805298727226,4271455030575654119,6694145296120431508,0,0,0,0,0,0,0,0,0,0,0
621,5,678,8,10,0.031427,21573.78,0.015137,44790.32,0.012744,53201.27,0.015560,43573.39,0.016114,42074.94,0.013118,51684.22,0.022194,30548.50,0.032061,0.005631,0.011084,0.013118,0.061894,0.007885,1,89795,93425,471735,307,0,0,0,505,0,0,0,309,0,0,0,198,0,0,0,247,0,0,0,7,0,0,0,11706733625447782438,11706733625447782438,11706733625447782438,9098621678683586086,13366718247753240972,8188389231855770479,0,0,0,0,0,0,0,0,0,0,0
622,5,1340,8,10,0.049013,27339.59,0.027671,48426.25,0.027621,48513.67,0.026953,49715.96,0.029831,44920.11,0.029843,44901.08,0.066787,20063.80,0.050528,0.010535,0.010615,0.029843,0.101521,0.025021,4,184304,335234,786108,3007,0,0,0,3716,0,0,0,280,0,0,0,245,0,0,0,290,0,0,0,3,0,0,0,8680261064871531166,873092171204445136,873092171204445136,3038245742244270363,2114651570955705153,3275255644628813971,0,0,0,0,0,0,0,0,0,0,0
623,5,1292,8,10,0.043247,29874.89,0.035685,36205.52,0.035991,35897.43,0.034090,37900.22,0.034700,37233.65,0.034375,37585.72,0.080225,16104.70,0.045127,0.009161,0.007918,0.034375,0.096581,0.020190,5,174867,444092,853408,5134,0,0,0,5834,0,0,0,119,0,0,0,100,0,0,0,90,0,0,0,1,0,0,0,12915809525539213532,15771178344619508508,15771178344619508508,7488398268052456228,2868242052822892946,7488398268052456228,0,0,0,0,0,0,0,0,0,0,0
624,5,1304,8,10,0.035879,36344.70,0.033422,39015.91,0.033568,38846.25,0.031230,41754.92,0.033760,38625.67,0.032295,40377.19,0.078578,16595.06,0.037582,0.009867,0.007895,0.032295,0.087639,0.019919,5,168034,406254,669371,4399,0,0,0,4876,0,0,0,146,0,0,0,139,0,0,0,151,0,0,0,251,0,0,0,1841065202845643848,16665480621893946511,16665480621893946511,5984823876828322133,14562497026131319115,9697727321582805180,0,0,0,0,0,0,0,0,0,0,0
625,5,1030,8,10,0.029730,34645.47,0.025366,40606.32,0.025367,40603.44,0.023674,43507.09,0.024577,41909.28,0.024587,41892.37,0.065424,15743.56,0.031009,0.007034,0.005851,0.024587,0.068482,0.015593,5,127215,294195,519979,3868,0,0,0,4260,0,0,0,98,0,0,0,74,0,0,0,81,0,0,0,302,0,0,0,126223282898078394,2075243930195479277,2075243930195479277,6439141763394920975,5465009685532138703,15459447605250433996,0,0,0,0,0,0,0,0,0,0,0
626,5,883,8,10,0.025083,35203.73,0.020013,44122.02,0.019504,45271.80,0.018069,48868.75,0.019839,44507.53,0.019784,44632.15,0.056337,15673.49,0.025986,0.005705,0.005018,0.019784,0.056492,0.011112,5,102610,196735,487658,2215,0,0,0,2773,0,0,0,82,0,0,0,87,0,0,0,86,0,0,0,395,0,0,0,15214984875318316631,8871173621441775587,8871173621441775587,14453403866742504921,1710028197043295755,4477015761618608920,0,0,0,0,0,0,0,0,0,0,0
627,5,637,8,10,0.016669,38215.15,0.010821,58864.86,0.009266,68746.70,0.008787,72494.74,0.010486,60745.69,0.010323,61704.46,0.025047,25431.96,0.017109,0.004204,0.005501,0.010323,0.037137,0.005379,2,67968,89583,393279,812,0,0,0,1013,0,0,0,102,0,0,0,24,0,0,0,112,0,0,0,162,0,0,0,7811715301861012636,7280654753170525910,7280654753170525910,2064457969382630956,7906135936632564722,625749988412987586,0,0,0,0,0,0,0,0,0,0,0
628,5,640,8,10,0.016115,39713.38,0.006707,95429.76,0.004975,128651.49,0.007711,82994.29,0.008981,71258.73,0.007379,86730.10,0.014934,42855.65,0.016509,0.003556,0.006351,0.007379,0.033795,0.005271,1,52852,59202,300152,112,0,0,0,133,0,0,0,66,0,0,0,40,0,0,0,143,0,0,0,2,0,0,0,4852361040955034830,4852361040955034830,4852361040955034830,14455904710979940962,14537057405768139371,14455904710979940962,0,0,0,0,0,0,0,0,0,0,0
629,5,865,8,10,0.018451,46879.73,0.007240,119475.14,0.005716,151330.79,0.006140,140874.16,0.008085,106993.42,0.008009,108002.03,0.017516,49382.83,0.019127,0.004427,0.004073,0.008009,0.035636,0.009146,5,69030,81670,422697,100,0,0,0,109,0,0,0,31,0,0,0,45,0,0,0,38,0,0,0,3,0,0,0,4400915677490839279,4400915677490839279,4400915677490839279,3646121630752623232,18148129062103347137,1420051547147160508,0,0,0,0,0,0,0,0,0,0,0
630,5,724,8,10,0.021360,33895.25,0.008097,89416.54,0.006320,114562.53,0.007433,97399.67,0.009328,77617.61,0.007512,96377.75,0.016454,44000.80,0.021954,0.004635,0.009221,0.007512,0.043321,0.007313,1,71731,74816,508124,157,0,0,0,194,0,0,0,112,0,0,0,94,0,0,0,208,0,0,0,26,0,0,0,2034987668821256191,2034987668821256191,2034987668821256191,5449018699779151238,5776284295256827886,10260592313474787577,0,0,0,0,0,0,0,0,0,0,0
631,5,742,8,10,0.019667,37728.53,0.007796,95176.07,0.006012,123424.38,0.006983,106252.08,0.008614,86139.21,0.007283,101883.04,0.013070,56771.34,0.020130,0.004080,0.007691,0.007283,0.039183,0.006705,1,65118,66798,432126,155,0,0,0,180,0,0,0,84,0,0,0,90,0,0,0,138,0,0,0,1,0,0,0,13862936863445442722,13862936863445442722,13862936863445442722,1203961330857560342,12140139578514919781,16201113213160453585,0,0,0,0,0,0,0,0,0,0,0
632,5,840,8,10,0.029554,28422.21,0.013652,61529.12,0.011151,75327.53,0.015801,53160.53,0.014899,56378.39,0.010835,77528.27,0.023731,35396.22,0.030261,0.006161,0.010922,0.010835,0.058178,0.009508,1,96627,101937,525760,291,0,0,0,357,0,0,0,226,0,0,0,120,0,0,0,196,0,0,0,24,0,0,0,11305245269507210117,11305245269507210117,11305245269507210117,14256901063831840197,1892090390942282345,14500176915689322259,0,0,0,0,0,0,0,0,0,0,0
633,5,847,8,10,0.032323,26203.97,0.016085,52656.70,0.009774,86660.45,0.013041,64946.69,0.015064,56226.94,0.012658,66914.11,0.026547,31905.74,0.033102,0.005935,0.011133,0.012658,0.062828,0.009706,1,95309,100054,424776,231,0,0,0,249,0,0,0,127,0,0,0,124,0,0,0,154,0,0,0,32,0,0,0,14528207321620584182,14528207321620584182,14528207321620584182,5270195811190204265,811069350549546387,5786144738750271071,0,0,0,0,0,0,0,0,0,0,0
634,5,784,8,10,0.036284,21607.03,0.018374,42669.74,0.014316,54764.75,0.013802,56804.30,0.021500,36465.42,0.012427,63087.95,0.031979,24516.04,0.036978,0.005312,0.009909,0.012427,0.064626,0.008089,1,81200,87270,673016,202,0,0,0,181,0,0,0,143,0,0,0,82,0,0,0,137,0,0,0,23,0,0,0,5890732718122809963,5890732718122809963,5890732718122809963,3146656170971568204,8889774479874345799,11523048013914992133,0,0,0,0,0,0,0,0,0,0,0
635,5,782,8,10,0.027590,28344.01,0.010255,76253.37,0.008211,95243.65,0.014034,55720.71,0.015655,49951.35,0.012954,60365.44,0.026212,29833.62,0.028202,0.005351,0.010458,0.012954,0.056964,0.011626,1,83352,95692,344650,320,0,0,0,350,0,0,0,209,0,0,0,103,0,0,0,156,0,0,0,44,0,0,0,12492946734557532269,12492946734557532269,12492946734557532269,792935886741545825,1459175194229321635,3177866832742793453,0,0,0,0,0,0,0,0,0,0,0
636,5,761,8,10,0.032971,23081.14,0.012457,61091.20,0.008583,88666.73,0.013026,58419.70,0.015382,49472.65,0.013866,54883.39,0.028728,26489.98,0.033559,0.006112,0.010868,0.013866,0.064405,0.008371,1,97333,104398,463346,240,0,0,0,204,0,0,0,143,0,0,0,77,0,0,0,146,0,0,0,38,0,0,0,3202465784816861726,3202465784816861726,3202465784816861726,6015470694767177900,9724009780925986680,8610698007919929938,0,0,0,0,0,0,0,0,0,0,0
637,5,810,8,10,0.033283,24336.90,0.013086,61899.93,0.009741,83155.26,0.012005,67474.53,0.015318,52880.41,0.012564,64470.31,0.027864,29070.10,0.033690,0.006236,0.011146,0.012564,0.063635,0.009117,1,103809,110359,720567,216,0,0,0,276,0,0,0,209,0,0,0,144,0,0,0,196,0,0,0,19,0,0,0,3245341957876919201,3697454792256388017,3697454792256388017,17792918580352878639,3219692520857467220,7852683332689891316,0,0,0,0,0,0,0,0,0,0,0
638,5,829,8,10,0.038817,21356.49,0.018453,44925.30,0.013428,61736.32,0.020469,40500.50,0.023092,35899.61,0.022184,37369.11,0.036266,22859.07,0.039316,0.005427,0.009420,0.022184,0.076347,0.009964,4,88161,101541,382706,159,0,0,0,161,0,0,0,115,0,0,0,76,0,0,0,79,0,0,0,18,0,0,0,16134522977428820762,16134522977428820762,16134522977428820762,5778916337692972854,15109730169190660259,16195762382307241387,0,0,0,0,0,0,0,0,0,0,0
639,5,775,8,10,0.034507,22459.31,0.016147,47996.18,0.009787,79188.51,0.017006,45571.53,0.021292,36397.81,0.019875,38993.56,0.032473,23865.98,0.035160,0.006178,0.011171,0.019875,0.072384,0.008795,1,100448,106713,362540,170,0,0,0,207,0,0,0,139,0,0,0,108,0,0,0,152,0,0,0,17,0,0,0,10070249869379333050,10070249869379333050,10070249869379333050,13529836389670249227,8839437101641460671,1739422460891926483,0,0,0,0,0,0,0,0,0,0,0
640,5,851,8,10,0.031352,27143.26,0.013302,63975.90,0.011036,77108.53,0.013674,62233.47,0.015784,53914.13,0.015777,53939.25,0.025070,33944.45,0.032132,0.006246,0.005687,0.015777,0.059841,0.010675,5,97501,103631,376920,261,0,0,0,389,0,0,0,272,0,0,0,137,0,0,0,139,0,0,0,11,0,0,0,4867426490924707204,1729112249279321220,1729112249279321220,16280538269624632478,16676619820376793095,8627170050826785018,0,0,0,0,0,0,0,0,0,0,0
641,5,731,8,10,0.026379,27711.66,0.011094,65889.92,0.009009,81145.57,0.011761,62152.44,0.013151,55586.17,0.011085,65946.07,0.018842,38797.06,0.026780,0.005092,0.009770,0.011085,0.052726,0.007424,1,78279,80099,350500,155,0,0,0,289,0,0,0,182,0,0,0,86,0,0,0,178,0,0,0,2,0,0,0,16363770448701168608,16363770448701168608,16363770448701168608,17667039814139719066,5683338113100994718,15834732354944692084,0,0,0,0,0,0,0,0,0,0,0
642,5,800,8,10,0.024868,32169.89,0.010259,77977.44,0.008238,97112.36,0.009769,81891.76,0.012758,62705.32,0.012452,64246.33,0.021463,37273.43,0.025418,0.005546,0.005025,0.012452,0.048441,0.008105,5,81326,92656,279501,141,0,0,0,207,0,0,0,149,0,0,0,134,0,0,0,140,0,0,0,6,0,0,0,7473660022080480766,7473660022080480766,7473660022080480766,7948326114179343499,3117601254510370217,7948326114179343499,0,0,0,0,0,0,0,0,0,0,0
643,5,959,8,10,0.035039,27369.41,0.013190,72706.44,0.009832,97541.10,0.013657,70220.69,0.016189,59239.36,0.015510,61829.60,0.032901,29148.03,0.035539,0.006109,0.005737,0.015510,0.062895,0.014541,5,93725,153425,481468,202,0,0,0,189,0,0,0,183,0,0,0,151,0,0,0,148,0,0,0,6,0,0,0,12883465589177256903,12883465589177256903,12883465589177256903,4552130672573640593,10013674829359684787,17868357318154820156,0,0,0,0,0,0,0,0,0,0,0
644,5,883,8,10,0.041788,21130.46,0.023203,38055.63,0.020327,43439.98,0.025510,34613.22,0.028614,30858.69,0.025307,34891.74,0.037300,23672.66,0.042411,0.011623,0.021645,0.025307,0.100986,0.012029,1,191867,201402,526629,171,0,0,0,309,0,0,0,213,0,0,0,119,0,0,0,180,0,0,0,9,0,0,0,6041652991845543306,6041652991845543306,6041652991845543306,9919576577995732071,4230144669416341430,12790881559729606481,0,0,0,0,0,0,0,0,0,0,0
645,5,905,8,10,0.031023,29172.34,0.012066,75005.60,0.010016,90353.46,0.014508,62379.37,0.016283,55580.65,0.015088,59983.03,0.027460,32956.76,0.031463,0.006302,0.011483,0.015088,0.064336,0.010127,1,95168,123478,522707,205,0,0,0,317,0,0,0,192,0,0,0,122,0,0,0,218,0,0,0,5,0,0,0,16251211471243117939,10032011037508159047,10032011037508159047,7831024112746793051,14676601046335186120,7652893966726680241,0,0,0,0,0,0,0,0,0,0,0
646,5,777,8,10,0.026898,28887.21,0.012698,61188.61,0.011310,68702.45,0.014836,52374.37,0.015392,50480.00,0.014069,55227.75,0.020956,37077.92,0.027631,0.005211,0.009740,0.014069,0.056651,0.008346,1,77844,82194,313868,270,0,0,0,390,0,0,0,294,0,0,0,163,0,0,0,212,0,0,0,0,0,0,0,14648631609446336490,17510384758960235655,17510384758960235655,6107279196238851922,11901554709096959319,6623502220235096085,0,0,0,0,0,0,0,0,0,0,0
647,5,742,8,10,0.028927,25650.51,0.012836,57807.83,0.010916,67972.83,0.012116,61242.50,0.013528,54847.24,0.011255,65923.85,0.017689,41947.91,0.029487,0.005932,0.009230,0.011255,0.055905,0.007872,2,88307,89657,455842,232,0,0,0,387,0,0,0,326,0,0,0,204,0,0,0,240,0,0,0,3,0,0,0,3427701169351977986,166154559282275952,166154559282275952,910395837254504669,7185894565829831807,7644631453148466421,0,0,0,0,0,0,0,0,0,0,0
648,5,977,8,10,0.029271,33377.72,0.011444,85368.67,0.010018,97519.80,0.013268,73637.60,0.015621,62542.96,0.015010,65089.27,0.018970,51502.36,0.029989,0.006473,0.005686,0.015010,0.057158,0.012236,5,93955,96315,520955,189,0,0,0,332,0,0,0,293,0,0,0,171,0,0,0,173,0,0,0,4,0,0,0,7238371117528315352,15629943188562032346,15629943188562032346,2828861127626352540,16724989909604060739,12413038804079040958,0,0,0,0,0,0,0,0,0,0,0
649,5,713,8,10,0.025662,27783.95,0.010803,66002.16,0.009112,78251.20,0.012210,58395.99,0.013284,53672.84,0.013386,53263.32,0.017616,40474.41,0.026160,0.005109,0.004773,0.013386,0.049428,0.007141,5,77648,78938,330399,195,0,0,0,309,0,0,0,270,0,0,0,139,0,0,0,140,0,0,0,8,0,0,0,16978181218765656085,11548054423264669600,11548054423264669600,9578378322530716996,10631789925235807966,14561494801535269651,0,0,0,0,0,0,0,0,0,0,0
650,5,768,8,10,0.051686,14859.00,0.025319,30332.50,0.019029,40360.49,0.023259,33019.69,0.029330,26184.36,0.023403,32816.73,0.038016,20202.07,0.052501,0.011475,0.021982,0.023403,0.109360,0.010708,1,196693,199583,596899,265,0,0,0,463,0,0,0,266,0,0,0,169,0,0,0,237,0,0,0,13,0,0,0,13010527502554997696,13010527502554997696,13010527502554997696,1276633052419069325,8380273145638009053,17386886873967158620,0,0,0,0,0,0,0,0,0,0,0
651,5,723,8,10,0.027501,26290.03,0.011405,63395.22,0.008978,80528.87,0.010715,67473.18,0.012547,57622.01,0.011083,65235.62,0.017239,41940.06,0.027841,0.005760,0.011084,0.011083,0.055768,0.007877,1,88999,90294,446236,214,0,0,0,256,0,0,0,180,0,0,0,131,0,0,0,226,0,0,0,3,0,0,0,4892064568152500671,4892064568152500671,4892064568152500671,3238773416897070804,12400622318427695548,4275182527386116074,0,0,0,0,0,0,0,0,0,0,0
652,5,813,8,10,0.027156,29937.97,0.012157,66875.02,0.009124,89105.82,0.010286,79039.54,0.014582,55755.40,0.013295,61150.85,0.018431,44111.63,0.027772,0.005332,0.006798,0.013295,0.053197,0.008774,3,81292,82997,381913,200,0,0,0,341,0,0,0,196,0,0,0,124,0,0,0,114,0,0,0,2,0,0,0,17311578624799142014,15928259252940662227,15928259252940662227,6029263619222819773,3029451141208087058,1344140877620085625,0,0,0,0,0,0,0,0,0,0,0
653,5,820,8,10,0.028807,28465.34,0.013472,60868.84,0.010706,76590.12,0.013008,63039.57,0.014869,55148.64,0.012955,63293.99,0.025340,32359.38,0.029604,0.005927,0.010054,0.012955,0.058541,0.010658,2,93272,116577,440311,549,0,0,0,676,0,0,0,319,0,0,0,141,0,0,0,239,0,0,0,5,0,0,0,4358642667098499717,4358642667098499717,4358642667098499717,5740868869013523838,5742717517077610062,14434771795301986156,0,0,0,0,0,0,0,0,0,0,0
654,5,722,8,10,0.035416,20386.46,0.014679,49187.31,0.009570,75447.75,0.012511,57709.04,0.017016,42431.33,0.012634,57145.88,0.025832,27950.13,0.036055,0.006296,0.011946,0.012634,0.066932,0.008950,1,100273,101993,486693,197,0,0,0,286,0,0,0,235,0,0,0,142,0,0,0,177,0,0,0,13,0,0,0,1195221715747086602,5789750382083986741,5789750382083986741,7686998148237707216,3021481526726435329,6827575873825639829,0,0,0,0,0,0,0,0,0,0,0
655,5,688,8,10,0.030395,22635.50,0.011591,59358.20,0.009445,72845.36,0.013273,51835.87,0.014443,47637.08,0.012012,57276.70,0.019093,36034.22,0.031036,0.005549,0.010173,0.012012,0.058771,0.007454,1,82630,83890,331298,166,0,0,0,297,0,0,0,260,0,0,0,143,0,0,0,221,0,0,0,7,0,0,0,11105920243384562931,17410194554386204663,17410194554386204663,17321232962994512010,9024690086777578935,2002182816369732683,0,0,0,0,0,0,0,0,0,0,0
656,5,782,8,10,0.035363,22113.75,0.014410,54267.47,0.010111,77340.02,0.011599,67421.29,0.015442,50640.03,0.010699,73088.06,0.022782,34324.80,0.035902,0.006345,0.011441,0.010699,0.064387,0.009309,1,95080,98360,446138,254,0,0,0,358,0,0,0,272,0,0,0,182,0,0,0,280,0,0,0,9,0,0,0,988520439336835149,988520439336835149,988520439336835149,18186014071007980878,7116395047510290340,658795954002158247,0,0,0,0,0,0,0,0,0,0,0
657,5,687,8,10,0.034772,19757.52,0.015727,43684.02,0.013237,51900.16,0.014700,46735.08,0.017431,39413.32,0.016877,40706.45,0.025441,27003.39,0.035430,0.005357,0.006801,0.016877,0.064466,0.007499,3,83745,85635,348023,261,0,0,0,445,0,0,0,254,0,0,0,160,0,0,0,178,0,0,0,12,0,0,0,10243647450701494278,643716610954236364,643716610954236364,12720887117178694536,11150479018332339165,12720887117178694536,0,0,0,0,0,0,0,0,0,0,0
658,5,529,8,10,0.022854,23146.99,0.010466,50543.92,0.009411,56212.96,0.011666,45345.48,0.012878,41079.03,0.012810,41296.93,0.016388,32278.79,0.023168,0.003871,0.003626,0.012810,0.043474,0.004890,5,61902,63287,350021,179,0,0,0,315,0,0,0,170,0,0,0,81,0,0,0,88,0,0,0,2,0,0,0,3125601626995011481,11409848083445857194,11409848083445857194,12811246924399496353,15412352438791850946,13435642491230206547,0,0,0,0,0,0,0,0,0,0,0
659,5,803,8,10,0.035866,22388.81,0.016364,49071.38,0.013753,58386.64,0.015627,51384.24,0.018602,43168.05,0.018407,43624.50,0.025513,31474.16,0.036501,0.006277,0.005831,0.018407,0.067016,0.010693,5,95942,99152,468884,328,0,0,0,470,0,0,0,321,0,0,0,221,0,0,0,202,0,0,0,6,0,0,0,11699411665195187710,11699411665195187710,11699411665195187710,1914088084301516820,6176929016177295410,1632885869712269046,0,0,0,0,0,0,0,0,0,0,0
660,5,708,8,10,0.027317,25917.57,0.012669,55886.55,0.009145,77416.91,0.010504,67400.01,0.012532,56494.47,0.010800,65553.18,0.016950,41771.13,0.027815,0.006039,0.010380,0.010800,0.055034,0.007469,1,85850,87115,383025,211,0,0,0,288,0,0,0,257,0,0,0,168,0,0,0,206,0,0,0,1,0,0,0,14005512981787502813,9976929373067481217,9976929373067481217,11160229649230022945,17568375125117840448,11160229649230022945,0,0,0,0,0,0,0,0,0,0,0
661,5,696,8,10,0.029224,23815.73,0.014528,47908.85,0.013115,53067.18,0.014609,47641.00,0.015887,43808.81,0.014257,48818.19,0.019500,35691.44,0.030078,0.005386,0.010522,0.014257,0.060242,0.007573,1,84861,86901,438984,300,0,0,0,494,0,0,0,316,0,0,0,184,0,0,0,261,0,0,0,1,0,0,0,16183933524903788446,741393107862410563,741393107862410563,14141271796135510022,4324462471825242710,14141271796135510022,0,0,0,0,0,0,0,0,0,0,0
662,5,682,8,10,0.029964,22760.35,0.012791,53317.61,0.010823,63012.35,0.014046,48554.75,0.015202,44862.36,0.014061,48503.34,0.021706,31419.93,0.030427,0.005199,0.006509,0.014061,0.056196,0.007017,3,80568,82733,495435,302,0,0,0,503,0,0,0,281,0,0,0,171,0,0,0,159,0,0,0,12,0,0,0,4032796677968694796,6737883113267707664,6737883113267707664,11875689268990578986,13792955623678939050,5488802546332161249,0,0,0,0,0,0,0,0,0,0,0
663,5,776,8,10,0.026788,28967.99,0.012165,63787.60,0.011339,68436.59,0.012691,61146.99,0.013650,56851.68,0.013849,56031.75,0.017884,43390.60,0.027468,0.005378,0.010068,0.013849,0.056764,0.008311,1,81167,83977,474749,332,0,0,0,551,0,0,0,301,0,0,0,238,0,0,0,320,0,0,0,11,0,0,0,5655115128221914337,14763513886999284664,14763513886999284664,11743423298738923570,14920847542955759422,16259304685797059897,0,0,0,0,0,0,0,0,0,0,0
664,5,748,8,10,0.026865,27842.88,0.011712,63868.37,0.010953,68291.23,0.012359,60523.14,0.013295,56261.12,0.013173,56782.93,0.017592,42519.28,0.027464,0.005188,0.004621,0.013173,0.050447,0.007705,5,78227,79762,477197,367,0,0,0,568,0,0,0,357,0,0,0,250,0,0,0,224,0,0,0,17,0,0,0,3897395476270509651,13022911115000894603,13022911115000894603,7107503357292938442,764573476732366224,5812687231411808833,0,0,0,0,0,0,0,0,0,0,0
665,5,710,8,10,0.026329,26966.08,0.011880,59765.57,0.009721,73040.23,0.011171,63555.66,0.013460,52748.46,0.012079,58781.44,0.018506,38366.72,0.026824,0.005563,0.009993,0.012079,0.054459,0.007315,1,84635,85835,380134,255,0,0,0,441,0,0,0,327,0,0,0,152,0,0,0,224,0,0,0,3,0,0,0,486675534174986131,18099650169323397276,18099650169323397276,8337802893846374176,9984014423897876757,8337802893846374176,0,0,0,0,0,0,0,0,0,0,0
666,5,830,8,10,0.033765,24582.03,0.014216,58384.40,0.011404,72784.63,0.013862,59877.38,0.016809,49378.58,0.014278,58130.04,0.021580,38460.88,0.034460,0.006684,0.011432,0.014278,0.066854,0.010943,1,102413,106148,499467,364,0,0,0,423,0,0,0,330,0,0,0,206,0,0,0,278,0,0,0,11,0,0,0,6595984583869841110,6258598700967880154,6258598700967880154,11321319339050009517,14878795679649632271,15127460916675925716,0,0,0,0,0,0,0,0,0,0,0
667,5,719,8,10,0.029098,24710.02,0.013940,51579.54,0.013058,55060.87,0.013617,52802.03,0.017148,41928.98,0.015693,45816.32,0.018423,39027.33,0.029808,0.005683,0.011349,0.015693,0.062533,0.009909,1,89052,91962,412878,324,0,0,0,491,0,0,0,296,0,0,0,215,0,0,0,227,0,0,0,2,0,0,0,2007804738320136506,8109846372686842184,8109846372686842184,4052073332752824423,4291253753009447735,17029433793585388121,0,0,0,0,0,0,0,0,0,0,0
668,5,738,8,10,0.027378,26956.39,0.012814,57591.20,0.011332,65125.06,0.013286,55546.10,0.014491,50929.26,0.014142,52185.72,0.018256,40424.37,0.027884,0.005030,0.004623,0.014142,0.051679,0.007676,5,77860,80060,442008,307,0,0,0,438,0,0,0,275,0,0,0,174,0,0,0,192,0,0,0,10,0,0,0,7756609318694253258,12469099148069843392,12469099148069843392,5379509941418865868,6858891871080369284,485189076619999121,0,0,0,0,0,0,0,0,0,0,0
669,5,751,8,10,0.037275,20147.47,0.019752,38020.83,0.017662,42519.60,0.021063,35654.31,0.023700,31688.31,0.023003,32647.55,0.028306,26531.38,0.038073,0.005495,0.005677,0.023003,0.072248,0.008613,4,82138,83808,426213,228,0,0,0,437,0,0,0,399,0,0,0,180,0,0,0,194,0,0,0,4,0,0,0,5358816920966780808,14737526653688546415,14737526653688546415,1933288572680911731,7229364384323321991,13231912673369835953,0,0,0,0,0,0,0,0,0,0,0
670,5,772,8,10,0.029813,25895.11,0.015079,51197.49,0.013734,56210.76,0.015005,51448.48,0.016385,47114.83,0.014306,53962.41,0.021431,36021.75,0.030540,0.005653,0.010374,0.014306,0.060873,0.008372,1,84075,86270,426695,311,0,0,0,452,0,0,0,334,0,0,0,231,0,0,0,314,0,0,0,12,0,0,0,9305118279407357745,9305118279407357745,9305118279407357745,14342151976601844562,5403267461626814053,3085804457918392713,0,0,0,0,0,0,0,0,0,0,0
671,5,681,8,10,0.024895,27354.53,0.011903,57213.27,0.010829,62886.39,0.012271,55495.11,0.013541,50293.49,0.012884,52856.46,0.015566,43750.01,0.025306,0.004781,0.006223,0.012884,0.049193,0.006683,3,73093,74343,363382,250,0,0,0,426,0,0,0,352,0,0,0,181,0,0,0,176,0,0,0,4,0,0,0,12418005067553080125,14532724366024251493,14532724366024251493,10469066411558911856,9725303383026960671,14173299445799818368,0,0,0,0,0,0,0,0,0,0,0
672,5,721,8,10,0.028191,25575.71,0.014756,48862.02,0.013240,54458.07,0.014218,50710.74,0.016823,42857.99,0.017430,41365.17,0.019655,36683.34,0.028740,0.005113,0.004657,0.017430,0.055940,0.007511,5,77644,79614,433265,349,0,0,0,517,0,0,0,292,0,0,0,185,0,0,0,170,0,0,0,4,0,0,0,5132347976408134435,8680282872796226509,8680282872796226509,5239939604536290693,6462351675713092352,3924401470062888135,0,0,0,0,0,0,0,0,0,0,0
673,5,766,8,10,0.031253,24509.85,0.013724,55815.46,0.011490,66669.41,0.013053,58683.49,0.015360,49868.58,0.012109,63256.22,0.018912,40502.44,0.031867,0.005656,0.010623,0.012109,0.060256,0.008287,1,88470,90510,307806,267,0,0,0,459,0,0,0,319,0,0,0,253,0,0,0,290,0,0,0,1,0,0,0,16350540134298843034,6745841194935451763,6745841194935451763,2400897317429254235,8924816476412867325,2400897317429254235,0,0,0,0,0,0,0,0,0,0,0
674,5,842,8,10,0.033335,25258.85,0.015199,55397.19,0.013666,61611.54,0.015945,52807.80,0.017619,47790.28,0.016487,51070.96,0.021320,39492.53,0.034014,0.006747,0.005869,0.016487,0.063116,0.012873,5,95605,99970,465473,372,0,0,0,509,0,0,0,296,0,0,0,172,0,0,0,164,0,0,0,5,0,0,0,1903595672157566429,16452131267008252069,16452131267008252069,5652200511046333114,5299203366271322755,4210847232763270050,0,0,0,0,0,0,0,0,0,0,0
675,5,759,8,10,0.031468,24119.50,0.021685,35001.21,0.015329,49513.10,0.016930,44831.00,0.018834,40300.41,0.018269,41546.86,0.026560,28576.61,0.032438,0.005884,0.005290,0.018269,0.061881,0.008701,5,93727,97957,466169,491,0,0,0,817,0,0,0,304,0,0,0,241,0,0,0,201,0,0,0,18,0,0,0,5993597809321430415,16758477636869347361,16758477636869347361,12639449845134992306,4754798954640630780,18054948572431361959,0,0,0,0,0,0,0,0,0,0,0
676,5,730,8,10,0.026355,27698.48,0.014064,51903.77,0.012391,58915.41,0.013347,54694.05,0.014573,50092.15,0.013775,52992.64,0.017452,41828.95,0.026989,0.005456,0.010182,0.013775,0.056403,0.007825,1,81459,83699,373005,315,0,0,0,568,0,0,0,385,0,0,0,187,0,0,0,300,0,0,0,2,0,0,0,12655080751734074609,11358908366549599115,11358908366549599115,4326018829223879938,17443861593548529417,4461768130940055294,0,0,0,0,0,0,0,0,0,0,0
677,5,669,8,10,0.026735,25022.94,0.012418,53872.42,0.010444,64056.66,0.011787,56759.05,0.013728,48731.15,0.011901,56213.93,0.016602,40297.21,0.027312,0.005555,0.010629,0.011901,0.055397,0.008705,1,82959,85169,423554,288,0,0,0,371,0,0,0,277,0,0,0,158,0,0,0,211,0,0,0,7,0,0,0,4582194919882886362,17368869704474435297,17368869704474435297,1815054636054366740,13662332457775697935,10923737996121387570,0,0,0,0,0,0,0,0,0,0,0
678,5,739,8,10,0.037202,19864.60,0.020982,35220.84,0.012835,57577.70,0.013649,54143.78,0.022497,32848.17,0.017774,41576.46,0.028158,26244.78,0.037597,0.005654,0.007074,0.017774,0.068099,0.008246,3,84599,86434,328665,318,0,0,0,386,0,0,0,376,0,0,0,213,0,0,0,134,0,0,0,3,0,0,0,9595808703721374589,1721232819635828962,1721232819635828962,4419882575777786277,1613979247150617965,4419882575777786277,0,0,0,0,0,0,0,0,0,0,0
679,5,771,8,10,0.034304,22475.60,0.015003,51389.19,0.012810,60187.46,0.016490,46755.81,0.018073,42660.73,0.016369,47101.31,0.025407,30345.42,0.034921,0.006911,0.011804,0.016369,0.070006,0.009609,1,101838,104413,594137,354,0,0,0,470,0,0,0,279,0,0,0,195,0,0,0,220,0,0,0,6,0,0,0,6948785402663814907,2302253227738885640,2302253227738885640,3881590858625686596,7676620764621167407,5962679542597246532,0,0,0,0,0,0,0,0,0,0,0
680,5,1022,8,10,0.033215,30769.49,0.017398,58743.91,0.010775,94844.92,0.018472,55326.49,0.020725,49311.49,0.018513,55204.25,0.045149,22636.10,0.034080,0.007062,0.012185,0.018513,0.071840,0.014614,1,101158,379343,382250,166,0,0,0,293,0,0,0,255,0,0,0,121,0,0,0,246,0,0,0,1,0,0,0,9048950748893069190,391863501925614719,391863501925614719,231197441837802523,7880772346588535963,8894576396480088262,0,0,0,0,0,0,0,0,0,0,0
681,5,1296,8,10,0.028000,46285.92,0.016420,78930.04,0.012966,99955.34,0.013302,97430.93,0.018061,71756.90,0.014983,86499.23,0.050350,25739.79,0.029006,0.007268,0.009538,0.014983,0.060795,0.018895,3,110618,414503,440059,2368,0,0,0,2287,0,0,0,259,0,0,0,141,0,0,0,235,0,0,0,7,0,0,0,14042070601218553047,14042070601218553047,14042070601218553047,7590835887220320058,10912673371539071203,7197319870155044286,0,0,0,0,0,0,0,0,0,0,0
682,5,1554,8,10,0.039756,39088.86,0.022866,67961.76,0.019221,80848.32,0.019164,81089.23,0.024767,62745.60,0.018138,85676.05,0.075626,20548.44,0.041036,0.009878,0.015695,0.018138,0.084747,0.028293,2,161037,645522,449666,3639,0,0,0,3512,0,0,0,199,0,0,0,194,0,0,0,190,0,0,0,5,0,0,0,1078448638077141028,14251329147158439915,14251329147158439915,8200669775452749087,16324291335914280565,17983529326928616279,0,0,0,0,0,0,0,0,0,0,0
683,5,1021,8,10,0.026615,38362.21,0.011078,92162.75,0.010217,99932.67,0.011248,90773.69,0.013837,73787.99,0.013162,77569.85,0.023905,42710.07,0.027566,0.006098,0.005588,0.013162,0.052414,0.014098,5,97404,118724,402561,570,0,0,0,787,0,0,0,259,0,0,0,279,0,0,0,291,0,0,0,1,0,0,0,145761846173683380,145761846173683380,145761846173683380,16501301249368891579,16356682072854538504,4083390359431935903,0,0,0,0,0,0,0,0,0,0,0
684,5,769,8,10,0.029605,25975.41,0.013092,58736.28,0.011139,69038.30,0.012824,59967.81,0.014438,53261.08,0.015230,50493.64,0.018186,42286.11,0.030318,0.005425,0.004842,0.015230,0.055814,0.007773,5,84982,87002,350166,389,0,0,0,713,0,0,0,321,0,0,0,368,0,0,0,436,0,0,0,9,0,0,0,10463642520905855092,10463642520905855092,10463642520905855092,16974623178517273481,445103894774108595,15089048911919686682,0,0,0,0,0,0,0,0,0,0,0
685,5,780,8,10,0.029718,26246.75,0.012057,64694.62,0.008716,89490.76,0.010734,72664.33,0.013027,59877.15,0.010895,71593.09,0.016872,46231.66,0.029464,0.005802,0.011130,0.010895,0.057291,0.007896,1,89812,92687,435493,271,0,0,0,427,0,0,0,447,0,0,0,200,0,0,0,282,0,0,0,2,0,0,0,15348594762110019981,15348594762110019981,15348594762110019981,8191776421638962795,4681098248044480051,15032783265555627910,0,0,0,0,0,0,0,0,0,0,0
686,5,746,8,10,0.026977,27653.50,0.011200,66609.98,0.010490,71113.86,0.012986,57445.39,0.014227,52436.09,0.013830,53938.95,0.015996,46635.76,0.027645,0.005028,0.004490,0.013830,0.050994,0.007760,5,76213,78983,330432,295,0,0,0,634,0,0,0,300,0,0,0,263,0,0,0,262,0,0,0,4,0,0,0,11012817337049447592,11012817337049447592,11012817337049447592,7107500806419444555,2093059355960130666,8217313608545548635,0,0,0,0,0,0,0,0,0,0,0
687,5,751,8,10,0.037455,20050.88,0.019677,38166.81,0.012751,58897.77,0.021180,35457.33,0.022284,33701.52,0.020344,36914.88,0.025683,29241.67,0.038137,0.005797,0.010655,0.020344,0.074933,0.008042,1,85508,88638,412622,349,0,0,0,596,0,0,0,484,0,0,0,326,0,0,0,394,0,0,0,2,0,0,0,10467528327829048765,10467528327829048765,10467528327829048765,2365992277134687604,11085261409518899291,10239351125999750484,0,0,0,0,0,0,0,0,0,0,0
688,5,879,8,10,0.034327,25606.38,0.010876,80821.84,0.009223,95305.97,0.015085,58268.42,0.016076,54678.58,0.015805,55614.08,0.023366,37619.54,0.035008,0.006692,0.007103,0.015805,0.064607,0.011747,4,98462,101842,497337,252,0,0,0,307,0,0,0,324,0,0,0,204,0,0,0,154,0,0,0,5,0,0,0,1818854629586496051,4003860358399738278,4003860358399738278,7901975999697608190,4375384154692892770,4419071660885623099,0,0,0,0,0,0,0,0,0,0,0
689,5,669,8,10,0.031611,21163.39,0.012995,51480.69,0.010823,61811.64,0.013389,49967.74,0.014546,45990.79,0.012376,54054.93,0.021227,31517.19,0.032053,0.006397,0.011606,0.012376,0.062432,0.007372,1,101361,103521,276168,299,0,0,0,460,0,0,0,302,0,0,0,183,0,0,0,276,0,0,0,6,0,0,0,12527955665895887929,4928046147772278375,4928046147772278375,3963462348846064896,5206964125284868573,7206775691016676618,0,0,0,0,0,0,0,0,0,0,0
690,5,666,8,10,0.037111,17946.18,0.019076,34912.07,0.012819,51955.71,0.012417,53636.55,0.022498,29602.44,0.012875,51726.28,0.026740,24906.42,0.038265,0.005298,0.010270,0.012875,0.066709,0.006588,1,81909,83479,320894,217,0,0,0,308,0,0,0,286,0,0,0,150,0,0,0,209,0,0,0,0,0,0,0,1316913307309830995,1316913307309830995,1316913307309830995,12354751193840944129,13367254055544572066,5925003041824213835,0,0,0,0,0,0,0,0,0,0,0
691,5,738,8,10,0.028573,25828.99,0.011453,64435.46,0.009998,73815.93,0.012797,57670.56,0.013456,54846.25,0.013490,54708.46,0.017030,43336.10,0.029023,0.005307,0.005062,0.013490,0.052882,0.007828,5,80494,82939,473897,277,0,0,0,443,0,0,0,354,0,0,0,202,0,0,0,203,0,0,0,4,0,0,0,17660664928200563136,11570078135118038782,11570078135118038782,9792966271439829976,14108491544609076689,16824467897635307262,0,0,0,0,0,0,0,0,0,0,0
692,5,746,8,10,0.040886,18245.79,0.019627,38008.83,0.017283,43163.99,0.016353,45619.19,0.022134,33703.10,0.017583,42428.08,0.027079,27549.38,0.041743,0.005872,0.006416,0.017583,0.071614,0.008377,4,86879,89794,731972,337,0,0,0,490,0,0,0,316,0,0,0,173,0,0,0,182,0,0,0,6,0,0,0,7597917997075617650,7597917997075617650,7597917997075617650,2645917681704316811,15421069781114789607,14533283970649331724,0,0,0,0,0,0,0,0,0,0,0
693,5,721,8,10,0.031487,22898.48,0.015610,46189.31,0.013281,54289.11,0.014995,48083.17,0.016941,42558.35,0.015530,46426.65,0.021867,32971.42,0.032716,0.006081,0.011200,0.015530,0.065527,0.008272,1,97448,99643,366352,411,0,0,0,604,0,0,0,284,0,0,0,266,0,0,0,316,0,0,0,5,0,0,0,2787192931106975641,5296426757617953269,5296426757617953269,12280065504767218150,3432335936447943511,4558352411862765796,0,0,0,0,0,0,0,0,0,0,0
694,5,778,8,10,0.030140,25813.04,0.013547,57429.33,0.012506,62208.35,0.015206,51163.94,0.017660,44055.03,0.015216,51128.99,0.021075,36916.30,0.030812,0.005899,0.011301,0.015216,0.063228,0.008888,1,89145,93175,415526,289,0,0,0,461,0,0,0,275,0,0,0,192,0,0,0,213,0,0,0,4,0,0,0,6405939166509241149,12730334870728498763,12730334870728498763,9724455613584480097,13851264787564389386,5689459123717150781,0,0,0,0,0,0,0,0,0,0,0
695,5,884,8,10,0.031910,27702.64,0.015588,56708.92,0.014505,60945.87,0.016294,54252.91,0.018052,48969.12,0.015504,57018.29,0.020696,42713.52,0.032747,0.006176,0.009775,0.015504,0.064201,0.010493,2,94896,99051,362859,377,0,0,0,653,0,0,0,338,0,0,0,246,0,0,0,238,0,0,0,4,0,0,0,7876910252083511817,6939127282344446117,6939127282344446117,13102599388961315401,9359407043228244012,4691900248964464939,0,0,0,0,0,0,0,0,0,0,0
696,5,795,8,10,0.031663,25108.16,0.016361,48592.16,0.013921,57109.60,0.017718,44868.99,0.018577,42794.88,0.017612,45140.21,0.021888,36321.51,0.032030,0.006283,0.005552,0.017612,0.061477,0.012342,5,92004,98304,401093,512,0,0,0,604,0,0,0,365,0,0,0,188,0,0,0,179,0,0,0,4,0,0,0,2157771929842065409,2157771929842065409,2157771929842065409,1965715184569170440,17013221658158147576,9390387395058522942,0,0,0,0,0,0,0,0,0,0,0
697,5,881,8,10,0.031815,27691.00,0.014487,60811.07,0.013180,66843.46,0.015281,57654.96,0.016359,53854.83,0.015560,56620.29,0.018837,46768.46,0.032594,0.006503,0.005932,0.015560,0.060588,0.011181,5,97842,102032,325525,404,0,0,0,802,0,0,0,450,0,0,0,384,0,0,0,413,0,0,0,9,0,0,0,6308758298584433194,6308758298584433194,6308758298584433194,8024201816660690876,10508829379325002522,6525505989948723184,0,0,0,0,0,0,0,0,0,0,0
698,5,786,8,10,0.027830,28243.02,0.012268,64069.31,0.010069,78058.70,0.011940,65830.28,0.013635,57646.29,0.013622,57700.44,0.017581,44706.63,0.028530,0.005348,0.005089,0.013622,0.052589,0.008629,5,82858,86648,447073,299,0,0,0,438,0,0,0,299,0,0,0,237,0,0,0,251,0,0,0,5,0,0,0,834888999753375828,10999765945008927097,10999765945008927097,16465544062976290071,3776716402356021185,13824908626727948106,0,0,0,0,0,0,0,0,0,0,0
699,5,741,8,10,0.030243,24501.62,0.011490,64490.06,0.010770,68801.22,0.014563,50881.50,0.015865,46708.06,0.015841,46777.73,0.020371,36374.55,0.031222,0.005644,0.006348,0.015841,0.059054,0.008007,4,86297,89572,324422,292,0,0,0,481,0,0,0,346,0,0,0,213,0,0,0,168,0,0,0,5,0,0,0,11390230368165179073,11390230368165179073,11390230368165179073,18411159714621414412,16639597437673088725,4926148680549848687,0,0,0,0,0,0,0,0,0,0,0
700,5,740,8,10,0.032277,22926.58,0.015239,48559.35,0.013584,54476.77,0.017081,43322.29,0.018460,40087.35,0.017926,41280.44,0.021841,33881.10,0.032935,0.005631,0.005437,0.017926,0.061930,0.008090,5,86545,89440,446748,307,0,0,0,531,0,0,0,327,0,0,0,181,0,0,0,166,0,0,0,1,0,0,0,6753671079085035377,13340426539773048494,13340426539773048494,4421338861489926417,9801615069139693951,4421338861489926417,0,0,0,0,0,0,0,0,0,0,0
701,5,704,8,10,0.033895,20770.28,0.020671,34057.99,0.020497,34345.93,0.021160,33269.64,0.022665,31061.57,0.018177,38729.99,0.022841,30821.76,0.034412,0.005886,0.008787,0.018177,0.067263,0.007521,2,87500,89620,500907,372,0,0,0,701,0,0,0,301,0,0,0,296,0,0,0,349,0,0,0,2,0,0,0,2650589093577258839,3484126521387767667,3484126521387767667,602987427970423777,2836790341507906103,5465329670880939358,0,0,0,0,0,0,0,0,0,0,0
702,5,696,8,10,0.028048,24814.37,0.014348,48508.39,0.013263,52474.96,0.015418,45142.49,0.016539,42081.11,0.015868,43862.53,0.020111,34608.48,0.028714,0.005257,0.007823,0.015868,0.057662,0.007130,2,81112,83637,399184,291,0,0,0,587,0,0,0,243,0,0,0,183,0,0,0,199,0,0,0,2,0,0,0,15614801869773410450,15724393244770615854,15724393244770615854,14937130042792182495,12451040862816134566,14214675270721207027,0,0,0,0,0,0,0,0,0,0,0
703,5,809,8,10,0.038980,20754.15,0.019933,40586.36,0.018482,43772.40,0.021832,37054.91,0.022379,36149.91,0.020821,38855.46,0.027382,29545.05,0.039876,0.007078,0.013990,0.020821,0.081765,0.010944,1,114762,118907,346182,494,0,0,0,767,0,0,0,333,0,0,0,246,0,0,0,330,0,0,0,2,0,0,0,12600583205274249526,14257244741818310679,14257244741818310679,11083773164723692490,7328302449142587586,13507425094699513123,0,0,0,0,0,0,0,0,0,0,0
704,5,682,8,10,0.038368,17775.08,0.020633,33054.47,0.013741,49630.74,0.023857,28586.51,0.024951,27333.55,0.022916,29760.77,0.027080,25184.71,0.038863,0.005423,0.010654,0.022916,0.077856,0.007423,1,85401,87676,333681,341,0,0,0,557,0,0,0,198,0,0,0,145,0,0,0,244,0,0,0,1,0,0,0,9073116000799883163,3961595626585463604,3961595626585463604,17053016763452392121,13218072401866019786,16105054817084881545,0,0,0,0,0,0,0,0,0,0,0
705,5,756,8,10,0.029211,25880.78,0.013503,55987.25,0.012430,60819.08,0.014284,52924.51,0.017299,43703.10,0.014063,53758.26,0.021058,35900.86,0.029899,0.006642,0.011180,0.014063,0.061784,0.008565,1,94762,98692,412398,321,0,0,0,575,0,0,0,349,0,0,0,181,0,0,0,218,0,0,0,5,0,0,0,2368384766696814291,8290397329278222138,8290397329278222138,14765036736527810573,152615996825238624,3833224309838418484,0,0,0,0,0,0,0,0,0,0,0
706,5,657,8,10,0.029326,22402.99,0.012894,50955.54,0.011662,56335.23,0.012891,50965.11,0.015622,42055.72,0.013274,49494.51,0.017494,37556.04,0.029895,0.005837,0.006827,0.013274,0.055833,0.006811,3,79004,80499,534142,254,0,0,0,443,0,0,0,215,0,0,0,184,0,0,0,182,0,0,0,2,0,0,0,15305272377317092173,5068225019434331108,5068225019434331108,5772395829214939109,10334383847968095125,8759934429225449773,0,0,0,0,0,0,0,0,0,0,0
707,5,586,8,10,0.026519,22097.57,0.014422,40632.09,0.012006,48809.11,0.015379,38103.63,0.016461,35599.94,0.016289,35975.97,0.019803,29591.23,0.027286,0.004854,0.009178,0.016289,0.057607,0.005641,1,72322,73882,292408,248,0,0,0,422,0,0,0,252,0,0,0,122,0,0,0,187,0,0,0,2,0,0,0,11015699128007084793,17728123121319090680,17728123121319090680,14365806476018039367,3725643487979928829,14365806476018039367,0,0,0,0,0,0,0,0,0,0,0
708,5,693,8,10,0.030557,22679.14,0.014031,49390.55,0.010916,63483.93,0.014189,48839.69,0.017032,40689.27,0.014435,48008.66,0.021255,32603.61,0.031504,0.005991,0.009663,0.014435,0.061593,0.007516,2,90765,92315,405877,248,0,0,0,384,0,0,0,220,0,0,0,152,0,0,0,193,0,0,0,5,0,0,0,1222388773677664538,16698345417019601986,16698345417019601986,1385852242020938237,6743759653791696680,5336380364871579477,0,0,0,0,0,0,0,0,0,0,0
709,5,706,8,10,0.028856,24466.14,0.011494,61425.70,0.010816,65275.30,0.012233,57713.55,0.015773,44760.04,0.013231,53360.10,0.017769,39731.23,0.029483,0.005929,0.010857,0.013231,0.059500,0.007430,1,89090,90760,322595,249,0,0,0,416,0,0,0,264,0,0,0,151,0,0,0,245,0,0,0,3,0,0,0,14062907215847770904,1961449923940851764,1961449923940851764,13624143723623267246,2442540942653160872,9833126231817406859,0,0,0,0,0,0,0,0,0,0,0
710,5,743,8,10,0.034287,21670.19,0.015572,47713.33,0.013846,53662.30,0.016295,45595.85,0.018576,39997.17,0.016000,46438.77,0.024069,30869.53,0.034967,0.005795,0.008474,0.016000,0.065236,0.008596,3,90539,92794,567222,441,0,0,0,669,0,0,0,326,0,0,0,197,0,0,0,211,0,0,0,6,0,0,0,8477804120270803544,16645301689026883943,16645301689026883943,15218435045804470895,10028316241666111353,354237039845729120,0,0,0,0,0,0,0,0,0,0,0
711,5,642,8,10,0.026668,24073.67,0.011500,55827.42,0.011276,56933.57,0.012860,49922.09,0.013357,48065.78,0.013183,48698.11,0.015615,41113.21,0.027302,0.004948,0.004582,0.013183,0.050015,0.006315,5,74218,75538,397807,276,0,0,0,445,0,0,0,246,0,0,0,199,0,0,0,166,0,0,0,11,0,0,0,16422952972922590920,13361550092408478889,13361550092408478889,8522525756759492267,4474789664938710915,14052773884320521626,0,0,0,0,0,0,0,0,0,0,0
712,5,753,8,10,0.033879,22225.87,0.012826,58708.77,0.011027,68286.11,0.013501,55772.15,0.014420,52220.13,0.014841,50738.46,0.022110,34056.87,0.034691,0.006090,0.005469,0.014841,0.061091,0.008374,5,98209,99704,462754,311,0,0,0,604,0,0,0,509,0,0,0,371,0,0,0,380,0,0,0,81,0,0,0,12282873455833067084,4929749587439131981,4929749587439131981,3641700520994021324,14499517498696903098,12805384644970252985,0,0,0,0,0,0,0,0,0,0,0
713,5,1260,8,10,0.038457,32763.74,0.018365,68610.29,0.016039,78559.84,0.018560,67888.12,0.021265,59253.16,0.016555,76107.89,0.036094,34908.72,0.039602,0.008582,0.014902,0.016555,0.079641,0.022119,1,128111,189916,403301,863,0,0,0,1105,0,0,0,345,0,0,0,318,0,0,0,284,0,0,0,7,0,0,0,14511446324200384497,14511446324200384497,14511446324200384497,4489273810516394325,7031385537676833865,10829168483177430006,0,0,0,0,0,0,0,0,0,0,0
714,5,669,8,10,0.027684,24165.20,0.013737,48700.88,0.012101,55285.41,0.013352,50104.35,0.015552,43017.46,0.014853,45042.24,0.018198,36761.65,0.028130,0.005010,0.007150,0.014853,0.055144,0.006952,2,76377,78342,426227,360,0,0,0,627,0,0,0,370,0,0,0,290,0,0,0,317,0,0,0,4,0,0,0,7237784915033899063,8974216765919008990,8974216765919008990,17670081985703245597,14454324741498767342,17450277541800491927,0,0,0,0,0,0,0,0,0,0,0
715,5,682,8,10,0.026041,26189.43,0.013151,51858.11,0.012302,55438.98,0.013887,49110.16,0.015553,43850.05,0.013711,49741.35,0.017577,38800.43,0.026647,0.005163,0.010062,0.013711,0.055583,0.007164,1,80080,81650,299310,332,0,0,0,564,0,0,0,369,0,0,0,179,0,0,0,187,0,0,0,3,0,0,0,1667828335747687858,13135028831107392086,13135028831107392086,6598858191063566017,16248531663924333959,934900872262825366,0,0,0,0,0,0,0,0,0,0,0
716,5,794,8,10,0.034391,23087.10,0.015407,51533.68,0.014180,55994.11,0.017900,44356.65,0.018620,42642.36,0.039548,20076.62,0.024636,32229.51,0.035146,0.006833,0.012311,0.039548,0.093839,0.010546,1,104343,107773,472035,452,0,0,0,582,0,0,0,338,0,0,0,187,0,0,0,0,0,0,0,6,0,0,0,11430058290127681714,11364137118410397068,11364137118410397068,12085899177508393180,46108375869431297,13817827747841440768,0,0,0,0,0,0,0,0,0,0,1
717,5,689,8,10,0.026847,25663.81,0.012370,55698.24,0.010572,65174.15,0.013496,51053.01,0.014016,49156.58,0.014669,46971.13,0.016627,41439.83,0.027399,0.005317,0.004981,0.014669,0.052365,0.007232,5,77581,80096,369060,272,0,0,0,504,0,0,0,428,0,0,0,207,0,0,0,223,0,0,0,4,0,0,0,8526129663898415572,8556604694488133244,8556604694488133244,4198260468343703981,4432856430045940516,10476404950924100946,0,0,0,0,0,0,0,0,0,0,0
718,5,763,8,10,0.029143,26181.31,0.014474,52716.20,0.012322,61921.67,0.013736,55546.07,0.014935,51087.29,0.015366,49656.59,0.020422,37361.04,0.029704,0.005594,0.005245,0.015366,0.055909,0.008431,5,85631,90311,426871,386,0,0,0,608,0,0,0,405,0,0,0,220,0,0,0,248,0,0,0,3,0,0,0,9043945606396823955,2575553573935509053,2575553573935509053,9946900955285676488,7750424161683640672,10264808677444206000,0,0,0,0,0,0,0,0,0,0,0
719,5,705,8,10,0.031109,22662.24,0.014852,47467.60,0.013102,53810.38,0.015731,44817.12,0.017462,40373.02,0.016060,43898.08,0.020396,34566.18,0.031744,0.005688,0.005350,0.016060,0.058842,0.007590,5,86021,88076,409905,362,0,0,0,528,0,0,0,347,0,0,0,228,0,0,0,195,0,0,0,6,0,0,0,10084020866402615054,10069042218902693867,10069042218902693867,12277789719633368013,11202135586922243928,3194670203004167132,0,0,0,0,0,0,0,0,0,0,0
720,5,671,8,10,0.038881,17257.82,0.022169,30266.93,0.014601,45955.35,0.020393,32903.54,0.024730,27132.88,0.024331,27578.31,0.030195,22222.10,0.039498,0.005185,0.005025,0.024331,0.074038,0.006888,5,77982,79617,546744,316,0,0,0,450,0,0,0,311,0,0,0,221,0,0,0,177,0,0,0,1,0,0,0,3968473308803338109,3968473308803338109,3968473308803338109,5522243565933622847,15034602457337815176,5522243565933622847,0,0,0,0,0,0,0,0,0,0,0
721,5,762,8,10,0.036950,20622.42,0.020618,36958.26,0.012782,59614.41,0.015423,49408.30,0.018838,40451.21,0.014408,52888.91,0.025122,30332.28,0.037763,0.006110,0.010947,0.014408,0.069228,0.009797,1,95483,98418,367668,365,0,0,0,482,0,0,0,338,0,0,0,233,0,0,0,272,0,0,0,3,0,0,0,17084847156842959949,18385740064566619947,18385740064566619947,11872264542008556161,7761334477335375101,6439955288853716627,0,0,0,0,0,0,0,0,0,0,0
722,5,721,8,10,0.029012,24851.47,0.015493,46536.32,0.012017,59999.57,0.013455,53585.46,0.017296,41684.80,0.011649,61892.68,0.018913,38122.15,0.029819,0.005247,0.010092,0.011649,0.056807,0.007484,1,80596,82616,364326,214,0,0,0,312,0,0,0,204,0,0,0,129,0,0,0,224,0,0,0,5,0,0,0,6912933822936018544,6434945860264724858,6434945860264724858,3811105234280793788,4671413351246515479,5226367560464858024,0,0,0,0,0,0,0,0,0,0,0
723,5,719,8,10,0.039368,18263.43,0.019870,36185.58,0.015387,46728.06,0.017653,40729.57,0.021286,33777.38,0.017152,41919.97,0.027207,26426.89,0.040172,0.007102,0.010535,0.017152,0.074960,0.008080,2,118296,119511,453600,234,0,0,0,395,0,0,0,325,0,0,0,162,0,0,0,293,0,0,0,3,0,0,0,13995448354768298491,10329816171986554867,10329816171986554867,8782227885874133203,5388000657506218084,596046087818496370,0,0,0,0,0,0,0,0,0,0,0
724,5,578,8,10,0.026546,21773.63,0.012484,46298.51,0.010555,54760.70,0.013336,43342.69,0.015173,38093.38,0.015200,38025.41,0.019405,29785.42,0.027072,0.005027,0.005474,0.015200,0.052774,0.005519,4,75646,77641,431384,239,0,0,0,395,0,0,0,150,0,0,0,99,0,0,0,86,0,0,0,3,0,0,0,8257188704217657030,6830914344483524351,6830914344483524351,279879133001527101,3764463357047113871,10034160742588238671,0,0,0,0,0,0,0,0,0,0,0
725,5,780,8,10,0.031355,24876.59,0.015464,50439.05,0.013314,58585.93,0.014923,52266.87,0.017051,45744.22,0.015335,50863.45,0.033797,23078.86,0.032098,0.006691,0.011768,0.015335,0.065893,0.009215,1,102912,106172,417133,313,0,0,0,587,0,0,0,389,0,0,0,208,0,0,0,319,0,0,0,7,0,0,0,6114828116744077022,3821333453262101217,3821333453262101217,2483088556088140008,1791762971111340056,15645284276923300195,0,0,0,0,0,0,0,0,0,0,0
726,5,632,8,10,0.038347,16481.00,0.017973,35164.01,0.011701,54012.51,0.014323,44123.50,0.019040,33193.24,0.013748,45968.73,0.027088,23331.20,0.038893,0.005760,0.010985,0.013748,0.069386,0.006650,1,93748,95848,696477,276,0,0,0,363,0,0,0,271,0,0,0,144,0,0,0,236,0,0,0,4,0,0,0,10308809345674944327,10308809345674944327,10308809345674944327,1850510555516296930,11415902811797197654,12105547169761253474,0,0,0,0,0,0,0,0,0,0,0
727,5,646,8,10,0.027013,23914.77,0.011896,54303.79,0.010800,59813.31,0.012431,51967.20,0.013752,46975.65,0.012965,49825.33,0.017346,37242.70,0.027341,0.005218,0.007410,0.012965,0.052934,0.006438,2,77989,79109,337163,261,0,0,0,462,0,0,0,296,0,0,0,139,0,0,0,161,0,0,0,2,0,0,0,9838511637171260001,11737430663123756134,11737430663123756134,13742120976751376991,17278012670685175631,13742120976751376991,0,0,0,0,0,0,0,0,0,0,0
728,5,733,8,10,0.034187,21441.06,0.014710,49830.14,0.013804,53100.52,0.017118,42819.80,0.018686,39226.95,0.017247,42500.40,0.024276,30194.68,0.034905,0.006364,0.011876,0.017247,0.070391,0.008235,1,97547,99827,489099,260,0,0,0,511,0,0,0,233,0,0,0,162,0,0,0,263,0,0,0,4,0,0,0,6569160218476175032,17646949400266585436,17646949400266585436,12191825869699949923,3318122008740581083,12048594098564333120,0,0,0,0,0,0,0,0,0,0,0
729,5,674,8,10,0.027899,24158.92,0.013695,49215.23,0.011402,59112.45,0.012932,52118.32,0.014879,45299.74,0.013135,51311.59,0.021052,32016.34,0.028553,0.005359,0.007179,0.013135,0.054226,0.007130,3,87633,92853,360856,368,0,0,0,552,0,0,0,219,0,0,0,148,0,0,0,201,0,0,0,0,0,0,0,5330496598278926152,4965906608117237881,4965906608117237881,5005047821665109321,1208896557175120475,12929192310168181748,0,0,0,0,0,0,0,0,0,0,0
730,5,805,8,10,0.032157,25033.68,0.014575,55232.67,0.012461,64599.80,0.014450,55710.89,0.016581,48548.81,0.016705,48190.16,0.030567,26335.57,0.033260,0.006780,0.006329,0.016705,0.063073,0.010416,5,108184,126559,373650,680,0,0,0,888,0,0,0,187,0,0,0,124,0,0,0,129,0,0,0,4,0,0,0,1606706960069155206,12990875205826457402,12990875205826457402,4183944215289354186,753677851173290853,4183944215289354186,0,0,0,0,0,0,0,0,0,0,0
731,5,984,8,10,0.024734,39783.48,0.014034,70114.86,0.013660,72033.35,0.012858,76525.67,0.015368,64028.83,0.015815,62220.86,0.033505,29368.56,0.025740,0.006728,0.008110,0.015815,0.056392,0.013886,3,105421,221546,264701,1853,0,0,0,1687,0,0,0,186,0,0,0,92,0,0,0,207,0,0,0,34,0,0,0,10673781680845065855,6341267197490038056,6341267197490038056,17023506279930422806,5522878417989698530,13799554746767727589,0,0,0,0,0,0,0,0,0,0,0
732,5,636,8,10,0.029475,21577.87,0.013716,46367.63,0.011928,53322.11,0.014423,44097.73,0.015868,40079.94,0.014373,44249.77,0.022168,28689.96,0.030055,0.006010,0.010910,0.014373,0.061347,0.007544,1,94479,96449,354174,277,0,0,0,448,0,0,0,236,0,0,0,168,0,0,0,129,0,0,0,8,0,0,0,17746753913644601737,17746753913644601737,17746753913644601737,12132990745686992897,17034206387779668858,6746518949237811830,0,0,0,0,0,0,0,0,0,0,0
733,5,712,8,10,0.025970,27416.14,0.012530,56824.92,0.011082,64250.90,0.013950,51039.59,0.014470,49203.80,0.014424,49361.76,0.015546,45800.43,0.026558,0.005582,0.004948,0.014424,0.051512,0.007369,5,77223,78263,314664,283,0,0,0,472,0,0,0,311,0,0,0,204,0,0,0,199,0,0,0,3,0,0,0,2913684931280913895,2913684931280913895,2913684931280913895,9609076059486878844,18312094864775522620,9609076059486878844,0,0,0,0,0,0,0,0,0,0,0
734,5,636,8,10,0.037217,17088.76,0.019448,32702.66,0.016848,37748.77,0.020454,31094.75,0.022404,28387.87,0.020522,30991.76,0.026418,24074.13,0.037537,0.005106,0.007518,0.020522,0.070683,0.006419,2,77653,79148,426716,205,0,0,0,336,0,0,0,298,0,0,0,157,0,0,0,260,0,0,0,3,0,0,0,13639914823103392046,13639914823103392046,13639914823103392046,16205689125920729430,10371905160049347960,12343632697991520952,0,0,0,0,0,0,0,0,0,0,0
735,5,785,8,10,0.031061,25273.01,0.016060,48879.67,0.014471,54245.24,0.016681,47060.36,0.017653,44468.14,0.015890,49400.75,0.022460,34951.71,0.031785,0.006593,0.011733,0.015890,0.066002,0.009245,1,101954,105249,295421,412,0,0,0,586,0,0,0,411,0,0,0,177,0,0,0,303,0,0,0,7,0,0,0,10148145254729512178,14322008684068932805,14322008684068932805,9049506757621340440,4556296318731071590,10165960485617514065,0,0,0,0,0,0,0,0,0,0,0
736,5,726,8,10,0.033357,21764.35,0.013553,53566.48,0.012066,60167.68,0.015150,47921.93,0.016212,44781.19,0.015118,48022.77,0.022385,32432.73,0.034227,0.005552,0.007581,0.015118,0.062477,0.008392,3,90159,92604,506653,266,0,0,0,440,0,0,0,207,0,0,0,123,0,0,0,197,0,0,0,6,0,0,0,15363155940356276190,15363155940356276190,15363155940356276190,3153330147692408502,16128551657619528358,13035295054859992497,0,0,0,0,0,0,0,0,0,0,0
737,5,686,8,10,0.030360,22595.32,0.013104,52352.15,0.011598,59146.66,0.013725,49980.75,0.014561,47113.04,0.013267,51706.83,0.020216,33934.15,0.030906,0.006194,0.011915,0.013267,0.062283,0.008836,1,88406,90701,386954,297,0,0,0,460,0,0,0,339,0,0,0,202,0,0,0,330,0,0,0,6,0,0,0,1690148932845937402,12366048492647259721,12366048492647259721,16027177743955952042,12827044250510512033,16027177743955952042,0,0,0,0,0,0,0,0,0,0,0
738,5,687,8,10,0.030332,22649.40,0.015090,45528.19,0.013029,52727.22,0.015260,45020.43,0.017696,38822.47,0.015640,43926.28,0.019634,34991.18,0.031056,0.005933,0.007958,0.015640,0.060586,0.007763,3,93471,96411,316727,370,0,0,0,581,0,0,0,271,0,0,0,231,0,0,0,199,0,0,0,2,0,0,0,18333173687115317247,8021505099674372841,8021505099674372841,6767837029286018374,5134015618553844862,6767837029286018374,0,0,0,0,0,0,0,0,0,0,0
739,5,657,8,10,0.031137,21100.04,0.016323,40249.49,0.013939,47135.62,0.015438,42557.83,0.018261,35978.05,0.017147,38316.36,0.024537,26776.27,0.031733,0.005476,0.006982,0.017147,0.061338,0.007171,3,88321,92506,371743,389,0,0,0,602,0,0,0,347,0,0,0,247,0,0,0,286,0,0,0,7,0,0,0,8946595877013810413,14984061374004978619,14984061374004978619,14160256820692670453,9464523431253255185,2463787962733135623,0,0,0,0,0,0,0,0,0,0,0
740,5,654,8,10,0.040127,16298.05,0.019731,33145.09,0.014472,45190.74,0.023169,28227.04,0.025563,25584.05,0.024678,26501.36,0.030241,21626.01,0.040936,0.007060,0.010862,0.024678,0.083536,0.007541,2,109211,111546,295190,328,0,0,0,476,0,0,0,341,0,0,0,150,0,0,0,114,0,0,0,4,0,0,0,1006697113665528333,6236676325295676895,6236676325295676895,11859344028831827486,17961878888604163164,16210459507268541712,0,0,0,0,0,0,0,0,0,0,0
741,5,697,8,10,0.029845,23353.63,0.016513,42208.01,0.015620,44622.95,0.018359,37965.18,0.019554,35644.98,0.018807,37061.25,0.019717,35349.81,0.030263,0.005738,0.005747,0.018807,0.060554,0.009572,4,86786,89731,475293,443,0,0,0,714,0,0,0,390,0,0,0,254,0,0,0,276,0,0,0,3,0,0,0,15180917471524383956,3997179821186540621,18041281347834273538,10740555608883701550,8032849607293431679,989426593059033276,0,0,0,0,0,0,0,0,0,0,0
742,5,1083,8,10,0.031501,34379.52,0.013590,79690.00,0.011471,94408.13,0.012556,86253.60,0.015346,70571.24,0.015244,71045.14,0.031055,34874.06,0.032049,0.006706,0.006480,0.015244,0.060479,0.016725,5,109705,178540,419780,698,0,0,0,759,0,0,0,342,0,0,0,158,0,0,0,164,0,0,0,4,0,0,0,1373547151818216410,1209780211475593698,1209780211475593698,12765793765233971807,1145275479604947277,16312421531363765202,0,0,0,0,0,0,0,0,0,0,0
743,5,900,8,10,0.026770,33619.22,0.012065,74598.17,0.010004,89966.09,0.011868,75833.13,0.012867,69948.76,0.012990,69286.10,0.018007,49980.17,0.027435,0.005997,0.005858,0.012990,0.052279,0.009334,4,77855,79420,694100,238,0,0,0,470,0,0,0,249,0,0,0,136,0,0,0,182,0,0,0,43,0,0,0,15404273379394487715,14564091314138525904,14564091314138525904,10641955127318352133,18357802797290077139,9839406545350909630,0,0,0,0,0,0,0,0,0,0,0
744,5,699,8,10,0.025965,26920.88,0.013172,53067.32,0.012894,54210.03,0.013102,53348.90,0.014734,47440.73,0.012036,58076.88,0.017802,39265.17,0.026515,0.005150,0.009705,0.012036,0.053407,0.008640,1,74830,78030,362441,439,0,0,0,619,0,0,0,351,0,0,0,252,0,0,0,264,0,0,0,6,0,0,0,9686070533936821453,8908394792791207169,8908394792791207169,6389694546122504011,17827662898376717742,6389694546122504011,0,0,0,0,0,0,0,0,0,0,0
745,5,706,8,10,0.026880,26264.47,0.012744,55400.45,0.011112,63533.09,0.011693,60375.77,0.013409,52650.92,0.012504,56462.94,0.015792,44705.00,0.027406,0.004818,0.006375,0.012504,0.051102,0.007502,3,75383,76678,499201,337,0,0,0,526,0,0,0,409,0,0,0,209,0,0,0,261,0,0,0,2,0,0,0,4308608118954029515,13597800095617351942,13597800095617351942,1828459854088942041,16409567656331281992,1413941801283000839,0,0,0,0,0,0,0,0,0,0,0
746,5,654,8,10,0.025210,25942.32,0.013509,48413.92,0.010269,63687.17,0.011595,56405.15,0.013917,46991.97,0.013093,49948.66,0.016883,38737.75,0.025748,0.004287,0.005165,0.013093,0.048293,0.006852,4,68076,69671,393653,314,0,0,0,459,0,0,0,355,0,0,0,250,0,0,0,253,0,0,0,2,0,0,0,15103388669415770226,15103388669415770226,15103388669415770226,14689475342180432506,10135192997814950280,2896670308031956912,0,0,0,0,0,0,0,0,0,0,0
747,5,670,8,10,0.026587,25200.34,0.012391,54073.62,0.010470,63991.25,0.012632,53038.87,0.013485,49686.20,0.011280,59399.75,0.016336,41014.56,0.027090,0.005470,0.010275,0.011280,0.054115,0.006646,1,82614,84009,335504,266,0,0,0,466,0,0,0,269,0,0,0,154,0,0,0,240,0,0,0,3,0,0,0,4758590866207481174,4758590866207481174,4758590866207481174,9636061910007463019,7158143674312602451,5062179959471513918,0,0,0,0,0,0,0,0,0,0,0
748,5,603,8,10,0.027883,21626.11,0.012645,47686.53,0.011550,52207.97,0.014902,40464.95,0.016616,36290.56,0.014647,41168.54,0.020173,29890.84,0.028453,0.005840,0.010062,0.014647,0.059001,0.005926,1,86013,87983,323257,293,0,0,0,486,0,0,0,324,0,0,0,163,0,0,0,178,0,0,0,4,0,0,0,9408858867597804259,18029558264956524697,18029558264956524697,1485847731172540344,17672774494428186274,12758684649847415929,0,0,0,0,0,0,0,0,0,0,0
749,5,678,8,10,0.029254,23176.01,0.014894,45520.76,0.012776,53069.20,0.014558,46573.49,0.016736,40512.50,0.015704,43172.37,0.021857,31019.93,0.029751,0.005764,0.010853,0.015704,0.062073,0.007283,1,93072,95502,410724,320,0,0,0,509,0,0,0,245,0,0,0,143,0,0,0,128,0,0,0,4,0,0,0,3346736646031725063,3346736646031725063,3346736646031725063,8215103616364025278,2363969990967430670,8962548862650386454,0,0,0,0,0,0,0,0,0,0,0
750,5,665,8,10,0.035270,18854.63,0.019371,34328.85,0.017593,37800.12,0.017332,38367.87,0.020724,32088.32,0.019928,33370.42,0.026625,24976.85,0.036042,0.005412,0.010015,0.019928,0.071396,0.006918,1,80953,82338,268076,227,0,0,0,432,0,0,0,282,0,0,0,158,0,0,0,220,0,0,0,7,0,0,0,17080095006761401572,17080095006761401572,17080095006761401572,4720018265092019327,6647429159853465611,14962746741930746043,0,0,0,0,0,0,0,0,0,0,0
751,5,698,8,10,0.027026,25827.06,0.013698,50956.86,0.012137,57510.78,0.012982,53765.52,0.014811,47125.73,0.012710,54919.28,0.014872,46932.48,0.027322,0.005341,0.009822,0.012710,0.055194,0.007236,1,79378,80458,404498,334,0,0,0,493,0,0,0,270,0,0,0,204,0,0,0,298,0,0,0,9,0,0,0,14833366406978148314,7406655386961746640,7406655386961746640,10702837319441751237,9345509275074732606,3732881828207957196,0,0,0,0,0,0,0,0,0,0,0
752,5,785,8,10,0.028096,27939.75,0.013069,60067.08,0.012094,64910.21,0.013299,59028.77,0.014916,52629.29,0.013808,56851.48,0.018683,42016.09,0.028695,0.005727,0.010542,0.013808,0.058772,0.008622,1,81705,85440,344263,299,0,0,0,511,0,0,0,468,0,0,0,229,0,0,0,323,0,0,0,1,0,0,0,6007261860862143072,7552223790377316187,7552223790377316187,3033593755300229372,6977677789730351208,10426643340985187028,0,0,0,0,0,0,0,0,0,0,0
753,5,704,8,10,0.029266,24055.01,0.011421,61641.97,0.010981,64109.88,0.012116,58103.28,0.013852,50824.13,0.012710,55389.17,0.017729,39708.99,0.029897,0.005254,0.009783,0.012710,0.057645,0.007033,1,77680,80125,397465,305,0,0,0,479,0,0,0,250,0,0,0,216,0,0,0,196,0,0,0,1,0,0,0,4307734265486875706,9790168214683160176,9790168214683160176,12665739218391314735,780706680440087782,17714532593816036406,0,0,0,0,0,0,0,0,0,0,0
754,5,724,8,10,0.045773,15817.33,0.027400,26423.39,0.013070,55393.16,0.022545,32113.30,0.032009,22618.60,0.024689,29325.33,0.038789,18665.26,0.046415,0.005252,0.009844,0.024689,0.086200,0.007409,1,77942,81277,518770,235,0,0,0,332,0,0,0,145,0,0,0,142,0,0,0,298,0,0,0,7,0,0,0,6789878841091355742,13050931512747842041,13050931512747842041,11798654928448044550,16089510166270777678,14788295731177398652,0,0,0,0,0,0,0,0,0,0,0
755,5,705,8,10,0.029421,23962.69,0.015107,46666.45,0.013477,52312.86,0.015584,45238.61,0.017684,39867.47,0.016959,41570.44,0.018672,37756.90,0.029997,0.005478,0.007756,0.016959,0.060190,0.007734,3,84898,87638,360778,372,0,0,0,643,0,0,0,288,0,0,0,254,0,0,0,349,0,0,0,4,0,0,0,16533923183140264828,7033576110684454386,7033576110684454386,1273771181224444287,17028968654394012702,10745275033669409220,0,0,0,0,0,0,0,0,0,0,0
756,5,673,8,10,0.028467,23641.32,0.014780,45533.82,0.010954,61440.31,0.012830,52453.36,0.015720,42812.31,0.012967,51901.17,0.019032,35362.36,0.029083,0.004905,0.009672,0.012967,0.056628,0.006741,1,75048,76458,403335,293,0,0,0,464,0,0,0,378,0,0,0,211,0,0,0,274,0,0,0,1,0,0,0,3933809673838421981,5330083133992248815,5330083133992248815,11727606167131521054,13669962389764844480,5978951557795578544,0,0,0,0,0,0,0,0,0,0,0
757,5,691,8,10,0.027838,24821.78,0.013562,50949.83,0.011105,62225.67,0.013022,53063.18,0.014977,46137.60,0.011937,57888.74,0.016883,40928.94,0.028513,0.005675,0.010284,0.011937,0.056409,0.007130,1,87540,89340,404095,254,0,0,0,473,0,0,0,367,0,0,0,163,0,0,0,217,0,0,0,0,0,0,0,1114349789770015412,15142573139838588704,15142573139838588704,5591255653275759652,1712279341458370132,1108854478602986065,0,0,0,0,0,0,0,0,0,0,0
758,5,681,8,10,0.030740,22153.72,0.013024,52286.37,0.011873,57357.00,0.014331,47520.91,0.014971,45487.10,0.013015,52324.94,0.020642,32991.71,0.031336,0.006022,0.011177,0.013015,0.061550,0.007568,1,90506,92091,339169,305,0,0,0,394,0,0,0,251,0,0,0,162,0,0,0,262,0,0,0,7,0,0,0,8558631392986187589,15726882918989021643,15726882918989021643,7856198127754191822,6811062709226058055,14946826809809975319,0,0,0,0,0,0,0,0,0,0,0
759,5,893,8,10,0.035963,24831.19,0.022849,39083.32,0.022737,39274.44,0.024550,36375.40,0.026608,33561.65,0.025641,34827.30,0.028631,31190.23,0.036840,0.006345,0.006672,0.025641,0.075498,0.011470,4,104035,118575,404445,613,0,0,0,1415,0,0,0,283,0,0,0,416,0,0,0,409,0,0,0,14,0,0,0,14561683052190299843,4383452621046863567,4383452621046863567,14708742445618340311,12182685127677236652,4865019675963161962,0,0,0,0,0,0,0,0,0,0,0
760,5,660,8,10,0.027823,23721.44,0.016024,41189.19,0.014888,44331.52,0.016559,39857.13,0.018246,36172.55,0.017785,37110.34,0.020763,31786.72,0.028390,0.005087,0.005315,0.017785,0.056576,0.006843,4,78375,80580,411558,369,0,0,0,637,0,0,0,324,0,0,0,194,0,0,0,194,0,0,0,3,0,0,0,9299550360082585743,9299550360082585743,9299550360082585743,16672979538484950686,9669399841696473434,16672979538484950686,0,0,0,0,0,0,0,0,0,0,0
761,5,674,8,10,0.034635,19459.89,0.017480,38558.78,0.011412,59058.35,0.018318,36794.16,0.019755,34117.69,0.016535,40761.17,0.026345,25584.05,0.035245,0.005729,0.010985,0.016535,0.068495,0.007227,1,93687,95747,295410,275,0,0,0,481,0,0,0,242,0,0,0,151,0,0,0,206,0,0,0,4,0,0,0,13408770522051210948,8626845173080039083,8626845173080039083,16715085222455313963,9761843297252190381,16715085222455313963,0,0,0,0,0,0,0,0,0,0,0
762,5,756,8,10,0.030322,24932.28,0.014998,50406.09,0.013775,54880.47,0.014524,52050.80,0.016768,45085.74,0.016138,46844.95,0.019634,38504.26,0.031181,0.005311,0.005086,0.016138,0.057717,0.008220,5,80808,83428,517571,329,0,0,0,548,0,0,0,210,0,0,0,184,0,0,0,183,0,0,0,1,0,0,0,3782701772539410258,3782701772539410258,3782701772539410258,7243857810881317880,17469361956954884294,17102420514711923427,0,0,0,0,0,0,0,0,0,0,0
763,5,669,8,10,0.028524,23454.12,0.014080,47515.56,0.012521,53429.38,0.013430,49813.10,0.015141,44184.38,0.014782,45257.23,0.017663,37876.05,0.029111,0.005392,0.005959,0.014782,0.055244,0.007183,4,80964,83629,361625,288,0,0,0,501,0,0,0,288,0,0,0,217,0,0,0,245,0,0,0,9,0,0,0,14182482375357985259,449405816480680346,449405816480680346,6384316756376589571,1251354122084940192,16173237523272225480,0,0,0,0,0,0,0,0,0,0,0
764,5,666,8,10,0.025955,25660.27,0.009996,66628.04,0.008973,74222.03,0.010808,61622.72,0.012728,52324.02,0.011614,57345.25,0.018023,36953.38,0.026338,0.004899,0.009157,0.011614,0.052008,0.006487,1,70131,72351,534396,207,0,0,0,344,0,0,0,156,0,0,0,89,0,0,0,113,0,0,0,2,0,0,0,5314424801433241405,17379576735167778660,17379576735167778660,11689130478718741164,61499503251789292,11689130478718741164,0,0,0,0,0,0,0,0,0,0,0
765,5,708,8,10,0.031337,22592.78,0.018871,37518.27,0.016907,41875.64,0.017403,40683.51,0.019083,37100.94,0.016973,41712.66,0.022957,30840.82,0.032113,0.005861,0.011017,0.016973,0.065964,0.008058,1,95463,97493,314953,359,0,0,0,589,0,0,0,294,0,0,0,197,0,0,0,304,0,0,0,4,0,0,0,11494702323931978551,13712485389686430669,13712485389686430669,13927404654502795227,17312800694790469537,12944860315425062367,0,0,0,0,0,0,0,0,0,0,0
766,5,657,8,10,0.028366,23161.22,0.014319,45881.65,0.012517,52490.33,0.014573,45084.07,0.015263,43044.80,0.015532,42298.56,0.018812,34924.90,0.029068,0.005197,0.004730,0.015532,0.054527,0.006996,5,81060,83035,472215,326,0,0,0,570,0,0,0,290,0,0,0,208,0,0,0,208,0,0,0,3,0,0,0,5610097311504965780,6313036251764099460,6313036251764099460,9220809985294931412,11332855253025082106,9220809985294931412,0,0,0,0,0,0,0,0,0,0,0
767,5,728,8,10,0.037119,19612.48,0.019371,37581.92,0.014064,51762.98,0.014285,50962.35,0.020754,35077.96,0.017995,40454.63,0.027566,26408.98,0.037888,0.005428,0.005980,0.017995,0.067291,0.008211,4,84860,87340,716327,323,0,0,0,529,0,0,0,383,0,0,0,160,0,0,0,216,0,0,0,5,0,0,0,15171697314596137460,6599666837037027294,6599666837037027294,14513374164154636109,1584353890219214694,11326711490583606625,0,0,0,0,0,0,0,0,0,0,0
768,5,741,8,10,0.035265,21012.07,0.016350,45321.03,0.014683,50465.15,0.018519,40012.53,0.019662,37687.23,0.017307,42815.85,0.024786,29895.71,0.035946,0.005944,0.009508,0.017307,0.068705,0.008369,2,90598,93428,527801,338,0,0,0,552,0,0,0,306,0,0,0,133,0,0,0,143,0,0,0,8,0,0,0,10526506073409012373,11329813078268346555,11329813078268346555,8673687603722530941,16342325279665905948,96956693582413673,0,0,0,0,0,0,0,0,0,0,0
769,5,707,8,10,0.029688,23814.12,0.013523,52281.84,0.012398,57026.54,0.014400,49095.93,0.015132,46720.86,0.014690,48126.80,0.018947,37314.15,0.030298,0.005749,0.006002,0.014690,0.056739,0.007762,4,82907,85582,309999,339,0,0,0,569,0,0,0,351,0,0,0,221,0,0,0,227,0,0,0,9,0,0,0,6840533315017523551,8076649987176644802,8076649987176644802,8729370394161052544,15028361116374125929,8819269370257419321,0,0,0,0,0,0,0,0,0,0,0
770,5,815,8,10,0.031151,26162.81,0.014888,54742.32,0.012961,62879.39,0.017141,47545.78,0.019766,41233.18,0.018955,42997.36,0.021583,37761.47,0.031873,0.006224,0.005651,0.018955,0.062703,0.010532,5,90141,92936,359811,285,0,0,0,479,0,0,0,254,0,0,0,170,0,0,0,154,0,0,0,1,0,0,0,13428792763629745924,9488024097499448770,9488024097499448770,11562189260948805526,14236287473648587188,8318026246911246478,0,0,0,0,0,0,0,0,0,0,0
771,5,959,8,10,0.037552,25537.78,0.019484,49220.09,0.017984,53323.86,0.019328,49618.17,0.020697,46334.52,0.016556,57925.34,0.044435,21581.97,0.038433,0.006926,0.007488,0.016556,0.069404,0.014939,4,109051,128641,513892,742,0,0,0,969,0,0,0,430,0,0,0,312,0,0,0,223,0,0,0,9,0,0,0,10751224377167437529,18115864041811134820,18115864041811134820,6905265499045058699,3510989138632205384,17952854081634629742,0,0,0,0,0,0,0,0,0,0,0
772,5,956,8,10,0.034644,27594.83,0.016719,57179.75,0.014828,64471.97,0.018877,50644.83,0.021505,44455.28,0.019982,47843.12,0.028955,33016.29,0.035244,0.006228,0.006576,0.019982,0.068029,0.012427,4,96498,110698,409132,487,0,0,0,666,0,0,0,291,0,0,0,215,0,0,0,222,0,0,0,4,0,0,0,2405171422649682354,1789507031708404882,1789507031708404882,9963095910813211641,8832075747922980073,4518362562695095607,0,0,0,0,0,0,0,0,0,0,0
773,5,719,8,10,0.034690,20726.70,0.019180,37486.39,0.014088,51037.88,0.015277,47064.35,0.018576,38705.75,0.016895,42556.14,0.023034,31215.31,0.035195,0.006030,0.005325,0.016895,0.063445,0.007783,5,87298,89613,545477,385,0,0,0,581,0,0,0,295,0,0,0,182,0,0,0,177,0,0,0,4,0,0,0,17447928209117557018,17447928209117557018,17447928209117557018,9161092935280591658,10425620860800348580,9770624937906378022,0,0,0,0,0,0,0,0,0,0,0
774,5,757,8,10,0.027640,27387.73,0.014079,53766.13,0.012594,60106.16,0.013569,55788.42,0.015695,48231.81,0.013811,54810.29,0.018386,41172.53,0.028358,0.005835,0.010779,0.013811,0.058783,0.008390,1,90714,92409,312336,327,0,0,0,501,0,0,0,371,0,0,0,241,0,0,0,233,0,0,0,3,0,0,0,10942912991519772853,17460650563515951986,17460650563515951986,10449080459725788931,16270619551697261179,17037688914145371245,0,0,0,0,0,0,0,0,0,0,0
775,5,736,8,10,0.030909,23812.09,0.015435,47684.27,0.014198,51840.08,0.016362,44980.93,0.017438,42205.99,0.016271,45234.63,0.020871,35264.76,0.031711,0.006076,0.009643,0.016271,0.063700,0.008259,2,97126,98961,404591,365,0,0,0,574,0,0,0,429,0,0,0,212,0,0,0,268,0,0,0,3,0,0,0,1751662931305578959,2915058883721483455,2915058883721483455,6319881089960949024,2138419797637203542,14462836702580722407,0,0,0,0,0,0,0,0,0,0,0
776,5,675,8,10,0.027175,24839.19,0.011549,58448.18,0.009802,68860.19,0.012528,53881.12,0.014599,46235.69,0.013661,49412.47,0.019233,35095.62,0.027728,0.005546,0.006565,0.013661,0.053500,0.006852,3,79602,81392,486298,214,0,0,0,397,0,0,0,238,0,0,0,133,0,0,0,132,0,0,0,8,0,0,0,16008961487682583403,1548529591374678426,1548529591374678426,497416097375137609,17865085843588427970,443997486607877739,0,0,0,0,0,0,0,0,0,0,0
777,5,729,8,10,0.028475,25601.56,0.013137,55491.52,0.011956,60975.44,0.013879,52524.96,0.015220,47897.48,0.014563,50058.87,0.019253,37863.40,0.028985,0.005792,0.007040,0.014563,0.056380,0.007861,3,85437,87607,330388,331,0,0,0,475,0,0,0,372,0,0,0,189,0,0,0,181,0,0,0,10,0,0,0,13915865563797603857,17238807677801007986,17238807677801007986,1683071796458056987,5539235333149298983,4939760325395051720,0,0,0,0,0,0,0,0,0,0,0
778,5,714,8,10,0.031176,22902.21,0.014698,48579.19,0.013114,54447.39,0.017182,41554.75,0.019454,36702.86,0.018097,39454.08,0.022994,31051.29,0.031866,0.005609,0.005139,0.018097,0.060711,0.007945,5,86338,89178,483715,363,0,0,0,585,0,0,0,257,0,0,0,183,0,0,0,142,0,0,0,9,0,0,0,16244961877692849234,99130372759822883,99130372759822883,17705723568282211540,14149829776588749516,14549559177519489379,0,0,0,0,0,0,0,0,0,0,0
779,5,740,8,10,0.031905,23194.03,0.016115,45920.44,0.014216,52052.61,0.016330,45314.28,0.018752,39462.72,0.015122,48935.66,0.021660,34164.76,0.032655,0.006514,0.012110,0.015122,0.066401,0.008582,1,100076,103166,371448,384,0,0,0,710,0,0,0,361,0,0,0,224,0,0,0,252,0,0,0,6,0,0,0,4675606124177079165,102567911468944413,102567911468944413,7356735651624835805,9404235388932289745,11005396098022462093,0,0,0,0,0,0,0,0,0,0,0
780,5,753,8,10,0.029871,25208.01,0.015931,47265.07,0.015716,47912.64,0.017410,43250.51,0.017788,42332.80,0.015350,49056.42,0.020367,36971.44,0.030499,0.005718,0.009085,0.015350,0.060651,0.008197,2,86638,88878,461984,405,0,0,0,719,0,0,0,380,0,0,0,187,0,0,0,218,0,0,0,9,0,0,0,17064672798315110005,4337529050080262813,4337529050080262813,14314577529201197372,1376615841639912724,10649421764207856395,0,0,0,0,0,0,0,0,0,0,0
781,5,1008,8,10,0.058956,17097.49,0.037028,27222.97,0.031718,31779.62,0.031850,31648.72,0.042243,23861.93,0.037239,27068.22,0.059875,16834.93,0.060109,0.007671,0.007786,0.037239,0.112805,0.014243,4,131466,180751,533580,1381,0,0,0,2156,0,0,0,350,0,0,0,222,0,0,0,201,0,0,0,130,0,0,0,1690597267152220640,8923630597427646158,8923630597427646158,1661895554314697677,15492395682100425352,5899119500439020331,0,0,0,0,0,0,0,0,0,0,0
782,5,726,8,10,0.024564,29555.41,0.012241,59307.39,0.010916,66508.77,0.011827,61387.38,0.013817,52544.76,0.013561,53537.30,0.016600,43734.39,0.025197,0.004952,0.004456,0.013561,0.048166,0.007528,5,74880,82735,340942,340,0,0,0,509,0,0,0,300,0,0,0,246,0,0,0,242,0,0,0,8,0,0,0,3401446127297995444,15335271289723818714,15335271289723818714,2952621150163873361,2474805870387296512,14753600640763123474,0,0,0,0,0,0,0,0,0,0,0
783,5,745,8,10,0.030285,24599.34,0.016752,44472.65,0.014792,50364.62,0.017191,43335.52,0.018779,39672.50,0.019415,38373.17,0.021051,35390.34,0.030819,0.005355,0.005195,0.019415,0.060784,0.007973,5,82480,85045,519964,369,0,0,0,632,0,0,0,354,0,0,0,213,0,0,0,186,0,0,0,5,0,0,0,4778746797923197293,748292715371029938,748292715371029938,11839411270469974413,1172548836239033522,6526610130200572266,0,0,0,0,0,0,0,0,0,0,0
784,5,771,8,10,0.069749,11053.94,0.056115,13739.61,0.047414,16261.03,0.048084,16034.59,0.058415,13198.70,0.057835,13330.95,0.062175,12400.54,0.070612,0.005451,0.005143,0.057835,0.139041,0.008212,5,81431,84301,359454,360,0,0,0,558,0,0,0,284,0,0,0,216,0,0,0,214,0,0,0,5,0,0,0,15625492231643135706,15625492231643135706,15625492231643135706,5409925937918609223,14806591904721854717,9818361750905858483,0,0,0,0,0,0,0,0,0,0,0
785,5,638,8,10,0.023300,27381.87,0.012276,51970.85,0.010937,58336.28,0.012532,50910.74,0.013623,46831.24,0.013691,46600.18,0.016180,39430.44,0.023799,0.004498,0.004216,0.013691,0.046203,0.006264,5,68487,71152,266054,365,0,0,0,430,0,0,0,283,0,0,0,166,0,0,0,163,0,0,0,6,0,0,0,1531714745348873136,1531714745348873136,1531714745348873136,12384908021232189928,3654090079839973698,7086070519998163907,0,0,0,0,0,0,0,0,0,0,0
786,5,979,8,10,0.038907,25162.29,0.020521,47707.95,0.018946,51673.72,0.019863,49286.92,0.021074,46454.55,0.021635,45250.87,0.027307,35851.38,0.039869,0.007624,0.006792,0.021635,0.075920,0.015572,5,115904,121144,530380,676,0,0,0,980,0,0,0,569,0,0,0,302,0,0,0,297,0,0,0,22,0,0,0,7517570107036379816,17761112582997722471,17761112582997722471,18072576306572854337,9544827212434932855,12700305563492975094,0,0,0,0,0,0,0,0,0,0,0
787,5,731,8,10,0.029865,24476.86,0.014830,49291.43,0.012517,58401.17,0.014465,50536.61,0.015918,45922.72,0.016597,44044.93,0.019499,37488.92,0.030715,0.005571,0.005264,0.016597,0.058146,0.009266,5,87837,90542,412406,356,0,0,0,622,0,0,0,372,0,0,0,204,0,0,0,213,0,0,0,4,0,0,0,6907925174027788500,14161632439958784066,14161632439958784066,7932189375094650578,13224357048796003709,16413142586754607304,0,0,0,0,0,0,0,0,0,0,0
788,5,722,8,10,0.029039,24862.95,0.013556,53260.40,0.012195,59202.64,0.014720,49047.98,0.016059,44960.06,0.015169,47596.58,0.019645,36751.62,0.029545,0.005504,0.005242,0.015169,0.055460,0.007989,5,85841,88446,468926,389,0,0,0,553,0,0,0,288,0,0,0,210,0,0,0,185,0,0,0,5,0,0,0,17766562912013598402,11667377913379312093,11667377913379312093,18424436846705208396,3491464473056416928,15291268371100203794,0,0,0,0,0,0,0,0,0,0,0
789,5,689,8,10,0.028761,23956.04,0.013389,51460.60,0.011486,59988.47,0.014035,49093.15,0.015359,44860.68,0.015539,44338.69,0.018457,37330.57,0.029204,0.005253,0.005122,0.015539,0.055117,0.007308,5,83706,85126,353394,274,0,0,0,415,0,0,0,331,0,0,0,235,0,0,0,203,0,0,0,5,0,0,0,5804298520647901876,4956836159657768749,4956836159657768749,6980482983322728547,2132066048238601266,13827708285321538815,0,0,0,0,0,0,0,0,0,0,0
790,5,700,8,10,0.024886,28127.79,0.012393,56483.11,0.009387,74571.36,0.012432,56307.34,0.013258,52798.86,0.011570,60502.48,0.016345,42826.40,0.025428,0.005122,0.009432,0.011570,0.051552,0.007547,1,77088,78918,363256,252,0,0,0,334,0,0,0,216,0,0,0,152,0,0,0,266,0,0,0,3,0,0,0,11942894025589184218,16401346858965903963,16401346858965903963,6575370840725892645,12812254253256609643,15887128720017385567,0,0,0,0,0,0,0,0,0,0,0
791,5,801,8,10,0.035551,22530.94,0.016442,48716.28,0.014971,53502.08,0.018143,44150.24,0.019774,40507.55,0.019639,40785.33,0.023482,34110.85,0.036171,0.006737,0.012241,0.019639,0.074789,0.009860,1,102850,106200,482872,347,0,0,0,508,0,0,0,317,0,0,0,219,0,0,0,314,0,0,0,2,0,0,0,7479566240375965611,7479566240375965611,7479566240375965611,5657046550938602205,7498889714442144895,17001766567507761818,0,0,0,0,0,0,0,0,0,0,0
792,5,732,8,10,0.031847,22985.08,0.013680,53507.76,0.011991,61044.89,0.014921,49059.30,0.017417,42027.43,0.015311,47808.34,0.021032,34804.31,0.032471,0.006024,0.011088,0.015311,0.064893,0.007968,1,93623,100563,491269,281,0,0,0,419,0,0,0,323,0,0,0,166,0,0,0,311,0,0,0,4,0,0,0,9383616261943820830,18289580895745510824,18289580895745510824,8560900933335034132,9096052510970788282,9328628274417548459,0,0,0,0,0,0,0,0,0,0,0
793,5,723,8,10,0.037093,19491.68,0.019292,37476.63,0.013884,52074.55,0.016430,44004.22,0.021122,34229.13,0.019799,36517.17,0.026283,27508.03,0.037767,0.005968,0.007982,0.019799,0.071516,0.007806,4,85734,87789,457928,308,0,0,0,519,0,0,0,302,0,0,0,241,0,0,0,219,0,0,0,1,0,0,0,4241723048406969867,14832470093171852342,14832470093171852342,15913625686889389803,8888939463994194689,2345535452583312967,0,0,0,0,0,0,0,0,0,0,0
794,5,882,8,10,0.032607,27049.04,0.013688,64434.06,0.011921,73985.15,0.012680,69557.75,0.014597,60422.12,0.012729,69290.72,0.024901,35420.91,0.033744,0.007661,0.012965,0.012729,0.067099,0.010972,1,111582,120392,370739,285,0,0,0,505,0,0,0,358,0,0,0,175,0,0,0,289,0,0,0,4,0,0,0,1656694851816268010,3776697477007420600,3776697477007420600,4004890418560407846,1232986998275219698,11618224779197326195,0,0,0,0,0,0,0,0,0,0,0
795,5,1088,8,10,0.033160,32810.18,0.015947,68226.81,0.013758,79082.22,0.013690,79475.55,0.020348,53470.66,0.017090,63663.97,0.032592,33382.73,0.034358,0.008118,0.011756,0.017090,0.071321,0.017169,2,128540,286510,377925,1731,0,0,0,1885,0,0,0,275,0,0,0,971,0,0,0,914,0,0,0,3,0,0,0,4113099922342715064,4113099922342715064,4113099922342715064,4253781193859617318,8611864078950877475,4253781193859617318,0,0,0,0,0,0,0,0,0,0,0
796,5,881,8,10,0.029003,30375.69,0.013452,65492.83,0.012783,68919.87,0.014147,62272.52,0.015532,56723.08,0.016396,53731.51,0.024858,35441.08,0.029908,0.006078,0.005669,0.016396,0.058051,0.011206,5,96006,139806,471310,983,0,0,0,1131,0,0,0,313,0,0,0,160,0,0,0,264,0,0,0,51,0,0,0,4250763088542715819,1973482490794076839,1973482490794076839,8977945528189467134,18056698873840104707,8977945528189467134,0,0,0,0,0,0,0,0,0,0,0
797,5,716,8,10,0.025991,27547.93,0.011085,64592.93,0.010410,68777.45,0.011752,60928.16,0.014409,49689.62,0.013777,51972.43,0.017434,41068.11,0.026577,0.004852,0.005496,0.013777,0.050702,0.007421,4,74315,77345,382763,258,0,0,0,419,0,0,0,299,0,0,0,196,0,0,0,190,0,0,0,5,0,0,0,8757587924390594999,12504411210062412168,15494296463465369612,15115075877690662025,6176024289365623815,4171786384462492883,0,0,0,0,0,0,0,0,0,0,0
798,5,771,8,10,0.029340,26278.42,0.013309,57932.58,0.012579,61294.32,0.013657,56456.37,0.014789,52133.26,0.014665,52574.21,0.020497,37614.39,0.029846,0.005264,0.008451,0.014665,0.058226,0.007972,5,81892,85677,439536,381,0,0,0,659,0,0,0,265,0,0,0,191,0,0,0,191,0,0,0,5,0,0,0,5402457936240293985,5402457936240293985,5402457936240293985,2722431832322040708,864708388017534426,2722431832322040708,0,0,0,0,0,0,0,0,0,0,0
799,5,748,8,10,0.048224,15511.06,0.021653,34545.43,0.015879,47107.37,0.025497,29336.47,0.026770,27941.42,0.025368,29486.54,0.035869,20853.69,0.049621,0.006674,0.012990,0.025368,0.094652,0.009749,1,107140,112110,515708,368,0,0,0,500,0,0,0,379,0,0,0,206,0,0,0,288,0,0,0,18,0,0,0,11228172705982541159,13919423312933359385,13919423312933359385,2071853332185789596,10224844265653209414,12042451067807024201,0,0,0,0,0,0,0,0,0,0,0
800,5,722,8,10,0.033679,21437.93,0.016224,44502.52,0.014809,48752.64,0.018936,38129.04,0.019827,36414.88,0.019522,36983.49,0.025039,28835.18,0.034032,0.005433,0.004994,0.019522,0.063981,0.007497,5,81070,85075,557285,277,0,0,0,499,0,0,0,274,0,0,0,168,0,0,0,186,0,0,0,6,0,0,0,2740335525664068065,2740335525664068065,2740335525664068065,39183751286235489,4287461364912884681,5713236867398458558,0,0,0,0,0,0,0,0,0,0,0
801,5,966,8,10,0.037277,25914.17,0.018171,53161.75,0.012770,75645.96,0.017370,55612.58,0.019727,48967.68,0.014334,67393.14,0.030070,32125.48,0.038195,0.006974,0.013257,0.014334,0.072759,0.015064,1,109452,143577,604112,393,0,0,0,475,0,0,0,203,0,0,0,207,0,0,0,195,0,0,0,2,0,0,0,11252980695694409683,12891983897520590926,12891983897520590926,7197542196051814681,4718279543677065262,1493334628927516772,0,0,0,0,0,0,0,0,0,0,0
802,5,1022,8,10,0.030282,33749.75,0.015531,65804.89,0.012458,82035.01,0.014769,69199.30,0.017987,56818.57,0.018028,56688.68,0.031550,32392.79,0.031451,0.006732,0.007057,0.018028,0.063268,0.013554,4,104386,150201,431330,758,0,0,0,883,0,0,0,376,0,0,0,142,0,0,0,160,0,0,0,23,0,0,0,16386476998353569200,12262303254137793943,12262303254137793943,10551941510368530269,17701742649709653595,11708522980864461581,0,0,0,0,0,0,0,0,0,0,0
803,5,724,8,10,0.026810,27004.81,0.016260,44525.91,0.011107,65186.90,0.012947,55919.01,0.013670,52963.51,0.013697,52857.52,0.026077,27763.92,0.027776,0.006059,0.006716,0.013697,0.054248,0.008906,4,90696,112896,293096,569,0,0,0,748,0,0,0,289,0,0,0,175,0,0,0,188,0,0,0,0,0,0,0,1478670079400037797,1478670079400037797,1478670079400037797,3476776955713971006,14424242481010238362,10547586995417843440,0,0,0,0,0,0,0,0,0,0,0
804,5,832,8,10,0.033474,24855.01,0.015102,55092.24,0.013282,62639.36,0.017185,48414.60,0.019103,43553.66,0.018254,45579.05,0.027631,30111.10,0.034227,0.006175,0.005441,0.018254,0.064096,0.010468,5,90912,106837,513902,454,0,0,0,631,0,0,0,256,0,0,0,247,0,0,0,284,0,0,0,37,0,0,0,15567349708898460966,7344730044423540081,7344730044423540081,9744559039528225299,17408481659161280487,14306345063253697768,0,0,0,0,0,0,0,0,0,0,0
805,5,810,8,10,0.033901,23893.34,0.016158,50129.76,0.014359,56410.03,0.015419,52532.21,0.019065,42485.28,0.018025,44938.50,0.019351,41859.06,0.034693,0.006572,0.005725,0.018025,0.065015,0.009116,5,98021,101751,404803,346,0,0,0,866,0,0,0,468,0,0,0,299,0,0,0,226,0,0,0,3,0,0,0,4346962989920530361,13933610631008116321,13933610631008116321,17206071413677987129,10197298378901383173,3594284280284435755,0,0,0,0,0,0,0,0,0,0,0
806,5,750,8,10,0.030130,24892.20,0.013451,55756.87,0.012291,61021.17,0.012793,58626.41,0.014628,51272.01,0.014448,51908.68,0.019181,39101.18,0.030726,0.005494,0.004942,0.014448,0.055610,0.007855,5,84041,87291,390165,310,0,0,0,537,0,0,0,304,0,0,0,299,0,0,0,284,0,0,0,4,0,0,0,11620309925261349201,4154335158844426906,4154335158844426906,1042524047692037220,8021896048588615066,1042524047692037220,0,0,0,0,0,0,0,0,0,0,0
807,5,760,8,10,0.039543,19219.57,0.018046,42114.23,0.014537,52279.10,0.020400,37255.48,0.022272,34122.92,0.020274,37486.51,0.025769,29493.00,0.040624,0.006437,0.011504,0.020274,0.078839,0.008907,1,100914,104099,372700,404,0,0,0,683,0,0,0,441,0,0,0,210,0,0,0,332,0,0,0,2,0,0,0,7276993412441802342,16541410910114429161,16541410910114429161,15283068715994541988,3625013050753393438,16187150930401392232,0,0,0,0,0,0,0,0,0,0,0
808,5,756,8,10,0.031295,24157.23,0.016556,45664.53,0.015117,50010.12,0.016202,46660.20,0.018312,41284.60,0.017881,42278.39,0.024340,31060.38,0.031911,0.005666,0.005754,0.017881,0.061212,0.008554,4,88671,93071,481091,364,0,0,0,650,0,0,0,348,0,0,0,174,0,0,0,177,0,0,0,2,0,0,0,6845483902742386603,6845483902742386603,6845483902742386603,6747907583022102575,11409868904390217634,2294952325355630778,0,0,0,0,0,0,0,0,0,0,0
809,5,776,8,10,0.035460,21883.94,0.016189,47933.04,0.013780,56314.51,0.015555,49887.86,0.018041,43012.99,0.015759,49243.13,0.023305,33297.37,0.036039,0.006003,0.011646,0.015759,0.069446,0.009503,1,92236,95621,450221,362,0,0,0,526,0,0,0,352,0,0,0,270,0,0,0,232,0,0,0,7,0,0,0,14228529484935935060,5630331064756276126,5630331064756276126,9005948711039634225,8175254854503431465,9005948711039634225,0,0,0,0,0,0,0,0,0,0,0
810,5,790,8,10,0.036169,21842.04,0.017326,45596.56,0.015950,49530.06,0.017955,43998.57,0.019144,41265.22,0.038468,20536.41,0.024073,32816.89,0.037034,0.005860,0.011898,0.038468,0.093260,0.009666,1,95846,100376,393330,401,0,0,0,575,0,0,0,334,0,0,0,221,0,0,0,0,0,0,0,12,0,0,0,7567978536828143620,16433347044358070983,16433347044358070983,4228654736566386602,12203708564458245522,9472981154257414262,0,0,0,0,0,0,0,0,0,0,1
811,5,723,8,10,0.030449,23744.84,0.014308,50530.69,0.013236,54625.57,0.015243,47432.72,0.017189,42060.74,0.015011,48165.89,0.021587,33491.66,0.031285,0.005483,0.010386,0.015011,0.062165,0.007576,1,81394,84799,451837,304,0,0,0,490,0,0,0,216,0,0,0,153,0,0,0,193,0,0,0,9,0,0,0,1044329905273529306,1044329905273529306,1044329905273529306,15114930081846667746,15127309646230229706,434854224548854912,0,0,0,0,0,0,0,0,0,0,0
812,5,799,8,10,0.040106,19921.98,0.021475,37205.71,0.014275,55971.61,0.023700,33712.54,0.025288,31596.26,0.024159,33072.30,0.032282,24750.54,0.040604,0.005698,0.010677,0.024159,0.081138,0.009060,1,89047,92537,566837,440,0,0,0,592,0,0,0,344,0,0,0,244,0,0,0,291,0,0,0,6,0,0,0,4881407489600863623,12692462918139959796,12692462918139959796,5024794763540702195,7042675419235069404,3981210658630048562,0,0,0,0,0,0,0,0,0,0,0
813,5,842,8,10,0.032867,25618.28,0.013698,61468.30,0.012599,66829.60,0.015032,56012.48,0.015777,53367.15,0.013693,61491.03,0.021818,38592.65,0.033790,0.006313,0.011760,0.013693,0.065556,0.010036,1,102377,106092,546431,323,0,0,0,461,0,0,0,311,0,0,0,234,0,0,0,231,0,0,0,4,0,0,0,534657543048637280,534657543048637280,534657543048637280,10617250998358211530,15224588618214889190,10617250998358211530,0,0,0,0,0,0,0,0,0,0,0
814,5,819,8,10,0.032497,25202.19,0.013806,59320.77,0.012205,67104.58,0.014930,54857.70,0.016819,48694.94,0.012886,63555.30,0.024717,33134.75,0.033085,0.005882,0.010716,0.012886,0.062569,0.009255,1,88491,93441,575502,331,0,0,0,390,0,0,0,360,0,0,0,194,0,0,0,317,0,0,0,23,0,0,0,12220140643342366177,12220140643342366177,12220140643342366177,14457862560927593640,1613745641968409743,14457862560927593640,0,0,0,0,0,0,0,0,0,0,0
815,5,847,8,10,0.030878,27430.31,0.019566,43289.03,0.017753,47710.69,0.017833,47495.99,0.019853,42664.04,0.014810,57191.75,0.023551,35964.10,0.031679,0.005817,0.008259,0.014810,0.060564,0.010077,3,93067,99062,313882,471,0,0,0,698,0,0,0,274,0,0,0,240,0,0,0,167,0,0,0,6,0,0,0,15623208021902575960,17485759279119452933,17485759279119452933,17569500434411572455,11903702347156160271,16247369833987327787,0,0,0,0,0,0,0,0,0,0,0
816,5,803,8,10,0.037926,21172.89,0.023037,34856.90,0.018335,43795.94,0.017506,45870.17,0.023394,34325.48,0.016457,48792.90,0.029861,26891.61,0.038694,0.005588,0.010176,0.016457,0.070915,0.009897,1,84400,94080,438459,411,0,0,0,697,0,0,0,348,0,0,0,191,0,0,0,190,0,0,0,5,0,0,0,1264243148945676709,5594535182308961854,5594535182308961854,112099979534429976,14435873293255557610,112099979534429976,0,0,0,0,0,0,0,0,0,0,0
817,5,742,8,10,0.030888,24022.40,0.016174,45876.87,0.014966,49578.02,0.017632,42083.49,0.019594,37868.71,0.017534,42317.23,0.024758,29969.84,0.031564,0.006051,0.006591,0.017534,0.061740,0.008526,4,93455,97425,333348,422,0,0,0,582,0,0,0,290,0,0,0,201,0,0,0,193,0,0,0,5,0,0,0,11858926405432945823,11858926405432945823,11858926405432945823,16358418626271028515,9929858521797305528,942846067497594681,0,0,0,0,0,0,0,0,0,0,0
818,5,810,8,10,0.032028,25290.36,0.014297,56654.88,0.012378,65441.06,0.015557,52067.49,0.016036,50511.98,0.014077,57539.98,0.020373,39758.87,0.032830,0.006151,0.011318,0.014077,0.064377,0.009437,1,90318,95078,479431,366,0,0,0,505,0,0,0,364,0,0,0,214,0,0,0,260,0,0,0,3,0,0,0,340478704208406548,13548065156039538787,13548065156039538787,11355353097430599783,638163702069658155,11355353097430599783,0,0,0,0,0,0,0,0,0,0,0
819,5,771,8,10,0.030064,25645.53,0.015346,50240.07,0.013469,57241.89,0.014713,52403.48,0.016180,47650.96,0.014791,52124.60,0.019539,39460.30,0.030483,0.005772,0.005327,0.014791,0.056373,0.008746,5,88825,94110,330267,328,0,0,0,514,0,0,0,338,0,0,0,273,0,0,0,225,0,0,0,0,0,0,0,2469859072373272678,10283809547982330453,10283809547982330453,915318716181091562,17708608221072192658,5435283961933626395,0,0,0,0,0,0,0,0,0,0,0
820,5,818,8,10,0.043691,18722.44,0.022992,35577.91,0.015374,53206.95,0.016658,49106.16,0.024646,33190.51,0.017791,45979.20,0.034593,23646.39,0.044534,0.006168,0.011068,0.017791,0.079560,0.009458,1,97609,103909,606766,437,0,0,0,591,0,0,0,241,0,0,0,177,0,0,0,246,0,0,0,9,0,0,0,14139445828143213015,10408646453710528875,10408646453710528875,10275169714389988191,484301893536731538,16242868458296555017,0,0,0,0,0,0,0,0,0,0,0
821,5,773,8,10,0.034056,22697.99,0.018219,42427.76,0.016833,45921.25,0.020101,38455.16,0.021411,36102.47,0.018248,42361.71,0.027941,27665.81,0.035008,0.006008,0.009694,0.018248,0.068958,0.009353,2,95961,111526,512057,678,0,0,0,898,0,0,0,319,0,0,0,262,0,0,0,224,0,0,0,0,0,0,0,2516250915144443289,2516250915144443289,2516250915144443289,7965941135153291296,12659680513632433373,6587168403720445406,0,0,0,0,0,0,0,0,0,0,0
822,5,847,8,10,0.030589,27689.51,0.014767,57358.41,0.012860,65863.22,0.014229,59527.27,0.016227,52196.45,0.014283,59302.89,0.028875,29333.25,0.031517,0.006226,0.009361,0.014283,0.061387,0.010255,2,103075,161320,489726,954,0,0,0,978,0,0,0,215,0,0,0,195,0,0,0,153,0,0,0,4,0,0,0,4395423031294723551,13317683619862196061,13317683619862196061,4356266252705215389,14766724551877779737,8808710136383014115,0,0,0,0,0,0,0,0,0,0,0
823,5,733,8,10,0.034873,21019.19,0.016812,43600.40,0.014360,51045.50,0.017638,41557.79,0.021295,34421.95,0.018568,39477.06,0.026328,27841.15,0.035286,0.006322,0.011400,0.018568,0.071575,0.007914,1,93474,97414,581915,334,0,0,0,561,0,0,0,212,0,0,0,156,0,0,0,192,0,0,0,2,0,0,0,23983033182417947,23983033182417947,23983033182417947,16416549840595994524,8217485617747115520,16416549840595994524,0,0,0,0,0,0,0,0,0,0,0
824,5,834,8,10,0.034051,24492.97,0.019530,42704.52,0.017496,47668.34,0.018527,45014.20,0.021324,39110.33,0.018982,43936.43,0.028070,29711.09,0.034925,0.006929,0.012722,0.018982,0.073558,0.010599,1,111334,117704,363379,408,0,0,0,629,0,0,0,356,0,0,0,165,0,0,0,318,0,0,0,6,0,0,0,8526455960639260528,6951887012517188136,6951887012517188136,16590389061617732465,16962708381771716725,8629656376299093109,0,0,0,0,0,0,0,0,0,0,0
825,5,811,8,10,0.034276,23660.60,0.019470,41654.35,0.017158,47266.94,0.019681,41206.99,0.021723,37334.40,0.019725,41115.83,0.025942,31262.57,0.035011,0.006740,0.010610,0.019725,0.072086,0.011826,2,105485,114105,285438,617,0,0,0,813,0,0,0,264,0,0,0,313,0,0,0,355,0,0,0,6,0,0,0,9576786084696110685,4312289017388526628,4312289017388526628,7445733859414633447,75565493795756812,7445733859414633447,0,0,0,0,0,0,0,0,0,0,0
826,5,819,8,10,0.029800,27483.38,0.013546,60462.75,0.011537,70989.25,0.014202,57666.31,0.015804,51822.53,0.015003,54588.58,0.024121,33953.84,0.030575,0.006063,0.008754,0.015003,0.060396,0.009811,2,93108,113643,390941,520,0,0,0,710,0,0,0,351,0,0,0,119,0,0,0,148,0,0,0,2,0,0,0,7999871869731894486,6243239394326517288,6243239394326517288,13995828450292476320,7666717123584276646,5374562703372265625,0,0,0,0,0,0,0,0,0,0,0
827,5,701,8,10,0.027429,25557.28,0.013616,51484.16,0.012078,58039.29,0.013117,53443.91,0.014844,47225.35,0.014435,48561.04,0.016908,41460.47,0.028025,0.005520,0.006714,0.014435,0.054694,0.007275,3,80816,82251,435322,271,0,0,0,467,0,0,0,244,0,0,0,157,0,0,0,136,0,0,0,5,0,0,0,6308347097306881947,6308347097306881947,6308347097306881947,9871648283187508,17976323485701931600,11322406137511936608,0,0,0,0,0,0,0,0,0,0,0
828,5,897,8,10,0.038137,23520.66,0.026783,33491.33,0.026197,34240.62,0.025319,35428.41,0.026550,33784.83,0.017740,50563.20,0.033256,26972.45,0.039454,0.006949,0.007282,0.017740,0.071425,0.011818,4,116848,128573,344792,1175,0,0,0,1872,0,0,0,417,0,0,0,320,0,0,0,231,0,0,0,26,0,0,0,8355785522630267035,5509159514477945593,5509159514477945593,188927717425603926,3362512813131616972,188927717425603926,0,0,0,0,0,0,0,0,0,0,0
829,5,782,8,10,0.028899,27059.51,0.014646,53392.62,0.012746,61354.72,0.015271,51208.50,0.017234,45375.47,0.013773,56776.98,0.020271,38576.98,0.029563,0.005549,0.010395,0.013773,0.059280,0.008769,1,83637,85527,377691,356,0,0,0,577,0,0,0,399,0,0,0,263,0,0,0,320,0,0,0,12,0,0,0,6062518052492694210,634327049402590400,634327049402590400,12696816606826427111,10372512044852260382,16876578298580297176,0,0,0,0,0,0,0,0,0,0,0
830,5,858,8,10,0.034176,25105.47,0.016500,52000.10,0.015786,54352.69,0.018542,46274.16,0.019312,44429.31,0.017956,47784.01,0.022563,38026.66,0.034887,0.006502,0.011539,0.017956,0.070883,0.012657,1,98116,100881,456486,411,0,0,0,624,0,0,0,318,0,0,0,221,0,0,0,291,0,0,0,8,0,0,0,12673173612741516009,3393551997774039579,3393551997774039579,17511749952429215699,2936785278636578907,14030634493034530779,0,0,0,0,0,0,0,0,0,0,0
831,5,1222,8,10,0.030195,40469.90,0.016521,73966.38,0.014626,83549.43,0.014882,82111.41,0.018290,66814.29,0.015560,78533.82,0.030296,40335.12,0.031246,0.007622,0.014833,0.015560,0.069261,0.021833,1,116576,188086,363573,946,0,0,0,1222,0,0,0,357,0,0,0,184,0,0,0,292,0,0,0,1,0,0,0,1660961387634848461,3648166725576180227,3648166725576180227,14856176057978712716,14902526805102023055,521493285890450607,0,0,0,0,0,0,0,0,0,0,0
832,5,873,8,10,0.030429,28689.56,0.016262,53685.08,0.014943,58420.76,0.016897,51666.40,0.018160,48072.30,0.014488,60258.70,0.026996,32337.86,0.031210,0.006041,0.009428,0.014488,0.061167,0.011539,2,97559,146904,578037,886,0,0,0,1034,0,0,0,249,0,0,0,152,0,0,0,221,0,0,0,2,0,0,0,2328631034019834077,10817802143791724236,10817802143791724236,6551956668741900335,9565600744431626272,4725451771040148602,0,0,0,0,0,0,0,0,0,0,0
833,5,671,8,10,0.032432,20689.28,0.017157,39108.59,0.011760,57056.25,0.019216,34919.23,0.021699,30922.41,0.020831,32211.22,0.024817,27038.16,0.032869,0.004923,0.010030,0.020831,0.068653,0.006802,1,79303,80933,539039,318,0,0,0,424,0,0,0,346,0,0,0,193,0,0,0,233,0,0,0,1,0,0,0,11337976494417430609,17223648895961222693,17223648895961222693,13047908002718040229,8934547832021421509,6548113867078678770,0,0,0,0,0,0,0,0,0,0,0
834,5,711,8,10,0.036894,19271.46,0.021847,32544.03,0.016649,42705.99,0.017644,40296.00,0.024130,29465.03,0.023060,30832.64,0.030118,23607.17,0.037603,0.005273,0.005480,0.023060,0.071415,0.007387,4,80229,81864,350215,456,0,0,0,726,0,0,0,319,0,0,0,229,0,0,0,233,0,0,0,4,0,0,0,6045934222991985729,10315919290499908630,10315919290499908630,18082867536161065029,14782053450903859455,14903871296928731996,0,0,0,0,0,0,0,0,0,0,0
835,5,718,8,10,0.033615,21359.73,0.019889,36100.97,0.018536,38735.36,0.021939,32726.56,0.022790,31504.52,0.023112,31066.42,0.025724,27911.22,0.034230,0.005492,0.005125,0.023112,0.067958,0.009236,5,88089,91074,432398,428,0,0,0,656,0,0,0,242,0,0,0,204,0,0,0,193,0,0,0,1,0,0,0,3226919879181782471,3226919879181782471,3226919879181782471,11974793031091855545,9268103416522140760,6420037157345118967,0,0,0,0,0,0,0,0,0,0,0
836,5,750,8,10,0.037162,20181.97,0.020006,37488.20,0.015004,49987.98,0.017825,42076.49,0.021029,35664.94,0.019456,38547.71,0.031942,23479.91,0.037820,0.005578,0.006697,0.019456,0.069552,0.009516,3,90331,116711,628521,742,0,0,0,881,0,0,0,377,0,0,0,294,0,0,0,273,0,0,0,4,0,0,0,4525561450645721355,4525561450645721355,4525561450645721355,10353416246292616247,230725262640031802,13535471243015912731,0,0,0,0,0,0,0,0,0,0,0
837,5,742,8,10,0.030366,24435.49,0.017414,42608.57,0.015856,46796.67,0.017957,41320.29,0.018743,39587.82,0.016824,44103.24,0.019551,37952.61,0.030989,0.005838,0.010482,0.016824,0.064133,0.008425,1,87252,89962,367416,527,0,0,0,831,0,0,0,426,0,0,0,314,0,0,0,368,0,0,0,9,0,0,0,5923527406213058693,8164658650138701110,8164658650138701110,10657759601068628447,5062473291495537673,5310131940281434580,0,0,0,0,0,0,0,0,0,0,0
838,5,703,8,10,0.029143,24122.82,0.013381,52537.05,0.011751,59825.29,0.014045,50052.72,0.015787,44529.95,0.014500,48483.55,0.016391,42888.34,0.029647,0.005232,0.008047,0.014500,0.057426,0.009446,2,78896,80916,526456,356,0,0,0,534,0,0,0,297,0,0,0,219,0,0,0,246,0,0,0,4,0,0,0,7882730027350435269,14321304621245398775,14321304621245398775,14154863951203398917,5349264699950975070,9417449217631033503,0,0,0,0,0,0,0,0,0,0,0
839,5,633,8,10,0.027021,23425.81,0.013479,46960.29,0.012296,51479.33,0.013913,45498.45,0.015898,39815.98,0.014300,44264.98,0.020144,31423.80,0.027863,0.004706,0.006316,0.014300,0.053186,0.006264,3,73805,75535,346037,364,0,0,0,622,0,0,0,269,0,0,0,205,0,0,0,201,0,0,0,7,0,0,0,3747155856888342392,14232934947580694949,14232934947580694949,2768561322915403894,1019252678352471681,16994293462027501826,0,0,0,0,0,0,0,0,0,0,0
840,5,674,8,10,0.033483,20129.78,0.016437,41005.45,0.014731,45754.84,0.018032,37378.04,0.019524,34521.78,0.017585,38327.17,0.023178,29079.74,0.033951,0.006572,0.009894,0.017585,0.068003,0.007343,2,98497,100727,454975,338,0,0,0,563,0,0,0,331,0,0,0,184,0,0,0,208,0,0,0,1,0,0,0,14953039104566476554,14953039104566476554,14953039104566476554,9154861977363160024,16444363438572985188,9154861977363160024,0,0,0,0,0,0,0,0,0,0,0
841,5,640,8,10,0.038838,16478.79,0.021347,29981.13,0.014045,45566.86,0.022985,27844.06,0.025071,25527.97,0.021593,29639.40,0.027435,23328.15,0.039520,0.004958,0.010098,0.021593,0.076169,0.006620,1,82228,84108,550222,353,0,0,0,557,0,0,0,281,0,0,0,224,0,0,0,190,0,0,0,1,0,0,0,2629717618471141678,8045985755203027131,8045985755203027131,4258518858997083381,10475663692559784671,17006350491185103795,0,0,0,0,0,0,0,0,0,0,0
842,5,663,8,10,0.029473,22494.85,0.014618,45353.96,0.013975,47443.29,0.014834,44695.36,0.016234,40840.53,0.015258,43452.48,0.020792,31887.47,0.030039,0.005260,0.008624,0.015258,0.059182,0.006611,2,83816,85246,509399,317,0,0,0,458,0,0,0,242,0,0,0,127,0,0,0,178,0,0,0,0,0,0,0,9980341820160772474,9980341820160772474,9980341820160772474,13807139663173838146,5703580719457550628,13171618267100891847,0,0,0,0,0,0,0,0,0,0,0
843,5,649,8,10,0.027034,24006.76,0.014829,43766.32,0.013437,48301.01,0.015770,41154.89,0.016588,39124.45,0.014600,44452.86,0.019605,33103.07,0.027613,0.004674,0.008879,0.014600,0.055767,0.006267,1,73224,74939,519665,284,0,0,0,528,0,0,0,209,0,0,0,167,0,0,0,227,0,0,0,3,0,0,0,12229321591635544347,12229321591635544347,12229321591635544347,13984494778633907715,11018850087663372540,13298419704545686177,0,0,0,0,0,0,0,0,0,0,0
844,5,728,8,10,0.031188,23342.46,0.013576,53623.09,0.011492,63348.87,0.013471,54043.24,0.015055,48355.70,0.013225,55047.49,0.020468,35568.12,0.031866,0.005956,0.010798,0.013225,0.061845,0.008044,1,96932,99717,411579,328,0,0,0,461,0,0,0,288,0,0,0,204,0,0,0,303,0,0,0,4,0,0,0,11114070597503341333,11114070597503341333,11114070597503341333,7461163132368675837,8624203282270168750,17134818509086619198,0,0,0,0,0,0,0,0,0,0,0
845,5,751,8,10,0.032482,23120.22,0.015963,47047.67,0.013075,57436.52,0.015548,48300.90,0.017478,42968.24,0.015483,48504.81,0.023468,32000.82,0.033193,0.006606,0.012003,0.015483,0.067285,0.008288,1,104847,106897,441370,356,0,0,0,531,0,0,0,258,0,0,0,195,0,0,0,224,0,0,0,2,0,0,0,9328640490838690820,14669489326210936435,14669489326210936435,4768510436186061571,13755798165749175367,14111205419370793230,0,0,0,0,0,0,0,0,0,0,0
846,5,737,8,10,0.032062,22986.48,0.015563,47357.17,0.013284,55482.36,0.017560,41969.19,0.018700,39411.54,0.017185,42885.61,0.024544,30027.16,0.032642,0.005867,0.011006,0.017185,0.066701,0.008415,1,93868,98483,348383,401,0,0,0,633,0,0,0,349,0,0,0,166,0,0,0,270,0,0,0,3,0,0,0,2129686745403335866,11962381253613171788,11962381253613171788,15788911299698579912,4948594496335501589,16507732419836407557,0,0,0,0,0,0,0,0,0,0,0
847,5,848,8,10,0.037855,22401.21,0.016413,51664.92,0.015455,54867.80,0.018613,45560.33,0.021251,39903.62,0.018334,46253.58,0.025458,33309.39,0.038598,0.007054,0.012514,0.018334,0.076500,0.010710,1,105850,111150,477617,385,0,0,0,676,0,0,0,273,0,0,0,267,0,0,0,346,0,0,0,2,0,0,0,2224013955453172853,2413389700365383101,2413389700365383101,11231759668515479695,5178845096227731611,11499358998076217128,0,0,0,0,0,0,0,0,0,0,0
848,5,635,8,10,0.032503,19536.62,0.015967,39769.88,0.013093,48500.05,0.014866,42714.58,0.020817,30504.21,0.016207,39179.55,0.021823,29097.37,0.033182,0.005509,0.007639,0.016207,0.062538,0.006739,2,86784,89294,493927,363,0,0,0,582,0,0,0,279,0,0,0,287,0,0,0,229,0,0,0,2,0,0,0,4381374023281096957,14311960499337123492,14311960499337123492,3951571973881862024,10740434229279332724,3851564087980381376,0,0,0,0,0,0,0,0,0,0,0
849,5,828,8,10,0.040931,20229.12,0.024725,33488.11,0.017951,46125.19,0.019227,43065.01,0.026835,30854.90,0.018561,44609.14,0.032017,25861.25,0.041819,0.006007,0.011447,0.018561,0.077834,0.009915,1,90139,93379,419607,439,0,0,0,670,0,0,0,273,0,0,0,234,0,0,0,267,0,0,0,2,0,0,0,14260198919090931172,9566462930492225459,9566462930492225459,3737106001871919750,15554495531328721916,9920925611650267465,0,0,0,0,0,0,0,0,0,0,0
850,5,751,8,10,0.043105,17422.48,0.023032,32607.09,0.018769,40012.68,0.018346,40935.50,0.027430,27378.50,0.026433,28411.41,0.036965,20316.45,0.043713,0.005475,0.007084,0.026433,0.082706,0.008089,4,83182,86312,513109,368,0,0,0,539,0,0,0,260,0,0,0,167,0,0,0,175,0,0,0,1,0,0,0,6263258700438631361,16861158836027400601,16861158836027400601,1070465627991941393,5091484625667198961,10806083141080804496,0,0,0,0,0,0,0,0,0,0,0
851,5,688,8,10,0.029607,23237.66,0.020413,33704.23,0.014630,47026.86,0.015853,43398.96,0.018031,38156.73,0.015264,45073.01,0.020369,33776.45,0.030293,0.005370,0.008478,0.015264,0.059405,0.007095,2,81854,83929,324443,389,0,0,0,558,0,0,0,363,0,0,0,186,0,0,0,306,0,0,0,2,0,0,0,10484575042454463473,17369020357741699706,17369020357741699706,15259712826609663724,4593330680572384139,11509947853388757757,0,0,0,0,0,0,0,0,0,0,0
852,5,749,8,10,0.032368,23139.92,0.013514,55422.50,0.011082,67588.98,0.016516,45350.32,0.016760,44689.83,0.015339,48828.77,0.022483,33313.92,0.032926,0.005848,0.011365,0.015339,0.065479,0.008624,1,93511,95681,461905,242,0,0,0,382,0,0,0,216,0,0,0,136,0,0,0,197,0,0,0,2,0,0,0,3890246571542045957,13078664079249753892,13078664079249753892,3468693488229955285,17758773358122747901,2244845870172517329,0,0,0,0,0,0,0,0,0,0,0
853,5,761,8,10,0.035929,21180.42,0.015263,49858.11,0.013212,57598.24,0.016799,45299.27,0.017991,42299.32,0.017591,43260.67,0.022322,34091.87,0.036506,0.006007,0.011744,0.017591,0.071847,0.010573,1,89807,92352,493472,303,0,0,0,410,0,0,0,307,0,0,0,213,0,0,0,289,0,0,0,3,0,0,0,16836878635719533625,10631501559092821976,10631501559092821976,6327856896195907456,16862892115591622234,11053079899603416729,0,0,0,0,0,0,0,0,0,0,0
854,5,669,8,10,0.030045,22266.42,0.013746,48667.79,0.011306,59174.05,0.013500,49555.64,0.014689,45544.77,0.013942,47985.98,0.019912,33597.01,0.030643,0.005789,0.010505,0.013942,0.060879,0.007157,1,90347,92782,505780,315,0,0,0,435,0,0,0,309,0,0,0,213,0,0,0,224,0,0,0,5,0,0,0,11894612839660857571,11894612839660857571,11894612839660857571,17874030875357941376,3356490900985393806,10193953217375599953,0,0,0,0,0,0,0,0,0,0,0
855,5,685,8,10,0.041388,16550.75,0.019501,35126.29,0.014323,47826.25,0.022345,30655.00,0.024943,27462.78,0.022089,31011.44,0.031488,21754.35,0.041943,0.006477,0.013087,0.022089,0.083596,0.009951,1,103345,107020,396419,351,0,0,0,576,0,0,0,316,0,0,0,210,0,0,0,166,0,0,0,7,0,0,0,13343075096506444746,2036366729134669689,2036366729134669689,5903124108556866262,12041579552916928256,1805406732353463792,0,0,0,0,0,0,0,0,0,0,0
856,5,642,8,10,0.031773,20205.74,0.012718,50480.62,0.011505,55800.71,0.014834,43280.12,0.017282,37148.44,0.016602,38670.89,0.022046,29121.04,0.032232,0.005317,0.009987,0.016602,0.064138,0.006595,1,81660,83275,446244,266,0,0,0,462,0,0,0,284,0,0,0,174,0,0,0,275,0,0,0,5,0,0,0,10248584039702245016,13069725702200866470,13069725702200866470,2883421414411911474,13551094131130914176,15323252741990017516,0,0,0,0,0,0,0,0,0,0,0
857,5,808,8,10,0.042410,19052.23,0.023567,34284.70,0.022033,36672.08,0.022806,35428.81,0.026881,30058.40,0.025728,31405.45,0.033533,24095.53,0.043312,0.006514,0.012378,0.025728,0.087932,0.010225,1,112261,125801,424993,891,0,0,0,1015,0,0,0,288,0,0,0,322,0,0,0,420,0,0,0,11,0,0,0,804181514478519329,18050206847430046241,18050206847430046241,14435996746550773621,17190364057987114188,5151399521774401160,0,0,0,0,0,0,0,0,0,0,0
858,5,666,8,10,0.029636,22472.79,0.013349,49890.49,0.011396,58442.03,0.013058,51001.45,0.016697,39887.98,0.013649,48794.02,0.018652,35706.38,0.030172,0.005402,0.010199,0.013649,0.059421,0.006708,1,86190,88165,355769,288,0,0,0,628,0,0,0,293,0,0,0,216,0,0,0,240,0,0,0,15,0,0,0,6979695163480233106,12759734359231442291,12759734359231442291,9301182129065400135,16698853266748799431,13620911191855311041,0,0,0,0,0,0,0,0,0,0,0
859,5,807,8,10,0.030392,26553.13,0.013487,59833.96,0.011458,70430.15,0.016474,48985.68,0.015286,52793.21,0.015024,53712.88,0.017019,47417.66,0.030960,0.005762,0.005291,0.015024,0.057037,0.008904,5,89979,92834,445100,302,0,0,0,533,0,0,0,502,0,0,0,327,0,0,0,287,0,0,0,3,0,0,0,16552430454979769014,6654657100538938417,6654657100538938417,12812181213326706623,14855723681694366207,15410970136197361287,0,0,0,0,0,0,0,0,0,0,0
860,5,754,8,10,0.031871,23657.78,0.015495,48659.92,0.014166,53227.44,0.016133,46735.67,0.019368,38929.34,0.016120,46773.16,0.020683,36454.32,0.032530,0.006287,0.011401,0.016120,0.066338,0.008663,1,97252,100947,354051,403,0,0,0,712,0,0,0,563,0,0,0,292,0,0,0,304,0,0,0,3,0,0,0,5976646299047290557,5976646299047290557,5976646299047290557,13636117638607220839,440223014891161253,13636117638607220839,0,0,0,0,0,0,0,0,0,0,0
861,5,808,8,10,0.035352,22856.11,0.022301,36231.62,0.020462,39487.51,0.022748,35520.15,0.024905,32443.40,0.023777,33982.22,0.031933,25303.27,0.036139,0.005580,0.009073,0.023777,0.074568,0.011708,2,90381,110341,357339,729,0,0,0,1175,0,0,0,309,0,0,0,177,0,0,0,244,0,0,0,4,0,0,0,11418654666906056060,3863497944781409196,3863497944781409196,7907880939648526293,1989833555455391887,6705187824922707984,0,0,0,0,0,0,0,0,0,0,0
862,5,944,8,10,0.037705,25036.58,0.018627,50678.29,0.017546,53801.97,0.020099,46966.38,0.021926,43054.26,0.019821,47625.51,0.028048,33656.31,0.038587,0.007864,0.013080,0.019821,0.079352,0.013936,1,111626,123831,557180,761,0,0,0,1001,0,0,0,400,0,0,0,254,0,0,0,305,0,0,0,5,0,0,0,1085254235255633655,1356861708286975139,1356861708286975139,9252735272376494598,10289499570637992530,14597808683824351689,0,0,0,0,0,0,0,0,0,0,0
863,5,654,8,10,0.034575,18915.46,0.019441,33639.93,0.016558,39497.83,0.014473,45188.39,0.021598,30281.00,0.013353,48977.91,0.026265,24899.75,0.035159,0.004640,0.009228,0.013353,0.062380,0.006494,1,73939,76134,324879,280,0,0,0,390,0,0,0,199,0,0,0,140,0,0,0,260,0,0,0,2,0,0,0,4919189161807633681,18356949665722182612,18356949665722182612,15076021857343080017,1252007202879182987,2434947029901608710,0,0,0,0,0,0,0,0,0,0,0
864,5,693,8,10,0.034686,19979.53,0.019635,35293.62,0.015272,45376.42,0.018251,37971.34,0.019781,35033.91,0.019833,34942.48,0.024017,28854.25,0.035377,0.005809,0.005355,0.019833,0.066374,0.007484,5,84505,86975,488809,379,0,0,0,635,0,0,0,355,0,0,0,228,0,0,0,236,0,0,0,3,0,0,0,15303695686914597508,15303695686914597508,15303695686914597508,2975192563295429239,17573342655738643623,16173195691751464794,0,0,0,0,0,0,0,0,0,0,0
865,5,791,8,10,0.049312,16040.75,0.032008,24712.33,0.026890,29415.71,0.022704,34839.09,0.038533,20527.72,0.030442,25984.15,0.041414,19099.69,0.050063,0.005417,0.010705,0.030442,0.096626,0.008846,1,88157,93562,312200,481,0,0,0,701,0,0,0,394,0,0,0,248,0,0,0,541,0,0,0,3,0,0,0,669569327143739735,13487526602444327452,13487526602444327452,11702737180186180157,4200249015363051426,16319315325716842165,0,0,0,0,0,0,0,0,0,0,0
866,5,717,8,10,0.035448,20227.05,0.016934,42340.43,0.016099,44538.05,0.018419,38926.46,0.020254,35400.58,0.018215,39362.28,0.025626,27979.80,0.035985,0.006045,0.011365,0.018215,0.071611,0.007931,1,98765,102050,392720,358,0,0,0,596,0,0,0,232,0,0,0,163,0,0,0,245,0,0,0,5,0,0,0,14859459341032496695,14303426802194257153,14303426802194257153,14465757285073024222,6036088743077713274,2772163082557192764,0,0,0,0,0,0,0,0,0,0,0
867,5,697,8,10,0.035254,19770.74,0.016559,42092.40,0.015669,44482.06,0.019107,36479.43,0.020184,34531.70,0.020178,34541.99,0.025803,27012.40,0.035807,0.005391,0.005047,0.020178,0.066423,0.007503,5,85835,90235,521802,323,0,0,0,609,0,0,0,279,0,0,0,167,0,0,0,180,0,0,0,9,0,0,0,18287110803618475418,10924338903682284474,10924338903682284474,11218608030876233739,9683241520872377391,629179099627416429,0,0,0,0,0,0,0,0,0,0,0
868,5,700,8,10,0.028363,24679.98,0.016792,41686.05,0.015942,43908.88,0.016825,41603.98,0.019015,36813.95,0.018797,37240.87,0.020608,33967.75,0.028934,0.005531,0.004995,0.018797,0.058257,0.007494,5,84056,86801,367953,460,0,0,0,766,0,0,0,351,0,0,0,257,0,0,0,276,0,0,0,8,0,0,0,1325578901542945143,16842580329964310853,16842580329964310853,2547280411657948896,5992484968909539026,12976259840720795874,0,0,0,0,0,0,0,0,0,0,0
869,5,706,8,10,0.034681,20356.70,0.015446,45707.36,0.015254,46282.32,0.017580,40158.45,0.019191,36788.05,0.016546,42668.63,0.024946,28300.81,0.035332,0.005623,0.010492,0.016546,0.067993,0.007737,1,84735,87510,594971,337,0,0,0,558,0,0,0,256,0,0,0,167,0,0,0,288,0,0,0,7,0,0,0,10723811414401942074,7293928739544860550,7293928739544860550,17114327651912729002,9123866818531700694,17542950995023699889,0,0,0,0,0,0,0,0,0,0,0
870,5,682,8,10,0.045157,15103.02,0.022581,30202.79,0.015321,44513.42,0.021273,32059.49,0.023862,28580.80,0.021807,31275.06,0.033111,20597.17,0.045714,0.007346,0.012327,0.021807,0.087194,0.007615,1,104581,106651,462375,302,0,0,0,571,0,0,0,367,0,0,0,174,0,0,0,244,0,0,0,4,0,0,0,10719842035722665988,10719842035722665988,10719842035722665988,2231784947106139883,1719980981519141883,12802748734252976454,0,0,0,0,0,0,0,0,0,0,0
871,5,680,8,10,0.030984,21946.91,0.013667,49754.95,0.011960,56856.84,0.015165,44841.50,0.015770,43119.30,0.014422,47151.47,0.023580,28838.20,0.031633,0.005571,0.010739,0.014422,0.062365,0.007310,1,89100,90740,416040,274,0,0,0,543,0,0,0,219,0,0,0,144,0,0,0,192,0,0,0,2,0,0,0,5090714098415781721,11210670816371462956,11210670816371462956,913992509100363540,17377302959161626073,13526964352615422089,0,0,0,0,0,0,0,0,0,0,0
872,5,739,8,10,0.036475,20260.56,0.018471,40008.70,0.017461,42322.63,0.018737,39441.12,0.019559,37783.90,0.021243,34788.45,0.022070,33484.47,0.037200,0.006023,0.006223,0.021243,0.070688,0.008482,4,93790,96125,484335,440,0,0,0,700,0,0,0,300,0,0,0,230,0,0,0,290,0,0,0,7,0,0,0,13300991206216547652,11541957097189083245,11541957097189083245,14564665847684349663,2697272740215993456,2270262357299959616,0,0,0,0,0,0,0,0,0,0,0
873,5,696,8,10,0.034513,20166.23,0.013962,49850.68,0.012240,56863.55,0.015209,45761.52,0.017383,40039.79,0.016490,42207.23,0.021483,32397.33,0.035140,0.005422,0.010451,0.016490,0.067503,0.007505,1,78547,80227,544856,274,0,0,0,426,0,0,0,340,0,0,0,193,0,0,0,266,0,0,0,0,0,0,0,16282135288355474299,8785337626583304437,8785337626583304437,10914537009661448421,5501923244235836322,3137213777352313497,0,0,0,0,0,0,0,0,0,0,0
874,5,774,8,10,0.039219,19735.21,0.019057,40616.04,0.017803,43476.58,0.019483,39726.32,0.022075,35061.60,0.019786,39119.38,0.028321,27329.45,0.039694,0.006320,0.011518,0.019786,0.077317,0.009151,1,97056,101226,428999,502,0,0,0,854,0,0,0,410,0,0,0,268,0,0,0,416,0,0,0,15,0,0,0,11716529018215980932,8787366190886326911,8787366190886326911,11607221686746290360,3139181552798505655,9001938156852186337,0,0,0,0,0,0,0,0,0,0,0
875,5,656,8,10,0.032814,19991.36,0.015396,42608.48,0.015021,43670.82,0.016970,38656.96,0.018904,34702.16,0.016360,40098.45,0.022515,29136.69,0.033403,0.005327,0.010257,0.016360,0.065347,0.007000,1,83664,85844,533497,352,0,0,0,539,0,0,0,322,0,0,0,193,0,0,0,258,0,0,0,9,0,0,0,9046132040804326083,1252718503891217080,1252718503891217080,8992378085266994002,12281774400875254441,14451873946778895060,0,0,0,0,0,0,0,0,0,0,0
876,5,791,8,10,0.034043,23235.21,0.018077,43756.50,0.016824,47016.24,0.019809,39932.11,0.020377,38817.77,0.018894,41864.98,0.024047,32893.86,0.034792,0.006333,0.012358,0.018894,0.072377,0.011984,1,97767,101967,360823,436,0,0,0,711,0,0,0,352,0,0,0,215,0,0,0,293,0,0,0,2,0,0,0,3380530225446007775,4849746995252173719,4849746995252173719,1444175782535251975,1644888100442811362,5158577053799947714,0,0,0,0,0,0,0,0,0,0,0
877,5,688,8,10,0.038647,17801.93,0.019329,35593.45,0.018378,37436.43,0.018863,36473.04,0.021082,32634.06,0.018851,36496.30,0.023664,29073.46,0.039625,0.006938,0.012414,0.018851,0.077829,0.008305,1,112126,114011,550508,492,0,0,0,708,0,0,0,344,0,0,0,268,0,0,0,370,0,0,0,21,0,0,0,9942944093748964464,9942944093748964464,9942944093748964464,15746555829553188282,16824308327930246666,4950631704153208782,0,0,0,0,0,0,0,0,0,0,0
878,5,686,8,10,0.036791,18645.80,0.019538,35110.85,0.017493,39214.94,0.017553,39081.57,0.020785,33004.90,0.018197,37698.42,0.022283,30785.40,0.037259,0.005905,0.011143,0.018197,0.072504,0.007694,1,97399,99424,500972,429,0,0,0,602,0,0,0,401,0,0,0,304,0,0,0,265,0,0,0,5,0,0,0,8195035532943328933,11485885168516838702,11485885168516838702,13093755488732893365,9056710223556408646,15922849324754432654,0,0,0,0,0,0,0,0,0,0,0
879,5,679,8,10,0.037234,18236.23,0.014537,46707.64,0.012505,54297.96,0.017340,39158.66,0.018810,36097.81,0.015818,42925.97,0.025334,26801.53,0.037992,0.006577,0.011753,0.015818,0.072140,0.009416,1,99148,101593,369031,342,0,0,0,416,0,0,0,250,0,0,0,186,0,0,0,170,0,0,0,6,0,0,0,10815109948978684026,226379522454632420,226379522454632420,1747433433483051008,9840556037786251070,11660031005443916809,0,0,0,0,0,0,0,0,0,0,0
880,5,634,8,10,0.031274,20272.18,0.016959,37383.44,0.015950,39748.75,0.017743,35731.66,0.018643,34007.29,0.018523,34227.02,0.020987,30208.82,0.031882,0.005353,0.004907,0.018523,0.060665,0.006687,5,83514,85799,396532,445,0,0,0,646,0,0,0,317,0,0,0,260,0,0,0,243,0,0,0,9,0,0,0,6641567283117295587,6641567283117295587,6641567283117295587,12835203180860250089,14094037554439893022,18177177543751538724,0,0,0,0,0,0,0,0,0,0,0
881,5,746,8,10,0.035106,21249.87,0.018220,40943.04,0.016621,44883.43,0.017772,41975.44,0.019862,37559.83,0.039583,18846.48,0.023437,31829.60,0.035732,0.006804,0.011995,0.039583,0.094114,0.008758,1,102568,105358,348176,488,0,0,0,702,0,0,0,418,0,0,0,377,0,0,0,0,0,0,0,3,0,0,0,5382633643590580816,5382633643590580816,5382633643590580816,9144320931093514176,7765747633753868463,14909607394374637245,0,0,0,0,0,0,0,0,0,0,1
882,5,808,8,10,0.039932,20234.29,0.018517,43636.40,0.017213,46942.50,0.019889,40625.69,0.020700,39033.24,0.019542,41346.16,0.026544,30439.82,0.040547,0.007205,0.012048,0.019542,0.079342,0.010732,3,116059,123364,590997,691,0,0,0,964,0,0,0,360,0,0,0,297,0,0,0,289,0,0,0,9,0,0,0,6893076632111428565,10060818057895100486,10060818057895100486,6657135945226249841,11078340718521732588,10706649567068538851,0,0,0,0,0,0,0,0,0,0,0
883,5,983,8,10,0.041063,23938.75,0.019819,49599.40,0.017480,56235.10,0.018960,51846.13,0.021589,45532.92,0.018478,53197.42,0.039144,25112.53,0.042190,0.007930,0.014316,0.018478,0.082915,0.015454,1,131676,200526,449478,1329,0,0,0,1687,0,0,0,560,0,0,0,367,0,0,0,478,0,0,0,20,0,0,0,16806886994475252611,2516442557399539553,2516442557399539553,6376780909084008394,5911482735388407817,2354237124447321597,0,0,0,0,0,0,0,0,0,0,0
884,5,757,8,10,0.030025,25212.64,0.016398,46163.60,0.014025,53974.00,0.015585,48572.97,0.017995,42066.83,0.015596,48536.88,0.028330,26720.95,0.030614,0.005968,0.009270,0.015596,0.061448,0.008891,2,94768,130548,414269,1035,0,0,0,1118,0,0,0,204,0,0,0,194,0,0,0,225,0,0,0,2,0,0,0,10302579791732857645,10302579791732857645,10302579791732857645,14788530020193042993,14103087830003391140,14788530020193042993,0,0,0,0,0,0,0,0,0,0,0
885,5,646,8,10,0.037346,17297.78,0.018679,34584.04,0.015148,42646.13,0.018103,35684.61,0.020396,31672.74,0.018958,34075.96,0.029263,22075.33,0.038136,0.006321,0.008608,0.018958,0.072022,0.007202,2,103184,106884,329516,424,0,0,0,639,0,0,0,321,0,0,0,200,0,0,0,240,0,0,0,5,0,0,0,16704741284121663337,16704741284121663337,16704741284121663337,11819885491331558524,1068358082775254007,7151788268206853518,0,0,0,0,0,0,0,0,0,0,0
886,5,779,8,10,0.039959,19495.10,0.021987,35429.78,0.019765,39413.65,0.020486,38025.16,0.024939,31236.02,0.023155,33643.00,0.034944,22292.53,0.040872,0.006432,0.005777,0.023155,0.076236,0.010167,5,106729,128284,335236,852,0,0,0,1032,0,0,0,284,0,0,0,344,0,0,0,348,0,0,0,73,0,0,0,109440581682188882,15051206905388934899,15051206905388934899,6154704391504886114,10390950006190508178,8492115942464159493,0,0,0,0,0,0,0,0,0,0,0
887,5,801,8,10,0.033072,24219.90,0.014990,53434.85,0.014427,55521.69,0.016281,49198.40,0.017164,46667.36,0.016705,47950.53,0.024752,32360.53,0.033868,0.006197,0.005672,0.016705,0.062441,0.010102,5,95857,108447,432022,675,0,0,0,853,0,0,0,428,0,0,0,271,0,0,0,265,0,0,0,6,0,0,0,17111996838341241064,17111996838341241064,17111996838341241064,13065381387536521183,4843415467613712842,11120965971075621140,0,0,0,0,0,0,0,0,0,0,0
888,5,713,8,10,0.036989,19275.75,0.019190,37154.94,0.018283,38997.98,0.020254,35202.22,0.022790,31285.89,0.017958,39704.39,0.027907,25548.72,0.038011,0.005958,0.011309,0.017958,0.073236,0.008058,1,95227,98992,357577,597,0,0,0,852,0,0,0,513,0,0,0,239,0,0,0,456,0,0,0,8,0,0,0,11497408519832904191,11497408519832904191,11497408519832904191,6303842580381095782,9613387994599087228,2150506780384389159,0,0,0,0,0,0,0,0,0,0,0
889,5,580,8,10,0.026586,21815.59,0.014129,41051.08,0.012821,45238.95,0.014179,40906.75,0.016339,35498.21,0.013873,41809.19,0.018264,31756.94,0.027089,0.004754,0.009404,0.013873,0.055120,0.006141,1,71880,73555,257850,434,0,0,0,734,0,0,0,352,0,0,0,198,0,0,0,254,0,0,0,9,0,0,0,6928715068258575420,6928715068258575420,6928715068258575420,7285978078537152950,10516667574152258736,14203654231476792836,0,0,0,0,0,0,0,0,0,0,0
890,5,817,8,10,0.043407,18821.67,0.019920,41013.12,0.018685,43725.04,0.022783,35860.34,0.023944,34121.19,0.022369,36523.16,0.026142,31252.53,0.044281,0.006992,0.006463,0.022369,0.080105,0.011630,5,108459,112424,466521,652,0,0,0,974,0,0,0,473,0,0,0,318,0,0,0,307,0,0,0,12,0,0,0,12769369200727676864,12769369200727676864,12769369200727676864,3886798176615850627,7727175317053707563,14811583285590523159,0,0,0,0,0,0,0,0,0,0,0
891,5,1059,8,10,0.035911,29489.44,0.018576,57010.23,0.016997,62303.39,0.019192,55179.74,0.020547,51540.50,0.018761,56448.34,0.030242,35017.74,0.037029,0.006874,0.013216,0.018761,0.075880,0.016534,1,111248,150118,413822,775,0,0,0,898,0,0,0,511,0,0,0,321,0,0,0,336,0,0,0,10,0,0,0,12513270862397969852,14857831784036330415,14857831784036330415,10659930256585083801,11880971425790416769,7143949145986161193,0,0,0,0,0,0,0,0,0,0,0
892,5,666,8,10,0.036944,18027.20,0.020857,31932.48,0.019523,34114.17,0.022250,29932.72,0.024118,27614.14,0.020910,31850.32,0.024448,27241.82,0.037661,0.005743,0.010966,0.020910,0.075280,0.008020,1,97085,100545,462484,576,0,0,0,842,0,0,0,459,0,0,0,303,0,0,0,344,0,0,0,8,0,0,0,52073958147289333,6143556483093191568,6143556483093191568,14277987652646630649,12494884916154282058,16595135490380712037,0,0,0,0,0,0,0,0,0,0,0
893,5,732,8,10,0.040604,18027.91,0.023621,30988.97,0.019519,37501.91,0.024316,30103.14,0.023662,30936.06,0.020547,35624.96,0.028898,25330.43,0.041527,0.006690,0.009045,0.020547,0.077809,0.008748,3,105588,108473,293579,490,0,0,0,765,0,0,0,401,0,0,0,285,0,0,0,277,0,0,0,12,0,0,0,997605002924637554,997605002924637554,997605002924637554,9170891729421779051,8324032176289082915,16361563245771242643,0,0,0,0,0,0,0,0,0,0,0
894,5,782,8,10,0.039231,19933.22,0.020437,38264.55,0.019900,39295.75,0.022548,34682.10,0.023871,32759.24,0.022248,35148.80,0.029786,26253.52,0.040639,0.006525,0.007807,0.022248,0.077218,0.010608,3,101198,106618,437859,555,0,0,0,959,0,0,0,367,0,0,0,253,0,0,0,265,0,0,0,10,0,0,0,8697324735604097537,8697324735604097537,8697324735604097537,1597306003688728633,16357118520691271594,18226942415785534573,0,0,0,0,0,0,0,0,0,0,0
895,5,738,8,10,0.029647,24893.02,0.015155,48696.71,0.014909,49501.38,0.016366,45094.31,0.018312,40300.82,0.017336,42570.55,0.020409,36160.66,0.030705,0.006189,0.005542,0.017336,0.059772,0.008310,5,86203,88463,263846,482,0,0,0,744,0,0,0,422,0,0,0,284,0,0,0,301,0,0,0,6,0,0,0,8452545650469136935,6208750613118093958,6208750613118093958,6066701570324069150,13157460859513707174,12221782233548649767,0,0,0,0,0,0,0,0,0,0,0
896,5,791,8,10,0.041383,19114.05,0.019029,41568.23,0.017967,44026.10,0.020905,37838.03,0.022457,35222.78,0.019800,39949.46,0.028124,28125.41,0.042078,0.006606,0.010216,0.019800,0.078700,0.010668,2,103104,109379,445370,447,0,0,0,756,0,0,0,387,0,0,0,279,0,0,0,336,0,0,0,8,0,0,0,14352179407633736074,14352179407633736074,14352179407633736074,13228277959122254293,2032380070259562791,14941163116642934787,0,0,0,0,0,0,0,0,0,0,0
897,5,718,8,10,0.033799,21243.27,0.019411,36988.56,0.017469,41100.75,0.018093,39682.84,0.020035,35836.41,0.019699,36449.36,0.021293,33719.30,0.034484,0.005691,0.005408,0.019699,0.065281,0.008542,5,93883,95863,320505,484,0,0,0,840,0,0,0,354,0,0,0,306,0,0,0,278,0,0,0,7,0,0,0,13990780039198148205,13990780039198148205,13990780039198148205,8668658689673511710,12028398902212734496,13284327950549754095,0,0,0,0,0,0,0,0,0,0,0
898,5,709,8,10,0.035771,19820.59,0.017816,39794.80,0.016861,42049.94,0.020231,35045.08,0.021022,33727.10,0.019594,36184.15,0.027052,26208.85,0.036425,0.005982,0.011413,0.019594,0.073415,0.008112,1,94778,98728,419784,521,0,0,0,877,0,0,0,362,0,0,0,190,0,0,0,272,0,0,0,7,0,0,0,10048905419226556761,14737373893320452115,14737373893320452115,15248603783703278389,10089646555417234988,13368815925507289835,0,0,0,0,0,0,0,0,0,0,0
899,5,744,8,10,0.035735,20819.98,0.019195,38760.83,0.017424,42699.25,0.019982,37233.56,0.021353,34842.19,0.019938,37316.54,0.024795,30006.49,0.036350,0.006006,0.005640,0.019938,0.067933,0.008665,5,94950,98630,421072,643,0,0,0,916,0,0,0,483,0,0,0,389,0,0,0,363,0,0,0,32,0,0,0,9939168903233800910,9939168903233800910,9939168903233800910,2866408199975510943,2933524635391877883,2240601733796586410,0,0,0,0,0,0,0,0,0,0,0
900,5,827,8,10,0.048101,17192.94,0.027039,30585.53,0.024124,34280.96,0.023102,35798.30,0.031367,26364.89,0.024662,33533.59,0.037816,21869.10,0.049187,0.006363,0.012750,0.024662,0.092962,0.011173,1,104378,109663,455680,704,0,0,0,1073,0,0,0,545,0,0,0,347,0,0,0,330,0,0,0,13,0,0,0,10178966784919056241,1480954705518366065,1480954705518366065,15175031284841266198,11421504686996264495,9233530927641444762,0,0,0,0,0,0,0,0,0,0,0
901,5,660,8,10,0.046703,14132.00,0.024939,26464.67,0.015830,41694.29,0.024500,26939.24,0.027792,23747.52,0.026324,25071.80,0.035112,18796.90,0.047102,0.005960,0.011632,0.026324,0.091018,0.007709,1,96765,99790,498829,386,0,0,0,608,0,0,0,299,0,0,0,150,0,0,0,182,0,0,0,13,0,0,0,13775090509972109948,18289596595775358198,18289596595775358198,5816672039102338676,14897978196898885567,11141779449554766328,0,0,0,0,0,0,0,0,0,0,0
902,5,732,8,10,0.040350,18141.19,0.021862,33483.41,0.022200,32973.51,0.019590,37365.18,0.028130,26021.66,0.023815,30736.34,0.027740,26388.12,0.040926,0.006464,0.007107,0.023815,0.078313,0.009651,4,97973,101633,326903,527,0,0,0,895,0,0,0,376,0,0,0,310,0,0,0,303,0,0,0,7,0,0,0,15557103851421493476,1697574477699416224,1697574477699416224,4265283942965809169,5072075146743907087,11288129329919339869,0,0,0,0,0,0,0,0,0,0,0
903,5,751,8,10,0.039344,19087.85,0.021022,35724.49,0.020929,35883.97,0.023413,32075.98,0.023404,32088.51,0.020171,37232.30,0.028380,26462.40,0.040165,0.006168,0.010237,0.020171,0.076740,0.009071,2,100941,107976,435986,838,0,0,0,1091,0,0,0,372,0,0,0,299,0,0,0,332,0,0,0,30,0,0,0,12257317762232054860,7726203664633620971,7726203664633620971,10457735771589519209,13917920225507544511,6655896327780479411,0,0,0,0,0,0,0,0,0,0,0
904,5,679,8,10,0.038722,17535.45,0.019467,34879.74,0.016880,40224.21,0.018966,35801.76,0.023284,29161.49,0.020487,33143.60,0.032091,21158.34,0.039571,0.006147,0.011384,0.020487,0.077588,0.007817,1,97201,100016,407734,520,0,0,0,817,0,0,0,299,0,0,0,215,0,0,0,289,0,0,0,7,0,0,0,5532234414286534352,5532234414286534352,5532234414286534352,5952700477721318804,3327076045205949791,11807756632683539717,0,0,0,0,0,0,0,0,0,0,0
905,5,804,8,10,0.033856,23747.81,0.018097,44426.38,0.016958,47411.86,0.018543,43358.97,0.020619,38992.41,0.018514,43425.59,0.025008,32150.14,0.034346,0.005920,0.011319,0.018514,0.070100,0.009033,1,91472,107892,327268,533,0,0,0,850,0,0,0,344,0,0,0,388,0,0,0,318,0,0,0,7,0,0,0,5226870220979883660,15451825927744302696,15451825927744302696,7724299381768662353,12616362761672848211,18416192373310011576,0,0,0,0,0,0,0,0,0,0,0
906,5,755,8,10,0.037676,20039.21,0.022187,34028.59,0.021537,35056.66,0.022429,33661.88,0.025437,29681.02,0.019935,37873.87,0.028181,26791.00,0.038404,0.006126,0.006723,0.019935,0.071187,0.008959,4,96058,101463,330626,752,0,0,0,1047,0,0,0,459,0,0,0,340,0,0,0,352,0,0,0,16,0,0,0,15472995178816399830,8179886499235145210,8179886499235145210,11269785651559091793,12492776246747516136,5483147416696742159,0,0,0,0,0,0,0,0,0,0,0
907,5,670,8,10,0.039406,17002.48,0.018579,36062.67,0.020916,32033.16,0.021147,31683.35,0.022255,30106.03,0.021541,31103.30,0.030068,22282.63,0.040006,0.006023,0.007671,0.021541,0.075241,0.007964,3,96246,100196,421153,517,0,0,0,710,0,0,0,421,0,0,0,332,0,0,0,324,0,0,0,11,0,0,0,9850265805925604369,9850265805925604369,9850265805925604369,4610086002455413158,9042059126562069447,4610086002455413158,0,0,0,0,0,0,0,0,0,0,0
908,5,647,8,10,0.035843,18051.02,0.018239,35472.94,0.015637,41376.54,0.017847,36252.30,0.019567,33065.18,0.018321,35314.44,0.026816,24127.39,0.036712,0.005289,0.006703,0.018321,0.067025,0.006937,3,83378,85998,318824,443,0,0,0,681,0,0,0,394,0,0,0,270,0,0,0,283,0,0,0,7,0,0,0,11448132236196703477,4523496021009114821,4523496021009114821,1327215409362046485,10322174339673051815,18417288085970239974,0,0,0,0,0,0,0,0,0,0,0
909,5,690,8,10,0.034455,20025.92,0.017014,40554.28,0.015849,43536.06,0.017971,38395.06,0.019752,34933.37,0.017219,40071.50,0.022147,31155.78,0.035143,0.005853,0.010809,0.017219,0.069025,0.007574,1,90435,92995,530657,565,0,0,0,762,0,0,0,496,0,0,0,317,0,0,0,332,0,0,0,10,0,0,0,14768769832915513179,5427496216009373495,5427496216009373495,12828014458378064975,15907528143908588443,5364721886984916852,0,0,0,0,0,0,0,0,0,0,0
910,5,791,8,10,0.042513,18606.28,0.025368,31180.40,0.025322,31237.85,0.027984,28266.06,0.027756,28498.66,0.024271,32590.01,0.033874,23350.95,0.043621,0.006936,0.008411,0.024271,0.083239,0.011063,3,120334,133189,322528,1123,0,0,0,1541,0,0,0,601,0,0,0,303,0,0,0,328,0,0,0,14,0,0,0,14772180428094672714,6482083503376646326,6482083503376646326,10215715616656940307,2776555145305826971,14453124901383559544,0,0,0,0,0,0,0,0,0,0,0
911,5,708,8,10,0.038688,18300.16,0.020923,33837.56,0.019843,35680.67,0.023528,30091.46,0.023586,30018.29,0.020536,34476.75,0.028964,24443.91,0.039702,0.006872,0.011458,0.020536,0.078568,0.008243,1,98095,102205,448542,580,0,0,0,1061,0,0,0,374,0,0,0,272,0,0,0,333,0,0,0,9,0,0,0,7314929606531828219,7314929606531828219,7314929606531828219,1761797242682413400,5677976125379462553,11638765032352482429,0,0,0,0,0,0,0,0,0,0,0
912,5,702,8,10,0.035950,19526.93,0.019538,35930.52,0.018365,38223.89,0.020509,34228.65,0.022483,31223.71,0.022425,31304.23,0.026502,26489.00,0.036505,0.005690,0.006076,0.022425,0.070696,0.007770,4,88916,92211,344215,501,0,0,0,771,0,0,0,362,0,0,0,255,0,0,0,265,0,0,0,10,0,0,0,18302326655067789292,14593301987644426842,14593301987644426842,2150390177280084829,14347687284549938442,1785701301746666234,0,0,0,0,0,0,0,0,0,0,0
913,5,766,8,10,0.044839,17083.53,0.023840,32131.52,0.018634,41107.17,0.026141,29302.28,0.027602,27751.93,0.025597,29925.81,0.031326,24452.34,0.045670,0.006384,0.006831,0.025597,0.084481,0.009589,4,101918,106318,351393,499,0,0,0,810,0,0,0,408,0,0,0,325,0,0,0,293,0,0,0,6,0,0,0,119285016599738613,119285016599738613,119285016599738613,3250760783900788302,12695135683007634528,7437928972262523532,0,0,0,0,0,0,0,0,0,0,0
914,5,560,8,10,0.029054,19274.64,0.016630,33673.68,0.015567,35974.51,0.017988,31132.58,0.019890,28154.48,0.019795,28290.49,0.022717,24651.38,0.029338,0.004645,0.004368,0.019795,0.058146,0.006068,5,74888,77793,388981,463,0,0,0,780,0,0,0,314,0,0,0,221,0,0,0,230,0,0,0,6,0,0,0,10594283232941963975,10594283232941963975,10594283232941963975,8402595433053755478,17224893009386759169,8402595433053755478,0,0,0,0,0,0,0,0,0,0,0
915,5,850,8,10,0.042114,20183.27,0.022937,37058.19,0.021949,38725.80,0.024356,34898.33,0.027074,31395.45,0.024948,34071.16,0.030182,28162.27,0.043289,0.007146,0.011110,0.024948,0.086492,0.012383,2,108716,114016,401938,800,0,0,0,1104,0,0,0,456,0,0,0,371,0,0,0,361,0,0,0,28,0,0,0,4756956229248153330,13301613546112082350,13301613546112082350,16889710297770504538,2148523199428186210,15323777043133827422,0,0,0,0,0,0,0,0,0,0,0
916,5,976,8,10,0.043048,22672.41,0.022626,43136.34,0.021169,46105.32,0.024174,40373.54,0.025054,38955.82,0.024532,39785.24,0.046812,20849.17,0.044088,0.008000,0.012405,0.024532,0.089024,0.014744,2,129762,185202,464020,1376,0,0,0,1759,0,0,0,415,0,0,0,404,0,0,0,453,0,0,0,246,0,0,0,10244217961668985985,10244217961668985985,10244217961668985985,2911302625940128900,127919537538542353,5881000296292587130,0,0,0,0,0,0,0,0,0,0,0
917,5,1154,8,10,0.036547,31575.59,0.022309,51728.04,0.020321,56788.51,0.020131,57324.02,0.023185,49774.24,0.022755,50714.48,0.059417,19422.14,0.038059,0.009404,0.009228,0.022755,0.079447,0.017459,4,148715,358175,338689,2814,0,0,0,3120,0,0,0,209,0,0,0,156,0,0,0,234,0,0,0,47,0,0,0,2464783849459583760,7857622743273183339,7857622743273183339,8684874217888855717,4064173079761486471,246348008553327540,0,0,0,0,0,0,0,0,0,0,0
918,5,587,8,10,0.024298,24158.60,0.012470,47071.51,0.012088,48561.06,0.013906,42212.26,0.015497,37878.94,0.013718,42791.15,0.018429,31851.31,0.024901,0.004020,0.004407,0.013718,0.047046,0.005085,4,66695,68480,199071,306,0,0,0,529,0,0,0,271,0,0,0,175,0,0,0,166,0,0,0,10,0,0,0,12674090006040949081,12674090006040949081,12674090006040949081,15858481834831143274,9301105042527524688,11040730354512127039,0,0,0,0,0,0,0,0,0,0,0
919,5,708,8,10,0.037260,19001.71,0.022802,31050.35,0.017478,40507.43,0.014435,49046.44,0.022836,31003.72,0.013444,52664.45,0.024512,28884.10,0.038059,0.005491,0.010076,0.013444,0.067070,0.007035,1,81205,83915,237999,357,0,0,0,670,0,0,0,482,0,0,0,303,0,0,0,425,0,0,0,5,0,0,0,16134564636048766283,16134564636048766283,16134564636048766283,8011558949773506486,7558282583910097073,8731908415181695342,0,0,0,0,0,0,0,0,0,0,0
920,5,820,8,10,0.031543,25995.87,0.015894,51593.39,0.014189,57790.24,0.015854,51721.94,0.017264,47497.50,0.015400,53247.45,0.021570,38015.37,0.031257,0.006146,0.011658,0.015400,0.064462,0.011336,1,90142,104132,470524,425,0,0,0,669,0,0,0,418,0,0,0,308,0,0,0,431,0,0,0,3,0,0,0,9235560135080672969,13048673744871765247,13048673744871765247,16999216605405056599,16561776327197876567,12156743951894173272,0,0,0,0,0,0,0,0,0,0,0
921,5,957,8,10,0.035084,27277.60,0.014468,66146.72,0.011663,82056.67,0.015125,63273.37,0.017297,55327.64,0.014144,67658.90,0.025997,36811.49,0.035958,0.006148,0.011717,0.014144,0.067966,0.012080,1,94176,102421,490206,430,0,0,0,565,0,0,0,282,0,0,0,175,0,0,0,286,0,0,0,2,0,0,0,7478269696628344443,7478269696628344443,7478269696628344443,16480395423092286019,12921914580065167438,10025190976348893262,0,0,0,0,0,0,0,0,0,0,0
922,5,809,8,10,0.048190,16787.56,0.018345,44100.32,0.013456,60123.74,0.024594,32894.33,0.026262,30804.55,0.025700,31478.24,0.035863,22557.77,0.048724,0.006399,0.010474,0.025700,0.091297,0.011550,2,100785,107915,676626,286,0,0,0,435,0,0,0,284,0,0,0,167,0,0,0,237,0,0,0,9,0,0,0,5429518709583538983,5429518709583538983,5429518709583538983,14069676895918178928,13739481301849993358,16834978207198453638,0,0,0,0,0,0,0,0,0,0,0
923,5,846,8,10,0.041345,20461.87,0.016985,49809.30,0.014683,57619.34,0.016700,50660.19,0.020057,42179.94,0.016243,52085.18,0.031588,26782.29,0.042357,0.006707,0.011877,0.016243,0.077183,0.010651,1,104975,122430,376337,906,0,0,0,1056,0,0,0,591,0,0,0,246,0,0,0,298,0,0,0,7,0,0,0,5986650604971718662,16372438660519610713,16372438660519610713,12538438400372284919,7191207255663630264,1367802626431633851,0,0,0,0,0,0,0,0,0,0,0
924,5,687,8,10,0.033696,20388.33,0.014495,47396.28,0.013122,52356.33,0.016344,42034.24,0.018626,36884.51,0.018287,37567.64,0.022087,31104.23,0.034154,0.005538,0.005069,0.018287,0.063048,0.007600,5,87214,90314,277006,391,0,0,0,621,0,0,0,431,0,0,0,251,0,0,0,210,0,0,0,2,0,0,0,7492240933757950205,781175357870769372,781175357870769372,10546468265450067280,8483567219802487326,2212681675314274729,0,0,0,0,0,0,0,0,0,0,0
925,5,683,8,10,0.034564,19760.43,0.016815,40618.23,0.015810,43201.66,0.019504,35017.62,0.019529,34974.08,0.017675,38641.46,0.022311,30612.24,0.035136,0.005625,0.006224,0.017675,0.064660,0.007638,4,90350,92565,437108,446,0,0,0,766,0,0,0,435,0,0,0,249,0,0,0,257,0,0,0,4,0,0,0,15801838913363810582,269213147824135537,269213147824135537,16078079366677474446,12928704569340629777,16186801450801306952,0,0,0,0,0,0,0,0,0,0,0
926,5,682,8,10,0.080705,8450.58,0.046403,14697.43,0.042194,16163.61,0.074506,9153.61,0.082887,8228.08,0.029392,23203.35,0.069431,9822.73,0.082288,0.006913,0.014406,0.029392,0.132999,0.008594,1,114577,117647,379893,424,0,0,0,659,0,0,0,494,0,0,0,296,0,0,0,282,0,0,0,6,0,0,0,7008438620080599377,7008438620080599377,7008438620080599377,12763698836368002889,4583017413085271667,12763698836368002889,0,0,0,0,0,0,0,0,0,0,0
927,5,805,8,10,0.042045,19146.16,0.017536,45905.91,0.015609,51572.97,0.020035,40179.13,0.022839,35246.32,0.022663,35520.23,0.026546,30325.20,0.042759,0.006923,0.006102,0.022663,0.078447,0.012019,5,105349,108704,401550,438,0,0,0,635,0,0,0,299,0,0,0,258,0,0,0,293,0,0,0,16,0,0,0,14542170064261154980,7583015633856741414,7583015633856741414,8150252145620241228,4014322838615043734,11226153781773911758,0,0,0,0,0,0,0,0,0,0,0
928,5,701,8,10,0.032476,21585.18,0.015191,46146.73,0.013576,51634.50,0.015256,45949.20,0.017356,40388.52,0.015420,45459.94,0.019494,35960.08,0.033107,0.005498,0.010510,0.015420,0.064535,0.007737,1,84984,86919,306203,398,0,0,0,717,0,0,0,419,0,0,0,350,0,0,0,431,0,0,0,7,0,0,0,1840595060294614306,5054025048484925143,5054025048484925143,5277790295785450789,17934609602638748509,10580610857817104593,0,0,0,0,0,0,0,0,0,0,0
929,5,664,8,10,0.035741,18578.04,0.018147,36590.51,0.015761,42128.21,0.016084,41282.46,0.021391,31040.85,0.017200,38604.19,0.025957,25580.29,0.036510,0.005926,0.007580,0.017200,0.067216,0.007526,3,90421,92186,544043,306,0,0,0,567,0,0,0,360,0,0,0,178,0,0,0,232,0,0,0,6,0,0,0,13186795738728488698,16745062867084262124,16745062867084262124,7754606089842647987,2973152270288970627,9640807390359301005,0,0,0,0,0,0,0,0,0,0,0
930,5,698,8,10,0.050430,13840.91,0.022911,30466.10,0.016432,42477.22,0.027394,25479.86,0.028712,24310.43,0.047019,14845.17,0.036733,19002.08,0.051411,0.006139,0.012146,0.047019,0.116715,0.008619,1,103317,106007,525927,384,0,0,0,615,0,0,0,397,0,0,0,275,0,0,0,453,0,0,0,4,0,0,0,15761976749859814907,15761976749859814907,15761976749859814907,3825297156908969030,13277848776389703738,9032940578752522429,0,0,0,0,0,0,0,0,0,0,0
931,5,709,8,10,0.035531,19954.49,0.018020,39344.50,0.016555,42826.12,0.018532,38257.26,0.019534,36295.64,0.018613,38092.41,0.022228,31897.28,0.036521,0.005855,0.007109,0.018613,0.068098,0.007832,3,93411,96656,354845,432,0,0,0,819,0,0,0,410,0,0,0,306,0,0,0,307,0,0,0,3,0,0,0,14924760057973886264,3569711435540078876,3569711435540078876,356383318983875343,5597909579637393848,16317698028574557655,0,0,0,0,0,0,0,0,0,0,0
932,5,725,8,10,0.038894,18640.52,0.017804,40720.99,0.016776,43217.37,0.019404,37363.19,0.021827,33215.20,0.018713,38742.78,0.024585,29489.26,0.039641,0.006019,0.010954,0.018713,0.075328,0.008035,1,97545,101810,485507,464,0,0,0,811,0,0,0,426,0,0,0,415,0,0,0,431,0,0,0,4,0,0,0,6092251515995813699,6092251515995813699,6092251515995813699,383444828075971727,2485892921040252713,472250456301367083,0,0,0,0,0,0,0,0,0,0,0
933,5,1109,8,10,0.047332,23430.24,0.016944,65452.40,0.016633,66676.07,0.018694,59324.65,0.019831,55923.01,0.017492,63398.86,0.027288,40641.06,0.048826,0.007981,0.013332,0.017492,0.087631,0.015771,2,150518,159193,396740,587,0,0,0,924,0,0,0,749,0,0,0,402,0,0,0,571,0,0,0,44,0,0,0,11253481573890490639,16578374541829787517,16578374541829787517,10556998362940858779,2266528227200302436,9192261466524913633,0,0,0,0,0,0,0,0,0,0,0
934,5,708,8,10,0.031213,22683.04,0.014861,47641.04,0.014026,50479.08,0.015852,44662.81,0.017074,41465.99,0.016808,42123.46,0.019638,36051.78,0.031954,0.005760,0.010981,0.016808,0.065504,0.008639,1,93345,96555,289847,482,0,0,0,647,0,0,0,403,0,0,0,266,0,0,0,335,0,0,0,5,0,0,0,16087426152988264755,8430557704688724904,8430557704688724904,992436896596419083,12994236369849405224,6368574742601700287,0,0,0,0,0,0,0,0,0,0,0
935,5,597,8,10,0.028761,20757.24,0.017549,34018.72,0.016116,37043.68,0.016638,35882.29,0.019939,29940.61,0.019911,29984.16,0.022681,26321.59,0.029399,0.004871,0.008345,0.019911,0.062526,0.007159,2,78757,83587,373211,489,0,0,0,881,0,0,0,416,0,0,0,232,0,0,0,311,0,0,0,3,0,0,0,3025002797367910174,3025002797367910174,3025002797367910174,9308982051546154978,11677831647759912324,15561759081548666453,0,0,0,0,0,0,0,0,0,0,0
936,5,648,8,10,0.029977,21616.68,0.015391,42103.09,0.015250,42491.05,0.015696,41283.26,0.017468,37097.19,0.016967,38192.56,0.021675,29896.75,0.030818,0.005504,0.010382,0.016967,0.063671,0.006583,1,88745,91270,244346,383,0,0,0,801,0,0,0,446,0,0,0,192,0,0,0,427,0,0,0,6,0,0,0,17130222264491517328,10936152213054084576,10936152213054084576,2946605092993573695,1759905267208521238,16399998849439937918,0,0,0,0,0,0,0,0,0,0,0
937,5,711,8,10,0.035257,20166.44,0.017002,41818.54,0.015723,45219.25,0.014167,50188.70,0.016390,43381.31,0.015124,47010.18,0.021266,33434.19,0.035797,0.005438,0.010379,0.015124,0.066739,0.008688,1,85998,88373,556105,436,0,0,0,839,0,0,0,374,0,0,0,283,0,0,0,379,0,0,0,7,0,0,0,2742619259521826273,4894597898065961923,4894597898065961923,17714276142088227549,9511686779861519316,11477302187486747958,0,0,0,0,0,0,0,0,0,0,0
938,5,632,8,10,0.042754,14782.41,0.022671,27876.90,0.017766,35572.79,0.020386,31001.89,0.022438,28166.99,0.021667,29168.60,0.030668,20607.99,0.043463,0.005526,0.005889,0.021667,0.076545,0.006730,4,85277,88347,1014286,490,0,0,0,623,0,0,0,283,0,0,0,240,0,0,0,210,0,0,0,8,0,0,0,5619528461807164557,2134955452989162977,2134955452989162977,4033558604439445788,15806311864512943940,9984774867809719512,0,0,0,0,0,0,0,0,0,0,0
939,5,658,8,10,0.036720,17919.55,0.016211,40589.04,0.014433,45588.87,0.015725,41845.23,0.017380,37860.11,0.016419,40076.67,0.024599,26749.38,0.037302,0.005256,0.004735,0.016419,0.063711,0.006667,5,75189,77619,1136279,369,0,0,0,443,0,0,0,295,0,0,0,182,0,0,0,187,0,0,0,5,0,0,0,5881537324098661566,8918804322151239212,8918804322151239212,17069139955653423117,11872901725414412439,168273966635789105,0,0,0,0,0,0,0,0,0,0,0
940,5,691,8,10,0.049904,13846.64,0.026901,25687.11,0.022379,30876.86,0.025332,27278.25,0.026739,25842.34,0.025065,27568.15,0.037349,18501.14,0.050885,0.005675,0.006446,0.025065,0.088071,0.007490,4,89749,93119,888490,458,0,0,0,791,0,0,0,289,0,0,0,215,0,0,0,185,0,0,0,7,0,0,0,3290064339459780484,17632722371054899882,17632722371054899882,11835264109024358425,10123625316904351362,11835264109024358425,0,0,0,0,0,0,0,0,0,0,0
941,5,651,8,10,0.027554,23626.28,0.014047,46343.21,0.012931,50342.89,0.014206,45827.04,0.014923,43623.82,0.013140,49543.81,0.020939,31090.63,0.028063,0.004752,0.006013,0.013140,0.051969,0.007298,3,76922,83312,274960,423,0,0,0,626,0,0,0,430,0,0,0,239,0,0,0,247,0,0,0,13,0,0,0,7328517067796145022,9284599945077514064,9284599945077514064,1204896872554006083,12976845900855206734,2890818381149830506,0,0,0,0,0,0,0,0,0,0,0
942,5,962,8,10,0.043291,22221.90,0.022820,42155.55,0.022282,43174.18,0.023737,40527.75,0.026645,36104.67,0.024915,38611.49,0.038574,24938.91,0.044273,0.007844,0.012955,0.024915,0.089987,0.015553,2,131719,150154,540076,888,0,0,0,1149,0,0,0,325,0,0,0,236,0,0,0,369,0,0,0,82,0,0,0,12299888855766558008,17162453856394648019,17162453856394648019,12748637725546396343,4996315039198578038,3186517092113162921,0,0,0,0,0,0,0,0,0,0,0
943,5,743,8,10,0.030375,24460.84,0.015696,47336.36,0.013664,54378.15,0.016264,45682.85,0.017341,42845.97,0.015457,48070.36,0.022142,33555.86,0.030981,0.005472,0.006105,0.015457,0.058014,0.007954,4,83324,90649,317610,368,0,0,0,721,0,0,0,332,0,0,0,200,0,0,0,210,0,0,0,2,0,0,0,7276755066216285585,2414866773436770526,2414866773436770526,11427800957388827980,11775371670588102382,7127713727596452231,0,0,0,0,0,0,0,0,0,0,0
944,5,760,8,10,0.035912,21163.04,0.017963,42308.86,0.017055,44561.19,0.020165,37689.45,0.022264,34135.95,0.019053,39888.79,0.028701,26479.51,0.036597,0.006259,0.006632,0.019053,0.068540,0.008350,4,96381,103616,362791,450,0,0,0,702,0,0,0,324,0,0,0,268,0,0,0,215,0,0,0,11,0,0,0,1158702399855148339,13839024593825934118,13839024593825934118,8181190898291622649,15286277161643449937,3134616786594467733,0,0,0,0,0,0,0,0,0,0,0
945,5,664,8,10,0.031302,21212.88,0.016354,40602.06,0.015127,43894.47,0.017341,38289.95,0.019204,34575.27,0.017313,38351.88,0.022395,29650.05,0.031793,0.005659,0.010591,0.017313,0.065356,0.007157,1,91199,98014,383888,361,0,0,0,575,0,0,0,365,0,0,0,242,0,0,0,303,0,0,0,4,0,0,0,4369008432432995013,1393690396560892280,1393690396560892280,16958393313104885959,4993139491847598837,14904089332346469648,0,0,0,0,0,0,0,0,0,0,0
946,5,695,8,10,0.037261,18652.41,0.019124,36341.22,0.017792,39062.08,0.019547,35556.20,0.021479,32357.23,0.017610,39465.17,0.026108,26620.42,0.037947,0.006702,0.007779,0.017610,0.070038,0.008674,3,97752,100957,391714,536,0,0,0,808,0,0,0,379,0,0,0,268,0,0,0,242,0,0,0,9,0,0,0,15190539406448324827,15190539406448324827,15190539406448324827,12680715627242234217,7231049740223446929,617138966520474850,0,0,0,0,0,0,0,0,0,0,0
947,5,705,8,10,0.034039,20711.31,0.018747,37605.43,0.016913,41683.46,0.019400,36339.49,0.020735,34000.65,0.018973,37157.37,0.025639,27497.52,0.034777,0.005779,0.007335,0.018973,0.066865,0.007797,3,92407,97957,439916,418,0,0,0,658,0,0,0,303,0,0,0,221,0,0,0,258,0,0,0,6,0,0,0,1278990774275368,12176351256566193998,12176351256566193998,18200598089771134408,12730964301456257560,18200598089771134408,0,0,0,0,0,0,0,0,0,0,0
948,5,613,8,10,0.033296,18410.71,0.016143,37973.84,0.015063,40695.13,0.017851,34340.13,0.018339,33426.64,0.017960,34131.23,0.021297,28783.19,0.034064,0.005648,0.006992,0.017960,0.064664,0.006467,3,87295,89460,419995,383,0,0,0,725,0,0,0,379,0,0,0,228,0,0,0,296,0,0,0,3,0,0,0,10349712737854028245,13717325375302559273,13717325375302559273,6027641919154919767,3786552827294610794,5442268728001137956,0,0,0,0,0,0,0,0,0,0,0
949,5,651,8,10,0.031821,20458.26,0.018157,35854.13,0.016956,38392.42,0.017626,36934.84,0.019307,33718.01,0.017187,37878.06,0.019950,32631.81,0.032690,0.005748,0.009180,0.017187,0.064805,0.007003,2,86863,89098,419387,476,0,0,0,751,0,0,0,374,0,0,0,256,0,0,0,255,0,0,0,5,0,0,0,18384368302173945660,13037179253876818536,13037179253876818536,501615814543084120,7968507815327951589,10544576721084652047,0,0,0,0,0,0,0,0,0,0,0
950,5,848,8,10,0.048105,17628.17,0.028657,29591.18,0.014610,58044.07,0.028656,29592.69,0.030666,27653.08,0.025699,32997.70,0.040951,20707.74,0.048767,0.005781,0.007908,0.025699,0.088154,0.010735,3,90929,123379,901332,405,0,0,0,499,0,0,0,352,0,0,0,172,0,0,0,182,0,0,0,3,0,0,0,11336496449845279685,8458418498068110683,8458418498068110683,15030768027186325333,11037621096016361362,1758255315440986331,0,0,0,0,0,0,0,0,0,0,0
951,5,781,8,10,0.029365,26596.05,0.013532,57715.01,0.012460,62681.08,0.015267,51154.60,0.017073,45744.96,0.017147,45548.10,0.023799,32816.78,0.029955,0.006117,0.005569,0.017147,0.058788,0.008973,5,87712,101132,407060,480,0,0,0,703,0,0,0,191,0,0,0,156,0,0,0,147,0,0,0,2,0,0,0,15502053712893407510,15502053712893407510,15502053712893407510,15900451592179523978,3771263681059650087,15900451592179523978,0,0,0,0,0,0,0,0,0,0,0
952,5,762,8,10,0.037596,20268.03,0.018796,40539.53,0.012647,60252.80,0.014148,53857.49,0.020543,37092.80,0.020442,37277.05,0.024701,30849.15,0.039693,0.004189,0.005048,0.020442,0.069371,0.008367,5,88176,89966,360330,414,0,0,0,517,0,0,0,283,0,0,0,309,0,0,0,292,0,0,0,34,0,0,0,2836597235367409467,2836597235367409467,2836597235367409467,10291922598745798639,926703403631572728,13341666245409644807,0,0,0,0,0,0,0,0,0,0,0
953,5,706,8,10,0.036357,19418.69,0.015966,44218.36,0.012736,55433.54,0.017451,40457.09,0.019535,36139.62,0.019216,36739.32,0.024089,29308.31,0.036749,0.006075,0.005506,0.019216,0.067547,0.009871,5,92133,95263,365831,429,0,0,0,576,0,0,0,496,0,0,0,306,0,0,0,265,0,0,0,12,0,0,0,16989787596440767970,16989787596440767970,16989787596440767970,18403634846925321871,15478153264238099923,10557795123525767465,0,0,0,0,0,0,0,0,0,0,0
954,5,684,8,10,0.032730,20898.57,0.017698,38648.44,0.016519,41407.15,0.019221,35586.30,0.020731,32994.54,0.019025,35952.49,0.023755,28793.49,0.033211,0.005386,0.011472,0.019025,0.069094,0.009106,1,87002,90862,447344,487,0,0,0,628,0,0,0,326,0,0,0,240,0,0,0,250,0,0,0,7,0,0,0,18377829096032816029,10939534391705261618,10939534391705261618,17126032232818941952,12404067396844596692,3640432458583517905,0,0,0,0,0,0,0,0,0,0,0
955,5,618,8,10,0.031030,19916.20,0.016708,36987.42,0.025629,24113.76,0.017965,34399.72,0.018863,32762.35,0.017386,35545.20,0.022295,27719.33,0.031527,0.004911,0.007997,0.017386,0.061822,0.006234,2,78125,80275,315028,428,0,0,0,655,0,0,0,281,0,0,0,249,0,0,0,292,0,0,0,17,0,0,0,8182709503621462585,2308670019405499899,2308670019405499899,6949330421249262656,9621625034854396117,10477746134831966834,0,0,0,0,0,0,0,0,0,0,0
956,5,724,8,10,0.034102,21230.62,0.016711,43325.92,0.015462,46825.58,0.017839,40586.16,0.019700,36750.89,0.019173,37761.39,0.025469,28426.31,0.035025,0.006685,0.010635,0.019173,0.071518,0.008617,2,102513,106408,307657,402,0,0,0,642,0,0,0,347,0,0,0,222,0,0,0,236,0,0,0,22,0,0,0,13609540425802577816,3402610907239128757,3402610907239128757,5480421204223154509,9609982017503584813,7434585456700202785,0,0,0,0,0,0,0,0,0,0,0
957,5,633,8,10,0.030134,21006.17,0.014415,43912.49,0.013134,48196.32,0.016665,37984.12,0.017567,36032.53,0.015210,41616.51,0.019496,32468.71,0.030717,0.005324,0.010398,0.015210,0.061649,0.006698,1,84522,86227,382551,341,0,0,0,581,0,0,0,450,0,0,0,239,0,0,0,365,0,0,0,18,0,0,0,3598421784697042523,5645839858150401874,5645839858150401874,13832983501380141148,5501723174430960500,10882397345564778971,0,0,0,0,0,0,0,0,0,0,0
958,5,760,8,10,0.034472,22046.65,0.018346,41425.85,0.016716,45465.38,0.019272,39434.46,0.021172,35897.12,0.019475,39024.86,0.025468,29841.24,0.035213,0.005867,0.008286,0.019475,0.068841,0.010847,3,93644,100209,352930,412,0,0,0,639,0,0,0,277,0,0,0,226,0,0,0,259,0,0,0,16,0,0,0,15175432532854875195,13571686111648070240,13571686111648070240,10876182252634327788,3268736101578582153,6185531772883739254,0,0,0,0,0,0,0,0,0,0,0
959,5,766,8,10,0.032218,23775.62,0.012156,63014.99,0.010864,70506.41,0.012612,60737.58,0.014696,52121.96,0.015025,50981.45,0.019340,39606.47,0.032882,0.005944,0.011067,0.015025,0.064918,0.008243,1,91530,94220,442832,293,0,0,0,584,0,0,0,366,0,0,0,277,0,0,0,454,0,0,0,27,0,0,0,12258631000035565185,1877898007344528279,1877898007344528279,2223855446200827799,6792531056306745095,12522995578287360809,0,0,0,0,0,0,0,0,0,0,0
960,5,638,8,10,0.026132,24414.83,0.012775,49941.61,0.011103,57461.19,0.012645,50455.53,0.014180,44991.76,0.010802,59061.53,0.013601,46908.44,0.026674,0.004563,0.008928,0.010802,0.050966,0.005885,1,73270,74720,354365,248,0,0,0,510,0,0,0,341,0,0,0,265,0,0,0,318,0,0,0,19,0,0,0,8890830790297541283,8890830790297541283,8890830790297541283,2935188986864373888,14764844693527672152,13679709081005932472,0,0,0,0,0,0,0,0,0,0,0
961,5,602,8,10,0.026331,22862.37,0.012642,47618.11,0.011934,50445.74,0.012526,48058.22,0.015128,39792.69,0.013669,44041.79,0.015883,37902.57,0.026752,0.004770,0.005702,0.013669,0.050893,0.007019,4,73329,74754,423115,319,0,0,0,538,0,0,0,353,0,0,0,231,0,0,0,224,0,0,0,6,0,0,0,14498413761508527914,16888345657925886919,16888345657925886919,13198974319363361031,7286594244004756163,13198974319363361031,0,0,0,0,0,0,0,0,0,0,0
962,5,616,8,10,0.030780,20013.14,0.015389,40029.69,0.013892,44343.05,0.018932,32536.94,0.019129,32202.53,0.016416,37523.92,0.020950,29403.99,0.031195,0.005219,0.010237,0.016416,0.063068,0.006278,1,80828,82593,387231,360,0,0,0,512,0,0,0,350,0,0,0,204,0,0,0,246,0,0,0,13,0,0,0,12931664452858304717,13100708828173149236,13100708828173149236,1236583695049536449,9878593279764317976,15310267855460714126,0,0,0,0,0,0,0,0,0,0,0
963,5,716,8,10,0.032045,22343.71,0.018133,39486.67,0.016720,42823.90,0.018540,38619.24,0.019986,35824.60,0.019614,36503.84,0.019773,36211.35,0.032715,0.005912,0.011215,0.019614,0.069456,0.008520,1,93316,96281,306408,410,0,0,0,683,0,0,0,380,0,0,0,283,0,0,0,421,0,0,0,5,0,0,0,7670794275425766461,10786519132717944526,10786519132717944526,7788114517659336210,10481452003506474087,17336836098617791218,0,0,0,0,0,0,0,0,0,0,0
964,5,784,8,10,0.030197,25962.98,0.016573,47305.93,0.015277,51318.11,0.017682,44337.96,0.019876,39444.23,0.017677,44352.49,0.026312,29796.54,0.030878,0.005986,0.006940,0.017677,0.061480,0.009368,3,88549,109049,461869,387,0,0,0,672,0,0,0,290,0,0,0,161,0,0,0,174,0,0,0,2,0,0,0,13269743848211334525,11646182394022932570,11646182394022932570,7014121506499901751,12091135863200495790,8966845864866394620,0,0,0,0,0,0,0,0,0,0,0
965,5,706,8,10,0.037752,18701.12,0.021400,32989.98,0.013886,50842.32,0.015584,45301.61,0.023911,29525.76,0.017679,39934.85,0.028038,25180.45,0.038397,0.005729,0.007601,0.017679,0.069405,0.009465,3,81462,87357,387241,411,0,0,0,644,0,0,0,384,0,0,0,301,0,0,0,342,0,0,0,3,0,0,0,6066156343701476020,3740829756405874846,3740829756405874846,9551161802056767408,5481870864858096120,9546015368058410953,0,0,0,0,0,0,0,0,0,0,0
966,5,710,8,10,0.036896,19243.27,0.019403,36592.56,0.013883,51139.98,0.023000,30869.33,0.024683,28764.34,0.024157,29390.84,0.027641,25686.78,0.037430,0.005535,0.010331,0.024157,0.077453,0.007478,1,82934,85304,343416,348,0,0,0,566,0,0,0,300,0,0,0,225,0,0,0,351,0,0,0,6,0,0,0,14495109726008685175,14495109726008685175,14495109726008685175,8618603079321211744,12706269182743041436,7340952142440121178,0,0,0,0,0,0,0,0,0,0,0
967,5,601,8,10,0.026924,22322.09,0.011940,50333.01,0.011799,50935.24,0.012930,46480.24,0.014336,41923.08,0.012979,46304.49,0.017116,35114.12,0.027328,0.004674,0.007675,0.012979,0.052656,0.005564,2,68365,69570,497941,223,0,0,0,454,0,0,0,240,0,0,0,166,0,0,0,156,0,0,0,2,0,0,0,12360634877677484316,10215749176457269017,10215749176457269017,502909624896931229,13764425375497288326,10051870847122870054,0,0,0,0,0,0,0,0,0,0,0
968,5,616,8,10,0.034619,17793.47,0.016641,37017.60,0.015456,39856.24,0.017838,34533.23,0.018592,33131.66,0.014833,41529.80,0.024002,25664.52,0.035134,0.005273,0.010404,0.014833,0.065643,0.005914,1,84424,86149,394512,296,0,0,0,577,0,0,0,339,0,0,0,249,0,0,0,291,0,0,0,5,0,0,0,15792361460739588845,15792361460739588845,15792361460739588845,3311989999726161882,6584766309841432267,3583663310232058136,0,0,0,0,0,0,0,0,0,0,0
969,5,709,8,10,0.026793,26462.29,0.011987,59145.83,0.010982,64558.13,0.013690,51788.11,0.014804,47892.99,0.012935,54810.60,0.017193,41238.01,0.027353,0.005245,0.010033,0.012935,0.055567,0.007147,1,76769,79634,355264,256,0,0,0,430,0,0,0,267,0,0,0,136,0,0,0,223,0,0,0,4,0,0,0,1954897966078328705,1954897966078328705,1954897966078328705,9612419936274924501,12417120104645891569,7128165926360066477,0,0,0,0,0,0,0,0,0,0,0
970,5,592,8,10,0.028740,20598.33,0.013655,43353.69,0.012415,47685.85,0.014066,42086.88,0.015011,39437.02,0.014343,41274.06,0.018188,32548.44,0.029208,0.004837,0.004669,0.014343,0.053057,0.005907,5,75341,76761,464785,332,0,0,0,528,0,0,0,319,0,0,0,183,0,0,0,198,0,0,0,5,0,0,0,1276060516308963354,1340905768939325384,1340905768939325384,5367682862017263692,12928293108253782366,13308898462739674157,0,0,0,0,0,0,0,0,0,0,0
971,5,934,8,10,0.038660,24159.04,0.017809,52445.96,0.016500,56606.66,0.018546,50362.11,0.020326,45951.04,0.017842,52348.56,0.022815,40938.07,0.037718,0.007998,0.014979,0.017842,0.078537,0.013689,1,110623,114618,479220,577,0,0,0,836,0,0,0,515,0,0,0,341,0,0,0,423,0,0,0,4,0,0,0,4756308428429269755,6936872782912471321,6936872782912471321,17155015803772612134,9457574182910948132,17155015803772612134,0,0,0,0,0,0,0,0,0,0,0
972,5,640,8,10,0.026951,23747.04,0.016658,38420.14,0.015153,42235.30,0.015760,40607.87,0.017577,36410.75,0.015334,41737.73,0.018402,34779.36,0.027650,0.005169,0.009486,0.015334,0.057639,0.006568,1,76766,78726,430333,465,0,0,0,645,0,0,0,334,0,0,0,265,0,0,0,345,0,0,0,11,0,0,0,8066494432100722913,16279643069113493395,16279643069113493395,14171915599674175225,10874802323151132788,5425486609465226684,0,0,0,0,0,0,0,0,0,0,0
973,5,683,8,10,0.033683,20277.13,0.015277,44707.98,0.011766,58049.65,0.014201,48095.12,0.017833,38299.57,0.014368,47534.58,0.021977,31077.73,0.034160,0.006776,0.012516,0.014368,0.067820,0.007900,1,109138,111383,299638,324,0,0,0,527,0,0,0,365,0,0,0,224,0,0,0,267,0,0,0,1,0,0,0,6206401867632035210,6206401867632035210,6206401867632035210,13247810699966652769,12271682608939343140,16742037800867730907,0,0,0,0,0,0,0,0,0,0,0
974,5,807,8,10,0.037981,21247.34,0.017670,45669.78,0.013873,58169.93,0.018610,43363.59,0.022790,35410.71,0.020227,39896.74,0.029647,27220.07,0.038576,0.006495,0.009485,0.020227,0.074784,0.011933,2,100045,111190,492313,507,0,0,0,552,0,0,0,277,0,0,0,216,0,0,0,271,0,0,0,7,0,0,0,15477791461548483323,353026382064879701,353026382064879701,1799049498732192669,3939344251812035786,3281101955472760999,0,0,0,0,0,0,0,0,0,0,0
975,5,617,8,10,0.028753,21458.74,0.014036,43957.28,0.012741,48426.82,0.015162,40693.52,0.016172,38151.35,0.015355,40183.33,0.019709,31305.93,0.029303,0.004858,0.009365,0.015355,0.058880,0.006006,1,74920,78335,442915,352,0,0,0,587,0,0,0,263,0,0,0,179,0,0,0,282,0,0,0,6,0,0,0,6798487386660222229,17854823147198414816,17854823147198414816,4440636594180034599,3585877460104397543,2667948554513440655,0,0,0,0,0,0,0,0,0,0,0
976,5,788,8,10,0.036789,21419.70,0.017094,46099.08,0.015711,50156.54,0.018708,42120.94,0.020252,38910.13,0.017889,44049.54,0.024429,32256.83,0.037285,0.006671,0.010321,0.017889,0.072166,0.011329,2,99977,106432,421272,485,0,0,0,686,0,0,0,423,0,0,0,285,0,0,0,256,0,0,0,7,0,0,0,15095172723139170132,16958729634952755639,16958729634952755639,13541414241408969718,13742233653819410048,7192019514482795057,0,0,0,0,0,0,0,0,0,0,0
977,5,689,8,10,0.035739,19278.40,0.018812,36626.10,0.018451,37343.15,0.022729,30313.62,0.023913,28812.53,0.022399,30760.36,0.026515,25984.82,0.036495,0.006062,0.010129,0.022399,0.075085,0.008116,2,95938,101313,365768,689,0,0,0,965,0,0,0,411,0,0,0,293,0,0,0,300,0,0,0,11,0,0,0,9201325838920352785,4259155866145199361,4259155866145199361,6086728526024754522,18314826894020228986,11308873916284231564,0,0,0,0,0,0,0,0,0,0,0
978,5,602,8,10,0.036975,16281.25,0.022028,27328.73,0.016759,35920.59,0.021802,27612.41,0.023629,25477.50,0.022693,26528.10,0.026992,22303.12,0.037614,0.005258,0.010361,0.022693,0.075926,0.007667,1,79805,82215,401576,397,0,0,0,547,0,0,0,291,0,0,0,214,0,0,0,284,0,0,0,5,0,0,0,12761891360430453242,17978998795704539386,17978998795704539386,17084346608082396182,12928226755116591872,5035184869204174393,0,0,0,0,0,0,0,0,0,0,0
979,5,698,8,10,0.033581,20785.83,0.014842,47027.48,0.012603,55381.95,0.016376,42623.44,0.017610,39635.94,0.017429,40049.10,0.020282,34414.09,0.034565,0.005817,0.005294,0.017429,0.063105,0.007959,5,89196,91616,428747,334,0,0,0,509,0,0,0,358,0,0,0,217,0,0,0,215,0,0,0,7,0,0,0,15733623523581815043,16054488474958140311,16054488474958140311,14267019624909604728,15990537746601346583,6401163680666433396,0,0,0,0,0,0,0,0,0,0,0
980,5,889,8,10,0.030504,29143.44,0.015238,58339.37,0.013491,65893.49,0.015256,58271.76,0.017176,51759.52,0.015605,56969.05,0.024402,36431.57,0.031246,0.006631,0.012003,0.015605,0.065485,0.011785,1,100425,129310,489192,556,0,0,0,717,0,0,0,296,0,0,0,206,0,0,0,240,0,0,0,1,0,0,0,5226585794732528451,15680499417117104976,15680499417117104976,6621046727329824018,4010370049972852072,5071608127756728204,0,0,0,0,0,0,0,0,0,0,0
981,5,733,8,10,0.032018,22893.57,0.015767,46490.64,0.014715,49812.69,0.018241,40183.74,0.020029,36596.47,0.019572,37451.91,0.022780,32178.05,0.032768,0.005550,0.008810,0.019572,0.066699,0.008782,2,84434,87744,451923,324,0,0,0,540,0,0,0,339,0,0,0,192,0,0,0,232,0,0,0,3,0,0,0,13175710334105999916,13910027737119789637,13910027737119789637,903567300887736535,9333259209083718100,17041301415046049468,0,0,0,0,0,0,0,0,0,0,0
982,5,714,8,10,0.033626,21233.74,0.014542,49099.15,0.012776,55884.99,0.017146,41642.38,0.017957,39761.59,0.017287,41301.82,0.024374,29293.81,0.034093,0.005293,0.006173,0.017287,0.062846,0.007923,4,84518,90268,500113,358,0,0,0,499,0,0,0,386,0,0,0,273,0,0,0,257,0,0,0,2,0,0,0,3104509380059376429,9804643119124134399,9804643119124134399,15364112074595165951,6506350687425174711,18316907763661346478,0,0,0,0,0,0,0,0,0,0,0
983,5,654,8,10,0.029032,22526.65,0.012506,52293.13,0.009683,67540.30,0.011089,58976.38,0.013744,47584.60,0.011594,56410.89,0.020202,32373.31,0.029734,0.006158,0.011001,0.011594,0.058487,0.007185,1,96801,104056,468344,216,0,0,0,361,0,0,0,245,0,0,0,165,0,0,0,245,0,0,0,0,0,0,0,13189110451834732193,13189110451834732193,13189110451834732193,6900341117984033266,16178757115462479970,14715177102348480937,0,0,0,0,0,0,0,0,0,0,0
984,5,681,8,10,0.031888,21356.21,0.014025,48556.34,0.013995,48661.63,0.016113,42265.01,0.016814,40501.30,0.016641,40923.68,0.021144,32207.14,0.032335,0.005145,0.005976,0.016641,0.060096,0.007321,4,81277,84397,465758,335,0,0,0,549,0,0,0,238,0,0,0,193,0,0,0,171,0,0,0,2,0,0,0,12986195155429188190,9891162386565233055,9891162386565233055,13205216748932810812,246705279412009825,352295239692864331,0,0,0,0,0,0,0,0,0,0,0
985,5,620,8,10,0.053728,11539.55,0.036700,16893.65,0.031271,19826.47,0.031502,19681.59,0.038247,16210.51,0.036070,17188.77,0.042786,14490.73,0.053655,0.004955,0.009871,0.036070,0.104552,0.006230,1,78249,79764,497535,374,0,0,0,630,0,0,0,424,0,0,0,238,0,0,0,267,0,0,0,11,0,0,0,11657402407465117634,7119327305045995350,7119327305045995350,11811504057524063644,13027397223558819651,14627409609475982062,0,0,0,0,0,0,0,0,0,0,0
986,5,649,8,10,0.032212,20147.75,0.017623,36826.86,0.014712,44115.01,0.015720,41284.75,0.017418,37259.94,0.016528,39265.84,0.021594,30055.13,0.032956,0.005657,0.008809,0.016528,0.063951,0.006787,2,90447,92352,356422,448,0,0,0,758,0,0,0,354,0,0,0,213,0,0,0,311,0,0,0,4,0,0,0,8978163299469419996,8978163299469419996,8978163299469419996,6257683272753961565,14785666990137985587,3402326360540742848,0,0,0,0,0,0,0,0,0,0,0
987,5,859,8,10,0.031597,27186.38,0.014627,58727.11,0.013776,62354.17,0.015645,54906.16,0.016709,51408.77,0.014275,60175.55,0.023169,37075.60,0.032254,0.006330,0.011800,0.014275,0.064659,0.010369,1,93661,100341,421842,381,0,0,0,536,0,0,0,347,0,0,0,221,0,0,0,297,0,0,0,4,0,0,0,246581331641732928,3739459708951043070,3739459708951043070,7401153263091807059,13852282617438132024,4041726568122474575,0,0,0,0,0,0,0,0,0,0,0
988,5,821,8,10,0.042327,19396.58,0.015277,53740.82,0.013457,61009.05,0.017471,46992.79,0.019319,42497.94,0.017676,46447.96,0.027626,29718.63,0.043028,0.007565,0.013231,0.017676,0.081499,0.010501,1,126515,132455,615050,328,0,0,0,427,0,0,0,324,0,0,0,198,0,0,0,346,0,0,0,10,0,0,0,10848856649143940667,4306542326954957031,4306542326954957031,1643211258973058553,8731843477631271669,5325008413339849656,0,0,0,0,0,0,0,0,0,0,0
989,5,748,8,10,0.028179,26544.59,0.013113,57044.16,0.011796,63413.80,0.012940,57806.25,0.013417,55749.97,0.011985,62409.79,0.021369,35003.60,0.028746,0.005347,0.010475,0.011985,0.056553,0.008168,1,81189,93254,464196,296,0,0,0,380,0,0,0,299,0,0,0,184,0,0,0,227,0,0,0,2,0,0,0,14651977191710478367,10961780034354142081,10961780034354142081,11808882007492262474,12445449613073691765,7314567587316235593,0,0,0,0,0,0,0,0,0,0,0
990,5,692,8,10,0.026565,26049.04,0.011905,58129.05,0.009811,70532.97,0.012694,54513.80,0.014028,49329.23,0.012594,54944.92,0.022162,31224.46,0.027359,0.005914,0.011116,0.012594,0.056984,0.008261,1,86155,94780,278441,337,0,0,0,437,0,0,0,350,0,0,0,148,0,0,0,186,0,0,0,4,0,0,0,9781160122120550643,11085050660542670956,11085050660542670956,8861273525946268801,15322163120795524043,8861273525946268801,0,0,0,0,0,0,0,0,0,0,0
991,5,822,8,10,0.035570,23109.50,0.016789,48959.74,0.014836,55405.41,0.016301,50425.18,0.018847,43614.81,0.015924,51619.07,0.024505,33543.97,0.036546,0.006833,0.012915,0.015924,0.072218,0.010606,1,107056,113846,585555,413,0,0,0,674,0,0,0,454,0,0,0,273,0,0,0,412,0,0,0,7,0,0,0,803488879428559056,16392652444189825805,16392652444189825805,13491585524430692549,17227237406840457586,9581796628135569397,0,0,0,0,0,0,0,0,0,0,0
992,5,727,8,10,0.038123,19069.70,0.020649,35206.87,0.014954,48614.36,0.024085,30184.56,0.025426,28592.34,0.024028,30255.95,0.030295,23997.68,0.039085,0.006306,0.011011,0.024028,0.080430,0.007983,1,90225,94685,412619,347,0,0,0,518,0,0,0,276,0,0,0,224,0,0,0,211,0,0,0,5,0,0,0,2485302280712601544,17595827345089566816,17595827345089566816,5634662750882951139,1729670294823858008,5472945403596943969,0,0,0,0,0,0,0,0,0,0,0
993,5,811,8,10,0.035675,22733.27,0.016011,50653.14,0.015137,53576.66,0.016491,49176.86,0.018415,44039.73,0.016175,50139.00,0.021096,38443.92,0.036524,0.006078,0.011689,0.016175,0.070466,0.009673,1,91941,94961,495515,389,0,0,0,560,0,0,0,457,0,0,0,311,0,0,0,423,0,0,0,3,0,0,0,11491948191915505674,6769779106119617213,6769779106119617213,10880771194648898062,6973316399414582136,12057784475076149339,0,0,0,0,0,0,0,0,0,0,0
994,5,639,8,10,0.032826,19466.27,0.014781,43232.16,0.013544,47180.86,0.016486,38761.03,0.017124,37316.60,0.015837,40349.06,0.022698,28152.84,0.033367,0.005832,0.010733,0.015837,0.065768,0.006741,1,90773,92338,340937,338,0,0,0,494,0,0,0,326,0,0,0,219,0,0,0,262,0,0,0,5,0,0,0,10947865854254489454,11588825110150759769,11588825110150759769,13783566564611552537,9211140784519842440,14502325689978713273,0,0,0,0,0,0,0,0,0,0,0
995,5,800,8,10,0.039400,20304.76,0.026622,30050.36,0.024790,32271.45,0.025741,31078.88,0.027062,29561.56,0.023873,33510.32,0.030735,26028.96,0.040614,0.006267,0.008953,0.023873,0.079706,0.011756,2,106646,119461,317595,640,0,0,0,922,0,0,0,338,0,0,0,318,0,0,0,304,0,0,0,9,0,0,0,16848909547940141093,6304767188324316644,6304767188324316644,1066998432279965046,5372686721506732486,14112060610722359291,0,0,0,0,0,0,0,0,0,0,0
996,5,640,8,10,0.025592,25008.03,0.013220,48412.98,0.010785,59342.47,0.012146,52690.96,0.013785,46426.76,0.011575,55293.62,0.018227,35113.52,0.026084,0.004862,0.009161,0.011575,0.051682,0.006543,1,74907,79857,444997,415,0,0,0,494,0,0,0,281,0,0,0,185,0,0,0,233,0,0,0,11,0,0,0,5575757370580313213,5575757370580313213,5575757370580313213,16324993222686113969,13531737603368301840,400474319763695278,0,0,0,0,0,0,0,0,0,0,0
997,5,733,8,10,0.032777,22363.09,0.019430,37724.29,0.016071,45609.02,0.017717,41372.34,0.019655,37293.53,0.017132,42784.64,0.021499,34094.20,0.033695,0.005871,0.012216,0.017132,0.068915,0.009440,1,100618,104428,425547,355,0,0,0,475,0,0,0,323,0,0,0,238,0,0,0,329,0,0,0,4,0,0,0,2685583855070863913,2685583855070863913,2685583855070863913,17139173733409223781,11070356771345772476,3065767383365242663,0,0,0,0,0,0,0,0,0,0,0
998,5,706,8,10,0.037991,18583.13,0.022867,30873.60,0.015102,46747.71,0.014931,47282.98,0.023917,29518.86,0.022873,30865.77,0.033146,21299.46,0.038516,0.005075,0.005572,0.022873,0.072037,0.007138,4,75328,91528,551880,336,0,0,0,488,0,0,0,300,0,0,0,176,0,0,0,196,0,0,0,0,0,0,0,5418430443509525744,6535981542517717769,6535981542517717769,10914368908963346332,11669034836334496924,1261890312359008808,0,0,0,0,0,0,0,0,0,0,0
999,5,586,8,10,0.029066,20160.86,0.014123,41493.92,0.011546,50755.35,0.012428,47152.16,0.015549,37687.09,0.012345,47467.99,0.017411,33657.53,0.029786,0.004666,0.009082,0.012345,0.055879,0.006002,1,72655,75225,491407,304,0,0,0,509,0,0,0,350,0,0,0,264,0,0,0,249,0,0,0,4,0,0,0,2159890371614673809,18135316723921174810,18135316723921174810,15072486326455451098,13517901420581649893,15072486326455451098,0,0,0,0,0,0,0,0,0,0,0
