batch_idx,num_blocks,num_txs,threads,merge_cap,seq_time_s,seq_tput,par_time_s,par_tput,concat_time_s,concat_tput,cgraph_time_s,cgraph_tput,graph_time_s,graph_tput,integrated_time_s,integrated_tput,vegeta_time_s,vegeta_tput,phase_pre_execute_s,phase_graph_build_s,phase_integrate_s,phase_execute_s,phase_total_s,vegeta_speculate_s,num_integrated_groups,omakase_graph_bytes,vegeta_sched_bytes,calldata_bytes,par_re_exec,par_validation_aborts,par_cascade_aborts,par_wrote_new_loc,concat_re_exec,concat_validation_aborts,concat_cascade_aborts,concat_wrote_new_loc,cgraph_re_exec,cgraph_validation_aborts,cgraph_cascade_aborts,cgraph_wrote_new_loc,graph_re_exec,graph_validation_aborts,graph_cascade_aborts,graph_wrote_new_loc,integ_re_exec,integ_validation_aborts,integ_cascade_aborts,integ_wrote_new_loc,vegeta_re_exec,vegeta_validation_aborts,vegeta_cascade_aborts,vegeta_wrote_new_loc,digest_seq,digest_par,digest_concat,logical_seq,logical_integ,logical_vegeta,cgraph_cross_block_aborts,cgraph_cross_block_cascade,graph_cross_block_aborts,graph_cross_block_cascade,integ_cross_block_aborts,integ_cross_block_cascade,par_fallbacks,concat_fallbacks,cgraph_fallbacks,graph_fallbacks,integ_fallbacks
0,20,3581,8,10,0.167334,21400.30,0.078823,45430.62,0.072578,49340.31,0.089370,40069.19,0.097559,36706.01,0.088220,40591.59,0.126564,28293.89,0.169091,0.028781,0.063103,0.088220,0.349196,0.049737,4,419843,452253,2019539,2093,0,0,0,3362,0,0,0,1729,0,0,0,940,0,0,0,1119,0,0,0,38,0,0,0,17554680179821975904,480799813751158280,480799813751158280,641202001546944654,12688273350801195948,8904724039637564371,0,0,0,0,0,0,0,0,0,0,0
1,20,3457,8,10,0.315127,10970.18,0.119925,28826.27,0.080555,42914.85,0.099112,34879.84,0.135409,25530.06,0.099053,34900.66,0.173270,19951.47,0.229898,0.031972,0.061236,0.099053,0.422159,0.050197,5,468832,504312,1898021,2382,0,0,0,3283,0,0,0,1619,0,0,0,1006,0,0,0,1306,0,0,0,54,0,0,0,13115029974119982373,6992143374556064064,6992143374556064064,9652185741122260577,14231027933126284018,2344750491864441786,0,0,0,0,0,0,0,0,0,0,0
2,20,3457,8,10,0.153455,22527.78,0.074730,46260.09,0.070626,48947.85,0.081720,42302.77,0.092437,37398.60,0.079987,43219.29,0.119747,28869.11,0.169005,0.023053,0.054435,0.079987,0.326480,0.048551,5,427468,483298,1780166,2775,0,0,0,3894,0,0,0,1589,0,0,0,941,0,0,0,1023,0,0,0,47,0,0,0,12255549477380423524,17347824269425375614,17347824269425375614,17230975503633110027,15820938819386175480,5187625965851066843,0,0,0,0,0,0,0,0,0,0,0
3,20,3344,8,10,0.167957,19909.81,0.077961,42893.38,0.071992,46449.84,0.084274,39680.08,0.093797,35651.49,0.082956,40310.72,0.114672,29161.41,0.171888,0.027386,0.055668,0.082956,0.337898,0.045524,4,421828,447848,1943196,2272,0,0,0,3721,0,0,0,1455,0,0,0,1016,0,0,0,1250,0,0,0,40,0,0,0,10647510117482847531,9643151559139622403,9643151559139622403,1721246989472889240,15747531591362458350,18444476202709340042,0,0,0,0,0,0,0,0,0,0,0
4,20,4233,8,10,0.177850,23800.93,0.092557,45734.02,0.077224,54814.26,0.094919,44595.95,0.111496,37965.61,0.088567,47794.11,0.209690,20186.96,0.182978,0.031004,0.051628,0.088567,0.354178,0.071049,5,450605,1411600,2058184,2563,0,0,0,3839,0,0,0,1645,0,0,0,1017,0,0,0,1195,0,0,0,40,0,0,0,4391353852542060984,12923800895606048518,12923800895606048518,8354617998789030081,7243640793950575312,15025832214897285778,0,0,0,0,0,0,0,0,0,0,0
5,20,3365,8,10,0.162678,20685.04,0.086869,38736.38,0.071636,46973.53,0.087999,38239.26,0.099348,33870.71,0.085894,39176.06,0.120972,27816.34,0.165870,0.026392,0.046497,0.085894,0.324653,0.043012,7,392078,415688,1838065,2174,0,0,0,3570,0,0,0,1878,0,0,0,982,0,0,0,1332,0,0,0,42,0,0,0,12184275449070674345,8846048098463005458,8846048098463005458,17755835961529833940,15457245945039141898,388871303103193138,0,0,0,0,0,0,0,0,0,0,0
6,20,3707,8,10,0.179867,20609.73,0.085597,43307.49,0.077479,47845.09,0.094473,39238.90,0.103834,35701.20,0.087004,42607.00,0.128090,28940.67,0.200407,0.021898,0.064354,0.087004,0.373664,0.060265,4,454438,488193,1808130,2392,0,0,0,3803,0,0,0,1748,0,0,0,1096,0,0,0,1197,0,0,0,49,0,0,0,5951870978562727527,1677888431700693894,1677888431700693894,4309133730144030349,14574078912953234478,16972685285191657257,0,0,0,0,0,0,0,0,0,0,0
7,20,3460,8,10,0.166779,20746.01,0.080157,43165.12,0.068905,50213.98,0.089266,38760.64,0.097281,35567.06,0.116454,29711.37,0.122441,28258.46,0.170364,0.026837,0.056130,0.116454,0.369785,0.054377,3,409395,437370,1738390,2284,0,0,0,3547,0,0,0,1596,0,0,0,1008,0,0,0,859,0,0,0,19,0,0,0,4449137134751985120,10580372433126110944,10580372433126110944,6768876252126085456,7169910725582517635,10726696848524084555,0,0,0,0,0,0,0,0,0,0,1
8,20,3436,8,10,0.194548,17661.43,0.090534,37952.42,0.070526,48719.46,0.085375,40246.11,0.107441,31980.45,0.084859,40490.65,0.144564,23767.97,0.197661,0.027705,0.052854,0.084859,0.363079,0.048041,5,436441,466401,1930403,2063,0,0,0,3321,0,0,0,1619,0,0,0,1065,0,0,0,1175,0,0,0,55,0,0,0,1206229753922581163,15841357949867770487,15841357949867770487,1739032293593949591,17837728723513825936,6721447379207450100,0,0,0,0,0,0,0,0,0,0,0
9,20,3280,8,10,0.163355,20079.02,0.074437,44063.97,0.064011,51241.52,0.078337,41870.54,0.087880,37323.44,0.107737,30444.62,0.118927,27580.00,0.166859,0.026664,0.052885,0.107737,0.354145,0.043372,4,413282,444487,1730612,1966,0,0,0,2983,0,0,0,1518,0,0,0,891,0,0,0,754,0,0,0,23,0,0,0,4114368917043024431,16449314270858123450,16449314270858123450,7350411514777739781,12171745133244066541,5801097663065256578,0,0,0,0,0,0,0,0,0,0,1
10,20,3593,8,10,0.207953,17277.96,0.109684,32757.70,0.081627,44017.32,0.093735,38331.28,0.120138,29907.17,0.084669,42435.92,0.158431,22678.68,0.213076,0.031520,0.058463,0.084669,0.387727,0.053864,4,458839,503899,1821748,2668,0,0,0,3753,0,0,0,1770,0,0,0,1220,0,0,0,1278,0,0,0,27,0,0,0,2087100032741499801,9005287658510520396,9005287658510520396,4728582652714790274,5610811387461677805,10123808591758773903,0,0,0,0,0,0,0,0,0,0,0
11,20,3328,8,10,0.291031,11435.20,0.210610,15801.73,0.160135,20782.42,0.166299,20012.17,0.218031,15263.88,0.193214,17224.44,0.234520,14190.68,0.294725,0.027552,0.051143,0.193214,0.566634,0.043545,4,410822,438957,1710163,2792,0,0,0,2527,0,0,0,2019,0,0,0,1322,0,0,0,1397,0,0,0,33,0,0,0,3526761533511934135,8106669421731761474,8106669421731761474,8435991631074633472,9569852932217449035,2922908254579125512,0,0,0,0,0,0,0,0,0,0,0
12,20,3566,8,10,0.190993,18670.85,0.110256,32343.01,0.091475,38983.21,0.100844,35361.51,0.120405,29616.83,0.108733,32795.82,0.145133,24570.58,0.195573,0.028533,0.045707,0.108733,0.378547,0.049160,10,428815,463275,1811990,2860,0,0,0,4725,0,0,0,1894,0,0,0,1403,0,0,0,1304,0,0,0,37,0,0,0,17786658914620801354,5061741357694800771,5061741357694800771,2120707514899815619,1982111925713217857,884562640162405665,0,0,0,0,0,0,0,0,0,0,0
13,20,3215,8,10,0.160300,20056.17,0.082110,39154.91,0.071984,44662.41,0.093091,34536.19,0.102504,31364.64,0.086998,36954.67,0.118227,27193.53,0.164184,0.025715,0.047535,0.086998,0.324433,0.040976,4,378918,407118,1663264,2311,0,0,0,3629,0,0,0,1615,0,0,0,1011,0,0,0,1255,0,0,0,29,0,0,0,5019244025158648483,15978701169237245928,15978701169237245928,5875099138289926329,11076104011148778787,10541113339581166017,0,0,0,0,0,0,0,0,0,0,0
14,20,3618,8,10,0.249456,14503.57,0.122247,29595.79,0.088821,40733.82,0.094936,38109.95,0.135935,26615.70,0.097954,36935.65,0.189204,19122.25,0.253737,0.034216,0.069727,0.097954,0.455633,0.057406,4,508577,538517,1748593,2244,0,0,0,3578,0,0,0,1878,0,0,0,1122,0,0,0,1231,0,0,0,37,0,0,0,16331047323442845208,3379477461563274681,3379477461563274681,16033827295469374797,14685664524479741151,12747266821300679473,0,0,0,0,0,0,0,0,0,0,0
15,20,3608,8,10,0.162270,22234.61,0.081074,44502.78,0.074611,48357.16,0.087640,41168.63,0.096459,37404.52,0.081730,44145.19,0.124102,29072.96,0.169909,0.028879,0.054414,0.081730,0.334933,0.055730,4,432288,479683,1606996,2803,0,0,0,4110,0,0,0,1895,0,0,0,1270,0,0,0,1382,0,0,0,47,0,0,0,15743041445278557356,3991049385215943196,3991049385215943196,17875625222204526643,564950291579439050,363452574542013300,0,0,0,0,0,0,0,0,0,0,0
16,20,3260,8,10,0.175038,18624.53,0.089228,36535.70,0.073559,44318.38,0.085641,38066.04,0.104422,31219.43,0.083619,38986.54,0.136121,23949.21,0.179882,0.027656,0.055267,0.083619,0.346423,0.040275,4,444455,475680,1397923,2156,0,0,0,3403,0,0,0,1614,0,0,0,1006,0,0,0,1224,0,0,0,35,0,0,0,16997495913087651966,11104702283828147319,11104702283828147319,3674595209403203242,9224363262382083802,17942937437442042023,0,0,0,0,0,0,0,0,0,0,0
17,20,3527,8,10,0.188810,18680.20,0.101907,34609.82,0.090155,39121.55,0.095766,36829.47,0.113617,31042.95,0.091930,38366.31,0.150277,23469.94,0.195400,0.027845,0.054819,0.091930,0.369993,0.049951,4,433704,472719,1626274,2790,0,0,0,4560,0,0,0,1763,0,0,0,1059,0,0,0,1318,0,0,0,57,0,0,0,11689271235336669851,938252602272417978,938252602272417978,17697576531068564108,6092467047488090899,7624015679742592287,0,0,0,0,0,0,0,0,0,0,0
18,20,3602,8,10,0.191076,18851.12,0.100743,35754.46,0.074081,48622.51,0.087319,41251.28,0.109063,33026.67,0.095205,37834.18,0.142913,25204.06,0.197240,0.026913,0.046110,0.095205,0.365468,0.051666,9,414429,447829,1625785,2361,0,0,0,3869,0,0,0,1874,0,0,0,1159,0,0,0,1182,0,0,0,35,0,0,0,5987631041598656590,3417729672716896804,3417729672716896804,1789726396055313433,18380063810877222364,3522596042111471042,0,0,0,0,0,0,0,0,0,0,0
19,20,3433,8,10,0.173966,19733.71,0.082472,41626.10,0.077658,44206.75,0.093818,36591.99,0.100407,34190.86,0.102078,33631.17,0.122708,27976.97,0.178429,0.032487,0.055905,0.102078,0.368899,0.050166,4,439141,464596,1740927,2459,0,0,0,3688,0,0,0,2041,0,0,0,1032,0,0,0,796,0,0,0,38,0,0,0,412555048376944603,3019355527268613781,3019355527268613781,13448221277372845932,9387334152740234923,6976476520640637490,0,0,0,0,0,0,0,0,0,0,1
20,20,3412,8,10,0.174680,19532.82,0.082681,41266.94,0.067074,50869.32,0.090623,37650.47,0.100935,33803.93,0.086843,39289.38,0.130324,26180.82,0.178300,0.028222,0.051883,0.086843,0.345248,0.046677,5,419531,450721,1593800,2215,0,0,0,3398,0,0,0,1605,0,0,0,913,0,0,0,1047,0,0,0,75,0,0,0,10495360849085695564,13262000483786592327,13262000483786592327,15627988288584535809,3124285610741483889,9156472995319781353,0,0,0,0,0,0,0,0,0,0,0
21,20,3349,8,10,0.261345,12814.48,0.161034,20796.86,0.102099,32801.48,0.134729,24857.35,0.170833,19603.93,0.129659,25829.37,0.210274,15926.85,0.266170,0.027688,0.052244,0.129659,0.475760,0.044559,6,433249,459569,1895698,2185,0,0,0,2614,0,0,0,1791,0,0,0,1044,0,0,0,1286,0,0,0,29,0,0,0,1775719045128207553,17293998514617029811,17293998514617029811,8556837158248001078,13087113448481922245,6597548641817806738,0,0,0,0,0,0,0,0,0,0,0
22,20,3582,8,10,0.206856,17316.40,0.115264,31076.47,0.090513,39574.58,0.081423,43992.74,0.125857,28460.96,0.092384,38773.06,0.151563,23633.66,0.212681,0.025558,0.055686,0.092384,0.386309,0.054171,4,409568,440128,1722022,2145,0,0,0,3405,0,0,0,1809,0,0,0,1128,0,0,0,1370,0,0,0,27,0,0,0,316029389168231358,6543420746527709956,6543420746527709956,14819688013339455056,2101318154598383041,11381876302788692764,0,0,0,0,0,0,0,0,0,0,0
23,20,3361,8,10,0.169167,19867.89,0.087137,38571.62,0.079504,42274.35,0.085875,39138.45,0.099755,33692.62,0.088686,37897.73,0.119439,28139.82,0.174536,0.025313,0.052834,0.088686,0.341369,0.047476,4,408500,432665,1548296,2487,0,0,0,3819,0,0,0,1761,0,0,0,1235,0,0,0,1561,0,0,0,27,0,0,0,7854835739007032187,10654222606018405095,10654222606018405095,15231968163793706049,7090844098527873344,3242798827371282060,0,0,0,0,0,0,0,0,0,0,0
24,20,3777,8,10,0.194096,19459.42,0.094536,39952.92,0.079425,47554.28,0.095226,39663.60,0.106189,35568.76,0.088648,42606.50,0.134402,28102.27,0.196907,0.026551,0.053829,0.088648,0.365935,0.057598,5,457519,501504,1741673,2766,0,0,0,4034,0,0,0,1967,0,0,0,1337,0,0,0,1552,0,0,0,53,0,0,0,12101998660373430869,10417508607362482530,10417508607362482530,6298125889615506793,3724280554274504505,5786595945811500479,0,0,0,0,0,0,0,0,0,0,0
25,20,3315,8,10,0.164976,20093.79,0.086758,38209.72,0.078682,42131.85,0.100446,33002.70,0.104410,31749.95,0.096592,34319.54,0.120139,27592.96,0.169203,0.027159,0.048906,0.096592,0.341861,0.045494,5,408019,432279,1593599,2537,0,0,0,3912,0,0,0,1752,0,0,0,1186,0,0,0,1340,0,0,0,25,0,0,0,2895453225209429434,6280183339552460607,6280183339552460607,7757327442063563434,13506240255200681399,70347865933798573,0,0,0,0,0,0,0,0,0,0,0
26,20,3387,8,10,0.214335,15802.37,0.116452,29084.84,0.085779,39485.27,0.089970,37645.79,0.127805,26501.38,0.095893,35320.60,0.157238,21540.61,0.219498,0.027454,0.050413,0.095893,0.393259,0.043174,6,421025,439450,1888974,2244,0,0,0,3951,0,0,0,1854,0,0,0,1279,0,0,0,1350,0,0,0,37,0,0,0,12495968680256011988,8391989014467077811,8391989014467077811,3709756284711831938,13132202438657788188,9729786195984769564,0,0,0,0,0,0,0,0,0,0,0
27,20,3155,8,10,0.170408,18514.34,0.090902,34707.57,0.078171,40360.44,0.085755,36790.81,0.108073,29193.10,0.082348,38312.96,0.119699,26357.78,0.175549,0.027164,0.051319,0.082348,0.336380,0.043741,5,418663,440418,1648198,2116,0,0,0,3397,0,0,0,1541,0,0,0,1232,0,0,0,1165,0,0,0,40,0,0,0,8108024443066390728,9060982575239634967,9060982575239634967,11974579720664313170,14051908951332799728,17750965181679742656,0,0,0,0,0,0,0,0,0,0,0
28,20,3339,8,10,0.181511,18395.55,0.091291,36575.47,0.072597,45993.38,0.078988,42272.32,0.100009,33386.95,0.075799,44050.54,0.133145,25077.84,0.186296,0.026470,0.049238,0.075799,0.337803,0.042729,5,396088,419708,1970916,2078,0,0,0,3677,0,0,0,1870,0,0,0,1332,0,0,0,1452,0,0,0,32,0,0,0,12192981749355214525,14859789164795157801,14859789164795157801,4776378718616439645,4908416397273253288,11335418342966804032,0,0,0,0,0,0,0,0,0,0,0
29,20,3302,8,10,0.186514,17703.74,0.105604,31267.61,0.081641,40445.53,0.087956,37541.33,0.112759,29283.80,0.090574,36456.35,0.134905,24476.40,0.191813,0.025679,0.061090,0.090574,0.369156,0.042256,7,415863,439728,1670038,2485,0,0,0,3841,0,0,0,1747,0,0,0,1110,0,0,0,1136,0,0,0,37,0,0,0,2912278907234707901,17068363695776533738,17068363695776533738,13168030728941261017,3483006733698816773,5027800204152081604,0,0,0,0,0,0,0,0,0,0,0
30,20,3252,8,10,0.171355,18978.16,0.085215,38162.08,0.073490,44251.09,0.092331,35221.27,0.104412,31145.81,0.095500,34052.18,0.131011,24822.29,0.175724,0.026125,0.059823,0.095500,0.357172,0.039612,4,392830,423840,1779995,2120,0,0,0,3498,0,0,0,1549,0,0,0,945,0,0,0,1313,0,0,0,39,0,0,0,7529295169395566379,17822452674223643202,17822452674223643202,12786021586953976530,16810630630630695001,8190134541595548238,0,0,0,0,0,0,0,0,0,0,0
31,20,3391,8,10,0.191872,17673.24,0.096533,35127.95,0.081655,41528.53,0.098462,34439.60,0.109833,30874.27,0.091545,37041.82,0.142510,23794.85,0.197277,0.029307,0.053471,0.091545,0.371601,0.045112,4,427741,460451,1646658,2132,0,0,0,3354,0,0,0,1588,0,0,0,991,0,0,0,1246,0,0,0,33,0,0,0,10065738192315539937,1674851007621052484,1674851007621052484,1225337573482143263,12867873169261406993,3709588846011630427,0,0,0,0,0,0,0,0,0,0,0
32,20,3130,8,10,0.175155,17869.91,0.085922,36428.26,0.073994,42301.00,0.093565,33452.51,0.108275,28907.95,0.094411,33152.99,0.125433,24953.66,0.179393,0.025887,0.047821,0.094411,0.347512,0.045460,6,397105,423915,1403267,2422,0,0,0,3588,0,0,0,1728,0,0,0,1054,0,0,0,1186,0,0,0,24,0,0,0,12046598468213406796,16284312048762364635,16284312048762364635,2218637291318008282,18043620128604343758,11339397971491343208,0,0,0,0,0,0,0,0,0,0,0
33,20,3336,8,10,0.224146,14883.13,0.112836,29565.14,0.080859,41256.91,0.092796,35949.87,0.124759,26739.62,0.092632,36013.59,0.172164,19376.88,0.228216,0.028540,0.062690,0.092632,0.412078,0.046363,3,419541,451966,1784609,2368,0,0,0,3405,0,0,0,1411,0,0,0,971,0,0,0,1044,0,0,0,44,0,0,0,2981413731223564758,9981764413565498395,9981764413565498395,11077103382435372413,4947576999753427181,16425349682809220673,0,0,0,0,0,0,0,0,0,0,0
34,20,3294,8,10,0.172161,19133.22,0.093879,35087.61,0.065945,49950.67,0.080864,40735.00,0.103326,31879.81,0.083485,39456.28,0.130275,25284.92,0.175865,0.027663,0.052653,0.083485,0.339666,0.047355,4,407050,435580,1332474,2039,0,0,0,3010,0,0,0,1629,0,0,0,905,0,0,0,1431,0,0,0,40,0,0,0,14645568992657097941,14049205951287981345,14049205951287981345,4997340894095090991,15939664169452280203,4151436834933440717,0,0,0,0,0,0,0,0,0,0,0
35,20,3382,8,10,0.171117,19764.25,0.086712,39002.67,0.081209,41645.49,0.096135,35179.75,0.103742,32600.25,0.088601,38171.07,0.139032,24325.41,0.175736,0.031154,0.055781,0.088601,0.351272,0.049495,5,440920,491790,1829119,2573,0,0,0,4069,0,0,0,1626,0,0,0,1151,0,0,0,1129,0,0,0,38,0,0,0,7093240190304530932,16298304412024348066,16298304412024348066,6574433158752466905,10349969095981985542,11241535841311086898,0,0,0,0,0,0,0,0,0,0,0
36,20,3112,8,10,0.171343,18162.44,0.088865,35019.47,0.077252,40283.94,0.097893,31789.73,0.106401,29247.92,0.089911,34611.90,0.128212,24272.37,0.174149,0.025621,0.043513,0.089911,0.333194,0.037838,7,397232,419607,1573176,2411,0,0,0,3761,0,0,0,1880,0,0,0,1053,0,0,0,1065,0,0,0,43,0,0,0,7563100332776929518,687461197333270666,687461197333270666,16384805657344429015,5934382427173138623,235057796888296807,0,0,0,0,0,0,0,0,0,0,0
37,20,3542,8,10,0.199872,17721.33,0.105161,33681.63,0.075785,46737.25,0.094407,37518.49,0.119464,29649.20,0.092904,38125.48,0.150379,23553.79,0.205420,0.029582,0.049776,0.092904,0.377682,0.049508,7,431850,458020,1856610,2479,0,0,0,3678,0,0,0,1665,0,0,0,1115,0,0,0,1193,0,0,0,56,0,0,0,6934955249978313147,1118426461460424510,1118426461460424510,11130319918447802591,17779298820189410302,233395279165186112,0,0,0,0,0,0,0,0,0,0,0
38,20,3277,8,10,0.180318,18173.45,0.098953,33116.79,0.071057,46117.98,0.081045,40434.35,0.111075,29502.66,0.078640,41670.91,0.137476,23836.87,0.184757,0.025160,0.052639,0.078640,0.341196,0.043598,4,395502,425257,1611276,2349,0,0,0,3534,0,0,0,1548,0,0,0,1045,0,0,0,1183,0,0,0,34,0,0,0,10826534107982434842,1687937502390301554,1687937502390301554,14880998821725494236,14094119813935321324,5443282196330891421,0,0,0,0,0,0,0,0,0,0,0
39,20,3906,8,10,0.173266,22543.35,0.080177,48717.07,0.067877,57545.40,0.085869,45488.04,0.102989,37926.21,0.122125,31983.52,0.134308,29082.42,0.177828,0.029285,0.056781,0.122125,0.386019,0.056965,4,437112,490177,1748414,2272,0,0,0,3586,0,0,0,1757,0,0,0,1060,0,0,0,870,0,0,0,31,0,0,0,10551584307286673638,8967265057765977749,8967265057765977749,12869451416617223179,15452012253495445510,5842547303257526404,0,0,0,0,0,0,0,0,0,0,1
40,20,3213,8,10,0.159469,20148.06,0.083986,38256.31,0.073547,43686.28,0.088646,36245.29,0.100121,32091.21,0.088959,36117.87,0.120728,26613.57,0.164613,0.025180,0.039691,0.088959,0.318443,0.040452,10,391193,416948,1626745,2199,0,0,0,3842,0,0,0,1633,0,0,0,1044,0,0,0,1137,0,0,0,36,0,0,0,621994657313560660,12272923184962153294,12272923184962153294,1595797625719000350,9309558441628344267,6277447658165071976,0,0,0,0,0,0,0,0,0,0,0
41,20,3172,8,10,0.218858,14493.39,0.117734,26942.11,0.079590,39854.15,0.090974,34867.21,0.126750,25025.74,0.093052,34088.46,0.168900,18780.37,0.223197,0.025921,0.046908,0.093052,0.389078,0.042033,5,385489,406179,1856033,1928,0,0,0,2613,0,0,0,1453,0,0,0,1019,0,0,0,1027,0,0,0,33,0,0,0,14690962474631979609,1716489673441745861,1716489673441745861,14424028949985265276,4499858546769449890,17660489370258100740,0,0,0,0,0,0,0,0,0,0,0
42,20,3346,8,10,0.211255,15838.71,0.105969,31575.21,0.069227,48333.78,0.081733,40937.95,0.127184,26308.42,0.099362,33674.76,0.156663,21357.91,0.215799,0.026740,0.054613,0.099362,0.396514,0.044041,4,410469,434794,1736318,2130,0,0,0,3091,0,0,0,1837,0,0,0,1081,0,0,0,1371,0,0,0,31,0,0,0,39194665796153674,12823470088544487663,12823470088544487663,3698939559081782561,667742569344094639,12851140482206239654,0,0,0,0,0,0,0,0,0,0,0
43,20,3333,8,10,0.176017,18935.68,0.096547,34522.09,0.073499,45347.68,0.085823,38835.86,0.109809,30352.69,0.093542,35631.03,0.135860,24532.57,0.179981,0.026568,0.049996,0.093542,0.350087,0.045771,4,398461,429671,1576105,2306,0,0,0,3507,0,0,0,1600,0,0,0,1126,0,0,0,1453,0,0,0,45,0,0,0,14825816366411666443,5127975018920351813,5127975018920351813,17104082429718400078,4254644558762622059,11908303938258742606,0,0,0,0,0,0,0,0,0,0,0
44,20,3336,8,10,0.162530,20525.40,0.076473,43623.01,0.066590,50097.79,0.081872,40746.68,0.094345,35359.52,0.078554,42467.59,0.118538,28142.80,0.166962,0.028590,0.050415,0.078554,0.324520,0.047194,5,422284,446679,1836882,1959,0,0,0,3096,0,0,0,1411,0,0,0,857,0,0,0,1108,0,0,0,30,0,0,0,1321515547723581787,1298646386324572294,1298646386324572294,4402047289388166837,4327531393081275381,2997050015846279341,0,0,0,0,0,0,0,0,0,0,0
45,20,3292,8,10,0.225335,14609.39,0.134547,24467.33,0.091206,36094.03,0.092062,35758.55,0.143079,23008.32,0.101299,32497.93,0.175873,18718.03,0.230287,0.026753,0.051327,0.101299,0.409666,0.042096,4,410187,440792,1675411,2495,0,0,0,3691,0,0,0,1632,0,0,0,1322,0,0,0,1358,0,0,0,33,0,0,0,5774826066292786163,17821525494553379179,17821525494553379179,699982895030636785,13732495636907769365,17424853466403725630,0,0,0,0,0,0,0,0,0,0,0
46,20,3612,8,10,0.208297,17340.62,0.102467,35250.20,0.087854,41113.52,0.101336,35643.96,0.116736,30941.51,0.092825,38911.77,0.155135,23283.00,0.213608,0.028720,0.054190,0.092825,0.389343,0.054413,4,421849,465459,1703382,2617,0,0,0,4034,0,0,0,1683,0,0,0,1210,0,0,0,1316,0,0,0,57,0,0,0,14222090453481920824,14140302930304034178,14140302930304034178,4058638041465815652,4459430309064932369,6688267724820227692,0,0,0,0,0,0,0,0,0,0,0
47,20,3239,8,10,0.176369,18364.86,0.084386,38383.24,0.073035,44348.73,0.086679,37367.60,0.098733,32805.75,0.082274,39368.66,0.122083,26531.21,0.182568,0.027624,0.051699,0.082274,0.344165,0.043185,5,405894,431534,1660063,2058,0,0,0,3311,0,0,0,1825,0,0,0,968,0,0,0,1127,0,0,0,41,0,0,0,8402597415650277794,6590573694314261103,6590573694314261103,9984712190655147326,14034881753856777996,17012281868995121281,0,0,0,0,0,0,0,0,0,0,0
48,20,3221,8,10,0.173325,18583.55,0.082841,38881.78,0.071797,44862.29,0.082281,39146.52,0.095366,33775.24,0.079061,40740.49,0.119094,27045.85,0.177895,0.026228,0.055661,0.079061,0.338846,0.043681,4,432500,457380,1670513,2189,0,0,0,3203,0,0,0,1693,0,0,0,1079,0,0,0,1268,0,0,0,29,0,0,0,3680744128698239992,1948507991632031401,1948507991632031401,6833031378820483621,305932468671780962,9021548551284461657,0,0,0,0,0,0,0,0,0,0,0
49,20,3311,8,10,0.191857,17257.67,0.098354,33664.14,0.072911,45411.30,0.094695,34964.91,0.113416,29193.45,0.093510,35407.92,0.151450,21862.01,0.196683,0.028211,0.056586,0.093510,0.374990,0.047941,5,423530,454165,1773140,2108,0,0,0,3085,0,0,0,1337,0,0,0,969,0,0,0,1142,0,0,0,31,0,0,0,1792101759426162048,6999928176935487356,6999928176935487356,14611565720828257145,11838565582981230474,17575808884580533720,0,0,0,0,0,0,0,0,0,0,0
50,20,3260,8,10,0.206567,15781.78,0.101281,32187.77,0.079495,41009.04,0.087903,37086.27,0.111971,29114.66,0.079842,40830.39,0.150252,21696.83,0.210811,0.027623,0.051118,0.079842,0.369395,0.040041,5,418283,441713,1724583,2176,0,0,0,3206,0,0,0,1868,0,0,0,1200,0,0,0,1239,0,0,0,39,0,0,0,1713341637912926691,4076953047749846581,4076953047749846581,4031457584957362941,10144555747948517686,11535956120374099351,0,0,0,0,0,0,0,0,0,0,0
51,20,3786,8,10,0.167355,22622.57,0.087003,43515.97,0.074905,50544.02,0.087554,43241.65,0.102891,36796.12,0.085155,44459.88,0.156103,24253.26,0.172599,0.025793,0.053157,0.085155,0.336705,0.053900,4,412773,850998,1588564,2168,0,0,0,3681,0,0,0,1574,0,0,0,1008,0,0,0,1263,0,0,0,29,0,0,0,2943640497198566361,6182093752936894171,6182093752936894171,11757579040625692882,14624425850484732700,13795562437407243365,0,0,0,0,0,0,0,0,0,0,0
52,20,3533,8,10,0.167082,21145.30,0.075718,46659.95,0.069903,50541.61,0.082732,42703.94,0.090464,39054.40,0.079533,44421.92,0.111934,31563.20,0.172247,0.028300,0.048809,0.079533,0.328888,0.051271,8,432126,462816,1708225,2158,0,0,0,3210,0,0,0,1590,0,0,0,1120,0,0,0,1194,0,0,0,38,0,0,0,3515689627589800758,8529339918838022241,8529339918838022241,12880306679949801686,17815665261601867994,13859998424933089068,0,0,0,0,0,0,0,0,0,0,0
53,20,3261,8,10,0.192093,16976.14,0.096711,33718.96,0.078492,41545.88,0.098532,33095.91,0.116722,27938.26,0.109372,29815.71,0.143378,22744.07,0.197099,0.026054,0.051419,0.109372,0.383943,0.043425,4,406268,431303,1726112,2133,0,0,0,3585,0,0,0,1825,0,0,0,943,0,0,0,1249,0,0,0,23,0,0,0,11713364823005596917,12657520999533581647,12657520999533581647,16952368479829949096,7359282806964623149,3856565458103363805,0,0,0,0,0,0,0,0,0,0,0
54,20,3335,8,10,0.173373,19235.95,0.085111,39184.27,0.072064,46278.24,0.086654,38486.49,0.102897,32411.04,0.089484,37269.24,0.125312,26613.56,0.178510,0.026308,0.049585,0.089484,0.343887,0.044263,5,407677,435847,1765867,2209,0,0,0,3648,0,0,0,1740,0,0,0,1168,0,0,0,1523,0,0,0,22,0,0,0,17674099427422687283,13464661956725833930,13464661956725833930,3721845211824433833,177723630798603750,2413091240415616476,0,0,0,0,0,0,0,0,0,0,0
55,20,3358,8,10,0.233000,14412.02,0.119084,28198.58,0.096181,34913.45,0.102439,32780.33,0.120891,27777.07,0.096620,34754.63,0.172915,19419.94,0.236760,0.027060,0.053839,0.096620,0.414279,0.047632,4,419702,446147,1627209,2485,0,0,0,3674,0,0,0,1927,0,0,0,1139,0,0,0,1275,0,0,0,45,0,0,0,8521377353350838818,8130040584368567946,8130040584368567946,3689300782433924168,2988382769487312147,13809682685642231008,0,0,0,0,0,0,0,0,0,0,0
56,20,3527,8,10,0.186902,18870.87,0.095713,36849.67,0.074250,47501.77,0.086599,40727.84,0.109862,32103.99,0.089970,39202.03,0.144613,24389.18,0.192489,0.029182,0.052377,0.089970,0.364018,0.048898,4,437692,502677,1768156,2525,0,0,0,3888,0,0,0,1802,0,0,0,1141,0,0,0,1407,0,0,0,38,0,0,0,8029641022621099613,3219337303712135648,3219337303712135648,4475699914232583627,12836071438135336296,13989592737993222192,0,0,0,0,0,0,0,0,0,0,0
57,20,4619,8,10,0.147759,31260.28,0.077494,59604.36,0.072541,63674.27,0.083390,55390.06,0.089590,51557.00,0.079087,58403.82,0.158906,29067.46,0.152656,0.030285,0.052390,0.079087,0.314419,0.066739,7,470015,812665,1651889,3807,0,0,0,4986,0,0,0,1336,0,0,0,953,0,0,0,1019,0,0,0,21,0,0,0,4694397228725182360,9866402929372739689,9866402929372739689,14532049609325982247,12589532664082403667,7194539104485037284,0,0,0,0,0,0,0,0,0,0,0
58,20,3089,8,10,0.162590,18998.72,0.080231,38501.53,0.069782,44266.62,0.080354,38442.20,0.094717,32612.86,0.077496,39860.32,0.117772,26228.70,0.166681,0.025325,0.048512,0.077496,0.318014,0.039345,4,396982,420802,1716697,1989,0,0,0,3384,0,0,0,1563,0,0,0,928,0,0,0,1036,0,0,0,45,0,0,0,14967413734776521303,10671035031902133593,10671035031902133593,15530338555890099049,4016782568859582945,3403896404981550016,0,0,0,0,0,0,0,0,0,0,0
59,20,3328,8,10,0.178284,18666.80,0.092009,36170.27,0.067105,49593.96,0.096244,34578.62,0.107629,30920.93,0.091329,36439.49,0.138258,24070.88,0.184108,0.028726,0.046820,0.091329,0.350983,0.045693,9,434788,461728,1550383,1816,0,0,0,2908,0,0,0,1424,0,0,0,838,0,0,0,992,0,0,0,33,0,0,0,10198801070356025622,16813382557770537347,16813382557770537347,17350733000639664814,5297850723660326490,6601379950218540922,0,0,0,0,0,0,0,0,0,0,0
60,20,3395,8,10,0.200693,16916.42,0.101411,33477.63,0.078141,43447.34,0.091699,37023.11,0.107339,31628.84,0.085158,39866.96,0.141940,23918.59,0.204092,0.029890,0.057584,0.085158,0.376724,0.048183,4,462196,491056,1758831,2185,0,0,0,3472,0,0,0,1454,0,0,0,921,0,0,0,1082,0,0,0,25,0,0,0,8140013145911561760,13421131746937531313,13421131746937531313,4134261970213430651,16301079520614481249,387417708139480675,0,0,0,0,0,0,0,0,0,0,0
61,20,3771,8,10,0.190502,19795.07,0.100564,37498.43,0.076871,49055.90,0.095861,39338.05,0.121225,31107.34,0.091857,41053.10,0.165863,22735.69,0.194975,0.027411,0.042590,0.091857,0.356833,0.052299,10,407769,554769,1778453,2465,0,0,0,3419,0,0,0,1582,0,0,0,960,0,0,0,1023,0,0,0,35,0,0,0,15009656102374566996,16771168768517745429,16771168768517745429,6756318983784123903,10144492265245854541,7658241529953077563,0,0,0,0,0,0,0,0,0,0,0
62,20,3241,8,10,0.184221,17592.99,0.092502,35036.94,0.072457,44729.93,0.089803,36090.27,0.101612,31895.87,0.077093,42040.10,0.126298,25661.63,0.187899,0.026354,0.050175,0.077093,0.341521,0.042340,4,408603,430328,1748224,2019,0,0,0,3415,0,0,0,1647,0,0,0,1029,0,0,0,1182,0,0,0,27,0,0,0,6468140251720399726,15964453409793046154,15964453409793046154,10713681987636966561,10951662806672514846,8320765680700115634,0,0,0,0,0,0,0,0,0,0,0
63,20,3284,8,10,0.159849,20544.45,0.077572,42334.92,0.071166,46145.91,0.085676,38330.44,0.092322,35571.07,0.076302,43039.61,0.113535,28924.92,0.164511,0.026970,0.062961,0.076302,0.330744,0.044675,3,419949,444909,1561378,2024,0,0,0,3345,0,0,0,1293,0,0,0,919,0,0,0,1090,0,0,0,37,0,0,0,3835674434900653937,5107030941666991643,5107030941666991643,15723925595077262712,2344820238214228944,5992834479025944602,0,0,0,0,0,0,0,0,0,0,0
64,20,3296,8,10,0.189812,17364.59,0.088851,37095.62,0.066945,49234.79,0.083052,39686.20,0.114472,28793.11,0.087785,37546.38,0.139877,23563.57,0.194565,0.026954,0.047679,0.087785,0.356982,0.042011,8,409889,434444,1493964,1913,0,0,0,2978,0,0,0,1429,0,0,0,1073,0,0,0,971,0,0,0,17,0,0,0,2384849086485777238,8996448678974025815,8996448678974025815,5877842366171105259,3455537088708797590,16455971413990367979,0,0,0,0,0,0,0,0,0,0,0
65,20,3413,8,10,0.206770,16506.29,0.106281,32112.99,0.082538,41350.53,0.089112,38299.91,0.111405,30635.85,0.080993,42139.29,0.165783,20587.21,0.211332,0.027998,0.067441,0.080993,0.387765,0.045994,3,451034,506119,1915349,2211,0,0,0,3219,0,0,0,1544,0,0,0,1012,0,0,0,1116,0,0,0,39,0,0,0,6219563458026191791,781924526893038159,781924526893038159,12587413683315182128,12637651735743657101,11192942274418526911,0,0,0,0,0,0,0,0,0,0,0
66,20,3099,8,10,0.199021,15571.25,0.093493,33147.02,0.071718,43210.93,0.081811,37880.20,0.108050,28681.20,0.080624,38437.63,0.135432,22882.28,0.204119,0.025846,0.046777,0.080624,0.357366,0.042733,7,393360,418495,1950400,1801,0,0,0,2692,0,0,0,1555,0,0,0,986,0,0,0,1082,0,0,0,30,0,0,0,7678932288274303671,16992454386511075429,16992454386511075429,8907944358725588124,7358807959134797810,11512126678996981429,0,0,0,0,0,0,0,0,0,0,0
67,20,2905,8,10,0.158491,18329.10,0.069579,41751.18,0.061799,47007.13,0.073889,39315.79,0.085102,34135.45,0.074297,39100.02,0.110551,26277.56,0.163177,0.027339,0.048887,0.074297,0.313700,0.039508,7,402146,424186,1636309,1663,0,0,0,2898,0,0,0,1344,0,0,0,845,0,0,0,881,0,0,0,19,0,0,0,4057977788388499535,2011900117178369521,2011900117178369521,4595117459805582688,9853241113652447714,12690687382936060672,0,0,0,0,0,0,0,0,0,0,0
68,20,3243,8,10,0.171472,18912.70,0.081923,39586.02,0.061987,52317.65,0.075334,43048.42,0.101404,31981.09,0.080069,40502.78,0.130271,24894.34,0.176999,0.026266,0.054113,0.080069,0.337447,0.045456,4,408399,447849,1576040,1653,0,0,0,2706,0,0,0,1430,0,0,0,968,0,0,0,1094,0,0,0,24,0,0,0,8181143512127505684,8606946580843369287,8606946580843369287,4386040585728967231,13309661585666991893,16936674855364197877,0,0,0,0,0,0,0,0,0,0,0
69,20,3199,8,10,0.258071,12395.79,0.147395,21703.55,0.092476,34592.87,0.095997,33323.79,0.156527,20437.42,0.108323,29532.17,0.200946,15919.70,0.261874,0.032974,0.063012,0.108323,0.466182,0.045178,4,520172,548067,1661011,2080,0,0,0,3211,0,0,0,1714,0,0,0,1017,0,0,0,1400,0,0,0,23,0,0,0,6747729680093027847,16526250330736005464,16526250330736005464,5184882143591323748,15658999591530372616,10073961805658549395,0,0,0,0,0,0,0,0,0,0,0
70,20,3347,8,10,0.265233,12619.08,0.121249,27604.40,0.076993,43471.57,0.089306,37478.04,0.133942,24988.34,0.077364,43263.21,0.192081,17424.94,0.268494,0.027220,0.056016,0.077364,0.429093,0.049467,4,401648,433278,1485173,1720,0,0,0,2318,0,0,0,1944,0,0,0,939,0,0,0,1087,0,0,0,15,0,0,0,11651701584309774756,7025428533245431934,7025428533245431934,12031778905352071083,14816899493419361072,3545530027060635950,0,0,0,0,0,0,0,0,0,0,0
71,20,3337,8,10,0.269680,12373.93,0.138826,24037.26,0.108358,30796.08,0.107231,31119.85,0.147700,22593.12,0.088575,37674.47,0.208863,15977.02,0.276234,0.026978,0.064253,0.088575,0.456040,0.045747,3,415013,443228,1817771,2329,0,0,0,2633,0,0,0,1714,0,0,0,1077,0,0,0,1201,0,0,0,36,0,0,0,1411717329954303584,6711173733927638477,6711173733927638477,5822623134251019505,5712240093639476242,13808768160191515102,0,0,0,0,0,0,0,0,0,0,0
72,20,3312,8,10,0.268421,12338.84,0.159251,20797.36,0.094430,35073.53,0.104060,31827.77,0.163480,20259.36,0.111490,29706.62,0.203127,16305.07,0.275218,0.024475,0.047429,0.111490,0.458612,0.044804,6,395356,414201,1681437,1895,0,0,0,3241,0,0,0,1740,0,0,0,1011,0,0,0,1108,0,0,0,16,0,0,0,13915830756356604578,18316510356461929362,18316510356461929362,14221171934861194328,3489567205676526604,4866921355328849522,0,0,0,0,0,0,0,0,0,0,0
73,20,2908,8,10,0.261322,11128.04,0.150153,19366.86,0.098603,29492.15,0.112414,25868.75,0.147244,19749.50,0.078089,37239.78,0.208008,13980.22,0.267522,0.024279,0.043253,0.078089,0.413143,0.038735,6,358432,382867,1624125,1798,0,0,0,2857,0,0,0,1416,0,0,0,916,0,0,0,989,0,0,0,29,0,0,0,17804061255795942639,13365255517007182148,13365255517007182148,2223782543682225448,4294680270879446974,14814262025656030887,0,0,0,0,0,0,0,0,0,0,0
74,20,3623,8,10,0.297916,12161.13,0.164356,22043.60,0.102659,35291.67,0.105305,34404.76,0.165994,21826.11,0.082273,44036.41,0.243319,14889.92,0.302208,0.028121,0.056229,0.082273,0.468831,0.050134,5,427170,458710,1865936,1942,0,0,0,1950,0,0,0,1827,0,0,0,911,0,0,0,1107,0,0,0,14,0,0,0,6263291649068637517,10876265906338913750,10876265906338913750,17978546241160652132,12180353740501898032,6791599133063381633,0,0,0,0,0,0,0,0,0,0,0
75,20,3890,8,10,0.260084,14956.71,0.139109,27963.64,0.091063,42717.46,0.094623,41110.45,0.128494,30273.84,0.072711,53499.11,0.215229,18073.74,0.263675,0.028661,0.054321,0.072711,0.419368,0.061127,5,436600,528195,1776485,2694,0,0,0,2087,0,0,0,1382,0,0,0,750,0,0,0,907,0,0,0,18,0,0,0,15902799898464341026,4625172508445578967,4625172508445578967,4461149544407775558,1360026994833555580,3804403891969132468,0,0,0,0,0,0,0,0,0,0,0
76,20,3171,8,10,0.263027,12055.80,0.148776,21313.85,0.115301,27501.90,0.124568,25455.89,0.158878,19958.72,0.082381,38491.79,0.216032,14678.36,0.268712,0.025841,0.052281,0.082381,0.429215,0.040899,5,402390,429875,1444530,2151,0,0,0,2622,0,0,0,1930,0,0,0,1048,0,0,0,1140,0,0,0,27,0,0,0,14577382305120507168,15691311366805102432,15691311366805102432,4862970982017026073,6521744024154232453,4604316770450670868,0,0,0,0,0,0,0,0,0,0,0
77,20,3419,8,10,0.204165,16746.24,0.100193,34124.08,0.072811,46957.50,0.085146,40154.45,0.125951,27145.46,0.076444,44725.61,0.156847,21798.37,0.209001,0.027011,0.052953,0.076444,0.365408,0.049748,5,396706,460991,1581487,2251,0,0,0,3027,0,0,0,1314,0,0,0,900,0,0,0,942,0,0,0,15,0,0,0,273087321699858183,7535598812283382627,7535598812283382627,10793699164359898480,3200744377192870640,10213417805058453196,0,0,0,0,0,0,0,0,0,0,0
78,20,3157,8,10,0.294291,10727.48,0.152332,20724.51,0.106606,29613.59,0.117870,26783.74,0.165610,19062.91,0.088839,35536.07,0.226817,13918.74,0.300452,0.025843,0.051263,0.088839,0.466397,0.042941,4,402396,432336,1823386,2007,0,0,0,2486,0,0,0,1540,0,0,0,988,0,0,0,1234,0,0,0,52,0,0,0,7393601232110200424,1062248293173653634,1062248293173653634,15647319237216251105,1457068210607046427,6543324486628920942,0,0,0,0,0,0,0,0,0,0,0
79,20,3364,8,10,0.279416,12039.39,0.151699,22175.44,0.091913,36599.67,0.114811,29300.34,0.150748,22315.45,0.084900,39623.01,0.234888,14321.72,0.284118,0.025586,0.048875,0.084900,0.443480,0.044577,4,401075,478335,1755264,2708,0,0,0,2932,0,0,0,1751,0,0,0,945,0,0,0,1070,0,0,0,15,0,0,0,10462952634068970453,10779481572104866771,10779481572104866771,6077004706915229584,5185847911516648289,4187410074373986496,0,0,0,0,0,0,0,0,0,0,0
80,20,3246,8,10,0.256292,12665.23,0.126065,25748.62,0.089916,36100.26,0.090889,35713.90,0.128794,25203.08,0.081763,39699.90,0.209976,15458.88,0.260390,0.027720,0.043949,0.081763,0.413823,0.043671,8,378771,419956,1951068,2038,0,0,0,3100,0,0,0,1316,0,0,0,921,0,0,0,1199,0,0,0,33,0,0,0,2135413547631969778,13531561740450144550,13531561740450144550,9136489154293245175,13419161290447925969,11039204572941323667,0,0,0,0,0,0,0,0,0,0,0
81,20,3459,8,10,0.266225,12992.77,0.146009,23690.36,0.107903,32056.63,0.109822,31496.32,0.144360,23961.01,0.075180,46009.31,0.215443,16055.30,0.270415,0.025553,0.052589,0.075180,0.423738,0.050508,5,397176,437301,1939265,2183,0,0,0,2505,0,0,0,1439,0,0,0,967,0,0,0,1052,0,0,0,22,0,0,0,9869652663825888981,1344124804455561360,1344124804455561360,1701379249946044617,5230876361735865042,10086584503995961279,0,0,0,0,0,0,0,0,0,0,0
82,20,3137,8,10,0.258860,12118.54,0.150006,20912.46,0.112892,27787.66,0.116714,26877.64,0.150068,20903.88,0.079696,39362.14,0.207372,15127.38,0.264732,0.027905,0.052561,0.079696,0.424894,0.039989,5,430036,449701,1755650,1975,0,0,0,3021,0,0,0,2121,0,0,0,1087,0,0,0,1169,0,0,0,30,0,0,0,14552676649996471233,15892441763979029056,15892441763979029056,10296734206652137730,2494513960730715868,7197252333645747589,0,0,0,0,0,0,0,0,0,0,0
83,20,3078,8,10,0.274281,11222.09,0.166228,18516.72,0.120197,25607.86,0.132603,23212.19,0.166061,18535.40,0.078139,39391.11,0.217924,14124.18,0.278610,0.022940,0.048381,0.078139,0.428071,0.039006,4,368445,392290,1666584,1773,0,0,0,1195,0,0,0,1563,0,0,0,1019,0,0,0,1286,0,0,0,15,0,0,0,12890371975222347029,8287216148124574030,8287216148124574030,16921936437057100137,4902332601647901339,16985369287443687628,0,0,0,0,0,0,0,0,0,0,0
84,20,3158,8,10,0.260678,12114.57,0.142434,22171.73,0.081863,38576.66,0.107203,29458.15,0.147649,21388.54,0.081205,38889.25,0.207404,15226.32,0.264861,0.024493,0.049603,0.081205,0.420162,0.039312,5,378054,395114,1764732,1684,0,0,0,2208,0,0,0,1824,0,0,0,761,0,0,0,1009,0,0,0,28,0,0,0,5036282010404903601,8117495968087485490,8117495968087485490,2852589518483061341,1599416549170578424,4835663011301798005,0,0,0,0,0,0,0,0,0,0,0
85,20,3249,8,10,0.248109,13095.03,0.122218,26583.62,0.081510,39859.93,0.091841,35376.45,0.131645,24679.94,0.087224,37248.85,0.179930,18057.06,0.253406,0.026343,0.055108,0.087224,0.422081,0.045842,4,427977,445782,1476428,1813,0,0,0,2995,0,0,0,1413,0,0,0,1064,0,0,0,1142,0,0,0,27,0,0,0,6296513351239673108,5737710725279066602,5737710725279066602,3645415504346682435,8967048974819693867,2026401474190112089,0,0,0,0,0,0,0,0,0,0,0
86,20,3484,8,10,0.264850,13154.61,0.107762,32330.55,0.076874,45320.70,0.100529,34656.83,0.133910,26017.50,0.103130,33782.60,0.191439,18198.97,0.269451,0.032326,0.054107,0.103130,0.459013,0.058162,8,477961,529976,2058849,2025,0,0,0,2765,0,0,0,2079,0,0,0,1277,0,0,0,1348,0,0,0,35,0,0,0,2388752443415124676,8694011824082735433,8694011824082735433,13950273030032889897,6691385179008350957,15764287497185279179,0,0,0,0,0,0,0,0,0,0,0
87,20,3299,8,10,0.295822,11151.99,0.142634,23129.19,0.107688,30634.88,0.116876,28226.53,0.144660,22805.16,0.083482,39517.41,0.231655,14240.98,0.300514,0.029409,0.054148,0.083482,0.467552,0.049771,4,433515,465065,2701737,1431,0,0,0,1802,0,0,0,1447,0,0,0,867,0,0,0,1169,0,0,0,51,0,0,0,8037294949743813162,2798256886469510291,2798256886469510291,1302017372201974021,16433301071433529325,12735739484523739541,0,0,0,0,0,0,0,0,0,0,0
88,20,3173,8,10,0.281497,11271.86,0.163878,19361.97,0.110673,28670.14,0.115047,27580.12,0.156498,20274.97,0.077740,40815.29,0.218554,14518.14,0.285642,0.026176,0.047848,0.077740,0.437406,0.044109,4,386560,408475,1820126,1836,0,0,0,2229,0,0,0,1750,0,0,0,1085,0,0,0,1252,0,0,0,21,0,0,0,4332438378087950670,14299457555910609166,14299457555910609166,9194609552152541088,12210690142436785228,2887016666768369373,0,0,0,0,0,0,0,0,0,0,0
89,20,3434,8,10,0.281025,12219.55,0.153846,22321.08,0.100056,34320.90,0.133495,25723.88,0.173025,19846.80,0.104198,32956.58,0.238237,14414.25,0.285820,0.024375,0.054953,0.104198,0.469346,0.053082,3,404023,454853,1797483,2154,0,0,0,1787,0,0,0,1694,0,0,0,963,0,0,0,1172,0,0,0,32,0,0,0,13364439291421646456,3725738983576610797,3725738983576610797,12348066457380527634,7431284064737999854,17320268264895927064,0,0,0,0,0,0,0,0,0,0,0
90,20,3160,8,10,0.256272,12330.66,0.143634,22000.40,0.105129,30058.26,0.107393,29424.56,0.144674,21842.23,0.083554,37819.66,0.199336,15852.64,0.260395,0.024248,0.048499,0.083554,0.416696,0.043708,4,378879,401034,1845096,1963,0,0,0,2661,0,0,0,1976,0,0,0,1007,0,0,0,1130,0,0,0,24,0,0,0,10732769164691562059,12816643255352625000,12816643255352625000,15324189204804615391,14486349823597195450,10798708881471791917,0,0,0,0,0,0,0,0,0,0,0
91,20,3049,8,10,0.196369,15526.87,0.111290,27396.93,0.076765,39718.52,0.084269,36181.75,0.125477,24299.35,0.076444,39885.42,0.150388,20274.21,0.199102,0.024881,0.048890,0.076444,0.349317,0.041969,4,374065,397370,1982959,1913,0,0,0,3248,0,0,0,1516,0,0,0,1018,0,0,0,1213,0,0,0,28,0,0,0,1786508329021146100,14066532071928210501,14066532071928210501,3869424286101936842,400229634489337944,11652697503777566204,0,0,0,0,0,0,0,0,0,0,0
92,20,3355,8,10,0.177800,18869.53,0.092878,36122.54,0.085930,39043.60,0.086473,38798.43,0.107219,31291.17,0.081736,41046.89,0.123051,27265.02,0.183073,0.033135,0.054351,0.081736,0.352295,0.050299,7,486969,512444,1782205,1998,0,0,0,3239,0,0,0,1657,0,0,0,1075,0,0,0,1366,0,0,0,33,0,0,0,5994269770047210006,12109131455790019134,12109131455790019134,14172300840089938952,1156188401182704102,17984000626838281143,0,0,0,0,0,0,0,0,0,0,0
93,20,3315,8,10,0.182955,18119.19,0.088691,37376.99,0.075811,43727.29,0.093778,35349.29,0.101285,32729.27,0.083992,39467.99,0.131162,25274.14,0.188076,0.029405,0.058545,0.083992,0.360018,0.047471,4,425960,455865,1959164,2135,0,0,0,3241,0,0,0,1513,0,0,0,924,0,0,0,1167,0,0,0,29,0,0,0,3709567738070130913,2427435813995450798,2427435813995450798,107764267923986320,11795723176328748448,13065370532423989263,0,0,0,0,0,0,0,0,0,0,0
94,20,3585,8,10,0.279765,12814.32,0.131310,27301.88,0.084041,42657.76,0.086950,41230.53,0.144774,24762.70,0.107501,33348.57,0.215377,16645.21,0.287909,0.024115,0.056297,0.107501,0.475822,0.050487,4,444272,474697,1885288,2197,0,0,0,3128,0,0,0,1601,0,0,0,1038,0,0,0,1351,0,0,0,30,0,0,0,10584468819643430847,855328003027926057,855328003027926057,17503069718853731948,10079601346549230478,4901723702041673545,0,0,0,0,0,0,0,0,0,0,0
95,20,3433,8,10,0.294442,11659.33,0.169304,20277.10,0.105618,32503.90,0.143131,23985.02,0.178298,19254.33,0.108930,31515.54,0.254921,13466.90,0.299095,0.023229,0.045572,0.108930,0.476826,0.046415,6,389135,465880,1822901,2548,0,0,0,2787,0,0,0,2073,0,0,0,965,0,0,0,1329,0,0,0,33,0,0,0,5450648757495887553,8700137287483157315,8700137287483157315,12664320671606377396,15260990122780230691,1283252093180274229,0,0,0,0,0,0,0,0,0,0,0
96,20,3768,8,10,0.252440,14926.30,0.125235,30087.51,0.080331,46906.08,0.080806,46629.99,0.139272,27055.03,0.089734,41990.55,0.192905,19532.93,0.257729,0.030541,0.055424,0.089734,0.433428,0.056066,5,461595,498505,1710078,1826,0,0,0,2710,0,0,0,1488,0,0,0,986,0,0,0,1153,0,0,0,22,0,0,0,10993566970112668974,13811518868950265033,13811518868950265033,10798324732555428323,6813453391330712653,12708804803414384932,0,0,0,0,0,0,0,0,0,0,0
97,20,2631,8,10,0.262877,10008.49,0.132002,19931.47,0.087403,30102.10,0.087286,30142.34,0.141208,18632.06,0.082395,31931.49,0.206351,12750.12,0.266239,0.026232,0.050030,0.082395,0.424896,0.030509,5,410307,436497,1680596,1417,0,0,0,1796,0,0,0,1304,0,0,0,635,0,0,0,976,0,0,0,12,0,0,0,11010388070413594723,4677520415560705293,4677520415560705293,13193751104915848049,8720598915649608249,15810788311909093654,0,0,0,0,0,0,0,0,0,0,0
98,20,2924,8,10,0.285197,10252.57,0.149831,19515.28,0.103854,28154.86,0.116778,25038.92,0.151789,19263.58,0.068929,42420.23,0.233657,12514.07,0.289997,0.022919,0.055148,0.068929,0.436993,0.034021,3,380251,424471,1536706,1472,0,0,0,1031,0,0,0,1066,0,0,0,631,0,0,0,866,0,0,0,32,0,0,0,6606637516019396825,6199770523261726199,6199770523261726199,15439660318546740296,1626626901822100028,14461501893258139780,0,0,0,0,0,0,0,0,0,0,0
99,20,3030,8,10,0.297049,10200.35,0.165182,18343.35,0.097077,31212.39,0.119386,25379.88,0.170152,17807.64,0.083829,36144.96,0.236690,12801.55,0.300639,0.025777,0.051020,0.083829,0.461265,0.037834,4,373919,391829,1747847,1450,0,0,0,1930,0,0,0,1572,0,0,0,690,0,0,0,823,0,0,0,23,0,0,0,16181233084475081737,17236385776455035667,17236385776455035667,11102987750957946945,12084942346530199510,1334290974696782518,0,0,0,0,0,0,0,0,0,0,0
100,20,2993,8,10,0.278813,10734.79,0.145316,20596.54,0.104932,28523.21,0.107139,27935.78,0.145694,20543.10,0.072653,41195.86,0.220749,13558.39,0.283556,0.023457,0.049561,0.072653,0.429227,0.036789,4,387825,413500,1681562,1752,0,0,0,2509,0,0,0,1399,0,0,0,823,0,0,0,951,0,0,0,8,0,0,0,8364127473077363989,1653806415968172789,1653806415968172789,1833528931391477798,10389797164568301669,13876071664998756343,0,0,0,0,0,0,0,0,0,0,0
101,20,3430,8,10,0.287765,11919.46,0.155823,22012.13,0.108279,31677.29,0.116377,29473.22,0.160833,21326.50,0.086518,39645.16,0.229033,14975.98,0.291527,0.028988,0.042493,0.086518,0.449526,0.048867,10,404855,434085,2248449,1441,0,0,0,1147,0,0,0,1438,0,0,0,748,0,0,0,880,0,0,0,21,0,0,0,6776133024671282603,4264510819124546520,4264510819124546520,5136381461404177352,15005954680904517240,14045908148773446421,0,0,0,0,0,0,0,0,0,0,0
102,20,3109,8,10,0.305668,10171.18,0.152072,20444.25,0.098995,31405.68,0.114058,27258.15,0.168222,18481.48,0.080318,38708.52,0.239678,12971.57,0.310106,0.026871,0.047807,0.080318,0.465102,0.039158,5,390013,408928,1970952,1553,0,0,0,2320,0,0,0,1532,0,0,0,797,0,0,0,968,0,0,0,19,0,0,0,7315448388826505755,8228115803360804891,8228115803360804891,8222723874377918474,12791861359140009640,3722578299311193380,0,0,0,0,0,0,0,0,0,0,0
103,20,3278,8,10,0.332636,9854.63,0.176374,18585.47,0.114584,28607.95,0.128350,25539.61,0.181036,18106.92,0.071408,45905.09,0.260776,12570.17,0.336250,0.025858,0.049655,0.071408,0.483171,0.043014,4,391483,412028,1994381,1714,0,0,0,1819,0,0,0,1456,0,0,0,807,0,0,0,1010,0,0,0,28,0,0,0,9003241086096869454,991067351333811516,991067351333811516,9999231770234636611,4851643507475843184,7543942584709560977,0,0,0,0,0,0,0,0,0,0,0
104,20,3406,8,10,0.301659,11290.88,0.156454,21769.94,0.107514,31679.71,0.116397,29262.04,0.156648,21743.07,0.068359,49824.96,0.244337,13939.78,0.306466,0.026902,0.050259,0.068359,0.451986,0.045201,4,384326,441911,1784723,1699,0,0,0,1921,0,0,0,1432,0,0,0,757,0,0,0,938,0,0,0,21,0,0,0,4254927923081366112,7246465837023328089,7246465837023328089,13590809727550127946,15621186402048165978,6254977635153732659,0,0,0,0,0,0,0,0,0,0,0
105,20,3697,8,10,0.223256,16559.49,0.110943,33323.30,0.079206,46675.78,0.079328,46603.92,0.123596,29911.88,0.071657,51592.67,0.177534,20824.16,0.225993,0.028434,0.054414,0.071657,0.380499,0.049339,4,417016,463226,1733229,1658,0,0,0,1937,0,0,0,1425,0,0,0,833,0,0,0,1082,0,0,0,17,0,0,0,9381767410576632438,8792955546353687418,8792955546353687418,18052648989984890496,1178332390240824451,12092529780331790728,0,0,0,0,0,0,0,0,0,0,0
106,20,3448,8,10,0.146632,23514.72,0.066508,51843.44,0.052539,65627.32,0.062436,55224.23,0.078181,44102.58,0.066718,51680.34,0.108960,31644.61,0.150907,0.026576,0.051240,0.066718,0.295441,0.046106,4,400757,452862,1636751,1382,0,0,0,2314,0,0,0,1323,0,0,0,758,0,0,0,992,0,0,0,22,0,0,0,5158940822272996285,9557112152499102574,9557112152499102574,2708259616522456777,4490749457067716123,16078664233277919845,0,0,0,0,0,0,0,0,0,0,0
107,20,3376,8,10,0.196998,17137.23,0.096609,34944.87,0.073490,45938.53,0.087397,38628.38,0.113631,29710.31,0.082600,40871.81,0.145751,23162.85,0.201414,0.026359,0.059523,0.082600,0.369896,0.045110,3,407484,431204,1625482,1550,0,0,0,2393,0,0,0,1660,0,0,0,990,0,0,0,1040,0,0,0,28,0,0,0,1569430187371752990,7554973272990561290,7554973272990561290,18302924542517747112,6256479342908926553,18390621987189937980,0,0,0,0,0,0,0,0,0,0,0
108,20,3298,8,10,0.202170,16312.96,0.101187,32593.14,0.071371,46208.96,0.073611,44802.97,0.109520,30113.30,0.069935,47158.15,0.144473,22827.77,0.207231,0.025782,0.051300,0.069935,0.354249,0.040675,4,397662,423787,1635280,1674,0,0,0,2597,0,0,0,1185,0,0,0,845,0,0,0,1069,0,0,0,23,0,0,0,3899379751052747925,15924789008460897721,15924789008460897721,15105073654717563747,17739746654258916759,4008940127490110816,0,0,0,0,0,0,0,0,0,0,0
109,20,3340,8,10,0.169955,19652.31,0.087277,38268.78,0.063658,52467.57,0.068386,48840.64,0.096894,34470.56,0.075590,44185.54,0.127179,26262.14,0.175637,0.026501,0.055378,0.075590,0.333106,0.042312,4,420430,446320,1630782,1635,0,0,0,2494,0,0,0,1506,0,0,0,889,0,0,0,983,0,0,0,17,0,0,0,11831307042367852679,4798809912543740601,4798809912543740601,3899174969795023821,9937073936324409867,4859331063123646007,0,0,0,0,0,0,0,0,0,0,0
110,20,3206,8,10,0.204380,15686.48,0.109712,29222.05,0.077597,41315.82,0.089900,35661.88,0.126680,25307.89,0.091384,35082.88,0.161750,19820.77,0.210483,0.025232,0.053591,0.091384,0.380689,0.041975,3,390362,412362,1848503,1525,0,0,0,2284,0,0,0,1203,0,0,0,758,0,0,0,916,0,0,0,13,0,0,0,8322389108215785621,6975861054623140851,6975861054623140851,8134772083618206961,2908090706834229213,2445620192365236477,0,0,0,0,0,0,0,0,0,0,0
111,20,3852,8,10,0.206667,18638.70,0.112464,34250.99,0.070088,54959.32,0.079736,48309.69,0.130305,29561.48,0.099209,38827.00,0.160244,24038.33,0.211083,0.028773,0.058730,0.099209,0.397795,0.056180,4,428889,463969,1766000,1816,0,0,0,2252,0,0,0,1373,0,0,0,815,0,0,0,973,0,0,0,18,0,0,0,5476745621546602622,8729160079519398092,8729160079519398092,13320983600010818946,14070780715815569843,1139244118316122077,0,0,0,0,0,0,0,0,0,0,0
112,20,3429,8,10,0.195349,17553.22,0.097993,34992.44,0.070981,48308.87,0.073487,46661.49,0.107419,31921.83,0.092957,36887.86,0.142854,24003.49,0.199797,0.028807,0.044921,0.092957,0.366483,0.045129,12,437538,457388,1764223,1678,0,0,0,2895,0,0,0,1305,0,0,0,991,0,0,0,1091,0,0,0,15,0,0,0,4720286161166146499,1508343684326213735,1508343684326213735,6130779725439830400,5953896132827166392,16058028191980714806,0,0,0,0,0,0,0,0,0,0,0
113,20,3257,8,10,0.204333,15939.67,0.112256,29013.94,0.077810,41858.55,0.078382,41552.83,0.121184,26876.39,0.069228,47047.25,0.164761,19768.01,0.207388,0.024706,0.048389,0.069228,0.349712,0.039488,5,382333,411433,1802614,1395,0,0,0,2164,0,0,0,1705,0,0,0,761,0,0,0,892,0,0,0,18,0,0,0,17281908972785560207,13335539970276979468,13335539970276979468,16539086599171612008,12972821400404496250,18264190689046829072,0,0,0,0,0,0,0,0,0,0,0
114,20,3255,8,10,0.183867,17702.98,0.095250,34173.23,0.056431,57681.45,0.071760,45359.58,0.107582,30256.04,0.076436,42584.74,0.139990,23251.65,0.188258,0.025711,0.051989,0.076436,0.342393,0.042434,4,393744,424324,1727473,1431,0,0,0,2144,0,0,0,1094,0,0,0,706,0,0,0,865,0,0,0,10,0,0,0,16371493342373688151,14807895102410962926,14807895102410962926,18070502671477800446,11071598731276562985,939491765524130471,0,0,0,0,0,0,0,0,0,0,0
115,20,3162,8,10,0.160494,19701.70,0.074653,42355.89,0.054939,57554.60,0.063871,49506.26,0.084933,37229.31,0.078193,40438.61,0.110207,28691.39,0.164919,0.025114,0.025064,0.078193,0.293289,0.039434,19,377522,400807,1675918,1438,0,0,0,2318,0,0,0,1217,0,0,0,786,0,0,0,668,0,0,0,16,0,0,0,8236924262866129195,17760846886848686805,17760846886848686805,1932066881312086826,7690089648189724930,4530653120123794017,0,0,0,0,0,0,0,0,0,0,0
116,20,3543,8,10,0.251600,14081.88,0.128784,27511.13,0.080725,43889.49,0.078011,45416.43,0.129329,27395.24,0.070425,50308.85,0.196972,17987.37,0.255116,0.030000,0.061161,0.070425,0.416703,0.054741,4,437125,476895,1784634,1616,0,0,0,1758,0,0,0,1467,0,0,0,924,0,0,0,1056,0,0,0,7,0,0,0,5610633490568702107,13967206613340516148,13967206613340516148,10436241837640121037,291665613647528051,10524678093698257860,0,0,0,0,0,0,0,0,0,0,0
117,20,3491,8,10,0.297566,11731.84,0.139469,25030.58,0.090335,38645.00,0.100665,34679.31,0.151445,23051.22,0.078325,44570.56,0.221984,15726.39,0.302520,0.027676,0.053640,0.078325,0.462160,0.048927,4,427052,450912,1847904,1581,0,0,0,1362,0,0,0,1402,0,0,0,833,0,0,0,1167,0,0,0,20,0,0,0,11983861138346599383,14515557812863419431,14515557812863419431,12203978109154704768,5018643867260018261,15241525342655207750,0,0,0,0,0,0,0,0,0,0,0
118,20,3936,8,10,0.217522,18094.68,0.110574,35596.00,0.067306,58479.09,0.082308,47820.62,0.122670,32086.17,0.080272,49033.31,0.173751,22653.13,0.221833,0.026899,0.057385,0.080272,0.386389,0.057542,5,423451,470381,1839504,1771,0,0,0,2141,0,0,0,1307,0,0,0,653,0,0,0,947,0,0,0,14,0,0,0,17345196853467973514,16516732276727107337,16516732276727107337,5444030217276069057,10560353214945756384,1417125978964366234,0,0,0,0,0,0,0,0,0,0,0
119,20,3622,8,10,0.247611,14627.79,0.147374,24576.89,0.115006,31494.03,0.117821,30741.51,0.150441,24075.88,0.069467,52139.55,0.206171,17567.90,0.251700,0.028802,0.050245,0.069467,0.400214,0.050279,4,381705,425050,1821786,1697,0,0,0,1811,0,0,0,1317,0,0,0,799,0,0,0,1060,0,0,0,15,0,0,0,17446547854590755089,8218472674380046301,8218472674380046301,9333107244285219396,209172436686709525,5515380434862753860,0,0,0,0,0,0,0,0,0,0,0
120,20,3668,8,10,0.305834,11993.42,0.160574,22843.05,0.111295,32957.34,0.121432,30206.32,0.168192,21808.37,0.079907,45903.18,0.247707,14807.85,0.309449,0.027241,0.049873,0.079907,0.466471,0.051682,4,398026,447586,2105812,1587,0,0,0,2081,0,0,0,1322,0,0,0,806,0,0,0,848,0,0,0,13,0,0,0,9412612869216430753,12646975590858728105,12646975590858728105,13883359238284208190,16152020762412405208,17765180182186117609,0,0,0,0,0,0,0,0,0,0,0
121,20,3282,8,10,0.251248,13062.81,0.117225,27997.33,0.056855,57725.98,0.072927,45004.20,0.131541,24950.42,0.071451,45933.82,0.183505,17885.08,0.255619,0.025759,0.055415,0.071451,0.408243,0.042471,3,389899,417249,1468852,1255,0,0,0,1104,0,0,0,800,0,0,0,523,0,0,0,774,0,0,0,14,0,0,0,6659086358142249352,1500375278334487187,1500375278334487187,15846646006711584259,8559817863860952766,15722649780138762591,0,0,0,0,0,0,0,0,0,0,0
122,20,3337,8,10,0.194476,17158.94,0.090369,36926.56,0.067821,49203.26,0.077334,43150.48,0.102730,32483.31,0.077341,43146.75,0.137223,24318.12,0.196747,0.027275,0.051145,0.077341,0.352508,0.043244,4,393176,413236,2027819,1654,0,0,0,2548,0,0,0,1366,0,0,0,736,0,0,0,899,0,0,0,23,0,0,0,12208899274602694696,12130856565416293835,12130856565416293835,4651738054722882238,16281172645391422685,10679672828609085642,0,0,0,0,0,0,0,0,0,0,0
123,20,3284,8,10,0.217011,15132.87,0.115953,28321.72,0.065743,49951.79,0.084365,38926.21,0.129856,25289.47,0.087385,37580.75,0.166429,19732.12,0.222170,0.028950,0.056468,0.087385,0.394973,0.045053,4,425288,450543,1769735,1549,0,0,0,1933,0,0,0,1283,0,0,0,723,0,0,0,988,0,0,0,11,0,0,0,18059828024932920097,15979411194710784692,15979411194710784692,16086139625130757061,15715726007886993654,3204210476116747282,0,0,0,0,0,0,0,0,0,0,0
124,20,3548,8,10,0.202637,17509.17,0.102975,34454.84,0.066898,53035.88,0.071605,49549.88,0.114321,31035.51,0.078235,45350.36,0.152755,23226.79,0.207593,0.043063,0.043226,0.078235,0.372117,0.050405,10,402706,433391,1768972,1606,0,0,0,2066,0,0,0,1386,0,0,0,760,0,0,0,801,0,0,0,20,0,0,0,14056551831286442942,1699159228773712542,1699159228773712542,339407758160551969,3151768540882246667,9383932919886248057,0,0,0,0,0,0,0,0,0,0,0
125,20,3710,8,10,0.198727,18668.79,0.092693,40024.67,0.058758,63140.17,0.070783,52413.52,0.103565,35822.90,0.068161,54429.59,0.151612,24470.32,0.203831,0.028349,0.053029,0.068161,0.353371,0.050836,4,410319,438149,1681000,1429,0,0,0,2055,0,0,0,1287,0,0,0,780,0,0,0,958,0,0,0,13,0,0,0,9362694876372808972,15418050818514069741,15418050818514069741,18147235873227733555,13093624870103441544,894026429180292193,0,0,0,0,0,0,0,0,0,0,0
126,20,3524,8,10,0.196958,17892.10,0.092299,38180.13,0.066110,53304.77,0.077265,45609.15,0.108883,32365.04,0.075553,46642.60,0.143294,24592.77,0.201322,0.027879,0.056492,0.075553,0.361246,0.048650,4,425565,446335,1790308,1633,0,0,0,2614,0,0,0,1564,0,0,0,880,0,0,0,1227,0,0,0,20,0,0,0,7833290349180758063,10661112403663791612,10661112403663791612,5901308462737602955,5837289775781154329,8363826417606618124,0,0,0,0,0,0,0,0,0,0,0
127,20,3512,8,10,0.217151,16173.10,0.105196,33385.31,0.073695,47655.60,0.079046,44430.04,0.120794,29074.41,0.076144,46123.00,0.164783,21312.91,0.223238,0.027007,0.051007,0.076144,0.377396,0.052157,6,437494,473049,1789742,1986,0,0,0,2749,0,0,0,1520,0,0,0,1062,0,0,0,952,0,0,0,31,0,0,0,11487579162901834466,13593482806145353534,13593482806145353534,13735486257149987145,9400564432245602731,15690209610658775412,0,0,0,0,0,0,0,0,0,0,0
128,20,3192,8,10,0.216020,14776.44,0.115753,27575.85,0.067822,47064.08,0.073292,43551.61,0.118480,26941.32,0.065019,49093.22,0.155517,20525.10,0.220485,0.024901,0.049028,0.065019,0.359433,0.038789,4,377154,396784,1758490,1535,0,0,0,2320,0,0,0,1301,0,0,0,817,0,0,0,957,0,0,0,23,0,0,0,16230461720106972851,16240324593289088728,16240324593289088728,9731383293143518818,8376364574785111278,7036605280329885630,0,0,0,0,0,0,0,0,0,0,0
129,20,3374,8,10,0.155409,21710.44,0.068958,48928.15,0.057673,58502.16,0.073796,45720.85,0.084776,39799.11,0.068635,49158.51,0.114863,29374.10,0.159146,0.025861,0.046262,0.068635,0.299904,0.045759,5,376871,407856,1647357,1838,0,0,0,2598,0,0,0,1499,0,0,0,824,0,0,0,906,0,0,0,14,0,0,0,13580492497205226579,9044584879576878818,9044584879576878818,16974074402829682496,16691493200065738465,18146539653121038612,0,0,0,0,0,0,0,0,0,0,0
130,20,3580,8,10,0.171106,20922.64,0.079343,45120.66,0.065424,54720.23,0.082248,43526.82,0.094380,37931.91,0.077720,46062.75,0.125212,28591.49,0.176478,0.026463,0.050975,0.077720,0.331636,0.054044,7,404180,434495,2010446,1935,0,0,0,2864,0,0,0,1402,0,0,0,798,0,0,0,1050,0,0,0,28,0,0,0,7576056643995415531,16587944045841083682,16587944045841083682,987389865069316905,3771950894469350760,11753516291083491911,0,0,0,0,0,0,0,0,0,0,0
131,20,3464,8,10,0.183558,18871.42,0.084655,40918.99,0.233475,14836.73,0.208456,16617.41,0.102035,33949.02,0.083933,41270.92,0.131183,26405.88,0.187252,0.023719,0.051788,0.083933,0.346692,0.045944,4,384908,404388,1758122,1550,0,0,0,0,0,0,0,0,0,0,0,768,0,0,0,1076,0,0,0,14,0,0,0,9772981498550389820,6739447958286754628,9772981498550389820,721974322294621169,15931512439597478552,17197821529499110075,0,0,0,0,0,0,0,1,1,0,0
132,20,3312,8,10,0.227251,14574.22,0.121366,27289.31,0.071308,46446.69,0.083983,39436.70,0.130696,25341.28,0.076819,43114.50,0.173869,19048.83,0.232697,0.024233,0.049379,0.076819,0.383128,0.047537,4,376910,404585,1726144,1527,0,0,0,2520,0,0,0,1360,0,0,0,843,0,0,0,923,0,0,0,14,0,0,0,15482421872912729606,2726380392442268034,2726380392442268034,13777838455602300343,7720004757743806187,3387089148468788700,0,0,0,0,0,0,0,0,0,0,0
133,20,4012,8,10,0.274476,14616.94,0.143680,27923.10,0.107117,37454.42,0.110971,36153.46,0.143462,27965.64,0.081038,49507.52,0.217327,18460.62,0.278757,0.029267,0.045373,0.081038,0.434435,0.060273,9,437037,488727,2004532,2277,0,0,0,1896,0,0,0,1451,0,0,0,751,0,0,0,926,0,0,0,21,0,0,0,10393747566153339594,11083277562627010535,11083277562627010535,12581554873512066134,16317062504401126338,4737990911594810251,0,0,0,0,0,0,0,0,0,0,0
134,20,3444,8,10,0.210215,16383.26,0.110088,31284.03,0.079146,43514.39,0.082648,41670.95,0.117087,29414.07,0.093675,36765.57,0.166244,20716.58,0.214232,0.028198,0.051228,0.093675,0.387333,0.047629,4,386076,419531,1837304,1738,0,0,0,2386,0,0,0,1311,0,0,0,814,0,0,0,947,0,0,0,12,0,0,0,10793343412358802840,371184305364654204,371184305364654204,2280034121948274008,11918075458401567486,8301114203133154118,0,0,0,0,0,0,0,0,0,0,0
135,20,3885,8,10,0.169866,22871.04,0.075836,51228.64,0.060830,63866.27,0.082753,46947.20,0.093718,41454.22,0.081877,47449.30,0.126316,30756.19,0.174945,0.028788,0.057396,0.081877,0.343007,0.059254,4,422697,491587,1951291,1749,0,0,0,2585,0,0,0,1469,0,0,0,905,0,0,0,1056,0,0,0,13,0,0,0,4591142576045687584,5934480011754248732,5934480011754248732,14482152004182849015,8944118080501284673,14606466544344008177,0,0,0,0,0,0,0,0,0,0,0
136,20,3111,8,10,0.179113,17368.95,0.088922,34985.58,0.061112,50906.80,0.069614,44689.22,0.099930,31131.74,0.069553,44728.78,0.134372,23152.17,0.183779,0.026233,0.052991,0.069553,0.332556,0.038722,4,386834,416189,1546809,1554,0,0,0,2601,0,0,0,1205,0,0,0,815,0,0,0,930,0,0,0,11,0,0,0,18313633196592697477,15541015043337414539,15541015043337414539,3469202808934011399,15619380018205514593,15567439468729901557,0,0,0,0,0,0,0,0,0,0,0
137,20,3284,8,10,0.232020,14153.95,0.125592,26148.19,0.074553,44049.37,0.075613,43431.64,0.133856,24533.83,0.073323,44788.24,0.184038,17844.17,0.235610,0.024128,0.045779,0.073323,0.378840,0.039848,5,364314,396159,1757845,1503,0,0,0,1956,0,0,0,1370,0,0,0,815,0,0,0,1152,0,0,0,19,0,0,0,13343341453472406530,3130413277231576838,3130413277231576838,6431473983824928504,13511474346955173076,3533644100140920994,0,0,0,0,0,0,0,0,0,0,0
138,20,3321,8,10,0.186562,17801.03,0.092823,35777.89,0.056522,58755.64,0.068070,48787.81,0.100309,33107.55,0.069178,48006.47,0.145453,22832.19,0.191383,0.023623,0.048387,0.069178,0.332572,0.041981,4,362304,386259,1760041,1566,0,0,0,1871,0,0,0,1415,0,0,0,756,0,0,0,992,0,0,0,8,0,0,0,18361757524044960938,7001463170582857990,7001463170582857990,13363058140644155921,96581424198912570,14584794169334091575,0,0,0,0,0,0,0,0,0,0,0
139,20,3529,8,10,0.257036,13729.59,0.146806,24038.45,0.099472,35477.40,0.093493,37746.13,0.149109,23667.18,0.085110,41463.92,0.200361,17613.22,0.261611,0.026789,0.051874,0.085110,0.425384,0.049061,4,388140,412255,1982978,2285,0,0,0,3091,0,0,0,1864,0,0,0,1364,0,0,0,1693,0,0,0,27,0,0,0,859854198684803321,7975802931907788170,7975802931907788170,5660857048015841573,15023980347435415318,9669728587533684179,0,0,0,0,0,0,0,0,0,0,0
140,20,3272,8,10,0.253094,12927.98,0.141423,23136.32,0.106680,30671.12,0.107867,30333.64,0.145812,22439.93,0.063044,51900.50,0.194147,16853.22,0.258082,0.024532,0.046612,0.063044,0.392271,0.041846,4,352237,369097,2132559,1358,0,0,0,2515,0,0,0,1989,0,0,0,989,0,0,0,1001,0,0,0,13,0,0,0,17894138818445319197,4418290873888127447,4418290873888127447,11210377472358610312,11549807198953849205,12892217880957424444,0,0,0,0,0,0,0,0,0,0,0
141,20,3251,8,10,0.252131,12894.09,0.134331,24201.38,0.104371,31148.47,0.107108,30352.43,0.139275,23342.32,0.113706,28591.16,0.197049,16498.44,0.255420,0.024107,0.047812,0.113706,0.441046,0.039820,4,365316,391106,1946949,1662,0,0,0,1582,0,0,0,1713,0,0,0,771,0,0,0,749,0,0,0,22,0,0,0,11824382120242317110,1654515879368629281,1654515879368629281,17448587354022987735,7590786835255394936,1326476258054859331,0,0,0,0,0,0,0,0,0,0,1
142,20,3319,8,10,0.321357,10328.09,0.181703,18266.12,0.123036,26975.88,0.152254,21799.06,0.192361,17253.99,0.122061,27191.24,0.252405,13149.51,0.325519,0.024489,0.048990,0.122061,0.521059,0.044458,4,389300,416310,2028885,1605,0,0,0,2142,0,0,0,1237,0,0,0,841,0,0,0,906,0,0,0,25,0,0,0,10363207678223347789,10811851369506770603,10811851369506770603,13322297960281350244,153663481511564516,14013628068289036194,0,0,0,0,0,0,0,0,0,0,0
143,20,3365,8,10,0.328622,10239.71,0.175109,19216.60,0.112035,30035.14,0.125492,26814.56,0.177019,19009.27,0.082199,40937.29,0.259927,12945.97,0.331997,0.024265,0.049374,0.082199,0.487835,0.046310,4,385335,413345,1907220,1667,0,0,0,1922,0,0,0,1751,0,0,0,843,0,0,0,1082,0,0,0,26,0,0,0,575929560227325115,2867619423907522480,2867619423907522480,9996502499124933970,431499586123516345,10744557158684979910,0,0,0,0,0,0,0,0,0,0,0
144,20,3311,8,10,0.208982,15843.48,0.104556,31667.11,0.064006,51729.62,0.069756,47465.16,0.112341,29472.64,0.065781,50333.42,0.153920,21511.13,0.212977,0.026531,0.049217,0.065781,0.354507,0.044610,4,388044,405469,1756906,1558,0,0,0,2156,0,0,0,1537,0,0,0,748,0,0,0,1041,0,0,0,29,0,0,0,3365096016871617503,11811651339954085114,11811651339954085114,18257964604972328655,6082955003254324775,17853549269785582621,0,0,0,0,0,0,0,0,0,0,0
145,20,3528,8,10,0.178965,19713.31,0.086072,40989.13,0.059642,59152.52,0.075020,47027.24,0.096827,36436.25,0.073887,47748.83,0.132278,26671.13,0.182867,0.026370,0.052287,0.073887,0.335411,0.046150,4,392749,426974,2153445,1818,0,0,0,2630,0,0,0,1556,0,0,0,884,0,0,0,1239,0,0,0,15,0,0,0,7914590651751493931,11066718801197245176,11066718801197245176,12715340917876075470,1753020222452873789,17998516094961902249,0,0,0,0,0,0,0,0,0,0,0
146,20,3440,8,10,0.216836,15864.53,0.115571,29765.37,0.077311,44495.56,0.081245,42340.87,0.123599,27832.02,0.081166,42382.38,0.158091,21759.57,0.223854,0.025830,0.054230,0.081166,0.385080,0.045625,4,424607,455117,1867901,2073,0,0,0,2553,0,0,0,1445,0,0,0,987,0,0,0,1129,0,0,0,8,0,0,0,8573183108138775241,14016616200817246869,14016616200817246869,3635071451019809650,8479111431388418878,3188100798388989464,0,0,0,0,0,0,0,0,0,0,0
147,20,3712,8,10,0.311397,11920.49,0.171284,21671.62,0.116402,31889.39,0.152176,24392.78,0.192250,19308.19,0.120751,30740.97,0.260055,14273.89,0.315687,0.028234,0.056311,0.120751,0.520983,0.055820,4,416497,448552,1898532,2041,0,0,0,3064,0,0,0,1753,0,0,0,1133,0,0,0,1108,0,0,0,23,0,0,0,9612371544515909905,640038840918827258,640038840918827258,7222674444268584373,9502347128977421308,13727522532048266327,0,0,0,0,0,0,0,0,0,0,0
148,20,3643,8,10,0.268602,13562.82,0.147306,24730.81,0.115974,31412.30,0.128818,28280.27,0.151849,23990.88,0.080158,45447.52,0.221932,16414.93,0.273791,0.028191,0.052273,0.080158,0.434414,0.054251,4,387629,432184,1802338,1990,0,0,0,1910,0,0,0,1698,0,0,0,851,0,0,0,1087,0,0,0,28,0,0,0,9508116005695316866,11825762189807386989,11825762189807386989,631549737326578315,14163760423371330326,12935542928133611253,0,0,0,0,0,0,0,0,0,0,0
149,20,3470,8,10,0.232268,14939.62,0.125938,27553.31,0.080841,42923.63,0.091519,37915.77,0.140436,24708.74,0.080622,43040.18,0.187018,18554.41,0.237304,0.026985,0.055495,0.080622,0.400405,0.045360,4,419534,449739,1778810,1780,0,0,0,2707,0,0,0,1602,0,0,0,835,0,0,0,993,0,0,0,21,0,0,0,6647607865390417701,12555097086243572988,12555097086243572988,15171525343802882758,7261452892448275267,209951735945638331,0,0,0,0,0,0,0,0,0,0,0
150,20,3377,8,10,0.194216,17387.83,0.096222,35095.88,0.061853,54597.08,0.073616,45873.15,0.108672,31075.14,0.075242,44882.02,0.143796,23484.64,0.198873,0.026858,0.048809,0.075242,0.349781,0.044216,4,382399,407359,1733798,1628,0,0,0,1965,0,0,0,1505,0,0,0,825,0,0,0,957,0,0,0,11,0,0,0,6799709506054291535,10371645305181253218,10371645305181253218,4843660334893508304,9314331244281326570,14135378521751263780,0,0,0,0,0,0,0,0,0,0,0
151,20,3486,8,10,0.274600,12694.82,0.141450,24644.83,0.107332,32478.53,0.121829,28613.85,0.155556,22409.91,0.078048,44664.99,0.220171,15833.16,0.278205,0.025002,0.041716,0.078048,0.422970,0.045173,9,364394,398169,1532667,1485,0,0,0,2076,0,0,0,1327,0,0,0,782,0,0,0,825,0,0,0,16,0,0,0,6142927278119838284,11897026185523506492,11897026185523506492,16081810923322362225,2149437166320227887,7378417918188171054,0,0,0,0,0,0,0,0,0,0,0
152,20,3465,8,10,0.217029,15965.62,0.115327,30044.95,0.074713,46377.45,0.072436,47835.51,0.122739,28230.74,0.073523,47128.19,0.173191,20006.77,0.221185,0.024981,0.041734,0.073523,0.361423,0.045765,9,377151,410801,1626583,1796,0,0,0,2470,0,0,0,1415,0,0,0,866,0,0,0,1030,0,0,0,19,0,0,0,14475672815866554406,18304162837110805487,18304162837110805487,13891976078702910468,13266438253560861450,17650529929085269541,0,0,0,0,0,0,0,0,0,0,0
153,20,3309,8,10,0.216158,15308.22,0.103918,31842.38,0.080307,41204.27,0.085420,38737.88,0.116796,28331.34,0.077708,42582.46,0.157381,21025.38,0.219243,0.026009,0.052166,0.077708,0.375126,0.044141,4,410668,443183,1826309,1704,0,0,0,2790,0,0,0,1420,0,0,0,1033,0,0,0,1030,0,0,0,22,0,0,0,9766280308950522450,12244714201148374309,12244714201148374309,5082819266783595662,14360987306735561313,8516886701029929256,0,0,0,0,0,0,0,0,0,0,0
154,20,3307,8,10,0.247558,13358.48,0.146401,22588.62,0.084874,38963.85,0.086091,38412.80,0.151141,21880.28,0.089503,36948.31,0.189307,17468.95,0.252400,0.025767,0.056253,0.089503,0.423923,0.043570,3,382494,399544,1742526,1862,0,0,0,2757,0,0,0,1815,0,0,0,1131,0,0,0,1512,0,0,0,14,0,0,0,13553476647032084713,16607201577518153611,16607201577518153611,15511874589175441553,5449277210050379869,10784628142988511662,0,0,0,0,0,0,0,0,0,0,0
155,20,3725,8,10,0.213237,17468.79,0.106820,34871.91,0.080756,46126.59,0.088187,42239.93,0.113304,32876.16,0.080675,46173.06,0.168964,22046.17,0.217770,0.028510,0.065259,0.080675,0.392214,0.058444,3,419602,457767,1827853,1914,0,0,0,3118,0,0,0,1321,0,0,0,1031,0,0,0,1087,0,0,0,12,0,0,0,3221149833068548546,7468968359507273675,7468968359507273675,13930702694516492720,6974431268824512075,10397806721830879533,0,0,0,0,0,0,0,0,0,0,0
156,20,3340,8,10,0.195800,17058.20,0.115481,28922.42,0.080386,41549.34,0.077659,43008.43,0.122231,27325.22,0.066431,50277.76,0.155608,21464.16,0.199774,0.025401,0.048956,0.066431,0.340562,0.043705,4,371396,397436,1619535,1502,0,0,0,2331,0,0,0,1419,0,0,0,780,0,0,0,962,0,0,0,11,0,0,0,15008492062662894629,17173982986237262706,17173982986237262706,7128887942511373001,17573528245722192245,16029630364250573014,0,0,0,0,0,0,0,0,0,0,0
157,20,3426,8,10,0.174980,19579.43,0.089301,38364.76,0.065208,52539.48,0.083698,40933.08,0.097529,35127.89,0.079243,43234.01,0.130455,26261.97,0.179167,0.027464,0.051573,0.079243,0.337448,0.043285,5,400194,429919,1894765,1753,0,0,0,2417,0,0,0,1287,0,0,0,867,0,0,0,938,0,0,0,23,0,0,0,6504034073452971208,9814879073249633302,9814879073249633302,701466967744777170,8192811416462196068,2958330521669692726,0,0,0,0,0,0,0,0,0,0,0
158,20,3407,8,10,0.196413,17346.14,0.100468,33911.42,0.064350,52944.69,0.074448,45763.35,0.105354,32338.74,0.071865,47408.43,0.148478,22946.12,0.201487,0.025666,0.048698,0.071865,0.347716,0.047403,4,389430,415505,1880802,1698,0,0,0,2396,0,0,0,1165,0,0,0,725,0,0,0,960,0,0,0,13,0,0,0,10009593931354554689,11135100258649421395,11135100258649421395,7557746142412790889,18276760167543248945,6206699813226543390,0,0,0,0,0,0,0,0,0,0,0
159,20,3308,8,10,0.198295,16682.20,0.090566,36525.72,0.073193,45195.54,0.067025,49354.37,0.102107,32397.46,0.068437,48336.65,0.145905,22672.36,0.202246,0.026165,0.048172,0.068437,0.345020,0.042938,5,409162,438927,1530866,1601,0,0,0,2402,0,0,0,1372,0,0,0,820,0,0,0,937,0,0,0,13,0,0,0,15344736043097284159,11803190295774773527,11803190295774773527,17802252244091148287,1293088499181765147,15614911217225762035,0,0,0,0,0,0,0,0,0,0,0
160,20,3314,8,10,0.190929,17357.28,0.082505,40167.48,0.068802,48167.21,0.077594,42709.47,0.097015,34159.81,0.075220,44057.50,0.134010,24729.58,0.194315,0.026759,0.044745,0.075220,0.341040,0.045313,7,398293,426038,1933155,1729,0,0,0,2632,0,0,0,1423,0,0,0,737,0,0,0,1072,0,0,0,17,0,0,0,12064261160374193483,11911938542228523997,11911938542228523997,4317024606320885624,13082469673776035011,6959265434323509018,0,0,0,0,0,0,0,0,0,0,0
161,20,3626,8,10,0.199089,18212.98,0.094629,38318.26,0.071326,50837.04,0.077928,46530.38,0.111312,32575.05,0.071272,50875.18,0.145243,24964.97,0.203419,0.027735,0.055498,0.071272,0.357924,0.051784,4,416460,450065,1982186,1762,0,0,0,2943,0,0,0,1458,0,0,0,1117,0,0,0,949,0,0,0,19,0,0,0,15016359871700468783,3319234369926782701,3319234369926782701,1516682247088403890,18381194452016074597,5008938160824873108,0,0,0,0,0,0,0,0,0,0,0
162,20,4047,8,10,0.238283,16984.03,0.127839,31656.96,0.086035,47039.02,0.084894,47671.10,0.128697,31446.01,0.078791,51363.71,0.189707,21332.95,0.237514,0.030373,0.069576,0.078791,0.416254,0.060371,3,443097,486727,1798202,2169,0,0,0,2536,0,0,0,1594,0,0,0,865,0,0,0,1098,0,0,0,31,0,0,0,13593090540261103488,8218507236306561434,8218507236306561434,8512746970711236547,4511674614431969978,17710463199789817147,0,0,0,0,0,0,0,0,0,0,0
163,20,3581,8,10,0.260946,13723.14,0.136083,26314.87,0.089605,39964.50,0.109564,32684.06,0.160706,22282.86,0.112407,31857.40,0.208889,17143.07,0.264151,0.025947,0.048753,0.112407,0.451257,0.046758,6,406230,434630,1854767,1558,0,0,0,2035,0,0,0,1583,0,0,0,810,0,0,0,1027,0,0,0,19,0,0,0,15303282699504534352,17068380572622428597,17068380572622428597,16660226016341221077,5459253090287282604,3119529976187693654,0,0,0,0,0,0,0,0,0,0,0
164,20,3572,8,10,0.325761,10965.11,0.174564,20462.42,0.113964,31343.11,0.120415,29664.18,0.171140,20871.74,0.077792,45917.20,0.261885,13639.55,0.330529,0.027469,0.051601,0.077792,0.487391,0.048810,4,398249,427739,1803622,1797,0,0,0,2692,0,0,0,1592,0,0,0,895,0,0,0,1077,0,0,0,31,0,0,0,8919751463497820966,13011570699222149858,13011570699222149858,6243849350054232226,60391154129087181,9450347821586560461,0,0,0,0,0,0,0,0,0,0,0
165,20,3117,8,10,0.255083,12219.57,0.129414,24085.52,0.096862,32179.68,0.086596,35994.94,0.131082,23779.03,0.069553,44815.03,0.196411,15869.74,0.259673,0.023831,0.045299,0.069553,0.398356,0.039825,5,367491,387581,1746122,1781,0,0,0,2624,0,0,0,1490,0,0,0,927,0,0,0,1237,0,0,0,26,0,0,0,14219072920567633261,1142938559039544689,1142938559039544689,6707439240002487524,16063510579724228103,16990789913238217882,0,0,0,0,0,0,0,0,0,0,0
166,20,3625,8,10,0.295900,12250.76,0.148764,24367.48,0.102333,35423.53,0.112795,32137.95,0.155940,23246.06,0.086340,41985.09,0.232522,15589.91,0.302409,0.026101,0.050474,0.086340,0.465325,0.050080,5,395530,424135,1888832,1819,0,0,0,2457,0,0,0,1379,0,0,0,798,0,0,0,1115,0,0,0,9,0,0,0,5858835144431628293,10976541656645634327,10976541656645634327,15615347050466557041,6003529560268235249,15624065624215560547,0,0,0,0,0,0,0,0,0,0,0
167,20,3454,8,10,0.251631,13726.47,0.122419,28214.66,0.075463,45770.87,0.100770,34275.99,0.134678,25646.35,0.086831,39778.21,0.195502,17667.30,0.256742,0.027641,0.052034,0.086831,0.423249,0.046319,4,413654,433589,1710843,1744,0,0,0,2527,0,0,0,1408,0,0,0,904,0,0,0,1316,0,0,0,24,0,0,0,4770434460918216674,12593631718352007481,12593631718352007481,1834056026216308692,2569610318026613071,12406575494257358486,0,0,0,0,0,0,0,0,0,0,0
168,20,3360,8,10,0.237998,14117.75,0.111615,30103.47,0.070176,47879.91,0.074133,45324.16,0.122596,27407.08,0.077008,43631.63,0.184184,18242.59,0.242506,0.026005,0.053422,0.077008,0.398941,0.044261,6,377518,401303,1824560,1616,0,0,0,2195,0,0,0,1430,0,0,0,865,0,0,0,1062,0,0,0,20,0,0,0,12235120840269154735,4912512762457139354,4912512762457139354,16845567310969993606,3258832344997409542,2477989779063750048,0,0,0,0,0,0,0,0,0,0,0
169,20,3689,8,10,0.217845,16934.09,0.118158,31220.86,0.082760,44574.86,0.088517,41675.54,0.125161,29473.99,0.080337,45919.35,0.161292,22871.54,0.223476,0.026831,0.050170,0.080337,0.380814,0.054124,7,422067,441562,1791379,2699,0,0,0,3848,0,0,0,2105,0,0,0,1592,0,0,0,1781,0,0,0,14,0,0,0,6263367398203722242,510928060971325795,510928060971325795,8459108751876729477,284228286952811595,11181211924931422437,0,0,0,0,0,0,0,0,0,0,0
170,20,3871,8,10,0.220925,17521.75,0.108304,35742.12,0.072172,53636.09,0.082975,46652.42,0.126434,30616.73,0.081661,47403.54,0.163074,23737.67,0.225433,0.028233,0.057156,0.081661,0.392482,0.057344,4,431445,464025,1939565,2003,0,0,0,2600,0,0,0,1303,0,0,0,978,0,0,0,1131,0,0,0,26,0,0,0,2872536576481103405,4370794929606446635,4370794929606446635,1874023739496763948,7986535217835272526,7008077252517432718,0,0,0,0,0,0,0,0,0,0,0
171,20,3561,8,10,0.194843,18276.27,0.113916,31259.87,0.085837,41485.68,0.082488,43170.03,0.121191,29383.32,0.083910,42438.41,0.150265,23698.05,0.198946,0.026705,0.050142,0.083910,0.359703,0.048188,4,386026,408106,1741079,1959,0,0,0,2931,0,0,0,1618,0,0,0,917,0,0,0,1215,0,0,0,23,0,0,0,15055970683420528422,1686600525767648639,1686600525767648639,4417394793561062620,17658464538059938546,10579563442407649296,0,0,0,0,0,0,0,0,0,0,0
172,20,3471,8,10,0.234051,14830.10,0.122666,28296.27,0.092485,37530.50,0.088603,39174.55,0.130142,26670.79,0.078459,44239.79,0.188894,18375.36,0.237358,0.025347,0.059292,0.078459,0.400457,0.047002,4,397707,442542,2110181,1864,0,0,0,2222,0,0,0,1523,0,0,0,819,0,0,0,893,0,0,0,35,0,0,0,17320164174529418717,15585849282200583276,15585849282200583276,6794998493608009562,15031627250379381966,1716587318631705501,0,0,0,0,0,0,0,0,0,0,0
173,20,3332,8,10,0.211761,15734.70,0.109967,30300.07,0.082870,40207.50,0.091520,36407.42,0.123867,26899.87,0.084737,39321.46,0.160520,20757.59,0.215850,0.023850,0.046560,0.084737,0.370997,0.043204,6,384592,407322,2034007,1857,0,0,0,3249,0,0,0,1452,0,0,0,842,0,0,0,1025,0,0,0,23,0,0,0,14820463018431688954,17592803984404130433,17592803984404130433,12344015680580931987,1893942566087783707,7515885208740446594,0,0,0,0,0,0,0,0,0,0,0
174,20,3682,8,10,0.182846,20137.19,0.084966,43335.22,0.065480,56230.71,0.079884,46091.75,0.096062,38329.37,0.076358,48220.52,0.132393,27811.21,0.187826,0.028465,0.053273,0.076358,0.345922,0.055420,4,431943,463083,1650963,1976,0,0,0,2792,0,0,0,1461,0,0,0,801,0,0,0,982,0,0,0,21,0,0,0,9036084525712541897,8977536890921026334,8977536890921026334,14190042855954739392,16635350832939827253,8028758438417157578,0,0,0,0,0,0,0,0,0,0,0
175,20,3658,8,10,0.278213,13148.20,0.164246,22271.43,0.102727,35608.95,0.108078,33845.88,0.179223,20410.28,0.113824,32137.23,0.216067,16929.93,0.283186,0.029730,0.051222,0.113824,0.477963,0.055804,5,431731,458866,2124819,2188,0,0,0,2249,0,0,0,1723,0,0,0,1186,0,0,0,1262,0,0,0,24,0,0,0,12485532737330275169,9317219642563887598,9317219642563887598,2767044680903281690,10417051798008175079,4977989711386927789,0,0,0,0,0,0,0,0,0,0,0
176,20,3423,8,10,0.211486,16185.45,0.098406,34784.58,0.076802,44569.00,0.081953,41767.85,0.112124,30528.70,0.087452,39141.52,0.156332,21895.66,0.216178,0.025910,0.052006,0.087452,0.381547,0.048861,4,409996,433326,1761448,2033,0,0,0,3311,0,0,0,1492,0,0,0,1042,0,0,0,1287,0,0,0,17,0,0,0,6097660130093982098,15076173362557204392,15076173362557204392,9868751950630918657,14078305145006109770,18419034287510328914,0,0,0,0,0,0,0,0,0,0,0
177,20,3816,8,10,0.195403,19528.84,0.089589,42594.34,0.069549,54867.48,0.084122,45362.66,0.097240,39243.13,0.077915,48976.59,0.138298,27592.64,0.199330,0.028232,0.054974,0.077915,0.360451,0.059540,4,425578,465383,2470258,2048,0,0,0,2904,0,0,0,1565,0,0,0,906,0,0,0,1190,0,0,0,19,0,0,0,7242901229845381108,13228906058382831121,13228906058382831121,8837289823055020851,11643725861716079166,17023023607886689654,0,0,0,0,0,0,0,0,0,0,0
178,20,3138,8,10,0.206000,15233.01,0.100496,31224.99,0.077507,40486.87,0.086542,36259.83,0.111375,28175.16,0.081688,38414.37,0.148479,21134.30,0.210192,0.041594,0.047180,0.081688,0.380654,0.038897,4,380313,401838,1986651,1982,0,0,0,3204,0,0,0,1699,0,0,0,1096,0,0,0,1351,0,0,0,24,0,0,0,4554042599499508923,960605068431848788,960605068431848788,7020686203581569325,15228043904903894180,4425775365838523123,0,0,0,0,0,0,0,0,0,0,0
179,20,3233,8,10,0.180636,17897.84,0.090099,35882.57,0.066172,48857.62,0.083184,38865.82,0.104223,31019.97,0.080392,40215.33,0.127556,25345.80,0.184916,0.025040,0.049126,0.080392,0.339475,0.042124,5,380256,400936,1901104,1788,0,0,0,2918,0,0,0,1461,0,0,0,908,0,0,0,1171,0,0,0,9,0,0,0,7572017936628645787,11462401078417100277,11462401078417100277,9838140519640700341,16676793097138049844,17714284305243692432,0,0,0,0,0,0,0,0,0,0,0
180,20,3406,8,10,0.244195,13947.86,0.153771,22149.87,0.088214,38610.53,0.110104,30934.29,0.152330,22359.33,0.126360,26954.79,0.190896,17842.19,0.249372,0.024745,0.035190,0.126360,0.435667,0.043745,13,395393,423488,2215808,1803,0,0,0,2874,0,0,0,1443,0,0,0,890,0,0,0,894,0,0,0,19,0,0,0,4668533296800929875,667355611001171529,667355611001171529,6536897396628428443,6477194337923387554,3695676636443410096,0,0,0,0,0,0,0,0,0,0,0
181,20,3309,8,10,0.216966,15251.24,0.102978,32133.20,0.069716,47463.74,0.082813,39957.59,0.107526,30773.87,0.075259,43967.92,0.162199,20400.90,0.221180,0.026878,0.051614,0.075259,0.374930,0.044658,4,391241,417316,1874282,1882,0,0,0,2543,0,0,0,1543,0,0,0,859,0,0,0,1190,0,0,0,28,0,0,0,4924934667131793648,2861816901459224271,2861816901459224271,2382106137709918424,12802357419613533478,4266839058147626011,0,0,0,0,0,0,0,0,0,0,0
182,20,3382,8,10,0.272069,12430.68,0.149801,22576.63,0.113310,29847.25,0.112428,30081.37,0.150564,22462.22,0.073005,46325.44,0.200293,16885.23,0.277048,0.024723,0.057678,0.073005,0.432455,0.041585,4,387260,415695,2072910,1764,0,0,0,2066,0,0,0,1582,0,0,0,922,0,0,0,887,0,0,0,15,0,0,0,1165577042497307820,94962343791720179,94962343791720179,8765314084790308523,9541982678190572118,9730130097968550668,0,0,0,0,0,0,0,0,0,0,0
183,20,3489,8,10,0.242395,14393.83,0.119529,29189.53,0.073553,47435.48,0.087283,39973.26,0.129898,26859.56,0.085065,41015.71,0.194545,17934.14,0.245509,0.028066,0.053678,0.085065,0.412317,0.054503,5,407984,441004,1821577,2072,0,0,0,2384,0,0,0,1457,0,0,0,888,0,0,0,1087,0,0,0,30,0,0,0,321451521608165650,10425859401454280171,10425859401454280171,10916482099565645791,9566394856035500505,17771297033121673066,0,0,0,0,0,0,0,0,0,0,0
184,20,3540,8,10,0.333977,10599.54,0.178937,19783.54,0.128008,27654.57,0.144255,24539.83,0.185226,19111.83,0.079662,44437.88,0.264245,13396.66,0.343315,0.027970,0.053946,0.079662,0.504892,0.049569,5,411687,431167,1851270,1780,0,0,0,2165,0,0,0,1701,0,0,0,832,0,0,0,1135,0,0,0,9,0,0,0,14485793102013372800,7009007359115434230,7009007359115434230,5325850945419429749,3825076255452850354,17308527024056260231,0,0,0,0,0,0,0,0,0,0,0
185,20,3689,8,10,0.293829,12554.93,0.155544,23716.76,0.092067,40068.45,0.100047,36872.58,0.157055,23488.56,0.130513,28265.49,0.230246,16021.97,0.297355,0.026733,0.051065,0.130513,0.505665,0.053297,4,404096,437666,1879927,1989,0,0,0,2393,0,0,0,1412,0,0,0,1134,0,0,0,1008,0,0,0,24,0,0,0,2907122108626868796,17445678390311165805,17445678390311165805,3774081631297041317,9237995750608179276,11514192921850287745,0,0,0,0,0,0,0,0,0,0,1
186,20,3615,8,10,0.268339,13471.78,0.128516,28128.88,0.098487,36705.40,0.090605,39898.50,0.139995,25822.41,0.095698,37775.00,0.203590,17756.32,0.272993,0.029306,0.054362,0.095698,0.452359,0.048832,4,415214,446404,1874830,1856,0,0,0,2957,0,0,0,1394,0,0,0,844,0,0,0,854,0,0,0,25,0,0,0,4867143352049564997,11997737826081045426,11997737826081045426,15750678693678972849,15483289962999189660,11473972491589030646,0,0,0,0,0,0,0,0,0,0,0
187,20,3799,8,10,0.215165,17656.24,0.100169,37925.94,0.073485,51697.69,0.077505,49016.40,0.112721,33702.57,0.077330,49127.30,0.165259,22988.22,0.219699,0.028225,0.050508,0.077330,0.375762,0.053211,6,400432,429442,1738386,1899,0,0,0,3153,0,0,0,1498,0,0,0,973,0,0,0,1150,0,0,0,12,0,0,0,9955647274852261919,7415509393005861164,7415509393005861164,11660454090461819671,4914470837894736262,3487576835028826690,0,0,0,0,0,0,0,0,0,0,0
188,20,3930,8,10,0.216256,18172.95,0.115468,34035.30,0.081156,48424.99,0.092118,42662.74,0.132134,29742.62,0.093799,41898.14,0.163883,23980.56,0.220632,0.030800,0.062303,0.093799,0.407534,0.056180,4,423939,461394,1909495,2084,0,0,0,3159,0,0,0,1580,0,0,0,882,0,0,0,1180,0,0,0,15,0,0,0,9244027273028161470,4795861794553186704,4795861794553186704,11474073044528393505,12655438554799258384,7288119227318424511,0,0,0,0,0,0,0,0,0,0,0
189,20,3682,8,10,0.216159,17033.73,0.108283,34003.49,0.077214,47685.91,0.090338,40758.22,0.118207,31148.78,0.084148,43756.30,0.156379,23545.39,0.222844,0.026485,0.048415,0.084148,0.381891,0.053448,8,415796,438681,1666430,1997,0,0,0,3129,0,0,0,1774,0,0,0,1124,0,0,0,1147,0,0,0,22,0,0,0,8787128676215852716,9503898808327197996,9503898808327197996,9946028047489695019,10561366767562654870,6856857806239151594,0,0,0,0,0,0,0,0,0,0,0
190,20,3536,8,10,0.187852,18823.38,0.089773,39388.03,0.074701,47335.69,0.089803,39375.22,0.102989,34333.60,0.089405,39550.55,0.133221,26542.39,0.192534,0.027203,0.050284,0.089405,0.359426,0.046766,5,416295,442815,2068120,2022,0,0,0,3461,0,0,0,1542,0,0,0,895,0,0,0,1239,0,0,0,18,0,0,0,9322362987261806396,10184670191065414984,10184670191065414984,7565232119248856684,2564767587120065302,10548286214976989483,0,0,0,0,0,0,0,0,0,0,0
191,20,3607,8,10,0.186976,19291.27,0.096739,37285.77,0.074766,48243.71,0.085777,42050.66,0.105886,34065.02,0.083823,43031.27,0.131353,27460.42,0.193180,0.027051,0.054765,0.083823,0.358819,0.056031,5,432559,463669,1830103,2319,0,0,0,3545,0,0,0,1568,0,0,0,1157,0,0,0,1174,0,0,0,16,0,0,0,5961139511300135188,1503241304910337260,1503241304910337260,3115352214594637124,12149950481504508428,4486779855627960024,0,0,0,0,0,0,0,0,0,0,0
192,20,3866,8,10,0.190893,20252.15,0.087298,44285.12,0.074650,51788.56,0.082261,46996.78,0.099362,38908.36,0.083838,46112.75,0.138561,27901.15,0.193479,0.028979,0.058369,0.083838,0.364665,0.058867,4,426989,454254,1879312,1895,0,0,0,3198,0,0,0,1597,0,0,0,810,0,0,0,1142,0,0,0,18,0,0,0,12636130256743426729,5663207981410852606,5663207981410852606,12862602418542281812,16746372843043817964,5267459235602148502,0,0,0,0,0,0,0,0,0,0,0
193,20,3757,8,10,0.183595,20463.47,0.084334,44548.93,0.065183,57638.13,0.082077,45774.28,0.102587,36622.68,0.079605,47195.32,0.138403,27145.43,0.187570,0.029638,0.058022,0.079605,0.354836,0.056227,4,436794,468204,1876445,1863,0,0,0,2961,0,0,0,1373,0,0,0,808,0,0,0,889,0,0,0,25,0,0,0,10315717344790170568,17924949860721585762,17924949860721585762,9769663959904933834,3198216237971717775,4456628387619839729,0,0,0,0,0,0,0,0,0,0,0
194,20,4215,8,10,0.196968,21399.39,0.093982,44848.87,0.077126,54650.87,0.090910,46364.32,0.109195,38600.61,0.088936,47393.56,0.165030,25540.84,0.201738,0.031150,0.057987,0.088936,0.379811,0.064087,4,467156,601466,1852936,2910,0,0,0,4195,0,0,0,1615,0,0,0,1062,0,0,0,1211,0,0,0,23,0,0,0,18007810468539823584,10307871614783119341,10307871614783119341,14888473396658370963,3851194032684160092,17763806247504159063,0,0,0,0,0,0,0,0,0,0,0
195,20,4193,8,10,0.195341,21465.06,0.102476,40916.90,0.077460,54130.98,0.087623,47852.88,0.114369,36662.03,0.076495,54813.71,0.161501,25962.75,0.202457,0.027460,0.060277,0.076495,0.366689,0.066826,4,446429,560609,1828826,2605,0,0,0,3241,0,0,0,1737,0,0,0,1075,0,0,0,1266,0,0,0,19,0,0,0,7656623341001389750,8110341426023416394,8110341426023416394,13505143357425621633,10345859261993329921,17824114106964934042,0,0,0,0,0,0,0,0,0,0,0
196,20,3727,8,10,0.196664,18951.12,0.097717,38140.70,0.069556,53582.76,0.079115,47108.92,0.107657,34619.28,0.088401,42160.39,0.140767,26476.40,0.201944,0.027500,0.054219,0.088401,0.372064,0.060641,4,411313,431553,1824900,2047,0,0,0,3027,0,0,0,1500,0,0,0,1088,0,0,0,1188,0,0,0,11,0,0,0,6426593045337538844,15323781251246009194,15323781251246009194,1373907164720787727,3421253428629644150,975903785560580110,0,0,0,0,0,0,0,0,0,0,0
197,20,3622,8,10,0.195926,18486.60,0.097518,37142.04,0.075462,47997.55,0.090562,39994.61,0.110893,32662.13,0.086870,41694.52,0.141740,25553.86,0.199771,0.029014,0.056238,0.086870,0.371893,0.050106,4,436920,465635,1802642,1880,0,0,0,3076,0,0,0,1426,0,0,0,899,0,0,0,979,0,0,0,13,0,0,0,4211489205610341497,5369779449671690709,5369779449671690709,2362727238405729605,5009731440684849620,5297967728035862035,0,0,0,0,0,0,0,0,0,0,0
198,20,3505,8,10,0.157689,22227.27,0.080074,43771.74,0.071948,48715.62,0.082580,42443.75,0.094019,37279.78,0.079492,44092.59,0.112008,31292.54,0.162430,0.026918,0.049429,0.079492,0.318268,0.052059,4,397446,425736,1732168,1945,0,0,0,3124,0,0,0,1444,0,0,0,875,0,0,0,1094,0,0,0,14,0,0,0,8324960256593603090,17453400735976062010,17453400735976062010,2189943942489537692,3191680138745970435,18422886794186676048,0,0,0,0,0,0,0,0,0,0,0
199,20,3831,8,10,0.185962,20600.95,0.093805,40840.09,0.078038,49091.62,0.085799,44651.10,0.106424,35997.66,0.085588,44761.00,0.141540,27066.61,0.190779,0.028172,0.052833,0.085588,0.357372,0.055589,5,430834,471344,1981950,2347,0,0,0,3844,0,0,0,1588,0,0,0,1138,0,0,0,1190,0,0,0,15,0,0,0,14865349853553968728,11449972907530304939,11449972907530304939,9685492105666293851,5875267093776193966,16797861372899154753,0,0,0,0,0,0,0,0,0,0,0
200,20,3586,8,10,0.187730,19101.86,0.096560,37137.67,0.075392,47564.90,0.076669,46772.68,0.103601,34613.44,0.076460,46900.62,0.137334,26111.46,0.192223,0.028416,0.059628,0.076460,0.356726,0.050585,4,397718,419843,1897361,1953,0,0,0,2994,0,0,0,1727,0,0,0,957,0,0,0,1087,0,0,0,22,0,0,0,1630733099467534821,15077831504301414552,15077831504301414552,1137353972601347429,2475400003610653889,15836288805001549148,0,0,0,0,0,0,0,0,0,0,0
201,20,3827,8,10,0.233001,16424.84,0.131040,29204.85,0.089797,42618.36,0.090311,42375.98,0.144131,26552.31,0.084379,45354.83,0.189008,20247.77,0.237708,0.027458,0.064968,0.084379,0.414514,0.058967,4,430042,467587,1924805,2026,0,0,0,3296,0,0,0,1528,0,0,0,904,0,0,0,1102,0,0,0,41,0,0,0,13045611583964338219,13148087717091998742,13148087717091998742,14009968276413542014,5996511298361894615,17428872968818032906,0,0,0,0,0,0,0,0,0,0,0
202,20,3668,8,10,0.202663,18098.98,0.095202,38528.49,0.074393,49305.59,0.090848,40374.97,0.109527,33489.53,0.082921,44235.07,0.152071,24120.28,0.207246,0.028144,0.056943,0.082921,0.375254,0.052208,6,430483,459178,1768723,1910,0,0,0,2816,0,0,0,1563,0,0,0,974,0,0,0,1040,0,0,0,27,0,0,0,17232749742770296846,7586342720630994991,7586342720630994991,1973857510429977454,13940067131753683781,11676768644211874580,0,0,0,0,0,0,0,0,0,0,0
203,20,3627,8,10,0.195598,18543.17,0.092237,39322.79,0.070645,51340.92,0.091668,39566.79,0.113101,32068.77,0.088752,40866.91,0.146989,24675.25,0.200268,0.028297,0.051308,0.088752,0.368624,0.049434,6,422536,447626,1843016,1812,0,0,0,2804,0,0,0,1325,0,0,0,801,0,0,0,1035,0,0,0,26,0,0,0,7266561041522598620,15869837479753190347,15869837479753190347,4277599685878268657,3878520014616154944,9183819840538388194,0,0,0,0,0,0,0,0,0,0,0
204,20,3540,8,10,0.217630,16266.11,0.113873,31087.31,0.082703,42803.96,0.098044,36106.39,0.122938,28794.90,0.091255,38792.33,0.162468,21788.97,0.222524,0.027747,0.054009,0.091255,0.395536,0.047001,4,407950,434690,2018836,1986,0,0,0,3178,0,0,0,1325,0,0,0,879,0,0,0,1213,0,0,0,22,0,0,0,10169773407872252206,1954551950338959711,1954551950338959711,16800208491129971936,644908500650235738,17775729920931743046,0,0,0,0,0,0,0,0,0,0,0
205,20,3952,8,10,0.209087,18901.23,0.098432,40149.36,0.074441,53088.96,0.085600,46168.18,0.110448,35781.65,0.085707,46110.74,0.167940,23532.17,0.213800,0.028657,0.055850,0.085707,0.384013,0.059071,4,429432,483672,1998459,1944,0,0,0,3171,0,0,0,1565,0,0,0,919,0,0,0,1229,0,0,0,22,0,0,0,17786420243195106790,17401345190785601608,17401345190785601608,4276259300910061066,9607572150406504458,9202813091296010013,0,0,0,0,0,0,0,0,0,0,0
206,20,3625,8,10,0.177168,20460.81,0.096191,37685.60,0.075669,47906.13,0.074377,48738.45,0.104878,34563.94,0.075677,47900.79,0.129774,27933.16,0.180765,0.025542,0.057107,0.075677,0.339092,0.046317,3,382664,403769,1669737,1991,0,0,0,3367,0,0,0,2245,0,0,0,1340,0,0,0,2042,0,0,0,16,0,0,0,1664550107100487789,3375406862820670546,3375406862820670546,5911335224707248114,472444312042454701,5404304143828992771,0,0,0,0,0,0,0,0,0,0,0
207,20,3527,8,10,0.281060,12548.93,0.138905,25391.37,0.090503,38971.04,0.105035,33579.34,0.155194,22726.41,0.081820,43106.67,0.216719,16274.54,0.284335,0.022795,0.049811,0.081820,0.438761,0.046170,4,392099,415629,1861670,1860,0,0,0,2068,0,0,0,1593,0,0,0,922,0,0,0,1153,0,0,0,8,0,0,0,13657530806043969987,18185785551273246501,18185785551273246501,10991544455311607431,14745007447075662898,10477576828275064849,0,0,0,0,0,0,0,0,0,0,0
208,20,4145,8,10,0.227668,18206.37,0.120658,34353.34,0.086998,47644.78,0.087287,47486.87,0.123733,33499.47,0.084858,48846.38,0.184887,22419.05,0.232577,0.028514,0.054482,0.084858,0.400431,0.058666,4,436686,488601,1888853,2243,0,0,0,3808,0,0,0,2026,0,0,0,1282,0,0,0,1749,0,0,0,33,0,0,0,4333799815074158086,11605513649155146688,11605513649155146688,9238129482841321907,2800017434624380565,1497312823600800747,0,0,0,0,0,0,0,0,0,0,0
209,20,4210,8,10,0.242631,17351.44,0.136998,30730.35,0.096948,43425.35,0.100803,41764.75,0.149194,28218.32,0.097816,43039.84,0.217852,19325.02,0.241143,0.028611,0.056638,0.097816,0.424207,0.062722,5,449009,614184,1735970,3892,0,0,0,4940,0,0,0,1938,0,0,0,1379,0,0,0,1340,0,0,0,20,0,0,0,4882642028571815344,11334185098064387623,11334185098064387623,2912383990139037617,13848993462764723208,7831834015953931770,0,0,0,0,0,0,0,0,0,0,0
210,20,3591,8,10,0.253505,14165.42,0.150158,23914.77,0.105398,34070.92,0.124222,28908.03,0.155324,23119.39,0.085065,42214.97,0.206112,17422.53,0.259800,0.026375,0.050960,0.085065,0.422199,0.048866,4,412059,442879,1747559,2558,0,0,0,4005,0,0,0,1961,0,0,0,1404,0,0,0,1314,0,0,0,25,0,0,0,4959027188202850371,773253674155524368,773253674155524368,4849097263501211779,14107304396408349422,12768316495257454127,0,0,0,0,0,0,0,0,0,0,0
211,20,3626,8,10,0.215668,16812.89,0.118713,30544.15,0.084427,42948.36,0.090210,40195.30,0.126439,28677.91,0.085619,42350.23,0.173229,20931.86,0.220066,0.026151,0.049626,0.085619,0.381462,0.050836,4,397026,438226,1938149,2391,0,0,0,3700,0,0,0,1472,0,0,0,1071,0,0,0,1152,0,0,0,31,0,0,0,12078910317403308879,14843545627751443104,14843545627751443104,18093798474210694163,11707908801225645368,3873873070007899874,0,0,0,0,0,0,0,0,0,0,0
212,20,3882,8,10,0.267506,14511.84,0.143761,27003.16,0.110041,35277.86,0.104467,37160.04,0.151109,25690.10,0.096050,40416.38,0.225578,17209.12,0.274516,0.029054,0.052060,0.096050,0.451680,0.056843,5,472274,535164,2235949,2452,0,0,0,3226,0,0,0,1378,0,0,0,1113,0,0,0,1216,0,0,0,47,0,0,0,7181581066907676256,15143666067335675748,15143666067335675748,11076296510943527117,7479742435946981422,12433330292366673243,0,0,0,0,0,0,0,0,0,0,0
213,20,3788,8,10,0.220170,17204.85,0.113632,33335.78,0.090560,41828.78,0.095315,39741.89,0.122714,30868.62,0.092258,41058.56,0.178562,21213.93,0.224215,0.028703,0.050503,0.092258,0.395679,0.059365,6,432216,485811,2070814,2238,0,0,0,3344,0,0,0,2069,0,0,0,1227,0,0,0,1310,0,0,0,34,0,0,0,1461930065480526325,10284423362964167036,10284423362964167036,12125913656301466289,5145976459064826655,16194574737185099984,0,0,0,0,0,0,0,0,0,0,0
214,20,4491,8,10,0.231880,19367.77,0.126048,35629.25,0.094884,47331.33,0.089579,50134.60,0.130924,34302.47,0.081487,55113.33,0.196203,22889.61,0.236512,0.030934,0.057488,0.081487,0.406421,0.066778,4,451697,581742,2439768,3325,0,0,0,4184,0,0,0,2154,0,0,0,1260,0,0,0,1464,0,0,0,31,0,0,0,15844393853709749597,10032882069387500421,10032882069387500421,11714319200664041648,8354592487203096815,5951862384415837265,0,0,0,0,0,0,0,0,0,0,0
215,20,3456,8,10,0.249627,13844.65,0.137265,25177.52,0.083104,41586.22,0.096927,35655.56,0.145241,23794.97,0.088502,39050.00,0.207255,16675.14,0.253984,0.033842,0.062812,0.088502,0.439140,0.049901,4,484574,520529,2234839,1594,0,0,0,2332,0,0,0,1576,0,0,0,753,0,0,0,950,0,0,0,23,0,0,0,2473239126349808732,10020853707565130147,10020853707565130147,7285398858550638387,8894161946893762121,4399922954867365063,0,0,0,0,0,0,0,0,0,0,0
216,20,3340,8,10,0.323375,10328.57,0.191800,17413.95,0.103329,32323.98,0.155045,21542.14,0.191981,17397.53,0.124931,26734.69,0.268510,12439.01,0.330004,0.024819,0.044111,0.124931,0.523865,0.048819,6,387116,414236,2423552,1502,0,0,0,1658,0,0,0,1506,0,0,0,873,0,0,0,1149,0,0,0,31,0,0,0,14429661095278098205,14248604858479818236,14248604858479818236,4505856090967469040,2918695276004356363,4492577755503101500,0,0,0,0,0,0,0,0,0,0,0
217,20,3510,8,10,0.267635,13114.88,0.141397,24823.68,0.076783,45712.95,0.088549,39639.15,0.155809,22527.52,0.089040,39420.62,0.211746,16576.47,0.272562,0.027028,0.051584,0.089040,0.440213,0.049378,4,395674,415924,2398868,1698,0,0,0,1586,0,0,0,1439,0,0,0,815,0,0,0,1096,0,0,0,28,0,0,0,16980318326656575072,3346210547332672188,3346210547332672188,13925325813276622212,3520119735044434575,4175142856206251270,0,0,0,0,0,0,0,0,0,0,0
218,20,3596,8,10,0.285315,12603.59,0.150779,23849.50,0.089958,39974.37,0.092068,39058.02,0.153293,23458.33,0.087343,41171.00,0.212215,16945.06,0.291219,0.027168,0.047462,0.087343,0.453192,0.049571,5,401186,430181,2486497,1731,0,0,0,2172,0,0,0,1388,0,0,0,890,0,0,0,819,0,0,0,13,0,0,0,7806284654750679540,17959087560272844582,17959087560272844582,3172379878970303782,3282675057827665025,12205956240317894486,0,0,0,0,0,0,0,0,0,0,0
219,20,3590,8,10,0.209040,17173.71,0.111009,32339.79,0.081258,44180.49,0.088580,40528.22,0.119859,29951.87,0.080510,44590.96,0.163138,22005.88,0.213488,0.026760,0.050074,0.080510,0.370831,0.052810,4,408543,445903,2377059,2177,0,0,0,3000,0,0,0,1385,0,0,0,848,0,0,0,927,0,0,0,23,0,0,0,7669465812787835444,17212421296481921613,17212421296481921613,1826631282940968367,14968482004899055763,16734474194679255919,0,0,0,0,0,0,0,0,0,0,0
220,20,3586,8,10,0.180752,19839.39,0.080308,44652.90,0.066083,54265.12,0.083104,43150.56,0.095313,37623.47,0.081446,44029.39,0.130264,27528.67,0.188231,0.026674,0.050919,0.081446,0.347270,0.048182,6,409154,429714,2360483,1686,0,0,0,2691,0,0,0,1479,0,0,0,872,0,0,0,1033,0,0,0,19,0,0,0,1508989184223175383,2672768655790256192,2672768655790256192,8154638140018954839,11143537848311144043,5336084998774076557,0,0,0,0,0,0,0,0,0,0,0
221,20,3788,8,10,0.181702,20847.30,0.094733,39985.95,0.074151,51084.91,0.086826,43627.62,0.112086,33795.52,0.085042,44542.57,0.131036,28908.13,0.185062,0.025579,0.055053,0.085042,0.350736,0.056614,4,410354,438144,2143980,2102,0,0,0,3113,0,0,0,1659,0,0,0,1061,0,0,0,1032,0,0,0,26,0,0,0,13183016977473946939,9053670197016282969,9053670197016282969,12561518479807891893,17861529954477498288,4612851888767347645,0,0,0,0,0,0,0,0,0,0,0
222,20,3969,8,10,0.181090,21917.27,0.086502,45883.29,0.083754,47388.61,0.089943,44128.12,0.098132,40445.71,0.094063,42195.28,0.148730,26685.93,0.187363,0.029237,0.048485,0.094063,0.359147,0.057912,5,476280,533660,2569449,3259,0,0,0,4924,0,0,0,1455,0,0,0,1157,0,0,0,1496,0,0,0,137,0,0,0,18431891319370900875,3588830789133151660,3588830789133151660,10198868713400339654,14072644457858251907,4405275627105628957,0,0,0,0,0,0,0,0,0,0,0
223,20,3401,8,10,0.163056,20857.92,0.088130,38590.78,0.083996,40490.10,0.090170,37717.66,0.100942,33692.54,0.089372,38054.21,0.137878,24666.76,0.168782,0.024650,0.059366,0.089372,0.342171,0.043224,3,420882,464617,2282057,3451,0,0,0,4760,0,0,0,1394,0,0,0,924,0,0,0,1331,0,0,0,103,0,0,0,5408880502115552978,18382747600337338206,18382747600337338206,14262305740965808101,12052232304493368353,11618127132928380478,0,0,0,0,0,0,0,0,0,0,0
224,20,3282,8,10,0.168071,19527.41,0.081508,40265.83,0.069326,47341.54,0.080259,40892.39,0.095413,34397.78,0.080424,40808.93,0.137585,23854.36,0.171271,0.025282,0.046886,0.080424,0.323863,0.040886,4,380337,412077,2285374,2017,0,0,0,3467,0,0,0,1245,0,0,0,858,0,0,0,1051,0,0,0,28,0,0,0,9766714095886535381,14505485423293538731,14505485423293538731,15365627861968748568,14201406337668755722,13491952270298145712,0,0,0,0,0,0,0,0,0,0,0
225,20,3466,8,10,0.254338,13627.55,0.150408,23043.92,0.112133,30909.79,0.116479,29756.43,0.163859,21152.33,0.099726,34755.28,0.214098,16188.87,0.260369,0.024386,0.047753,0.099726,0.432233,0.042945,4,375290,397395,2008039,1829,0,0,0,3049,0,0,0,1622,0,0,0,802,0,0,0,1010,0,0,0,21,0,0,0,738873238260903919,8506787058712225951,8506787058712225951,2461132038755321943,15972813532842844050,7289997759879349884,0,0,0,0,0,0,0,0,0,0,0
226,20,3345,8,10,0.186407,17944.61,0.094322,35463.67,0.089208,37496.60,0.097701,34237.03,0.109272,30611.64,0.088617,37746.51,0.142791,23425.91,0.190900,0.025728,0.045310,0.088617,0.350556,0.045645,6,411902,442307,2325509,2474,0,0,0,4136,0,0,0,1814,0,0,0,1217,0,0,0,1165,0,0,0,37,0,0,0,8777133701511613340,10349587273894686761,10349587273894686761,9886328849200591292,4531210682846213056,12521481535213274103,0,0,0,0,0,0,0,0,0,0,0
227,20,3575,8,10,0.207584,17221.94,0.116643,30649.15,0.088674,40316.39,0.088723,40294.00,0.128114,27904.75,0.083088,43026.59,0.168930,21162.60,0.212872,0.025541,0.048715,0.083088,0.370216,0.047246,5,396668,426423,2204123,2094,0,0,0,3292,0,0,0,1357,0,0,0,891,0,0,0,1099,0,0,0,18,0,0,0,16076648093025701802,275915821140489166,275915821140489166,8670643701478281256,8681357817204894993,5703556329942896348,0,0,0,0,0,0,0,0,0,0,0
228,20,3639,8,10,0.230771,15768.90,0.114176,31871.73,0.087653,41515.99,0.088172,41271.53,0.128687,28278.01,0.086520,42059.61,0.180479,20163.02,0.234297,0.027814,0.050597,0.086520,0.399227,0.049664,5,403445,440705,2182872,2319,0,0,0,3320,0,0,0,1523,0,0,0,925,0,0,0,918,0,0,0,24,0,0,0,15838198742131489018,4079077732850566680,4079077732850566680,897787200788641947,6116866455089210988,5694238121054251327,0,0,0,0,0,0,0,0,0,0,0
229,20,3925,8,10,0.312376,12565.00,0.165787,23675.00,0.113487,34585.55,0.142054,27630.38,0.168880,23241.39,0.088672,44264.30,0.254697,15410.45,0.316722,0.026305,0.051904,0.088672,0.483603,0.055850,5,420736,456446,2357196,2036,0,0,0,2598,0,0,0,1667,0,0,0,999,0,0,0,1062,0,0,0,19,0,0,0,1966133809792250386,14508826678403985763,14508826678403985763,11048252292149647110,4919205373088699648,8580895360487317303,0,0,0,0,0,0,0,0,0,0,0
230,20,3549,8,10,0.248985,14253.87,0.149919,23672.80,0.109945,32279.82,0.097435,36424.33,0.152905,23210.52,0.079064,44887.71,0.213267,16641.15,0.254102,0.025976,0.055861,0.079064,0.415002,0.046262,3,409366,449031,1841442,2251,0,0,0,3076,0,0,0,1470,0,0,0,1077,0,0,0,1122,0,0,0,30,0,0,0,11014973810793531006,813203523699835300,813203523699835300,4837778473803462168,4051125085355676945,10979260184233534870,0,0,0,0,0,0,0,0,0,0,0
231,20,3602,8,10,0.240277,14991.02,0.143231,25148.22,0.092705,38854.52,0.096090,37485.69,0.141220,25506.27,0.076672,46979.49,0.201535,17872.81,0.243735,0.024614,0.051036,0.076672,0.396057,0.046900,4,380715,451480,1668407,1805,0,0,0,2930,0,0,0,1698,0,0,0,994,0,0,0,1154,0,0,0,31,0,0,0,3683637611316414523,1304766517380909636,1304766517380909636,15272155804825453000,8156271892866057006,14775060113382974378,0,0,0,0,0,0,0,0,0,0,0
232,20,3503,8,10,0.177814,19700.41,0.095003,36872.38,0.078980,44352.99,0.094908,36909.50,0.108250,32360.42,0.085986,40739.14,0.145381,24095.30,0.184607,0.025474,0.050328,0.085986,0.346395,0.046729,4,405800,436900,1618275,2527,0,0,0,3911,0,0,0,1655,0,0,0,1072,0,0,0,1139,0,0,0,44,0,0,0,2397219682796290014,6752225539373392330,6752225539373392330,15015994491522879041,11005747694867186500,10719380278341738293,0,0,0,0,0,0,0,0,0,0,0
233,20,3691,8,10,0.197597,18679.40,0.114989,32098.66,0.090975,40571.49,0.109491,33710.52,0.128672,28685.43,0.095511,38644.57,0.163556,22567.24,0.202651,0.028498,0.053021,0.095511,0.379681,0.052787,4,421259,479754,1925971,2482,0,0,0,3931,0,0,0,1697,0,0,0,1180,0,0,0,1261,0,0,0,25,0,0,0,16425367230397595205,12588771600861408326,12588771600861408326,16050648966321548431,2563881215600162317,6264245687207527683,0,0,0,0,0,0,0,0,0,0,0
234,20,3498,8,10,0.189034,18504.57,0.093138,37557.12,0.085275,41020.20,0.095238,36729.16,0.115843,30195.91,0.090931,38468.81,0.152772,22896.94,0.194593,0.028213,0.049400,0.090931,0.363137,0.052732,4,428119,461234,1794874,2611,0,0,0,4133,0,0,0,1483,0,0,0,1106,0,0,0,1288,0,0,0,54,0,0,0,17171605848983874312,7278294196074668664,7278294196074668664,663981338470937023,17790373205427067835,12904266365484632105,0,0,0,0,0,0,0,0,0,0,0
235,20,3649,8,10,0.184313,19797.89,0.082945,43992.75,0.076679,47588.25,0.094738,38516.85,0.111838,32627.48,0.091380,39932.33,0.153597,23757.02,0.189844,0.027988,0.052653,0.091380,0.361865,0.055914,5,426148,471713,1707501,2381,0,0,0,3666,0,0,0,1646,0,0,0,1061,0,0,0,1220,0,0,0,94,0,0,0,10199868263369996498,12474171470928323191,12474171470928323191,1170006149885403642,1199310674335194625,4960408316221659835,0,0,0,0,0,0,0,0,0,0,0
236,20,3906,8,10,0.198290,19698.39,0.094045,41533.20,0.081844,47725.11,0.096819,40343.33,0.116000,33672.50,0.088221,44275.14,0.161922,24122.67,0.205231,0.029827,0.057414,0.088221,0.380693,0.064554,5,451861,556621,2054234,2636,0,0,0,4184,0,0,0,1947,0,0,0,1373,0,0,0,1232,0,0,0,32,0,0,0,4020580273317782140,14604633038530146922,14604633038530146922,7130708102425418891,7438084512621451811,519608596823749040,0,0,0,0,0,0,0,0,0,0,0
237,20,4171,8,10,0.206667,20182.23,0.090961,45854.74,0.077958,53503.07,0.094272,44244.10,0.109409,38123.06,0.097549,42758.01,0.160587,25973.41,0.211462,0.028597,0.052116,0.097549,0.389723,0.062004,7,452343,489548,1968628,2340,0,0,0,3603,0,0,0,2159,0,0,0,1307,0,0,0,1515,0,0,0,36,0,0,0,1974460662821546774,9842637942491343081,9842637942491343081,11894321385700560862,14598769393382893121,4071219220138281913,0,0,0,0,0,0,0,0,0,0,0
238,20,3615,8,10,0.210256,17193.35,0.109588,32987.16,0.084175,42946.04,0.091214,39632.12,0.119752,30187.32,0.089721,40291.75,0.170491,21203.49,0.214711,0.026626,0.051575,0.089721,0.382633,0.052789,4,393684,435204,1647242,2153,0,0,0,3341,0,0,0,1764,0,0,0,1174,0,0,0,1277,0,0,0,41,0,0,0,5177451039782757319,17614041120705755806,17614041120705755806,15633513075889599984,16557043789491947516,14926503094808045167,0,0,0,0,0,0,0,0,0,0,0
239,20,3704,8,10,0.257428,14388.46,0.131208,28229.92,0.100957,36688.96,0.106640,34733.65,0.140771,26312.24,0.082780,44745.23,0.208282,17783.57,0.262390,0.028866,0.051765,0.082780,0.425801,0.053322,4,404152,441867,1653955,2343,0,0,0,3772,0,0,0,1867,0,0,0,962,0,0,0,1158,0,0,0,18,0,0,0,11383938622044171,15936110448291178851,15936110448291178851,10206132089791872277,14435046469973189662,13524827068069456640,0,0,0,0,0,0,0,0,0,0,0
240,20,3652,8,10,0.264056,13830.40,0.133322,27392.35,0.090796,40222.11,0.093720,38967.19,0.144740,25231.53,0.096138,37987.25,0.221952,16454.04,0.269856,0.027545,0.052893,0.096138,0.446432,0.055371,4,422914,486574,1751067,2427,0,0,0,3553,0,0,0,1581,0,0,0,893,0,0,0,1223,0,0,0,17,0,0,0,7827216520790481779,5620130852092767838,5620130852092767838,11288808921652802870,16762822527575414057,4764462975781412237,0,0,0,0,0,0,0,0,0,0,0
241,20,3597,8,10,0.294723,12204.66,0.149809,24010.56,0.115973,31015.71,0.128505,27991.15,0.164444,21873.67,0.102393,35129.42,0.238705,15068.83,0.299366,0.028382,0.052255,0.102393,0.482396,0.049982,5,422467,457462,1793453,2371,0,0,0,3398,0,0,0,1983,0,0,0,1184,0,0,0,1292,0,0,0,24,0,0,0,11836740227945318870,7741653540862493785,7741653540862493785,10179302786729384911,15431244820854131038,45143164404611871,0,0,0,0,0,0,0,0,0,0,0
242,20,3774,8,10,0.382890,9856.61,0.230981,16339.03,0.159832,23612.28,0.220542,17112.38,0.258405,14605.01,0.084669,44573.41,0.327365,11528.41,0.389376,0.029103,0.055953,0.084669,0.559102,0.051141,4,443122,476962,1747730,2257,0,0,0,2438,0,0,0,2456,0,0,0,1263,0,0,0,1241,0,0,0,22,0,0,0,9095298508122109087,15638426026246047868,15638426026246047868,4866181257891506974,87078903382535197,840631376597386647,0,0,0,0,0,0,0,0,0,0,0
243,20,3576,8,10,0.287826,12424.16,0.159778,22381.02,0.132237,27042.45,0.135577,26376.15,0.161676,22118.27,0.086171,41499.02,0.230597,15507.54,0.297439,0.027333,0.055728,0.086171,0.466670,0.046988,4,415320,438475,1790605,2266,0,0,0,2551,0,0,0,1967,0,0,0,1016,0,0,0,1178,0,0,0,21,0,0,0,5248945659783241584,12015827591022043257,12015827591022043257,4060236054592797910,11719667479533163224,14158014659873456741,0,0,0,0,0,0,0,0,0,0,0
244,20,4227,8,10,0.235995,17911.40,0.122443,34522.20,0.088041,48011.85,0.090174,46876.11,0.127597,33127.85,0.080353,52605.45,0.188383,22438.36,0.242674,0.029434,0.062412,0.080353,0.414874,0.069193,4,469883,507683,1887670,2234,0,0,0,3255,0,0,0,1810,0,0,0,1188,0,0,0,1238,0,0,0,23,0,0,0,6450013971249207641,15791321508468050739,15791321508468050739,354632517697676702,18373249552219354292,5780164991387182500,0,0,0,0,0,0,0,0,0,0,0
245,20,3726,8,10,0.249312,14945.11,0.123528,30163.23,0.087430,42617.08,0.093267,39949.61,0.159496,23361.15,0.115787,32179.76,0.204863,18187.80,0.254568,0.028897,0.059188,0.115787,0.458439,0.053394,4,462919,506234,1987537,2370,0,0,0,3346,0,0,0,1683,0,0,0,1045,0,0,0,1447,0,0,0,23,0,0,0,7882782832190457707,16939569634874662976,16939569634874662976,7742372473272839158,6848538830010105403,5317680590614942366,0,0,0,0,0,0,0,0,0,0,0
246,20,3625,8,10,0.210589,17213.64,0.105429,34383.28,0.087980,41202.66,0.089383,40556.02,0.119404,30359.11,0.093299,38853.70,0.156531,23158.38,0.215435,0.026291,0.050109,0.093299,0.385134,0.047544,5,421427,446937,1793889,2541,0,0,0,3533,0,0,0,1918,0,0,0,1148,0,0,0,1595,0,0,0,24,0,0,0,16276585901569802102,1521542868969345125,1521542868969345125,17171568097525268788,11561680080350892767,17874251608491729642,0,0,0,0,0,0,0,0,0,0,0
247,20,3582,8,10,0.262564,13642.37,0.135987,26340.80,0.091772,39031.67,0.092353,38786.13,0.146837,24394.39,0.092348,38787.86,0.206753,17325.06,0.268358,0.027889,0.054538,0.092348,0.443133,0.046505,4,415117,439837,1744379,2293,0,0,0,3494,0,0,0,1651,0,0,0,1055,0,0,0,1118,0,0,0,19,0,0,0,11581405878185247310,13343923761080900106,13343923761080900106,17694985433713061184,10010895324121798013,7869765038466064316,0,0,0,0,0,0,0,0,0,0,0
248,20,3750,8,10,0.222176,16878.51,0.115422,32489.40,0.089992,41670.20,0.098655,38011.36,0.124089,30220.32,0.097577,38431.21,0.177415,21136.86,0.227667,0.027682,0.051404,0.097577,0.404329,0.057114,5,439899,476674,1720773,2713,0,0,0,3830,0,0,0,1701,0,0,0,1164,0,0,0,1496,0,0,0,38,0,0,0,16310812762149855288,13248865796416243706,13248865796416243706,1771386069172327464,17678671772853569117,1728464577825723769,0,0,0,0,0,0,0,0,0,0,0
249,20,3693,8,10,0.282663,13065.03,0.147919,24966.34,0.107843,34244.09,0.100676,36682.07,0.160629,22990.82,0.099749,37023.06,0.227722,16217.16,0.287651,0.028191,0.046517,0.099749,0.462109,0.051878,9,413331,508601,1726491,3042,0,0,0,4225,0,0,0,1688,0,0,0,1398,0,0,0,1716,0,0,0,17,0,0,0,4726292053341036666,14313585274890963647,14313585274890963647,12652950274770242655,9006392163687414560,5868620351711581372,0,0,0,0,0,0,0,0,0,0,0
