batch_idx,num_blocks,num_txs,threads,merge_cap,seq_time_s,seq_tput,par_time_s,par_tput,concat_time_s,concat_tput,cgraph_time_s,cgraph_tput,graph_time_s,graph_tput,integrated_time_s,integrated_tput,vegeta_time_s,vegeta_tput,phase_pre_execute_s,phase_graph_build_s,phase_integrate_s,phase_execute_s,phase_total_s,vegeta_speculate_s,num_integrated_groups,omakase_graph_bytes,vegeta_sched_bytes,calldata_bytes,par_re_exec,par_validation_aborts,par_cascade_aborts,par_wrote_new_loc,concat_re_exec,concat_validation_aborts,concat_cascade_aborts,concat_wrote_new_loc,cgraph_re_exec,cgraph_validation_aborts,cgraph_cascade_aborts,cgraph_wrote_new_loc,graph_re_exec,graph_validation_aborts,graph_cascade_aborts,graph_wrote_new_loc,integ_re_exec,integ_validation_aborts,integ_cascade_aborts,integ_wrote_new_loc,vegeta_re_exec,vegeta_validation_aborts,vegeta_cascade_aborts,vegeta_wrote_new_loc,digest_seq,digest_par,digest_concat,logical_seq,logical_integ,logical_vegeta,cgraph_cross_block_aborts,cgraph_cross_block_cascade,graph_cross_block_aborts,graph_cross_block_cascade,integ_cross_block_aborts,integ_cross_block_cascade,par_fallbacks,concat_fallbacks,cgraph_fallbacks,graph_fallbacks,integ_fallbacks
0,10,1956,8,10,0.088444,22115.64,0.043691,44768.49,0.037569,52063.78,0.045818,42690.65,0.050546,38697.36,0.045683,42816.87,0.069469,28156.56,0.091948,0.019819,0.033275,0.045683,0.190725,0.028604,2,214294,236394,1055788,1127,0,0,0,1742,0,0,0,800,0,0,0,479,0,0,0,575,0,0,0,14,0,0,0,1821873059511831714,5279544117400443356,5279544117400443356,8026710286518777665,2051198001573905282,15146855571160507610,0,0,0,0,0,0,0,0,0,0,0
1,10,1625,8,10,0.073859,22001.32,0.035695,45524.68,0.033820,48048.66,0.039583,41052.68,0.045458,35747.16,0.041554,39106.00,0.055088,29498.07,0.076119,0.014106,0.023544,0.041554,0.155323,0.021508,3,208327,218487,963751,950,0,0,0,1705,0,0,0,882,0,0,0,540,0,0,0,667,0,0,0,23,0,0,0,5385268259312378102,17144946838816284911,17144946838816284911,3249971492676452555,2071311038843430102,5028409316535888160,0,0,0,0,0,0,0,0,0,0,0
2,10,1524,8,10,0.206034,7396.85,0.072130,21128.42,0.045817,33262.59,0.047699,31950.44,0.080115,19022.59,0.046475,32792.05,0.098438,15481.81,0.129091,0.011267,0.029462,0.046475,0.216294,0.020017,2,219047,230767,789615,963,0,0,0,1270,0,0,0,577,0,0,0,338,0,0,0,514,0,0,0,35,0,0,0,11333400658773683298,10651879681466669366,10651879681466669366,848693137573694959,4433705583030310158,18169485014468596686,0,0,0,0,0,0,0,0,0,0,0
3,10,1933,8,10,0.105333,18351.25,0.047177,40973.73,0.041907,46126.31,0.050032,38634.97,0.055863,34602.25,0.047879,40372.28,0.075636,25556.65,0.106944,0.017393,0.029699,0.047879,0.201916,0.031029,3,253183,277028,1108406,1285,0,0,0,1954,0,0,0,991,0,0,0,696,0,0,0,804,0,0,0,23,0,0,0,11268521839574077043,2517922425085810371,2517922425085810371,4988765667171744242,480995580529181084,18322991215903237590,0,0,0,0,0,0,0,0,0,0,0
4,10,1607,8,10,0.073365,21904.15,0.032589,49310.58,0.029997,53571.24,0.035362,45444.48,0.040577,39603.95,0.035404,45390.71,0.052295,30729.50,0.074168,0.012753,0.023516,0.035404,0.145840,0.021447,3,199309,210979,913321,930,0,0,0,1443,0,0,0,699,0,0,0,455,0,0,0,592,0,0,0,17,0,0,0,1286774382288476290,772156381178593157,772156381178593157,6125767080597013298,11730393017561507392,11254123503927718642,0,0,0,0,0,0,0,0,0,0,0
5,10,1850,8,10,0.081107,22809.49,0.042583,43444.34,0.038330,48264.64,0.045197,40931.76,0.052231,35419.37,0.045059,41057.25,0.066585,27783.97,0.082812,0.014484,0.026182,0.045059,0.168537,0.027075,3,230794,275029,866845,1659,0,0,0,2371,0,0,0,714,0,0,0,541,0,0,0,477,0,0,0,22,0,0,0,2828880135665728838,5737871058453155959,5737871058453155959,11452506006230059372,1885592590339379197,11706598984788445568,0,0,0,0,0,0,0,0,0,0,0
6,10,1600,8,10,0.080925,19771.27,0.036853,43416.22,0.034642,46186.59,0.040075,39925.59,0.043220,37020.27,0.038751,41289.55,0.053857,29708.32,0.082462,0.013913,0.028810,0.038751,0.163937,0.021589,2,208245,220675,891697,985,0,0,0,1675,0,0,0,688,0,0,0,520,0,0,0,540,0,0,0,14,0,0,0,13695471991900846579,10034068495851480746,10034068495851480746,61152523376581973,9133441948604070144,8308716337381235868,0,0,0,0,0,0,0,0,0,0,0
7,10,1744,8,10,0.094254,18503.15,0.044195,39461.73,0.040264,43313.95,0.046107,37824.78,0.057518,30320.92,0.042838,40711.22,0.064863,26887.49,0.095735,0.014978,0.026347,0.042838,0.179898,0.024994,2,221763,235488,1051499,1298,0,0,0,1939,0,0,0,756,0,0,0,568,0,0,0,564,0,0,0,24,0,0,0,2923004386020713790,3006961251419753295,3006961251419753295,3132264619489002580,13500386744100824157,1771760883151665304,0,0,0,0,0,0,0,0,0,0,0
8,10,1836,8,10,0.089584,20494.68,0.043181,42518.96,0.034847,52687.46,0.046592,39406.26,0.052684,34849.17,0.042522,43177.17,0.073576,24953.95,0.091167,0.014491,0.023596,0.042522,0.171776,0.029404,3,212713,241343,817687,1236,0,0,0,1693,0,0,0,761,0,0,0,490,0,0,0,508,0,0,0,19,0,0,0,9368677463841901065,3572210148823551571,3572210148823551571,4882156149008023511,16521032000632305143,951742388652718924,0,0,0,0,0,0,0,0,0,0,0
9,10,2397,8,10,0.092560,25896.66,0.047511,50451.90,0.040918,58580.27,0.049636,48291.72,0.060403,39683.58,0.050511,47455.27,0.138635,17290.00,0.095022,0.016076,0.030664,0.050511,0.192273,0.042216,2,250674,1183054,1240497,1260,0,0,0,1941,0,0,0,774,0,0,0,593,0,0,0,671,0,0,0,20,0,0,0,1816477799766561286,11828809034363424029,11828809034363424029,9822725399265145921,10462927219793738218,17978822883181785598,0,0,0,0,0,0,0,0,0,0,0
10,10,1645,8,10,0.083569,19684.38,0.043660,37677.15,0.036788,44716.11,0.044864,36666.02,0.051711,31811.39,0.041773,39379.39,0.060605,27143.19,0.082016,0.014114,0.024239,0.041773,0.162142,0.022071,3,193541,204611,900024,1131,0,0,0,1729,0,0,0,882,0,0,0,536,0,0,0,618,0,0,0,24,0,0,0,2463925957365414155,16256538941125313769,16256538941125313769,7873642857306569379,15115878726903256245,16352484544648419838,0,0,0,0,0,0,0,0,0,0,0
11,10,1720,8,10,0.083530,20591.49,0.042963,40034.78,0.035960,47830.41,0.043246,39772.10,0.048970,35123.63,0.043675,39381.92,0.060220,28562.15,0.085415,0.012835,0.023679,0.043675,0.165605,0.022005,4,202106,214681,938041,1035,0,0,0,1697,0,0,0,814,0,0,0,446,0,0,0,599,0,0,0,13,0,0,0,4029721647068623071,6437789476114827102,6437789476114827102,14262715388985584257,9754777958568297613,5388929835656958112,0,0,0,0,0,0,0,0,0,0,0
12,10,1711,8,10,0.093822,18236.75,0.049301,34705.39,0.041542,41187.45,0.050233,34061.40,0.056704,30174.11,0.052821,32392.16,0.066024,25914.94,0.095138,0.014314,0.014450,0.052821,0.176723,0.024697,9,213062,225512,925574,1273,0,0,0,1971,0,0,0,794,0,0,0,532,0,0,0,530,0,0,0,25,0,0,0,17171714237080531282,18221454276587850496,18221454276587850496,6090122679035349810,17798473037848931375,17851579224146517786,0,0,0,0,0,0,0,0,0,0,0
13,10,1996,8,10,0.088407,22577.48,0.036703,54381.92,0.034015,58679.88,0.044251,45106.36,0.047216,42273.93,0.041056,48616.41,0.063160,31602.43,0.089924,0.016286,0.029028,0.041056,0.176294,0.036450,2,245017,266392,882556,1134,0,0,0,1665,0,0,0,953,0,0,0,609,0,0,0,635,0,0,0,23,0,0,0,6090458635249137866,6984678925992144007,6984678925992144007,12809513919549406859,13404261833348799694,16424274029826904985,0,0,0,0,0,0,0,0,0,0,0
14,10,1667,8,10,0.082024,20323.21,0.037552,44392.33,0.030945,53868.95,0.043162,38622.38,0.045404,36715.22,0.043301,38498.35,0.057390,29046.92,0.083527,0.013606,0.024484,0.043301,0.164917,0.026487,2,203791,214301,861543,970,0,0,0,1526,0,0,0,729,0,0,0,428,0,0,0,596,0,0,0,11,0,0,0,1883032794318031061,12310711898969674924,12310711898969674924,9580413567792556579,9884065901506762636,6464272975126679654,0,0,0,0,0,0,0,0,0,0,0
15,10,1793,8,10,0.087249,20550.47,0.043401,41312.59,0.037887,47324.87,0.045571,39344.92,0.053341,33613.94,0.073433,24416.88,0.065492,27377.45,0.089882,0.015176,0.027313,0.073433,0.205803,0.028961,2,208574,226064,876847,1326,0,0,0,1799,0,0,0,797,0,0,0,560,0,0,0,267,0,0,0,4,0,0,0,14608802411850554130,14608802411850554130,14608802411850554130,9571567842126584198,9890859991929816522,5803948278397164634,0,0,0,0,0,0,0,0,0,0,1
16,10,1843,8,10,0.097734,18857.22,0.043973,41912.45,0.035611,51754.26,0.043709,42165.38,0.052118,35362.14,0.080266,22961.09,0.073042,25232.05,0.099207,0.016088,0.025986,0.080266,0.221547,0.025920,3,230415,249385,972340,1047,0,0,0,1490,0,0,0,780,0,0,0,515,0,0,0,200,0,0,0,26,0,0,0,12285467191696398567,12820533018143256135,12820533018143256135,3908491850935452344,1378138738603008943,13055904065405233135,0,0,0,0,0,0,0,0,0,0,1
17,10,1593,8,10,0.096172,16564.06,0.048312,32972.91,0.034806,45767.31,0.040698,39141.99,0.055635,28632.98,0.043445,36666.66,0.072109,22091.60,0.098135,0.015307,0.022156,0.043445,0.179043,0.023092,5,209118,220143,958063,961,0,0,0,1611,0,0,0,651,0,0,0,566,0,0,0,594,0,0,0,26,0,0,0,2479334831207161907,13822253812074541583,13822253812074541583,10621468203645022364,3013821411064052831,2816494333589951797,0,0,0,0,0,0,0,0,0,0,0
18,10,1438,8,10,0.070591,20370.92,0.037215,38640.31,0.027514,52264.25,0.031390,45810.69,0.037601,38243.98,0.029484,48772.48,0.050582,28429.31,0.071586,0.011492,0.023736,0.029484,0.136298,0.016253,2,168011,174371,613032,725,0,0,0,1133,0,0,0,723,0,0,0,322,0,0,0,483,0,0,0,9,0,0,0,9972956632387296709,3966635713433417249,3966635713433417249,16317188550758002214,15234912962644760382,2006625079121875721,0,0,0,0,0,0,0,0,0,0,0
19,10,1842,8,10,0.093450,19711.12,0.038626,47687.79,0.035586,51761.94,0.045109,40834.11,0.050656,36362.70,0.043194,42644.70,0.069358,26557.96,0.094317,0.016277,0.029094,0.043194,0.182882,0.027826,2,247873,272893,1117580,1188,0,0,0,1690,0,0,0,721,0,0,0,551,0,0,0,558,0,0,0,8,0,0,0,10007238558317299433,10007238558317299433,10007238558317299433,7466748808077979696,1909051180884449096,14980571895224021966,0,0,0,0,0,0,0,0,0,0,0
20,10,1822,8,10,0.099080,18389.15,0.049765,36611.81,0.040497,44990.85,0.049399,36883.36,0.056815,32068.72,0.047479,38375.11,0.077786,23423.35,0.100628,0.015105,0.030827,0.047479,0.194038,0.029118,2,228924,255534,1031264,1384,0,0,0,1965,0,0,0,930,0,0,0,578,0,0,0,668,0,0,0,12,0,0,0,14592477424062831003,3573980305142615345,3573980305142615345,12748350323058776041,17038778585930987727,7586280401713288299,0,0,0,0,0,0,0,0,0,0,0
21,10,1771,8,10,0.110332,16051.55,0.061614,28743.36,0.041651,42519.72,0.045266,39124.25,0.063920,27706.64,0.046965,37709.20,0.082399,21492.85,0.112050,0.015262,0.028878,0.046965,0.203155,0.025328,2,232307,250777,790484,1200,0,0,0,1488,0,0,0,821,0,0,0,663,0,0,0,910,0,0,0,14,0,0,0,7377655098107134085,4023945836124647229,4023945836124647229,8151199396533847895,7696380595015878509,4345409957068857202,0,0,0,0,0,0,0,0,0,0,0
22,10,1674,8,10,0.208361,8034.14,0.162027,10331.60,0.137968,12133.28,0.133929,12499.17,0.162965,10272.16,0.147395,11357.28,0.174262,9606.23,0.210499,0.013988,0.025681,0.147395,0.397562,0.021394,2,211354,224189,828843,1213,0,0,0,1626,0,0,0,932,0,0,0,692,0,0,0,745,0,0,0,15,0,0,0,3975330071201315700,3975330071201315700,3975330071201315700,5969915080570990389,7085825398862448004,18023348105501378106,0,0,0,0,0,0,0,0,0,0,0
23,10,1654,8,10,0.082430,20065.56,0.050357,32845.29,0.040463,40877.01,0.050458,32779.49,0.055213,29956.97,0.045659,36224.82,0.060760,27221.88,0.083777,0.012991,0.024586,0.045659,0.167013,0.022199,2,202348,217673,881320,1496,0,0,0,2282,0,0,0,896,0,0,0,659,0,0,0,688,0,0,0,18,0,0,0,10635127345711652564,16864406712023293494,16864406712023293494,9505298451763989411,420789198672697743,9195139271007049165,0,0,0,0,0,0,0,0,0,0,0
24,10,1840,8,10,0.090754,20274.60,0.054384,33833.38,0.050855,36181.35,0.057059,32247.21,0.059721,30809.97,0.055350,33242.82,0.068712,26778.39,0.092792,0.015119,0.020316,0.055350,0.183577,0.027676,6,224338,245718,960715,1752,0,0,0,2547,0,0,0,1061,0,0,0,829,0,0,0,805,0,0,0,19,0,0,0,14703347368224796924,6468068080828787689,6468068080828787689,13921915342459661098,12162479808379828322,6806930999490002372,0,0,0,0,0,0,0,0,0,0,0
25,10,1726,8,10,0.100125,17238.50,0.057460,30038.16,0.038313,45049.55,0.045564,37880.85,0.061960,27856.52,0.058799,29354.22,0.076905,22443.31,0.101522,0.013977,0.023541,0.058799,0.197839,0.022508,5,207888,221018,851275,1233,0,0,0,1758,0,0,0,818,0,0,0,589,0,0,0,647,0,0,0,12,0,0,0,8639685445031331457,459329965926325662,459329965926325662,18172025545112639756,1441830931873778796,12140221561941628222,0,0,0,0,0,0,0,0,0,0,0
26,10,1724,8,10,0.087360,19734.47,0.040968,42081.34,0.036461,47283.58,0.051955,33182.71,0.055265,31194.93,0.049248,35006.44,0.063443,27173.98,0.088696,0.013847,0.025032,0.049248,0.176823,0.023465,2,201399,218454,787260,1168,0,0,0,1924,0,0,0,913,0,0,0,580,0,0,0,556,0,0,0,12,0,0,0,2364071342530752065,6191524231433342618,6191524231433342618,4383873973581996358,5027771839833733370,7355017102894834821,0,0,0,0,0,0,0,0,0,0,0
27,10,1491,8,10,0.074899,19906.88,0.039460,37785.28,0.034988,42614.83,0.041254,36142.18,0.046252,32236.65,0.039712,37545.40,0.056459,26408.38,0.076472,0.011715,0.022684,0.039712,0.150583,0.017875,2,181406,192631,876004,1131,0,0,0,1870,0,0,0,618,0,0,0,439,0,0,0,567,0,0,0,20,0,0,0,12801643361615020905,9814634875231697266,9814634875231697266,3146666003404875456,9340397214320336430,6337765921450099809,0,0,0,0,0,0,0,0,0,0,0
28,10,1789,8,10,0.124439,14376.47,0.064917,27558.10,0.047456,37697.68,0.050063,35735.14,0.069153,25870.32,0.047899,37349.13,0.093591,19115.00,0.125835,0.015889,0.030292,0.047899,0.219914,0.027842,2,238657,252147,756545,1246,0,0,0,2051,0,0,0,730,0,0,0,571,0,0,0,605,0,0,0,14,0,0,0,5143516625804792743,9566332722324382697,9566332722324382697,2167045750443993860,5981254151443612611,4415434099618615554,0,0,0,0,0,0,0,0,0,0,0
29,10,1829,8,10,0.121629,15037.58,0.057389,31870.11,0.047196,38753.18,0.050194,36438.94,0.064533,28342.04,0.041099,44502.60,0.096615,18930.86,0.123014,0.018503,0.034110,0.041099,0.216726,0.029413,2,273709,290269,992048,1104,0,0,0,1833,0,0,0,966,0,0,0,577,0,0,0,605,0,0,0,28,0,0,0,10714133423223413133,2119537006590326905,2119537006590326905,310479422948256256,10587126627453814051,14135271413693890142,0,0,0,0,0,0,0,0,0,0,0
30,10,1971,8,10,0.085939,22934.81,0.044581,44211.39,0.041817,47134.49,0.046502,42385.70,0.051944,37944.44,0.045219,43587.57,0.070251,28056.38,0.094564,0.013100,0.033703,0.045219,0.186586,0.031725,2,231187,264767,711388,1757,0,0,0,2343,0,0,0,1029,0,0,0,730,0,0,0,771,0,0,0,21,0,0,0,4891642690302501337,9738951600777449068,9738951600777449068,15694509015785052539,9046647570998715737,15956523993734911465,0,0,0,0,0,0,0,0,0,0,0
31,10,1637,8,10,0.073989,22124.80,0.037026,44211.69,0.035130,46598.38,0.041284,39652.48,0.045046,36340.89,0.041070,39858.33,0.053439,30633.04,0.075194,0.013085,0.024146,0.041070,0.153496,0.023687,2,203613,217228,895608,1224,0,0,0,1732,0,0,0,827,0,0,0,528,0,0,0,628,0,0,0,25,0,0,0,12413129119577247945,1218039217676944160,1218039217676944160,537136334574591690,11094551692510604354,11977342324292695304,0,0,0,0,0,0,0,0,0,0,0
32,10,1603,8,10,0.081786,19600.05,0.042253,37938.08,0.037340,42929.52,0.043267,37049.17,0.050689,31624.14,0.047447,33785.28,0.061170,26205.55,0.082697,0.015649,0.031529,0.047447,0.177322,0.019974,2,242080,255280,742333,1040,0,0,0,1853,0,0,0,851,0,0,0,536,0,0,0,770,0,0,0,16,0,0,0,5068078540223882883,11950656727695954177,11950656727695954177,1301351766890225807,713193878188110089,16837231954325674335,0,0,0,0,0,0,0,0,0,0,0
33,10,1657,8,10,0.094668,17503.23,0.051348,32269.82,0.036506,45389.65,0.042177,39286.68,0.054586,30355.55,0.047316,35019.81,0.076795,21576.87,0.096351,0.013052,0.025311,0.047316,0.182030,0.020853,2,208148,226233,655590,1127,0,0,0,1692,0,0,0,621,0,0,0,437,0,0,0,598,0,0,0,23,0,0,0,4995542264879580564,4995542264879580564,4995542264879580564,18120478746477493462,17866885925929312165,18189427327250594804,0,0,0,0,0,0,0,0,0,0,0
34,10,1798,8,10,0.082445,21808.57,0.042747,42061.18,0.041152,43691.66,0.048270,37249.15,0.050991,35261.05,0.046847,38380.17,0.059250,30345.85,0.083511,0.014532,0.027987,0.046847,0.172877,0.025849,2,216112,236897,838666,1440,0,0,0,2361,0,0,0,921,0,0,0,645,0,0,0,779,0,0,0,28,0,0,0,7090533426035559120,11177152951291973237,11177152951291973237,13321299785208870887,1908910448834783342,614897848944929601,0,0,0,0,0,0,0,0,0,0,0
35,10,1729,8,10,0.109401,15804.30,0.058407,29602.61,0.044257,39066.94,0.045603,37914.50,0.063127,27389.39,0.050214,34432.41,0.086308,20032.91,0.109906,0.012839,0.024242,0.050214,0.197202,0.025097,3,220554,238719,787608,1344,0,0,0,2021,0,0,0,733,0,0,0,379,0,0,0,596,0,0,0,22,0,0,0,7916234509910219927,9912461897670888357,9912461897670888357,7309295623529906734,5975260652120813242,814092028619320659,0,0,0,0,0,0,0,0,0,0,0
36,10,1723,8,10,0.107373,16046.84,0.062010,27785.97,0.043800,39338.13,0.044366,38836.32,0.063690,27052.89,0.046101,37374.77,0.078791,21867.94,0.109322,0.014282,0.023684,0.046101,0.193389,0.023118,4,207932,223007,848710,1309,0,0,0,1901,0,0,0,908,0,0,0,705,0,0,0,654,0,0,0,16,0,0,0,10178616365084619067,16868677777802817182,16868677777802817182,2771084731896710886,17493179704626104051,15522077858517974185,0,0,0,0,0,0,0,0,0,0,0
37,10,1879,8,10,0.085334,22019.38,0.039599,47450.38,0.036118,52024.54,0.044381,42338.38,0.046648,40280.49,0.043006,43691.22,0.064209,29264.02,0.086627,0.013687,0.015878,0.043006,0.159198,0.028494,8,209217,227637,777075,1209,0,0,0,1900,0,0,0,778,0,0,0,517,0,0,0,518,0,0,0,19,0,0,0,2903257761623837883,11475271421638030229,11475271421638030229,2165960717633393285,4358167335316039084,11958667978938007598,0,0,0,0,0,0,0,0,0,0,0
38,10,1812,8,10,0.081865,22134.10,0.038571,46978.31,0.035532,50996.76,0.045847,39522.90,0.047501,38146.53,0.040961,44237.23,0.058311,31074.89,0.083658,0.014614,0.027267,0.040961,0.166500,0.027739,2,222326,238421,901605,1282,0,0,0,1868,0,0,0,876,0,0,0,534,0,0,0,571,0,0,0,18,0,0,0,12544848547960472128,11450236684142036772,11450236684142036772,13582643171921541528,14893798355496612520,14829171985605425689,0,0,0,0,0,0,0,0,0,0,0
39,10,1621,8,10,0.088132,18392.78,0.044213,36663.08,0.041651,38918.39,0.047848,33877.96,0.052099,31113.75,0.047268,34293.96,0.065103,24899.04,0.089446,0.014645,0.023365,0.047268,0.174723,0.023241,4,220334,229769,839322,1087,0,0,0,1801,0,0,0,767,0,0,0,524,0,0,0,584,0,0,0,21,0,0,0,10953882738746447137,10953882738746447137,10953882738746447137,11062371034131486029,6548363513776395514,14117726909139256563,0,0,0,0,0,0,0,0,0,0,0
40,10,1704,8,10,0.077423,22009.09,0.038232,44570.49,0.030467,55928.82,0.040861,41702.05,0.046613,36556.15,0.040800,41765.20,0.057320,29728.09,0.078402,0.015094,0.026810,0.040800,0.161106,0.023601,2,204469,224024,688034,1090,0,0,0,1575,0,0,0,681,0,0,0,442,0,0,0,516,0,0,0,43,0,0,0,12554310251095298707,2639496011970433578,2639496011970433578,12999029334147480199,17022430986340701809,1706308435784301701,0,0,0,0,0,0,0,0,0,0,0
41,10,1708,8,10,0.100246,17038.06,0.045442,37586.59,0.039134,43644.66,0.048892,34934.03,0.055392,30835.06,0.044303,38552.58,0.072343,23609.91,0.101820,0.015040,0.028627,0.044303,0.189790,0.024135,2,218950,230645,905766,1276,0,0,0,1933,0,0,0,844,0,0,0,510,0,0,0,626,0,0,0,23,0,0,0,657785284499532360,6440351115859017721,6440351115859017721,5771130969535816795,14255548021482374651,7521813579754264962,0,0,0,0,0,0,0,0,0,0,0
42,10,1784,8,10,0.154710,11531.25,0.103424,17249.40,0.072711,24535.49,0.085574,20847.55,0.109971,16222.45,0.101791,17526.17,0.127624,13978.55,0.156615,0.014154,0.027302,0.101791,0.299862,0.025345,4,210401,229436,1143663,1243,0,0,0,1357,0,0,0,793,0,0,0,499,0,0,0,586,0,0,0,14,0,0,0,1174510449963448219,16831679489651297185,16831679489651297185,11525699808154006416,4559201143127677365,13670020475832180476,0,0,0,0,0,0,0,0,0,0,0
43,10,1565,8,10,0.106598,14681.33,0.058910,26565.74,0.043322,36124.89,0.050838,30783.77,0.062363,25094.97,0.040871,38291.64,0.082858,18887.82,0.108683,0.013580,0.027835,0.040871,0.190968,0.019780,2,225659,232974,752035,1070,0,0,0,1709,0,0,0,837,0,0,0,550,0,0,0,708,0,0,0,22,0,0,0,14236526410154640147,16331710202636955516,16331710202636955516,13068335009931767162,5562118164484700457,12933765847630625252,0,0,0,0,0,0,0,0,0,0,0
44,10,1592,8,10,0.089362,17815.19,0.046382,34323.93,0.036007,44214.19,0.037575,42368.32,0.048955,32519.69,0.031785,50086.67,0.063583,25037.95,0.091023,0.011686,0.023713,0.031785,0.158208,0.019542,2,185520,192760,650898,807,0,0,0,1275,0,0,0,641,0,0,0,359,0,0,0,500,0,0,0,10,0,0,0,10258298507139939329,10258298507139939329,10258298507139939329,12626257879554517651,2198716708493523766,16286688587306697275,0,0,0,0,0,0,0,0,0,0,0
45,10,1990,8,10,0.117026,17004.82,0.070584,28193.54,0.056264,35369.22,0.047042,42302.83,0.076516,26007.62,0.074905,26566.97,0.088359,22521.76,0.120223,0.014352,0.014944,0.074905,0.224424,0.035547,9,228095,251640,1071124,1394,0,0,0,2145,0,0,0,1151,0,0,0,642,0,0,0,646,0,0,0,9,0,0,0,4474058496796470641,7158778604442653588,7158778604442653588,1623632783846371364,7687346053953059884,2440732118993643893,0,0,0,0,0,0,0,0,0,0,0
46,10,1681,8,10,0.093179,18040.61,0.046747,35959.73,0.040655,41347.58,0.042037,39988.77,0.053415,31470.48,0.045165,37218.97,0.066144,25414.26,0.094382,0.012924,0.019656,0.045165,0.172126,0.024998,5,197733,209793,868900,1439,0,0,0,1879,0,0,0,791,0,0,0,610,0,0,0,698,0,0,0,9,0,0,0,7282783032290204708,7814223295126962931,7814223295126962931,3662845698405398764,11546932484655144242,9001111631914246825,0,0,0,0,0,0,0,0,0,0,0
47,10,1680,8,10,0.076381,21995.05,0.042673,39368.90,0.038814,43283.20,0.044679,37601.25,0.047773,35166.53,0.043929,38243.90,0.053135,31617.50,0.077892,0.013888,0.027887,0.043929,0.163596,0.023119,2,214689,226879,679396,1177,0,0,0,2119,0,0,0,1043,0,0,0,554,0,0,0,658,0,0,0,18,0,0,0,3003586946308742417,3003586946308742417,3003586946308742417,16250505357533964366,17489097901095846948,13940500944238215801,0,0,0,0,0,0,0,0,0,0,0
48,10,2051,8,10,0.087243,23508.98,0.047544,43138.92,0.039341,52134.17,0.046635,43979.97,0.052380,39156.43,0.044540,46048.91,0.067445,30410.12,0.088926,0.015115,0.031931,0.044540,0.180511,0.032797,2,230228,263078,923216,1595,0,0,0,2328,0,0,0,931,0,0,0,689,0,0,0,774,0,0,0,31,0,0,0,2705639994693579744,10443506151427338455,10443506151427338455,16526121408901419068,1125072811999271326,13338240524346707698,0,0,0,0,0,0,0,0,0,0,0
49,10,1726,8,10,0.100145,17234.98,0.046082,37454.79,0.038442,44899.13,0.044793,38532.99,0.052173,33082.02,0.044664,38644.05,0.066105,26110.15,0.101430,0.016972,0.026117,0.044664,0.189183,0.026119,3,230031,241166,818457,1123,0,0,0,1666,0,0,0,834,0,0,0,655,0,0,0,711,0,0,0,20,0,0,0,3952662353781152764,7021279668795503400,7021279668795503400,10577833192930680713,6284920924975257159,9837804256216519131,0,0,0,0,0,0,0,0,0,0,0
50,10,1761,8,10,0.084619,20810.91,0.045821,38432.19,0.042312,41619.53,0.049056,35897.73,0.050309,35003.92,0.046037,38251.97,0.061821,28485.38,0.086917,0.013412,0.023497,0.046037,0.169863,0.025943,3,210962,225932,780202,1363,0,0,0,2091,0,0,0,923,0,0,0,655,0,0,0,647,0,0,0,14,0,0,0,5699466424475184940,1937357712614675823,1937357712614675823,13724351551808931431,1215123213526013043,6459802627686113415,0,0,0,0,0,0,0,0,0,0,0
51,10,1554,8,10,0.080355,19339.21,0.041294,37632.44,0.038336,40536.70,0.052257,29737.52,0.054622,28449.96,0.050179,30968.92,0.059755,26006.06,0.081889,0.013268,0.022372,0.050179,0.167708,0.019724,3,200023,209388,813397,1175,0,0,0,1766,0,0,0,986,0,0,0,560,0,0,0,645,0,0,0,10,0,0,0,17037669613489359934,8807126848405324546,8807126848405324546,13095935375412234253,15301491763151588738,10377043275485701150,0,0,0,0,0,0,0,0,0,0,0
52,10,1694,8,10,0.107338,15781.89,0.060078,28196.75,0.046519,36415.17,0.047680,35528.38,0.066693,25400.11,0.051216,33075.32,0.078991,21445.58,0.108859,0.014018,0.025585,0.051216,0.199679,0.021784,2,213202,222337,899025,1118,0,0,0,1701,0,0,0,827,0,0,0,576,0,0,0,924,0,0,0,14,0,0,0,12382128202899515455,8411606167345084498,8411606167345084498,14248267839645503755,11649820965393239835,13844729285257518211,0,0,0,0,0,0,0,0,0,0,0
53,10,1693,8,10,0.110802,15279.46,0.067654,25024.27,0.055072,30741.47,0.044448,38089.09,0.080632,20996.61,0.062238,27201.99,0.079906,21187.33,0.112607,0.014434,0.024643,0.062238,0.213922,0.022109,3,214761,224066,989949,1058,0,0,0,2130,0,0,0,966,0,0,0,611,0,0,0,694,0,0,0,23,0,0,0,12992551344679585649,2043271726324636967,2043271726324636967,3540752012137143757,11427143103493079261,15884966421533520826,0,0,0,0,0,0,0,0,0,0,0
54,10,1550,8,10,0.083319,18603.17,0.043923,35288.83,0.038096,40686.57,0.044609,34746.61,0.050219,30864.95,0.045772,33863.19,0.055455,27950.69,0.085431,0.015638,0.026271,0.045772,0.173113,0.021188,3,214972,223357,809002,1048,0,0,0,1689,0,0,0,891,0,0,0,540,0,0,0,605,0,0,0,14,0,0,0,643934475622057612,8196202462602608760,8196202462602608760,15372607165061469249,1823790117636955903,4131994190598634603,0,0,0,0,0,0,0,0,0,0,0
55,10,1605,8,10,0.090014,17830.58,0.048195,33302.22,0.035905,44701.17,0.040170,39954.90,0.059029,27190.04,0.039653,40476.24,0.064067,25051.71,0.091648,0.014253,0.026840,0.039653,0.172393,0.022595,2,206404,219864,839196,1135,0,0,0,1521,0,0,0,734,0,0,0,693,0,0,0,597,0,0,0,26,0,0,0,9749485386138895571,12751449860703487367,12751449860703487367,6387706586133573765,15735993960223619166,13742533194546255009,0,0,0,0,0,0,0,0,0,0,0
56,10,1596,8,10,0.075900,21027.67,0.036378,43873.22,0.034368,46438.82,0.039309,40600.94,0.042763,37321.72,0.039408,40499.06,0.055169,28929.50,0.076935,0.012874,0.026752,0.039408,0.155969,0.020141,2,194028,207118,915075,1014,0,0,0,1625,0,0,0,662,0,0,0,512,0,0,0,616,0,0,0,16,0,0,0,6729512824853130282,9694492041364330506,9694492041364330506,15543403797239130768,126791179045651068,18255715273129651413,0,0,0,0,0,0,0,0,0,0,0
57,10,1743,8,10,0.111950,15569.50,0.056545,30824.95,0.041496,42004.07,0.041136,42372.02,0.057372,30380.90,0.049830,34979.25,0.080231,21724.78,0.113077,0.014777,0.018327,0.049830,0.196010,0.023407,7,219216,230016,1055841,1071,0,0,0,1885,0,0,0,1064,0,0,0,832,0,0,0,799,0,0,0,16,0,0,0,15966686549300837491,14760440140383143812,14760440140383143812,4039206794423547664,16674421001495818945,8613120387582415261,0,0,0,0,0,0,0,0,0,0,0
58,10,1568,8,10,0.105924,14803.00,0.062220,25201.10,0.054053,29008.61,0.048938,32040.65,0.063430,24720.35,0.051921,30199.87,0.081147,19323.06,0.107271,0.013727,0.018456,0.051921,0.191375,0.019546,6,198736,210841,913949,1228,0,0,0,1922,0,0,0,847,0,0,0,549,0,0,0,540,0,0,0,19,0,0,0,13977841668725060202,10925447817015493005,10925447817015493005,3673706472160696766,327841027326589915,3861434472186735769,0,0,0,0,0,0,0,0,0,0,0
59,10,1734,8,10,0.081888,21175.32,0.043524,39839.84,0.034636,50063.94,0.040330,42995.76,0.049820,34805.10,0.037363,46409.56,0.054474,31831.54,0.083966,0.014722,0.027797,0.037363,0.163847,0.023773,2,220127,231942,756089,1218,0,0,0,1793,0,0,0,940,0,0,0,602,0,0,0,686,0,0,0,18,0,0,0,7142281996951385487,7142281996951385487,7142281996951385487,7118285081541169000,17220133953178815792,16087516951174712193,0,0,0,0,0,0,0,0,0,0,0
60,10,1680,8,10,0.074541,22537.79,0.032919,51034.54,0.030647,54817.90,0.035515,47304.42,0.041090,40885.40,0.036549,45966.30,0.055835,30088.44,0.076128,0.013246,0.035128,0.036549,0.161051,0.021299,1,204176,224591,933793,1075,0,0,0,1592,0,0,0,620,0,0,0,397,0,0,0,508,0,0,0,18,0,0,0,5526244964304560392,5526244964304560392,5526244964304560392,6111205671374606362,1901964977114748373,16215870864347884413,0,0,0,0,0,0,0,0,0,0,0
61,10,1572,8,10,0.094851,16573.38,0.053306,29490.12,0.043462,36169.37,0.041937,37484.80,0.063971,24573.82,0.047621,33010.63,0.072044,21819.85,0.096476,0.013242,0.021809,0.047621,0.179148,0.018626,3,191914,202484,846202,1037,0,0,0,1714,0,0,0,774,0,0,0,502,0,0,0,532,0,0,0,21,0,0,0,17320317879860839865,3575789672304278947,3575789672304278947,14043647073933269673,17222016649756893726,11322482884380885982,0,0,0,0,0,0,0,0,0,0,0
62,10,1794,8,10,0.116874,15349.81,0.060153,29824.15,0.047938,37423.66,0.056412,31801.92,0.063418,28288.36,0.051221,35024.75,0.086388,20766.68,0.118364,0.014795,0.028542,0.051221,0.212921,0.025367,2,224204,244099,793060,1130,0,0,0,1665,0,0,0,886,0,0,0,477,0,0,0,638,0,0,0,16,0,0,0,890234465505678310,2275241015700097356,2275241015700097356,4387784223515807858,15401408846649287139,7906115983393316537,0,0,0,0,0,0,0,0,0,0,0
63,10,1597,8,10,0.077197,20687.21,0.038402,41586.03,0.035483,45007.07,0.045765,34896.04,0.049989,31947.19,0.044261,36081.79,0.056333,28349.09,0.078262,0.014412,0.023791,0.044261,0.160726,0.019979,3,207759,220544,853598,1122,0,0,0,1739,0,0,0,851,0,0,0,512,0,0,0,507,0,0,0,18,0,0,0,13125011238083062797,10263363658889683951,10263363658889683951,7381985717317466410,13001994302075133640,16319661874350293384,0,0,0,0,0,0,0,0,0,0,0
64,10,1500,8,10,0.081390,18429.81,0.041288,36330.56,0.035526,42222.92,0.047680,31459.46,0.057077,26280.20,0.050414,29753.56,0.062838,23870.80,0.083084,0.012916,0.025294,0.050414,0.171708,0.020171,2,193703,207918,630290,1143,0,0,0,1729,0,0,0,632,0,0,0,530,0,0,0,632,0,0,0,5,0,0,0,14937651458178855482,13432562305412037233,13432562305412037233,16389795177723531033,11566158775728261223,17782508184867438640,0,0,0,0,0,0,0,0,0,0,0
65,10,1630,8,10,0.092582,17606.03,0.046283,35218.21,0.039764,40991.40,0.044565,36575.42,0.052346,31139.06,0.046608,34972.20,0.062869,25926.98,0.093988,0.013392,0.024409,0.046608,0.178398,0.025558,4,207227,219882,772977,1245,0,0,0,1767,0,0,0,886,0,0,0,584,0,0,0,634,0,0,0,21,0,0,0,13108699888275754808,8136662072416691261,8136662072416691261,10701486334050587932,18051797753424173209,11733601959305531169,0,0,0,0,0,0,0,0,0,0,0
66,10,1613,8,10,0.112577,14327.92,0.052783,30558.89,0.037859,42605.90,0.049507,32581.12,0.061222,26346.92,0.048041,33575.49,0.090243,17874.05,0.114306,0.014666,0.023090,0.048041,0.200103,0.021729,3,211021,230036,832348,1067,0,0,0,1621,0,0,0,542,0,0,0,445,0,0,0,525,0,0,0,27,0,0,0,4005524077297741730,962800099024579439,962800099024579439,16052744773971119378,2865269853013956223,15454228550831265510,0,0,0,0,0,0,0,0,0,0,0
67,10,1723,8,10,0.108755,15842.89,0.061998,27791.41,0.049280,34963.25,0.048225,35728.53,0.067133,25665.56,0.047279,36443.44,0.083029,20751.83,0.110794,0.014637,0.029317,0.047279,0.202027,0.025421,3,212984,226549,952261,1316,0,0,0,2066,0,0,0,780,0,0,0,577,0,0,0,595,0,0,0,18,0,0,0,2988852392532406170,8796921197062250323,8796921197062250323,18167633345550440938,10646514973058401512,8229366671829648931,0,0,0,0,0,0,0,0,0,0,0
68,10,1643,8,10,0.082744,19856.39,0.043267,37973.68,0.042191,38941.87,0.044412,36994.71,0.050724,32390.89,0.043231,38004.87,0.059240,27734.55,0.084190,0.013910,0.026729,0.043231,0.168060,0.023460,2,209017,223482,823345,964,0,0,0,1661,0,0,0,808,0,0,0,556,0,0,0,917,0,0,0,32,0,0,0,12296423051701535842,11809254531761941056,11809254531761941056,10840391090108959361,8579649941948421882,6938283280085496396,0,0,0,0,0,0,0,0,0,0,0
69,10,1651,8,10,0.091221,18098.97,0.051060,32334.57,0.030951,53342.20,0.033797,48850.15,0.052564,31409.10,0.038634,42734.59,0.070208,23515.77,0.092846,0.012645,0.024134,0.038634,0.168258,0.024064,2,202034,216204,509129,945,0,0,0,1313,0,0,0,675,0,0,0,399,0,0,0,552,0,0,0,4,0,0,0,6833423611860303465,14965945623593986172,14965945623593986172,4174557168508415911,3368403967241268186,8694435955930704369,0,0,0,0,0,0,0,0,0,0,0
70,10,1748,8,10,0.094854,18428.33,0.047608,36716.60,0.045152,38714.07,0.050856,34371.27,0.055925,31256.13,0.049297,35458.81,0.076541,22837.46,0.096688,0.016147,0.026437,0.049297,0.188568,0.027821,3,233222,265457,1077661,1474,0,0,0,2359,0,0,0,886,0,0,0,667,0,0,0,727,0,0,0,23,0,0,0,14011758799328457071,11113015577317103377,11113015577317103377,11176200655504640077,6871318734651938022,16170607418671722660,0,0,0,0,0,0,0,0,0,0,0
71,10,1634,8,10,0.078365,20851.10,0.040123,40724.32,0.038130,42853.87,0.046099,35445.71,0.049060,33306.17,0.042388,38548.91,0.061137,26726.71,0.079838,0.014270,0.026332,0.042388,0.162827,0.022843,2,210478,229118,751458,1267,0,0,0,1886,0,0,0,749,0,0,0,453,0,0,0,583,0,0,0,15,0,0,0,4626131697395358896,4626131697395358896,4626131697395358896,7646415709547119124,11499246290042696057,18089802419887140527,0,0,0,0,0,0,0,0,0,0,0
72,10,1587,8,10,0.095345,16644.88,0.053827,29483.27,0.044022,36050.53,0.057711,27499.30,0.064225,24710.02,0.057588,27557.98,0.072026,22033.66,0.097306,0.013552,0.020341,0.057588,0.188786,0.020594,5,213303,224703,881355,1364,0,0,0,2253,0,0,0,883,0,0,0,600,0,0,0,595,0,0,0,20,0,0,0,15498210275332790119,14802335984684310866,14802335984684310866,17120934496686624288,7133288751884486592,17585508699844153271,0,0,0,0,0,0,0,0,0,0,0
73,10,1525,8,10,0.077126,19772.80,0.034873,43730.05,0.031052,49111.47,0.038482,39629.24,0.041531,36719.94,0.034297,44464.37,0.055751,27353.96,0.079329,0.011744,0.023516,0.034297,0.148885,0.017956,2,187691,198651,691821,993,0,0,0,1518,0,0,0,767,0,0,0,421,0,0,0,492,0,0,0,19,0,0,0,4426840058691394172,14845319445274708851,14845319445274708851,13566252699073823660,7366474172385737570,12845292019379790225,0,0,0,0,0,0,0,0,0,0,0
74,10,2015,8,10,0.112952,17839.50,0.059570,33825.61,0.043214,46627.98,0.049902,40379.34,0.065720,30660.46,0.049429,40765.82,0.081883,24608.41,0.114752,0.016148,0.031750,0.049429,0.212079,0.032203,4,240216,256141,1039144,1362,0,0,0,2049,0,0,0,855,0,0,0,634,0,0,0,604,0,0,0,27,0,0,0,12443069958754107949,13592817939542700971,13592817939542700971,438112878228753893,1909109489795456289,9234171330581817909,0,0,0,0,0,0,0,0,0,0,0
75,10,1527,8,10,0.089762,17011.68,0.045794,33344.93,0.034800,43879.56,0.044161,34578.13,0.054278,28132.80,0.042690,35769.08,0.068583,22264.98,0.090743,0.013307,0.023680,0.042690,0.170420,0.018599,2,194746,205021,817466,1163,0,0,0,1716,0,0,0,741,0,0,0,478,0,0,0,593,0,0,0,30,0,0,0,13497325515665024172,17682595056386010939,17682595056386010939,856079454262488058,8415416842636391542,1207598880974186447,0,0,0,0,0,0,0,0,0,0,0
76,10,1590,8,10,0.093008,17095.24,0.051131,31096.51,0.035433,44873.59,0.038484,41315.47,0.054685,29075.37,0.039383,40372.63,0.071131,22353.15,0.094425,0.014015,0.018566,0.039383,0.166389,0.019710,5,195207,212332,675026,1128,0,0,0,1750,0,0,0,719,0,0,0,502,0,0,0,464,0,0,0,15,0,0,0,17570600738589416537,13010074092572834404,13010074092572834404,8528651422006794198,5130986143805467850,10856759737098644785,0,0,0,0,0,0,0,0,0,0,0
77,10,1687,8,10,0.087769,19220.91,0.048718,34627.75,0.035910,46978.32,0.040747,41402.22,0.056093,30074.97,0.042431,39759.10,0.065771,25649.41,0.089180,0.014071,0.028702,0.042431,0.174384,0.024792,2,204451,217216,936250,1186,0,0,0,1585,0,0,0,697,0,0,0,483,0,0,0,722,0,0,0,17,0,0,0,17245506854748691064,17245506854748691064,17245506854748691064,257121899655671838,808704633157088651,13988567817343325137,0,0,0,0,0,0,0,0,0,0,0
78,10,1761,8,10,0.087128,20211.76,0.042431,41502.28,0.031789,55396.86,0.039928,44104.93,0.053027,33209.41,0.039471,44615.35,0.074335,23690.15,0.088498,0.013974,0.025356,0.039471,0.167298,0.023670,2,207178,232868,734903,1022,0,0,0,1446,0,0,0,581,0,0,0,336,0,0,0,473,0,0,0,8,0,0,0,12667159737678933723,4772441389486712147,4772441389486712147,4400600387842955643,8220185322299225456,3489553795989957681,0,0,0,0,0,0,0,0,0,0,0
79,10,2145,8,10,0.087409,24539.69,0.038601,55568.06,0.036938,58069.70,0.046451,46177.97,0.050354,42598.36,0.044170,48561.83,0.061436,34914.53,0.089455,0.015861,0.031014,0.044170,0.180501,0.034325,2,234492,262167,1013511,1456,0,0,0,1993,0,0,0,1101,0,0,0,717,0,0,0,719,0,0,0,21,0,0,0,5560782152490003865,8562304364507822186,8562304364507822186,18208829654967668360,9216993640227672125,13169382288895418950,0,0,0,0,0,0,0,0,0,0,0
80,10,1599,8,10,0.083440,19163.55,0.040895,39100.59,0.036017,44395.38,0.044012,36331.05,0.052053,30718.60,0.049931,32024.45,0.062993,25383.58,0.084969,0.013402,0.016360,0.049931,0.164662,0.020767,7,198047,208307,868781,1085,0,0,0,1765,0,0,0,865,0,0,0,529,0,0,0,587,0,0,0,23,0,0,0,4773211382225859713,2497551023586926968,2497551023586926968,16911661037674471426,6803845920470151182,9306789451210826356,0,0,0,0,0,0,0,0,0,0,0
81,10,1614,8,10,0.076773,21023.06,0.040670,39684.97,0.037622,42900.27,0.042680,37816.08,0.048113,33546.15,0.042520,37958.90,0.059154,27284.63,0.077554,0.013130,0.024953,0.042520,0.158156,0.020393,2,195990,211485,757964,1138,0,0,0,1634,0,0,0,702,0,0,0,479,0,0,0,602,0,0,0,16,0,0,0,14782813447337859271,12370604457892773890,12370604457892773890,1240224330192700287,428027849655943307,13813421359457803985,0,0,0,0,0,0,0,0,0,0,0
82,10,1676,8,10,0.092975,18026.27,0.044398,37749.09,0.032531,51519.75,0.035989,46569.29,0.049072,34153.79,0.034794,48168.71,0.068817,24354.28,0.094213,0.013836,0.025863,0.034794,0.168707,0.024160,2,207405,218815,987707,918,0,0,0,1430,0,0,0,756,0,0,0,532,0,0,0,516,0,0,0,16,0,0,0,1993766929024962067,17789757669778297047,17789757669778297047,7952636863632633678,35203465768990871,9416993282552470600,0,0,0,0,0,0,0,0,0,0,0
83,10,1496,8,10,0.130301,11481.13,0.076103,19657.66,0.049590,30167.07,0.040602,36845.87,0.080001,18699.80,0.068433,21860.78,0.102043,14660.53,0.131264,0.011627,0.019814,0.068433,0.231138,0.018381,4,183792,193172,868326,1038,0,0,0,1291,0,0,0,605,0,0,0,444,0,0,0,558,0,0,0,8,0,0,0,8964343358250676227,12749403828646463098,12749403828646463098,17146827227995879696,11681289249784734532,11365002755877232950,0,0,0,0,0,0,0,0,0,0,0
84,10,1711,8,10,0.107504,15915.62,0.057512,29750.37,0.036417,46982.99,0.042480,40277.81,0.062038,27579.87,0.049534,34541.69,0.082140,20830.36,0.108587,0.013600,0.023592,0.049534,0.195313,0.024012,5,205295,221005,864629,1231,0,0,0,1668,0,0,0,928,0,0,0,710,0,0,0,692,0,0,0,17,0,0,0,17827466402758449409,6995322576671236986,6995322576671236986,7043508652684769107,6899087363637505137,17351177670392494568,0,0,0,0,0,0,0,0,0,0,0
85,10,1635,8,10,0.105395,15513.01,0.050091,32640.36,0.042804,38197.70,0.038422,42553.63,0.064541,25332.83,0.041491,39405.67,0.075047,21786.37,0.106579,0.014662,0.028044,0.041491,0.190776,0.020663,2,207192,215797,871689,928,0,0,0,1538,0,0,0,798,0,0,0,428,0,0,0,539,0,0,0,15,0,0,0,9939052635857091151,7244838752315016505,7244838752315016505,8907342433900118211,11351922479224035170,4199330317467891347,0,0,0,0,0,0,0,0,0,0,0
86,10,1651,8,10,0.071714,23021.88,0.035478,46535.84,0.030023,54991.08,0.035477,46536.78,0.042209,39114.76,0.037541,43978.92,0.052422,31494.43,0.073040,0.013242,0.027067,0.037541,0.150890,0.022957,2,191341,211331,642122,1047,0,0,0,1463,0,0,0,684,0,0,0,528,0,0,0,491,0,0,0,11,0,0,0,8903837916743029045,384132184607853198,384132184607853198,18332887008870909432,17071681266257041655,16941867834086171822,0,0,0,0,0,0,0,0,0,0,0
87,10,1682,8,10,0.107991,15575.33,0.064664,26011.33,0.043997,38229.94,0.054185,31042.05,0.071015,23685.12,0.068033,24723.46,0.084516,19901.59,0.109268,0.014960,0.024615,0.068033,0.216876,0.023370,3,220034,231319,933983,1312,0,0,0,1951,0,0,0,902,0,0,0,585,0,0,0,909,0,0,0,27,0,0,0,13396479833912272036,17268516023932762236,17268516023932762236,4766810766317748284,677919555110621658,246231931638672047,0,0,0,0,0,0,0,0,0,0,0
88,10,1470,8,10,0.083143,17680.33,0.042421,34653.03,0.031244,47048.85,0.037156,39563.39,0.045588,32245.15,0.037754,38936.78,0.063623,23105.01,0.084525,0.013159,0.016285,0.037754,0.151723,0.020569,6,200049,208569,927838,970,0,0,0,1277,0,0,0,570,0,0,0,396,0,0,0,410,0,0,0,16,0,0,0,11310255433242392613,17082980167639463929,17082980167639463929,6742842604366164953,11749227621728424868,10370575942580405857,0,0,0,0,0,0,0,0,0,0,0
89,10,1866,8,10,0.079943,23341.66,0.039036,47802.24,0.036048,51764.81,0.045094,41380.38,0.049522,37680.07,0.043698,42702.29,0.056643,32943.36,0.080912,0.014803,0.027432,0.043698,0.166846,0.026833,2,225791,241766,909044,1039,0,0,0,1602,0,0,0,786,0,0,0,523,0,0,0,573,0,0,0,15,0,0,0,6577727822473993871,10525696534526121789,10525696534526121789,16863487447924692821,6709294246639078768,2214948777326424093,0,0,0,0,0,0,0,0,0,0,0
90,10,1624,8,10,0.079196,20506.03,0.045501,35691.52,0.033702,48186.43,0.043548,37291.77,0.052124,31156.67,0.039618,40991.76,0.056611,28687.19,0.080883,0.012499,0.022931,0.039618,0.155931,0.020200,3,204417,214577,781104,1163,0,0,0,1528,0,0,0,800,0,0,0,617,0,0,0,809,0,0,0,16,0,0,0,18142313328323109584,2246903266069466570,2246903266069466570,17139020257321072262,12068909767383422293,4825999635962220111,0,0,0,0,0,0,0,0,0,0,0
91,10,1668,8,10,0.144323,11557.43,0.089779,18579.03,0.056633,29453.00,0.049630,33609.01,0.091544,18220.79,0.074059,22522.50,0.120513,13840.85,0.146008,0.014105,0.019523,0.074059,0.253695,0.022862,5,209485,229995,894307,1255,0,0,0,2120,0,0,0,817,0,0,0,644,0,0,0,575,0,0,0,16,0,0,0,7772922852741712231,15303877147865635505,15303877147865635505,8463351467218223624,5883892593886953463,4330624238301844505,0,0,0,0,0,0,0,0,0,0,0
92,10,1621,8,10,0.109729,14772.79,0.057261,28309.05,0.041958,38633.77,0.044773,36204.64,0.059613,27192.23,0.044716,36250.73,0.083219,19478.76,0.111204,0.013791,0.020033,0.044716,0.189745,0.022906,5,201255,213875,790103,1234,0,0,0,1825,0,0,0,789,0,0,0,579,0,0,0,635,0,0,0,27,0,0,0,3424442405859379089,10337114681642412907,10337114681642412907,15724586506883523474,10406012234316289278,9442874657867377980,0,0,0,0,0,0,0,0,0,0,0
93,10,1991,8,10,0.095774,20788.57,0.050122,39722.86,0.047852,41607.81,0.053837,36982.31,0.058962,33767.41,0.053356,37315.09,0.070400,28281.36,0.097415,0.015229,0.027620,0.053356,0.193620,0.032355,2,224171,254956,913279,1396,0,0,0,2275,0,0,0,790,0,0,0,626,0,0,0,582,0,0,0,28,0,0,0,7492346365262973470,5715244730023895532,5715244730023895532,3389108311785824585,7477835059568151736,11132331687705136200,0,0,0,0,0,0,0,0,0,0,0
94,10,1729,8,10,0.100353,17229.15,0.049469,34951.34,0.037730,45825.42,0.038510,44896.92,0.056613,30540.73,0.045829,37726.93,0.074728,23137.32,0.101732,0.014463,0.025720,0.045829,0.187745,0.024535,3,207194,225794,838680,1007,0,0,0,1605,0,0,0,844,0,0,0,511,0,0,0,543,0,0,0,29,0,0,0,5549163174220775238,15100151211718852517,15100151211718852517,123554608870192457,8029120683277233973,8059084392743010999,0,0,0,0,0,0,0,0,0,0,0
95,10,1510,8,10,0.074499,20268.76,0.037589,40171.50,0.035962,41988.32,0.042927,35176.06,0.043565,34660.83,0.040382,37392.83,0.049153,30720.34,0.076153,0.013386,0.021979,0.040382,0.151900,0.019398,5,201590,208625,821383,937,0,0,0,1618,0,0,0,768,0,0,0,456,0,0,0,513,0,0,0,12,0,0,0,306887647739765124,3746934189275420707,3746934189275420707,2299509216996448139,13575499133685133341,3356139498610788755,0,0,0,0,0,0,0,0,0,0,0
96,10,1606,8,10,0.084438,19019.80,0.043920,36566.60,0.036137,44442.22,0.041619,38587.91,0.049874,32201.08,0.046144,34803.85,0.063706,25209.55,0.086952,0.013794,0.017088,0.046144,0.163978,0.022327,8,212252,228457,628828,1081,0,0,0,1570,0,0,0,828,0,0,0,475,0,0,0,460,0,0,0,12,0,0,0,10256749739373794260,4998116255232057343,4998116255232057343,15478074102383604374,900705371859746651,4731527177924804445,0,0,0,0,0,0,0,0,0,0,0
97,10,1615,8,10,0.083358,19374.27,0.039689,40691.66,0.035126,45977.81,0.039858,40518.51,0.045657,35372.16,0.037674,42868.10,0.054688,29531.21,0.084980,0.013803,0.025648,0.037674,0.162105,0.021610,2,222622,231562,1041685,1166,0,0,0,1626,0,0,0,916,0,0,0,593,0,0,0,601,0,0,0,16,0,0,0,784960141276143321,1334200107216455974,1334200107216455974,11912428469127154984,5473314172183400135,3560775375595879631,0,0,0,0,0,0,0,0,0,0,0
98,10,1676,8,10,0.091727,18271.55,0.050769,33012.14,0.044816,37397.29,0.049338,33969.79,0.057869,28961.74,0.050680,33070.39,0.069812,24007.49,0.093612,0.014642,0.023524,0.050680,0.182457,0.025123,3,217267,232257,892085,1259,0,0,0,2000,0,0,0,815,0,0,0,518,0,0,0,545,0,0,0,21,0,0,0,16153057986640365420,11394875945789355280,11394875945789355280,17881902852526308706,5312895919171789412,10541772632580844730,0,0,0,0,0,0,0,0,0,0,0
99,10,1635,8,10,0.100981,16191.15,0.049734,32874.69,0.034234,47759.92,0.043167,37875.77,0.052312,31254.75,0.045342,36059.64,0.080423,20330.09,0.102598,0.014913,0.024457,0.045342,0.187309,0.023382,4,207894,223569,881055,836,0,0,0,1146,0,0,0,596,0,0,0,466,0,0,0,485,0,0,0,8,0,0,0,1154417560630489183,9184888443770704335,9184888443770704335,8581302501888320582,7225095804209111442,3175528105847528047,0,0,0,0,0,0,0,0,0,0,0
100,10,1621,8,10,0.130575,12414.34,0.065749,24654.26,0.052952,30612.36,0.048236,33605.72,0.068639,23616.25,0.047288,34279.22,0.095994,16886.44,0.132673,0.014138,0.023185,0.047288,0.217284,0.020974,5,215456,227311,939192,1264,0,0,0,1846,0,0,0,941,0,0,0,642,0,0,0,559,0,0,0,21,0,0,0,10899653288942491272,16314621753666685642,16314621753666685642,2720325452170848111,15536438335481951101,3106042966752473619,0,0,0,0,0,0,0,0,0,0,0
101,10,1639,8,10,0.080432,20377.59,0.037522,43681.51,0.033381,49099.55,0.041509,39485.28,0.045403,36098.62,0.041691,39312.92,0.055585,29486.38,0.082397,0.013989,0.021871,0.041691,0.159948,0.020092,4,205663,217383,785391,984,0,0,0,1592,0,0,0,704,0,0,0,567,0,0,0,591,0,0,0,13,0,0,0,2443807318569500235,17050487022597003082,17050487022597003082,8564500578812716526,15641324930814112584,15895710769208447703,0,0,0,0,0,0,0,0,0,0,0
102,10,2025,8,10,0.085474,23691.30,0.044185,45829.77,0.037464,54051.68,0.044714,45287.95,0.049014,41314.58,0.044171,45844.91,0.083701,24193.33,0.086960,0.014673,0.026547,0.044171,0.172350,0.026613,4,209950,558195,798620,1062,0,0,0,1735,0,0,0,1008,0,0,0,559,0,0,0,664,0,0,0,19,0,0,0,7012582412757003615,5870057772499632015,5870057772499632015,9830996332301265604,2783553387259175543,3519332354238627994,0,0,0,0,0,0,0,0,0,0,0
103,10,1761,8,10,0.087512,20123.03,0.043527,40458.06,0.036725,47950.54,0.043818,40188.59,0.053558,32879.94,0.043424,40553.86,0.073645,23912.03,0.088231,0.014019,0.023754,0.043424,0.169427,0.028097,4,206624,296849,789944,1108,0,0,0,1789,0,0,0,630,0,0,0,467,0,0,0,456,0,0,0,16,0,0,0,12799635781737274845,2615487449819161243,2615487449819161243,9507348589086315008,798177782721374633,12481221185068619144,0,0,0,0,0,0,0,0,0,0,0
104,10,1763,8,10,0.072038,24473.07,0.036424,48401.99,0.029063,60661.48,0.038231,46114.45,0.042079,41897.70,0.036304,48562.77,0.054718,32219.80,0.073033,0.012892,0.024288,0.036304,0.146517,0.023961,2,195013,213518,795421,918,0,0,0,1216,0,0,0,610,0,0,0,357,0,0,0,405,0,0,0,14,0,0,0,2030243274589613860,13618546445499702409,13618546445499702409,17631727407964790837,9209562926897663248,8100407307702090193,0,0,0,0,0,0,0,0,0,0,0
105,10,1770,8,10,0.089282,19824.89,0.041958,42185.19,0.039695,44589.74,0.045716,38717.70,0.049560,35714.40,0.046802,37819.11,0.058804,30100.07,0.090559,0.015311,0.028787,0.046802,0.181459,0.028087,4,233733,245963,912804,1273,0,0,0,2027,0,0,0,940,0,0,0,693,0,0,0,743,0,0,0,27,0,0,0,11238159088867815507,15022561760631315532,15022561760631315532,9486196283250711679,14724869203768563066,16332955255620264107,0,0,0,0,0,0,0,0,0,0,0
106,10,1590,8,10,0.074512,21338.90,0.036812,43192.45,0.034095,46634.76,0.041377,38427.03,0.043572,36491.11,0.039504,40249.47,0.048647,32684.30,0.075906,0.013259,0.024825,0.039504,0.153494,0.019975,2,198653,208158,914453,1042,0,0,0,2114,0,0,0,869,0,0,0,574,0,0,0,669,0,0,0,9,0,0,0,9233808854655584801,11308951513568820102,11308951513568820102,1505886172435296411,13099107674830337956,7407809391960270129,0,0,0,0,0,0,0,0,0,0,0
107,10,1671,8,10,0.119407,13994.14,0.061076,27359.36,0.045371,36830.03,0.056387,29634.47,0.073330,22787.43,0.072937,22910.03,0.095252,17543.02,0.120681,0.014337,0.013631,0.072937,0.221586,0.023030,9,210397,226087,811659,1103,0,0,0,1650,0,0,0,786,0,0,0,399,0,0,0,403,0,0,0,16,0,0,0,5886679354015593569,11256852624060413913,11256852624060413913,6529906650937568903,17096266975761869004,4219610223557203423,0,0,0,0,0,0,0,0,0,0,0
108,10,1692,8,10,0.079445,21297.63,0.038837,43566.47,0.036748,46043.26,0.044069,38394.59,0.048352,34993.05,0.043694,38724.20,0.054158,31242.04,0.080415,0.013974,0.022130,0.043694,0.160213,0.022728,4,212370,224865,782159,1169,0,0,0,1877,0,0,0,824,0,0,0,575,0,0,0,602,0,0,0,13,0,0,0,700367519945761651,700367519945761651,700367519945761651,18235520192506523063,3941012630247334329,7828909956993833320,0,0,0,0,0,0,0,0,0,0,0
109,10,1643,8,10,0.095653,17176.62,0.048590,33813.69,0.039408,41691.60,0.045050,36470.69,0.059250,27729.79,0.040133,40938.68,0.070923,23165.93,0.097377,0.013226,0.026852,0.040133,0.177587,0.021892,2,200177,215792,983708,1121,0,0,0,1836,0,0,0,1031,0,0,0,648,0,0,0,630,0,0,0,11,0,0,0,11359714098638040739,8481937775914361854,8481937775914361854,16931858077815746702,9934634041487886822,14473254600580257005,0,0,0,0,0,0,0,0,0,0,0
110,10,1693,8,10,0.109965,15395.76,0.065628,25797.11,0.047244,35834.95,0.053001,31942.78,0.060739,27873.37,0.045359,37324.49,0.082986,20400.93,0.111044,0.013339,0.025340,0.045359,0.195082,0.023376,2,211365,225510,897957,1434,0,0,0,2164,0,0,0,845,0,0,0,575,0,0,0,664,0,0,0,22,0,0,0,4523411475545359232,16057033035847392848,16057033035847392848,12835705064569497254,8192968918011973452,2538307826343559511,0,0,0,0,0,0,0,0,0,0,0
111,10,1665,8,10,0.119014,13989.98,0.056228,29611.70,0.047560,35008.39,0.050432,33014.51,0.062082,26819.23,0.053218,31286.61,0.090288,18441.00,0.121538,0.013527,0.028379,0.053218,0.216662,0.024707,3,212407,224992,729252,1128,0,0,0,1691,0,0,0,885,0,0,0,519,0,0,0,745,0,0,0,19,0,0,0,4584228138828974781,14641330577918981533,14641330577918981533,17044985358231087528,12611671453102724432,9295544919002093328,0,0,0,0,0,0,0,0,0,0,0
112,10,1661,8,10,0.099140,16754.07,0.050446,32926.38,0.037848,43886.39,0.043302,38358.31,0.058157,28560.68,0.045168,36773.51,0.070609,23523.80,0.100907,0.014880,0.022705,0.045168,0.183661,0.024982,4,235483,256793,886374,1221,0,0,0,1825,0,0,0,776,0,0,0,640,0,0,0,588,0,0,0,15,0,0,0,18382639846396833341,1470630791941247887,1470630791941247887,12314030329924012652,11292278155323766763,1430267911805956823,0,0,0,0,0,0,0,0,0,0,0
113,10,1866,8,10,0.090083,20714.26,0.052314,35668.99,0.044197,42220.32,0.044148,42267.30,0.054859,34014.18,0.045830,40715.64,0.076482,24397.79,0.091225,0.013811,0.025283,0.045830,0.176149,0.024395,2,208482,252197,881782,1286,0,0,0,2207,0,0,0,951,0,0,0,520,0,0,0,690,0,0,0,17,0,0,0,17464505653861261405,1127841130707662232,1127841130707662232,14401534102060146774,2823658598473174596,1947250675506565230,0,0,0,0,0,0,0,0,0,0,0
114,10,2353,8,10,0.076135,30905.56,0.037350,62998.46,0.035026,67178.05,0.040073,58717.41,0.043026,54687.46,0.038711,60784.28,0.078755,29877.42,0.078844,0.014049,0.028258,0.038711,0.159862,0.034543,2,234232,430502,947423,1492,0,0,0,1964,0,0,0,730,0,0,0,512,0,0,0,559,0,0,0,18,0,0,0,15914529337071376078,6120700295511567865,6120700295511567865,15567856218764839131,4202206860809058046,17169373098187602584,0,0,0,0,0,0,0,0,0,0,0
115,10,2266,8,10,0.072285,31347.99,0.039992,56661.69,0.036447,62172.02,0.042318,53547.17,0.045249,50078.67,0.043172,52487.51,0.083210,27232.19,0.073958,0.015435,0.019261,0.043172,0.151826,0.032703,8,238606,385121,704466,2303,0,0,0,2700,0,0,0,682,0,0,0,439,0,0,0,415,0,0,0,6,0,0,0,14022525060892195344,9424069115912437567,9424069115912437567,6604464004327763814,11679282150856895816,16594892634443081354,0,0,0,0,0,0,0,0,0,0,0
116,10,1612,8,10,0.086961,18537.13,0.045114,35731.92,0.041212,39115.20,0.044266,36416.18,0.051585,31249.37,0.046755,34477.24,0.061969,26013.17,0.088358,0.013235,0.024799,0.046755,0.173147,0.021912,2,212429,225154,899219,1236,0,0,0,1794,0,0,0,809,0,0,0,488,0,0,0,618,0,0,0,29,0,0,0,5355728861744641553,15339099853670910988,15339099853670910988,10073677565380811787,10012383477105776720,13043447711128342796,0,0,0,0,0,0,0,0,0,0,0
117,10,1477,8,10,0.073703,20039.97,0.036210,40789.53,0.029785,49588.91,0.036012,41013.72,0.042094,35088.08,0.033920,43543.68,0.054667,27018.08,0.074824,0.012405,0.020754,0.033920,0.141903,0.018448,3,187390,198420,817478,739,0,0,0,1204,0,0,0,606,0,0,0,382,0,0,0,399,0,0,0,13,0,0,0,15218594257684050351,839536157693243415,839536157693243415,14639728179771834810,12591400643788745634,12046586787989788573,0,0,0,0,0,0,0,0,0,0,0
118,10,1686,8,10,0.101355,16634.60,0.056978,29590.33,0.044041,38282.60,0.055774,30228.98,0.064605,26097.13,0.051268,32886.19,0.081244,20752.25,0.103272,0.014216,0.022678,0.051268,0.191434,0.023630,5,218200,228060,805247,845,0,0,0,1537,0,0,0,630,0,0,0,417,0,0,0,493,0,0,0,14,0,0,0,14926279004294260632,6958323726783315164,6958323726783315164,15204761242051928626,8178717859980219430,5862029315380310530,0,0,0,0,0,0,0,0,0,0,0
119,10,1642,8,10,0.078331,20962.20,0.035827,45830.90,0.033114,49586.76,0.040758,40286.27,0.044401,36980.99,0.041103,39948.43,0.056815,28900.72,0.079582,0.014499,0.021624,0.041103,0.156808,0.023260,6,219496,236641,745136,1019,0,0,0,1556,0,0,0,737,0,0,0,470,0,0,0,520,0,0,0,15,0,0,0,8590606053413887648,15491011192708977849,15491011192708977849,8651412900171544466,4869698388001006276,14748193666546023957,0,0,0,0,0,0,0,0,0,0,0
120,10,1679,8,10,0.104998,15990.72,0.050353,33344.83,0.041412,40543.92,0.045406,36977.11,0.054006,31089.34,0.043345,38735.80,0.076057,22075.45,0.106670,0.015909,0.027770,0.043345,0.193694,0.024790,2,238344,254064,935384,969,0,0,0,1650,0,0,0,656,0,0,0,422,0,0,0,534,0,0,0,9,0,0,0,7243847697955584243,2429965448038535731,2429965448038535731,1614409494691495376,1367431146204898569,5288709374846896421,0,0,0,0,0,0,0,0,0,0,0
121,10,1716,8,10,0.095932,17887.71,0.049770,34478.53,0.039367,43589.58,0.048972,35040.56,0.055624,30849.77,0.046841,36634.83,0.067858,25288.12,0.097538,0.014334,0.026366,0.046841,0.185079,0.023571,2,228406,241716,823447,1154,0,0,0,1901,0,0,0,775,0,0,0,500,0,0,0,632,0,0,0,17,0,0,0,7273447559440753948,13945416582051317025,13945416582051317025,12754515545053968833,9095187766242481771,9071339915149736100,0,0,0,0,0,0,0,0,0,0,0
122,10,2072,8,10,0.105280,19680.94,0.054912,37733.03,0.047501,43620.18,0.043500,47631.65,0.064281,32233.26,0.045223,45817.21,0.097782,21189.94,0.106715,0.014628,0.021765,0.045223,0.188331,0.030466,5,213205,347835,978915,1178,0,0,0,1576,0,0,0,747,0,0,0,482,0,0,0,548,0,0,0,17,0,0,0,17400603485504906388,12192134017879541538,12192134017879541538,9101739282282157707,17598411861663058539,6983584052909511935,0,0,0,0,0,0,0,0,0,0,0
123,10,1699,8,10,0.087693,19374.41,0.046384,36628.97,0.037712,45051.46,0.052914,32108.51,0.056797,29913.47,0.052867,32137.23,0.067671,25106.82,0.088369,0.012995,0.022082,0.052867,0.176313,0.022375,3,197808,210338,799538,1287,0,0,0,1795,0,0,0,757,0,0,0,490,0,0,0,548,0,0,0,17,0,0,0,13035993148807295842,2522869639352278975,2522869639352278975,11468968333427121974,3090020653084590758,14431544338225720420,0,0,0,0,0,0,0,0,0,0,0
124,10,1631,8,10,0.093363,17469.44,0.048250,33802.96,0.037414,43592.86,0.043597,37411.02,0.049858,32712.94,0.042218,38632.93,0.063801,25563.96,0.095069,0.014437,0.025740,0.042218,0.177463,0.022727,2,213451,225201,831888,1128,0,0,0,1686,0,0,0,742,0,0,0,510,0,0,0,583,0,0,0,9,0,0,0,9108478993539960673,2109705015437246446,2109705015437246446,1255750126278156582,10880797674945735598,10547068950509772384,0,0,0,0,0,0,0,0,0,0,0
125,10,1610,8,10,0.093016,17308.90,0.047713,33743.55,0.035965,44765.92,0.047001,34254.40,0.051308,31378.86,0.044509,36172.21,0.063652,25293.97,0.094935,0.012891,0.022377,0.044509,0.174712,0.020678,4,198832,208847,916336,903,0,0,0,1529,0,0,0,717,0,0,0,521,0,0,0,562,0,0,0,19,0,0,0,16432135041556939958,2677181934928374290,2677181934928374290,4522312890674505671,8975023290124566058,15603949599808822409,0,0,0,0,0,0,0,0,0,0,0
126,10,1592,8,10,0.078516,20276.10,0.039268,40541.48,0.036295,43862.59,0.043276,36787.17,0.048804,32620.49,0.043641,36479.57,0.057139,27861.95,0.080021,0.013052,0.013169,0.043641,0.149882,0.019730,9,208834,221354,761118,900,0,0,0,1552,0,0,0,643,0,0,0,441,0,0,0,396,0,0,0,23,0,0,0,2285999595297818622,2285999595297818622,2285999595297818622,15696812047063309438,12160358889992635558,15590810227609224207,0,0,0,0,0,0,0,0,0,0,0
127,10,1692,8,10,0.080666,20975.36,0.040106,42188.39,0.033836,50006.44,0.041984,40300.83,0.045083,37530.41,0.038195,44299.07,0.057134,29614.72,0.081804,0.014471,0.028353,0.038195,0.162822,0.025263,2,213552,225987,800260,1177,0,0,0,1565,0,0,0,632,0,0,0,512,0,0,0,562,0,0,0,11,0,0,0,16339807776879997371,8943864392909395264,8943864392909395264,10198758730053390219,4806121238541389552,11093038821633162349,0,0,0,0,0,0,0,0,0,0,0
128,10,1659,8,10,0.099415,16687.54,0.047353,35034.99,0.033802,49079.36,0.044943,36913.14,0.059441,27910.06,0.048234,34394.79,0.075434,21992.66,0.102053,0.012984,0.022082,0.048234,0.185354,0.022181,4,215385,230540,769118,1028,0,0,0,1442,0,0,0,681,0,0,0,575,0,0,0,581,0,0,0,11,0,0,0,13448714033638171488,10863010693334962669,10863010693334962669,11092343255560303567,4646624910338474371,16157793347241439696,0,0,0,0,0,0,0,0,0,0,0
129,10,1637,8,10,0.091973,17798.62,0.042117,38867.70,0.032044,51086.60,0.038734,42263.11,0.050303,32542.80,0.043084,37995.14,0.065145,25128.61,0.092903,0.014110,0.025475,0.043084,0.175573,0.020648,4,197442,206812,724846,890,0,0,0,1467,0,0,0,835,0,0,0,468,0,0,0,443,0,0,0,8,0,0,0,17748714269611754526,8155593324961815895,8155593324961815895,16176254162468188823,5393192422366476803,2824628554929509560,0,0,0,0,0,0,0,0,0,0,0
130,10,1846,8,10,0.100623,18345.64,0.051860,35595.98,0.040576,45495.13,0.045963,40162.66,0.056355,32756.61,0.047617,38767.91,0.079220,23302.09,0.102241,0.014906,0.034030,0.047617,0.198793,0.027380,2,226550,259315,1155486,1166,0,0,0,1686,0,0,0,919,0,0,0,638,0,0,0,541,0,0,0,18,0,0,0,1489420542464065693,16241021659111361195,16241021659111361195,13434794573267338252,13575795085544372743,9273953518667813545,0,0,0,0,0,0,0,0,0,0,0
131,10,1567,8,10,0.107210,14616.24,0.054949,28517.32,0.042923,36506.84,0.042352,36999.84,0.056681,27645.95,0.040016,39159.47,0.085631,18299.46,0.107921,0.014398,0.027704,0.040016,0.190039,0.019196,2,226597,248967,759863,1013,0,0,0,1342,0,0,0,641,0,0,0,389,0,0,0,497,0,0,0,13,0,0,0,7485285387677097197,670771030053745634,670771030053745634,10458691191387881495,18352634086458357365,3296661068345284885,0,0,0,0,0,0,0,0,0,0,0
132,10,1319,8,10,0.076700,17196.86,0.033891,38919.13,0.030328,43491.46,0.034723,37986.70,0.038049,34665.73,0.035272,37395.11,0.047939,27513.98,0.077747,0.012205,0.010881,0.035272,0.136106,0.017091,10,177258,184233,943345,893,0,0,0,1234,0,0,0,783,0,0,0,460,0,0,0,404,0,0,0,13,0,0,0,9402786342195940624,3202933630239242125,3202933630239242125,13255755307346882589,7096413310788771390,7353646946011198546,0,0,0,0,0,0,0,0,0,0,0
133,10,1780,8,10,0.122800,14495.10,0.061181,29093.77,0.043162,41240.13,0.049180,36193.88,0.072160,24667.47,0.051480,34576.62,0.091368,19481.57,0.124223,0.015043,0.021501,0.051480,0.212247,0.026205,5,219575,237810,1007055,1042,0,0,0,1462,0,0,0,738,0,0,0,535,0,0,0,566,0,0,0,13,0,0,0,18091804478276249491,12520039786867287457,12520039786867287457,17748756167113580415,5063917326060125294,11506596541087310008,0,0,0,0,0,0,0,0,0,0,0
134,10,1260,8,10,0.076875,16390.25,0.033015,38164.56,0.027968,45052.09,0.032053,39309.55,0.040689,30966.63,0.034145,36901.79,0.052628,23941.82,0.078029,0.013244,0.022374,0.034145,0.147793,0.015291,4,203180,209965,632220,697,0,0,0,1191,0,0,0,541,0,0,0,359,0,0,0,438,0,0,0,11,0,0,0,6557002983837502189,16285033089044895200,16285033089044895200,7839777892247724044,15510176298497209341,2245471959139517218,0,0,0,0,0,0,0,0,0,0,0
135,10,1645,8,10,0.079433,20709.31,0.037708,43624.58,0.033021,49817.18,0.040917,40203.69,0.043019,38238.60,0.039049,42126.27,0.058356,28189.22,0.081642,0.012823,0.027164,0.039049,0.160679,0.025008,3,200334,215589,1004089,988,0,0,0,1574,0,0,0,683,0,0,0,489,0,0,0,546,0,0,0,15,0,0,0,1984456667349821153,16936303370056438703,16936303370056438703,10074143668622098935,1199550506844554236,18093865409649141763,0,0,0,0,0,0,0,0,0,0,0
136,10,1778,8,10,0.083460,21303.62,0.039172,45389.01,0.033741,52695.06,0.039718,44765.09,0.046754,38028.52,0.039569,44934.65,0.059199,30034.46,0.085684,0.014205,0.021207,0.039569,0.160665,0.025029,5,219199,239769,828670,937,0,0,0,1513,0,0,0,789,0,0,0,597,0,0,0,508,0,0,0,12,0,0,0,16030933193489078858,18202758385558481344,18202758385558481344,18027498746983197429,2765584779322506388,11911124143606716839,0,0,0,0,0,0,0,0,0,0,0
137,10,1465,8,10,0.087399,16762.27,0.043788,33456.50,0.032619,44911.83,0.035431,41348.12,0.056009,26156.41,0.038209,38342.17,0.070239,20857.27,0.088987,0.013331,0.024733,0.038209,0.165259,0.020739,2,191644,210589,747370,758,0,0,0,1209,0,0,0,736,0,0,0,409,0,0,0,603,0,0,0,7,0,0,0,1929842216647671665,7011561609570000979,7011561609570000979,11115619513514473250,14188463077500463214,736055292821356351,0,0,0,0,0,0,0,0,0,0,0
138,10,1776,8,10,0.129298,13735.69,0.077770,22836.62,0.050791,34966.76,0.051789,34292.92,0.085648,20736.16,0.065435,27141.24,0.102329,17355.75,0.130843,0.023434,0.043284,0.065435,0.262996,0.028350,2,334150,353830,950527,1285,0,0,0,2002,0,0,0,1039,0,0,0,706,0,0,0,937,0,0,0,17,0,0,0,15802078372960694315,3076495427049020570,3076495427049020570,2841374541790034306,12369407612593893299,3159434232515731099,0,0,0,0,0,0,0,0,0,0,0
139,10,1423,8,10,0.129209,11013.17,0.068801,20682.74,0.046931,30320.89,0.044372,32069.56,0.071314,19954.12,0.044294,32126.02,0.101375,14037.05,0.130642,0.012734,0.024021,0.044294,0.211691,0.016360,2,188704,196914,710484,806,0,0,0,1269,0,0,0,518,0,0,0,336,0,0,0,413,0,0,0,7,0,0,0,3585791862064179085,107964049604822229,107964049604822229,13048078180656639137,3228853178239938913,16514948413682011725,0,0,0,0,0,0,0,0,0,0,0
140,10,1687,8,10,0.154582,10913.27,0.075182,22438.82,0.051026,33061.66,0.059183,28505.04,0.083125,20294.79,0.048422,34839.53,0.120620,13986.08,0.156115,0.013279,0.025299,0.048422,0.243115,0.022214,2,211044,226604,833811,990,0,0,0,1208,0,0,0,1135,0,0,0,534,0,0,0,811,0,0,0,8,0,0,0,5521011215353214486,15655188779346079128,15655188779346079128,322934692265689790,4044536360501357764,15005946866276418485,0,0,0,0,0,0,0,0,0,0,0
141,10,1660,8,10,0.107153,15491.90,0.048572,34175.78,0.030692,54086.02,0.030869,53775.72,0.053325,31130.10,0.031353,52944.69,0.074517,22276.80,0.109816,0.011922,0.025464,0.031353,0.178556,0.027615,2,193819,209974,651362,810,0,0,0,956,0,0,0,619,0,0,0,457,0,0,0,552,0,0,0,8,0,0,0,4625755847853763176,11605526764691587401,11605526764691587401,2696365901469415652,10650088634271453537,8519107799476445581,0,0,0,0,0,0,0,0,0,0,0
142,10,1691,8,10,0.133100,12704.77,0.067749,24959.67,0.052585,32157.71,0.047896,35305.94,0.068665,24626.72,0.049587,34101.54,0.099045,17073.07,0.134310,0.013676,0.027061,0.049587,0.224634,0.025473,2,212396,228521,934858,1186,0,0,0,1683,0,0,0,812,0,0,0,558,0,0,0,784,0,0,0,15,0,0,0,5871771391913289047,12700021892570090720,12700021892570090720,14840352774762931648,7477828673731610899,3119052381816166005,0,0,0,0,0,0,0,0,0,0,0
143,10,1646,8,10,0.140069,11751.36,0.071615,22983.89,0.056190,29293.51,0.057682,28535.77,0.080865,20355.03,0.050923,32323.42,0.108602,15156.30,0.141453,0.013348,0.025697,0.050923,0.231421,0.021190,4,206431,218601,882913,1029,0,0,0,1549,0,0,0,837,0,0,0,525,0,0,0,584,0,0,0,20,0,0,0,12502098770760916627,13755806241215189134,13755806241215189134,9937285057583218515,12083949514332580837,11943484473738586583,0,0,0,0,0,0,0,0,0,0,0
144,10,1588,8,10,0.137824,11521.96,0.092242,17215.66,0.067189,23634.70,0.070073,22661.97,0.094925,16729.03,0.075739,20966.82,0.109795,14463.30,0.138706,0.013346,0.016021,0.075739,0.243812,0.019464,6,178573,186458,603873,839,0,0,0,1280,0,0,0,688,0,0,0,466,0,0,0,564,0,0,0,8,0,0,0,9838329560864577026,2213655290621826409,2213655290621826409,11599848848777953763,15014841267238441789,3778550568770689498,0,0,0,0,0,0,0,0,0,0,0
145,10,1724,8,10,0.123354,13976.04,0.056731,30389.25,0.046435,37127.22,0.049414,34888.96,0.068876,25030.42,0.049558,34787.72,0.092405,18656.93,0.125214,0.014897,0.022326,0.049558,0.211994,0.025218,4,220425,231260,1077564,1219,0,0,0,1673,0,0,0,870,0,0,0,561,0,0,0,693,0,0,0,10,0,0,0,12143207943671672575,7950586135475397816,7950586135475397816,2538890495895714171,3705036837098584351,14386144768247166534,0,0,0,0,0,0,0,0,0,0,0
146,10,1432,8,10,0.110094,13007.02,0.065817,21757.23,0.042659,33568.31,0.049232,29087.03,0.062541,22896.88,0.042116,34000.94,0.088566,16168.72,0.112104,0.011314,0.020722,0.042116,0.186256,0.017984,4,171724,185019,697924,831,0,0,0,1212,0,0,0,615,0,0,0,349,0,0,0,498,0,0,0,15,0,0,0,7351770186524556595,4286277700104178588,4286277700104178588,2240059293144561053,418872604613800250,7105312708805480552,0,0,0,0,0,0,0,0,0,0,0
147,10,1476,8,10,0.151230,9760.00,0.086609,17042.15,0.059204,24930.72,0.064756,22793.11,0.087557,16857.59,0.048640,30345.22,0.122002,12098.20,0.153539,0.012725,0.021711,0.048640,0.236615,0.020601,4,190151,201351,926201,1031,0,0,0,1358,0,0,0,716,0,0,0,507,0,0,0,543,0,0,0,14,0,0,0,16402822442308075419,17029082760691914943,17029082760691914943,11887982623290616822,972306357200864527,2096058974657904335,0,0,0,0,0,0,0,0,0,0,0
148,10,1783,8,10,0.150375,11857.01,0.082564,21595.28,0.061506,28988.99,0.062551,28504.74,0.085677,20810.66,0.037270,47840.23,0.120596,14784.87,0.152892,0.013089,0.028072,0.037270,0.231323,0.025051,2,214402,231572,857809,939,0,0,0,966,0,0,0,662,0,0,0,442,0,0,0,509,0,0,0,5,0,0,0,4029429839480045071,12617627674238176296,12617627674238176296,12158254699932186325,2697159656201283117,3025313553044855958,0,0,0,0,0,0,0,0,0,0,0
149,10,1840,8,10,0.154528,11907.21,0.081252,22645.47,0.048472,37959.86,0.046190,39835.62,0.080676,22807.36,0.049839,36919.25,0.121507,15143.16,0.156427,0.013909,0.018553,0.049839,0.238728,0.025615,7,215312,229737,1008127,1023,0,0,0,1733,0,0,0,812,0,0,0,445,0,0,0,539,0,0,0,11,0,0,0,11184029327941204399,7904707143547524119,7904707143547524119,3782050605909747519,12898823000162573004,5553607009428882379,0,0,0,0,0,0,0,0,0,0,0
150,10,2014,8,10,0.145794,13814.03,0.076919,26183.24,0.049452,40726.66,0.051194,39340.20,0.071257,28263.98,0.042079,47861.91,0.117084,17201.38,0.147881,0.014052,0.028746,0.042079,0.232759,0.031947,2,228552,273982,909249,1296,0,0,0,1228,0,0,0,652,0,0,0,378,0,0,0,471,0,0,0,8,0,0,0,16494484609620454242,5212277284792273084,5212277284792273084,16469822972109705574,12257017061971955149,15323536377851857806,0,0,0,0,0,0,0,0,0,0,0
151,10,1876,8,10,0.115764,16205.34,0.061449,30529.40,0.043524,43102.61,0.044445,42209.32,0.057150,32825.65,0.037255,50355.24,0.097111,19318.19,0.117174,0.013272,0.021596,0.037255,0.189297,0.030161,5,211685,257850,867236,1343,0,0,0,1018,0,0,0,685,0,0,0,373,0,0,0,500,0,0,0,8,0,0,0,12586341222641198543,3577331495601413429,3577331495601413429,9943349022111815769,15485839534801975097,11762981382495255069,0,0,0,0,0,0,0,0,0,0,0
152,10,1602,8,10,0.132984,12046.52,0.074900,21388.44,0.059207,27057.49,0.066843,23966.68,0.081748,19596.81,0.052863,30304.81,0.112907,14188.61,0.135255,0.012993,0.021428,0.052863,0.222539,0.021097,4,194692,214332,715028,1135,0,0,0,1397,0,0,0,691,0,0,0,370,0,0,0,558,0,0,0,15,0,0,0,15342083079411662126,17121209709891231693,17121209709891231693,17130707295251036221,4654200004741790058,10861926690743076667,0,0,0,0,0,0,0,0,0,0,0
153,10,1569,8,10,0.131703,11913.21,0.073403,21375.15,0.059201,26502.80,0.059641,26307.61,0.077000,20376.63,0.038975,40256.18,0.102158,15358.62,0.133308,0.013545,0.020236,0.038975,0.206064,0.020182,6,210711,218591,729502,974,0,0,0,1663,0,0,0,947,0,0,0,642,0,0,0,630,0,0,0,8,0,0,0,8668435649033897553,11950504854235161089,11950504854235161089,910935140075879233,15314820478213533407,16162438854024037076,0,0,0,0,0,0,0,0,0,0,0
154,10,1735,8,10,0.111498,15560.76,0.052436,33088.03,0.036574,47437.73,0.040945,42374.22,0.062191,27897.99,0.039840,43549.58,0.077631,22349.45,0.112704,0.014360,0.026290,0.039840,0.193193,0.027759,3,206868,222323,862259,682,0,0,0,1173,0,0,0,639,0,0,0,440,0,0,0,600,0,0,0,9,0,0,0,602860681454261864,15363895456354213178,15363895456354213178,932821909415387820,16611371597115305224,13409958933043136742,0,0,0,0,0,0,0,0,0,0,0
155,10,1684,8,10,0.093600,17991.47,0.046895,35910.26,0.036278,46418.73,0.047183,35691.05,0.063626,26467.19,0.049072,34317.26,0.081402,20687.48,0.095700,0.011793,0.024419,0.049072,0.180984,0.022089,2,192418,241293,719228,1520,0,0,0,1644,0,0,0,898,0,0,0,487,0,0,0,1006,0,0,0,11,0,0,0,9490856459976939246,9797560233745010606,9797560233745010606,14217494252293812371,14187289016811945860,14406869966110313741,0,0,0,0,0,0,0,0,0,0,0
156,10,1544,8,10,0.156229,9882.94,0.080669,19139.83,0.058106,26571.97,0.067868,22750.03,0.094084,16410.86,0.053361,28934.72,0.119535,12916.76,0.157914,0.013053,0.022960,0.053361,0.247288,0.020980,3,205581,222986,1014058,1044,0,0,0,1355,0,0,0,803,0,0,0,532,0,0,0,505,0,0,0,39,0,0,0,15485157018171451391,14217822714578668548,14217822714578668548,14886415036473946814,10416072953105149457,13152264373690116269,0,0,0,0,0,0,0,0,0,0,0
157,10,1613,8,10,0.137177,11758.50,0.072618,22212.08,0.050072,32213.30,0.051873,31095.23,0.071628,22519.12,0.041912,38485.64,0.111580,14455.97,0.138193,0.013954,0.025492,0.041912,0.219550,0.022376,2,199755,212320,809328,963,0,0,0,1268,0,0,0,723,0,0,0,481,0,0,0,604,0,0,0,13,0,0,0,12322367769994103194,667024398965877038,667024398965877038,17077915486268771296,2478360126951961690,9514740158629034089,0,0,0,0,0,0,0,0,0,0,0
158,10,1676,8,10,0.129153,12976.81,0.071139,23559.43,0.057531,29132.17,0.059059,28378.52,0.071398,23474.06,0.047048,35623.56,0.111570,15022.01,0.131389,0.012200,0.018737,0.047048,0.209373,0.021167,5,200673,246278,775436,1363,0,0,0,1402,0,0,0,681,0,0,0,440,0,0,0,464,0,0,0,4,0,0,0,11372026551950514962,7041640664629182799,7041640664629182799,6395493460434391401,6402349476667846249,12737496213092487069,0,0,0,0,0,0,0,0,0,0,0
159,10,1688,8,10,0.148498,11367.14,0.081626,20679.61,0.038863,43434.24,0.057167,29527.31,0.079090,21342.81,0.060082,28094.85,0.123019,13721.43,0.150157,0.013256,0.025051,0.060082,0.248546,0.023483,2,203537,235302,979828,1294,0,0,0,1372,0,0,0,706,0,0,0,488,0,0,0,548,0,0,0,13,0,0,0,1050310125560565964,2098677698352299701,2098677698352299701,4479801747403775185,5155565048336696388,4642717508692502691,0,0,0,0,0,0,0,0,0,0,0
160,10,1641,8,10,0.120235,13648.28,0.054621,30043.34,0.040256,40764.44,0.046967,34939.78,0.058493,28054.57,0.046343,35409.82,0.099361,16515.61,0.121963,0.012801,0.019298,0.046343,0.200406,0.024495,5,193684,218049,1059346,1100,0,0,0,1603,0,0,0,617,0,0,0,520,0,0,0,615,0,0,0,18,0,0,0,3425744400180093605,13952743912840895517,13952743912840895517,12295393833662248169,3686472297996411030,6647569540490206119,0,0,0,0,0,0,0,0,0,0,0
161,10,1605,8,10,0.136251,11779.73,0.071303,22509.51,0.052763,30418.86,0.054091,29672.11,0.071209,22539.28,0.038605,41574.74,0.111521,14391.91,0.137578,0.012591,0.025251,0.038605,0.214026,0.019708,2,188843,205738,891722,905,0,0,0,1418,0,0,0,794,0,0,0,435,0,0,0,559,0,0,0,8,0,0,0,11421783362860260358,6470076308260494209,6470076308260494209,989007863944866958,4145895818543287565,15957768902703599693,0,0,0,0,0,0,0,0,0,0,0
162,10,1691,8,10,0.144475,11704.47,0.072559,23305.26,0.052589,32154.87,0.052098,32458.35,0.072229,23411.72,0.042982,39341.59,0.116075,14568.15,0.145228,0.015555,0.025611,0.042982,0.229377,0.027565,2,203486,232326,1023600,1220,0,0,0,1545,0,0,0,806,0,0,0,499,0,0,0,662,0,0,0,7,0,0,0,3125520534153585201,8429349969151242528,8429349969151242528,16161973372341581854,17230498234931836065,5878798076728068028,0,0,0,0,0,0,0,0,0,0,0
163,10,1768,8,10,0.125215,14119.68,0.072237,24475.08,0.056981,31028.04,0.057901,30535.02,0.070418,25107.38,0.038757,45617.83,0.099888,17699.80,0.126863,0.013525,0.026021,0.038757,0.205166,0.023118,2,197726,209036,915665,878,0,0,0,1063,0,0,0,648,0,0,0,487,0,0,0,664,0,0,0,16,0,0,0,11264524292829839990,1926362097534060787,1926362097534060787,1809781120372273392,12532421996677656320,17584146421646191064,0,0,0,0,0,0,0,0,0,0,0
164,10,1658,8,10,0.127599,12993.86,0.072656,22819.79,0.057094,29039.68,0.058253,28461.93,0.072056,23009.87,0.040127,41318.81,0.098442,16842.40,0.129078,0.014183,0.026775,0.040127,0.210162,0.022954,2,207523,219418,896393,959,0,0,0,1700,0,0,0,1176,0,0,0,579,0,0,0,706,0,0,0,13,0,0,0,4033411797723169036,4033411797723169036,4033411797723169036,6146956505164760622,4578977832946181373,2906483809854918943,0,0,0,0,0,0,0,0,0,0,0
165,10,1479,8,10,0.132284,11180.49,0.077469,19091.62,0.056734,26068.87,0.058208,25408.78,0.074721,19793.72,0.046933,31513.03,0.109376,13522.18,0.133703,0.013730,0.020029,0.046933,0.214396,0.018571,6,225887,233757,859257,1025,0,0,0,1130,0,0,0,705,0,0,0,417,0,0,0,407,0,0,0,17,0,0,0,17023056564721701093,12712109373620640252,12712109373620640252,5628797342194701140,8687469402057347648,13826099270235969153,0,0,0,0,0,0,0,0,0,0,0
166,10,1598,8,10,0.137591,11614.14,0.087473,18268.48,0.057406,27837.02,0.068136,23453.01,0.088275,18102.62,0.040012,39937.95,0.109875,14543.77,0.139224,0.013990,0.025273,0.040012,0.218499,0.021490,2,195960,206160,868655,894,0,0,0,923,0,0,0,835,0,0,0,552,0,0,0,673,0,0,0,10,0,0,0,16585828023042443541,16968138089964177089,16968138089964177089,10696179298747557173,5566170776597126283,10869036592064477375,0,0,0,0,0,0,0,0,0,0,0
167,10,1480,8,10,0.136153,10870.14,0.077973,18980.81,0.063523,23298.68,0.064940,22790.17,0.078799,18782.05,0.046927,31538.51,0.106583,13885.88,0.138369,0.011512,0.023665,0.046927,0.220473,0.018072,2,175517,189167,797929,894,0,0,0,829,0,0,0,582,0,0,0,442,0,0,0,671,0,0,0,3,0,0,0,14699770730682108310,8463790268977586273,8463790268977586273,10721036514722111312,14633707362604802699,10079183117635384106,0,0,0,0,0,0,0,0,0,0,0
168,10,1628,8,10,0.146958,11077.98,0.082330,19774.10,0.048998,33225.79,0.073967,22009.85,0.087075,18696.52,0.051538,31588.28,0.118562,13731.21,0.148433,0.012922,0.019205,0.051538,0.232099,0.022149,6,196197,204612,926153,905,0,0,0,840,0,0,0,845,0,0,0,405,0,0,0,641,0,0,0,14,0,0,0,18046678744923892251,4598001495353750815,4598001495353750815,8342716040978469179,4872119497270600860,7414287079732153631,0,0,0,0,0,0,0,0,0,0,0
169,10,1530,8,10,0.116714,13108.93,0.060305,25371.04,0.036230,42230.05,0.039193,39037.57,0.062167,24611.31,0.041786,36614.91,0.088652,17258.44,0.118616,0.012524,0.020252,0.041786,0.193179,0.018020,5,184600,193260,838579,839,0,0,0,1540,0,0,0,765,0,0,0,360,0,0,0,481,0,0,0,16,0,0,0,7305104456675124681,1663818612122896012,1663818612122896012,7592619196642378376,6308307494817852367,16269571768554662119,0,0,0,0,0,0,0,0,0,0,0
170,10,1591,8,10,0.132730,11986.76,0.069931,22750.97,0.043137,36882.39,0.046903,33921.05,0.073101,21764.31,0.044229,35971.68,0.098527,16147.91,0.134112,0.014113,0.027404,0.044229,0.219858,0.019672,2,217141,224021,834660,823,0,0,0,1443,0,0,0,608,0,0,0,437,0,0,0,543,0,0,0,13,0,0,0,11960160326750061784,8454105842304842514,8454105842304842514,14900813502425733402,392273861428464586,17987737844063185910,0,0,0,0,0,0,0,0,0,0,0
171,10,1658,8,10,0.114081,14533.49,0.051420,32244.45,0.039031,42478.54,0.045922,36104.85,0.058000,28586.13,0.050373,32914.34,0.081372,20375.57,0.115356,0.013524,0.015673,0.050373,0.194927,0.026022,8,213777,224777,641768,931,0,0,0,1537,0,0,0,894,0,0,0,518,0,0,0,486,0,0,0,11,0,0,0,11867448489006339340,566911452291873421,566911452291873421,12952495980682997798,2189402212753258332,13636064769087338283,0,0,0,0,0,0,0,0,0,0,0
172,10,1799,8,10,0.118247,15213.87,0.049079,36655.13,0.037165,48405.65,0.049358,36448.10,0.061406,29296.93,0.048398,37170.93,0.086680,20754.44,0.119549,0.016595,0.030817,0.048398,0.215359,0.029285,2,239982,266622,947521,1128,0,0,0,1455,0,0,0,830,0,0,0,588,0,0,0,719,0,0,0,13,0,0,0,9553643956145277505,9553643956145277505,9553643956145277505,13511674903113498015,4583620674535662510,3535063488384918938,0,0,0,0,0,0,0,0,0,0,0
173,10,1685,8,10,0.141721,11889.52,0.060789,27718.61,0.041413,40687.38,0.056148,30009.86,0.075273,22385.17,0.064691,26046.74,0.106010,15894.65,0.143687,0.016743,0.018169,0.064691,0.243291,0.029152,8,240721,265896,1111328,1043,0,0,0,1477,0,0,0,960,0,0,0,680,0,0,0,509,0,0,0,22,0,0,0,14238072361007606907,3815862157233862639,3815862157233862639,9031352833512391353,14356425202144132680,7180645203231072651,0,0,0,0,0,0,0,0,0,0,0
174,10,1877,8,10,0.154072,12182.62,0.066059,28414.20,0.045717,41056.93,0.057210,32808.72,0.070767,26523.49,0.047545,39478.67,0.117561,15966.15,0.155285,0.016357,0.027642,0.047545,0.246830,0.033763,3,242141,266741,1553248,816,0,0,0,807,0,0,0,726,0,0,0,566,0,0,0,546,0,0,0,38,0,0,0,13788590538258158719,1024769838594391575,1024769838594391575,6128874998573486374,7202933642156803906,14839408107858892288,0,0,0,0,0,0,0,0,0,0,0
175,10,1422,8,10,0.139985,10158.24,0.078015,18227.24,0.062910,22603.75,0.064346,22099.20,0.079200,17954.44,0.041004,34679.44,0.115919,12267.14,0.141646,0.013125,0.025689,0.041004,0.221464,0.016572,2,197431,204406,1148489,680,0,0,0,1229,0,0,0,810,0,0,0,476,0,0,0,698,0,0,0,15,0,0,0,2629395407421486430,2144039260957807547,2144039260957807547,6575589740768084301,15296888055703010271,1567739210060068404,0,0,0,0,0,0,0,0,0,0,0
176,10,1574,8,10,0.148969,10565.99,0.087977,17891.13,0.051027,30846.50,0.052366,30057.51,0.091007,17295.33,0.044586,35302.75,0.107397,14655.88,0.150655,0.012778,0.023593,0.044586,0.231612,0.023692,2,199443,208153,896538,988,0,0,0,1342,0,0,0,945,0,0,0,523,0,0,0,692,0,0,0,9,0,0,0,16624043783428062452,16624043783428062452,16624043783428062452,1450770803002633224,12175541237134301858,5101168596026196997,0,0,0,0,0,0,0,0,0,0,0
177,10,1599,8,10,0.133730,11956.93,0.077466,20641.35,0.063122,25332.07,0.065220,24516.95,0.076237,20974.16,0.043578,36693.09,0.110205,14509.36,0.135260,0.012931,0.021824,0.043578,0.213593,0.021013,4,189961,203206,923588,853,0,0,0,729,0,0,0,772,0,0,0,521,0,0,0,571,0,0,0,13,0,0,0,15021514681121318109,9449216407173018249,9449216407173018249,3047580982369287110,17245607888009054533,11853929697682892341,0,0,0,0,0,0,0,0,0,0,0
178,10,1674,8,10,0.141282,11848.63,0.084490,19813.02,0.059709,28036.09,0.076883,21773.34,0.091827,18229.87,0.056999,29368.89,0.114986,14558.36,0.140115,0.013583,0.024831,0.056999,0.235528,0.023367,3,190029,199869,926939,815,0,0,0,1150,0,0,0,806,0,0,0,455,0,0,0,750,0,0,0,13,0,0,0,17669893125586578390,1895457290445416064,1895457290445416064,5464354014959485245,17054370906743644925,8626483911738794557,0,0,0,0,0,0,0,0,0,0,0
179,10,1760,8,10,0.140064,12565.71,0.070323,25027.53,0.043927,40066.60,0.056700,31040.67,0.082545,21321.77,0.046141,38144.36,0.122509,14366.26,0.141304,0.015893,0.023673,0.046141,0.227010,0.029672,3,217116,258046,870544,1354,0,0,0,1369,0,0,0,925,0,0,0,514,0,0,0,525,0,0,0,16,0,0,0,8045919734019741570,9795396059305472577,9795396059305472577,17755024573839861945,17131129755858764287,8023963615579332217,0,0,0,0,0,0,0,0,0,0,0
180,10,1500,8,10,0.143615,10444.56,0.080013,18747.00,0.064253,23345.21,0.065322,22963.25,0.080148,18715.31,0.050369,29780.32,0.113244,13245.74,0.144687,0.012478,0.020817,0.050369,0.228350,0.019647,4,193096,200911,979543,915,0,0,0,1450,0,0,0,961,0,0,0,522,0,0,0,540,0,0,0,10,0,0,0,12439485654934030631,151008219128399467,151008219128399467,15609924942298811717,2405053363888622097,9919223311390725972,0,0,0,0,0,0,0,0,0,0,0
181,10,1660,8,10,0.112166,14799.45,0.063967,25950.95,0.044478,37321.71,0.044605,37215.93,0.064772,25628.53,0.042142,39390.74,0.087554,18959.76,0.113780,0.013644,0.023449,0.042142,0.193015,0.024438,2,189334,203734,865553,1076,0,0,0,1423,0,0,0,696,0,0,0,425,0,0,0,617,0,0,0,13,0,0,0,8315141264037519882,3364355369103278327,3364355369103278327,12973625217544776424,4103000045680510567,14021357517917745283,0,0,0,0,0,0,0,0,0,0,0
182,10,1571,8,10,0.107091,14669.72,0.061275,25638.41,0.043485,36127.70,0.047811,32858.68,0.074019,21224.39,0.057986,27092.93,0.086979,18061.93,0.108711,0.013210,0.014833,0.057986,0.194740,0.022641,9,195631,212761,910866,1098,0,0,0,1635,0,0,0,746,0,0,0,465,0,0,0,359,0,0,0,13,0,0,0,9393542094136226152,14272142910788237080,14272142910788237080,2430242304262907744,8536057768548556182,16740358782875278668,0,0,0,0,0,0,0,0,0,0,0
183,10,1478,8,10,0.088849,16634.96,0.048639,30386.94,0.032174,45937.53,0.037117,39819.81,0.051359,28777.74,0.043528,33955.05,0.066395,22260.68,0.089896,0.012225,0.023644,0.043528,0.169293,0.019966,2,180588,186783,1072093,888,0,0,0,1386,0,0,0,879,0,0,0,543,0,0,0,557,0,0,0,17,0,0,0,8086505567180997760,15865951419583602020,15865951419583602020,11290016267187340619,11641119435288346975,3893411802310046162,0,0,0,0,0,0,0,0,0,0,0
184,10,1829,8,10,0.096417,18969.75,0.048824,37460.73,0.040803,44825.52,0.045177,40485.62,0.052879,34588.47,0.044636,40976.02,0.060450,30256.48,0.097687,0.014757,0.026448,0.044636,0.183528,0.028067,2,214249,228189,1017020,1184,0,0,0,1778,0,0,0,1024,0,0,0,660,0,0,0,844,0,0,0,11,0,0,0,17888970526430952178,13353770364324650165,13353770364324650165,3259890456501373956,16981961543776261385,8721600250785039077,0,0,0,0,0,0,0,0,0,0,0
185,10,1526,8,10,0.086194,17704.33,0.058136,26248.57,0.043195,35328.03,0.040688,37504.73,0.056011,27244.68,0.048470,31483.60,0.066990,22779.51,0.087933,0.018948,0.035248,0.048470,0.190599,0.022695,3,281187,292827,765185,884,0,0,0,1413,0,0,0,646,0,0,0,410,0,0,0,462,0,0,0,14,0,0,0,1597481979838714896,1597481979838714896,1597481979838714896,271389878811141809,13937016624502592818,9552668877472903736,0,0,0,0,0,0,0,0,0,0,0
186,10,1686,8,10,0.098084,17189.43,0.051003,33056.91,0.040593,41533.77,0.051140,32968.19,0.054211,31100.82,0.047556,35452.89,0.073053,23079.02,0.101235,0.012609,0.026723,0.047556,0.188122,0.025854,2,217376,231256,977196,1176,0,0,0,1728,0,0,0,710,0,0,0,493,0,0,0,591,0,0,0,16,0,0,0,2203057206118790444,2002034171071129289,2002034171071129289,2245214200520407026,6072400538810265609,18352558716945083517,0,0,0,0,0,0,0,0,0,0,0
187,10,1629,8,10,0.082635,19713.10,0.038209,42634.14,0.035412,46001.67,0.044330,36747.09,0.049856,32674.35,0.040869,39858.66,0.062148,26211.54,0.084623,0.014126,0.026375,0.040869,0.165993,0.021911,2,216189,232369,981968,975,0,0,0,1442,0,0,0,634,0,0,0,468,0,0,0,595,0,0,0,19,0,0,0,11254285048444025637,6741598197724793525,6741598197724793525,877029457848789306,10478549376805749740,8994679738786435095,0,0,0,0,0,0,0,0,0,0,0
188,10,1819,8,10,0.101141,17984.75,0.047477,38313.01,0.035739,50896.34,0.041744,43575.21,0.056270,32326.06,0.049900,36452.94,0.075611,24057.25,0.102588,0.014070,0.022073,0.049900,0.188631,0.024656,5,212261,224741,933820,1013,0,0,0,1504,0,0,0,736,0,0,0,446,0,0,0,602,0,0,0,9,0,0,0,12111091522041876051,8757457057184237984,8757457057184237984,5949838410551005918,3065542985685480440,12632795894641668217,0,0,0,0,0,0,0,0,0,0,0
189,10,1766,8,10,0.178290,9905.19,0.083425,21168.69,0.049750,35497.17,0.057958,30470.51,0.088736,19901.75,0.069679,25344.72,0.142318,12408.86,0.180897,0.013299,0.026536,0.069679,0.290411,0.026484,2,234454,252769,951468,1291,0,0,0,1539,0,0,0,834,0,0,0,613,0,0,0,711,0,0,0,23,0,0,0,8084330158226079193,17864617636067942838,17864617636067942838,6124728539041663782,6416991718007334424,209117809100347680,0,0,0,0,0,0,0,0,0,0,0
190,10,1660,8,10,0.145817,11384.11,0.080547,20609.18,0.063795,26020.92,0.074559,22264.18,0.086046,19291.93,0.039121,42431.98,0.121908,13616.84,0.147287,0.012292,0.024079,0.039121,0.222780,0.020660,2,188687,199852,913512,974,0,0,0,1066,0,0,0,1095,0,0,0,526,0,0,0,669,0,0,0,22,0,0,0,15321696927963438656,14293434587823147717,14293434587823147717,2655717120317443070,8224147020329010771,9584045842837549771,0,0,0,0,0,0,0,0,0,0,0
191,10,1773,8,10,0.147160,12048.14,0.091131,19455.45,0.054155,32739.48,0.069650,25455.88,0.091702,19334.42,0.074238,23882.70,0.133123,13318.53,0.148389,0.012669,0.013466,0.074238,0.248762,0.026261,8,203171,268821,909389,1651,0,0,0,1880,0,0,0,775,0,0,0,470,0,0,0,463,0,0,0,17,0,0,0,3523789251018667507,18437472279026257145,18437472279026257145,5053565317386865512,12801706555165829301,16083707073462454552,0,0,0,0,0,0,0,0,0,0,0
192,10,1984,8,10,0.104664,18955.86,0.048182,41177.20,0.036202,54803.25,0.042322,46878.49,0.056226,35285.88,0.041721,47553.75,0.076876,25807.81,0.105005,0.015098,0.030005,0.041721,0.191828,0.030664,2,233957,249122,858487,809,0,0,0,1208,0,0,0,599,0,0,0,420,0,0,0,507,0,0,0,14,0,0,0,813878933373047531,10559490974883825905,10559490974883825905,16679040653093518526,12128641662649586837,17984972771106304973,0,0,0,0,0,0,0,0,0,0,0
193,10,1784,8,10,0.153390,11630.47,0.078488,22729.59,0.047379,37653.98,0.045691,39044.61,0.082912,21516.82,0.050765,35142.00,0.115881,15395.15,0.155495,0.015468,0.024471,0.050765,0.246199,0.026159,3,236007,257872,851591,1005,0,0,0,1396,0,0,0,799,0,0,0,553,0,0,0,789,0,0,0,11,0,0,0,14369178416690876996,13723361473724816165,13723361473724816165,5965469583255331996,6592701925249194811,5057497327268561653,0,0,0,0,0,0,0,0,0,0,0
194,10,1272,8,10,0.119158,10674.94,0.054711,23249.31,0.031549,40318.65,0.037242,34155.33,0.062088,20487.20,0.043603,29172.54,0.089550,14204.43,0.120012,0.012067,0.024209,0.043603,0.199891,0.013799,2,181450,187620,792967,674,0,0,0,682,0,0,0,571,0,0,0,316,0,0,0,497,0,0,0,5,0,0,0,2997294264470319329,12468391582500248527,12468391582500248527,4365116096064226413,5696814500907889373,2142197149495306851,0,0,0,0,0,0,0,0,0,0,0
195,10,1359,8,10,0.147546,9210.67,0.075716,17948.72,0.056103,24223.29,0.057638,23578.19,0.077010,17646.99,0.040729,33366.60,0.114625,11856.04,0.148242,0.014687,0.028211,0.040729,0.231869,0.017318,2,230448,250478,887629,823,0,0,0,1029,0,0,0,578,0,0,0,328,0,0,0,466,0,0,0,3,0,0,0,11844584730163075577,12548050042027889343,12548050042027889343,5979428212835740649,5765196552329776881,11528659837147968190,0,0,0,0,0,0,0,0,0,0,0
196,10,1403,8,10,0.150060,9349.62,0.078771,17811.01,0.056861,24674.09,0.057070,24584.05,0.077890,18012.68,0.043896,31962.10,0.125298,11197.33,0.152436,0.014580,0.033421,0.043896,0.244332,0.015713,1,197918,223543,640663,632,0,0,0,695,0,0,0,568,0,0,0,320,0,0,0,578,0,0,0,21,0,0,0,7592182704846890155,7592182704846890155,7592182704846890155,8180080247500917595,4618201057794705792,7426939285689167789,0,0,0,0,0,0,0,0,0,0,0
197,10,1521,8,10,0.138319,10996.31,0.071481,21278.47,0.048945,31075.46,0.059198,25693.29,0.073411,20718.93,0.029887,50891.93,0.107875,14099.64,0.139270,0.012794,0.022406,0.029887,0.204357,0.018437,2,183639,202244,896043,810,0,0,0,842,0,0,0,528,0,0,0,283,0,0,0,434,0,0,0,10,0,0,0,7772239028865102916,11502080462786854370,11502080462786854370,17881975482736031468,1201349848444056291,10886747638721772894,0,0,0,0,0,0,0,0,0,0,0
198,10,1397,8,10,0.139823,9991.19,0.073610,18978.50,0.055628,25113.35,0.066391,21042.13,0.079982,17466.51,0.053370,26175.78,0.109016,12814.61,0.142107,0.010461,0.012972,0.053370,0.218910,0.015070,8,163414,170894,707032,637,0,0,0,853,0,0,0,637,0,0,0,312,0,0,0,328,0,0,0,9,0,0,0,3449559810823305585,2039161068276966496,2039161068276966496,6519521556676227697,12573721865773711901,5013904028010372917,0,0,0,0,0,0,0,0,0,0,0
199,10,1633,8,10,0.161361,10120.18,0.091460,17854.89,0.047356,34483.38,0.058987,27683.99,0.090068,18130.83,0.054330,30057.14,0.128614,12696.91,0.162962,0.014504,0.025553,0.054330,0.257349,0.023408,4,214638,225153,1040815,919,0,0,0,1054,0,0,0,594,0,0,0,391,0,0,0,366,0,0,0,9,0,0,0,10015046272974200672,4151507477601070529,4151507477601070529,6787284268683155572,13059659630417202999,612094430125065911,0,0,0,0,0,0,0,0,0,0,0
200,10,1654,8,10,0.145575,11361.86,0.080168,20631.78,0.064602,25603.00,0.065733,25162.57,0.078782,20994.58,0.044915,36824.84,0.114105,14495.45,0.147388,0.013696,0.024719,0.044915,0.230719,0.022007,4,215241,230061,1009714,899,0,0,0,943,0,0,0,631,0,0,0,467,0,0,0,514,0,0,0,2,0,0,0,17431978254766807899,11390418644685063783,11390418644685063783,12425757704471360396,12311733697028384701,14393051903506269715,0,0,0,0,0,0,0,0,0,0,0
201,10,1339,8,10,0.134375,9964.61,0.065489,20446.29,0.042629,31410.25,0.042337,31627.09,0.066691,20077.73,0.033584,39870.07,0.105055,12745.75,0.135757,0.010401,0.022096,0.033584,0.201839,0.015290,2,175082,185947,671848,888,0,0,0,1046,0,0,0,760,0,0,0,393,0,0,0,375,0,0,0,4,0,0,0,14831322108704337254,14569042428549859094,14569042428549859094,545044710251991558,16091377363797769656,11932370337711420475,0,0,0,0,0,0,0,0,0,0,0
202,10,1886,8,10,0.153921,12253.07,0.080211,23513.12,0.060149,31355.59,0.067671,27870.11,0.084263,22382.25,0.046412,40636.16,0.120400,15664.48,0.156433,0.014578,0.026507,0.046412,0.243930,0.027666,3,223179,237264,1447050,881,0,0,0,704,0,0,0,705,0,0,0,473,0,0,0,629,0,0,0,18,0,0,0,7709402342406375771,2229269741541532776,2229269741541532776,5693083710832551094,3334427451477764585,17703187634981025433,0,0,0,0,0,0,0,0,0,0,0
203,10,1544,8,10,0.135195,11420.51,0.076717,20125.88,0.050794,30397.40,0.050564,30535.41,0.075986,20319.63,0.039841,38754.31,0.109065,14156.65,0.136599,0.012577,0.022345,0.039841,0.211362,0.021390,3,187427,202562,801399,586,0,0,0,762,0,0,0,560,0,0,0,260,0,0,0,407,0,0,0,4,0,0,0,12136689198322154135,15394584214382118588,15394584214382118588,12777792968345461230,6300431210812852666,1194923293239532338,0,0,0,0,0,0,0,0,0,0,0
204,10,1500,8,10,0.184526,8128.95,0.084840,17680.39,0.058066,25832.60,0.071442,20995.98,0.100491,14926.64,0.052230,28719.32,0.142004,10563.08,0.184586,0.014595,0.024992,0.052230,0.276402,0.019372,2,209959,216334,971125,876,0,0,0,1260,0,0,0,733,0,0,0,442,0,0,0,501,0,0,0,8,0,0,0,12337743895405721967,2986563304697384069,2986563304697384069,15523492065741518202,7625061518651993662,8257429911237649970,0,0,0,0,0,0,0,0,0,0,0
205,10,1609,8,10,0.121146,13281.50,0.068450,23506.08,0.041919,38383.70,0.043917,36637.62,0.068677,23428.52,0.046603,34525.92,0.096442,16683.69,0.122380,0.012617,0.020960,0.046603,0.202559,0.020122,4,179252,191812,999827,712,0,0,0,966,0,0,0,494,0,0,0,378,0,0,0,500,0,0,0,8,0,0,0,5534305581833506748,6911700146504439541,6911700146504439541,13138237509596145310,17684464870203469348,46983947725315950,0,0,0,0,0,0,0,0,0,0,0
206,10,1511,8,10,0.167184,9037.95,0.086821,17403.70,0.058711,25736.12,0.064143,23556.73,0.086470,17474.23,0.041276,36607.13,0.136816,11044.07,0.168499,0.012443,0.023081,0.041276,0.245299,0.019121,2,186076,194811,998481,814,0,0,0,777,0,0,0,588,0,0,0,323,0,0,0,408,0,0,0,10,0,0,0,13070713539979142586,670369247546839585,670369247546839585,13395328486940452712,14536763165610164928,9278596074777273049,0,0,0,0,0,0,0,0,0,0,0
207,10,1767,8,10,0.165394,10683.58,0.089127,19825.59,0.057389,30789.98,0.065183,27108.28,0.095320,18537.65,0.038098,46380.49,0.125888,14036.32,0.166910,0.013447,0.025784,0.038098,0.244239,0.024105,2,208029,219834,995900,939,0,0,0,1114,0,0,0,777,0,0,0,506,0,0,0,605,0,0,0,18,0,0,0,6295187039404550255,5146165900683103520,5146165900683103520,11080369575175074463,6800144284101248962,12496409297861411202,0,0,0,0,0,0,0,0,0,0,0
208,10,1846,8,10,0.151492,12185.49,0.080806,22844.88,0.058859,31363.34,0.059630,30957.70,0.081328,22698.28,0.052783,34973.18,0.130885,14104.01,0.153055,0.013201,0.020445,0.052783,0.239485,0.024794,5,196451,244466,900931,1036,0,0,0,1018,0,0,0,580,0,0,0,306,0,0,0,426,0,0,0,9,0,0,0,18124858159524560773,18124858159524560773,18124858159524560773,2940451666263125322,17827225487659446499,15725869528202066877,0,0,0,0,0,0,0,0,0,0,0
209,10,1560,8,10,0.146766,10629.16,0.078049,19987.46,0.051602,30231.16,0.057598,27084.37,0.075183,20749.51,0.039377,39616.62,0.113065,13797.34,0.148227,0.012017,0.024483,0.039377,0.224104,0.020364,2,190833,200498,883792,669,0,0,0,881,0,0,0,701,0,0,0,464,0,0,0,531,0,0,0,10,0,0,0,3393234406420826266,2856200008139813210,2856200008139813210,55505469611621838,11031055085228135782,601398181808112819,0,0,0,0,0,0,0,0,0,0,0
210,10,1791,8,10,0.103011,17386.51,0.054805,32679.76,0.043411,41256.95,0.042381,42259.56,0.059841,29929.36,0.032806,54593.51,0.080717,22188.60,0.104522,0.031349,0.026186,0.032806,0.194863,0.023823,2,204812,229437,778405,855,0,0,0,1230,0,0,0,661,0,0,0,420,0,0,0,522,0,0,0,7,0,0,0,5307971310317920958,9929358486108568211,9929358486108568211,5563487767876792295,13453085845793308302,7576432131826102522,0,0,0,0,0,0,0,0,0,0,0
211,10,1906,8,10,0.117979,16155.36,0.058964,32324.77,0.043899,43418.05,0.042320,45037.63,0.062772,30364.07,0.038924,48966.96,0.089887,21204.41,0.120399,0.015285,0.028060,0.038924,0.202668,0.025867,2,220207,241782,954824,842,0,0,0,925,0,0,0,626,0,0,0,418,0,0,0,536,0,0,0,11,0,0,0,1334176943176268546,5592056273192428353,5592056273192428353,9872317444374090215,11241151036605044720,6765131665884872940,0,0,0,0,0,0,0,0,0,0,0
212,10,1722,8,10,0.073889,23305.13,0.038239,45032.08,0.025831,66664.40,0.029521,58330.61,0.041880,41117.66,0.041220,41775.73,0.057862,29760.22,0.075067,0.012090,0.013598,0.041220,0.141975,0.023083,9,186865,222910,832968,715,0,0,0,1023,0,0,0,673,0,0,0,379,0,0,0,473,0,0,0,15,0,0,0,18029189416798057009,13352935748075932566,13352935748075932566,11134987829958381532,3931131672095027440,8406005584740994994,0,0,0,0,0,0,0,0,0,0,0
213,10,1726,8,10,0.071778,24046.53,0.030094,57353.36,0.027935,61785.83,0.033425,51637.76,0.038079,45326.68,0.034260,50378.92,0.052897,32629.66,0.073221,0.014388,0.027669,0.034260,0.149539,0.023534,2,219272,235352,803783,763,0,0,0,1245,0,0,0,695,0,0,0,389,0,0,0,515,0,0,0,8,0,0,0,1656401465866990426,15491884795197642171,15491884795197642171,10990211593465893578,9739731611209057312,16676439462161314492,0,0,0,0,0,0,0,0,0,0,0
214,10,1705,8,10,0.088899,19179.05,0.041013,41572.22,0.032266,52842.30,0.041185,41398.33,0.048858,34897.06,0.041443,41140.72,0.063503,26849.08,0.090026,0.013928,0.023607,0.041443,0.169004,0.024597,5,204966,214816,899967,807,0,0,0,1185,0,0,0,661,0,0,0,487,0,0,0,596,0,0,0,14,0,0,0,5752556852989692844,1074697102285536659,1074697102285536659,17314393584895833173,1334526871387718466,399236391732951608,0,0,0,0,0,0,0,0,0,0,0
215,10,1671,8,10,0.108535,15396.02,0.054619,30593.65,0.044677,37402.17,0.045454,36762.61,0.064935,25733.44,0.045119,37034.99,0.081392,20530.21,0.109977,0.012942,0.026208,0.045119,0.194246,0.020923,2,205950,219830,725515,817,0,0,0,1275,0,0,0,842,0,0,0,496,0,0,0,513,0,0,0,10,0,0,0,15284728442925092479,11533585155837441487,11533585155837441487,11925788510267936697,13658230036480153310,3089548383362792814,0,0,0,0,0,0,0,0,0,0,0
216,10,1695,8,10,0.109854,15429.57,0.058716,28867.53,0.043248,39192.57,0.039131,43315.97,0.063467,26706.89,0.035880,47241.24,0.081264,20857.93,0.111146,0.012501,0.024463,0.035880,0.183990,0.020719,2,193734,211219,892027,907,0,0,0,1251,0,0,0,522,0,0,0,387,0,0,0,416,0,0,0,12,0,0,0,16198205344975302796,7414909773142065127,7414909773142065127,15340366027548585523,9088299286973392083,787002229261458575,0,0,0,0,0,0,0,0,0,0,0
217,10,1603,8,10,0.093632,17120.14,0.042341,37859.39,0.031515,50865.08,0.036446,43982.48,0.046069,34795.26,0.036388,44053.25,0.062516,25641.62,0.094821,0.013858,0.025825,0.036388,0.170893,0.020486,2,206798,215513,743253,883,0,0,0,1357,0,0,0,670,0,0,0,521,0,0,0,723,0,0,0,10,0,0,0,12662768088589780804,8601514421361809592,8601514421361809592,11529941504457646154,313878350738630837,2031149499164501505,0,0,0,0,0,0,0,0,0,0,0
218,10,1685,8,10,0.088693,18998.17,0.042500,39646.71,0.031743,53083.16,0.036784,45808.45,0.049258,34207.40,0.036085,46695.04,0.065596,25687.55,0.089447,0.013788,0.027331,0.036085,0.166651,0.021115,2,196203,211973,947213,860,0,0,0,1400,0,0,0,768,0,0,0,456,0,0,0,535,0,0,0,8,0,0,0,9852975994088035038,15115504575109359416,15115504575109359416,52284613778633003,13701968628532758219,5387750564415411316,0,0,0,0,0,0,0,0,0,0,0
219,10,1655,8,10,0.083490,19822.68,0.046001,35977.61,0.031151,53127.74,0.029599,55914.49,0.047845,34591.06,0.038022,43527.51,0.062044,26674.67,0.085230,0.014535,0.028778,0.038022,0.166565,0.022607,2,226613,236838,683569,794,0,0,0,1036,0,0,0,696,0,0,0,442,0,0,0,527,0,0,0,11,0,0,0,5196749910373813614,3369091806578553680,3369091806578553680,8935256976727220396,11559616583136050765,7522376432545436679,0,0,0,0,0,0,0,0,0,0,0
220,10,1628,8,10,0.083529,19490.19,0.039950,40750.52,0.026933,60447.02,0.031882,51063.81,0.043066,37802.02,0.037780,43091.99,0.058439,27858.28,0.084853,0.012930,0.021505,0.037780,0.157068,0.022185,4,193304,200589,969275,688,0,0,0,1046,0,0,0,610,0,0,0,359,0,0,0,421,0,0,0,8,0,0,0,12823878233142358897,11009596584388649799,11009596584388649799,8508127142542996520,11956212391772475935,10982111087099570765,0,0,0,0,0,0,0,0,0,0,0
221,10,1578,8,10,0.119768,13175.52,0.070785,22292.91,0.052101,30287.18,0.059366,26580.77,0.083195,18967.58,0.070814,22283.87,0.103037,15314.95,0.120917,0.012817,0.023772,0.070814,0.228319,0.019849,2,198841,213621,879228,849,0,0,0,1173,0,0,0,627,0,0,0,373,0,0,0,553,0,0,0,5,0,0,0,17670210056633478350,10037396695846433131,10037396695846433131,6840467370368834083,2581033123980828163,7593167223573850139,0,0,0,0,0,0,0,0,0,0,0
222,10,2068,8,10,0.102131,20248.50,0.048760,42411.57,0.035984,57469.57,0.039588,52238.47,0.058161,35556.18,0.052713,39231.60,0.071245,29026.60,0.103129,0.015233,0.031469,0.052713,0.202544,0.032678,2,237569,253384,907527,974,0,0,0,1301,0,0,0,725,0,0,0,554,0,0,0,621,0,0,0,7,0,0,0,17831068279922770728,8893023381675239430,8893023381675239430,1825856044021373981,16868606355447310203,11601563763961953048,0,0,0,0,0,0,0,0,0,0,0
223,10,1784,8,10,0.108583,16429.88,0.065188,27366.94,0.037457,47627.49,0.043636,40883.97,0.073841,24160.12,0.062689,28457.74,0.091897,19413.07,0.110768,0.013588,0.022260,0.062689,0.209306,0.023898,3,194495,213825,858473,852,0,0,0,1058,0,0,0,722,0,0,0,275,0,0,0,387,0,0,0,11,0,0,0,18328643540795391566,14317048768989598297,14317048768989598297,3627045351109147617,12593929860782646548,13683840195774671250,0,0,0,0,0,0,0,0,0,0,0
224,10,1660,8,10,0.079708,20826.06,0.039812,41696.24,0.032768,50658.51,0.032966,50355.53,0.043486,38173.04,0.041920,39599.53,0.054919,30226.36,0.081142,0.013447,0.013700,0.041920,0.150209,0.020263,9,199614,207669,872470,743,0,0,0,1300,0,0,0,703,0,0,0,536,0,0,0,521,0,0,0,5,0,0,0,8922296745140028818,8922296745140028818,8922296745140028818,1207380268289872607,450395384203693031,12543081289702567957,0,0,0,0,0,0,0,0,0,0,0
225,10,1769,8,10,0.106609,16593.35,0.058147,30422.79,0.040729,43433.32,0.043874,40319.64,0.062057,28506.16,0.044627,39639.27,0.084878,20841.76,0.109222,0.015454,0.031045,0.044627,0.200349,0.024287,2,240824,252629,891753,968,0,0,0,1649,0,0,0,689,0,0,0,482,0,0,0,639,0,0,0,8,0,0,0,1277942867789279245,579086058002297170,579086058002297170,11660747222494894313,14185200403966761854,1186496129482475716,0,0,0,0,0,0,0,0,0,0,0
226,10,1638,8,10,0.115440,14189.13,0.066731,24546.29,0.050686,32316.69,0.049717,32946.22,0.070486,23238.53,0.045581,35935.66,0.095875,17084.76,0.117592,0.013488,0.023495,0.045581,0.200157,0.019679,4,198284,216754,896816,903,0,0,0,972,0,0,0,1050,0,0,0,371,0,0,0,559,0,0,0,10,0,0,0,15515727274186724685,18253450578561033242,18253450578561033242,8318517938550654092,14958041108996274034,10661251530946849615,0,0,0,0,0,0,0,0,0,0,0
227,10,1619,8,10,0.087957,18406.67,0.046158,35075.22,0.031924,50713.66,0.033625,48148.41,0.050080,32327.96,0.041728,38798.94,0.068783,23537.77,0.089176,0.012084,0.023521,0.041728,0.166509,0.019473,3,187261,197956,905798,586,0,0,0,944,0,0,0,633,0,0,0,331,0,0,0,406,0,0,0,1,0,0,0,16368463947001002967,9272533277524850004,9272533277524850004,7392959671490732638,2797101049071793035,1053604074312584078,0,0,0,0,0,0,0,0,0,0,0
228,10,1556,8,10,0.092599,16803.60,0.052831,29452.56,0.026642,58404.07,0.031739,49024.98,0.056331,27622.60,0.037353,41657.05,0.075294,20665.58,0.094283,0.014174,0.027468,0.037353,0.173277,0.020793,2,207051,226876,818615,667,0,0,0,689,0,0,0,462,0,0,0,305,0,0,0,453,0,0,0,4,0,0,0,17451526705936337132,5901746563777145283,5901746563777145283,12107557963770226376,15612464117306755199,9739949864948237321,0,0,0,0,0,0,0,0,0,0,0
229,10,1699,8,10,0.086430,19657.60,0.044137,38493.40,0.031383,54136.97,0.039540,42968.99,0.051205,33180.49,0.039021,43540.76,0.064417,26375.12,0.088304,0.012312,0.025407,0.039021,0.165044,0.022235,2,188367,199122,908858,831,0,0,0,1304,0,0,0,644,0,0,0,406,0,0,0,474,0,0,0,6,0,0,0,9591308350094436258,18275134555004378135,18275134555004378135,1238470512070534860,4799798043241007724,2947584102781758777,0,0,0,0,0,0,0,0,0,0,0
230,10,1577,8,10,0.082657,19078.83,0.037304,42274.37,0.027599,57139.68,0.033902,46516.42,0.042624,36997.90,0.040495,38943.54,0.051853,30413.08,0.085861,0.010098,0.011986,0.040495,0.148439,0.020650,10,199392,208942,871461,799,0,0,0,1167,0,0,0,611,0,0,0,463,0,0,0,401,0,0,0,11,0,0,0,13731550106855379442,7436016596523544287,7436016596523544287,6344360438095796838,9548947432754328956,14918942446218173371,0,0,0,0,0,0,0,0,0,0,0
231,10,1585,8,10,0.080433,19705.90,0.039448,40179.68,0.027553,57525.34,0.031783,49868.65,0.044999,35222.77,0.033432,47409.18,0.057288,27667.22,0.081573,0.011967,0.017343,0.033432,0.144315,0.019085,6,178194,191954,804457,660,0,0,0,1103,0,0,0,679,0,0,0,350,0,0,0,409,0,0,0,4,0,0,0,18364464947062067627,14804050596481182605,14804050596481182605,7193566136869792835,8158933710758640866,2210311990031265897,0,0,0,0,0,0,0,0,0,0,0
232,10,1757,8,10,0.103668,16948.31,0.048527,36206.37,0.032538,53998.13,0.036868,47656.36,0.050091,35075.82,0.043397,40486.77,0.079625,22065.96,0.105034,0.016559,0.029976,0.043397,0.194966,0.031025,3,235033,249618,894738,793,0,0,0,1147,0,0,0,827,0,0,0,490,0,0,0,612,0,0,0,5,0,0,0,9674958134562775103,15780902938691106241,15780902938691106241,17204557348110701189,7712017144429820050,1502889328554298208,0,0,0,0,0,0,0,0,0,0,0
233,10,1786,8,10,0.147413,12115.63,0.081488,21917.32,0.049939,35763.74,0.051547,34647.68,0.078818,22659.66,0.033030,54072.78,0.119288,14972.14,0.148965,0.014229,0.026025,0.033030,0.222248,0.023982,2,205318,230578,889896,846,0,0,0,578,0,0,0,645,0,0,0,465,0,0,0,526,0,0,0,4,0,0,0,6595588081133454950,15256307843957391289,15256307843957391289,5966955896402799965,5279971798856687927,5400949954383728601,0,0,0,0,0,0,0,0,0,0,0
234,10,1543,8,10,0.149055,10351.85,0.070323,21941.54,0.051790,29793.48,0.056470,27324.13,0.071739,21508.47,0.038699,39871.34,0.113182,13632.93,0.150595,0.012923,0.023373,0.038699,0.225589,0.022004,3,194075,200210,743409,777,0,0,0,770,0,0,0,645,0,0,0,442,0,0,0,592,0,0,0,10,0,0,0,7289787648092372534,5393377797764570189,5393377797764570189,15035246390112761933,1404328137805895411,2264881749845847194,0,0,0,0,0,0,0,0,0,0,0
235,10,1948,8,10,0.147004,13251.34,0.067761,28748.20,0.036218,53784.74,0.042985,45318.59,0.081384,23935.99,0.040464,48142.09,0.112253,17353.70,0.148458,0.015420,0.024142,0.040464,0.228484,0.027786,4,233059,250904,1104495,869,0,0,0,999,0,0,0,593,0,0,0,424,0,0,0,355,0,0,0,11,0,0,0,12281887094402780347,13886653796947845020,13886653796947845020,13783081965601304581,11022459596689436891,16754196498938140481,0,0,0,0,0,0,0,0,0,0,0
236,10,1713,8,10,0.112610,15211.86,0.061010,28077.57,0.034509,49638.52,0.035479,48282.18,0.062089,27589.31,0.040262,42545.94,0.084879,20181.72,0.114449,0.013385,0.025038,0.040262,0.193134,0.022782,4,203184,219019,834184,714,0,0,0,853,0,0,0,618,0,0,0,377,0,0,0,399,0,0,0,7,0,0,0,1530596815914386048,7977528613242656192,7977528613242656192,13855591662802510717,7542366523716994422,5327931170343628072,0,0,0,0,0,0,0,0,0,0,0
237,10,2223,8,10,0.103233,21533.74,0.050226,44260.03,0.034254,64896.99,0.049063,45308.81,0.061758,35995.40,0.041911,53040.57,0.090388,24593.97,0.104427,0.015980,0.029149,0.041911,0.191468,0.034049,2,223438,254628,1005320,1136,0,0,0,1149,0,0,0,684,0,0,0,339,0,0,0,390,0,0,0,9,0,0,0,16122732825306417555,16131015823592449716,16131015823592449716,15659632741225179767,2857864268747927892,1372841978933804923,0,0,0,0,0,0,0,0,0,0,0
238,10,1654,8,10,0.125173,13213.67,0.072819,22713.84,0.058726,28164.58,0.059532,27783.29,0.076271,21685.89,0.035906,46064.61,0.106291,15561.00,0.127135,0.012046,0.024711,0.035906,0.199798,0.020806,2,185684,201249,1014994,797,0,0,0,1031,0,0,0,608,0,0,0,317,0,0,0,474,0,0,0,10,0,0,0,13555416372714768081,14611112270086910827,14611112270086910827,8110495475208099984,7640505652594188081,3267533640652121692,0,0,0,0,0,0,0,0,0,0,0
239,10,1968,8,10,0.123277,15964.03,0.075289,26139.28,0.056764,34669.62,0.058355,33724.71,0.074189,26527.02,0.037828,52025.08,0.102184,19259.37,0.124986,0.014159,0.022840,0.037828,0.199812,0.030189,4,200589,228584,806792,966,0,0,0,1302,0,0,0,748,0,0,0,473,0,0,0,604,0,0,0,3,0,0,0,208977543633769350,2984740300646483077,2984740300646483077,1572765885507138651,14363959215630307946,5593489048690982258,0,0,0,0,0,0,0,0,0,0,0
240,10,1974,8,10,0.172371,11452.06,0.084585,23337.47,0.066024,29898.30,0.074374,26541.55,0.091047,21681.08,0.058134,33955.98,0.139627,14137.69,0.173842,0.016015,0.022322,0.058134,0.270314,0.030352,6,219120,248480,1192027,926,0,0,0,814,0,0,0,622,0,0,0,471,0,0,0,532,0,0,0,4,0,0,0,16378243565760046944,7284049364097712505,7284049364097712505,3943828455790214877,11971881622504761603,11986449057615780867,0,0,0,0,0,0,0,0,0,0,0
241,10,1694,8,10,0.132589,12776.33,0.076019,22283.77,0.047465,35689.34,0.048448,34965.07,0.078133,21680.93,0.036977,45811.98,0.108534,15607.97,0.134031,0.012721,0.023380,0.036977,0.207109,0.021699,2,181667,201857,913785,689,0,0,0,1141,0,0,0,972,0,0,0,383,0,0,0,609,0,0,0,5,0,0,0,5477535809474296650,4580965069244947505,4580965069244947505,12855168173395196216,11853051279190433209,2317308990754296741,0,0,0,0,0,0,0,0,0,0,0
242,10,1565,8,10,0.131868,11867.96,0.056264,27815.10,0.032766,47763.64,0.041812,37429.27,0.068786,22751.88,0.041319,37875.60,0.095630,16365.12,0.134080,0.011739,0.022793,0.041319,0.209933,0.018647,3,182930,195400,592156,522,0,0,0,309,0,0,0,389,0,0,0,163,0,0,0,356,0,0,0,11,0,0,0,1321489612250241817,12982193433936323999,12982193433936323999,10467123043895022392,8524234381710545071,1466865195983800935,0,0,0,0,0,0,0,0,0,0,0
243,10,1717,8,10,0.125120,13722.81,0.061098,28102.48,0.027764,61842.07,0.032362,53056.81,0.062920,27288.46,0.039866,43069.55,0.087994,19512.78,0.126523,0.014003,0.028213,0.039866,0.208605,0.024210,2,215884,230794,876696,681,0,0,0,631,0,0,0,450,0,0,0,333,0,0,0,451,0,0,0,1,0,0,0,14796816640005134249,8863371412339842705,8863371412339842705,12308313579198497308,18123496463536099027,17021033027244061468,0,0,0,0,0,0,0,0,0,0,0
244,10,1752,8,10,0.107188,16345.08,0.057368,30539.90,0.039856,43958.63,0.044981,38949.78,0.062047,28236.57,0.044317,39533.63,0.081989,21368.77,0.108172,0.014534,0.026367,0.044317,0.193391,0.023472,2,203213,215008,1110361,934,0,0,0,1406,0,0,0,674,0,0,0,421,0,0,0,556,0,0,0,12,0,0,0,4193377287543965183,12490436837848882880,12490436837848882880,5435369141687662885,13726958157471770439,9941225943230045791,0,0,0,0,0,0,0,0,0,0,0
245,10,1585,8,10,0.083661,18945.54,0.034491,45953.57,0.029475,53773.58,0.032670,48515.86,0.041477,38214.30,0.034347,46146.26,0.056409,28098.40,0.085280,0.012784,0.023994,0.034347,0.156406,0.020431,2,192023,200363,917458,662,0,0,0,1087,0,0,0,510,0,0,0,292,0,0,0,402,0,0,0,12,0,0,0,15626820501642001516,4430044355463717871,4430044355463717871,10109116432517909053,14899542605778365699,9078605441784430641,0,0,0,0,0,0,0,0,0,0,0
246,10,1684,8,10,0.093528,18005.24,0.050497,33348.84,0.034251,49166.33,0.036341,46339.21,0.057604,29234.20,0.036012,46761.98,0.073747,22834.91,0.094914,0.013981,0.028018,0.036012,0.172925,0.023594,2,218117,232542,772702,736,0,0,0,990,0,0,0,425,0,0,0,302,0,0,0,432,0,0,0,3,0,0,0,15545712961031319641,4617709001131704538,4617709001131704538,5097483560939264517,7187671522946466346,2378957530361018965,0,0,0,0,0,0,0,0,0,0,0
247,10,1600,8,10,0.125469,12752.19,0.065841,24300.92,0.036375,43986.57,0.047679,33557.91,0.075132,21295.75,0.047997,33335.11,0.094417,16946.11,0.127077,0.013541,0.026051,0.047997,0.214666,0.021723,3,211495,222340,997033,898,0,0,0,1151,0,0,0,674,0,0,0,479,0,0,0,527,0,0,0,7,0,0,0,13284112022084874178,17294756946140118491,17294756946140118491,16311020090568386601,9493801638850146933,17444115614457219516,0,0,0,0,0,0,0,0,0,0,0
248,10,1719,8,10,0.083811,20510.54,0.041284,41638.38,0.027319,62923.21,0.034940,49198.52,0.048313,35580.74,0.037370,45999.74,0.065051,26425.52,0.085459,0.012918,0.023090,0.037370,0.158836,0.022903,3,192478,212938,849233,794,0,0,0,1052,0,0,0,635,0,0,0,352,0,0,0,374,0,0,0,8,0,0,0,5825265124541560703,9239347914966507591,9239347914966507591,17146830682908969470,8591544761486872185,4482884794827490501,0,0,0,0,0,0,0,0,0,0,0
249,10,1829,8,10,0.117563,15557.56,0.061546,29717.57,0.040130,45576.73,0.042828,42706.20,0.065442,27948.60,0.053143,34416.38,0.089370,20465.40,0.119217,0.013918,0.013181,0.053143,0.199459,0.027891,10,212434,222764,919739,801,0,0,0,1077,0,0,0,741,0,0,0,411,0,0,0,395,0,0,0,14,0,0,0,16316181989223389188,17215902151350061475,17215902151350061475,7327604539267060555,12251820253962308719,6909136477289703794,0,0,0,0,0,0,0,0,0,0,0
250,10,1669,8,10,0.109326,15266.33,0.055093,30294.04,0.035358,47203.53,0.035784,46640.95,0.057712,28919.57,0.037246,44809.80,0.084564,19736.58,0.110839,0.011626,0.023287,0.037246,0.182997,0.021168,2,179624,191549,773030,742,0,0,0,1015,0,0,0,532,0,0,0,393,0,0,0,459,0,0,0,7,0,0,0,8828107892639882220,15388532471036827681,15388532471036827681,5633656578282786470,13392819773798754333,8384226085165722237,0,0,0,0,0,0,0,0,0,0,0
251,10,2041,8,10,0.090748,22490.87,0.040044,50968.63,0.029166,69978.74,0.034776,58690.16,0.047025,43402.29,0.037607,54272.11,0.066233,30815.37,0.092939,0.014671,0.024573,0.037607,0.169790,0.030334,4,233328,249248,907970,737,0,0,0,1094,0,0,0,669,0,0,0,403,0,0,0,444,0,0,0,5,0,0,0,10436430505853326540,8741764098801916829,8741764098801916829,17734924974079744318,9816118386909220960,15622358618125551539,0,0,0,0,0,0,0,0,0,0,0
252,10,1815,8,10,0.094962,19112.87,0.046991,38624.33,0.030557,59397.30,0.033713,53836.35,0.055808,32522.37,0.042369,42837.91,0.070532,25732.95,0.096522,0.014276,0.028277,0.042369,0.181445,0.026409,2,206114,218304,838219,764,0,0,0,987,0,0,0,708,0,0,0,436,0,0,0,531,0,0,0,7,0,0,0,3827160421792055368,13319337658290583774,13319337658290583774,4731384218610796856,13664851439189238317,15648438275428205668,0,0,0,0,0,0,0,0,0,0,0
253,10,1709,8,10,0.103860,16454.81,0.046419,36816.54,0.038238,44693.29,0.041945,40744.22,0.053588,31891.31,0.043188,39571.08,0.073631,23210.37,0.105436,0.015056,0.028050,0.043188,0.191731,0.023076,2,222516,231191,952089,920,0,0,0,1472,0,0,0,808,0,0,0,529,0,0,0,604,0,0,0,13,0,0,0,4933983371779329245,9419093016423736668,9419093016423736668,5667643042410293386,2069230939669031284,3694749597979412783,0,0,0,0,0,0,0,0,0,0,0
254,10,1921,8,10,0.116616,16472.92,0.059769,32140.23,0.040101,47904.22,0.042440,45263.95,0.067724,28365.19,0.051414,37363.19,0.090033,21336.55,0.118074,0.015187,0.025152,0.051414,0.209827,0.030318,3,221154,245044,925427,1035,0,0,0,1617,0,0,0,867,0,0,0,555,0,0,0,738,0,0,0,22,0,0,0,16758311888246942875,5886329702790442390,5886329702790442390,440638300435888308,2506743382052101777,6952691741517193154,0,0,0,0,0,0,0,0,0,0,0
255,10,1591,8,10,0.100806,15782.86,0.045961,34616.54,0.032909,48345.81,0.038000,41868.34,0.052901,30075.11,0.038389,41444.58,0.076096,20907.90,0.102847,0.013825,0.025707,0.038389,0.180767,0.021816,2,219649,231304,864315,965,0,0,0,1237,0,0,0,729,0,0,0,535,0,0,0,488,0,0,0,5,0,0,0,6011922037766002643,11120339803398484850,11120339803398484850,3437105609422906127,6850268254952675173,10499862975458908904,0,0,0,0,0,0,0,0,0,0,0
256,10,1673,8,10,0.112965,14809.85,0.065842,25409.20,0.045320,36914.94,0.042814,39076.17,0.064907,25775.50,0.039743,42095.98,0.084941,19696.04,0.114660,0.013058,0.023459,0.039743,0.190920,0.021188,3,195113,208473,915010,831,0,0,0,1273,0,0,0,714,0,0,0,453,0,0,0,551,0,0,0,12,0,0,0,1639001945481603386,14128155863329414882,14128155863329414882,2739400337835720690,9158824451530800907,11095243300272945868,0,0,0,0,0,0,0,0,0,0,0
257,10,1519,8,10,0.101204,15009.35,0.050755,29928.13,0.030436,49907.94,0.032981,46056.61,0.054027,28115.64,0.031452,48295.26,0.071310,21301.23,0.102504,0.011986,0.024464,0.031452,0.170406,0.017934,2,184568,190858,843480,685,0,0,0,1073,0,0,0,548,0,0,0,355,0,0,0,472,0,0,0,8,0,0,0,5699461809504464646,9379007328741639176,9379007328741639176,11508865970594110708,4724420420647711810,375998386266064020,0,0,0,0,0,0,0,0,0,0,0
258,10,1550,8,10,0.079876,19405.07,0.035788,43310.10,0.027062,57276.43,0.035344,43854.94,0.043521,35615.34,0.033919,45696.44,0.060888,25456.62,0.081413,0.011944,0.022727,0.033919,0.150004,0.018971,2,179827,194347,614382,786,0,0,0,1133,0,0,0,507,0,0,0,305,0,0,0,349,0,0,0,8,0,0,0,5933814577308366765,5933814577308366765,5933814577308366765,714180229454944395,2962047448001884960,17121207700788972659,0,0,0,0,0,0,0,0,0,0,0
259,10,1824,8,10,0.078534,23225.70,0.034680,52594.96,0.032467,56180.79,0.039225,46500.68,0.041447,44007.93,0.035261,51729.01,0.055278,32996.98,0.079563,0.013976,0.021526,0.035261,0.150326,0.026971,4,199842,216717,1032975,993,0,0,0,1469,0,0,0,765,0,0,0,501,0,0,0,546,0,0,0,8,0,0,0,13016868652185002532,9735315180427368434,9735315180427368434,10237059968521476403,3662702959105969290,8152198936633768941,0,0,0,0,0,0,0,0,0,0,0
260,10,1861,8,10,0.101101,18407.28,0.047419,39245.95,0.037461,49678.46,0.044565,41759.17,0.054344,34244.64,0.044415,41900.56,0.073389,25358.12,0.103093,0.014750,0.027602,0.044415,0.189859,0.028774,2,216129,231309,987879,1155,0,0,0,1420,0,0,0,767,0,0,0,457,0,0,0,660,0,0,0,14,0,0,0,18140343496221251347,10240274777619668464,10240274777619668464,3113132525746591123,353091679814229590,9213722403005118477,0,0,0,0,0,0,0,0,0,0,0
261,10,1719,8,10,0.075633,22728.20,0.038207,44991.52,0.031751,54140.45,0.039848,43138.86,0.041972,40955.44,0.036765,46756.06,0.052807,32552.30,0.076990,0.012761,0.023955,0.036765,0.150471,0.025789,5,197029,212184,1022567,825,0,0,0,1392,0,0,0,588,0,0,0,426,0,0,0,410,0,0,0,15,0,0,0,17524405312985882479,17955940472205522691,17955940472205522691,9938817627652803643,18049861549841164540,14694260937916446924,0,0,0,0,0,0,0,0,0,0,0
262,10,1836,8,10,0.087169,21062.46,0.036916,49735.20,0.033516,54779.09,0.043846,41874.11,0.048546,37819.97,0.042606,43092.75,0.061972,29626.08,0.089625,0.013119,0.023863,0.042606,0.169212,0.026305,4,201854,212924,909272,830,0,0,0,1351,0,0,0,701,0,0,0,473,0,0,0,458,0,0,0,9,0,0,0,16890707584960147619,8325167158338761554,8325167158338761554,10425245672019764283,4460624910338427669,10554047613416189874,0,0,0,0,0,0,0,0,0,0,0
263,10,1628,8,10,0.097202,16748.63,0.048754,33391.82,0.027304,59625.94,0.030023,54224.88,0.052608,30945.87,0.034321,47434.19,0.067957,23956.21,0.099532,0.011437,0.024530,0.034321,0.169820,0.020183,2,186491,194896,848850,778,0,0,0,947,0,0,0,734,0,0,0,310,0,0,0,413,0,0,0,8,0,0,0,3377747262686955782,7097103864574410100,7097103864574410100,16085818871078799050,6205836745251719341,13980747363930396781,0,0,0,0,0,0,0,0,0,0,0
264,10,1770,8,10,0.126568,13984.56,0.067797,26107.48,0.042142,42000.97,0.045093,39252.29,0.068886,25694.59,0.046111,38385.58,0.098087,18045.15,0.128259,0.013822,0.023857,0.046111,0.212049,0.025912,3,199291,219176,995156,906,0,0,0,1411,0,0,0,792,0,0,0,460,0,0,0,550,0,0,0,6,0,0,0,15931720653697555921,18216055141261992338,18216055141261992338,13107850619827208770,2277013229794764783,3611247414372945920,0,0,0,0,0,0,0,0,0,0,0
265,10,1542,8,10,0.101135,15247.01,0.055479,27794.08,0.032313,47720.94,0.048616,31717.86,0.062225,24780.87,0.043000,35860.43,0.075012,20556.79,0.102426,0.012448,0.021331,0.043000,0.179205,0.021577,4,179760,187550,730988,674,0,0,0,1172,0,0,0,699,0,0,0,376,0,0,0,526,0,0,0,8,0,0,0,6030478851733657263,9242160958425362512,9242160958425362512,3416174160951154890,6359608950284383117,675078741136334770,0,0,0,0,0,0,0,0,0,0,0
266,10,2316,8,10,0.142871,16210.37,0.071929,32198.63,0.051242,45197.21,0.052408,44191.99,0.072724,31846.56,0.050735,45648.66,0.115915,19980.13,0.144684,0.016634,0.014848,0.050735,0.226901,0.038032,10,245512,283522,1129754,1350,0,0,0,1164,0,0,0,666,0,0,0,346,0,0,0,352,0,0,0,16,0,0,0,10734454277284275398,5764522349351251260,5764522349351251260,3076132828913252429,13412553515873650014,7475253988416017909,0,0,0,0,0,0,0,0,0,0,0
267,10,1696,8,10,0.127547,13297.08,0.072525,23385.07,0.056425,30057.80,0.057914,29284.57,0.071669,23664.20,0.038338,44238.16,0.101368,16731.13,0.128830,0.013002,0.024052,0.038338,0.204222,0.022874,3,195060,208680,874778,960,0,0,0,1042,0,0,0,652,0,0,0,442,0,0,0,466,0,0,0,4,0,0,0,3196862407067132496,3196862407067132496,3196862407067132496,15258887918545239226,9427007301666781453,5631120963286878824,0,0,0,0,0,0,0,0,0,0,0
268,10,1688,8,10,0.119599,14113.79,0.060458,27920.36,0.035715,47262.91,0.045613,37006.80,0.062769,26892.35,0.051569,32732.75,0.092988,18152.81,0.120779,0.013874,0.021716,0.051569,0.207939,0.021352,5,199572,209267,939945,795,0,0,0,1027,0,0,0,674,0,0,0,397,0,0,0,452,0,0,0,5,0,0,0,9615249538353388076,15438625237019312247,15438625237019312247,18223890087954740169,5116529861712237423,17766630967951068557,0,0,0,0,0,0,0,0,0,0,0
269,10,1756,8,10,0.092217,19042.07,0.050276,34926.87,0.044321,39619.77,0.036929,47550.67,0.053714,32691.85,0.052554,33413.26,0.072103,24354.08,0.093528,0.012672,0.022674,0.052554,0.181428,0.026990,3,188700,212465,897359,966,0,0,0,1402,0,0,0,575,0,0,0,407,0,0,0,579,0,0,0,4,0,0,0,6904231605434728759,7682341190838875092,7682341190838875092,4885891361897010269,8666226925066501725,14412252972273710749,0,0,0,0,0,0,0,0,0,0,0
270,10,2011,8,10,0.083585,24059.35,0.038642,52042.39,0.032604,61678.65,0.041890,48006.54,0.048234,41692.70,0.044681,45007.52,0.063462,31688.34,0.085141,0.014772,0.025066,0.044681,0.169661,0.031411,3,206958,254643,966674,904,0,0,0,1362,0,0,0,787,0,0,0,435,0,0,0,525,0,0,0,8,0,0,0,9937780144741637362,14097691937728405482,14097691937728405482,5919669859073253925,7135717943198514265,2010516216126309811,0,0,0,0,0,0,0,0,0,0,0
271,10,1874,8,10,0.084850,22086.06,0.037217,50352.81,0.028577,65577.46,0.041400,45265.51,0.046089,40660.02,0.039387,47578.88,0.063204,29649.84,0.086770,0.014911,0.027740,0.039387,0.168809,0.028345,2,218197,239422,984617,892,0,0,0,1090,0,0,0,541,0,0,0,456,0,0,0,443,0,0,0,8,0,0,0,12821212581616013864,5775525412815993140,5775525412815993140,10608236379933608640,3086372915186175388,1743401680806581119,0,0,0,0,0,0,0,0,0,0,0
272,10,1627,8,10,0.101248,16069.40,0.052356,31075.50,0.034729,46848.81,0.039048,41666.81,0.057231,28428.50,0.039163,41544.84,0.075369,21587.03,0.102416,0.013796,0.029956,0.039163,0.185331,0.021675,2,211031,224721,768772,827,0,0,0,1316,0,0,0,557,0,0,0,459,0,0,0,442,0,0,0,9,0,0,0,1572007987645077407,3989763759314367197,3989763759314367197,4954852336115993455,7773879559254285008,9893405229574144569,0,0,0,0,0,0,0,0,0,0,0
273,10,1484,8,10,0.079267,18721.44,0.043060,34463.66,0.034642,42837.81,0.035934,41297.63,0.046124,32174.16,0.036838,40284.62,0.058938,25179.16,0.080707,0.012078,0.018810,0.036838,0.148433,0.017292,5,178522,194217,778037,700,0,0,0,1246,0,0,0,551,0,0,0,385,0,0,0,416,0,0,0,3,0,0,0,13303874709853257441,886897482265143115,886897482265143115,2527750812030839931,14637402670613416549,3265720644847105870,0,0,0,0,0,0,0,0,0,0,0
274,10,1725,8,10,0.109810,15708.97,0.056190,30699.25,0.043208,39923.25,0.040908,42167.51,0.061024,28267.56,0.038284,45058.27,0.084187,20490.07,0.110414,0.012576,0.023831,0.038284,0.185104,0.022517,2,188415,213415,934876,793,0,0,0,1245,0,0,0,597,0,0,0,435,0,0,0,566,0,0,0,9,0,0,0,3389327129387994438,11943385208824078238,11943385208824078238,9666694450111313663,746572553502087358,7850864605936170813,0,0,0,0,0,0,0,0,0,0,0
275,10,1559,8,10,0.123455,12628.07,0.069482,22437.41,0.041923,37187.39,0.038435,40561.52,0.073547,21197.21,0.042501,36681.84,0.099980,15593.17,0.124695,0.012232,0.019345,0.042501,0.198773,0.018155,5,178501,185341,822969,757,0,0,0,1170,0,0,0,604,0,0,0,410,0,0,0,408,0,0,0,8,0,0,0,5576625421544753262,13572923587977974465,13572923587977974465,2279507314634907494,9349363476936335427,3149834586508078361,0,0,0,0,0,0,0,0,0,0,0
276,10,1622,8,10,0.123525,13130.99,0.062558,25927.89,0.038664,41951.40,0.038121,42548.87,0.065123,24906.68,0.042483,38179.53,0.095639,16959.54,0.124861,0.014450,0.025336,0.042483,0.207132,0.020783,2,194454,203999,943528,892,0,0,0,1018,0,0,0,795,0,0,0,437,0,0,0,437,0,0,0,4,0,0,0,14513562921358743813,14241919119035576950,14241919119035576950,2720643378817209893,885069515561757316,18154997429457672046,0,0,0,0,0,0,0,0,0,0,0
277,10,1699,8,10,0.065986,25747.90,0.029953,56721.84,0.023339,72795.63,0.030899,54984.84,0.035041,48486.30,0.030990,54823.84,0.048644,34927.25,0.067143,0.012400,0.022321,0.030990,0.132855,0.021419,2,170291,184676,816513,687,0,0,0,928,0,0,0,527,0,0,0,364,0,0,0,515,0,0,0,5,0,0,0,5927383900345745270,15382643445238176104,15382643445238176104,6814269227530491225,1124056463048782983,4017240469898294943,0,0,0,0,0,0,0,0,0,0,0
278,10,1827,8,10,0.111845,16335.15,0.060007,30446.58,0.037715,48442.39,0.046420,39357.94,0.062071,29433.88,0.051568,35428.97,0.083308,21930.54,0.113149,0.013384,0.025311,0.051568,0.203411,0.026568,2,200402,212217,949507,1165,0,0,0,1553,0,0,0,1026,0,0,0,784,0,0,0,1021,0,0,0,12,0,0,0,14127888287415315280,4053138587277096274,4053138587277096274,17003399077682970097,15036053095224521810,8249361659215748801,0,0,0,0,0,0,0,0,0,0,0
279,10,1702,8,10,0.147442,11543.51,0.088174,19302.77,0.063084,26980.08,0.057497,29601.30,0.086812,19605.65,0.055110,30883.78,0.118243,14394.10,0.148879,0.013492,0.024592,0.055110,0.242073,0.022993,2,192549,204904,1033471,1134,0,0,0,1498,0,0,0,949,0,0,0,618,0,0,0,1038,0,0,0,11,0,0,0,14043541196618502423,3952753880195559454,3952753880195559454,6357586170639149122,7699954747354156879,17843387778751024096,0,0,0,0,0,0,0,0,0,0,0
280,10,1729,8,10,0.117807,14676.52,0.070727,24446.07,0.051190,33776.06,0.051048,33870.23,0.072665,23794.12,0.030496,56695.63,0.093340,18523.66,0.119411,0.013028,0.023649,0.030496,0.186584,0.024447,2,184113,192528,1016092,719,0,0,0,1205,0,0,0,782,0,0,0,509,0,0,0,520,0,0,0,10,0,0,0,8773205586663496872,5327114450733041036,5327114450733041036,2884953780494238132,15325757698201415627,15483986415977092556,0,0,0,0,0,0,0,0,0,0,0
281,10,1543,8,10,0.133539,11554.72,0.072676,21231.23,0.058505,26373.81,0.057222,26965.10,0.073754,20920.84,0.038526,40051.00,0.102819,15006.92,0.134792,0.010925,0.019549,0.038526,0.203791,0.017939,3,172329,180854,1116467,795,0,0,0,1410,0,0,0,802,0,0,0,438,0,0,0,486,0,0,0,6,0,0,0,14156924279959462874,4482497222913179064,4482497222913179064,4770741382827426497,8453144924969845213,12986396905436976931,0,0,0,0,0,0,0,0,0,0,0
282,10,1742,8,10,0.132542,13142.97,0.073840,23591.41,0.057529,30280.44,0.059155,29447.98,0.076070,22900.04,0.052030,33480.63,0.106653,16333.31,0.135633,0.015015,0.026407,0.052030,0.229085,0.022349,2,195358,209698,1036432,910,0,0,0,970,0,0,0,652,0,0,0,411,0,0,0,550,0,0,0,14,0,0,0,14446061767584658961,13513147001662736451,13513147001662736451,14962581946808245693,13339509082457624138,3260347041803447932,0,0,0,0,0,0,0,0,0,0,0
283,10,1509,8,10,0.117866,12802.70,0.063960,23592.76,0.049891,30245.69,0.050377,29954.09,0.064480,23402.54,0.033699,44778.37,0.091723,16451.73,0.120495,0.011194,0.022654,0.033699,0.188042,0.018075,3,172259,183784,910517,681,0,0,0,910,0,0,0,729,0,0,0,322,0,0,0,424,0,0,0,7,0,0,0,15978740109033317583,13827725733884020836,13827725733884020836,7924487572334970636,8808739961879143589,12783732266572241605,0,0,0,0,0,0,0,0,0,0,0
284,10,1704,8,10,0.113535,15008.53,0.058340,29208.25,0.033409,51004.37,0.039693,42929.59,0.063899,26667.09,0.041231,41328.31,0.086283,19749.00,0.114763,0.013949,0.024687,0.041231,0.194629,0.025299,2,202508,219548,896139,883,0,0,0,1242,0,0,0,600,0,0,0,440,0,0,0,526,0,0,0,14,0,0,0,11608589654950042314,8182032511301290628,8182032511301290628,14730564278811561954,9290375990253690974,12902341026450258163,0,0,0,0,0,0,0,0,0,0,0
285,10,1615,8,10,0.214041,7545.30,0.123723,13053.39,0.079606,20287.46,0.115762,13951.03,0.131591,12272.89,0.070506,22905.97,0.167064,9666.97,0.215650,0.013439,0.023072,0.070506,0.322667,0.019983,3,192746,202746,1132746,802,0,0,0,955,0,0,0,563,0,0,0,373,0,0,0,450,0,0,0,7,0,0,0,13333156123667600981,15144476911169987042,15144476911169987042,15944675875163005858,7703173010539846926,17849670999342069803,0,0,0,0,0,0,0,0,0,0,0
286,10,1618,8,10,0.135197,11967.68,0.082159,19693.57,0.048796,33158.42,0.059642,27128.70,0.083020,19489.29,0.047853,33811.63,0.106350,15213.97,0.136280,0.012062,0.023875,0.047853,0.220070,0.021905,2,180353,189833,946701,769,0,0,0,1269,0,0,0,962,0,0,0,475,0,0,0,634,0,0,0,12,0,0,0,10063634382101192293,15973566666771299922,15973566666771299922,15829378783879036633,5511448680851022737,10704592363221330138,0,0,0,0,0,0,0,0,0,0,0
287,10,1747,8,10,0.193764,9016.12,0.092875,18810.24,0.064831,26947.16,0.066067,26442.96,0.093586,18667.38,0.047713,36614.97,0.155276,11250.95,0.196974,0.014587,0.026699,0.047713,0.285973,0.025259,2,207776,226276,960519,880,0,0,0,616,0,0,0,851,0,0,0,392,0,0,0,465,0,0,0,11,0,0,0,806543475956566339,16496452859970666220,16496452859970666220,15672775702944740375,5186804110953942249,13892756067600948147,0,0,0,0,0,0,0,0,0,0,0
288,10,1534,8,10,0.108676,14115.29,0.055383,27697.99,0.030393,50472.38,0.034343,44666.54,0.056638,27084.49,0.034218,44830.76,0.079516,19291.63,0.109836,0.012893,0.024284,0.034218,0.181230,0.020273,2,196161,204596,869523,727,0,0,0,865,0,0,0,617,0,0,0,326,0,0,0,422,0,0,0,4,0,0,0,13208576590918887013,4296408027699098819,4296408027699098819,10114905278050527148,14695793353194627362,16275885077303692161,0,0,0,0,0,0,0,0,0,0,0
289,10,1777,8,10,0.102979,17255.94,0.049920,35597.11,0.037137,47850.44,0.038451,46214.54,0.056655,31365.30,0.035334,50291.19,0.073977,24020.93,0.104545,0.013127,0.025256,0.035334,0.178263,0.025352,2,196495,205600,887383,891,0,0,0,1242,0,0,0,741,0,0,0,419,0,0,0,512,0,0,0,22,0,0,0,6113633739246285479,9526021476970634749,9526021476970634749,7899168209597512436,15720175069064673900,10469556657282157071,0,0,0,0,0,0,0,0,0,0,0
290,10,1775,8,10,0.096576,18379.21,0.045503,39008.65,0.029865,59433.97,0.035627,49822.08,0.049153,36112.06,0.033404,53137.74,0.067941,26125.54,0.097683,0.012880,0.025153,0.033404,0.169120,0.024003,2,194120,208025,1376929,880,0,0,0,1160,0,0,0,685,0,0,0,430,0,0,0,688,0,0,0,11,0,0,0,8970773584018535148,16255129098111753795,16255129098111753795,5789327998488709906,5673026035020076104,6975437717401790373,0,0,0,0,0,0,0,0,0,0,0
291,10,1753,8,10,0.084462,20754.83,0.040436,43352.93,0.031026,56501.74,0.039681,44177.56,0.046984,37310.94,0.039576,44294.90,0.066227,26469.55,0.086427,0.013456,0.027898,0.039576,0.167356,0.022596,2,201585,221935,776516,935,0,0,0,1465,0,0,0,551,0,0,0,447,0,0,0,618,0,0,0,5,0,0,0,14632466303666273133,14632466303666273133,14632466303666273133,16987616823008336254,3468659569549082204,17339365073585328975,0,0,0,0,0,0,0,0,0,0,0
292,10,1612,8,10,0.093750,17194.68,0.055616,28984.49,0.036860,43733.39,0.037222,43308.27,0.054276,29700.21,0.034187,47152.86,0.065690,24539.60,0.095524,0.012318,0.023694,0.034187,0.165723,0.019971,2,200473,213778,749033,826,0,0,0,1119,0,0,0,878,0,0,0,550,0,0,0,629,0,0,0,4,0,0,0,5466782807225219727,10551673989858856601,10551673989858856601,2485250780920269738,2046901598831524510,2404908393342978750,0,0,0,0,0,0,0,0,0,0,0
293,10,1828,8,10,0.119534,15292.78,0.061566,29691.75,0.041898,43629.74,0.045875,39847.10,0.068651,26627.48,0.046313,39470.92,0.093249,19603.46,0.121107,0.015094,0.028194,0.046313,0.210708,0.026065,2,227600,245005,1118868,1258,0,0,0,1550,0,0,0,718,0,0,0,456,0,0,0,525,0,0,0,8,0,0,0,10433860249666093471,10088870019101236928,10088870019101236928,1715721295846899434,17788268097001558627,8462957225453831145,0,0,0,0,0,0,0,0,0,0,0
294,10,1685,8,10,0.169330,9950.99,0.103228,16323.12,0.070626,23857.96,0.100422,16779.26,0.122352,13771.71,0.107806,15629.99,0.145959,11544.37,0.171045,0.013547,0.023959,0.107806,0.316357,0.024788,2,194210,204625,955714,971,0,0,0,1605,0,0,0,1066,0,0,0,674,0,0,0,743,0,0,0,8,0,0,0,4589636159085695496,15204982028890415358,15204982028890415358,3986527313123549251,12012352144333095909,278107044245193652,0,0,0,0,0,0,0,0,0,0,0
295,10,2027,8,10,0.143831,14092.96,0.069671,29093.72,0.052474,38628.58,0.054193,37403.55,0.070777,28639.05,0.041693,48617.70,0.115837,17498.79,0.147814,0.014360,0.030815,0.041693,0.234681,0.031645,2,225121,246766,942818,1105,0,0,0,1242,0,0,0,817,0,0,0,495,0,0,0,573,0,0,0,12,0,0,0,9497106042185706573,15228573580424479222,15228573580424479222,16245044036921186505,5063676562186247695,12407011472744376979,0,0,0,0,0,0,0,0,0,0,0
296,10,1910,8,10,0.124465,15345.72,0.065994,28942.15,0.051373,37179.18,0.052622,36296.67,0.060890,31368.21,0.039489,48367.79,0.099062,19280.93,0.125565,0.013782,0.025400,0.039489,0.204235,0.030779,2,200668,228438,853016,1135,0,0,0,1132,0,0,0,723,0,0,0,468,0,0,0,555,0,0,0,17,0,0,0,9246913837239229713,352881935616840869,352881935616840869,4915351974852706223,6435525470467548391,12779329077292430332,0,0,0,0,0,0,0,0,0,0,0
297,10,1733,8,10,0.141704,12229.74,0.081142,21357.49,0.064705,26782.96,0.075583,22928.39,0.089731,19313.35,0.040635,42647.68,0.118276,14652.19,0.144555,0.011700,0.024059,0.040635,0.220950,0.023398,2,192480,209195,949322,955,0,0,0,1199,0,0,0,1060,0,0,0,446,0,0,0,534,0,0,0,5,0,0,0,5345603823396835392,1089663431270392712,1089663431270392712,224789139385033000,5533002782890771070,520893219824958356,0,0,0,0,0,0,0,0,0,0,0
298,10,1720,8,10,0.116844,14720.44,0.064728,26572.69,0.049224,34942.13,0.050874,33809.31,0.070218,24495.18,0.041745,41202.12,0.097340,17670.08,0.118668,0.013670,0.027585,0.041745,0.201668,0.021729,2,220829,239814,722331,876,0,0,0,1098,0,0,0,842,0,0,0,419,0,0,0,586,0,0,0,14,0,0,0,971667819520767462,14535762417647961344,14535762417647961344,14324475250081930119,6285854528418515047,1335767874049676413,0,0,0,0,0,0,0,0,0,0,0
299,10,1750,8,10,0.114811,15242.49,0.069046,25345.30,0.036326,48175.46,0.042452,41223.12,0.067471,25937.09,0.048145,36348.66,0.091114,19206.68,0.116617,0.014856,0.024262,0.048145,0.203880,0.023654,2,201020,212305,1056479,865,0,0,0,1233,0,0,0,679,0,0,0,432,0,0,0,549,0,0,0,8,0,0,0,13307969398233550911,7658810635707190726,7658810635707190726,18208619573307818749,7155699232947636303,4431747121203578728,0,0,0,0,0,0,0,0,0,0,0
300,10,1525,8,10,0.101605,15009.11,0.054259,28106.10,0.034546,44144.10,0.036927,41297.44,0.061017,24993.06,0.034907,43687.21,0.076976,19811.49,0.102720,0.011445,0.022251,0.034907,0.171323,0.019398,2,177354,189374,616882,741,0,0,0,787,0,0,0,573,0,0,0,357,0,0,0,539,0,0,0,2,0,0,0,1075612731828231356,1075612731828231356,1075612731828231356,752445046060243152,3103106174688307168,14377079024272008091,0,0,0,0,0,0,0,0,0,0,0
301,10,1852,8,10,0.091662,20204.63,0.043184,42886.12,0.033357,55521.16,0.041201,44950.19,0.048556,38141.50,0.036812,50309.42,0.068078,27203.98,0.093291,0.013556,0.025744,0.036812,0.169403,0.024998,2,208291,221266,1116916,952,0,0,0,1423,0,0,0,664,0,0,0,478,0,0,0,457,0,0,0,9,0,0,0,4818557628508832976,2683039874341029293,2683039874341029293,15144248065236481694,16384779510325864370,3976503883526854479,0,0,0,0,0,0,0,0,0,0,0
302,10,1702,8,10,0.134737,12631.98,0.074385,22880.97,0.056081,30348.93,0.068526,24837.43,0.083719,20329.92,0.049229,34573.30,0.112945,15069.29,0.136189,0.012616,0.020163,0.049229,0.218196,0.020340,5,181448,198313,665922,820,0,0,0,1383,0,0,0,779,0,0,0,479,0,0,0,549,0,0,0,6,0,0,0,17907226230723811079,1917988075565342442,1917988075565342442,6920091912376690056,11098973211374303633,6271860805028279141,0,0,0,0,0,0,0,0,0,0,0
303,10,1784,8,10,0.137882,12938.65,0.070330,25366.06,0.048300,36935.88,0.050469,35348.26,0.074371,23987.88,0.043752,40774.92,0.106595,16736.22,0.139506,0.013742,0.021476,0.043752,0.218477,0.025112,4,186306,203246,866745,672,0,0,0,974,0,0,0,486,0,0,0,350,0,0,0,479,0,0,0,6,0,0,0,12826833779429300552,7650828276603124082,7650828276603124082,14004794357115018781,2388531638658663940,1964411792790483026,0,0,0,0,0,0,0,0,0,0,0
304,10,1745,8,10,0.109567,15926.28,0.056857,30691.28,0.036326,48037.31,0.037136,46989.37,0.062476,27930.63,0.037906,46034.68,0.085354,20444.38,0.111204,0.013205,0.024287,0.037906,0.186602,0.024187,4,194417,208762,880367,914,0,0,0,1278,0,0,0,730,0,0,0,460,0,0,0,574,0,0,0,12,0,0,0,10880237593124603756,6328427480896783605,6328427480896783605,15495086864725636480,16609248601866368209,13453478147840748145,0,0,0,0,0,0,0,0,0,0,0
305,10,1720,8,10,0.108383,15869.65,0.059056,29124.87,0.039204,43872.85,0.040268,42713.99,0.060359,28496.39,0.044916,38293.88,0.088152,19511.78,0.109927,0.012096,0.019372,0.044916,0.186312,0.021390,5,184920,204260,746216,888,0,0,0,1115,0,0,0,834,0,0,0,446,0,0,0,523,0,0,0,7,0,0,0,1720543252483531438,13083391964010283283,13083391964010283283,16688077024160628626,12108398709197797316,13144169295542496509,0,0,0,0,0,0,0,0,0,0,0
306,10,1631,8,10,0.120561,13528.48,0.062020,26297.82,0.046917,34763.24,0.049270,33103.44,0.063393,25728.38,0.036447,44750.35,0.088260,18479.49,0.122096,0.012837,0.026339,0.036447,0.197719,0.021550,2,196931,207941,945960,861,0,0,0,1401,0,0,0,744,0,0,0,524,0,0,0,533,0,0,0,11,0,0,0,12132898942187774446,12132898942187774446,12132898942187774446,4407361711391839544,6820137248206063503,3047899813776575213,0,0,0,0,0,0,0,0,0,0,0
307,10,1678,8,10,0.091100,18419.34,0.046397,36166.22,0.034268,48966.48,0.038930,43102.84,0.056401,29751.12,0.039301,42695.81,0.069577,24117.14,0.092595,0.013241,0.022651,0.039301,0.167788,0.022560,3,206505,228065,880349,881,0,0,0,1179,0,0,0,647,0,0,0,585,0,0,0,551,0,0,0,9,0,0,0,7311335712238536846,7038727399046813321,7038727399046813321,4759574541976504903,10484340953829173541,815550571514645589,0,0,0,0,0,0,0,0,0,0,0
308,10,1611,8,10,0.137821,11689.08,0.084089,19158.18,0.047919,33619.03,0.051733,31140.70,0.084238,19124.36,0.063152,25509.89,0.104865,15362.63,0.138409,0.013237,0.022384,0.063152,0.237182,0.022420,3,195274,204269,867519,1074,0,0,0,1501,0,0,0,1082,0,0,0,666,0,0,0,703,0,0,0,7,0,0,0,7388615836455450364,9621382067202140151,9621382067202140151,1386223882351187242,7889966416938248032,1448698804669149681,0,0,0,0,0,0,0,0,0,0,0
309,10,1696,8,10,0.111385,15226.47,0.062528,27123.66,0.040065,42331.10,0.037203,45587.60,0.066985,25318.99,0.040589,41785.22,0.086388,19632.31,0.113001,0.012574,0.023397,0.040589,0.189560,0.020996,2,189434,197524,875007,791,0,0,0,1259,0,0,0,732,0,0,0,449,0,0,0,695,0,0,0,5,0,0,0,3112157040364826473,3112157040364826473,3112157040364826473,16359395528320899542,14929973499523487695,11673092639122687331,0,0,0,0,0,0,0,0,0,0,0
310,10,1927,8,10,0.109850,17542.04,0.055981,34422.11,0.043771,44025.03,0.046741,41226.75,0.057288,33637.16,0.049099,39247.28,0.091579,21041.84,0.110666,0.013346,0.026100,0.049099,0.199210,0.031174,3,202701,228251,773940,952,0,0,0,1243,0,0,0,803,0,0,0,536,0,0,0,634,0,0,0,3,0,0,0,1451427235149373890,1451427235149373890,1451427235149373890,15427933917095940746,13301978073165829848,1678102028438196731,0,0,0,0,0,0,0,0,0,0,0
311,10,1798,8,10,0.108048,16640.70,0.051078,35201.31,0.041725,43091.44,0.042070,42738.15,0.056393,31883.41,0.042497,42309.12,0.078995,22761.01,0.108683,0.013412,0.023989,0.042497,0.188580,0.027042,3,219084,231699,1053913,949,0,0,0,1535,0,0,0,731,0,0,0,471,0,0,0,505,0,0,0,9,0,0,0,151127871854754003,3164066206247506965,3164066206247506965,12199770456616574947,15606986497535453100,8586705582857855486,0,0,0,0,0,0,0,0,0,0,0
312,10,1715,8,10,0.095488,17960.41,0.053027,32341.81,0.038277,44805.27,0.034867,49187.25,0.056556,30323.76,0.034303,49995.45,0.071864,23864.60,0.097912,0.012980,0.026080,0.034303,0.171275,0.024180,2,194411,204616,813203,778,0,0,0,1131,0,0,0,685,0,0,0,465,0,0,0,585,0,0,0,6,0,0,0,11999216832550144152,13558009764888213960,13558009764888213960,2404989702015756504,15239449298261371314,456830354028826272,0,0,0,0,0,0,0,0,0,0,0
313,10,1625,8,10,0.102438,15863.18,0.063815,25464.22,0.044599,36435.62,0.046019,35311.78,0.066306,24507.57,0.038784,41898.62,0.085619,18979.42,0.103580,0.012733,0.024329,0.038784,0.179426,0.019916,2,179503,195348,806332,802,0,0,0,1243,0,0,0,577,0,0,0,322,0,0,0,425,0,0,0,5,0,0,0,3850214593782178350,12338050372742990230,12338050372742990230,15789494991841714191,13748741110881089765,16441073206773318585,0,0,0,0,0,0,0,0,0,0,0
314,10,1647,8,10,0.097918,16820.28,0.046209,35642.31,0.034442,47820.13,0.048044,34281.41,0.050563,32573.21,0.042549,38708.10,0.070994,23199.10,0.099944,0.014722,0.028200,0.042549,0.185414,0.022128,2,216818,226108,990357,959,0,0,0,1178,0,0,0,621,0,0,0,461,0,0,0,535,0,0,0,17,0,0,0,7619170729653307484,1999850931759827373,1999850931759827373,4110958348393568641,14396743042665077,16964763720933875438,0,0,0,0,0,0,0,0,0,0,0
315,10,1779,8,10,0.079334,22424.11,0.044482,39993.58,0.031574,56343.66,0.036242,49087.08,0.047735,37268.52,0.035978,49447.17,0.060084,29608.59,0.080076,0.012082,0.022636,0.035978,0.150772,0.021988,3,186788,207248,904408,877,0,0,0,1299,0,0,0,697,0,0,0,389,0,0,0,471,0,0,0,4,0,0,0,5705427800510829983,5705427800510829983,5705427800510829983,3239970790709212894,825101729552340338,10715873917533103217,0,0,0,0,0,0,0,0,0,0,0
316,10,1824,8,10,0.099245,18378.74,0.052102,35008.27,0.041310,44154.20,0.039272,46444.74,0.052530,34723.07,0.037177,49062.42,0.075234,24244.39,0.100395,0.014156,0.025004,0.037177,0.176732,0.028372,2,210774,230004,961940,1005,0,0,0,1458,0,0,0,696,0,0,0,395,0,0,0,503,0,0,0,5,0,0,0,13271955986508948667,2311683196400829767,2311683196400829767,2665125104428741420,1979560206882715725,200186285871960083,0,0,0,0,0,0,0,0,0,0,0
317,10,1583,8,10,0.098248,16112.33,0.049287,32118.20,0.029721,53261.23,0.035670,44378.62,0.052291,30273.01,0.035551,44527.78,0.072970,21693.86,0.099636,0.011775,0.022658,0.035551,0.169620,0.020262,2,180857,187727,918862,802,0,0,0,1099,0,0,0,632,0,0,0,349,0,0,0,486,0,0,0,8,0,0,0,6383843228722698463,17972526743623457533,17972526743623457533,16807060931000695798,15556086847139818143,3951140023863518692,0,0,0,0,0,0,0,0,0,0,0
318,10,1682,8,10,0.080591,20870.70,0.034832,48289.28,0.029844,56360.31,0.036346,46277.54,0.043900,38313.96,0.038528,43657.04,0.057854,29073.25,0.081588,0.014408,0.027366,0.038528,0.161890,0.023633,3,211096,228926,884339,813,0,0,0,1190,0,0,0,564,0,0,0,418,0,0,0,402,0,0,0,9,0,0,0,6860741621296878581,13506270992603566311,13506270992603566311,606876869752477980,15684349172008048975,2316627531589610742,0,0,0,0,0,0,0,0,0,0,0
319,10,1626,8,10,0.118227,13753.19,0.059902,27144.39,0.047736,34062.63,0.039633,41026.64,0.065195,24940.63,0.037732,43092.87,0.088780,18314.96,0.119733,0.012114,0.024618,0.037732,0.194198,0.020281,2,192211,204226,646527,911,0,0,0,1161,0,0,0,595,0,0,0,461,0,0,0,627,0,0,0,4,0,0,0,16105629156246123505,8497675267464785971,8497675267464785971,15493761519999977961,17738275042279535911,3484155999087048705,0,0,0,0,0,0,0,0,0,0,0
320,10,1590,8,10,0.101967,15593.27,0.048105,33052.60,0.036493,43570.58,0.038293,41522.15,0.051475,30888.76,0.035848,44353.41,0.074074,21465.02,0.103448,0.012011,0.023096,0.035848,0.174403,0.020112,2,179433,195208,1021544,826,0,0,0,1278,0,0,0,746,0,0,0,428,0,0,0,550,0,0,0,6,0,0,0,6714427037426863841,2809688384176149167,2809688384176149167,700431780701711815,14919660879514602775,4281783531427901257,0,0,0,0,0,0,0,0,0,0,0
321,10,1724,8,10,0.086299,19976.97,0.036611,47089.46,0.032489,53064.83,0.040690,42369.37,0.046899,36759.66,0.043132,39970.18,0.059052,29194.77,0.088610,0.013137,0.014462,0.043132,0.159341,0.025306,8,221783,233888,911611,949,0,0,0,1248,0,0,0,636,0,0,0,380,0,0,0,387,0,0,0,5,0,0,0,3676166932955117777,16970109296078535768,16970109296078535768,11247013745259388548,1885389502173245441,12238554312775804276,0,0,0,0,0,0,0,0,0,0,0
322,10,1910,8,10,0.093724,20378.99,0.046150,41386.47,0.039138,48801.79,0.041471,46055.99,0.055819,34217.96,0.040535,47119.26,0.065961,28956.47,0.094800,0.014921,0.027554,0.040535,0.177811,0.027059,2,212174,223989,1094530,847,0,0,0,1487,0,0,0,740,0,0,0,521,0,0,0,592,0,0,0,8,0,0,0,416906452950283713,18027944172951881558,18027944172951881558,6659892017226684030,12893993211210257610,16342521787198892352,0,0,0,0,0,0,0,0,0,0,0
323,10,1716,8,10,0.100885,17009.44,0.049488,34674.94,0.037516,45740.02,0.042334,40535.03,0.055914,30689.90,0.040903,41952.59,0.079245,21654.23,0.102403,0.014314,0.023150,0.040903,0.180771,0.025552,3,206627,228462,887656,965,0,0,0,1558,0,0,0,656,0,0,0,569,0,0,0,622,0,0,0,12,0,0,0,1043227618987886035,5814829197901609461,5814829197901609461,6370301300654439700,4406916335289620077,15904763559661897185,0,0,0,0,0,0,0,0,0,0,0
324,10,1759,8,10,0.107479,16366.01,0.054708,32152.80,0.040049,43921.06,0.037736,46613.61,0.055589,31642.70,0.035763,49185.36,0.082171,21406.57,0.109364,0.014662,0.032335,0.035763,0.192123,0.024954,2,214361,227961,812346,975,0,0,0,1289,0,0,0,766,0,0,0,494,0,0,0,584,0,0,0,19,0,0,0,13769741708534335246,5123717250920119847,5123717250920119847,511641353069251226,12833079951592966003,556758515989733781,0,0,0,0,0,0,0,0,0,0,0
325,10,2288,8,10,0.113841,20098.14,0.065747,34799.82,0.049374,46340.19,0.045790,49966.82,0.067654,33819.12,0.037328,61295.09,0.096392,23736.45,0.115330,0.015431,0.028413,0.037328,0.196502,0.036024,2,230770,260805,985856,1159,0,0,0,1644,0,0,0,711,0,0,0,379,0,0,0,562,0,0,0,13,0,0,0,6281039101755129465,4695952818167584268,4695952818167584268,14706659537423083239,14495478829204938861,11424114638582116062,0,0,0,0,0,0,0,0,0,0,0
326,10,1772,8,10,0.097546,18165.73,0.043380,40848.30,0.033516,52869.91,0.045879,38623.57,0.054430,32555.47,0.048586,36471.64,0.073931,23968.15,0.098237,0.013731,0.024670,0.048586,0.185224,0.023297,4,207916,222696,891802,884,0,0,0,1302,0,0,0,685,0,0,0,457,0,0,0,507,0,0,0,11,0,0,0,787631278865232008,831735124702169934,831735124702169934,1039322426665356117,13278308568603885734,2597042909385327446,0,0,0,0,0,0,0,0,0,0,0
327,10,1809,8,10,0.163911,11036.46,0.092043,19653.79,0.059089,30615.07,0.088771,20378.24,0.106099,17050.15,0.054981,32902.39,0.136071,13294.56,0.165253,0.014057,0.019550,0.054981,0.253840,0.023976,6,201403,215043,962965,756,0,0,0,764,0,0,0,816,0,0,0,415,0,0,0,615,0,0,0,9,0,0,0,8199519028010188866,10123368467609803267,10123368467609803267,7727513363763524368,4012690732910475932,13173520136222812283,0,0,0,0,0,0,0,0,0,0,0
328,10,1935,8,10,0.172359,11226.58,0.087202,22189.93,0.064323,30082.67,0.077218,25058.82,0.089382,21648.62,0.035355,54730.32,0.138708,13950.12,0.174799,0.014078,0.026684,0.035355,0.250916,0.029217,2,216506,238061,934469,884,0,0,0,1346,0,0,0,874,0,0,0,465,0,0,0,424,0,0,0,13,0,0,0,7037021673179193067,13605619295982147668,13605619295982147668,7265386327460161528,15133497274384761888,958778594859073203,0,0,0,0,0,0,0,0,0,0,0
329,10,1637,8,10,0.155072,10556.42,0.088144,18571.79,0.058827,27827.26,0.062264,26291.25,0.081762,20021.48,0.043231,37866.36,0.122179,13398.37,0.156533,0.012692,0.019294,0.043231,0.231750,0.020079,5,186665,194675,869153,912,0,0,0,1342,0,0,0,793,0,0,0,376,0,0,0,459,0,0,0,13,0,0,0,16750154669571179948,17667817824165015076,17667817824165015076,10390231409717026058,10368892191934260167,4878792866999988903,0,0,0,0,0,0,0,0,0,0,0
330,10,1468,8,10,0.105832,13871.00,0.054498,26936.61,0.040850,35936.04,0.045169,32500.52,0.054876,26751.21,0.032538,45117.12,0.075936,19332.17,0.108222,0.011154,0.023297,0.032538,0.175211,0.018431,3,169442,175727,717794,850,0,0,0,1342,0,0,0,705,0,0,0,446,0,0,0,452,0,0,0,8,0,0,0,14687144002928358976,15533190002721335534,15533190002721335534,15948517536229174214,9128841193446289362,9672991861639914117,0,0,0,0,0,0,0,0,0,0,0
331,10,1649,8,10,0.156627,10528.20,0.075564,21822.43,0.057158,28850.06,0.058147,28359.15,0.077423,21298.61,0.040920,40298.41,0.120780,13652.89,0.157933,0.013045,0.024681,0.040920,0.236578,0.022356,3,201238,215043,1028328,999,0,0,0,1037,0,0,0,844,0,0,0,532,0,0,0,597,0,0,0,18,0,0,0,6978988301545736605,6654455119694360703,6654455119694360703,5261124040726733709,4772489857811050701,5611457438752038149,0,0,0,0,0,0,0,0,0,0,0
332,10,1856,8,10,0.124499,14907.76,0.059986,30940.42,0.046859,39607.87,0.054612,33985.11,0.063873,29057.89,0.043526,42641.52,0.094382,19664.69,0.126492,0.013767,0.024206,0.043526,0.207990,0.027812,3,206565,219455,916514,997,0,0,0,1382,0,0,0,808,0,0,0,466,0,0,0,559,0,0,0,1,0,0,0,1410634879163902585,18000384942402182474,18000384942402182474,5839850711382882140,12214471594774813678,8080210505492700595,0,0,0,0,0,0,0,0,0,0,0
333,10,1769,8,10,0.173084,10220.46,0.089647,19732.88,0.056689,31205.55,0.068033,26002.00,0.090349,19579.62,0.078100,22650.50,0.137545,12861.22,0.174011,0.013693,0.026165,0.078100,0.291969,0.021974,2,191416,207136,972318,818,0,0,0,1164,0,0,0,425,0,0,0,303,0,0,0,124,0,0,0,7,0,0,0,12156692827069831845,11462318602183212805,11462318602183212805,11057789834142732719,7365320692886242078,12523793554885165973,0,0,0,0,0,0,0,0,0,0,1
334,10,1655,8,10,0.142249,11634.54,0.070594,23444.04,0.040354,41012.44,0.063785,25946.61,0.076854,21534.23,0.052701,31403.45,0.110461,14982.67,0.143329,0.013571,0.024676,0.052701,0.234276,0.022159,2,199381,209216,878418,1003,0,0,0,1384,0,0,0,781,0,0,0,557,0,0,0,590,0,0,0,11,0,0,0,12295375953531302317,2531219039583955465,2531219039583955465,14055970858357799556,211714982782674758,14684004933427788301,0,0,0,0,0,0,0,0,0,0,0
335,10,1799,8,10,0.110768,16241.10,0.052784,34082.13,0.036640,49099.95,0.039967,45012.44,0.056674,31743.15,0.040032,44939.51,0.084562,21274.29,0.112242,0.013749,0.027944,0.040032,0.193967,0.024422,2,217155,227270,832425,721,0,0,0,1127,0,0,0,688,0,0,0,365,0,0,0,507,0,0,0,13,0,0,0,9912900162018653385,18152307788716801438,18152307788716801438,1906902835835064348,9179270827294390945,17437208583304563037,0,0,0,0,0,0,0,0,0,0,0
336,10,1784,8,10,0.131092,13608.76,0.065047,27426.18,0.039363,45322.27,0.040335,44229.29,0.070565,25281.78,0.047125,37856.88,0.101401,17593.59,0.132473,0.012941,0.022437,0.047125,0.214975,0.023197,4,200725,216125,944881,917,0,0,0,1228,0,0,0,828,0,0,0,585,0,0,0,597,0,0,0,8,0,0,0,12288329607711820014,10945820512926773651,10945820512926773651,2805475517863389475,13360509392504668998,4938872859945657677,0,0,0,0,0,0,0,0,0,0,0
337,10,1576,8,10,0.103516,15224.75,0.047857,32931.24,0.034401,45812.71,0.035550,44332.07,0.053317,29558.86,0.035596,44274.81,0.079907,19722.84,0.105104,0.012654,0.020082,0.035596,0.173437,0.021061,4,179547,187937,879679,681,0,0,0,925,0,0,0,553,0,0,0,360,0,0,0,410,0,0,0,6,0,0,0,4942687107039416132,2902362460869257437,2902362460869257437,12770794166692123276,13324111254090928777,2523990252034108862,0,0,0,0,0,0,0,0,0,0,0
338,10,2061,8,10,0.109180,18877.03,0.057312,35961.04,0.042582,48400.40,0.048230,42732.66,0.062452,33001.33,0.043291,47608.32,0.075469,27309.22,0.111091,0.016090,0.029356,0.043291,0.199827,0.034332,2,233017,242162,994794,1859,0,0,0,2546,0,0,0,1230,0,0,0,1149,0,0,0,1416,0,0,0,7,0,0,0,8934939147179450320,6434611958626356302,6434611958626356302,17444862491404570912,15818716373983160719,18254138634175032088,0,0,0,0,0,0,0,0,0,0,0
339,10,1628,8,10,0.108087,15062.00,0.064104,25396.20,0.038824,41932.34,0.042397,38398.65,0.063421,25669.58,0.046058,35346.77,0.085277,19090.84,0.110198,0.012457,0.015867,0.046058,0.184580,0.019941,7,192044,202369,796585,863,0,0,0,1168,0,0,0,667,0,0,0,488,0,0,0,482,0,0,0,7,0,0,0,245659903009404737,10406199892649553490,10406199892649553490,12058958466987864120,5407864799140876472,9313740474700336172,0,0,0,0,0,0,0,0,0,0,0
340,10,2117,8,10,0.110202,19210.23,0.050411,41994.58,0.033849,62542.59,0.042459,49859.99,0.059574,35535.65,0.041767,50685.98,0.078387,27007.14,0.111507,0.015328,0.030796,0.041767,0.199399,0.034860,2,237644,251874,872215,1065,0,0,0,1193,0,0,0,772,0,0,0,556,0,0,0,676,0,0,0,8,0,0,0,906498062366331293,5350692237979262266,5350692237979262266,4709786448914461701,1775596248652080687,15599953522519498771,0,0,0,0,0,0,0,0,0,0,0
341,10,1754,8,10,0.107998,16241.04,0.059739,29361.29,0.041815,41946.93,0.041271,42499.25,0.067523,25976.25,0.047981,36556.40,0.085225,20580.92,0.109113,0.012965,0.024174,0.047981,0.194233,0.023145,3,197086,215336,1067350,1019,0,0,0,1572,0,0,0,588,0,0,0,421,0,0,0,433,0,0,0,16,0,0,0,11068699627784579348,10601282679204794538,10601282679204794538,10645188111534498018,2967352793030814709,3839641794607740970,0,0,0,0,0,0,0,0,0,0,0
342,10,1824,8,10,0.089841,20302.60,0.049469,36871.62,0.038484,47396.45,0.038172,47784.14,0.051727,35262.02,0.077252,23611.14,0.065680,27770.96,0.090803,0.012709,0.022595,0.077252,0.203359,0.026457,3,191929,203479,940182,952,0,0,0,1468,0,0,0,755,0,0,0,418,0,0,0,261,0,0,0,8,0,0,0,6478441003735285915,17700122054004574093,17700122054004574093,6115066014179549854,12006390307321063231,643558778579325065,0,0,0,0,0,0,0,0,0,0,1
343,10,1737,8,10,0.106997,16234.15,0.065938,26342.74,0.044946,38646.26,0.046999,36958.26,0.067299,25810.24,0.043291,40123.99,0.082325,21099.38,0.108122,0.012829,0.019553,0.043291,0.183796,0.022180,5,196580,207100,800897,948,0,0,0,1539,0,0,0,816,0,0,0,503,0,0,0,519,0,0,0,13,0,0,0,10238901229033391550,6326105710575674225,6326105710575674225,7904201997651501918,11337640058514625531,3341126511112202824,0,0,0,0,0,0,0,0,0,0,0
344,10,1710,8,10,0.098249,17404.75,0.046996,36386.30,0.037561,45525.75,0.040286,42446.59,0.052665,32469.27,0.042871,39887.47,0.071214,24012.11,0.099506,0.012558,0.023631,0.042871,0.178565,0.022288,3,203236,218421,1243422,1001,0,0,0,1523,0,0,0,845,0,0,0,449,0,0,0,597,0,0,0,16,0,0,0,15820038662948545717,17197457557200338948,17197457557200338948,13932524253326769708,2946160369881576280,2354567551174702076,0,0,0,0,0,0,0,0,0,0,0
345,10,1761,8,10,0.137313,12824.72,0.076364,23060.70,0.056410,31217.76,0.058798,29950.15,0.076911,22896.50,0.037502,46956.97,0.115449,15253.53,0.138965,0.013419,0.033921,0.037502,0.223808,0.025678,1,197289,226989,866759,986,0,0,0,806,0,0,0,636,0,0,0,336,0,0,0,435,0,0,0,11,0,0,0,8292186331479105569,8292186331479105569,8292186331479105569,3971733527360184590,14596225210788755670,17655339619893588205,0,0,0,0,0,0,0,0,0,0,0
346,10,1768,8,10,0.104968,16843.25,0.053357,33135.46,0.043043,41074.99,0.050130,35268.50,0.062959,28081.71,0.048733,36279.14,0.079197,22324.21,0.106029,0.013563,0.024970,0.048733,0.193296,0.024320,2,200757,212167,978534,1051,0,0,0,1649,0,0,0,661,0,0,0,568,0,0,0,690,0,0,0,16,0,0,0,11306174712865922373,4035075383171524973,4035075383171524973,297131189029062227,9279531640844759719,3278458865177227930,0,0,0,0,0,0,0,0,0,0,0
347,10,1564,8,10,0.106953,14623.29,0.056453,27704.34,0.038773,40337.00,0.040049,39052.55,0.062095,25187.15,0.042757,36579.01,0.082115,19046.43,0.108421,0.012184,0.020556,0.042757,0.183917,0.019303,4,185182,196502,1055473,899,0,0,0,1147,0,0,0,643,0,0,0,341,0,0,0,398,0,0,0,3,0,0,0,240338012819910344,9294923714660150022,9294923714660150022,11686593604405008745,17875335571519451958,2049129250086697140,0,0,0,0,0,0,0,0,0,0,0
348,10,1887,8,10,0.091270,20674.85,0.042669,44223.74,0.034402,54850.70,0.042806,44082.84,0.047539,39694.02,0.041683,45270.64,0.061729,30569.21,0.093102,0.015989,0.027028,0.041683,0.177801,0.029903,2,221759,237434,955358,1100,0,0,0,1451,0,0,0,920,0,0,0,466,0,0,0,618,0,0,0,18,0,0,0,1216944578031479221,12695622309395998732,12695622309395998732,8358448860958576846,13588926003678477312,5004577505583115683,0,0,0,0,0,0,0,0,0,0,0
349,10,1795,8,10,0.094039,19087.89,0.042025,42713.13,0.031321,57310.02,0.036505,49171.37,0.047290,37956.99,0.037638,47690.65,0.069946,25662.75,0.095701,0.015920,0.027937,0.037638,0.177196,0.026075,2,212140,227625,695605,822,0,0,0,1226,0,0,0,612,0,0,0,343,0,0,0,450,0,0,0,3,0,0,0,16771529955028375540,16771529955028375540,16771529955028375540,14537157663765395998,16600754653914561070,2381350519769267707,0,0,0,0,0,0,0,0,0,0,0
350,10,1843,8,10,0.162880,11315.05,0.099079,18601.28,0.076303,24153.79,0.080036,23027.00,0.105109,17534.19,0.058215,31658.30,0.132648,13893.89,0.164884,0.015063,0.027706,0.058215,0.265869,0.026468,2,216720,231900,1178440,1042,0,0,0,1261,0,0,0,683,0,0,0,459,0,0,0,631,0,0,0,10,0,0,0,3735761783349619281,2685694730891335618,2685694730891335618,6552821742732729440,10035559789069673177,2935114863971614704,0,0,0,0,0,0,0,0,0,0,0
351,10,1815,8,10,0.116360,15598.13,0.064365,28198.74,0.046232,39258.35,0.044605,40690.69,0.074416,24390.06,0.045895,39546.98,0.083036,21858.11,0.118268,0.015015,0.023717,0.045895,0.202895,0.029230,4,217096,229041,946379,1149,0,0,0,1716,0,0,0,965,0,0,0,700,0,0,0,754,0,0,0,16,0,0,0,17611349775107006162,17651179051165175888,17651179051165175888,7818139660811056629,5743155432069034649,16572001879033886377,0,0,0,0,0,0,0,0,0,0,0
352,10,1656,8,10,0.106683,15522.62,0.055615,29776.34,0.035721,46358.89,0.040947,40442.32,0.060987,27153.23,0.039435,41992.70,0.082850,19987.86,0.108295,0.013931,0.024066,0.039435,0.185728,0.022707,3,205499,218304,911057,998,0,0,0,1463,0,0,0,778,0,0,0,493,0,0,0,525,0,0,0,6,0,0,0,6734794090486399515,6734794090486399515,6734794090486399515,5670213432556223430,12890216104909869597,9182318275936790339,0,0,0,0,0,0,0,0,0,0,0
353,10,1767,8,10,0.104643,16885.97,0.046606,37913.87,0.037627,46960.60,0.044661,39564.48,0.053483,33038.73,0.042410,41665.00,0.074226,23805.83,0.105960,0.014414,0.025357,0.042410,0.188140,0.026917,3,207519,218129,850391,1080,0,0,0,1673,0,0,0,901,0,0,0,667,0,0,0,537,0,0,0,10,0,0,0,4285977553534497893,16732912762129778067,16732912762129778067,14759807412789844533,201612430262499316,9012716297683101792,0,0,0,0,0,0,0,0,0,0,0
354,10,1992,8,10,0.099187,20083.30,0.044000,45272.83,0.034832,57189.12,0.043859,45418.47,0.049910,39911.79,0.040907,48695.73,0.066980,29740.03,0.100937,0.014973,0.027752,0.040907,0.184569,0.031615,2,219095,238110,1179279,968,0,0,0,1461,0,0,0,743,0,0,0,494,0,0,0,459,0,0,0,8,0,0,0,1418132254504272636,8282108642589458552,8282108642589458552,1899526930697528254,15420223104647724034,8066965922639568911,0,0,0,0,0,0,0,0,0,0,0
355,10,1824,8,10,0.095141,19171.46,0.046036,39621.51,0.035116,51942.80,0.041959,43471.33,0.047403,38478.58,0.040229,45340.80,0.070256,25962.33,0.096447,0.013889,0.021565,0.040229,0.172129,0.027514,4,209046,229916,1290979,1106,0,0,0,1527,0,0,0,700,0,0,0,463,0,0,0,596,0,0,0,8,0,0,0,11517095886029453296,9992889838518080140,9992889838518080140,8298917948944266450,5659154813965454860,3355332895657045456,0,0,0,0,0,0,0,0,0,0,0
356,10,1424,8,10,0.100169,14215.94,0.051482,27660.15,0.040538,35127.14,0.044291,32150.77,0.056679,25124.08,0.035620,39977.84,0.072144,19738.41,0.101474,0.011962,0.027332,0.035620,0.176388,0.017525,2,177297,184002,976688,1003,0,0,0,1579,0,0,0,803,0,0,0,609,0,0,0,578,0,0,0,12,0,0,0,11505031208769049916,6783195962810350043,6783195962810350043,15370084278329779546,6324086823070601286,6043961809450184845,0,0,0,0,0,0,0,0,0,0,0
357,10,1714,8,10,0.106649,16071.35,0.049784,34428.87,0.038268,44789.88,0.049438,34669.71,0.058100,29500.97,0.051158,33503.78,0.077814,22026.86,0.108469,0.012875,0.025812,0.051158,0.198314,0.021286,2,203348,218183,1009963,1042,0,0,0,1600,0,0,0,924,0,0,0,565,0,0,0,728,0,0,0,4,0,0,0,10924226968836857439,3896226101959961172,3896226101959961172,2179884658851880366,3691838276412817730,4561826814119200735,0,0,0,0,0,0,0,0,0,0,0
358,10,1586,8,10,0.089777,17665.96,0.046211,34320.65,0.033115,47893.78,0.041896,37855.24,0.054156,29285.86,0.039841,39808.12,0.064348,24647.42,0.091815,0.011672,0.024182,0.039841,0.167510,0.020994,2,190977,201797,1031282,806,0,0,0,1280,0,0,0,629,0,0,0,415,0,0,0,521,0,0,0,6,0,0,0,13044090509648452379,15615652897386379026,15615652897386379026,12458991762979915004,5762278734797838276,11014991044916754405,0,0,0,0,0,0,0,0,0,0,0
359,10,1647,8,10,0.092433,17818.30,0.045802,35959.32,0.034860,47246.21,0.040401,40766.03,0.050923,32342.69,0.039960,41215.71,0.063499,25937.38,0.093876,0.012537,0.024319,0.039960,0.170692,0.021879,2,192749,202624,869822,956,0,0,0,1499,0,0,0,923,0,0,0,540,0,0,0,792,0,0,0,6,0,0,0,8845135147382399683,1802156199558939305,1802156199558939305,9443076277254173521,1153108051267871321,4259646216450698630,0,0,0,0,0,0,0,0,0,0,0
360,10,1744,8,10,0.112830,15456.83,0.072197,24156.08,0.064641,26979.63,0.065167,26762.04,0.070045,24898.20,0.068254,25551.46,0.089214,19548.59,0.115274,0.013286,0.018862,0.068254,0.215676,0.022377,6,203018,221138,1178178,936,0,0,0,1421,0,0,0,653,0,0,0,465,0,0,0,514,0,0,0,11,0,0,0,6370919166406877712,15776261671716839669,15776261671716839669,4557845585149405063,2590673718103988157,13530660595351685478,0,0,0,0,0,0,0,0,0,0,0
361,10,1662,8,10,0.131451,12643.47,0.081590,20370.14,0.048291,34416.30,0.054977,30230.58,0.083029,20017.13,0.068593,24229.81,0.100088,16605.35,0.132502,0.012213,0.012941,0.068593,0.226250,0.021606,9,190137,200217,1037630,882,0,0,0,1238,0,0,0,554,0,0,0,352,0,0,0,325,0,0,0,7,0,0,0,16229893989002044187,14827249439773466790,14827249439773466790,13897656873494476853,1964141936231553071,17160262659983887577,0,0,0,0,0,0,0,0,0,0,0
362,10,1677,8,10,0.125026,13413.26,0.064259,26097.63,0.045273,37042.24,0.048515,34566.74,0.066709,25138.92,0.040637,41268.02,0.097353,17225.94,0.126349,0.014637,0.022552,0.040637,0.204175,0.022263,5,198295,212730,1004009,871,0,0,0,1443,0,0,0,755,0,0,0,469,0,0,0,501,0,0,0,11,0,0,0,1269720095877105879,12639569130089740470,12639569130089740470,6720753850045592222,5846680717660687743,4466296230266030766,0,0,0,0,0,0,0,0,0,0,0
363,10,1632,8,10,0.088705,18398.03,0.038838,42020.74,0.032522,50181.53,0.039770,41035.62,0.043648,37389.78,0.039308,41517.87,0.063161,25838.84,0.090136,0.013354,0.024979,0.039308,0.167777,0.023216,2,194978,206633,870273,978,0,0,0,1436,0,0,0,664,0,0,0,447,0,0,0,575,0,0,0,13,0,0,0,16899675042966147037,11670407204840817242,11670407204840817242,16322145267323675206,10895172460293600245,5116439487896470142,0,0,0,0,0,0,0,0,0,0,0
364,10,1648,8,10,0.127193,12956.69,0.068969,23894.87,0.057587,28617.52,0.054858,30041.14,0.070475,23384.23,0.039692,41519.43,0.095903,17184.11,0.129097,0.013393,0.027670,0.039692,0.209853,0.020483,2,195729,207474,1038796,950,0,0,0,1172,0,0,0,666,0,0,0,408,0,0,0,424,0,0,0,9,0,0,0,18306736070517250904,18306736070517250904,18306736070517250904,17495279034884871632,13650388278497997379,4182108741847973698,0,0,0,0,0,0,0,0,0,0,0
365,10,1734,8,10,0.145280,11935.60,0.079742,21745.26,0.061238,28315.59,0.063006,27521.22,0.081751,21210.85,0.045025,38511.90,0.109601,15821.02,0.147764,0.013039,0.025423,0.045025,0.231250,0.021987,2,195046,211751,1034114,848,0,0,0,994,0,0,0,830,0,0,0,494,0,0,0,638,0,0,0,5,0,0,0,15107480166649860122,14772526661363433146,14772526661363433146,15606181552509883477,11840501395548569711,16342856677965495973,0,0,0,0,0,0,0,0,0,0,0
366,10,1688,8,10,0.107531,15697.80,0.052699,32030.94,0.032256,52331.39,0.040135,42057.92,0.057650,29280.39,0.046945,35956.64,0.087617,19265.74,0.108977,0.013765,0.018977,0.046945,0.188664,0.029466,5,197996,211981,799308,966,0,0,0,1090,0,0,0,669,0,0,0,460,0,0,0,601,0,0,0,17,0,0,0,2304947222825734485,11323025695245632559,11323025695245632559,3928223700056978019,18065124980576236241,6070663567775790522,0,0,0,0,0,0,0,0,0,0,0
367,10,1801,8,10,0.136692,13175.65,0.067072,26851.58,0.043557,41348.39,0.057039,31575.01,0.071901,25048.37,0.045779,39340.89,0.106034,16985.19,0.139304,0.013879,0.025868,0.045779,0.224831,0.025916,2,213454,232529,1022269,995,0,0,0,1156,0,0,0,627,0,0,0,430,0,0,0,707,0,0,0,5,0,0,0,16157868799572661763,10063398323595568912,10063398323595568912,7939760663447375500,3904079447433157321,3527772479345818339,0,0,0,0,0,0,0,0,0,0,0
368,10,1661,8,10,0.169802,9781.99,0.087784,18921.34,0.063342,26222.55,0.067590,24574.80,0.094526,17571.97,0.048268,34412.13,0.135145,12290.53,0.171018,0.015602,0.027606,0.048268,0.262493,0.022183,2,213470,223230,993856,964,0,0,0,1378,0,0,0,741,0,0,0,418,0,0,0,700,0,0,0,3,0,0,0,15573135940435706316,12608765600048680797,12608765600048680797,2156925079411544498,4454283053138861525,5832792470056576011,0,0,0,0,0,0,0,0,0,0,0
369,10,1879,8,10,0.161714,11619.28,0.090608,20737.65,0.064223,29257.35,0.075227,24977.72,0.089264,21049.82,0.040865,45980.84,0.130813,14364.02,0.163094,0.013391,0.026807,0.040865,0.244156,0.027529,2,200915,210705,857414,821,0,0,0,1212,0,0,0,668,0,0,0,382,0,0,0,483,0,0,0,9,0,0,0,9058126729009897950,6100484059353253511,6100484059353253511,13935930016651073285,16960965353953826541,4014829568366239752,0,0,0,0,0,0,0,0,0,0,0
370,10,1912,8,10,0.132853,14391.85,0.069770,27404.35,0.046744,40904.06,0.048090,39758.86,0.072478,26380.55,0.041873,45661.94,0.108764,17579.32,0.134652,0.013306,0.025210,0.041873,0.215041,0.027855,2,199541,223626,934276,1026,0,0,0,1064,0,0,0,729,0,0,0,485,0,0,0,605,0,0,0,16,0,0,0,9194192377576840370,2496592481302721435,2496592481302721435,1878963690855619802,12269884818610135683,5273186013479081995,0,0,0,0,0,0,0,0,0,0,0
371,10,1777,8,10,0.158646,11201.03,0.086447,20555.96,0.046139,38514.30,0.052238,34017.70,0.084402,21054.12,0.060492,29375.95,0.121876,14580.41,0.160523,0.013723,0.020623,0.060492,0.255361,0.025835,6,206248,215748,945651,944,0,0,0,1225,0,0,0,856,0,0,0,550,0,0,0,560,0,0,0,8,0,0,0,1420892873015451175,11290689544125341466,11290689544125341466,12552617082249931121,154258389292986640,9653814972338040762,0,0,0,0,0,0,0,0,0,0,0
372,10,1676,8,10,0.123878,13529.42,0.053867,31113.94,0.045893,36520.03,0.050907,32922.88,0.067971,24657.72,0.045480,36851.12,0.097386,17209.88,0.125546,0.013204,0.025099,0.045480,0.209329,0.021172,4,197682,209687,865327,816,0,0,0,1546,0,0,0,841,0,0,0,375,0,0,0,444,0,0,0,12,0,0,0,18202279974497788644,16665650467457260000,16665650467457260000,16219430234649641424,17880354292417395569,12557480131788858608,0,0,0,0,0,0,0,0,0,0,0
373,10,1939,8,10,0.140980,13753.72,0.066099,29334.81,0.052193,37150.34,0.053039,36558.22,0.072710,26667.76,0.049237,39380.71,0.105986,18294.87,0.142533,0.015868,0.027742,0.049237,0.235381,0.028143,2,220062,239282,1009503,991,0,0,0,1229,0,0,0,530,0,0,0,499,0,0,0,652,0,0,0,9,0,0,0,9226074916546571939,8462355664427389381,8462355664427389381,1934972880739606808,18239816806477374102,4164853831995585500,0,0,0,0,0,0,0,0,0,0,0
374,10,1733,8,10,0.084411,20530.43,0.039352,44037.97,0.030906,56072.41,0.031350,55278.47,0.046469,37293.42,0.044870,38622.31,0.064311,26947.31,0.086607,0.012478,0.011836,0.044870,0.155791,0.021913,10,188164,198519,900424,845,0,0,0,1404,0,0,0,695,0,0,0,413,0,0,0,420,0,0,0,2,0,0,0,12429733808284808037,9849583523849273592,9849583523849273592,13971312394154534926,18160241223162345449,4907197809503690543,0,0,0,0,0,0,0,0,0,0,0
375,10,2066,8,10,0.128573,16068.71,0.061656,33508.37,0.046242,44678.32,0.046091,44824.84,0.065869,31365.47,0.042632,48461.72,0.099647,20733.18,0.129658,0.013662,0.026938,0.042632,0.212890,0.032077,2,214866,233551,837962,1103,0,0,0,1613,0,0,0,962,0,0,0,581,0,0,0,696,0,0,0,9,0,0,0,1983199611569702868,14719075461260485041,14719075461260485041,7404024657118733902,2728683946551588185,16466409863046795387,0,0,0,0,0,0,0,0,0,0,0
376,10,1912,8,10,0.110823,17252.69,0.061195,31244.49,0.046000,41565.40,0.042400,45094.58,0.070294,27200.10,0.051402,37196.98,0.083446,22912.93,0.112723,0.013990,0.031053,0.051402,0.209167,0.025478,2,202356,214116,941728,967,0,0,0,1407,0,0,0,775,0,0,0,402,0,0,0,629,0,0,0,2,0,0,0,18226926902364279713,18226926902364279713,18226926902364279713,15402167981179973117,2254874772907846288,12341452032446071701,0,0,0,0,0,0,0,0,0,0,0
377,10,2018,8,10,0.105624,19105.54,0.054326,37145.78,0.042005,48042.46,0.051768,38981.41,0.062703,32183.51,0.046797,43122.36,0.081531,24751.25,0.106872,0.015115,0.028087,0.046797,0.196871,0.031138,2,224590,250525,967767,1111,0,0,0,1744,0,0,0,741,0,0,0,416,0,0,0,766,0,0,0,14,0,0,0,2200329683107177703,3002973866455776902,3002973866455776902,15569592899028986021,8609518288838359009,2824567698316679110,0,0,0,0,0,0,0,0,0,0,0
378,10,1983,8,10,0.097945,20246.13,0.045093,43975.57,0.036153,54850.64,0.041201,48129.70,0.050738,39082.86,0.049123,40367.81,0.067496,29379.33,0.099180,0.015094,0.014048,0.049123,0.177445,0.029882,10,210458,224508,959075,951,0,0,0,1468,0,0,0,889,0,0,0,635,0,0,0,511,0,0,0,12,0,0,0,438788198191323843,1599769615784134417,1599769615784134417,16299244247973012848,4575586458686785433,10311643693005414705,0,0,0,0,0,0,0,0,0,0,0
379,10,1699,8,10,0.122502,13869.13,0.065236,26043.81,0.045319,37489.80,0.048298,35177.30,0.069047,24606.33,0.049046,34640.97,0.091190,18631.36,0.123770,0.015153,0.027958,0.049046,0.215928,0.024309,2,214888,223863,707355,992,0,0,0,1658,0,0,0,769,0,0,0,546,0,0,0,712,0,0,0,9,0,0,0,7106934364801530758,7106934364801530758,7106934364801530758,1440024009961072990,5160499249737314393,4483948180986733512,0,0,0,0,0,0,0,0,0,0,0
380,10,1831,8,10,0.088420,20707.91,0.043890,41718.19,0.040666,45024.83,0.046642,39256.44,0.051043,35871.88,0.044445,41197.32,0.063572,28801.89,0.090300,0.014074,0.026384,0.044445,0.175203,0.025669,2,210070,224180,1089504,1149,0,0,0,1774,0,0,0,787,0,0,0,506,0,0,0,679,0,0,0,10,0,0,0,40238071942809204,1747470054966160699,1747470054966160699,14296404888990384051,13438518599520864331,13075207380287272185,0,0,0,0,0,0,0,0,0,0,0
381,10,1705,8,10,0.102290,16668.30,0.045904,37143.04,0.036531,46672.79,0.044803,38055.35,0.051356,33199.89,0.044081,38678.58,0.068678,24826.16,0.102914,0.013149,0.025757,0.044081,0.185900,0.022212,2,209975,222355,978616,849,0,0,0,1369,0,0,0,709,0,0,0,441,0,0,0,598,0,0,0,2,0,0,0,18232173033431155266,7420928547001854500,7420928547001854500,9108627976520663746,12144989261743214164,9407855615659738092,0,0,0,0,0,0,0,0,0,0,0
382,10,1772,8,10,0.081889,21638.99,0.037746,46944.89,0.034050,52040.83,0.042787,41414.13,0.045295,39121.36,0.042458,41735.06,0.056473,31377.81,0.083123,0.014476,0.028262,0.042458,0.168319,0.025385,2,220652,234117,921767,1096,0,0,0,1726,0,0,0,748,0,0,0,416,0,0,0,564,0,0,0,6,0,0,0,3452550197310119395,5335512487846342549,5335512487846342549,15758574039144842506,9765312162583439391,11804274604110763247,0,0,0,0,0,0,0,0,0,0,0
383,10,1835,8,10,0.104267,17599.11,0.059010,31096.31,0.043314,42364.98,0.044095,41614.25,0.061599,29789.30,0.042918,42756.39,0.075016,24461.33,0.105897,0.015580,0.028073,0.042918,0.192468,0.030497,2,216356,234026,908336,1085,0,0,0,1855,0,0,0,795,0,0,0,668,0,0,0,639,0,0,0,10,0,0,0,9063777545470583050,15330456757272374655,15330456757272374655,3461589384159875522,10413042464861928046,14822887207554395100,0,0,0,0,0,0,0,0,0,0,0
384,10,1981,8,10,0.090780,21821.98,0.045157,43869.63,0.040147,49344.14,0.044844,44175.66,0.053520,37014.14,0.043904,45120.85,0.067798,29219.00,0.092635,0.015293,0.028570,0.043904,0.180402,0.032193,2,221685,236175,887692,977,0,0,0,1776,0,0,0,855,0,0,0,495,0,0,0,624,0,0,0,10,0,0,0,7385600681191342474,2633328376958527479,2633328376958527479,15112801093839227832,6475274971749257071,15045241432764135716,0,0,0,0,0,0,0,0,0,0,0
385,10,1885,8,10,0.096654,19502.55,0.043083,43753.19,0.037519,50241.50,0.037342,50479.36,0.045572,41363.03,0.038622,48806.80,0.070193,26854.71,0.097925,0.014049,0.028233,0.038622,0.178828,0.027514,2,207712,220542,991620,907,0,0,0,1251,0,0,0,705,0,0,0,333,0,0,0,596,0,0,0,8,0,0,0,7375383400723427070,7375383400723427070,7375383400723427070,7761316824067070132,11829505437070203954,10551790684466449818,0,0,0,0,0,0,0,0,0,0,0
386,10,1907,8,10,0.092453,20626.73,0.042470,44901.87,0.033376,57137.56,0.040061,47602.61,0.049171,38782.96,0.041385,46079.16,0.069347,27499.55,0.094566,0.014207,0.026606,0.041385,0.176765,0.025700,2,219840,237345,950774,942,0,0,0,1469,0,0,0,693,0,0,0,407,0,0,0,570,0,0,0,5,0,0,0,10799691529788984457,4584269252894797516,4584269252894797516,16232864108356361126,13803140792344367973,13097282150225958088,0,0,0,0,0,0,0,0,0,0,0
387,10,1850,8,10,0.092022,20103.84,0.042079,43964.90,0.033737,54835.98,0.041900,44152.31,0.054690,33826.82,0.043753,42283.21,0.068883,26857.11,0.093467,0.014952,0.024841,0.043753,0.177013,0.030783,3,219768,233683,925671,983,0,0,0,1476,0,0,0,712,0,0,0,398,0,0,0,470,0,0,0,13,0,0,0,14717262171626595530,1667071391550841943,1667071391550841943,8151811909346970151,11489522901576631803,6234276432683180352,0,0,0,0,0,0,0,0,0,0,0
388,10,1764,8,10,0.103032,17120.92,0.046521,37918.47,0.038598,45702.32,0.045508,38762.56,0.054916,32121.68,0.051475,34269.29,0.072574,24306.27,0.104914,0.015425,0.029223,0.051475,0.201037,0.026044,2,230053,243503,955025,1009,0,0,0,1712,0,0,0,670,0,0,0,570,0,0,0,729,0,0,0,12,0,0,0,7642777766626881599,6365209070159299983,6365209070159299983,7616353160713090379,8874722557282343014,8102153665550947902,0,0,0,0,0,0,0,0,0,0,0
389,10,2451,8,10,0.093651,26171.77,0.049191,49826.51,0.036793,66615.13,0.046021,53257.81,0.055413,44231.15,0.081037,30245.55,0.092458,26509.47,0.095417,0.016898,0.031539,0.081037,0.224891,0.038329,2,239108,360108,897911,2023,0,0,0,2229,0,0,0,803,0,0,0,559,0,0,0,305,0,0,0,8,0,0,0,1412979625704621540,3895426452120081291,3895426452120081291,14636123486731866353,11617408434975617620,5675146866725890397,0,0,0,0,0,0,0,0,0,0,1
390,10,2314,8,10,0.096987,23858.93,0.050200,46096.04,0.031812,72739.21,0.036470,63450.27,0.053101,43577.17,0.038586,59969.68,0.088423,26169.68,0.099207,0.015294,0.028452,0.038586,0.181539,0.039994,3,235608,332698,1023684,1659,0,0,0,1744,0,0,0,768,0,0,0,458,0,0,0,575,0,0,0,9,0,0,0,12280152464101640542,6112241903698179369,6112241903698179369,6094727394610440374,8519747557143892950,18039292456758574008,0,0,0,0,0,0,0,0,0,0,0
391,10,1879,8,10,0.099175,18946.34,0.054010,34789.98,0.047763,39339.68,0.051215,36688.48,0.062331,30145.43,0.046814,40137.34,0.071432,26304.91,0.100014,0.014243,0.027975,0.046814,0.189046,0.027512,2,213434,230539,805142,1043,0,0,0,1567,0,0,0,709,0,0,0,563,0,0,0,696,0,0,0,10,0,0,0,11166111985882981949,17799124389326452106,17799124389326452106,10989115462738793085,14586439971756388022,2990677239156190406,0,0,0,0,0,0,0,0,0,0,0
392,10,1738,8,10,0.117936,14736.84,0.062300,27897.22,0.042946,40469.03,0.039594,43895.67,0.061890,28082.22,0.039261,44268.17,0.087677,19822.66,0.119167,0.014152,0.025212,0.039261,0.197792,0.028397,2,200840,210120,924520,1054,0,0,0,1667,0,0,0,860,0,0,0,607,0,0,0,632,0,0,0,6,0,0,0,2277878671603237662,7587013672966888086,7587013672966888086,9435434866406068415,2191846742952376612,2597065804476872221,0,0,0,0,0,0,0,0,0,0,0
393,10,1989,8,10,0.077957,25514.04,0.036632,54296.67,0.034362,57883.12,0.040610,48977.92,0.045980,43258.03,0.045421,43790.21,0.054254,36660.57,0.079304,0.014911,0.029090,0.045421,0.168726,0.032402,2,214121,225156,900380,939,0,0,0,1509,0,0,0,696,0,0,0,433,0,0,0,595,0,0,0,3,0,0,0,6095927798875994666,8266670190226447463,8266670190226447463,15761739113140339043,18129624486823492169,1642806772375134850,0,0,0,0,0,0,0,0,0,0,0
394,10,1689,8,10,0.086454,19536.41,0.042842,39424.37,0.033091,51040.88,0.044221,38194.62,0.051886,32551.91,0.041515,40684.09,0.063787,26478.95,0.087988,0.014358,0.026404,0.041515,0.170265,0.021649,2,219589,236699,799863,951,0,0,0,1355,0,0,0,608,0,0,0,412,0,0,0,618,0,0,0,4,0,0,0,10041066831313611104,16057654211112489906,16057654211112489906,13754701925019999374,3073852603055284274,5241052722752609269,0,0,0,0,0,0,0,0,0,0,0
395,10,1933,8,10,0.109414,17666.89,0.055532,34808.81,0.041505,46573.10,0.045732,42268.08,0.060710,31840.05,0.044713,43231.37,0.079434,24334.78,0.111253,0.013651,0.026712,0.044713,0.196329,0.029177,2,219702,231317,1002779,977,0,0,0,1427,0,0,0,634,0,0,0,505,0,0,0,486,0,0,0,13,0,0,0,12091277746179454578,5684922188593506076,5684922188593506076,10523001733096511172,13918791598338894440,15223465647010363183,0,0,0,0,0,0,0,0,0,0,0
396,10,1825,8,10,0.082113,22225.37,0.039470,46237.79,0.034016,53651.97,0.039606,46079.00,0.047941,38067.35,0.038254,47706.97,0.057047,31991.17,0.083255,0.013811,0.026999,0.038254,0.162320,0.027848,2,197341,215376,942591,886,0,0,0,1421,0,0,0,755,0,0,0,438,0,0,0,489,0,0,0,8,0,0,0,10330364326584872269,2845188467420845317,2845188467420845317,5522445904665316966,15168306339594818221,12660598169516979143,0,0,0,0,0,0,0,0,0,0,0
397,10,1680,8,10,0.081989,20490.66,0.041949,40048.62,0.038468,43673.03,0.041747,40242.53,0.048853,34388.73,0.040538,41442.93,0.055592,30220.32,0.083090,0.013586,0.026108,0.040538,0.163321,0.024661,2,202256,212651,789577,1050,0,0,0,1633,0,0,0,765,0,0,0,472,0,0,0,538,0,0,0,4,0,0,0,1353672684022724301,15263017556775254956,15263017556775254956,5801297029853160136,9087547902054644181,17504527393955998719,0,0,0,0,0,0,0,0,0,0,0
398,10,1760,8,10,0.094531,18618.28,0.050668,34735.89,0.039182,44919.06,0.044372,39664.82,0.057191,30773.81,0.052148,33749.79,0.069311,25392.96,0.095832,0.014283,0.023409,0.052148,0.185673,0.023332,3,212880,223070,1046226,1202,0,0,0,1910,0,0,0,848,0,0,0,719,0,0,0,848,0,0,0,5,0,0,0,16357344869215412867,3283433501011293413,3283433501011293413,13867793590932839043,11672885179630624034,16297193250930562571,0,0,0,0,0,0,0,0,0,0,0
399,10,2071,8,10,0.088819,23316.99,0.045517,45499.29,0.040670,50921.51,0.043229,47907.84,0.051024,40588.83,0.045802,45216.54,0.074090,27952.52,0.090496,0.015916,0.025022,0.045802,0.177236,0.032197,5,220049,250414,935724,1153,0,0,0,1741,0,0,0,755,0,0,0,432,0,0,0,436,0,0,0,14,0,0,0,17137319770160591796,7173118033919258362,7173118033919258362,17675625280320002071,2666460963070879516,14236061682074622652,0,0,0,0,0,0,0,0,0,0,0
400,10,1923,8,10,0.086265,22291.89,0.043358,44351.49,0.035437,54264.82,0.039555,48616.11,0.047613,40388.01,0.042021,45762.93,0.062851,30595.93,0.087775,0.014591,0.040474,0.042021,0.184862,0.030702,1,211864,225059,841276,1082,0,0,0,1637,0,0,0,817,0,0,0,458,0,0,0,649,0,0,0,15,0,0,0,13278463326663429885,9126350571925578443,9126350571925578443,18268533154594746923,2462810979716566447,3621879188932634495,0,0,0,0,0,0,0,0,0,0,0
401,10,1663,8,10,0.104674,15887.47,0.053341,31176.89,0.040065,41507.85,0.040395,41168.59,0.056879,29237.25,0.037924,43850.74,0.075167,22123.98,0.106564,0.011904,0.024536,0.037924,0.180929,0.020387,2,188641,197601,1056085,868,0,0,0,1268,0,0,0,755,0,0,0,499,0,0,0,567,0,0,0,7,0,0,0,14761965032252184727,16578496043410769356,16578496043410769356,13624665967811851430,15662915823046961814,8932051932349317674,0,0,0,0,0,0,0,0,0,0,0
402,10,1733,8,10,0.100743,17202.16,0.057046,30379.23,0.040416,42879.17,0.037978,45631.30,0.059458,29146.62,0.059163,29291.87,0.082195,21083.98,0.103074,0.012031,0.015119,0.059163,0.189387,0.022700,8,187719,207159,631104,888,0,0,0,1264,0,0,0,643,0,0,0,392,0,0,0,444,0,0,0,16,0,0,0,9149804661861450025,15153861448338330198,15153861448338330198,1215149521624066283,12466481033690926618,3880800867501151367,0,0,0,0,0,0,0,0,0,0,0
403,10,2094,8,10,0.138649,15102.86,0.074633,28057.40,0.056522,37047.41,0.060753,34467.51,0.085611,24459.57,0.058152,36009.35,0.108308,19333.81,0.139928,0.017253,0.034431,0.058152,0.249763,0.036656,2,245340,263350,1293701,1164,0,0,0,2003,0,0,0,704,0,0,0,512,0,0,0,644,0,0,0,29,0,0,0,10452124353695523274,13718097172767664948,13718097172767664948,17901532708041038387,11560009931853398487,16942774728240811301,0,0,0,0,0,0,0,0,0,0,0
404,10,1885,8,10,0.096024,19630.54,0.045985,40991.23,0.035759,52714.58,0.041662,45244.74,0.047052,40061.77,0.053550,35200.64,0.073127,25777.23,0.098246,0.013339,0.027986,0.053550,0.193120,0.029642,3,216616,236656,953436,1068,0,0,0,1366,0,0,0,627,0,0,0,418,0,0,0,523,0,0,0,13,0,0,0,3284478938117094960,15086928928346585185,15086928928346585185,4420891411956848845,1817815787917682369,2029518370801400368,0,0,0,0,0,0,0,0,0,0,0
405,10,1783,8,10,0.101617,17546.30,0.050896,35032.13,0.035545,50161.29,0.041697,42760.79,0.057487,31015.56,0.041953,42500.27,0.076155,23412.73,0.103303,0.014917,0.025951,0.041953,0.186124,0.022973,3,215957,224592,815287,847,0,0,0,1224,0,0,0,798,0,0,0,520,0,0,0,728,0,0,0,18,0,0,0,792961665529533904,7657841138563018214,7657841138563018214,8292209299417411470,18230236920683804475,14015995471328216465,0,0,0,0,0,0,0,0,0,0,0
406,10,1869,8,10,0.102365,18258.20,0.048188,38785.25,0.038426,48639.04,0.053880,34688.51,0.060694,30793.65,0.050938,36691.92,0.074552,25069.69,0.104414,0.014425,0.026402,0.050938,0.196179,0.026602,3,231920,244810,979728,1026,0,0,0,1652,0,0,0,790,0,0,0,469,0,0,0,540,0,0,0,19,0,0,0,6091799693469040372,6091799693469040372,6091799693469040372,15201011684910822201,11420806996993561087,1207649077548670952,0,0,0,0,0,0,0,0,0,0,0
407,10,1758,8,10,0.094641,18575.43,0.044796,39244.89,0.029565,59463.19,0.037483,46900.93,0.052555,33450.74,0.039350,44676.24,0.072342,24301.12,0.095675,0.012955,0.025147,0.039350,0.173127,0.022540,2,193704,205924,863288,646,0,0,0,944,0,0,0,579,0,0,0,267,0,0,0,403,0,0,0,5,0,0,0,16617888598871980674,13517083269029509815,13517083269029509815,11243117396971225692,16897057785871533415,10925316524464595982,0,0,0,0,0,0,0,0,0,0,0
408,10,1734,8,10,0.109775,15796.00,0.063840,27161.45,0.048300,35900.50,0.058151,29818.80,0.066194,26195.79,0.047985,36135.99,0.082267,21077.71,0.111192,0.013085,0.022065,0.047985,0.194327,0.022516,4,199720,210705,1040945,1061,0,0,0,1775,0,0,0,582,0,0,0,451,0,0,0,613,0,0,0,5,0,0,0,2567500199513234205,2546297395366265156,2546297395366265156,10130151560933706464,10628205891521851096,18322060447280675041,0,0,0,0,0,0,0,0,0,0,0
409,10,1806,8,10,0.106368,16978.78,0.052074,34681.22,0.035707,50577.75,0.043132,41871.79,0.057898,31192.92,0.058013,31130.69,0.080434,22453.08,0.108022,0.014154,0.022335,0.058013,0.202525,0.024232,4,211396,227231,977891,912,0,0,0,1467,0,0,0,746,0,0,0,447,0,0,0,457,0,0,0,14,0,0,0,7297631516682285415,2846842885790492366,2846842885790492366,4694420767178270853,14234087284073140357,4999835201585206861,0,0,0,0,0,0,0,0,0,0,0
410,10,2122,8,10,0.118037,17977.37,0.060358,35156.79,0.045167,46981.04,0.046122,46008.84,0.065307,32492.62,0.046058,46072.29,0.099107,21411.13,0.119567,0.015983,0.028818,0.046058,0.210426,0.033339,3,239326,281631,1065018,1124,0,0,0,1739,0,0,0,722,0,0,0,510,0,0,0,643,0,0,0,12,0,0,0,17998806714518640732,8389789616628907375,8389789616628907375,5130747463848595526,8374112841128052179,5760927006150056344,0,0,0,0,0,0,0,0,0,0,0
411,10,1830,8,10,0.088091,20774.02,0.041131,44491.56,0.031795,57555.38,0.038702,47284.47,0.046652,39226.94,0.040989,44646.61,0.069016,26515.65,0.088586,0.013361,0.026128,0.040989,0.169063,0.025710,2,192762,204762,933441,916,0,0,0,1407,0,0,0,793,0,0,0,442,0,0,0,671,0,0,0,7,0,0,0,11068323000622075769,6520667924794426294,6520667924794426294,10386310508232650092,13200814741647760238,7587077253622259556,0,0,0,0,0,0,0,0,0,0,0
412,10,1906,8,10,0.083522,22820.29,0.038477,49536.50,0.035449,53767.39,0.037759,50477.40,0.046716,40799.86,0.036834,51745.15,0.059300,32141.55,0.085194,0.012846,0.024829,0.036834,0.159704,0.024602,2,200340,212985,924386,808,0,0,0,1558,0,0,0,1339,0,0,0,653,0,0,0,900,0,0,0,11,0,0,0,2135229348997283626,6339959533799006574,6339959533799006574,1127194770138745756,17231295305063135081,1975217397263344602,0,0,0,0,0,0,0,0,0,0,0
413,10,1719,8,10,0.094428,18204.30,0.056398,30479.92,0.043506,39511.74,0.038758,44352.37,0.059555,28864.14,0.036572,47003.30,0.069065,24889.52,0.096357,0.012573,0.027221,0.036572,0.172722,0.022921,2,183733,192153,745351,1099,0,0,0,1830,0,0,0,820,0,0,0,737,0,0,0,802,0,0,0,7,0,0,0,8620339221573206208,3906874942605479245,3906874942605479245,7903890349723082558,8000497943238257164,12033203486284307486,0,0,0,0,0,0,0,0,0,0,0
414,10,1862,8,10,0.155279,11991.30,0.074802,24892.42,0.042448,43865.23,0.057681,32281.17,0.087664,21240.12,0.050572,36818.96,0.116562,15974.40,0.156427,0.014510,0.026444,0.050572,0.247953,0.026808,2,214994,226339,973012,1129,0,0,0,1188,0,0,0,749,0,0,0,570,0,0,0,578,0,0,0,4,0,0,0,17440026904747989748,2457094033430545806,2457094033430545806,7082603503663020648,11737830644057312281,6791584009760345896,0,0,0,0,0,0,0,0,0,0,0
415,10,1665,8,10,0.125651,13251.01,0.064615,25767.92,0.050434,33013.27,0.054670,30455.19,0.068144,24433.46,0.042880,38829.49,0.103538,16081.07,0.127613,0.011801,0.019026,0.042880,0.201320,0.020135,5,179895,192090,888658,745,0,0,0,998,0,0,0,633,0,0,0,359,0,0,0,474,0,0,0,6,0,0,0,18068857464004900332,873801554756145277,873801554756145277,9147452710196123449,3244028551270395178,12404417542341549622,0,0,0,0,0,0,0,0,0,0,0
416,10,1921,8,10,0.120245,15975.78,0.063262,30365.55,0.045145,42551.82,0.045913,41839.71,0.065320,29408.88,0.045021,42669.16,0.095697,20073.73,0.121977,0.014554,0.027547,0.045021,0.209099,0.026738,2,216901,232496,851129,1086,0,0,0,1792,0,0,0,915,0,0,0,586,0,0,0,841,0,0,0,8,0,0,0,12575063739996520054,7828120393383806449,7828120393383806449,5986232414559297756,4201014138585594882,14504905948878794345,0,0,0,0,0,0,0,0,0,0,0
417,10,2224,8,10,0.110311,20161.26,0.059150,37599.48,0.048937,45445.94,0.044474,50006.48,0.059849,37160.07,0.041459,53643.50,0.090163,24666.32,0.111822,0.014980,0.028400,0.041459,0.196661,0.032380,2,224092,260762,1037724,1231,0,0,0,2265,0,0,0,1041,0,0,0,700,0,0,0,896,0,0,0,15,0,0,0,14037439946755541431,9746995007475105997,9746995007475105997,11478397622306525321,2167514000511642516,6085915413518328311,0,0,0,0,0,0,0,0,0,0,0
418,10,1815,8,10,0.120910,15011.15,0.068244,26595.66,0.049964,36326.41,0.056942,31874.30,0.079214,22912.56,0.062664,28964.01,0.101535,17875.67,0.122792,0.013370,0.026326,0.062664,0.225151,0.027239,2,215239,239134,776969,1664,0,0,0,2106,0,0,0,1110,0,0,0,638,0,0,0,808,0,0,0,9,0,0,0,4623408536776339192,17410523215465192907,17410523215465192907,12748168750756965373,15829047884412265895,17649854272754256772,0,0,0,0,0,0,0,0,0,0,0
419,10,2395,8,10,0.113016,21191.65,0.067618,35419.32,0.047082,50868.57,0.046452,51558.38,0.068633,34895.72,0.081681,29321.29,0.117442,20393.06,0.115001,0.015666,0.030096,0.081681,0.242444,0.036086,2,236056,377381,959001,2427,0,0,0,2653,0,0,0,870,0,0,0,646,0,0,0,244,0,0,0,13,0,0,0,6592788609868533558,1397729470551690765,1397729470551690765,12236928909347253767,13590185035443713502,1764628543853098216,0,0,0,0,0,0,0,0,0,0,1
420,10,1830,8,10,0.129066,14178.77,0.078183,23406.58,0.058370,31351.74,0.059705,30650.79,0.078387,23345.67,0.048487,37742.28,0.105306,17377.89,0.131127,0.013188,0.023150,0.048487,0.215952,0.024714,4,209391,227951,808757,1369,0,0,0,2130,0,0,0,979,0,0,0,692,0,0,0,627,0,0,0,14,0,0,0,10126068962095958391,16206596980383517149,16206596980383517149,11970679984849142577,157503749327056848,2005490159067055823,0,0,0,0,0,0,0,0,0,0,0
421,10,1761,8,10,0.126816,13886.23,0.073429,23982.40,0.045497,38705.66,0.062962,27969.27,0.074636,23594.65,0.047668,36942.92,0.103037,17090.96,0.128024,0.014127,0.026086,0.047668,0.215906,0.025255,2,208015,220470,938802,1253,0,0,0,1755,0,0,0,869,0,0,0,611,0,0,0,736,0,0,0,15,0,0,0,4002974367383819314,9731678028673444201,9731678028673444201,197833815438854471,14771247429863104459,14498667607510547290,0,0,0,0,0,0,0,0,0,0,0
422,10,1767,8,10,0.115020,15362.57,0.063983,27616.72,0.044092,40075.60,0.042768,41315.66,0.063625,27772.11,0.043767,40373.20,0.094372,18723.85,0.116356,0.013393,0.019992,0.043767,0.193507,0.025740,5,194903,214803,970573,1199,0,0,0,1812,0,0,0,738,0,0,0,576,0,0,0,601,0,0,0,21,0,0,0,12503267886347539278,3067051261956354557,3067051261956354557,6299581617219794392,1158633026391551824,2848613001121227007,0,0,0,0,0,0,0,0,0,0,0
423,10,1859,8,10,0.099805,18626.39,0.054828,33906.11,0.039848,46652.71,0.046972,39577.13,0.066966,27760.23,0.045798,40590.99,0.079784,23300.32,0.101662,0.013096,0.026624,0.045798,0.187180,0.024471,2,204322,225577,967576,1237,0,0,0,1927,0,0,0,771,0,0,0,545,0,0,0,532,0,0,0,14,0,0,0,15576355673318393789,18106373009115493369,18106373009115493369,6008392582658613118,2665685505379043655,10348459318753951481,0,0,0,0,0,0,0,0,0,0,0
424,10,1924,8,10,0.137673,13975.12,0.077727,24753.35,0.056719,33921.33,0.055457,34693.46,0.082757,23248.75,0.055241,34829.14,0.121152,15880.92,0.139963,0.015257,0.028626,0.055241,0.239088,0.028675,2,249762,290897,1131338,1227,0,0,0,1349,0,0,0,706,0,0,0,601,0,0,0,738,0,0,0,24,0,0,0,12403191131292374400,6561729568435291446,6561729568435291446,1960630533973780352,14318665665854727235,3037880721686502266,0,0,0,0,0,0,0,0,0,0,0
425,10,1958,8,10,0.134722,14533.64,0.068018,28786.66,0.047843,40925.95,0.054822,35715.72,0.070781,27662.83,0.058402,33526.25,0.105801,18506.47,0.136438,0.015532,0.027907,0.058402,0.238279,0.028605,2,226248,248098,1104611,1227,0,0,0,1948,0,0,0,882,0,0,0,590,0,0,0,803,0,0,0,22,0,0,0,11860209763812388347,16029176244432701944,16029176244432701944,9257867956898945686,11809372286034961143,8576400171959678916,0,0,0,0,0,0,0,0,0,0,0
426,10,1663,8,10,0.100014,16627.65,0.052135,31898.11,0.040642,40918.05,0.042872,38789.52,0.052327,31780.84,0.041261,40304.77,0.085980,19341.66,0.101254,0.012461,0.023188,0.041261,0.178165,0.022601,2,187878,207218,742419,873,0,0,0,1358,0,0,0,808,0,0,0,408,0,0,0,488,0,0,0,19,0,0,0,6654474457537426290,15979189195350466111,15979189195350466111,10166685476370504316,4838173968211359954,14030124594238374106,0,0,0,0,0,0,0,0,0,0,0
427,10,2125,8,10,0.117058,18153.35,0.062745,33867.31,0.053220,39928.60,0.054296,39137.57,0.065466,32459.61,0.052681,40337.34,0.092037,23088.62,0.119105,0.016223,0.021327,0.052681,0.209336,0.036102,6,241602,275932,1328395,1516,0,0,0,1802,0,0,0,1277,0,0,0,753,0,0,0,779,0,0,0,11,0,0,0,16212799593227449480,3749172382705290133,3749172382705290133,7410201405316705358,6994117732379023412,10995323680718389927,0,0,0,0,0,0,0,0,0,0,0
428,10,2254,8,10,0.133805,16845.42,0.069437,32461.28,0.051035,44165.53,0.052979,42545.10,0.072826,30950.48,0.051243,43986.27,0.114349,19711.51,0.135573,0.014962,0.022924,0.051243,0.224703,0.034046,5,236275,310535,1083553,1873,0,0,0,2106,0,0,0,1143,0,0,0,780,0,0,0,708,0,0,0,27,0,0,0,3274556670086343598,5574532380138572291,5574532380138572291,12471809985023875045,13407765712056736402,9442438567239169711,0,0,0,0,0,0,0,0,0,0,0
429,10,2237,8,10,0.100003,22369.39,0.057571,38856.53,0.043145,51848.00,0.041175,54328.85,0.060107,37217.18,0.039706,56339.78,0.083946,26648.15,0.101435,0.015105,0.028876,0.039706,0.185121,0.032579,2,218390,274220,1356215,1493,0,0,0,1888,0,0,0,770,0,0,0,572,0,0,0,615,0,0,0,4,0,0,0,17412383188989304577,4886615354378372110,4886615354378372110,9803771711177054820,15936942898098675069,17863280623141673123,0,0,0,0,0,0,0,0,0,0,0
430,10,1771,8,10,0.107072,16540.20,0.064635,27400.18,0.041859,42308.43,0.048527,36495.47,0.066586,26597.36,0.033782,52425.05,0.093749,18890.77,0.108350,0.012068,0.022551,0.033782,0.176751,0.024475,2,183852,210577,1006225,1029,0,0,0,1311,0,0,0,731,0,0,0,414,0,0,0,447,0,0,0,17,0,0,0,12780724238405475858,17212421932992159149,17212421932992159149,10115401806715566406,4057635243705050309,6295692207370037286,0,0,0,0,0,0,0,0,0,0,0
431,10,1685,8,10,0.143905,11709.09,0.072597,23210.35,0.041883,40231.11,0.048167,34982.37,0.078346,21507.03,0.054019,31192.97,0.112782,14940.33,0.146033,0.020124,0.029260,0.054019,0.249435,0.025747,3,303946,313256,1228614,705,0,0,0,993,0,0,0,728,0,0,0,392,0,0,0,444,0,0,0,10,0,0,0,15127907993151481186,11126055453175904407,11126055453175904407,15177467321621423664,18261207869180934029,15746100023608199758,0,0,0,0,0,0,0,0,0,0,0
432,10,1784,8,10,0.176758,10092.89,0.121619,14668.70,0.057435,31061.04,0.109352,16314.32,0.110540,16139.02,0.089888,19846.98,0.147260,12114.61,0.179128,0.014191,0.014779,0.089888,0.297986,0.028233,9,213608,227108,1269483,941,0,0,0,1208,0,0,0,747,0,0,0,519,0,0,0,581,0,0,0,15,0,0,0,3773185519580076362,3773185519580076362,3773185519580076362,9803936256243427552,1793190530747689070,14143383126034776392,0,0,0,0,0,0,0,0,0,0,0
433,10,1556,8,10,0.148241,10496.43,0.079536,19563.49,0.048921,31806.63,0.054279,28666.61,0.081659,19054.74,0.044846,34696.72,0.118478,13133.23,0.149676,0.012559,0.020688,0.044846,0.227769,0.020963,3,175944,189759,1154069,580,0,0,0,655,0,0,0,640,0,0,0,373,0,0,0,540,0,0,0,16,0,0,0,1760691802255804363,17931892620438940832,17931892620438940832,15281217093721363620,18259864662455225555,4931894787242738512,0,0,0,0,0,0,0,0,0,0,0
434,10,1807,8,10,0.150287,12023.69,0.084156,21472.00,0.051618,35007.12,0.052705,34285.25,0.083779,21568.63,0.045451,39757.08,0.120441,15003.21,0.152079,0.016521,0.028157,0.045451,0.242209,0.025712,2,207449,218404,1090394,959,0,0,0,892,0,0,0,746,0,0,0,414,0,0,0,504,0,0,0,16,0,0,0,13195115892849195593,15843143676801729935,15843143676801729935,18045847316830207656,14335137660811738459,12097270705886912873,0,0,0,0,0,0,0,0,0,0,0
435,10,1703,8,10,0.123325,13809.06,0.057509,29612.82,0.037044,45972.37,0.038273,44496.55,0.074559,22840.96,0.062720,27152.55,0.091267,18659.61,0.125274,0.012687,0.020359,0.062720,0.221040,0.023977,5,191318,200658,1308474,822,0,0,0,1076,0,0,0,661,0,0,0,396,0,0,0,464,0,0,0,3,0,0,0,2597117699401965870,2597117699401965870,2597117699401965870,405049793566206318,12637588439591888112,10128248716503892267,0,0,0,0,0,0,0,0,0,0,0
436,10,1767,8,10,0.180875,9769.19,0.085754,20605.40,0.064696,27312.54,0.057689,30629.84,0.087054,20297.64,0.055970,31570.38,0.127163,13895.60,0.182323,0.014845,0.023571,0.055970,0.276710,0.023149,3,196487,209452,1365686,784,0,0,0,944,0,0,0,760,0,0,0,469,0,0,0,455,0,0,0,7,0,0,0,3364419173978144929,8251473127303958157,8251473127303958157,18258680765369421639,16956398715715756296,10432109023856393954,0,0,0,0,0,0,0,0,0,0,0
437,10,1829,8,10,0.107023,17089.76,0.064109,28529.46,0.038130,47967.78,0.041689,43872.87,0.067500,27096.21,0.053350,34283.08,0.086246,21206.81,0.108231,0.014259,0.012863,0.053350,0.188702,0.026961,10,207531,223566,1120811,983,0,0,0,1234,0,0,0,655,0,0,0,409,0,0,0,403,0,0,0,8,0,0,0,11968755061077556342,15722790869462234762,15722790869462234762,4679509721942388071,6488458530656180416,18321696508563125426,0,0,0,0,0,0,0,0,0,0,0
438,10,1803,8,10,0.096475,18688.83,0.048868,36895.17,0.038891,46360.68,0.046161,39058.75,0.054497,33084.32,0.041393,43558.53,0.073728,24454.75,0.097579,0.014242,0.024592,0.041393,0.177805,0.028941,2,206290,226640,1352719,1127,0,0,0,1579,0,0,0,677,0,0,0,404,0,0,0,510,0,0,0,12,0,0,0,13173551126458296098,12454174060286184027,12454174060286184027,4837012450841049982,11325104781870516577,2742489044606329012,0,0,0,0,0,0,0,0,0,0,0
439,10,1787,8,10,0.114577,15596.49,0.062382,28645.87,0.042926,41629.55,0.042777,41774.62,0.068019,26271.93,0.085038,21014.08,0.088144,20273.60,0.116266,0.013050,0.024080,0.085038,0.238434,0.024962,3,204725,221760,1024340,999,0,0,0,1231,0,0,0,668,0,0,0,426,0,0,0,237,0,0,0,8,0,0,0,2075837830517271888,16797028128892932905,16797028128892932905,9539219875259222767,15268418050557371881,10694798934648624714,0,0,0,0,0,0,0,0,0,0,1
440,10,1729,8,10,0.086501,19988.14,0.033703,51301.13,0.028723,60195.21,0.036318,47606.92,0.041843,41321.51,0.037248,46418.04,0.060314,28666.86,0.087690,0.013377,0.023780,0.037248,0.162096,0.022859,4,196583,206673,1089736,704,0,0,0,1163,0,0,0,637,0,0,0,391,0,0,0,440,0,0,0,7,0,0,0,583600673460103905,11213529538276165203,11213529538276165203,1737696224489548678,6237187785462105612,158022798221287665,0,0,0,0,0,0,0,0,0,0,0
441,10,1857,8,10,0.098267,18897.49,0.045907,40451.60,0.038020,48843.08,0.044276,41941.64,0.052310,35499.70,0.044521,41710.29,0.068612,27065.06,0.100694,0.014592,0.026855,0.044521,0.186664,0.025467,2,216438,227033,1270747,1028,0,0,0,1576,0,0,0,870,0,0,0,474,0,0,0,636,0,0,0,13,0,0,0,6767813261098345391,6767813261098345391,6767813261098345391,9860851139807185366,7276183151597933508,2678958326248600745,0,0,0,0,0,0,0,0,0,0,0
442,10,1702,8,10,0.078395,21710.57,0.043403,39214.07,0.031980,53220.13,0.036697,46379.20,0.051865,32816.21,0.037768,45064.45,0.057354,29675.27,0.079386,0.012866,0.026708,0.037768,0.156729,0.024094,2,184003,194668,1027114,1019,0,0,0,1307,0,0,0,722,0,0,0,428,0,0,0,434,0,0,0,11,0,0,0,11499582342029914070,16640573717339811759,16640573717339811759,1731737228389403758,11874090466328488221,8072885960389732347,0,0,0,0,0,0,0,0,0,0,0
443,10,2086,8,10,0.098695,21135.80,0.051499,40505.53,0.039634,52631.40,0.047826,43616.30,0.060027,34751.27,0.047598,43825.36,0.073798,28266.18,0.100323,0.014851,0.027376,0.047598,0.190148,0.033123,2,230267,247567,1116866,1187,0,0,0,1745,0,0,0,754,0,0,0,608,0,0,0,726,0,0,0,15,0,0,0,10848670573200388619,8305189933686312445,8305189933686312445,16938951093128123391,1307767000568445747,13071966110764193862,0,0,0,0,0,0,0,0,0,0,0
444,10,2202,8,10,0.096253,22877.26,0.051287,42934.81,0.048422,45475.34,0.051077,43110.99,0.057023,38616.26,0.049380,44592.89,0.091874,23967.62,0.099164,0.015099,0.025566,0.049380,0.189209,0.037104,3,258884,293259,1485598,2032,0,0,0,2780,0,0,0,721,0,0,0,548,0,0,0,890,0,0,0,105,0,0,0,16851929109403575974,5822668852201533310,5822668852201533310,17918249654812688782,11855643827774072321,17666274033722494561,0,0,0,0,0,0,0,0,0,0,0
445,10,1767,8,10,0.085111,20761.19,0.050451,35023.87,0.048811,36200.79,0.050943,34686.00,0.055569,31798.28,0.051956,34009.44,0.075431,23425.47,0.087037,0.013672,0.020597,0.051956,0.173262,0.023639,3,229559,263489,1083851,1865,0,0,0,2747,0,0,0,719,0,0,0,460,0,0,0,560,0,0,0,32,0,0,0,4944208768768579792,4944208768768579792,4944208768768579792,4761839302804284132,10526033961077573071,10590586185195078253,0,0,0,0,0,0,0,0,0,0,0
446,10,1697,8,10,0.083260,20382.02,0.049871,34027.79,0.046872,36205.10,0.051658,32850.94,0.057355,29587.66,0.050927,33322.03,0.076332,22231.79,0.084914,0.013151,0.017384,0.050927,0.166376,0.020856,6,219428,245673,1100986,1935,0,0,0,2842,0,0,0,732,0,0,0,450,0,0,0,499,0,0,0,70,0,0,0,606824706597526028,464786816813072030,464786816813072030,5507219307006453131,12453042886394927578,2262208060535575116,0,0,0,0,0,0,0,0,0,0,0
447,10,1704,8,10,0.081310,20956.90,0.039128,43549.36,0.037449,45501.86,0.039418,43228.50,0.043826,38881.20,0.039287,43372.67,0.065358,26071.65,0.082396,0.012417,0.023108,0.039287,0.157208,0.022991,2,203677,221462,1181071,1450,0,0,0,2068,0,0,0,612,0,0,0,450,0,0,0,578,0,0,0,44,0,0,0,9957629852480742355,7203302864222705477,7203302864222705477,8785762115715239429,9684515767224860592,18366797345913646003,0,0,0,0,0,0,0,0,0,0,0
448,10,1552,8,10,0.086411,17960.63,0.039935,38863.29,0.034081,45538.46,0.038420,40395.70,0.046466,33400.44,0.036395,42643.01,0.068925,22517.08,0.087387,0.011890,0.021659,0.036395,0.157331,0.018985,2,181483,191053,1182406,893,0,0,0,1424,0,0,0,515,0,0,0,354,0,0,0,380,0,0,0,19,0,0,0,17785374695856854203,6057059230112221408,6057059230112221408,4093751893299170363,7075216369234222691,690238451616541709,0,0,0,0,0,0,0,0,0,0,0
449,10,1730,8,10,0.081467,21235.56,0.041749,41437.78,0.037312,46365.84,0.043064,40172.39,0.049300,35091.43,0.043102,40137.58,0.068730,25171.04,0.082964,0.012561,0.024076,0.043102,0.162703,0.021508,2,201176,223411,1102968,1232,0,0,0,1941,0,0,0,697,0,0,0,468,0,0,0,669,0,0,0,8,0,0,0,13235884849956952972,16205241994966238142,16205241994966238142,15103135856073595433,18322755899383580546,14418527110711378702,0,0,0,0,0,0,0,0,0,0,0
450,10,1766,8,10,0.126246,13988.60,0.080568,21919.39,0.057773,30567.81,0.059098,29882.49,0.080286,21996.29,0.049738,35506.26,0.106248,16621.51,0.127137,0.013195,0.014767,0.049738,0.204837,0.023145,8,191553,203623,1030935,889,0,0,0,1424,0,0,0,701,0,0,0,427,0,0,0,389,0,0,0,9,0,0,0,17455591756597225433,17455591756597225433,17455591756597225433,13509908125299528330,5533644918035557494,8845901622321614846,0,0,0,0,0,0,0,0,0,0,0
451,10,1700,8,10,0.132844,12796.97,0.081294,20911.78,0.052835,32175.46,0.057116,29763.94,0.084641,20084.90,0.107979,15743.78,0.108165,15716.73,0.134659,0.012570,0.020440,0.107979,0.275649,0.020413,4,186946,197121,977104,1070,0,0,0,1583,0,0,0,684,0,0,0,450,0,0,0,137,0,0,0,15,0,0,0,10456029128160526410,17679647948678505570,17679647948678505570,774313648655649476,4399336560317140954,1513073127922717135,0,0,0,0,0,0,0,0,0,0,1
452,10,1831,8,10,0.112735,16241.62,0.059337,30857.88,0.056965,32142.66,0.061193,29921.52,0.066740,27434.79,0.056158,32604.31,0.088142,20773.20,0.114765,0.013835,0.025575,0.056158,0.210332,0.027043,3,231278,253198,1302586,1593,0,0,0,2553,0,0,0,1013,0,0,0,763,0,0,0,756,0,0,0,28,0,0,0,15700048303109978588,6454787358322374369,6454787358322374369,248363373196496564,5513611046487563373,2356233827501600354,0,0,0,0,0,0,0,0,0,0,0
453,10,1514,8,10,0.082352,18384.54,0.038816,39004.58,0.034669,43669.53,0.038736,39084.78,0.045586,33212.31,0.037156,40747.53,0.058510,25875.92,0.083702,0.012580,0.021330,0.037156,0.154768,0.018396,3,185334,193899,1022923,985,0,0,0,1448,0,0,0,812,0,0,0,612,0,0,0,519,0,0,0,7,0,0,0,17886861203693614708,11636934605618904580,11636934605618904580,362929891200349275,1934498759545916219,17164003433542709304,0,0,0,0,0,0,0,0,0,0,0
454,10,1815,8,10,0.074291,24431.01,0.034124,53189.12,0.032504,55838.93,0.038074,47670.05,0.041468,43769.06,0.038254,47445.66,0.054724,33166.27,0.075699,0.012918,0.023007,0.038254,0.149878,0.023627,3,198214,211324,1006722,887,0,0,0,1494,0,0,0,717,0,0,0,358,0,0,0,475,0,0,0,14,0,0,0,11955188336991717558,782492448714645186,782492448714645186,7002484857239501704,4688649902541965658,1215498119624089941,0,0,0,0,0,0,0,0,0,0,0
455,10,1760,8,10,0.137713,12780.19,0.082824,21249.92,0.058425,30124.20,0.060518,29082.34,0.085035,20697.32,0.079032,22269.39,0.117975,14918.41,0.139648,0.013378,0.021787,0.079032,0.253845,0.023804,4,206291,223026,1197401,1170,0,0,0,1503,0,0,0,645,0,0,0,476,0,0,0,164,0,0,0,6,0,0,0,3579868936020422536,7139724477286280846,7139724477286280846,6181527087189238194,7628014701281783109,383136921202623748,0,0,0,0,0,0,0,0,0,0,1
456,10,1874,8,10,0.077650,24133.98,0.043323,43256.65,0.030411,61621.97,0.035200,53238.64,0.047194,39708.61,0.034209,54780.82,0.063766,29388.65,0.079196,0.013770,0.021846,0.034209,0.149022,0.025669,4,191978,213868,757345,876,0,0,0,1291,0,0,0,682,0,0,0,392,0,0,0,471,0,0,0,7,0,0,0,14093908314288501071,2048136759519955031,2048136759519955031,4363775830520018030,15130963712636104995,6821776952845636397,0,0,0,0,0,0,0,0,0,0,0
457,10,1765,8,10,0.154907,11393.95,0.070865,24906.66,0.056223,31392.74,0.056168,31423.68,0.082094,21499.81,0.054485,32394.39,0.121077,14577.49,0.156554,0.013988,0.024149,0.054485,0.249176,0.023797,3,212997,228527,1425527,1303,0,0,0,2026,0,0,0,740,0,0,0,455,0,0,0,656,0,0,0,17,0,0,0,991113944483836572,5908857782476842890,5908857782476842890,2214236732026888533,14117910017794155745,2714686136373758954,0,0,0,0,0,0,0,0,0,0,0
458,10,1783,8,10,0.165901,10747.35,0.093717,19025.32,0.065289,27309.33,0.084381,21130.25,0.098105,18174.38,0.055993,31843.55,0.136053,13105.16,0.167785,0.012735,0.022258,0.055993,0.258771,0.023206,4,202678,212088,1177794,1165,0,0,0,1945,0,0,0,817,0,0,0,604,0,0,0,897,0,0,0,17,0,0,0,3033164679315910165,13862288307664104189,13862288307664104189,10077133719518145705,9908038282202134404,4269343079392686180,0,0,0,0,0,0,0,0,0,0,0
459,10,2142,8,10,0.148326,14441.12,0.072274,29637.34,0.050573,42355.00,0.057091,37518.87,0.072362,29601.16,0.044960,47641.97,0.119333,17949.74,0.149964,0.014862,0.025767,0.044960,0.235554,0.032514,3,221353,247603,1179402,944,0,0,0,1025,0,0,0,820,0,0,0,379,0,0,0,512,0,0,0,5,0,0,0,8858053085857238828,14635972439566666907,14635972439566666907,2908740359470956291,17336156308935875454,6969680982932655559,0,0,0,0,0,0,0,0,0,0,0
460,10,1856,8,10,0.131995,14061.18,0.079199,23434.54,0.055495,33444.52,0.051116,36309.49,0.079368,23384.72,0.043898,42279.40,0.114341,16232.18,0.134257,0.014275,0.025603,0.043898,0.218033,0.025525,2,223594,252239,953285,1254,0,0,0,1541,0,0,0,699,0,0,0,449,0,0,0,615,0,0,0,22,0,0,0,15809481750242089124,12722857055759568903,12722857055759568903,15905355106375990075,5934647197027913685,13678734814965034322,0,0,0,0,0,0,0,0,0,0,0
461,10,1693,8,10,0.117124,14454.76,0.071880,23553.02,0.056610,29906.55,0.057819,29281.06,0.076586,22105.87,0.048940,34593.20,0.099497,17015.63,0.119692,0.011273,0.020898,0.048940,0.200804,0.021806,4,188755,199815,888157,1111,0,0,0,1867,0,0,0,665,0,0,0,673,0,0,0,848,0,0,0,6,0,0,0,2394400385937091647,15490853650897292507,15490853650897292507,512672076895053444,13094979608359357071,13538305954196211754,0,0,0,0,0,0,0,0,0,0,0
462,10,1784,8,10,0.146522,12175.63,0.085552,20852.71,0.058533,30478.34,0.059688,29888.56,0.085529,20858.33,0.051221,34829.69,0.123380,14459.45,0.148429,0.012538,0.019783,0.051221,0.231971,0.022106,5,192389,209849,975014,964,0,0,0,1418,0,0,0,1000,0,0,0,536,0,0,0,580,0,0,0,19,0,0,0,9698747331391367418,10421876943473844866,10421876943473844866,2361832388035233052,8981666094291731112,10591955131958490607,0,0,0,0,0,0,0,0,0,0,0
463,10,1818,8,10,0.095802,18976.58,0.059939,30330.69,0.037778,48123.74,0.038845,46801.20,0.057463,31637.74,0.038029,47805.61,0.079393,22898.78,0.096808,0.013556,0.025595,0.038029,0.173988,0.025369,2,192821,246261,693393,925,0,0,0,1384,0,0,0,614,0,0,0,491,0,0,0,603,0,0,0,8,0,0,0,9417351550271557650,17169055922634576719,17169055922634576719,3049625735146890551,11954637536022112253,11559558715320720688,0,0,0,0,0,0,0,0,0,0,0
464,10,1851,8,10,0.087962,21043.21,0.046653,39675.77,0.042912,43134.85,0.050852,36399.97,0.055193,33537.10,0.045741,40466.74,0.070209,26364.24,0.091125,0.013892,0.022748,0.045741,0.173506,0.024669,4,214339,230204,842193,1308,0,0,0,1920,0,0,0,889,0,0,0,685,0,0,0,679,0,0,0,24,0,0,0,13823913248361666785,5925632377694238089,5925632377694238089,9080615233777701868,13157965718496858813,6364172525582153227,0,0,0,0,0,0,0,0,0,0,0
465,10,1652,8,10,0.095025,17384.86,0.048533,34038.70,0.035841,46092.87,0.044127,37437.36,0.054079,30547.74,0.042800,38598.43,0.077012,21451.11,0.096576,0.013515,0.021897,0.042800,0.174787,0.022180,3,197248,212533,776082,1155,0,0,0,1703,0,0,0,714,0,0,0,396,0,0,0,482,0,0,0,15,0,0,0,17942707958801521323,4246748554897272163,4246748554897272163,13730538582261799061,546757364358561979,13180805409788545476,0,0,0,0,0,0,0,0,0,0,0
466,10,1871,8,10,0.095739,19542.77,0.049763,37598.55,0.039108,47841.31,0.047852,39100.09,0.059338,31531.12,0.047616,39293.17,0.081004,23097.51,0.097290,0.013876,0.027113,0.047616,0.185895,0.027828,2,212282,253402,1121922,1083,0,0,0,1648,0,0,0,706,0,0,0,468,0,0,0,509,0,0,0,13,0,0,0,388343536735751375,7421157283014816953,7421157283014816953,2164053865005149539,1926409248448902217,12201950535801591841,0,0,0,0,0,0,0,0,0,0,0
467,10,1820,8,10,0.087636,20767.61,0.065182,27921.96,0.051740,35176.09,0.057078,31886.26,0.063507,28658.22,0.053780,33841.46,0.067986,26770.30,0.089241,0.013949,0.027281,0.053780,0.184251,0.024203,2,208504,225934,804049,1457,0,0,0,2114,0,0,0,873,0,0,0,693,0,0,0,755,0,0,0,8,0,0,0,15279786810185094750,10177951088952638948,10177951088952638948,1711458149310047326,515277573014923507,5062323474699934622,0,0,0,0,0,0,0,0,0,0,0
468,10,1691,8,10,0.081928,20640.15,0.042015,40247.20,0.040100,42169.09,0.050894,33225.88,0.054722,30901.91,0.050131,33731.38,0.067823,24932.68,0.083518,0.013882,0.021079,0.050131,0.168610,0.025180,5,215409,235944,836803,1374,0,0,0,1964,0,0,0,536,0,0,0,499,0,0,0,430,0,0,0,35,0,0,0,4182115931308792547,3889239431437886476,3889239431437886476,13943050543014765144,11127504690948226194,711359148198185765,0,0,0,0,0,0,0,0,0,0,0
469,10,1807,8,10,0.110699,16323.57,0.052867,34180.19,0.046531,38834.71,0.047239,38252.34,0.061165,29542.88,0.043204,41824.49,0.086348,20926.97,0.112393,0.014104,0.026256,0.043204,0.195957,0.028611,2,217669,230429,958071,1301,0,0,0,2043,0,0,0,874,0,0,0,735,0,0,0,768,0,0,0,23,0,0,0,17997212984140380411,1920064691406491443,1920064691406491443,16873460053664510945,15102224868596224969,8958460306663065389,0,0,0,0,0,0,0,0,0,0,0
470,10,1873,8,10,0.085424,21926.02,0.040721,45995.79,0.036899,50760.76,0.045364,41288.06,0.053989,34692.36,0.043206,43350.60,0.070904,26416.01,0.086761,0.014432,0.025670,0.043206,0.170069,0.029102,2,212174,240784,856601,1180,0,0,0,1883,0,0,0,726,0,0,0,539,0,0,0,604,0,0,0,47,0,0,0,2847612503247968896,15097437677229840315,15097437677229840315,9157744732128406255,263498491632643346,7126133749081799504,0,0,0,0,0,0,0,0,0,0,0
471,10,1776,8,10,0.100042,17752.48,0.045527,39009.90,0.039855,44561.93,0.050481,35181.59,0.059562,29817.58,0.069918,25401.15,0.083522,21263.98,0.101506,0.015172,0.017243,0.069918,0.203839,0.027405,7,218520,235580,850900,1242,0,0,0,1838,0,0,0,839,0,0,0,534,0,0,0,441,0,0,0,52,0,0,0,8940298447355522666,2127219397132720959,2127219397132720959,5356167347010959765,7023943741276595225,17767343384198316838,0,0,0,0,0,0,0,0,0,0,1
472,10,1816,8,10,0.089941,20190.97,0.041985,43253.45,0.036688,49497.89,0.045288,40099.26,0.052576,34540.73,0.044506,40803.16,0.072818,24939.03,0.090801,0.014878,0.022976,0.044506,0.173162,0.029318,4,213399,237664,861530,1114,0,0,0,1768,0,0,0,761,0,0,0,496,0,0,0,511,0,0,0,13,0,0,0,15745620756653676406,12866564742009937059,12866564742009937059,14191414646546576700,12284583379182693518,12521171208114079740,0,0,0,0,0,0,0,0,0,0,0
473,10,2090,8,10,0.108042,19344.26,0.054961,38026.70,0.046506,44939.97,0.051526,40561.88,0.065675,31823.51,0.057799,36159.92,0.091459,22851.84,0.109512,0.015714,0.023350,0.057799,0.206375,0.036073,5,243071,323841,1192704,1601,0,0,0,2246,0,0,0,962,0,0,0,769,0,0,0,829,0,0,0,20,0,0,0,10311562578716350036,4158232930608937236,4158232930608937236,2973954297394672605,3963096616068769588,6743527809105759120,0,0,0,0,0,0,0,0,0,0,0
474,10,2271,8,10,0.092525,24544.60,0.044481,51055.69,0.041640,54539.19,0.050151,45283.36,0.053173,42709.29,0.054188,41909.85,0.075906,29918.54,0.094047,0.016144,0.016192,0.054188,0.180571,0.037370,9,244429,266519,995442,1216,0,0,0,1944,0,0,0,1087,0,0,0,611,0,0,0,634,0,0,0,25,0,0,0,9962274625859883229,13105635902852771210,13105635902852771210,11210776556928809741,9015683067569721849,1459772112144486348,0,0,0,0,0,0,0,0,0,0,0
475,10,1900,8,10,0.113175,16788.13,0.047330,40143.28,0.037090,51226.07,0.044958,42261.40,0.057719,32918.14,0.051321,37022.12,0.084971,22360.69,0.114617,0.014172,0.020664,0.051321,0.200773,0.025313,5,212519,227854,973186,1172,0,0,0,1588,0,0,0,977,0,0,0,666,0,0,0,630,0,0,0,19,0,0,0,12206260105427473384,12206260105427473384,12206260105427473384,12524275794962271473,8388750576539503384,18205803267976760812,0,0,0,0,0,0,0,0,0,0,0
476,10,1608,8,10,0.076440,21036.18,0.037452,42934.71,0.035015,45923.25,0.040108,40091.95,0.044196,36383.54,0.039089,41136.37,0.056038,28694.81,0.077520,0.012382,0.023759,0.039089,0.152750,0.019543,2,186264,195224,726776,1086,0,0,0,2004,0,0,0,930,0,0,0,566,0,0,0,730,0,0,0,27,0,0,0,7856639844501039395,830967391812034695,830967391812034695,18186319809432338589,7663343097045709344,744561445653818919,0,0,0,0,0,0,0,0,0,0,0
477,10,2007,8,10,0.123800,16211.59,0.063345,31683.39,0.049713,40371.51,0.052033,38571.33,0.065295,30737.59,0.042194,47566.57,0.103281,19432.45,0.125108,0.014859,0.026884,0.042194,0.209046,0.034402,2,210220,242830,920466,1090,0,0,0,1609,0,0,0,831,0,0,0,571,0,0,0,675,0,0,0,14,0,0,0,1202506027442336250,13076474163198634098,13076474163198634098,8181627360576638367,12085417990148542336,15193158121101019309,0,0,0,0,0,0,0,0,0,0,0
478,10,1863,8,10,0.151752,12276.65,0.081867,22756.41,0.057112,32619.87,0.061554,30266.15,0.085397,21815.74,0.044133,42213.13,0.124476,14966.68,0.153702,0.013764,0.025369,0.044133,0.236968,0.026864,2,206586,224306,904798,1157,0,0,0,1453,0,0,0,901,0,0,0,495,0,0,0,699,0,0,0,9,0,0,0,12488422567803182898,167228787158613045,167228787158613045,6122216464098253366,11551270754053729321,1175363094201506131,0,0,0,0,0,0,0,0,0,0,0
479,10,1841,8,10,0.107872,17066.60,0.053314,34531.59,0.038604,47688.91,0.039859,46188.33,0.057752,31877.49,0.040371,45602.05,0.085387,21560.55,0.111136,0.012655,0.026642,0.040371,0.190804,0.027527,2,200730,220830,749157,1219,0,0,0,1745,0,0,0,687,0,0,0,483,0,0,0,691,0,0,0,7,0,0,0,8529953035014788665,5840329692558795386,5840329692558795386,13452764127926209939,2690497418979883603,13636875003907853225,0,0,0,0,0,0,0,0,0,0,0
480,10,1799,8,10,0.129646,13876.25,0.061184,29403.10,0.042912,41922.95,0.046960,38308.92,0.066725,26961.55,0.044083,40809.59,0.102239,17596.09,0.130115,0.013870,0.026095,0.044083,0.214163,0.024377,2,207640,224745,817592,1239,0,0,0,2005,0,0,0,760,0,0,0,514,0,0,0,597,0,0,0,14,0,0,0,14051724819008312647,17358111237732134842,17358111237732134842,13373923791556064699,751836935248994948,13477709647818948807,0,0,0,0,0,0,0,0,0,0,0
481,10,1853,8,10,0.136828,13542.60,0.072414,25589.10,0.047704,38843.72,0.057116,32442.99,0.078241,23683.33,0.065448,28312.58,0.118218,15674.40,0.138873,0.013766,0.025804,0.065448,0.243891,0.032108,2,218970,265460,933475,1128,0,0,0,1462,0,0,0,615,0,0,0,382,0,0,0,798,0,0,0,4,0,0,0,17815464414310940597,12873394871557138310,12873394871557138310,10606199138653535862,2710242803508093755,7124531604795950522,0,0,0,0,0,0,0,0,0,0,0
482,10,1816,8,10,0.139249,13041.36,0.066909,27141.33,0.052108,34850.68,0.052290,34729.22,0.072574,25022.82,0.056690,32033.78,0.104347,17403.41,0.141791,0.014259,0.025954,0.056690,0.238695,0.027947,2,216636,232086,888448,1221,0,0,0,1729,0,0,0,994,0,0,0,594,0,0,0,889,0,0,0,11,0,0,0,7565821564095185236,14057164973625211318,14057164973625211318,7357082544985913120,12376013889318004098,7173850907007163728,0,0,0,0,0,0,0,0,0,0,0
483,10,1781,8,10,0.153585,11596.16,0.083632,21295.64,0.064253,27718.58,0.075323,23644.97,0.091929,19373.65,0.052971,33622.37,0.132465,13445.08,0.156067,0.013758,0.023325,0.052971,0.246121,0.022560,3,209014,228554,905005,1300,0,0,0,1767,0,0,0,930,0,0,0,620,0,0,0,735,0,0,0,10,0,0,0,14058005293333626626,2682973249532952045,2682973249532952045,10741237700337211338,13120862035850591170,11964409499910191784,0,0,0,0,0,0,0,0,0,0,0
484,10,2020,8,10,0.230533,8762.30,0.148136,13636.11,0.106288,19005.03,0.143065,14119.43,0.156239,12928.90,0.056824,35548.47,0.194730,10373.33,0.232946,0.016487,0.028466,0.056824,0.334723,0.029370,3,242150,259130,847035,1151,0,0,0,1323,0,0,0,987,0,0,0,530,0,0,0,719,0,0,0,14,0,0,0,7486853435785895531,7486853435785895531,7486853435785895531,8357600244369749700,16459658575535622498,141130397142672397,0,0,0,0,0,0,0,0,0,0,0
485,10,1754,8,10,0.154429,11357.95,0.085487,20517.84,0.057196,30666.59,0.077720,22568.08,0.102528,17107.50,0.069587,25205.77,0.133618,13126.93,0.156830,0.013088,0.025947,0.069587,0.265452,0.022441,2,204844,221749,900695,1071,0,0,0,1725,0,0,0,1443,0,0,0,658,0,0,0,765,0,0,0,7,0,0,0,15721872460699731992,14618616554023662088,14618616554023662088,15615292245520833364,181482044574725483,11182079755468615304,0,0,0,0,0,0,0,0,0,0,0
486,10,1730,8,10,0.133360,12972.38,0.078271,22102.79,0.064174,26957.80,0.065585,26377.90,0.080345,21532.03,0.042921,40306.60,0.109681,15773.07,0.134996,0.013880,0.025087,0.042921,0.216885,0.022528,2,199866,210951,839484,1106,0,0,0,1483,0,0,0,837,0,0,0,511,0,0,0,608,0,0,0,8,0,0,0,931418271463548030,7349607820998458141,7349607820998458141,4226205638495516763,5425019655327798879,16999069387902445145,0,0,0,0,0,0,0,0,0,0,0
487,10,1846,8,10,0.150732,12246.91,0.081684,22599.20,0.068149,27087.58,0.070097,26335.12,0.079211,23304.89,0.043880,42069.02,0.116931,15787.12,0.153317,0.013961,0.027106,0.043880,0.238263,0.025041,2,218233,230318,951121,1123,0,0,0,1425,0,0,0,1009,0,0,0,497,0,0,0,584,0,0,0,17,0,0,0,3457629557483196266,14643439982881621912,14643439982881621912,15944746291849762724,1253750097152014835,8572892746829705851,0,0,0,0,0,0,0,0,0,0,0
488,10,2209,8,10,0.133383,16561.36,0.072408,30507.60,0.050908,43391.79,0.051873,42584.82,0.076599,28838.66,0.047820,46193.73,0.105516,20935.28,0.135602,0.017902,0.032522,0.047820,0.233847,0.041188,3,260400,279835,968617,1181,0,0,0,1776,0,0,0,1196,0,0,0,640,0,0,0,674,0,0,0,13,0,0,0,3775510603119112453,3775510603119112453,3775510603119112453,10317877481981531569,10382805986813985139,1478969255114760970,0,0,0,0,0,0,0,0,0,0,0
489,10,2018,8,10,0.103207,19552.97,0.051271,39359.32,0.042987,46944.86,0.041798,48280.39,0.053632,37627.06,0.039603,50955.98,0.085435,23620.29,0.105066,0.015156,0.027859,0.039603,0.187684,0.029855,2,214192,232757,919053,1152,0,0,0,1711,0,0,0,820,0,0,0,551,0,0,0,698,0,0,0,12,0,0,0,12330368580858550119,9007817406572617447,9007817406572617447,4559468885797817380,6087290079623269006,2754093400444662007,0,0,0,0,0,0,0,0,0,0,0
490,10,1874,8,10,0.105658,17736.46,0.051491,36395.06,0.039573,47355.13,0.049894,37559.57,0.067346,27826.53,0.051996,36041.46,0.092606,20236.31,0.107464,0.014127,0.024665,0.051996,0.198251,0.027966,4,219428,247848,842475,1381,0,0,0,1773,0,0,0,855,0,0,0,584,0,0,0,646,0,0,0,15,0,0,0,2853531901647623109,2558763118503033396,2558763118503033396,17575977098081742589,12311826683389265285,3770497762443314865,0,0,0,0,0,0,0,0,0,0,0
491,10,1852,8,10,0.140319,13198.48,0.071949,25740.59,0.049649,37301.51,0.057233,32359.06,0.093670,19771.52,0.059516,31117.83,0.115314,16060.52,0.142031,0.014523,0.029635,0.059516,0.245705,0.026309,2,246739,261699,1145062,1136,0,0,0,1756,0,0,0,1015,0,0,0,511,0,0,0,648,0,0,0,10,0,0,0,5363826622237884418,17199634762170579416,17199634762170579416,5346572171804992559,3505995505123998309,9001697934034083496,0,0,0,0,0,0,0,0,0,0,0
492,10,1778,8,10,0.104947,16941.81,0.052721,33724.83,0.039998,44452.45,0.045617,38976.75,0.059982,29642.40,0.051640,34430.57,0.076816,23146.22,0.106540,0.013154,0.024879,0.051640,0.196214,0.023624,3,211382,220822,894738,1275,0,0,0,1740,0,0,0,970,0,0,0,587,0,0,0,785,0,0,0,13,0,0,0,14165100827985533501,2622780866954846075,2622780866954846075,7283357568662020137,2849979223144446668,2547717281205131200,0,0,0,0,0,0,0,0,0,0,0
493,10,1847,8,10,0.105921,17437.60,0.057859,31922.32,0.050524,36557.04,0.043486,42473.39,0.060969,30294.19,0.043089,42864.80,0.080058,23070.81,0.107922,0.014112,0.025835,0.043089,0.190958,0.024513,2,212704,228919,899151,1226,0,0,0,2013,0,0,0,802,0,0,0,593,0,0,0,728,0,0,0,9,0,0,0,17500672693178964062,9946175939754833241,9946175939754833241,13652334609456158070,10553733807329920962,10712084736587751759,0,0,0,0,0,0,0,0,0,0,0
494,10,1824,8,10,0.137718,13244.50,0.075085,24292.44,0.050888,35843.69,0.055553,32833.64,0.076864,23730.38,0.049421,36907.39,0.111945,16293.76,0.140374,0.013017,0.025902,0.049421,0.228715,0.024377,2,218329,231004,856347,1180,0,0,0,1812,0,0,0,1004,0,0,0,569,0,0,0,679,0,0,0,9,0,0,0,7305941819383603012,8612807980315657368,8612807980315657368,6759200369649037390,3677729634316611335,4543272790475830436,0,0,0,0,0,0,0,0,0,0,0
495,10,1758,8,10,0.122917,14302.38,0.064102,27424.98,0.041158,42713.20,0.045546,38598.59,0.071155,24706.68,0.048386,36332.84,0.097271,18073.23,0.124743,0.014065,0.022156,0.048386,0.209349,0.022658,4,199883,212073,888032,1196,0,0,0,1686,0,0,0,687,0,0,0,450,0,0,0,496,0,0,0,18,0,0,0,10998715546747328486,5539829961576552859,5539829961576552859,738499955548138453,11298691847961404466,11546022133987314208,0,0,0,0,0,0,0,0,0,0,0
496,10,1916,8,10,0.111885,17124.66,0.062254,30777.24,0.047314,40495.69,0.051141,37464.96,0.068614,27924.52,0.058969,32491.57,0.091667,20901.71,0.113905,0.015114,0.022582,0.058969,0.210570,0.029016,5,228729,251474,803173,1313,0,0,0,2028,0,0,0,833,0,0,0,662,0,0,0,830,0,0,0,17,0,0,0,4737628684607016027,15748478522761492876,15748478522761492876,4046176464840660160,18140799976446418295,8550440027292910013,0,0,0,0,0,0,0,0,0,0,0
497,10,1834,8,10,0.113874,16105.55,0.057785,31738.11,0.048955,37463.27,0.052163,35159.23,0.060582,30272.81,0.053145,34509.29,0.092570,19811.95,0.115457,0.015026,0.021150,0.053145,0.204778,0.029677,6,225146,241746,917600,1665,0,0,0,2009,0,0,0,893,0,0,0,562,0,0,0,701,0,0,0,28,0,0,0,4684826344316007060,1997390921499351819,1997390921499351819,11760837638070361176,4548884104530939598,11767539053838232711,0,0,0,0,0,0,0,0,0,0,0
498,10,1791,8,10,0.139050,12880.25,0.074139,24157.19,0.051982,34454.00,0.044221,40501.51,0.081679,21927.35,0.055018,32553.14,0.110558,16199.67,0.140199,0.013700,0.024405,0.055018,0.233322,0.023167,3,204798,218863,939051,1262,0,0,0,1807,0,0,0,883,0,0,0,684,0,0,0,978,0,0,0,10,0,0,0,12616330607093479996,17435390800139649418,17435390800139649418,15167473078710388599,12582946450786787689,8659132291260966638,0,0,0,0,0,0,0,0,0,0,0
499,10,1902,8,10,0.146758,12960.14,0.075038,25347.24,0.061912,30721.18,0.064134,29656.60,0.079093,24047.63,0.050140,37934.07,0.122659,15506.42,0.148349,0.015095,0.020338,0.050140,0.233921,0.028567,6,213674,294794,787440,1667,0,0,0,2226,0,0,0,1057,0,0,0,628,0,0,0,625,0,0,0,8,0,0,0,16905630186796911951,12907058517511723427,12907058517511723427,13442914749106739183,17098158316671461130,10993861415803400041,0,0,0,0,0,0,0,0,0,0,0
