batch_idx,num_blocks,num_txs,threads,merge_cap,seq_time_s,seq_tput,par_time_s,par_tput,concat_time_s,concat_tput,cgraph_time_s,cgraph_tput,graph_time_s,graph_tput,integrated_time_s,integrated_tput,vegeta_time_s,vegeta_tput,phase_pre_execute_s,phase_graph_build_s,phase_integrate_s,phase_execute_s,phase_total_s,vegeta_speculate_s,num_integrated_groups,omakase_graph_bytes,vegeta_sched_bytes,calldata_bytes,par_re_exec,par_validation_aborts,par_cascade_aborts,par_wrote_new_loc,concat_re_exec,concat_validation_aborts,concat_cascade_aborts,concat_wrote_new_loc,cgraph_re_exec,cgraph_validation_aborts,cgraph_cascade_aborts,cgraph_wrote_new_loc,graph_re_exec,graph_validation_aborts,graph_cascade_aborts,graph_wrote_new_loc,integ_re_exec,integ_validation_aborts,integ_cascade_aborts,integ_wrote_new_loc,vegeta_re_exec,vegeta_validation_aborts,vegeta_cascade_aborts,vegeta_wrote_new_loc,digest_seq,digest_par,digest_concat,logical_seq,logical_integ,logical_vegeta,cgraph_cross_block_aborts,cgraph_cross_block_cascade,graph_cross_block_aborts,graph_cross_block_cascade,integ_cross_block_aborts,integ_cross_block_cascade,par_fallbacks,concat_fallbacks,cgraph_fallbacks,graph_fallbacks,integ_fallbacks
0,10,1680,8,10,0.056713,29622.76,0.027282,61578.10,0.023658,71010.88,0.025089,66960.38,0.030931,54314.90,0.025808,65095.50,0.046155,36399.41,0.058384,0.012240,0.027123,0.025808,0.123555,0.023497,2,187395,240355,1018457,985,0,0,0,1420,0,0,0,591,0,0,0,360,0,0,0,441,0,0,0,3,0,0,0,14847860463517960732,11645696201754415884,11645696201754415884,8679415463362393917,13282277428467612364,15228092644666780870,0,0,0,0,0,0,0,0,0,0,0
1,10,1410,8,10,0.064475,21868.96,0.037548,37551.78,0.033310,42329.24,0.037567,37532.68,0.042584,33111.35,0.032847,42926.31,0.048890,28840.32,0.062893,0.011164,0.025746,0.032847,0.132650,0.015113,4,169199,177889,796430,1072,0,0,0,1769,0,0,0,740,0,0,0,294,0,0,0,592,0,0,0,25,0,0,0,4593723064334478954,12366089007859657291,12366089007859657291,325931631257035883,13794152613437243603,12914636091217148311,0,0,0,0,0,0,0,0,0,0,0
2,10,1253,8,10,0.059569,21034.46,0.034820,35984.72,0.022910,54692.08,0.024846,50430.63,0.034939,35862.86,0.027433,45675.24,0.041460,30221.63,0.061059,0.011245,0.021605,0.027433,0.121342,0.012251,2,166225,171390,853125,594,0,0,0,949,0,0,0,533,0,0,0,310,0,0,0,392,0,0,0,6,0,0,0,16098403911948738335,301890912546618656,301890912546618656,7463041457606342985,326406851414954668,17566256608407731486,0,0,0,0,0,0,0,0,0,0,0
3,10,1270,8,10,0.058788,21603.09,0.029461,43107.68,0.026599,47745.74,0.029579,42936.37,0.032418,39176.09,0.027334,46461.93,0.042221,30079.66,0.060194,0.011139,0.022205,0.027334,0.120872,0.014223,2,168087,174562,857113,740,0,0,0,1301,0,0,0,635,0,0,0,341,0,0,0,463,0,0,0,7,0,0,0,7542888288155945548,2236603993163842495,2236603993163842495,7882613718979399511,17323221582744357857,7235415643046741075,0,0,0,0,0,0,0,0,0,0,0
4,10,1376,8,10,0.083047,16568.94,0.049511,27791.69,0.031714,43387.63,0.046088,29855.91,0.058245,23624.45,0.048724,28240.77,0.063794,21569.41,0.084008,0.012059,0.015283,0.048724,0.160074,0.016087,7,185817,192262,914911,664,0,0,0,972,0,0,0,592,0,0,0,450,0,0,0,397,0,0,0,12,0,0,0,13928174761156318294,11955030937234813873,11955030937234813873,456682782253149189,10366848292179297652,456682782253149189,0,0,0,0,0,0,0,0,0,0,0
5,10,1402,8,10,0.078731,17807.57,0.037855,37035.88,0.028384,49394.35,0.031348,44723.91,0.041078,34130.57,0.038253,36650.45,0.059216,23676.19,0.079668,0.012530,0.024753,0.038253,0.155204,0.015958,3,182720,190625,840013,721,0,0,0,1170,0,0,0,627,0,0,0,382,0,0,0,557,0,0,0,8,0,0,0,16290277288088353683,4875233189561101288,4875233189561101288,15646527297954148330,14641006597733849939,753872297082245674,0,0,0,0,0,0,0,0,0,0,0
6,10,1316,8,10,0.057989,22693.84,0.025671,51264.69,0.020953,62808.22,0.024869,52916.63,0.030670,42908.31,0.026371,49903.49,0.042329,31089.89,0.059689,0.011340,0.022917,0.026371,0.120317,0.015350,2,170472,178012,808023,585,0,0,0,948,0,0,0,519,0,0,0,280,0,0,0,437,0,0,0,10,0,0,0,17824824804007467497,14458752778911943096,14458752778911943096,6244604045402414464,4307553997793803266,8161925897606614062,0,0,0,0,0,0,0,0,0,0,0
7,10,1218,8,10,0.065769,18519.45,0.038055,32006.69,0.032659,37294.68,0.035938,33891.43,0.041858,29098.08,0.037156,32780.63,0.048745,24987.03,0.067323,0.010948,0.021476,0.037156,0.136903,0.011817,2,161465,167400,745121,636,0,0,0,1221,0,0,0,487,0,0,0,362,0,0,0,391,0,0,0,14,0,0,0,9779896707111420768,1530663532270987305,1530663532270987305,4511338050505343217,1594816548480185679,10018746028516120224,0,0,0,0,0,0,0,0,0,0,0
8,10,1311,8,10,0.055855,23471.67,0.026694,49111.98,0.023299,56268.78,0.026596,49293.13,0.031012,42273.35,0.027695,47337.17,0.041285,31754.50,0.057209,0.010687,0.017827,0.027695,0.113417,0.013824,4,158804,164394,937139,635,0,0,0,1118,0,0,0,458,0,0,0,312,0,0,0,306,0,0,0,4,0,0,0,1423700106706768389,17771188529514404235,17771188529514404235,7101990414578436387,4057381187216851365,9436974243794307436,0,0,0,0,0,0,0,0,0,0,0
9,10,1443,8,10,0.073647,19593.43,0.033872,42600.98,0.024179,59678.84,0.027856,51802.75,0.038069,37904.40,0.027881,51756.12,0.050054,28828.64,0.072257,0.013032,0.033967,0.027881,0.147137,0.016247,1,202873,217023,832322,517,0,0,0,827,0,0,0,600,0,0,0,419,0,0,0,483,0,0,0,10,0,0,0,8358086029567122562,16786520545596514601,16786520545596514601,14924019976109986012,8557975348627139463,3017666861476385637,0,0,0,0,0,0,0,0,0,0,0
10,10,1315,8,10,0.056244,23380.34,0.029573,44466.29,0.021839,60214.32,0.025124,52340.86,0.032019,41069.45,0.028360,46368.47,0.041636,31583.22,0.057193,0.011617,0.022031,0.028360,0.119201,0.013225,2,168850,173850,740191,567,0,0,0,909,0,0,0,635,0,0,0,321,0,0,0,376,0,0,0,6,0,0,0,6191473132128518549,16942536709917308512,16942536709917308512,12391876375222455488,3464053606052219577,5998087966490675037,0,0,0,0,0,0,0,0,0,0,0
11,10,1351,8,10,0.057906,23331.02,0.024986,54070.10,0.021165,63832.30,0.024444,55268.58,0.030946,43656.25,0.024503,55136.01,0.041921,32227.62,0.058977,0.011491,0.023091,0.024503,0.118062,0.014180,2,173089,178329,989438,552,0,0,0,888,0,0,0,440,0,0,0,253,0,0,0,337,0,0,0,14,0,0,0,5004452465820451435,14186337806258133438,14186337806258133438,4011577437850035122,3593839336642449729,18170052661140652416,0,0,0,0,0,0,0,0,0,0,0
12,10,1649,8,10,0.063619,25919.84,0.033092,49830.47,0.028105,58673.41,0.030779,53574.95,0.039677,41561.06,0.027245,60523.88,0.055861,29519.83,0.064641,0.011475,0.024444,0.027245,0.127806,0.019994,2,164017,198827,827120,656,0,0,0,1135,0,0,0,566,0,0,0,358,0,0,0,420,0,0,0,7,0,0,0,4913077794179785683,7558018429476517471,7558018429476517471,12358560454329563426,10606872880121876986,11127140413237342559,0,0,0,0,0,0,0,0,0,0,0
13,10,1487,8,10,0.073558,20215.36,0.036579,40652.10,0.024016,61918.24,0.044463,33443.77,0.047103,31569.16,0.045260,32854.76,0.060908,24413.93,0.074540,0.011751,0.022482,0.045260,0.154034,0.016025,2,175497,192702,1044194,551,0,0,0,880,0,0,0,461,0,0,0,220,0,0,0,333,0,0,0,5,0,0,0,12568567252495419176,15626612205117220828,15626612205117220828,8236672279513804674,15944494925187700121,8214367275103565340,0,0,0,0,0,0,0,0,0,0,0
14,10,1270,8,10,0.055794,22762.50,0.025864,49103.17,0.021723,58462.95,0.025000,50800.09,0.029788,42634.22,0.027512,46162.02,0.039153,32436.70,0.056829,0.010770,0.024221,0.027512,0.119332,0.012610,2,158248,163393,1021759,562,0,0,0,1003,0,0,0,571,0,0,0,344,0,0,0,431,0,0,0,2,0,0,0,16407000497180879702,12929816275915147997,12929816275915147997,11339005236270257285,4953312929952137301,7882820456475846769,0,0,0,0,0,0,0,0,0,0,0
15,10,2022,8,10,0.064147,31521.44,0.029075,69544.18,0.023030,87796.83,0.027182,74388.07,0.030611,66055.06,0.027215,74298.19,0.071576,28249.66,0.065129,0.013887,0.027773,0.027215,0.134004,0.028389,2,208499,467809,969967,830,0,0,0,1161,0,0,0,722,0,0,0,401,0,0,0,497,0,0,0,8,0,0,0,346233089159466526,18119384168780277519,18119384168780277519,16701169435042417301,17875767181832420188,6483226293264678473,0,0,0,0,0,0,0,0,0,0,0
16,10,1232,8,10,0.063769,19319.59,0.030034,41020.16,0.020541,59977.15,0.025091,49102.00,0.033290,37007.57,0.026834,45912.59,0.043649,28225.08,0.064751,0.010764,0.022322,0.026834,0.124671,0.014250,2,160119,164664,900066,514,0,0,0,786,0,0,0,457,0,0,0,352,0,0,0,376,0,0,0,2,0,0,0,8497004928767046825,8497004928767046825,8497004928767046825,11165974259939807863,14766642426486972870,6940884801423776432,0,0,0,0,0,0,0,0,0,0,0
17,10,1356,8,10,0.062243,21785.46,0.026329,51501.92,0.022248,60948.57,0.027931,48548.11,0.033098,40968.88,0.027312,49648.63,0.042947,31573.47,0.062909,0.012044,0.021934,0.027312,0.124199,0.015879,2,175471,181606,1025664,485,0,0,0,951,0,0,0,500,0,0,0,276,0,0,0,322,0,0,0,6,0,0,0,3871108054112338109,14795441057638641949,14795441057638641949,5278005173222937347,8500846529318506848,7838540393006566605,0,0,0,0,0,0,0,0,0,0,0
18,10,1399,8,10,0.075916,18428.27,0.034705,40311.13,0.025943,53926.60,0.027809,50307.15,0.039781,35167.67,0.034283,40807.13,0.053128,26332.63,0.077068,0.011555,0.022088,0.034283,0.144994,0.015093,2,170765,177215,1002649,580,0,0,0,842,0,0,0,594,0,0,0,329,0,0,0,483,0,0,0,1,0,0,0,11211871027138233320,13362217479044724644,13362217479044724644,2184480258027758007,8305063882550565414,3609433141133724131,0,0,0,0,0,0,0,0,0,0,0
19,10,1472,8,10,0.060235,24437.51,0.025963,56695.48,0.022451,65565.90,0.026230,56119.50,0.030229,48695.61,0.027901,52758.32,0.041512,35459.82,0.061284,0.011334,0.017333,0.027901,0.117852,0.015763,5,164514,173499,1125073,622,0,0,0,1068,0,0,0,684,0,0,0,392,0,0,0,566,0,0,0,3,0,0,0,14358316984526365606,5491175815957948551,5491175815957948551,340076801737766277,15028296734863999576,18281523744616745977,0,0,0,0,0,0,0,0,0,0,0
20,10,1202,8,10,0.063057,19062.17,0.028556,42092.71,0.021494,55923.19,0.028201,42622.08,0.033881,35477.28,0.057684,20837.72,0.040543,29647.25,0.063789,0.009706,0.018067,0.057684,0.149247,0.012000,3,150290,152870,1127886,511,0,0,0,837,0,0,0,454,0,0,0,334,0,0,0,143,0,0,0,6,0,0,0,6770572677156519642,4174842987199607779,4174842987199607779,13122325178478220622,11934606793195894975,16607122676746652564,0,0,0,0,0,0,0,0,0,0,1
21,10,1369,8,10,0.061165,22382.25,0.027420,49926.30,0.022041,62111.82,0.024580,55695.84,0.032382,42276.24,0.026021,52610.46,0.043043,31805.17,0.061889,0.012166,0.023927,0.026021,0.124003,0.014699,2,186813,192428,808254,556,0,0,0,1064,0,0,0,541,0,0,0,309,0,0,0,369,0,0,0,8,0,0,0,11944944933975841762,11944944933975841762,11944944933975841762,15030784667122058681,15137959156754394035,14879557679145188397,0,0,0,0,0,0,0,0,0,0,0
22,10,1277,8,10,0.057934,22042.34,0.026973,47342.89,0.021905,58298.17,0.025208,50658.25,0.032050,39844.58,0.025399,50277.58,0.042734,29882.22,0.058768,0.010616,0.024408,0.025399,0.119191,0.013390,2,157455,164075,914600,632,0,0,0,1094,0,0,0,615,0,0,0,377,0,0,0,476,0,0,0,5,0,0,0,11920090146001445889,16585442107675173048,16585442107675173048,2950772969120234799,9520191400567130063,17066138240415094364,0,0,0,0,0,0,0,0,0,0,0
23,10,1600,8,10,0.061318,26093.59,0.025694,62270.22,0.019604,81617.68,0.023166,69067.09,0.029144,54900.17,0.022848,70027.66,0.039780,40221.01,0.062637,0.011334,0.023655,0.022848,0.120474,0.019959,2,179469,186259,1049689,596,0,0,0,842,0,0,0,639,0,0,0,319,0,0,0,456,0,0,0,2,0,0,0,16383583163262571523,5848395314976714254,5848395314976714254,4331355737479190340,13357781379570447392,15551111767258629229,0,0,0,0,0,0,0,0,0,0,0
24,10,1407,8,10,0.071798,19596.73,0.035402,39743.42,0.022939,61335.93,0.035021,40176.32,0.040670,34595.47,0.034759,40478.35,0.049653,28336.45,0.074522,0.013528,0.028009,0.034759,0.150817,0.017718,2,207219,213109,983167,603,0,0,0,881,0,0,0,438,0,0,0,294,0,0,0,444,0,0,0,8,0,0,0,5509348442446698171,4824407048733808775,4824407048733808775,3905914913148262810,3437760812333468254,321701812820716633,0,0,0,0,0,0,0,0,0,0,0
25,10,1499,8,10,0.064967,23073.34,0.033377,44911.16,0.024102,62193.65,0.026641,56267.45,0.038216,39224.14,0.027197,55117.05,0.049778,30113.72,0.066119,0.011505,0.021945,0.027197,0.126765,0.016744,2,172496,181036,832205,682,0,0,0,1181,0,0,0,695,0,0,0,382,0,0,0,417,0,0,0,17,0,0,0,13950594777921026771,14986479694034598785,14986479694034598785,4725353418457861101,12732561948791730906,1379549407195743762,0,0,0,0,0,0,0,0,0,0,0
26,10,1530,8,10,0.053842,28416.23,0.022163,69034.19,0.018801,81376.63,0.023772,64360.88,0.027439,55760.24,0.023277,65729.17,0.043941,34819.37,0.054820,0.011273,0.020573,0.023277,0.109943,0.017554,2,161963,175853,1018956,558,0,0,0,909,0,0,0,526,0,0,0,280,0,0,0,405,0,0,0,8,0,0,0,3860060433348377425,8458275960486624189,8458275960486624189,3258956682810256837,7629184245071592866,9238669171851834914,0,0,0,0,0,0,0,0,0,0,0
27,10,1455,8,10,0.061235,23761.03,0.029702,48986.81,0.023502,61910.71,0.025587,56865.88,0.033962,42841.66,0.028497,51058.24,0.042661,34105.79,0.062172,0.011168,0.019801,0.028497,0.121638,0.015524,3,166195,171225,793020,466,0,0,0,933,0,0,0,623,0,0,0,291,0,0,0,346,0,0,0,5,0,0,0,8188026604109083128,16397128712483995190,16397128712483995190,11263421219058072500,11273169655956459317,10080693303299633865,0,0,0,0,0,0,0,0,0,0,0
28,10,1368,8,10,0.057272,23885.87,0.024139,56671.94,0.021311,64193.39,0.028291,48354.59,0.031297,43709.86,0.029547,46298.91,0.041727,32784.21,0.058069,0.010425,0.010079,0.029547,0.108120,0.015719,9,153435,160095,1029447,550,0,0,0,929,0,0,0,371,0,0,0,257,0,0,0,211,0,0,0,4,0,0,0,12147015449085930350,6659810954127617273,6659810954127617273,7691095506701289136,16621511425933189102,8136803964461063729,0,0,0,0,0,0,0,0,0,0,0
29,10,1224,8,10,0.052403,23357.38,0.024308,50352.84,0.017348,70554.85,0.021938,55794.74,0.027948,43796.33,0.055883,21902.99,0.035127,34844.78,0.053409,0.010111,0.021814,0.055883,0.141216,0.012325,2,150424,153639,793134,295,0,0,0,586,0,0,0,331,0,0,0,181,0,0,0,27,0,0,0,3,0,0,0,16367493779300361217,4152380479656522537,4152380479656522537,13498116621170345997,11807100671100982038,16464371918814346310,0,0,0,0,0,0,0,0,0,0,1
30,10,1584,8,10,0.060678,26105.03,0.029521,53656.31,0.021783,72718.17,0.025922,61105.37,0.033295,47575.38,0.026843,59010.85,0.055259,28664.83,0.062031,0.011809,0.023546,0.026843,0.124228,0.022359,3,190577,252617,842729,960,0,0,0,1098,0,0,0,451,0,0,0,261,0,0,0,358,0,0,0,6,0,0,0,9668864883365742613,9022312646441187113,9022312646441187113,7484802881897727037,5320744445965210966,7433159249662685598,0,0,0,0,0,0,0,0,0,0,0
31,10,1409,8,10,0.063586,22158.92,0.038121,36961.58,0.031196,45165.77,0.031851,44237.21,0.040677,34639.03,0.031595,44595.36,0.040854,34488.63,0.064695,0.011548,0.021029,0.031595,0.128867,0.015730,2,158542,163092,838135,563,0,0,0,988,0,0,0,609,0,0,0,360,0,0,0,392,0,0,0,7,0,0,0,1811204626265132166,3142222119777410759,3142222119777410759,16715281892254167123,15517748035628069201,9806095074047153336,0,0,0,0,0,0,0,0,0,0,0
32,10,1492,8,10,0.124498,11984.16,0.083363,17897.68,0.062742,23779.86,0.070457,21176.03,0.088040,16946.77,0.043188,34546.58,0.109912,13574.44,0.125718,0.012581,0.025581,0.043188,0.207068,0.016687,2,177477,198052,1010972,490,0,0,0,525,0,0,0,452,0,0,0,309,0,0,0,311,0,0,0,5,0,0,0,14533078715255661041,14086742502550164796,14086742502550164796,13545857702621338218,14872421706412697129,163589509532514795,0,0,0,0,0,0,0,0,0,0,0
33,10,1451,8,10,0.081973,17701.02,0.044910,32308.77,0.028387,51115.07,0.043132,33641.23,0.049869,29096.31,0.046973,30889.91,0.064066,22648.42,0.083142,0.011774,0.012285,0.046973,0.154175,0.017124,9,184340,193625,1007098,767,0,0,0,1134,0,0,0,564,0,0,0,388,0,0,0,347,0,0,0,18,0,0,0,10399326146695413858,5054186620435258058,5054186620435258058,9462466805757412343,2097222383156130334,5226538734468239864,0,0,0,0,0,0,0,0,0,0,0
34,10,1341,8,10,0.069620,19261.59,0.030838,43485.30,0.022230,60324.78,0.027375,48985.98,0.036364,36876.70,0.027906,48053.50,0.046020,29139.51,0.070281,0.010916,0.021756,0.027906,0.130859,0.015123,2,165730,174180,773463,576,0,0,0,786,0,0,0,487,0,0,0,288,0,0,0,425,0,0,0,6,0,0,0,4994972936720271999,11365372385651968592,11365372385651968592,3598186538900398474,6605984942297756598,2695423283498830910,0,0,0,0,0,0,0,0,0,0,0
35,10,1207,8,10,0.056256,21455.33,0.026708,45193.26,0.019126,63108.86,0.018226,66225.75,0.028155,42870.21,0.022331,54050.01,0.037486,32198.60,0.057415,0.009199,0.019216,0.022331,0.108161,0.011038,2,135231,138566,1119042,414,0,0,0,638,0,0,0,439,0,0,0,241,0,0,0,328,0,0,0,6,0,0,0,10930153104774831491,8545092755272888287,8545092755272888287,13591198858382418133,6371249871451089075,3209884041167246967,0,0,0,0,0,0,0,0,0,0,0
36,10,1457,8,10,0.071524,20370.80,0.037480,38873.68,0.026643,54685.74,0.030251,48163.33,0.044072,33059.72,0.030320,48053.81,0.053663,27150.74,0.072773,0.011622,0.023653,0.030320,0.138368,0.015833,2,184591,219826,888583,669,0,0,0,1017,0,0,0,614,0,0,0,379,0,0,0,528,0,0,0,6,0,0,0,9948750156476239903,9745840287309871122,9745840287309871122,13295563904430320498,2166879136157775833,249030098082023432,0,0,0,0,0,0,0,0,0,0,0
37,10,1312,8,10,0.062545,20976.95,0.029232,44882.54,0.023209,56529.31,0.028866,45451.30,0.038344,34216.71,0.028504,46029.25,0.049247,26640.99,0.063712,0.011447,0.023642,0.028504,0.127305,0.013609,2,175190,181480,850130,680,0,0,0,999,0,0,0,491,0,0,0,264,0,0,0,338,0,0,0,7,0,0,0,15291333672981158956,13800141671080968392,13800141671080968392,16087521518104862913,18112894685783781984,7965132646360488906,0,0,0,0,0,0,0,0,0,0,0
38,10,1387,8,10,0.067389,20581.88,0.037927,36570.14,0.026620,52104.06,0.029899,46389.14,0.038768,35776.87,0.027823,49850.31,0.043581,31825.97,0.068233,0.012588,0.022668,0.027823,0.131312,0.016317,2,184155,187785,877507,751,0,0,0,1137,0,0,0,631,0,0,0,464,0,0,0,506,0,0,0,12,0,0,0,4992415972218355683,7543596419582268735,7543596419582268735,17176231725053645846,10666210789222981191,9691225365873560326,0,0,0,0,0,0,0,0,0,0,0
39,10,1261,8,10,0.075222,16763.81,0.044079,28607.55,0.031498,40034.57,0.042589,29608.92,0.050997,24727.01,0.041198,30608.12,0.055799,22599.06,0.076911,0.010554,0.019842,0.041198,0.148505,0.013108,2,167890,171160,853306,728,0,0,0,1351,0,0,0,582,0,0,0,392,0,0,0,454,0,0,0,12,0,0,0,10822924060633216594,17975840234514776795,17975840234514776795,3659532384500618227,1033225111727644293,9629937652707575384,0,0,0,0,0,0,0,0,0,0,0
40,10,1270,8,10,0.061679,20590.58,0.035739,35534.99,0.027121,46828.03,0.028010,45341.41,0.037939,33474.58,0.027585,46039.28,0.045326,28019.50,0.062789,0.011188,0.023210,0.027585,0.124773,0.012978,2,173310,177540,768227,749,0,0,0,1340,0,0,0,592,0,0,0,444,0,0,0,370,0,0,0,12,0,0,0,13523721431131468365,14283531109305841973,14283531109305841973,3490800512142245560,3027463614821904669,3922874918619106562,0,0,0,0,0,0,0,0,0,0,0
41,10,1596,8,10,0.076226,20937.65,0.045369,35177.85,0.028834,55350.60,0.048739,32745.71,0.051658,30895.24,0.048040,33222.60,0.062254,25636.74,0.076932,0.012159,0.019949,0.048040,0.157080,0.020368,3,167638,191533,1053977,717,0,0,0,1201,0,0,0,623,0,0,0,459,0,0,0,393,0,0,0,7,0,0,0,16954051356224093700,12794398271342872387,9474677622833683746,17914674582538346218,52687607979222816,11316035138104391248,0,0,0,0,0,0,0,0,0,0,0
42,10,1585,8,10,0.080352,19725.71,0.038306,41377.80,0.031851,49763.37,0.033576,47206.63,0.040457,39177.37,0.034858,45470.77,0.068967,22981.98,0.081566,0.015578,0.027767,0.034858,0.159769,0.022269,2,242880,320965,876668,1788,0,0,0,2091,0,0,0,630,0,0,0,348,0,0,0,423,0,0,0,83,0,0,0,6755567432827494443,3477725246931560851,3477725246931560851,1906985405049145574,8789064387948848589,14958600180517983453,0,0,0,0,0,0,0,0,0,0,0
43,10,1337,8,10,0.054014,24752.98,0.026047,51330.91,0.022396,59697.74,0.027695,48275.67,0.031396,42584.47,0.026531,50393.08,0.040848,32731.09,0.055216,0.010758,0.018510,0.026531,0.111015,0.013449,3,155535,173520,697977,796,0,0,0,1166,0,0,0,605,0,0,0,301,0,0,0,346,0,0,0,34,0,0,0,15160935496450839127,15160935496450839127,15160935496450839127,15387244052391261420,1260734651231265,13276570436254803464,0,0,0,0,0,0,0,0,0,0,0
44,10,1269,8,10,0.073532,17257.70,0.042646,29756.78,0.030636,41421.95,0.033137,38295.05,0.046021,27574.52,0.032735,38765.49,0.053372,23776.41,0.074732,0.011204,0.022999,0.032735,0.141671,0.013594,3,182714,188744,643831,854,0,0,0,1267,0,0,0,632,0,0,0,536,0,0,0,445,0,0,0,20,0,0,0,12189644936259832414,6666382823081680198,6666382823081680198,3952109079672001526,13892303396095270168,5339948286873968145,0,0,0,0,0,0,0,0,0,0,0
45,10,1402,8,10,0.068295,20528.44,0.028937,48450.13,0.022746,61636.44,0.031142,45019.83,0.039441,35546.64,0.031185,44957.07,0.050181,27938.80,0.069250,0.011173,0.020121,0.031185,0.131730,0.016501,3,165610,172070,811131,574,0,0,0,877,0,0,0,493,0,0,0,328,0,0,0,430,0,0,0,26,0,0,0,15725797479078239097,6330210969704963572,6330210969704963572,12959307616589288222,1915697667428586618,13840181773163497162,0,0,0,0,0,0,0,0,0,0,0
46,10,1513,8,10,0.081428,18580.74,0.040149,37684.78,0.025798,58647.70,0.040825,37060.77,0.048799,31004.62,0.041814,36183.75,0.065953,22940.62,0.082600,0.012286,0.023214,0.041814,0.159913,0.017367,2,187537,201017,954925,635,0,0,0,1009,0,0,0,620,0,0,0,312,0,0,0,372,0,0,0,1,0,0,0,4360015637969678823,10882480323815518968,10882480323815518968,11375891639535044636,6348638425655126337,6340593411057173794,0,0,0,0,0,0,0,0,0,0,0
47,10,1446,8,10,0.071491,20226.26,0.031067,46544.47,0.025279,57202.67,0.031270,46241.83,0.037662,38394.11,0.034782,41573.52,0.055688,25966.28,0.072386,0.012238,0.021978,0.034782,0.141385,0.017456,4,186795,204115,1129964,628,0,0,0,1076,0,0,0,635,0,0,0,331,0,0,0,282,0,0,0,6,0,0,0,10255959950159002486,3594975083395901227,3594975083395901227,17350103040035880885,1590321980514652759,16276321147918886051,0,0,0,0,0,0,0,0,0,0,0
48,10,1364,8,10,0.056127,24302.02,0.025142,54251.06,0.018932,72046.58,0.020562,66337.36,0.029146,46798.73,0.025571,53342.61,0.037604,36272.43,0.056793,0.010556,0.012949,0.025571,0.105868,0.016602,6,154496,159111,876979,434,0,0,0,688,0,0,0,520,0,0,0,285,0,0,0,360,0,0,0,6,0,0,0,14536337357973729077,10107967753100520233,10107967753100520233,840405962067467440,15895088690655601119,6055958827351408504,0,0,0,0,0,0,0,0,0,0,0
49,10,1284,8,10,0.054299,23646.87,0.025361,50629.27,0.023160,55439.59,0.027745,46278.54,0.031139,41234.85,0.026812,47888.29,0.039719,32326.84,0.055308,0.010269,0.018340,0.026812,0.110729,0.013363,3,153204,158979,987846,549,0,0,0,970,0,0,0,499,0,0,0,293,0,0,0,297,0,0,0,3,0,0,0,1016888554037558716,6649892020016725056,6649892020016725056,16422388423630638836,4937022064942288230,13740182695470662281,0,0,0,0,0,0,0,0,0,0,0
50,10,1366,8,10,0.070371,19411.44,0.032649,41838.96,0.023074,59200.70,0.027433,49794.73,0.038560,35425.55,0.033253,41078.70,0.049137,27799.99,0.073179,0.011743,0.024759,0.033253,0.142934,0.017366,2,185349,192439,903033,535,0,0,0,904,0,0,0,700,0,0,0,395,0,0,0,481,0,0,0,11,0,0,0,7716066438551396799,11134422896618619566,11134422896618619566,17744746929298042016,16437087610042488178,180674268892387905,0,0,0,0,0,0,0,0,0,0,0
51,10,1360,8,10,0.056437,24097.59,0.026287,51736.80,0.020304,66980.88,0.023485,57908.46,0.028151,48311.46,0.023589,57654.39,0.036595,37163.53,0.058325,0.010099,0.017954,0.023589,0.109967,0.014200,4,153181,159141,1196229,534,0,0,0,900,0,0,0,599,0,0,0,227,0,0,0,357,0,0,0,1,0,0,0,16581053162103136053,9938100592195066449,9938100592195066449,3171859837083272799,2973349882891340626,5110754270222882298,0,0,0,0,0,0,0,0,0,0,0
52,10,1324,8,10,0.070942,18663.12,0.036969,35813.57,0.026900,49218.90,0.031062,42623.93,0.041543,31870.24,0.031383,42188.51,0.049916,26524.61,0.072200,0.011655,0.022697,0.031383,0.137935,0.014139,3,178410,185690,753852,624,0,0,0,1115,0,0,0,773,0,0,0,347,0,0,0,404,0,0,0,5,0,0,0,17589995379681877591,14859794620089308639,14859794620089308639,18209125249587110267,17433988353241024180,1171562130635042634,0,0,0,0,0,0,0,0,0,0,0
53,10,1333,8,10,0.056120,23752.47,0.025419,52440.85,0.023452,56839.13,0.025736,51794.46,0.031182,42749.07,0.027457,48548.39,0.036019,37007.75,0.057042,0.010986,0.020792,0.027457,0.116277,0.013945,3,163430,165900,978556,471,0,0,0,962,0,0,0,597,0,0,0,360,0,0,0,463,0,0,0,15,0,0,0,15845488684648453517,3285386374439357068,3285386374439357068,5051613236363084257,6961714311328329155,9253680030289696072,0,0,0,0,0,0,0,0,0,0,0
54,10,1321,8,10,0.063503,20802.17,0.031339,42151.46,0.025296,52222.49,0.033634,39275.81,0.037260,35453.38,0.036536,36156.55,0.044845,29457.16,0.064521,0.010864,0.010883,0.036536,0.122804,0.013519,9,158815,161910,853256,430,0,0,0,945,0,0,0,536,0,0,0,252,0,0,0,230,0,0,0,9,0,0,0,2733417980800517471,6038528095117384945,6038528095117384945,13700774030199924760,4312078005943962810,14248398423706825937,0,0,0,0,0,0,0,0,0,0,0
55,10,1449,8,10,0.060866,23806.42,0.026913,53840.71,0.024092,60144.02,0.029726,48745.78,0.032922,44012.96,0.027534,52625.25,0.042795,33859.30,0.062381,0.011855,0.021914,0.027534,0.123684,0.016599,2,173360,181180,1068434,625,0,0,0,1148,0,0,0,557,0,0,0,337,0,0,0,421,0,0,0,8,0,0,0,12705588257842962885,8673656452786822267,8673656452786822267,8714144719425336154,15135902553626581940,8014219388558263383,0,0,0,0,0,0,0,0,0,0,0
56,10,1466,8,10,0.075965,19298.45,0.036999,39623.22,0.033849,43309.58,0.039645,36978.48,0.044549,32907.71,0.040447,36244.52,0.054352,26972.51,0.076825,0.011408,0.021792,0.040447,0.150472,0.019217,2,171736,181281,1246451,677,0,0,0,1202,0,0,0,613,0,0,0,397,0,0,0,527,0,0,0,6,0,0,0,3506426693310876997,13685323139926669122,13685323139926669122,13068542146805236081,14573921878499955675,7245410041486848911,0,0,0,0,0,0,0,0,0,0,0
57,10,1157,8,10,0.059689,19383.79,0.028834,40126.80,0.026711,43314.74,0.029412,39337.52,0.034139,33890.38,0.028761,40227.84,0.037233,31074.53,0.060560,0.011368,0.018093,0.028761,0.118782,0.012220,4,162330,165845,888108,605,0,0,0,1131,0,0,0,612,0,0,0,422,0,0,0,469,0,0,0,6,0,0,0,14635980784843371712,1677627548797133576,1677627548797133576,9681788306434742725,11774793622176502241,4125036981577105086,0,0,0,0,0,0,0,0,0,0,0
58,10,1280,8,10,0.058494,21882.76,0.023074,55473.42,0.019893,64345.33,0.025091,51014.57,0.028509,44897.59,0.025668,49866.61,0.037269,34344.46,0.059028,0.010768,0.019185,0.025668,0.114649,0.013425,3,157846,161446,1036383,385,0,0,0,739,0,0,0,547,0,0,0,270,0,0,0,305,0,0,0,5,0,0,0,6476376342150983250,10539209397163542414,10539209397163542414,15321917264589250307,11424913268109339251,9464601688311163024,0,0,0,0,0,0,0,0,0,0,0
59,10,1319,8,10,0.055715,23674.00,0.024118,54689.39,0.019683,67011.87,0.024520,53791.88,0.028816,45772.95,0.025988,50753.44,0.039685,33236.77,0.057432,0.010116,0.011749,0.025988,0.105285,0.013610,8,153067,169272,943677,687,0,0,0,948,0,0,0,418,0,0,0,248,0,0,0,249,0,0,0,15,0,0,0,9312304487150565414,15529213954306055886,15529213954306055886,79507494985602180,17389560366284086087,79507494985602180,0,0,0,0,0,0,0,0,0,0,0
60,10,1376,8,10,0.060590,22710.14,0.026133,52654.70,0.022557,61000.67,0.026664,51604.97,0.030466,45165.71,0.029834,46122.26,0.041599,33077.61,0.061568,0.010868,0.013814,0.029834,0.116084,0.015625,9,163231,174846,993032,617,0,0,0,967,0,0,0,482,0,0,0,285,0,0,0,313,0,0,0,2,0,0,0,609125303395714931,5340900693824186853,5340900693824186853,4050042440753047317,16160615426518895919,13774843839471814598,0,0,0,0,0,0,0,0,0,0,0
61,10,1410,8,10,0.069291,20349.06,0.033305,42335.44,0.029657,47544.14,0.034065,41391.59,0.036443,38691.01,0.034708,40624.87,0.050361,27997.59,0.070224,0.013590,0.022053,0.034708,0.140575,0.016443,4,196803,202838,850178,747,0,0,0,1346,0,0,0,588,0,0,0,329,0,0,0,401,0,0,0,10,0,0,0,13231047939220192146,13231047939220192146,13231047939220192146,3242902633537701099,150801405216860627,9478809727340761506,0,0,0,0,0,0,0,0,0,0,0
62,10,1342,8,10,0.074966,17901.41,0.034740,38629.62,0.029322,45768.46,0.033858,39635.60,0.040849,32852.36,0.033624,39911.95,0.052156,25730.59,0.075936,0.013617,0.025001,0.033624,0.148177,0.015713,2,213183,217608,894982,822,0,0,0,1255,0,0,0,765,0,0,0,555,0,0,0,564,0,0,0,21,0,0,0,5505385762473182098,14514105818825634864,14514105818825634864,15717866894226878865,1782450181656623464,7911089411591070748,0,0,0,0,0,0,0,0,0,0,0
63,10,1727,8,10,0.065916,26200.12,0.029932,57696.88,0.025444,67873.88,0.028996,59559.58,0.035827,48203.84,0.033308,51849.33,0.062135,27794.51,0.067377,0.013384,0.014085,0.033308,0.128154,0.022175,8,196379,288439,843506,1047,0,0,0,1540,0,0,0,710,0,0,0,324,0,0,0,285,0,0,0,15,0,0,0,2087306367864381874,10462584256971458400,10462584256971458400,17502589990844594417,10004529421382770215,14807167761234722013,0,0,0,0,0,0,0,0,0,0,0
64,10,1445,8,10,0.068283,21161.98,0.031178,46347.17,0.028250,51150.21,0.032048,45089.17,0.037590,38440.83,0.031373,46058.65,0.049226,29354.48,0.069348,0.012847,0.023527,0.031373,0.137094,0.017368,2,208037,218817,892448,880,0,0,0,1382,0,0,0,771,0,0,0,407,0,0,0,512,0,0,0,24,0,0,0,10410103003920674959,13555372853801335070,13555372853801335070,6380470840599088052,3661464677141636354,10871890156429659940,0,0,0,0,0,0,0,0,0,0,0
65,10,1344,8,10,0.080273,16742.79,0.041025,32760.84,0.033335,40318.41,0.039170,34311.62,0.045652,29440.37,0.038669,34756.33,0.059756,22491.51,0.082128,0.012496,0.025622,0.038669,0.158915,0.014974,2,207109,212539,972011,665,0,0,0,1171,0,0,0,571,0,0,0,388,0,0,0,428,0,0,0,12,0,0,0,11030695017248443811,11030695017248443811,11030695017248443811,9707968190637447112,14375065934104762975,10344544646735255418,0,0,0,0,0,0,0,0,0,0,0
66,10,1319,8,10,0.059517,22161.68,0.023189,56881.19,0.019502,67633.74,0.023820,55373.64,0.028871,45686.49,0.023356,56474.07,0.037989,34720.95,0.060406,0.010425,0.020688,0.023356,0.114875,0.012808,2,146796,150391,1071480,422,0,0,0,765,0,0,0,608,0,0,0,287,0,0,0,480,0,0,0,13,0,0,0,5593376835542978439,4791110205241349696,4791110205241349696,8426231890447368685,12238348919440087870,5517491003039348742,0,0,0,0,0,0,0,0,0,0,0
67,10,1262,8,10,0.069362,18194.41,0.036489,34586.15,0.028251,44670.88,0.028222,44716.42,0.038333,32921.65,0.026500,47623.37,0.045194,27924.13,0.070763,0.011088,0.021103,0.026500,0.129452,0.015352,2,154800,158110,1228313,614,0,0,0,1115,0,0,0,651,0,0,0,446,0,0,0,503,0,0,0,4,0,0,0,11362275338594286965,16355701329877755802,16355701329877755802,4701189775433983799,14430362917578192743,2291190996205325754,0,0,0,0,0,0,0,0,0,0,0
68,10,1490,8,10,0.071217,20922.00,0.032569,45748.80,0.022676,65708.26,0.029756,50073.21,0.039017,38188.53,0.028104,53016.95,0.056289,26470.73,0.072019,0.011033,0.021463,0.028104,0.132619,0.018566,3,164469,179334,1064045,712,0,0,0,987,0,0,0,548,0,0,0,284,0,0,0,418,0,0,0,7,0,0,0,12529455575593492703,14707372474270984649,14707372474270984649,17961000528615434034,15599032810847393377,608343252228882955,0,0,0,0,0,0,0,0,0,0,0
69,10,1345,8,10,0.080992,16606.49,0.042120,31932.48,0.025794,52143.98,0.024519,54855.41,0.044630,30136.54,0.029828,45092.17,0.060992,22051.96,0.082364,0.010451,0.018734,0.029828,0.141378,0.015229,3,154682,163072,1159370,589,0,0,0,900,0,0,0,518,0,0,0,318,0,0,0,419,0,0,0,3,0,0,0,10505457679750280009,11456278499550948975,11456278499550948975,992939746911695957,1870586285979022642,12402503681662217466,0,0,0,0,0,0,0,0,0,0,0
70,10,1160,8,10,0.073929,15690.79,0.037690,30777.49,0.024296,47743.89,0.026519,43741.69,0.041593,27889.06,0.031005,37413.23,0.056940,20372.39,0.075019,0.009776,0.018845,0.031005,0.134645,0.011172,2,149541,152926,1318334,487,0,0,0,744,0,0,0,480,0,0,0,218,0,0,0,306,0,0,0,10,0,0,0,5610161442431178342,13308627958556375861,13308627958556375861,7824216184979505303,1411594106950529914,11219066740347769770,0,0,0,0,0,0,0,0,0,0,0
71,10,1199,8,10,0.057439,20874.32,0.027378,43794.04,0.022537,53200.53,0.025899,46294.75,0.033230,36081.72,0.027594,43451.39,0.040612,29523.36,0.058661,0.010381,0.015758,0.027594,0.112393,0.011519,3,138627,141922,1005877,506,0,0,0,893,0,0,0,571,0,0,0,318,0,0,0,410,0,0,0,7,0,0,0,5559787471966269466,4467822700955436414,4467822700955436414,11999895209836980671,18306185325459048550,670862737676238724,0,0,0,0,0,0,0,0,0,0,0
72,10,1229,8,10,0.064327,19105.36,0.033509,36676.58,0.024251,50677.37,0.026174,46955.11,0.039115,31419.82,0.032882,37375.60,0.047475,25887.17,0.065571,0.010297,0.020914,0.032882,0.129665,0.012531,2,149277,154042,925855,529,0,0,0,825,0,0,0,444,0,0,0,290,0,0,0,281,0,0,0,3,0,0,0,10607766578256937855,8367011648482386547,8367011648482386547,12143439759934590801,10909844701121984815,12143439759934590801,0,0,0,0,0,0,0,0,0,0,0
73,10,1226,8,10,0.059071,20754.67,0.024520,50000.49,0.021889,56008.78,0.027032,45353.35,0.031099,39422.36,0.028428,43126.24,0.040429,30324.74,0.060410,0.010120,0.013505,0.028428,0.112463,0.012202,6,149015,152380,1160796,494,0,0,0,834,0,0,0,471,0,0,0,271,0,0,0,287,0,0,0,4,0,0,0,12801546183512657513,9830227007573639278,9830227007573639278,6635545045331456913,9216765396223882895,15804565826746631618,0,0,0,0,0,0,0,0,0,0,0
74,10,1393,8,10,0.055809,24960.14,0.023987,58073.29,0.019596,71085.04,0.023108,60281.37,0.027150,51307.90,0.022858,60942.51,0.051185,27215.23,0.056788,0.011370,0.020536,0.022858,0.111551,0.015771,3,179061,219421,1109575,1133,0,0,0,1490,0,0,0,396,0,0,0,213,0,0,0,397,0,0,0,26,0,0,0,16278309280092350182,16343700359551584394,16343700359551584394,9122586387612774228,15541869409624312972,14226983491162142386,0,0,0,0,0,0,0,0,0,0,0
75,10,1863,8,10,0.078950,23597.29,0.042931,43395.64,0.024494,76058.87,0.041008,45429.81,0.048497,38414.62,0.040464,46041.29,0.072239,25789.53,0.080003,0.013523,0.019724,0.040464,0.153715,0.028303,4,203829,285299,1300467,1470,0,0,0,1467,0,0,0,447,0,0,0,300,0,0,0,438,0,0,0,22,0,0,0,10669944290296610589,12995900422766808136,12995900422766808136,9609220924056685773,2008297560697982975,16713447989087243302,0,0,0,0,0,0,0,0,0,0,0
76,10,1215,8,10,0.052363,23203.19,0.021024,57791.95,0.017533,69296.03,0.022466,54080.80,0.025493,47661.05,0.022377,54296.08,0.035039,34676.09,0.053222,0.009376,0.016310,0.022377,0.101285,0.011399,3,142936,146111,836886,382,0,0,0,715,0,0,0,473,0,0,0,293,0,0,0,298,0,0,0,4,0,0,0,2878409080312490319,2189960729989767632,2189960729989767632,3185969351956858450,9052748854627971402,13352541914771263439,0,0,0,0,0,0,0,0,0,0,0
77,10,1215,8,10,0.053817,22576.30,0.024123,50366.13,0.019123,63535.82,0.023006,52812.69,0.027331,44454.58,0.023004,52816.80,0.036053,33700.65,0.054544,0.009415,0.020390,0.023004,0.107352,0.013060,3,144780,147955,1152682,399,0,0,0,755,0,0,0,472,0,0,0,229,0,0,0,345,0,0,0,8,0,0,0,14888968360932954488,3195544590888687175,3195544590888687175,9516399565387668949,11664259722181088859,9516399565387668949,0,0,0,0,0,0,0,0,0,0,0
78,10,1394,8,10,0.069894,19944.37,0.036159,38551.59,0.022709,61384.39,0.024208,57584.20,0.039511,35281.46,0.024623,56614.44,0.053953,25837.45,0.070915,0.011574,0.020083,0.024623,0.127194,0.014536,2,163276,169201,1150320,465,0,0,0,612,0,0,0,463,0,0,0,253,0,0,0,291,0,0,0,0,0,0,0,618493562987787155,15073489537722450289,15073489537722450289,11840158965100412126,15194135243481333224,3940532098212839403,0,0,0,0,0,0,0,0,0,0,0
79,10,1203,8,10,0.064591,18624.96,0.033783,35610.01,0.019736,60953.24,0.022077,54492.17,0.037346,32212.37,0.026553,45306.09,0.047112,25534.74,0.065921,0.010019,0.020266,0.026553,0.122758,0.011595,2,151273,154333,747280,482,0,0,0,650,0,0,0,545,0,0,0,308,0,0,0,604,0,0,0,4,0,0,0,11819202866309915761,17878392368487791287,17878392368487791287,17188345174054705541,17357215412043027188,1031772435928608368,0,0,0,0,0,0,0,0,0,0,0
80,10,1195,8,10,0.052894,22592.45,0.020531,58204.03,0.017484,68346.36,0.024160,49461.67,0.028700,41637.48,0.025227,47370.49,0.037186,32135.89,0.054034,0.009496,0.017826,0.025227,0.106582,0.011429,3,142132,144512,981769,389,0,0,0,745,0,0,0,478,0,0,0,253,0,0,0,297,0,0,0,10,0,0,0,17985322459020441761,11183158793484253665,11183158793484253665,7340584519058443202,3921234461962318168,17667814823537035957,0,0,0,0,0,0,0,0,0,0,0
81,10,1398,8,10,0.060082,23268.16,0.024765,56451.20,0.019854,70412.32,0.024340,57435.64,0.028116,49723.12,0.025627,54550.88,0.039804,35122.02,0.060912,0.011287,0.020288,0.025627,0.118114,0.016208,4,179767,185257,837736,482,0,0,0,794,0,0,0,606,0,0,0,265,0,0,0,479,0,0,0,8,0,0,0,1554185136310315784,15358306274794456496,15358306274794456496,11193193293655172510,15913264092338281772,8815098863661334368,0,0,0,0,0,0,0,0,0,0,0
82,10,1381,8,10,0.067898,20339.41,0.027810,49657.67,0.023412,58985.91,0.030766,44887.22,0.034423,40118.37,0.030343,45513.12,0.047213,29250.42,0.068884,0.012542,0.023966,0.030343,0.135736,0.016113,2,184291,189091,1028796,524,0,0,0,952,0,0,0,652,0,0,0,340,0,0,0,620,0,0,0,11,0,0,0,13769046832108115528,776420569296891455,776420569296891455,2491975012091570871,9193604083721369012,2491975012091570871,0,0,0,0,0,0,0,0,0,0,0
83,10,1259,8,10,0.057734,21807.03,0.024675,51022.35,0.022199,56714.33,0.024124,52188.88,0.029319,42940.92,0.022255,56571.08,0.035329,35636.04,0.058219,0.010948,0.020766,0.022255,0.112188,0.013455,2,162749,165119,765153,426,0,0,0,828,0,0,0,647,0,0,0,396,0,0,0,461,0,0,0,11,0,0,0,6627658525740667270,6682172226570823749,6682172226570823749,11829214573713219279,5498322138802575062,11773292263804920994,0,0,0,0,0,0,0,0,0,0,0
84,10,1236,8,10,0.066613,18554.90,0.032342,38217.09,0.028703,43061.77,0.034636,35685.62,0.039627,31190.56,0.032323,38239.30,0.045976,26883.51,0.067662,0.010956,0.019766,0.032323,0.130707,0.013454,2,163674,167389,988172,605,0,0,0,1331,0,0,0,694,0,0,0,453,0,0,0,581,0,0,0,5,0,0,0,1412897098525453203,8100391632716741232,8100391632716741232,4748963168312629712,6266641870264960090,5888935579898027947,0,0,0,0,0,0,0,0,0,0,0
85,10,1336,8,10,0.065417,20422.94,0.027863,47949.62,0.024982,53478.42,0.029120,45879.20,0.033368,40038.69,0.027208,49102.77,0.040036,33369.66,0.066475,0.012716,0.024096,0.027208,0.130495,0.015405,2,184333,188328,782304,537,0,0,0,1071,0,0,0,641,0,0,0,366,0,0,0,449,0,0,0,8,0,0,0,1636358544446604850,2555653592608297865,2555653592608297865,8028898002682942906,10439959018898244848,16043341483355293012,0,0,0,0,0,0,0,0,0,0,0
86,10,1471,8,10,0.062518,23529.36,0.026245,56048.51,0.024528,59972.65,0.029337,50140.81,0.035582,41341.67,0.028813,51053.19,0.043415,33882.42,0.063393,0.011119,0.023563,0.028813,0.126889,0.016834,2,178494,183129,918355,529,0,0,0,982,0,0,0,659,0,0,0,391,0,0,0,390,0,0,0,6,0,0,0,4810015194011461128,8473798376570562020,8473798376570562020,15556782325793902958,17104795933730444936,15233089431323280193,0,0,0,0,0,0,0,0,0,0,0
87,10,1327,8,10,0.074948,17705.64,0.031923,41569.13,0.023293,56968.97,0.029893,44391.48,0.036872,35989.26,0.030189,43955.90,0.050835,26104.20,0.076229,0.013708,0.026423,0.030189,0.146548,0.015215,2,215065,218110,852170,474,0,0,0,859,0,0,0,547,0,0,0,370,0,0,0,394,0,0,0,5,0,0,0,8201649088183718762,14965703850445613746,14965703850445613746,14540448166912501331,9616976795062252180,10952357931594865312,0,0,0,0,0,0,0,0,0,0,0
88,10,1377,8,10,0.081275,16942.44,0.046333,29719.85,0.040938,33636.03,0.041876,32882.42,0.045532,30242.76,0.033191,41486.96,0.055134,24975.71,0.082289,0.012941,0.025838,0.033191,0.154259,0.017295,2,214761,221786,921089,1106,0,0,0,1725,0,0,0,723,0,0,0,478,0,0,0,635,0,0,0,21,0,0,0,9824605442614007176,149481930990501408,149481930990501408,17517823091891037665,4729348070090561687,15558718100905076004,0,0,0,0,0,0,0,0,0,0,0
89,10,1436,8,10,0.077171,18607.95,0.036763,39061.01,0.029779,48221.87,0.036744,39081.39,0.047035,30530.39,0.045101,31839.37,0.054323,26434.72,0.078003,0.012512,0.011035,0.045101,0.146652,0.018151,10,184124,189349,898531,815,0,0,0,1405,0,0,0,763,0,0,0,430,0,0,0,372,0,0,0,7,0,0,0,12422637175279865866,7997380754737794214,7997380754737794214,12921456574942089946,17869038560749256829,12921456574942089946,0,0,0,0,0,0,0,0,0,0,0
90,10,1752,8,10,0.065101,26912.11,0.028816,60799.10,0.023919,73247.08,0.029469,59452.51,0.033416,52429.38,0.029552,59286.13,0.055408,31620.11,0.066282,0.013382,0.023871,0.029552,0.133086,0.025724,4,209343,290653,1046180,1044,0,0,0,1339,0,0,0,585,0,0,0,341,0,0,0,480,0,0,0,6,0,0,0,10285336885261820957,6346823190275100183,6346823190275100183,9695703638229376581,1494409777158374307,7955403479917140630,0,0,0,0,0,0,0,0,0,0,0
91,10,1327,8,10,0.059521,22294.73,0.029634,44780.30,0.026487,50099.69,0.030327,43756.64,0.034173,38832.36,0.028127,47178.21,0.037273,35602.32,0.060341,0.011197,0.021250,0.028127,0.120916,0.014492,2,166884,170229,806508,524,0,0,0,903,0,0,0,551,0,0,0,307,0,0,0,386,0,0,0,6,0,0,0,17851939703328224189,14973811815445044260,14973811815445044260,11343195079977294192,15360793649338141674,6559950401923941371,0,0,0,0,0,0,0,0,0,0,0
92,10,1446,8,10,0.072294,20001.74,0.035820,40368.84,0.025837,55967.13,0.037458,38603.38,0.042361,34134.95,0.040216,35956.24,0.049176,29404.86,0.073491,0.011763,0.011653,0.040216,0.137123,0.016758,9,173847,179077,1126550,650,0,0,0,1065,0,0,0,604,0,0,0,350,0,0,0,350,0,0,0,16,0,0,0,9402420984783688461,10149572557959991514,10149572557959991514,11191703205884278327,14271382736189350512,16184288276092293394,0,0,0,0,0,0,0,0,0,0,0
93,10,1370,8,10,0.060271,22730.54,0.025762,53179.38,0.023287,58830.23,0.028598,47905.21,0.031286,43789.63,0.028555,47978.28,0.036601,37430.85,0.061048,0.011401,0.023762,0.028555,0.124765,0.015418,2,169147,172012,808461,452,0,0,0,960,0,0,0,752,0,0,0,335,0,0,0,456,0,0,0,6,0,0,0,12568798432381788628,3403891675261904532,3403891675261904532,11493313253131616855,16100146508416627038,17424910692538515226,0,0,0,0,0,0,0,0,0,0,0
94,10,1367,8,10,0.066687,20498.81,0.028568,47851.38,0.022786,59993.96,0.031007,44086.84,0.037218,36729.44,0.030082,45442.30,0.047329,28882.73,0.067621,0.011307,0.023367,0.030082,0.132377,0.016774,2,178128,184778,830610,532,0,0,0,844,0,0,0,694,0,0,0,355,0,0,0,518,0,0,0,7,0,0,0,15662498075532806055,9354564249599410584,9354564249599410584,8002313399232319626,8277730075986215320,9760236713230323064,0,0,0,0,0,0,0,0,0,0,0
95,10,1520,8,10,0.071200,21348.22,0.031760,47858.93,0.027736,54802.41,0.031536,48199.54,0.036644,41480.04,0.035393,42946.55,0.050272,30235.34,0.072692,0.012130,0.011810,0.035393,0.132025,0.017844,9,173746,184206,852565,616,0,0,0,947,0,0,0,620,0,0,0,369,0,0,0,291,0,0,0,11,0,0,0,12625995260439291730,12333341862970021249,12333341862970021249,12120730167575323599,9020316635719658246,11379580615047061413,0,0,0,0,0,0,0,0,0,0,0
96,10,1344,8,10,0.070271,19126.02,0.035177,38206.71,0.023911,56208.52,0.026776,50194.39,0.039751,33810.21,0.035550,37806.01,0.050889,26410.26,0.071334,0.010193,0.012018,0.035550,0.129095,0.014579,7,156108,164368,1028397,529,0,0,0,873,0,0,0,588,0,0,0,285,0,0,0,313,0,0,0,10,0,0,0,16214718362864215017,583239418944746757,583239418944746757,16111673022277391371,3188757361119374851,16111673022277391371,0,0,0,0,0,0,0,0,0,0,0
97,10,1406,8,10,0.067278,20898.26,0.034216,41092.00,0.023680,59375.10,0.027537,51057.68,0.037674,37320.64,0.027752,50662.33,0.046846,30013.13,0.068536,0.012089,0.022511,0.027752,0.130888,0.017191,2,183911,188026,953882,480,0,0,0,882,0,0,0,670,0,0,0,344,0,0,0,458,0,0,0,8,0,0,0,3109099045780148238,7748206506781125689,7748206506781125689,1009709108088822470,10619444275400702978,5990308263344581273,0,0,0,0,0,0,0,0,0,0,0
98,10,1266,8,10,0.061986,20423.89,0.030081,42085.80,0.022590,56043.67,0.025449,49747.07,0.034207,37010.12,0.032709,38704.99,0.042149,30036.54,0.063539,0.010262,0.011778,0.032709,0.118289,0.015464,8,156392,160312,871172,471,0,0,0,946,0,0,0,600,0,0,0,317,0,0,0,298,0,0,0,4,0,0,0,13518950356077291332,1393780033279182534,1393780033279182534,16029799585793440178,9620977741810796734,14165652140701307853,0,0,0,0,0,0,0,0,0,0,0
99,10,1286,8,10,0.056897,22602.25,0.025360,50709.66,0.020821,61764.37,0.023901,53805.73,0.028994,44353.85,0.024824,51804.20,0.036369,35360.07,0.057801,0.010730,0.020259,0.024824,0.113614,0.013249,4,163763,168828,933386,406,0,0,0,725,0,0,0,458,0,0,0,249,0,0,0,331,0,0,0,5,0,0,0,14229000859014533969,18230668608561230765,18230668608561230765,10566950219010786252,14503168194694059538,11394810367896908352,0,0,0,0,0,0,0,0,0,0,0
100,10,1256,8,10,0.050292,24974.40,0.021892,57372.70,0.018904,66440.23,0.022839,54992.82,0.025361,49524.67,0.024069,52183.45,0.034877,36011.93,0.050943,0.009883,0.012558,0.024069,0.097453,0.013113,5,146063,150633,1006761,357,0,0,0,699,0,0,0,373,0,0,0,188,0,0,0,250,0,0,0,4,0,0,0,16026491268965112223,7682484700091487832,7682484700091487832,17634347657016853364,14631772980508802658,9080142196972139268,0,0,0,0,0,0,0,0,0,0,0
101,10,1289,8,10,0.068221,18894.39,0.036572,35245.48,0.027566,46760.91,0.037839,34065.53,0.042224,30527.79,0.064091,20111.92,0.051106,25222.25,0.068850,0.009833,0.017008,0.064091,0.159782,0.013015,3,141467,145457,1476719,451,0,0,0,724,0,0,0,605,0,0,0,190,0,0,0,70,0,0,0,4,0,0,0,7495648750078461542,4038657437222284566,4038657437222284566,5961422956445972370,5801990003901415203,5961422956445972370,0,0,0,0,0,0,0,0,0,0,1
102,10,1297,8,10,0.065881,19686.93,0.027345,47431.32,0.024132,53746.22,0.030330,42762.25,0.034252,37866.71,0.032321,40128.77,0.046934,27634.31,0.066768,0.011926,0.021441,0.032321,0.132456,0.018072,3,189766,195036,964512,780,0,0,0,961,0,0,0,644,0,0,0,300,0,0,0,469,0,0,0,20,0,0,0,17374079160456790498,17374079160456790498,17374079160456790498,16212126617397487152,4337673017777741508,7413852805529017227,0,0,0,0,0,0,0,0,0,0,0
103,10,1288,8,10,0.069185,18616.88,0.032105,40118.85,0.023174,55579.98,0.027796,46336.95,0.036351,35432.30,0.035877,35900.07,0.045021,28609.04,0.069846,0.010253,0.009425,0.035877,0.125401,0.012898,10,150084,153459,1094910,528,0,0,0,940,0,0,0,598,0,0,0,357,0,0,0,343,0,0,0,4,0,0,0,15888810178086515948,15888810178086515948,15888810178086515948,16153393342733240108,4648770920051795298,7233617560507925572,0,0,0,0,0,0,0,0,0,0,0
104,10,1613,8,10,0.053937,29905.47,0.022435,71895.45,0.020111,80206.32,0.021600,74674.47,0.026305,61319.28,0.022436,71892.80,0.047331,34079.33,0.055105,0.011492,0.021404,0.022436,0.110437,0.020074,3,167817,221407,859097,817,0,0,0,1140,0,0,0,462,0,0,0,247,0,0,0,364,0,0,0,8,0,0,0,10129124763554776486,16138495551493057157,16138495551493057157,12638322640043146975,2112080740953943083,15404635818897634385,0,0,0,0,0,0,0,0,0,0,0
105,10,1735,8,10,0.057415,30218.68,0.027117,63982.27,0.023225,74703.48,0.025866,67077.09,0.032087,54072.24,0.025617,67728.51,0.047807,36291.82,0.058584,0.012363,0.023625,0.025617,0.120188,0.022460,2,186744,227489,955202,1028,0,0,0,1459,0,0,0,546,0,0,0,340,0,0,0,534,0,0,0,5,0,0,0,8625576786740970698,7336795889342494019,7336795889342494019,7465346181664107637,5231683134956928965,18359287695077242552,0,0,0,0,0,0,0,0,0,0,0
106,10,1351,8,10,0.073632,18348.01,0.043044,31386.77,0.027973,48295.74,0.025866,52229.80,0.043328,31180.60,0.026292,51384.02,0.055978,24134.33,0.074918,0.010722,0.021608,0.026292,0.133540,0.014099,2,161164,166959,1015555,578,0,0,0,851,0,0,0,545,0,0,0,324,0,0,0,350,0,0,0,6,0,0,0,12770878442611919880,6791265138134759412,6791265138134759412,14437377814210589421,108357222150716475,5466000927652078693,0,0,0,0,0,0,0,0,0,0,0
107,10,1340,8,10,0.065027,20606.75,0.031594,42412.99,0.027283,49114.91,0.023335,57424.58,0.036297,36917.70,0.023484,57060.07,0.048661,27537.22,0.066024,0.010542,0.024504,0.023484,0.124554,0.014126,2,156604,161754,927882,572,0,0,0,986,0,0,0,495,0,0,0,312,0,0,0,417,0,0,0,8,0,0,0,13457120704150613614,8457734263473393771,8457734263473393771,17175455482844572815,6072469091411104084,13369561835786567162,0,0,0,0,0,0,0,0,0,0,0
108,10,1544,8,10,0.073902,20892.57,0.034850,44303.53,0.022345,69098.74,0.044018,35076.92,0.048395,31904.04,0.042709,36151.23,0.057746,26737.68,0.075048,0.011569,0.020581,0.042709,0.149908,0.018040,3,166785,175085,1008544,598,0,0,0,911,0,0,0,487,0,0,0,309,0,0,0,309,0,0,0,3,0,0,0,13586928836004194946,15980655029723949841,15980655029723949841,13111346892798374206,7226332042618251945,13111346892798374206,0,0,0,0,0,0,0,0,0,0,0
109,10,1512,8,10,0.070515,21442.15,0.036963,40906.01,0.024278,62277.79,0.022564,67010.38,0.039449,38327.91,0.025786,58637.43,0.053981,28009.71,0.071764,0.011410,0.021763,0.025786,0.130723,0.017994,2,170208,185628,883021,658,0,0,0,887,0,0,0,573,0,0,0,259,0,0,0,525,0,0,0,5,0,0,0,5707301409356851121,11195986034961525302,11195986034961525302,2326440724825646717,8411116536677582099,33707878937424404,0,0,0,0,0,0,0,0,0,0,0
110,10,1441,8,10,0.063264,22777.59,0.025905,55625.67,0.020914,68901.73,0.026112,55184.60,0.030939,46575.09,0.025515,56477.02,0.042838,33638.35,0.064473,0.011446,0.021168,0.025515,0.122602,0.015302,2,175251,181711,1090290,496,0,0,0,825,0,0,0,479,0,0,0,232,0,0,0,309,0,0,0,5,0,0,0,12337159237957959320,12337159237957959320,12337159237957959320,11623542283870959417,7179908112753581870,4439077095784110359,0,0,0,0,0,0,0,0,0,0,0
111,10,1522,8,10,0.085438,17814.02,0.057858,26305.77,0.036783,41378.37,0.038074,39975.03,0.061077,24919.56,0.046018,33074.11,0.068029,22372.89,0.087102,0.010943,0.020394,0.046018,0.164456,0.016618,3,163561,172221,762089,786,0,0,0,1256,0,0,0,535,0,0,0,298,0,0,0,471,0,0,0,8,0,0,0,647596962055136447,3269070899834683253,3269070899834683253,6629492357302411014,15842751491754484186,12491324631760097617,0,0,0,0,0,0,0,0,0,0,0
112,10,1487,8,10,0.057930,25668.88,0.029741,49999.04,0.025574,58145.59,0.028152,52821.17,0.033224,44756.18,0.028673,51861.25,0.042834,34715.10,0.059410,0.011510,0.021091,0.028673,0.120683,0.019373,2,169069,179019,709729,821,0,0,0,1199,0,0,0,711,0,0,0,464,0,0,0,603,0,0,0,7,0,0,0,9731014693824602192,8089706971962459107,8089706971962459107,14646870494129122855,3147939853093368671,11071236221077579916,0,0,0,0,0,0,0,0,0,0,0
113,10,1373,8,10,0.065895,20836.03,0.028153,48768.61,0.018103,75845.56,0.025622,53587.25,0.032421,42348.45,0.023921,57398.41,0.043977,31221.08,0.067380,0.012548,0.022220,0.023921,0.126068,0.016780,2,207035,215500,886177,424,0,0,0,536,0,0,0,401,0,0,0,239,0,0,0,296,0,0,0,4,0,0,0,7400263983107829665,13670079770179910284,13670079770179910284,10686061953014947743,2326158961780695228,10625345635677189986,0,0,0,0,0,0,0,0,0,0,0
114,10,1330,8,10,0.054097,24585.28,0.025704,51742.22,0.021115,62987.40,0.023482,56639.85,0.029161,45609.49,0.024268,54805.74,0.037538,35430.30,0.055448,0.010488,0.020530,0.024268,0.110734,0.014281,3,152957,159302,901634,528,0,0,0,1015,0,0,0,475,0,0,0,229,0,0,0,344,0,0,0,8,0,0,0,7318043927500029457,3903867144054422624,3903867144054422624,4143207838462036050,3299606971298039293,2162191370802648792,0,0,0,0,0,0,0,0,0,0,0
115,10,1406,8,10,0.071665,19619.09,0.036886,38117.85,0.025011,56215.00,0.039698,35417.54,0.044747,31420.93,0.042527,33061.71,0.060994,23051.57,0.073338,0.012840,0.022497,0.042527,0.151203,0.018045,4,191131,202611,882429,768,0,0,0,1214,0,0,0,536,0,0,0,292,0,0,0,392,0,0,0,17,0,0,0,8645661553120625026,612451839065481204,612451839065481204,12935219135572821322,11542237827130918423,14583855812833972993,0,0,0,0,0,0,0,0,0,0,0
116,10,1514,8,10,0.056437,26826.56,0.028198,53692.06,0.026011,58205.17,0.029448,51412.86,0.032683,46323.13,0.028707,52740.11,0.047490,31880.72,0.057761,0.011510,0.021398,0.028707,0.119376,0.017608,2,170780,188830,808575,964,0,0,0,1540,0,0,0,666,0,0,0,302,0,0,0,487,0,0,0,7,0,0,0,5972649842154332695,7237550992916508253,7237550992916508253,11454158927939899067,15293721178641769968,17202929508102169619,0,0,0,0,0,0,0,0,0,0,0
117,10,1505,8,10,0.055813,26964.95,0.026814,56127.80,0.022365,67291.98,0.027154,55424.08,0.031416,47905.95,0.028772,52308.39,0.060480,24884.40,0.056940,0.012295,0.019143,0.028772,0.117150,0.018823,4,197605,281985,865804,1838,0,0,0,1956,0,0,0,446,0,0,0,296,0,0,0,419,0,0,0,20,0,0,0,579391837469468212,11318261932502054764,11318261932502054764,11189130616004541956,12069856315074547895,4133225342923532633,0,0,0,0,0,0,0,0,0,0,0
118,10,1325,8,10,0.059037,22443.60,0.024795,53438.72,0.019056,69531.65,0.025184,52613.36,0.030753,43085.20,0.025624,51709.88,0.045268,29269.87,0.059844,0.011323,0.022548,0.025624,0.119338,0.017761,2,170750,183070,1163408,581,0,0,0,829,0,0,0,478,0,0,0,248,0,0,0,323,0,0,0,5,0,0,0,814502155948399153,15602709270669289269,15602709270669289269,888126663111926358,13472891046808312086,9006620384386780037,0,0,0,0,0,0,0,0,0,0,0
119,10,1509,8,10,0.058892,25623.12,0.028059,53778.75,0.021331,70741.59,0.028347,53233.90,0.031795,47459.66,0.026613,56701.35,0.047021,32092.32,0.060093,0.010818,0.023293,0.026613,0.120817,0.017493,2,165738,184963,838162,781,0,0,0,1192,0,0,0,673,0,0,0,376,0,0,0,338,0,0,0,9,0,0,0,800608958867996175,634166874989075477,634166874989075477,7939655818073515966,14307256931356098783,16653183540736412123,0,0,0,0,0,0,0,0,0,0,0
120,10,1579,8,10,0.072629,21740.73,0.034369,45942.42,0.025511,61894.21,0.028789,54847.51,0.040820,38682.18,0.029529,53472.50,0.060805,25968.40,0.074268,0.012663,0.025004,0.029529,0.141464,0.020331,2,202781,233831,767720,807,0,0,0,1066,0,0,0,509,0,0,0,275,0,0,0,319,0,0,0,10,0,0,0,18156380854384763484,2697977824050703728,2697977824050703728,373820752377197978,17179748052030887797,7140196165837511431,0,0,0,0,0,0,0,0,0,0,0
121,10,1346,8,10,0.058782,22898.23,0.024786,54304.26,0.019121,70393.35,0.024810,54252.86,0.031025,43383.77,0.024679,54540.79,0.042645,31563.12,0.060278,0.011833,0.025901,0.024679,0.122691,0.014410,2,175189,179539,947196,462,0,0,0,735,0,0,0,526,0,0,0,212,0,0,0,330,0,0,0,2,0,0,0,18222207527659414953,13075333956981615008,13075333956981615008,3201255541188539512,17601176838478474183,18208738568490654908,0,0,0,0,0,0,0,0,0,0,0
122,10,1319,8,10,0.065771,20054.40,0.037378,35288.50,0.022569,58443.27,0.033534,39333.28,0.042574,30981.63,0.037241,35418.24,0.048312,27301.84,0.066632,0.012055,0.023778,0.037241,0.139706,0.013521,2,174648,179193,889061,576,0,0,0,855,0,0,0,533,0,0,0,328,0,0,0,439,0,0,0,8,0,0,0,9984155173918085305,18132048040673120817,18132048040673120817,10007703782946763155,5124010242110753609,13540232756288401844,0,0,0,0,0,0,0,0,0,0,0
123,10,1367,8,10,0.064780,21102.09,0.029647,46109.41,0.021975,62207.82,0.027744,49271.99,0.033111,41284.93,0.031516,43375.37,0.045146,30279.35,0.066098,0.010887,0.010782,0.031516,0.119282,0.014648,10,168007,173847,883623,533,0,0,0,1033,0,0,0,527,0,0,0,309,0,0,0,227,0,0,0,7,0,0,0,16511118150152372206,15912002926759296078,15912002926759296078,3812493499261160487,8761048542940121217,15841837774273457033,0,0,0,0,0,0,0,0,0,0,0
124,10,1319,8,10,0.069010,19113.08,0.033430,39455.20,0.022308,59126.97,0.026602,49582.22,0.038160,34564.75,0.026729,49346.36,0.051738,25493.63,0.070309,0.012502,0.021175,0.026729,0.130715,0.015429,3,188966,198311,845800,544,0,0,0,818,0,0,0,608,0,0,0,338,0,0,0,444,0,0,0,7,0,0,0,7014056958592042374,11464128556526171210,11464128556526171210,14557387467937412394,4197723048397777354,12081845769189796982,0,0,0,0,0,0,0,0,0,0,0
125,10,1364,8,10,0.056672,24068.26,0.024439,55813.30,0.021127,64562.28,0.025932,52599.62,0.031147,43792.52,0.025788,52892.22,0.041258,33060.58,0.057904,0.010539,0.020727,0.025788,0.114958,0.014311,2,164525,172825,917738,546,0,0,0,906,0,0,0,469,0,0,0,255,0,0,0,448,0,0,0,4,0,0,0,4199752324015235426,7640663812771227985,7640663812771227985,5695043584979559055,18289623048607532063,17102534859079370127,0,0,0,0,0,0,0,0,0,0,0
126,10,1206,8,10,0.053512,22536.83,0.022840,52802.44,0.016289,74039.88,0.021316,56576.02,0.026322,45816.71,0.022429,53769.85,0.039506,30526.63,0.054095,0.010960,0.018213,0.022429,0.105697,0.011784,4,171897,176937,868738,404,0,0,0,591,0,0,0,381,0,0,0,220,0,0,0,216,0,0,0,6,0,0,0,5078123068828166374,479046758110763428,479046758110763428,16644612835058583539,10847960590399039173,8629315949360383395,0,0,0,0,0,0,0,0,0,0,0
127,10,1150,8,10,0.058945,19509.59,0.027846,41298.05,0.018151,63358.99,0.018967,60630.44,0.030440,37779.06,0.023557,48818.16,0.040880,28131.07,0.059981,0.012240,0.024740,0.023557,0.120518,0.011248,2,190370,192965,902883,372,0,0,0,597,0,0,0,541,0,0,0,241,0,0,0,426,0,0,0,5,0,0,0,17386143190997377769,11864988090672339212,11864988090672339212,14900677502862183436,3060571930421617241,1845848935482573290,0,0,0,0,0,0,0,0,0,0,0
128,10,1185,8,10,0.051971,22801.38,0.025973,45623.90,0.023059,51390.68,0.026991,43902.91,0.032534,36423.37,0.026450,44801.07,0.036130,32798.26,0.052709,0.009382,0.019208,0.026450,0.107749,0.011282,3,137782,143157,798194,553,0,0,0,967,0,0,0,553,0,0,0,214,0,0,0,262,0,0,0,2,0,0,0,1746756304791769715,17133184064705309624,17133184064705309624,8264429161301905183,9192253314101807228,8264429161301905183,0,0,0,0,0,0,0,0,0,0,0
129,10,1345,8,10,0.085152,15795.31,0.041103,32722.53,0.024196,55588.58,0.034476,39012.28,0.046115,29165.92,0.038858,34612.96,0.056441,23830.00,0.080761,0.011436,0.023297,0.038858,0.154352,0.014521,2,167698,172993,1021535,575,0,0,0,911,0,0,0,709,0,0,0,340,0,0,0,486,0,0,0,11,0,0,0,6166946521725984937,11901548767406648592,11901548767406648592,15031317788682640640,10166266176006666442,5865378611333088905,0,0,0,0,0,0,0,0,0,0,0
130,10,1430,8,10,0.069242,20652.16,0.029919,47795.41,0.023288,61404.53,0.032307,44262.74,0.035708,40047.54,0.031239,45776.25,0.047391,30174.82,0.070342,0.012128,0.022445,0.031239,0.136154,0.018467,3,184823,193093,913820,573,0,0,0,955,0,0,0,564,0,0,0,264,0,0,0,479,0,0,0,13,0,0,0,10668517354025867855,9739275940696971950,9739275940696971950,10483454563537021305,17062756311068919353,16048321284633604246,0,0,0,0,0,0,0,0,0,0,0
131,10,1326,8,10,0.065001,20399.81,0.026686,49688.17,0.023789,55740.16,0.029287,45276.17,0.033827,39199.30,0.029816,44472.51,0.041737,31770.71,0.065999,0.011190,0.018109,0.029816,0.125114,0.016652,4,164872,169947,1031080,539,0,0,0,996,0,0,0,582,0,0,0,305,0,0,0,420,0,0,0,9,0,0,0,15937610742660582354,17856586081557144533,17856586081557144533,14369581307725890458,8879725752498469790,12800598638119192973,0,0,0,0,0,0,0,0,0,0,0
132,10,1216,8,10,0.067051,18135.38,0.028518,42640.40,0.022793,53349.42,0.028097,43278.04,0.034951,34791.40,0.033988,35777.70,0.045589,26673.34,0.068717,0.010395,0.010250,0.033988,0.123351,0.014639,9,160296,167476,1170251,502,0,0,0,957,0,0,0,465,0,0,0,360,0,0,0,331,0,0,0,13,0,0,0,17255273583774663350,4957432963628972540,4957432963628972540,12687117340614807461,15206210355964071026,17918395906485292079,0,0,0,0,0,0,0,0,0,0,0
133,10,1523,8,10,0.069891,21791.17,0.027885,54616.68,0.023966,63549.08,0.028969,52572.92,0.033865,44972.42,0.030083,50626.02,0.046448,32789.02,0.071660,0.013113,0.025045,0.030083,0.139901,0.017825,2,192409,199384,1072638,644,0,0,0,1145,0,0,0,763,0,0,0,365,0,0,0,438,0,0,0,14,0,0,0,5755192119748964388,17885246702917186485,17885246702917186485,18213876434001027437,7537232478506652683,2134753801318183754,0,0,0,0,0,0,0,0,0,0,0
134,10,1862,8,10,0.066172,28138.80,0.029360,63419.72,0.025389,73339.12,0.029816,62448.75,0.032726,56895.95,0.028887,64458.19,0.056179,33144.26,0.067993,0.012840,0.022774,0.028887,0.132494,0.034352,3,198322,261252,883886,1656,0,0,0,1630,0,0,0,778,0,0,0,503,0,0,0,597,0,0,0,17,0,0,0,17994422004053312938,16826810484393898304,16826810484393898304,2237862749212089783,14268563203209055763,17960273770884363578,0,0,0,0,0,0,0,0,0,0,0
135,10,1345,8,10,0.056445,23828.54,0.025687,52360.36,0.022265,60409.78,0.027315,49241.10,0.032761,41054.35,0.028217,47666.12,0.040374,33313.23,0.057714,0.010451,0.020907,0.028217,0.117289,0.014928,2,161012,169652,1023615,657,0,0,0,979,0,0,0,539,0,0,0,329,0,0,0,391,0,0,0,5,0,0,0,1198428243748488740,5969899636498049710,5969899636498049710,5985433925331443444,8504234980784654944,9634690440121376366,0,0,0,0,0,0,0,0,0,0,0
136,10,1383,8,10,0.076272,18132.46,0.035925,38497.32,0.026409,52369.05,0.042110,32842.94,0.050523,27373.58,0.042598,32466.62,0.061352,22542.22,0.077287,0.010547,0.021097,0.042598,0.151528,0.014497,2,152754,164959,867719,663,0,0,0,997,0,0,0,863,0,0,0,369,0,0,0,628,0,0,0,2,0,0,0,304644401531261701,6020527598851047438,6020527598851047438,14838038226329786859,7122065433676526629,13103657600400037343,0,0,0,0,0,0,0,0,0,0,0
137,10,1456,8,10,0.070100,20770.35,0.036532,39855.18,0.028692,50745.05,0.030063,48431.50,0.041786,34844.22,0.032670,44566.38,0.053508,27210.85,0.071860,0.017353,0.032357,0.032670,0.154240,0.017660,2,276620,283120,825033,682,0,0,0,1254,0,0,0,794,0,0,0,422,0,0,0,568,0,0,0,15,0,0,0,10913928146518985018,15374242116881319234,15374242116881319234,9584941000491392244,16825493308189946314,17777614525417239285,0,0,0,0,0,0,0,0,0,0,0
138,10,1502,8,10,0.056585,26543.92,0.025148,59726.38,0.021201,70845.20,0.024868,60398.00,0.030070,49950.93,0.027963,53714.12,0.041390,36289.26,0.057469,0.011445,0.012606,0.027963,0.109483,0.016611,9,168233,177313,859097,521,0,0,0,857,0,0,0,585,0,0,0,317,0,0,0,274,0,0,0,5,0,0,0,15625661899952044539,9535197411583737292,9535197411583737292,4280464459170218211,10332561905139225895,14239369021255375572,0,0,0,0,0,0,0,0,0,0,0
139,10,1407,8,10,0.085025,16548.13,0.048402,29068.79,0.033059,42560.77,0.040174,35022.40,0.052137,26986.54,0.049263,28561.23,0.061295,22954.51,0.086991,0.019234,0.032375,0.049263,0.187862,0.021171,2,290251,296056,945802,654,0,0,0,1148,0,0,0,661,0,0,0,510,0,0,0,730,0,0,0,2,0,0,0,6370133341496386816,6477374445534621489,6477374445534621489,16213483672563484260,18377349832367713626,7493989958358885847,0,0,0,0,0,0,0,0,0,0,0
140,10,1601,8,10,0.076584,20905.06,0.037805,42349.09,0.034751,46071.09,0.038022,42107.63,0.043836,36522.77,0.035781,44743.94,0.053699,29814.43,0.077843,0.015554,0.026414,0.035781,0.155592,0.020843,2,220981,229596,1002724,1156,0,0,0,1958,0,0,0,849,0,0,0,542,0,0,0,592,0,0,0,16,0,0,0,2355504143620106271,6768429771984780825,6768429771984780825,17374281207276377187,15329840724228077100,17860217590647243805,0,0,0,0,0,0,0,0,0,0,0
141,10,1295,8,10,0.064515,20072.80,0.032452,39905.35,0.026384,49082.82,0.034862,37146.05,0.041299,31357.04,0.036239,35734.50,0.050141,25827.38,0.065444,0.010902,0.021394,0.036239,0.133979,0.013786,3,174682,179577,841398,744,0,0,0,1231,0,0,0,666,0,0,0,392,0,0,0,454,0,0,0,6,0,0,0,9028010013414098148,17249139006253624720,17249139006253624720,8104226256041121651,824237259247966393,4459695194162093600,0,0,0,0,0,0,0,0,0,0,0
142,10,1278,8,10,0.064323,19868.56,0.032686,39098.97,0.025419,50276.69,0.030803,41489.15,0.036459,35053.13,0.027711,46119.60,0.047503,26903.66,0.065231,0.012137,0.023478,0.027711,0.128556,0.014120,2,188490,193225,844640,735,0,0,0,1163,0,0,0,727,0,0,0,442,0,0,0,593,0,0,0,7,0,0,0,7680787191390719300,7680787191390719300,7680787191390719300,1096358135888932144,10745295869401892580,17151449854986361679,0,0,0,0,0,0,0,0,0,0,0
143,10,1228,8,10,0.081860,15001.31,0.047168,26034.46,0.031067,39527.66,0.044100,27846.11,0.054721,22440.94,0.047678,25756.25,0.063277,19406.87,0.083069,0.012691,0.020384,0.047678,0.163821,0.013004,4,209244,214969,891790,965,0,0,0,1350,0,0,0,650,0,0,0,509,0,0,0,547,0,0,0,21,0,0,0,436051769341908749,436051769341908749,436051769341908749,8296938383508010588,12171034926970840908,12460563073289363280,0,0,0,0,0,0,0,0,0,0,0
144,10,1265,8,10,0.064941,19479.37,0.033070,38252.13,0.026188,48304.37,0.028062,45078.45,0.035779,35355.65,0.034325,36853.70,0.046584,27155.31,0.066198,0.009849,0.009251,0.034325,0.119623,0.012919,10,152523,155958,760963,711,0,0,0,1138,0,0,0,680,0,0,0,504,0,0,0,417,0,0,0,5,0,0,0,6629002659050447709,17445396548922706254,17445396548922706254,13366346308427370637,15024564487052927356,10792841051407171302,0,0,0,0,0,0,0,0,0,0,0
145,10,1563,8,10,0.087474,17868.18,0.044707,34960.88,0.034810,44900.68,0.033072,47261.22,0.048558,32188.64,0.033678,46410.12,0.066211,23606.48,0.088738,0.014071,0.027921,0.033678,0.164408,0.019397,2,221266,231731,791385,905,0,0,0,1489,0,0,0,730,0,0,0,497,0,0,0,650,0,0,0,14,0,0,0,14848151726787981938,10881234086362270058,10881234086362270058,7584945453826387459,10360848576801219813,14931591744555249871,0,0,0,0,0,0,0,0,0,0,0
146,10,1475,8,10,0.089656,16451.73,0.039313,37519.23,0.026765,55109.14,0.028698,51397.56,0.046756,31546.66,0.034622,42603.02,0.067966,21702.05,0.090939,0.012037,0.023064,0.034622,0.160661,0.017461,3,193042,223677,788530,570,0,0,0,856,0,0,0,661,0,0,0,396,0,0,0,525,0,0,0,7,0,0,0,12421226028903817760,3700674358129278945,3700674358129278945,14529233250460750476,11842951255434368382,16315148613937420550,0,0,0,0,0,0,0,0,0,0,0
147,10,1260,8,10,0.062663,20107.57,0.029304,42998.02,0.021676,58127.79,0.025279,49844.40,0.034772,36236.47,0.025353,49697.68,0.041617,30276.24,0.063594,0.009982,0.019835,0.025353,0.118765,0.012635,3,150548,153943,945977,545,0,0,0,834,0,0,0,495,0,0,0,299,0,0,0,344,0,0,0,4,0,0,0,276230787094050411,9973769066606245458,9973769066606245458,294531982367567930,5704722781080980348,1426157111438381962,0,0,0,0,0,0,0,0,0,0,0
148,10,1371,8,10,0.110181,12443.17,0.068338,20062.17,0.047536,28841.26,0.049799,27530.45,0.074981,18284.53,0.032737,41878.59,0.083382,16442.38,0.111782,0.013544,0.027421,0.032737,0.185484,0.015167,2,213928,217598,1090879,543,0,0,0,869,0,0,0,896,0,0,0,484,0,0,0,584,0,0,0,8,0,0,0,10945398124508016093,75387620671483570,75387620671483570,6258243620840570923,15316596434022579594,12241896200950458189,0,0,0,0,0,0,0,0,0,0,0
149,10,1774,8,10,0.064652,27439.32,0.028425,62409.09,0.022474,78936.69,0.025741,68916.17,0.032889,53938.99,0.024993,70979.64,0.059089,30022.51,0.066171,0.013752,0.025115,0.024993,0.130032,0.025212,2,209513,277093,1086867,1025,0,0,0,1324,0,0,0,550,0,0,0,387,0,0,0,548,0,0,0,6,0,0,0,3111064829714979240,3111064829714979240,3111064829714979240,10597129311375499677,13367027426487453291,1008178778380475822,0,0,0,0,0,0,0,0,0,0,0
150,10,1231,8,10,0.065562,18776.14,0.033671,36560.01,0.028347,43425.94,0.034127,36071.10,0.039330,31298.87,0.035191,34980.05,0.048906,25170.92,0.066370,0.009766,0.018348,0.035191,0.129676,0.013081,4,151530,155090,924334,517,0,0,0,1137,0,0,0,617,0,0,0,317,0,0,0,279,0,0,0,4,0,0,0,2608101843923657097,13721433408512064233,13721433408512064233,2105604023350257097,6541816291000599028,2105604023350257097,0,0,0,0,0,0,0,0,0,0,0
151,10,1271,8,10,0.067751,18759.95,0.031463,40396.07,0.023419,54272.54,0.033589,37839.85,0.039212,32413.79,0.032495,39113.56,0.050532,25152.41,0.069061,0.012833,0.021576,0.032495,0.135966,0.014319,4,188843,192978,782402,514,0,0,0,891,0,0,0,460,0,0,0,333,0,0,0,293,0,0,0,5,0,0,0,10965276741153562248,10714481366051643475,10714481366051643475,12175346674241221723,6516918167982603262,13351677204330794184,0,0,0,0,0,0,0,0,0,0,0
152,10,1402,8,10,0.066206,21176.33,0.036506,38404.37,0.034932,40134.88,0.039112,35845.66,0.042598,32912.00,0.035328,39684.81,0.049086,28562.23,0.067385,0.012119,0.020477,0.035328,0.135310,0.016313,3,181143,190323,839546,1001,0,0,0,1661,0,0,0,499,0,0,0,441,0,0,0,513,0,0,0,16,0,0,0,17262686979705961667,9597190319020453202,9597190319020453202,4869565482667508420,9399070158295846167,7542341279507017036,0,0,0,0,0,0,0,0,0,0,0
153,10,1334,8,10,0.078152,17069.39,0.039659,33636.86,0.025415,52489.48,0.030390,43895.76,0.045743,29162.84,0.040644,32821.90,0.054057,24677.74,0.079977,0.020888,0.038700,0.040644,0.180209,0.019223,2,315666,320271,968673,590,0,0,0,924,0,0,0,661,0,0,0,356,0,0,0,432,0,0,0,6,0,0,0,1399815316073720394,15235192497232965399,15235192497232965399,14876052061077079686,9615016510486655320,7113651561906540961,0,0,0,0,0,0,0,0,0,0,0
154,10,1217,8,10,0.067508,18027.57,0.033702,36110.51,0.029920,40675.78,0.032296,37682.61,0.037609,32359.52,0.032106,37905.30,0.045660,26653.67,0.068302,0.011423,0.021465,0.032106,0.133297,0.012690,2,176324,179659,841471,650,0,0,0,1311,0,0,0,653,0,0,0,400,0,0,0,452,0,0,0,7,0,0,0,17324142530093219602,13209461036626577506,13209461036626577506,6119711035012508616,3913377454583835531,2503965828321280701,0,0,0,0,0,0,0,0,0,0,0
155,10,1304,8,10,0.053463,24390.52,0.026269,49640.56,0.024216,53849.29,0.026554,49107.47,0.030823,42306.36,0.027104,48110.26,0.036272,35950.86,0.054436,0.009998,0.019519,0.027104,0.111058,0.013193,3,148615,152325,741189,610,0,0,0,934,0,0,0,530,0,0,0,434,0,0,0,482,0,0,0,4,0,0,0,18403290297375884480,11740145299252350108,11740145299252350108,11213539874300222118,13392091177631040216,11213539874300222118,0,0,0,0,0,0,0,0,0,0,0
156,10,1282,8,10,0.077160,16614.74,0.043232,29653.80,0.025801,49688.66,0.036399,35221.19,0.048062,26673.74,0.037178,34482.70,0.051375,24953.89,0.078414,0.011308,0.021192,0.037178,0.148092,0.013328,2,170240,172030,878381,493,0,0,0,724,0,0,0,663,0,0,0,327,0,0,0,477,0,0,0,5,0,0,0,7890169247022126418,12974292794900161457,12974292794900161457,10643179555430970925,1133205970819923279,2197818850675327296,0,0,0,0,0,0,0,0,0,0,0
157,10,1499,8,10,0.064503,23239.13,0.029358,51058.56,0.026857,55813.85,0.029322,51122.71,0.034468,43490.24,0.030783,48696.41,0.048077,31179.44,0.065826,0.012734,0.025650,0.030783,0.134992,0.018130,2,198470,234160,807024,706,0,0,0,1112,0,0,0,724,0,0,0,427,0,0,0,581,0,0,0,9,0,0,0,14035025560433653664,7805863251319444599,7805863251319444599,3198229605890486583,11490662377485585948,805575509144303385,0,0,0,0,0,0,0,0,0,0,0
158,10,1456,8,10,0.059921,24298.66,0.029507,49344.01,0.025075,58065.50,0.029272,49739.74,0.034486,42220.11,0.027058,53810.34,0.049207,29589.03,0.061122,0.011233,0.020955,0.027058,0.120368,0.016032,2,170909,194354,745805,598,0,0,0,1015,0,0,0,620,0,0,0,345,0,0,0,437,0,0,0,10,0,0,0,4704252584118802866,4345667324366295734,4345667324366295734,12666623435690944774,2891517884633679999,2098589378249385393,0,0,0,0,0,0,0,0,0,0,0
159,10,1392,8,10,0.065358,21297.97,0.031533,44144.67,0.026229,53071.64,0.028995,48009.05,0.035239,39502.09,0.029356,47418.39,0.042870,32469.95,0.066590,0.011520,0.019285,0.029356,0.126750,0.015347,4,167663,171433,914846,692,0,0,0,1195,0,0,0,778,0,0,0,524,0,0,0,568,0,0,0,12,0,0,0,1415993566226978986,16912072589756696964,16912072589756696964,9984036812778025594,17814728626881525686,12330539928468382252,0,0,0,0,0,0,0,0,0,0,0
160,10,1300,8,10,0.058724,22137.45,0.030584,42505.87,0.027180,47828.44,0.030563,42534.72,0.034651,37517.10,0.029932,43431.85,0.041345,31442.82,0.059924,0.010286,0.018561,0.029932,0.118704,0.013685,4,157239,164319,961721,742,0,0,0,1276,0,0,0,585,0,0,0,352,0,0,0,456,0,0,0,9,0,0,0,10431546425463231327,17805094898327680356,17805094898327680356,6821635580058090376,16842684374029598387,13304766323542133036,0,0,0,0,0,0,0,0,0,0,0
161,10,1411,8,10,0.072631,19426.90,0.039611,35621.34,0.032962,42807.04,0.037692,37435.08,0.045271,31167.54,0.037927,37202.57,0.056234,25091.75,0.074406,0.013623,0.026668,0.037927,0.152625,0.018216,2,208040,213885,841497,812,0,0,0,1367,0,0,0,666,0,0,0,451,0,0,0,449,0,0,0,8,0,0,0,4303612519416210926,8799611887517999818,8799611887517999818,1982737976425537437,14937301854990944568,16018052630389147466,0,0,0,0,0,0,0,0,0,0,0
162,10,1267,8,10,0.065885,19230.52,0.033480,37843.84,0.026856,47178.29,0.024856,50973.01,0.036332,34872.41,0.031262,40528.32,0.044551,28439.26,0.066822,0.011234,0.015968,0.031262,0.125287,0.015806,4,167561,172281,803242,615,0,0,0,953,0,0,0,491,0,0,0,389,0,0,0,276,0,0,0,9,0,0,0,12189252213965625233,9291374009042334252,9291374009042334252,2776042383492015483,9785036669222456291,109949567744621557,0,0,0,0,0,0,0,0,0,0,0
163,10,1737,8,10,0.068829,25236.55,0.028129,61750.76,0.025001,69476.78,0.026548,65427.72,0.032297,53782.36,0.025873,67134.65,0.050204,34599.01,0.070008,0.013652,0.026476,0.025873,0.136009,0.022819,2,214931,232456,850282,828,0,0,0,1456,0,0,0,874,0,0,0,440,0,0,0,736,0,0,0,67,0,0,0,8697196494575181111,14079833018652677477,14079833018652677477,11674961534892160858,12154092636430749935,6278294969364769755,0,0,0,0,0,0,0,0,0,0,0
164,10,1792,8,10,0.071426,25088.97,0.033230,53926.74,0.021530,83231.89,0.032738,54738.26,0.037907,47273.99,0.032013,55977.60,0.059149,30296.52,0.072221,0.012370,0.022350,0.032013,0.138954,0.022389,3,187093,247373,1162943,819,0,0,0,922,0,0,0,516,0,0,0,326,0,0,0,393,0,0,0,11,0,0,0,12962562021325190641,12979255337538367479,12979255337538367479,14635897268927277735,17917989485552230380,1243890282857425719,0,0,0,0,0,0,0,0,0,0,0
165,10,1217,8,10,0.064618,18833.82,0.055333,21994.09,0.045038,27021.45,0.034148,35639.05,0.037461,32486.75,0.031155,39062.33,0.045347,26837.74,0.065363,0.011410,0.021391,0.031155,0.129319,0.012529,2,166094,170144,904619,640,0,0,0,1568,0,0,0,573,0,0,0,390,0,0,0,430,0,0,0,9,0,0,0,13802400119050244802,14695110106345015157,14695110106345015157,11034037401045870844,8675087058010077934,6893350351242443564,0,0,0,0,0,0,0,0,0,0,0
166,10,1307,8,10,0.082180,15904.15,0.040340,32399.99,0.033393,39139.67,0.042569,30702.98,0.051438,25409.24,0.038760,33720.47,0.063053,20728.46,0.083192,0.010970,0.020966,0.038760,0.153888,0.016063,2,175431,181276,990756,933,0,0,0,1605,0,0,0,953,0,0,0,621,0,0,0,837,0,0,0,15,0,0,0,17162357127450063299,10288256911160607892,10288256911160607892,12541450651203971762,12944470777963947290,5352618748461951378,0,0,0,0,0,0,0,0,0,0,0
167,10,1416,8,10,0.062489,22659.86,0.029602,47834.40,0.028938,48932.09,0.030232,46837.11,0.034494,41051.03,0.030379,46611.24,0.043686,32413.19,0.061644,0.011628,0.019143,0.030379,0.122794,0.015359,5,170451,179411,876926,796,0,0,0,1139,0,0,0,593,0,0,0,494,0,0,0,509,0,0,0,11,0,0,0,4820144837711906620,4820144837711906620,4820144837711906620,13323699607100081324,5621429555516881433,7578301092717291681,0,0,0,0,0,0,0,0,0,0,0
168,10,1445,8,10,0.088578,16313.25,0.041962,34436.23,0.030787,46934.76,0.033153,43585.78,0.045576,31705.57,0.044685,32337.70,0.061163,23625.45,0.089923,0.012853,0.011585,0.044685,0.159046,0.016413,9,178191,185306,2082089,880,0,0,0,1225,0,0,0,788,0,0,0,412,0,0,0,405,0,0,0,13,0,0,0,11864807214489873716,5857991024031894662,5857991024031894662,3066204963307498039,16151937483446194343,11008557491439493238,0,0,0,0,0,0,0,0,0,0,0
169,10,1422,8,10,0.083903,16948.14,0.038859,36593.70,0.030823,46133.65,0.032594,43627.17,0.039611,35899.50,0.031558,45059.32,0.062970,22582.07,0.085380,0.011963,0.021535,0.031558,0.150437,0.026182,3,194401,199661,2251582,767,0,0,0,1156,0,0,0,773,0,0,0,459,0,0,0,548,0,0,0,16,0,0,0,16424773452843165582,8030064090155794418,8030064090155794418,17139319124763028243,4917204444830319041,5557658482058681629,0,0,0,0,0,0,0,0,0,0,0
170,10,1465,8,10,0.059360,24679.76,0.029940,48930.61,0.028627,51174.70,0.030875,47449.94,0.033705,43464.98,0.030047,48756.30,0.043548,33641.26,0.060852,0.011144,0.018922,0.030047,0.120966,0.016292,4,166854,174769,884767,798,0,0,0,1290,0,0,0,675,0,0,0,476,0,0,0,427,0,0,0,12,0,0,0,6808966860546873608,7606577713883862039,7606577713883862039,4570604200821074137,8308944575035891355,4720582419429695830,0,0,0,0,0,0,0,0,0,0,0
171,10,1330,8,10,0.068871,19311.51,0.029645,44863.80,0.026586,50025.71,0.033123,40153.25,0.039238,33895.95,0.033866,39272.31,0.051573,25788.93,0.070236,0.013319,0.023266,0.033866,0.140687,0.014343,2,193339,198979,828311,795,0,0,0,1419,0,0,0,607,0,0,0,419,0,0,0,632,0,0,0,21,0,0,0,15137060892856146314,11699439354184422963,11699439354184422963,2389081867185712788,10497102950236868319,13457808336369498231,0,0,0,0,0,0,0,0,0,0,0
172,10,1431,8,10,0.071427,20034.33,0.037273,38392.86,0.031091,46026.89,0.038570,37101.78,0.043276,33066.62,0.038268,37394.35,0.049469,28927.14,0.072268,0.011538,0.020511,0.038268,0.142584,0.016129,3,178510,183715,964951,858,0,0,0,1241,0,0,0,785,0,0,0,508,0,0,0,685,0,0,0,16,0,0,0,510921380740791384,8106397509446597886,8106397509446597886,4779825484009788371,1294751442033236871,11762539328370540806,0,0,0,0,0,0,0,0,0,0,0
173,10,1422,8,10,0.059702,23818.23,0.029096,48873.53,0.026096,54490.77,0.029232,48645.02,0.034207,41570.72,0.027800,51151.67,0.038848,36604.15,0.061162,0.011953,0.022929,0.027800,0.123844,0.016011,2,180139,186734,847293,848,0,0,0,1408,0,0,0,781,0,0,0,526,0,0,0,662,0,0,0,10,0,0,0,7746096560404498066,11373574532757543185,11373574532757543185,15290667295772018638,5603240014869466760,136380384752438217,0,0,0,0,0,0,0,0,0,0,0
174,10,1497,8,10,0.084814,17650.45,0.039109,38277.34,0.029964,49960.21,0.033451,44752.05,0.045494,32905.52,0.032764,45691.00,0.059888,24996.69,0.095064,0.008139,0.027260,0.032764,0.163227,0.018855,3,234179,239464,812213,728,0,0,0,1256,0,0,0,747,0,0,0,413,0,0,0,483,0,0,0,9,0,0,0,16371898616880417699,8117217491574207589,8117217491574207589,7545174341016225966,3326843537074907310,11525242739978374141,0,0,0,0,0,0,0,0,0,0,0
175,10,1374,8,10,0.071073,19332.35,0.035487,38718.28,0.028573,48087.95,0.031459,43675.65,0.040309,34087.01,0.030422,45164.17,0.045919,29922.02,0.071982,0.011486,0.021514,0.030422,0.135405,0.016797,2,171469,177284,1127645,778,0,0,0,1307,0,0,0,645,0,0,0,520,0,0,0,650,0,0,0,6,0,0,0,7863323234469679670,16097712853964995233,16097712853964995233,7157807526330854038,15344995764905532888,6476640089336082650,0,0,0,0,0,0,0,0,0,0,0
176,10,1408,8,10,0.101825,13827.63,0.064681,21768.36,0.078984,17826.40,0.058847,23926.57,0.069584,20234.44,0.035908,39210.99,0.080300,17534.14,0.103329,0.014831,0.022683,0.035908,0.176751,0.018066,4,227915,231955,756161,733,0,0,0,1291,0,0,0,689,0,0,0,501,0,0,0,547,0,0,0,10,0,0,0,16970821002491480933,3045895148321409068,3045895148321409068,7590072225461965077,13010565650744393663,5557498913902843855,0,0,0,0,0,0,0,0,0,0,0
177,10,1443,8,10,0.063185,22837.68,0.027373,52716.02,0.023527,61333.50,0.028902,49927.68,0.036298,39753.93,0.031568,45710.89,0.046408,31093.59,0.064271,0.012229,0.019919,0.031568,0.127987,0.016810,4,185780,213250,722738,664,0,0,0,1005,0,0,0,897,0,0,0,362,0,0,0,559,0,0,0,6,0,0,0,1098880591971318950,449716991959177212,449716991959177212,14702819194410873096,15049742204250018541,10700946121656627495,0,0,0,0,0,0,0,0,0,0,0
178,10,1658,8,10,0.068082,24352.86,0.029744,55742.56,0.023513,70513.79,0.026489,62592.37,0.031524,52595.49,0.025796,64273.52,0.053115,31215.22,0.069520,0.013898,0.027535,0.025796,0.136748,0.023050,2,215609,265009,975112,1098,0,0,0,1398,0,0,0,682,0,0,0,397,0,0,0,526,0,0,0,8,0,0,0,17146020830216951045,15111256850495430010,15111256850495430010,12905800854632116856,7672722973196285054,16148201473482067980,0,0,0,0,0,0,0,0,0,0,0
179,10,1354,8,10,0.067111,20175.68,0.035277,38381.83,0.031868,42487.73,0.035551,38086.65,0.039456,34316.54,0.033082,40928.49,0.048006,28204.74,0.068513,0.011901,0.019924,0.033082,0.133420,0.014623,3,183618,189013,763656,968,0,0,0,1576,0,0,0,749,0,0,0,411,0,0,0,582,0,0,0,17,0,0,0,10739020041265888215,16900149420671204005,16900149420671204005,11768950520427893731,9183328390175510048,9331593992110487069,0,0,0,0,0,0,0,0,0,0,0
180,10,1259,8,10,0.059397,21196.28,0.032196,39104.41,0.030325,41516.80,0.034441,36554.79,0.037841,33270.37,0.033202,37919.51,0.041610,30257.35,0.060466,0.011235,0.013362,0.033202,0.118265,0.013392,6,166137,170387,758197,816,0,0,0,1304,0,0,0,721,0,0,0,490,0,0,0,450,0,0,0,17,0,0,0,2160699603113814345,11820401222816178868,11820401222816178868,6584910652707658602,9027571643278270163,14189369205703447190,0,0,0,0,0,0,0,0,0,0,0
181,10,1428,8,10,0.077601,18401.79,0.038374,37213.15,0.029683,48107.69,0.038750,36851.86,0.044817,31863.19,0.038197,37385.04,0.057009,25048.62,0.078978,0.013323,0.033873,0.038197,0.164371,0.017294,1,205378,213538,807632,846,0,0,0,1349,0,0,0,678,0,0,0,428,0,0,0,527,0,0,0,6,0,0,0,16170634598087307559,175159740515159925,175159740515159925,12341102713994824973,5103634680963840570,10548363356344097312,0,0,0,0,0,0,0,0,0,0,0
182,10,1396,8,10,0.071073,19641.90,0.040293,34646.54,0.036618,38123.28,0.039539,35307.10,0.043752,31907.02,0.039387,35443.07,0.053128,26276.38,0.072938,0.012144,0.021570,0.039387,0.146040,0.016158,3,195705,203725,882213,1104,0,0,0,1776,0,0,0,721,0,0,0,381,0,0,0,563,0,0,0,10,0,0,0,8192482859386740066,13248615958420313865,13248615958420313865,7036681021723217554,5513410080170840725,10787421162507583771,0,0,0,0,0,0,0,0,0,0,0
183,10,1672,8,10,0.063709,26244.46,0.029796,56114.30,0.026957,62024.82,0.032722,51096.70,0.036175,46220.05,0.030303,55176.70,0.062839,26607.72,0.065081,0.013574,0.022772,0.030303,0.131729,0.018784,3,196462,422282,906854,678,0,0,0,1190,0,0,0,611,0,0,0,321,0,0,0,347,0,0,0,7,0,0,0,16553275164123254567,4389003512294738564,4389003512294738564,13816497273121724393,3361150901361320403,17011480769030872630,0,0,0,0,0,0,0,0,0,0,0
184,10,1415,8,10,0.063321,22346.38,0.033668,42028.25,0.029237,48397.75,0.034492,41024.06,0.040203,35196.50,0.035256,40134.90,0.043165,32780.90,0.064456,0.011225,0.020251,0.035256,0.131188,0.015589,4,172155,179465,774474,761,0,0,0,1345,0,0,0,690,0,0,0,493,0,0,0,659,0,0,0,6,0,0,0,17350676904851835926,12855692325174983010,12855692325174983010,3033909511227632340,16580010766818840293,15716100628216715253,0,0,0,0,0,0,0,0,0,0,0
185,10,1493,8,10,0.096746,15432.09,0.060589,24641.53,0.049724,30025.76,0.040729,36657.15,0.065576,22767.62,0.052964,28188.85,0.076499,19516.63,0.099295,0.014492,0.024161,0.052964,0.190912,0.017395,3,204156,210626,830085,897,0,0,0,1489,0,0,0,744,0,0,0,475,0,0,0,471,0,0,0,11,0,0,0,14914175751333970352,13176839965075897698,13176839965075897698,12849411381442379642,5198766808403571054,9563171556545506373,0,0,0,0,0,0,0,0,0,0,0
186,10,1535,8,10,0.075344,20373.09,0.034546,44432.91,0.028351,54143.50,0.035749,42938.67,0.038331,40046.28,0.033790,45428.15,0.057857,26531.05,0.077426,0.013103,0.027913,0.033790,0.152232,0.019463,2,211579,259919,735639,1239,0,0,0,1507,0,0,0,616,0,0,0,455,0,0,0,540,0,0,0,6,0,0,0,17092754049077432619,9556625103043274368,9556625103043274368,10721796500058199034,1992637316777357698,6983965744840732256,0,0,0,0,0,0,0,0,0,0,0
187,10,1294,8,10,0.076290,16961.68,0.039393,32848.82,0.026015,49740.17,0.032265,40105.20,0.044209,29270.38,0.036856,35109.83,0.055745,23212.76,0.077336,0.010909,0.020269,0.036856,0.145370,0.013934,3,164932,168677,917074,606,0,0,0,976,0,0,0,547,0,0,0,445,0,0,0,460,0,0,0,4,0,0,0,13891585751592385843,1224885449538991076,1224885449538991076,5285428551742025454,6246357174039762723,7252159232158609127,0,0,0,0,0,0,0,0,0,0,0
188,10,1368,8,10,0.071697,19080.40,0.035457,38581.42,0.028798,47503.80,0.032278,42381.65,0.039852,34327.30,0.032502,42089.94,0.049424,27678.97,0.072746,0.013310,0.021310,0.032502,0.139869,0.015494,4,178531,183281,795901,807,0,0,0,1278,0,0,0,662,0,0,0,493,0,0,0,498,0,0,0,10,0,0,0,1437413513052880348,3257255897329172080,3257255897329172080,12215328034443176406,9881533179352135984,16006920505434669321,0,0,0,0,0,0,0,0,0,0,0
189,10,1331,8,10,0.064703,20571.05,0.032071,41502.04,0.027670,48102.07,0.030166,44122.77,0.035620,37366.21,0.028966,45950.61,0.043611,30519.72,0.065964,0.012021,0.023610,0.028966,0.130562,0.015141,3,187635,191200,707517,803,0,0,0,1230,0,0,0,649,0,0,0,444,0,0,0,473,0,0,0,17,0,0,0,14383164471585277104,14383164471585277104,14383164471585277104,6839620867227086132,6199111391243411225,14927007737150141116,0,0,0,0,0,0,0,0,0,0,0
190,10,1446,8,10,0.073625,19639.96,0.044832,32253.53,0.039789,36341.43,0.040786,35453.23,0.045520,31766.38,0.039533,36576.93,0.055402,26100.05,0.075325,0.011815,0.023085,0.039533,0.149759,0.017374,3,193197,204827,908928,1202,0,0,0,2041,0,0,0,686,0,0,0,553,0,0,0,624,0,0,0,16,0,0,0,2712259049998538575,8081248724852667304,8081248724852667304,18287191757482623783,14725726646762760238,14882151635859871030,0,0,0,0,0,0,0,0,0,0,0
191,10,1360,8,10,0.087270,15583.81,0.047253,28781.23,0.027584,49304.27,0.045539,29864.69,0.055813,24366.97,0.046492,29252.06,0.063048,21570.89,0.088279,0.012263,0.021169,0.046492,0.168203,0.016350,3,189969,194699,1065309,714,0,0,0,1222,0,0,0,684,0,0,0,434,0,0,0,445,0,0,0,7,0,0,0,2988246760292495579,14248026327860796584,14248026327860796584,2562228091104867622,11387764980407322075,11728514115132873937,0,0,0,0,0,0,0,0,0,0,0
192,10,1448,8,10,0.093481,15489.82,0.046107,31405.27,0.037447,38667.59,0.036868,39274.76,0.055074,26291.87,0.058529,24739.96,0.069605,20803.11,0.094630,0.013324,0.025596,0.058529,0.192079,0.017098,2,208766,213501,882673,803,0,0,0,1464,0,0,0,870,0,0,0,466,0,0,0,338,0,0,0,36,0,0,0,13623575702270316180,13623575702270316180,13623575702270316180,6499753771709926993,7183975540340197590,1831268885437499464,0,0,0,0,0,0,0,0,0,0,1
193,10,1785,8,10,0.082697,21584.90,0.040610,43954.88,0.032618,54723.77,0.037285,47874.22,0.045685,39072.10,0.037030,48203.76,0.069724,25600.87,0.084019,0.016108,0.029029,0.037030,0.166186,0.026504,2,240749,300839,990005,1097,0,0,0,1822,0,0,0,861,0,0,0,488,0,0,0,571,0,0,0,9,0,0,0,8931915551991197226,16375049171277642908,16375049171277642908,5840494179706230244,3993502507371263927,9763604447413313542,0,0,0,0,0,0,0,0,0,0,0
194,10,1416,8,10,0.071768,19730.30,0.036502,38792.45,0.030169,46936.05,0.032654,43364.36,0.039840,35542.26,0.032815,43151.36,0.055343,25585.73,0.072685,0.012689,0.025070,0.032815,0.143258,0.015831,2,204709,211354,778399,786,0,0,0,1352,0,0,0,751,0,0,0,480,0,0,0,602,0,0,0,37,0,0,0,10044657162700635382,13934478141560910180,13934478141560910180,14688921811536445495,4483891853063768113,14455907591505540891,0,0,0,0,0,0,0,0,0,0,0
195,10,1460,8,10,0.067124,21750.83,0.033332,43801.92,0.026397,55308.76,0.035438,41198.86,0.039645,36826.38,0.035360,41290.00,0.048198,30291.55,0.068361,0.013252,0.025871,0.035360,0.142843,0.016566,2,192395,196135,976015,965,0,0,0,1471,0,0,0,1052,0,0,0,975,0,0,0,796,0,0,0,9,0,0,0,4251055314082154822,13372598903463982402,13372598903463982402,4692567287908002699,11547508907703051371,3524173262078505603,0,0,0,0,0,0,0,0,0,0,0
196,10,1377,8,10,0.069837,19717.27,0.033980,40524.33,0.031813,43283.51,0.038079,36161.70,0.041926,32843.86,0.039043,35268.78,0.051888,26538.12,0.071121,0.011964,0.012616,0.039043,0.134744,0.015272,8,176296,180936,911905,790,0,0,0,1501,0,0,0,790,0,0,0,480,0,0,0,462,0,0,0,11,0,0,0,2028604789923883438,14955360514463187100,14955360514463187100,14844486262061424810,14319507753999241021,8466818426182102750,0,0,0,0,0,0,0,0,0,0,0
197,10,1586,8,10,0.080595,19678.64,0.045304,35007.98,0.035128,45149.40,0.048932,32412.34,0.055210,28726.80,0.050387,31476.06,0.065557,24192.51,0.081757,0.013216,0.021831,0.050387,0.167192,0.019587,3,203658,213943,910342,1033,0,0,0,1103,0,0,0,736,0,0,0,536,0,0,0,531,0,0,0,12,0,0,0,3950863810684375365,12289850195078614108,12289850195078614108,18356891894376298046,4216824046151326805,18206688538637403535,0,0,0,0,0,0,0,0,0,0,0
198,10,1560,8,10,0.086131,18111.90,0.045810,34053.82,0.035214,44301.14,0.040168,38837.02,0.050696,30771.77,0.047311,32973.60,0.065312,23885.36,0.087633,0.013386,0.025685,0.047311,0.174014,0.018943,2,196744,203439,982554,803,0,0,0,1447,0,0,0,933,0,0,0,551,0,0,0,1017,0,0,0,14,0,0,0,7045906397853886443,9615564373728735999,9615564373728735999,17199656768567351977,7035639480333676065,6823996067171410973,0,0,0,0,0,0,0,0,0,0,0
199,10,1432,8,10,0.074202,19298.70,0.036239,39515.46,0.030708,46632.13,0.036751,38964.71,0.042475,33713.80,0.037023,38678.95,0.055183,25950.14,0.075443,0.014145,0.019869,0.037023,0.146479,0.018168,5,207600,214840,991677,774,0,0,0,1363,0,0,0,611,0,0,0,334,0,0,0,349,0,0,0,9,0,0,0,16451557413468504436,12800733791812226537,12800733791812226537,10014282227241521697,6179532904217073794,6403966000376253042,0,0,0,0,0,0,0,0,0,0,0
200,10,1430,8,10,0.074825,19111.23,0.040924,34943.07,0.031334,45637.00,0.043934,32548.62,0.049863,28678.38,0.042595,33571.76,0.055913,25575.66,0.076136,0.011890,0.019563,0.042595,0.150185,0.016450,4,180316,186031,855729,735,0,0,0,1286,0,0,0,616,0,0,0,383,0,0,0,465,0,0,0,5,0,0,0,5488612390020058374,12058972157420241961,12058972157420241961,14385779750322361345,5804594843563462806,650337629627601240,0,0,0,0,0,0,0,0,0,0,0
201,10,1508,8,10,0.057604,26178.85,0.029883,50462.91,0.028487,52936.01,0.030529,49395.66,0.034867,43250.30,0.032671,46157.45,0.039224,38446.22,0.058639,0.011762,0.010824,0.032671,0.113896,0.017831,10,173708,177803,778928,683,0,0,0,1137,0,0,0,548,0,0,0,376,0,0,0,345,0,0,0,7,0,0,0,6280503103619677193,6280503103619677193,6280503103619677193,11869760089531125379,7997821471276142899,3526502402256087923,0,0,0,0,0,0,0,0,0,0,0
202,10,1509,8,10,0.073858,20431.01,0.037726,39998.50,0.032194,46872.42,0.037216,40546.59,0.044876,33625.73,0.038236,39465.59,0.057231,26366.64,0.075155,0.011777,0.019336,0.038236,0.144504,0.018554,4,190271,201791,953316,952,0,0,0,1543,0,0,0,679,0,0,0,429,0,0,0,516,0,0,0,13,0,0,0,1916771777681802900,7993346073372097744,7993346073372097744,4078799876192602694,3216864780045418567,9017905968766095015,0,0,0,0,0,0,0,0,0,0,0
203,10,1475,8,10,0.082589,17859.45,0.042965,34330.60,0.033411,44146.59,0.046469,31741.36,0.051246,28782.58,0.048531,30392.78,0.061991,23793.82,0.084548,0.012631,0.019553,0.048531,0.165263,0.018003,4,191790,205395,999793,947,0,0,0,1661,0,0,0,738,0,0,0,509,0,0,0,604,0,0,0,26,0,0,0,15241953527536424876,12222208319814174503,12222208319814174503,16939928167927640779,14020122493715483446,15443236478303966876,0,0,0,0,0,0,0,0,0,0,0
204,10,1449,8,10,0.069893,20731.61,0.034685,41776.19,0.030788,47063.37,0.035004,41394.83,0.039511,36672.99,0.035243,41114.49,0.051591,28086.48,0.070982,0.011656,0.010795,0.035243,0.128676,0.016945,10,178293,184278,888510,827,0,0,0,1375,0,0,0,642,0,0,0,447,0,0,0,411,0,0,0,12,0,0,0,7794765205323915100,15545499856980093106,15545499856980093106,6964281212677169789,2073442486709188889,8474747796001847920,0,0,0,0,0,0,0,0,0,0,0
205,10,1471,8,10,0.067690,21731.28,0.033958,43318.17,0.031286,47017.61,0.035268,41709.52,0.038994,37723.41,0.032354,45465.40,0.043767,33609.66,0.068414,0.012601,0.022367,0.032354,0.135735,0.019096,2,188320,194350,959915,928,0,0,0,1455,0,0,0,876,0,0,0,499,0,0,0,594,0,0,0,17,0,0,0,12966597613764278588,9230348182887375262,9230348182887375262,11261149496509730424,9176385568531899862,1424617035848317257,0,0,0,0,0,0,0,0,0,0,0
206,10,1571,8,10,0.071641,21928.92,0.035155,44687.60,0.031489,49890.83,0.036655,42858.83,0.043877,35804.65,0.035740,43956.91,0.053541,29341.90,0.072804,0.012407,0.019542,0.035740,0.140493,0.020448,5,183866,191506,970495,682,0,0,0,1420,0,0,0,721,0,0,0,467,0,0,0,503,0,0,0,9,0,0,0,17459079689304840762,10440648530661977153,10440648530661977153,8472818115272547260,9469631563997222515,3245238624229797375,0,0,0,0,0,0,0,0,0,0,0
207,10,1405,8,10,0.078174,17972.66,0.037030,37942.06,0.029636,47407.85,0.034396,40847.45,0.044399,31644.84,0.035947,39085.32,0.057847,24288.24,0.079284,0.012946,0.024536,0.035947,0.152713,0.016676,2,201444,205649,963338,864,0,0,0,1353,0,0,0,845,0,0,0,500,0,0,0,599,0,0,0,11,0,0,0,8116728108288188328,6825532087000564172,6825532087000564172,5045182638876016157,2198772302358108394,1782524492027206303,0,0,0,0,0,0,0,0,0,0,0
208,10,1600,8,10,0.066250,24150.95,0.030180,53015.26,0.029243,54714.47,0.033401,47902.91,0.037649,42498.08,0.032388,49400.61,0.046874,34134.29,0.067742,0.013205,0.022849,0.032388,0.136184,0.021911,2,188757,204447,840064,1067,0,0,0,1640,0,0,0,928,0,0,0,633,0,0,0,819,0,0,0,54,0,0,0,9557680652890186655,7465253626347354666,7465253626347354666,14510968686634980454,6790620325786723185,9420617280272190402,0,0,0,0,0,0,0,0,0,0,0
209,10,1456,8,10,0.082464,17656.15,0.041972,34689.45,0.033833,43035.37,0.031619,46047.67,0.047279,30795.81,0.044379,32808.67,0.064404,22607.42,0.083791,0.012578,0.022736,0.044379,0.163484,0.020795,4,190600,212410,723943,1066,0,0,0,1392,0,0,0,831,0,0,0,445,0,0,0,429,0,0,0,13,0,0,0,435114645431623329,10914166326126914254,10914166326126914254,1100705370869638620,17612807153157650010,9532577331105542313,0,0,0,0,0,0,0,0,0,0,0
210,10,1482,8,10,0.078169,18958.80,0.044059,33636.71,0.027072,54742.46,0.040175,36888.48,0.049466,29960.25,0.040599,36503.61,0.060039,24683.95,0.080083,0.012377,0.022968,0.040599,0.156026,0.017587,2,186937,192837,1043934,752,0,0,0,1224,0,0,0,570,0,0,0,390,0,0,0,414,0,0,0,7,0,0,0,10352343215395372061,1983867126277021252,1983867126277021252,17143871507391050657,11655013926883037932,2002112725075881189,0,0,0,0,0,0,0,0,0,0,0
211,10,1629,8,10,0.060916,26741.76,0.028615,56927.80,0.024698,65956.27,0.026094,62427.52,0.032935,49461.19,0.029991,54316.24,0.056518,28822.59,0.062661,0.012139,0.014049,0.029991,0.118840,0.020070,7,185760,231540,849173,1330,0,0,0,1597,0,0,0,526,0,0,0,368,0,0,0,390,0,0,0,34,0,0,0,8559743419543475969,18117894513981870206,18117894513981870206,13803855016576938250,11205639828949261177,5031376511636474236,0,0,0,0,0,0,0,0,0,0,0
212,10,1529,8,10,0.067870,22528.24,0.036614,41759.60,0.033852,45166.81,0.039012,39192.78,0.042018,36389.35,0.036077,42381.15,0.054694,27955.49,0.069906,0.011814,0.023399,0.036077,0.141197,0.017936,3,193780,201085,730415,1039,0,0,0,1742,0,0,0,622,0,0,0,411,0,0,0,550,0,0,0,18,0,0,0,1339512113116285593,10397430575260325832,10397430575260325832,11356557039890195424,12019165340528937477,15648091183813655668,0,0,0,0,0,0,0,0,0,0,0
213,10,1370,8,10,0.058351,23478.66,0.032595,42031.17,0.029928,45776.90,0.032372,42320.17,0.037014,37012.94,0.032707,41886.98,0.042615,32148.58,0.059542,0.011025,0.019776,0.032707,0.123051,0.014960,3,163552,168687,924427,733,0,0,0,1249,0,0,0,638,0,0,0,351,0,0,0,434,0,0,0,28,0,0,0,4210366347283497104,1095343485361906089,1095343485361906089,14118839408164149122,8582755153326515555,1414290581126537073,0,0,0,0,0,0,0,0,0,0,0
214,10,1441,8,10,0.065397,22034.58,0.032714,44047.99,0.022777,63266.50,0.032504,44333.45,0.038764,37173.98,0.029035,49630.30,0.047209,30523.57,0.066319,0.011346,0.019395,0.029035,0.126095,0.016721,3,168285,172885,746694,594,0,0,0,935,0,0,0,461,0,0,0,338,0,0,0,317,0,0,0,7,0,0,0,10741963939662063442,4181735771109273173,4181735771109273173,10516219244039043516,15278308116437907562,11366935224625044445,0,0,0,0,0,0,0,0,0,0,0
215,10,1424,8,10,0.065426,21764.90,0.031052,45857.88,0.027264,52229.66,0.033016,43130.84,0.036788,38708.40,0.061752,23060.14,0.049757,28619.17,0.066931,0.012089,0.021775,0.061752,0.162547,0.017518,4,179613,191063,950912,794,0,0,0,1379,0,0,0,547,0,0,0,367,0,0,0,142,0,0,0,20,0,0,0,9257348049331239688,10643600251786274996,10643600251786274996,17023750529801611896,10813589120634523373,16849403404310059212,0,0,0,0,0,0,0,0,0,0,1
216,10,1516,8,10,0.086020,17623.88,0.047950,31616.17,0.037083,40881.81,0.050930,29766.37,0.053659,28252.39,0.047777,31730.84,0.068173,22237.46,0.087326,0.013018,0.023973,0.047777,0.172094,0.019056,2,201190,213385,913663,1268,0,0,0,1778,0,0,0,818,0,0,0,499,0,0,0,635,0,0,0,11,0,0,0,10511217453268610662,10904662157359538715,10904662157359538715,15817661446453966559,7322827608684690673,11130412529863886109,0,0,0,0,0,0,0,0,0,0,0
217,10,1546,8,10,0.062358,24792.44,0.029615,52203.13,0.026527,58279.50,0.030299,51025.44,0.033431,46245.09,0.030680,50391.56,0.044353,34856.65,0.063203,0.011926,0.021411,0.030680,0.127220,0.017745,3,183050,190755,780460,762,0,0,0,1223,0,0,0,606,0,0,0,435,0,0,0,544,0,0,0,7,0,0,0,1769472123274683146,9462325716801186605,9462325716801186605,17323053543708923988,15808074110788394813,954911169493274451,0,0,0,0,0,0,0,0,0,0,0
218,10,1545,8,10,0.073057,21147.80,0.039766,38852.69,0.032001,48280.22,0.036961,41800.27,0.046464,33251.31,0.036499,42329.82,0.056960,27124.09,0.074588,0.013057,0.023816,0.036499,0.147959,0.022032,2,199926,210061,915036,983,0,0,0,1465,0,0,0,649,0,0,0,518,0,0,0,516,0,0,0,44,0,0,0,16885103871762383511,13905882523887520599,13905882523887520599,11117158590171742229,1307204440656200542,14192084799355877662,0,0,0,0,0,0,0,0,0,0,0
219,10,1536,8,10,0.067798,22655.45,0.035896,42789.94,0.028043,54772.19,0.027841,55170.40,0.039466,38919.51,0.031466,48814.67,0.051486,29833.53,0.069169,0.011547,0.023634,0.031466,0.135816,0.017275,2,178594,190339,821941,733,0,0,0,1164,0,0,0,680,0,0,0,403,0,0,0,420,0,0,0,10,0,0,0,7215998323305703843,7899641700903731055,7899641700903731055,16917060128411077850,14087742737314409835,3294867678661638705,0,0,0,0,0,0,0,0,0,0,0
220,10,1543,8,10,0.078079,19762.01,0.037455,41195.64,0.029255,52742.72,0.044462,34703.42,0.050399,30615.86,0.036150,42683.48,0.060633,25448.24,0.078956,0.013067,0.025018,0.036150,0.153191,0.022280,2,195648,206273,721941,978,0,0,0,1349,0,0,0,611,0,0,0,478,0,0,0,635,0,0,0,12,0,0,0,8180988729485612787,17482602266427847253,17482602266427847253,10336654428231120872,8468957511559246696,17928658793778121335,0,0,0,0,0,0,0,0,0,0,0
221,10,1605,8,10,0.068425,23456.39,0.028418,56477.58,0.024127,66522.55,0.029700,54040.46,0.035714,44940.43,0.031744,50561.34,0.044453,36105.92,0.069464,0.012270,0.019719,0.031744,0.133197,0.019348,4,184400,190550,990641,624,0,0,0,1033,0,0,0,755,0,0,0,472,0,0,0,548,0,0,0,16,0,0,0,5737999479649354976,8446447180192921509,8446447180192921509,12598295115806549065,12766044558239194587,13657873017569976675,0,0,0,0,0,0,0,0,0,0,0
222,10,1838,8,10,0.087024,21120.63,0.041863,43904.87,0.031691,57998.16,0.049574,37075.60,0.054767,33560.16,0.049670,37003.89,0.075384,24381.67,0.089189,0.015437,0.023641,0.049670,0.177937,0.028159,4,219065,277000,1156699,1636,0,0,0,1800,0,0,0,1098,0,0,0,583,0,0,0,587,0,0,0,24,0,0,0,13237075779892444004,15953373352350024090,15953373352350024090,11035226005938035687,17693802853573673280,11531119027270535955,0,0,0,0,0,0,0,0,0,0,0
223,10,1534,8,10,0.064668,23721.20,0.030328,50580.36,0.025457,60259.30,0.028627,53585.99,0.035014,43811.64,0.028983,52927.90,0.046419,33047.00,0.066031,0.010849,0.018178,0.028983,0.124041,0.017911,5,172675,189235,928200,833,0,0,0,1189,0,0,0,849,0,0,0,473,0,0,0,585,0,0,0,15,0,0,0,2622307114058937512,7246833332019582731,7246833332019582731,16222641561808345833,638801919694558240,8551463092679024929,0,0,0,0,0,0,0,0,0,0,0
224,10,1544,8,10,0.076978,20057.55,0.035163,43909.85,0.030221,51090.59,0.043334,35630.28,0.045381,34022.70,0.043667,35358.17,0.059433,25978.70,0.078183,0.012354,0.014860,0.043667,0.149064,0.018171,7,188447,198917,888493,940,0,0,0,1538,0,0,0,835,0,0,0,477,0,0,0,476,0,0,0,5,0,0,0,15721562684600838103,11360583675812070496,11360583675812070496,1893136606450980684,17582916215847807990,3916138566955535923,0,0,0,0,0,0,0,0,0,0,0
225,10,1715,8,10,0.067240,25505.61,0.031833,53875.56,0.027624,62084.42,0.034014,50419.89,0.038752,44256.13,0.033872,50631.30,0.048557,35319.66,0.068490,0.011773,0.021534,0.033872,0.135670,0.020128,3,180664,191799,1113767,733,0,0,0,1379,0,0,0,756,0,0,0,429,0,0,0,710,0,0,0,8,0,0,0,1884973486079807385,14053632761355107871,14053632761355107871,10830134816534726658,9297947978694921743,7762067565543302992,0,0,0,0,0,0,0,0,0,0,0
226,10,1413,8,10,0.055823,25312.20,0.030421,46447.99,0.029041,48655.77,0.029832,47365.66,0.032673,43247.28,0.027625,51150.15,0.038081,37104.97,0.057472,0.009818,0.020775,0.027625,0.115689,0.014873,2,158952,162952,778490,834,0,0,0,1397,0,0,0,885,0,0,0,475,0,0,0,656,0,0,0,19,0,0,0,10541568029730284499,10541568029730284499,10541568029730284499,17869928793551976382,10067310937139271814,3557809517705589154,0,0,0,0,0,0,0,0,0,0,0
227,10,1604,8,10,0.064460,24883.79,0.028277,56724.07,0.024810,64652.43,0.030208,53097.71,0.035233,45525.45,0.030469,52643.68,0.039255,40860.59,0.065787,0.012976,0.022430,0.030469,0.131662,0.019464,3,190251,193541,907205,621,0,0,0,985,0,0,0,599,0,0,0,354,0,0,0,441,0,0,0,7,0,0,0,5561250207289541885,5561250207289541885,5561250207289541885,14611008785669514227,5940141875544946649,8692048725375416864,0,0,0,0,0,0,0,0,0,0,0
228,10,1730,8,10,0.060046,28811.20,0.025212,68617.28,0.021032,82257.26,0.024898,69483.59,0.028152,61451.50,0.024998,69206.03,0.038454,44988.92,0.061069,0.011430,0.019809,0.024998,0.117305,0.017857,4,179717,183722,989253,501,0,0,0,959,0,0,0,635,0,0,0,328,0,0,0,454,0,0,0,8,0,0,0,12971530877569652918,13392143864052873742,13392143864052873742,4561655639358065199,13361129800815444085,12327595862074376042,0,0,0,0,0,0,0,0,0,0,0
229,10,1641,8,10,0.068762,23865.10,0.036664,44757.59,0.029892,54898.55,0.038568,42547.90,0.043308,37891.26,0.039429,41619.61,0.050210,32682.75,0.070176,0.011631,0.020847,0.039429,0.142082,0.018625,4,180168,188448,827881,888,0,0,0,1812,0,0,0,1102,0,0,0,608,0,0,0,643,0,0,0,37,0,0,0,7560716118708338405,7560716118708338405,7560716118708338405,8451613552001498788,16456649479237286235,12572682620078154040,0,0,0,0,0,0,0,0,0,0,0
230,10,1380,8,10,0.057854,23853.25,0.028468,48476.06,0.026909,51284.73,0.028389,48610.34,0.032083,43012.99,0.030564,45150.75,0.039197,35207.17,0.059052,0.010616,0.012006,0.030564,0.112239,0.015970,7,163155,169685,761335,914,0,0,0,1569,0,0,0,585,0,0,0,458,0,0,0,435,0,0,0,14,0,0,0,7319912879700201017,18303001991521947600,18303001991521947600,14126022947307663739,6703675603468437905,13202356917337260363,0,0,0,0,0,0,0,0,0,0,0
231,10,1397,8,10,0.073970,18885.94,0.037796,36961.38,0.027984,49920.96,0.032134,43474.56,0.040916,34142.89,0.029551,47274.21,0.051409,27174.34,0.075450,0.011459,0.021749,0.029551,0.138209,0.014768,2,171479,176534,903800,683,0,0,0,1340,0,0,0,679,0,0,0,522,0,0,0,453,0,0,0,16,0,0,0,11794698546284313756,3415194064591166167,3415194064591166167,9382367766117440516,14285456466818988959,17277353206709101988,0,0,0,0,0,0,0,0,0,0,0
232,10,1673,8,10,0.069386,24111.61,0.032707,51151.29,0.029696,56337.29,0.033359,50150.92,0.036743,45532.42,0.034670,48254.70,0.046876,35689.86,0.070236,0.013648,0.019940,0.034670,0.138495,0.021120,5,196138,204518,881186,977,0,0,0,1598,0,0,0,844,0,0,0,558,0,0,0,514,0,0,0,20,0,0,0,2397461119957689051,5420835710945028640,5420835710945028640,8683537745498221941,7468336848247550699,15624392917895398810,0,0,0,0,0,0,0,0,0,0,0
233,10,1508,8,10,0.073521,20511.06,0.039909,37785.86,0.034943,43156.13,0.035789,42135.34,0.042800,35233.52,0.034753,43391.36,0.053589,28140.00,0.075409,0.012412,0.022194,0.034753,0.144768,0.017258,3,194088,229313,706141,1413,0,0,0,2390,0,0,0,743,0,0,0,420,0,0,0,590,0,0,0,66,0,0,0,8232803942829554614,18403710518237276194,18403710518237276194,6142505637788161890,5305998518652916503,8782769728215254161,0,0,0,0,0,0,0,0,0,0,0
234,10,2130,8,10,0.068746,30983.46,0.034943,60956.55,0.030562,69693.62,0.032755,65028.66,0.039766,53563.33,0.031951,66665.11,0.079559,26772.59,0.070067,0.014606,0.027744,0.031951,0.144367,0.029688,2,225163,539398,709505,1838,0,0,0,2233,0,0,0,916,0,0,0,464,0,0,0,571,0,0,0,14,0,0,0,5530329800698973497,5530329800698973497,5530329800698973497,8277079422179282877,478289237274922240,17980283505725730460,0,0,0,0,0,0,0,0,0,0,0
235,10,1512,8,10,0.059314,25491.42,0.030373,49781.67,0.026772,56477.33,0.030845,49019.35,0.034173,44244.85,0.031541,47938.23,0.043574,34699.75,0.061867,0.010969,0.020913,0.031541,0.125290,0.018258,3,182800,199915,813503,1107,0,0,0,1583,0,0,0,858,0,0,0,521,0,0,0,590,0,0,0,5,0,0,0,8096707060455540098,11463759722814080976,11463759722814080976,16818529335053074842,13103242814874474944,955084762063546025,0,0,0,0,0,0,0,0,0,0,0
236,10,1428,8,10,0.071204,20055.14,0.039724,35948.29,0.031100,45916.85,0.039101,36520.63,0.044266,32259.32,0.031551,45260.25,0.050204,28443.70,0.072186,0.012290,0.021048,0.031551,0.137074,0.016621,3,180323,185288,812020,881,0,0,0,1525,0,0,0,783,0,0,0,436,0,0,0,512,0,0,0,9,0,0,0,2870244726407289649,2870244726407289649,2870244726407289649,3986406653300894932,18225091392671510397,17652405036074446962,0,0,0,0,0,0,0,0,0,0,0
237,10,1563,8,10,0.068903,22683.96,0.031302,49933.34,0.027714,56397.11,0.032793,47662.51,0.037603,41566.28,0.030390,51430.75,0.051679,30244.36,0.067675,0.013449,0.027360,0.030390,0.138874,0.019858,2,203818,222828,813178,890,0,0,0,1446,0,0,0,755,0,0,0,370,0,0,0,449,0,0,0,13,0,0,0,6230440329721286968,4923266669499313775,4923266669499313775,8780998275335298443,7572116471508353636,3901075054879696469,0,0,0,0,0,0,0,0,0,0,0
238,10,1425,8,10,0.075691,18826.58,0.032281,44144.28,0.028409,50160.70,0.033469,42577.24,0.038940,36595.17,0.034505,41298.94,0.050526,28203.57,0.076712,0.014287,0.028237,0.034505,0.153740,0.016982,2,213203,219033,937866,682,0,0,0,1238,0,0,0,681,0,0,0,513,0,0,0,654,0,0,0,13,0,0,0,8563934196318335198,4532180194714271123,4532180194714271123,14101995347423864997,12392015543667621493,1265103772226251990,0,0,0,0,0,0,0,0,0,0,0
239,10,1594,8,10,0.071530,22284.27,0.033328,47827.47,0.029343,54322.86,0.040535,39324.09,0.043162,36930.44,0.037564,42434.02,0.060545,26327.56,0.072793,0.012376,0.023268,0.037564,0.146001,0.027177,2,185655,256520,1075697,688,0,0,0,1109,0,0,0,626,0,0,0,378,0,0,0,520,0,0,0,7,0,0,0,17515689507107087674,17246417010365111367,17246417010365111367,1935641167705852184,13196442912355410943,13900777580592401654,0,0,0,0,0,0,0,0,0,0,0
240,10,1518,8,10,0.075159,20197.20,0.034914,43478.79,0.030622,49572.89,0.034280,44283.01,0.042716,35537.20,0.035356,42934.72,0.051167,29667.72,0.076420,0.013384,0.024466,0.035356,0.149626,0.019462,3,208326,214596,985198,901,0,0,0,1475,0,0,0,749,0,0,0,472,0,0,0,524,0,0,0,21,0,0,0,7532650848567001377,13947750677406013430,13947750677406013430,1509908299937982193,14212467708636400581,11363790532281633732,0,0,0,0,0,0,0,0,0,0,0
241,10,1407,8,10,0.069270,20311.89,0.032847,42835.59,0.033118,42484.44,0.037343,37677.60,0.039681,35457.82,0.034970,40234.17,0.051862,27129.62,0.070774,0.012293,0.025231,0.034970,0.143268,0.015716,2,188487,193777,733129,683,0,0,0,1214,0,0,0,584,0,0,0,303,0,0,0,479,0,0,0,10,0,0,0,6109044514966860738,3221608541052659416,3221608541052659416,2792910899870415328,14778494426961765287,16538409793035657487,0,0,0,0,0,0,0,0,0,0,0
242,10,1704,8,10,0.073589,23155.73,0.037924,44932.54,0.031105,54783.06,0.042115,40460.36,0.045928,37101.61,0.042416,40173.94,0.057331,29722.02,0.074924,0.013884,0.021209,0.042416,0.152432,0.023614,4,203359,230884,903478,1304,0,0,0,1860,0,0,0,825,0,0,0,488,0,0,0,690,0,0,0,13,0,0,0,4150000798744697853,13843362782829592913,13843362782829592913,12964032166015970529,13119750638969890772,15517340081231056920,0,0,0,0,0,0,0,0,0,0,0
243,10,1417,8,10,0.083487,16972.61,0.042260,33530.45,0.030346,46695.10,0.035823,39555.31,0.044750,31664.96,0.041106,34471.63,0.059782,23702.84,0.084716,0.013194,0.023568,0.041106,0.162584,0.016330,3,203030,208235,880399,757,0,0,0,1247,0,0,0,801,0,0,0,405,0,0,0,544,0,0,0,10,0,0,0,3307886327524583707,3307886327524583707,3307886327524583707,4355985195055827234,17610123689011270360,2759902672703785030,0,0,0,0,0,0,0,0,0,0,0
244,10,1553,8,10,0.069421,22370.88,0.035708,43491.97,0.029140,53294.48,0.032748,47422.51,0.039590,39227.54,0.029977,51806.76,0.046810,33176.87,0.070820,0.011497,0.022418,0.029977,0.134712,0.017937,2,174521,182931,1100538,805,0,0,0,1416,0,0,0,756,0,0,0,448,0,0,0,570,0,0,0,8,0,0,0,1387635517463685730,1387635517463685730,1387635517463685730,11695403429816651932,18376558122283422908,9152293609069704929,0,0,0,0,0,0,0,0,0,0,0
245,10,1449,8,10,0.083154,17425.47,0.037581,38556.43,0.026343,55004.49,0.039026,37128.69,0.046048,31467.26,0.041094,35260.64,0.059201,24475.74,0.084178,0.012977,0.023848,0.041094,0.162097,0.017151,3,200193,205123,1064688,796,0,0,0,1191,0,0,0,941,0,0,0,426,0,0,0,606,0,0,0,20,0,0,0,4212871156050067907,14945739278455323117,14945739278455323117,11005602090577676069,853613864187462112,16916324787327794947,0,0,0,0,0,0,0,0,0,0,0
246,10,1497,8,10,0.068049,21998.69,0.034071,43937.38,0.030686,48784.78,0.034040,43977.50,0.038714,38668.56,0.032798,45642.99,0.046183,32414.80,0.069460,0.011712,0.023292,0.032798,0.137263,0.017158,2,181570,187305,830711,751,0,0,0,1429,0,0,0,640,0,0,0,414,0,0,0,538,0,0,0,11,0,0,0,12162348354805288250,15766893845250190947,15766893845250190947,3038859137316261676,4143892428102915227,1740037641834905148,0,0,0,0,0,0,0,0,0,0,0
247,10,1656,8,10,0.073851,22423.38,0.045291,36563.73,0.033556,49350.95,0.036421,45468.74,0.049484,33465.63,0.040739,40649.51,0.069249,23913.60,0.075327,0.013384,0.023816,0.040739,0.153265,0.023559,2,205307,266377,785667,1823,0,0,0,2488,0,0,0,603,0,0,0,397,0,0,0,589,0,0,0,50,0,0,0,15320979755252237627,15108687489409303143,15108687489409303143,1286594901229460447,29221192756949787,93538900769856669,0,0,0,0,0,0,0,0,0,0,0
248,10,1574,8,10,0.065687,23962.25,0.034829,45191.93,0.031419,50096.76,0.035503,44334.56,0.041756,37695.16,0.034802,45226.80,0.045457,34626.38,0.067456,0.013070,0.023274,0.034802,0.138602,0.019508,2,189355,195390,759444,929,0,0,0,1438,0,0,0,730,0,0,0,474,0,0,0,547,0,0,0,12,0,0,0,13666421426921523716,244639961761543188,244639961761543188,13235860955658180514,63740473228324994,16090502305280292037,0,0,0,0,0,0,0,0,0,0,0
249,10,1618,8,10,0.068921,23476.13,0.038837,41661.00,0.035223,45936.41,0.039380,41086.52,0.040463,39987.46,0.037319,43355.70,0.046748,34611.00,0.070279,0.012747,0.023886,0.037319,0.144232,0.019378,2,190024,197654,813566,1040,0,0,0,1569,0,0,0,823,0,0,0,510,0,0,0,667,0,0,0,17,0,0,0,463752480450633343,2728348321671579511,2728348321671579511,6074063116417119131,2183435709534757229,8930017233371859043,0,0,0,0,0,0,0,0,0,0,0
250,10,1414,8,10,0.068670,20591.37,0.036409,38836.16,0.028583,49469.12,0.032861,43030.18,0.037241,37968.78,0.034354,41159.63,0.049660,28473.67,0.069895,0.011752,0.019018,0.034354,0.135019,0.016439,4,175601,182976,960622,849,0,0,0,1300,0,0,0,803,0,0,0,445,0,0,0,535,0,0,0,20,0,0,0,18415426049724590327,6515853163095649383,6515853163095649383,14329330026850318858,15876316095008732917,15388832908259769641,0,0,0,0,0,0,0,0,0,0,0
251,10,1501,8,10,0.074581,20125.80,0.036976,40593.78,0.028890,51955.63,0.035889,41823.70,0.042974,34927.81,0.041283,36358.58,0.053327,28147.23,0.076202,0.012175,0.010772,0.041283,0.140433,0.017025,10,179567,185162,751165,910,0,0,0,1370,0,0,0,779,0,0,0,446,0,0,0,466,0,0,0,11,0,0,0,7926584297457363494,4845336840931207762,4845336840931207762,16358768567589664838,12529905346792081177,11501328527293838226,0,0,0,0,0,0,0,0,0,0,0
252,10,1623,8,10,0.075255,21566.81,0.039605,40979.68,0.030092,53934.61,0.041160,39431.68,0.046250,35092.10,0.041886,38748.42,0.058196,27888.48,0.076817,0.012632,0.020596,0.041886,0.151930,0.020472,4,185888,201133,907550,997,0,0,0,1581,0,0,0,625,0,0,0,555,0,0,0,540,0,0,0,16,0,0,0,3729737758641118761,6464964031809729111,6464964031809729111,14995904207609987773,6532869984794663177,11058055620996099109,0,0,0,0,0,0,0,0,0,0,0
253,10,1898,8,10,0.097102,19546.43,0.035084,54099.43,0.030749,61725.71,0.039586,47945.67,0.044681,42479.17,0.039339,48247.47,0.072855,26051.90,0.098417,0.015600,0.025483,0.039339,0.178839,0.029548,3,239034,304954,1484018,1065,0,0,0,1393,0,0,0,905,0,0,0,597,0,0,0,577,0,0,0,37,0,0,0,17384437562715319972,2533758098809560241,2533758098809560241,2905409277685370202,12269846679738623916,5203594194912990881,0,0,0,0,0,0,0,0,0,0,0
254,10,1433,8,10,0.079530,18018.36,0.035162,40754.26,0.033749,42460.05,0.040015,35811.96,0.044219,32407.06,0.043425,32999.62,0.057376,24975.80,0.080429,0.011379,0.011793,0.043425,0.147026,0.016404,9,183303,188978,1252514,911,0,0,0,1601,0,0,0,820,0,0,0,482,0,0,0,420,0,0,0,22,0,0,0,15813659174090761020,10106252204081778817,10106252204081778817,7974755435502935957,2420318012519970844,14354504783872465854,0,0,0,0,0,0,0,0,0,0,0
255,10,1418,8,10,0.074486,19037.03,0.034997,40517.79,0.029768,47634.88,0.037486,37827.14,0.041154,34455.67,0.037909,37405.25,0.049983,28369.69,0.075178,0.012368,0.022855,0.037909,0.148310,0.017810,3,192089,198844,1037952,754,0,0,0,1356,0,0,0,613,0,0,0,396,0,0,0,414,0,0,0,13,0,0,0,13880296067470341277,13880296067470341277,13880296067470341277,16486905439153088461,15319644501400905135,5746206213472022221,0,0,0,0,0,0,0,0,0,0,0
256,10,1437,8,10,0.081219,17692.88,0.036854,38991.70,0.030789,46671.94,0.040549,35438.33,0.043530,33011.64,0.038204,37614.29,0.057720,24895.99,0.082363,0.012413,0.023791,0.038204,0.156771,0.018642,2,195156,200001,1021623,762,0,0,0,1446,0,0,0,833,0,0,0,547,0,0,0,626,0,0,0,17,0,0,0,1853259053455171792,6479375115791721041,6479375115791721041,14283047256201497085,15601002101227392944,18351406303352260172,0,0,0,0,0,0,0,0,0,0,0
257,10,1770,8,10,0.115807,15284.06,0.042961,41200.19,0.033109,53459.48,0.052436,33755.54,0.058074,30478.60,0.054095,32719.96,0.085084,20802.89,0.117949,0.016625,0.030768,0.054095,0.219437,0.028028,2,249128,259683,1188496,839,0,0,0,1278,0,0,0,771,0,0,0,516,0,0,0,848,0,0,0,33,0,0,0,14898557271194123939,15998836089614418165,15998836089614418165,12990372002803903697,742666131079002794,590859390019335650,0,0,0,0,0,0,0,0,0,0,0
258,10,1546,8,10,0.089986,17180.36,0.038668,39981.15,0.033550,46079.98,0.053032,29152.47,0.054206,28520.68,0.050052,30887.63,0.069682,22186.54,0.091534,0.013749,0.019113,0.050052,0.174449,0.020332,5,194046,202846,791229,742,0,0,0,1322,0,0,0,534,0,0,0,293,0,0,0,260,0,0,0,23,0,0,0,1934355919984909409,1934355919984909409,1934355919984909409,7728599277936635995,7336389124889734071,8669372039789813654,0,0,0,0,0,0,0,0,0,0,0
259,10,1535,8,10,0.077669,19763.39,0.032923,46624.08,0.031225,49159.36,0.039000,39359.33,0.044099,34808.12,0.042787,35875.22,0.054511,28159.52,0.079098,0.012135,0.019699,0.042787,0.153719,0.017527,4,186104,195184,772289,704,0,0,0,1416,0,0,0,781,0,0,0,547,0,0,0,550,0,0,0,11,0,0,0,1833247906233334746,16577750446107162328,16577750446107162328,5422124153971948329,17153316360052675839,18026345636253947565,0,0,0,0,0,0,0,0,0,0,0
260,10,1587,8,10,0.065096,24379.34,0.030767,51581.07,0.028609,55472.96,0.034698,45737.32,0.038841,40858.83,0.035462,44751.62,0.048007,33057.53,0.066258,0.011109,0.015301,0.035462,0.128130,0.018462,6,175946,182421,1586872,746,0,0,0,1285,0,0,0,908,0,0,0,490,0,0,0,550,0,0,0,12,0,0,0,10601535250102083470,14166716619525424261,14166716619525424261,1687927637387533200,2883500757237475982,13324782673437803472,0,0,0,0,0,0,0,0,0,0,0
261,10,1476,8,10,0.082813,17823.37,0.037934,38909.89,0.034221,43131.20,0.038848,37993.78,0.044987,32809.12,0.039634,37240.99,0.058581,25196.02,0.084592,0.013185,0.022146,0.039634,0.159557,0.018813,3,204836,213511,1097179,938,0,0,0,1554,0,0,0,826,0,0,0,542,0,0,0,674,0,0,0,21,0,0,0,16283095400585721004,16116600759448403883,16116600759448403883,8350287939188480405,15200725994942307705,8962735865132386907,0,0,0,0,0,0,0,0,0,0,0
262,10,1484,8,10,0.077336,19189.09,0.039328,37733.92,0.036460,40701.70,0.042959,34544.88,0.047974,30933.32,0.042052,35289.51,0.057953,25607.13,0.079133,0.012115,0.023583,0.042052,0.156883,0.018056,2,196089,204339,882513,1057,0,0,0,1849,0,0,0,748,0,0,0,459,0,0,0,593,0,0,0,23,0,0,0,598779316069904227,6768873854490232427,6768873854490232427,13099404383816438744,1644921540526304313,15259633554280907105,0,0,0,0,0,0,0,0,0,0,0
263,10,1608,8,10,0.087152,18450.60,0.039882,40319.20,0.036493,44063.15,0.040726,39483.53,0.046373,34675.42,0.039709,40494.94,0.062882,25571.89,0.089029,0.014560,0.026286,0.039709,0.169584,0.021177,2,220056,228421,925534,966,0,0,0,1552,0,0,0,932,0,0,0,559,0,0,0,613,0,0,0,38,0,0,0,11253775596727361517,11253775596727361517,11253775596727361517,646119756418225738,5707702123800133044,104681554164260613,0,0,0,0,0,0,0,0,0,0,0
264,10,1485,8,10,0.097682,15202.42,0.040349,36803.50,0.038937,38138.89,0.048647,30525.76,0.052504,28283.67,0.049949,29730.36,0.068282,21747.92,0.096153,0.012728,0.014070,0.049949,0.172900,0.018234,8,195752,206222,1083419,738,0,0,0,1411,0,0,0,750,0,0,0,504,0,0,0,492,0,0,0,35,0,0,0,9971441461218841579,9971441461218841579,9971441461218841579,13434787587822430369,9094925771889622526,15504406790387335683,0,0,0,0,0,0,0,0,0,0,0
265,10,1312,8,10,0.069371,18912.68,0.033681,38954.08,0.026811,48935.67,0.032126,40839.71,0.039573,33154.22,0.033572,39080.54,0.046097,28461.91,0.070323,0.010926,0.021407,0.033572,0.136228,0.014223,2,167252,170907,716200,702,0,0,0,1136,0,0,0,759,0,0,0,429,0,0,0,496,0,0,0,12,0,0,0,3829444586142839695,3502127612143398078,3502127612143398078,4715431789274474208,1312972011650616630,3072587472166078791,0,0,0,0,0,0,0,0,0,0,0
266,10,1502,8,10,0.071313,21062.13,0.033990,44189.71,0.026338,57026.97,0.031295,47994.69,0.039871,37671.72,0.031041,48388.11,0.046192,32516.19,0.072818,0.011980,0.022590,0.031041,0.138429,0.018124,2,182691,187766,1863884,690,0,0,0,1109,0,0,0,705,0,0,0,438,0,0,0,579,0,0,0,17,0,0,0,9927504027098817000,13910541570628903203,13910541570628903203,9081066038331515895,2872572667877536345,7952382084741635896,0,0,0,0,0,0,0,0,0,0,0
267,10,1540,8,10,0.072796,21155.04,0.037681,40869.66,0.033692,45707.91,0.036163,42584.85,0.039653,38836.95,0.034871,44162.35,0.052511,29327.01,0.074400,0.012578,0.019506,0.034871,0.141355,0.018666,4,195809,213024,950140,941,0,0,0,1687,0,0,0,847,0,0,0,504,0,0,0,545,0,0,0,14,0,0,0,9280144093280797744,4543068140642804843,4543068140642804843,8995264165479813331,3854110039658376555,2969889071976723938,0,0,0,0,0,0,0,0,0,0,0
268,10,1575,8,10,0.078770,19994.83,0.039840,39533.02,0.030633,51415.56,0.034622,45490.87,0.042909,36705.63,0.038153,41281.20,0.049878,31576.95,0.079924,0.013343,0.026690,0.038153,0.158110,0.020006,2,196865,203595,983084,757,0,0,0,1315,0,0,0,785,0,0,0,474,0,0,0,592,0,0,0,10,0,0,0,9816757586412795065,10070300143452500587,10070300143452500587,10638866915191423628,9557999357978371398,10078776798404991148,0,0,0,0,0,0,0,0,0,0,0
269,10,1435,8,10,0.083437,17198.62,0.041529,34554.39,0.035106,40876.65,0.036378,39446.87,0.048440,29624.30,0.040052,35828.30,0.057366,25014.97,0.085262,0.012157,0.024680,0.040052,0.162151,0.016818,2,195361,200106,1022020,708,0,0,0,1262,0,0,0,808,0,0,0,567,0,0,0,784,0,0,0,19,0,0,0,12123719674421214716,11935178677692236959,11935178677692236959,11187979975481408195,10850807270544523247,1433342838514982238,0,0,0,0,0,0,0,0,0,0,0
270,10,1436,8,10,0.079519,18058.53,0.036269,39592.99,0.028378,50602.77,0.030007,47855.42,0.041220,34837.23,0.030319,47363.72,0.056780,25290.50,0.080879,0.013308,0.026046,0.030319,0.150552,0.016658,2,203063,208223,815555,596,0,0,0,1080,0,0,0,749,0,0,0,354,0,0,0,507,0,0,0,15,0,0,0,4444778463023745321,9073569909531157990,9073569909531157990,6109452206685158152,198583343740708600,6878447374318406776,0,0,0,0,0,0,0,0,0,0,0
271,10,1474,8,10,0.100340,14689.99,0.047955,30737.36,0.037292,39526.13,0.051859,28423.17,0.054476,27057.58,0.049622,29704.41,0.071329,20664.85,0.101664,0.013812,0.025211,0.049622,0.190309,0.018497,2,207931,214041,1188661,783,0,0,0,1567,0,0,0,652,0,0,0,447,0,0,0,495,0,0,0,39,0,0,0,11177094533418979347,9003103766936765249,9003103766936765249,2674099095036358498,2683075890587906578,11528603264268832051,0,0,0,0,0,0,0,0,0,0,0
272,10,1435,8,10,0.082115,17475.50,0.038868,36919.82,0.032344,44366.15,0.044426,32301.02,0.043594,32917.61,0.040133,35756.08,0.059204,24238.42,0.083866,0.012374,0.019631,0.040133,0.156004,0.017167,5,190019,196164,906412,792,0,0,0,1243,0,0,0,721,0,0,0,436,0,0,0,402,0,0,0,10,0,0,0,10615621594063960836,2952111903038141837,2952111903038141837,13928758326484375863,12112331849187042663,4622025160657690805,0,0,0,0,0,0,0,0,0,0,0
273,10,1580,8,10,0.081538,19377.58,0.039344,40158.73,0.030462,51867.67,0.034931,45232.64,0.047698,33125.40,0.037552,42074.46,0.060557,26091.26,0.082990,0.014624,0.026358,0.037552,0.161523,0.020877,2,218481,226446,861205,798,0,0,0,1407,0,0,0,692,0,0,0,363,0,0,0,599,0,0,0,19,0,0,0,11652951452297229669,13015077218920604881,13015077218920604881,11595840633281335923,2633897253623653878,8395702649488766057,0,0,0,0,0,0,0,0,0,0,0
274,10,1695,8,10,0.072170,23486.36,0.036118,46929.38,0.032597,51998.57,0.038064,44530.28,0.042392,39983.67,0.035930,47174.50,0.050824,33350.44,0.074047,0.013286,0.019546,0.035930,0.142809,0.022602,5,209579,218469,914788,908,0,0,0,1523,0,0,0,840,0,0,0,468,0,0,0,512,0,0,0,20,0,0,0,5145574482823168228,5145574482823168228,5145574482823168228,12847369296594661311,16199995009239582069,4317034718763840142,0,0,0,0,0,0,0,0,0,0,0
275,10,1656,8,10,0.059407,27875.39,0.027173,60941.76,0.023561,70285.85,0.028253,58614.16,0.032618,50770.26,0.029591,55962.77,0.045729,36213.31,0.060535,0.011930,0.022573,0.029591,0.124629,0.019191,3,175853,202758,776121,864,0,0,0,1101,0,0,0,574,0,0,0,293,0,0,0,421,0,0,0,11,0,0,0,2572177028867374556,1747941134742716087,1747941134742716087,15425861577816385057,8765369433631728963,6451825036671208464,0,0,0,0,0,0,0,0,0,0,0
276,10,1655,8,10,0.073242,22596.46,0.032077,51594.21,0.028390,58295.07,0.038572,42906.54,0.042738,38724.73,0.039933,41444.02,0.054032,30629.89,0.074418,0.013244,0.024047,0.039933,0.151642,0.022347,2,188417,201532,918764,610,0,0,0,1021,0,0,0,515,0,0,0,318,0,0,0,470,0,0,0,9,0,0,0,16595891381954237736,12682404235513773325,12682404235513773325,17198979862373213401,10027519986405415376,1926806629946539328,0,0,0,0,0,0,0,0,0,0,0
277,10,1677,8,10,0.069497,24130.56,0.029781,56310.82,0.025110,66787.26,0.033017,50792.38,0.036950,45386.00,0.065684,25531.22,0.051575,32515.90,0.071102,0.013743,0.023117,0.065684,0.173646,0.022657,3,204921,219506,871281,697,0,0,0,1088,0,0,0,747,0,0,0,456,0,0,0,173,0,0,0,6,0,0,0,15360068581647432426,586632083136642378,586632083136642378,4967271578967573488,8279880456889048797,12221531619732811786,0,0,0,0,0,0,0,0,0,0,1
278,10,1681,8,10,0.070063,23992.62,0.031524,53325.13,0.030540,55043.06,0.034282,49034.85,0.039919,42109.97,0.034638,48530.27,0.050985,32970.55,0.071755,0.013387,0.027533,0.034638,0.147313,0.020791,2,211389,223474,871461,752,0,0,0,1425,0,0,0,706,0,0,0,452,0,0,0,687,0,0,0,13,0,0,0,15778302336117617780,8878042379758040744,10337392721955489173,6578625097151111177,2335078460204497102,13260133444945188983,0,0,0,0,0,0,0,0,0,0,0
279,10,1618,8,10,0.078885,20510.89,0.039850,40602.48,0.035871,45105.57,0.035198,45968.06,0.046241,34990.86,0.036717,44067.25,0.054116,29898.66,0.080332,0.012764,0.020849,0.036717,0.150661,0.020540,4,194690,202410,893217,786,0,0,0,1560,0,0,0,710,0,0,0,532,0,0,0,593,0,0,0,7,0,0,0,1542515001696402787,12008335879253896998,12008335879253896998,11297323948997501871,6432549417114178516,11270252048846225220,0,0,0,0,0,0,0,0,0,0,0
280,10,1458,8,10,0.064386,22644.55,0.027790,52465.57,0.025504,57168.28,0.030626,47607.13,0.034582,42160.68,0.030419,47930.74,0.043858,33243.40,0.065504,0.011952,0.021523,0.030419,0.129398,0.015945,2,172356,177631,1008187,621,0,0,0,1124,0,0,0,597,0,0,0,390,0,0,0,430,0,0,0,9,0,0,0,8578897585570061614,8509359500212413686,8509359500212413686,15697958426085723003,13361317928937639123,82640043752386315,0,0,0,0,0,0,0,0,0,0,0
281,10,1651,8,10,0.065130,25349.47,0.029683,55621.21,0.027267,60548.40,0.030060,54923.65,0.034974,47206.81,0.032492,50812.48,0.045464,36314.28,0.066564,0.012566,0.017006,0.032492,0.128627,0.020067,6,178147,197407,1069707,658,0,0,0,1336,0,0,0,844,0,0,0,442,0,0,0,455,0,0,0,12,0,0,0,2453167257776975225,6287988635074587430,6287988635074587430,857742097114254581,11043779317549948881,1254757538145470583,0,0,0,0,0,0,0,0,0,0,0
282,10,1879,8,10,0.071795,26171.87,0.033356,56331.06,0.029628,63419.40,0.034933,53788.82,0.038518,48782.00,0.032356,58072.03,0.051458,36515.09,0.073252,0.015627,0.026712,0.032356,0.147947,0.026689,2,212827,244582,839425,1113,0,0,0,1657,0,0,0,846,0,0,0,628,0,0,0,647,0,0,0,14,0,0,0,15214081233769153594,4404873546480083536,4404873546480083536,16813110270876566211,526127646078176236,1080952487177127122,0,0,0,0,0,0,0,0,0,0,0
283,10,2310,8,10,0.067780,34080.82,0.031825,72584.67,0.028202,81908.65,0.030321,76184.62,0.037052,62344.94,0.032468,71146.02,0.080878,28561.40,0.069227,0.015440,0.027460,0.032468,0.144596,0.040747,3,239476,596816,965600,1926,0,0,0,2322,0,0,0,686,0,0,0,327,0,0,0,379,0,0,0,9,0,0,0,4267664267171851368,17259349771975324151,17259349771975324151,1195829192850045410,12724478913685119679,10134430795707547263,0,0,0,0,0,0,0,0,0,0,0
284,10,1531,8,10,0.060145,25455.03,0.026938,56834.48,0.020638,74182.64,0.028859,53051.81,0.032605,46955.39,0.028925,52929.93,0.046051,33245.50,0.061739,0.012188,0.022327,0.028925,0.125179,0.019473,2,181517,201747,839926,1003,0,0,0,1337,0,0,0,521,0,0,0,238,0,0,0,369,0,0,0,4,0,0,0,13247937922384102786,13247937922384102786,13247937922384102786,15631902277225352433,12365190707636133032,10699106156732283429,0,0,0,0,0,0,0,0,0,0,0
285,10,1685,8,10,0.069803,24139.35,0.031218,53975.25,0.028020,60135.19,0.034109,49400.69,0.037496,44938.52,0.036207,46538.17,0.048193,34963.49,0.071068,0.012724,0.011656,0.036207,0.131655,0.021742,10,197575,206305,955473,815,0,0,0,1199,0,0,0,609,0,0,0,388,0,0,0,363,0,0,0,41,0,0,0,10500146120334249265,10452061023397687282,10452061023397687282,2846652993760901757,16293086518790562002,16070071321248408753,0,0,0,0,0,0,0,0,0,0,0
286,10,1552,8,10,0.069419,22356.92,0.034195,45387.20,0.027956,55515.89,0.031931,48605.49,0.039343,39447.78,0.033203,46742.71,0.047719,32523.50,0.070936,0.012291,0.011130,0.033203,0.127561,0.017740,10,185126,191181,837678,737,0,0,0,1437,0,0,0,845,0,0,0,491,0,0,0,428,0,0,0,19,0,0,0,8382220875527090559,7837672045287905318,7837672045287905318,165762258292579056,682559133216317171,3251745389092824558,0,0,0,0,0,0,0,0,0,0,0
287,10,1418,8,10,0.059291,23915.93,0.029351,48311.70,0.026900,52713.97,0.031197,45453.40,0.035448,40001.84,0.030477,46526.36,0.041451,34209.19,0.060418,0.011344,0.020900,0.030477,0.123139,0.015275,3,166188,169533,922342,623,0,0,0,1217,0,0,0,600,0,0,0,453,0,0,0,468,0,0,0,8,0,0,0,2847381378571180024,18302376628387703517,18302376628387703517,7212646344591638271,16532282394362528113,11681978494238081102,0,0,0,0,0,0,0,0,0,0,0
288,10,1811,8,10,0.076333,23724.86,0.037562,48212.98,0.036134,50119.22,0.042020,43098.30,0.045397,39892.08,0.042765,42348.02,0.057869,31294.83,0.077840,0.012890,0.028451,0.042765,0.161946,0.022260,2,201956,218306,865242,686,0,0,0,1539,0,0,0,610,0,0,0,400,0,0,0,430,0,0,0,18,0,0,0,12549899466218482116,7728627662191970829,7728627662191970829,4847995879610438570,3096033274694806328,4959220774172939970,0,0,0,0,0,0,0,0,0,0,0
289,10,1838,8,10,0.068284,26917.11,0.038701,47492.37,0.028901,63597.36,0.030121,61019.91,0.041669,44110.00,0.039433,46610.34,0.065234,28175.37,0.069940,0.012741,0.012364,0.039433,0.134478,0.030018,9,184111,385156,757855,848,0,0,0,1288,0,0,0,820,0,0,0,619,0,0,0,564,0,0,0,18,0,0,0,10882137364095199658,2289939121584245501,2289939121584245501,3292542559344517159,410484874862063003,9831801013796154267,0,0,0,0,0,0,0,0,0,0,0
290,10,1724,8,10,0.068525,25158.60,0.032610,52867.29,0.030990,55631.39,0.034534,49921.53,0.037050,46531.47,0.034175,50446.07,0.047108,36596.39,0.069834,0.013197,0.019681,0.034175,0.136888,0.023780,5,197103,209603,892585,1129,0,0,0,1666,0,0,0,764,0,0,0,457,0,0,0,497,0,0,0,10,0,0,0,16725709782438510422,16725709782438510422,16725709782438510422,5824085511393370086,10495341818561371753,15140162728570314486,0,0,0,0,0,0,0,0,0,0,0
291,10,1667,8,10,0.071625,23274.14,0.032472,51336.35,0.032137,51871.16,0.033676,49501.06,0.038838,42922.02,0.034367,48506.43,0.046603,35770.48,0.072979,0.013448,0.022725,0.034367,0.143519,0.022331,4,211846,220861,760560,898,0,0,0,1561,0,0,0,726,0,0,0,448,0,0,0,521,0,0,0,10,0,0,0,654235621592627582,1805408077592865735,1805408077592865735,14412365138234898017,2919866669635788426,13733113876042724428,0,0,0,0,0,0,0,0,0,0,0
292,10,1492,8,10,0.060011,24862.21,0.031310,47652.22,0.029037,51383.13,0.033937,43964.40,0.036880,40455.99,0.032414,46028.95,0.041056,36340.33,0.061045,0.011898,0.021186,0.032414,0.126542,0.016689,3,173079,177719,843058,761,0,0,0,1503,0,0,0,797,0,0,0,450,0,0,0,548,0,0,0,11,0,0,0,5527812311787786786,2994461685673429997,2994461685673429997,10746396268095161336,12370935506265766689,10746396268095161336,0,0,0,0,0,0,0,0,0,0,0
293,10,1651,8,10,0.076012,21720.15,0.037672,43826.02,0.032002,51591.19,0.040100,41171.57,0.043722,37761.23,0.039773,41510.90,0.053665,30765.21,0.077809,0.013455,0.014820,0.039773,0.145857,0.022177,9,203720,211775,910895,908,0,0,0,1473,0,0,0,621,0,0,0,466,0,0,0,410,0,0,0,6,0,0,0,6802872003999802155,16309923645891533780,16309923645891533780,5854981130503481773,15853825576700045595,15491685338789346123,0,0,0,0,0,0,0,0,0,0,0
294,10,1455,8,10,0.070532,20628.82,0.035447,41047.26,0.030100,48339.17,0.040534,35895.40,0.044865,32430.58,0.041002,35486.05,0.052285,27828.14,0.072033,0.012710,0.018123,0.041002,0.143867,0.016894,5,179502,185807,902972,802,0,0,0,1392,0,0,0,762,0,0,0,458,0,0,0,447,0,0,0,11,0,0,0,7342892649326952769,16628514559927878976,16628514559927878976,2412940875961433977,5021003021786136970,12127459944497143066,0,0,0,0,0,0,0,0,0,0,0
295,10,1391,8,10,0.068447,20322.18,0.035140,39584.04,0.029024,47926.39,0.037902,36699.83,0.042470,32752.79,0.038989,35676.80,0.047685,29170.39,0.069570,0.011704,0.020824,0.038989,0.141086,0.015012,3,180374,183489,821544,601,0,0,0,1174,0,0,0,724,0,0,0,365,0,0,0,500,0,0,0,11,0,0,0,9452211613836574219,9064867702139220473,9064867702139220473,16687837464390322592,10857685143302918864,17631534181743513188,0,0,0,0,0,0,0,0,0,0,0
296,10,1493,8,10,0.071357,20923.09,0.036314,41113.91,0.026694,55929.43,0.035356,42228.03,0.043305,34476.02,0.088458,16878.06,0.049517,30151.28,0.072989,0.012890,0.025073,0.088458,0.199410,0.016787,2,183798,187198,880768,669,0,0,0,1206,0,0,0,750,0,0,0,526,0,0,0,177,0,0,0,8,0,0,0,17918404446869025621,131744068636996768,131744068636996768,10265282031875551381,6328655431561719296,17225008282277104574,0,0,0,0,0,0,0,0,0,0,1
297,10,1691,8,10,0.071490,23653.75,0.030687,55104.33,0.029220,57871.92,0.033938,49825.92,0.037276,45364.28,0.032114,52655.36,0.050074,33769.79,0.072883,0.013644,0.025099,0.032114,0.143741,0.024046,2,203903,222498,972873,890,0,0,0,1344,0,0,0,852,0,0,0,461,0,0,0,620,0,0,0,16,0,0,0,11890539184584040962,14753925447388052261,14753925447388052261,8662657479508465487,16737940060065798098,11095174396384063331,0,0,0,0,0,0,0,0,0,0,0
298,10,1612,8,10,0.073886,21817.35,0.031147,51754.99,0.027350,58940.52,0.034908,46178.04,0.038823,41522.26,0.035228,45758.60,0.048745,33070.28,0.075367,0.013947,0.025031,0.035228,0.149573,0.020479,3,202127,207917,1063550,817,0,0,0,1287,0,0,0,731,0,0,0,527,0,0,0,525,0,0,0,9,0,0,0,9050730663948346953,1742930282775195982,1742930282775195982,6300416285607075666,2334140153700052897,16977261249194108973,0,0,0,0,0,0,0,0,0,0,0
299,10,1574,8,10,0.069430,22670.32,0.033324,47232.88,0.029098,54093.60,0.034848,45167.03,0.039315,40035.19,0.033214,47389.96,0.047260,33305.35,0.070720,0.012468,0.024100,0.033214,0.140502,0.020005,2,186790,192185,869085,798,0,0,0,1272,0,0,0,845,0,0,0,560,0,0,0,565,0,0,0,7,0,0,0,14170112942907332915,13002747367219961794,13002747367219961794,850318831584990193,3399496260938218880,16576601113766326910,0,0,0,0,0,0,0,0,0,0,0
300,10,1471,8,10,0.073064,20133.03,0.035441,41505.33,0.032138,45771.63,0.038055,38654.86,0.043034,34181.99,0.035536,41394.50,0.049889,29485.26,0.074646,0.013586,0.013645,0.035536,0.137413,0.017122,8,188403,194048,874103,1026,0,0,0,1559,0,0,0,730,0,0,0,703,0,0,0,562,0,0,0,17,0,0,0,9133756411139313466,1996394370102519515,1996394370102519515,15051557645222747550,1583904294399004642,3644063482983342915,0,0,0,0,0,0,0,0,0,0,0
301,10,1577,8,10,0.071429,22077.84,0.034875,45218.44,0.026464,59590.32,0.038102,41388.45,0.043304,36416.76,0.040489,38948.85,0.050900,30982.10,0.072575,0.012913,0.020965,0.040489,0.146942,0.021732,4,181344,187619,862558,751,0,0,0,1227,0,0,0,703,0,0,0,402,0,0,0,462,0,0,0,19,0,0,0,857682411438283059,4554718242981710361,4554718242981710361,7977480471902145905,17745414824367497070,4067185146249366069,0,0,0,0,0,0,0,0,0,0,0
302,10,1529,8,10,0.062290,24546.41,0.029615,51628.75,0.028576,53506.74,0.029634,51596.74,0.034106,44830.90,0.028935,52843.27,0.043830,34884.60,0.063970,0.012431,0.020490,0.028935,0.125826,0.017759,3,179713,185073,799560,868,0,0,0,1522,0,0,0,929,0,0,0,549,0,0,0,542,0,0,0,19,0,0,0,17351965424139953134,6838430629150499822,6838430629150499822,8180614961665143365,18410722196452732325,10526766399476673897,0,0,0,0,0,0,0,0,0,0,0
303,10,1552,8,10,0.063856,24304.61,0.030898,50229.64,0.029044,53436.42,0.034430,45076.54,0.038193,40635.21,0.034105,45506.07,0.043976,35292.24,0.065230,0.012620,0.023325,0.034105,0.135279,0.019063,2,181803,188768,776637,718,0,0,0,1313,0,0,0,763,0,0,0,390,0,0,0,469,0,0,0,12,0,0,0,4585552590007781999,11368156495739833642,11368156495739833642,5074957719649934761,4740585845089243651,7295546968251469488,0,0,0,0,0,0,0,0,0,0,0
304,10,1598,8,10,0.068685,23265.64,0.030010,53249.34,0.026443,60432.28,0.032063,49839.72,0.036886,43322.09,0.032412,49302.85,0.049101,32545.31,0.070019,0.013994,0.023282,0.032412,0.139707,0.021358,4,200710,208740,852322,738,0,0,0,1202,0,0,0,785,0,0,0,471,0,0,0,542,0,0,0,16,0,0,0,16495452447424460630,1608118389166733346,1608118389166733346,13391858295648173718,7986516252222549754,1803906759665137722,0,0,0,0,0,0,0,0,0,0,0
305,10,1625,8,10,0.075695,21467.80,0.034683,46852.72,0.028403,57212.96,0.034526,47065.90,0.041398,39252.86,0.036000,45139.31,0.054754,29678.19,0.076719,0.013147,0.013467,0.036000,0.139333,0.021590,8,191454,202034,1241658,733,0,0,0,1150,0,0,0,799,0,0,0,440,0,0,0,380,0,0,0,12,0,0,0,10498230216716331565,13781801222732899565,13781801222732899565,11838037701454406589,16000305742845514583,1194393438135166937,0,0,0,0,0,0,0,0,0,0,0
306,10,1723,8,10,0.061897,27836.67,0.028173,61156.88,0.025328,68028.82,0.028061,61402.35,0.031118,55370.39,0.029459,58487.71,0.043533,39579.55,0.063177,0.013336,0.020409,0.029459,0.126381,0.022439,4,187148,201023,851267,692,0,0,0,1238,0,0,0,635,0,0,0,400,0,0,0,580,0,0,0,8,0,0,0,13231619521682010136,11174718991303797649,11174718991303797649,11596603706843699823,14371024413466490259,1126445904430387278,0,0,0,0,0,0,0,0,0,0,0
307,10,1692,8,10,0.065668,25765.98,0.026834,63054.32,0.018572,91105.31,0.022660,74667.78,0.029688,56992.68,0.026893,62917.00,0.044705,37848.18,0.066692,0.014457,0.031117,0.026893,0.139158,0.020286,2,226877,234537,883630,413,0,0,0,607,0,0,0,638,0,0,0,294,0,0,0,446,0,0,0,14,0,0,0,1779823536702165705,17864766114850451433,17864766114850451433,10985920034241895444,3192200989066837386,1990368674824277907,0,0,0,0,0,0,0,0,0,0,0
308,10,1644,8,10,0.068061,24154.78,0.032979,49850.51,0.027041,60796.02,0.032757,50187.26,0.037909,43367.42,0.033523,49040.50,0.047819,34379.58,0.069300,0.012344,0.023348,0.033523,0.138515,0.019470,2,182410,189165,815632,648,0,0,0,1099,0,0,0,739,0,0,0,471,0,0,0,500,0,0,0,12,0,0,0,10479037105907303648,16007398841506859259,16007398841506859259,4604531786160411652,1517308914572905766,9746790812969052332,0,0,0,0,0,0,0,0,0,0,0
309,10,1609,8,10,0.059015,27264.42,0.027780,57920.11,0.025605,62839.10,0.029344,54833.05,0.033476,48064.91,0.028533,56391.78,0.038817,41451.28,0.060776,0.011880,0.021865,0.028533,0.123053,0.021144,2,175805,180510,845923,682,0,0,0,1229,0,0,0,764,0,0,0,486,0,0,0,526,0,0,0,16,0,0,0,8011831633921962892,3784434375127331524,3784434375127331524,10945266361455370744,11622786253025767593,8269268418917116606,0,0,0,0,0,0,0,0,0,0,0
310,10,1415,8,10,0.063614,22243.70,0.030976,45680.47,0.024402,57987.87,0.031851,44426.10,0.034279,41278.51,0.028400,49823.77,0.044689,31663.54,0.064597,0.011768,0.022380,0.028400,0.127146,0.016023,2,173592,178992,1033235,634,0,0,0,989,0,0,0,594,0,0,0,499,0,0,0,437,0,0,0,14,0,0,0,13552978697797108409,7707171169108053666,7707171169108053666,17860678867761806384,6833984399569236154,12615258456045515406,0,0,0,0,0,0,0,0,0,0,0
311,10,2632,8,10,0.092990,28304.21,0.062894,41848.29,0.063340,41553.83,0.061557,42757.43,0.065483,40193.57,0.064626,40726.39,0.145132,18135.21,0.096066,0.020650,0.019308,0.064626,0.200651,0.044954,9,358459,778614,1639516,8218,0,0,0,9460,0,0,0,441,0,0,0,350,0,0,0,376,0,0,0,4,0,0,0,936919042794371978,36804650426252148,36804650426252148,12578698664842097842,13739609490958868536,15507487349597972246,0,0,0,0,0,0,0,0,0,0,0
312,10,2334,8,10,0.065173,35812.14,0.059189,39432.96,0.059050,39525.54,0.055445,42095.43,0.058059,40200.61,0.058131,40150.84,0.151094,15447.34,0.068263,0.016207,0.013618,0.058131,0.156219,0.035056,10,294993,700198,1189350,8495,0,0,0,9445,0,0,0,286,0,0,0,210,0,0,0,213,0,0,0,766,0,0,0,3403978734923070922,13202478571130374400,13202478571130374400,3843978794865712831,18284678614836457310,3640319473862625137,0,0,0,0,0,0,0,0,0,0,0
313,10,1520,8,10,0.041320,36786.13,0.030217,50303.16,0.028802,52774.73,0.027042,56209.62,0.030470,49884.92,0.031114,48853.26,0.082415,18443.18,0.042630,0.010145,0.012658,0.031114,0.096546,0.016616,6,170322,286062,880937,2954,0,0,0,4178,0,0,0,171,0,0,0,104,0,0,0,277,0,0,0,558,0,0,0,17822775944806226521,6036078713543893779,6036078713543893779,7035227993502665705,12914702103310737077,1076282315507820242,0,0,0,0,0,0,0,0,0,0,0
314,10,1505,8,10,0.034644,43441.49,0.013759,109379.62,0.010679,140935.77,0.012756,117983.70,0.017250,87248.74,0.043013,34989.79,0.032901,45743.63,0.035729,0.008103,0.021750,0.043013,0.108594,0.014518,1,121794,140784,722849,194,0,0,0,262,0,0,0,195,0,0,0,93,0,0,0,0,0,0,0,5,0,0,0,918444046109741972,918444046109741972,918444046109741972,13416294846642090555,14726526922392523094,1901848123306311839,0,0,0,0,0,0,0,0,0,0,1
315,10,1466,8,10,0.040645,36068.84,0.016035,91422.60,0.011994,122229.88,0.013952,105077.61,0.018724,78294.77,0.015586,94059.26,0.031321,46806.20,0.041558,0.009077,0.018358,0.015586,0.084579,0.014132,3,136681,141446,940250,328,0,0,0,397,0,0,0,266,0,0,0,179,0,0,0,358,0,0,0,62,0,0,0,4162458218100873856,4162458218100873856,4162458218100873856,4434413591577879751,2179906262699929921,737653706278691572,0,0,0,0,0,0,0,0,0,0,0
316,10,1687,8,10,0.061929,27240.84,0.029971,56287.55,0.017695,95338.62,0.023887,70623.28,0.030014,56206.17,0.023890,70615.13,0.054547,30927.48,0.063111,0.012534,0.022851,0.023890,0.122387,0.019215,2,191552,201607,950536,538,0,0,0,569,0,0,0,424,0,0,0,227,0,0,0,369,0,0,0,69,0,0,0,17468443774388828218,17468443774388828218,17468443774388828218,1531318898050120493,13994427655830753069,1861124652878418579,0,0,0,0,0,0,0,0,0,0,0
317,10,1566,8,10,0.063772,24556.29,0.027692,56550.20,0.017548,89241.70,0.025873,60525.29,0.037527,41729.42,0.026097,60006.11,0.058636,26707.23,0.064985,0.010908,0.020417,0.026097,0.122407,0.019917,2,164232,182642,1017666,485,0,0,0,502,0,0,0,365,0,0,0,186,0,0,0,308,0,0,0,68,0,0,0,11112356557779185431,11112356557779185431,11112356557779185431,16642665667398283326,16098088625825951829,5475673902299774924,0,0,0,0,0,0,0,0,0,0,0
318,10,1571,8,10,0.065857,23854.89,0.026020,60377.57,0.017833,88097.11,0.024396,64395.93,0.031497,49877.24,0.026700,58839.22,0.057344,27396.07,0.067123,0.012698,0.022971,0.026700,0.129492,0.017539,2,200694,214309,1183913,469,0,0,0,555,0,0,0,441,0,0,0,207,0,0,0,273,0,0,0,62,0,0,0,344766924732071646,8934000520083984625,8934000520083984625,6230268058883427012,16928073385700205083,13172934872508806585,0,0,0,0,0,0,0,0,0,0,0
319,10,1604,8,10,0.074633,21491.98,0.034237,46850.08,0.018886,84931.47,0.037288,43016.93,0.045146,35529.40,0.041165,38965.08,0.069440,23099.12,0.076260,0.012365,0.024981,0.041165,0.154770,0.018832,2,188409,208054,745246,318,0,0,0,375,0,0,0,262,0,0,0,170,0,0,0,265,0,0,0,36,0,0,0,17055654227319622689,17055654227319622689,17055654227319622689,3654004055058788481,18148765270824066473,17239524020104962287,0,0,0,0,0,0,0,0,0,0,0
320,10,1582,8,10,0.057959,27294.99,0.023485,67361.31,0.019421,81457.96,0.023894,66208.34,0.028508,55494.01,0.025869,61155.04,0.042687,37060.08,0.059326,0.011693,0.020156,0.025869,0.117043,0.018088,4,174352,182292,727420,413,0,0,0,663,0,0,0,477,0,0,0,233,0,0,0,328,0,0,0,17,0,0,0,576229294203154620,18184432435697236269,18184432435697236269,18371092098708847091,15060848442185419880,10730602185861520569,0,0,0,0,0,0,0,0,0,0,0
321,10,1759,8,10,0.058656,29988.26,0.022695,77506.94,0.018048,97464.23,0.022742,77345.16,0.029196,60246.96,0.028154,62477.14,0.053747,32727.41,0.059754,0.011927,0.010569,0.028154,0.110404,0.022666,10,174492,245527,760969,342,0,0,0,513,0,0,0,375,0,0,0,283,0,0,0,240,0,0,0,12,0,0,0,4825685427221286127,4825685427221286127,4825685427221286127,5086718222917372808,6240691705649866560,12283646524967634932,0,0,0,0,0,0,0,0,0,0,0
322,10,1788,8,10,0.072463,24674.51,0.035990,49680.44,0.031121,57452.90,0.035211,50778.97,0.045855,38992.39,0.040958,43654.15,0.063992,27941.00,0.074091,0.017961,0.036577,0.040958,0.169587,0.022048,2,286387,324232,1049336,350,0,0,0,774,0,0,0,575,0,0,0,233,0,0,0,319,0,0,0,14,0,0,0,10232978217037068733,5204956230756446253,5204956230756446253,463666438379683538,18324321507547844607,118275248903643290,0,0,0,0,0,0,0,0,0,0,0
323,10,1519,8,10,0.054568,27836.62,0.025426,59742.17,0.021301,71311.29,0.026193,57992.12,0.028942,52483.70,0.025210,60254.51,0.038714,39236.90,0.055603,0.010761,0.021406,0.025210,0.112981,0.016059,2,165570,171270,769710,460,0,0,0,940,0,0,0,698,0,0,0,338,0,0,0,515,0,0,0,3,0,0,0,15519140052482287793,6441145702980755333,6441145702980755333,4057911041448303961,17690851439722598386,8628413120155368230,0,0,0,0,0,0,0,0,0,0,0
324,10,1690,8,10,0.054852,30809.94,0.021698,77887.89,0.018404,91828.66,0.024248,69697.84,0.028196,59936.72,0.029292,57694.20,0.036414,46411.28,0.056502,0.011308,0.010423,0.029292,0.107526,0.019176,10,170926,174576,851354,361,0,0,0,626,0,0,0,598,0,0,0,299,0,0,0,296,0,0,0,12,0,0,0,4524009441189675589,11807136419850711268,11807136419850711268,11536240681508126574,4882680929415189032,2141489626177604827,0,0,0,0,0,0,0,0,0,0,0
325,10,1491,8,10,0.079293,18803.75,0.037534,39724.18,0.028870,51644.92,0.035472,42033.32,0.043190,34522.09,0.037027,40268.30,0.056389,26441.55,0.081610,0.017336,0.032363,0.037027,0.168335,0.018592,2,285012,289197,1043135,445,0,0,0,978,0,0,0,480,0,0,0,337,0,0,0,417,0,0,0,20,0,0,0,1752398199503201665,1752398199503201665,1752398199503201665,13640302754098558169,7545480595616381127,3277009952195092871,0,0,0,0,0,0,0,0,0,0,0
326,10,1633,8,10,0.056412,28947.87,0.025498,64044.07,0.019568,83454.63,0.023054,70832.17,0.029472,55408.18,0.025655,63653.29,0.044347,36823.42,0.058304,0.011911,0.019688,0.025655,0.115558,0.019642,4,174412,199437,822224,768,0,0,0,1093,0,0,0,555,0,0,0,250,0,0,0,340,0,0,0,12,0,0,0,17357913326974451523,14553227489611611253,14553227489611611253,9205594185397122128,15525369640289545591,9638153809818683873,0,0,0,0,0,0,0,0,0,0,0
327,10,1410,8,10,0.065534,21515.60,0.025421,55466.96,0.018605,75787.82,0.025281,55772.08,0.032226,43753.32,0.026644,52919.98,0.045517,30977.63,0.066633,0.011869,0.024316,0.026644,0.129461,0.016372,2,181941,184921,817991,356,0,0,0,536,0,0,0,454,0,0,0,297,0,0,0,449,0,0,0,26,0,0,0,5968761780790881311,6778706257933588588,6778706257933588588,3237633675295617444,3062299545247653727,3466883068315830910,0,0,0,0,0,0,0,0,0,0,0
328,10,1469,8,10,0.070484,20841.64,0.030109,48788.62,0.022214,66130.05,0.026378,55689.76,0.033791,43473.09,0.025988,56526.08,0.048182,30488.60,0.072005,0.011722,0.024129,0.025988,0.133844,0.016853,2,178606,183776,794161,472,0,0,0,794,0,0,0,538,0,0,0,339,0,0,0,448,0,0,0,21,0,0,0,13474601144993000364,10387075608993570924,10387075608993570924,4266407446377709966,5347672851177131055,5835467267052597681,0,0,0,0,0,0,0,0,0,0,0
329,10,1332,8,10,0.058718,22684.84,0.027365,48675.33,0.022446,59343.36,0.027339,48721.91,0.032206,41358.70,0.031333,42511.44,0.042765,31146.91,0.059358,0.010719,0.009588,0.031333,0.110997,0.015724,10,157226,161821,818905,528,0,0,0,919,0,0,0,501,0,0,0,306,0,0,0,267,0,0,0,8,0,0,0,8248662165592344509,9150609067073582980,9150609067073582980,18248461729533483449,13467650425654824089,6148141093156582557,0,0,0,0,0,0,0,0,0,0,0
330,10,1404,8,10,0.058023,24197.26,0.026269,53447.19,0.022981,61093.50,0.025125,55881.39,0.028731,48867.66,0.024535,57223.30,0.036552,38411.20,0.059573,0.011509,0.022577,0.024535,0.118194,0.014974,2,170047,173317,822009,503,0,0,0,897,0,0,0,601,0,0,0,350,0,0,0,507,0,0,0,2,0,0,0,7699394271466446200,6190155387359292515,6190155387359292515,6829388214298247956,13061495706583712055,6829388214298247956,0,0,0,0,0,0,0,0,0,0,0
331,10,1458,8,10,0.056625,25748.46,0.024791,58810.60,0.022466,64896.72,0.026055,55958.58,0.029848,48847.68,0.026510,54999.08,0.040021,36431.07,0.057767,0.010480,0.023011,0.026510,0.117767,0.015295,2,161151,166126,970184,624,0,0,0,1100,0,0,0,642,0,0,0,426,0,0,0,408,0,0,0,23,0,0,0,1669198931468326060,8026625637950839334,8026625637950839334,16676398242355398256,1095224896883165619,9203523467201486683,0,0,0,0,0,0,0,0,0,0,0
332,10,1458,8,10,0.052775,27626.51,0.023807,61241.90,0.019575,74481.93,0.023471,62119.74,0.027669,52695.19,0.026085,55893.73,0.035955,40550.95,0.054016,0.010789,0.022041,0.026085,0.112931,0.015115,2,161792,164507,857331,579,0,0,0,948,0,0,0,624,0,0,0,416,0,0,0,680,0,0,0,23,0,0,0,6925965091886344026,8422026732674229291,8422026732674229291,2313048969549022281,1180327364430838863,14882113603470401,0,0,0,0,0,0,0,0,0,0,0
333,10,1549,8,10,0.064111,24161.21,0.026849,57692.50,0.024181,64059.18,0.026767,57869.88,0.034069,45466.91,0.029301,52864.19,0.040116,38613.49,0.065149,0.013176,0.026493,0.029301,0.134119,0.021031,2,190636,197246,912345,637,0,0,0,1011,0,0,0,613,0,0,0,433,0,0,0,574,0,0,0,12,0,0,0,11895454265082417397,2832484356783979991,2832484356783979991,9280709743707445215,7303319972679681662,11460016687331039718,0,0,0,0,0,0,0,0,0,0,0
334,10,1489,8,10,0.065128,22862.69,0.031939,46619.51,0.027589,53971.41,0.033335,44667.86,0.038732,38443.66,0.036695,40577.94,0.046460,32049.25,0.066142,0.010762,0.010644,0.036695,0.124243,0.016138,9,158764,162589,868221,529,0,0,0,945,0,0,0,657,0,0,0,385,0,0,0,319,0,0,0,15,0,0,0,14947324458137114395,1229975449191339343,1229975449191339343,553972625953391363,17009402504333852826,1436074863679146806,0,0,0,0,0,0,0,0,0,0,0
335,10,1453,8,10,0.054951,26441.58,0.027138,53540.41,0.023305,62348.02,0.027211,53397.01,0.030480,47671.10,0.026205,55447.77,0.037052,39214.91,0.056582,0.010910,0.019603,0.026205,0.113301,0.015007,3,156114,159564,790077,539,0,0,0,1065,0,0,0,708,0,0,0,409,0,0,0,555,0,0,0,17,0,0,0,9372332570119628743,11090102233260524419,11090102233260524419,14140294619695120688,16076344958542854925,7632100899451062290,0,0,0,0,0,0,0,0,0,0,0
336,10,1487,8,10,0.062583,23760.44,0.027882,53331.06,0.023991,61980.59,0.026852,55376.73,0.032411,45879.99,0.028033,53044.96,0.039055,38074.75,0.064838,0.010744,0.022757,0.028033,0.126373,0.016043,2,165962,169972,741071,610,0,0,0,1133,0,0,0,679,0,0,0,419,0,0,0,487,0,0,0,5,0,0,0,12023683063960127951,2594246287721105785,2594246287721105785,13170228069210798828,17141946300911920476,5434835297514464101,0,0,0,0,0,0,0,0,0,0,0
337,10,1601,8,10,0.064404,24858.76,0.036821,43480.90,0.029673,53954.48,0.032208,49708.76,0.035926,44563.97,0.031638,50604.07,0.046739,34254.20,0.065871,0.012769,0.019366,0.031638,0.129643,0.021446,5,187826,196436,931642,866,0,0,0,1393,0,0,0,639,0,0,0,352,0,0,0,457,0,0,0,13,0,0,0,10999273138971670538,3599063613708462774,3599063613708462774,3174639487539685568,12562522550465770538,2086510773518339847,0,0,0,0,0,0,0,0,0,0,0
338,10,1399,8,10,0.053264,26265.54,0.025368,55147.59,0.022648,61771.56,0.024921,56138.43,0.028170,49663.25,0.025209,55495.65,0.034368,40706.44,0.055141,0.010772,0.020896,0.025209,0.112018,0.016497,2,163682,168142,796559,587,0,0,0,1025,0,0,0,632,0,0,0,353,0,0,0,545,0,0,0,9,0,0,0,4349671171002317197,12821573682450636705,12821573682450636705,10894899772656192085,5501063994015637903,17849324252446010039,0,0,0,0,0,0,0,0,0,0,0
339,10,1510,8,10,0.071385,21152.89,0.035405,42649.21,0.024832,60807.53,0.030107,50154.87,0.040958,36866.59,0.031096,48558.57,0.053949,27989.56,0.072743,0.011677,0.023089,0.031096,0.138605,0.017772,2,185051,189456,922802,669,0,0,0,987,0,0,0,687,0,0,0,392,0,0,0,535,0,0,0,8,0,0,0,11198704025851296319,9653067662280785773,9653067662280785773,14020779183175401853,8675326985985678156,8134672974540330523,0,0,0,0,0,0,0,0,0,0,0
340,10,2318,8,10,0.060955,38027.78,0.033466,69265.10,0.023091,100386.68,0.031242,74194.12,0.039238,59074.80,0.032909,70436.52,0.095185,24352.57,0.062865,0.013742,0.026633,0.032909,0.136149,0.033182,2,210940,793010,822309,2527,0,0,0,2581,0,0,0,607,0,0,0,253,0,0,0,414,0,0,0,4,0,0,0,8401274692226645921,6307840918956409871,6307840918956409871,3426987446791059460,7746065204114797016,13016136486086669645,0,0,0,0,0,0,0,0,0,0,0
341,10,2575,8,10,0.067811,37973.06,0.034593,74436.13,0.028211,91275.12,0.030340,84872.71,0.038752,66447.65,0.031730,81154.74,0.098045,26263.38,0.069446,0.015935,0.031337,0.031730,0.148447,0.042682,2,257697,763502,852227,4232,0,0,0,4278,0,0,0,594,0,0,0,471,0,0,0,582,0,0,0,7,0,0,0,5683367532698888383,3944194065406737179,3944194065406737179,15986107211810163221,12294674814938807232,11558902611910674552,0,0,0,0,0,0,0,0,0,0,0
342,10,1549,8,10,0.057944,26732.85,0.024838,62363.56,0.019531,79311.20,0.023314,66440.85,0.029233,52988.52,0.024829,62385.49,0.035636,43467.31,0.059399,0.011117,0.021079,0.024829,0.116425,0.015800,2,174306,179201,785659,623,0,0,0,1217,0,0,0,812,0,0,0,569,0,0,0,784,0,0,0,12,0,0,0,400556884689419928,400556884689419928,400556884689419928,12492096685780967431,1562844155912780165,8204097380932685561,0,0,0,0,0,0,0,0,0,0,0
343,10,1497,8,10,0.063987,23395.36,0.031135,48080.80,0.022258,67257.92,0.033643,44496.64,0.037302,40132.03,0.035104,42644.44,0.041887,35739.04,0.064820,0.010887,0.018795,0.035104,0.129606,0.015639,4,161009,166909,743054,628,0,0,0,1240,0,0,0,903,0,0,0,549,0,0,0,601,0,0,0,6,0,0,0,5392481650256258060,5392481650256258060,5392481650256258060,11679488812377622923,18385210662260346501,10273392413024664099,0,0,0,0,0,0,0,0,0,0,0
344,10,1548,8,10,0.064743,23909.91,0.024430,63365.44,0.019720,78498.60,0.027234,56841.38,0.032108,48212.49,0.027659,55967.12,0.044750,34592.21,0.066224,0.013331,0.025151,0.027659,0.132366,0.019341,2,198768,204283,773505,512,0,0,0,752,0,0,0,703,0,0,0,411,0,0,0,489,0,0,0,11,0,0,0,1592862020474735888,15594309968031127947,15594309968031127947,12455460822754158586,15963115243536662796,6018829848126567601,0,0,0,0,0,0,0,0,0,0,0
345,10,1404,8,10,0.064187,21873.53,0.030559,45943.91,0.018878,74374.13,0.025490,55081.04,0.036645,38313.08,0.026213,53561.59,0.043715,32117.03,0.065065,0.011268,0.022206,0.026213,0.124753,0.014239,3,161675,165685,794791,497,0,0,0,784,0,0,0,751,0,0,0,351,0,0,0,385,0,0,0,3,0,0,0,6495047540968662823,13836645545478640053,13836645545478640053,7962168039293018684,13797282960127315806,17243815658287615880,0,0,0,0,0,0,0,0,0,0,0
346,10,1467,8,10,0.072165,20328.39,0.035215,41658.17,0.026370,55630.94,0.033015,44434.81,0.040584,36147.09,0.032699,44864.25,0.050511,29043.38,0.073499,0.012827,0.022703,0.032699,0.141727,0.016928,3,184381,189606,1098324,791,0,0,0,1150,0,0,0,621,0,0,0,479,0,0,0,474,0,0,0,11,0,0,0,3324118993121929669,4389548312405006895,4389548312405006895,16601118321071986738,13064752877681871801,8377781369351855579,0,0,0,0,0,0,0,0,0,0,0
347,10,1662,8,10,0.061954,26826.24,0.029644,56064.55,0.027134,61252.28,0.031066,53499.71,0.036377,45688.48,0.032572,51025.68,0.041522,40027.31,0.063180,0.012866,0.022635,0.032572,0.131253,0.019425,3,183272,191487,778385,649,0,0,0,1167,0,0,0,706,0,0,0,412,0,0,0,472,0,0,0,6,0,0,0,2144590489222269179,9866938735665734674,9866938735665734674,6837778580957013570,12732377854686245172,14310953816392768831,0,0,0,0,0,0,0,0,0,0,0
348,10,1676,8,10,0.063083,26568.33,0.030444,55051.72,0.027104,61835.80,0.032828,51053.63,0.036166,46341.33,0.033838,49530.66,0.041213,40667.05,0.064727,0.013143,0.011828,0.033838,0.123536,0.023309,10,189366,199856,726618,905,0,0,0,1389,0,0,0,791,0,0,0,703,0,0,0,563,0,0,0,12,0,0,0,15188432496423005942,15188432496423005942,15188432496423005942,8827233611327962901,2957218766097421791,18433132983795212223,0,0,0,0,0,0,0,0,0,0,0
349,10,1527,8,10,0.057297,26650.44,0.023583,64750.71,0.020153,75770.21,0.026449,57734.80,0.029078,52514.72,0.028325,53910.28,0.038033,40149.00,0.058239,0.010988,0.011490,0.028325,0.109041,0.016487,9,168380,175425,771495,560,0,0,0,940,0,0,0,733,0,0,0,464,0,0,0,461,0,0,0,10,0,0,0,3140098838681134016,12317038816861583123,12317038816861583123,12969294202585223477,14158933307900106991,9632207614915480673,0,0,0,0,0,0,0,0,0,0,0
350,10,1444,8,10,0.065935,21900.23,0.035557,40611.39,0.033014,43739.00,0.037228,38787.99,0.037686,38316.72,0.034102,42343.36,0.043593,33124.88,0.067223,0.011643,0.021825,0.034102,0.134794,0.015408,2,173127,178142,947655,676,0,0,0,1284,0,0,0,739,0,0,0,468,0,0,0,550,0,0,0,3,0,0,0,10892812619630876344,11095579331599361446,11095579331599361446,16794090905656242093,1773343751042728733,7517066121030715761,0,0,0,0,0,0,0,0,0,0,0
351,10,1505,8,10,0.067427,22320.37,0.033909,44383.91,0.031839,47268.78,0.036391,41356.02,0.040372,37278.04,0.037171,40488.81,0.047382,31763.03,0.068687,0.013187,0.023926,0.037171,0.142971,0.018163,2,194791,201406,745366,708,0,0,0,1329,0,0,0,760,0,0,0,401,0,0,0,566,0,0,0,6,0,0,0,6630884782156796543,3608264541604705711,3608264541604705711,1810400883284087236,9917175226072453375,326212370516742013,0,0,0,0,0,0,0,0,0,0,0
352,10,1438,8,10,0.068470,21002.01,0.032938,43657.13,0.026085,55127.91,0.037392,38457.70,0.042411,33906.41,0.034653,41496.84,0.048224,29819.13,0.070078,0.012055,0.022122,0.034653,0.138908,0.016158,2,178739,184949,746079,662,0,0,0,1181,0,0,0,572,0,0,0,337,0,0,0,390,0,0,0,7,0,0,0,17732473851283241147,8648310470112225736,8648310470112225736,5345922513884212246,14085785252529701098,17645980993332347493,0,0,0,0,0,0,0,0,0,0,0
353,10,1243,8,10,0.054790,22686.81,0.025957,47887.62,0.023023,53990.49,0.027136,45806.67,0.031531,39421.41,0.027563,45096.61,0.036145,34388.81,0.055418,0.010402,0.020607,0.027563,0.113990,0.012228,2,150055,153105,826550,485,0,0,0,864,0,0,0,497,0,0,0,325,0,0,0,397,0,0,0,3,0,0,0,10601348714404859862,12564087019506672948,12564087019506672948,13547250543515182219,15545753160824072202,3406340796065278015,0,0,0,0,0,0,0,0,0,0,0
354,10,1399,8,10,0.058204,24036.11,0.025168,55586.82,0.021568,64864.56,0.026563,52667.74,0.032920,42496.51,0.028794,48586.99,0.039323,35576.85,0.059223,0.011693,0.023277,0.028794,0.122987,0.015027,2,179111,182331,728472,462,0,0,0,833,0,0,0,538,0,0,0,301,0,0,0,425,0,0,0,8,0,0,0,9113749930788693329,5103701224783056070,5103701224783056070,830456709287339259,9908619773400926384,4200233667080021626,0,0,0,0,0,0,0,0,0,0,0
355,10,1385,8,10,0.059861,23137.03,0.026878,51529.82,0.025567,54170.98,0.028160,49184.04,0.032377,42777.69,0.025718,53853.44,0.038614,35867.67,0.060964,0.011164,0.020199,0.025718,0.118045,0.014766,2,162843,166388,965029,691,0,0,0,1213,0,0,0,664,0,0,0,401,0,0,0,498,0,0,0,13,0,0,0,14886450704114960568,5831277270742117819,5831277270742117819,10279055049323458549,15727289376754172776,14901366238800861463,0,0,0,0,0,0,0,0,0,0,0
356,10,2013,8,10,0.071406,28191.07,0.031473,63959.17,0.026597,75685.00,0.031912,63079.02,0.035556,56615.08,0.030136,66797.59,0.057514,35000.25,0.073263,0.014642,0.026767,0.030136,0.144807,0.030190,2,224797,288042,866055,1171,0,0,0,1781,0,0,0,991,0,0,0,700,0,0,0,957,0,0,0,89,0,0,0,12085458253136072802,2867331849947316215,2867331849947316215,9684295928989242074,8698402567561381184,9918119393896668515,0,0,0,0,0,0,0,0,0,0,0
357,10,1351,8,10,0.053561,25223.43,0.026453,51071.57,0.024380,55414.92,0.026650,50695.03,0.030544,44231.54,0.025859,52245.05,0.035853,37681.79,0.054481,0.010780,0.020993,0.025859,0.112113,0.014082,2,155513,159043,725537,683,0,0,0,1180,0,0,0,825,0,0,0,463,0,0,0,613,0,0,0,7,0,0,0,5090522331489147261,14978026615390494234,14978026615390494234,9362008529623146451,4059581320432426142,6053762664592123330,0,0,0,0,0,0,0,0,0,0,0
358,10,1483,8,10,0.060533,24499.01,0.027053,54819.30,0.024558,60388.59,0.030222,49070.59,0.032486,45651.01,0.060515,24506.21,0.040792,36355.52,0.061661,0.012410,0.024068,0.060515,0.158654,0.017536,2,180581,186541,841095,692,0,0,0,1107,0,0,0,773,0,0,0,352,0,0,0,178,0,0,0,9,0,0,0,10510865493051209635,920818060476517692,920818060476517692,5513488362346919301,5500573349015298342,7257233532060550664,0,0,0,0,0,0,0,0,0,0,1
359,10,1468,8,10,0.060079,24434.60,0.028112,52219.75,0.025826,56841.47,0.029118,50415.04,0.032544,45108.68,0.030871,47552.18,0.040853,35934.03,0.061053,0.011658,0.010902,0.030871,0.114484,0.016031,10,170788,177523,836776,679,0,0,0,1239,0,0,0,759,0,0,0,478,0,0,0,391,0,0,0,8,0,0,0,5313114289148472919,8045674979391547420,8045674979391547420,13208879741027292373,8150502779246277877,17093007063817167735,0,0,0,0,0,0,0,0,0,0,0
360,10,1433,8,10,0.076010,18852.79,0.040688,35218.92,0.025899,55330.05,0.035714,40124.43,0.043201,33170.22,0.036863,38874.16,0.055307,25909.82,0.077186,0.011976,0.021623,0.036863,0.147647,0.016494,2,171488,176038,914412,628,0,0,0,972,0,0,0,703,0,0,0,473,0,0,0,450,0,0,0,4,0,0,0,239955090236954644,15602905042550423611,15602905042550423611,8112620355962473295,751420108566401049,12729532984648450505,0,0,0,0,0,0,0,0,0,0,0
361,10,1440,8,10,0.068305,21082.02,0.038495,37407.92,0.023437,61442.30,0.030019,47969.97,0.039011,36912.68,0.027530,52306.78,0.045464,31673.38,0.070098,0.012308,0.021253,0.027530,0.131189,0.015565,3,198620,201865,817926,469,0,0,0,673,0,0,0,505,0,0,0,304,0,0,0,457,0,0,0,8,0,0,0,6616097916058291782,11634791957442706864,11634791957442706864,5480232543558001718,7732751983213933566,615092152162364359,0,0,0,0,0,0,0,0,0,0,0
362,10,1358,8,10,0.058279,23301.53,0.027455,49462.46,0.022784,59603.16,0.028457,47721.58,0.032763,41449.67,0.028843,47081.85,0.041657,32599.92,0.059359,0.011932,0.021248,0.028843,0.121383,0.014726,4,177548,182803,848517,584,0,0,0,1067,0,0,0,643,0,0,0,319,0,0,0,361,0,0,0,10,0,0,0,15195600376662542452,320510655268165008,320510655268165008,10242997345244816352,13459448549655599274,8166609735720403862,0,0,0,0,0,0,0,0,0,0,0
363,10,1278,8,10,0.064954,19675.50,0.029657,43092.69,0.022596,56559.04,0.026036,49086.13,0.033039,38681.48,0.028271,45205.14,0.044601,28654.28,0.066074,0.011988,0.022643,0.028271,0.128975,0.013059,3,171369,174589,1033640,530,0,0,0,957,0,0,0,727,0,0,0,283,0,0,0,350,0,0,0,6,0,0,0,2497253728500544039,1181342792725432415,1181342792725432415,17363896130919087538,14791316865989233542,17095068568529477271,0,0,0,0,0,0,0,0,0,0,0
364,10,1407,8,10,0.061676,22812.78,0.028432,49486.58,0.025265,55689.76,0.029490,47711.80,0.033562,41922.76,0.029760,47278.06,0.045714,30778.52,0.062676,0.011937,0.022551,0.029760,0.126924,0.015203,3,184468,191968,849955,625,0,0,0,1198,0,0,0,558,0,0,0,321,0,0,0,410,0,0,0,4,0,0,0,2088941420003602665,10721475636653510167,10721475636653510167,4492997077073487416,242307768787981591,2407662377096948710,0,0,0,0,0,0,0,0,0,0,0
365,10,1789,8,10,0.056234,31813.22,0.028715,62301.74,0.024577,72792.19,0.025005,71546.15,0.032533,54989.99,0.030921,57856.56,0.063026,28384.96,0.057899,0.013722,0.016660,0.030921,0.119202,0.024283,6,213133,347633,638351,2309,0,0,0,2630,0,0,0,556,0,0,0,217,0,0,0,459,0,0,0,38,0,0,0,15501433699101667978,13134029105966324336,13134029105966324336,12824762246581360766,6511660671067452710,13778988269863520573,0,0,0,0,0,0,0,0,0,0,0
366,10,1348,8,10,0.055034,24493.98,0.026071,51704.44,0.022691,59408.07,0.027772,48538.52,0.030753,43833.14,0.026150,51548.55,0.037514,35933.40,0.056043,0.011476,0.021433,0.026150,0.115101,0.014706,2,170934,173944,668838,575,0,0,0,994,0,0,0,658,0,0,0,393,0,0,0,422,0,0,0,11,0,0,0,5511156000867798299,5511156000867798299,5511156000867798299,17744268558028670224,2239687021162347337,854095552718987236,0,0,0,0,0,0,0,0,0,0,0
367,10,1421,8,10,0.068846,20640.35,0.036231,39220.73,0.023852,59576.87,0.029140,48764.54,0.040096,35439.68,0.033841,41990.87,0.048085,29551.97,0.070065,0.011420,0.021957,0.033841,0.137282,0.015548,2,178754,183529,722137,616,0,0,0,974,0,0,0,745,0,0,0,380,0,0,0,519,0,0,0,7,0,0,0,14518294800907858012,8046053670996756596,8046053670996756596,7970175352977513071,719781933312725598,9399557448301012089,0,0,0,0,0,0,0,0,0,0,0
368,10,1412,8,10,0.062969,22423.73,0.026496,53291.69,0.024117,58548.17,0.028467,49601.54,0.032183,43873.67,0.027841,50717.34,0.042470,33246.70,0.063812,0.011529,0.021098,0.027841,0.124279,0.017187,4,178029,182769,893607,572,0,0,0,1088,0,0,0,731,0,0,0,328,0,0,0,492,0,0,0,12,0,0,0,5301675907934864749,9037160752398458460,9037160752398458460,12104156334257294958,7353013441558385691,4287682063725335015,0,0,0,0,0,0,0,0,0,0,0
369,10,1344,8,10,0.061157,21976.33,0.030704,43773.29,0.027251,49320.13,0.029537,45501.81,0.034894,38516.30,0.033558,40049.52,0.043252,31073.88,0.061912,0.012029,0.013857,0.033558,0.121357,0.015120,7,180477,187522,688470,756,0,0,0,1265,0,0,0,635,0,0,0,483,0,0,0,410,0,0,0,8,0,0,0,1016140208455129453,9087851241325973171,9087851241325973171,2534400958063727627,8121744321169075587,8795479372170570369,0,0,0,0,0,0,0,0,0,0,0
370,10,1351,8,10,0.070806,19080.20,0.035688,37856.17,0.029013,46565.40,0.041233,32765.08,0.044753,30187.84,0.039768,33971.88,0.049342,27380.11,0.072111,0.013872,0.023141,0.039768,0.148893,0.016962,2,194389,199644,770483,800,0,0,0,1286,0,0,0,679,0,0,0,457,0,0,0,361,0,0,0,7,0,0,0,5237395729144677151,14524311178602934742,18263524609918093157,1784527038887294383,13960076556197968887,13583448923016060395,0,0,0,0,0,0,0,0,0,0,0
371,10,1983,8,10,0.056659,34998.76,0.025213,78648.51,0.021043,94233.93,0.022014,90077.53,0.029455,67322.56,0.026885,73759.06,0.049380,40157.87,0.057948,0.013161,0.012137,0.026885,0.110131,0.025947,9,186832,257202,1113880,927,0,0,0,1223,0,0,0,540,0,0,0,342,0,0,0,326,0,0,0,46,0,0,0,4273295525056527661,582680352222936697,582680352222936697,16986117365245876164,2845433938723883939,4891920865707870907,0,0,0,0,0,0,0,0,0,0,0
372,10,1405,8,10,0.052897,26561.24,0.025354,55414.79,0.023524,59725.12,0.024891,56445.51,0.028464,49361.11,0.024854,56530.41,0.033771,41603.91,0.053318,0.010015,0.016483,0.024854,0.104670,0.016074,5,149441,153921,861642,769,0,0,0,1279,0,0,0,745,0,0,0,453,0,0,0,591,0,0,0,8,0,0,0,2241047638677057003,13460986260691027126,13460986260691027126,9476852904137366270,7633134611329639697,204251792837525752,0,0,0,0,0,0,0,0,0,0,0
373,10,1324,8,10,0.051873,25523.67,0.025798,51321.59,0.021287,62196.60,0.023432,56503.93,0.027604,47963.43,0.021877,60521.32,0.033701,39286.48,0.052500,0.010121,0.022524,0.021877,0.107022,0.013416,2,150542,153502,729157,568,0,0,0,924,0,0,0,658,0,0,0,427,0,0,0,463,0,0,0,5,0,0,0,18158876855546549939,18158876855546549939,18158876855546549939,3655314226131465222,147476917982442517,13827355014681205209,0,0,0,0,0,0,0,0,0,0,0
374,10,1281,8,10,0.057585,22245.47,0.026355,48604.95,0.023336,54893.48,0.028873,44367.35,0.032632,39255.93,0.030233,42371.19,0.041445,30908.56,0.058387,0.011719,0.023623,0.030233,0.123962,0.013277,2,177954,182314,733981,586,0,0,0,1168,0,0,0,524,0,0,0,287,0,0,0,367,0,0,0,8,0,0,0,7625014815673560772,16889292221609355667,16889292221609355667,4572051193227525900,6031400422240121702,2228131923792624903,0,0,0,0,0,0,0,0,0,0,0
375,10,1363,8,10,0.063755,21378.69,0.032808,41544.64,0.029547,46129.27,0.030212,45114.30,0.035349,38558.53,0.029074,46880.43,0.041821,32591.45,0.065158,0.011482,0.022799,0.029074,0.128513,0.014506,2,159787,162252,672574,539,0,0,0,1109,0,0,0,751,0,0,0,359,0,0,0,511,0,0,0,16,0,0,0,6655628877855662989,12777834192577610024,12777834192577610024,1599616408713863085,797446569940748990,11719417421776946179,0,0,0,0,0,0,0,0,0,0,0
376,10,1489,8,10,0.056591,26311.78,0.023863,62398.73,0.022207,67051.26,0.024997,59568.16,0.029423,50607.13,0.027555,54036.77,0.036550,40738.90,0.057543,0.010660,0.020416,0.027555,0.116174,0.015475,2,156931,163121,741728,581,0,0,0,1107,0,0,0,681,0,0,0,398,0,0,0,379,0,0,0,3,0,0,0,6306963506670471708,2358268906625168606,2358268906625168606,8730998846634805319,11703320810675790363,9300360503202640597,0,0,0,0,0,0,0,0,0,0,0
377,10,1429,8,10,0.075185,19006.48,0.042915,33298.13,0.024668,57928.80,0.038114,37492.78,0.050428,28337.40,0.037106,38510.89,0.057660,24783.22,0.076652,0.010738,0.020753,0.037106,0.145250,0.015426,2,162262,168357,879548,643,0,0,0,974,0,0,0,519,0,0,0,388,0,0,0,456,0,0,0,9,0,0,0,8317711192522367843,3606426402905387655,3606426402905387655,5445150682224146539,10873600686293532847,14907010613008733258,0,0,0,0,0,0,0,0,0,0,0
378,10,1364,8,10,0.056708,24052.92,0.027274,50010.68,0.021909,62258.23,0.025466,53561.60,0.031072,43897.76,0.025988,52486.63,0.036000,37888.70,0.057925,0.011331,0.025295,0.025988,0.120539,0.013931,2,161900,165100,807430,513,0,0,0,962,0,0,0,674,0,0,0,363,0,0,0,423,0,0,0,1,0,0,0,14123233557805455726,9480313398019012007,9480313398019012007,5310572884215800117,3406550520290220399,1991463790184178835,0,0,0,0,0,0,0,0,0,0,0
379,10,1574,8,10,0.066796,23564.46,0.034206,46015.78,0.034516,45602.35,0.038207,41197.15,0.041531,37899.53,0.034441,45701.25,0.050003,31478.06,0.068633,0.012598,0.022851,0.034441,0.138524,0.019003,2,193584,209684,743614,938,0,0,0,1595,0,0,0,600,0,0,0,553,0,0,0,720,0,0,0,19,0,0,0,4736262546013910826,8730038394132056658,8730038394132056658,13760613781210622358,5884130253813669468,14615492623691524951,0,0,0,0,0,0,0,0,0,0,0
380,10,1334,8,10,0.062342,21397.97,0.033534,39780.49,0.026465,50405.55,0.035041,38070.22,0.038917,34277.92,0.032843,40617.82,0.046751,28534.12,0.063291,0.011465,0.021608,0.032843,0.129207,0.014163,3,171350,175615,706968,633,0,0,0,1243,0,0,0,685,0,0,0,346,0,0,0,322,0,0,0,6,0,0,0,13454940791329617164,7903516012616834618,7903516012616834618,13480124920534755041,18113622569939803800,13480124920534755041,0,0,0,0,0,0,0,0,0,0,0
381,10,1425,8,10,0.058701,24275.56,0.028602,49822.19,0.025512,55855.59,0.027378,52049.52,0.031996,44536.61,0.030172,47229.33,0.036568,38968.83,0.060108,0.011273,0.011253,0.030172,0.112806,0.015564,9,161041,166321,879196,638,0,0,0,1157,0,0,0,646,0,0,0,410,0,0,0,409,0,0,0,7,0,0,0,7173272961047640522,16941241804236156977,16941241804236156977,9963473206453893490,7388855794420213425,2748712900510626607,0,0,0,0,0,0,0,0,0,0,0
382,10,1374,8,10,0.055908,24576.04,0.029358,46801.13,0.025471,53944.19,0.027978,49110.41,0.032870,41801.17,0.053261,25797.64,0.040107,34258.30,0.057243,0.011644,0.019969,0.053261,0.142116,0.014343,3,165066,169316,849349,565,0,0,0,941,0,0,0,617,0,0,0,297,0,0,0,102,0,0,0,6,0,0,0,12268436921609094580,637412865760296179,637412865760296179,10439639554949051317,11344664625530021711,15221666439130663969,0,0,0,0,0,0,0,0,0,0,1
383,10,1385,8,10,0.065638,21100.68,0.033932,40816.88,0.026203,52857.08,0.029159,47498.74,0.036381,38069.24,0.031266,44297.35,0.046168,29999.34,0.066255,0.011269,0.011054,0.031266,0.119845,0.015307,9,165480,169935,1188542,637,0,0,0,1095,0,0,0,712,0,0,0,380,0,0,0,382,0,0,0,8,0,0,0,14855614674820519039,8901207509805688477,8901207509805688477,11450124138294727376,10201871232888384532,472277318482950400,0,0,0,0,0,0,0,0,0,0,0
384,10,1448,8,10,0.065037,22264.30,0.028332,51108.56,0.026526,54588.62,0.030861,46919.41,0.035263,41062.51,0.030669,47214.06,0.044053,32869.18,0.066279,0.011145,0.022404,0.030669,0.130497,0.016064,2,172121,177596,837800,646,0,0,0,1147,0,0,0,633,0,0,0,377,0,0,0,378,0,0,0,16,0,0,0,5875551999580126654,10528495320453553611,10528495320453553611,5735259566147540963,8146983943293904512,3449816572757622152,0,0,0,0,0,0,0,0,0,0,0
385,10,1774,8,10,0.069436,25548.72,0.034263,51776.37,0.032329,54874.03,0.036357,48794.41,0.041315,42938.16,0.036804,48200.70,0.050828,34902.33,0.070820,0.013634,0.013282,0.036804,0.134541,0.025549,9,198592,220977,873703,1014,0,0,0,1566,0,0,0,805,0,0,0,437,0,0,0,419,0,0,0,14,0,0,0,13952590491203759594,4318027245891543696,4318027245891543696,7479653567714299103,10920881918202969065,1182340207430249760,0,0,0,0,0,0,0,0,0,0,0
386,10,1675,8,10,0.067868,24680.29,0.035678,46947.40,0.029907,56006.34,0.033866,49459.37,0.039847,42035.38,0.037845,44259.51,0.052385,31974.83,0.069268,0.012414,0.012050,0.037845,0.131577,0.020149,9,183004,199519,954609,860,0,0,0,1283,0,0,0,749,0,0,0,406,0,0,0,419,0,0,0,8,0,0,0,1934401204524288290,4763709914977196873,4763709914977196873,4026155019536509689,11082100574998772126,1060411340049212475,0,0,0,0,0,0,0,0,0,0,0
387,10,1493,8,10,0.058760,25408.39,0.029897,49937.92,0.026756,55800.53,0.030478,48986.11,0.033622,44404.99,0.028844,51760.32,0.039713,37594.97,0.059663,0.012099,0.023813,0.028844,0.124420,0.016782,2,187227,190762,716927,690,0,0,0,1186,0,0,0,733,0,0,0,458,0,0,0,571,0,0,0,6,0,0,0,9791879582995613159,8972033533790449066,8972033533790449066,7733732673677339860,12296234121300536733,12441323951299670505,0,0,0,0,0,0,0,0,0,0,0
388,10,1404,8,10,0.056708,24758.42,0.024777,56665.56,0.022027,63739.13,0.026434,53114.09,0.029826,47072.88,0.027699,50688.61,0.038887,36104.31,0.058904,0.011580,0.015047,0.027699,0.113229,0.014889,5,164311,168271,816686,557,0,0,0,949,0,0,0,656,0,0,0,314,0,0,0,284,0,0,0,18,0,0,0,7243404568735290340,12068805681194200861,12068805681194200861,6229451308925203501,7272868311353235060,13307802413092839541,0,0,0,0,0,0,0,0,0,0,0
389,10,1454,8,10,0.065472,22207.81,0.030906,47045.44,0.026976,53900.29,0.033419,43508.75,0.038738,37534.30,0.031978,45468.08,0.045480,31969.76,0.066835,0.012262,0.023527,0.031978,0.134603,0.016515,2,185495,191430,855163,782,0,0,0,1397,0,0,0,609,0,0,0,424,0,0,0,518,0,0,0,14,0,0,0,11695522033290680765,9171584940508113377,9171584940508113377,14025021645585028009,6267024325881770649,16756178427492216320,0,0,0,0,0,0,0,0,0,0,0
390,10,1761,8,10,0.074699,23574.63,0.040138,43873.99,0.038432,45820.69,0.041468,42466.91,0.047138,37358.73,0.043045,40910.94,0.066279,26569.68,0.077356,0.012976,0.021194,0.043045,0.154571,0.022129,5,217171,268686,995564,1851,0,0,0,2416,0,0,0,727,0,0,0,404,0,0,0,441,0,0,0,138,0,0,0,9910119073048489470,15637723560748543245,15637723560748543245,7758207180426620167,13582402681668893566,1196399940218981441,0,0,0,0,0,0,0,0,0,0,0
391,10,1471,8,10,0.057130,25748.31,0.032592,45133.66,0.024669,59628.88,0.028324,51934.09,0.034164,43056.89,0.029218,50345.90,0.039539,37203.40,0.058617,0.011468,0.020100,0.029218,0.119403,0.015540,3,158264,168669,860906,672,0,0,0,1217,0,0,0,673,0,0,0,478,0,0,0,536,0,0,0,10,0,0,0,2601496776206629215,17788348217728579518,17788348217728579518,5356436199864874358,5370654345944259548,9538824102330086866,0,0,0,0,0,0,0,0,0,0,0
392,10,1409,8,10,0.093032,15145.31,0.067867,20761.06,0.049055,28723.04,0.052313,26934.15,0.070654,19942.27,0.070514,19981.88,0.077544,18170.35,0.094141,0.010822,0.009400,0.070514,0.184877,0.014372,10,148600,154055,625508,646,0,0,0,1012,0,0,0,625,0,0,0,371,0,0,0,377,0,0,0,7,0,0,0,7039439238029492554,7039439238029492554,13347941563131005928,11861994301162392038,14758016975176446620,3877538300349859093,0,0,0,0,0,0,0,0,0,0,0
393,10,1710,8,10,0.068550,24945.12,0.033989,50310.03,0.030487,56089.17,0.033833,50542.43,0.037409,45710.67,0.037544,45546.19,0.047027,36361.79,0.070178,0.013463,0.012081,0.037544,0.133267,0.025205,10,202504,210449,942786,1003,0,0,0,1666,0,0,0,847,0,0,0,527,0,0,0,490,0,0,0,26,0,0,0,6877730214410464668,6923434847175579190,6923434847175579190,14939426350353369339,1693302938580583786,6516556527644499282,0,0,0,0,0,0,0,0,0,0,0
394,10,1411,8,10,0.057567,24510.72,0.027348,51594.68,0.024602,57352.93,0.028134,50152.51,0.032262,43735.87,0.030984,45539.81,0.038124,37010.50,0.058632,0.011143,0.010351,0.030984,0.111109,0.015432,10,168891,172926,822320,679,0,0,0,1111,0,0,0,691,0,0,0,403,0,0,0,377,0,0,0,10,0,0,0,7857596203607413477,9475309900173250645,9475309900173250645,4382489508254109846,12828895130003221958,8652092084428209956,0,0,0,0,0,0,0,0,0,0,0
395,10,1501,8,10,0.060142,24957.58,0.028503,52661.98,0.024277,61827.73,0.030824,48696.45,0.032845,45699.30,0.029788,50388.65,0.039175,38314.93,0.061387,0.011725,0.022788,0.029788,0.125689,0.017288,2,178577,183732,846128,570,0,0,0,1003,0,0,0,593,0,0,0,391,0,0,0,535,0,0,0,5,0,0,0,5434800670897724369,4208651189803962806,4208651189803962806,1460765703918319835,6862620118207665430,8908342530551214802,0,0,0,0,0,0,0,0,0,0,0
396,10,1455,8,10,0.068792,21150.66,0.033017,44067.60,0.027115,53660.06,0.030798,47243.66,0.038862,37440.61,0.034055,42725.51,0.047737,30479.74,0.069916,0.012003,0.019443,0.034055,0.135416,0.015665,4,178805,187800,949197,578,0,0,0,1079,0,0,0,684,0,0,0,440,0,0,0,465,0,0,0,5,0,0,0,4583892536851592692,14792278832257302955,13773519365846969317,18175307225959304705,5776884948951736717,4640771009927932506,0,0,0,0,0,0,0,0,0,0,0
397,10,1970,8,10,0.065737,29967.93,0.030360,64887.94,0.025239,78053.32,0.025026,78719.25,0.033973,57987.23,0.028846,68294.45,0.057229,34422.89,0.068577,0.014440,0.024656,0.028846,0.136518,0.027811,3,239152,405922,748664,2084,0,0,0,2280,0,0,0,729,0,0,0,1162,0,0,0,1056,0,0,0,7,0,0,0,13090623661000235868,11492441036322718308,11492441036322718308,14489000787419338040,1645132498979083833,4354775279406023635,0,0,0,0,0,0,0,0,0,0,0
398,10,1597,8,10,0.054785,29150.23,0.024368,65536.46,0.022580,70727.69,0.024866,64225.48,0.029939,53341.03,0.029011,55048.18,0.041959,38060.75,0.056196,0.010946,0.011867,0.029011,0.108020,0.018553,9,169004,215809,854073,1170,0,0,0,1608,0,0,0,738,0,0,0,348,0,0,0,334,0,0,0,56,0,0,0,9113816758616967741,17483052507610831164,12136036138208894904,11248782903581904282,16264219557780019410,3513685243019259168,0,0,0,0,0,0,0,0,0,0,0
399,10,1519,8,10,0.076920,19747.84,0.036023,42167.32,0.029786,50997.66,0.038302,39658.33,0.041860,36288.02,0.038872,39076.76,0.055188,27524.02,0.077541,0.011987,0.021230,0.038872,0.149630,0.017652,5,187817,196532,955244,728,0,0,0,1302,0,0,0,652,0,0,0,391,0,0,0,506,0,0,0,20,0,0,0,10057004329945451702,498676993881379858,498676993881379858,15061253937695329296,8544731924332152853,7427777238924932561,0,0,0,0,0,0,0,0,0,0,0
400,10,1688,8,10,0.071584,23580.70,0.034808,48494.41,0.026765,63067.97,0.038834,43466.94,0.038928,43362.38,0.036274,46534.14,0.055427,30454.40,0.072635,0.013015,0.022573,0.036274,0.144498,0.022705,4,189435,227535,1161397,645,0,0,0,1105,0,0,0,550,0,0,0,368,0,0,0,451,0,0,0,12,0,0,0,12368097441654897080,5088548817255535406,5088548817255535406,14841192467012757202,17768479926170786741,3866991290836871565,0,0,0,0,0,0,0,0,0,0,0
401,10,1746,8,10,0.055886,31242.35,0.030874,56552.23,0.023275,75014.74,0.026175,66704.21,0.031475,55472.01,0.029345,59499.93,0.057163,30543.97,0.057702,0.012501,0.013886,0.029345,0.113433,0.022027,7,192553,260658,724426,1311,0,0,0,1709,0,0,0,708,0,0,0,247,0,0,0,320,0,0,0,24,0,0,0,6254508676536389973,12792931059085972883,12792931059085972883,1660631092930750166,5691936968661063127,7701318101139301376,0,0,0,0,0,0,0,0,0,0,0
402,10,1642,8,10,0.066932,24532.43,0.030809,53295.52,0.027192,60384.53,0.032679,50245.89,0.037887,43339.09,0.034427,47694.72,0.047008,34930.01,0.068023,0.012290,0.011050,0.034427,0.125790,0.019757,10,188101,207756,918705,765,0,0,0,1660,0,0,0,877,0,0,0,540,0,0,0,428,0,0,0,41,0,0,0,12201888377174555995,1150106953286589525,1150106953286589525,14943648503833346624,3081447893597981357,17793026707225696184,0,0,0,0,0,0,0,0,0,0,0
403,10,1510,8,10,0.070180,21516.02,0.032378,46637.29,0.026272,57475.36,0.033633,44896.28,0.037192,40600.55,0.034539,43718.30,0.045409,33253.35,0.071328,0.011966,0.020460,0.034539,0.138293,0.016984,3,184234,190649,762865,760,0,0,0,1290,0,0,0,809,0,0,0,503,0,0,0,621,0,0,0,6,0,0,0,10837751803960675162,8894629289174070842,8894629289174070842,5632058945014218637,13917746184254480023,5947945237830145985,0,0,0,0,0,0,0,0,0,0,0
404,10,1532,8,10,0.066442,23057.72,0.031824,48139.52,0.028840,53121.19,0.032456,47202.63,0.037055,41343.53,0.034321,44637.04,0.047800,32050.28,0.067631,0.012033,0.017174,0.034321,0.131159,0.017973,5,180123,187908,931312,707,0,0,0,1308,0,0,0,790,0,0,0,430,0,0,0,368,0,0,0,9,0,0,0,3933812008480288976,16869781868966227200,16869781868966227200,9454852701749809174,14609628535445215539,15312839768203825654,0,0,0,0,0,0,0,0,0,0,0
405,10,1513,8,10,0.067636,22369.88,0.030820,49090.75,0.028976,52215.64,0.032301,46841.05,0.036127,41880.45,0.030329,49887.04,0.046267,32701.26,0.068724,0.012146,0.022116,0.030329,0.133314,0.017289,2,176052,183972,845167,720,0,0,0,1168,0,0,0,578,0,0,0,390,0,0,0,459,0,0,0,24,0,0,0,8656824168591120525,11086458456306633331,11086458456306633331,7418472027332623787,10935664858209279909,9835276239879566151,0,0,0,0,0,0,0,0,0,0,0
406,10,1641,8,10,0.072781,22547.15,0.034530,47524.17,0.025733,63769.05,0.037425,43847.56,0.041155,39873.52,0.037747,43473.45,0.052761,31102.31,0.074200,0.012449,0.024687,0.037747,0.149084,0.018968,2,190035,197245,1113268,671,0,0,0,1118,0,0,0,658,0,0,0,465,0,0,0,608,0,0,0,8,0,0,0,16130956623506272216,6938653128407397155,6938653128407397155,9341505611243471276,11720757738710851707,7867121532228791241,0,0,0,0,0,0,0,0,0,0,0
407,10,1666,8,10,0.063351,26297.97,0.033147,50261.59,0.030906,53905.61,0.031111,53549.67,0.036795,45278.13,0.031012,53721.69,0.047728,34906.16,0.064627,0.011408,0.021246,0.031012,0.128293,0.019370,3,180888,191823,889384,789,0,0,0,1264,0,0,0,664,0,0,0,445,0,0,0,583,0,0,0,29,0,0,0,7764388304426679043,17511167663834949739,17511167663834949739,11617517390785882272,488534731310807596,1140244497038395560,0,0,0,0,0,0,0,0,0,0,0
408,10,1545,8,10,0.068804,22455.04,0.039689,38928.02,0.032030,48236.48,0.035392,43653.98,0.043020,35913.84,0.033945,45515.15,0.055354,27911.28,0.070433,0.011934,0.017545,0.033945,0.133857,0.018206,5,177010,190660,771807,807,0,0,0,1280,0,0,0,649,0,0,0,377,0,0,0,309,0,0,0,10,0,0,0,18428593655004570882,11244469300675020884,11244469300675020884,4743140011478330673,3228290963638903662,9368978804234494295,0,0,0,0,0,0,0,0,0,0,0
409,10,1581,8,10,0.060812,25998.34,0.029044,54435.05,0.026366,59964.26,0.030041,52628.79,0.032611,48480.84,0.028184,56095.31,0.040047,39478.66,0.062285,0.012145,0.022534,0.028184,0.125148,0.017959,2,178317,188357,809698,694,0,0,0,1061,0,0,0,852,0,0,0,488,0,0,0,533,0,0,0,3,0,0,0,7873467552018715772,13640471870503873575,13640471870503873575,17749665679583449050,4936707663213494335,6362607369307393747,0,0,0,0,0,0,0,0,0,0,0
410,10,1591,8,10,0.077825,20443.27,0.041039,38767.62,0.033016,48189.29,0.037921,41955.52,0.046332,34339.43,0.041974,37904.33,0.063680,24984.28,0.080099,0.012565,0.023560,0.041974,0.158198,0.018955,2,192642,214507,1118823,1113,0,0,0,1556,0,0,0,702,0,0,0,439,0,0,0,573,0,0,0,10,0,0,0,7191231657636332479,7884346629995970443,7884346629995970443,11803335900453950068,4878486819168794570,14991567831733764321,0,0,0,0,0,0,0,0,0,0,0
411,10,1580,8,10,0.064948,24327.25,0.031200,50641.26,0.026874,58792.24,0.031405,50310.28,0.038177,41386.31,0.031333,50425.92,0.054649,28912.04,0.066198,0.012903,0.023499,0.031333,0.133933,0.018174,2,195965,258150,1071641,1200,0,0,0,1708,0,0,0,461,0,0,0,312,0,0,0,433,0,0,0,6,0,0,0,17255348198281613496,7725971857653159832,7725971857653159832,6838341622910349001,7731887738491363958,15020467318526481879,0,0,0,0,0,0,0,0,0,0,0
412,10,1645,8,10,0.068856,23890.40,0.039324,41832.08,0.035966,45738.16,0.038894,42294.70,0.043435,37872.72,0.038059,43222.53,0.054275,30308.67,0.070297,0.014239,0.028268,0.038059,0.150863,0.022389,2,216083,231073,648817,977,0,0,0,1589,0,0,0,737,0,0,0,465,0,0,0,582,0,0,0,12,0,0,0,15895825761466041089,9294384012556370614,9294384012556370614,17497903080372093301,2729564949287404590,8301312296692931724,0,0,0,0,0,0,0,0,0,0,0
413,10,1520,8,10,0.056104,27092.65,0.026791,56736.22,0.022676,67030.78,0.026430,57510.00,0.029919,50803.94,0.027170,55943.97,0.040443,37584.16,0.057573,0.011592,0.022187,0.027170,0.118523,0.016705,3,173007,194942,826263,831,0,0,0,1196,0,0,0,706,0,0,0,276,0,0,0,429,0,0,0,6,0,0,0,9395639363303416755,8538044862967712470,8538044862967712470,5338856296103984974,16093424605204449680,15427364037413577555,0,0,0,0,0,0,0,0,0,0,0
414,10,1679,8,10,0.066530,25236.84,0.040894,41057.54,0.037833,44378.90,0.040772,41180.37,0.042835,39197.04,0.032792,51201.71,0.053006,31675.37,0.067870,0.012953,0.019813,0.032792,0.133428,0.020743,4,199709,213324,722483,1505,0,0,0,2552,0,0,0,900,0,0,0,588,0,0,0,545,0,0,0,37,0,0,0,17134745933895870450,17425868061695006751,17425868061695006751,11447847278172726694,17445069174042089072,9280152573962898676,0,0,0,0,0,0,0,0,0,0,0
415,10,2080,8,10,0.064851,32073.49,0.033265,62528.75,0.029850,69680.87,0.033255,62546.54,0.038260,54364.44,0.032688,63632.02,0.052194,39851.43,0.066893,0.014538,0.026374,0.032688,0.140493,0.034261,2,212927,287197,820059,1377,0,0,0,1895,0,0,0,698,0,0,0,447,0,0,0,578,0,0,0,9,0,0,0,9207431785123790973,3199413870318775118,3199413870318775118,17451342913677155610,17441642979785357445,16757429461140777679,0,0,0,0,0,0,0,0,0,0,0
416,10,1544,8,10,0.061981,24911.02,0.033553,46017.03,0.026736,57749.76,0.035087,44005.03,0.039190,39398.30,0.034615,44604.55,0.051265,30118.26,0.063398,0.011347,0.021008,0.034615,0.130368,0.018197,2,175860,226830,1117076,1244,0,0,0,1719,0,0,0,605,0,0,0,359,0,0,0,480,0,0,0,2,0,0,0,1109299628805788793,16015937549152710639,16015937549152710639,60523370485495512,18091692985661802517,5214932264050516942,0,0,0,0,0,0,0,0,0,0,0
417,10,1429,8,10,0.070177,20362.69,0.040542,35247.71,0.033037,43254.87,0.038422,37192.25,0.048048,29740.84,0.039057,36587.19,0.055802,25608.25,0.071778,0.011446,0.017568,0.039057,0.139849,0.016615,4,167321,171936,782613,837,0,0,0,1435,0,0,0,682,0,0,0,434,0,0,0,448,0,0,0,4,0,0,0,8923316395733078853,17581402759890545772,17581402759890545772,1757623238752268560,13276065457072039616,16589933450580310039,0,0,0,0,0,0,0,0,0,0,0
418,10,1492,8,10,0.068475,21788.93,0.037329,39968.66,0.030676,48637.40,0.035038,42582.20,0.039820,37468.57,0.033678,44302.55,0.052435,28454.08,0.069611,0.011510,0.020480,0.033678,0.135279,0.018029,3,176968,206058,995937,1324,0,0,0,1845,0,0,0,734,0,0,0,593,0,0,0,651,0,0,0,13,0,0,0,16424873398726690158,15501381801798686735,15501381801798686735,12713346308760149674,3721280015220683010,112307038583364254,0,0,0,0,0,0,0,0,0,0,0
419,10,1336,8,10,0.057138,23381.90,0.026589,50246.32,0.024374,54811.58,0.028130,47493.81,0.032055,41678.26,0.029831,44786.09,0.036639,36463.41,0.058128,0.010907,0.013934,0.029831,0.112799,0.015761,5,151086,154836,872493,707,0,0,0,1311,0,0,0,625,0,0,0,402,0,0,0,398,0,0,0,11,0,0,0,5740306851310375061,3304658663417070809,3304658663417070809,4105905137804304239,6509425786935338692,16092094760129676023,0,0,0,0,0,0,0,0,0,0,0
420,10,1314,8,10,0.072733,18066.01,0.037741,34815.79,0.028268,46484.38,0.040381,32539.77,0.044637,29437.59,0.039125,33584.40,0.050264,26142.08,0.073617,0.011597,0.023957,0.039125,0.148296,0.013818,2,179981,184091,1005197,714,0,0,0,1255,0,0,0,644,0,0,0,397,0,0,0,478,0,0,0,2,0,0,0,606974809723266121,12694811772475985753,12694811772475985753,13260057985021252263,2602233830348407033,11346432475410091069,0,0,0,0,0,0,0,0,0,0,0
421,10,1312,8,10,0.056293,23306.79,0.029247,44859.52,0.029013,45220.95,0.030538,42962.29,0.033356,39333.12,0.028832,45504.46,0.040076,32737.95,0.057285,0.010222,0.023493,0.028832,0.119833,0.012876,2,156085,159215,1029064,558,0,0,0,1087,0,0,0,567,0,0,0,280,0,0,0,432,0,0,0,2,0,0,0,5686890346841377673,5686890346841377673,5686890346841377673,18266876292183244177,11058377785779199979,16608904982944155403,0,0,0,0,0,0,0,0,0,0,0
422,10,1479,8,10,0.063747,23200.93,0.029754,49706.80,0.024679,59929.31,0.028883,51207.19,0.032619,45341.59,0.028956,51077.38,0.043963,33641.87,0.065479,0.012795,0.025187,0.028956,0.132417,0.016595,2,199833,204688,852949,685,0,0,0,1070,0,0,0,688,0,0,0,387,0,0,0,643,0,0,0,6,0,0,0,15965062324394398075,17646029848478802361,17646029848478802361,12229030767093319166,17680796971683290208,10447342823106469709,0,0,0,0,0,0,0,0,0,0,0
423,10,1585,8,10,0.070995,22325.39,0.031942,49620.68,0.028442,55726.91,0.035483,44668.94,0.040452,39182.59,0.036038,43981.82,0.050781,31212.26,0.072148,0.012601,0.028893,0.036038,0.149680,0.019463,2,197615,207520,826000,731,0,0,0,1318,0,0,0,826,0,0,0,400,0,0,0,568,0,0,0,5,0,0,0,12768704882319673648,3971688247617844690,3971688247617844690,6950343486863653969,16585545574220435249,1991522951822663731,0,0,0,0,0,0,0,0,0,0,0
424,10,1463,8,10,0.074891,19535.03,0.040608,36027.06,0.030823,47465.03,0.033013,44315.65,0.047911,30535.94,0.038484,38016.03,0.054597,26796.57,0.075816,0.011817,0.020738,0.038484,0.146854,0.016901,3,176015,181775,913534,874,0,0,0,1453,0,0,0,649,0,0,0,502,0,0,0,562,0,0,0,5,0,0,0,4321592805888179665,3448532522784654574,3448532522784654574,4994694060932634294,1256537021783742508,917540779284716498,0,0,0,0,0,0,0,0,0,0,0
425,10,1439,8,10,0.073736,19515.63,0.043051,33425.60,0.028627,50267.89,0.034009,42312.57,0.044970,31999.42,0.032775,43905.51,0.056479,25478.30,0.074574,0.011176,0.020859,0.032775,0.139383,0.015259,3,163719,168899,837552,734,0,0,0,1087,0,0,0,741,0,0,0,346,0,0,0,552,0,0,0,2,0,0,0,15279699540435152471,4996479899308263454,4996479899308263454,1362398367005338044,3405172746739957593,12829920474383187079,0,0,0,0,0,0,0,0,0,0,0
426,10,1510,8,10,0.068696,21980.96,0.027419,55071.91,0.023710,63686.71,0.032065,47092.18,0.034028,44374.91,0.075454,20012.26,0.044334,34059.77,0.069840,0.012305,0.028870,0.075454,0.186469,0.019353,2,182390,187080,955377,486,0,0,0,918,0,0,0,636,0,0,0,360,0,0,0,27,0,0,0,5,0,0,0,10030746102675947204,4516015621269076623,4516015621269076623,13679632324958841806,4739719921433301138,2404152587346571739,0,0,0,0,0,0,0,0,0,0,1
427,10,1354,8,10,0.072036,18796.21,0.033545,40363.13,0.025558,52978.08,0.032824,41249.72,0.038659,35024.27,0.034647,39079.68,0.049810,27183.48,0.072813,0.012835,0.023858,0.034647,0.144153,0.017088,3,192954,199054,902199,704,0,0,0,1148,0,0,0,596,0,0,0,412,0,0,0,442,0,0,0,11,0,0,0,17349184267592574327,13307759540070570808,13307759540070570808,2791253137518763658,16326152345169474486,4935986685141784308,0,0,0,0,0,0,0,0,0,0,0
428,10,1450,8,10,0.074471,19470.68,0.035895,40395.31,0.032783,44230.24,0.036452,39778.88,0.044112,32870.64,0.040917,35437.90,0.056106,25843.79,0.075674,0.012254,0.022649,0.040917,0.151494,0.016719,2,193030,208190,871237,1112,0,0,0,1914,0,0,0,676,0,0,0,546,0,0,0,646,0,0,0,16,0,0,0,4529032453854924337,4881030776951959988,4881030776951959988,5304099222809435716,12069824687948501877,10157372763791717107,0,0,0,0,0,0,0,0,0,0,0
429,10,1473,8,10,0.061814,23829.45,0.026652,55267.91,0.022845,64478.33,0.026019,56611.64,0.033317,44211.89,0.027797,52992.26,0.035409,41599.65,0.062794,0.011697,0.021854,0.027797,0.124141,0.015758,2,177774,181894,800869,600,0,0,0,1312,0,0,0,945,0,0,0,551,0,0,0,607,0,0,0,18,0,0,0,5071722938717796721,4002766617935553541,4002766617935553541,5435132939742330693,4582951169289947325,7774969056351718207,0,0,0,0,0,0,0,0,0,0,0
430,10,1562,8,10,0.066714,23413.33,0.036864,42371.45,0.034338,45489.09,0.036910,42319.21,0.045461,34358.79,0.037268,41912.51,0.050822,30734.69,0.067852,0.011749,0.022924,0.037268,0.139794,0.020251,2,186732,210327,711390,1122,0,0,0,1950,0,0,0,935,0,0,0,494,0,0,0,590,0,0,0,8,0,0,0,11475612505203712528,2844595542482159710,2844595542482159710,17808613655086743885,11575326781116000127,3288215729551768943,0,0,0,0,0,0,0,0,0,0,0
431,10,1598,8,10,0.072931,21911.20,0.038106,41936.18,0.032599,49020.08,0.032019,49907.21,0.044157,36188.78,0.033780,47306.75,0.054854,29132.09,0.074476,0.012267,0.023162,0.033780,0.143685,0.020606,2,184859,199264,882059,1040,0,0,0,1414,0,0,0,618,0,0,0,392,0,0,0,561,0,0,0,8,0,0,0,6694743781936221494,13112924575622348992,13112924575622348992,1716408669531680815,532059133823038439,7011107615943516885,0,0,0,0,0,0,0,0,0,0,0
432,10,1484,8,10,0.084579,17545.68,0.051038,29076.58,0.042627,34813.78,0.052198,28430.26,0.058187,25503.95,0.048756,30437.31,0.064524,22999.10,0.085829,0.011847,0.022105,0.048756,0.168537,0.016292,2,171326,179176,801009,810,0,0,0,1435,0,0,0,787,0,0,0,469,0,0,0,914,0,0,0,6,0,0,0,9552492802349880834,12293931258227518871,12293931258227518871,16982661005234589371,15874564105064311912,14946654513125947743,0,0,0,0,0,0,0,0,0,0,0
433,10,1414,8,10,0.070592,20030.56,0.033161,42640.69,0.031312,45158.87,0.037466,37741.20,0.041377,34173.95,0.037638,37568.82,0.052033,27175.22,0.071425,0.012378,0.016966,0.037638,0.138406,0.015366,6,183577,191267,914522,682,0,0,0,1290,0,0,0,511,0,0,0,357,0,0,0,344,0,0,0,14,0,0,0,7527478890174335631,18410718560824046923,18410718560824046923,6573593904330978925,7031403392769579413,4140040783180058519,0,0,0,0,0,0,0,0,0,0,0
434,10,1406,8,10,0.063086,22287.10,0.033959,41402.87,0.031073,45248.61,0.035262,39872.51,0.038742,36291.57,0.035546,39554.89,0.045422,30954.17,0.063669,0.011101,0.018813,0.035546,0.129130,0.015283,4,167688,173203,962924,824,0,0,0,1430,0,0,0,799,0,0,0,428,0,0,0,597,0,0,0,25,0,0,0,467515188408003870,12071637840137473904,12071637840137473904,4061049578496850945,9438581598250084105,13203999579666369751,0,0,0,0,0,0,0,0,0,0,0
435,10,1362,8,10,0.074478,18287.25,0.035846,37996.11,0.024790,54940.68,0.035495,38371.50,0.040574,33568.69,0.037206,36607.35,0.058079,23450.70,0.075585,0.012939,0.024224,0.037206,0.149954,0.014908,2,192788,196493,878415,594,0,0,0,1129,0,0,0,712,0,0,0,291,0,0,0,464,0,0,0,12,0,0,0,5351108344584466334,13459455744799984453,13459455744799984453,10487568778466048287,11500221157508511406,13610030274503360253,0,0,0,0,0,0,0,0,0,0,0
436,10,1435,8,10,0.071503,20069.08,0.033370,43002.73,0.029901,47992.08,0.034119,42058.50,0.037863,37899.85,0.034516,41574.75,0.045054,31850.39,0.073648,0.011186,0.022768,0.034516,0.142118,0.015920,2,171228,175243,1029191,717,0,0,0,1221,0,0,0,762,0,0,0,435,0,0,0,697,0,0,0,8,0,0,0,13642496819518957847,8554928216488320710,8554928216488320710,4368881554674400273,10427944752719821887,6430300081699337507,0,0,0,0,0,0,0,0,0,0,0
437,10,1430,8,10,0.073163,19545.29,0.034923,40947.14,0.033067,43245.85,0.036716,38947.29,0.041177,34728.46,0.034568,41368.03,0.051582,27723.06,0.074592,0.011276,0.020092,0.034568,0.140528,0.016386,3,179291,185641,962496,858,0,0,0,1513,0,0,0,727,0,0,0,436,0,0,0,601,0,0,0,30,0,0,0,5415817273690203964,308715850418642183,308715850418642183,2383532966294110887,15415116875590329049,11209249109351785660,0,0,0,0,0,0,0,0,0,0,0
438,10,1479,8,10,0.073083,20237.27,0.037179,39780.65,0.035757,41362.69,0.038592,38323.93,0.043221,34219.64,0.036778,40214.09,0.048248,30653.87,0.073809,0.013548,0.024723,0.036778,0.148858,0.020598,4,209136,215216,911331,867,0,0,0,1528,0,0,0,796,0,0,0,493,0,0,0,523,0,0,0,20,0,0,0,13447233122871960078,4278861517878834510,4278861517878834510,10197651332822310302,15590181083760777118,8339358318451794538,0,0,0,0,0,0,0,0,0,0,0
439,10,1365,8,10,0.075789,18010.48,0.033451,40806.22,0.029049,46990.09,0.034546,39512.64,0.040865,33402.80,0.034814,39208.87,0.047776,28571.10,0.077155,0.012513,0.024462,0.034814,0.148944,0.017517,2,195661,200156,870003,730,0,0,0,1145,0,0,0,567,0,0,0,529,0,0,0,508,0,0,0,10,0,0,0,11102756683849286877,17502350605565397747,17502350605565397747,8519039952325963953,5144632106854919383,5076335473595703878,0,0,0,0,0,0,0,0,0,0,0
440,10,1380,8,10,0.068025,20286.53,0.034473,40031.31,0.032606,42324.10,0.035124,39289.82,0.038604,35747.17,0.036267,38051.36,0.044948,30702.23,0.069380,0.012307,0.022076,0.036267,0.140029,0.015567,4,184733,189763,744708,934,0,0,0,1514,0,0,0,810,0,0,0,577,0,0,0,593,0,0,0,13,0,0,0,11737526121483358675,11737526121483358675,11737526121483358675,8681648950720308950,11888106818525840773,11830081648645552867,0,0,0,0,0,0,0,0,0,0,0
441,10,1791,8,10,0.080857,22150.32,0.037501,47758.37,0.033789,53005.24,0.038242,46833.66,0.043095,41559.67,0.037453,47820.02,0.066263,27028.61,0.082654,0.015479,0.027861,0.037453,0.163447,0.026193,2,247252,323397,1040475,1896,0,0,0,2813,0,0,0,956,0,0,0,704,0,0,0,756,0,0,0,31,0,0,0,12091569352674016430,14086014128344204583,14086014128344204583,4968446848658217004,15939440608005312801,11332248454474406378,0,0,0,0,0,0,0,0,0,0,0
442,10,1403,8,10,0.068044,20619.16,0.034534,40626.91,0.028624,49014.99,0.033186,42277.24,0.038656,36294.50,0.033235,42213.96,0.057454,24419.56,0.069112,0.012763,0.022239,0.033235,0.137349,0.015981,3,196645,236120,743785,1339,0,0,0,2044,0,0,0,525,0,0,0,380,0,0,0,496,0,0,0,7,0,0,0,12490943125091805811,12490943125091805811,12490943125091805811,6120078217836954383,4081922344927505580,8011962222598678453,0,0,0,0,0,0,0,0,0,0,0
443,10,1580,8,10,0.072399,21823.37,0.035437,44585.82,0.033099,47736.14,0.035643,44328.72,0.041019,38519.12,0.038534,41003.25,0.058645,26941.62,0.073829,0.012828,0.011420,0.038534,0.136611,0.019892,10,199941,234046,767258,1538,0,0,0,1849,0,0,0,729,0,0,0,646,0,0,0,676,0,0,0,79,0,0,0,2575609933499366681,17547513782256207249,17547513782256207249,3199397103235501342,11490004721336799379,496450115183692618,0,0,0,0,0,0,0,0,0,0,0
444,10,1293,8,10,0.062292,20756.97,0.033080,39087.32,0.030154,42879.32,0.033809,38244.26,0.039514,32722.97,0.032039,40357.42,0.045360,28505.06,0.063572,0.010549,0.020633,0.032039,0.126792,0.013911,2,165376,170816,615427,1002,0,0,0,1568,0,0,0,835,0,0,0,463,0,0,0,517,0,0,0,16,0,0,0,6061794835355794620,6061794835355794620,6061794835355794620,11932942214221929060,1244532813375927486,14895848317763319740,0,0,0,0,0,0,0,0,0,0,0
445,10,1876,8,10,0.078514,23893.91,0.038015,49349.57,0.034082,55042.98,0.041659,45032.27,0.045113,41584.77,0.040719,46072.42,0.055259,33949.28,0.080663,0.014305,0.023498,0.040719,0.159185,0.027465,4,217215,260010,880343,1288,0,0,0,1876,0,0,0,1164,0,0,0,625,0,0,0,734,0,0,0,21,0,0,0,6202804582627800825,1465646876543752395,1465646876543752395,17481172371844834719,7392163165432330025,69578339365119331,0,0,0,0,0,0,0,0,0,0,0
446,10,1398,8,10,0.074034,18883.26,0.039901,35036.60,0.038121,36672.25,0.042341,33017.68,0.046532,30044.11,0.040141,34827.55,0.048353,28912.65,0.076410,0.012352,0.023367,0.040141,0.152270,0.016361,2,196639,202989,756063,1101,0,0,0,1708,0,0,0,968,0,0,0,580,0,0,0,788,0,0,0,19,0,0,0,13295991158045226390,12379897970360498471,12379897970360498471,16459459070858704636,17283867745926822345,5209718749656803996,0,0,0,0,0,0,0,0,0,0,0
447,10,1520,8,10,0.067363,22564.16,0.034118,44550.86,0.031147,48800.23,0.035918,42318.98,0.040417,37607.51,0.038197,39793.95,0.045318,33540.52,0.068592,0.011956,0.013821,0.038197,0.132567,0.018184,8,184509,192099,701705,1020,0,0,0,1631,0,0,0,695,0,0,0,503,0,0,0,500,0,0,0,16,0,0,0,937099182874670874,7679897851418639756,7679897851418639756,8096138769398662068,2127536240419818459,14174759118300684778,0,0,0,0,0,0,0,0,0,0,0
448,10,1509,8,10,0.074572,20235.48,0.037647,40083.05,0.035459,42556.62,0.037299,40457.01,0.043254,34886.82,0.037606,40126.19,0.048804,30919.44,0.076018,0.012445,0.019273,0.037606,0.145343,0.019141,5,195447,203682,765875,955,0,0,0,1301,0,0,0,876,0,0,0,577,0,0,0,707,0,0,0,17,0,0,0,3026630257860648255,3026630257860648255,3026630257860648255,14339797495646311391,6256070325158189892,4664213316209731973,0,0,0,0,0,0,0,0,0,0,0
449,10,1453,8,10,0.071362,20361.00,0.036189,40150.28,0.032975,44063.68,0.038222,38015.22,0.041341,35146.89,0.036899,39377.74,0.050156,28969.67,0.072707,0.012190,0.019282,0.036899,0.141078,0.016660,4,187530,195005,840856,969,0,0,0,1788,0,0,0,836,0,0,0,558,0,0,0,638,0,0,0,38,0,0,0,4954240950994879450,247874685114012830,247874685114012830,2251444626387741730,5115530379132007241,17237712038361247354,0,0,0,0,0,0,0,0,0,0,0
450,10,1487,8,10,0.092961,15995.87,0.053166,27968.82,0.038668,38455.76,0.046624,31893.44,0.059232,25104.57,0.049162,30246.77,0.071899,20681.91,0.094476,0.012154,0.023486,0.049162,0.179279,0.018577,2,199833,208128,954509,1113,0,0,0,1852,0,0,0,843,0,0,0,598,0,0,0,515,0,0,0,28,0,0,0,14065765789721185408,17819077016735279702,17819077016735279702,8803575165265815079,8715649064477883601,5511596158334464163,0,0,0,0,0,0,0,0,0,0,0
451,10,1483,8,10,0.074714,19849.07,0.036518,40609.98,0.033642,44081.72,0.037432,39617.99,0.046135,32144.99,0.040039,37039.21,0.050907,29131.58,0.076181,0.011906,0.020951,0.040039,0.149077,0.017849,3,188253,196748,762889,955,0,0,0,1764,0,0,0,754,0,0,0,617,0,0,0,620,0,0,0,17,0,0,0,5552539679963085366,15384665318362962701,15384665318362962701,3315994015195520104,15358772558032595942,3554860830880171858,0,0,0,0,0,0,0,0,0,0,0
452,10,1483,8,10,0.070709,20973.25,0.037006,40074.62,0.032572,45529.39,0.037069,40006.56,0.044083,33641.33,0.036325,40825.50,0.055154,26888.18,0.072501,0.011854,0.018865,0.036325,0.139546,0.016551,4,183897,203127,735002,935,0,0,0,1716,0,0,0,616,0,0,0,527,0,0,0,487,0,0,0,13,0,0,0,18158293914873195558,12397008577331037939,12397008577331037939,4652422933841426198,8012727497242857414,1876473809863359058,0,0,0,0,0,0,0,0,0,0,0
453,10,1425,8,10,0.076826,18548.32,0.041026,34734.26,0.041414,34408.48,0.043450,32796.60,0.048179,29577.45,0.042770,33317.53,0.057522,24773.21,0.077938,0.012185,0.016401,0.042770,0.149294,0.016700,6,191589,200944,751779,1277,0,0,0,1746,0,0,0,875,0,0,0,652,0,0,0,792,0,0,0,30,0,0,0,61606327853561733,4861306314459785845,4861306314459785845,3347714257962101071,8919539939589019235,11525185902700769054,0,0,0,0,0,0,0,0,0,0,0
454,10,1337,8,10,0.070017,19095.44,0.034892,38318.69,0.031180,42879.45,0.034257,39028.56,0.040225,33237.66,0.037038,36098.23,0.047843,27945.35,0.071535,0.010772,0.020278,0.037038,0.139624,0.014375,4,172273,177443,849481,994,0,0,0,1520,0,0,0,870,0,0,0,603,0,0,0,610,0,0,0,16,0,0,0,3963579960630400735,4448923642965767005,4448923642965767005,4614454881675165354,2268636493395867654,5637190728407053576,0,0,0,0,0,0,0,0,0,0,0
455,10,1499,8,10,0.080114,18710.80,0.044612,33601.04,0.042875,34962.38,0.050792,29512.72,0.051147,29307.66,0.045710,32793.55,0.061260,24469.56,0.081961,0.013175,0.019454,0.045710,0.160300,0.019073,5,216623,233578,771070,1517,0,0,0,2539,0,0,0,1004,0,0,0,555,0,0,0,661,0,0,0,26,0,0,0,1998967606221646597,1021302714447724355,1021302714447724355,13879648806662679664,15493939398709962766,2964445828275601411,0,0,0,0,0,0,0,0,0,0,0
456,10,1468,8,10,0.080165,18312.27,0.043657,33625.51,0.035510,41340.62,0.046990,31240.95,0.049988,29367.04,0.048274,30409.96,0.058565,25066.09,0.081129,0.012653,0.012549,0.048274,0.154605,0.017145,8,189413,197103,695608,1031,0,0,0,1739,0,0,0,852,0,0,0,588,0,0,0,553,0,0,0,20,0,0,0,5782147049074406600,5719300901912445345,5719300901912445345,13708622154861483960,3317780139132046876,13340629855625270366,0,0,0,0,0,0,0,0,0,0,0
457,10,1410,8,10,0.071722,19659.24,0.039173,35994.14,0.038057,37049.76,0.041612,33884.34,0.047022,29986.07,0.041869,33676.45,0.052158,27033.43,0.072939,0.012136,0.019209,0.041869,0.146153,0.018487,5,182321,190521,790919,1150,0,0,0,1936,0,0,0,896,0,0,0,582,0,0,0,571,0,0,0,31,0,0,0,16348866516587179341,16935442549219460106,16935442549219460106,12663724801488113710,4270876998550903796,14927711420755823754,0,0,0,0,0,0,0,0,0,0,0
458,10,2130,8,10,0.081900,26007.33,0.044417,47955.08,0.040662,52383.44,0.037434,56899.79,0.049354,43157.31,0.041801,50955.28,0.118419,17987.00,0.083986,0.017406,0.023683,0.041801,0.166877,0.032487,5,277613,542513,802709,4371,0,0,0,5162,0,0,0,987,0,0,0,590,0,0,0,600,0,0,0,892,0,0,0,8266025334009584200,12838373777610670150,12838373777610670150,11372100752484262991,15253477625048177051,7035637623673435481,0,0,0,0,0,0,0,0,0,0,0
459,10,1295,8,10,0.061132,21183.67,0.035708,36266.32,0.028744,45053.17,0.027595,46928.24,0.039283,32966.11,0.027973,46294.43,0.042784,30268.28,0.062538,0.009533,0.020272,0.027973,0.120316,0.012097,3,146557,151062,437070,677,0,0,0,1257,0,0,0,877,0,0,0,470,0,0,0,456,0,0,0,16,0,0,0,9964763168082507211,9964763168082507211,9964763168082507211,2249196597318406174,16757289105974100870,9805707939639611423,0,0,0,0,0,0,0,0,0,0,0
460,10,1777,8,10,0.065354,27190.47,0.029981,59270.23,0.025769,68959.06,0.031927,55658.02,0.035331,50295.68,0.031127,57089.46,0.047276,37587.39,0.066744,0.011969,0.020300,0.031127,0.130139,0.023399,5,182307,204537,960730,888,0,0,0,1372,0,0,0,809,0,0,0,485,0,0,0,580,0,0,0,5,0,0,0,6116604281220366326,6831159038377338486,6831159038377338486,5376609947926448794,1927071469539664831,6435254503069545596,0,0,0,0,0,0,0,0,0,0,0
461,10,1655,8,10,0.089664,18457.70,0.035723,46329.01,0.027395,60413.11,0.040401,40963.94,0.045780,36150.84,0.040684,40679.79,0.068211,24262.96,0.091114,0.012794,0.024307,0.040684,0.168899,0.022600,2,204342,228907,1052963,1404,0,0,0,1455,0,0,0,753,0,0,0,383,0,0,0,415,0,0,0,18,0,0,0,17764173141435569974,1818083239763860963,1818083239763860963,9636650203894778291,16930078796512932930,18099131201241598815,0,0,0,0,0,0,0,0,0,0,0
462,10,1370,8,10,0.068314,20054.38,0.028094,48765.52,0.026618,51468.70,0.032323,42385.10,0.036090,37960.39,0.033952,40350.89,0.043733,31326.32,0.069192,0.011819,0.010529,0.033952,0.125492,0.015021,10,174022,179357,714114,772,0,0,0,1274,0,0,0,940,0,0,0,485,0,0,0,425,0,0,0,2,0,0,0,12757259416641085241,13366720450137601606,13366720450137601606,97479577212148168,10278658505092401337,9365970235569450880,0,0,0,0,0,0,0,0,0,0,0
463,10,1487,8,10,0.123536,12036.95,0.062216,23900.58,0.044549,33379.04,0.081426,18261.98,0.103762,14330.94,0.094005,15818.33,0.095894,15506.67,0.125179,0.013083,0.026419,0.094005,0.258686,0.020578,2,218990,225415,781443,863,0,0,0,1549,0,0,0,1168,0,0,0,548,0,0,0,873,0,0,0,20,0,0,0,1630357134572492536,5103812727892813834,5103812727892813834,17018910300580783844,2609555231002330972,16825217261991371939,0,0,0,0,0,0,0,0,0,0,0
464,10,1365,8,10,0.068052,20058.17,0.032099,42524.32,0.029348,46511.41,0.031273,43647.36,0.038094,35832.73,0.030379,44933.00,0.044431,30721.86,0.068975,0.011451,0.022257,0.030379,0.133061,0.014978,2,173648,177403,850246,654,0,0,0,1273,0,0,0,877,0,0,0,541,0,0,0,728,0,0,0,10,0,0,0,16753794028471153810,890384204500309526,890384204500309526,5739560993971972081,13068511987776128133,17057376532977079965,0,0,0,0,0,0,0,0,0,0,0
465,10,1407,8,10,0.085676,16422.39,0.040872,34424.84,0.032237,43645.03,0.046203,30452.78,0.048666,28911.08,0.176504,7971.50,0.058692,23972.61,0.087066,0.012363,0.022903,0.176504,0.298835,0.016324,2,194387,200302,880772,813,0,0,0,1425,0,0,0,893,0,0,0,569,0,0,0,1269,0,0,0,6,0,0,0,6855170094068572242,17470258574700848150,17470258574700848150,15428944654802104625,11775881026785058875,9443321215077178601,0,0,0,0,0,0,0,0,0,0,0
466,10,1834,8,10,0.087107,21054.56,0.034742,52789.08,0.033129,55360.11,0.037060,49486.67,0.041498,44194.47,0.035875,51122.58,0.051761,35432.27,0.088863,0.014044,0.026261,0.035875,0.165042,0.023784,2,247279,260219,882247,1078,0,0,0,2031,0,0,0,1170,0,0,0,811,0,0,0,889,0,0,0,50,0,0,0,4364655369585861343,2337796314637888400,2337796314637888400,17490534956243258988,12921970442638177750,15247771339861655713,0,0,0,0,0,0,0,0,0,0,0
467,10,1305,8,10,0.060640,21520.60,0.032550,40092.26,0.029824,43756.10,0.032259,40453.77,0.036315,35935.68,0.037073,35200.75,0.041876,31163.41,0.061608,0.011151,0.021589,0.037073,0.131421,0.015710,2,171436,179441,663058,1003,0,0,0,1538,0,0,0,709,0,0,0,471,0,0,0,904,0,0,0,5,0,0,0,16810162323441477811,2827451442030171180,2827451442030171180,17031428400016061968,2701052757958334548,10128248122367112291,0,0,0,0,0,0,0,0,0,0,0
468,10,1359,8,10,0.066577,20412.36,0.032475,41847.65,0.028305,48012.45,0.030032,45251.21,0.035153,38659.52,0.030853,44047.53,0.042581,31915.69,0.067725,0.011613,0.023749,0.030853,0.133940,0.015259,2,173333,178468,800451,882,0,0,0,1413,0,0,0,828,0,0,0,536,0,0,0,765,0,0,0,13,0,0,0,11266915894000769580,14968415734331201279,14968415734331201279,18198535384713107400,9184248020836672922,3541408235558754007,0,0,0,0,0,0,0,0,0,0,0
469,10,1290,8,10,0.079811,16163.13,0.038176,33790.91,0.031711,40679.73,0.034725,37148.71,0.038956,33114.65,0.036614,35232.43,0.054242,23782.43,0.080986,0.011268,0.010821,0.036614,0.139689,0.013308,9,158957,164437,2150565,802,0,0,0,1141,0,0,0,728,0,0,0,435,0,0,0,357,0,0,0,10,0,0,0,16241163512400725639,6102797726683354166,6102797726683354166,6994437055889658481,12487325028803648637,14947332284818827269,0,0,0,0,0,0,0,0,0,0,0
470,10,1342,8,10,0.078260,17147.98,0.040118,33451.55,0.035951,37328.64,0.039313,34136.06,0.042488,31585.59,0.038719,34659.81,0.057983,23144.53,0.079679,0.011094,0.012462,0.038719,0.141954,0.014720,7,165571,175321,1163450,797,0,0,0,1292,0,0,0,586,0,0,0,402,0,0,0,405,0,0,0,17,0,0,0,8757370791277499721,8627287770857359548,8627287770857359548,3829538922801329837,10066344827574826408,3829538922801329837,0,0,0,0,0,0,0,0,0,0,0
471,10,1705,8,10,0.072626,23476.31,0.037485,45485.22,0.036334,46925.51,0.038517,44266.68,0.044155,38614.29,0.038310,44505.00,0.060191,28326.58,0.074267,0.014057,0.020419,0.038310,0.147053,0.023319,4,214032,239782,857686,1262,0,0,0,2013,0,0,0,713,0,0,0,462,0,0,0,655,0,0,0,89,0,0,0,2310814734986201167,2038266684684315278,2038266684684315278,16130652250898386230,6579450629548123851,1618635128068736587,0,0,0,0,0,0,0,0,0,0,0
472,10,1424,8,10,0.066894,21287.40,0.033906,41998.40,0.032473,43851.40,0.036636,38869.02,0.041370,34420.72,0.035214,40438.09,0.050977,27933.94,0.068089,0.012298,0.022751,0.035214,0.138353,0.015800,2,186349,200389,746679,789,0,0,0,1382,0,0,0,730,0,0,0,475,0,0,0,556,0,0,0,21,0,0,0,3522310203578746661,11528092520437234820,11528092520437234820,4772711195822610408,7744997766540168283,9374000683973993409,0,0,0,0,0,0,0,0,0,0,0
473,10,1400,8,10,0.070978,19724.31,0.036137,38741.55,0.034238,40890.30,0.036922,37917.70,0.041506,33729.79,0.067921,20612.20,0.050428,27762.62,0.072328,0.012679,0.017226,0.067921,0.170154,0.016446,5,189468,198183,831630,936,0,0,0,1525,0,0,0,747,0,0,0,508,0,0,0,515,0,0,0,12,0,0,0,1478263494022615616,4740737593374148512,4740737593374148512,477488883158855820,9023923877006074670,2268875544045825056,0,0,0,0,0,0,0,0,0,0,0
474,10,1264,8,10,0.065069,19425.55,0.033148,38132.40,0.031602,39997.32,0.034888,36229.74,0.038713,32650.56,0.057343,22042.87,0.041501,30457.42,0.065988,0.011666,0.019524,0.057343,0.154521,0.013739,4,172833,177253,839382,789,0,0,0,1535,0,0,0,721,0,0,0,516,0,0,0,139,0,0,0,10,0,0,0,13098310776599895120,422624207121147114,422624207121147114,5904390833941334521,7142575683279899685,16243162004676665682,0,0,0,0,0,0,0,0,0,0,1
475,10,1629,8,10,0.077923,20905.31,0.040729,39995.61,0.025799,63141.68,0.042160,38638.23,0.047788,34088.26,0.038203,42640.34,0.064347,25315.79,0.078967,0.012119,0.019531,0.038203,0.148820,0.019992,5,177571,223421,1308392,880,0,0,0,1192,0,0,0,601,0,0,0,347,0,0,0,413,0,0,0,5,0,0,0,6457402005974687792,1234390040574461034,1234390040574461034,15672458618224458925,12632271924162346853,186519648613623883,0,0,0,0,0,0,0,0,0,0,0
476,10,1468,8,10,0.073566,19954.82,0.034260,42848.19,0.025805,56887.57,0.032303,45444.75,0.041082,35733.38,0.040710,36059.95,0.049054,29926.39,0.074393,0.011606,0.010607,0.040710,0.137316,0.018120,10,179287,184247,726161,822,0,0,0,1210,0,0,0,808,0,0,0,607,0,0,0,525,0,0,0,48,0,0,0,11170549152907998963,11170549152907998963,11170549152907998963,12391753399786762246,2294277814663476292,6786572361087525158,0,0,0,0,0,0,0,0,0,0,0
477,10,1302,8,10,0.063729,20430.35,0.033376,39010.46,0.031642,41147.73,0.037074,35119.42,0.040404,32224.32,0.034360,37893.43,0.044906,28994.02,0.064906,0.010389,0.019926,0.034360,0.129581,0.015190,2,164567,170562,762372,813,0,0,0,1353,0,0,0,713,0,0,0,475,0,0,0,488,0,0,0,22,0,0,0,12544301449608132634,2121229824758361783,2121229824758361783,13324006253895938139,13590370065717422415,4896049994925309648,0,0,0,0,0,0,0,0,0,0,0
478,10,1357,8,10,0.063847,21253.98,0.030564,44399.14,0.028294,47960.54,0.034756,39043.27,0.036346,37335.93,0.031520,43051.75,0.045499,29825.15,0.064796,0.012138,0.022906,0.031520,0.131360,0.015376,2,185638,191213,690208,742,0,0,0,1252,0,0,0,788,0,0,0,443,0,0,0,632,0,0,0,42,0,0,0,7169935743193840189,17258371026634337625,17258371026634337625,7305146857901577302,9013274180395518041,6906372667855237480,0,0,0,0,0,0,0,0,0,0,0
479,10,1526,8,10,0.066727,22869.15,0.033441,45633.27,0.028221,54072.90,0.031952,47758.52,0.036034,42348.88,0.033213,45945.89,0.044828,34041.36,0.068418,0.011677,0.022515,0.033213,0.135823,0.018905,2,184323,193768,795762,773,0,0,0,1297,0,0,0,683,0,0,0,494,0,0,0,724,0,0,0,43,0,0,0,8571677442713004814,6140456534964840302,6140456534964840302,7566088397276327940,15883781721659871667,12271994881513291073,0,0,0,0,0,0,0,0,0,0,0
480,10,1240,8,10,0.052265,23725.05,0.025440,48741.41,0.023135,53597.42,0.025289,49033.48,0.028870,42951.28,0.023435,52913.37,0.029097,42615.80,0.052936,0.010010,0.017920,0.023435,0.104301,0.012911,3,145754,148629,777480,569,0,0,0,1072,0,0,0,726,0,0,0,511,0,0,0,604,0,0,0,24,0,0,0,17097719486052108882,1648725568552973532,1648725568552973532,15875885524715554071,18019064962996619724,5699551522433416015,0,0,0,0,0,0,0,0,0,0,0
481,10,1332,8,10,0.062740,21230.35,0.033079,40267.02,0.030712,43371.20,0.036236,36759.20,0.039313,33881.76,0.035090,37959.67,0.040711,32718.57,0.064071,0.011139,0.021621,0.035090,0.131921,0.015018,2,172751,177491,693639,767,0,0,0,1364,0,0,0,775,0,0,0,492,0,0,0,607,0,0,0,19,0,0,0,1164562997185909601,3668087915472698729,3668087915472698729,8178554184531216211,13005613483476219562,8079857397750193697,0,0,0,0,0,0,0,0,0,0,0
482,10,1490,8,10,0.069975,21293.21,0.037823,39394.51,0.030580,48725.42,0.034417,43292.54,0.044564,33435.12,0.036136,41232.88,0.055992,26611.02,0.071487,0.011979,0.017045,0.036136,0.136647,0.018972,6,169491,195886,849110,784,0,0,0,1232,0,0,0,687,0,0,0,407,0,0,0,477,0,0,0,5,0,0,0,18215179673559636762,831180290042051274,831180290042051274,8696536560812645008,15678234796550263025,17565625543783733350,0,0,0,0,0,0,0,0,0,0,0
483,10,1311,8,10,0.064683,20268.01,0.032004,40963.24,0.025284,51851.09,0.036750,35673.54,0.039956,32811.47,0.035367,37068.71,0.046076,28452.84,0.066258,0.009565,0.020362,0.035367,0.131551,0.012978,2,150459,154034,841357,598,0,0,0,1117,0,0,0,572,0,0,0,402,0,0,0,487,0,0,0,8,0,0,0,648199672091597024,9954189010069859783,9954189010069859783,9475282966792288046,2603906111183240034,5574635871933692443,0,0,0,0,0,0,0,0,0,0,0
484,10,1325,8,10,0.061432,21568.52,0.028634,46274.00,0.024200,54752.61,0.028099,47155.46,0.034140,38810.92,0.026944,49176.46,0.041557,31884.07,0.062610,0.009946,0.020764,0.026944,0.120263,0.013103,2,159841,164421,749776,570,0,0,0,1036,0,0,0,674,0,0,0,371,0,0,0,492,0,0,0,9,0,0,0,3227528251491758666,3227528251491758666,3227528251491758666,6354493630696221710,7906585943920418795,17437370460835656036,0,0,0,0,0,0,0,0,0,0,0
485,10,1526,8,10,0.066260,23030.49,0.031205,48902.24,0.028572,53409.72,0.032817,46499.76,0.036613,41679.20,0.032879,46411.97,0.040962,37254.15,0.068177,0.012925,0.020234,0.032879,0.134215,0.019829,5,185236,190651,944005,921,0,0,0,1424,0,0,0,824,0,0,0,498,0,0,0,571,0,0,0,8,0,0,0,15056027732643313917,890367526380365186,890367526380365186,13051338552896514679,7802195119722215972,8954576815022014505,0,0,0,0,0,0,0,0,0,0,0
486,10,1323,8,10,0.062049,21321.81,0.031306,42259.92,0.027439,48216.80,0.030236,43756.26,0.035759,36997.82,0.030689,43110.39,0.040813,32416.34,0.063749,0.012090,0.025680,0.030689,0.132208,0.014608,2,184808,189063,729971,742,0,0,0,1360,0,0,0,682,0,0,0,459,0,0,0,532,0,0,0,11,0,0,0,6641554260376678819,16541192858245140244,16541192858245140244,6660848079611044505,15719516873843156623,12124578612869825278,0,0,0,0,0,0,0,0,0,0,0
487,10,1424,8,10,0.066781,21323.43,0.030658,46448.52,0.027034,52673.67,0.034263,41561.23,0.038600,36891.03,0.031333,45447.85,0.049663,28673.28,0.067890,0.011458,0.020012,0.031333,0.130692,0.018165,2,173637,187962,935228,904,0,0,0,1277,0,0,0,601,0,0,0,402,0,0,0,551,0,0,0,12,0,0,0,16521973517987120218,14304285222199834684,14304285222199834684,8271682338983924107,10212129449578267262,4572523282665974026,0,0,0,0,0,0,0,0,0,0,0
488,10,1477,8,10,0.071316,20710.56,0.035731,41336.77,0.033324,44322.37,0.039466,37424.67,0.043112,34259.70,0.037120,39789.44,0.049121,30068.61,0.072485,0.012434,0.019940,0.037120,0.141980,0.019250,4,194512,206252,787040,1147,0,0,0,1712,0,0,0,888,0,0,0,597,0,0,0,683,0,0,0,24,0,0,0,13876908787115415131,4524093088276667672,4524093088276667672,13261540422536652344,734480147634600784,15747392249539708554,0,0,0,0,0,0,0,0,0,0,0
489,10,1300,8,10,0.069912,18594.80,0.036274,35838.56,0.027360,47514.01,0.036990,35144.97,0.041348,31440.55,0.036829,35298.19,0.047185,27551.02,0.071336,0.011747,0.020767,0.036829,0.140679,0.015604,3,167449,172234,830323,721,0,0,0,1187,0,0,0,728,0,0,0,418,0,0,0,604,0,0,0,12,0,0,0,12298275253470022783,9369977541214919192,9369977541214919192,4961027727173901780,17038287689271946446,15059359438066311755,0,0,0,0,0,0,0,0,0,0,0
490,10,1622,8,10,0.063211,25659.94,0.030255,53611.54,0.027740,58472.44,0.032764,49505.23,0.037722,42999.19,0.034191,47439.69,0.047141,34407.59,0.064617,0.011759,0.020865,0.034191,0.131431,0.020645,3,183763,215953,941115,857,0,0,0,1240,0,0,0,666,0,0,0,401,0,0,0,452,0,0,0,2,0,0,0,14790225970626496325,2502331872028722627,2502331872028722627,8737855965607486297,145413121671459129,16712987139277410813,0,0,0,0,0,0,0,0,0,0,0
491,10,1368,8,10,0.063466,21554.88,0.027022,50625.26,0.022910,59711.51,0.028969,47223.35,0.031761,43072.09,0.028362,48233.45,0.044638,30646.29,0.064355,0.011937,0.023102,0.028362,0.127756,0.015224,2,180213,193233,968457,563,0,0,0,1043,0,0,0,638,0,0,0,411,0,0,0,575,0,0,0,2,0,0,0,11728313284347648893,10054474449304872048,410971580783599759,10476039318704226916,7650970010469120850,11847153517056259581,0,0,0,0,0,0,0,0,0,0,0
492,10,1301,8,10,0.085270,15257.35,0.051579,25223.21,0.044230,29414.74,0.066242,19640.22,0.056649,22965.95,0.052334,24859.51,0.063944,20345.89,0.086640,0.010125,0.021391,0.052334,0.170491,0.013481,3,158870,163505,963293,707,0,0,0,1214,0,0,0,669,0,0,0,413,0,0,0,493,0,0,0,16,0,0,0,17624345346240493768,3387442425285234807,3387442425285234807,13962181033374090394,8342239455599330629,7792880797698541603,0,0,0,0,0,0,0,0,0,0,0
493,10,1508,8,10,0.064238,23475.08,0.031446,47954.76,0.027666,54507.23,0.030916,48777.83,0.034192,44104.49,0.032346,46621.46,0.044386,33974.76,0.065369,0.012149,0.022081,0.032346,0.131944,0.016906,4,182946,191526,778264,741,0,0,0,1268,0,0,0,864,0,0,0,455,0,0,0,543,0,0,0,8,0,0,0,11513881787987193085,5603554858979702080,5603554858979702080,18446355186411596413,9530088783614556365,12445633383369494436,0,0,0,0,0,0,0,0,0,0,0
494,10,1569,8,10,0.070147,22367.16,0.027380,57305.50,0.022991,68244.62,0.029315,53521.61,0.032861,47746.05,0.027802,56434.84,0.048952,32051.59,0.072202,0.012309,0.026074,0.027802,0.138387,0.018685,2,206907,224912,1079246,597,0,0,0,710,0,0,0,765,0,0,0,364,0,0,0,499,0,0,0,12,0,0,0,9208166031459223931,2572996040021150685,2572996040021150685,13044944621971212265,15696987165246378076,9042556020141070955,0,0,0,0,0,0,0,0,0,0,0
495,10,1514,8,10,0.061011,24815.24,0.028394,53321.38,0.023287,65016.12,0.028053,53968.82,0.032068,47211.57,0.027862,54338.77,0.046269,32721.74,0.062112,0.012577,0.023803,0.027862,0.126355,0.018716,3,192419,207834,863996,753,0,0,0,1196,0,0,0,881,0,0,0,382,0,0,0,530,0,0,0,10,0,0,0,2868553751474689620,1347036593474253072,1347036593474253072,5510237108754459627,1502926096957565112,642387693791281036,0,0,0,0,0,0,0,0,0,0,0
496,10,1538,8,10,0.072433,21233.37,0.036586,42038.00,0.029166,52732.33,0.041167,37360.39,0.042796,35937.78,0.037967,40508.56,0.051360,29945.48,0.073717,0.011806,0.021408,0.037967,0.144899,0.017537,4,181561,189046,908134,728,0,0,0,1045,0,0,0,674,0,0,0,490,0,0,0,539,0,0,0,10,0,0,0,12709680386776718321,13700156161606712687,13700156161606712687,7277900700064057763,947537699691837600,10058138498373987886,0,0,0,0,0,0,0,0,0,0,0
497,10,1439,8,10,0.073472,19585.69,0.041214,34915.06,0.039738,36212.36,0.042375,33958.92,0.044338,32455.41,0.039224,36686.94,0.053108,27095.94,0.074842,0.012741,0.019800,0.039224,0.146607,0.018403,4,196750,211135,658532,931,0,0,0,1290,0,0,0,824,0,0,0,470,0,0,0,553,0,0,0,14,0,0,0,13269690332739846009,10719352442287008144,10719352442287008144,3847992721599149691,13347081170396254773,17530898357264611737,0,0,0,0,0,0,0,0,0,0,0
498,10,1373,8,10,0.058384,23516.77,0.030809,44564.69,0.027135,50599.06,0.029530,46495.66,0.034057,40314.51,0.031721,43283.65,0.039290,34945.35,0.059297,0.011331,0.022092,0.031721,0.124441,0.015944,2,175011,183671,870544,789,0,0,0,1147,0,0,0,667,0,0,0,460,0,0,0,625,0,0,0,20,0,0,0,13677072623331342306,13677072623331342306,13677072623331342306,15415125787832684403,12905217389004797280,1801309166230965125,0,0,0,0,0,0,0,0,0,0,0
499,10,1292,8,10,0.066741,19358.28,0.035869,36019.81,0.023830,54218.42,0.027366,47212.27,0.038793,33304.72,0.027371,47202.75,0.050215,25729.22,0.067636,0.009948,0.018517,0.027371,0.123473,0.013093,2,147085,165850,1043287,597,0,0,0,994,0,0,0,652,0,0,0,407,0,0,0,580,0,0,0,3,0,0,0,15307189533290505352,7310845578406025787,7310845578406025787,1938628396549080986,84331778157085457,8688262396039703016,0,0,0,0,0,0,0,0,0,0,0
